"gene","logFC","logCPM","F","PValue","FDR","significant"
"SLC38A2",2.60249612759599,9.32610246150259,23.8840719422131,0.00016156009240688,0.331844429803731,"Not_Significant"
"HEG1",-1.97073121635167,8.00895566838658,16.7371452811409,0.000854221144961039,0.833258977501514,"Not_Significant"
"TNFRSF1A",5.95067652684939,7.45956136693033,14.1037793150986,0.00191813013783867,0.833258977501514,"Not_Significant"
"CIRBP",-1.46551980246626,8.02523086447366,12.2389283511141,0.00298681558034232,0.833258977501514,"Not_Significant"
"NID1",2.09010792839039,8.02141557727942,11.369636932019,0.0037972652289527,0.833258977501514,"Not_Significant"
"AL359091.1",-1.87623552029331,7.90750854582338,11.3905450175929,0.00385895241302153,0.833258977501514,"Not_Significant"
"TNS1",1.90164423536752,8.12603872667754,11.2271772541139,0.00400947052149467,0.833258977501514,"Not_Significant"
"STMN1",-1.48327985455831,8.54561245428135,11.2043037981301,0.00410099248710457,0.833258977501514,"Not_Significant"
"ARL17B",-2.16537382160985,7.63747853285447,10.4574546482212,0.00511275486146943,0.833258977501514,"Not_Significant"
"PDE7B",1.35572914439991,9.87525285126048,9.95663946840023,0.00609671313905181,0.833258977501514,"Not_Significant"
"PLPP1",-1.2279444951973,9.34367889942171,9.52790331337665,0.00705283015343801,0.833258977501514,"Not_Significant"
"AXL",3.37105818286168,7.55284324133959,9.13073078551124,0.00743118013462289,0.833258977501514,"Not_Significant"
"AIG1",-1.21743389413479,8.00111653171021,9.13179766837866,0.00812885438064842,0.833258977501514,"Not_Significant"
"TBL1X",-1.32110209219576,7.8649908761504,8.8011446311465,0.00911055523965403,0.833258977501514,"Not_Significant"
"PDK4",3.1606048539094,8.12176362020946,8.62545079947752,0.00916725874096733,0.833258977501514,"Not_Significant"
"NDUFA4L2",2.31144291023434,9.0874372809429,8.44804570391845,0.0102553561966681,0.833258977501514,"Not_Significant"
"ZFPM2",1.45697966764736,8.73313636980607,8.38660785888467,0.0105159223972227,0.833258977501514,"Not_Significant"
"TSC22D3",1.65369414363207,8.70354274283289,7.81571928670093,0.0129345675688619,0.833258977501514,"Not_Significant"
"GSTP1",1.76202636680463,8.77385323255816,7.78077208989568,0.0130979638095828,0.833258977501514,"Not_Significant"
"RTN1",-1.25012522607923,8.58645450131568,7.76571678192383,0.0132122094536987,0.833258977501514,"Not_Significant"
"APLP1",-1.20231787932889,8.60111215766208,7.69850746088952,0.0135431448222702,0.833258977501514,"Not_Significant"
"ZMYND11",1.48017766429161,8.01734571510658,7.42263483562346,0.0149539772692767,0.833258977501514,"Not_Significant"
"BBS9",1.16285308451571,8.79860883685503,7.37925845514069,0.0152361321723733,0.833258977501514,"Not_Significant"
"TMTC1",1.05285410519511,8.73587178844853,7.34524304705797,0.0154370886466065,0.833258977501514,"Not_Significant"
"MAG",-1.88613466701337,7.41390544568545,7.3024870913755,0.0154450584485866,0.833258977501514,"Not_Significant"
"HES4",2.06576786765445,8.67589347189132,7.24356094480533,0.0159901314807489,0.833258977501514,"Not_Significant"
"ZMYM4",1.29537754394724,8.05034518858654,7.23463329740391,0.0160893017303585,0.833258977501514,"Not_Significant"
"FOS",-1.54703552324289,7.83369879242823,7.16865675291021,0.016529154902431,0.833258977501514,"Not_Significant"
"SNAP25",-1.4937390010398,8.48047023593659,7.14898728903186,0.0166698977257231,0.833258977501514,"Not_Significant"
"MED13L",1.0219038268431,9.56206161617435,7.07903589210463,0.0170486895866595,0.833258977501514,"Not_Significant"
"FCHSD2",1.53640144501729,9.52037565061662,7.02364852588223,0.017421882067775,0.833258977501514,"Not_Significant"
"OOEP",1.63134028175692,7.93015896830273,7.00416858764869,0.017493113308455,0.833258977501514,"Not_Significant"
"HSPA5",1.62572266851186,8.30918659293198,7.00545567374536,0.0175444174900184,0.833258977501514,"Not_Significant"
"SMG1",1.4024428177178,7.95857521191488,6.8888881407779,0.0183469213803486,0.833258977501514,"Not_Significant"
"KIDINS220",1.30807256997586,8.2161084697638,6.88666550162328,0.0184005603026518,0.833258977501514,"Not_Significant"
"BEX3",-1.13404130235602,8.26781112057143,6.78661005839698,0.0191795286074091,0.833258977501514,"Not_Significant"
"NRCAM",-1.42177138972237,7.72679885352598,6.77307134187773,0.0192394712844938,0.833258977501514,"Not_Significant"
"GPCPD1",-1.53274058001762,7.65282214243755,6.71222212613674,0.0196654560785453,0.833258977501514,"Not_Significant"
"HNRNPU",1.10494360205625,8.33158463720564,6.69624523985058,0.019835793644189,0.833258977501514,"Not_Significant"
"SPIDR",1.07942395807163,9.29925834023656,6.61001558768865,0.0204743187581751,0.833258977501514,"Not_Significant"
"CLMN",1.20240665590646,8.47255300080572,6.61074434685535,0.020505256830148,0.833258977501514,"Not_Significant"
"RPS19",1.34684289937929,9.26723922909587,6.59665367197273,0.0205859425660732,0.833258977501514,"Not_Significant"
"ADGRL3",1.27993345597754,9.61381608625414,6.54680756931359,0.0209822212249038,0.833258977501514,"Not_Significant"
"KANSL1L",1.30266601981891,8.47380477844025,6.52435466907033,0.0212118030609483,0.833258977501514,"Not_Significant"
"PARP14",-1.07975003705802,7.92113026045191,6.52940016936052,0.0212230105168794,0.833258977501514,"Not_Significant"
"ATP5IF1",-1.349702672199,7.57085122636158,6.51550285488567,0.0212415498578024,0.833258977501514,"Not_Significant"
"TEAD1",-0.940942343352974,8.73608205759043,6.47813498603761,0.0216096329908974,0.833258977501514,"Not_Significant"
"SASH1",-0.82078834233861,9.38922581772943,6.44659128857466,0.021838362787986,0.833258977501514,"Not_Significant"
"PALD1",-1.55901516221038,7.61547259661036,6.4298446079413,0.0219614701098308,0.833258977501514,"Not_Significant"
"SVIL",-1.05410703100794,9.08462571410456,6.41545374445346,0.022130782110667,0.833258977501514,"Not_Significant"
"TFPI",2.05956148553989,8.50375098210028,6.31774317452404,0.0229430386928372,0.833258977501514,"Not_Significant"
"PEBP1",-1.12439466027423,8.83760111496325,6.12491559764097,0.0248943582944287,0.833258977501514,"Not_Significant"
"PELI1",-1.29659797828904,8.0929169400257,6.1216860834021,0.0249835360164296,0.833258977501514,"Not_Significant"
"DISC1",1.32932546697402,8.13040100621343,6.09218830028493,0.0252141441463073,0.833258977501514,"Not_Significant"
"ATP9A",-1.08817217082223,7.69038699543907,6.08943690620196,0.0252794542075769,0.833258977501514,"Not_Significant"
"RIMS2",-1.22261794338254,7.90329135311536,6.06390159272156,0.0255701895544792,0.833258977501514,"Not_Significant"
"SEMA6A-AS1",-1.78376515656348,7.27848494434302,6.0020194247737,0.0257359200259894,0.833258977501514,"Not_Significant"
"COLEC12",-1.381871236002,9.40078983274248,5.98411266044299,0.0263284903851547,0.833258977501514,"Not_Significant"
"TUBA1A",-1.06406406113088,8.5928554691619,5.91707261728677,0.0271194409551619,0.833258977501514,"Not_Significant"
"CEBPD",2.48524674999733,9.55669361032204,5.73293792872371,0.0291848334907421,0.833258977501514,"Not_Significant"
"MYOF",-1.02188416630781,8.02207117111295,5.73218953324794,0.0293122690146172,0.833258977501514,"Not_Significant"
"MYO10",-1.10910962860835,7.90788382448192,5.66603315614453,0.0301240990929133,0.833258977501514,"Not_Significant"
"PPIG",1.33368376498782,8.07828238753,5.615983597248,0.0306800814495198,0.833258977501514,"Not_Significant"
"LINC02256",-1.11788582850029,8.30124354478112,5.61236897892566,0.030798249147841,0.833258977501514,"Not_Significant"
"CNP",-1.09646545063602,8.43008685313769,5.56010922716707,0.0314673732693249,0.833258977501514,"Not_Significant"
"CRTC3",1.03783630018157,8.15683465845998,5.54013479352747,0.0317143656834536,0.833258977501514,"Not_Significant"
"SELENOP",1.03753207371945,8.63162170072289,5.49690306243731,0.03227734298918,0.833258977501514,"Not_Significant"
"HIF3A",1.63708856232254,8.16523991702699,5.46346939158998,0.0326643406303112,0.833258977501514,"Not_Significant"
"KDM2A",1.17371450437943,8.43272928886801,5.46581492665574,0.0327090643008535,0.833258977501514,"Not_Significant"
"CST3",1.10387431443713,9.50300997064184,5.45373871716829,0.0328186916089182,0.833258977501514,"Not_Significant"
"RASGEF1B",2.38137256195916,11.6967593889384,5.45142494741192,0.0328224095533644,0.833258977501514,"Not_Significant"
"OPHN1",1.54136532726606,7.84384772476418,5.37929607667885,0.0337946837994235,0.833258977501514,"Not_Significant"
"PCGF5",1.20304193947883,8.13321279571733,5.3856917708866,0.0338336736522876,0.833258977501514,"Not_Significant"
"HP1BP3",1.00102134806663,8.67833146857684,5.3801244834105,0.0339102179133502,0.833258977501514,"Not_Significant"
"SETBP1",1.35882501520271,8.23577477324947,5.35915544273445,0.0342030380809325,0.833258977501514,"Not_Significant"
"ATP1B1",-1.04701950906393,8.65564949357183,5.35469487680131,0.0342958701672398,0.833258977501514,"Not_Significant"
"ACTN1",1.09717315556725,8.05116095202562,5.34873303731076,0.0343783305376784,0.833258977501514,"Not_Significant"
"LRCH3",1.24836993081589,8.21773337595822,5.343108002779,0.0344503522356989,0.833258977501514,"Not_Significant"
"IRAK3",-1.08127752484029,8.13736038392474,5.30698941397363,0.0350483220681591,0.833258977501514,"Not_Significant"
"CDC27",1.09045138757844,8.06300046136527,5.28017161195738,0.0354003835882249,0.833258977501514,"Not_Significant"
"PHKB",-1.01700823972924,8.00467685181635,5.27564915335376,0.0355244299955142,0.833258977501514,"Not_Significant"
"CLK1",1.21528983427188,8.02383248491803,5.25697256865858,0.0357319908676254,0.833258977501514,"Not_Significant"
"SESN1",1.38961904801141,7.95168675678074,5.20077487246099,0.0365563574127351,0.833258977501514,"Not_Significant"
"ZNF565",-1.31065271771636,8.40368014435745,5.20195721809533,0.0366424504729576,0.833258977501514,"Not_Significant"
"UBR5",0.942018731694842,8.74119350996617,5.19204799278609,0.0367455030581762,0.833258977501514,"Not_Significant"
"FNBP1",-0.940771141700506,8.42303383662718,5.16128624522126,0.0372805106322108,0.833258977501514,"Not_Significant"
"NFATC3",1.28833640662118,7.89225249013136,5.09021461205613,0.0383554776593317,0.833258977501514,"Not_Significant"
"SLC30A10",1.59944354676614,8.56746422920462,5.08016201868244,0.0385426667637296,0.833258977501514,"Not_Significant"
"GTDC1",-0.804385415844126,8.34916086210056,5.04429444934038,0.0392220566277668,0.833258977501514,"Not_Significant"
"GPC6",2.77567403022151,8.86923106426241,5.04463925907129,0.0392663776720438,0.833258977501514,"Not_Significant"
"CYP1B1",-1.19469991079114,8.23698744342942,5.03285401280863,0.0394324284756649,0.833258977501514,"Not_Significant"
"TM4SF1",-1.08629242660141,8.82775221320938,5.01840396633251,0.0396174488246762,0.833258977501514,"Not_Significant"
"CALM3",-1.25620225855035,7.7690072923119,4.99843436036027,0.0399969162306999,0.833258977501514,"Not_Significant"
"LMCD1-AS1",-1.33104122034601,7.65741545662895,4.98733300955973,0.0401490268149207,0.833258977501514,"Not_Significant"
"RTN3",-1.04718436141881,8.38582554935383,4.98628466732331,0.040224308943456,0.833258977501514,"Not_Significant"
"SDCBP",1.49710729687248,8.24559654380136,4.95778335224821,0.0406464550277823,0.833258977501514,"Not_Significant"
"LPAR1",-0.887937901374971,7.85848534143738,4.93684594256873,0.0411254848923951,0.833258977501514,"Not_Significant"
"KIAA2026",1.33199023593324,8.09565887604803,4.92491748389458,0.0412491051428743,0.833258977501514,"Not_Significant"
"CKB",-0.979371485785289,8.22810485990815,4.92366722472067,0.0413548624439112,0.833258977501514,"Not_Significant"
"AFF4",-0.813909554074236,8.22131424312963,4.92222318953522,0.0413800598893206,0.833258977501514,"Not_Significant"
"LAMA4",-1.00537441615564,8.39879681087531,4.90269373556692,0.0417200613303222,0.833258977501514,"Not_Significant"
"RNASE1",-0.97684625381227,8.46177729422395,4.89894511797121,0.0417805665061357,0.833258977501514,"Not_Significant"
"AFF3",-1.15347500207441,9.67720216256584,4.89327102737467,0.0417846517442337,0.833258977501514,"Not_Significant"
"SLC26A3",3.14654830849162,13.4180275166451,4.8547265105909,0.0425800857608385,0.836831514486207,"Not_Significant"
"NDUFS5",-1.09728712645074,8.06081062120063,4.81324854882804,0.0434200369472739,0.836831514486207,"Not_Significant"
"JAG1",1.85678634982773,7.53381374516467,4.68150006836015,0.0454247640057234,0.836831514486207,"Not_Significant"
"SGIP1",1.15743051783443,9.32685364466652,4.661451457929,0.0463230800121008,0.836831514486207,"Not_Significant"
"HIF1A-AS2",1.89000812340922,8.866513214779,4.65764387293244,0.0464006449978526,0.836831514486207,"Not_Significant"
"EIF4G2",1.62625615803982,7.66415473788562,4.63378174389947,0.0466677812435614,0.836831514486207,"Not_Significant"
"TARSL2",-0.906608603866142,7.793200216041,4.63404505700662,0.0470074337331147,0.836831514486207,"Not_Significant"
"HECTD1",1.05533229140408,8.1700273730761,4.58468277346764,0.0480143299548515,0.836831514486207,"Not_Significant"
"PCBP3",1.22113373720568,8.45367169488545,4.57724869253783,0.0481563835366625,0.836831514486207,"Not_Significant"
"SNX3",1.93205797111867,7.94132748497261,4.55274988622714,0.0484141397897431,0.836831514486207,"Not_Significant"
"KCNE4",1.94056358025692,8.3476667786556,4.55495794462564,0.0485149364584796,0.836831514486207,"Not_Significant"
"DKK3",-1.15787465820797,7.58972427058291,4.55938945029816,0.0485192962347042,0.836831514486207,"Not_Significant"
"CAMKMT",1.01822744618086,8.39180335885231,4.56067434830753,0.0485316767604955,0.836831514486207,"Not_Significant"
"RBMS1",0.923147707108732,8.97097979281905,4.54665488662133,0.0487938755084227,0.836831514486207,"Not_Significant"
"MXI1",0.833868741811604,8.58558239826885,4.49229426113688,0.0500408240300697,0.836831514486207,"Not_Significant"
"MAP3K13",1.31409333379312,7.87421242546026,4.48854185939124,0.050053536983872,0.836831514486207,"Not_Significant"
"JAK1",0.950162731508995,8.36808031242282,4.48665887985281,0.050183381179383,0.836831514486207,"Not_Significant"
"SPTBN1",-0.711363959310626,9.61076474305659,4.47514645986665,0.05035278747875,0.836831514486207,"Not_Significant"
"CYSTM1",1.53909197439641,7.90154696164887,4.47088079450346,0.0503930198288903,0.836831514486207,"Not_Significant"
"GNG11",1.7787555590566,8.80520493219002,4.46236640671823,0.050671707674603,0.836831514486207,"Not_Significant"
"TMEM132C",-0.959992951307956,8.76270680497361,4.43135549441557,0.0514346419755483,0.836831514486207,"Not_Significant"
"GRK5",-0.953234359139251,8.25782070627518,4.42400774383293,0.0516670809044456,0.836831514486207,"Not_Significant"
"S100B",-1.20967791923374,7.62257192088203,4.40588694377852,0.0520195869740804,0.836831514486207,"Not_Significant"
"SLC1A2",1.59186431923781,8.34066131501665,4.40034718297927,0.0521168873547153,0.836831514486207,"Not_Significant"
"JUND",1.07937099868514,8.06899752852042,4.40158662125192,0.0521491888287413,0.836831514486207,"Not_Significant"
"LGALS1",1.74377901348822,9.19137934737191,4.37099604632825,0.052822461257816,0.837933868563661,"Not_Significant"
"MIB1",1.54651697183058,7.86393467131809,4.3468486646453,0.0533075204028251,0.837933868563661,"Not_Significant"
"CLASP2",-0.820335936674438,9.48275839732337,4.34465704373822,0.0534417413738265,0.837933868563661,"Not_Significant"
"ANO2",1.23830299208576,9.59004836275868,4.2824158809537,0.0549885587288128,0.855655300219557,"Not_Significant"
"CASC4",1.01111690959218,8.01907874018128,4.24445257818903,0.0560439530918159,0.85793337001705,"Not_Significant"
"ITGA10",1.20453701062566,8.13571719060963,4.2416175032504,0.0560966699816308,0.85793337001705,"Not_Significant"
"CHRM5",2.29097834717021,7.41691790080433,4.18790502646285,0.0563880257800885,0.85793337001705,"Not_Significant"
"MT-ND4L",1.95682027056721,7.65101670363646,4.13194006586227,0.0584872125476625,0.878265322390709,"Not_Significant"
"GPBP1L1",1.04449270693591,7.87845038233414,4.14784165287127,0.0585795273454368,0.878265322390709,"Not_Significant"
"DOCK3",-1.07177282227863,8.33718196816225,4.07749691285194,0.0605875104166914,0.891075413514594,"Not_Significant"
"KAT6A",0.881726457341528,8.52361977090447,4.06937773435025,0.0607736311848103,0.891075413514594,"Not_Significant"
"ANKRD17",0.837653449157719,9.06572259638772,4.06596160782945,0.0608191679249001,0.891075413514594,"Not_Significant"
"SEPT4",-1.05803324626091,7.51519518621131,4.05320185743378,0.0611692469842054,0.891075413514594,"Not_Significant"
"RPL13A",1.17133525775947,9.14949891897523,4.03600809608551,0.0616740576431938,0.891164313858669,"Not_Significant"
"LDLRAD4",-0.919796073272823,8.46323140781155,4.01782923244414,0.0622825041616019,0.891164313858669,"Not_Significant"
"HNRNPH1",1.30480990985655,8.23062079913642,4.00355846657395,0.0626527975637288,0.891164313858669,"Not_Significant"
"TF",-0.97778523713227,8.4766307560268,3.99639846639913,0.0629108205985915,0.891164313858669,"Not_Significant"
"ITPR2",0.964475334686799,8.71992151386877,3.97977912884071,0.0633588777771188,0.89136393804248,"Not_Significant"
"GRM3",0.869088425476496,9.43372678930925,3.95304137567513,0.0641038752450379,0.895709930294611,"Not_Significant"
"SLC6A12",1.79122336147083,8.43944650953335,3.93064453796247,0.0647728588713924,0.895996767747484,"Not_Significant"
"OGA",-0.682551274424984,8.37133178975886,3.90456986299708,0.0657014113533479,0.895996767747484,"Not_Significant"
"RNF220",-0.920774778770644,10.1888999299476,3.87571468712746,0.0664646301665944,0.895996767747484,"Not_Significant"
"GNAI2",1.2065303018595,7.83028305209265,3.86817792555514,0.066742848222214,0.895996767747484,"Not_Significant"
"STAU2",1.12112838129108,8.0843514096887,3.87015281695203,0.0667438253231313,0.895996767747484,"Not_Significant"
"MT3",1.18425482544621,8.26790436577308,3.8581759544375,0.0671223503783177,0.895996767747484,"Not_Significant"
"CENPC",1.39359366974136,7.73051250836241,3.83615266561484,0.0676640611440016,0.895996767747484,"Not_Significant"
"ROBO2",-1.35713089658644,7.95458584599517,3.823277212205,0.0683037813535129,0.895996767747484,"Not_Significant"
"PDCD6IP",-0.894790204642995,8.01534440360791,3.81861007089349,0.0684724109867571,0.895996767747484,"Not_Significant"
"RFX3",0.982164510651056,8.8502509721433,3.79142785329537,0.0692624083302808,0.895996767747484,"Not_Significant"
"ANAPC5",-0.95301073063889,7.87888749114387,3.79054883282833,0.0693895646621556,0.895996767747484,"Not_Significant"
"RIF1",1.21751954550852,8.06266552973117,3.75439769918246,0.0705112044047912,0.895996767747484,"Not_Significant"
"HSP90B1",1.25988323429458,8.36431706599969,3.73929585820957,0.0710325667347918,0.895996767747484,"Not_Significant"
"GRIK1",-1.15848761832924,7.7712966989303,3.69150784020481,0.0727313310446936,0.895996767747484,"Not_Significant"
"ROR1",-1.40117814108571,7.39393300382189,3.67263836532482,0.0730951552769061,0.895996767747484,"Not_Significant"
"RAB6A",-0.959313637651291,8.08170289703344,3.67323039650755,0.073407428814659,0.895996767747484,"Not_Significant"
"ADNP",-0.917883608245768,7.97251025379263,3.66498685157565,0.0737029830921721,0.895996767747484,"Not_Significant"
"MAN1A2",0.956791300768442,7.99578628888898,3.64589447609171,0.0743292331398175,0.895996767747484,"Not_Significant"
"ETS2",1.00694492470718,8.28604746275443,3.64267853108265,0.0744417913471182,0.895996767747484,"Not_Significant"
"NCOA3",1.03568214784336,8.02144303879684,3.62896383281076,0.0749308188229935,0.895996767747484,"Not_Significant"
"RHOJ",1.07859511289249,8.16913929072548,3.62431124470012,0.0751009676543229,0.895996767747484,"Not_Significant"
"APP",-0.724744639722038,9.66133077932856,3.61568785772486,0.0753152791522878,0.895996767747484,"Not_Significant"
"AP2M1",0.97002446671939,7.97070850108014,3.61602199540936,0.0754079352489795,0.895996767747484,"Not_Significant"
"PRELID2",1.49303552294412,7.56793549844794,3.60369256785033,0.0755102457115943,0.895996767747484,"Not_Significant"
"COL4A5",-0.846795581578773,8.06289786149246,3.60464248330504,0.07588407222003,0.895996767747484,"Not_Significant"
"UBE3C",-0.832329574233607,8.0587556945789,3.60069771544291,0.0760295745370091,0.895996767747484,"Not_Significant"
"PTEN",-0.675219368855685,9.14232878347682,3.58766389563732,0.0763807994102035,0.895996767747484,"Not_Significant"
"PHF14",0.817693975727661,8.36574303068766,3.5807479778726,0.0767164637885705,0.895996767747484,"Not_Significant"
"SMIM14",-0.841360449382269,7.76517005750665,3.58025386201138,0.0767747960679441,0.895996767747484,"Not_Significant"
"THOC2",0.964026678855391,8.20611752295834,3.53596344331491,0.0784092174721313,0.904315868075565,"Not_Significant"
"ATP5MPL",-0.979372284322403,8.12106515466997,3.5275544299423,0.0787796893656809,0.904315868075565,"Not_Significant"
"CDH2",1.17705304490886,8.03313341566304,3.51677193508044,0.0791104771387936,0.904315868075565,"Not_Significant"
"SHROOM4",-0.856328123151625,8.20974874881797,3.50964009754997,0.0794636967929768,0.904315868075565,"Not_Significant"
"CLTC",0.974934508184485,8.12548195462293,3.50283130185735,0.079688983506172,0.904315868075565,"Not_Significant"
"FOSL2",1.51553399404646,7.90674337098667,3.45162653547239,0.0815505051398468,0.91856505436612,"Not_Significant"
"SRRM2",0.864841177307481,8.17586381100581,3.44881759744685,0.0818390481738072,0.91856505436612,"Not_Significant"
"PON2",0.991697367242834,9.26361476245148,3.40531082804238,0.0835155431666201,0.919608599461231,"Not_Significant"
"LEPR",1.09485331129958,7.91684119189787,3.35895558845666,0.085504421717769,0.919608599461231,"Not_Significant"
"PTH1R",1.25672846135787,8.43256243208803,3.34802904271234,0.0859748229889366,0.919608599461231,"Not_Significant"
"TAPBP",1.39188088601752,7.49348712269072,3.32080466317943,0.0868024870932753,0.919608599461231,"Not_Significant"
"SLCO4A1",1.45984618258264,8.70019802027704,3.32601940914177,0.0868979835361429,0.919608599461231,"Not_Significant"
"ATP10A",-1.00307053077448,9.76019024826732,3.31945611398911,0.0871215669260483,0.919608599461231,"Not_Significant"
"AP3B1",0.891995333041182,8.16743113745915,3.31744783304482,0.0873330048716132,0.919608599461231,"Not_Significant"
"CACNB2",1.35117047254792,8.64612590172229,3.30913106232089,0.0876407482961191,0.919608599461231,"Not_Significant"
"NTM",-0.945752897283373,9.33259744837997,3.30514108204745,0.087770045815821,0.919608599461231,"Not_Significant"
"RALGAPB",0.999959385770847,7.8445048851625,3.30116138321403,0.088004181762387,0.919608599461231,"Not_Significant"
"INTS6",0.878671012738497,8.15689136205008,3.28488084135926,0.0887639442778232,0.919608599461231,"Not_Significant"
"COP1",0.783250983662484,8.33976798886853,3.2816183066489,0.0889024629649712,0.919608599461231,"Not_Significant"
"MIPOL1",1.08814743412667,7.74078961532722,3.24912577193497,0.090270721646232,0.919608599461231,"Not_Significant"
"MGST2",1.59859502332557,7.62402969686451,3.23582136263881,0.0905821275686973,0.919608599461231,"Not_Significant"
"CADM1",1.04433358141032,8.6380733377437,3.23884836364265,0.0907888060606114,0.919608599461231,"Not_Significant"
"HLA-C",-0.99123960317743,8.64700214486376,3.23325886364911,0.0910622754454783,0.919608599461231,"Not_Significant"
"CPEB3",1.26006518897276,8.04109111681886,3.21887586263937,0.0916842299377782,0.919608599461231,"Not_Significant"
"RBM6",0.697449950394115,8.95273149770677,3.21817851997197,0.0917049471903473,0.919608599461231,"Not_Significant"
"CEP350",0.846271177258461,8.28794882883657,3.20862080787634,0.0922165190245091,0.919608599461231,"Not_Significant"
"MOBP",-0.908842500173278,8.14800697071081,3.20946691172598,0.0922200097960708,0.919608599461231,"Not_Significant"
"PRKACB",0.832409277890526,8.5858727452337,3.20527037271814,0.0923431513159543,0.919608599461231,"Not_Significant"
"DENND1A",0.65504105983276,8.68763212031988,3.19251541076382,0.0929271658419589,0.919608599461231,"Not_Significant"
"HSPA1A",1.63135474071033,8.35271433507944,3.1799003666126,0.0934623509712617,0.919608599461231,"Not_Significant"
"FAM13A",1.29755571796161,8.16958004109715,3.17495954049299,0.0937434182738723,0.919608599461231,"Not_Significant"
"NR2F2",1.17675694176903,8.24658103294565,3.1626166924752,0.0943516855789589,0.919608599461231,"Not_Significant"
"FAM155A",-0.764847807531226,9.58925467854164,3.15420104851646,0.0946652742390833,0.919608599461231,"Not_Significant"
"ECPAS",1.02723795160859,7.84836207923043,3.14804818766351,0.0950347732577814,0.919608599461231,"Not_Significant"
"MT-ND2",0.965518586246062,11.5962358246744,3.14151833306979,0.0952418493338353,0.919608599461231,"Not_Significant"
"SMURF1",0.776859232949381,8.29171980371066,3.13066435578298,0.0959209828576005,0.919608599461231,"Not_Significant"
"GPX3",2.56755838141062,8.45071196657588,3.10969654065399,0.0969250216802853,0.919608599461231,"Not_Significant"
"VSNL1",-1.45801333815526,7.29198007860519,3.08838769655274,0.0975163712942984,0.919608599461231,"Not_Significant"
"ZBTB20-AS5",-1.08769362200756,7.77348724193862,3.07487317990687,0.0986956011563849,0.919608599461231,"Not_Significant"
"PALMD",-1.02658856543345,8.50257850223518,3.05323955697713,0.0997706837252245,0.919608599461231,"Not_Significant"
"PRPF4B",1.10671029699366,8.12530436897079,2.99740724390187,0.102641022477158,0.919608599461231,"Not_Significant"
"PRICKLE1",-1.09898834704819,8.02462282709899,2.98437928427623,0.103399964925198,0.919608599461231,"Not_Significant"
"NOTCH3",1.04924232468722,8.53025923115021,2.9772617403795,0.103701739382848,0.919608599461231,"Not_Significant"
"PLEKHG1",-0.887662075456713,9.40825253463324,2.95312264935134,0.104924334219168,0.919608599461231,"Not_Significant"
"GBE1",1.11695754714426,8.13330556736313,2.95463099623773,0.104924457160736,0.919608599461231,"Not_Significant"
"SIK2",0.896591923038525,8.90209994246501,2.95119311386602,0.105070358294489,0.919608599461231,"Not_Significant"
"RPL37A",1.11011537384758,8.62502642431945,2.94133645903003,0.105630505400517,0.919608599461231,"Not_Significant"
"MCC",0.957211571795056,8.0300292316029,2.93744527293394,0.105877221526751,0.919608599461231,"Not_Significant"
"SLC25A13",-0.991009950255466,7.88579947706092,2.92014176237736,0.10687951025816,0.919608599461231,"Not_Significant"
"GALNT18",0.981688190889165,9.47080242955323,2.90650347288418,0.107482558989042,0.919608599461231,"Not_Significant"
"TPST1",-0.826073883399311,7.77701057546443,2.88390815207043,0.108899174680369,0.919608599461231,"Not_Significant"
"EVA1C",-0.777088951749717,8.7592868291729,2.8664626049864,0.109810275254907,0.919608599461231,"Not_Significant"
"RYBP",-0.655580064970044,8.13954768337724,2.85834853272336,0.110360743479152,0.919608599461231,"Not_Significant"
"PRELP",0.88196837750985,8.74249958205236,2.84202876752825,0.111211873278177,0.919608599461231,"Not_Significant"
"ANGPTL4",1.42005949363346,8.31716040458047,2.83561032635773,0.111571450843501,0.919608599461231,"Not_Significant"
"FOCAD",-0.910105222565489,7.79987648184232,2.83030724847799,0.111980913500684,0.919608599461231,"Not_Significant"
"RBM17",1.1431852425413,7.98649938784382,2.81937186042744,0.112541624419948,0.919608599461231,"Not_Significant"
"ADGRL2",0.879542679438884,8.41246860933415,2.81634122987172,0.112750056049108,0.919608599461231,"Not_Significant"
"PKIG",-1.02635967664494,7.62539451436649,2.81465743506962,0.11283504243166,0.919608599461231,"Not_Significant"
"GRIA4",-1.07003305448743,7.81485024041719,2.81223022879044,0.113034110493586,0.919608599461231,"Not_Significant"
"MYL12A",1.29351403391621,8.12397943408345,2.79919806525017,0.113723446816162,0.919608599461231,"Not_Significant"
"IQCJ-SCHIP1",-0.930002565713283,8.21480942524541,2.78962037216084,0.114389151008875,0.919608599461231,"Not_Significant"
"PAPOLA",1.00648788150731,7.96454815587425,2.78227534740078,0.114775240685085,0.919608599461231,"Not_Significant"
"CCSER2",-0.535010179798989,8.5324808699838,2.7590018072947,0.116193210436262,0.919608599461231,"Not_Significant"
"PTPRG",-0.580502015629007,11.1145129890749,2.75090307290556,0.11655235417326,0.919608599461231,"Not_Significant"
"GRM8",0.906563785387004,8.81108634834714,2.74542170503557,0.1169857892144,0.919608599461231,"Not_Significant"
"BAZ2B",0.612565486010341,9.23452119214965,2.73651228006241,0.117494615135981,0.919608599461231,"Not_Significant"
"ZSWIM5",0.84405430093326,8.24035692723131,2.73185320318927,0.117885307420245,0.919608599461231,"Not_Significant"
"ANKRD12",0.615289984991079,9.35839116098497,2.72780464425248,0.118027237027133,0.919608599461231,"Not_Significant"
"UBE2D3",0.685663349826543,8.76683571278837,2.72601456656056,0.118195462244002,0.919608599461231,"Not_Significant"
"LCORL",0.938517448292783,8.09755394475892,2.72176273436247,0.118510970588806,0.919608599461231,"Not_Significant"
"RPL41",0.839923358617159,9.67180946719517,2.71839364297223,0.118600800336949,0.919608599461231,"Not_Significant"
"DIAPH2",0.947825842010875,8.292205142229,2.71585614476123,0.118875481054895,0.919608599461231,"Not_Significant"
"NOVA1",0.710465353328767,9.06446024508926,2.71127855512252,0.119088463928867,0.919608599461231,"Not_Significant"
"ZNF407",0.902480771367509,8.11807798753553,2.70078154675618,0.119837910279785,0.919608599461231,"Not_Significant"
"PHF3",0.798311097725737,7.86127605324687,2.69658741893054,0.120103466866057,0.919608599461231,"Not_Significant"
"RNF130",-0.615502755003239,8.65430790489498,2.69454999611341,0.120200589134899,0.919608599461231,"Not_Significant"
"AC098850.3",1.19356068036115,7.60430789242586,2.68437234323362,0.120681096201686,0.919608599461231,"Not_Significant"
"CENPP",-1.04389760946203,8.25589259328779,2.68459830442984,0.120901500901075,0.919608599461231,"Not_Significant"
"DCAF6",1.01857664874726,7.99164850561778,2.68027789961688,0.12112661906075,0.919608599461231,"Not_Significant"
"EDF1",-0.788520504897055,7.9738230119923,2.67912533577751,0.121273073811824,0.919608599461231,"Not_Significant"
"ABCA10",-1.20875427782927,7.94964317542186,2.66708126715663,0.122036519520934,0.919608599461231,"Not_Significant"
"LINC00609",-0.968767992174608,7.72437901214031,2.66526219903193,0.122133621998626,0.919608599461231,"Not_Significant"
"NRXN3",-1.00683646662083,9.58286778845811,2.63835498740711,0.123762312041112,0.919608599461231,"Not_Significant"
"PRNP",-0.806209341553273,8.27817068386721,2.64049184089498,0.123764897030216,0.919608599461231,"Not_Significant"
"TANC1",-0.637671567492546,8.77416041361117,2.6356770688266,0.124007703900962,0.919608599461231,"Not_Significant"
"PHF20",-0.896126697214222,7.71889035499238,2.62602260315526,0.124719110057755,0.919608599461231,"Not_Significant"
"RASA2",0.717735246616918,8.24646221637364,2.62498859530369,0.124774842255653,0.919608599461231,"Not_Significant"
"YBX1",1.408813771283,7.52526019061225,2.61479378873361,0.125074311817355,0.919608599461231,"Not_Significant"
"CCNI",0.639478789575744,8.40926679195647,2.62019132284357,0.125079921671658,0.919608599461231,"Not_Significant"
"KLF2",1.11156835721556,8.11575637859775,2.61720303192174,0.125260735826751,0.919608599461231,"Not_Significant"
"SMCHD1",-0.59982068577464,8.62320589914299,2.60775239956425,0.12589329394414,0.919608599461231,"Not_Significant"
"WWTR1",0.806545082062238,9.4649465863576,2.60514926694291,0.125983658602039,0.919608599461231,"Not_Significant"
"SUN2",1.12157599489989,7.7660291840054,2.60037490219585,0.126325357359738,0.919608599461231,"Not_Significant"
"CCND3",0.875402344027386,8.12227366521064,2.60143123443094,0.126352644247638,0.919608599461231,"Not_Significant"
"MT1F",1.92587665408318,7.58200395596737,2.57711100538791,0.127326958041769,0.919608599461231,"Not_Significant"
"H3F3B",-0.687513380059437,10.0024528502248,2.58170209246186,0.127554248274378,0.919608599461231,"Not_Significant"
"GLUL",0.814125999000609,8.6504898201809,2.577862429878,0.127916749980338,0.919608599461231,"Not_Significant"
"FKBP5",1.01887257735189,9.42054477997123,2.57534236316833,0.128021165835654,0.919608599461231,"Not_Significant"
"CDH6",-0.789311030328171,8.06293447304823,2.57560638090351,0.128159474824523,0.919608599461231,"Not_Significant"
"GAS7",-1.00255179069554,7.54934811226542,2.55239279505976,0.129652314829359,0.919608599461231,"Not_Significant"
"RPL27A",0.803442682982888,9.16935888645565,2.54556722998116,0.130105913118749,0.919608599461231,"Not_Significant"
"FTH1",-0.557358368740311,10.777328914015,2.53055542413916,0.131106019922834,0.919608599461231,"Not_Significant"
"DNAJC7",-0.963725362165011,7.59675636861099,2.52127804693823,0.131884164754232,0.919608599461231,"Not_Significant"
"CADM2",0.801120769997651,10.3852371166641,2.51811924100525,0.131996212819298,0.919608599461231,"Not_Significant"
"MYL6",0.882142082882471,8.89159508261339,2.51727249921133,0.132137281210554,0.919608599461231,"Not_Significant"
"BCAS1",-1.2388976880636,7.54725120534667,2.51198410945458,0.132468730020551,0.919608599461231,"Not_Significant"
"DDIT4",0.977961011701905,8.54112004698412,2.50496351532336,0.133055693662387,0.919608599461231,"Not_Significant"
"NR3C2",0.620179447585762,9.33689209992267,2.50169827183347,0.133214537668778,0.919608599461231,"Not_Significant"
"TGFBR2",0.660470073821414,8.67934875790089,2.49920245794678,0.133460664955683,0.919608599461231,"Not_Significant"
"RERE",0.677796229000083,9.32115790666357,2.49812698689695,0.133474453082187,0.919608599461231,"Not_Significant"
"DNAJB14",-0.749762598906731,7.94519681619286,2.48200885971261,0.134806647156105,0.919608599461231,"Not_Significant"
"SYNE1",-0.58732156468173,9.79289315284516,2.47829763094546,0.134893805032546,0.919608599461231,"Not_Significant"
"HIGD1B",1.56029321398704,8.60398088211684,2.47582335976824,0.135134513912779,0.919608599461231,"Not_Significant"
"LINC01088",1.2688102798716,9.61585215610739,2.47203975440515,0.135370186922274,0.919608599461231,"Not_Significant"
"SH3BGRL3",1.48740875635715,8.21916895037824,2.46723434200648,0.13575279151861,0.919608599461231,"Not_Significant"
"UPF2",0.985228317989159,7.9997560542304,2.46609760949547,0.135909990672093,0.919608599461231,"Not_Significant"
"MDH1",-1.19611818471656,7.28377391901511,2.45417331317766,0.136416429988372,0.919608599461231,"Not_Significant"
"NDRG2",0.771572222880972,8.40733821073605,2.44893019320386,0.137190432694276,0.919608599461231,"Not_Significant"
"CHCHD2",-0.786050047410055,8.28184752946492,2.44095008198196,0.13782475273968,0.919608599461231,"Not_Significant"
"ATP6V0A1",-0.846757733601796,7.66472678075061,2.43367410494303,0.13835496797952,0.919608599461231,"Not_Significant"
"TMEM123",0.872296812502719,8.43838710326296,2.42748832532791,0.138799507717693,0.919608599461231,"Not_Significant"
"HECTD4",-0.73678798141209,7.95800673755613,2.42278840972766,0.139226582800584,0.919608599461231,"Not_Significant"
"R3HDM1",-0.614798357517377,8.43962829721041,2.40788014249251,0.140313494365052,0.919608599461231,"Not_Significant"
"P4HA1",0.894705739388597,8.35472325600308,2.40157002672113,0.14078976004963,0.919608599461231,"Not_Significant"
"NUCKS1",-0.599245795288489,8.18917006875589,2.39601373125783,0.141265471255632,0.919608599461231,"Not_Significant"
"DICER1",-0.766740117923604,8.29195230481859,2.39518535316479,0.141317337330731,0.919608599461231,"Not_Significant"
"APCDD1",1.72334678297988,7.74103695253708,2.37077725059411,0.142824596647365,0.919608599461231,"Not_Significant"
"PPP6R3",0.623392764712276,8.81315110781514,2.3683870032583,0.143332448460505,0.919608599461231,"Not_Significant"
"IPO9-AS1",0.962393960021854,7.65065381108561,2.35541463378034,0.144322884532455,0.919608599461231,"Not_Significant"
"TXNIP",1.25266943790457,9.36721691528513,2.34251445932775,0.145350333544301,0.919608599461231,"Not_Significant"
"CCNL2",0.741970832022139,7.95011976626634,2.3388282763502,0.145763225037462,0.919608599461231,"Not_Significant"
"NAV1",-0.596192951545451,8.40358137619464,2.33612362472089,0.145970367138962,0.919608599461231,"Not_Significant"
"FLNA",1.25378405493576,7.80962076330648,2.33212868677789,0.146169561796366,0.919608599461231,"Not_Significant"
"GJA1",1.01925038149302,7.70948250759192,2.33241594321294,0.146177973925463,0.919608599461231,"Not_Significant"
"CDH11",-0.704244143908956,8.44426944072518,2.3297863632206,0.146478587695752,0.919608599461231,"Not_Significant"
"EFR3A",1.0523866981114,7.69698554320534,2.32851668027543,0.146479690466705,0.919608599461231,"Not_Significant"
"FBXW11",0.800268185389094,7.86261837804967,2.32961547935411,0.146491650512501,0.919608599461231,"Not_Significant"
"NEK7",0.756376277063177,8.17482526315962,2.32698601257338,0.146716438941478,0.919608599461231,"Not_Significant"
"ATE1",-0.93862081959231,7.75766929856664,2.32363944542085,0.147003227523083,0.919608599461231,"Not_Significant"
"ZFP36L1",1.20499009199046,8.48953264358018,2.30879923920783,0.148152195276249,0.919608599461231,"Not_Significant"
"NEAT1",0.701036234010412,12.5898609086817,2.30047758238632,0.148720982370481,0.919608599461231,"Not_Significant"
"SRSF11",0.588296263385872,8.55101353524041,2.30184576205339,0.148738587917915,0.919608599461231,"Not_Significant"
"GUK1",-0.806059006907969,8.40183320455665,2.30051681319042,0.148881979620171,0.919608599461231,"Not_Significant"
"ZFYVE16",-0.610151984757268,8.26588926414609,2.29474495960447,0.149376816309576,0.919608599461231,"Not_Significant"
"RAB3GAP1",0.807025445067652,8.16435066496955,2.29030906391061,0.149728443003545,0.919608599461231,"Not_Significant"
"ISYNA1",1.15801248363718,7.90890675374433,2.28218454220475,0.150336870465253,0.919608599461231,"Not_Significant"
"MT-ND5",0.762570109575145,8.59592219670304,2.28235229931491,0.150351934408045,0.919608599461231,"Not_Significant"
"EYA1",1.784720834715,7.48049224537923,2.27152617859292,0.150604253585283,0.919608599461231,"Not_Significant"
"CREBBP",0.741851318491295,8.14771836083774,2.27653478730279,0.15088593869793,0.919608599461231,"Not_Significant"
"LIPA",-0.638437647329066,7.89891041788907,2.26880893958997,0.151577682470394,0.919608599461231,"Not_Significant"
"AFDN",0.644306729999938,8.5690900583941,2.26775400001829,0.151584270503628,0.919608599461231,"Not_Significant"
"CMSS1",-0.706206488706284,7.78641898741278,2.26742368448868,0.15168483524261,0.919608599461231,"Not_Significant"
"AKAP12",-0.759002304859161,9.00474431934246,2.25471400023087,0.152645264159272,0.919608599461231,"Not_Significant"
"CTBP2",-0.613882641763801,8.31390222532929,2.25475479377308,0.152734036832114,0.919608599461231,"Not_Significant"
"DCLK1",-0.717029533008021,8.07199076109794,2.25239642004819,0.152964547965374,0.919608599461231,"Not_Significant"
"ACBD6",1.0237329895114,7.84584800742025,2.23882017208406,0.154037381833719,0.919608599461231,"Not_Significant"
"RPLP1",1.02703926806137,9.45589380165714,2.23643543981108,0.154178395557488,0.919608599461231,"Not_Significant"
"CEP170",0.812514837264336,7.9869450995867,2.23683468860038,0.154262705783919,0.919608599461231,"Not_Significant"
"RNF19A",0.861171777782329,8.30130805795744,2.2354856785311,0.154366220969839,0.919608599461231,"Not_Significant"
"SPARC",0.945070275900846,9.25550515695419,2.23160483096624,0.154609351882104,0.919608599461231,"Not_Significant"
"PXK",-0.871606195768381,8.2268192139578,2.23083387358212,0.154805505495763,0.919608599461231,"Not_Significant"
"GJC1",1.047364427989,7.71128183855719,2.2135719903078,0.156185152642882,0.919608599461231,"Not_Significant"
"RNF152",0.993831269486186,8.22767211878355,2.20987076064465,0.156593633704193,0.919608599461231,"Not_Significant"
"DDX24",-0.737016884927697,8.14500967118449,2.19905643589858,0.157599467924631,0.919608599461231,"Not_Significant"
"TIMP2",-0.831778368023751,7.83408104987727,2.19820175849317,0.157678849429397,0.919608599461231,"Not_Significant"
"RTN4",-0.512849557529608,9.8572731865686,2.19397976928203,0.157876321464474,0.919608599461231,"Not_Significant"
"FRMD6",-0.978927280026866,8.17545254362573,2.19369950658476,0.158073623821545,0.919608599461231,"Not_Significant"
"PCDH9-AS2",-0.73712150301177,8.17460803877008,2.19074562508925,0.158335063385264,0.919608599461231,"Not_Significant"
"HLA-E",-0.676751917419636,9.16283128508502,2.17782295756599,0.159363676440349,0.919608599461231,"Not_Significant"
"LRBA",0.5738595581968,8.94309141127246,2.17265807725686,0.159847562121155,0.919608599461231,"Not_Significant"
"RANBP3L",1.07247203658128,7.86246553047882,2.1591534967492,0.161093752695392,0.919608599461231,"Not_Significant"
"ZEB1",-0.567008668201843,10.243697796446,2.1577693421087,0.161128552290946,0.919608599461231,"Not_Significant"
"SERF2",0.896566780726267,9.41778563564173,2.152981764571,0.161600273794608,0.919608599461231,"Not_Significant"
"ACTN4",-0.557926314590779,8.5712270293377,2.14817960644723,0.162127823463866,0.919608599461231,"Not_Significant"
"TMEM165",-0.579428580487357,9.04268294570206,2.14399031460799,0.162453483939965,0.919608599461231,"Not_Significant"
"FNDC3B",-0.50091976201024,8.83819959214911,2.13965144803946,0.16287583020426,0.919608599461231,"Not_Significant"
"CGGBP1",-0.56940254198371,8.10754693039238,2.13297551343104,0.163597117197983,0.919608599461231,"Not_Significant"
"MCTP1",-0.998254373676151,8.524974035616,2.12722129865512,0.164082613299444,0.919608599461231,"Not_Significant"
"KIF1B",-0.59746406556826,8.65364886928094,2.11989318873303,0.164740314749761,0.919608599461231,"Not_Significant"
"FBXL7",0.917998294365655,9.93746514992658,2.11847829512069,0.16477318629736,0.919608599461231,"Not_Significant"
"CPQ",0.599458789335376,8.52179585698969,2.11904337606408,0.164831284628904,0.919608599461231,"Not_Significant"
"WNK1",-0.54898162816842,8.46675897541184,2.11747595747214,0.164993725742894,0.919608599461231,"Not_Significant"
"MT-ND4",0.657798368821015,11.5007009083406,2.10207299041483,0.166300269489746,0.919608599461231,"Not_Significant"
"FAM208B",-0.675412015712247,7.95873506639632,2.10181786200464,0.166530263587349,0.919608599461231,"Not_Significant"
"SEC14L1",-0.661516440941487,8.77135054897341,2.09581089086653,0.167000498014771,0.919608599461231,"Not_Significant"
"FAM13B",0.923632871157246,8.28769545950804,2.08905075171898,0.167686763098218,0.919608599461231,"Not_Significant"
"RAP1B",-0.539357922528693,8.34607255715356,2.08804750645678,0.167802502293631,0.919608599461231,"Not_Significant"
"TMEM59",0.699194464351992,8.354744939291,2.08674061252502,0.167913114678278,0.919608599461231,"Not_Significant"
"DSCAML1",-1.02853943729099,7.40024660574569,2.07592009888023,0.168770391970439,0.919608599461231,"Not_Significant"
"ACACA",-0.598257075575628,7.9137309797825,2.07251718836115,0.169341258613759,0.919608599461231,"Not_Significant"
"CACHD1",0.913289362566395,7.78001682905181,2.06450190334351,0.170028802415522,0.919608599461231,"Not_Significant"
"CNTN4",0.687615835758728,8.27948343839624,2.06092556542182,0.170419976996923,0.919608599461231,"Not_Significant"
"CGNL1",0.863187663981962,8.46814577869645,2.05775596145356,0.170704516694497,0.919608599461231,"Not_Significant"
"GPM6A",0.624029592690343,9.20430680550551,2.054762987686,0.170921378366992,0.919608599461231,"Not_Significant"
"CREM",0.747838926119303,8.32770307549504,2.05129253332982,0.17135718991122,0.919608599461231,"Not_Significant"
"PRKAR2A",0.925793606158283,7.79062960752119,2.05012617628929,0.171436398263097,0.919608599461231,"Not_Significant"
"ANK2",-0.744545915798727,9.20908949967833,2.04604163583591,0.171782474065387,0.919608599461231,"Not_Significant"
"LAMC3",-1.15409317390086,7.61981679259482,2.04010037134859,0.17241283054817,0.919608599461231,"Not_Significant"
"NAALADL2",-0.771956301162559,8.14363978594078,2.0379855061918,0.172713654326388,0.919608599461231,"Not_Significant"
"PBRM1",-0.500455051460536,8.55581664475203,2.03692871465896,0.172758512150136,0.919608599461231,"Not_Significant"
"THRB",1.02355489245191,7.69503310358775,2.03511004734669,0.172866457147465,0.919608599461231,"Not_Significant"
"GRAMD2B",0.593682204394475,9.22628062842918,2.01131903173729,0.175249118875241,0.919608599461231,"Not_Significant"
"PSD3",-0.499250814396592,8.46770383867455,2.0072871377043,0.175748877789146,0.919608599461231,"Not_Significant"
"KIAA1109",0.652733102636437,9.07002651836935,2.00361405234389,0.176045029296346,0.919608599461231,"Not_Significant"
"SNTB1",-0.750156372114136,7.87790262612763,2.00173044222203,0.176370561789122,0.919608599461231,"Not_Significant"
"SRSF2",0.790625474992063,8.033701647702,2.00052562358819,0.176455680622316,0.919608599461231,"Not_Significant"
"AKAP6",-0.544171271083516,8.64633647391242,1.99185668810177,0.17729837174313,0.919608599461231,"Not_Significant"
"NRGN",-1.04459930452039,7.79906072531121,1.99186304589264,0.177353884908472,0.919608599461231,"Not_Significant"
"HERC2",0.720849389676411,8.9448175826537,1.9896327516465,0.177488395059669,0.919608599461231,"Not_Significant"
"SERINC1",-0.54375836021823,8.1140667597167,1.98952979501112,0.17761248743513,0.919608599461231,"Not_Significant"
"TNKS",0.58499939355003,8.85216215507994,1.97841541671797,0.178655273698984,0.919608599461231,"Not_Significant"
"FTL",0.670303216214134,10.6496173054484,1.9751602670581,0.178908590855328,0.919608599461231,"Not_Significant"
"IFITM3",0.921971598633174,10.8056348166403,1.97505417694382,0.178918818888155,0.919608599461231,"Not_Significant"
"FAM13C",-0.650350959083106,7.75005368548128,1.96689243640845,0.179956923625263,0.919608599461231,"Not_Significant"
"CDC14B",-0.824242791243091,7.89463782833672,1.96581706636986,0.180077277419983,0.919608599461231,"Not_Significant"
"TRIP12",0.666683524426566,8.28830692848858,1.96389508042922,0.180235907968684,0.919608599461231,"Not_Significant"
"ITIH5",-0.685347081460994,9.38244156809395,1.95550795223606,0.181005123677303,0.919608599461231,"Not_Significant"
"IFITM2",1.05768886473426,9.27507747520295,1.95547441224399,0.181020103854223,0.919608599461231,"Not_Significant"
"STAT3",0.835879660840898,8.53044738009396,1.95610053661055,0.181024023277207,0.919608599461231,"Not_Significant"
"CNTNAP4",-1.06596616865376,7.69646218333026,1.95447107580542,0.181217951306199,0.919608599461231,"Not_Significant"
"YAP1",0.714849378579778,8.03359381029895,1.95326653591456,0.181367196713682,0.919608599461231,"Not_Significant"
"ATP5PF",0.909628661384054,7.59503356299904,1.95073818965893,0.181509058245673,0.919608599461231,"Not_Significant"
"AK3",0.80539327933228,7.70393079460186,1.93313283769699,0.183453222123728,0.919608599461231,"Not_Significant"
"RPL38",0.871480314860694,8.32134392730287,1.93201656037806,0.183602320271214,0.919608599461231,"Not_Significant"
"IGFBP6",1.07806946375035,8.01797283251765,1.93088510454615,0.183703066461594,0.919608599461231,"Not_Significant"
"ZNF609",0.633687294109894,9.15553681526776,1.9214006561838,0.184660742256079,0.919608599461231,"Not_Significant"
"NPAS3",0.572962271243015,9.73906394673984,1.91134354813888,0.185716217811408,0.919608599461231,"Not_Significant"
"SENP6",-0.453701949365889,8.49840401268678,1.90713505488848,0.186289302978846,0.919608599461231,"Not_Significant"
"XPR1",-0.679792017858771,7.89035377141685,1.90586910188479,0.186491303277663,0.919608599461231,"Not_Significant"
"CNTNAP5",1.4225414246687,7.22844910052107,1.89800948803276,0.186528207279974,0.919608599461231,"Not_Significant"
"PDE3A",1.05554427624426,8.27637772274221,1.90410259136294,0.186615428908317,0.919608599461231,"Not_Significant"
"MAPK8",0.628419748132306,8.22110895459416,1.90028391173075,0.187064892128363,0.919608599461231,"Not_Significant"
"GPC5",0.594506141817121,9.61779675155271,1.89846588847278,0.187130313055006,0.919608599461231,"Not_Significant"
"ALCAM",0.57573891887155,8.79713650953582,1.89186311881706,0.187923274063017,0.919608599461231,"Not_Significant"
"SORBS2",-0.795694860775177,10.0839507594567,1.88652941151598,0.188433412510121,0.919608599461231,"Not_Significant"
"JAZF1",-0.609952027246388,7.8964011819635,1.86500263753437,0.191027551670363,0.919608599461231,"Not_Significant"
"GDI1",-0.642987217102221,7.9059250310779,1.85802674407112,0.191814881547619,0.919608599461231,"Not_Significant"
"LPP",0.553982642405335,9.92062969066287,1.85357769958773,0.192135582049519,0.919608599461231,"Not_Significant"
"AC118549.1",-0.544824201620892,8.11442608690083,1.85371991592541,0.19229295284847,0.919608599461231,"Not_Significant"
"PPP1R14A",-0.52057838237814,8.37571367800011,1.85279707223872,0.192362972883286,0.919608599461231,"Not_Significant"
"ANO6",0.747430564964541,7.82405199027865,1.85026894284542,0.192645174003491,0.919608599461231,"Not_Significant"
"LUC7L3",0.588292910645427,9.04922575509356,1.84834355085798,0.192781794064396,0.919608599461231,"Not_Significant"
"PLEKHA7",-0.51128361239901,8.84478427501725,1.84834168953631,0.192804984610727,0.919608599461231,"Not_Significant"
"ATP1B3",0.618863983747189,8.86914726074143,1.84438540483106,0.193252456751426,0.919608599461231,"Not_Significant"
"ERMN",-0.818885141911978,7.56425665395896,1.84230216773125,0.193522078273564,0.919608599461231,"Not_Significant"
"RSF1",0.592008478371877,8.20789396679455,1.8403204266712,0.193797130530313,0.919608599461231,"Not_Significant"
"UGGT2",0.670736296016729,8.28118243493413,1.83306357528591,0.194621933296015,0.919608599461231,"Not_Significant"
"SLC47A1",1.50374303565017,8.19595716773109,1.81719160126495,0.196774917157755,0.919608599461231,"Not_Significant"
"TXNRD1",0.612981711696417,9.10733953606304,1.80732151598273,0.197529058000843,0.919608599461231,"Not_Significant"
"TTC19",0.64909826697351,8.10819500205979,1.80180351134553,0.198286275705952,0.919608599461231,"Not_Significant"
"ANKS1B",-0.672460910132853,9.08157194456827,1.7997975856992,0.198421734133011,0.919608599461231,"Not_Significant"
"PNISR",0.512877776923433,9.77029285173148,1.79551292733315,0.198884321491255,0.919608599461231,"Not_Significant"
"ZFAND3",0.477460253979562,9.55437589108076,1.79192525663125,0.199319726029667,0.919608599461231,"Not_Significant"
"RPL21",1.09720163189484,8.38903347602407,1.78923545565558,0.199732176333024,0.919608599461231,"Not_Significant"
"TRIM2",-0.604656038262342,8.47031250501098,1.78731717454828,0.199980360099455,0.919608599461231,"Not_Significant"
"AC092691.1",1.29752197079048,7.73957525615647,1.78467424121317,0.200141351006436,0.919608599461231,"Not_Significant"
"HBS1L",-0.925646970362425,7.39651755970199,1.7809346013072,0.200587918781328,0.919608599461231,"Not_Significant"
"SLC5A11",-0.86360233763658,8.35034248130775,1.77790932085821,0.201129160774363,0.919608599461231,"Not_Significant"
"SYT1",-0.81847359347714,9.32551813235822,1.7759382752722,0.201252303216187,0.919608599461231,"Not_Significant"
"RBMX",0.617733720497085,8.17033155280956,1.7742803112517,0.201568739127577,0.919608599461231,"Not_Significant"
"MT-ND1",0.643298100933723,10.3685660505057,1.76817236289716,0.202149638595343,0.919608599461231,"Not_Significant"
"AKAP9",0.552915645750409,9.00144364318922,1.76865956354785,0.202153782617084,0.919608599461231,"Not_Significant"
"SLC9A3R2",1.03021767938359,8.2171610596633,1.76131982427004,0.203107958419559,0.919608599461231,"Not_Significant"
"SRSF4",-0.648103358924337,7.92062851616667,1.76176934376356,0.203118381345617,0.919608599461231,"Not_Significant"
"ZNF385D",-0.808709351787576,8.08837356785524,1.76143736104751,0.203150326758071,0.919608599461231,"Not_Significant"
"AC245297.3",0.813870038194684,8.44015946097987,1.74727895941781,0.204825780545504,0.919608599461231,"Not_Significant"
"ZFAND6",0.707531410712544,7.92546453590668,1.74565811636767,0.205057445243386,0.919608599461231,"Not_Significant"
"NDFIP1",-0.53410308643679,8.29514559078337,1.74464980941853,0.205183638976019,0.919608599461231,"Not_Significant"
"GJA4",1.37213831150431,7.52003146209819,1.73492727221149,0.206028672059191,0.919608599461231,"Not_Significant"
"USP33",-0.626183871503763,8.06098661139335,1.73368372713029,0.206569337105458,0.919608599461231,"Not_Significant"
"SPAG9",0.640147576948596,8.47824820751679,1.73059610089853,0.206892576841569,0.919608599461231,"Not_Significant"
"RAPGEF1",-0.664970745864139,8.55854184791052,1.72320726079991,0.207814772265052,0.919608599461231,"Not_Significant"
"S100A13",0.964064278993788,7.63337684483058,1.71823930764811,0.208357339779954,0.919608599461231,"Not_Significant"
"DNAJB6",-0.640890627891876,8.18024145496342,1.71168224173272,0.209318260250127,0.919608599461231,"Not_Significant"
"NRDC",0.539181707323267,8.34583712755915,1.71013023290997,0.209482866318757,0.919608599461231,"Not_Significant"
"GGNBP2",0.798254529075049,7.69856900542208,1.70946067776523,0.209530159346008,0.919608599461231,"Not_Significant"
"DLC1",0.719974320541584,11.4839960010709,1.70405449018296,0.210106184717048,0.919608599461231,"Not_Significant"
"ARHGEF3",-0.796164748391995,7.83850910354271,1.70134293261051,0.210641495736149,0.919608599461231,"Not_Significant"
"MBD5",0.56068337593019,9.52041412302892,1.69690084013605,0.211052262510388,0.919608599461231,"Not_Significant"
"EPS15",-0.438789781077127,8.67435143913399,1.69716305661123,0.211095048648315,0.919608599461231,"Not_Significant"
"ST5",-0.801533723277927,7.80640490738788,1.69647747332152,0.211259117674422,0.919608599461231,"Not_Significant"
"DOCK7",-0.632981775889125,7.73874409642106,1.69359105254902,0.211626903855471,0.919608599461231,"Not_Significant"
"LPGAT1",-0.570321451868733,7.9892036225909,1.69303987481028,0.211710446132372,0.919608599461231,"Not_Significant"
"VIM",0.765814241221693,8.95769745030919,1.68761244192941,0.21228904742045,0.919608599461231,"Not_Significant"
"BTG1",0.794948005678884,8.21726611355,1.68770141788858,0.212351829895084,0.919608599461231,"Not_Significant"
"UBA2",0.806724808129469,7.83326071373971,1.68611462296935,0.2125460159185,0.919608599461231,"Not_Significant"
"ATG4B",0.718771548436339,7.80342496010507,1.68517364512008,0.21267528998742,0.919608599461231,"Not_Significant"
"TRA2A",0.553900146461371,8.33041418042792,1.66780117514481,0.214935781023188,0.919608599461231,"Not_Significant"
"ZIC1",0.803983683591289,9.19289140243644,1.65219680166762,0.216898862824404,0.919608599461231,"Not_Significant"
"SOX5",0.49797814493165,10.1982721268538,1.65171505494702,0.2169170890529,0.919608599461231,"Not_Significant"
"GABRB2",-0.985240495741724,7.58354538556863,1.6513389942714,0.217061782720616,0.919608599461231,"Not_Significant"
"TIMP1",0.821962691029564,8.92210282604144,1.65038212073447,0.217163239296325,0.919608599461231,"Not_Significant"
"SLPI",-1.65985695811887,7.00916982899676,1.63965988606559,0.217467579638605,0.919608599461231,"Not_Significant"
"GNAQ",-0.464876536150362,9.4024369866978,1.6444909266374,0.217906339291979,0.919608599461231,"Not_Significant"
"GOLGA4",-0.429333308704097,8.74600737235054,1.64139262847295,0.218379861133405,0.919608599461231,"Not_Significant"
"PHLDB2",1.26316899272656,8.33840776774703,1.64042962909929,0.21851577426749,0.919608599461231,"Not_Significant"
"LRRTM4",-0.5933126452415,8.73087085766252,1.63912949926832,0.218686810828614,0.919608599461231,"Not_Significant"
"TTC14",0.583301836113173,8.28055758324891,1.63696608912803,0.21902677687624,0.919608599461231,"Not_Significant"
"CRIM1",0.662128614462191,9.54960850665415,1.62477497374451,0.220549228661394,0.919608599461231,"Not_Significant"
"C2CD2",0.639380538569913,7.89171289147341,1.62564070745609,0.22056524758667,0.919608599461231,"Not_Significant"
"KIAA1958",1.16170632564263,7.54310364110145,1.62108780524495,0.220946605042482,0.919608599461231,"Not_Significant"
"FAT4",-0.682463792852362,7.75916099552356,1.61829130468959,0.221580003305714,0.919608599461231,"Not_Significant"
"KNOP1",-0.913048392326551,8.02255532165446,1.61511365165042,0.2220189427651,0.919608599461231,"Not_Significant"
"NLGN1",0.567814367948912,9.48402110949823,1.61178076235825,0.22232067570749,0.919608599461231,"Not_Significant"
"SLCO2B1",-0.874454835868606,7.70450045612146,1.61102512367633,0.222550104260742,0.919608599461231,"Not_Significant"
"PSAP",-0.475602797833484,9.10266781640487,1.60921229317522,0.222698873075653,0.919608599461231,"Not_Significant"
"CP",1.50957710088377,8.10404759603841,1.61083820484574,0.222844589821495,0.919608599461231,"Not_Significant"
"NFKBIA",0.750621112788658,9.45240538617832,1.6078744564889,0.222859626488341,0.919608599461231,"Not_Significant"
"PPM1B",-0.581806259160843,7.88253499911385,1.5999227520096,0.224111033356159,0.919608599461231,"Not_Significant"
"PIAS1",0.641729889587006,9.52696475545371,1.59424563558721,0.224735298587221,0.919608599461231,"Not_Significant"
"HBB",-1.34234798632899,7.26967479165566,1.58305859328459,0.225993886941205,0.919608599461231,"Not_Significant"
"TFRC",1.27376073165113,7.88418116188503,1.58444468063347,0.226116367425106,0.919608599461231,"Not_Significant"
"MAP7",-0.559860427507083,9.0678936635923,1.58266998134973,0.226380964465538,0.919608599461231,"Not_Significant"
"VAMP5",0.959034999432123,8.03015428308312,1.58259959055623,0.226460989629658,0.919608599461231,"Not_Significant"
"RASGRF2",-0.573333034380905,8.75630554495116,1.57946483735165,0.226864253741345,0.919608599461231,"Not_Significant"
"THUMPD3-AS1",-0.586388380963593,8.17662821999865,1.5796046482324,0.226922179816333,0.919608599461231,"Not_Significant"
"RPS7",0.75010178473393,8.50563500830249,1.57917835966134,0.226928701139293,0.919608599461231,"Not_Significant"
"SELENOM",0.790717813281802,8.00205463441101,1.57877156197379,0.227016505990129,0.919608599461231,"Not_Significant"
"ARHGAP24",1.20272769837502,7.57397963535066,1.57007843552148,0.228022940981291,0.919608599461231,"Not_Significant"
"PRKG1",0.56824764469197,10.5680464508577,1.56788005192261,0.228405463523621,0.919608599461231,"Not_Significant"
"FDPS",-0.741498057794849,7.62876740066608,1.56735977222267,0.228619892895303,0.919608599461231,"Not_Significant"
"APOD",0.954524037523676,11.3565486172892,1.56533812845583,0.228761710091563,0.919608599461231,"Not_Significant"
"MBP",-0.631290434408514,9.83087756580927,1.56326870632763,0.229075150099378,0.919608599461231,"Not_Significant"
"PRKCH",-0.504247580671998,9.0586894290831,1.56218402666515,0.229273660368675,0.919608599461231,"Not_Significant"
"MAL",-0.848717126264267,7.27553332681281,1.56032121233034,0.229346101958011,0.919608599461231,"Not_Significant"
"TTC3",-0.456158046461631,8.5619450486243,1.55480297826033,0.230385024188889,0.919608599461231,"Not_Significant"
"TRA2B",-0.537507929425392,8.1458739118285,1.54696515682161,0.231567315718417,0.919608599461231,"Not_Significant"
"WDR26",-0.72332822535734,7.65162529957267,1.54347985291214,0.232045771698614,0.919608599461231,"Not_Significant"
"AHI1",0.490692267017151,8.96212288414175,1.54082142302636,0.232348779511961,0.919608599461231,"Not_Significant"
"PDZD2",-0.461803907194357,9.44295354944393,1.53519402532532,0.233129988702873,0.919608599461231,"Not_Significant"
"AC018816.1",-0.929651584867798,7.40093767381946,1.52495415536605,0.234584402131754,0.919608599461231,"Not_Significant"
"COMMD1",-0.468513678235665,8.28229121712234,1.52365694849981,0.23494074960596,0.919608599461231,"Not_Significant"
"ERO1A",-0.900806357990639,7.46884645609672,1.52213527949091,0.235054240910776,0.919608599461231,"Not_Significant"
"SUMF1",0.555834342147597,8.12513236045851,1.51793932239183,0.235786802513756,0.919608599461231,"Not_Significant"
"AGO3",-0.611423167612071,8.18826073437692,1.51792408856032,0.235797216162841,0.919608599461231,"Not_Significant"
"SOD1",-0.601923307014806,8.37441598380096,1.51505080425943,0.236197886378612,0.919608599461231,"Not_Significant"
"HOOK3",0.881748222778101,7.7424822492904,1.50745194883554,0.237279594019688,0.919608599461231,"Not_Significant"
"TTC37",0.624279118464745,8.09059663608011,1.50720441051047,0.237376162767525,0.919608599461231,"Not_Significant"
"HIF1A",0.643187786995691,8.39777901396044,1.49804987318252,0.238715848348438,0.919608599461231,"Not_Significant"
"PRKN",-0.468431121437766,8.84009424230408,1.49756642608138,0.238739456139442,0.919608599461231,"Not_Significant"
"HILPDA",1.41397461589588,7.4896978154985,1.49539960390932,0.238748979055391,0.919608599461231,"Not_Significant"
"NTRK2",-0.618670898489081,7.98728028937684,1.49596321034557,0.239082812799545,0.919608599461231,"Not_Significant"
"ROCK1",0.603726951181683,8.16044332954904,1.49451255106097,0.239271465642098,0.919608599461231,"Not_Significant"
"MBNL2",-0.491415416400784,8.73086184586217,1.49406887236333,0.239278073003791,0.919608599461231,"Not_Significant"
"RBFOX2",0.49038436320018,9.19720119617504,1.49285469896109,0.239413336033728,0.919608599461231,"Not_Significant"
"BICD1",-0.649358450002049,8.17194272412864,1.49214472706967,0.239642602347322,0.919608599461231,"Not_Significant"
"GGT5",0.635631655340456,7.90424788505312,1.49000903018733,0.239953211129925,0.919608599461231,"Not_Significant"
"AC016831.7",0.418445267239833,9.95764166193428,1.48799988593251,0.240110182385872,0.919608599461231,"Not_Significant"
"STX12",-0.565258928782728,8.37936275620119,1.4773819401399,0.241853667785053,0.919608599461231,"Not_Significant"
"ATP1A1",-0.612329703463834,8.34774748912262,1.47741003916685,0.241854158973202,0.919608599461231,"Not_Significant"
"CNTLN",0.735705364687672,7.94627667467702,1.47370279039179,0.242423333029738,0.919608599461231,"Not_Significant"
"IGFBP5",1.21429533072289,8.7201377664628,1.45690417827944,0.245331223794672,0.919608599461231,"Not_Significant"
"LRRTM3",-0.551629642638329,8.23688970059736,1.45297672443921,0.245632564309305,0.919608599461231,"Not_Significant"
"ATOH8",-1.17343963700643,7.15168667583908,1.44768663472801,0.245885202571565,0.919608599461231,"Not_Significant"
"SH3GL3",-0.688477754500942,8.08244140746036,1.44774034830228,0.24646562066193,0.919608599461231,"Not_Significant"
"DCUN1D4",0.886262797524231,7.57886508202447,1.44571733230336,0.246641266029768,0.919608599461231,"Not_Significant"
"YAF2",0.648828253422551,7.91363997848961,1.4463107624055,0.246668629644772,0.919608599461231,"Not_Significant"
"MDM4",0.719476955414531,7.90184575380184,1.44616908129367,0.246683173442943,0.919608599461231,"Not_Significant"
"LINC02147",-0.601825621726076,9.26368173488013,1.44439445844766,0.246857182057058,0.919608599461231,"Not_Significant"
"PFN1",0.897209283125004,8.37180131721066,1.44478076364716,0.246876352765937,0.919608599461231,"Not_Significant"
"VTI1A",0.492151680707687,8.81214452680422,1.44022846926584,0.247549211297433,0.919608599461231,"Not_Significant"
"CHSY1",0.586521154309822,7.98505753386191,1.43793411959942,0.247990528458885,0.919608599461231,"Not_Significant"
"RAPGEF2",0.542508115017622,9.0256256167556,1.43615805783702,0.248170182545258,0.919608599461231,"Not_Significant"
"CLDND1",0.684813354413079,8.25095558729056,1.43446660804233,0.248518283734414,0.919608599461231,"Not_Significant"
"CACNA2D3",-0.565493437620289,8.74103053083142,1.43290561829393,0.248716442133183,0.919608599461231,"Not_Significant"
"ARHGAP32",0.692581327116996,7.89725902984074,1.43286069898488,0.248780298737666,0.919608599461231,"Not_Significant"
"PPP2R2B",-0.593368011216558,9.87209725158753,1.43165226708738,0.248836229641771,0.919608599461231,"Not_Significant"
"CASC15",0.551550591326989,8.14876011556305,1.42726835796049,0.249673052820422,0.919608599461231,"Not_Significant"
"FXR1",0.757179148999051,7.66948175971473,1.42552135400385,0.249895170560707,0.919608599461231,"Not_Significant"
"OSBPL1A",-0.542213854888399,8.08146790917819,1.42309280817484,0.250358297129886,0.919608599461231,"Not_Significant"
"CRYAB",-0.529461502804677,9.47441646653248,1.42093574618666,0.250557569764679,0.919608599461231,"Not_Significant"
"HIPK2",-0.561341484589791,7.9262226029565,1.42160500111042,0.250603869921288,0.919608599461231,"Not_Significant"
"CNOT6L",0.75874187166642,8.13032848793126,1.41803556975115,0.25113718780137,0.919608599461231,"Not_Significant"
"PDZRN3",-0.492233509145021,9.50527721978563,1.41678159352857,0.251221163753138,0.919608599461231,"Not_Significant"
"KIAA0355",-0.648239167686352,7.93024324002597,1.41043134988701,0.252395940674145,0.919608599461231,"Not_Significant"
"ITSN2",-0.426618184920292,8.62202037267256,1.4016679853119,0.253738717385531,0.919608599461231,"Not_Significant"
"RNF144B",0.9932020929241,8.6020175435975,1.39946948005738,0.254091542470531,0.919608599461231,"Not_Significant"
"SLC22A23",0.661191227380595,8.55969504475861,1.3988018823761,0.254208883154978,0.919608599461231,"Not_Significant"
"L3MBTL4",-0.462773959111314,8.17668696789971,1.39827365072943,0.254350227010254,0.919608599461231,"Not_Significant"
"ESF1",-0.523489390700993,7.98848413850964,1.39486184457097,0.254923123487919,0.919608599461231,"Not_Significant"
"LARP4B",0.750126503385676,7.66422649365293,1.39329301151352,0.255097502929899,0.919608599461231,"Not_Significant"
"RHOB",0.589110532250567,8.9463269189641,1.38957487575379,0.255676255906336,0.919608599461231,"Not_Significant"
"MTUS1",-0.414565861479003,9.16699896542709,1.38845892854286,0.255840448608003,0.919608599461231,"Not_Significant"
"MARCKSL1",-0.527625901512292,8.24970525048875,1.38783817077135,0.256049553805838,0.919608599461231,"Not_Significant"
"SMARCA2",-0.449063633019304,8.40781762800853,1.38673332479441,0.256209869186101,0.919608599461231,"Not_Significant"
"S100A10",1.20808589629137,8.05816396758961,1.38268691719151,0.256832073258216,0.919608599461231,"Not_Significant"
"FGD4",-0.640321596860925,7.88459762734117,1.3822332806303,0.256997722250396,0.919608599461231,"Not_Significant"
"COX7A2",-0.549921173799714,8.40896487604868,1.38110934217601,0.257138400824188,0.919608599461231,"Not_Significant"
"PCM1",0.460923876419924,8.76632385397321,1.37853146451143,0.257515483770342,0.919608599461231,"Not_Significant"
"PPA1",-0.703479017723795,8.12379777369221,1.37764120829709,0.257747321081369,0.919608599461231,"Not_Significant"
"MT-ND3",0.62647506462588,12.2443746488716,1.37599106341264,0.257847291995934,0.919608599461231,"Not_Significant"
"COL1A2",0.825156746570435,8.74612095758562,1.37615374493675,0.257912538846437,0.919608599461231,"Not_Significant"
"PHC2",0.83469224846313,7.57850020753981,1.37418550393765,0.258198069860507,0.919608599461231,"Not_Significant"
"FOXP2",0.969219341215722,8.3077591252053,1.37261679440175,0.258534493657564,0.919608599461231,"Not_Significant"
"SREBF2",-0.758810435358536,7.87935408268563,1.37057312463707,0.258930040848932,0.919608599461231,"Not_Significant"
"ZNF83",-0.521814224278188,8.26481771296416,1.36909933858028,0.259152654712516,0.919608599461231,"Not_Significant"
"ZNF536",-0.697629183284904,7.98361101000404,1.36483403101388,0.259891101592887,0.919608599461231,"Not_Significant"
"SLC16A12",1.23865248957533,7.81445091229455,1.36230613883284,0.260172016586296,0.919608599461231,"Not_Significant"
"KCNMA1",1.69726178715601,9.25724192782875,1.36385772704539,0.260299858479404,0.919608599461231,"Not_Significant"
"MAMDC2",0.632186922931015,8.35690866137725,1.35828090866846,0.260946270659313,0.919608599461231,"Not_Significant"
"AP3S1",0.660984624961466,8.00988891329354,1.35648509605373,0.261271440835505,0.919608599461231,"Not_Significant"
"BGN",0.89606425760669,8.2785586707968,1.35570856173301,0.261376655924119,0.919608599461231,"Not_Significant"
"CNTN5",-0.760190342645776,7.55262230077469,1.35476883675918,0.261511858502619,0.919608599461231,"Not_Significant"
"RB1CC1",0.624114974716702,7.95165756322678,1.34637916036613,0.262987751308714,0.919608599461231,"Not_Significant"
"SESN3",0.650931141644294,8.00017798538433,1.34306204320775,0.263551759621882,0.919608599461231,"Not_Significant"
"RBFOX1",-0.798811221307818,9.45500502734241,1.34156781031363,0.263687310578603,0.919608599461231,"Not_Significant"
"PCMTD1",0.618081904076928,8.04148249698308,1.34188943602987,0.263753586615141,0.919608599461231,"Not_Significant"
"GPHN",-0.388244710644763,9.41941086520348,1.32606318756941,0.26635570527186,0.919608599461231,"Not_Significant"
"MAN2A1",0.541580510637948,9.35675692180691,1.32536647452221,0.266480772516277,0.919608599461231,"Not_Significant"
"STXBP6",-0.439971464574522,8.1379442857756,1.32399785860088,0.266847920648844,0.919608599461231,"Not_Significant"
"SEM1",0.519426102546682,8.21796476494892,1.32316118395224,0.266974253353509,0.919608599461231,"Not_Significant"
"WSB1",-0.447461054708292,9.60909126056967,1.31951424832271,0.267485727148161,0.919608599461231,"Not_Significant"
"PKP4",-0.462506644407217,9.2558673044447,1.31946278530041,0.267513624585177,0.919608599461231,"Not_Significant"
"SLC38A5",-1.16132647175041,7.12359160142406,1.3158420144403,0.26763347934012,0.919608599461231,"Not_Significant"
"CHCHD3",0.516582467215151,8.46992213936162,1.31475002455139,0.268413184862338,0.919608599461231,"Not_Significant"
"NRF1",-0.562733093298396,7.75836578939841,1.31411622899137,0.268576390179968,0.919608599461231,"Not_Significant"
"RPGR",0.870215903269378,8.12864591700294,1.31293661213256,0.268746189470395,0.919608599461231,"Not_Significant"
"ZNF385B",0.623002036052862,8.24043755827953,1.31292571680727,0.26875541396105,0.919608599461231,"Not_Significant"
"S100A11",0.711891327249293,8.18369594437661,1.31157367360525,0.268993341216351,0.919608599461231,"Not_Significant"
"SPCS2",-0.60937907512804,7.88900295963348,1.30253710105887,0.270621727132276,0.919608599461231,"Not_Significant"
"EVL",-0.674657596004419,7.65984428525545,1.3020286622623,0.270680611530149,0.919608599461231,"Not_Significant"
"RPL18",0.787792305713256,8.25563553574658,1.29279460210548,0.272308385749606,0.919608599461231,"Not_Significant"
"GAB1",-0.482910420674051,9.04905908709556,1.29165934076776,0.272436789876214,0.919608599461231,"Not_Significant"
"MYO5A",0.782790400070334,7.6701765382058,1.29064624493714,0.27265238243368,0.919608599461231,"Not_Significant"
"LCOR",0.566451905931214,7.92499781821705,1.29044434347931,0.272752819839035,0.919608599461231,"Not_Significant"
"UGP2",0.643284153480005,7.99503964600611,1.28899292655681,0.273007558546194,0.919608599461231,"Not_Significant"
"COL4A2",-0.595224087417354,8.13146369842749,1.28606277938858,0.2735460998878,0.919608599461231,"Not_Significant"
"PLD1",-0.608975637718041,8.38570239840953,1.28444130154261,0.273807881759582,0.919608599461231,"Not_Significant"
"SLC26A2",0.94725036810267,7.67702032539338,1.28375025986803,0.273856427500383,0.919608599461231,"Not_Significant"
"PRKRIP1",-0.803806209401229,7.56782919811272,1.27874869222778,0.274805304072801,0.919608599461231,"Not_Significant"
"SLC7A1",0.547834295024339,8.87685254986321,1.2748495321107,0.275476945795152,0.919608599461231,"Not_Significant"
"OSMR",0.589340391687575,8.12308660110286,1.27423102615689,0.275666393597391,0.919608599461231,"Not_Significant"
"RPS6KA3",0.484615203817885,8.17894831723611,1.27397715840439,0.275711919999169,0.919608599461231,"Not_Significant"
"CEP85L",0.630739453546364,7.72389923506606,1.27319980943694,0.275832430608208,0.919608599461231,"Not_Significant"
"NBEAL1",-0.398817241659698,9.12349995236219,1.27224676209097,0.275927771339052,0.919608599461231,"Not_Significant"
"PTMA",0.650140974503374,10.2682882554492,1.26827696485456,0.27660595025568,0.919608599461231,"Not_Significant"
"GSK3B",0.420486118942992,8.49395186974963,1.26808399355124,0.276749491841253,0.919608599461231,"Not_Significant"
"ITGB1",0.506346607972868,8.54690645165831,1.26583443043378,0.277153482593953,0.919608599461231,"Not_Significant"
"NPAS2",-0.46267045482178,8.36114796842605,1.26444702225358,0.277435735628463,0.919608599461231,"Not_Significant"
"KCNT2",0.612584411908995,8.91981311170312,1.26373737568651,0.277497828133321,0.919608599461231,"Not_Significant"
"ADIRF",0.92250655175457,9.11791310418507,1.26350619255346,0.277526598951675,0.919608599461231,"Not_Significant"
"VGLL4",0.461651500829437,8.26116676476924,1.26218434873223,0.277855053550755,0.919608599461231,"Not_Significant"
"SAT1",-0.439752381403189,10.0111276505432,1.26053765411707,0.278026750884356,0.919608599461231,"Not_Significant"
"DYNC1H1",-0.529802147135888,8.3510934906929,1.26050816309912,0.278159486753861,0.919608599461231,"Not_Significant"
"ASPN",-1.11790625024982,7.15797181952897,1.25030836526459,0.279538637748862,0.919608599461231,"Not_Significant"
"PITPNC1",0.56572270371571,9.3794512863552,1.2510320749823,0.279803682558298,0.919608599461231,"Not_Significant"
"DDX5",0.423617217496732,9.8412696777429,1.24307512227526,0.281262792762806,0.919608599461231,"Not_Significant"
"STAG1",0.474944784990568,9.26990802499809,1.24296439618529,0.2813089403137,0.919608599461231,"Not_Significant"
"SSBP2",0.541765774511535,9.32273198393924,1.24236441683798,0.281418126307198,0.919608599461231,"Not_Significant"
"VPS13C",0.493646883334037,8.390878900575,1.24133027464035,0.281699191442976,0.919608599461231,"Not_Significant"
"USP25",0.605115098604813,7.85102597875162,1.23556848590068,0.28280019570417,0.919608599461231,"Not_Significant"
"ABCA8",-0.649525551347634,9.46140185720808,1.2340837565537,0.282963212884426,0.919608599461231,"Not_Significant"
"PPFIA2",-0.757620451940647,7.88474737397951,1.22981150160511,0.283906519912157,0.919608599461231,"Not_Significant"
"RPL23A",0.625723768419885,7.9831105397243,1.22764145902424,0.284297093157539,0.919608599461231,"Not_Significant"
"CTNNB1",0.459615696747994,8.70096297599469,1.22643864295529,0.284463821069828,0.919608599461231,"Not_Significant"
"APOO",-0.420648584876606,8.76519236684123,1.2246571532714,0.284796202629515,0.919608599461231,"Not_Significant"
"ANKRD11",0.463029181141554,8.19038643268929,1.22465648403066,0.284858787780624,0.919608599461231,"Not_Significant"
"NKTR",-0.419011654316329,9.21370516181034,1.22393147325167,0.28489355171215,0.919608599461231,"Not_Significant"
"PCCA",0.414980037796289,9.02068078161101,1.22270336842163,0.285140700001809,0.919608599461231,"Not_Significant"
"VAPA",0.400216771535706,8.47924635227227,1.21897424073487,0.285907387998913,0.919608599461231,"Not_Significant"
"GPR75-ASB3",0.751240192853233,7.82799781275438,1.21781313392052,0.286142062138681,0.919608599461231,"Not_Significant"
"DOCK9",-0.425730062761494,9.92428301663258,1.21607023513101,0.286359406295114,0.919608599461231,"Not_Significant"
"SRRM1",-0.547249805354611,7.90652554907003,1.21597681370022,0.286538219890549,0.919608599461231,"Not_Significant"
"RBM25",-0.475729943551164,8.2062692064685,1.21127284294144,0.287418602738557,0.919636658350295,"Not_Significant"
"ARNT2",-0.569267429601926,8.5014605213918,1.20975491242984,0.287674559271678,0.919636658350295,"Not_Significant"
"TBC1D22A",0.480698977115039,8.30212474632936,1.20842347954975,0.287947524536837,0.919636658350295,"Not_Significant"
"RAB10",0.652066356249299,7.95626156838587,1.2039787368282,0.288817330023652,0.919636658350295,"Not_Significant"
"MECOM",0.43757840143048,9.87334890621515,1.20211489135954,0.289044801164287,0.919636658350295,"Not_Significant"
"CDK13",-0.466444052039777,8.54683723061624,1.20157953285253,0.289244449931601,0.919636658350295,"Not_Significant"
"SIK3",-0.386330533083273,10.642334709311,1.19616794104944,0.290186635396871,0.919636658350295,"Not_Significant"
"MAOA",0.800604321650163,7.70066214914051,1.19373769442416,0.290753556005883,0.919636658350295,"Not_Significant"
"RPLP2",0.590232653319428,9.01720195306706,1.19338016519578,0.290786867218856,0.919636658350295,"Not_Significant"
"BSG",0.701358137532164,10.6885377679078,1.18992163061031,0.291405533858941,0.919636658350295,"Not_Significant"
"RIMKLB",0.684884514783599,8.35797359715233,1.1887431287461,0.291758375684194,0.919636658350295,"Not_Significant"
"CCDC85A",0.875585308453335,7.97036452656837,1.18571498388239,0.292353636389623,0.919636658350295,"Not_Significant"
"MARK3",-0.441237811036893,8.41188972395753,1.18370143806969,0.292751066486304,0.919636658350295,"Not_Significant"
"PSEN1",-0.559921420662755,7.87709659162331,1.17940747882108,0.293642784900325,0.919636658350295,"Not_Significant"
"PEAK1",-0.440489502029254,8.68087131768991,1.17556695228207,0.294324595660974,0.919636658350295,"Not_Significant"
"ST7",-0.714850463697278,7.78761698014878,1.17399072151046,0.294706330704212,0.919636658350295,"Not_Significant"
"SLC2A1",0.69346046546169,9.1254469071379,1.16426422585063,0.296536341984513,0.919636658350295,"Not_Significant"
"RPS9",-0.421399270398722,9.05079757980172,1.16214835232865,0.29696485607791,0.919636658350295,"Not_Significant"
"CAMK1D",0.52589757260993,8.40364827446554,1.16048264521016,0.29736484366437,0.919636658350295,"Not_Significant"
"KANK1",-0.543894210649468,8.37009631848492,1.15802910909118,0.297869717492857,0.919636658350295,"Not_Significant"
"ACADVL",0.609512306573529,8.50423624608549,1.15518929917182,0.298419793967522,0.919636658350295,"Not_Significant"
"PPIB",0.89871390962345,7.62353720994285,1.15131485040751,0.299144826190975,0.919636658350295,"Not_Significant"
"ADK",0.516383572193944,8.40909222737664,1.14850413321718,0.299786099260504,0.919636658350295,"Not_Significant"
"TLE4",-0.395129020814486,9.10477699554052,1.14780926112632,0.299858553289928,0.919636658350295,"Not_Significant"
"GPRC5B",0.59284099969478,8.23564359597804,1.14713976928715,0.300079330222535,0.919636658350295,"Not_Significant"
"FYN",0.483997275784594,8.89328309179314,1.14656128911772,0.300130059861727,0.919636658350295,"Not_Significant"
"TENT2",-0.397064406374531,8.39591679284434,1.14672666738472,0.300154468090325,0.919636658350295,"Not_Significant"
"GNB1",-0.458902846666004,8.51152789503308,1.14466913730137,0.300559994209635,0.919636658350295,"Not_Significant"
"AHCYL2",0.654387686038816,8.40894540377784,1.14331849125077,0.300841069002942,0.919636658350295,"Not_Significant"
"HSPA8",0.917816973094547,7.58255460366454,1.14268946458848,0.300880573518453,0.919636658350295,"Not_Significant"
"NR2F1",0.709001705609698,8.71473454367499,1.14263682570842,0.300948700827563,0.919636658350295,"Not_Significant"
"CSTB",0.47811299613873,8.08165922335533,1.14289561146997,0.300960376540065,0.919636658350295,"Not_Significant"
"EIF4A2",0.536084789449205,8.7134407384375,1.13997233162533,0.30149393628714,0.919636658350295,"Not_Significant"
"ID3",0.645533886250043,9.8225930837639,1.13747271637002,0.301937692067986,0.919636658350295,"Not_Significant"
"CPE",0.48377653980386,9.24947281675533,1.13622809356628,0.30221749970129,0.919636658350295,"Not_Significant"
"LDB2",0.456797081788352,8.79871964496855,1.13326956262216,0.302863106432727,0.920237900314824,"Not_Significant"
"PPFIBP1",-0.393501469637883,9.61384633517871,1.12890214854182,0.303711419616352,0.920465573977922,"Not_Significant"
"REEP3",0.466139480846897,8.62019461621891,1.12866205591021,0.303834303387065,0.920465573977922,"Not_Significant"
"FOXJ3",0.478657369269286,8.06833832367847,1.12529367885497,0.304587907847037,0.921389635814158,"Not_Significant"
"LINC00513",0.684154864461501,8.30589975134518,1.1202815385192,0.305607058457718,0.922403648359431,"Not_Significant"
"SLC16A1",0.662969166016095,8.54562611429505,1.11371857103533,0.306958431888322,0.922403648359431,"Not_Significant"
"WDR60",0.516046152239233,8.60273212056094,1.11318798322761,0.307064520293567,0.922403648359431,"Not_Significant"
"WWC2",0.492843577066141,8.2984781838005,1.11097952797287,0.30756249675723,0.922403648359431,"Not_Significant"
"AL445250.1",-0.699822442636282,7.66825232564138,1.10627833557302,0.308562209819081,0.922403648359431,"Not_Significant"
"MTDH",-0.39537163646425,8.10216495070028,1.10471568878294,0.308913396032254,0.922403648359431,"Not_Significant"
"PRRC2C",0.54982890883575,8.21328587451518,1.10326122566581,0.309200360621614,0.922403648359431,"Not_Significant"
"PLCB1",0.47355173734421,9.13982088557121,1.10178089813389,0.309425747291632,0.922403648359431,"Not_Significant"
"PI4KA",0.495430761231413,7.88853154160994,1.1020591644503,0.30947035450166,0.922403648359431,"Not_Significant"
"ANO4",-0.655021052826426,7.81969844602744,1.09751897461045,0.310447250966557,0.922403648359431,"Not_Significant"
"COX6C",-0.599758219665953,8.13084216765269,1.09731530447886,0.310484432187126,0.922403648359431,"Not_Significant"
"BTNL9",0.725521369556927,7.9394983502822,1.09377962710084,0.311219694217476,0.922403648359431,"Not_Significant"
"ETNK1",0.763825738725659,7.76988971834212,1.09343844686254,0.311271307235561,0.922403648359431,"Not_Significant"
"MAGI1",0.433005005700217,9.53809923837671,1.09187171576457,0.311518902898593,0.922403648359431,"Not_Significant"
"TGFBR3",0.648249718893378,8.54829470319769,1.08829318866528,0.312363879768777,0.922403648359431,"Not_Significant"
"TJP1",0.398118380767478,10.3029586647414,1.08709423732327,0.312526830740809,0.922403648359431,"Not_Significant"
"BACH2",-0.599441760358641,7.72286480498125,1.08257837920463,0.313648444996045,0.922403648359431,"Not_Significant"
"RB1",0.391201830384732,8.4603550670982,1.08071392987941,0.314011854932472,0.922403648359431,"Not_Significant"
"STRN3",0.474610864853084,7.96566643099467,1.07522855647967,0.315243628558933,0.922403648359431,"Not_Significant"
"FUS",-0.396254869802001,8.47804247513911,1.07497040329022,0.31526165650499,0.922403648359431,"Not_Significant"
"PRRX1",0.625830358947794,7.99881630278252,1.07239064578483,0.315853942211717,0.922403648359431,"Not_Significant"
"EPC1",0.369860960900979,8.66976568177496,1.07076073487522,0.316156276635265,0.922403648359431,"Not_Significant"
"PPP2R2A",-0.484956277481245,8.10812263954309,1.06962018816483,0.316473057735113,0.922403648359431,"Not_Significant"
"RSRP1",0.436944921844127,8.90143013802795,1.06909016707008,0.316499629069359,0.922403648359431,"Not_Significant"
"CAST",0.421928888346595,8.42424940023344,1.06762762224343,0.316870275069738,0.922403648359431,"Not_Significant"
"PRICKLE2",-0.478238795196385,7.97994031351745,1.06607918093881,0.317258713902974,0.922403648359431,"Not_Significant"
"EXOC4",0.434307183565922,9.39001933708139,1.0620411018136,0.3180167023205,0.922403648359431,"Not_Significant"
"CNOT4",0.537326267493803,8.110766241931,1.06101702875983,0.318353022137541,0.922403648359431,"Not_Significant"
"XRCC5",-0.42084685824017,8.03713072651331,1.05920889407522,0.318770898483051,0.922403648359431,"Not_Significant"
"CUL1",0.548427417273554,7.82601904753452,1.05889818711976,0.318820834102167,0.922403648359431,"Not_Significant"
"LRCH1",-0.51676148495098,8.43728810851499,1.05715880397086,0.319183170257551,0.922403648359431,"Not_Significant"
"ADGRF5",-0.44255220976911,8.57154072322776,1.05658640674987,0.319293570585957,0.922403648359431,"Not_Significant"
"HINT1",-0.40325125168307,8.49029310446084,1.04848417012184,0.321107664371893,0.923450465184639,"Not_Significant"
"POLR2F",-0.453380318476586,8.19258158660721,1.042997883002,0.322372969848331,0.923450465184639,"Not_Significant"
"NAV2",-0.565566100183826,9.31471136832265,1.04023303944356,0.322887199496873,0.923450465184639,"Not_Significant"
"FUT8",-0.463760884441887,8.28518370213514,1.03727930313889,0.323652043607509,0.923450465184639,"Not_Significant"
"PEA15",0.694240397694619,7.64199248721137,1.03661921043508,0.323757119712191,0.923450465184639,"Not_Significant"
"CTNNA1",-0.345791939439048,8.68547500294079,1.03180359955004,0.324845516038779,0.923450465184639,"Not_Significant"
"LRP4",0.557530307268757,8.0541937652515,1.02552304822587,0.326332978637497,0.923450465184639,"Not_Significant"
"SLC30A1",0.909723791981546,7.63149805020939,1.02392062934977,0.326605936427132,0.923450465184639,"Not_Significant"
"RPL8",0.555333126083823,8.94945761857122,1.02369231393046,0.326671198924898,0.923450465184639,"Not_Significant"
"MT1X",1.13443444688105,9.23471340757348,1.02382359509284,0.326953258146127,0.923450465184639,"Not_Significant"
"PDXDC1",-0.437530384969683,8.78255706620172,1.01798491543672,0.327998990888654,0.923450465184639,"Not_Significant"
"RPL30",-0.509267912982839,7.90002072646555,1.0155269023246,0.328650750990115,0.923450465184639,"Not_Significant"
"BPTF",0.400064075699067,8.79507748538665,1.01242491569851,0.329280587910202,0.923450465184639,"Not_Significant"
"AFF1",0.445071659760253,8.89371463626622,1.0105250358849,0.32971266070846,0.923450465184639,"Not_Significant"
"ABCG1",-0.963162303116219,7.0399231734704,1.00817760094968,0.329718576195754,0.923450465184639,"Not_Significant"
"AC008014.1",0.876151627711977,8.55273102361335,1.01006168106596,0.329850503696494,0.923450465184639,"Not_Significant"
"TAGLN",1.14275369759432,8.97930515347903,1.00795037749742,0.330632749148587,0.923450465184639,"Not_Significant"
"APOLD1",0.494337392756691,9.24374764661618,1.00579025405351,0.330789217318502,0.923450465184639,"Not_Significant"
"EPAS1",-0.437355201332685,9.773287584622,1.00132018335602,0.331811740417143,0.923450465184639,"Not_Significant"
"RPS27L",0.641585731502948,8.13114420953231,1.00089614558788,0.332027319183415,0.923450465184639,"Not_Significant"
"RPL36",0.6627549956223,9.0951219065346,0.9998498083309,0.332189825977041,0.923450465184639,"Not_Significant"
"ANKRD10",-0.35152660117522,8.40021774806111,0.99911938419067,0.33242960410162,0.923450465184639,"Not_Significant"
"SF1",-0.413395444218496,8.14031635526924,0.993599079622846,0.333758292979959,0.923450465184639,"Not_Significant"
"EEF1A1",0.623673503136164,9.24939187534762,0.990949793675679,0.334277509685991,0.923450465184639,"Not_Significant"
"PREX1",-0.851113738018911,7.36222151549419,0.990431698097395,0.334334631402017,0.923450465184639,"Not_Significant"
"NBAS",-0.441718371844115,8.04392256799165,0.990707951107731,0.334449680841106,0.923450465184639,"Not_Significant"
"CHSY3",0.686729447247031,8.5021044883093,0.981233123047525,0.336650721536605,0.923450465184639,"Not_Significant"
"SLC6A1",-0.536220450751995,8.57779919159337,0.977894755694557,0.337447889361913,0.923450465184639,"Not_Significant"
"BACE2",-0.517407084462494,8.3151585132408,0.977571866669574,0.337555121604129,0.923450465184639,"Not_Significant"
"FDFT1",-0.657057724414093,7.69139718515621,0.975410117903216,0.338083441939311,0.923450465184639,"Not_Significant"
"SLC6A1-AS1",-0.865272104857177,10.5392069053011,0.975200275738381,0.338318402666296,0.923450465184639,"Not_Significant"
"AMOTL1",-0.578471530537558,7.63657480846541,0.973001373985081,0.338655297592127,0.923450465184639,"Not_Significant"
"PCBP2",0.521566296540468,7.93694894864062,0.971873969131757,0.338940464392766,0.923450465184639,"Not_Significant"
"ADARB2",0.548147268070113,8.04889561599026,0.970717529167395,0.339216474466612,0.923450465184639,"Not_Significant"
"PHACTR1",-0.442114271450986,8.87656503160435,0.969172182118218,0.339517663827813,0.923450465184639,"Not_Significant"
"CLSTN1",-0.598909392992702,7.80206747856858,0.967048696599503,0.340118591450329,0.923450465184639,"Not_Significant"
"ST6GAL1",0.49254005837225,8.75498047885442,0.966706569640738,0.340125226412435,0.923450465184639,"Not_Significant"
"TRAF3IP2-AS1",-0.445958877387469,8.01032281270791,0.966579908869246,0.340234565560514,0.923450465184639,"Not_Significant"
"SNX29",0.648915367701094,7.88284854230373,0.964913139389855,0.340615615768334,0.923450465184639,"Not_Significant"
"RAMP2",0.586882027943611,7.83772951924268,0.964359095972495,0.340752380062219,0.923450465184639,"Not_Significant"
"BNC2",0.713339652137748,8.5238223424909,0.963715164230316,0.340873815703679,0.923450465184639,"Not_Significant"
"CD46",0.412833433376599,8.4060284754446,0.962434010498117,0.341200032248864,0.923450465184639,"Not_Significant"
"PLOD2",0.670151520720448,8.01508902363783,0.960467982840156,0.341700041033265,0.923450465184639,"Not_Significant"
"UBB",-0.429104897509906,8.68980450142708,0.959165694616185,0.341969932904727,0.923450465184639,"Not_Significant"
"UVRAG",-0.420013927354474,8.6960417942686,0.958422554435554,0.342150930618213,0.923450465184639,"Not_Significant"
"CSNK1A1",0.34607253388883,9.31708515946731,0.95167641514419,0.343758068734342,0.923450465184639,"Not_Significant"
"PUM2",-0.310065836549163,8.58901028786058,0.94918661053726,0.344432183404273,0.923450465184639,"Not_Significant"
"LRP1B",0.631018285201249,10.0676860531455,0.948105171199111,0.344616273989901,0.923450465184639,"Not_Significant"
"CPSF6",0.641252312212087,7.76400688268127,0.947659359336509,0.344835133308701,0.923450465184639,"Not_Significant"
"CD9",-0.557064969075558,8.21658242081555,0.947300018065622,0.344942325634392,0.923450465184639,"Not_Significant"
"ENOX1",-0.470949437686787,8.3747686747552,0.940492839659591,0.346614989090482,0.923450465184639,"Not_Significant"
"STK3",0.375853282943846,8.88084339200186,0.936787898674118,0.347484686681545,0.923450465184639,"Not_Significant"
"ADIPOR2",0.49339799466889,9.20368438305096,0.93372172340021,0.348230593196321,0.923450465184639,"Not_Significant"
"PHIP",0.378298475792965,8.91319152316453,0.931178795246326,0.348889397958789,0.923450465184639,"Not_Significant"
"TTTY14",-0.394641790616272,8.60423832000913,0.930965971539905,0.34897435992606,0.923450465184639,"Not_Significant"
"TOMM7",-0.418019567120274,8.07671590782303,0.928179159906256,0.349732820696336,0.923450465184639,"Not_Significant"
"LINGO1",0.682317541455036,9.11063942084436,0.927057895974092,0.349915960810124,0.923450465184639,"Not_Significant"
"SRSF3",0.466252106352933,8.08718462763694,0.922623764264323,0.351128660896535,0.923450465184639,"Not_Significant"
"ATP10D",0.630462248236496,7.69127941010961,0.92136009732658,0.351419347614081,0.923450465184639,"Not_Significant"
"CAMK2D",-0.376867406257521,9.08271112694639,0.919297949381141,0.351885853883639,0.923450465184639,"Not_Significant"
"SCAPER",0.358555533153409,8.78573325234298,0.918900264326193,0.352010462286141,0.923450465184639,"Not_Significant"
"DDX17",0.315608917993342,9.56563055360669,0.917594027271062,0.352294703394218,0.923450465184639,"Not_Significant"
"RC3H1",0.489206719600601,7.88462644832162,0.917846813796298,0.352347104553191,0.923450465184639,"Not_Significant"
"MT-CO2",0.497646806017184,11.4588053259103,0.916680067024467,0.352505525788457,0.923450465184639,"Not_Significant"
"SLC9A9",-0.420554645056034,7.90318158676239,0.916595725411277,0.352682049412427,0.923450465184639,"Not_Significant"
"PLA2R1",1.00158523492164,7.66037494515452,0.912234261177776,0.353681833655624,0.923450465184639,"Not_Significant"
"MYO1D",-0.501720044216089,8.55511814847004,0.908233537335578,0.354770907624289,0.923450465184639,"Not_Significant"
"CBR4",-0.609702705548662,7.81268950855174,0.908352080267699,0.354792113984231,0.923450465184639,"Not_Significant"
"PTGES3",0.518061244763642,8.17530794074935,0.907484138761712,0.354995423179072,0.923450465184639,"Not_Significant"
"KCTD8",-0.469211039223448,8.82693391545213,0.906332511963137,0.355233311323815,0.923450465184639,"Not_Significant"
"ARPP19",-0.531837305801212,7.57725946235767,0.906244775207408,0.355299056980538,0.923450465184639,"Not_Significant"
"TENM2",-0.692670436628275,8.15614304842504,0.902536222397501,0.356286892526388,0.923450465184639,"Not_Significant"
"NOSTRIN",-0.434288204440511,8.25249932815318,0.901052052018605,0.35666163871531,0.923450465184639,"Not_Significant"
"RPS13",0.708840542222849,7.93996133843236,0.8999883300499,0.356933410458939,0.923450465184639,"Not_Significant"
"PEX5L",0.514751521873881,9.28367708664886,0.898468169138057,0.357239916194058,0.923450465184639,"Not_Significant"
"TIE1",-0.549376563675266,7.82048318075937,0.898812094005838,0.357264580193381,0.923450465184639,"Not_Significant"
"RPL10",-0.511155516562812,9.79061839349221,0.897888047323916,0.357371556509047,0.923450465184639,"Not_Significant"
"CDK19",-0.409975038897975,8.08255785538766,0.89665878945026,0.357820941895494,0.923450465184639,"Not_Significant"
"ATP5F1E",0.556319493054197,8.79058653243337,0.896217991702151,0.357861629822323,0.923450465184639,"Not_Significant"
"EFR3B",-0.556997638256118,7.66656714914021,0.895066444739898,0.358224392307012,0.923450465184639,"Not_Significant"
"NCAM1",-0.428637640281815,8.94012794534557,0.893733120042159,0.358499396864192,0.923450465184639,"Not_Significant"
"KRIT1",0.477616840204657,7.98226053919156,0.89145133358625,0.35917711292139,0.923450465184639,"Not_Significant"
"CLASP1",0.481626221230188,8.39665639158494,0.891252988808655,0.359199354305937,0.923450465184639,"Not_Significant"
"FER",0.384299029847599,8.70815619088127,0.890969166671287,0.359242957733012,0.923450465184639,"Not_Significant"
"PLAGL1",-0.882755531228873,7.17978037639966,0.889685294868186,0.359280883679855,0.923450465184639,"Not_Significant"
"ERBB4",0.391595387880545,9.3272177544062,0.890152203089012,0.359412563114433,0.923450465184639,"Not_Significant"
"MAPRE2",-0.462244348041387,7.89773356783735,0.889679022856452,0.359656471893589,0.923450465184639,"Not_Significant"
"RGS6",-0.558353185847539,8.18410777261688,0.888388703365565,0.35997984436361,0.923450465184639,"Not_Significant"
"TRPC4AP",-0.506578633652008,7.88805181470969,0.886554592875526,0.360478564905824,0.923450465184639,"Not_Significant"
"SLC8A1",-0.509842214037364,7.92918787992705,0.885520809686118,0.360751092798796,0.923450465184639,"Not_Significant"
"SYNJ2",-0.49505244207146,8.14003989752853,0.882929778384421,0.361424369731746,0.923450465184639,"Not_Significant"
"FRMD4B",-0.4417089014839,8.67990055188218,0.880915978019576,0.361901227412603,0.923450465184639,"Not_Significant"
"SCD",-0.569556867423884,7.99325150596566,0.880709414556341,0.362022339747752,0.923450465184639,"Not_Significant"
"ADAMTS9-AS2",-0.321872300547935,9.61622475374612,0.879608288291228,0.362187056542212,0.923450465184639,"Not_Significant"
"GFAP",0.670950047294417,7.62585920751514,0.879166502247632,0.36236663823701,0.923450465184639,"Not_Significant"
"NR2F2-AS1",0.596720476144438,9.1920479761328,0.874967358116184,0.363443812640089,0.92409980917888,"Not_Significant"
"SLCO1A2",-0.542419844581907,8.23667791552444,0.874983145357168,0.36352873118931,0.92409980917888,"Not_Significant"
"CFL1",-0.507887758953851,8.77711357504434,0.873114860156856,0.363971151716511,0.92409980917888,"Not_Significant"
"AC018682.1",0.67835851289611,7.88836533651779,0.861336633827644,0.367192669316941,0.925468983227976,"Not_Significant"
"NXN",-0.515700723462266,8.71563268218762,0.860080062035144,0.367489632474935,0.925468983227976,"Not_Significant"
"RPS4X",-0.51580201062582,7.97605710410149,0.860008801778698,0.36757826126864,0.925468983227976,"Not_Significant"
"REV3L",0.449285050860238,8.64761762842686,0.859233662097155,0.36772316993256,0.925468983227976,"Not_Significant"
"AMBRA1",-0.455613927422069,8.56298680099421,0.856135728832944,0.368577273914308,0.925468983227976,"Not_Significant"
"DLG2",-0.430569794715198,10.9154829484748,0.854700808869002,0.368877050733304,0.925468983227976,"Not_Significant"
"DIS3L2",0.615147884931645,7.69696721194155,0.854265549613621,0.369099792187489,0.925468983227976,"Not_Significant"
"LY6E",0.617958014203838,8.34825228291917,0.853568834972548,0.36929389751459,0.925468983227976,"Not_Significant"
"ATXN10",-0.34766174675516,8.35492420003295,0.852296784694108,0.369647595838113,0.925468983227976,"Not_Significant"
"PLEKHA1",-0.619766135892148,7.55620481052653,0.851436014371275,0.369867615207075,0.925468983227976,"Not_Significant"
"ARMC9",0.626089435585248,7.96690918481959,0.850093719061819,0.370264262281489,0.925468983227976,"Not_Significant"
"CNKSR3",0.64369660564201,7.98150719380208,0.84984571279341,0.37033125722455,0.925468983227976,"Not_Significant"
"MALAT1",0.520000542056866,17.749517840761,0.84850137907398,0.37057263724894,0.925468983227976,"Not_Significant"
"RNMT",-0.402403423703667,7.98817733958438,0.846826010233938,0.371181335552955,0.925468983227976,"Not_Significant"
"FRMD3",-0.49925281624056,8.07976996053792,0.84648802294189,0.371268959191749,0.925468983227976,"Not_Significant"
"DPYD",-0.366378022140651,9.67158514553152,0.843521573790302,0.371965028878795,0.925657534427958,"Not_Significant"
"TRMT112",-0.680840659431162,7.57352617316179,0.841351736437829,0.37264575364877,0.925657534427958,"Not_Significant"
"PIP4K2A",-0.498559873537617,9.51179673846633,0.840900763892359,0.372696582751666,0.925657534427958,"Not_Significant"
"ATP5ME",0.638252541128101,7.90441953288807,0.837786309081753,0.373660927706163,0.926931818246931,"Not_Significant"
"RBM39",-0.345668220912323,8.66241256741818,0.834095621546802,0.374645965695341,0.927760449553445,"Not_Significant"
"SCAF11",-0.375797340612314,8.47476304697253,0.830952921633024,0.375544794049157,0.927760449553445,"Not_Significant"
"SQSTM1",0.38662245871533,8.31096238384876,0.830936994678083,0.375562646258595,0.927760449553445,"Not_Significant"
"ANK3",-0.477006013261448,9.18080498293231,0.828699402844442,0.37611701750046,0.927760449553445,"Not_Significant"
"ANKRD37",0.992274337704295,8.77369088006977,0.828016684586051,0.376632860915146,0.927760449553445,"Not_Significant"
"PARD3",0.404221129445006,10.0575976908478,0.823727686319171,0.377486715993661,0.927760449553445,"Not_Significant"
"PAFAH1B1",-0.382853925070113,8.49559652464406,0.821071408471135,0.378326289107225,0.927760449553445,"Not_Significant"
"SMG6",0.463228057480726,8.24962179019913,0.820130754171944,0.378612875401687,0.927760449553445,"Not_Significant"
"NSD3",-0.380229920165764,8.28350703472997,0.819484380647745,0.378798900702395,0.927760449553445,"Not_Significant"
"PPP3CA",0.320408004168231,9.53963392745235,0.81569430591734,0.379778876852663,0.927760449553445,"Not_Significant"
"C12orf57",0.597564430930267,7.86038242425883,0.81067383444274,0.381314645477718,0.927760449553445,"Not_Significant"
"RNF145",0.49596349548387,7.81953516325645,0.809893231619909,0.381542654393645,0.927760449553445,"Not_Significant"
"SLC20A2",-0.448550354876734,9.40492187189621,0.809168007756121,0.381652011758746,0.927760449553445,"Not_Significant"
"ANAPC16",0.368115356636539,8.40782251861793,0.808212146964246,0.382001239633835,0.927760449553445,"Not_Significant"
"PSMA7",0.580255334947628,8.05679622469571,0.804996635169795,0.38294920508799,0.927760449553445,"Not_Significant"
"XKR6",0.415244510974629,8.12728555794275,0.802546193567994,0.383658569995183,0.927760449553445,"Not_Significant"
"SETD5",-0.337992648215894,8.95500205331102,0.800719007327067,0.384114918730334,0.927760449553445,"Not_Significant"
"UST",0.621128864294767,7.84613900386903,0.800082104242205,0.384365336700631,0.927760449553445,"Not_Significant"
"EXT1",-0.444483150024551,8.70701500457222,0.797772530843471,0.384992180361447,0.927760449553445,"Not_Significant"
"OSBPL8",-0.414501048291675,8.05999286314041,0.796805454886846,0.385336120794782,0.927760449553445,"Not_Significant"
"RPS29",0.689996145063497,7.98323753273774,0.79644111668469,0.385423701481547,0.927760449553445,"Not_Significant"
"LDLRAD3",-0.383373078347651,9.28214257129518,0.79579264517608,0.385526575796377,0.927760449553445,"Not_Significant"
"TRPC1",0.516414648409894,7.93364715093469,0.795625028032788,0.385670984082593,0.927760449553445,"Not_Significant"
"CREB5",-0.49157353219653,8.41305976884637,0.794816701965625,0.38588326185241,0.927760449553445,"Not_Significant"
"ACER3",0.555161085472415,8.08184353994125,0.794774454951354,0.385914356310575,0.927760449553445,"Not_Significant"
"DENND2A",0.418092697475769,8.12920962373817,0.794745288840666,0.385924278432054,0.927760449553445,"Not_Significant"
"ACYP2",-0.358382770803741,8.75942826256325,0.793642577186855,0.386190450033201,0.927760449553445,"Not_Significant"
"MKLN1",0.324927730473984,9.60953864986211,0.788633697138263,0.387607993798393,0.928388907643628,"Not_Significant"
"ACKR1",-0.84340507560672,7.4285064137407,0.786134610245844,0.388341946072797,0.928388907643628,"Not_Significant"
"MT-CYB",0.374451098682244,10.9667482551005,0.780438861028632,0.39000931857687,0.928388907643628,"Not_Significant"
"RHOA",0.410691887601104,8.61834412963351,0.779867048178275,0.390258324959497,0.928388907643628,"Not_Significant"
"NEMF",0.370317260377807,8.52308120917549,0.779451327293507,0.390390753497148,0.928388907643628,"Not_Significant"
"RPS6KC1",0.469856517347414,8.08849360071606,0.777759557552523,0.390929278153337,0.928388907643628,"Not_Significant"
"ITGA6",0.671789910465975,8.41926755918748,0.776458560941361,0.391288725043617,0.928388907643628,"Not_Significant"
"SMYD3",0.368886861074426,9.38882555716921,0.775605288636314,0.391473540522529,0.928388907643628,"Not_Significant"
"PLXDC1",0.774213860699884,7.9081358980765,0.772813415968478,0.39238888433568,0.928388907643628,"Not_Significant"
"ST8SIA6",0.512758398263298,8.21452273812054,0.772438823325931,0.392507848572803,0.928388907643628,"Not_Significant"
"CTDSPL",0.594148341876151,7.98912180770114,0.771684629075776,0.392740914429868,0.928388907643628,"Not_Significant"
"ZC3H13",0.42928263829063,7.84159230034253,0.770468340971517,0.393111556007018,0.928388907643628,"Not_Significant"
"NIPBL",0.394166950262404,8.99487906442268,0.769681980517041,0.393268128251324,0.928388907643628,"Not_Significant"
"REEP5",0.658604187546869,7.60038107061666,0.768156686908331,0.393749142287902,0.928388907643628,"Not_Significant"
"CYTH3",-0.464636838574077,8.04794468477351,0.767459011109853,0.394023222221892,0.928388907643628,"Not_Significant"
"MYO1B",0.467199278052865,8.70973652828702,0.766761586101592,0.394168935157319,0.928388907643628,"Not_Significant"
"FGF14",-0.580294524300177,8.20159192346145,0.765088841741116,0.394726511370716,0.928388907643628,"Not_Significant"
"VPS8",0.49861371723733,7.79065213999143,0.763913005350111,0.39507804392612,0.928388907643628,"Not_Significant"
"TRPS1",0.354887919903931,8.67994717295222,0.762722214809259,0.395391547248995,0.928388907643628,"Not_Significant"
"RPL13",0.503944386896157,9.87707844841604,0.762189118346258,0.395491866693367,0.928388907643628,"Not_Significant"
"MAP4K5",0.331269048270201,8.89600402565935,0.753103158251238,0.398301819315622,0.930703346683602,"Not_Significant"
"TNRC6C",-0.385624555687257,8.01050596925639,0.750719792885709,0.399113452378194,0.930703346683602,"Not_Significant"
"DLEU2",-0.30695661488689,9.4360718508591,0.750010184906362,0.39922035723424,0.930703346683602,"Not_Significant"
"TIMP3",0.467068973619799,9.84199232206423,0.747503398981683,0.399979890659875,0.930703346683602,"Not_Significant"
"PBX1",0.327388812673469,8.99806397789196,0.747260393692726,0.400089502060956,0.930703346683602,"Not_Significant"
"KMT2A",-0.401735712789109,7.99864932139795,0.745980231509368,0.400572917732534,0.930703346683602,"Not_Significant"
"TTLL7",0.340800025372925,9.19580820184914,0.745296173279675,0.400683819935774,0.930703346683602,"Not_Significant"
"WDPCP",0.351812727267866,8.35999367425634,0.745131519391502,0.400801749168019,0.930703346683602,"Not_Significant"
"BRAF",0.404655092232224,8.81386393961459,0.744973364730621,0.400809377624311,0.930703346683602,"Not_Significant"
"CCNY",0.427787641972299,9.28289264287948,0.74411495120208,0.401045135748751,0.930703346683602,"Not_Significant"
"HNRNPA2B1",-0.305314358879983,9.01680750044118,0.740878303405986,0.402063435912296,0.930703346683602,"Not_Significant"
"UBR2",0.418856833707191,8.20226999287222,0.740709354719423,0.402184615097856,0.930703346683602,"Not_Significant"
"RPL19",0.341578902334372,8.68508141277543,0.739731101682335,0.402445346544326,0.930703346683602,"Not_Significant"
"RPL4",0.565488176520214,7.85291818128285,0.7375204457122,0.403180082311819,0.930703346683602,"Not_Significant"
"B2M",-0.40191954626439,11.4116474464485,0.736837578882531,0.403274575729506,0.930703346683602,"Not_Significant"
"MSN",-0.374630372876908,8.09900658013984,0.73482802490004,0.404031878689964,0.931404577810533,"Not_Significant"
"MTMR2",-0.472252132604365,7.66181813287929,0.729583323425551,0.405668414501711,0.934031469553222,"Not_Significant"
"ZNF638",0.315882844379762,9.38493727279452,0.727570738379563,0.406209719061481,0.934031469553222,"Not_Significant"
"HES1",-0.457883247791487,8.95041576813617,0.726619195784461,0.406535605540691,0.934031469553222,"Not_Significant"
"SCARB1",-0.537904733967946,8.53150186710608,0.721211640368041,0.408286244648493,0.934268008339094,"Not_Significant"
"LAMC1",-0.383381780250774,8.54685226059313,0.71792244823792,0.409331310619245,0.934268008339094,"Not_Significant"
"RAB2A",-0.318596918003007,8.35323263959445,0.714194107175433,0.410542741858934,0.934268008339094,"Not_Significant"
"ID1",-0.532202568426136,9.45013114055133,0.713752954947304,0.410604988930879,0.934268008339094,"Not_Significant"
"ATP8A1",-0.355272110658188,8.56593309633603,0.713443457525343,0.410762698900252,0.934268008339094,"Not_Significant"
"IFNGR1",0.600389964183834,7.71901298233787,0.71210729208465,0.411208726639188,0.934268008339094,"Not_Significant"
"ARHGAP26",-0.307673571411591,9.32509618028297,0.710998470416036,0.41149432771313,0.934268008339094,"Not_Significant"
"XAF1",-0.436424783911347,8.19328038451182,0.711200480383781,0.411519819132436,0.934268008339094,"Not_Significant"
"FBXW7",-0.356740510232023,8.05846236101396,0.709336608969641,0.412130342365609,0.934268008339094,"Not_Significant"
"ESYT2",0.457124157195321,9.44908478061783,0.708171381667286,0.412401395255201,0.934268008339094,"Not_Significant"
"RPS27A",-0.38018096616639,9.16107777273134,0.706088569422486,0.413088177803595,0.934268008339094,"Not_Significant"
"FHL2",-0.759021382027151,7.48498644498601,0.70512709466636,0.413414921093693,0.934268008339094,"Not_Significant"
"TPI1",0.587561642325134,8.585286758894,0.702255097484079,0.414373781985213,0.934268008339094,"Not_Significant"
"CD34",0.985311705071905,7.63216280022553,0.699751210074427,0.415137968869586,0.934268008339094,"Not_Significant"
"CPEB4",0.352303521593866,8.19300981373701,0.699434400278983,0.415328361392758,0.934268008339094,"Not_Significant"
"LMBR1",-0.348135758008361,8.39118249574384,0.696510769096994,0.416270021435846,0.934268008339094,"Not_Significant"
"RALGAPA2",0.459723653422274,8.58231820067139,0.696064429288046,0.416395917856282,0.934268008339094,"Not_Significant"
"CTNND2",0.443836206091719,8.74683811489493,0.695853042148035,0.416451274418666,0.934268008339094,"Not_Significant"
"MYCBP2",0.299332522444836,8.92967374040463,0.694806396373038,0.4167804270981,0.934268008339094,"Not_Significant"
"ARHGAP5",-0.376563907971403,8.27207026506864,0.693994790949004,0.417107179588887,0.934268008339094,"Not_Significant"
"GAB2",-0.406172699019939,8.04640154127319,0.691966367528929,0.417792462237214,0.934268008339094,"Not_Significant"
"AP002370.2",-0.782580207242597,7.35782996063591,0.690559635633493,0.418109330867401,0.934268008339094,"Not_Significant"
"KCNIP1",-0.684763984642712,7.5846465812556,0.690567632697574,0.41821717406832,0.934268008339094,"Not_Significant"
"VCL",0.474855341170841,8.36536106570713,0.687947276123641,0.419089004950455,0.934268008339094,"Not_Significant"
"FARS2",0.480545254825963,7.76212772313628,0.687383969219236,0.419290917529053,0.934268008339094,"Not_Significant"
"DYNC1I2",-0.377174525521391,8.30458741228165,0.687250010733725,0.419329876696827,0.934268008339094,"Not_Significant"
"HERC1",0.335000278991838,8.63783292906998,0.686432470171991,0.419567164287785,0.934268008339094,"Not_Significant"
"PIK3C2A",-0.416725198226012,8.4178779151712,0.685800715504914,0.419799608940682,0.934268008339094,"Not_Significant"
"SMC5",-0.40106342062663,8.06047015923451,0.683511492645655,0.420591358681286,0.934268008339094,"Not_Significant"
"ERBIN",0.402865371851594,9.43882487955582,0.680291641977497,0.42156277405134,0.934268008339094,"Not_Significant"
"STK39",-0.317089508722219,8.10619421207978,0.67968761099226,0.42186416248761,0.934268008339094,"Not_Significant"
"CDKAL1",0.377345384430869,8.89410982487407,0.679189151555504,0.421960496771389,0.934268008339094,"Not_Significant"
"NPEPPS",-0.339940224721991,8.10083500085165,0.675385112105603,0.423307410578638,0.934268008339094,"Not_Significant"
"ABCG2",-0.516308887723599,8.00523052960073,0.675077767862444,0.423416007296135,0.934268008339094,"Not_Significant"
"CD99",0.508655734848601,7.91319401487535,0.674763508235457,0.423511349958952,0.934268008339094,"Not_Significant"
"MACF1",-0.274464748841056,9.99253941392875,0.674117866244241,0.423620329628358,0.934268008339094,"Not_Significant"
"FEZ2",-0.489500494125419,9.12027832678491,0.673710655376599,0.423787502052858,0.934268008339094,"Not_Significant"
"FLNB",0.705547880996181,7.77879323151095,0.672704448778286,0.424182792705376,0.934268008339094,"Not_Significant"
"HELZ",0.394773545022851,8.03401909950727,0.670512184134875,0.424948145140865,0.934268008339094,"Not_Significant"
"MAT2A",0.474098351816298,7.77311243686437,0.669991839099101,0.425116871434463,0.934268008339094,"Not_Significant"
"SLIT2",0.969757859723774,8.4319453503999,0.669404036526496,0.425549417605037,0.934268008339094,"Not_Significant"
"POLK",0.394642203792774,7.92299398925866,0.668175321430455,0.425742383546929,0.934268008339094,"Not_Significant"
"ADAM33",0.634794503576705,7.67811572662438,0.662696983059964,0.427573014501782,0.934494034722617,"Not_Significant"
"PHF20L1",0.461170849099626,7.92732207340218,0.662214162473464,0.427770218604001,0.934494034722617,"Not_Significant"
"MCL1",-0.438779405920168,7.87001077252056,0.660815449442427,0.428259803939204,0.934494034722617,"Not_Significant"
"WDFY3",0.313608784014352,8.73013573283882,0.660152531527591,0.428421326815439,0.934494034722617,"Not_Significant"
"VPS13B",0.28610920028858,8.91964733197156,0.659640060121846,0.428582754536912,0.934494034722617,"Not_Significant"
"BHLHE40",-0.355299343525548,8.1014042037768,0.657267750502628,0.429469469104844,0.934494034722617,"Not_Significant"
"GRID2",0.439677175177638,8.34898609056942,0.656497944217913,0.429709501037501,0.934494034722617,"Not_Significant"
"HNRNPK",0.473695308864905,8.33334081853118,0.656113396156643,0.429842937245904,0.934494034722617,"Not_Significant"
"NPC1",-0.465333931471,7.82765768370918,0.655921425522653,0.429940050054953,0.934494034722617,"Not_Significant"
"BST2",0.539422092640373,8.1973604953461,0.653536204165797,0.430741413362523,0.93462113012128,"Not_Significant"
"HLA-A",-0.308891116653862,9.02757108589845,0.652870852564182,0.430908573624563,0.93462113012128,"Not_Significant"
"CAMSAP2",0.508215482198972,8.26429946149083,0.650675436355157,0.431728128438892,0.935410944950932,"Not_Significant"
"CDK18",-0.50652763221814,7.8155902652187,0.644302707417218,0.433972697041442,0.93869712308399,"Not_Significant"
"RPS6KA5",-0.46941519504353,7.92424152422615,0.642225783450508,0.434701930382719,0.93869712308399,"Not_Significant"
"PPIA",0.489859569183943,8.64667528722026,0.640816872657447,0.435139150043125,0.93869712308399,"Not_Significant"
"RAP1A",0.306691657388292,8.64334268735677,0.639724098599571,0.435523753850701,0.93869712308399,"Not_Significant"
"ATRX",0.299074099473026,9.23256869529466,0.638740815020939,0.435831156908453,0.93869712308399,"Not_Significant"
"NAMPT",-0.47408440432323,8.78255917360211,0.637204058669621,0.436402722172061,0.93869712308399,"Not_Significant"
"OGN",-0.791938655503943,7.30444815013319,0.635550105787065,0.436873042681752,0.93869712308399,"Not_Significant"
"CBFA2T2",0.424785559770248,7.93024073071102,0.635670729994591,0.437001628503743,0.93869712308399,"Not_Significant"
"TCF25",-0.381393346724755,8.08436195832651,0.634671501620494,0.437357909830272,0.93869712308399,"Not_Significant"
"ACAP2",0.284435319154358,8.52311446383331,0.632192302506221,0.438197451087605,0.938723353708522,"Not_Significant"
"CTNNA3",-0.30978089896142,10.1391822839432,0.631743027068252,0.438284175368293,0.938723353708522,"Not_Significant"
"MT-ATP6",0.37717047261322,11.3125657941241,0.62852345054537,0.439424662962686,0.93925709348505,"Not_Significant"
"KTN1",0.301263877947852,9.32469477238807,0.628092542699849,0.439605340769987,0.93925709348505,"Not_Significant"
"AC124312.1",-0.484328972106283,7.56559318127516,0.627380828060978,0.439923272670536,0.93925709348505,"Not_Significant"
"RPL35A",0.424968274444505,8.6051149521435,0.62610328946612,0.440362502933838,0.93925709348505,"Not_Significant"
"EPB41L3",-0.433256311788954,8.149129162094,0.624386417148342,0.441020769068891,0.939685331605292,"Not_Significant"
"TAF15",-0.349470605029552,8.24225335701488,0.620089932454954,0.442559448726249,0.94099509220019,"Not_Significant"
"UCHL1",-0.663404383960101,7.46017292379016,0.618440602722656,0.44309482766936,0.94099509220019,"Not_Significant"
"ANKRD28",-0.298376324435826,8.16687024661854,0.616331452631262,0.443925637155333,0.94099509220019,"Not_Significant"
"TMCC1",-0.385474349357404,8.27543143450191,0.616119515006231,0.443993692649341,0.94099509220019,"Not_Significant"
"EPN2",-0.314692017748339,8.58579703441445,0.615137626549989,0.444321822725784,0.94099509220019,"Not_Significant"
"SPDYE2",-0.604501910578436,7.92598517755865,0.614694653648088,0.444531184569286,0.94099509220019,"Not_Significant"
"ABCA9-AS1",-0.622803892110267,7.92620517739384,0.613838672453175,0.444842373187139,0.94099509220019,"Not_Significant"
"DAB1",0.405384284657354,8.1733170514042,0.609903222000875,0.446262213606719,0.942275328146372,"Not_Significant"
"CD151",0.509425363980313,7.78260474017448,0.609620296954219,0.44636508972075,0.942275328146372,"Not_Significant"
"VMP1",-0.313917695574461,8.34684245443489,0.605734340167884,0.447781865030837,0.943292799427559,"Not_Significant"
"FRMPD4",-0.749219970578265,7.1544113937731,0.603224583919656,0.448432319777633,0.943292799427559,"Not_Significant"
"USP15",0.314863752661005,8.23280984435529,0.602437693082062,0.449004374778147,0.943292799427559,"Not_Significant"
"DNAJC1",0.298269003695446,8.90981730456597,0.598027325671124,0.450585175027921,0.943292799427559,"Not_Significant"
"GSN",0.402577969849922,9.05582671171933,0.597900693279376,0.450623787837943,0.943292799427559,"Not_Significant"
"JAK2",-0.362128233232941,8.12790669471097,0.595620570205775,0.45154678856677,0.943292799427559,"Not_Significant"
"NASP",-0.381037421279621,7.79143369962244,0.595346834038132,0.451656846749803,0.943292799427559,"Not_Significant"
"KLF12",0.297425423127843,8.66202381848118,0.593519554504293,0.452284460265823,0.943292799427559,"Not_Significant"
"PLSCR1",0.577050797571953,7.76758437132441,0.592267181448121,0.452785373759126,0.943292799427559,"Not_Significant"
"FTO",0.300895708327905,8.76329932260947,0.592085828390063,0.452813463237437,0.943292799427559,"Not_Significant"
"EPS8",0.366267153292842,9.77223508258008,0.590808251753793,0.453247769379686,0.943292799427559,"Not_Significant"
"TMBIM6",0.42084887164134,8.82103093696438,0.59018569923585,0.453522652788117,0.943292799427559,"Not_Significant"
"UQCRB",-0.290360719675602,8.21875880081982,0.590226455452262,0.453558922146036,0.943292799427559,"Not_Significant"
"IDS",0.439227088482778,7.8333592759109,0.589734291115068,0.453748924500592,0.943292799427559,"Not_Significant"
"RPRD2",-0.348221665142025,8.02292053626351,0.587469089440861,0.454610256144082,0.943292799427559,"Not_Significant"
"ATXN1",-0.285683727871614,9.39508293893306,0.583702809108511,0.455939491709101,0.943292799427559,"Not_Significant"
"ANKH",-0.324505399572407,8.46356249626884,0.582082327854983,0.456614454891152,0.943292799427559,"Not_Significant"
"SEMA5A",-0.371601228808505,8.4958644115387,0.581854484663937,0.456698602502357,0.943292799427559,"Not_Significant"
"LRMDA",0.376764190042294,8.85398099368525,0.58086491394927,0.457045444402317,0.943292799427559,"Not_Significant"
"S1PR1",0.67647741063439,7.68121311956711,0.579551358450631,0.457570894920873,0.943292799427559,"Not_Significant"
"CDK14",-0.319048728043861,8.15301845726472,0.579418791134231,0.457654729492814,0.943292799427559,"Not_Significant"
"SOS2",-0.304124157326213,8.08378400018574,0.577463050156585,0.458406214507125,0.943292799427559,"Not_Significant"
"VPS53",-0.414660776045643,7.83973085989268,0.576951088527863,0.458608174011275,0.943292799427559,"Not_Significant"
"ASH1L",0.309442784664704,9.0210278070016,0.57601781815048,0.458885746404158,0.943292799427559,"Not_Significant"
"BIRC6",0.282988999447004,9.15000406554614,0.575810317093858,0.458958272430246,0.943292799427559,"Not_Significant"
"DOCK10",-0.401646483762028,9.15218782999062,0.572863329163369,0.460090867176187,0.943292799427559,"Not_Significant"
"RPS28",0.647954282675099,8.99569287525308,0.571911256923864,0.460466480109056,0.943292799427559,"Not_Significant"
"UTY",0.318483396903043,8.3232928099512,0.570696045977391,0.460984386926644,0.943292799427559,"Not_Significant"
"PLCL1",-0.34887584682618,9.6941231569577,0.56999821813537,0.461176200301168,0.943292799427559,"Not_Significant"
"ADCY2",-0.495595703869954,7.5809216740895,0.570104592633021,0.461210093517509,0.943292799427559,"Not_Significant"
"MYL9",0.634471010606437,8.1693267000008,0.569806790209856,0.461333103586926,0.943292799427559,"Not_Significant"
"HSP90AA1",0.42668565882531,10.0159154528438,0.568366421298085,0.461801431618008,0.943292799427559,"Not_Significant"
"PDGFRB",-0.370695454766364,9.53269465156373,0.567727262343469,0.462059548982612,0.943292799427559,"Not_Significant"
"LIMCH1",-0.289807304698709,9.26309215501465,0.566352883247596,0.462602104042788,0.943292799427559,"Not_Significant"
"NRG1",0.814379007933658,7.34241219214284,0.565276716627156,0.462920711695706,0.943292799427559,"Not_Significant"
"ZNF148",0.362522447082072,8.26820366266123,0.561314393593222,0.464632863382371,0.944085269011779,"Not_Significant"
"JUN",-0.38050943564128,7.70489648218636,0.559711838535065,0.465275910981241,0.944085269011779,"Not_Significant"
"ITFG1",-0.298731251981199,8.85825835864971,0.557152623646464,0.466220259863875,0.944085269011779,"Not_Significant"
"RASSF8",0.411200694579139,7.94948239647627,0.556969426527475,0.466351897728885,0.944085269011779,"Not_Significant"
"NR2F1-AS1",0.46273416872219,8.45395812678486,0.554918192443754,0.467130106246621,0.944085269011779,"Not_Significant"
"TBC1D5",0.294263596208459,9.33730153012107,0.553953564411388,0.467456305307165,0.944085269011779,"Not_Significant"
"SFMBT2",-0.336762958154559,7.93470148875228,0.55412208683175,0.467482768350591,0.944085269011779,"Not_Significant"
"KIF13B",-0.439624312843397,7.83303620910652,0.553372072065029,0.4677785330932,0.944085269011779,"Not_Significant"
"CAPZB",0.459302186330435,7.84775682478221,0.553197666394697,0.467836685566198,0.944085269011779,"Not_Significant"
"KCNQ3",0.857489574216961,7.55837087643585,0.552810394249303,0.467905941506325,0.944085269011779,"Not_Significant"
"FRY",-0.307044937185307,8.85186554969008,0.550138123083287,0.468993740777026,0.944947412471637,"Not_Significant"
"SP100",0.32980578167605,8.09205328579444,0.549625450693951,0.469253340175788,0.944947412471637,"Not_Significant"
"ITGA1",-0.346186750058976,8.84302244718507,0.548135307928087,0.46979133067211,0.945104204897662,"Not_Significant"
"DYNLL1",-0.332836787097156,8.76221757071827,0.545561507317026,0.470824439219871,0.946255771191405,"Not_Significant"
"SRP14",-0.373061439904043,9.07890997938851,0.543804941855013,0.471508030962862,0.946703319254857,"Not_Significant"
"JPX",0.33085822792554,8.21900976491168,0.542130020699925,0.472241031534346,0.946977936378609,"Not_Significant"
"RPL7A",0.513725192066215,8.36675436370308,0.539146751059897,0.473429815090633,0.946977936378609,"Not_Significant"
"NFASC",-0.345500326950121,7.96292955737261,0.538031733643439,0.473910980328337,0.946977936378609,"Not_Significant"
"HIP1",-0.264371533679032,9.07454390630165,0.536987278265019,0.474254581421921,0.946977936378609,"Not_Significant"
"EXOC6B",-0.236460853541019,9.72416814807536,0.53595212674224,0.474651088621904,0.946977936378609,"Not_Significant"
"DOCK5",-0.371036585753659,8.72791699276204,0.535904269312539,0.474715940374576,0.946977936378609,"Not_Significant"
"MKL1",-0.290110805523797,8.1824073975673,0.534276228863401,0.47542074537027,0.946977936378609,"Not_Significant"
"ECHDC2",-0.368111260187815,7.97817013902655,0.532095141989553,0.476320195428203,0.946977936378609,"Not_Significant"
"FOXP1",0.453191688510412,10.626080035073,0.530756887639352,0.476755449415735,0.946977936378609,"Not_Significant"
"TSC22D1",0.359264549445417,10.5072164590971,0.529247321732675,0.477373375679276,0.946977936378609,"Not_Significant"
"SEC62",-0.300862805345968,8.58690214239031,0.529255709988654,0.477435351569231,0.946977936378609,"Not_Significant"
"BICC1",0.331637295424298,8.898147020515,0.52797363300753,0.47793769423719,0.946977936378609,"Not_Significant"
"NCOA7",0.265786073435433,8.68270776746591,0.527736921015596,0.478049296821031,0.946977936378609,"Not_Significant"
"NUTM2A-AS1",-0.374572937622433,8.61814742493526,0.52763069103164,0.478099376837691,0.946977936378609,"Not_Significant"
"RBM5",-0.399555418596243,8.00153868337376,0.524266362246069,0.479529190819627,0.948065459545833,"Not_Significant"
"LAMA2",0.354227146739326,11.465414007549,0.523604457823732,0.479690500488286,0.948065459545833,"Not_Significant"
"PARD3B",0.353515329796037,9.07230686327772,0.522732322038403,0.480086339658967,0.948065459545833,"Not_Significant"
"SGK3",-0.409132812831556,7.83209577631668,0.521933113526713,0.48049471440468,0.948065459545833,"Not_Significant"
"ACTG1",-0.318602254313383,9.42992594528549,0.519577883962931,0.481378729855858,0.948898187259052,"Not_Significant"
"COBL",-0.375779285150682,7.86493975380836,0.516989636205589,0.482548443442196,0.949308383626068,"Not_Significant"
"VEZT",-0.279283680504919,8.12137163002835,0.515731608351785,0.483064496136062,0.949308383626068,"Not_Significant"
"CALM1",-0.266902208265832,9.23364191858116,0.51281251861151,0.48420968083877,0.949308383626068,"Not_Significant"
"DPP10",-0.439197473829593,9.11308145927083,0.512112950614915,0.484509500341349,0.949308383626068,"Not_Significant"
"IL1RAPL1",-0.358425931616865,10.887988431346,0.510577674542395,0.485122248266288,0.949308383626068,"Not_Significant"
"NALCN",-0.363886605891718,7.90649390303635,0.509937073263363,0.485503481901823,0.949308383626068,"Not_Significant"
"PMP22",-0.322033199726746,8.37255412679973,0.507365905084309,0.486560849957157,0.949308383626068,"Not_Significant"
"ABCA2",-0.459148342158302,7.90987026558367,0.507162478045761,0.486674021064786,0.949308383626068,"Not_Significant"
"ARHGEF7",-0.312624055268679,8.63677570849369,0.506266998883361,0.487004551904994,0.949308383626068,"Not_Significant"
"AAK1",0.313005011269623,8.73989706206056,0.505238777281366,0.487431953650501,0.949308383626068,"Not_Significant"
"HIVEP3",-0.367762097404468,7.75453642607099,0.505149207757556,0.487523735892094,0.949308383626068,"Not_Significant"
"CELF2",0.500703914996776,9.52123510735206,0.504335004501431,0.48777923110697,0.949308383626068,"Not_Significant"
"GFOD1",-0.613120014378099,7.30848924595928,0.504138575457097,0.48782503118276,0.949308383626068,"Not_Significant"
"CNOT2",0.304686655869525,8.07400205053321,0.503878501197663,0.488057279994707,0.949308383626068,"Not_Significant"
"ABCA6",-0.440619143286193,8.05923271018349,0.501351546536876,0.489138265033565,0.949602905247329,"Not_Significant"
"MON2",0.312067954648609,8.46821597855094,0.499898917481258,0.489726639443487,0.949602905247329,"Not_Significant"
"PBX3",0.332415954911691,7.92148315726819,0.499016712057184,0.490135246741521,0.949602905247329,"Not_Significant"
"PDS5A",0.317190379017617,8.16723437128449,0.498744553342494,0.490242734034481,0.949602905247329,"Not_Significant"
"RUFY3",0.313268827061257,8.52169154358651,0.495220984950169,0.491730180222595,0.949602905247329,"Not_Significant"
"MLLT3",0.30000462572029,8.23443223959377,0.494809440001098,0.491929281744158,0.949602905247329,"Not_Significant"
"TBL1XR1",0.275053069729398,8.49408800245203,0.494243284378822,0.492153865463486,0.949602905247329,"Not_Significant"
"ZNF207",-0.31152669584612,8.51913135069663,0.492054792850349,0.493098958576001,0.949602905247329,"Not_Significant"
"IQGAP1",-0.289246968700097,8.40418008927439,0.491658966749617,0.493279472466771,0.949602905247329,"Not_Significant"
"PPP1R12B",-0.33949047565501,8.7924969547824,0.491551081427198,0.493297028010775,0.949602905247329,"Not_Significant"
"MARCH1",-0.324635196580779,8.93129207864603,0.490368030098467,0.493801070690571,0.949602905247329,"Not_Significant"
"PTPRA",0.331587404841641,8.0529527612381,0.490236904369952,0.49391675870233,0.949602905247329,"Not_Significant"
"SNX9",-0.340936782022586,8.06096580569324,0.488684955853775,0.494595145956168,0.949602905247329,"Not_Significant"
"TMEM87A",-0.304200569861001,8.00044284930181,0.487962608396769,0.494912337371524,0.949602905247329,"Not_Significant"
"GAPDH",-0.380779993752324,10.19573347766,0.486672497379973,0.49537301647742,0.949602905247329,"Not_Significant"
"GLUD1",-0.301838263943025,7.87907433819327,0.485875675241793,0.495825287061259,0.949602905247329,"Not_Significant"
"XPO1",0.464440645167094,7.75081980245215,0.485280394706359,0.496068119440304,0.949602905247329,"Not_Significant"
"RPL6",0.460438540084463,8.44069609235856,0.482605083127062,0.497222671969698,0.949918159052468,"Not_Significant"
"TPT1",0.356277197126953,9.33884464852315,0.482444767727699,0.497241630334925,0.949918159052468,"Not_Significant"
"MPZL1",-0.308607422974968,7.89776223598178,0.48178005118076,0.497620223534789,0.949918159052468,"Not_Significant"
"DYRK1A",0.259090462892304,8.42858754493418,0.480273681211631,0.498249984588092,0.95023720366197,"Not_Significant"
"SHTN1",-0.328016065301323,8.60172367127137,0.479047635980119,0.498779039628576,0.950363773095636,"Not_Significant"
"SGCD",-0.384246446612302,7.87137194723233,0.476477584147702,0.499960933249844,0.951021745093487,"Not_Significant"
"IMMP2L",0.282152601537853,9.83183049604656,0.473739101221549,0.501079879071552,0.951021745093487,"Not_Significant"
"CASK",0.356662098074845,7.88165235314686,0.473778355682867,0.501153609794503,0.951021745093487,"Not_Significant"
"TMA7",0.399489889481689,8.29442845172851,0.473643997296582,0.501196246851922,0.951021745093487,"Not_Significant"
"PITPNM2",-0.500922523098716,7.56566609938938,0.473082252415853,0.501439410874511,0.951021745093487,"Not_Significant"
"USP39",0.267355825735483,9.62437965685118,0.470179336452196,0.502673716417929,0.951587064895758,"Not_Significant"
"ADGRB3",0.280236235298276,9.81559502012399,0.467535059759691,0.503856659375849,0.951587064895758,"Not_Significant"
"TSHZ2",-0.351803803277877,9.50557064526342,0.466348198465873,0.504398097286426,0.951587064895758,"Not_Significant"
"TMEM135",0.421854178458811,7.69039352383936,0.46573685986772,0.504742775827804,0.951587064895758,"Not_Significant"
"MAP3K5",0.351553839988984,7.93523220543212,0.465710986126574,0.50476847552781,0.951587064895758,"Not_Significant"
"PPIP5K2",-0.589622380599198,7.34368210709815,0.463986952958716,0.505443053140357,0.951587064895758,"Not_Significant"
"ZBTB20",0.248313477687598,11.2879889932061,0.460492091497119,0.507031832324758,0.951587064895758,"Not_Significant"
"IFI27",0.439592737675213,10.0482832520994,0.460269788406714,0.507139926919827,0.951587064895758,"Not_Significant"
"MYO6",-0.238364420524804,8.54292553336193,0.45985383901991,0.507388437853265,0.951587064895758,"Not_Significant"
"CERS6",0.395762385910138,7.7032023997828,0.459340267431939,0.507644495064222,0.951587064895758,"Not_Significant"
"DNAJC6",-0.479661144999196,8.28417402822785,0.457910290784291,0.508295481569949,0.951587064895758,"Not_Significant"
"SF3B1",0.352424674600099,8.23504961472105,0.45776412744916,0.508362070219217,0.951587064895758,"Not_Significant"
"NFIB",-0.318610674918402,9.28395463934889,0.457350933746952,0.508488208435105,0.951587064895758,"Not_Significant"
"SOS1",0.267854087922663,8.73946874919289,0.457236248178204,0.508567881683209,0.951587064895758,"Not_Significant"
"FRMD5",-0.435641659459836,9.39551769882025,0.456909273466414,0.508686756210099,0.951587064895758,"Not_Significant"
"KIFAP3",-0.402238092297468,7.83914575600202,0.45299852025407,0.510565195099666,0.953424021584869,"Not_Significant"
"RPS8",0.372055971253564,9.186579625901,0.452762277930977,0.510597090430066,0.953424021584869,"Not_Significant"
"RPS6",0.49933394905567,8.94013216215338,0.45029894173603,0.511745787977822,0.95432249810504,"Not_Significant"
"LSAMP",0.324968332061754,9.99254646802804,0.449663729058657,0.512007494114778,0.95432249810504,"Not_Significant"
"ITSN1",0.289642242198909,8.1730905660917,0.443493581115515,0.514960035622273,0.957013552694143,"Not_Significant"
"SETD2",0.246968545785399,8.43132168279538,0.443191430147423,0.515083669881978,0.957013552694143,"Not_Significant"
"PTPN12",0.304772226364507,8.19700352586274,0.443059304289864,0.51516151380474,0.957013552694143,"Not_Significant"
"MSRA",-0.274018892726503,8.18344928706214,0.441168321965989,0.5160510274927,0.957013552694143,"Not_Significant"
"ARHGAP21",-0.311273969578779,8.88407230728639,0.441036368469559,0.516063724108873,0.957013552694143,"Not_Significant"
"ACTR2",-0.320935435400005,7.98921681142544,0.440136287938412,0.516545936523532,0.957013552694143,"Not_Significant"
"ZSWIM6",0.284399631750612,9.24012304917621,0.439618631852658,0.516712770174199,0.957013552694143,"Not_Significant"
"SPARCL1",-0.274434894213698,10.7458447910396,0.436718042760297,0.518057685317077,0.958640077154303,"Not_Significant"
"AC019197.1",-0.353345560560952,8.02910763145095,0.434238918988234,0.519329844807246,0.959026615795355,"Not_Significant"
"KCNH8",-0.331889024820243,7.89260963093738,0.434205044280942,0.519349377652591,0.959026615795355,"Not_Significant"
"TCF4",0.239025097316708,10.5929543451176,0.428546348082161,0.521948404977766,0.959026615795355,"Not_Significant"
"TMSB4X",0.324079439945042,10.7820682012075,0.428113332005958,0.522155115136512,0.959026615795355,"Not_Significant"
"TPM1",-0.291891189968928,8.87563453492177,0.427487245125021,0.522496100000882,0.959026615795355,"Not_Significant"
"HNRNPDL",0.297056910272047,8.89282228234613,0.42650922335223,0.522964616372019,0.959026615795355,"Not_Significant"
"IFNGR2",-0.326144220646201,7.81439196927805,0.426416718295805,0.523069704030072,0.959026615795355,"Not_Significant"
"URI1",0.420072675214942,7.83511337827581,0.426227860761107,0.523151873153799,0.959026615795355,"Not_Significant"
"COL18A1",0.367688835224925,8.17846779233895,0.425601060879271,0.523447831602961,0.959026615795355,"Not_Significant"
"PDSS2",-0.250410437018091,8.14033075594575,0.425497479018566,0.523503491955393,0.959026615795355,"Not_Significant"
"THSD7A",-0.379990426795122,8.76841911145933,0.424416155581917,0.523981188768966,0.959026615795355,"Not_Significant"
"NHSL2",0.339000550538112,7.77824662928306,0.423678223624612,0.524381439751531,0.959026615795355,"Not_Significant"
"TECR",-0.336191022304009,7.86900372734447,0.423417157681956,0.524516590952659,0.959026615795355,"Not_Significant"
"PTPRD",-0.320870109772484,10.0507796099372,0.422296464570918,0.524964261454416,0.959026615795355,"Not_Significant"
"MAP4K4",0.279107673902332,9.12331525501098,0.421711397415218,0.525270176616248,0.959026615795355,"Not_Significant"
"AGFG1",0.283036022843913,8.50375089830804,0.41859019909364,0.526823314121889,0.961008070343127,"Not_Significant"
"TUBB",0.407724610997415,8.16133880827858,0.416530791985512,0.527850272412209,0.961123113824082,"Not_Significant"
"NFE2L2",-0.230928522531233,8.71983543110889,0.414913932908292,0.528606842464969,0.961123113824082,"Not_Significant"
"EIF1",0.303154066285087,9.82483943874148,0.413150796409595,0.529432303548629,0.961123113824082,"Not_Significant"
"ROCK2",0.263366347593646,8.28213890102187,0.413131105433867,0.529511984157637,0.961123113824082,"Not_Significant"
"ACER2",0.677141307883479,7.63025313492645,0.412866017618166,0.529617544832681,0.961123113824082,"Not_Significant"
"CCDC66",0.384748730288255,7.91585772092646,0.412382778656096,0.529893964651637,0.961123113824082,"Not_Significant"
"SPP1",0.363403564929708,8.65721983723796,0.410966401149254,0.530553184522143,0.961123113824082,"Not_Significant"
"EVI5",-0.277889959130974,8.1534317088405,0.410884660910805,0.530629800913588,0.961123113824082,"Not_Significant"
"MT1M",-0.605730348038411,9.02803656408155,0.408474241663786,0.531965362770917,0.961878274320258,"Not_Significant"
"NEO1",-0.295035827746721,8.13852351035111,0.407237970455867,0.532437541974923,0.961878274320258,"Not_Significant"
"MT-CO1",0.264180032758649,10.7594083666179,0.406241611841897,0.532844496417456,0.961878274320258,"Not_Significant"
"CPNE8",-0.274382652265413,8.57906311278008,0.405494481552139,0.533274595257226,0.961878274320258,"Not_Significant"
"ANGPT2",0.457281349267143,8.74368033534346,0.405244492368905,0.533388195935138,0.961878274320258,"Not_Significant"
"MIDN",-0.457156385648588,7.41992321684723,0.402737763742276,0.534627211930909,0.962108253618729,"Not_Significant"
"ICAM2",-0.347393490313199,8.57116083643999,0.402256367176999,0.534894556514358,0.962108253618729,"Not_Significant"
"GRIA2",-0.439306320884078,8.05385743913017,0.402272103507612,0.534920947240793,0.962108253618729,"Not_Significant"
"TUBA1B",0.314342427259213,9.09369280454371,0.401100039849154,0.535444743222386,0.962207788782836,"Not_Significant"
"EDN1",-0.688329453615972,7.89293422282004,0.399696710356785,0.536414453006162,0.962699902244037,"Not_Significant"
"UQCR10",0.363161431219527,7.78030168181106,0.398811993629211,0.536655982507022,0.962699902244037,"Not_Significant"
"MOSMO",0.370538792230246,7.97748995775413,0.393239345715516,0.539483519496467,0.966927704228398,"Not_Significant"
"EPHA4",-0.337197780475983,7.81799611907816,0.391051883430761,0.540606347445,0.967315000447744,"Not_Significant"
"GPBP1",-0.237691903118909,8.57075435065527,0.390110390490427,0.541050638126243,0.967315000447744,"Not_Significant"
"ETV6",-0.360865472093386,7.93094850156402,0.389720314766655,0.541288346462083,0.967315000447744,"Not_Significant"
"TRIR",-0.416634017715315,7.73674107339389,0.3881493891983,0.542090319054384,0.967315000447744,"Not_Significant"
"IL6ST",0.337329229466704,8.2078703108502,0.388072783060275,0.542119170655732,0.967315000447744,"Not_Significant"
"NKAIN2",-0.269544458836968,9.35738175416261,0.386931225621366,0.542645741599979,0.967315000447744,"Not_Significant"
"RGS5",0.545132879086436,8.79009249959008,0.385855219542686,0.54322537424173,0.967315000447744,"Not_Significant"
"PLAT",-0.558592183182886,7.34122636003739,0.384724661434881,0.543766702645883,0.967315000447744,"Not_Significant"
"DSTN",0.252834234942994,8.65930577734363,0.382261355198598,0.545094653152753,0.967315000447744,"Not_Significant"
"CDK17",0.300254629183992,8.26014169368771,0.38066675313682,0.545950622823658,0.967315000447744,"Not_Significant"
"ATP1A2",0.370841179393141,10.495806750205,0.380439247131408,0.545994865898865,0.967315000447744,"Not_Significant"
"AP000787.1",0.46835114037298,7.73815619179404,0.380071748864299,0.546263078341152,0.967315000447744,"Not_Significant"
"UTRN",0.211988669809975,9.65409735358727,0.379877878708627,0.54629704179788,0.967315000447744,"Not_Significant"
"RPRD1A",-0.290074010933159,7.81492011345334,0.377720598424936,0.547508056843116,0.967315000447744,"Not_Significant"
"SNTG1",0.373038842238773,7.81677446765643,0.377692470871944,0.547515439552303,0.967315000447744,"Not_Significant"
"DOCK4",0.272054297689097,9.18128055301704,0.375819166735858,0.548436998669688,0.967315000447744,"Not_Significant"
"BMPR2",-0.259334554124939,9.25787229338524,0.373437488207035,0.549689954211347,0.967315000447744,"Not_Significant"
"SRSF5",-0.227421994656769,9.18465081428944,0.373198397015738,0.549818827375842,0.967315000447744,"Not_Significant"
"KIF13A",0.26082454002907,8.72274140824613,0.372220315625937,0.550358091201442,0.967315000447744,"Not_Significant"
"SOX18",-0.655553679940071,7.33792880017055,0.372086005226242,0.550375380013596,0.967315000447744,"Not_Significant"
"ZFR",0.269091455554073,8.13269275150906,0.369239132207003,0.55197762217511,0.967315000447744,"Not_Significant"
"FLI1",-0.321797851232823,9.02283950411032,0.368646607774402,0.552241688512345,0.967315000447744,"Not_Significant"
"S100A6",0.300674489602247,9.10008099589998,0.366847964780386,0.553198449687718,0.967315000447744,"Not_Significant"
"UBE2R2",0.332742790861933,7.96260148008194,0.36474471985002,0.554385392592754,0.967315000447744,"Not_Significant"
"HERC4",0.229846035775512,8.48237022684956,0.363747380159301,0.554895112964682,0.967315000447744,"Not_Significant"
"SMAD9",-0.404958756541702,7.56140605863277,0.363097662421342,0.555252572110051,0.967315000447744,"Not_Significant"
"SLAIN1",-0.335221969311574,8.4183337402254,0.363004258636442,0.555300724233888,0.967315000447744,"Not_Significant"
"PKM",0.288274505189718,8.52433825403354,0.362154557551958,0.555750356836718,0.967315000447744,"Not_Significant"
"CBLB",0.289005298979084,8.06298290807966,0.361704925239244,0.556020026999121,0.967315000447744,"Not_Significant"
"FRMD4A",-0.3065019971182,9.12994941816833,0.361549196093911,0.556045855414576,0.967315000447744,"Not_Significant"
"CRIP2",0.401142196578847,8.60474640081827,0.361455864668211,0.556122695839623,0.967315000447744,"Not_Significant"
"GRIN1",0.599639988101605,7.2219431308521,0.360692865076301,0.556389826855007,0.967315000447744,"Not_Significant"
"TMTC2",0.294903365404111,9.61473082985793,0.35905228219398,0.557383885994439,0.967315000447744,"Not_Significant"
"SNRK",-0.3657014277652,7.95907016484616,0.35858196779142,0.557717957076846,0.967315000447744,"Not_Significant"
"CPD",0.273438726326745,8.32690086544114,0.358444572912991,0.557772098478619,0.967315000447744,"Not_Significant"
"C9orf3",-0.281200560967345,8.72314415071932,0.358031064835316,0.557972676459878,0.967315000447744,"Not_Significant"
"RPL11",0.324677927655002,8.64952346046198,0.357531502447632,0.558248104384825,0.967315000447744,"Not_Significant"
"AKAP13",0.312330399831942,8.78448213732274,0.357471956095151,0.558272985126913,0.967315000447744,"Not_Significant"
"ADD3",0.278619369337205,8.19444857602279,0.357291015180023,0.558407457748522,0.967315000447744,"Not_Significant"
"AC243964.2",0.634980832174055,7.25807436995575,0.356776609407839,0.558537288476643,0.967315000447744,"Not_Significant"
"ATP6V0E1",0.284675331395535,8.16916770543948,0.352467643610432,0.561047656399787,0.970820590850026,"Not_Significant"
"GMDS",-0.240801418849057,9.16857020880655,0.350255051105576,0.562212370499912,0.970820590850026,"Not_Significant"
"NHSL1",0.342981192325099,7.81050697449782,0.350345790643437,0.56222170953434,0.970820590850026,"Not_Significant"
"SLC1A1",-0.29878788326491,8.58790667870967,0.34987425219135,0.562452046305517,0.970820590850026,"Not_Significant"
"HNRNPC",-0.255394330668351,8.51173984603332,0.346690516619265,0.564221278730366,0.970859229008187,"Not_Significant"
"ASAP1",-0.261342508972202,9.41887926517857,0.345970602737172,0.564580112588452,0.970859229008187,"Not_Significant"
"PCDH11Y",-0.385838158662587,8.05854415661111,0.345918367797162,0.56467845356732,0.970859229008187,"Not_Significant"
"MEF2C",-0.271416805577454,9.77820027143903,0.345564689191917,0.564798927731112,0.970859229008187,"Not_Significant"
"MARCH6",-0.207189985247551,8.34985142754329,0.344746882701896,0.565314389511837,0.970859229008187,"Not_Significant"
"PTPRM",0.264108970181232,9.75716217377768,0.343969774007602,0.565689366255571,0.970859229008187,"Not_Significant"
"LRRFIP1",-0.33833513392719,7.65111948687942,0.343887528773405,0.565805102293976,0.970859229008187,"Not_Significant"
"ADAMTS9",0.468047501648055,9.80989934881869,0.342956537675178,0.566255772323178,0.970859229008187,"Not_Significant"
"HSD17B12",-0.402400918994573,7.65370212814272,0.341847388221582,0.566947231185356,0.971234039078166,"Not_Significant"
"UBE2D2",-0.343760606181113,7.69239356306298,0.340499127457289,0.567709053882513,0.971728663895568,"Not_Significant"
"PTPRB",-0.246484228019962,8.68390446099734,0.337058707444309,0.569616429409081,0.972171063593793,"Not_Significant"
"PIBF1",0.233129182078346,8.33133450499687,0.336734379135832,0.569821354226914,0.972171063593793,"Not_Significant"
"VPS54",-0.262534853107338,7.9274727641885,0.336746878357938,0.569835005929882,0.972171063593793,"Not_Significant"
"OCIAD1",-0.278031788893459,8.01787191649743,0.335278629079442,0.57066633998334,0.972171063593793,"Not_Significant"
"C11orf58",-0.274103468935773,8.09567274990332,0.334380196511581,0.571174380844743,0.972171063593793,"Not_Significant"
"PCAT19",0.497260244146585,7.69542604200383,0.334183389755914,0.571272074640629,0.972171063593793,"Not_Significant"
"SECISBP2L",-0.289659575989256,8.14516072126465,0.333686542564088,0.57156727689692,0.972171063593793,"Not_Significant"
"ODF2L",0.25382903124626,8.01134722117338,0.332725055652917,0.572119474467662,0.972171063593793,"Not_Significant"
"MYL12B",0.387945638596968,7.9764852078116,0.330515096293161,0.57338403577707,0.972171063593793,"Not_Significant"
"ARHGAP10",0.288637339743824,8.27635447094834,0.32848575945334,0.574540356034611,0.972171063593793,"Not_Significant"
"UNC13B",-0.333966788895807,7.85416288342637,0.327506468267486,0.575123116024414,0.972171063593793,"Not_Significant"
"VCP",-0.353473092757831,7.73386940580429,0.327172640566533,0.575312174727663,0.972171063593793,"Not_Significant"
"H2AFZ",0.357597238531977,8.0351862551324,0.323712063741523,0.577316399063079,0.972171063593793,"Not_Significant"
"GMDS-DT",-0.272341407514944,8.27549338315503,0.322369650680399,0.578090613151213,0.972171063593793,"Not_Significant"
"TRIM13",-0.365301375403857,7.83708202954383,0.321954012507054,0.578348546468046,0.972171063593793,"Not_Significant"
"TUBB4B",0.408389529707964,8.20271800756656,0.321774381391438,0.578439526016242,0.972171063593793,"Not_Significant"
"RPS3",0.321698475031451,8.65387493357562,0.31983324624834,0.579551204267581,0.972171063593793,"Not_Significant"
"KIRREL3",-0.403511818077926,8.04067728018434,0.319308600234494,0.579895697840069,0.972171063593793,"Not_Significant"
"IBTK",-0.299698571612818,7.78146857190027,0.318117853628168,0.580597983810136,0.972171063593793,"Not_Significant"
"THADA",-0.280635500084937,7.94904375861309,0.317173170032284,0.58115573232487,0.972171063593793,"Not_Significant"
"DLG1",0.229296307258672,9.50784724722193,0.316294310925452,0.581603477200995,0.972171063593793,"Not_Significant"
"PLD3",-0.265526393934677,8.03670003881087,0.316227357657018,0.581711956665464,0.972171063593793,"Not_Significant"
"MAP4",-0.204021408220139,8.9556712737439,0.315498962835337,0.582091866925351,0.972171063593793,"Not_Significant"
"JUNB",-0.310948736788853,8.80829596023715,0.315144923126678,0.582308999692593,0.972171063593793,"Not_Significant"
"RPS15A",0.516572336569726,8.00933559190089,0.314821216355464,0.582538156195243,0.972171063593793,"Not_Significant"
"EIF1AX",-0.348141368755484,7.64862506313425,0.314675707498416,0.582623349194822,0.972171063593793,"Not_Significant"
"NCOR1",0.216639574622793,8.72068815586566,0.31435112757626,0.582783849396186,0.972171063593793,"Not_Significant"
"SFPQ",0.295464357279884,7.94998738744049,0.314301457186475,0.58285194939096,0.972171063593793,"Not_Significant"
"SLC44A1",0.321145634529867,9.86447853044358,0.313696749078243,0.583137924529995,0.972171063593793,"Not_Significant"
"ANKRD44",0.261929253161446,8.70379995374781,0.31334776164242,0.583381095925152,0.972171063593793,"Not_Significant"
"MAP3K20",0.338025481154816,8.02210139702897,0.311946228555812,0.584251747072122,0.972171063593793,"Not_Significant"
"PLA2G16",0.30317023594842,7.90107165827438,0.310209648700152,0.585292151767356,0.972171063593793,"Not_Significant"
"SON",0.255832941416692,9.62321409589295,0.309993390684459,0.585352313573589,0.972171063593793,"Not_Significant"
"RABAC1",-0.284036977967539,8.10828879009422,0.30929671245098,0.585837504292363,0.972171063593793,"Not_Significant"
"MICU1",-0.282401089215798,7.90208527528465,0.306861698691855,0.587308638446656,0.972171063593793,"Not_Significant"
"NAV3",-0.234199013187458,8.66756883532441,0.306011173269995,0.587783219164412,0.972171063593793,"Not_Significant"
"YWHAE",0.240772079653571,8.64020996780468,0.303983064213604,0.589012691682826,0.972171063593793,"Not_Significant"
"BACH1",0.220165946234808,8.36837120855496,0.303110233358035,0.589558908349804,0.972171063593793,"Not_Significant"
"SCMH1",0.26427311166533,8.10400678909921,0.303044562042843,0.58961251114827,0.972171063593793,"Not_Significant"
"FGF12",-0.347950046600973,7.89608332180615,0.302340025964956,0.590049466497559,0.972171063593793,"Not_Significant"
"CAVIN2",0.396012418529985,7.96672064750712,0.302318519833227,0.590056413297483,0.972171063593793,"Not_Significant"
"CHN1",-0.264969917133877,9.02899711534938,0.298838678359238,0.592135089625048,0.972171063593793,"Not_Significant"
"SLC2A3",0.395610062515346,9.38254137282869,0.298382832321049,0.592404041747825,0.972171063593793,"Not_Significant"
"KALRN",-0.19727271549778,8.73557465286331,0.297496082639913,0.592973857452797,0.972171063593793,"Not_Significant"
"ATP11A",-0.314442106328533,7.61782791097848,0.296222916413126,0.593787789767266,0.972171063593793,"Not_Significant"
"BTBD9",-0.192652925190299,8.94176026201189,0.295921505802658,0.593935231324681,0.972171063593793,"Not_Significant"
"IGFBP7",0.282710994292687,10.4489954931475,0.29513164604279,0.594395649498527,0.972171063593793,"Not_Significant"
"N4BP2L2",0.205376793212914,10.4646489864626,0.293485152277768,0.595416636979268,0.972171063593793,"Not_Significant"
"LARGE1",-0.308937134180163,8.23089012411028,0.289754149185756,0.597811278218339,0.972171063593793,"Not_Significant"
"ARFGEF2",0.284595493696731,7.99762517071983,0.289674505880672,0.597868441899204,0.972171063593793,"Not_Significant"
"SRPK2",-0.205078647549672,9.10978684971096,0.28926308102434,0.598073541340434,0.972171063593793,"Not_Significant"
"COL4A1",0.436656247068967,8.2973221963568,0.289151570690077,0.598182601027527,0.972171063593793,"Not_Significant"
"BRWD1",0.213919230944673,8.38412849967737,0.288805531567783,0.598395963076549,0.972171063593793,"Not_Significant"
"KIAA0930",-0.319335365896881,8.08700583205459,0.287187949770758,0.599430397963149,0.972171063593793,"Not_Significant"
"RAPGEF4",0.247063621654728,9.09907426427174,0.286882538455024,0.599570800132904,0.972171063593793,"Not_Significant"
"ZRANB2",-0.183956182069795,8.44685420721435,0.286459338745214,0.59986972122365,0.972171063593793,"Not_Significant"
"TAF1D",-0.213934776667919,8.14417823297154,0.286059870970069,0.600139208657098,0.972171063593793,"Not_Significant"
"ZMYM2",0.242512409436405,8.58980680188875,0.284619621189537,0.601024383158702,0.972171063593793,"Not_Significant"
"UBA52",-0.319178884215161,8.18425840373751,0.284196010037257,0.601317149952002,0.972171063593793,"Not_Significant"
"NCKAP5",-0.266073908793197,8.84013628183244,0.283538139300873,0.601698350760505,0.972171063593793,"Not_Significant"
"LDHA",-0.372906963393905,8.13740494775794,0.283303341218809,0.601886291805245,0.972171063593793,"Not_Significant"
"CALD1",0.223453816642177,10.4743965970482,0.283057168665789,0.601971804399304,0.972171063593793,"Not_Significant"
"RUNX1T1",0.203931765690511,8.61263363962684,0.28290534691773,0.602111643764506,0.972171063593793,"Not_Significant"
"RPL15",0.272901873708701,9.17537371895968,0.281941873622203,0.602701118937154,0.972171063593793,"Not_Significant"
"NLK",-0.19346198267282,8.69691107986848,0.281907061116298,0.602743399727596,0.972171063593793,"Not_Significant"
"CPLANE1",-0.336621626395779,7.85640194773144,0.28131128316998,0.603162251526216,0.972171063593793,"Not_Significant"
"AL109930.1",-0.36728398236636,8.06486642516671,0.279662256752955,0.604213212177288,0.972171063593793,"Not_Significant"
"HYAL2",0.492874537667192,7.83338933219037,0.278515747695751,0.604943241557314,0.972171063593793,"Not_Significant"
"USP53",0.220551661659557,9.6790039953459,0.278246228288781,0.605056256776236,0.972171063593793,"Not_Significant"
"C11orf49",0.327434916675145,7.86116829478716,0.277601445874027,0.605536572506181,0.972171063593793,"Not_Significant"
"SNRPB2",-0.383877055713075,7.5419256782795,0.277549257562732,0.605550447927401,0.972171063593793,"Not_Significant"
"ATP5MD",-0.402776335327683,7.62941821679658,0.277176980224736,0.605801603169767,0.972171063593793,"Not_Significant"
"KMT2C",0.223480180047565,9.05723639597915,0.276903504269409,0.605936583591731,0.972171063593793,"Not_Significant"
"HSPB1",0.431487047116045,10.1520619241634,0.275993294885062,0.606503891888827,0.972171063593793,"Not_Significant"
"ELF2",0.20901475336944,8.87947443906713,0.275961994258192,0.606551662601231,0.972171063593793,"Not_Significant"
"ENTPD1-AS1",-0.2660492610545,7.9817887142763,0.275585336174413,0.606841249500709,0.972171063593793,"Not_Significant"
"NRXN1",-0.271397865457659,8.99522560975248,0.274803628956856,0.607297203009328,0.972171063593793,"Not_Significant"
"SAMD12",-0.192642375520689,9.03875986584202,0.274482330179452,0.607503777476236,0.972171063593793,"Not_Significant"
"BTBD7",-0.234335438842976,7.95772932933191,0.271906972839213,0.609232043079521,0.972171063593793,"Not_Significant"
"IFI16",-0.267190548778086,7.86382287902178,0.271790851712261,0.609308712338542,0.972171063593793,"Not_Significant"
"FNDC3A",0.224617301587487,8.40350358250627,0.271582202606608,0.609422304288729,0.972171063593793,"Not_Significant"
"RACK1",-0.323516928159284,7.76620458002233,0.270756845037028,0.609982435533027,0.972171063593793,"Not_Significant"
"UBE3A",-0.245851013238004,7.8673334699543,0.268920786666276,0.611188718450181,0.972171063593793,"Not_Significant"
"NAP1L1",-0.2348677377589,8.10084236552255,0.268360674170891,0.61155153469483,0.972171063593793,"Not_Significant"
"AMD1",-0.339096026520516,7.48072781763863,0.267282326573147,0.61223293594881,0.972171063593793,"Not_Significant"
"VPS13D",0.225848876825098,8.48997420903589,0.267049782694357,0.612393960424647,0.972171063593793,"Not_Significant"
"CMIP",0.317254153111489,7.69494653169222,0.266658873323105,0.612667977487593,0.972171063593793,"Not_Significant"
"RALGAPA1",-0.206616001429454,9.30024622541732,0.266401789974106,0.6127886118545,0.972171063593793,"Not_Significant"
"ARID5B",0.27325517996746,8.31222888074295,0.264898639088669,0.613827430642612,0.972171063593793,"Not_Significant"
"PLCE1",-0.32637547140545,7.80281634116316,0.264551471918386,0.614074558538398,0.972171063593793,"Not_Significant"
"PREX2",-0.207084380597328,8.50781757170579,0.263714765105265,0.614604454478384,0.972171063593793,"Not_Significant"
"STAG2",-0.239217557602858,7.96652990580731,0.262380147695674,0.615520445801919,0.972171063593793,"Not_Significant"
"POGZ",-0.216717800206432,8.55836796450923,0.258685709979715,0.617969541852926,0.972171063593793,"Not_Significant"
"DMD",-0.192083253514136,9.51681108143784,0.258202083972284,0.61826095338363,0.972171063593793,"Not_Significant"
"PLCB4",-0.187116641970653,9.30740183483524,0.257558273413806,0.618700231690567,0.972171063593793,"Not_Significant"
"WASHC4",0.327791952106765,7.68696065933576,0.257556910108054,0.618748813588634,0.972171063593793,"Not_Significant"
"WTAP",0.304338245115168,7.85902622119327,0.256090242795292,0.619749472549383,0.972171063593793,"Not_Significant"
"FGFR2",-0.396930171208756,7.7044115343997,0.255674889476406,0.620029883487875,0.972171063593793,"Not_Significant"
"SELENOW",-0.225293681285822,9.48555169985853,0.255509449067798,0.620084307846688,0.972171063593793,"Not_Significant"
"RPL5",-0.307751657974551,8.05236858640993,0.255355181720051,0.620249011351758,0.972171063593793,"Not_Significant"
"CCNH",0.204587991836994,9.43822456392854,0.253655189075792,0.621347453205404,0.972171063593793,"Not_Significant"
"RPL14",-0.233290742253992,8.36458638782949,0.253664056183244,0.621384893339988,0.972171063593793,"Not_Significant"
"AL138828.1",0.26108482198018,9.26664057219253,0.250734371024205,0.623351724216492,0.972171063593793,"Not_Significant"
"ANO10",0.248568186549421,8.14714270878626,0.250395061987692,0.623633667680174,0.972171063593793,"Not_Significant"
"SLC39A10",0.218684166814701,9.1240994203091,0.249962674948508,0.623886676457168,0.972171063593793,"Not_Significant"
"LRRC4C",-0.300574770205705,8.01314342717474,0.24768737895537,0.625509241463,0.972171063593793,"Not_Significant"
"SNRNP70",0.254097010151528,7.86645828597835,0.246746419582167,0.626160700382537,0.972171063593793,"Not_Significant"
"SRGN",0.275284510071468,9.34817826485875,0.246627450097989,0.626187211724506,0.972171063593793,"Not_Significant"
"COPA",0.295451352009363,8.1898685541513,0.246308479947064,0.62645686493716,0.972171063593793,"Not_Significant"
"RPL3",0.351165082609078,8.09404582606654,0.245822974904549,0.626797676370419,0.972171063593793,"Not_Significant"
"CLIC4",-0.20972994845489,8.72684461439209,0.2447458828666,0.62751875272134,0.972171063593793,"Not_Significant"
"HDAC2-AS2",-0.283207505453194,7.68718571972664,0.243993615423797,0.628075756489078,0.972171063593793,"Not_Significant"
"PDLIM5",0.268479624611222,8.49982026485805,0.243839157549411,0.628163054140251,0.972171063593793,"Not_Significant"
"KIAA1671",-0.399134867004802,7.53705049536982,0.243814398345497,0.628184063438326,0.972171063593793,"Not_Significant"
"TRPC4",0.306160450626493,7.99848748941325,0.243373877806851,0.628510259582653,0.972171063593793,"Not_Significant"
"TGM2",0.363490753160038,8.42981433436436,0.241849976919496,0.629561376344647,0.972171063593793,"Not_Significant"
"RABGAP1",0.238856387018358,8.00040760292318,0.241706778908177,0.629680811488741,0.972171063593793,"Not_Significant"
"STOX2",-0.288756349915151,7.61199024528929,0.241434369941065,0.629864300652667,0.972171063593793,"Not_Significant"
"MACROD2",-0.238389428248182,8.22388636218663,0.240615050222888,0.630442850774067,0.972171063593793,"Not_Significant"
"PJA2",-0.285871324397213,7.75488046327353,0.240194236556468,0.630748334271526,0.972171063593793,"Not_Significant"
"BTG2",-0.422767609353716,7.60353667585435,0.239292154273075,0.631374045223878,0.972171063593793,"Not_Significant"
"APOE",0.26535300054942,8.50894188359343,0.238857519541682,0.631669392370404,0.972171063593793,"Not_Significant"
"RGCC",0.29985368134764,9.08348576534969,0.237606371529119,0.632533047250408,0.972171063593793,"Not_Significant"
"NCKAP1",0.193357204624217,8.74202186378536,0.237610716816798,0.632542952053073,0.972171063593793,"Not_Significant"
"ATP2C1",0.318228455599724,7.69514766888705,0.235874689366562,0.633806812031614,0.972171063593793,"Not_Significant"
"AP2B1",-0.203792456772536,8.12149134992386,0.235070136265156,0.6343864397496,0.972171063593793,"Not_Significant"
"PDE1A",-0.234118315521074,8.23097161902688,0.234769294154551,0.634596810349012,0.972171063593793,"Not_Significant"
"OSBPL9",0.196857232774989,8.22188296951461,0.233879461605381,0.635234120249791,0.972171063593793,"Not_Significant"
"EDIL3",0.223009403426703,9.6070672210208,0.233752150106735,0.635274758515317,0.972171063593793,"Not_Significant"
"EXOC6",0.203338282230951,8.39982928002457,0.233407733287948,0.635564145366504,0.972171063593793,"Not_Significant"
"ARAP2",-0.212873761300781,8.79655433663553,0.232872101413066,0.635930518177973,0.972171063593793,"Not_Significant"
"SRSF7",-0.220294975925352,8.51833442121446,0.23178565480733,0.636727099120498,0.972171063593793,"Not_Significant"
"UNC5C",-0.248426057147555,9.29246534521456,0.231563992322198,0.636857323671138,0.972171063593793,"Not_Significant"
"EPB41L2",0.313886508940127,8.36699085112122,0.231109586749889,0.637222412097752,0.972171063593793,"Not_Significant"
"STIM2",0.244398791002792,7.81747370382351,0.230308056384627,0.637818237901549,0.972171063593793,"Not_Significant"
"DAAM2",0.202448801277435,8.56916048092554,0.229790784771574,0.63816792937085,0.972171063593793,"Not_Significant"
"CCDC85B",-0.232708965162375,8.2321762874908,0.229588331432306,0.6383329005072,0.972171063593793,"Not_Significant"
"MCPH1",-0.224062780815158,7.97539646637999,0.229285435876103,0.638562693694981,0.972171063593793,"Not_Significant"
"CA2",0.281198223979147,7.88549401424577,0.228544421835282,0.639099632316433,0.972171063593793,"Not_Significant"
"RBMS3-AS2",-0.280931653247514,7.93882824360619,0.228452915524142,0.63916907064597,0.972171063593793,"Not_Significant"
"UMAD1",0.229674362627509,8.0073336334996,0.227818369092404,0.639628189405966,0.972171063593793,"Not_Significant"
"KLHL32",-0.240031547037143,7.94198215641778,0.226483688050719,0.640607193044418,0.972171063593793,"Not_Significant"
"KDM6A",-0.205501888597986,8.0339682821546,0.226317428004178,0.640726792924096,0.972171063593793,"Not_Significant"
"PCNX1",0.205684003012903,7.99041542236823,0.22611349311034,0.640875606852195,0.972171063593793,"Not_Significant"
"PGK1",0.33591754975471,7.88098748796534,0.225761485836169,0.641132913530965,0.972171063593793,"Not_Significant"
"NT5C2",0.229103380585213,7.99364796250106,0.22535061581048,0.641435108921652,0.972171063593793,"Not_Significant"
"RASA1",0.213199226138889,8.10548472908945,0.224507408465475,0.642052106845181,0.972171063593793,"Not_Significant"
"PREPL",0.21698062960945,7.92216120639619,0.223526912495894,0.64277924758993,0.972171063593793,"Not_Significant"
"PIK3R1",0.26274262600823,8.03065401179689,0.223085190182549,0.643103211072036,0.972171063593793,"Not_Significant"
"TMEFF2",-0.255214933416726,8.4277639372071,0.222029966767785,0.643868549394394,0.972171063593793,"Not_Significant"
"RBM26",0.202485809394197,8.18817935501374,0.220892876093461,0.6447235213013,0.972171063593793,"Not_Significant"
"FRYL",0.20810327434261,9.57210226641237,0.219131524809403,0.645986770490408,0.972171063593793,"Not_Significant"
"COL6A1",-0.301780754170619,7.84601115675843,0.218117157674129,0.646805431303097,0.972171063593793,"Not_Significant"
"PUM1",0.182140151646737,8.32826257781346,0.217735799710845,0.647075380678819,0.972171063593793,"Not_Significant"
"RAD51B",-0.227067882195912,8.78357230530499,0.216960669114978,0.647636599251041,0.972171063593793,"Not_Significant"
"NMT1",0.300739640681913,7.81059170080754,0.216903632582987,0.6477121299269,0.972171063593793,"Not_Significant"
"SLMAP",0.291481977626943,8.06482779856473,0.215602309174075,0.648691242273491,0.972171063593793,"Not_Significant"
"UPF3A",-0.279473235713898,7.60638145625394,0.215345903551385,0.648878691021121,0.972171063593793,"Not_Significant"
"PRKAR1A",0.196984713785536,8.46798220696552,0.214505641615618,0.649503276739089,0.972171063593793,"Not_Significant"
"GNAS",0.163900132161202,9.09909214760286,0.214266103828263,0.64965918349202,0.972171063593793,"Not_Significant"
"KIAA1217",-0.276939961683364,7.64017829555728,0.213106587384535,0.650579146459415,0.972171063593793,"Not_Significant"
"IQCK",-0.310973156107338,7.62179040850983,0.212980163381576,0.650673073158535,0.972171063593793,"Not_Significant"
"PTPN13",0.401704797676696,8.24662872838836,0.211883596222811,0.651505836005739,0.972171063593793,"Not_Significant"
"DACH1",-0.303747391898285,8.24896691699106,0.207085144784319,0.655194436232097,0.972171063593793,"Not_Significant"
"PKN2",0.277990777434742,8.30640794376891,0.206793495702832,0.655416200291555,0.972171063593793,"Not_Significant"
"DUSP1",0.263523893275828,9.62828638431663,0.206409657891527,0.655670074910854,0.972171063593793,"Not_Significant"
"YPEL2",-0.385299708926296,7.35345076022393,0.205273365044239,0.656551592310051,0.972171063593793,"Not_Significant"
"HMGB1",0.214037126662306,8.90188036478532,0.205096166573514,0.656707797371282,0.972171063593793,"Not_Significant"
"PECAM1",-0.281633855773472,8.55660433684158,0.204814224159195,0.656942332101647,0.972171063593793,"Not_Significant"
"MIER1",0.219291730179644,7.82814784426447,0.203294060238759,0.658152117267615,0.972171063593793,"Not_Significant"
"PDXK",-0.205615459795674,8.13080176294311,0.202948716464874,0.65841920693838,0.972171063593793,"Not_Significant"
"KCTD12",-0.315480253670597,7.70442100060565,0.202365640625294,0.658877885725178,0.972171063593793,"Not_Significant"
"PRKCA",0.205697388947326,9.03527616800858,0.200849936583668,0.660029290073166,0.972171063593793,"Not_Significant"
"DTNB",-0.259114932181788,7.77046671697743,0.200844141912039,0.660077257696378,0.972171063593793,"Not_Significant"
"RIN2",-0.200506784733743,8.84303782228581,0.200050169117344,0.660667204495425,0.972171063593793,"Not_Significant"
"CYB5R3",-0.200236231533523,8.11301825058895,0.199567126000004,0.661081839049213,0.972171063593793,"Not_Significant"
"C20orf194",-0.201591658349793,8.29964144323582,0.19866658415684,0.661787247860271,0.972171063593793,"Not_Significant"
"BABAM2",0.202341168123016,8.35587142198804,0.198467026489416,0.661942214907427,0.972171063593793,"Not_Significant"
"PSMD1",-0.231771638595892,7.79985791408065,0.198361870455414,0.662041773782747,0.972171063593793,"Not_Significant"
"RPS16",0.234752559295249,8.85133967847027,0.19637322499036,0.663588247165587,0.972171063593793,"Not_Significant"
"RASAL2",0.185055101319624,9.41217938944972,0.195946341317641,0.663914311362254,0.972171063593793,"Not_Significant"
"ELOVL7",0.226186316284538,9.89164483918113,0.195262730970911,0.664455415174374,0.972171063593793,"Not_Significant"
"MORF4L1",0.218583824331995,8.52370992749171,0.194403837735615,0.665180269567629,0.972171063593793,"Not_Significant"
"AGBL4",0.390066527421139,7.40212926057427,0.193872498425096,0.665578765785745,0.972171063593793,"Not_Significant"
"COBLL1",0.158225958839407,9.9231188845011,0.193725819933954,0.665690400913393,0.972171063593793,"Not_Significant"
"RPS20",0.20510841057376,8.29952180965709,0.192113859117512,0.667037910507311,0.972171063593793,"Not_Significant"
"TBCA",0.167421208800866,8.38406327916469,0.192091601188672,0.667052186041684,0.972171063593793,"Not_Significant"
"POU2F1",0.23817376020721,8.09743136079285,0.191985387450703,0.667149737582456,0.972171063593793,"Not_Significant"
"PAM",0.186874274917363,9.17894367694051,0.191605572802477,0.667415992522634,0.972171063593793,"Not_Significant"
"MIR4435-2HG",-0.195613079028059,8.23073602520933,0.190726642989452,0.66816737943423,0.972171063593793,"Not_Significant"
"PDE4B",-0.195214261770766,9.88148490384248,0.190636573935547,0.668191702333415,0.972171063593793,"Not_Significant"
"NBEA",-0.176629045856592,8.77405445170549,0.189187480762787,0.669397545930184,0.972171063593793,"Not_Significant"
"AC092957.1",-0.247522559013497,9.56987228119131,0.189130273463472,0.669423768047407,0.972171063593793,"Not_Significant"
"MAP2K4",-0.235985600756663,7.86124902970523,0.188363886162715,0.670105579196815,0.972171063593793,"Not_Significant"
"EEF1D",0.283074239019954,8.0096017969042,0.188266729178346,0.670181067188342,0.972171063593793,"Not_Significant"
"ARHGAP12",-0.315283042099397,7.53343824743191,0.187916398092935,0.670452497514463,0.972171063593793,"Not_Significant"
"CAPZA2",0.229012924426661,7.97170649748498,0.187583500141491,0.670742731394579,0.972171063593793,"Not_Significant"
"LIFR",-0.246075112516783,8.15736692939383,0.187233095672563,0.671026883252046,0.972171063593793,"Not_Significant"
"KLF9",-0.317684809237891,7.59408235219551,0.186754945698137,0.671414452447023,0.972171063593793,"Not_Significant"
"NSD1",0.201474640580497,8.30859896761109,0.186496483259844,0.671625842710017,0.972171063593793,"Not_Significant"
"VWF",0.267878770533843,9.66541710869182,0.186172640032314,0.671851252673987,0.972171063593793,"Not_Significant"
"ARHGAP31",0.186535403970552,8.61017924245453,0.186055127231024,0.671976401636727,0.972171063593793,"Not_Significant"
"ARID2",0.185032449984972,8.08520567270435,0.185932297972232,0.672099965877863,0.972171063593793,"Not_Significant"
"DMXL1",0.256166540173121,7.70680861219193,0.184762690487332,0.673065458675034,0.972171063593793,"Not_Significant"
"KLF6",-0.184846925783478,8.41772397135223,0.184667599653018,0.673133214355215,0.972171063593793,"Not_Significant"
"PID1",-0.290490024783193,8.56096280176768,0.184585466067818,0.673195053626495,0.972171063593793,"Not_Significant"
"CDC42BPA",-0.156629184786303,9.69038839748505,0.184344020263036,0.673364127028632,0.972171063593793,"Not_Significant"
"PODXL",-0.263769921096823,8.73743807755995,0.184336089697241,0.673394293557851,0.972171063593793,"Not_Significant"
"UBE2E2",-0.177545041460637,9.28782935122148,0.18413745059294,0.673542295420516,0.972171063593793,"Not_Significant"
"SPATA6",0.211794420970324,8.31564556426911,0.183486939028747,0.674117788926508,0.972171063593793,"Not_Significant"
"ATP2B4",0.216332629175785,7.98464305973858,0.183026331010276,0.674512638874631,0.972171063593793,"Not_Significant"
"WWP1",0.21537956870931,7.94831806715992,0.182312367908468,0.67510887140957,0.972171063593793,"Not_Significant"
"PRKCB",-0.236076272011061,8.06761946764024,0.181636412613213,0.675673209691793,0.972171063593793,"Not_Significant"
"RGS7",0.280192188443661,7.70878061472533,0.181491668603845,0.675790282980667,0.972171063593793,"Not_Significant"
"WDR70",0.190339684503308,8.0508849046141,0.180792640407096,0.676379687532446,0.972171063593793,"Not_Significant"
"PELI2",0.35652409708163,7.53534709679546,0.180730120806339,0.676410669196765,0.972171063593793,"Not_Significant"
"FILIP1L",-0.246076986832041,7.66066838835618,0.180111789519468,0.676949885713798,0.972171063593793,"Not_Significant"
"G3BP1",0.285170931147631,7.78483382934644,0.179918329697838,0.677114469458322,0.972171063593793,"Not_Significant"
"TBC1D4",0.159126742200893,9.05703912526274,0.17966203862795,0.677292072306745,0.972171063593793,"Not_Significant"
"SPATS2L",0.220311319485373,8.28641347775981,0.178725290310607,0.678112532019371,0.972171063593793,"Not_Significant"
"TAOK1",0.167447730972412,8.22499872153435,0.17869910340228,0.678137424265169,0.972171063593793,"Not_Significant"
"BCAS3",-0.154335121191297,9.53636092064554,0.178623121423059,0.678159130857445,0.972171063593793,"Not_Significant"
"ATP6V1E1",0.260623418650217,7.87098467290681,0.178141810822196,0.678616381219382,0.972171063593793,"Not_Significant"
"ELMO1",-0.200948194345742,9.29093907571082,0.177966318889408,0.678719572341586,0.972171063593793,"Not_Significant"
"MT-CO3",0.203709427150371,11.5577053800702,0.177796125572407,0.678850032223589,0.972171063593793,"Not_Significant"
"ATP5MG",-0.220480149729939,8.24661353696023,0.1771021207874,0.679491015138598,0.972171063593793,"Not_Significant"
"RABGAP1L",0.154117755622786,9.18568185229307,0.177021764230691,0.679523630057299,0.972171063593793,"Not_Significant"
"DOCK1",-0.183464409730903,8.97767696974431,0.176875232843213,0.679654022145218,0.972171063593793,"Not_Significant"
"CAP1",-0.260865287988017,7.7169128866267,0.17671101672182,0.679830339689063,0.972171063593793,"Not_Significant"
"SMURF2",-0.27258752285719,7.79713349011734,0.176644452260731,0.679889622912928,0.972171063593793,"Not_Significant"
"ELOB",-0.212763048442054,8.14567387514419,0.175473457669721,0.680882990943275,0.972171063593793,"Not_Significant"
"PABPC1",-0.231542244692634,8.32327565859194,0.17469602880543,0.681540823505843,0.972171063593793,"Not_Significant"
"GRIK2",-0.33190248011359,7.38677582421995,0.174609427171605,0.681583086529447,0.972171063593793,"Not_Significant"
"USP54",-0.195469647449036,8.68737980113303,0.17207641000078,0.683779476086034,0.972171063593793,"Not_Significant"
"PPP2R5E",0.193143694840978,7.98144927451934,0.171959489678466,0.683907024001006,0.972171063593793,"Not_Significant"
"R3HDM2",-0.191505618199527,7.8792751309759,0.171797866927177,0.684049485088394,0.972171063593793,"Not_Significant"
"MLLT10",-0.190046670300953,8.32244024029607,0.171667344574858,0.684149163529802,0.972171063593793,"Not_Significant"
"PAWR",-0.236206657172601,7.7729720812348,0.170954106486334,0.684779450579288,0.972171063593793,"Not_Significant"
"SERINC3",0.205100571298199,8.00298340283794,0.17091224071171,0.68481383067296,0.972171063593793,"Not_Significant"
"SSH2",-0.191016143255399,8.84060185290801,0.169046656399571,0.686406872729049,0.972171063593793,"Not_Significant"
"DLGAP1",-0.275182707689255,8.6386224216098,0.168227172462535,0.68713160209904,0.972171063593793,"Not_Significant"
"HLA-B",0.237145303523722,9.31988648407503,0.167906624485208,0.687391978759134,0.972171063593793,"Not_Significant"
"PIK3CA",0.205614112999207,7.99053105112408,0.167369869618453,0.687907531912381,0.972171063593793,"Not_Significant"
"DEPP1",0.343070552507489,8.70759610030472,0.167255531338977,0.687981270967977,0.972171063593793,"Not_Significant"
"HIVEP1",-0.261868870720507,7.69871558982542,0.16666044221527,0.688530734823283,0.972171063593793,"Not_Significant"
"SLC25A6",0.2110768101614,7.98069246431927,0.165856220481118,0.689241239492216,0.972171063593793,"Not_Significant"
"ZNF704",0.184106486888421,8.09713847643046,0.164419046986946,0.69051150350662,0.972171063593793,"Not_Significant"
"NEDD9",0.242329456403172,8.26754646885197,0.163371589213862,0.691437083088471,0.972171063593793,"Not_Significant"
"PDE4D",0.162760849645251,10.5495116381471,0.163243755192095,0.691504972824059,0.972171063593793,"Not_Significant"
"PIAS2",-0.17646828398978,7.91298804996085,0.16222721013182,0.692470417769789,0.972171063593793,"Not_Significant"
"ADGRL4",-0.204611304526443,8.33753939316387,0.162046580035535,0.692618782104756,0.972171063593793,"Not_Significant"
"LRRFIP2",-0.168383234000377,8.44167204437879,0.161523590497996,0.693083073644159,0.972171063593793,"Not_Significant"
"AP002336.2",0.207734435108824,7.82009004923912,0.159781730925766,0.694666432200978,0.972171063593793,"Not_Significant"
"MFSD2A",0.240273356723534,7.75422643063672,0.158728056413232,0.695617581295504,0.972171063593793,"Not_Significant"
"CHPT1",0.224535673412553,7.81777286014057,0.158335184684489,0.695975762870363,0.972171063593793,"Not_Significant"
"ZNF721",0.324508564192312,7.5616275458897,0.157730927453851,0.696507529392135,0.972171063593793,"Not_Significant"
"PHC3",-0.187132547189165,7.9661133996413,0.157170062623376,0.697037410107798,0.972171063593793,"Not_Significant"
"HNRNPH3",0.300769791820018,7.78125246497312,0.157046606364947,0.697146281521498,0.972171063593793,"Not_Significant"
"CHD6",-0.226558755551053,7.97513139320192,0.157034721990684,0.697160699324184,0.972171063593793,"Not_Significant"
"EIF4G3",0.152236355183838,9.29347577029857,0.156945623325505,0.697197898848919,0.972171063593793,"Not_Significant"
"RABEP1",-0.193544709159638,7.82460152585328,0.155330292205159,0.698720976465953,0.972171063593793,"Not_Significant"
"MEF2A",-0.194404971951052,9.66818112713115,0.154932472960062,0.699036299420913,0.972171063593793,"Not_Significant"
"APBB2",-0.146768546407594,9.64639019092751,0.154055805148057,0.699843877954921,0.972171063593793,"Not_Significant"
"LINC00844",-0.216836099617361,7.99196944302348,0.153165265651034,0.700715272480109,0.972171063593793,"Not_Significant"
"PLS3",-0.216175158589573,7.82243746067196,0.152829618446781,0.701027126674294,0.972171063593793,"Not_Significant"
"INSR",-0.146326464983948,9.13980891255233,0.15247127778869,0.70131862265801,0.972171063593793,"Not_Significant"
"GNG7",-0.2581801518323,7.59366558759922,0.152067832607108,0.701723368588012,0.972171063593793,"Not_Significant"
"ASTN2",0.309350773242846,7.90545258675599,0.151589304372107,0.702176368578821,0.972171063593793,"Not_Significant"
"TNRC6B",0.134204097699883,9.24330716761959,0.151324486580196,0.70238285497232,0.972171063593793,"Not_Significant"
"ARHGAP6",-0.198580744398404,8.19385214853241,0.150997803289452,0.702723388019745,0.972171063593793,"Not_Significant"
"ADAMTS6",-0.304356872733184,7.59939213266033,0.150508631728259,0.703177281559834,0.972171063593793,"Not_Significant"
"MGLL",0.172743032319792,8.16723765365455,0.149193156547408,0.704413298950126,0.972171063593793,"Not_Significant"
"CSMD1",-0.215441438700779,8.91177143964764,0.148087997711921,0.705426831542074,0.972171063593793,"Not_Significant"
"RHOC",0.31977925084737,8.0776176428486,0.147540626914405,0.705972861128169,0.972171063593793,"Not_Significant"
"GIGYF2",-0.175701918616102,8.06537198048016,0.146120948006764,0.707321479900878,0.972171063593793,"Not_Significant"
"KLF7",0.205155442851166,7.94112612633785,0.146078054462552,0.707363261485342,0.972171063593793,"Not_Significant"
"COG5",0.151005095301699,8.33788108094686,0.145969840988617,0.70745489965036,0.972171063593793,"Not_Significant"
"FGFR1",0.340537867790274,7.5226506752379,0.14585792533409,0.707551087692264,0.972171063593793,"Not_Significant"
"TTLL5",0.241208373990696,8.01523474108358,0.145510417114609,0.707902438084935,0.972171063593793,"Not_Significant"
"RAB11A",0.132129068078791,9.33614840587305,0.145192906815215,0.708164734406072,0.972171063593793,"Not_Significant"
"CAMTA1",0.156425318037354,8.62116067332495,0.143804433814493,0.709513350094779,0.972171063593793,"Not_Significant"
"MBNL1",0.143752022056922,9.73619057959784,0.143642061278148,0.709644498562808,0.972171063593793,"Not_Significant"
"MPPED2",-0.318298131434153,7.41160880290205,0.143212670693943,0.710071179170143,0.972171063593793,"Not_Significant"
"ENPP2",-0.234070111865803,7.96923235028295,0.142698698036223,0.710600378448345,0.972171063593793,"Not_Significant"
"DYM",-0.143775052083679,8.70716887651103,0.141590052127686,0.711645485748012,0.972171063593793,"Not_Significant"
"POMP",-0.192967122839953,8.15076072616047,0.140876143686645,0.712359186266639,0.972171063593793,"Not_Significant"
"SPOCK2",-0.187997309429791,8.31911813372954,0.14040855702713,0.712807510220571,0.972171063593793,"Not_Significant"
"RAPGEF5",-0.190960774271626,9.28325019961304,0.139499277043937,0.71366376743738,0.972171063593793,"Not_Significant"
"ASXL1",0.145082140693527,8.34540052274488,0.138942191400578,0.714237204606532,0.972171063593793,"Not_Significant"
"MYO9A",0.153311575090507,8.78216659023053,0.13864761431421,0.714509725162476,0.972171063593793,"Not_Significant"
"ATM",-0.177211065533807,8.09595326053559,0.137675004116332,0.715490400010493,0.972171063593793,"Not_Significant"
"EEA1",0.219764773266353,7.97381073111203,0.137661275024745,0.715505255242954,0.972171063593793,"Not_Significant"
"CANX",0.157512976032934,8.11914685676938,0.137590831443524,0.715571731097883,0.972171063593793,"Not_Significant"
"EMP2",0.231475183149754,8.3768281104765,0.137297096849106,0.715851896034448,0.972171063593793,"Not_Significant"
"PTBP2",-0.14877357427126,8.50256367337194,0.137281258420681,0.715863090989866,0.972171063593793,"Not_Significant"
"GPATCH8",-0.146159319074095,8.98823160161708,0.137048662869113,0.716076335564271,0.972171063593793,"Not_Significant"
"SKP1",-0.174642675309782,8.27796288623009,0.13679070786155,0.716355986406868,0.972171063593793,"Not_Significant"
"INVS",-0.169326141130591,8.39963799154897,0.136752521654668,0.716388949668273,0.972171063593793,"Not_Significant"
"NHS",-0.208907282057201,7.86791225931189,0.136518767084537,0.716634761768365,0.972171063593793,"Not_Significant"
"ETS1",-0.198864471993112,7.85889383240291,0.135942413987531,0.717205362146824,0.972171063593793,"Not_Significant"
"YWHAB",-0.208825489168731,8.3147091050233,0.135680886590196,0.717453410860613,0.972171063593793,"Not_Significant"
"PLEKHA5",0.160360446391824,9.25914872970912,0.135421343226418,0.71768152954122,0.972171063593793,"Not_Significant"
"NUMB",0.188423091281584,8.4694839179376,0.134737100273636,0.718385402196538,0.972171063593793,"Not_Significant"
"GADD45B",0.203544491042855,8.04174569411883,0.134709980720599,0.718426701004505,0.972171063593793,"Not_Significant"
"BBX",0.175418362844955,8.59485452017945,0.134036492520888,0.71907983127823,0.972171063593793,"Not_Significant"
"TSPAN5",-0.144070438761078,9.18577008450924,0.133575544665261,0.719524166099222,0.972171063593793,"Not_Significant"
"COPS9",-0.245085002601352,7.97510368701624,0.133208841686456,0.719929858364976,0.972171063593793,"Not_Significant"
"SLIT3",0.28911634040935,7.60046490404029,0.133194222967987,0.719931891422882,0.972171063593793,"Not_Significant"
"PAPSS2",-0.204625913571008,8.15385590277635,0.132881177105693,0.720254076887393,0.972171063593793,"Not_Significant"
"COMMD10",0.184631537044661,8.23775014337297,0.132404089628971,0.720730061114555,0.972171063593793,"Not_Significant"
"CEMIP",-0.374126817641563,10.0975739685382,0.132172271136527,0.721026666578336,0.972171063593793,"Not_Significant"
"C7",0.264344095413556,7.84533502717027,0.131920782087295,0.721223455601725,0.972171063593793,"Not_Significant"
"C10orf90",0.258295682899972,7.84116025761126,0.131839649112097,0.721305313566873,0.972171063593793,"Not_Significant"
"ITM2A",-0.199628874287851,9.00141362330479,0.131471361796825,0.721645037081287,0.972171063593793,"Not_Significant"
"OXR1",0.130012535726722,8.72412687773075,0.131440186820929,0.721684489648231,0.972171063593793,"Not_Significant"
"ARFGEF3",0.199602541903432,7.91006011932797,0.131295743740437,0.72185540855123,0.972171063593793,"Not_Significant"
"ANXA2",-0.216682022338494,8.00362015763354,0.131112727434405,0.722040791841735,0.972171063593793,"Not_Significant"
"RNF111",-0.127895052458652,8.15174728264179,0.130604067576667,0.722552036264624,0.972171063593793,"Not_Significant"
"USP6NL",0.24817453974943,7.70061841029001,0.129891937391345,0.72327475392718,0.972171063593793,"Not_Significant"
"PRMT2",0.140979844023298,8.19389375539792,0.129178350463005,0.72400052583394,0.972171063593793,"Not_Significant"
"SLC24A2",-0.1889094321735,9.48106703648649,0.129011024760003,0.724135461117272,0.972171063593793,"Not_Significant"
"SPOCK1",0.192319310151341,8.8762919105065,0.128985878530309,0.724173448989998,0.972171063593793,"Not_Significant"
"VRK2",0.185429164435787,8.04746548962913,0.128202056428311,0.725002893369639,0.972171063593793,"Not_Significant"
"PHF21A",-0.141753527588807,8.40923753922572,0.127962939270348,0.725236862042903,0.972171063593793,"Not_Significant"
"ABCB1",0.178591352610875,10.6870762655388,0.127856511649308,0.725310126476825,0.972171063593793,"Not_Significant"
"RNF115",0.154911796965,8.58686906071125,0.127665449283067,0.725535467208029,0.972171063593793,"Not_Significant"
"SORBS1",-0.140497130765743,9.63140613179661,0.126832986031348,0.72636902175588,0.972171063593793,"Not_Significant"
"EPB41L4A",0.195044649179853,8.37388896963329,0.126707761466842,0.726529244081527,0.972171063593793,"Not_Significant"
"SORT1",0.155748185581901,8.74356036376943,0.126300245139215,0.726937107506889,0.972171063593793,"Not_Significant"
"PCDH9",-0.164521415660177,11.8625485129031,0.125835562059086,0.727393209815996,0.972171063593793,"Not_Significant"
"MPRIP",0.152227400361092,8.27187617965761,0.125549936557109,0.727730658725919,0.972171063593793,"Not_Significant"
"ABCA9",-0.240245864577995,9.01988401247026,0.125434186312902,0.727826648124952,0.972171063593793,"Not_Significant"
"LINC00882",-0.230729772563447,7.88101739866573,0.12492307002502,0.728391619448213,0.972171063593793,"Not_Significant"
"ST18",-0.195610605949859,9.53227741917871,0.124471620653181,0.728818599469713,0.972171063593793,"Not_Significant"
"RORA",0.176348752882271,11.4209620254263,0.123766310693713,0.729547277972526,0.972171063593793,"Not_Significant"
"AC074032.1",0.23586661568665,7.73669774237176,0.123484089369261,0.729888780896452,0.972171063593793,"Not_Significant"
"CADPS2",-0.129512672401058,9.34485272652902,0.122710190472833,0.73066461232971,0.972171063593793,"Not_Significant"
"IL4R",-0.217023666936056,8.11432444808602,0.122727928657134,0.730682078807586,0.972171063593793,"Not_Significant"
"OPCML",-0.181262047414283,8.59194709191065,0.122673939682572,0.730721932579494,0.972171063593793,"Not_Significant"
"ARGLU1",0.122903858524468,9.12782316125823,0.122582752450947,0.730802509640007,0.972171063593793,"Not_Significant"
"LIMA1",-0.206750024258137,7.8039811446831,0.122565978922507,0.73085592553066,0.972171063593793,"Not_Significant"
"UBE2E1",-0.178502854453404,7.9833910875435,0.122347412422496,0.731085227065671,0.972171063593793,"Not_Significant"
"PDE4DIP",-0.161377405678122,7.99525873891873,0.122241989278504,0.731195984757973,0.972171063593793,"Not_Significant"
"NFIA",0.159814678338182,9.94297409509156,0.121863351264341,0.731549882017221,0.972171063593793,"Not_Significant"
"UACA",0.155928786498894,9.04333777352819,0.121307264982809,0.732149340256263,0.972171063593793,"Not_Significant"
"SDK1",-0.176318901252279,8.13787717158354,0.121206433123577,0.732285412837105,0.972171063593793,"Not_Significant"
"PTTG1IP",0.241572627484904,7.76949884181734,0.120301073374062,0.733246582730521,0.972171063593793,"Not_Significant"
"RCAN2",0.163090428383031,7.94733195021776,0.120153279680512,0.733405493248011,0.972171063593793,"Not_Significant"
"MPDZ",-0.140881214801473,8.46790931780109,0.120106460420851,0.733440549305564,0.972171063593793,"Not_Significant"
"OTUD7A",0.187100446582824,7.82001052206693,0.119668562229908,0.733921150450673,0.972171063593793,"Not_Significant"
"PSPC1",0.219530211184975,7.93430211018252,0.119461100963921,0.734142302630953,0.972171063593793,"Not_Significant"
"RPS25",0.178971204912087,8.05525567438632,0.11867068577151,0.734985418882904,0.972171063593793,"Not_Significant"
"SGK1",-0.187043016359184,8.54053056765649,0.118133246668814,0.735546259989509,0.972171063593793,"Not_Significant"
"EIF5B",-0.153534990508735,8.17787202254361,0.117839115508964,0.73587498763106,0.972171063593793,"Not_Significant"
"PHACTR4",-0.15560034671145,8.22680844617132,0.117531692141966,0.736204074373913,0.972171063593793,"Not_Significant"
"CHD9",-0.129748725698536,9.50482944803931,0.116820287407993,0.736937386080152,0.972171063593793,"Not_Significant"
"PTN",0.192895063123156,9.54175817824966,0.116386269677891,0.737406279085759,0.972171063593793,"Not_Significant"
"EFNA5",0.280765648923038,7.39616170171006,0.115719739862702,0.738132512547534,0.972171063593793,"Not_Significant"
"CDC37",-0.218450486271059,8.02520149572262,0.115542395806348,0.738361506458445,0.972171063593793,"Not_Significant"
"RHOBTB3",0.182060164079791,7.85728058097496,0.11444273459459,0.739560119386704,0.972171063593793,"Not_Significant"
"GADD45GIP1",-0.233089986533443,7.5595592094196,0.114408127446659,0.739587109836881,0.972171063593793,"Not_Significant"
"DIP2B",-0.172643926770019,8.76869964039486,0.113720925623603,0.74032592823839,0.972171063593793,"Not_Significant"
"NRG3",0.164254086543264,9.10117270122433,0.113441278541308,0.740624349691108,0.972171063593793,"Not_Significant"
"SPEN",0.183172097963647,7.89863894756257,0.11341180888891,0.740689473010782,0.972171063593793,"Not_Significant"
"DENND5B",-0.19449993864798,7.78233148658584,0.113380691398366,0.74072430113159,0.972171063593793,"Not_Significant"
"MYRIP",0.149252822905941,9.32176155421063,0.111583124015178,0.742670480784386,0.973237105620557,"Not_Significant"
"SPG11",0.140175221849095,8.04071447725713,0.111218674223911,0.74310972345731,0.973237105620557,"Not_Significant"
"FAM107A",-0.22298063079881,7.78912489574065,0.110592885160098,0.743807790529496,0.973237105620557,"Not_Significant"
"EIF2S2",0.214131004619818,7.73679685687658,0.110549355607255,0.743853044526152,0.973237105620557,"Not_Significant"
"CNTNAP3B",0.239449497444267,8.05467102448879,0.110502380242488,0.743905674695362,0.973237105620557,"Not_Significant"
"ENG",0.150910001513799,8.82664242185412,0.10847961458781,0.746147983953029,0.973573697019032,"Not_Significant"
"ENO1",-0.197307643707715,7.67246954220217,0.108368176555024,0.746296071888638,0.973573697019032,"Not_Significant"
"KLC1",-0.161184495116647,8.08633697440019,0.107675455330196,0.74707894799223,0.973573697019032,"Not_Significant"
"GPX4",0.195264959243353,7.79754674318175,0.106124033401733,0.748840876637733,0.973573697019032,"Not_Significant"
"TMEM50B",-0.154930236500063,7.9153058716444,0.105888018830059,0.749111959991757,0.973573697019032,"Not_Significant"
"DGKB",-0.191026759159206,8.04380180550965,0.105825573221013,0.749181375626714,0.973573697019032,"Not_Significant"
"MRPL33",0.262145167642581,7.72495291109358,0.10547207789817,0.749582577627232,0.973573697019032,"Not_Significant"
"PUM3",-0.19208561041373,7.65986259614481,0.10522179843692,0.749869098029589,0.973573697019032,"Not_Significant"
"AUTS2",-0.127618736147144,9.99975928006479,0.104221250701994,0.750979553952678,0.973573697019032,"Not_Significant"
"NCOA1",0.118803869384288,9.84315423283577,0.104032063858365,0.751198412555973,0.973573697019032,"Not_Significant"
"PHLDB1",-0.203675637701922,7.67971370782623,0.102871995760974,0.752577571516716,0.973573697019032,"Not_Significant"
"RPSA",0.227591214678403,7.95285645452957,0.102199469832374,0.753360598745357,0.973573697019032,"Not_Significant"
"EGFL7",0.192313703444193,9.12085142028709,0.101934541963864,0.753638457591232,0.973573697019032,"Not_Significant"
"YBX3",0.205836354638552,8.1120463166915,0.101941118211511,0.753658871393317,0.973573697019032,"Not_Significant"
"MAML2",0.121372580566429,9.64718282730328,0.100941239728627,0.754792139846396,0.973573697019032,"Not_Significant"
"PRUNE2",-0.175493770634247,8.53173542823264,0.100930696932644,0.754827267900479,0.973573697019032,"Not_Significant"
"RCSD1",0.293199777552518,7.33720114252803,0.100872497397532,0.754866828702746,0.973573697019032,"Not_Significant"
"MAML3",0.154026661158772,7.92794611283528,0.0997554758438429,0.756224546627941,0.973573697019032,"Not_Significant"
"CCDC91",-0.153530338641525,8.3331597801208,0.0979892165419461,0.758309076522281,0.973573697019032,"Not_Significant"
"ZFP36",-0.195359723342162,7.92347896786394,0.0976704363009953,0.75869909875728,0.973573697019032,"Not_Significant"
"AGTPBP1",0.132209463127439,8.03524196145293,0.0966942961545146,0.759864867062884,0.973573697019032,"Not_Significant"
"CRADD",0.126273916915069,8.38370242630965,0.0963188158794832,0.760306324074319,0.973573697019032,"Not_Significant"
"FBXL20",0.150328822801554,7.97762464315275,0.0958880150608369,0.760835385883484,0.973573697019032,"Not_Significant"
"RPS27",-0.153199133334234,8.17803292625701,0.0954993110437488,0.761300835280116,0.973573697019032,"Not_Significant"
"CCNL1",-0.167550366115792,7.9192777941957,0.095492125321009,0.761314624718572,0.973573697019032,"Not_Significant"
"ZNF451",-0.172614695198033,7.75889589245053,0.0953925442917199,0.761434064025229,0.973573697019032,"Not_Significant"
"SLC38A11",-0.155755911393316,8.26469380255878,0.0952868157031063,0.761555160712848,0.973573697019032,"Not_Significant"
"ATRNL1",0.202235754182504,8.24905353713837,0.0949608154425284,0.761949760671486,0.973573697019032,"Not_Significant"
"ALDH7A1",-0.249119574221621,7.45629160848582,0.094840116662723,0.762082376746375,0.973573697019032,"Not_Significant"
"RPS6KA2",-0.12483596984713,8.66855585876762,0.0946585589005521,0.762303817114147,0.973573697019032,"Not_Significant"
"ISLR",-0.309921372381722,7.5135187546906,0.0946014029324843,0.7623779320367,0.973573697019032,"Not_Significant"
"PLXNA2",0.234540305186914,7.85273553252385,0.09431312023146,0.76274239329393,0.973573697019032,"Not_Significant"
"GALNT17",-0.239197531458057,7.48833647159798,0.0942299602378879,0.762827614489394,0.973573697019032,"Not_Significant"
"EHBP1",0.150531561053135,8.80838605989485,0.0941380129573152,0.762932865610962,0.973573697019032,"Not_Significant"
"OLFML3",-0.329160117288352,7.57688335910176,0.0940197956091929,0.763090924814283,0.973573697019032,"Not_Significant"
"BNIP3L",0.171143870841381,7.92675222291519,0.0939868838868242,0.76314011007749,0.973573697019032,"Not_Significant"
"AGAP1",-0.151680344254413,9.50261700072088,0.0931291995987647,0.764152883149315,0.973573697019032,"Not_Significant"
"SH3RF1",0.151005918082142,8.03550691981909,0.0930452898588552,0.764289679786706,0.973573697019032,"Not_Significant"
"NFAT5",0.129273266819794,8.98473095041701,0.0922916300406355,0.765189667882193,0.973573697019032,"Not_Significant"
"RAPH1",0.133098477003957,8.6673072315375,0.0915920959029729,0.766060611935415,0.973573697019032,"Not_Significant"
"TAOK3",0.163339644619731,8.12359483747786,0.0914662542709795,0.766232132475782,0.973573697019032,"Not_Significant"
"SAMD4A",-0.208091274170138,8.2796518728383,0.0910045146082757,0.766800444786367,0.973573697019032,"Not_Significant"
"FAF1",0.120038574432094,8.96952475904378,0.0898305320818062,0.768242570118575,0.973573697019032,"Not_Significant"
"PPP3CC",-0.119310661728093,8.65500430766163,0.0891635835186109,0.769085609199453,0.973573697019032,"Not_Significant"
"RPS17",0.287774057886544,7.90315266588538,0.0891416270374183,0.769130634727394,0.973573697019032,"Not_Significant"
"ADAMTS1",0.301906117155798,7.73836608652693,0.0886612854530652,0.769731826097896,0.973573697019032,"Not_Significant"
"RUNDC3B",0.160656590806027,8.77959874500935,0.0885727303186085,0.769824856191622,0.973573697019032,"Not_Significant"
"HIVEP2",0.118277891548031,8.23597036433714,0.0885755091328045,0.769837091742873,0.973573697019032,"Not_Significant"
"RAB7A",0.113536389754931,8.41853206611577,0.0884477415680177,0.769992596205863,0.973573697019032,"Not_Significant"
"KCNQ5",-0.242578759763681,7.91875084806258,0.0884432891778786,0.770010589494039,0.973573697019032,"Not_Significant"
"RPL34",-0.143837904201066,8.99671016433448,0.0883847216790143,0.770056767194829,0.973573697019032,"Not_Significant"
"ABLIM1",-0.109028035521314,8.93083641750061,0.088338104245252,0.770116949041897,0.973573697019032,"Not_Significant"
"IL1R1",-0.207591975563416,7.97618921816044,0.0882195057772497,0.770292209319139,0.973573697019032,"Not_Significant"
"MNAT1",0.121801643995666,8.43581915797108,0.0879350787900292,0.770639134166176,0.973573697019032,"Not_Significant"
"CDH20",0.112303177147556,8.56896966325501,0.0878049117838764,0.770799750354683,0.973573697019032,"Not_Significant"
"SUPT3H",0.129714017535655,8.17337606095784,0.0875487905494114,0.771135645916882,0.973573697019032,"Not_Significant"
"SGMS1",-0.112725492219784,8.7470926452224,0.0873118750584541,0.771419680942706,0.973573697019032,"Not_Significant"
"UBE2K",-0.12410782380762,8.10037268606567,0.0871417798339601,0.771654322661628,0.973573697019032,"Not_Significant"
"RBPMS",0.114101823893958,9.15454729821084,0.0849700285250504,0.774405171521193,0.975868714949145,"Not_Significant"
"DTNA",0.169279466929214,8.28543102008427,0.084449617737834,0.775098319753499,0.975868714949145,"Not_Significant"
"SLC7A5",-0.139389577283099,8.89616089495443,0.0837617514542919,0.775972761065524,0.975868714949145,"Not_Significant"
"GLIS3",-0.11612513626256,8.52338269287246,0.0826564516637072,0.777422540980194,0.975868714949145,"Not_Significant"
"ELN",-0.306048929165146,7.40474128300412,0.0826376607724775,0.77743548646961,0.975868714949145,"Not_Significant"
"FRZB",-0.243978375994115,7.82310925650674,0.0826348861881007,0.777465529921507,0.975868714949145,"Not_Significant"
"KAT6B",-0.201185693365857,7.62903404089231,0.0825808705445003,0.777530839862883,0.975868714949145,"Not_Significant"
"SEPT2",-0.108040895074646,8.39971722505677,0.0822709472682635,0.77793092642188,0.975868714949145,"Not_Significant"
"ANKS1A",0.152253431382891,8.36234179327939,0.0817928571092496,0.778559479068321,0.975868714949145,"Not_Significant"
"ACSL3",-0.110509649483857,8.32740022078938,0.0817518411691326,0.778614713261411,0.975868714949145,"Not_Significant"
"RPS12",0.168951643673723,7.86177537530683,0.0814537199052096,0.779015257460835,0.975868714949145,"Not_Significant"
"NCAM2",0.113847369349365,9.65357077549584,0.081302655913036,0.779180172612563,0.975868714949145,"Not_Significant"
"AKT3",0.0954060257641317,10.1105218788718,0.0807584558186552,0.779896842619717,0.975868714949145,"Not_Significant"
"HMGN3",-0.128173662792381,8.43835090887625,0.0801280838065555,0.780758959394704,0.975868714949145,"Not_Significant"
"ELF1",0.130466129820678,8.39121159094939,0.079844762283451,0.781137223844483,0.975868714949145,"Not_Significant"
"ERC1",-0.100463016970131,9.19468959863587,0.0796763896451221,0.781343016765253,0.975868714949145,"Not_Significant"
"ZDHHC20",0.142938233459767,8.1087200037307,0.0784592077733985,0.782999349829637,0.975868714949145,"Not_Significant"
"BIN1",0.167866121749313,7.88803552071925,0.0784361894509891,0.783032928920917,0.975868714949145,"Not_Significant"
"HDAC8",-0.127037021539989,8.17414302071678,0.0782423096076599,0.783290244656973,0.975868714949145,"Not_Significant"
"PLP1",-0.149258610768918,10.4183711440564,0.0779882656877986,0.783599235729498,0.975868714949145,"Not_Significant"
"ANKIB1",-0.110465326233345,8.81313081627118,0.077799218814237,0.7838706151472,0.975868714949145,"Not_Significant"
"DPP6",-0.145295723094064,8.15084852937234,0.076093794243716,0.786206728929192,0.975868714949145,"Not_Significant"
"TULP4",-0.158927537639026,8.11996110105081,0.0758149112344303,0.786589213962193,0.975868714949145,"Not_Significant"
"RPS14",-0.183422577939019,8.72808934414966,0.0757956621448563,0.78659916764467,0.975868714949145,"Not_Significant"
"ELP4",0.130481715969797,8.04657088154045,0.0755610843096122,0.786938219188884,0.975868714949145,"Not_Significant"
"DGKH",0.169061143938763,7.99095453815699,0.0753917503309643,0.787171451481708,0.975868714949145,"Not_Significant"
"LTBP1",0.200835625687753,8.10022521059933,0.0753143321045884,0.787275969798993,0.975868714949145,"Not_Significant"
"KIAA1328",-0.130060520428557,8.06224561668667,0.0750984940593125,0.787574488135764,0.975868714949145,"Not_Significant"
"NR3C1",0.108303482454584,9.17082746910715,0.0740416644225613,0.789009305156407,0.975868714949145,"Not_Significant"
"NECAB1",-0.191764910109269,7.81482632792473,0.0736823958528501,0.789536588446841,0.975868714949145,"Not_Significant"
"CELF1",0.120321604264577,8.27211317645646,0.0728461347464127,0.790696601747247,0.975868714949145,"Not_Significant"
"TFCP2",0.16610380282922,7.85969021380739,0.0727349585822138,0.790858643781913,0.975868714949145,"Not_Significant"
"POLR2L",0.156113464524676,7.99481007360719,0.0723912369949991,0.791340228319709,0.975868714949145,"Not_Significant"
"DENND4A",0.112004310879049,8.91323939138766,0.072344593673084,0.791383961862783,0.975868714949145,"Not_Significant"
"PLSCR4",0.142112950573265,7.85684095419289,0.0718708376150904,0.792073414541233,0.975868714949145,"Not_Significant"
"CTGF",-0.229812247986492,8.63740973739873,0.0715738171256382,0.792551981791022,0.975868714949145,"Not_Significant"
"KCNIP4",-0.178289242163222,9.62145812764965,0.0714617300077411,0.792619326099998,0.975868714949145,"Not_Significant"
"SRPX2",-0.225831691215161,8.01972561834084,0.0711502180412654,0.793092013323555,0.975868714949145,"Not_Significant"
"TRAPPC9",0.140366698292236,7.88245091208847,0.0706334425015836,0.793826549168718,0.975868714949145,"Not_Significant"
"UBC",-0.125556540315062,9.97828011069445,0.0701492055323823,0.794483298570747,0.975868714949145,"Not_Significant"
"VWA8",-0.167570405129726,7.69998792582636,0.0701596411211024,0.794500668669941,0.975868714949145,"Not_Significant"
"NTRK3",0.159745552349789,9.60194643992506,0.0693646703435011,0.795610013982214,0.975868714949145,"Not_Significant"
"ITM2B",0.112523744122526,9.6275143615845,0.0691821948111599,0.795872312985095,0.975868714949145,"Not_Significant"
"STX8",-0.15156345022284,8.00270388737623,0.0689271076947465,0.796271106445096,0.975868714949145,"Not_Significant"
"GLTP",-0.197112509959518,7.3624083415061,0.0686555092651878,0.796634514196918,0.975868714949145,"Not_Significant"
"RAB1A",-0.113046231414361,8.23513772424986,0.0680360741317762,0.797555801052364,0.975868714949145,"Not_Significant"
"ATP8B1",-0.183134604937996,7.88338946940687,0.067976475055733,0.797648215331495,0.975868714949145,"Not_Significant"
"TAB2",0.117127992797504,8.01197576338325,0.0678453120003619,0.797837239062198,0.975868714949145,"Not_Significant"
"CFLAR",0.1039568680754,8.4119129816062,0.0670706026553104,0.798958546036133,0.975868714949145,"Not_Significant"
"SRGAP2",0.146338177321206,8.08303731518211,0.0669582030641556,0.799130870522886,0.975868714949145,"Not_Significant"
"TCF12",-0.0883312662722492,10.0203772013467,0.0664279391013079,0.799878283422697,0.975868714949145,"Not_Significant"
"RNF13",-0.0989051109766038,8.18281972527867,0.0663505724052925,0.800021441915914,0.975868714949145,"Not_Significant"
"ZMYND8",0.111671908960851,8.13585824587348,0.0660875387811682,0.80040975899534,0.975868714949145,"Not_Significant"
"FERMT2",0.143007170950151,8.0934307878561,0.0657815084882477,0.800862499465978,0.975868714949145,"Not_Significant"
"SBF2",-0.0913853628993912,9.76206094486171,0.0656832992322127,0.800978517038254,0.975868714949145,"Not_Significant"
"MCF2L",-0.212039258980904,7.46844348189774,0.0654098018646125,0.8014002627329,0.975868714949145,"Not_Significant"
"MKL2",-0.131823074074532,9.7432943912223,0.0650494511035519,0.801919284535989,0.975868714949145,"Not_Significant"
"FBLN1",-0.230851937613012,8.82548551393771,0.0646800291345862,0.80255259799878,0.975868714949145,"Not_Significant"
"CNTN1",0.135858924258309,8.03745772482259,0.0644175592849924,0.802891719685409,0.975868714949145,"Not_Significant"
"CCDC88A",-0.099587126656054,8.59532677246251,0.0637556798839244,0.803871363494443,0.975868714949145,"Not_Significant"
"ARHGEF12",0.112183183171659,8.70320736459583,0.0637126562614387,0.803933457330731,0.975868714949145,"Not_Significant"
"MIR181A1HG",0.126238051329629,7.97390598045115,0.063537906432863,0.804212819654096,0.975868714949145,"Not_Significant"
"MT1E",0.221422874659895,9.91774787964144,0.0634576886316247,0.804372143288368,0.975868714949145,"Not_Significant"
"EMCN",0.120773365398112,8.60867424750246,0.0630985239351614,0.804861892108863,0.975868714949145,"Not_Significant"
"WWOX",0.099700301697896,10.2914333114241,0.0628233199858185,0.805259973622014,0.975868714949145,"Not_Significant"
"ANXA3",-0.190592359619615,7.769307096493,0.0628188296832789,0.805299875531222,0.975868714949145,"Not_Significant"
"RICTOR",0.0960392525440157,8.53205344164964,0.0628067628145814,0.805305487750146,0.975868714949145,"Not_Significant"
"ECE1",0.10948121674675,8.43670725307606,0.0624185142814703,0.805897393420818,0.976010168682995,"Not_Significant"
"COX5B",0.129793844185339,8.55637665033261,0.0610412637302181,0.808001451426889,0.977118706369082,"Not_Significant"
"KMT2E",-0.0909467216292192,9.16608625422113,0.0609917484650716,0.808065981951628,0.977118706369082,"Not_Significant"
"SPIN1",-0.114024178745893,7.91892016950382,0.0608952537495923,0.808239864713277,0.977118706369082,"Not_Significant"
"MUC20-OT1",0.105011216173669,8.57360926723721,0.0603110434287895,0.809128525529039,0.977617642021557,"Not_Significant"
"UBR3",-0.110877080831209,8.61601595757185,0.0587301231111165,0.811593713599059,0.980019687085518,"Not_Significant"
"HIBCH",-0.10789177119846,8.19849032273081,0.0575854439057709,0.813411427675113,0.981637527875842,"Not_Significant"
"MAPKAP1",0.16586433274491,7.64484194526668,0.0570678876654184,0.814234428462283,0.981999879800937,"Not_Significant"
"MARCH7",0.108065824981501,8.14644136187287,0.0566176139467518,0.814955460291084,0.981999879800937,"Not_Significant"
"XRN1",0.102377926909016,8.02680400663283,0.0564221833076791,0.815270805293757,0.981999879800937,"Not_Significant"
"TUT4",-0.0897960226684902,8.55443652404653,0.0561952232733422,0.815624048169619,0.981999879800937,"Not_Significant"
"ZHX2",-0.105401480074818,8.21905605122518,0.0558820392391791,0.816136479511679,0.982041200302864,"Not_Significant"
"STARD13",-0.0903581671191041,8.79618578148277,0.0549041671227164,0.817707842089462,0.983180178862462,"Not_Significant"
"CAPZA1",-0.110987068696964,7.86830757360935,0.0542770236566562,0.818749922973328,0.983180178862462,"Not_Significant"
"SLC12A2",-0.0840147502975649,8.97069546714171,0.0541307817837679,0.818968620499847,0.983180178862462,"Not_Significant"
"KIAA1468",-0.122757199707965,7.82270076261302,0.0541157472842173,0.819014167680297,0.983180178862462,"Not_Significant"
"SCD5",-0.106943131908087,8.51316395814995,0.0538273465928186,0.819476371086921,0.983180178862462,"Not_Significant"
"RPL32",0.0967884289024851,8.74820682761697,0.0527139204434939,0.821313121632769,0.984808611695101,"Not_Significant"
"RPS2",0.124983065894435,9.02192753678768,0.052309399801068,0.821982651667122,0.985036386536913,"Not_Significant"
"CLDN5",0.137054839225143,11.1781045558444,0.0515136112303353,0.823306960530768,0.985404508681636,"Not_Significant"
"WDR11",0.161481603812417,7.67204560396128,0.0510567863243884,0.824105701095404,0.985404508681636,"Not_Significant"
"SLTM",-0.08351893765571,8.46648588422845,0.0509200331738818,0.824330716313291,0.985404508681636,"Not_Significant"
"PPP1R12A",-0.0937591230961674,8.59039348420145,0.0508848761783107,0.824387498896834,0.985404508681636,"Not_Significant"
"DST",0.0942172467669073,9.47626606521331,0.0506996242022307,0.824688583458487,0.985404508681636,"Not_Significant"
"LAPTM4A",-0.0917377409302747,8.5727222196393,0.0499113068481305,0.826046246552708,0.98542120134693,"Not_Significant"
"ARL15",-0.116991448661486,10.2483485955771,0.049476396313829,0.826775444952679,0.98542120134693,"Not_Significant"
"CD81",-0.11635030716662,8.40942867443072,0.0494754550610134,0.826797884226312,0.98542120134693,"Not_Significant"
"SNX6",0.150178107319121,8.04743451317639,0.0494306691965936,0.826881850854091,0.98542120134693,"Not_Significant"
"ACTB",0.10247364597893,10.7058007799475,0.049286651902466,0.827101339397326,0.98542120134693,"Not_Significant"
"DOCK6",0.092531967522854,8.14750807750701,0.0484530396100832,0.828571453877554,0.986600444211302,"Not_Significant"
"CYYR1",0.168951155711115,7.47229766545935,0.047864483362216,0.829586877605275,0.987237222828062,"Not_Significant"
"DPYSL2",-0.08708603373597,9.01237615981375,0.0473467013776935,0.830490058198282,0.987737616649971,"Not_Significant"
"PDE5A",-0.103625032048822,8.06896586108059,0.0468811383685383,0.831330124096138,0.987737616649971,"Not_Significant"
"FOXO3",0.0860306340517858,8.7113698818327,0.0468058839516969,0.831450019078773,0.987737616649971,"Not_Significant"
"ATXN2",0.0843248960735122,8.70176024799874,0.0453719815953295,0.834010253434225,0.988331315170538,"Not_Significant"
"ZNF652",0.119922288372863,8.06456024236428,0.0452985485872843,0.83415511679342,0.988331315170538,"Not_Significant"
"TTC17",0.0836445898767987,8.68089137639949,0.045034486805677,0.834619354435784,0.988331315170538,"Not_Significant"
"SERP1",-0.103113762530332,7.80471233284521,0.0448494302426658,0.834968014318786,0.988331315170538,"Not_Significant"
"NUTM2B-AS1",0.107692363014657,8.00533262125498,0.0447827567544504,0.835087830334986,0.988331315170538,"Not_Significant"
"SETX",-0.0851126408694808,8.11591512605117,0.0446612558039829,0.835306936821255,0.988331315170538,"Not_Significant"
"SOBP",0.110569599503296,7.83492770549231,0.0443789945648039,0.835821899232446,0.988331315170538,"Not_Significant"
"SGPL1",0.137655940122442,7.73132090331936,0.0442637753393829,0.836030492756336,0.988331315170538,"Not_Significant"
"HIPK3",-0.0786433919239568,8.47014179802277,0.0441226413933768,0.83628034360584,0.988331315170538,"Not_Significant"
"DNM2",-0.117444052572589,7.87582783671058,0.0434130671368976,0.837591453010208,0.989311583946502,"Not_Significant"
"UBL5",-0.157089861708202,7.91548877847339,0.0429340676671099,0.838476241775652,0.989659588954438,"Not_Significant"
"RPL29",-0.0702030859557532,8.72568590279053,0.0426078835718816,0.839067284084883,0.989659588954438,"Not_Significant"
"TERF2IP",0.132527676965199,7.91755902193893,0.0417183978871631,0.840744829102519,0.989659588954438,"Not_Significant"
"THSD4",-0.115472590258736,9.5378875375016,0.0413916598541369,0.841337191515513,0.989659588954438,"Not_Significant"
"EGFR",0.136370008031412,8.23933593899813,0.0412504680483086,0.84162328712407,0.989659588954438,"Not_Significant"
"MTSS1",-0.0996934607385823,8.19325140700929,0.0411719330072266,0.84177303647912,0.989659588954438,"Not_Significant"
"CRLF3",-0.0868177247249264,8.03404210812884,0.0408568654522035,0.842373394986251,0.989659588954438,"Not_Significant"
"NSF",0.13315202698148,8.04821748317118,0.0406520939351569,0.842762696455928,0.989659588954438,"Not_Significant"
"MED13",0.0794721599348986,8.26601697580244,0.0403384764795198,0.84335824107012,0.989659588954438,"Not_Significant"
"CERCAM",0.174147297969423,7.79739259744834,0.0401985505487182,0.843630368240806,0.989659588954438,"Not_Significant"
"ZBTB38",0.0820537753013563,8.70873153682347,0.0401622708317525,0.843687243200192,0.989659588954438,"Not_Significant"
"PTPRK",0.0814370783601429,10.2798319379894,0.0393824899826135,0.845178214048268,0.989659588954438,"Not_Significant"
"LONP2",-0.0940662386062027,7.8796294751476,0.0393038954921899,0.845356992292386,0.989659588954438,"Not_Significant"
"ZBTB16",-0.097548831446053,9.29411986331127,0.0392756779454186,0.845390303048239,0.989659588954438,"Not_Significant"
"MAP2",0.1115274258001,8.00799057385994,0.0390647284897693,0.845820592373731,0.989659588954438,"Not_Significant"
"ZNF644",-0.0937426261491999,8.13251897808251,0.0385542276469168,0.846816187799544,0.989659588954438,"Not_Significant"
"FBXO32",-0.212248443580381,7.9938270552515,0.0384426531884267,0.847091711188563,0.989659588954438,"Not_Significant"
"CLOCK",0.116721102987506,7.86575754454064,0.0382448857474078,0.847425691513011,0.989659588954438,"Not_Significant"
"MGAT5",-0.0753536921836217,8.57433379520228,0.0381431727578553,0.847615502181269,0.989659588954438,"Not_Significant"
"EXOC2",-0.119056328781679,7.62935763310692,0.0380160040432069,0.847873665201291,0.989659588954438,"Not_Significant"
"PDS5B",0.0774159159945694,8.56304598488531,0.0376527551890642,0.848585376648549,0.989659588954438,"Not_Significant"
"ZNF654",-0.0867464476694396,7.96167873018812,0.0373551451392348,0.849187393705617,0.989659588954438,"Not_Significant"
"SCFD1",-0.0845294040030586,8.18182509233235,0.0373509962102279,0.849192734183582,0.989659588954438,"Not_Significant"
"SHPRH",-0.0723504392579638,8.36485063321955,0.0371578827502002,0.849574525699605,0.989659588954438,"Not_Significant"
"TNXB",0.159619928249218,7.65482322387131,0.0369809048399861,0.849931604145876,0.989659588954438,"Not_Significant"
"PKD2",-0.120282567180286,7.72030744831051,0.0360395514118665,0.851831759663587,0.991310161104253,"Not_Significant"
"ARHGAP42",-0.0804005190787473,8.71766997769201,0.0356234277988852,0.852666940669579,0.991720212987155,"Not_Significant"
"NCOA2",0.0778778587382481,8.87799443936936,0.0351309760242939,0.853673645704405,0.991827413579052,"Not_Significant"
"LSM14A",0.0808806477650607,8.26517604282257,0.0349303935563624,0.854097511384521,0.991827413579052,"Not_Significant"
"CNTNAP2",0.118669399584798,9.29572537965269,0.0346147371652833,0.854734809207917,0.991827413579052,"Not_Significant"
"ABL1",-0.093761222275714,8.24852990351515,0.034435360109727,0.855122893842407,0.991827413579052,"Not_Significant"
"CEMIP2",-0.0767247806854977,8.49103379312638,0.0339928496756694,0.856041034657774,0.991827413579052,"Not_Significant"
"ABI2",0.0811450848522571,8.17475109762113,0.0339249220398167,0.856188829509203,0.991827413579052,"Not_Significant"
"ELL2",-0.0844144227895936,8.79226996789777,0.03337958396687,0.857325010576793,0.991827413579052,"Not_Significant"
"PPM1H",0.0990258259129659,8.37560925963144,0.0328774371802087,0.858396830822878,0.991827413579052,"Not_Significant"
"LRP1",0.134565764481957,8.05348551920149,0.0327611037759386,0.858649732179921,0.991827413579052,"Not_Significant"
"IWS1",-0.124951025779981,7.62574291234413,0.03256547609674,0.859065641812979,0.991827413579052,"Not_Significant"
"CCSER1",0.093917701644094,8.37528509113681,0.0320736460891211,0.86011871641488,0.991827413579052,"Not_Significant"
"GTF2I",0.0670356300662038,8.76357388072624,0.0318308534794283,0.860636600672722,0.991827413579052,"Not_Significant"
"CDC42",0.0844423903871119,8.03945910481433,0.0318063375186942,0.860701507136004,0.991827413579052,"Not_Significant"
"ZKSCAN1",-0.0784698519067332,8.08650093822258,0.031177993963003,0.862068695757868,0.991827413579052,"Not_Significant"
"TCF7L2",0.100726511265868,8.20122858886661,0.0311117895973992,0.862211753701844,0.991827413579052,"Not_Significant"
"PDE1C",0.0753956266556453,8.81435214784039,0.0310892360494415,0.862250925564668,0.991827413579052,"Not_Significant"
"MAP2K5",0.080971724510485,8.05292004838511,0.0305493767104675,0.863451362018921,0.991827413579052,"Not_Significant"
"AEBP2",-0.0901862554542839,7.76213349134799,0.0302365002426204,0.864145761258072,0.991827413579052,"Not_Significant"
"AMER2",0.109143220681674,7.78072061976008,0.0301465102272854,0.864345638321139,0.991827413579052,"Not_Significant"
"C1S",0.0976678080893572,8.05224937096272,0.0300238232427157,0.864618452954474,0.991827413579052,"Not_Significant"
"RBMS3",-0.0805739991231665,9.41533834221243,0.0299167898136006,0.864839297813646,0.991827413579052,"Not_Significant"
"USP32",-0.0831254991748445,8.20479820956218,0.0299094347531009,0.864871977640838,0.991827413579052,"Not_Significant"
"JMJD1C",-0.0609865042964644,10.472998620377,0.0298964562804961,0.864881108776523,0.991827413579052,"Not_Significant"
"RPL10A",0.119233671022321,8.11635407758938,0.029637342009604,0.865482654897517,0.991827413579052,"Not_Significant"
"TRIO",0.0706285545282712,9.28535260618171,0.0295566278182086,0.865647773491871,0.991827413579052,"Not_Significant"
"CMTM8",0.144307869668822,7.84596281545028,0.0294521294890984,0.865900908041296,0.991827413579052,"Not_Significant"
"UBE2H",-0.0646429062788498,8.38574359532692,0.0290686412748081,0.866762041257296,0.991827413579052,"Not_Significant"
"SLC1A3",0.070038179209265,9.53057860608978,0.0289997875466129,0.866904653735334,0.991827413579052,"Not_Significant"
"TLE1",-0.0850877676102833,8.1272500219757,0.028922158519816,0.867098933570947,0.991827413579052,"Not_Significant"
"ADAM10",0.0659736598064105,8.39441392695767,0.0288558557817772,0.867245391814985,0.991827413579052,"Not_Significant"
"SLC16A1-AS1",-0.126318948979612,7.63719750745623,0.0285418259365493,0.867966059912751,0.992099213723312,"Not_Significant"
"EFHD1",0.101664067915023,8.12804758165683,0.0281935764406841,0.868766521076351,0.992461865567755,"Not_Significant"
"RPL36AL",0.0747965499391268,8.06076087436637,0.0277756064761905,0.869734179897555,0.992616652447288,"Not_Significant"
"MGST3",-0.0758806075972616,8.31011888012185,0.0277162813866425,0.869868536711353,0.992616652447288,"Not_Significant"
"MSRB3",0.0772276144250758,8.0747974789471,0.0273564484148212,0.870711116020911,0.993026447699584,"Not_Significant"
"DCN",-0.09780184926899,10.0005865493314,0.0264071941748247,0.872933450917236,0.99440195069798,"Not_Significant"
"FOXN3",-0.0738175951181197,8.5494140101672,0.0262916207559634,0.87322140835665,0.99440195069798,"Not_Significant"
"KIAA0232",-0.0835449475628798,8.02344284077665,0.0259619627651191,0.874019193523714,0.99440195069798,"Not_Significant"
"PRDX1",0.0777367998634423,8.55271396897554,0.0253904858602653,0.875393074693,0.99440195069798,"Not_Significant"
"FAM49B",0.120402603271354,8.05239366877563,0.0253501467087724,0.875498496074707,0.99440195069798,"Not_Significant"
"GLG1",0.0595535328861075,8.36864550937418,0.0244699758991319,0.877655723029322,0.99440195069798,"Not_Significant"
"GRM5",0.167945579946364,7.41338819164574,0.0242797565893831,0.878119315440561,0.99440195069798,"Not_Significant"
"FKBP2",-0.105443516822353,7.5445222258507,0.0240352540832335,0.878737816875108,0.99440195069798,"Not_Significant"
"PAN3",0.0810786105913616,8.39036543699032,0.0240330024257757,0.878743328990473,0.99440195069798,"Not_Significant"
"FNBP4",0.0741157979781269,7.98192648874734,0.0238700209379208,0.879156931174226,0.99440195069798,"Not_Significant"
"PKD1",0.124733060731715,7.44588138389844,0.0233772421767167,0.880389474888192,0.99440195069798,"Not_Significant"
"WAC",0.0582680822248091,8.71039285707325,0.0233549746755079,0.880447044996012,0.99440195069798,"Not_Significant"
"CEP112",0.0632469069505377,8.74284580690045,0.02305473448785,0.881211268928589,0.99440195069798,"Not_Significant"
"P2RY14",0.125936735788874,8.07171675560977,0.0230203767813734,0.881308462756377,0.99440195069798,"Not_Significant"
"CSPP1",0.0760383720849595,7.90015146330306,0.0228594324946408,0.881721929498451,0.99440195069798,"Not_Significant"
"ROBO1",-0.0885378031612683,8.54688584605856,0.0228037287494382,0.881857232609331,0.99440195069798,"Not_Significant"
"AHNAK",-0.090929512436885,7.82631091142825,0.0227761394260356,0.881936075565398,0.99440195069798,"Not_Significant"
"NEBL",0.067863130880516,9.5793664586705,0.0226431313616902,0.882260784116212,0.99440195069798,"Not_Significant"
"KLHL24",0.0715624756724511,7.90997408475369,0.022249259058782,0.883298597281459,0.99440195069798,"Not_Significant"
"FLRT2",-0.133121482398542,9.2846239211426,0.0221300193537774,0.883634250675922,0.99440195069798,"Not_Significant"
"FAU",-0.0771317340725316,8.79680593420342,0.0220189098868623,0.883888597111664,0.99440195069798,"Not_Significant"
"SPPL3",0.0656174721516123,8.33950963327223,0.021789859397981,0.884495785306115,0.99440195069798,"Not_Significant"
"ADD1",-0.059344452120295,8.71559640600963,0.0215299268859324,0.885176217361498,0.99440195069798,"Not_Significant"
"TANK",0.0632687812430581,8.16236107491026,0.0211177352206647,0.886280088368603,0.99440195069798,"Not_Significant"
"THRAP3",0.0660386814373079,8.00148316905247,0.0210274549218747,0.886523237825783,0.99440195069798,"Not_Significant"
"AK5",0.082051487321895,8.06588269080291,0.0210172878819222,0.886549899377826,0.99440195069798,"Not_Significant"
"PICALM",0.0539687065531808,9.66794227104371,0.0207636603041534,0.887215307086206,0.99440195069798,"Not_Significant"
"CWF19L2",0.0629698372102253,7.98677608724542,0.0205268933351077,0.887872236658697,0.99440195069798,"Not_Significant"
"APLP2",-0.0876023334702067,7.88388077671503,0.0200622993752246,0.889139904501398,0.99440195069798,"Not_Significant"
"SEC31A",0.0668913170300759,8.05532244700855,0.0199922122368794,0.889331230845343,0.99440195069798,"Not_Significant"
"GBF1",0.088643975134588,7.90852056221615,0.019857441081718,0.889703082761559,0.99440195069798,"Not_Significant"
"PCBP1",0.13118321996158,7.41983874276285,0.0198388349374876,0.889742458867362,0.99440195069798,"Not_Significant"
"U2SURP",0.0643766710015981,8.02909017505877,0.0198165195735565,0.889815398297076,0.99440195069798,"Not_Significant"
"SIPA1L1",0.0865703598539238,8.83469031125139,0.0197055032794544,0.89011215800822,0.99440195069798,"Not_Significant"
"ZFAND5",-0.0866296065158769,7.59796728000613,0.0195767275168789,0.890476856111146,0.99440195069798,"Not_Significant"
"RSU1",0.0735632544734044,7.95636405253179,0.0193264106283265,0.891177530982811,0.99440195069798,"Not_Significant"
"PTK2",-0.0492208273001117,9.55271981399349,0.0191216885286685,0.891735724102883,0.99440195069798,"Not_Significant"
"SARAF",-0.0612016578380518,8.23911759994286,0.0191196431243437,0.891754622501954,0.99440195069798,"Not_Significant"
"FBXL17",0.0579791171163627,8.88844103473229,0.0187665440265086,0.892743804223573,0.99440195069798,"Not_Significant"
"CPM",0.0736786455614093,8.75698934477972,0.0183713901435481,0.89387303490713,0.99440195069798,"Not_Significant"
"NDRG1",-0.0633501238217494,8.68569178908741,0.018357737704405,0.893913100040118,0.99440195069798,"Not_Significant"
"TMEM144",0.0732777113136377,8.81524837033001,0.0183564176601263,0.893915385905132,0.99440195069798,"Not_Significant"
"RPL7",-0.0652584091625478,8.71977954414332,0.0180398689481543,0.894829261209919,0.99440195069798,"Not_Significant"
"RPS18",0.110367626141148,7.91105438574407,0.0179122634252291,0.895208445377447,0.99440195069798,"Not_Significant"
"GRB10",0.0891994531942116,8.52389396938012,0.0178394669100885,0.895413776601796,0.99440195069798,"Not_Significant"
"CALR",0.0768331308603057,7.91357465489495,0.0175922332120665,0.896142984702265,0.99440195069798,"Not_Significant"
"PDE10A",0.0644789835067758,8.48431240683336,0.0171997737729729,0.897294953864136,0.99440195069798,"Not_Significant"
"SEMA6A",0.0713082678559347,7.96735837829362,0.0169796860658312,0.89795588841303,0.99440195069798,"Not_Significant"
"PLEKHA6",0.0981254507323239,8.24423218614793,0.0169161727513943,0.898143159160664,0.99440195069798,"Not_Significant"
"HSP90AB1",0.0664971255054626,9.09860155541979,0.0168856564832478,0.898224975765615,0.99440195069798,"Not_Significant"
"HECW2",-0.0811997396574609,7.844833908278,0.0165540605704646,0.899235805295181,0.99440195069798,"Not_Significant"
"RPS23",-0.0616969852480233,9.34533946361785,0.0165226514253037,0.899316842029486,0.99440195069798,"Not_Significant"
"CTNNA2",-0.0739945593891819,9.20386921544715,0.0163653825009707,0.899795233845206,0.99440195069798,"Not_Significant"
"RALYL",-0.0936203053105086,7.88038193750102,0.0163684744053983,0.899798967233928,0.99440195069798,"Not_Significant"
"ARHGAP29",0.0531297204712352,10.0542472868471,0.0163039455917993,0.899979109923503,0.99440195069798,"Not_Significant"
"TMSB10",0.0803317166560141,11.4258570670795,0.0162967358781506,0.900000003902554,0.99440195069798,"Not_Significant"
"ARID4B",-0.049673205716193,8.88188173546868,0.0162457559527662,0.900162640619493,0.99440195069798,"Not_Significant"
"P2RX7",0.114366612782744,7.59620442315911,0.016219939871036,0.900248468172198,0.99440195069798,"Not_Significant"
"FTX",0.0474748103657486,10.4304847697166,0.0158532313508329,0.901362927217581,0.99440195069798,"Not_Significant"
"SEPT7",0.0478864386444457,9.58878828217803,0.0155251117604083,0.902385161371737,0.99440195069798,"Not_Significant"
"GRID1",0.0778360709742144,7.92735728193722,0.0154848817623729,0.902525484619389,0.99440195069798,"Not_Significant"
"SRARP",0.10437639696602,8.18001228289135,0.0154828637192869,0.902529884213788,0.99440195069798,"Not_Significant"
"TNS2",0.0552185792114599,8.41422380760784,0.0148180616701729,0.904631512231337,0.99440195069798,"Not_Significant"
"PRKD1",0.0469346224572631,8.28565910922828,0.0148063354074053,0.90467061310752,0.99440195069798,"Not_Significant"
"LRRC1",-0.0718000694920694,7.88177356336158,0.0147914369191077,0.904721625932797,0.99440195069798,"Not_Significant"
"STOM",0.0597613251529217,8.94902046034424,0.0146938585524132,0.905024222499091,0.99440195069798,"Not_Significant"
"CBFB",-0.0838426153734788,7.63751073258717,0.0146029988265188,0.905325314689056,0.99440195069798,"Not_Significant"
"KAZN",0.073094825242663,9.5083040004265,0.0145506598370244,0.90548233049424,0.99440195069798,"Not_Significant"
"TNIK",0.0814299969576275,8.05307550066584,0.0144834624059707,0.905712678998303,0.99440195069798,"Not_Significant"
"PLXDC2",-0.0488400976655387,9.53146509128357,0.0142697154477918,0.906394522660896,0.99440195069798,"Not_Significant"
"RBMS2",0.0538649144391493,8.08273706909294,0.0141912466927051,0.906663659958898,0.99440195069798,"Not_Significant"
"SLCO3A1",-0.053543942948362,8.69317654586646,0.0140222801010098,0.907211465573627,0.99440195069798,"Not_Significant"
"MSI2",-0.047101416607788,8.89398775435138,0.0140073616256702,0.90725864440507,0.99440195069798,"Not_Significant"
"ESAM",-0.0795924581334988,8.02603122519195,0.0135069063073491,0.908931452392643,0.994522086305032,"Not_Significant"
"PACS1",-0.0536768716592692,8.10352542093025,0.0134540446697347,0.909108355823739,0.994522086305032,"Not_Significant"
"TTC28",0.0419513905809631,9.48327951277435,0.013405719642639,0.909258902629422,0.994522086305032,"Not_Significant"
"GALNT15",-0.0735431542085643,7.95466014238065,0.0133959160968187,0.909305003934202,0.994522086305032,"Not_Significant"
"DYNLRB1",-0.0694942829139171,7.96191523421615,0.0130526606015019,0.910469068847523,0.994794221558806,"Not_Significant"
"IER2",0.0759451089600757,7.74499931587242,0.013027930119864,0.910553017487857,0.994794221558806,"Not_Significant"
"METTL15",0.0615865555378566,7.97313975074241,0.0127832824093229,0.911393345995568,0.994794221558806,"Not_Significant"
"HERPUD1",-0.0698193039962926,9.35993118650457,0.0126051551672917,0.911998144967453,0.994794221558806,"Not_Significant"
"NAP1L4",-0.0613870254132196,7.78219104111133,0.012355348541926,0.912882628069871,0.994794221558806,"Not_Significant"
"HSPH1",0.0901981392330089,7.37690272232348,0.0123181079185125,0.913002084075219,0.994794221558806,"Not_Significant"
"YWHAZ",0.0434941558786991,8.11280545866887,0.0122487796619369,0.913256455855499,0.994794221558806,"Not_Significant"
"PRKCE",-0.0688001945691781,8.11579039022963,0.0121650057420903,0.91355236693541,0.994794221558806,"Not_Significant"
"MAGI2",-0.0414320883184182,10.9519814569506,0.0120595234884892,0.913912705005582,0.994794221558806,"Not_Significant"
"SDCCAG8",0.045679801381734,8.27383001952422,0.0117328482084813,0.915093696772243,0.995372170775277,"Not_Significant"
"UBE2B",0.0509703403240366,8.45858843229086,0.0116340050772149,0.915448645590526,0.995372170775277,"Not_Significant"
"TACC1",-0.0558299292322171,10.2222141120304,0.0114703775532697,0.916033667639081,0.995372170775277,"Not_Significant"
"CLU",0.0411794657345892,9.70597668056687,0.0113752719436628,0.916382071536538,0.995372170775277,"Not_Significant"
"SRSF10",0.0612217388130645,7.85101315854977,0.0111015900601933,0.917402722986284,0.995954118929084,"Not_Significant"
"MAP4K3",-0.0427669981405109,8.47641049035711,0.0107827439884746,0.918588309828198,0.996293262565682,"Not_Significant"
"TBRG1",0.0531799988437639,8.08411934499135,0.0107579834384006,0.918685218743623,0.996293262565682,"Not_Significant"
"RPS11",-0.0396382409255387,8.46790787137767,0.0104214786864999,0.919958706945083,0.997147854387968,"Not_Significant"
"FOXO1",0.0712407106810572,8.72043668363447,0.0101074951139392,0.92116691293049,0.997930822341364,"Not_Significant"
"SMAD6",-0.10341961884141,7.41254934986014,0.00947747137465731,0.923653751365678,0.999305601208256,"Not_Significant"
"AC026316.5",-0.059196444646464,8.8613840148419,0.00937383335300311,0.924070939478685,0.999305601208256,"Not_Significant"
"CUX1",0.0479447622019137,8.90841373146363,0.00916967527575178,0.924899280587441,0.999305601208256,"Not_Significant"
"ZNF292",-0.0392061398530462,8.50152144638368,0.00914401950721567,0.925007485720433,0.999305601208256,"Not_Significant"
"ZCCHC7",-0.0374504460722918,8.80110178502858,0.00902020424005904,0.925512705393703,0.999305601208256,"Not_Significant"
"COX7C",-0.0392935135571378,8.170370205247,0.00867965213974677,0.926933504355516,0.999305601208256,"Not_Significant"
"FBXO11",0.0364687250220311,8.53372072952783,0.00832280873963907,0.928443480320331,0.999305601208256,"Not_Significant"
"NDUFB7",-0.0453300601614812,7.9374613067987,0.00828496484335283,0.928610452414385,0.999305601208256,"Not_Significant"
"SERPINB6",0.0539300253325113,8.16753059972792,0.00822790243321822,0.928854647831267,0.999305601208256,"Not_Significant"
"GPM6B",0.0483903776717756,9.78498893311304,0.00821679923888575,0.928892843737349,0.999305601208256,"Not_Significant"
"LHFPL6",-0.0354814305655058,10.6454262943277,0.00821491894523198,0.928899964022008,0.999305601208256,"Not_Significant"
"TAGLN2",-0.0560826168652796,8.59499588180597,0.00799444825158559,0.929864657983826,0.999305601208256,"Not_Significant"
"MPHOSPH8",-0.0359862050461796,8.40640289646383,0.00787957571226041,0.930370610245788,0.999305601208256,"Not_Significant"
"A2M",-0.0479938492956548,9.156506417133,0.00771456095916681,0.931096189340721,0.999305601208256,"Not_Significant"
"FLT1",-0.0514494554564718,11.0491510973161,0.00761206415624574,0.931551066305404,0.999305601208256,"Not_Significant"
"LYPLAL1",-0.0578876864170094,7.60112165703646,0.00744375087446052,0.932319703846759,0.999305601208256,"Not_Significant"
"KIF5B",0.0416924768178367,7.98464045840722,0.00729343027098705,0.933006486172033,0.999305601208256,"Not_Significant"
"USP34",-0.0286910360748378,9.27545840391765,0.00725802962647328,0.93316015525611,0.999305601208256,"Not_Significant"
"MOB3B",0.037920081639194,8.51072835323625,0.00721431634713602,0.933366023223979,0.999305601208256,"Not_Significant"
"LAMP2",-0.0375192108546342,8.56063023740433,0.0069956169059925,0.934380851091507,0.999305601208256,"Not_Significant"
"EBF1",-0.0347558442743832,9.85253614882034,0.00693150562909681,0.934675623599466,0.999305601208256,"Not_Significant"
"DNM3",-0.0350746589426164,9.75202570152276,0.00684476328745714,0.935084846195043,0.999305601208256,"Not_Significant"
"SNED1",0.0471467516619043,8.63517056021619,0.00670306557395909,0.935763668753566,0.999305601208256,"Not_Significant"
"CD63",0.041881354975939,8.93368715655718,0.00665135208929885,0.936009341474269,0.999305601208256,"Not_Significant"
"DIP2C",0.0399476728518369,8.22643469236542,0.00655938275936394,0.936457472689619,0.999305601208256,"Not_Significant"
"COX4I1",-0.0373128665875368,8.7659140175821,0.00649849722577567,0.936748246162332,0.999305601208256,"Not_Significant"
"STXBP5",0.0355418232078237,8.10728182283386,0.00638709672448681,0.93729641289077,0.999305601208256,"Not_Significant"
"FHIT",0.0332802295311869,9.43082189573606,0.00623794065472698,0.938023272798196,0.999305601208256,"Not_Significant"
"SPOCK3",-0.0372987521227833,9.37263876890849,0.00616703499252695,0.938375922754881,0.999305601208256,"Not_Significant"
"KCNAB1",-0.0439997851537554,7.96683063159099,0.00581339038862818,0.940173376959469,0.999305601208256,"Not_Significant"
"PDE8A",-0.0313665802795041,9.31043899016915,0.00558104182777537,0.94137087987794,0.999305601208256,"Not_Significant"
"INPP5D",-0.0686414282604169,7.36531545498803,0.00547622165923415,0.941923200019618,0.999305601208256,"Not_Significant"
"MYO1E",-0.0409190089911715,8.73887812103476,0.00542811645854825,0.942180870027851,0.999305601208256,"Not_Significant"
"ARID1B",-0.028940166837439,9.72965888089473,0.00540424707877052,0.942304118972946,0.999305601208256,"Not_Significant"
"ST6GALNAC3",0.0327832090324777,10.7131224639334,0.0053907364235644,0.94237521501406,0.999305601208256,"Not_Significant"
"TNRC6A",-0.0359948815347584,8.83483263404605,0.00536187888734522,0.942533469109891,0.999305601208256,"Not_Significant"
"RPL35",-0.0302813048959099,9.12876828624418,0.00534784471783837,0.942607126161527,0.999305601208256,"Not_Significant"
"PPM1L",-0.0420520990540335,7.92741899072578,0.00533544967485005,0.942680645400744,0.999305601208256,"Not_Significant"
"QKI",-0.0303488021483279,10.758140619718,0.00527275014563482,0.943008104948302,0.999305601208256,"Not_Significant"
"LEF1",-0.0288797254351025,8.77423004063779,0.00521114286390181,0.943345839732821,0.999305601208256,"Not_Significant"
"NSMCE2",0.0254940543687213,8.84751794868655,0.00519299161100621,0.943443976705226,0.999305601208256,"Not_Significant"
"PRSS23",-0.0584208774527556,7.52425154545858,0.00485466827679128,0.945316678182257,0.999305601208256,"Not_Significant"
"SERINC5",-0.029847811339091,8.61770089368595,0.00476419754308685,0.945826500450882,0.999305601208256,"Not_Significant"
"DYNC1I1",0.035288916580463,8.09516796942111,0.00463045898097744,0.946594356948869,0.999305601208256,"Not_Significant"
"USP47",-0.0253829998824231,8.47870161249289,0.00457683920111481,0.946901559746504,0.999305601208256,"Not_Significant"
"RDX",-0.0300185841507974,8.56613104554341,0.00446674100741693,0.94754250299864,0.999305601208256,"Not_Significant"
"MIR99AHG",-0.0389925807288722,10.7953279163029,0.00436910272613036,0.948112811747214,0.999305601208256,"Not_Significant"
"ACTA2",0.059319723718764,7.82399391169601,0.00423981937782313,0.948893727309756,0.999305601208256,"Not_Significant"
"TECPR2",-0.0379835625044787,7.62858110125931,0.0042155276709287,0.949039023475781,0.999305601208256,"Not_Significant"
"SLC7A11",0.033403097178518,8.86198323619837,0.00421429898263261,0.949042454954635,0.999305601208256,"Not_Significant"
"ARMC8",-0.0400850087027532,7.68035207911143,0.00421456047221498,0.949045386268922,0.999305601208256,"Not_Significant"
"PHLPP1",0.0340423102995013,9.36262106447951,0.00396486077848358,0.950569484461059,0.999305601208256,"Not_Significant"
"XRRA1",-0.0416835419566267,7.69414576122828,0.00391460312415143,0.950889593517435,0.999305601208256,"Not_Significant"
"RPS5",0.0377807998123308,7.99435235532395,0.00390419058740697,0.950955191822537,0.999305601208256,"Not_Significant"
"TMED10",-0.0315557491437757,7.88485022779897,0.00381925435733659,0.951491116763353,0.999305601208256,"Not_Significant"
"FBXL5",0.0301790862500882,7.92024074144877,0.00380644258837852,0.951572369062547,0.999305601208256,"Not_Significant"
"ZEB2",-0.0262277238098502,9.37456666569397,0.00379859683832616,0.951615549401925,0.999305601208256,"Not_Significant"
"INPP4B",0.0333181050637136,8.524403585249,0.00377905498863672,0.95174365184103,0.999305601208256,"Not_Significant"
"IGFBP2",-0.0459117934108185,7.69036587688075,0.00375068698142689,0.951927378141813,0.999305601208256,"Not_Significant"
"UBR1",0.0260353205728459,8.23730780892489,0.00341830746230208,0.954103403821005,0.999305601208256,"Not_Significant"
"FCHO2",0.0292428856779083,7.96351412031946,0.00341561001940691,0.954122635699407,0.999305601208256,"Not_Significant"
"FN1",-0.023857749697852,9.19548171090519,0.00337914832289299,0.954362118375721,0.999305601208256,"Not_Significant"
"BCL2L1",0.0363588309394539,7.91144998782778,0.0033000163456723,0.954904780056446,0.999305601208256,"Not_Significant"
"MICAL3",-0.0399146480620629,7.8466635494485,0.00325620756511209,0.955204816343254,0.999305601208256,"Not_Significant"
"SPRED2",0.0270396689174562,7.89249982143713,0.00319396340663456,0.955634499973359,0.999305601208256,"Not_Significant"
"DENND5A",-0.026339342899147,8.1110619139748,0.00311449758406288,0.956188702857706,0.999305601208256,"Not_Significant"
"AC006059.1",-0.0329460463579651,7.86425043805437,0.00301340678979694,0.956905405890711,0.999305601208256,"Not_Significant"
"LAMB2",-0.0400619698531604,7.60261180305766,0.00295450461055173,0.95732691411995,0.999305601208256,"Not_Significant"
"TMEM161B-AS1",-0.0219393741379871,8.41613020917774,0.00286013605468457,0.958012425258719,0.999305601208256,"Not_Significant"
"MYH9",-0.0257989103933294,8.48495574615643,0.00274552128192711,0.958861122056462,0.999305601208256,"Not_Significant"
"ERG",-0.0337405451778068,9.32900321967411,0.00266392086963468,0.959473324565454,0.999305601208256,"Not_Significant"
"TBCK",0.0218552671009693,8.46223318544718,0.00264625242626187,0.959611089564949,0.999305601208256,"Not_Significant"
"SSBP3",0.0254056741647223,7.80408793141823,0.00261926601355913,0.959819529433586,0.999305601208256,"Not_Significant"
"LUZP1",0.030164268281258,7.81969849782097,0.00261553679741866,0.959848140760565,0.999305601208256,"Not_Significant"
"ATG7",-0.0197830938780296,8.33950161167864,0.00255829572382357,0.960287996816563,0.999305601208256,"Not_Significant"
"SPTAN1",-0.0246840197867528,8.18085002189102,0.00252451697191899,0.960551562045196,0.999305601208256,"Not_Significant"
"SH3KBP1",-0.0220711225524035,7.95330074878089,0.00230872749404479,0.962274473722769,0.999305601208256,"Not_Significant"
"EFNA1",-0.0434940079366673,7.33861360211424,0.00228074391514426,0.962497872600802,0.999305601208256,"Not_Significant"
"ARL6IP4",0.0241516769377261,7.8031500526517,0.00218942178464044,0.963261367014508,0.999305601208256,"Not_Significant"
"TANC2",-0.0191299262448804,8.46334453109624,0.00191269324525331,0.965658003334647,0.999305601208256,"Not_Significant"
"IFI6",-0.0285402568583511,7.76786234861318,0.00186421852156797,0.966097456550094,0.999305601208256,"Not_Significant"
"CA4",0.0359878575504251,7.58949870457106,0.00185928700916992,0.966141239812778,0.999305601208256,"Not_Significant"
"MAP1B",-0.0203741499652479,8.79555737625781,0.00182292234689911,0.9664717531816,0.999305601208256,"Not_Significant"
"ASCC3",0.019701256444682,8.08297383740166,0.0016639105040356,0.967969211855661,0.999305601208256,"Not_Significant"
"MT2A",-0.0380551080892757,12.4052942516372,0.00165864634092671,0.968014685488233,0.999305601208256,"Not_Significant"
"RBMS3-AS3",0.0213769078946354,9.40882956028486,0.00156366909242875,0.968944456196684,0.999305601208256,"Not_Significant"
"MAST4",-0.0150050031871286,8.86763079996531,0.00153255429025326,0.969256018878306,0.999305601208256,"Not_Significant"
"COL5A3",-0.017330633047263,8.0469657804519,0.00149260794059722,0.969661981901745,0.999305601208256,"Not_Significant"
"SLC39A11",0.0243778156544371,8.19286557172379,0.00144784949263845,0.970119636334414,0.999305601208256,"Not_Significant"
"MUM1",-0.0185470800520249,7.86126300012674,0.00144134142495951,0.970187505786123,0.999305601208256,"Not_Significant"
"F3",0.0342428960739456,7.74331571808189,0.00142485713194764,0.970358194674949,0.999305601208256,"Not_Significant"
"PHACTR2",0.0234100732124037,7.9885948820363,0.00139354350494884,0.970685626264721,0.999305601208256,"Not_Significant"
"STXBP5L",-0.0281217338742678,7.76767054729548,0.00124686395500151,0.97227057430597,0.999305601208256,"Not_Significant"
"MDGA2",-0.017896020084695,8.08184668778469,0.00120228521697235,0.972770372196221,0.999305601208256,"Not_Significant"
"RPL31",-0.0159209795596773,8.57896483700722,0.00118564779227825,0.972957743920905,0.999305601208256,"Not_Significant"
"WDR7",-0.0208411229104484,7.96620506862972,0.00115166433156386,0.973349755732545,0.999305601208256,"Not_Significant"
"TAX1BP1",-0.0144210442190794,8.34741520396339,0.00108383847243858,0.974145119595007,0.999305601208256,"Not_Significant"
"MAPK10",-0.0148319163108381,9.39865794078504,0.00106077835442338,0.974419001666463,0.999305601208256,"Not_Significant"
"KDM4C",-0.0132681542830605,8.35461372947395,0.00105216436291452,0.974525547353578,0.999305601208256,"Not_Significant"
"PPP2R5C",-0.0193313326183504,7.8471383024009,0.00103866841467262,0.974690453486685,0.999305601208256,"Not_Significant"
"AC012404.1",0.0198067604066348,8.5347076721271,0.000954900786678305,0.975730568189653,0.999305601208256,"Not_Significant"
"AC012409.2",-0.0169210546103316,8.12904357740063,0.000927401233885667,0.976083648600309,0.999305601208256,"Not_Significant"
"ZNF518A",0.0127700187575076,8.23897425036017,0.000907948039533124,0.976335437065409,0.999305601208256,"Not_Significant"
"RPS15",-0.0140907501162937,9.55899234859833,0.000904885682105177,0.976372533044842,0.999305601208256,"Not_Significant"
"CACNA2D1",0.0107553248384451,8.87067417939225,0.000877384889752171,0.976735283299082,0.999305601208256,"Not_Significant"
"RFTN2",-0.0122226825807676,8.38198296703104,0.000875236348137202,0.976765097439254,0.999305601208256,"Not_Significant"
"CACNA1C",0.0135219231733709,9.32310037420161,0.000804510617612353,0.977721341619821,0.999305601208256,"Not_Significant"
"SYNE2",-0.0133031280960371,8.95117506918063,0.000797904071066363,0.977813572428825,0.999305601208256,"Not_Significant"
"TOP1",0.0161902656225048,8.03216096659114,0.000777783367879087,0.978097269191127,0.999305601208256,"Not_Significant"
"HNRNPA3",0.0143257409443212,8.23079685085466,0.000775785118031936,0.978124979815987,0.999305601208256,"Not_Significant"
"CSMD3",0.0285054517006031,7.19608778113366,0.000741564702550492,0.978606967520436,0.999305601208256,"Not_Significant"
"WASF2",0.0110682502967484,8.23787555543593,0.000736677521697669,0.978683308121238,0.999305601208256,"Not_Significant"
"UBXN4",-0.0114952629019898,8.03715083213025,0.000720553415607656,0.978918258296627,0.999305601208256,"Not_Significant"
"KANSL1",0.0114205777294193,9.16481403493392,0.000670172658903138,0.979666015645728,0.999305601208256,"Not_Significant"
"TPM4",-0.012239135321527,7.92250548007465,0.000617637151433707,0.98048155136941,0.999305601208256,"Not_Significant"
"BAIAP2L1",-0.013056117959372,8.03598640365174,0.000614302434039051,0.980534182325132,0.999305601208256,"Not_Significant"
"CTTNBP2NL",0.0123055152843457,7.96404076554926,0.000590390422158534,0.980916801514269,0.999305601208256,"Not_Significant"
"JARID2",0.0124424600596371,7.93944689686877,0.000580512422292887,0.981077105485914,0.999305601208256,"Not_Significant"
"KLHL5",0.0133477818842532,8.10275394555089,0.000518716230037578,0.982112220810206,0.999305601208256,"Not_Significant"
"RPL27",-0.0130591801265402,8.03612679755142,0.000514773713725937,0.982180424227222,0.999305601208256,"Not_Significant"
"PRKAG2",-0.018051284344528,8.31337906286684,0.000490681406348399,0.982601821888938,0.999305601208256,"Not_Significant"
"CARHSP1",-0.0103043401270163,7.93630587715027,0.000486940628954929,0.982668871111242,0.999305601208256,"Not_Significant"
"FAM172A",-0.00835419718991983,8.84011645580814,0.000478552727463997,0.982817081852982,0.999305601208256,"Not_Significant"
"ATP6V0B",0.0129394227320451,7.85788858292937,0.000456602277263466,0.983217376728945,0.999305601208256,"Not_Significant"
"RPLP0",0.0145499911660456,8.41607282966762,0.000454753858491812,0.983250545297899,0.999305601208256,"Not_Significant"
"ATP5MC2",-0.00968497966081189,7.91196401610871,0.000417249335380474,0.983956773320388,0.999436284985459,"Not_Significant"
"NF1",-0.00682692363725191,9.06565123837674,0.000364690611255933,0.984999291249761,0.999436284985459,"Not_Significant"
"RPL28",0.0105239719041409,8.99658135309642,0.000353731541206103,0.985226451486712,0.999436284985459,"Not_Significant"
"QDPR",-0.0110347464636727,9.10846174508927,0.000285906512188912,0.986717830109828,0.999436284985459,"Not_Significant"
"RAC1",0.00652761383799456,8.45659908156549,0.000227213781003604,0.988160059330643,0.999436284985459,"Not_Significant"
"RAP1GDS1",-0.0048780423777745,8.0790847610896,0.000133580749948851,0.990921961089781,0.999436284985459,"Not_Significant"
"DENND4C",-0.00383381042173814,8.48432522838383,9.83478481838908e-05,0.992210205385835,0.999436284985459,"Not_Significant"
"NEGR1",0.00452957384328808,8.68088818758294,7.45491524443541e-05,0.993217698332694,0.999436284985459,"Not_Significant"
"ITCH",-0.00345778990067736,8.2388435740537,6.80918530081294e-05,0.993518431592225,0.999436284985459,"Not_Significant"
"RYR2",-0.00586543495815588,8.06669054992146,6.72122390178431e-05,0.993560548184334,0.999436284985459,"Not_Significant"
"IGF1R",-0.0039698094530158,9.27534445093687,5.98609343349968e-05,0.993922137416288,0.999436284985459,"Not_Significant"
"PPDPF",-0.00406806316339796,7.8587046385187,5.44141417681612e-05,0.994206012752793,0.999436284985459,"Not_Significant"
"GRAMD1A",0.00552682857099062,7.36814909258173,5.31852484879763e-05,0.994271044030651,0.999436284985459,"Not_Significant"
"TROVE2",0.00401381651406628,7.79005376280916,4.79373764461823e-05,0.994561736070403,0.999436284985459,"Not_Significant"
"CLIC1",0.00483817033207895,8.19136171070401,4.73347084113332e-05,0.994595921934559,0.999436284985459,"Not_Significant"
"CFH",0.00414531436130381,9.19424341158842,4.63571876563777e-05,0.994651444029103,0.999436284985459,"Not_Significant"
"SESTD1",-0.00265196158341019,8.86043221556362,4.63006490368311e-05,0.994654852334617,0.999436284985459,"Not_Significant"
"ITGAV",0.00276918993072273,8.21137568058325,4.36776757331605e-05,0.994808859430373,0.999436284985459,"Not_Significant"
"PSMB1",-0.00377347883521865,7.69171692844046,4.14837902156677e-05,0.994940971598304,0.999436284985459,"Not_Significant"
"FAR1",-0.00269313235646021,8.10411748252174,3.96171673443396e-05,0.995056095527203,0.999436284985459,"Not_Significant"
"LYST",-0.00319782538101613,8.26936079108758,3.9218065073793e-05,0.99508097035208,0.999436284985459,"Not_Significant"
"SH3D19",0.00334108601914263,9.24286951452487,3.63920615671844e-05,0.995261035749302,0.999436284985459,"Not_Significant"
"RBPJ",-0.00251409037845395,8.26932985364115,3.30422261756453e-05,0.995484857132126,0.999436284985459,"Not_Significant"
"ZFHX3",0.00239145274275182,9.60302535768083,3.26550065191156e-05,0.995510861091477,0.999436284985459,"Not_Significant"
"SYNPO2",0.00361133979645648,7.87131499875638,1.2556856580812e-05,0.997216665849458,0.999436284985459,"Not_Significant"
"FMNL2",0.00176516835716974,9.94008617287034,1.18895569185374e-05,0.997291200503251,0.999436284985459,"Not_Significant"
"COX6B1",-0.00111259306179003,7.72131152361519,9.9674471507219e-06,0.997520177320647,0.999436284985459,"Not_Significant"
"AC007319.1",0.00169510156788297,8.15362998734129,7.76920589758965e-06,0.997810619153499,0.999436284985459,"Not_Significant"
"ARIH1",0.000712485226558448,8.18736998833591,5.24543379938916e-06,0.998201023477253,0.999436284985459,"Not_Significant"
"COL6A2",-0.000412597486914306,7.86872081135059,3.26663415393524e-06,0.998580367861079,0.999436284985459,"Not_Significant"
"APPBP2",-0.000519653910243801,7.87384861300542,1.24886921482503e-06,0.999122222968772,0.999436284985459,"Not_Significant"
"ARFGEF1",-0.00030168168397274,8.17494589722064,9.27316843348137e-07,0.999243605096449,0.999436284985459,"Not_Significant"
"PAMR1",0.000521144312671602,7.31027868506715,5.14885120698663e-07,0.999436284985459,0.999436284985459,"Not_Significant"
