"gene","logFC","logCPM","F","PValue","FDR","significant"
"CCL2",-5.28516602045207,5.08858487458939,119.289838018047,8.4090615779444e-11,6.21177378762753e-07,"Significant"
"CD83",-4.21889714923437,6.62070406888719,54.882420152461,8.739589303885e-07,0.00322796730938992,"Significant"
"CIRBP",-1.80278623596109,7.2162681949735,35.6980043331551,1.6375053600547e-05,0.0403208403157469,"Significant"
"NDUFA5",-2.08580792389654,5.97507679049663,22.4860115523588,0.0001942837894926,0.294533187651053,"Not_Significant"
"SEMA3B",-1.86488270992001,6.04616115090233,21.8406330235642,0.000226297754367473,0.294533187651053,"Not_Significant"
"PISD",3.72777101373351,5.84005068079333,21.735601860987,0.000239230963301248,0.294533187651053,"Not_Significant"
"CCDC26",2.17714423899667,8.15344478699223,19.9689548855411,0.000342377894566047,0.314289298333503,"Not_Significant"
"CDKN1A",-2.22567573270951,5.87536922026813,19.3108659486833,0.000398847772242026,0.314289298333503,"Not_Significant"
"MLLT11",-2.11247561584087,5.76662434319584,18.761815719158,0.000453968467225942,0.314289298333503,"Not_Significant"
"CMTM5",-2.50674945435151,5.51632562219009,18.0163028529617,0.000524240017029912,0.314289298333503,"Not_Significant"
"BEX3",-1.73471189014309,7.2359158784708,18.3045076412322,0.000529166086176741,0.314289298333503,"Not_Significant"
"GNG3",-2.11998751551298,5.79917914872796,17.686691651466,0.000599328316179371,0.314289298333503,"Not_Significant"
"TMEM14A",-2.02720522977269,5.1716895067804,17.3134203680982,0.000604211903763342,0.314289298333503,"Not_Significant"
"IER2",-2.568764203648,6.08355231561511,17.4550134156945,0.000636557996431482,0.314289298333503,"Not_Significant"
"ARL17B",-2.0760973554457,6.81320919489389,17.5635914851879,0.000638194053743407,0.314289298333503,"Not_Significant"
"HINT1",-1.31549952213443,6.95782691528561,15.3996046127051,0.00113090054527187,0.455901562197008,"Not_Significant"
"TPPP3",-2.42326674595857,5.24442573661496,14.8007785708908,0.00121252027497971,0.455901562197008,"Not_Significant"
"ATP5MC1",-1.49393944449754,6.1272113172057,15.0846307574621,0.00122605973696456,0.455901562197008,"Not_Significant"
"PARD3",3.48150673597863,6.91262535036779,14.6201851576271,0.00125532711131058,0.455901562197008,"Not_Significant"
"FAM118A",-2.36304310041266,6.26484902125109,14.8320559557767,0.00130636627500185,0.455901562197008,"Not_Significant"
"TAGLN3",-1.81739581481287,5.83377889099478,14.7917326615576,0.00131376099088835,0.455901562197008,"Not_Significant"
"ZDHHC21",1.84205516219565,7.15403260609249,14.3487243344328,0.00143479543829165,0.455901562197008,"Not_Significant"
"IER3",-1.67329610789316,6.34384399882096,14.4253793130265,0.00147871148645017,0.455901562197008,"Not_Significant"
"CDC37",-1.38122082927074,6.65860247826855,14.4310231309421,0.00148120177240127,0.455901562197008,"Not_Significant"
"STMN1",-1.3164570781274,7.94936971289251,14.1592506752428,0.00159260821472055,0.456288029748414,"Not_Significant"
"MORF4L2",-1.2843953399829,6.89939385510824,14.0718455011609,0.00164046898114073,0.456288029748414,"Not_Significant"
"FOS",-1.99225902932197,6.24696057406068,13.9904455809374,0.0016677645597952,0.456288029748414,"Not_Significant"
"AC245060.5",2.92045888842771,6.40947682389854,13.1693055921464,0.00193717349035477,0.499325038488225,"Not_Significant"
"TP53TG5",-1.53625594732393,5.90406738782944,13.4168876330104,0.00196025803657216,0.499325038488225,"Not_Significant"
"DUSP1",-2.1150809310784,6.4056736788878,13.2783086641575,0.00205604487641527,0.506266783402653,"Not_Significant"
"LINC01004",2.04136460955825,6.4862285213622,12.5688341757949,0.00230737580881155,0.530836400385138,"Not_Significant"
"MAG",-1.65888450481683,6.81006023887771,12.7789819640755,0.00239777753347386,0.530836400385138,"Not_Significant"
"IL1B",-2.7745192158458,5.88022253104705,12.5808939390829,0.00245096031992209,0.530836400385138,"Not_Significant"
"PPWD1",-1.45711717256275,5.63414050356923,12.4781221662577,0.00256193344983999,0.530836400385138,"Not_Significant"
"ZMYM3",3.77218353035348,5.87344926544303,12.2183811751003,0.00286831583437016,0.530836400385138,"Not_Significant"
"SOD1",-1.25108424551657,7.03136213781687,12.1091878419427,0.00293960091575759,0.530836400385138,"Not_Significant"
"FOLH1",-1.31770760855966,6.37848713715126,12.079612421744,0.00296430237945498,0.530836400385138,"Not_Significant"
"RAB28",1.38037000837534,6.7524951462868,11.8701091789141,0.00303689332164463,0.530836400385138,"Not_Significant"
"AC011586.1",-4.09226797747679,5.50295406569759,11.2754109434863,0.00310632383077395,0.530836400385138,"Not_Significant"
"CCK",-1.99199465197952,7.16881239886431,11.9300502433089,0.00310639363727735,0.530836400385138,"Not_Significant"
"SKP1",-1.23363071744748,6.87029015240949,11.9099440097618,0.00312829458200847,0.530836400385138,"Not_Significant"
"ARL17A",2.51644502443753,6.05975648549452,11.6139445062649,0.00315948811800894,0.530836400385138,"Not_Significant"
"JUN",-1.49471533332699,5.92709726948817,11.8209458920475,0.00318211546333665,0.530836400385138,"Not_Significant"
"PIGU",-1.38981933472043,6.09388512900191,11.7987851217824,0.00322288520493847,0.530836400385138,"Not_Significant"
"C4orf19",-1.5483164183479,5.79061031811728,11.7574241183631,0.00323374008627741,0.530836400385138,"Not_Significant"
"AL139125.1",-2.27731837459458,6.10551272609681,11.6563073598705,0.00334531873804177,0.537214554737273,"Not_Significant"
"S100B",-1.28625361074787,6.95454093180582,11.5929996223945,0.00345418607250531,0.542895159948867,"Not_Significant"
"C12orf76",-1.25643769665908,6.91014049462143,11.4314830275039,0.00363542852536327,0.551092652276526,"Not_Significant"
"FIS1",-1.39517228293399,6.27572820843926,11.4079151828064,0.0036555489321172,0.551092652276526,"Not_Significant"
"ETFB",-1.53884119259404,5.3807589014033,11.1297275896309,0.00385673592439202,0.562459696636524,"Not_Significant"
"MAP1LC3A",-1.62345765686974,6.08021886017146,11.2059619641082,0.00388323331913669,0.562459696636524,"Not_Significant"
"BEX1",-1.79675422999615,6.79680678484898,11.0681922225089,0.00408246809914891,0.579945997084865,"Not_Significant"
"AL390728.6",6.71736774265276,5.65220414342448,11.203674680934,0.00417456357767555,0.581839644307344,"Not_Significant"
"SCG5",-1.90777430585777,6.16727694441581,10.6984086138418,0.00457790082869442,0.605018231288297,"Not_Significant"
"THY1",-1.53256914204684,6.62286199386536,10.7109464775559,0.00458455951400005,0.605018231288297,"Not_Significant"
"LINC01091",-1.76898232009779,6.44420175879259,10.5597991631036,0.0048139545098219,0.605018231288297,"Not_Significant"
"LIMD1",2.55107208365511,5.62508224416084,10.4388194929133,0.00482384330639849,0.605018231288297,"Not_Significant"
"BTG2",-1.79986559326283,5.82944284322859,10.4509919415184,0.00492165348334809,0.605018231288297,"Not_Significant"
"AIDA",3.61493512397734,5.73306085868907,10.4564481770653,0.0050144807188569,0.605018231288297,"Not_Significant"
"ELP6",-1.96462300099889,4.89345965063596,10.1163117573398,0.00507268951212974,0.605018231288297,"Not_Significant"
"AC008629.1",-2.19645491166386,4.76822175836125,9.95572677584082,0.00521148489854828,0.605018231288297,"Not_Significant"
"BET1",2.35270717239694,5.45963603183261,10.1557391796509,0.00529196043754596,0.605018231288297,"Not_Significant"
"AP003481.1",-1.55134429528704,7.08848337961736,10.2737264695172,0.00529432586768653,0.605018231288297,"Not_Significant"
"PSMD6-AS2",2.10265654733935,5.71701343869626,10.0117133105351,0.00539027360246665,0.605018231288297,"Not_Significant"
"GPR65",3.00966642019022,6.00697987429408,10.0836598131707,0.00545701600447083,0.605018231288297,"Not_Significant"
"GAPDH",-1.10396968615671,8.78417737322743,10.1526970833852,0.005491683920783,0.605018231288297,"Not_Significant"
"RNF181",-2.07381924487057,4.84717802944523,9.82666878907718,0.00554906004534694,0.605018231288297,"Not_Significant"
"LY6E",-1.54192064352176,5.66542409854086,10.0711080906239,0.00556941109078167,0.605018231288297,"Not_Significant"
"ENOSF1",-1.56213846217375,6.24582403112602,9.91709510704547,0.00595676437496089,0.637719107794726,"Not_Significant"
"CAAP1",2.56446547630431,5.62789841847124,9.57579842001318,0.00648020873998312,0.683847170889362,"Not_Significant"
"BEX4",-1.40610990121445,6.23754483080489,9.44421430624084,0.00700215732794258,0.709121973550888,"Not_Significant"
"PPP1R14A",-1.68490925363381,7.12194392728593,9.43894383029563,0.00702700994726249,0.709121973550888,"Not_Significant"
"C19orf70",-1.41481799878287,5.67720269742126,9.28607036103398,0.00730064476790264,0.709121973550888,"Not_Significant"
"XRN1",1.10646513617199,7.47267209975942,9.27298430958057,0.00739326108131868,0.709121973550888,"Not_Significant"
"RNASE1",-1.28294454483242,6.94876981907702,9.25306202877991,0.00749867491979926,0.709121973550888,"Not_Significant"
"PEBP1",-1.04554756921265,8.16865631783367,9.15364830688129,0.00774067042274069,0.709121973550888,"Not_Significant"
"SERPINA1",6.09591234011122,5.1512374259518,9.26141688638793,0.00777112839771296,0.709121973550888,"Not_Significant"
"MAFB",2.40976024518249,6.10315938352511,8.95320582461113,0.00781345819048287,0.709121973550888,"Not_Significant"
"TXN",-1.76985958231596,5.10273992412111,8.97094066016851,0.00784208938645867,0.709121973550888,"Not_Significant"
"STMN2",-1.55036827224234,6.39511916430845,9.07130399135015,0.00798435645457018,0.709121973550888,"Not_Significant"
"TMEM165",-1.02923274309951,8.71093473951203,8.97832289394452,0.0082287685768407,0.709121973550888,"Not_Significant"
"SETD4",-1.48909948986115,5.63967177212382,8.9410120968953,0.00823059703731081,0.709121973550888,"Not_Significant"
"DNAJC13",1.41991183449156,6.98343359880458,8.89957979100244,0.00830457068787716,0.709121973550888,"Not_Significant"
"OLR1",-1.56764803767273,7.73686866095466,8.95314826224187,0.00831576694169001,0.709121973550888,"Not_Significant"
"AC008691.1",-1.78363630249949,7.58642686321751,8.9350343282223,0.00837325437924447,0.709121973550888,"Not_Significant"
"TXNIP",2.39390894734533,7.64441529175084,8.84763346657406,0.00839044848170849,0.709121973550888,"Not_Significant"
"AC096711.2",1.88649510217202,6.12703806998729,8.67926714016358,0.00857893942539942,0.709121973550888,"Not_Significant"
"MT1E",2.22064295638963,6.88318059265673,8.71785369368331,0.00858094406266752,0.709121973550888,"Not_Significant"
"ATP5F1B",-1.22343853149803,6.07758294785186,8.85373579523213,0.00859656761297252,0.709121973550888,"Not_Significant"
"AL159163.1",1.9212137669145,6.28200597563063,8.65611944077734,0.00867477030282744,0.709121973550888,"Not_Significant"
"SESN1",1.08805333526338,7.87274912379027,8.76834491199179,0.00886394474884146,0.709121973550888,"Not_Significant"
"MESD",-1.21414022357982,5.78044585595433,8.71475598363416,0.0089750015239915,0.709121973550888,"Not_Significant"
"HP1BP3",1.19191129278931,8.15652039707112,8.68307066896968,0.00914406022019302,0.709121973550888,"Not_Significant"
"HCLS1",1.58697687846381,7.78773541257602,8.65735949167701,0.00917931090784629,0.709121973550888,"Not_Significant"
"GAP43",-1.48881230515763,6.38213240171617,8.60895762339469,0.00941049292392858,0.709121973550888,"Not_Significant"
"EXOSC6",2.27124054637685,5.39605376728892,8.48851654908274,0.00951904355616313,0.709121973550888,"Not_Significant"
"NDUFA4",-1.2368815731122,7.16603004000316,8.57424506029885,0.00953303944513968,0.709121973550888,"Not_Significant"
"SPARC",-1.79413034169322,4.97459340016052,8.38689175353571,0.00957891809023498,0.709121973550888,"Not_Significant"
"CHPT1",1.43909831660534,7.75198129121437,8.53310005329471,0.00961159245973184,0.709121973550888,"Not_Significant"
"TCEA2",-1.38512939983275,5.43994352042051,8.45268944305331,0.009731874721434,0.709121973550888,"Not_Significant"
"TMOD2",1.18346421478006,6.86994626983717,8.45816631773081,0.00976832984031742,0.709121973550888,"Not_Significant"
"SNRPD1",-1.61987269130336,5.00037404710212,8.3239884274656,0.00985780198964825,0.709121973550888,"Not_Significant"
"ZNF33B",1.91986150468657,5.89889836560252,8.27548643167237,0.00996318198405259,0.709121973550888,"Not_Significant"
"AL359091.1",-1.66945618861144,7.47920380682482,8.43255874555847,0.0100264570619246,0.709121973550888,"Not_Significant"
"PEPD",2.92308721858561,5.17910032801609,8.40430401070613,0.0100795731992478,0.709121973550888,"Not_Significant"
"GUK1",-0.9258752744097,6.84943740777861,8.30554364714617,0.0105125401939417,0.727716733601308,"Not_Significant"
"AC074327.1",1.16451058190496,9.29314107724193,8.26544090950041,0.0106372327861625,0.727716733601308,"Not_Significant"
"TUBB2A",-1.66375245652573,5.35179990779373,8.18348626999674,0.0106802674913509,0.727716733601308,"Not_Significant"
"PPDPF",-1.25755084066779,5.98519305331377,8.21301216313971,0.0108205090881263,0.727716733601308,"Not_Significant"
"NDUFS5",-1.12530134071292,6.89651366006095,8.22259985079532,0.0108364479079659,0.727716733601308,"Not_Significant"
"BROX",1.83457393021913,6.29650050202134,8.02258282965948,0.011029609356251,0.729070074147013,"Not_Significant"
"AC016597.1",-1.5982857601756,5.73898311344484,8.13625737677077,0.0110767451181704,0.729070074147013,"Not_Significant"
"DIRC3",2.35603785836139,6.25608093403594,7.9705934084061,0.0111914734083124,0.729070074147013,"Not_Significant"
"MAPK1",1.10815351944972,7.10280891107689,8.09086875247553,0.0112513860095789,0.729070074147013,"Not_Significant"
"RALGAPB",1.16252156018679,6.92896406058254,8.00752330498424,0.011556746511514,0.740068579577114,"Not_Significant"
"PAAF1",-1.16227638411215,5.67273169747356,7.99884447554079,0.0116214911643353,0.740068579577114,"Not_Significant"
"MCF2",5.68293878691054,4.83956924588733,7.97972727296256,0.0120415876042693,0.760266731903738,"Not_Significant"
"FXR1",1.47236233762418,6.83047807313584,7.84584630426691,0.0121589515836849,0.761170977531192,"Not_Significant"
"EIF2A",2.41348649953211,5.50644872343109,7.78285975053599,0.0124081246197623,0.762139657909755,"Not_Significant"
"BICD2",1.91174294713057,5.55884901734704,7.71040499469191,0.0124557106847601,0.762139657909755,"Not_Significant"
"TMEM160",-1.3879012134663,6.19541601084836,7.83456814161844,0.0124839445792717,0.762139657909755,"Not_Significant"
"PIN1",-1.28903554303242,6.03864931622484,7.79923279902073,0.0126259051411134,0.76271063236694,"Not_Significant"
"ASPA",-1.46476990355504,6.46571950548541,7.79273601367168,0.0126997979939263,0.76271063236694,"Not_Significant"
"AGPAT5",1.35474150903741,6.1977800334196,7.60459823180337,0.0130762126699999,0.768660488279189,"Not_Significant"
"TAGAP",-2.01451054231895,5.41579979458576,7.6394880679827,0.0130853477509359,0.768660488279189,"Not_Significant"
"LUC7L2",-1.39011228204531,5.39763507413787,7.65012366103239,0.0131110358092836,0.768660488279189,"Not_Significant"
"CSGALNACT2",-1.06068943622654,5.93460862129295,7.63898446545433,0.0133872675321409,0.776038872208593,"Not_Significant"
"AC018647.1",-1.71649740434977,5.41932507461404,7.53339399997946,0.0136917544975306,0.776038872208593,"Not_Significant"
"TMEM59L",-1.26056282895381,6.45937383021684,7.57416305739013,0.0137890576990905,0.776038872208593,"Not_Significant"
"ABHD5",2.91237223766025,5.17408598513862,7.52654126782508,0.0139683359846933,0.776038872208593,"Not_Significant"
"CD69",-2.04608049153659,5.13219021422887,7.39938004243498,0.0140373064890487,0.776038872208593,"Not_Significant"
"RNH1",-1.06570652520903,5.90360650105582,7.43756005557254,0.0144426003969205,0.776038872208593,"Not_Significant"
"TMEM65",1.14616374443818,7.19644868708573,7.42556221993016,0.0144682421739498,0.776038872208593,"Not_Significant"
"SMIM30",2.96946539199556,5.21515667321714,7.43664156747061,0.0144732811868466,0.776038872208593,"Not_Significant"
"ATP6AP2",-0.995838743867487,6.64742403407302,7.42390764430642,0.0146043383363228,0.776038872208593,"Not_Significant"
"IGF2R",1.29338570439763,6.30515127187825,7.3330119244637,0.0146138612712649,0.776038872208593,"Not_Significant"
"IDH2",-1.07740117797497,6.36672340385628,7.4027172995295,0.0147117308492396,0.776038872208593,"Not_Significant"
"C8orf59",2.03125420022138,5.66006541392474,7.23465715582626,0.015005197112784,0.776038872208593,"Not_Significant"
"KCTD13",1.78998317040337,5.46131289137354,7.21430448299021,0.0150940371995501,0.776038872208593,"Not_Significant"
"ZNF652",0.99536456560571,8.02573906267525,7.3148324083759,0.0151928560295218,0.776038872208593,"Not_Significant"
"ZBTB1",1.38063900204452,6.75338136335656,7.24288019628381,0.0153215031252886,0.776038872208593,"Not_Significant"
"BEX5",-2.09902688955199,5.46854545106363,7.21093123371896,0.0154988954815101,0.776038872208593,"Not_Significant"
"GPR183",-1.87751140243677,5.80196004244233,7.23347645301427,0.015548155262751,0.776038872208593,"Not_Significant"
"PIK3CA",1.13812246322774,7.18472539540917,7.22970253843904,0.0156015081347675,0.776038872208593,"Not_Significant"
"TRPS1",1.24494800559795,8.43167762276517,7.23817875308916,0.0156494885676109,0.776038872208593,"Not_Significant"
"SELENOF",-1.00007498790346,6.59295606844028,7.23841089888863,0.0156792593272289,0.776038872208593,"Not_Significant"
"ZNF667-AS1",-1.34072561417667,5.2401373907889,7.15974961416056,0.0157143341003784,0.776038872208593,"Not_Significant"
"INPP5B",-1.13675009702995,6.15685562711367,7.19863630868546,0.0158907441714147,0.776038872208593,"Not_Significant"
"IREB2",1.16315933461493,6.56576762293151,7.13098175759894,0.0160029414192129,0.776038872208593,"Not_Significant"
"AC007262.2",2.08595933971765,7.46903814276148,7.13513160076545,0.0160046392642378,0.776038872208593,"Not_Significant"
"KSR1",-1.1706975687218,5.76827364806652,7.16469272199065,0.0160061666382879,0.776038872208593,"Not_Significant"
"LY6H",-1.53681182522281,6.05213603574911,7.13301030973743,0.0162738142914819,0.776038872208593,"Not_Significant"
"FMN1",1.04306983392922,8.76182074488164,7.12309271557141,0.0163619436677452,0.776038872208593,"Not_Significant"
"PRDM11",-1.44136779320996,6.22328999283515,7.11673954972347,0.0164054145323555,0.776038872208593,"Not_Significant"
"AC004687.1",3.476848525144,5.76654564775536,7.08570246890855,0.0166543534118756,0.776038872208593,"Not_Significant"
"ZRANB1",2.25670523149899,5.51233347193683,6.96968300080875,0.0169085345316128,0.776038872208593,"Not_Significant"
"NUDT4",2.31068562264816,5.42437228680807,6.94641428515267,0.0171387618379739,0.776038872208593,"Not_Significant"
"CYTH4",-1.09921794281982,6.69062754137873,7.00287775027422,0.0171809819656112,0.776038872208593,"Not_Significant"
"UBB",-0.865014479449229,7.68196187605768,6.96560198156582,0.0174072839982332,0.776038872208593,"Not_Significant"
"SNU13",-1.43309240394207,6.0241146107992,6.95816952193151,0.0174322856880879,0.776038872208593,"Not_Significant"
"CAPG",3.04047266356834,5.2710038240879,6.92756431032013,0.0176485053380499,0.776038872208593,"Not_Significant"
"CCND3",1.61903726180287,7.85763475763512,6.90427254431496,0.0177505026711603,0.776038872208593,"Not_Significant"
"SLC48A1",-1.22486359836109,6.20399401285735,6.91440454964712,0.0177579721458377,0.776038872208593,"Not_Significant"
"AL357153.2",3.09903282013069,5.32620314514389,6.91026712021983,0.0177856699112983,0.776038872208593,"Not_Significant"
"GABRA1",-1.38395600927391,5.81762674414275,6.89548357043166,0.0178032508417235,0.776038872208593,"Not_Significant"
"ST3GAL1",-0.997090279496731,6.25841244937697,6.90710975126058,0.0178098298428163,0.776038872208593,"Not_Significant"
"UBN2",1.20176316461293,6.7043007397308,6.80981076921251,0.0182152763211028,0.776038872208593,"Not_Significant"
"POLE2",2.44780673656559,5.53682206374759,6.77232305916904,0.018393393442509,0.776038872208593,"Not_Significant"
"NCK2",1.20803512390235,7.99278588247295,6.79766638819738,0.0185704939565608,0.776038872208593,"Not_Significant"
"MKL2",1.24860740067935,7.41027113660445,6.77868907036389,0.0186377988406937,0.776038872208593,"Not_Significant"
"AC078845.1",5.96347122763069,5.05078646611084,6.84790825549906,0.0186671724718682,0.776038872208593,"Not_Significant"
"MOG",-1.39919123639387,6.73951266157353,6.79061701610687,0.0186732980609822,0.776038872208593,"Not_Significant"
"TANC2",0.896592156309479,9.09995465641102,6.77337828145839,0.0187584262988067,0.776038872208593,"Not_Significant"
"HPS3",1.31887030239163,6.45754643490453,6.67271574261876,0.0190685664360631,0.776038872208593,"Not_Significant"
"PLLP",-1.4431925949159,6.90537233657746,6.72342180319492,0.0191738298652144,0.776038872208593,"Not_Significant"
"TSPAN7",-1.00757626638432,6.65712285947065,6.69063304267097,0.0194253438443741,0.776038872208593,"Not_Significant"
"COX5A",-1.14733885341212,5.52881076535481,6.64339564397796,0.0195194873857787,0.776038872208593,"Not_Significant"
"RRM2B",2.00616707295171,5.63449758793431,6.57467790828698,0.0195467560467001,0.776038872208593,"Not_Significant"
"SHOC2",1.1366110369679,6.83089731387307,6.63907291702062,0.0195751686973513,0.776038872208593,"Not_Significant"
"CYSLTR1",-1.50985126285664,5.26749145144614,6.6050872389576,0.0196194913505267,0.776038872208593,"Not_Significant"
"MT-ND4L",1.6639561944399,6.99233393158645,6.60959115930272,0.0196767384051662,0.776038872208593,"Not_Significant"
"PLPP1",-0.908316344628779,7.25832619417897,6.64299249247148,0.0197857654064302,0.776038872208593,"Not_Significant"
"AL118516.1",-1.32173374703797,5.93180109092422,6.62065131617747,0.0198798774642815,0.776038872208593,"Not_Significant"
"RMND5A",1.50559425134148,5.93124298032459,6.50964406502144,0.0199691693021732,0.776038872208593,"Not_Significant"
"CFTR",-1.70804235580222,6.54469468437594,6.61895619522952,0.019981706006376,0.776038872208593,"Not_Significant"
"SEPT9",2.24304993730565,5.37905417589229,6.55683815364241,0.0200168718416209,0.776038872208593,"Not_Significant"
"FAM222A-AS1",-2.02047956040238,4.79080092601628,6.45319381434479,0.0200686172183857,0.776038872208593,"Not_Significant"
"ARHGAP27",1.46234381524007,5.89444867774888,6.48526306045187,0.0201676859456497,0.776038872208593,"Not_Significant"
"LMCD1-AS1",-1.1613820181959,7.14479819925054,6.5862789069066,0.0202421388385246,0.776038872208593,"Not_Significant"
"CTBP2",0.926781831054691,7.498663325411,6.5674655107716,0.0203351010489178,0.776038872208593,"Not_Significant"
"ELOC",-1.07186699718767,5.78261734088997,6.55029065799819,0.0203938202485414,0.776038872208593,"Not_Significant"
"CTIF",1.42799356458001,6.44436378493162,6.48801541178378,0.0204871303716154,0.776038872208593,"Not_Significant"
"ORC3",-1.24114000490675,5.67235027524093,6.53046707397659,0.0205144274222105,0.776038872208593,"Not_Significant"
"DDIT3",-1.20677815388027,5.38913337702876,6.50052558651879,0.0205800831059663,0.776038872208593,"Not_Significant"
"ZNF189",-1.19856545202334,5.54746827210733,6.51354711104001,0.0205834254538234,0.776038872208593,"Not_Significant"
"SERPINE1",3.48571816906275,6.4065859192848,6.49889845830123,0.0205907159811675,0.776038872208593,"Not_Significant"
"KCTD3",-1.02645366776687,6.12587247622921,6.51097810060383,0.0208212240607826,0.77987844787692,"Not_Significant"
"MCF2L2",-0.98121313627486,8.80509515849356,6.50105324243223,0.0209037407174266,0.77987844787692,"Not_Significant"
"CREBRF",1.16533348648011,7.00425135741247,6.46429114156407,0.0210551832609321,0.781581099238721,"Not_Significant"
"MSL1",1.35607166960068,6.01600474177141,6.35478052106722,0.0213935046163922,0.790169093006447,"Not_Significant"
"AP2M1",-0.903013119433936,6.67894786731652,6.40367550789259,0.021787664630401,0.794407328767946,"Not_Significant"
"SLC26A3",3.77515832084116,13.1132539317511,6.37734125300351,0.0219685309568103,0.794407328767946,"Not_Significant"
"NFKBIA",1.7499797886232,6.77684135783743,6.31316087011214,0.0220256461900612,0.794407328767946,"Not_Significant"
"EYA2",1.73245740588944,5.74724914625023,6.26676240433714,0.0220280147924325,0.794407328767946,"Not_Significant"
"AKAP11",1.13136706233027,6.7333777577562,6.31368583075793,0.0222931006704706,0.794407328767946,"Not_Significant"
"CELF1",0.915704431718026,8.09720958973729,6.34052243645871,0.0223150924714566,0.794407328767946,"Not_Significant"
"METTL21A",1.5591549302616,6.24944359330267,6.25561176048853,0.0223425826980038,0.794407328767946,"Not_Significant"
"SEPT4",-1.27934861879124,6.6579432788772,6.33171730514153,0.0224331149097862,0.794407328767946,"Not_Significant"
"HIST1H2AC",1.42248267477995,7.2306756243768,6.30041510564692,0.022497108731126,0.794407328767946,"Not_Significant"
"C9orf84",1.25735470496134,6.93542813010545,6.27238866020356,0.0227050103421287,0.794407328767946,"Not_Significant"
"ZNF277",1.15585284312946,6.55835494192297,6.25738333880865,0.0227191095537877,0.794407328767946,"Not_Significant"
"TG",2.25720698303064,5.8518824258222,6.20397604301148,0.0227987483009076,0.794407328767946,"Not_Significant"
"TRIM33",1.24610222867131,7.197960829145,6.23559741565237,0.0231406496572319,0.799159674386458,"Not_Significant"
"SMC5",1.08870551710927,7.27450528291203,6.23773079377382,0.0231733413083306,0.799159674386458,"Not_Significant"
"RFX7",0.881478519767931,7.46143084653357,6.23508503120375,0.0232596899950032,0.799159674386458,"Not_Significant"
"ARHGAP20",1.29305205354449,6.30381015687559,6.16130500123705,0.023408767970197,0.800558189795581,"Not_Significant"
"AC010260.1",-1.47153204819481,5.63084705853065,6.18178203316808,0.0236382044515098,0.804679337711073,"Not_Significant"
"PTPN14",-1.4878015605088,5.7929056796716,6.17554277016318,0.023747805603354,0.804702018311818,"Not_Significant"
"IRS2",1.37249648566344,7.33917093980884,6.13975807877875,0.0240723141347486,0.810607578302027,"Not_Significant"
"COX7A2",-1.10617850642737,6.8524726103087,6.13260912857807,0.0243285128993422,0.810607578302027,"Not_Significant"
"LIN52",1.35284560233022,6.35434419597234,6.05452645592078,0.0244734971132851,0.810607578302027,"Not_Significant"
"ARID5B",0.885135090317394,7.51041696911464,6.08185739632182,0.024771805433036,0.810607578302027,"Not_Significant"
"AP1G1",1.4149164553353,6.42884949223063,6.00499577104663,0.0250105157579782,0.810607578302027,"Not_Significant"
"NDUFB6",-1.10555663224932,5.89691827148986,6.05071171444338,0.0250435876837282,0.810607578302027,"Not_Significant"
"POLR2K",-1.43138739335473,5.29302539103434,5.99058900557222,0.0252554556189897,0.810607578302027,"Not_Significant"
"MGAT1",1.54904487916185,6.66760105090445,5.98123337706107,0.0253399708643653,0.810607578302027,"Not_Significant"
"SRP9",-1.1525631232682,5.67958303600853,6.01315192092916,0.0253426310453111,0.810607578302027,"Not_Significant"
"MT-ND2",1.48602602873399,10.8078685438831,6.01973526889131,0.0254268066628896,0.810607578302027,"Not_Significant"
"CLIC4",-1.08072959176242,6.6690254193657,6.02241144559169,0.0254564535552225,0.810607578302027,"Not_Significant"
"CCDC122",-1.69569247228551,5.33204838294041,5.96892799471151,0.0255787200982954,0.810607578302027,"Not_Significant"
"TCF20",1.24612770692637,6.53485725864613,5.96375112760981,0.02560075221093,0.810607578302027,"Not_Significant"
"NBL1",-1.15362214601726,5.58121746148958,5.97988864547699,0.0256320744797404,0.810607578302027,"Not_Significant"
"MEF2C-AS1",1.04640318321751,8.09249907365713,5.97786162574566,0.0258841553506722,0.810607578302027,"Not_Significant"
"HIF3A",2.50930782249529,6.32528137493493,5.88770106076322,0.0259028734843871,0.810607578302027,"Not_Significant"
"CFL2",-1.0366834818555,5.75958581126373,5.9574084046122,0.0259678434244529,0.810607578302027,"Not_Significant"
"MICU3",0.978644677499741,7.08316408453387,5.95713938640833,0.0259945223048794,0.810607578302027,"Not_Significant"
"ATP5MPL",-1.08982884051147,6.99740176180128,5.94346926137631,0.0262977581760282,0.810607578302027,"Not_Significant"
"AC098850.3",0.964586452747928,6.98004598221854,5.92653807431929,0.026304119429316,0.810607578302027,"Not_Significant"
"KCNH8",-1.15211504038829,7.6840313679656,5.93975049536463,0.0263103714827261,0.810607578302027,"Not_Significant"
"STRN3",1.26814239171234,7.07363313434202,5.91744891442648,0.0263462715573893,0.810607578302027,"Not_Significant"
"AFTPH",0.987028455196399,7.37983697389902,5.90752259035239,0.0265963129752015,0.810607578302027,"Not_Significant"
"EI24",-1.23516233267458,5.59018712914464,5.88936420723933,0.026650463809676,0.810607578302027,"Not_Significant"
"BCKDHB",0.88371858552102,7.21430054474245,5.89879600783825,0.0266810682034625,0.810607578302027,"Not_Significant"
"FAM13A",1.11900272243254,7.99507850321538,5.89564466564358,0.0267751792480973,0.810607578302027,"Not_Significant"
"MZT2A",-1.0947328441827,5.71942671840068,5.8707009387362,0.0269082942438074,0.811088154073973,"Not_Significant"
"CCDC30",1.47616244417583,6.48991363622667,5.82220726571891,0.0270106519428993,0.811088154073973,"Not_Significant"
"ATP5PF",-1.08943420072259,6.17200535097519,5.83808929452579,0.0274319206179998,0.817152124725536,"Not_Significant"
"AL138787.2",3.00453228339906,5.37583468188229,5.82102618071916,0.0276071183375872,0.817152124725536,"Not_Significant"
"HNRNPF",1.693110791179,5.82532867242259,5.73071612444037,0.0276272987891142,0.817152124725536,"Not_Significant"
"FOXP1",0.861968034482214,9.47634098672034,5.81801917369816,0.0276550739381866,0.817152124725536,"Not_Significant"
"AP5Z1",1.61537336401103,5.64697292489878,5.71820206828699,0.0277691457589156,0.817253704068164,"Not_Significant"
"SFI1",1.64830239632181,5.47319803633645,5.67441643747677,0.0283635640306907,0.826782775293551,"Not_Significant"
"AC005699.1",-2.23188734497475,4.65004930109763,5.58562717360455,0.0285944187320947,0.826782775293551,"Not_Significant"
"ARMC8",1.00420883523989,6.96402314137355,5.72143407371702,0.0286500491432017,0.826782775293551,"Not_Significant"
"ME3",2.20506217199062,5.34771795817842,5.67631305808292,0.0288402087067959,0.826782775293551,"Not_Significant"
"AC008957.2",-1.25093203787548,7.39101052528067,5.71338300653102,0.0289295115139323,0.826782775293551,"Not_Significant"
"G3BP1",1.4664986842819,6.33626517269048,5.63848715633407,0.0291063567681591,0.826782775293551,"Not_Significant"
"SPATA1",1.66970186065265,5.69531920046332,5.60158410963031,0.0292096978941111,0.826782775293551,"Not_Significant"
"DCTN2",-0.916121385473134,5.73294587367398,5.67085643713668,0.0292599955050935,0.826782775293551,"Not_Significant"
"STOM",1.33134419541848,6.16842669745794,5.62198747313194,0.0292719247922774,0.826782775293551,"Not_Significant"
"E2F3",1.20363853021204,6.47799464519403,5.6403366559665,0.0293288093025173,0.826782775293551,"Not_Significant"
"GOLPH3",1.1654716309961,6.56546227096759,5.63574378212615,0.0294615187016385,0.826782775293551,"Not_Significant"
"ATG14",-1.08623879404643,5.74669276109743,5.64386071588041,0.0296235819493845,0.826782775293551,"Not_Significant"
"SRP14",-0.788639306520976,7.58297284790069,5.65023391393275,0.0297036950366406,0.826782775293551,"Not_Significant"
"ELOB",-0.93551803994673,6.76386212365926,5.64511754930123,0.029795276872539,0.826782775293551,"Not_Significant"
"MT-ND1",1.230032001798,9.66462213428479,5.64062806882519,0.0297972529658376,0.826782775293551,"Not_Significant"
"SYP",-1.31378853776774,6.90624010259662,5.63808901852612,0.0298837147696464,0.826782775293551,"Not_Significant"
"TTC3",0.759100222480494,8.46556968785515,5.60947087425164,0.0302053659203965,0.827069229661406,"Not_Significant"
"SCG3",-1.58363328602192,5.42268777603541,5.57123022940526,0.0303554261797902,0.827069229661406,"Not_Significant"
"MLKL",-1.60137911656724,5.0153128804247,5.51599593975003,0.0304881588388653,0.827069229661406,"Not_Significant"
"CSF2RA",-1.00111017456326,8.39294038998475,5.57617582664794,0.0306253795201954,0.827069229661406,"Not_Significant"
"AL138828.1",1.74008972858436,5.4236452937423,5.48992555260455,0.0307994934118455,0.827069229661406,"Not_Significant"
"LINC01322",1.10046797704301,6.51674564462239,5.52644244056208,0.0308765513909817,0.827069229661406,"Not_Significant"
"TLR2",1.56424000851137,8.19457610157517,5.55498141924321,0.0308767386742115,0.827069229661406,"Not_Significant"
"ZMYND11",0.870590993060011,7.40446333145678,5.55424632972139,0.0308788477281995,0.827069229661406,"Not_Significant"
"ARHGAP26-AS1",-0.901570222340637,7.06297914789386,5.55852603630287,0.0309017337737306,0.827069229661406,"Not_Significant"
"CARNS1",-1.34431895978293,6.38534935783332,5.54083530628372,0.031125951445475,0.830062827897919,"Not_Significant"
"RASGEF1B",2.4343794723764,11.113699043593,5.50362106075315,0.0315780827292965,0.832596071201427,"Not_Significant"
"FAM208B",1.23405824774898,7.31105528163527,5.49427609651316,0.0315886631605568,0.832596071201427,"Not_Significant"
"DARS",1.06806392441998,7.24680458361488,5.44352581090743,0.0323084350138836,0.832596071201427,"Not_Significant"
"TNFRSF1A",1.65563822522919,6.49215088900409,5.3911695014923,0.0323878344284,0.832596071201427,"Not_Significant"
"FAM110B",1.67434628931641,6.34906489167817,5.35896252814651,0.0327274104796663,0.832596071201427,"Not_Significant"
"POLR2F",-1.12362311877981,7.75119694318115,5.41918810712378,0.0327632911840136,0.832596071201427,"Not_Significant"
"ZMIZ2",-1.32763749431561,5.43689433133354,5.38801320388045,0.0328295938952594,0.832596071201427,"Not_Significant"
"MAL",-1.25681830239665,6.65226085240676,5.41134567837647,0.0329103411494212,0.832596071201427,"Not_Significant"
"RIC3",-1.14501806155985,5.68565468481817,5.38950973744643,0.0329870787628663,0.832596071201427,"Not_Significant"
"CNTNAP4",-1.15644178080958,7.62924329385194,5.40087656087436,0.0330271425467463,0.832596071201427,"Not_Significant"
"TLR1",1.26345912762715,7.11565117906325,5.37101433084691,0.0332341232350087,0.832596071201427,"Not_Significant"
"XRN2",1.00124544353265,6.63442679521436,5.35791641957947,0.0333191833350329,0.832596071201427,"Not_Significant"
"MT-CYB",1.2554250783134,10.1756844331257,5.37259828934486,0.0333994071664679,0.832596071201427,"Not_Significant"
"GPBP1L1",0.907216206539066,7.13999989500526,5.36410001711628,0.0334420663298072,0.832596071201427,"Not_Significant"
"NDUFB5",-1.35299826432551,5.21559983636367,5.32540688799857,0.0334797144866667,0.832596071201427,"Not_Significant"
"PTCHD1-AS",1.12912360686121,6.41210621803303,5.31187630737909,0.0337902855602626,0.832596071201427,"Not_Significant"
"CCDC82",-0.957859312626843,6.31748714108152,5.33431439389192,0.0339911755377754,0.832596071201427,"Not_Significant"
"CSNK2A2",1.62812314070059,5.33355119919324,5.26083142843164,0.0340158320106245,0.832596071201427,"Not_Significant"
"GTF2H2",1.63264182722423,6.12931554228055,5.23679918313653,0.0344028591173461,0.832596071201427,"Not_Significant"
"KIAA2026",0.797455079528175,7.84540596664508,5.2853225606239,0.0346957340455104,0.832596071201427,"Not_Significant"
"SMARCA5",-0.962411497285634,6.09100269480594,5.27896025668725,0.034766060473694,0.832596071201427,"Not_Significant"
"RNF216",-0.826878711358764,7.3005998192921,5.27011309574676,0.0349552905683165,0.832596071201427,"Not_Significant"
"CD9",-0.899460369231898,6.54747604328578,5.26493610697121,0.0350425476848,0.832596071201427,"Not_Significant"
"PARK7",-1.04759693559132,6.23544240221679,5.259300171286,0.0350947575199618,0.832596071201427,"Not_Significant"
"AC013394.1",1.14915647047649,6.31352422745782,5.20472330371633,0.0353323228268536,0.832596071201427,"Not_Significant"
"SHISA5",-1.03533498004281,5.49522710411455,5.21758261941024,0.035393433793284,0.832596071201427,"Not_Significant"
"B4GALT1",-0.885929025487527,6.67259392255431,5.23845202115459,0.0354518777773931,0.832596071201427,"Not_Significant"
"AC068888.1",-1.00258653488911,6.64319666855537,5.23079582835903,0.0355710879179187,0.832596071201427,"Not_Significant"
"SCIN",1.75378740445352,7.8241993330495,5.21502845323417,0.0356354545156909,0.832596071201427,"Not_Significant"
"PELI2",0.955144049268655,6.75318129664782,5.18972108847879,0.0359262978489563,0.832596071201427,"Not_Significant"
"GLRX",1.64329822389899,5.66341329878061,5.1281465555111,0.0359580649936364,0.832596071201427,"Not_Significant"
"AC010642.2",-1.63756500759457,4.9823276439585,5.12815801975483,0.0361048614531382,0.832596071201427,"Not_Significant"
"RFX3",0.797963174891903,8.2526963304144,5.18430758473375,0.0362542492531252,0.832596071201427,"Not_Significant"
"UBE2L3",-0.927709321608163,6.4739428855036,5.18244786204511,0.0363153650501984,0.832596071201427,"Not_Significant"
"MT1F",3.34553354787545,5.5100605406984,5.1849990438947,0.0363203007531616,0.832596071201427,"Not_Significant"
"PAG1",0.910743478318318,8.28149636812912,5.13973217952747,0.0369643513098201,0.832596071201427,"Not_Significant"
"BCAS1",-1.37656606633986,7.38473061571066,5.13169970645402,0.0371170900486184,0.832596071201427,"Not_Significant"
"FGFR2",-1.17795188431871,7.26075654271602,5.12813688736666,0.0371802748753344,0.832596071201427,"Not_Significant"
"PGM1",2.04940143048538,5.2232349361999,5.08490366125839,0.0372204794863766,0.832596071201427,"Not_Significant"
"RNF145",0.924766511074758,7.62004941186023,5.11951326879034,0.0372644189082498,0.832596071201427,"Not_Significant"
"ANKRD49",1.18936232275988,6.47147553673738,5.07978968379143,0.037423744632802,0.832596071201427,"Not_Significant"
"TCEAL8",-1.09745619050588,5.36858027015859,5.08065496906406,0.0374412387252367,0.832596071201427,"Not_Significant"
"FBXO9",1.44103304689948,5.97342978805815,5.04540970411711,0.0374481456497633,0.832596071201427,"Not_Significant"
"NDUFB10",-0.974257674858835,5.67512498085678,5.09159481814772,0.0375237845701895,0.832596071201427,"Not_Significant"
"SLC22A17",-1.01041006894907,6.70199717997131,5.10130122031545,0.0376348950734664,0.832596071201427,"Not_Significant"
"SLC35D1",1.33230663898651,5.54158117345233,4.99605741660832,0.0380981184044041,0.832596071201427,"Not_Significant"
"CHMP5",-0.94482391370017,5.66079813703789,5.05527303005438,0.0381187174398223,0.832596071201427,"Not_Significant"
"HIST1H2BD",2.39315876539736,5.49325653794374,5.03573166010459,0.0381552656997411,0.832596071201427,"Not_Significant"
"PSMB7",-0.82722599501464,6.37910583762911,5.06267073441434,0.038249310476974,0.832596071201427,"Not_Significant"
"MZT2B",-0.918020561244407,6.44607715567313,5.05889397468403,0.0383243973077498,0.832596071201427,"Not_Significant"
"ZDHHC2",1.35249151400313,6.37794901754549,5.00312504458107,0.0385451453955075,0.832596071201427,"Not_Significant"
"PHF3",0.935385713065666,7.28965672924654,5.03698350465435,0.0385880603512629,0.832596071201427,"Not_Significant"
"PPTC7",2.26986792890625,5.39495684587501,4.9959352747895,0.0388017932524728,0.832596071201427,"Not_Significant"
"RBMS1",0.964751246792084,7.1870241583014,5.02185733398039,0.0388168692878416,0.832596071201427,"Not_Significant"
"PRKCA-AS1",-1.05765382306692,6.18333260953853,5.02632783796217,0.0388428796728667,0.832596071201427,"Not_Significant"
"NR1H2",-1.11772568060015,5.30458056355522,4.98873422025029,0.0389501235056923,0.832596071201427,"Not_Significant"
"RYK",1.02321724138731,6.44213410739976,4.99019454434007,0.0390132983338158,0.832596071201427,"Not_Significant"
"CEP95",1.26440583336763,6.0053079021263,4.96099805930203,0.0390241615441966,0.832596071201427,"Not_Significant"
"ARPP19",-1.01553195246703,7.13115275108514,5.01484163026798,0.0390806453599237,0.832596071201427,"Not_Significant"
"MS4A6A",1.64351221928133,8.0133708904683,4.99650960460758,0.0392866793354364,0.832596071201427,"Not_Significant"
"TMEM151A",-1.31175465308134,5.25518814912746,4.95986137538751,0.039401684027902,0.832596071201427,"Not_Significant"
"FERMT2",1.28032600214745,5.95664917681607,4.9357755808214,0.0394074168320754,0.832596071201427,"Not_Significant"
"CPNE1",1.49509950010929,5.80352803259805,4.89981226557258,0.0398613445584137,0.832596071201427,"Not_Significant"
"MYCBP2",0.778383241614898,8.9812531206762,4.96032646800403,0.0399823241123305,0.832596071201427,"Not_Significant"
"HIST1H1C",6.09485874290489,5.14588496442224,5.00073368160286,0.0399836975116492,0.832596071201427,"Not_Significant"
"PRPF4B",0.822610758376818,7.32575195194022,4.95738456702551,0.0399928955463407,0.832596071201427,"Not_Significant"
"DDIT4",1.57193502776332,7.01273375677298,4.93555434180429,0.0400276043494722,0.832596071201427,"Not_Significant"
"NENF",-1.01394046307154,6.75161644491776,4.95464941273115,0.0401397426037533,0.832596071201427,"Not_Significant"
"VSIG4",1.53994231655335,7.96336513681069,4.94504803039221,0.0401955692692314,0.832596071201427,"Not_Significant"
"IL6R",-1.03152887890224,6.01108066466421,4.94561341995587,0.0402023120312034,0.832596071201427,"Not_Significant"
"ACTG1",-0.866720769969179,7.46651969609547,4.94438353768763,0.0402957295066786,0.832596071201427,"Not_Significant"
"TACC1",1.02373912627652,7.42870489877915,4.93207633113015,0.040426414412358,0.832596071201427,"Not_Significant"
"FAM193A",0.968505751932204,7.07131893047652,4.91821528027214,0.040604086707309,0.832596071201427,"Not_Significant"
"AC073529.1",-1.40540528862864,5.12493687840553,4.8769579284689,0.0406720184055855,0.832596071201427,"Not_Significant"
"MEMO1",1.52489263071447,6.03982559215492,4.85385930030502,0.0408229515287824,0.832596071201427,"Not_Significant"
"SELENOW",-0.72896183775999,7.96501106476565,4.90130378391117,0.0410513387512422,0.832596071201427,"Not_Significant"
"MFSD1",1.29839373161007,6.67034590614322,4.87064195726721,0.0411444119532168,0.832596071201427,"Not_Significant"
"MID1IP1",1.7890677124044,6.16428182136749,4.82092710444765,0.0413817123795663,0.832596071201427,"Not_Significant"
"RUFY2",-0.825311767084511,6.71507429700147,4.87494506447753,0.0415776124740482,0.832596071201427,"Not_Significant"
"ZNF804A",1.5529594633123,7.0031124484533,4.84948256158539,0.0415967550981075,0.832596071201427,"Not_Significant"
"PHIP",0.779712640611055,8.57783789677597,4.86877839552091,0.0416451392321757,0.832596071201427,"Not_Significant"
"RALGPS2",1.16471581934658,6.33615249091479,4.83070568408859,0.0417228394802235,0.832596071201427,"Not_Significant"
"EID1",-0.808761141531482,6.80393160836715,4.86148566972117,0.0418276232086341,0.832596071201427,"Not_Significant"
"EIF2AK4",1.21556066069305,6.38940783968013,4.81556524848392,0.0420274665207938,0.832596071201427,"Not_Significant"
"TSC22D3",1.19517419609049,6.32992256522374,4.81314298017747,0.0420311203700877,0.832596071201427,"Not_Significant"
"HTR1E",2.03506474110984,5.66753283359446,4.79124402372405,0.0420764681433003,0.832596071201427,"Not_Significant"
"WDR75",-0.969325123634988,5.77391226817174,4.83497591383141,0.0421157710053997,0.832596071201427,"Not_Significant"
"TCEAL7",-1.39336559136274,5.26047134640102,4.81020278108451,0.0421248774563741,0.832596071201427,"Not_Significant"
"UXS1",-1.39354549910119,5.3014161057679,4.81183495388716,0.0421958922883948,0.832596071201427,"Not_Significant"
"RNF175",1.96184709234131,6.6046833621513,4.783264382519,0.0422889727997763,0.832596071201427,"Not_Significant"
"PCID2",1.70770968410218,5.51746763771442,4.74449782299608,0.0428429948117939,0.832596071201427,"Not_Significant"
"STXBP5",0.765374833027964,7.74361406261305,4.80356651943985,0.042869175277253,0.832596071201427,"Not_Significant"
"RMND5B",-1.26798383773127,5.05393354925709,4.73986329484055,0.0431578009060222,0.832596071201427,"Not_Significant"
"TMEM243",1.27504142685596,5.74408679799444,4.7228542903436,0.0432353107157849,0.832596071201427,"Not_Significant"
"ARHGEF40",1.26274677969567,6.16505788912608,4.74089252930088,0.0432444858035826,0.832596071201427,"Not_Significant"
"GAB3",1.43507893527241,6.3033009475472,4.73800550038851,0.043304086020581,0.832596071201427,"Not_Significant"
"TPRG1",1.90611993997349,6.37856121722318,4.72370962365612,0.043318700424995,0.832596071201427,"Not_Significant"
"MAT2A",0.993654785181634,7.3226015724469,4.74425501079952,0.0439421726923844,0.832596071201427,"Not_Significant"
"VPS13A",0.983100693183307,6.41538620013356,4.7090591261641,0.0442587655204615,0.832596071201427,"Not_Significant"
"FRG1-DT",1.64415073386931,5.67535477349628,4.66467968004542,0.0443490841514653,0.832596071201427,"Not_Significant"
"CERS2",-1.40081093960162,5.13757786648793,4.66795927995948,0.0447160846066062,0.832596071201427,"Not_Significant"
"KLHL18",-0.899090682598646,6.03040802220339,4.70465402752023,0.0447589724488386,0.832596071201427,"Not_Significant"
"PMEPA1",-1.20485914996259,5.58051184211254,4.67357401810707,0.0451526087981686,0.832596071201427,"Not_Significant"
"TANK",0.981040988017435,7.58812176746996,4.68171695326011,0.0452428052751575,0.832596071201427,"Not_Significant"
"PPP2R2B",-0.980811540541,10.0151077418933,4.6699768819854,0.0454988777994751,0.832596071201427,"Not_Significant"
"SNX25",1.24247443063735,6.14988229773023,4.61600597170544,0.0457788958856859,0.832596071201427,"Not_Significant"
"EIF2AK3",-0.962953581417059,5.73391514365004,4.64581805926081,0.0458186982210362,0.832596071201427,"Not_Significant"
"MCF2L",-0.711671805545748,7.34984225818826,4.64516268308894,0.046062686707547,0.832596071201427,"Not_Significant"
"PLPP3",-1.24476442672745,5.44397855190154,4.6238784931583,0.046084055453305,0.832596071201427,"Not_Significant"
"MRPS14",1.63350069966021,5.33626639176158,4.58581590437212,0.0461191892423724,0.832596071201427,"Not_Significant"
"UQCR10",-0.836516636200495,6.9021094403178,4.63175364126844,0.0463604374200804,0.832596071201427,"Not_Significant"
"IER5",2.62051467707841,4.95057030009075,4.61364804328008,0.0464133006820692,0.832596071201427,"Not_Significant"
"FGL1",5.7533465529423,4.89021100580911,4.63292698869037,0.0467580754147021,0.832596071201427,"Not_Significant"
"PITPNA",-1.11838105848924,6.72155777740918,4.60316397404059,0.0469676011180238,0.832596071201427,"Not_Significant"
"PSPC1",0.766611091484341,7.12978594872961,4.58458614434194,0.0472336706235624,0.832596071201427,"Not_Significant"
"GTF2H2C",1.42927838972063,6.07169644246322,4.53588971646525,0.0472956110272793,0.832596071201427,"Not_Significant"
"ARL6",-1.15758817400471,5.27915330160151,4.5555026503764,0.047331952857309,0.832596071201427,"Not_Significant"
"AL138752.2",1.0998258860995,5.81057864587658,4.52227762586785,0.047567832394435,0.832596071201427,"Not_Significant"
"AC092691.1",1.1654737047811,8.06496202912485,4.571840019537,0.0475727261820893,0.832596071201427,"Not_Significant"
"SLC12A6",0.898068348453729,6.78224350046844,4.55976775381511,0.0476201041401686,0.832596071201427,"Not_Significant"
"UHRF1BP1",1.33875792922272,6.12663380725669,4.52115878653734,0.0477147799476717,0.832596071201427,"Not_Significant"
"GPANK1",-1.30451742683234,5.03277134390107,4.51767151800407,0.0477445953207235,0.832596071201427,"Not_Significant"
"MRPL20",-0.854740626143626,5.90329587920404,4.55575493618788,0.0478219618308872,0.832596071201427,"Not_Significant"
"PPARG",1.12598431036696,6.53244097321495,4.5317462837232,0.0479736862745817,0.832596071201427,"Not_Significant"
"CD200",1.93003887530835,5.13294875983411,4.51437026820731,0.0480877397748578,0.832596071201427,"Not_Significant"
"NDUFAF3",-1.22680151292116,5.5871954238108,4.52611160336135,0.0482981096716116,0.832596071201427,"Not_Significant"
"DNAJC18",-1.18308747640339,5.10546901187628,4.49793839344108,0.0483136224364303,0.832596071201427,"Not_Significant"
"GMEB1",-1.07040688948088,5.32827585666644,4.51133873636639,0.0483392478577305,0.832596071201427,"Not_Significant"
"TOR1AIP2",1.51004681782782,5.5640882774493,4.46859647651819,0.0485348602524182,0.832596071201427,"Not_Significant"
"CHCHD3",0.71997844811206,7.96629121721666,4.52390494434626,0.0486385897359966,0.832596071201427,"Not_Significant"
"ZMAT3",1.04462869938539,7.52561955995025,4.52079467291313,0.0486452711919033,0.832596071201427,"Not_Significant"
"SIGLEC9",1.77147943704789,5.44519199344498,4.47192882604453,0.0486600650310754,0.832596071201427,"Not_Significant"
"EDF1",-0.895953360021145,6.88213317188128,4.52306834622438,0.0487024474743266,0.832596071201427,"Not_Significant"
"CCDC25",-1.23269969540247,5.07938452574074,4.46896248382412,0.0489131387363901,0.832596071201427,"Not_Significant"
"SOX2",-1.15491787408322,5.57379802877331,4.49297065837747,0.0490267581896896,0.832596071201427,"Not_Significant"
"EEFSEC",1.19832048255699,6.37562787118881,4.47307129585099,0.0491266312572007,0.832596071201427,"Not_Significant"
"NAMPT",1.96571225215023,5.93173173776402,4.43336734527449,0.0494002154961707,0.832596071201427,"Not_Significant"
"SQLE",-1.11357550901874,5.49013342856002,4.47208012122176,0.049415425678554,0.832596071201427,"Not_Significant"
"STUB1",-0.889325841428883,5.87972080740587,4.48081428471934,0.0494780771090597,0.832596071201427,"Not_Significant"
"ADRB2",-1.56245224570878,5.03646976751027,4.43669661479394,0.0494812138738,0.832596071201427,"Not_Significant"
"TTL",-1.23452625972536,6.30474899528663,4.48666315183414,0.0494995254401734,0.832596071201427,"Not_Significant"
"IGSF8",-1.34932207396301,5.46052010128897,4.46038262285398,0.0496569745101622,0.832596071201427,"Not_Significant"
"C1orf122",-0.810434463666131,6.07845269371279,4.46247991249168,0.0499674274880105,0.832596071201427,"Not_Significant"
"KIAA1147",1.13459700257257,6.73556020726486,4.44691139591601,0.0500122882502662,0.832596071201427,"Not_Significant"
"SEC24D",1.3105467975266,6.05242019735925,4.41680116651701,0.0500421557326667,0.832596071201427,"Not_Significant"
"CARF",-1.01523514657136,5.76841258530153,4.44369830786586,0.0502843073948117,0.832596071201427,"Not_Significant"
"LCORL",0.709904346072406,7.98320065980295,4.44897123920345,0.0503317832336972,0.832596071201427,"Not_Significant"
"SHPRH",0.683014714238441,7.72950019686993,4.44832109925632,0.050341975087084,0.832596071201427,"Not_Significant"
"MAP3K4",0.912546014659087,6.35459741663271,4.42515611163294,0.0503915042407261,0.832596071201427,"Not_Significant"
"BICC1",1.4539001847431,5.63196193237373,4.38640146749954,0.0504302213922608,0.832596071201427,"Not_Significant"
"SENP1",2.01032649634258,5.19377203424322,4.41293507628001,0.0504401199163414,0.832596071201427,"Not_Significant"
"AC006978.2",0.785321766353377,7.00638771858143,4.43106941433927,0.0506268918964011,0.832596071201427,"Not_Significant"
"NT5C3A",1.07388851713115,6.3851543299821,4.40805875037,0.0507174917066859,0.832596071201427,"Not_Significant"
"PER3",-0.910918515699123,6.42417914604231,4.43238086552771,0.0507461614772714,0.832596071201427,"Not_Significant"
"GTF2IRD1",-0.978052539130973,5.96042553995258,4.41568522637937,0.051024627977876,0.832596071201427,"Not_Significant"
"MPHOSPH8",0.710112008783155,8.14722549191721,4.41250306960073,0.0511804108135128,0.832596071201427,"Not_Significant"
"THAP6",-1.16874163656929,5.46887638539236,4.39265939330718,0.0512533607854384,0.832596071201427,"Not_Significant"
"DCAF6",0.811939268502219,7.64541855412274,4.40768631036937,0.0512742575439107,0.832596071201427,"Not_Significant"
"MBNL1",0.862186299828368,10.0941905557803,4.40061766795831,0.0514347628887101,0.832596071201427,"Not_Significant"
"NDFIP1",-0.651229159026953,7.77197270644491,4.39769794118131,0.0515348359193412,0.832596071201427,"Not_Significant"
"TADA3",-1.06830998994296,5.18091261766654,4.35461928646794,0.051748267752523,0.832596071201427,"Not_Significant"
"PTBP3",1.18062608608214,7.25640526533143,4.37510232029882,0.051908658819161,0.832596071201427,"Not_Significant"
"YWHAH",-0.729783646848196,7.32547639208327,4.38248443104973,0.0519191800387302,0.832596071201427,"Not_Significant"
"HPN-AS1",-1.19299233115751,5.30423822676599,4.3544259439051,0.0519481749570737,0.832596071201427,"Not_Significant"
"PER1",1.53306291267872,6.22037351716029,4.3360901066563,0.0519709437687234,0.832596071201427,"Not_Significant"
"COX4I1",-0.725692542804204,7.56084973604985,4.37676569320817,0.0520436225251652,0.832596071201427,"Not_Significant"
"NEDD4L",0.893016226224703,7.63434242483734,4.37230145899759,0.0521065424303106,0.832596071201427,"Not_Significant"
"PTPN12",1.01613491505415,6.97591134472804,4.36194272037459,0.052179756512598,0.832596071201427,"Not_Significant"
"AC105285.1",2.90583304124908,5.16303127705643,4.35872790640984,0.0523702835547783,0.832596071201427,"Not_Significant"
"PIM1",3.14855506839186,5.35787865779654,4.35951486928287,0.0524663778884975,0.832596071201427,"Not_Significant"
"TCP11L1",1.78993023192856,5.46347660477167,4.30972326215448,0.0524957745924912,0.832596071201427,"Not_Significant"
"MT-CO2",1.05611167584857,10.8929988052271,4.35566515201596,0.0525082726687542,0.832596071201427,"Not_Significant"
"SPDYE3",-1.28035998466523,6.22868089773629,4.35001866331734,0.0526849669041225,0.832596071201427,"Not_Significant"
"EAF2",1.43554031116957,6.1475196333415,4.29725035643782,0.0529236561080127,0.832596071201427,"Not_Significant"
"LCOR",0.758820845245302,7.97282441106195,4.33785928899487,0.0529677721961438,0.832596071201427,"Not_Significant"
"AL356805.1",-0.914642573926882,5.67762964010264,4.31546380840222,0.0532646432339034,0.832596071201427,"Not_Significant"
"ANOS1",0.890956004906025,7.45729689977715,4.32312571906728,0.0532794948142256,0.832596071201427,"Not_Significant"
"SFMBT1",1.51885840681621,5.56871493904134,4.26460914589441,0.0534122404727795,0.832596071201427,"Not_Significant"
"ZDHHC9",-1.17524619608119,5.78769654078376,4.31318954259511,0.0534221496552008,0.832596071201427,"Not_Significant"
"PDLIM5",1.02237996486792,6.44125688552818,4.29825383716575,0.0534410283291108,0.832596071201427,"Not_Significant"
"EIF3M",1.3551773541519,5.80532712761921,4.26157496198907,0.0535809171896877,0.832596071201427,"Not_Significant"
"APOC1",1.96489001508021,7.52952096801831,4.29202923823321,0.0537451926140367,0.832596071201427,"Not_Significant"
"NUFIP2",0.980096979264086,7.18467536303077,4.29494119174706,0.0539015367082318,0.832596071201427,"Not_Significant"
"BMPR2",-0.6588595392586,7.85041228190047,4.29884195942981,0.0539352656616789,0.832596071201427,"Not_Significant"
"RGS18",1.9142780318872,5.11881912215294,4.26271779646777,0.0540440003774814,0.832596071201427,"Not_Significant"
"SNHG7",1.60179952131348,5.74765504734951,4.2382789249051,0.0540987129028451,0.832596071201427,"Not_Significant"
"ZNF714",-1.28472441199448,5.45704385026774,4.27405251037599,0.054146147457029,0.832596071201427,"Not_Significant"
"CKB",-1.011737559583,8.15919165028017,4.28916401495383,0.0541658345103009,0.832596071201427,"Not_Significant"
"NUP58",0.942499147969285,6.26723247217688,4.26536019305904,0.0541857156241752,0.832596071201427,"Not_Significant"
"APBB2",-1.14638016186698,7.78981674167638,4.28244431691655,0.0543474059268051,0.832596071201427,"Not_Significant"
"PMP22",-0.899178987927103,6.5757981524837,4.28265203698089,0.05438037958498,0.832596071201427,"Not_Significant"
"SERINC1",-0.702597116351407,7.39288856534938,4.27229881984266,0.0546252524281392,0.832596071201427,"Not_Significant"
"TPI1",-0.863714236737695,6.99017164256265,4.25682940465069,0.0550377923327255,0.832596071201427,"Not_Significant"
"CC2D1A",0.950967884847906,6.01985203363297,4.22194937588132,0.055060723170152,0.832596071201427,"Not_Significant"
"PCSK1N",-1.22235291208567,6.84169767357489,4.25533544275972,0.0550815246533404,0.832596071201427,"Not_Significant"
"PCDH11Y",1.41272475539562,5.73598416159048,4.1953252892283,0.0552309743128642,0.832596071201427,"Not_Significant"
"PIK3C2A",-0.760958179985209,6.78776606893093,4.24234637684333,0.0554100416347686,0.832596071201427,"Not_Significant"
"NPM1",1.83225859056061,5.48897649456161,4.1925648387221,0.0554904435863077,0.832596071201427,"Not_Significant"
"POU2F2",0.906764326456481,7.61065765755869,4.23422612073105,0.0555410744232105,0.832596071201427,"Not_Significant"
"NFXL1",1.50641916909606,5.67972389657338,4.18058007706822,0.0555857528694371,0.832596071201427,"Not_Significant"
"ABLIM2",-1.06179983342326,5.89428404200472,4.22713406661607,0.0556462113149317,0.832596071201427,"Not_Significant"
"CELF2",0.646527142873457,10.4293518231281,4.22279972849288,0.0558431993622156,0.832596071201427,"Not_Significant"
"TMTC4",-1.10189389120078,6.66637272516692,4.19974835328927,0.0565240884572349,0.832596071201427,"Not_Significant"
"IRAK2",-0.904465544521893,5.91357329702805,4.18427412104698,0.0567650697610928,0.832596071201427,"Not_Significant"
"MRPS5",0.927086326018598,6.80766396567795,4.17857853696415,0.0567897396842664,0.832596071201427,"Not_Significant"
"IL10RA",1.39175468963191,6.6433880714755,4.16329905919358,0.056841394309003,0.832596071201427,"Not_Significant"
"CTBP1",1.08256611978649,5.96657777481159,4.14501064701903,0.0569497437450257,0.832596071201427,"Not_Significant"
"NEK10",1.37912421435304,6.39989548684247,4.14818682639962,0.0570574752485384,0.832596071201427,"Not_Significant"
"NPC1",-0.694612467915943,7.66508494140172,4.17632952027626,0.0571052657375415,0.832596071201427,"Not_Significant"
"THYN1",-1.2245138923303,5.09542809079,4.13696479219369,0.0571395063527421,0.832596071201427,"Not_Significant"
"KCTD16",1.36644668795693,7.51658982611544,4.16293442303763,0.0573100682077469,0.832596071201427,"Not_Significant"
"SIRT1",-0.976364113232758,5.69508754551325,4.15185050174749,0.0575108331397102,0.832596071201427,"Not_Significant"
"ALOX15B",5.40514323134573,4.6434018863016,4.1502816850121,0.0578366036525735,0.832596071201427,"Not_Significant"
"ADGRL2",1.23969610389241,7.12654535494908,4.1397964866624,0.057843969020302,0.832596071201427,"Not_Significant"
"AES",0.981959016780997,6.29967653836727,4.12572056205991,0.0578629450942106,0.832596071201427,"Not_Significant"
"CEND1",-0.999785410202788,5.65737252762374,4.135550323999,0.0579232120848184,0.832596071201427,"Not_Significant"
"WWP1",0.798910654804232,6.83418719616487,4.13163279807441,0.0581173589544704,0.832596071201427,"Not_Significant"
"TMED4",-1.26400194694629,5.20335684018,4.10949329791704,0.0581372486357745,0.832596071201427,"Not_Significant"
"ALKBH1",-1.27801234619077,5.04524696754503,4.09374673499178,0.0582877222925992,0.832596071201427,"Not_Significant"
"PCBP2",0.952133072301366,7.08361290071072,4.12199317432717,0.0584184008789603,0.832596071201427,"Not_Significant"
"GLUD1",0.910633995009647,6.88991333166191,4.11281632292,0.0586117916271927,0.832596071201427,"Not_Significant"
"RASA1",0.665659999535281,8.15393185344111,4.11100567696285,0.0588695342361485,0.832596071201427,"Not_Significant"
"SNRPA",1.56070717081887,5.2825701494203,4.0644689537344,0.0588863859150824,0.832596071201427,"Not_Significant"
"GPSM3",2.17181247848818,5.76584449717222,4.06971113034714,0.0588963054468527,0.832596071201427,"Not_Significant"
"SHLD1",-0.769931604298668,5.91025979496525,4.10432271824786,0.0589204045134279,0.832596071201427,"Not_Significant"
"GRID2",1.38967344432619,10.3151047095874,4.10784145259391,0.0589313370266532,0.832596071201427,"Not_Significant"
"IPCEF1",-0.727730065490217,9.12964210975339,4.10295903232607,0.0590669130135854,0.832596071201427,"Not_Significant"
"GHITM",-0.961197055263072,5.99194677100982,4.09727887561329,0.0591724028711324,0.832596071201427,"Not_Significant"
"SLCO3A1",-1.07329569905399,7.95727424045264,4.09171655321858,0.0594015813026894,0.832596071201427,"Not_Significant"
"HNMT",1.09189828332001,6.26931936467838,4.0640692937203,0.0594714938493307,0.832596071201427,"Not_Significant"
"ATP6V1F",-0.822364672918924,6.2438295847751,4.08607129781127,0.0595538065277414,0.832596071201427,"Not_Significant"
"MACROD2",0.694723667893933,8.81390787210687,4.08039802575423,0.0597103170582336,0.832596071201427,"Not_Significant"
"DUSP18",1.51479338076164,5.24792083992457,4.03285758363776,0.059765093282539,0.832596071201427,"Not_Significant"
"CRBN",0.84996995331168,6.49768069034848,4.06529098590608,0.0597695502528354,0.832596071201427,"Not_Significant"
"LINC00844",-0.779903402851461,7.37026214248701,4.07297539973954,0.0599580677129805,0.832596071201427,"Not_Significant"
"MT-ND4",1.16332402853263,10.9035792277624,4.0685669778994,0.060027349916942,0.832596071201427,"Not_Significant"
"CBLN2",1.30554534772021,6.5803182934215,4.04616799178193,0.0600842589176381,0.832596071201427,"Not_Significant"
"NOL8",1.60693226878999,5.64183535282007,4.01684692405371,0.0601304499463915,0.832596071201427,"Not_Significant"
"ZNF618",1.16161446053013,6.08271777348463,4.02876660689572,0.0602505177071156,0.832596071201427,"Not_Significant"
"PDE3B",1.17616477181413,8.59548770549975,4.05886936266454,0.0603267057349862,0.832596071201427,"Not_Significant"
"ST13",1.11843224173361,6.62259399714499,4.03365991210022,0.0606059328799531,0.832596071201427,"Not_Significant"
"CATSPERE",-1.31929843745146,5.26057090081063,4.02636697687392,0.0606070767285073,0.832596071201427,"Not_Significant"
"ZNF24",0.907714993797761,6.5438207656131,4.03552763627383,0.0606178763465214,0.832596071201427,"Not_Significant"
"RPL12",1.37601375439468,6.26215846015882,4.01541883788688,0.0606430368841789,0.832596071201427,"Not_Significant"
"TEX14",-1.30708626291278,4.97656152265809,3.99392629473132,0.0608920773781234,0.832596071201427,"Not_Significant"
"TCEAL2",-1.27075214020262,5.44944584789102,4.02100084382132,0.0609745384800586,0.832596071201427,"Not_Significant"
"PAPOLA",0.825717851510821,7.09071402948721,4.02933100992983,0.0610660756915255,0.832596071201427,"Not_Significant"
"OXSR1",1.07745540018365,6.49073445763996,4.00820459070959,0.0612765042168168,0.832596071201427,"Not_Significant"
"SPARCL1",-0.957072470696626,8.51100615848249,4.02412907188764,0.061310431934317,0.832596071201427,"Not_Significant"
"SV2A",-1.00085649272956,6.06287272408132,4.01970879881536,0.0614144447917697,0.832596071201427,"Not_Significant"
"MBP",-0.761027358569227,10.0829204950159,4.01500484935209,0.061564999363626,0.832596071201427,"Not_Significant"
"PCNX1",0.822862755592255,7.29108546921524,4.01301069069539,0.0615842188587274,0.832596071201427,"Not_Significant"
"IFI44L",1.47669486931248,6.18900210760194,3.9747379469237,0.0616886306797436,0.832596071201427,"Not_Significant"
"ETNK1",0.883520327035279,7.2623471828347,4.00551606212976,0.0617848240873764,0.832596071201427,"Not_Significant"
"FAM13C",-1.13484544204553,6.80247206100603,4.00497220327428,0.0619382255817104,0.832596071201427,"Not_Significant"
"ATP1B1",-0.838361306285805,8.51150175496731,3.99569326228614,0.062141655958684,0.832596071201427,"Not_Significant"
"DDHD1",0.948381526669543,6.58248056446392,3.98027159103559,0.0622310980653212,0.832596071201427,"Not_Significant"
"STAMBPL1",1.03751465573468,6.64304776337367,3.97512439971132,0.0623785206230405,0.832596071201427,"Not_Significant"
"MKL1",0.630154472044817,7.72451260975341,3.98240314025339,0.0625502282502736,0.832596071201427,"Not_Significant"
"SPACA6",2.00303640486985,5.18784639727938,3.95164194616579,0.0626945107713564,0.832596071201427,"Not_Significant"
"STK17B",1.62696487615021,5.45158365992781,3.93122184239639,0.0627495962788992,0.832596071201427,"Not_Significant"
"RUSC2",1.02032487508092,5.92434197687812,3.9399891881157,0.0628072767346053,0.832596071201427,"Not_Significant"
"APTX",1.10233804591608,6.142720541871,3.93642182605424,0.0630801843844959,0.832596071201427,"Not_Significant"
"SLC25A37",0.938093852766315,7.98145442658273,3.95886320377811,0.0632463518625677,0.832596071201427,"Not_Significant"
"MALT1",1.07263886130502,6.49142901583853,3.93024014028341,0.0636021515257805,0.832596071201427,"Not_Significant"
"MYO18A",-1.01207162248981,5.59295611039108,3.93656894855447,0.0636198686146015,0.832596071201427,"Not_Significant"
"PSMD3",1.37526447019686,5.45657533949626,3.89710984744201,0.0636583199847976,0.832596071201427,"Not_Significant"
"CPSF2",1.26681820663096,5.83159040441885,3.90063694767173,0.0637546113681807,0.832596071201427,"Not_Significant"
"CADM2",1.1635666415616,10.7670315515021,3.9412568448839,0.0637586590310265,0.832596071201427,"Not_Significant"
"UBQLN1",1.00746906448964,6.438279323461,3.92453187242361,0.0637771910455896,0.832596071201427,"Not_Significant"
"ANKRD28",-0.914989736520596,7.26790659014722,3.9394000901611,0.0638750259862633,0.832596071201427,"Not_Significant"
"KLHDC10",0.800487515268178,7.02316979936314,3.91935781095664,0.0643280171604272,0.832596071201427,"Not_Significant"
"CASP8",1.34690408930825,5.5514585136545,3.86805854861513,0.0645715124249839,0.832596071201427,"Not_Significant"
"HLA-DQB1",-1.3696602946462,6.61145829858536,3.91215394764693,0.0647272925328473,0.832596071201427,"Not_Significant"
"CEP112",1.42145396985058,5.86747042322701,3.86722866908537,0.0647326795430998,0.832596071201427,"Not_Significant"
"SRGN",-1.26115169809835,8.44210055444706,3.90122964796113,0.0649998840992407,0.832596071201427,"Not_Significant"
"DERA",1.19950190794979,5.77737848213841,3.85849554945488,0.0650636825109942,0.832596071201427,"Not_Significant"
"FAM120A",0.826285244192688,7.1794074794126,3.8911859692576,0.0652356686461659,0.832596071201427,"Not_Significant"
"NDUFA2",-1.14863451105847,5.83990396063951,3.88963281710887,0.0652586013853737,0.832596071201427,"Not_Significant"
"ZNF75A",-0.721768609887362,6.2763120335662,3.89285118095618,0.0652657403287034,0.832596071201427,"Not_Significant"
"PIK3IP1",1.28538075483525,5.74670125621735,3.84299060126655,0.0654834399369499,0.832596071201427,"Not_Significant"
"NBPF14",1.90428386018835,5.11234838313863,3.85827310255018,0.0655187284547586,0.832596071201427,"Not_Significant"
"ESR1",1.59095467450945,5.62838261352427,3.83924395281499,0.0655311601916861,0.832596071201427,"Not_Significant"
"PAPOLG",0.903449133011727,5.97690778465127,3.85312913976543,0.0656547600858552,0.832596071201427,"Not_Significant"
"KCNJ3",1.24555244391742,6.15620066955263,3.84765942682835,0.0657433074835248,0.832596071201427,"Not_Significant"
"KLHL8",0.964085977323636,6.5022068973177,3.86325605995915,0.0657541134320577,0.832596071201427,"Not_Significant"
"AHCYL1",-0.723053169241966,7.21716924257417,3.87706828917102,0.0658049646131107,0.832596071201427,"Not_Significant"
"CBX5",1.05043358157682,6.25132072345415,3.84037493583766,0.0662281659233343,0.832596071201427,"Not_Significant"
"NOTCH2",0.922542407361913,6.25044587094995,3.84276205614558,0.066238059928526,0.832596071201427,"Not_Significant"
"MRAS",2.81697453266408,5.22989406941179,3.85772516504593,0.0662551830363438,0.832596071201427,"Not_Significant"
"ASCC3",0.729661472173498,8.01588377928294,3.85773017299584,0.066382279835658,0.832596071201427,"Not_Significant"
"NSUN2",-1.2891947964631,5.11267458914788,3.82601886812059,0.0664454593485816,0.832596071201427,"Not_Significant"
"HERC1",0.666736800969405,8.27845923751973,3.85265802663725,0.0665430983273581,0.832596071201427,"Not_Significant"
"KIF26B",-1.17146515047702,6.69512227110056,3.85391476488215,0.0665564423901423,0.832596071201427,"Not_Significant"
"AC138150.1",-1.22497152454862,5.16013103656692,3.82302037247533,0.0666103496130211,0.832596071201427,"Not_Significant"
"USP11",-0.955038749050553,6.21278408997579,3.84782899183247,0.0666945309054685,0.832596071201427,"Not_Significant"
"CPOX",1.45768664761566,5.98778511345985,3.8062505667326,0.0667679381027451,0.832596071201427,"Not_Significant"
"LHFPL3",-1.18116646715703,5.41361378226614,3.82350913620321,0.0669648221413583,0.832596071201427,"Not_Significant"
"DTWD1",1.09664693982289,6.16823389698312,3.81095401352691,0.0670598823528831,0.832596071201427,"Not_Significant"
"WDR7",0.611487874225711,7.99937331042012,3.83592129968507,0.0670825043341955,0.832596071201427,"Not_Significant"
"KCNQ3",-0.652938520129413,9.65942626035966,3.83416191297818,0.0671086535898645,0.832596071201427,"Not_Significant"
"TNFSF13B",1.41903748694313,6.52446602627978,3.8115935372877,0.067108745764448,0.832596071201427,"Not_Significant"
"TLK1",0.845850819894957,7.232619016261,3.83227109240433,0.0671114047431229,0.832596071201427,"Not_Significant"
"NHSL1",1.22912621669604,8.25319981559487,3.83431190312122,0.0671204400246249,0.832596071201427,"Not_Significant"
"FCGBP",2.0131005975956,8.31601859444899,3.82678735437094,0.0672733188229531,0.832596071201427,"Not_Significant"
"SRGAP1",0.767790070127619,8.94566589800546,3.82586724169943,0.0673909110390533,0.832596071201427,"Not_Significant"
"CLCN7",1.25927587297093,6.154602218149,3.79525237800902,0.0674391895165536,0.832596071201427,"Not_Significant"
"SPON1",1.64762799975674,6.27361885881225,3.78665724220342,0.0675081971843451,0.832596071201427,"Not_Significant"
"MED13",0.721432599657244,7.5638320920193,3.82079069724319,0.0675511489624614,0.832596071201427,"Not_Significant"
"TSC22D4",-0.727556848884197,7.08703001771531,3.82170445611571,0.0675812818141365,0.832596071201427,"Not_Significant"
"TF",-0.845745800217831,8.19616392151472,3.8151326694204,0.0677424647035492,0.832596071201427,"Not_Significant"
"JADE1",1.24126638703006,5.59886076433779,3.76663768480279,0.0678920582990129,0.832596071201427,"Not_Significant"
"NOTCH1",1.55817307044459,5.28058809375882,3.76735890471917,0.0679990650062983,0.832596071201427,"Not_Significant"
"SEC14L5",-1.32458936860018,5.425912968005,3.79123950510277,0.0680759428991591,0.832596071201427,"Not_Significant"
"UTRN",0.767473467989657,7.77824083070618,3.79600372718544,0.0683718175914392,0.832596071201427,"Not_Significant"
"FCHO2",0.997687606744115,6.8645813744975,3.78570225386373,0.0684604935471309,0.832596071201427,"Not_Significant"
"MKNK2",1.97406003972297,5.16227436218458,3.76864101795136,0.0684758099068332,0.832596071201427,"Not_Significant"
"CNTRL",0.850560857341035,7.48109717843739,3.78853426017224,0.0685828388558375,0.832596071201427,"Not_Significant"
"NEBL",1.07909822779331,7.76262383526486,3.78497510512853,0.0687041236774717,0.832596071201427,"Not_Significant"
"UBE2Q2",-1.0540766408631,5.26487674450985,3.75978446221108,0.0688532836586501,0.832596071201427,"Not_Significant"
"FAXDC2",-1.06169563335428,6.14960429439345,3.77962619191977,0.0689048516145724,0.832596071201427,"Not_Significant"
"EEF1D",1.10111320795575,6.87024584538704,3.76266478158678,0.0691862249461076,0.832596071201427,"Not_Significant"
"ZBTB46",-1.01747851823601,6.16808875299733,3.76956646385742,0.06924636789796,0.832596071201427,"Not_Significant"
"HSPA2",-1.07924093755016,6.0049055288012,3.76264730429423,0.0694202358276333,0.832596071201427,"Not_Significant"
"PPP2R3A",-0.856258491262959,6.56090105903298,3.76273635828578,0.0695282865014565,0.832596071201427,"Not_Significant"
"ATP5IF1",-0.848966125412187,6.68445013940675,3.75816455017038,0.069686611087323,0.832596071201427,"Not_Significant"
"VOPP1",0.777088862556998,7.41757758281176,3.75531602264876,0.0696938523124586,0.832596071201427,"Not_Significant"
"HEPN1",-1.28905697386069,6.45159301871236,3.75761863127604,0.0697029832468224,0.832596071201427,"Not_Significant"
"SLC6A15",1.65397246970486,5.35504292289304,3.71682275335231,0.0697471497652251,0.832596071201427,"Not_Significant"
"URGCP",-0.830541242798787,5.65661234009207,3.74487232149502,0.0697779211821903,0.832596071201427,"Not_Significant"
"AC092683.1",1.08461561016162,6.76839017578586,3.73893208223748,0.069937803059057,0.832596071201427,"Not_Significant"
"OXR1",0.884256856868315,9.9321058362835,3.74209030388631,0.0701558508280411,0.832596071201427,"Not_Significant"
"LRP6",-0.679739331904244,6.44936783263396,3.74126815208028,0.0702291823804835,0.832596071201427,"Not_Significant"
"GUCY1A2",1.57414704782075,6.27488787256541,3.70562155810381,0.0703099599868456,0.832596071201427,"Not_Significant"
"IQCK",1.15208681999031,6.66385336205059,3.72147917823304,0.0704219251920841,0.832596071201427,"Not_Significant"
"EEA1",0.76825043564681,7.14834794714307,3.7323393204029,0.0704264824633862,0.832596071201427,"Not_Significant"
"CLINT1",1.06290123760083,5.95309150539274,3.70361641309298,0.0704611659006972,0.832596071201427,"Not_Significant"
"TET3",-0.593454640143575,7.06664864754403,3.72865257205045,0.0706808496097094,0.832596071201427,"Not_Significant"
"CRIM1",1.67751237302086,5.49545084927817,3.68578566054753,0.0707596416443262,0.832596071201427,"Not_Significant"
"SFT2D1",1.23080817112768,5.90670621704975,3.6900826117239,0.070760796096267,0.832596071201427,"Not_Significant"
"TRAPPC6B",-0.81497618386515,5.93098436453558,3.71653064643,0.0709341521709005,0.832596071201427,"Not_Significant"
"SAP18",-0.911326092789362,6.12527830535177,3.71515498856217,0.0710724130738922,0.832596071201427,"Not_Significant"
"SUN2",1.0980331538538,7.37931103955499,3.7090510638394,0.0712019583396095,0.832596071201427,"Not_Significant"
"IDS",0.915357144418096,7.45110940014049,3.70958471080402,0.07123669193413,0.832596071201427,"Not_Significant"
"ARMC9",1.08028971657394,6.92986960614661,3.7015626842815,0.0713087511242871,0.832596071201427,"Not_Significant"
"ABHD3",1.1160918386179,7.14334336462845,3.69774483967881,0.0715155044798511,0.832596071201427,"Not_Significant"
"CCT8",1.66970735360823,5.94575490676948,3.66136633978956,0.0715677019292434,0.832596071201427,"Not_Significant"
"MLH1",1.87805042501537,5.09248827738316,3.67588764340468,0.0715911370772024,0.832596071201427,"Not_Significant"
"SLIRP",-0.644387328168571,6.77826462446646,3.69748351861132,0.0717594174414981,0.832596071201427,"Not_Significant"
"ENPP2",-0.959551509207303,7.72570222599873,3.69606463504899,0.0717725523467786,0.832596071201427,"Not_Significant"
"PRKCA",-0.613387242692994,8.88047784660332,3.69495798397559,0.0717797673195396,0.832596071201427,"Not_Significant"
"DNM1L",-0.680574466323145,6.90653869754554,3.69331673157232,0.0719065007462878,0.832596071201427,"Not_Significant"
"NINJ2",1.18905953755859,5.88396491045457,3.65572191386572,0.071965490956466,0.832596071201427,"Not_Significant"
"ATP6V1D",-0.922917870830372,5.75944136941129,3.6836657002611,0.0719808383143747,0.832596071201427,"Not_Significant"
"CAB39L",1.30069247316575,5.75981964621208,3.64508957915234,0.0721706731946963,0.832596071201427,"Not_Significant"
"BEX2",-1.12844336198532,6.03614978778124,3.67598340660518,0.0724177020359312,0.832596071201427,"Not_Significant"
"SREBF2",-0.843355081058,7.38729379967532,3.67336607752878,0.0725879072912114,0.832596071201427,"Not_Significant"
"DHRS9",-1.30139474639735,5.4074335864515,3.65061195518665,0.0728219823557057,0.832596071201427,"Not_Significant"
"PTPRF",-0.870520854798854,5.78732563680463,3.65746178604469,0.0729264999801152,0.832596071201427,"Not_Significant"
"SNTG1",1.08981635485546,8.36367632208872,3.65870324322112,0.0730762440463829,0.832596071201427,"Not_Significant"
"ORAOV1",-1.18642401393269,5.43208054623079,3.64345691128524,0.0731737483045202,0.832596071201427,"Not_Significant"
"ZNF608",-0.9133313532593,6.68630447876716,3.65467765242746,0.073274401792249,0.832596071201427,"Not_Significant"
"ADRA1A",2.59609088457608,4.93329002848663,3.64331087280455,0.07328734541237,0.832596071201427,"Not_Significant"
"PMS1",1.16625050128302,7.23982655088532,3.64505507608907,0.0733956210777659,0.832596071201427,"Not_Significant"
"TRAPPC8",1.05059463173858,6.6555329284407,3.63856591029152,0.0733964453870542,0.832596071201427,"Not_Significant"
"ZFC3H1",0.806337116187315,7.02088861721553,3.6426073419017,0.0735243853294205,0.832596071201427,"Not_Significant"
"ZC3H14",0.69407652640337,6.84099582569837,3.6412496654393,0.0735474467886774,0.832596071201427,"Not_Significant"
"SPP1",1.07077811616175,10.8605256828456,3.64135414089544,0.0736713716356594,0.832596071201427,"Not_Significant"
"ADAMTS18",-1.49693345538746,5.42690979961643,3.62734334321995,0.0737395411488653,0.832596071201427,"Not_Significant"
"B3GNT5",-0.800088979607702,7.37158978379392,3.64105279603536,0.0737403879877489,0.832596071201427,"Not_Significant"
"SLC29A1",1.32727790741305,5.41631431473696,3.59689678013284,0.0737705317321508,0.832596071201427,"Not_Significant"
"ELK3",-0.895382638932594,5.82271752401622,3.63205454111899,0.0738652497908571,0.832596071201427,"Not_Significant"
"SPI1",1.24939972188898,6.73103650906844,3.62247083828281,0.0739121002291767,0.832596071201427,"Not_Significant"
"CD99L2",-0.757063902412278,5.89367195769928,3.61773674126114,0.0744006218691601,0.832596071201427,"Not_Significant"
"PLXND1",1.02884755748012,5.92926303512362,3.59174954529204,0.0744538005698888,0.832596071201427,"Not_Significant"
"CAP2",-1.1311006040118,5.85693716597093,3.61679522946234,0.0744636428537372,0.832596071201427,"Not_Significant"
"RNF40",-1.09905714945885,5.40690489569838,3.60498472448389,0.0745086059681569,0.832596071201427,"Not_Significant"
"ANAPC16",0.713723916469518,7.69273676706382,3.61533187519298,0.0746346655711139,0.832596071201427,"Not_Significant"
"ATP6V1E1",-0.818220678759741,6.42067772633379,3.61543844002928,0.0746638733041986,0.832596071201427,"Not_Significant"
"SDF2",-1.09196189602997,5.44996063837252,3.59914927577786,0.0747498601577464,0.832596071201427,"Not_Significant"
"CHD1",0.895723387250326,7.25385736129143,3.60872553377562,0.0747914572063092,0.832596071201427,"Not_Significant"
"TMEM230",-0.763558913890867,6.05423461785043,3.60542098755014,0.0749271494885535,0.832596071201427,"Not_Significant"
"LRBA",0.726746923906789,8.32783622554268,3.60727488585583,0.0749367546529317,0.832596071201427,"Not_Significant"
"CLEC2D",1.43218097570428,6.44528642724807,3.58131633034434,0.0750503124569211,0.832596071201427,"Not_Significant"
"ACSL1",1.32099231578921,7.54786508720745,3.59840307503377,0.075132563304589,0.832596071201427,"Not_Significant"
"PTPN2",1.29087223973046,7.47932425421153,3.58899317075145,0.0754700670624922,0.832596071201427,"Not_Significant"
"ABCB7",-0.771333524952368,6.66547348546033,3.5915842280335,0.0755612006314491,0.832596071201427,"Not_Significant"
"LARP1",0.780037269086984,6.85120859837421,3.58078046528273,0.0757307827714776,0.832596071201427,"Not_Significant"
"RB1",0.698970119789271,8.75809519415558,3.58539365093249,0.0757343549619748,0.832596071201427,"Not_Significant"
"AL034397.3",1.36655216982232,6.83465023994596,3.57058314463317,0.0758193910035509,0.832596071201427,"Not_Significant"
"MAPK14",0.930170993736219,6.71834902641058,3.57465528606927,0.0758368022569131,0.832596071201427,"Not_Significant"
"KAT2B",0.687991596313361,7.06583568279244,3.5789335553227,0.0758954940768247,0.832596071201427,"Not_Significant"
"BANF1",-0.792345603958547,6.09031161625138,3.57929892757746,0.0759145830825192,0.832596071201427,"Not_Significant"
"SMTN",5.42289277649038,4.6540381601222,3.58002739388078,0.0760217424553147,0.832596071201427,"Not_Significant"
"AC006030.1",0.938970593246108,6.25516838328392,3.55845409318973,0.0760977358901859,0.832596071201427,"Not_Significant"
"TMEM161B",1.00973677431182,5.73700632450979,3.53997009391141,0.0761936999465114,0.832596071201427,"Not_Significant"
"HDAC11",-1.20610581446077,5.24704804474565,3.55057990173338,0.0763158440199862,0.832596071201427,"Not_Significant"
"U91328.2",2.07612738592738,5.24834172264682,3.54891232912941,0.0763422285945034,0.832596071201427,"Not_Significant"
"UQCRH",-0.88243861249771,6.73579957726324,3.56835256164587,0.0764316572257533,0.832596071201427,"Not_Significant"
"AHCYL2",0.589445626792825,7.65813427329772,3.56555685378081,0.0764837985998991,0.832596071201427,"Not_Significant"
"ARHGAP35",-0.711064977461017,6.4957432753083,3.56388515334524,0.076576270059602,0.832596071201427,"Not_Significant"
"PLA2G15",-0.884508666093772,5.57831366043102,3.55265829616526,0.0765984322039377,0.832596071201427,"Not_Significant"
"SSB",1.34400178950697,6.23127510755549,3.53449185770993,0.0766740760404401,0.832596071201427,"Not_Significant"
"TUBB4B",-1.14759153620893,5.60234390386113,3.5502189730777,0.076756183090317,0.832596071201427,"Not_Significant"
"AC005726.5",-1.19342220075825,5.36587980808086,3.53860230844879,0.0769160021392704,0.833064793629749,"Not_Significant"
"DBI",1.08882605063352,6.60342629070063,3.53750099022403,0.0770773688589717,0.833064793629749,"Not_Significant"
"EXOSC8",-1.17017291926198,5.04334839859968,3.51423124378223,0.0772524922173844,0.833064793629749,"Not_Significant"
"MAMDC2",-0.689293752340076,7.29212697175342,3.54551000972329,0.0772750777328986,0.833064793629749,"Not_Significant"
"ARFGEF2",0.706479615215799,6.7183542501236,3.53181410798791,0.0775520750578395,0.833064793629749,"Not_Significant"
"ANKRD36C",0.749619529527607,7.25168941308761,3.53136331494312,0.0777183841439874,0.833064793629749,"Not_Significant"
"WDR26",0.962947125248572,6.81773567697529,3.52094634886343,0.077909538913105,0.833064793629749,"Not_Significant"
"RB1CC1",0.75726781693155,7.18460151855359,3.5244328147166,0.0779703665033996,0.833064793629749,"Not_Significant"
"SERPINB6",1.07828951899439,6.83464726703358,3.5114992359697,0.0782322331943551,0.833064793629749,"Not_Significant"
"PCSK6",-1.043188659949,7.3631667846563,3.51597418993397,0.0784032917957966,0.833064793629749,"Not_Significant"
"CNNM2",0.833244900884619,6.93371054383003,3.50819291796505,0.0785017119721644,0.833064793629749,"Not_Significant"
"LINC02391",1.20841993834815,6.26423621192743,3.488067653471,0.0786076739411178,0.833064793629749,"Not_Significant"
"CDH18",1.16164077607883,7.44395174958528,3.50515222719329,0.0786773722467815,0.833064793629749,"Not_Significant"
"CAB39",0.873928917200174,7.95553121800764,3.50641051676685,0.0787385888431652,0.833064793629749,"Not_Significant"
"CBR1",-0.79832552819942,6.72296531649048,3.50052053294918,0.0790231892683754,0.833064793629749,"Not_Significant"
"ZNF251",1.02237837706216,6.23081105656212,3.47066892790073,0.0794122453600489,0.833064793629749,"Not_Significant"
"EEPD1",-0.817467104530115,6.41942011737192,3.48979763527864,0.0794189129072909,0.833064793629749,"Not_Significant"
"TRIM8",1.34714224940424,5.43208050110695,3.44446249860874,0.0796315337986092,0.833064793629749,"Not_Significant"
"AC016687.2",1.98701310009287,5.17695154117203,3.4626848717701,0.0796382323822852,0.833064793629749,"Not_Significant"
"FEM1B",0.997014693798968,5.9007049505487,3.44698864686461,0.0800208003052553,0.833064793629749,"Not_Significant"
"CENPT",-0.874086877158871,5.44347962738347,3.45945288579103,0.0800533790595591,0.833064793629749,"Not_Significant"
"STT3B",0.981960638056663,6.75674128456332,3.45213752313723,0.0805739265603777,0.833064793629749,"Not_Significant"
"SYT11",-0.653694366124943,6.82119977595759,3.45880752401928,0.0806664290235786,0.833064793629749,"Not_Significant"
"LINC01146",2.65120173186192,4.97572213586226,3.44547827083696,0.0808591179043204,0.833064793629749,"Not_Significant"
"AP1G2",1.32363332173254,5.98605736604402,3.42113088786215,0.0809063881227095,0.833064793629749,"Not_Significant"
"GTDC1",0.871772342386769,8.04496806481205,3.45148362940203,0.0809098948609995,0.833064793629749,"Not_Significant"
"NDUFB11",-0.870919866255557,6.173122612219,3.44763376315066,0.0810434699786761,0.833064793629749,"Not_Significant"
"PLEKHA5",0.820441718936209,8.01443840452288,3.44246048761801,0.0812738514440001,0.833064793629749,"Not_Significant"
"SLC38A2",0.898427543005725,7.59790440765558,3.43862866386847,0.0813955701962534,0.833064793629749,"Not_Significant"
"SLC44A5",1.16432886025436,6.04224866948015,3.412434927507,0.0814361864660416,0.833064793629749,"Not_Significant"
"INPP4B",1.21356397780283,6.89873235534524,3.42651462829638,0.081561427336322,0.833064793629749,"Not_Significant"
"PLD3",-0.714892626075556,7.15697992410735,3.43620972942193,0.0815692632543658,0.833064793629749,"Not_Significant"
"LRRTM3",-1.00401359117309,8.01827158519964,3.4349687777754,0.0815736994182345,0.833064793629749,"Not_Significant"
"SLC35E2A",1.47548886397877,5.21968026912538,3.39919215299665,0.0816239029150649,0.833064793629749,"Not_Significant"
"TFB1M",-0.829960451019424,5.91987214580301,3.43062816930609,0.0816271818885979,0.833064793629749,"Not_Significant"
"HNRNPH1",1.0617596571838,7.48464162703411,3.43007807761411,0.0816976430898481,0.833064793629749,"Not_Significant"
"OPALIN",-0.908835367164158,6.29055661152972,3.43129499484458,0.0817361096553361,0.833064793629749,"Not_Significant"
"SLC25A53",1.34042821375551,5.4303070940933,3.3921829524246,0.0817610692586431,0.833064793629749,"Not_Significant"
"MAP3K8",1.04067253163275,6.56108273364891,3.41638745743007,0.0818617073403501,0.833064793629749,"Not_Significant"
"SCN1B",-0.862200242153876,5.75840151239286,3.41540065062276,0.0821581097490581,0.833064793629749,"Not_Significant"
"TTC14",0.622153836112769,7.94322480249688,3.41993331913724,0.0821933997789222,0.833064793629749,"Not_Significant"
"HLA-B",1.33117718848781,8.25038233150401,3.41758820062558,0.0822682868202205,0.833064793629749,"Not_Significant"
"SRSF9",1.67266273264719,5.36333623738768,3.38419460755334,0.0823339518013987,0.833064793629749,"Not_Significant"
"SNRNP200",-0.742685661952117,6.24431913066328,3.41237493696285,0.0824863441315924,0.833064793629749,"Not_Significant"
"SUPT20H",1.05812649738325,6.47060129695344,3.39622609733892,0.0826180608574741,0.833064793629749,"Not_Significant"
"DNAJB14",0.738229795104647,7.37561808550037,3.408230287265,0.0826284800564075,0.833064793629749,"Not_Significant"
"SMARCC1",0.651340875782584,6.98225315296457,3.40532048716357,0.0826872151202241,0.833064793629749,"Not_Significant"
"ADGRL3",0.888592383974443,8.95924594416164,3.40676997467709,0.0827182692042321,0.833064793629749,"Not_Significant"
"ZNF12",1.53115024721133,5.37622031783339,3.36988934166089,0.082812565123896,0.833064793629749,"Not_Significant"
"LCLAT1",-0.867183788103487,5.73094376782569,3.39784170248584,0.0828570870665905,0.833064793629749,"Not_Significant"
"ANXA11",1.30770817757495,5.65179856451272,3.36263710395006,0.083066920545841,0.833064793629749,"Not_Significant"
"TMEM108",1.1157355959299,6.81574997122678,3.38985498835205,0.0830725961132255,0.833064793629749,"Not_Significant"
"ELOVL1",-0.914265280043689,5.6441248431269,3.38668738788272,0.0832370175682639,0.833064793629749,"Not_Significant"
"TMEM68",1.53953530926004,5.26654393585057,3.3593101236548,0.083320594977996,0.833064793629749,"Not_Significant"
"ZNF365",0.925639039811935,7.03829929709217,3.38314629580684,0.0835402873041728,0.833064793629749,"Not_Significant"
"MAPK6",0.795957864095091,6.03013409642679,3.36497086589883,0.0836959402295003,0.833064793629749,"Not_Significant"
"EXT1",-0.609238886123184,7.49624697505111,3.3834648651186,0.0837191487356737,0.833064793629749,"Not_Significant"
"MCPH1-AS1",1.23662346287217,5.98697408577027,3.3496789149933,0.0839481955752523,0.833064793629749,"Not_Significant"
"CAMTA2",1.23910247686644,5.59853194000797,3.33980707678277,0.0840209683080678,0.833064793629749,"Not_Significant"
"METTL3",0.993003007585548,5.52042043664354,3.3390707407882,0.0840734680331086,0.833064793629749,"Not_Significant"
"NDUFB2",-0.833310499498928,6.1708436839829,3.37351881664117,0.0840828034471778,0.833064793629749,"Not_Significant"
"HBP1",1.32585411302064,5.87672533263458,3.33892883298376,0.0842364879436297,0.833064793629749,"Not_Significant"
"DHRS4-AS1",1.1741269008667,5.75730953581573,3.33662301566416,0.0843153134967197,0.833064793629749,"Not_Significant"
"BAALC",-1.07833218831743,5.96454255160064,3.36470381039131,0.0844084307676912,0.833064793629749,"Not_Significant"
"AL359915.2",0.877989893303351,6.21807587504854,3.35040605891213,0.0844376910754016,0.833064793629749,"Not_Significant"
"ARHGAP9",1.63245025644451,5.45636611547392,3.33074229433736,0.0845101564458013,0.833064793629749,"Not_Significant"
"ATP6V1C1",-0.852104504031661,6.5026534302813,3.36343730031178,0.0845784930396988,0.833064793629749,"Not_Significant"
"SLC2A13",0.581311049128928,7.97367909273812,3.36163212601216,0.0846178457542001,0.833064793629749,"Not_Significant"
"ACSL3",-0.735368341799696,7.23599040270428,3.36231848043391,0.0846213548587058,0.833064793629749,"Not_Significant"
"PRTFDC1",-0.827113470054224,6.2170776911384,3.35604874491292,0.0848399762157068,0.833064793629749,"Not_Significant"
"TRIM14",0.940600584919519,5.85986451010636,3.32577684951991,0.0850564945880664,0.833064793629749,"Not_Significant"
"LIMA1",-0.799310673622246,5.86344303429833,3.3411242732022,0.0853183704199556,0.833064793629749,"Not_Significant"
"HAT1",-0.777393006354029,5.90388873872817,3.33835422431456,0.0854601404635863,0.833064793629749,"Not_Significant"
"MRFAP1",-0.790591769212398,6.04650795497706,3.33039693042347,0.0858716644666985,0.833064793629749,"Not_Significant"
"SIAH1",-0.830307986748026,5.76761851228381,3.32201507557485,0.0860780941091624,0.833064793629749,"Not_Significant"
"FAM107B",-0.951724213617178,7.6347762053288,3.32445040622698,0.0862163104692423,0.833064793629749,"Not_Significant"
"C1QTNF3-AMACR",0.75141584677793,7.03179045953304,3.32055260094136,0.0862564688163577,0.833064793629749,"Not_Significant"
"FKBP4",1.29075553619881,5.63921123593327,3.28741938723526,0.0863055091375259,0.833064793629749,"Not_Significant"
"GABRB1",0.967336533861689,7.57561864764158,3.31098324862116,0.0867376197493157,0.833064793629749,"Not_Significant"
"RAB40B",-1.09365743488026,6.46365503200268,3.30675283031828,0.0870193832253813,0.833064793629749,"Not_Significant"
"TNKS2",0.710080516191012,7.04807487841645,3.29316923178389,0.0874684320876278,0.833064793629749,"Not_Significant"
"FYN",0.866374232094327,7.25220778309847,3.29322726881691,0.0874754028568927,0.833064793629749,"Not_Significant"
"GNAI2",0.962919532145903,6.66294704720899,3.28626074827649,0.0875122532847266,0.833064793629749,"Not_Significant"
"RALGAPA2",0.682046485395713,7.73932986243534,3.29084066819841,0.0876674356579146,0.833064793629749,"Not_Significant"
"KCNH7",1.04368739438753,6.91168600382467,3.27625792745631,0.0880445132605091,0.833064793629749,"Not_Significant"
"ARHGEF11",0.740303770147549,6.9130228492347,3.27870258441027,0.088054986968916,0.833064793629749,"Not_Significant"
"ZNF407",0.640781710037584,7.16158262567053,3.28022807945982,0.0880806263064524,0.833064793629749,"Not_Significant"
"GNA12",-0.969863335213534,5.84532202189262,3.2756502072018,0.088189742678568,0.833064793629749,"Not_Significant"
"SKAP2",0.766085624257756,8.67528871937392,3.27892167699905,0.0881913302461046,0.833064793629749,"Not_Significant"
"TMEM9B-AS1",1.44153502166787,5.50713540417902,3.24376199637792,0.0882173897095552,0.833064793629749,"Not_Significant"
"UQCRQ",-0.809740508555932,6.39595465391303,3.2734871013268,0.0884610359413426,0.833064793629749,"Not_Significant"
"RAB3A",-1.21156895822244,5.76235692184165,3.26718796040196,0.0885373836849896,0.833064793629749,"Not_Significant"
"NLK",0.623998145861944,8.28063246079273,3.26664996644574,0.088745764066825,0.833064793629749,"Not_Significant"
"SMOC1",1.54764594554448,5.27329237481836,3.23368259450222,0.0888345061635486,0.833064793629749,"Not_Significant"
"C1orf52",-0.804462521992019,5.83153342413216,3.25900933869924,0.088903095665905,0.833064793629749,"Not_Significant"
"KHDRBS2",1.08521612978826,8.1188657895408,3.26252585326235,0.0889200375022108,0.833064793629749,"Not_Significant"
"ABCA1",1.09474096268189,6.36971004563521,3.2473538947872,0.0889262819943954,0.833064793629749,"Not_Significant"
"SHC3",-0.995212789240211,5.43618849747445,3.25026360162759,0.0889665073517392,0.833064793629749,"Not_Significant"
"LARP1B",1.01564191072246,6.22479883708754,3.24223515620938,0.0890973266869743,0.833064793629749,"Not_Significant"
"AFG1L",1.16406985748972,5.54260018546511,3.22272062704829,0.0891833750970274,0.833064793629749,"Not_Significant"
"POLDIP3",-0.942538209999768,5.49094044506197,3.24616452864474,0.0892092478186505,0.833064793629749,"Not_Significant"
"MOB1B",0.845799095002963,7.13558017446785,3.25323460703714,0.0892344584154971,0.833064793629749,"Not_Significant"
"RANBP3L",1.61782205217938,6.46635551445982,3.23256388298941,0.0892740683920544,0.833064793629749,"Not_Significant"
"CAST",0.68987556457343,7.24774865191829,3.24959106858673,0.0894592373918841,0.833064793629749,"Not_Significant"
"GSS",-0.981539483224689,5.15739866180187,3.22800418691415,0.0894967452839799,0.833064793629749,"Not_Significant"
"FKBP5",1.28582806095614,9.77290724793907,3.24670052048626,0.089622374928757,0.833064793629749,"Not_Significant"
"BOD1L1",0.736758567151344,7.21422795319442,3.24476750978801,0.0896627540829491,0.833064793629749,"Not_Significant"
"FTH1",-0.6235780427905,10.4447726041143,3.24521806603254,0.089680344708657,0.833064793629749,"Not_Significant"
"NIPBL",0.766030961527886,8.90258384077948,3.24466070629359,0.0897232057368003,0.833064793629749,"Not_Significant"
"ZNF333",-0.947538903252399,5.57898672823797,3.22883578632281,0.0900813004616864,0.833064793629749,"Not_Significant"
"ZNF611",-0.770633026183308,6.30509969766172,3.23697453286516,0.0900889143564096,0.833064793629749,"Not_Significant"
"ST5",-0.685847634834478,6.44093232406608,3.23431652945081,0.0902280967708375,0.833064793629749,"Not_Significant"
"HLA-C",-0.856785692802439,6.91040278964939,3.2319925748325,0.0903647535915058,0.833064793629749,"Not_Significant"
"NSG2",-1.20661537268149,5.60739658833591,3.22040508104252,0.0905123795818862,0.833064793629749,"Not_Significant"
"ZNF565",-0.942160205107643,8.02022015704082,3.22145522647794,0.0907901267762359,0.833064793629749,"Not_Significant"
"MROH1",1.40219439319595,5.73562045923859,3.18600058063829,0.0909355756818385,0.833064793629749,"Not_Significant"
"DCP1B",1.29565061120368,5.85678417220561,3.18666150322141,0.0910491814495629,0.833064793629749,"Not_Significant"
"LINC02232",0.858299518947298,9.06084051316845,3.21075085703755,0.091274103970487,0.833064793629749,"Not_Significant"
"UBXN4",0.849361840344654,6.85936816677059,3.20405444894102,0.091386527182369,0.833064793629749,"Not_Significant"
"AC110285.1",-1.49813294188744,5.1963962019965,3.19063513027911,0.0914011641016834,0.833064793629749,"Not_Significant"
"MARK1",-1.00744221428851,5.79747619957404,3.20284134652587,0.0914895375313915,0.833064793629749,"Not_Significant"
"HNRNPU",0.614651566684415,7.6047711307105,3.20606171417654,0.0915008330151545,0.833064793629749,"Not_Significant"
"COX6B1",-0.819525318922075,6.98233570231149,3.20711478481038,0.0915067656039212,0.833064793629749,"Not_Significant"
"PTEN",0.744991286938573,8.12726885518283,3.2023785789501,0.0916782636082865,0.833064793629749,"Not_Significant"
"JDP2",1.13377546653634,6.1275317884768,3.173249167047,0.0920825373073221,0.833064793629749,"Not_Significant"
"ZBED5",0.772048808450789,6.67417144543927,3.18553930827818,0.0921996885601835,0.833064793629749,"Not_Significant"
"AC012593.1",-1.13447009330412,6.84409003752084,3.18885302054767,0.0923644382520419,0.833064793629749,"Not_Significant"
"MCM9",0.896999115701224,6.34397195795924,3.17406710602629,0.0924490135246339,0.833064793629749,"Not_Significant"
"MRPS35",-0.808773088061345,5.6136435099501,3.17599973096203,0.092541819341356,0.833064793629749,"Not_Significant"
"FXYD7",-0.934410200326181,5.46714076163028,3.17095372794992,0.0926463627458179,0.833064793629749,"Not_Significant"
"RGS16",-1.16529026129111,5.81411748940073,3.17707831165795,0.0927010631899004,0.833064793629749,"Not_Significant"
"CPSF7",1.01068838477205,5.95705957462979,3.15769465060552,0.0927480434999537,0.833064793629749,"Not_Significant"
"PDS5B",0.584194628363399,7.87555706810202,3.17917670903935,0.0927673632765017,0.833064793629749,"Not_Significant"
"TMEM59",-0.617783045427602,7.34915768187075,3.17832940757574,0.092834535886049,0.833064793629749,"Not_Significant"
"VPS50",0.71973574850944,7.01425691834015,3.17498003207278,0.092847317604191,0.833064793629749,"Not_Significant"
"LRRK2",1.3590259085893,7.40943630620257,3.16589783367424,0.0932064866252305,0.833064793629749,"Not_Significant"
"MT3",0.658568238395417,7.92465348979167,3.16733432033985,0.0933260672760977,0.833064793629749,"Not_Significant"
"TMEM267",0.994517006058589,6.1923989638667,3.14876771746858,0.0934324195873819,0.833064793629749,"Not_Significant"
"TBC1D2B",0.84184911342142,6.57796957108089,3.1556936678029,0.0935233727516752,0.833064793629749,"Not_Significant"
"NUP210L",1.35804807916885,5.4463594498984,3.12885258480146,0.0935760180215813,0.833064793629749,"Not_Significant"
"PMP2",-1.0570215959016,5.54375417642988,3.15313966827886,0.0936181256700743,0.833064793629749,"Not_Significant"
"NUP133",-0.747612513203896,6.00041333778698,3.15674370349818,0.0937232314811266,0.833064793629749,"Not_Significant"
"SAT2",-0.671635503294384,7.02098097198626,3.15862130699907,0.0937852703085193,0.833064793629749,"Not_Significant"
"GRIK4",-1.04259663708818,5.553025868216,3.14299126202575,0.0941131713279729,0.833064793629749,"Not_Significant"
"SLC7A11",1.45955613065416,5.6436044621682,3.11846408251701,0.0941209044368272,0.833064793629749,"Not_Significant"
"CEP63",-0.639510146647731,6.7740802372105,3.14905260650921,0.0942433737862537,0.833064793629749,"Not_Significant"
"COG3",1.33184775756842,5.66509224145611,3.11302242568914,0.094404877811852,0.833064793629749,"Not_Significant"
"ANKS1A",0.54913675720374,8.13533625186706,3.14439928286819,0.0944229485713823,0.833064793629749,"Not_Significant"
"PPP1R10",1.32121348092561,5.90792680104945,3.11540953293942,0.094475237307097,0.833064793629749,"Not_Significant"
"SYT17",0.753354737948057,7.40030093061466,3.14020423041043,0.0945821304169291,0.833064793629749,"Not_Significant"
"ARID1B",0.568091865540563,9.06126774655871,3.13998180842491,0.0946148080657726,0.833064793629749,"Not_Significant"
"FADS1",-1.13635316799448,5.34885507758387,3.12715314109188,0.0946332692813807,0.833064793629749,"Not_Significant"
"AC090825.1",1.24404667230679,5.46876040010837,3.10590773922159,0.094679740961216,0.833064793629749,"Not_Significant"
"FAM198B-AS1",-0.794077844592711,6.88657539574581,3.13713986871368,0.094822614918871,0.833064793629749,"Not_Significant"
"NEGR1",1.00050679935929,8.83142516884628,3.13537307788279,0.0948486891060251,0.833064793629749,"Not_Significant"
"MT-ND3",1.05542244589527,11.5807035785931,3.13314097988355,0.0949335699001133,0.833064793629749,"Not_Significant"
"ARID2",0.621411926928419,7.57262165611014,3.13297568486134,0.0949646955893616,0.833064793629749,"Not_Significant"
"DCP2",0.79914178338522,6.54124364736979,3.12477896220863,0.0950158383973427,0.833064793629749,"Not_Significant"
"RAB4A",-0.844816120082672,5.62299964007669,3.12425213501562,0.0950531795616166,0.833064793629749,"Not_Significant"
"HSPA9",0.77940003333939,6.7061228910965,3.12391610020909,0.0951564846720396,0.833064793629749,"Not_Significant"
"AC009690.1",0.752222251432704,7.47437919589236,3.11720895923491,0.0957095511929252,0.833064793629749,"Not_Significant"
"HIPK1",1.33987773104875,5.42716138606964,3.07972641232905,0.095988632063133,0.833064793629749,"Not_Significant"
"UBTD2",1.2686363158587,5.3721626964025,3.0785399334206,0.096021866445303,0.833064793629749,"Not_Significant"
"TMEM232",0.93667679168727,6.89103009891963,3.10637910671897,0.0960304188550374,0.833064793629749,"Not_Significant"
"PLAC8",2.31640837491714,5.42901216629303,3.09516310914125,0.096132939090305,0.833064793629749,"Not_Significant"
"LRP4",1.10487609496377,7.63020384815193,3.1067768074651,0.0961857971050625,0.833064793629749,"Not_Significant"
"DDA1",-0.994390987001741,5.22859301960349,3.08577014507497,0.096442336036016,0.833064793629749,"Not_Significant"
"MRPS33",-0.975539049687608,5.23828937519089,3.08578419453827,0.0964593333696016,0.833064793629749,"Not_Significant"
"OTUB1",-0.841558308715521,5.78511627988869,3.09794276415921,0.0964708966404965,0.833064793629749,"Not_Significant"
"GAS2",-1.00146994527936,5.44738602712441,3.09211931244485,0.0964799863554469,0.833064793629749,"Not_Significant"
"GABPB1-AS1",1.11246087624599,6.91187499091814,3.090216080434,0.0967624463507791,0.833064793629749,"Not_Significant"
"B4GAT1",-1.07839461126112,5.99522112556492,3.09408865742423,0.096807426062024,0.833064793629749,"Not_Significant"
"MAN2B1",-0.754173688635062,5.64810462356762,3.08795383648892,0.0968348644573118,0.833064793629749,"Not_Significant"
"STK25",1.19885219385371,5.57007604937893,3.06309425264696,0.0968732615444005,0.833064793629749,"Not_Significant"
"SP4",1.06800781975539,5.84788477967824,3.06818841873793,0.0969634999617751,0.833064793629749,"Not_Significant"
"RNLS",1.0813232341445,6.24000952839703,3.072680504584,0.0971420040890962,0.833064793629749,"Not_Significant"
"EDRF1",1.13400470208771,5.51637906935714,3.04912406806264,0.0975641425294343,0.833064793629749,"Not_Significant"
"RMDN3",-1.03545223710199,5.33676338256523,3.0663091456082,0.0976014728415856,0.833064793629749,"Not_Significant"
"RHOT2",-0.640990706725918,6.29458625324608,3.07183885035257,0.097977298458747,0.833064793629749,"Not_Significant"
"NEFL",-1.17693536353825,6.02329098213529,3.06055885106733,0.0985001358154915,0.833064793629749,"Not_Significant"
"HDAC9",0.718586582208627,9.70516438812269,3.06120765389703,0.0985031552058575,0.833064793629749,"Not_Significant"
"DAZAP1",1.39866080949611,5.46911371071889,3.02985823498487,0.098538949221687,0.833064793629749,"Not_Significant"
"GNLY",-1.49333838354902,5.4112918338385,3.04237396487612,0.0989314045686814,0.833064793629749,"Not_Significant"
"XRCC5",-0.573869479367833,7.70749121043741,3.05174375810062,0.0990207186327608,0.833064793629749,"Not_Significant"
"ZNF195",1.40189448313292,5.16172620944715,3.02049700201759,0.099117585086237,0.833064793629749,"Not_Significant"
"MYLPF",2.33227974959671,4.74431646876604,3.03439120837962,0.0992214076784909,0.833064793629749,"Not_Significant"
"SSR4",-1.20279616389749,5.95205475937815,3.04492056642987,0.0992705362435758,0.833064793629749,"Not_Significant"
"CARS",-0.907772125968226,5.68058522909764,3.04024767886319,0.0993120840831893,0.833064793629749,"Not_Significant"
"SNAP25",-0.741052787534892,8.18608516828953,3.04421673202324,0.0993845456092968,0.833064793629749,"Not_Significant"
"GALNTL6",0.924350953268865,7.1821942173629,3.04088757147337,0.0994393233371532,0.833064793629749,"Not_Significant"
"RPS19",1.45699022721636,9.02795928263004,3.04285945293257,0.099457412692882,0.833064793629749,"Not_Significant"
"TAPBP",0.824820126735996,6.28025931810629,3.03112413421953,0.0994934579980942,0.833064793629749,"Not_Significant"
"NAV2",-0.755486771293265,8.04242655411542,3.03822817567029,0.0996963815135615,0.833064793629749,"Not_Significant"
"SND1",0.588053193266144,7.77675918997125,3.03819473317684,0.0997052941248354,0.833064793629749,"Not_Significant"
"KRBOX4",0.978725324878274,6.3080985593891,3.02095698689269,0.0999417524425271,0.833064793629749,"Not_Significant"
"DOCK7",0.816515829285843,7.16999725335282,3.03044462605916,0.100001298413946,0.833064793629749,"Not_Significant"
"UBE2D2",0.76028251769151,7.23344089257074,3.02884675902876,0.100114050559413,0.833064793629749,"Not_Significant"
"STARD3",-0.905080181386258,5.93520027282144,3.02616464283478,0.100199187614407,0.833064793629749,"Not_Significant"
"EPB41L5",0.966930142898129,6.06391595858603,3.01129805108995,0.100204340553475,0.833064793629749,"Not_Significant"
"LBR",1.0708577638975,5.57898805912495,2.99882933035795,0.100236639981265,0.833064793629749,"Not_Significant"
"ABCA8",-0.733938479564472,7.0619187696582,3.02811515736052,0.100268615978299,0.833064793629749,"Not_Significant"
"ATF4",-0.668494104982907,6.31441257287899,3.02655548881704,0.100295774745573,0.833064793629749,"Not_Significant"
"P2RY13",-0.93511627369885,6.21062846024709,3.02541347458903,0.100351254572114,0.833064793629749,"Not_Significant"
"PLAUR",1.42492489014401,5.49722501446159,2.98845479548129,0.100708979783577,0.833064793629749,"Not_Significant"
"KCNMA1",0.675812399739812,9.25584287980828,3.01829794835746,0.100710178140836,0.833064793629749,"Not_Significant"
"UCHL1",-0.928656186567937,7.08781075337094,3.01916445397178,0.100732509702057,0.833064793629749,"Not_Significant"
"TMED2",-0.819138140173897,5.47909644264392,3.00660408560248,0.10081686577826,0.833064793629749,"Not_Significant"
"GPN3",-1.17162033374637,5.04207197169447,2.9927342219169,0.100824366378661,0.833064793629749,"Not_Significant"
"AIG1",-0.571360816752169,7.63474721295323,3.01504106376082,0.100916305116126,0.833064793629749,"Not_Significant"
"GFM1",-0.984059419977994,5.43885031422901,2.99736898013925,0.101283365643479,0.833064793629749,"Not_Significant"
"FBH1",1.02897756053156,5.54838972573417,2.97524242343743,0.101474102394752,0.833064793629749,"Not_Significant"
"HIF1A-AS2",1.12964671016592,6.93928740580815,2.99370516714042,0.101715858707555,0.833064793629749,"Not_Significant"
"XPO1",0.668939961549581,7.4376594780797,2.99809226584323,0.101764354494846,0.833064793629749,"Not_Significant"
"AKAP10",0.683288638257945,7.62951477795802,2.99781252124774,0.10179363491374,0.833064793629749,"Not_Significant"
"HELZ",0.574640694577942,7.7629175820218,2.99712008553878,0.101842197543166,0.833064793629749,"Not_Significant"
"JAZF1",0.840393389143778,9.28557226299113,2.99656962194624,0.101849054852407,0.833064793629749,"Not_Significant"
"ADRM1",1.29184972062396,5.38831919445227,2.95940141488569,0.102214540778295,0.833064793629749,"Not_Significant"
"GOLGA7",1.03196062394438,6.0774759402492,2.97157670580978,0.102266448395072,0.833064793629749,"Not_Significant"
"RANGAP1",0.877801611480246,5.95931667201411,2.9711912883284,0.102275157678852,0.833064793629749,"Not_Significant"
"TMEM9",-0.898465176682796,5.44028499618197,2.97811306587114,0.102295201742919,0.833064793629749,"Not_Significant"
"CDH11",-1.01339306326137,5.36080575153793,2.97247645056287,0.102517217857245,0.833064793629749,"Not_Significant"
"LENG8",-0.624501199752765,6.71971363528641,2.98310867670355,0.102624815822977,0.833064793629749,"Not_Significant"
"RASA2",0.645219271833826,7.38075055243459,2.98004576827915,0.102715919270976,0.833064793629749,"Not_Significant"
"C21orf62-AS1",0.937339891014012,5.85482657155469,2.95926445952848,0.102741770664304,0.833064793629749,"Not_Significant"
"CREBBP",0.655445812528349,7.7156494445133,2.97908174932168,0.102792026711168,0.833064793629749,"Not_Significant"
"SUGT1",0.968566667315682,5.8765666309792,2.95800685851935,0.102813494690985,0.833064793629749,"Not_Significant"
"DCP1A",0.84514174110993,6.30011718824989,2.96628985624844,0.102904384844045,0.833064793629749,"Not_Significant"
"TANGO2",-0.766577588319512,6.54933947487808,2.97520490820895,0.103041113689798,0.833064793629749,"Not_Significant"
"ARHGDIB",1.38796344034988,6.367926944304,2.95543883520513,0.103142478210049,0.833064793629749,"Not_Significant"
"CLU",-0.866801084394406,9.25795524182175,2.97192235384402,0.103149608695249,0.833064793629749,"Not_Significant"
"ARHGAP17",-0.844351393885957,6.26966849481956,2.97233160028647,0.103153698101053,0.833064793629749,"Not_Significant"
"HPS4",0.864868258736089,6.31745335220869,2.96182879764377,0.10315631986648,0.833064793629749,"Not_Significant"
"DHFR",1.30953103209218,6.34117694947515,2.95547220218499,0.103178309090655,0.833064793629749,"Not_Significant"
"ZBTB16",1.12755046089082,7.54480285003168,2.97005217399533,0.103188613262653,0.833064793629749,"Not_Significant"
"STARD13",0.630284695151996,8.30342564554416,2.96490763428666,0.10355294014263,0.834614214953502,"Not_Significant"
"SPAG7",-0.925133807400521,5.3398653952154,2.95107620146554,0.103606502654983,0.834614214953502,"Not_Significant"
"DPH6-DT",0.905069846360875,6.99367615942943,2.95702833113494,0.103794893285784,0.835220998586152,"Not_Significant"
"FYB1",0.787803719176357,9.77099564440027,2.95497415991752,0.104062623603083,0.836464200822606,"Not_Significant"
"COL19A1",1.15485485269082,5.74119885328101,2.92467115036497,0.104340750283502,0.836912622642131,"Not_Significant"
"NLRC5",1.35724103624583,5.9341788896337,2.92529832561508,0.104345001415108,0.836912622642131,"Not_Significant"
"ERCC3",-0.651054016540302,6.01917168829659,2.93291236248398,0.105176035062814,0.838723415236337,"Not_Significant"
"SEC13",-0.786997066816951,5.978122435213,2.93228929260049,0.105218863632734,0.838723415236337,"Not_Significant"
"PSMC6",-0.687725880589831,5.99354325189646,2.92790835947719,0.105444559089604,0.838723415236337,"Not_Significant"
"ZNF98",1.49152465335881,5.35026367602022,2.90135043633199,0.10552593954046,0.838723415236337,"Not_Significant"
"RTN3",-0.58348829143088,8.38242199309422,2.92738524408148,0.105578430359585,0.838723415236337,"Not_Significant"
"SMG6",-0.563731087024733,6.90579353099393,2.92713919740946,0.105652695847011,0.838723415236337,"Not_Significant"
"LINC00578",1.48281740636454,5.34057446770021,2.89844312131096,0.105684448094836,0.838723415236337,"Not_Significant"
"AC023590.1",-1.03374901002261,5.65512494544628,2.9179898859298,0.105818935414285,0.838723415236337,"Not_Significant"
"RETREG3",1.08498815014014,5.68723934172379,2.89637459763643,0.105899220791389,0.838723415236337,"Not_Significant"
"FER",0.569844794238823,8.73837904991989,2.92130972390756,0.105916156482278,0.838723415236337,"Not_Significant"
"LGMN",-0.765962620680712,6.24524573695628,2.91982164567592,0.105996316773933,0.838723415236337,"Not_Significant"
"SH3RF1",0.761095053234575,6.87278200312804,2.91607507292611,0.106040389580957,0.838723415236337,"Not_Significant"
"ZNF644",-0.57846176155071,7.84969057249453,2.91018094108685,0.106549107818746,0.838723415236337,"Not_Significant"
"AC109466.1",1.46388089290047,5.64887088308287,2.87953472687238,0.106689042703468,0.838723415236337,"Not_Significant"
"RAPGEF1",-0.615683477580066,8.26697576467486,2.9070550070549,0.10670676109507,0.838723415236337,"Not_Significant"
"SFMBT2",-0.67388232127187,10.0156517330514,2.905416670639,0.106779664150065,0.838723415236337,"Not_Significant"
"AP5M1",0.947367058999746,5.90819642235536,2.88626928857758,0.10682818953865,0.838723415236337,"Not_Significant"
"PLCXD3",-1.06924983745506,5.39093408258689,2.89314868915874,0.10691893325932,0.838723415236337,"Not_Significant"
"SELENOK",-0.855829322760294,5.85176737186114,2.89856568130123,0.107024497557309,0.838723415236337,"Not_Significant"
"FADS3",-0.897226039537298,5.35782398482689,2.88167374977522,0.107469397626412,0.838723415236337,"Not_Significant"
"HGS",1.38453894950559,5.57800537439331,2.86529866454097,0.107480308807028,0.838723415236337,"Not_Significant"
"DAAM2",-0.796068624638903,7.27159041510379,2.89226007637843,0.107582643610651,0.838723415236337,"Not_Significant"
"ACBD6",0.603491816460639,7.35268531830167,2.89052651548445,0.107618232867,0.838723415236337,"Not_Significant"
"IFT172",0.892770199622589,6.12427333221839,2.87722589429474,0.10762744912442,0.838723415236337,"Not_Significant"
"CELF4",1.27345189666189,6.66855413056727,2.87655944838473,0.107863432632092,0.838723415236337,"Not_Significant"
"AC009163.1",-1.00479052037936,5.49759278584072,2.87488159776085,0.108074548202321,0.838723415236337,"Not_Significant"
"RPS6KA2",0.670356298122426,8.00258539618779,2.88259160052198,0.10809413546187,0.838723415236337,"Not_Significant"
"YWHAE",-0.496155973411832,7.7110725407064,2.88264814497159,0.108100301495507,0.838723415236337,"Not_Significant"
"AC063944.1",-0.96017065897604,5.585648464375,2.87452083425212,0.108185126728776,0.838723415236337,"Not_Significant"
"SPIRE1",0.7362655003437,6.97057482192364,2.8780654760427,0.108213149381421,0.838723415236337,"Not_Significant"
"FAM155A",0.910672760047581,9.31197626782481,2.88004965369942,0.108216547416363,0.838723415236337,"Not_Significant"
"LINC02055",2.96525542396215,5.21732109456542,2.87917008551412,0.108220204774994,0.838723415236337,"Not_Significant"
"STXBP1",-0.914432721805735,6.6777482741476,2.878105278857,0.108399663613858,0.838723415236337,"Not_Significant"
"MGRN1",-0.749337986070939,6.25620513951275,2.87488775826506,0.108515939537112,0.838723415236337,"Not_Significant"
"QSOX1",-0.95171935959944,5.41559380248211,2.86085944817671,0.108765914299447,0.838723415236337,"Not_Significant"
"LINC02210-CRHR1",-0.912737108575641,5.27625024431092,2.85217789676044,0.109040411962213,0.838723415236337,"Not_Significant"
"USP10",-0.636585144667968,6.43815430746546,2.86612241529269,0.10904535393561,0.838723415236337,"Not_Significant"
"SGPL1",0.902770367385525,6.34640130155078,2.85261922958315,0.109232784104265,0.838723415236337,"Not_Significant"
"DDX24",-0.738837578425531,7.20656893759587,2.86107392327738,0.109356847254079,0.838723415236337,"Not_Significant"
"KLHL24",0.595560997694727,7.53041331131292,2.84853966569726,0.110029826871099,0.838723415236337,"Not_Significant"
"ELOVL5",-0.930000512573646,6.56608128975164,2.84743066823797,0.110153854230186,0.838723415236337,"Not_Significant"
"SDCCAG8",0.591036994743563,9.29889990100157,2.84504644805088,0.110217963644883,0.838723415236337,"Not_Significant"
"KHDRBS3",0.567520240136566,8.48831351275651,2.84274440915757,0.110368116127428,0.838723415236337,"Not_Significant"
"INTS6L",1.34057740357255,5.6792153820588,2.81628156595784,0.110375703921003,0.838723415236337,"Not_Significant"
"MAP2",1.10513620058646,7.46031226513995,2.83960117530573,0.110455119463882,0.838723415236337,"Not_Significant"
"GALK2",0.692899037470598,6.77715300959807,2.83435530330268,0.110670549803461,0.838723415236337,"Not_Significant"
"SRSF6",0.874509627268523,6.31749160982519,2.82528003856556,0.110821312058527,0.838723415236337,"Not_Significant"
"MEGF8",-0.979127518772518,5.50098354930553,2.8267313264358,0.110841317830705,0.838723415236337,"Not_Significant"
"CHD2",0.609720493809604,7.35343697050297,2.83387834838997,0.110863141584455,0.838723415236337,"Not_Significant"
"SCN3A",1.30357427248992,6.19988277787275,2.81510189748353,0.110955831585867,0.838723415236337,"Not_Significant"
"NBEA",0.604326855534434,8.34016443273637,2.83018784086836,0.111103624159919,0.838723415236337,"Not_Significant"
"MRPS21",-0.664300417199469,6.42104506288488,2.82763061850817,0.111270799929022,0.838723415236337,"Not_Significant"
"TAZ",-0.807527333028394,6.23937568149866,2.82172108665391,0.111592640412954,0.838723415236337,"Not_Significant"
"BTG1",1.01408670736746,6.53159343093107,2.81287234630354,0.11163268834267,0.838723415236337,"Not_Significant"
"PCDH9-AS2",-1.08637509094866,8.14091880771383,2.81797016016864,0.11181342019004,0.838723415236337,"Not_Significant"
"OAT",-0.666895287421046,6.16453982975637,2.81437835140636,0.111985812535328,0.838723415236337,"Not_Significant"
"LTC4S",-1.0987052234344,5.47961900489338,2.80492108734525,0.112095358041286,0.838723415236337,"Not_Significant"
"VWA1",-0.922950322413925,5.67356707926059,2.79915159735238,0.112642377389969,0.838723415236337,"Not_Significant"
"REEP1",-1.19320568321431,5.23362918790046,2.78992102306076,0.112670328665178,0.838723415236337,"Not_Significant"
"PON2",0.780537287474616,7.06543145208417,2.80082167871069,0.112718468768362,0.838723415236337,"Not_Significant"
"TUBA1A",-0.818402057052044,7.75732936798526,2.80232137173097,0.112755838287061,0.838723415236337,"Not_Significant"
"MGST3",-0.760163533025467,6.75857097748074,2.80212290840568,0.112810871380883,0.838723415236337,"Not_Significant"
"RNF34",0.68075965353821,6.26621786044155,2.79243781865782,0.112847829614542,0.838723415236337,"Not_Significant"
"TBC1D1",0.603295891524342,7.72985487269584,2.79760986880155,0.113029415237245,0.838723415236337,"Not_Significant"
"SYT4",-0.996281077498479,5.54876157684775,2.7897774060657,0.113087962108684,0.838723415236337,"Not_Significant"
"ZC4H2",0.88221019073333,6.21787587224149,2.78348546420388,0.113202588039586,0.838723415236337,"Not_Significant"
"MT-ATP6",0.847541581277164,10.5034937836898,2.7939058125952,0.113220067332725,0.838723415236337,"Not_Significant"
"PEX1",1.23495073320115,5.34660549769891,2.76176703994258,0.113522736314369,0.838723415236337,"Not_Significant"
"EMC7",-0.965125322036483,5.33171665227617,2.77784652052877,0.113532175268098,0.838723415236337,"Not_Significant"
"ATP6V1A",-0.594678673605821,6.61533062689894,2.78973216006602,0.113535541562909,0.838723415236337,"Not_Significant"
"ARHGEF3",-0.745960386427436,6.43356106232686,2.78802171497264,0.113629410625606,0.838723415236337,"Not_Significant"
"ZBTB44",0.812589542299111,6.84645061239384,2.77704801427546,0.114057893613524,0.838723415236337,"Not_Significant"
"PPP3CA",0.490890888458617,9.27863115090113,2.77983968593421,0.114071911193786,0.838723415236337,"Not_Significant"
"DTX2",0.906948228788615,6.11335678805841,2.76555958004767,0.114165440103077,0.838723415236337,"Not_Significant"
"DPM1",0.828858586610077,5.9174808694674,2.76178826638171,0.114237215840369,0.838723415236337,"Not_Significant"
"NDUFB1",-0.62690465649746,6.25246481320308,2.7756254316995,0.114322539177309,0.838723415236337,"Not_Significant"
"ENY2",-0.679102641285422,6.12470861789118,2.77475140784488,0.114340440968794,0.838723415236337,"Not_Significant"
"ZNF536",-0.941684224996466,7.76089691618254,2.7756971287465,0.114352310287037,0.838723415236337,"Not_Significant"
"USP37",-0.669213528049488,6.45286381041468,2.77526928533485,0.114393926419479,0.838723415236337,"Not_Significant"
"MLLT3",1.27797917723151,6.87105856805629,2.7673249466617,0.114421013497666,0.838723415236337,"Not_Significant"
"HEG1",1.11726704494518,5.37256547041747,2.74672694086387,0.114427796708913,0.838723415236337,"Not_Significant"
"TTC21B",0.930889972286256,6.03339387628366,2.75918895092099,0.114446971084813,0.838723415236337,"Not_Significant"
"SLIT2",1.0905456737334,6.61407957924365,2.7649488789512,0.114505570487754,0.838723415236337,"Not_Significant"
"ATP6AP1",-0.908993130491339,6.51634660938951,2.76967583682259,0.114754546699279,0.838723415236337,"Not_Significant"
"SRP54",-0.848139523898146,6.01761078418905,2.76752148903588,0.114764734186175,0.838723415236337,"Not_Significant"
"ACVR2A",-0.665697784760008,6.06551343867371,2.76283446963066,0.115040692902156,0.838723415236337,"Not_Significant"
"HEATR5B",0.696784532282106,7.49823807857651,2.76209848673379,0.115150148308873,0.838723415236337,"Not_Significant"
"P4HTM",-0.931134589914437,5.33297716735806,2.74962619357075,0.115233623470274,0.838723415236337,"Not_Significant"
"LINC00609",-1.01169147506453,7.67716207209,2.75878061568799,0.115387077730297,0.838723415236337,"Not_Significant"
"SMIM37",1.34684707115478,5.42882994373848,2.73140695955233,0.115435037196667,0.838723415236337,"Not_Significant"
"MAPK1IP1L",1.07283185127433,6.14291816614505,2.74305319142923,0.115446187428624,0.838723415236337,"Not_Significant"
"DYNLL1",-0.538664676473033,7.76079772803893,2.75702723168292,0.115491256855586,0.838723415236337,"Not_Significant"
"KIF13A",-0.633948366789767,7.74087315567732,2.75625129265512,0.115538544598365,0.838723415236337,"Not_Significant"
"KCTD2",0.95578873958041,5.4907732792967,2.73016180734946,0.115579870858692,0.838723415236337,"Not_Significant"
"IFI16",0.955175645348222,8.39278417514703,2.75507767143003,0.115599471110398,0.838723415236337,"Not_Significant"
"NPLOC4",0.976670159877533,5.93366341958342,2.73552253330569,0.115749911948353,0.838723415236337,"Not_Significant"
"ARFIP1",-0.625031767662891,6.82191473340809,2.75279347102697,0.11578899252988,0.838723415236337,"Not_Significant"
"PPCDC",1.02845805309625,5.64240830084399,2.72609096253517,0.115958962506795,0.838723415236337,"Not_Significant"
"STEAP1B",0.731934299699364,7.41623133766558,2.74519460163987,0.116173142022305,0.838723415236337,"Not_Significant"
"MAF",1.06264333736921,7.48887237049162,2.74196393423624,0.116325973203343,0.838723415236337,"Not_Significant"
"SH3PXD2B",1.03346790614989,6.19962765143159,2.7266176103619,0.116541340084724,0.838723415236337,"Not_Significant"
"SLC36A4",0.784726867707655,6.52548596592494,2.7327134345788,0.11662119308813,0.838723415236337,"Not_Significant"
"LIMK2",-0.970464237906793,6.03523190375336,2.73627002233856,0.116713974467624,0.838723415236337,"Not_Significant"
"NLRP1",-0.594770894859716,6.97382482048791,2.73481313883188,0.11689804330633,0.838723415236337,"Not_Significant"
"THRB",0.833515442855749,7.7810446064196,2.72947964183107,0.117170784904066,0.838723415236337,"Not_Significant"
"POLR2I",-1.59077255127244,4.60762760178763,2.68382986887863,0.117289223264985,0.838723415236337,"Not_Significant"
"CD163L1",0.952734701568845,6.74228763255327,2.72265186285678,0.117292609443939,0.838723415236337,"Not_Significant"
"CARD8",1.06920005008568,6.82786475381984,2.72060765553347,0.117408617184706,0.838723415236337,"Not_Significant"
"NONO",1.31862671029503,5.66101936251427,2.70109219843267,0.1174136756175,0.838723415236337,"Not_Significant"
"FNDC3A",0.635957406724657,7.91454675159424,2.72137138223809,0.117692343134796,0.838723415236337,"Not_Significant"
"MFSD12",0.742066699556022,6.31827028840483,2.71196261560676,0.117790885308518,0.838723415236337,"Not_Significant"
"BIN2",-0.696227295558238,6.84354524564062,2.71824574556164,0.117935916263548,0.838723415236337,"Not_Significant"
"TPP1",0.949451479798224,6.37874609942441,2.70643905305899,0.118043267227899,0.838723415236337,"Not_Significant"
"PHLPP2",0.765430331133893,5.86816205349285,2.69855344163125,0.118166619382936,0.838723415236337,"Not_Significant"
"GLRX3",1.24208275988859,5.35214524860379,2.68732575471157,0.118176546904335,0.838723415236337,"Not_Significant"
"NFATC2",0.668487599068788,7.71296091543196,2.71113050755262,0.118329117084121,0.838723415236337,"Not_Significant"
"TRPM2",0.735419488359407,7.30099460725704,2.70887889119491,0.118420002585613,0.838723415236337,"Not_Significant"
"PLEKHH1",-0.845260583015298,6.92939995647498,2.70997013269159,0.118458777161741,0.838723415236337,"Not_Significant"
"RNF19B",-0.807867043898951,5.34843493003124,2.69511524747586,0.118637882808091,0.838723415236337,"Not_Significant"
"RUBCN",-0.704000509444508,6.00833993173245,2.70452074507835,0.118642944946818,0.838723415236337,"Not_Significant"
"CENPX",-1.17578027747482,5.03881474556249,2.68616162323355,0.118679862514121,0.838723415236337,"Not_Significant"
"CNKSR2",1.18551947696117,6.93808629214118,2.69995358467417,0.118706528734976,0.838723415236337,"Not_Significant"
"LRCH1",0.719002764579466,8.32429334812854,2.70478043491463,0.118733715152876,0.838723415236337,"Not_Significant"
"CXADR",-0.75450266144218,6.61635782842097,2.70504880494684,0.118761842076114,0.838723415236337,"Not_Significant"
"ZC3H3",1.21505918973265,5.3345390776686,2.67642493571593,0.118865428763352,0.838723415236337,"Not_Significant"
"PGGT1B",1.1626887325875,6.29713538542273,2.68967957802265,0.118876866894875,0.838723415236337,"Not_Significant"
"PAN2",1.6589537267993,5.35951847716125,2.67716288415181,0.119112028058619,0.83958067869181,"Not_Significant"
"RYBP",0.899340839768664,7.40850741675199,2.68914244146959,0.119663274727907,0.840680023496837,"Not_Significant"
"PDPR",0.804536230873258,6.03646794732493,2.6774113133573,0.119678723198839,0.840680023496837,"Not_Significant"
"IST1",-0.721700769297694,6.63868115984268,2.69060364343895,0.119681967996908,0.840680023496837,"Not_Significant"
"SEMA4D",-0.564167663455244,7.6419728198619,2.68947327469844,0.119723214392673,0.840680023496837,"Not_Significant"
"CEBPD",1.73174152230862,7.62490629941921,2.67978398314223,0.120078559573179,0.841381907163403,"Not_Significant"
"ANKRD36B",0.985622912063069,6.04286904244655,2.66619053390779,0.1202666557692,0.841381907163403,"Not_Significant"
"SREK1IP1",1.02726559106887,5.63984125676138,2.6559442111281,0.120437068304435,0.841381907163403,"Not_Significant"
"USP49",1.07171345707886,5.46794795031264,2.64826497241127,0.120757394952534,0.841381907163403,"Not_Significant"
"LPAR1",-0.588679064491218,7.73448608158021,2.67257070697408,0.120804553197024,0.841381907163403,"Not_Significant"
"POU2F1",-0.494888193567311,7.84675966012082,2.67204176109335,0.120833592698216,0.841381907163403,"Not_Significant"
"RORB",1.10958970734875,6.64037046797663,2.6641299192726,0.120847366205509,0.841381907163403,"Not_Significant"
"TRIM22",0.965755207209146,6.61378500059302,2.66063200465222,0.121154940135825,0.841381907163403,"Not_Significant"
"ST6GALNAC3",-0.605047517440891,9.73250385103759,2.66554738966966,0.121219330208933,0.841381907163403,"Not_Significant"
"POLR2L",-0.752624271775954,6.10529964108512,2.66329097680397,0.12133236410104,0.841381907163403,"Not_Significant"
"ILK",-0.744595778124485,5.69205137109148,2.6583846471485,0.12140554947256,0.841381907163403,"Not_Significant"
"CAPZA1",0.722600530639479,7.24795094194628,2.66028045198961,0.121530763410078,0.841381907163403,"Not_Significant"
"CALCOCO2",0.721272717627794,6.30275735578539,2.65075689815719,0.121723348738847,0.841381907163403,"Not_Significant"
"MBD2",0.817991306215414,6.27750414944585,2.64665337467392,0.121909081213803,0.841381907163403,"Not_Significant"
"CRYL1",-0.889904481390689,6.14960725799465,2.654505609239,0.121940303560206,0.841381907163403,"Not_Significant"
"DNER",-0.900128873525893,6.76335311281781,2.65328782921495,0.122103329187052,0.841381907163403,"Not_Significant"
"PLPP2",-0.913833502869883,5.42725217497464,2.64166333990667,0.122245212984557,0.841381907163403,"Not_Significant"
"HLA-A",0.780191656277802,7.61608243831805,2.64844906850777,0.122344996384831,0.841381907163403,"Not_Significant"
"TRIP11",0.670900685862823,6.88090568430502,2.64629437430597,0.122363816797095,0.841381907163403,"Not_Significant"
"CD2AP",0.87321556953386,6.80591104467201,2.64440943802378,0.122382988582045,0.841381907163403,"Not_Significant"
"IRAK3",0.972069486192476,7.46640677317092,2.64639708442758,0.122431555468261,0.841381907163403,"Not_Significant"
"ABCA7",1.64212344288811,4.91990339868851,2.62902371955721,0.122505092916777,0.841381907163403,"Not_Significant"
"KLK6",-1.03668178292043,5.4802131200591,2.63836895013629,0.122552305922974,0.841381907163403,"Not_Significant"
"SPTAN1",-0.590893148383275,6.74512317539264,2.64620000270777,0.122556779762803,0.841381907163403,"Not_Significant"
"PPIP5K2",0.625857215303968,6.69252763692803,2.63827700959801,0.122835425736641,0.842370105519267,"Not_Significant"
"MIR181A2HG",-0.687587302946988,6.2087602312968,2.63638013276869,0.123128214459552,0.842370105519267,"Not_Significant"
"TMEM175",-1.01598448587403,5.2843326796463,2.6250866908514,0.123135843759122,0.842370105519267,"Not_Significant"
"N4BP2L2",0.535894745101726,10.0643468359575,2.63290494308547,0.123361207552557,0.842370105519267,"Not_Significant"
"PILRB",1.2079496693638,5.78029377475203,2.61124698675861,0.123432201190053,0.842370105519267,"Not_Significant"
"PURG",1.15270278137201,5.39784415366056,2.60617621740828,0.12350201675641,0.842370105519267,"Not_Significant"
"RBM6",0.632839525974156,8.56678770727139,2.62954865543087,0.123606542733958,0.842370105519267,"Not_Significant"
"DNASE1",0.875493587506878,6.42326996948367,2.62157009498799,0.123655096386751,0.842370105519267,"Not_Significant"
"CSMD1",0.912245673957985,9.70629071989373,2.62696871475573,0.123760178959856,0.842370105519267,"Not_Significant"
"SEC11A",-0.67311661025611,6.1887195306461,2.6235728097071,0.123969065246211,0.842370105519267,"Not_Significant"
"CEP128",0.594587520547366,6.81899191828562,2.62156068095859,0.124005562039826,0.842370105519267,"Not_Significant"
"RASGRF2",-0.771213002948515,7.0232725972594,2.62084580177388,0.124242307047335,0.842370105519267,"Not_Significant"
"CTBS",1.20036049980133,5.77200745951396,2.59652518260364,0.124425513250455,0.842370105519267,"Not_Significant"
"MAGT1",-1.06435830997372,5.4315412210314,2.60632564523494,0.124649785995958,0.842370105519267,"Not_Significant"
"CNDP1",-1.08784023475572,7.36418657272717,2.6140836590519,0.124676302929527,0.842370105519267,"Not_Significant"
"CRTAP",1.41799051184477,5.1750631670666,2.5877303334522,0.124922365832468,0.842370105519267,"Not_Significant"
"TM6SF1",0.868711209576616,6.95196472001733,2.60716942998037,0.124928217763109,0.842370105519267,"Not_Significant"
"ALKBH5",1.22573233368898,5.45377915166763,2.58539723952735,0.124939393566015,0.842370105519267,"Not_Significant"
"LGI1",0.889882230667141,5.81208997624107,2.59000233615899,0.125142357524894,0.842370105519267,"Not_Significant"
"AC007388.1",0.994596228062204,6.42090459175898,2.59601849177606,0.125278870986265,0.842370105519267,"Not_Significant"
"BLVRB",-0.891067589932243,5.4839168582676,2.59620481426824,0.125340266072875,0.842370105519267,"Not_Significant"
"COX7B",-0.895918402523192,6.17387527245816,2.60234190002109,0.125410907876829,0.842370105519267,"Not_Significant"
"TOPORS",0.959133138426436,5.58647300877984,2.57481206493252,0.125861057348012,0.842370105519267,"Not_Significant"
"TMEM144",-0.657420687847926,8.77014562738565,2.59411896298454,0.125971803606447,0.842370105519267,"Not_Significant"
"MEAF6",-0.669905668406097,5.78697654792622,2.59048720733321,0.125986884025219,0.842370105519267,"Not_Significant"
"PDGFC",0.950925087185141,7.10843950723357,2.5877616160132,0.126274145111418,0.842370105519267,"Not_Significant"
"RAB11FIP2",0.881391753655366,6.33248187885624,2.58122843272756,0.126307154049861,0.842370105519267,"Not_Significant"
"ZFPM2",0.861634384497955,7.07578139217025,2.58618232299146,0.12639459142315,0.842370105519267,"Not_Significant"
"SH2B1",-0.779908852161207,5.77080798117525,2.58199292603989,0.126578750804348,0.842370105519267,"Not_Significant"
"NIPSNAP2",-0.710705501676654,6.49732739851807,2.58331144415169,0.126764768509029,0.842370105519267,"Not_Significant"
"PEX11B",-1.13794452182341,5.06139789970372,2.56505234049843,0.126784738224392,0.842370105519267,"Not_Significant"
"AAGAB",1.1542635077258,5.74210307349818,2.56190846916395,0.12679474221746,0.842370105519267,"Not_Significant"
"DPYD",0.599432877866362,9.88407240275176,2.58128939714073,0.126842500562319,0.842370105519267,"Not_Significant"
"ARAP1",1.0348599265979,6.65717514629195,2.57294867693009,0.127023531251635,0.842370105519267,"Not_Significant"
"GLE1",1.1880044257653,5.31189032197426,2.55184794103629,0.127215058449105,0.842370105519267,"Not_Significant"
"WDR6",1.07457601460452,6.14757681760364,2.55770666135792,0.12760356490372,0.842370105519267,"Not_Significant"
"AL034405.1",1.82272065148239,5.05277560439161,2.55636560919361,0.127614530848968,0.842370105519267,"Not_Significant"
"EXOC2",0.770670256632241,6.81171923873514,2.56330831175307,0.127905993729929,0.842370105519267,"Not_Significant"
"FAM53C",-0.742986837472999,5.67433542170691,2.55789400749411,0.128156015217723,0.842370105519267,"Not_Significant"
"PCGF5",0.623969214849101,7.11338920828938,2.56160830650035,0.128160573832388,0.842370105519267,"Not_Significant"
"RAC1",-0.483693722519304,7.55631451358804,2.56199822699875,0.128222192261524,0.842370105519267,"Not_Significant"
"SUPT5H",0.977005575249607,6.03882207433201,2.54665031750923,0.128330747868198,0.842370105519267,"Not_Significant"
"PAK2",0.553460914817999,7.30606196425828,2.55935489258718,0.12836110283119,0.842370105519267,"Not_Significant"
"IER5L",1.77921893819291,5.01883704575547,2.54451037066481,0.128407021247584,0.842370105519267,"Not_Significant"
"LINC01736",1.08103982108769,6.58367037302753,2.55116129870553,0.128463529811376,0.842370105519267,"Not_Significant"
"USP15",0.670588650534633,8.56886482233071,2.55308264735741,0.128816116191955,0.842370105519267,"Not_Significant"
"ENOPH1",-0.802626655977334,5.42099315019615,2.54415828956935,0.128834306471993,0.842370105519267,"Not_Significant"
"MICU2",0.648240944352613,7.08192808335362,2.55165740617538,0.128842103499027,0.842370105519267,"Not_Significant"
"PTK2B",0.644329762722491,6.76987863905567,2.54660705383322,0.129101683483057,0.842370105519267,"Not_Significant"
"RGS4",-1.28020839300538,5.35915145348038,2.53929075725494,0.129150880145422,0.842370105519267,"Not_Significant"
"ZNF207",0.62845336924946,7.82362653466849,2.54804501041897,0.129176649008704,0.842370105519267,"Not_Significant"
"TRIM24",0.837751754707233,6.2921895375109,2.5389071839747,0.129248824624752,0.842370105519267,"Not_Significant"
"SETDB2",1.2127438235257,5.57817148173996,2.52419431933297,0.129279479089476,0.842370105519267,"Not_Significant"
"NCSTN",1.04781923310003,5.56061543841582,2.52224561510145,0.129462057105803,0.842370105519267,"Not_Significant"
"LILRB4",-1.03002357085454,6.13908603888268,2.54199871378304,0.129576278563977,0.842370105519267,"Not_Significant"
"DHRS4L2",1.05517075163879,5.56899666646548,2.51968518311085,0.129646810365118,0.842370105519267,"Not_Significant"
"WASF1",-0.767790944863189,6.52664647978482,2.54101398718843,0.129708266474177,0.842370105519267,"Not_Significant"
"POLN",1.01807223195456,5.96108105435803,2.52449599383668,0.129782611526281,0.842370105519267,"Not_Significant"
"RNF144B",0.803247388566072,6.64227744312444,2.53489640044308,0.129796143264719,0.842370105519267,"Not_Significant"
"VPS36",0.928670797909871,6.15095582798104,2.5281757290296,0.129805132373027,0.842370105519267,"Not_Significant"
"ENOX2",0.719965259972846,7.14140383127723,2.53681109266059,0.129881939902384,0.842370105519267,"Not_Significant"
"CACNA1C",1.18681707246881,7.43449404424428,2.53475914554514,0.129979589622643,0.842370105519267,"Not_Significant"
"NSUN6",0.721247673915108,6.70653883072643,2.53195480229729,0.1300750834039,0.842370105519267,"Not_Significant"
"H3F3B",-0.513639738572808,7.73866325753404,2.53430862302838,0.130152158584024,0.842370105519267,"Not_Significant"
"PCNX4",0.656047763437672,6.8713170015383,2.5297919855503,0.130319210866599,0.842370105519267,"Not_Significant"
"STAT6",0.830952694653725,6.8363302490285,2.52678645787063,0.130458509039102,0.842370105519267,"Not_Significant"
"TOLLIP",-0.714445110622619,5.62745092380027,2.52380468141387,0.130505323083251,0.842370105519267,"Not_Significant"
"RIN2",-0.535716363017941,7.7229558171807,2.52845006672315,0.130568323968436,0.842370105519267,"Not_Significant"
"RALY",-0.551434009569791,6.71265884955452,2.5288376983985,0.13056907686741,0.842370105519267,"Not_Significant"
"ACTR3B",0.950454884138168,5.91202869181506,2.50791202442099,0.130962556578491,0.844171383460133,"Not_Significant"
"TMEM72-AS1",-0.883817398609509,5.37016814074839,2.50916668551311,0.131287056110375,0.845304800287912,"Not_Significant"
"NAP1L3",-0.876798841783553,5.38844687670859,2.50842309628249,0.131367254735417,0.845304800287912,"Not_Significant"
"PILRA",0.882701241103031,7.00256253925524,2.5114733436203,0.131598083844531,0.845648660163835,"Not_Significant"
"FAM208A",0.863394277606606,6.58844966455282,2.50527664334182,0.131851463943594,0.845648660163835,"Not_Significant"
"DUSP22",1.06858590084742,5.46899670009168,2.48692987634358,0.131923666710496,0.845648660163835,"Not_Significant"
"C1orf56",1.17801474277878,6.85450322044567,2.5006056020044,0.132177970596734,0.845648660163835,"Not_Significant"
"CDKN2A",2.39952517838759,4.91139561791072,2.49716138364865,0.132316616020654,0.845648660163835,"Not_Significant"
"INTS6",0.690051814992912,7.37921242086435,2.502630416816,0.132369937345527,0.845648660163835,"Not_Significant"
"SLC35E3",0.813970550322445,6.38081559056392,2.49592154915675,0.132400908857294,0.845648660163835,"Not_Significant"
"TMBIM6",0.687364717192408,7.90834547843482,2.50190909976738,0.132458242282936,0.845648660163835,"Not_Significant"
"NDUFS6",-0.885763024230023,5.8157053523082,2.49870202914517,0.132486000237881,0.845648660163835,"Not_Significant"
"ARHGAP6",0.627010551154814,7.74900463263807,2.50040918742769,0.132565472921311,0.845648660163835,"Not_Significant"
"MAGED1",0.604973324761128,6.76708354559609,2.49649981779756,0.13268586614605,0.845686361709121,"Not_Significant"
"ASPHD1",-1.25812207662912,5.28586648226851,2.48478493744768,0.132995113969201,0.846311751944729,"Not_Significant"
"CYBC1",0.76778082734352,6.23147556100331,2.47930929297846,0.133519998387832,0.846311751944729,"Not_Significant"
"CX3CR1",-0.735987668034411,7.8920809193613,2.48670198327365,0.133563301055814,0.846311751944729,"Not_Significant"
"CYB5R4",0.700058756176712,6.81755884904324,2.48298605758317,0.133656561864735,0.846311751944729,"Not_Significant"
"VEZF1",0.924539714305421,5.99669633705223,2.46941733619217,0.13388394357243,0.846311751944729,"Not_Significant"
"NOL7",1.09056904165138,5.79492233204729,2.46349468066513,0.133957306826561,0.846311751944729,"Not_Significant"
"C1QC",1.58478593531224,8.72000716948946,2.47664325891798,0.134288499022378,0.846311751944729,"Not_Significant"
"PLAT",-0.922581014020788,5.48815682183649,2.46989460990828,0.134309662804443,0.846311751944729,"Not_Significant"
"CAMKK2",-0.852204680200406,5.82738901207586,2.47309575354183,0.134370386640997,0.846311751944729,"Not_Significant"
"CNOT4",0.576218001713102,7.47228148153697,2.47407690157687,0.134475076951555,0.846311751944729,"Not_Significant"
"EIF1",-0.557205735639813,8.3336603984699,2.47254177562864,0.13458534749591,0.846311751944729,"Not_Significant"
"FNDC3B",0.743385797626063,7.61970525439818,2.471821358126,0.134635918472069,0.846311751944729,"Not_Significant"
"MYL12A",1.85000103187319,5.07000682356189,2.45634820691247,0.134839776303264,0.846311751944729,"Not_Significant"
"CNP",-0.712270753644255,7.98734130243653,2.46661613319004,0.135033760290517,0.846311751944729,"Not_Significant"
"BCCIP",0.827252508117393,5.594342047049,2.44529306033923,0.135260997348987,0.846311751944729,"Not_Significant"
"ZNF33A",0.603750485561205,7.23305695925709,2.46222649079538,0.135319860943215,0.846311751944729,"Not_Significant"
"BTAF1",-0.490761629936055,6.99704556355911,2.46126296587997,0.135476194845427,0.846311751944729,"Not_Significant"
"RFX2",1.17262799805005,5.30057216680987,2.43525781820216,0.135680544132875,0.846311751944729,"Not_Significant"
"CCNY",0.620545017530933,8.16751718454309,2.45714722741218,0.135740479387318,0.846311751944729,"Not_Significant"
"GAS6",0.80862615561944,6.3646209977487,2.45041041209509,0.135751813863514,0.846311751944729,"Not_Significant"
"POT1",0.848936286856619,5.78141403881478,2.44009480940421,0.135876824589562,0.846311751944729,"Not_Significant"
"DMTF1",0.693045282235653,6.92727154428616,2.45231176993694,0.135965251585256,0.846311751944729,"Not_Significant"
"CCDC40",1.38131304411499,5.26147889680806,2.43262058088491,0.136007160397537,0.846311751944729,"Not_Significant"
"STIM2",0.643957881739739,6.88742420394545,2.45159014684831,0.136021184703373,0.846311751944729,"Not_Significant"
"SPTLC1",-0.588755284899704,6.0913057547462,2.45179710132775,0.136046554248159,0.846311751944729,"Not_Significant"
"MXD4",0.942154360698113,6.03914198394633,2.43878959113351,0.136210292166364,0.846311751944729,"Not_Significant"
"NDUFA12",-0.798381478531257,5.61976925087616,2.4440231065071,0.136345042281182,0.846311751944729,"Not_Significant"
"PRKRA",0.832382125804477,6.0741476802068,2.43583715361003,0.136560317037579,0.846311751944729,"Not_Significant"
"ACSS3",1.71849042377152,5.09214111821662,2.42989655941902,0.136677985854883,0.846311751944729,"Not_Significant"
"SERP1",0.597122483814007,7.0377345354538,2.43917832461855,0.137006052099826,0.846311751944729,"Not_Significant"
"UQCC1",-0.653903585397432,6.14240364608247,2.43938079108214,0.137009110493546,0.846311751944729,"Not_Significant"
"BST2",1.25384360407893,6.37949144162905,2.428447513371,0.137077500340929,0.846311751944729,"Not_Significant"
"AL078590.3",-0.917381247720736,6.07589639004652,2.43680753340013,0.137214761755152,0.846311751944729,"Not_Significant"
"GSE1",0.748380092158525,5.98724231694797,2.4230986143408,0.137493542048844,0.846311751944729,"Not_Significant"
"CHRM5",1.40913557326122,6.77822426489625,2.42191838343787,0.137808459224039,0.846311751944729,"Not_Significant"
"WNT5A",1.16537993922881,5.85549351481541,2.40937530012367,0.138051847644523,0.846311751944729,"Not_Significant"
"PSMD14",0.659468165834162,6.2533809387708,2.41941836147876,0.138090138734631,0.846311751944729,"Not_Significant"
"PXN",1.08036622389374,5.4750326192236,2.40317582944146,0.138212804716406,0.846311751944729,"Not_Significant"
"APPBP2",-0.664027968310445,6.93969138711569,2.42150597820355,0.13847101716281,0.846311751944729,"Not_Significant"
"KDELR1",-0.881854576969094,5.51828760700812,2.4146222727199,0.138486805918467,0.846311751944729,"Not_Significant"
"TRAPPC10",0.603449089703201,6.73751406914187,2.41415646358048,0.138811486763775,0.846311751944729,"Not_Significant"
"NNT",0.911177852821583,6.53769647845878,2.41075994635899,0.138819746651417,0.846311751944729,"Not_Significant"
"YWHAQ",-0.765126807439338,6.85033587406268,2.41650520906937,0.138856379377134,0.846311751944729,"Not_Significant"
"GGNBP2",0.626521195620356,6.93412140933854,2.41345270407273,0.138925117935421,0.846311751944729,"Not_Significant"
"KDM3A",0.964209677465693,5.76787561980099,2.39825328179692,0.138964333398851,0.846311751944729,"Not_Significant"
"ELMO1",0.5458176211623,10.5452566813489,2.41384145381772,0.138977241475907,0.846311751944729,"Not_Significant"
"CCAR1",0.617179054183962,7.01893775947844,2.40679704295419,0.139462613283247,0.846311751944729,"Not_Significant"
"FAM214A",0.735263032627878,6.56946775572047,2.40061616644291,0.139715032730755,0.846311751944729,"Not_Significant"
"LTBR",1.27748475488559,5.83789148459974,2.38498659072297,0.139847541262596,0.846311751944729,"Not_Significant"
"MRPL27",-0.824132210511949,5.52587125742081,2.39663257963682,0.139859908147261,0.846311751944729,"Not_Significant"
"TUBA4A",-0.989638693424608,5.58865625373855,2.39774236113429,0.139893225877863,0.846311751944729,"Not_Significant"
"UTP20",-0.711150634773086,5.7782701166773,2.39744004678645,0.14002471745298,0.846311751944729,"Not_Significant"
"APBB1",-0.66950479033553,6.65219898022569,2.40096303596464,0.1400413782699,0.846311751944729,"Not_Significant"
"ABHD2",0.78531092195605,6.46651053294631,2.3943697214977,0.140099094027635,0.846311751944729,"Not_Significant"
"SCN3B",-1.07315959265215,5.48487185549021,2.39277276278313,0.140151988777975,0.846311751944729,"Not_Significant"
"ACLY",1.09310438178899,5.48620811470609,2.37824398466471,0.140157383717989,0.846311751944729,"Not_Significant"
"B3GALNT2",-0.766400888010527,5.52535001391627,2.39149444333103,0.140252853246144,0.846311751944729,"Not_Significant"
"SEC62",-0.500602672420725,7.86101765917098,2.39757710862045,0.140265186556367,0.846311751944729,"Not_Significant"
"SERPINB1",1.18456592073697,5.30665649780795,2.3722254807663,0.140548892286182,0.846311751944729,"Not_Significant"
"CASD1",0.731399833718262,6.69078853255053,2.3905317350321,0.140564954080025,0.846311751944729,"Not_Significant"
"DLG4",0.928078081863573,5.4689388561775,2.37333995954384,0.140583778537036,0.846311751944729,"Not_Significant"
"CASP4",1.16424687399051,5.53889665909367,2.36831345352178,0.140960270137187,0.846311751944729,"Not_Significant"
"SPOPL",0.744439056863222,6.82925138847161,2.38439648981793,0.141098839821066,0.846311751944729,"Not_Significant"
"AC010894.3",0.633554791687036,7.37506137416523,2.385550606218,0.141168315670445,0.846311751944729,"Not_Significant"
"NMT1",0.81452866178276,7.24245988020208,2.38394995048702,0.141237247062972,0.846311751944729,"Not_Significant"
"NSMF",0.906699706166607,5.8264357770388,2.36893921078038,0.1413722716172,0.846311751944729,"Not_Significant"
"PPP2R5A",0.723587441031602,6.2000985417018,2.37561674393801,0.141397853724565,0.846311751944729,"Not_Significant"
"ALPK1",0.628534010415944,7.15909647949576,2.38163299771404,0.14144280270277,0.846311751944729,"Not_Significant"
"TPR",0.65671297953767,6.86943117007257,2.37881561949535,0.141580302022513,0.846311751944729,"Not_Significant"
"STX4",-0.883111207214456,5.43971412608617,2.37320840584511,0.141594396434091,0.846311751944729,"Not_Significant"
"NCOA2",0.514029368275275,8.43246956638493,2.38015150411651,0.1416127601249,0.846311751944729,"Not_Significant"
"AL024508.2",2.41101420744415,4.80042331266183,2.37217908762712,0.141664309168039,0.846311751944729,"Not_Significant"
"VSNL1",-0.728114687303757,7.15297881413025,2.37949006397182,0.141712522927513,0.846311751944729,"Not_Significant"
"NR2C1",-0.640140441617174,6.1229428197755,2.37689981170042,0.141802033503347,0.846311751944729,"Not_Significant"
"URI1",0.654216231630913,7.19137793244803,2.37351478895074,0.142080870380337,0.846311751944729,"Not_Significant"
"CADPS2",0.907884192494821,7.31298118230439,2.37303097165685,0.142086318735415,0.846311751944729,"Not_Significant"
"PCP4",-1.21921327629424,5.09270673614847,2.35949074959945,0.142117411161495,0.846311751944729,"Not_Significant"
"PLSCR1",1.23496576480548,6.83037483490489,2.36803240049055,0.142144559465903,0.846311751944729,"Not_Significant"
"FIGN",0.918787675492307,6.36352347777525,2.36599693377871,0.142154143168952,0.846311751944729,"Not_Significant"
"LINC00511",1.27993380928554,5.75155272466136,2.35424463571282,0.142183748977817,0.846311751944729,"Not_Significant"
"GRK5",-0.632897838696515,6.145750884244,2.37101701873563,0.142270533262438,0.846311751944729,"Not_Significant"
"DENND5A",0.542078267361791,7.53744006648601,2.37070816517968,0.142356302829287,0.846311751944729,"Not_Significant"
"APOE",0.989483361803646,10.4455239668757,2.3698714305723,0.142396336988468,0.846311751944729,"Not_Significant"
"AC114760.2",1.54302048119739,5.58687724609915,2.35025192057139,0.142414669510496,0.846311751944729,"Not_Significant"
"PNISR",0.483586406626792,9.28450477834457,2.36553420619969,0.142745122804411,0.846311751944729,"Not_Significant"
"PURB",0.946976878919081,5.68604851053947,2.34869527389806,0.142776335941163,0.846311751944729,"Not_Significant"
"PLCE1",1.57937496216366,4.87549888618565,2.35017370632984,0.142783810602218,0.846311751944729,"Not_Significant"
"IPO8",0.806400160206547,5.75098724013228,2.34815151869784,0.143009135627918,0.846311751944729,"Not_Significant"
"MUS81",1.14316509332988,5.27626630765453,2.33873265399069,0.143199272250526,0.846311751944729,"Not_Significant"
"LINC01608",-0.848253104046525,7.14112928138342,2.35856917226186,0.143364379724919,0.846311751944729,"Not_Significant"
"CHD5",1.25087965790807,6.16211047802767,2.34472152774873,0.143389584757381,0.846311751944729,"Not_Significant"
"LINC01252",-1.34299550236791,4.93571416689972,2.33640237567698,0.143621623710834,0.846311751944729,"Not_Significant"
"SLC27A4",-0.676123510723088,5.65351469446977,2.35015467486779,0.143626411068424,0.846311751944729,"Not_Significant"
"RTN1",-0.639594101059303,7.84490266837363,2.35214620426959,0.14383726187604,0.846311751944729,"Not_Significant"
"HNRNPLL",0.771379962471361,6.23494759621938,2.34373661255038,0.14392591307736,0.846311751944729,"Not_Significant"
"RHOBTB3",0.655382396771011,6.71681702487387,2.34487863534764,0.144214263390659,0.846311751944729,"Not_Significant"
"CCDC90B",0.943511027351091,5.7476742263894,2.33188178086651,0.144216613275471,0.846311751944729,"Not_Significant"
"IDI1",-0.876409890120996,5.43722457966414,2.33980748974647,0.144259008600254,0.846311751944729,"Not_Significant"
"BAIAP2L1",1.14374084139183,6.90824295764527,2.34180764641846,0.144337278695451,0.846311751944729,"Not_Significant"
"ZNF862",0.929056406403368,6.37073694719313,2.33809103389608,0.144394647898587,0.846311751944729,"Not_Significant"
"CLTC",0.556803575457308,7.79952506081909,2.34472306444072,0.14443079594225,0.846311751944729,"Not_Significant"
"AC116366.3",-0.829294366112791,6.13872638327862,2.34374383436673,0.14446989565484,0.846311751944729,"Not_Significant"
"TRIM26",-0.909791078032603,5.34066879568164,2.33270673870375,0.14469075287858,0.846345345514652,"Not_Significant"
"GOLGA4",0.499617757804434,8.46568715843685,2.34066155492165,0.144747038280599,0.846345345514652,"Not_Significant"
"JPX",0.508971363091154,7.69269036303457,2.33864694354095,0.144919608970978,0.846345345514652,"Not_Significant"
"ITCH",-0.503096142657033,7.78862732528605,2.33818997081597,0.144959792533825,0.846345345514652,"Not_Significant"
"TRAPPC13",-0.594163446094968,6.39387341664577,2.33687650221789,0.14506199692047,0.846345345514652,"Not_Significant"
"FNBP1",-0.540579230362206,8.17179730426917,2.33414795299392,0.145269599401538,0.846345345514652,"Not_Significant"
"LHFPL2",0.744676997451378,8.63673057572551,2.33406938557678,0.145277636132744,0.846345345514652,"Not_Significant"
"CDH19",-0.938434412565974,6.57728636412101,2.3268827462168,0.145918412272485,0.84640202326672,"Not_Significant"
"PTPRA",-0.538945503818222,7.46411489711125,2.32416099986684,0.146113442909985,0.84640202326672,"Not_Significant"
"TRMT1",0.92443276906118,7.08954567860252,2.32142576171561,0.146157935344171,0.84640202326672,"Not_Significant"
"NAA38",-0.810861372241355,6.16349674005897,2.32238862515639,0.14620102616433,0.84640202326672,"Not_Significant"
"PYCARD",1.47239014860932,5.52555445428718,2.30043310441446,0.146450143617896,0.84640202326672,"Not_Significant"
"ANKRD10",0.527700507009432,7.72643861748791,2.31822670327573,0.14657609309957,0.84640202326672,"Not_Significant"
"NPL",0.694144770679667,8.22055447326816,2.31421788590582,0.146900984336982,0.84640202326672,"Not_Significant"
"BRAF",0.491921938052712,8.20216466046704,2.31152407721997,0.147121739818564,0.84640202326672,"Not_Significant"
"ADARB2",0.845572104462608,7.20101763219907,2.30975719186935,0.147165755021818,0.84640202326672,"Not_Significant"
"ZNF146",-0.669526715551447,6.22183374264768,2.3102163786572,0.14719775380927,0.84640202326672,"Not_Significant"
"NPTXR",-0.842749391877458,5.47084245407858,2.30402578920236,0.147218381631307,0.84640202326672,"Not_Significant"
"HNRNPA2B1",0.638568693653441,8.27026523018788,2.30830081463741,0.14738587414316,0.84640202326672,"Not_Significant"
"PMPCB",0.759696927095404,6.10665979915333,2.29682073305772,0.147640864988435,0.84640202326672,"Not_Significant"
"AC066613.2",0.98642192574481,6.68504879150084,2.29712600995681,0.147943987002731,0.84640202326672,"Not_Significant"
"RPL36",1.12604601226327,7.95475825894974,2.30073027514764,0.147986787793953,0.84640202326672,"Not_Significant"
"CBWD6",1.51819279515132,5.36565645687566,2.27915085449016,0.148305183352997,0.84640202326672,"Not_Significant"
"TAOK1",0.5162568788964,7.77126229349572,2.29664395333493,0.148353464937607,0.84640202326672,"Not_Significant"
"LINC00461",0.980698658173156,6.52529298122362,2.28894790520229,0.14849970685657,0.84640202326672,"Not_Significant"
"FN3K",-0.95955584868443,5.34131337325604,2.28622044529086,0.148565333425971,0.84640202326672,"Not_Significant"
"GOLM1",0.961253406860923,5.49693651890534,2.27458725786945,0.148638840040598,0.84640202326672,"Not_Significant"
"REL",0.715082258595645,7.03255487826723,2.2907027008021,0.148733183093328,0.84640202326672,"Not_Significant"
"ADAMTS17",0.882913393272507,6.33352847434787,2.28220822078351,0.148981343150628,0.84640202326672,"Not_Significant"
"PSMC1",-0.711202225834628,5.69576160525738,2.28515327144336,0.148987444352249,0.84640202326672,"Not_Significant"
"HDAC8",0.481942407681337,8.07958975462988,2.28529512236767,0.149296468202036,0.84640202326672,"Not_Significant"
"AC098829.1",-0.884827966923159,5.45632726676886,2.27883585007494,0.149313766259041,0.84640202326672,"Not_Significant"
"ATF7IP",0.893509557090683,7.75780611775126,2.28426390861114,0.149360661216357,0.84640202326672,"Not_Significant"
"OTULINL",-0.737932330554501,6.35017198659198,2.28433051378801,0.149379389194835,0.84640202326672,"Not_Significant"
"ATP5F1E",-0.568769075111853,7.32747482954649,2.28460401469389,0.149383225959648,0.84640202326672,"Not_Significant"
"PRELID2",0.638299304445967,6.32700999986151,2.27695313804618,0.149574497258213,0.84640202326672,"Not_Significant"
"PPP4R3B",-0.580972884570996,6.66142879631715,2.28228063929467,0.149583528922123,0.84640202326672,"Not_Significant"
"CUEDC1",-0.851241812126102,6.42895991989881,2.28158689518532,0.149635619175288,0.84640202326672,"Not_Significant"
"VAMP1",-1.00546292709252,4.95690477482867,2.26317348193807,0.149695825700051,0.84640202326672,"Not_Significant"
"NEAT1",0.674794482649972,11.8630005981952,2.27960850757657,0.149737555910886,0.84640202326672,"Not_Significant"
"XRRA1",-0.588950553693128,6.90500316914696,2.28017477181633,0.149768398218589,0.84640202326672,"Not_Significant"
"PTPRS",-0.758465086212442,6.55754544706128,2.27982622475649,0.149791167996409,0.84640202326672,"Not_Significant"
"VCPIP1",1.26177005989357,5.36401067462402,2.2581939847562,0.149927195108543,0.84640202326672,"Not_Significant"
"AUH",0.631855660231343,7.08278295343989,2.27194582758654,0.150338409775673,0.84640202326672,"Not_Significant"
"SLC4A8",-0.683172225337525,6.90010396235462,2.27262041076313,0.150406406162456,0.84640202326672,"Not_Significant"
"NPEPPS",0.520732603316314,7.43493011739103,2.27124012565415,0.15046470135421,0.84640202326672,"Not_Significant"
"AC073050.1",0.725910680532728,6.89910850038634,2.26923694094827,0.150486024824453,0.84640202326672,"Not_Significant"
"YWHAZ",-0.516950766350954,7.12882467631245,2.26948763645106,0.150661696668171,0.84640202326672,"Not_Significant"
"PARP9",0.914711040898985,6.45786203900112,2.26278524398294,0.150701462715497,0.84640202326672,"Not_Significant"
"ACOT7",-1.07920692926517,5.09014470281756,2.25255649967501,0.15094829974955,0.84640202326672,"Not_Significant"
"IGF1",-0.911020057810277,5.34073127907069,2.25454944056918,0.151186429936188,0.84640202326672,"Not_Significant"
"GPHN",0.479073639268194,9.06050811640274,2.26139809033911,0.151286273321996,0.84640202326672,"Not_Significant"
"ANO4",-0.795160872795145,7.68312329400241,2.26127954605219,0.151327665452856,0.84640202326672,"Not_Significant"
"TIAL1",0.827938745313511,6.46559323067981,2.25564262577918,0.15137513855764,0.84640202326672,"Not_Significant"
"EIPR1",-0.745211072072828,5.67284670333177,2.25590593184829,0.151444135669864,0.84640202326672,"Not_Significant"
"PRELID1",-0.917933483990322,5.5080368895048,2.2519669772317,0.151656570280585,0.84640202326672,"Not_Significant"
"CADM3",-0.898322266675874,5.70812783636069,2.25365867819136,0.151705203906558,0.84640202326672,"Not_Significant"
"NBPF9",1.37614619108531,5.14297188682407,2.23790740445418,0.151795507454204,0.84640202326672,"Not_Significant"
"ATL2",0.67909752400675,6.16479783588309,2.2484843033912,0.151833322930686,0.84640202326672,"Not_Significant"
"SSFA2",0.87509250826712,5.98420308112528,2.24384918114986,0.151903574411426,0.84640202326672,"Not_Significant"
"SUPT3H",0.539182309813181,8.01282893263135,2.24769625651527,0.152479900750339,0.84640202326672,"Not_Significant"
"ARIH1",0.491292210836792,7.56455322029406,2.24454785540711,0.15274723187419,0.84640202326672,"Not_Significant"
"MSL3",1.32821987798261,5.22091427319968,2.22464380112823,0.152879529968045,0.84640202326672,"Not_Significant"
"ANKRD13A",-0.857429348559583,5.52989577919419,2.23553285263894,0.153078059393409,0.84640202326672,"Not_Significant"
"RETREG1",-0.70374368777068,6.69152016430421,2.23832964130381,0.153328065807625,0.84640202326672,"Not_Significant"
"SMIM35",-1.02157518929028,5.51772844307104,2.231834692101,0.153396808132486,0.84640202326672,"Not_Significant"
"SH3GLB2",-0.724461575974552,5.8627957863454,2.2338058329196,0.153485145635102,0.84640202326672,"Not_Significant"
"NCOA5",0.853975362367816,5.78585909912532,2.22209008261482,0.153562154601941,0.84640202326672,"Not_Significant"
"ACYP2",-0.595856985735176,8.20952554525286,2.23384929500772,0.153658402418385,0.84640202326672,"Not_Significant"
"POLR2H",-0.848983920019922,5.32126098359956,2.22537846132019,0.153669002270313,0.84640202326672,"Not_Significant"
"DECR1",0.973234089269329,6.19464137477976,2.22498917626098,0.153675045466326,0.84640202326672,"Not_Significant"
"AGPAT4",-0.725993050316002,6.77636942921111,2.23279475159307,0.153810353429025,0.84640202326672,"Not_Significant"
"LINC01266",-0.865415120700726,5.50165002956459,2.22348548672351,0.1540754928081,0.84640202326672,"Not_Significant"
"ZCCHC17",-0.869376306186391,5.55518521098339,2.22304037808589,0.154181761110209,0.84640202326672,"Not_Significant"
"HSPB11",-0.70563060545885,5.68237737706574,2.22322625699834,0.154257162683697,0.84640202326672,"Not_Significant"
"NAALADL2",-0.543457678960154,8.12501920338336,2.22585768318248,0.154355891741229,0.84640202326672,"Not_Significant"
"HCFC1R1",-0.781972539733042,5.90566223046274,2.22305528011086,0.15445105629968,0.84640202326672,"Not_Significant"
"WHAMM",1.26572113938508,5.48574993277773,2.20629916222122,0.154454702238371,0.84640202326672,"Not_Significant"
"MIR29B2CHG",0.586102175132062,6.46397702868064,2.21963906388947,0.154607473462359,0.84640202326672,"Not_Significant"
"PAFAH1B1",-0.511733913298465,7.83953686914816,2.2209883925098,0.15479219556337,0.84640202326672,"Not_Significant"
"BCAP31",-0.646744885371423,6.31365048023608,2.21915478140168,0.154939779757943,0.84640202326672,"Not_Significant"
"LHFPL6",0.86550570837746,6.52176469277767,2.21151660153872,0.155204266875169,0.84640202326672,"Not_Significant"
"BRWD1",0.516359657183499,8.16522177180106,2.21564338942688,0.155256334098942,0.84640202326672,"Not_Significant"
"SNX13",0.685318252017664,7.55209201705924,2.21469703647944,0.155322711814386,0.84640202326672,"Not_Significant"
"AGBL3",-0.683666875255874,5.75718205555174,2.2102928337255,0.155448901780307,0.84640202326672,"Not_Significant"
"NDUFV1",-0.608444168795064,6.34979846017116,2.21311668436828,0.155471684496228,0.84640202326672,"Not_Significant"
"HMGN2",-0.936839012929108,5.87796463883909,2.21103755613417,0.155520650497815,0.84640202326672,"Not_Significant"
"MBD3",1.40995532374141,5.16705249774019,2.19426112405674,0.155645099839094,0.84640202326672,"Not_Significant"
"RECQL",0.884186933743419,5.43485319267073,2.19106134839326,0.155855974437421,0.84640202326672,"Not_Significant"
"BNIP2",1.07268209551241,5.8489415443923,2.19496127681483,0.15586287551545,0.84640202326672,"Not_Significant"
"AC120193.1",-0.760140581151771,9.40895090048436,2.20838330356069,0.155864485367095,0.84640202326672,"Not_Significant"
"PLA2G16",-0.536079264891762,7.48215456488678,2.20884840332829,0.155875560020858,0.84640202326672,"Not_Significant"
"KCNK6",1.20051117495883,5.43666556989682,2.19000848894515,0.155880483572149,0.84640202326672,"Not_Significant"
"AEBP2",0.535839262321467,7.29495089896933,2.20572785742543,0.15610379651308,0.84640202326672,"Not_Significant"
"CTNNA3",-0.71397860961242,9.86614533003084,2.20517332085922,0.156145989249443,0.84640202326672,"Not_Significant"
"QRICH1",-0.822102780628255,5.53978842409883,2.19893802152631,0.156279521299561,0.84640202326672,"Not_Significant"
"ATP13A4",0.85459987061848,5.61556337120413,2.18848523713113,0.156314679046532,0.84640202326672,"Not_Significant"
"CDC123",0.817132356274855,5.94010047664026,2.19200538316977,0.156438566382324,0.84640202326672,"Not_Significant"
"SLC3A2",-0.73665242106547,5.62914619971987,2.19797366342094,0.156447766486407,0.84640202326672,"Not_Significant"
"RPL13",1.03942385731529,9.29317298756722,2.19893083269982,0.156711299100304,0.84640202326672,"Not_Significant"
"TRIM28",0.946428324439976,5.57437105791487,2.17880654406386,0.157083540104364,0.84640202326672,"Not_Significant"
"GLS",0.602776921535398,7.63990834849534,2.19391588714217,0.157171154113274,0.84640202326672,"Not_Significant"
"MRPS27",-0.558963107485831,6.33514061485907,2.18931814412775,0.157570455135753,0.84640202326672,"Not_Significant"
"LSM14A",0.52573934752697,7.64300596574802,2.18846479599745,0.157662083470517,0.84640202326672,"Not_Significant"
"PVT1",0.902445711415746,6.0949054725164,2.17700068862495,0.15786985745182,0.84640202326672,"Not_Significant"
"LNPEP",0.552582045475125,7.22364586973122,2.18393855925959,0.158030357885101,0.84640202326672,"Not_Significant"
"NMI",1.47067255268478,5.21189926469745,2.16676368631881,0.158152914733659,0.84640202326672,"Not_Significant"
"AC016716.2",1.29393647598171,5.19737209194689,2.16440881242629,0.158225448776419,0.84640202326672,"Not_Significant"
"YAF2",0.594832232468275,7.18422761716965,2.18036193684137,0.158338559407702,0.84640202326672,"Not_Significant"
"AC008892.1",-0.744542429073961,5.77238198584962,2.17769957392359,0.158375838969563,0.84640202326672,"Not_Significant"
"GABARAPL2",-0.54455830127194,6.64722055509117,2.17643091609369,0.158773207151493,0.84640202326672,"Not_Significant"
"PPIB",-0.748536219877124,6.15007923394249,2.17551026475163,0.158775516678265,0.84640202326672,"Not_Significant"
"ATG5",-0.557422832491091,6.39429538331065,2.17516853503239,0.158851478856647,0.84640202326672,"Not_Significant"
"LDHB",-0.718403604861509,5.99532049354002,2.17380713061702,0.158860193715557,0.84640202326672,"Not_Significant"
"LDLR",-1.72310354940358,4.5134212286083,2.14121276902146,0.159164817910991,0.84640202326672,"Not_Significant"
"CLTB",-0.797494048604296,5.77830968628475,2.1691989963557,0.159167482759365,0.84640202326672,"Not_Significant"
"NACC2",1.19880472714171,5.43591579572036,2.15330250811236,0.159201744341294,0.84640202326672,"Not_Significant"
"MAPKBP1",0.840251994466522,6.40124548581423,2.16350450071298,0.159425572317422,0.84640202326672,"Not_Significant"
"GRM5",1.02093588249937,7.79211306430267,2.16835271761861,0.159439120791579,0.84640202326672,"Not_Significant"
"NARF",-0.558142321958145,6.11354019381321,2.16618506389746,0.159579589124651,0.84640202326672,"Not_Significant"
"SPCS1",-0.901893772188009,6.02830581905487,2.16386507996278,0.159804002321598,0.84640202326672,"Not_Significant"
"JADE2",0.985563554618242,5.40252342829779,2.14211394013654,0.160239146563245,0.84640202326672,"Not_Significant"
"RBM39",0.521499784108547,8.09275596407542,2.15829211336521,0.160387328257853,0.84640202326672,"Not_Significant"
"SERPINB9",-0.582092858481728,7.48257069826483,2.15603558192239,0.160614595607861,0.84640202326672,"Not_Significant"
"AP002370.2",-1.16669527958564,6.89535265895202,2.15600693152423,0.160648214812542,0.84640202326672,"Not_Significant"
"SMCHD1",0.497688959897888,7.53892868326078,2.1547997104514,0.160703091356742,0.84640202326672,"Not_Significant"
"OCLN",2.3313833521778,4.74491124607888,2.14621414134611,0.160810810437993,0.84640202326672,"Not_Significant"
"FAM69A",0.651024227677403,7.08884754336033,2.15190079843613,0.160889579976883,0.84640202326672,"Not_Significant"
"ITGB5-AS1",-0.869076977091359,5.57126534024145,2.14642181564958,0.161069397080865,0.84640202326672,"Not_Significant"
"TSHR",0.998828194905226,5.79266308973397,2.13447392514574,0.161352107756049,0.84640202326672,"Not_Significant"
"ST7",0.683211264299127,6.67499735852559,2.14379641778683,0.161484600895696,0.84640202326672,"Not_Significant"
"LINC02062",0.860571274113805,5.96994386727413,2.13619530289431,0.161518029384404,0.84640202326672,"Not_Significant"
"RASA3",-0.543574665903144,6.47529971871516,2.14176331230922,0.161913720101622,0.84640202326672,"Not_Significant"
"KPNB1",0.567398891071454,6.9814377070608,2.139252371737,0.16205013386692,0.84640202326672,"Not_Significant"
"GRK2",1.00865128676,5.95337135162966,2.12858140289164,0.162082366558028,0.84640202326672,"Not_Significant"
"OPRM1",-0.730919033044521,5.90881502221237,2.1376324427581,0.162132622836511,0.84640202326672,"Not_Significant"
"GSAP",0.863096206608337,6.80097345225615,2.13652807027238,0.16214123968726,0.84640202326672,"Not_Significant"
"ATP5PD",-1.15353719208244,5.1477828049601,2.12676678827654,0.16225104749205,0.84640202326672,"Not_Significant"
"NDUFA3",-0.762328503837615,6.01232555516091,2.1351269751342,0.162413859481529,0.84640202326672,"Not_Significant"
"GPRIN3",0.72936069260777,7.45087298405873,2.1347667486583,0.16251783685515,0.84640202326672,"Not_Significant"
"PIKFYVE",0.607577297983622,6.96190958514067,2.13373071549879,0.162547375998568,0.84640202326672,"Not_Significant"
"LRP2BP",1.01337256234748,5.42524160091928,2.11698562088803,0.162592025004015,0.84640202326672,"Not_Significant"
"RAP1B",0.546571323164598,7.34032985346849,2.1339355279385,0.162606307035768,0.84640202326672,"Not_Significant"
"TAF1D",0.54720447137609,7.64917738606523,2.13243854843519,0.16276588613929,0.84640202326672,"Not_Significant"
"PIBF1",0.532112826748376,7.74040383028784,2.13151948866866,0.162854133444564,0.84640202326672,"Not_Significant"
"MRC2",-0.867213575565179,6.09628062978953,2.12977322371848,0.162962044308956,0.84640202326672,"Not_Significant"
"STIM1",0.638016313714751,6.79365936355112,2.12666782522892,0.163140423267737,0.84640202326672,"Not_Significant"
"C1QA",1.0265985327642,8.93426811140009,2.12814524012655,0.16315444013181,0.84640202326672,"Not_Significant"
"LINC00499",1.49499465787302,6.1383199182148,2.11393886859258,0.163238866206339,0.84640202326672,"Not_Significant"
"PIGG",-0.880694693330527,5.37080471199204,2.11900324772857,0.163362359464675,0.84640202326672,"Not_Significant"
"SBF2-AS1",1.09197559708565,5.48368023531789,2.10798091710411,0.163467856292137,0.84640202326672,"Not_Significant"
"SLC36A1",1.07438667707567,5.22501161934616,2.10574740682122,0.163544712088515,0.84640202326672,"Not_Significant"
"AZGP1",2.38809799081835,4.78423170399756,2.11750748103781,0.163557754547044,0.84640202326672,"Not_Significant"
"SOCS7",0.869177030688462,5.84715884622501,2.11192239169328,0.163629079335057,0.84640202326672,"Not_Significant"
"RSBN1",0.8030196518745,6.01187266508684,2.11240835292353,0.163816996483968,0.84640202326672,"Not_Significant"
"WBP4",-0.717630959492063,5.947633419139,2.11811642836083,0.163973576913752,0.84640202326672,"Not_Significant"
"COX6C",-0.653082188241979,6.21573263712749,2.11878291882993,0.164002645703797,0.84640202326672,"Not_Significant"
"ZNRF3",0.995393348692938,6.42785035569203,2.11064700258759,0.164234681852112,0.84640202326672,"Not_Significant"
"CHIC2",0.685214343731542,5.93797891725908,2.10751467093921,0.164298589678822,0.84640202326672,"Not_Significant"
"MTFMT",0.804168405649437,6.05245844608951,2.10648157281073,0.164432885470629,0.84640202326672,"Not_Significant"
"CDC42BPA",-0.620447902476327,8.29350355732069,2.1133289171945,0.164539472619342,0.84640202326672,"Not_Significant"
"PEX2",0.868442873024443,5.622889135866,2.09731878717677,0.1647366202535,0.84640202326672,"Not_Significant"
"SF3B3",0.753634373917988,5.70805156037004,2.0983767268867,0.16482990637633,0.84640202326672,"Not_Significant"
"Z94721.1",-0.893433073903822,5.28642960688283,2.10146679407781,0.164911050653077,0.84640202326672,"Not_Significant"
"AC025165.2",-0.829671691086118,5.39344485716594,2.10257949942687,0.164930152863785,0.84640202326672,"Not_Significant"
"C12orf57",-0.943289606177079,5.17865685629333,2.09829141924835,0.164999103697789,0.84640202326672,"Not_Significant"
"ANO6",0.775343131810257,6.5331433285452,2.10380524825891,0.165103817043701,0.84640202326672,"Not_Significant"
"NIPAL2",1.01234882276688,5.81075337592443,2.09273605359067,0.16528812408858,0.84640202326672,"Not_Significant"
"HS3ST4",0.60638053169161,10.1862906922476,2.10498640793704,0.165311154621762,0.84640202326672,"Not_Significant"
"CHSY1",0.794009182346458,6.45391408053172,2.10077672468184,0.165326826777256,0.84640202326672,"Not_Significant"
"BPTF",0.483623733765223,8.35468341053889,2.10389410745179,0.165440934226428,0.84640202326672,"Not_Significant"
"FAM3A",-1.09153109736328,4.90050676954253,2.08414363393699,0.165742946176836,0.84640202326672,"Not_Significant"
"DAAM1",0.545530551562441,7.34263670598707,2.10051438678763,0.165745370079118,0.84640202326672,"Not_Significant"
"C16orf72",1.03536555444224,5.54808472348546,2.08438256856083,0.165793429637048,0.84640202326672,"Not_Significant"
"ATP5MC3",-0.764846912866854,5.76266059053872,2.09363421615749,0.166165370875738,0.84640202326672,"Not_Significant"
"AL049869.3",1.40638110110137,5.48401757274162,2.07877048211752,0.166264651242655,0.84640202326672,"Not_Significant"
"ZNF507",0.882243072606887,5.52781309601854,2.08001526752723,0.166276999927727,0.84640202326672,"Not_Significant"
"SLC25A32",1.08098707664906,5.4751707516881,2.07640605125746,0.166486828369063,0.84640202326672,"Not_Significant"
"PCMTD2",0.673253606458034,5.92898012793256,2.08205510984782,0.166728281320874,0.84640202326672,"Not_Significant"
"MT1X",2.10369245400983,6.12042104688887,2.07483471179346,0.166743481853624,0.84640202326672,"Not_Significant"
"ZSWIM8",0.660522958496784,6.34961032183376,2.08535972583956,0.166804518956226,0.84640202326672,"Not_Significant"
"IFITM2",1.9673439346357,5.15618185892541,2.08048953671272,0.166820062250993,0.84640202326672,"Not_Significant"
"GAN",0.692779870194929,6.05209237607366,2.08227931955138,0.16682026503402,0.84640202326672,"Not_Significant"
"RAB40C",-0.709065314288702,6.03392497963204,2.08821315712118,0.166847801400966,0.84640202326672,"Not_Significant"
"SPDYE2",-0.698690181266809,7.69896670573281,2.08912198644304,0.166863480681932,0.84640202326672,"Not_Significant"
"EPS8",0.618398950457302,7.95342936573135,2.08878635982438,0.166887168593231,0.84640202326672,"Not_Significant"
"AC010615.4",1.03946030700391,5.44442825941672,2.07128821739488,0.16696954839921,0.84640202326672,"Not_Significant"
"SPDYE1",-0.835832553762997,5.5939900136638,2.08377781018502,0.166979820160111,0.84640202326672,"Not_Significant"
"METTL26",0.823768807339332,5.91051464530763,2.07734383607241,0.167045752663052,0.84640202326672,"Not_Significant"
"C11orf80",0.904171139564875,6.01193181891593,2.0762528626557,0.167200074562898,0.84640202326672,"Not_Significant"
"EMC6",-0.900069992915632,5.12233707425933,2.07323090202449,0.167291835394271,0.84640202326672,"Not_Significant"
"NFASC",-0.785234121094464,7.46822929026431,2.08461182981798,0.167307668997535,0.84640202326672,"Not_Significant"
"PARP1",-0.657972031686078,5.85312799999864,2.08219480313884,0.167311368276364,0.84640202326672,"Not_Significant"
"CDK6",0.546486205443189,8.27106689622178,2.08419360538001,0.167324458843899,0.84640202326672,"Not_Significant"
"LDB3",-1.21997197949345,6.1048209902298,2.07903478918985,0.167802303770003,0.84640202326672,"Not_Significant"
"RNF167",-0.881151225138141,5.45836937727598,2.07352140045978,0.167843255676893,0.84640202326672,"Not_Significant"
"ANP32A",0.592559666995986,7.3382510147755,2.07741521224616,0.167952890196677,0.84640202326672,"Not_Significant"
"PRRC2C",0.480298290767085,7.81350380741027,2.07712983677495,0.168011966910344,0.84640202326672,"Not_Significant"
"ZNF573",-0.696451524835519,5.62340459371792,2.07285731523844,0.168032057131372,0.84640202326672,"Not_Significant"
"PCF11",0.649349599182817,6.88947531717655,2.07546893046789,0.168036454533712,0.84640202326672,"Not_Significant"
"CLASP1",0.444379811912592,8.10450421531796,2.07666919170973,0.16805302135418,0.84640202326672,"Not_Significant"
"MLXIPL",0.648292835250835,7.13838192015984,2.07537819585506,0.168109718225398,0.84640202326672,"Not_Significant"
"OPA1",0.624046816537223,6.91105954371734,2.07242458640119,0.168342053527734,0.84640202326672,"Not_Significant"
"DNAJB6",0.658617142736341,7.26967098101184,2.07275994724857,0.16838333507614,0.84640202326672,"Not_Significant"
"ARSA",-0.854468211675427,5.51325216697641,2.06807738798739,0.168400294607448,0.84640202326672,"Not_Significant"
"CSPP1",0.554718379102846,7.05455455536325,2.07134709691362,0.168501517864744,0.84640202326672,"Not_Significant"
"CNTN1",0.629549572628319,8.10478347629481,2.07170787729088,0.168532920526239,0.84640202326672,"Not_Significant"
"COPS9",-0.526334883434678,6.76247241806164,2.07069944813856,0.168668589281183,0.84640202326672,"Not_Significant"
"RANBP9",0.590027257706121,7.53458623825807,2.06932587878811,0.16875381216217,0.84640202326672,"Not_Significant"
"GLO1",-0.676952402783838,5.43039309747821,2.06252175696705,0.1688123301249,0.84640202326672,"Not_Significant"
"TSPO",1.00170483150338,6.1646451436927,2.06009248589498,0.168855109413252,0.84640202326672,"Not_Significant"
"MAK",0.892444507459276,6.23461566425072,2.06135031946714,0.168877504571134,0.84640202326672,"Not_Significant"
"CREM",-0.62223707268328,6.27819707971885,2.06672080067293,0.168992284670978,0.84640202326672,"Not_Significant"
"LINC00639",-0.790099459145641,6.47162477758545,2.06715168901325,0.169005412795236,0.84640202326672,"Not_Significant"
"STXBP5L",0.896372895075689,8.17769674139976,2.06415542058567,0.16926352864838,0.846540419417391,"Not_Significant"
"CALM3",-0.790056877248627,7.02702038225541,2.06304253195198,0.169422188780904,0.846540419417391,"Not_Significant"
"CHORDC1",0.963216017378792,5.58874080675592,2.04789656123021,0.16943576866124,0.846540419417391,"Not_Significant"
"PLXNA1",1.10091973299156,5.24523787918046,2.04216047831645,0.169726442626988,0.846540419417391,"Not_Significant"
"UMAD1",0.556225443447628,7.75243020980153,2.05908073239341,0.169764149324789,0.846540419417391,"Not_Significant"
"CMTM3",1.32433052763782,5.41337389037645,2.04237194927661,0.169801268905124,0.846540419417391,"Not_Significant"
"RILPL2",-0.943338202964038,5.17412325695748,2.04788707211948,0.169921990158588,0.846540419417391,"Not_Significant"
"ARL2BP",-0.832069783230186,5.65102936212869,2.05331737362703,0.17001326023685,0.846540419417391,"Not_Significant"
"NAIP",0.563525160048611,8.74129807281472,2.05558948272489,0.170091110137379,0.846540419417391,"Not_Significant"
"TMEFF2",-0.775099690173486,8.4730585172725,2.05436506387352,0.170205698574875,0.846540419417391,"Not_Significant"
"SLC8A1",0.618773149959683,10.2530722304805,2.05335133757578,0.170293632496852,0.846540419417391,"Not_Significant"
"R3HDM2",0.546166200830333,7.56082563254807,2.04411510125477,0.171230740374045,0.848682021683183,"Not_Significant"
"SAFB2",0.640709572734908,6.6352381750267,2.04052842069256,0.171362946079661,0.848682021683183,"Not_Significant"
"PLEK",-0.696059058813907,5.76811876720598,2.03933843453524,0.171449842167467,0.848682021683183,"Not_Significant"
"DDX3Y",0.811744296663541,6.4694657704011,2.03710505617003,0.171521966510309,0.848682021683183,"Not_Significant"
"PDE1A",-0.652700694651926,7.75948510152631,2.04085030576884,0.17156506929984,0.848682021683183,"Not_Significant"
"WDR11",0.586703886272881,6.78040156859937,2.03740449306448,0.171753062425821,0.848682021683183,"Not_Significant"
"GRHPR",-0.787566010403257,5.68243990376541,2.03374649208966,0.171967618014934,0.848682021683183,"Not_Significant"
"SLC31A1",1.20960633164587,5.32699227310204,2.01431804124167,0.172567955647934,0.848682021683183,"Not_Significant"
"RAB27A",1.30326070686659,5.5144651853546,2.01437517063946,0.17261939339986,0.848682021683183,"Not_Significant"
"LDLRAD3",1.02180877747199,5.92383305235836,2.01830524168958,0.172720727813117,0.848682021683183,"Not_Significant"
"RAB2A",0.487456498455684,7.76809840630572,2.02899268641343,0.172743857102103,0.848682021683183,"Not_Significant"
"CEP120",1.01638734725934,5.42729930314938,2.01272502796103,0.172772880082017,0.848682021683183,"Not_Significant"
"TMEM150A",1.3140853779089,5.09586633396643,2.01302934891682,0.172803440706474,0.848682021683183,"Not_Significant"
"PTPRO",0.603062210408006,6.56085261675605,2.02579438034775,0.172807353545271,0.848682021683183,"Not_Significant"
"SNW1",-0.619593963471311,6.04530944555859,2.02682472398702,0.172853597729855,0.848682021683183,"Not_Significant"
"SNX14",0.612929325872875,6.83157766560883,2.02581113843345,0.172918948261822,0.848682021683183,"Not_Significant"
"SGPP1",0.727140729033948,6.6852554159161,2.02296173787916,0.17310518128359,0.848682021683183,"Not_Significant"
"SLC1A5",1.64206108862073,5.03586189290099,2.01249213735884,0.1732568547592,0.848682021683183,"Not_Significant"
"POR",1.29116930496767,5.19482643609303,2.00677731006379,0.173393573830851,0.848682021683183,"Not_Significant"
"WDR73",-0.66995630829359,5.43165303760478,2.01585850389577,0.17343770005903,0.848682021683183,"Not_Significant"
"CDC42SE1",1.015412847917,6.62455562664481,2.01780530039441,0.173443513578783,0.848682021683183,"Not_Significant"
"SNHG19",1.09674423514471,5.48702641012886,2.00558840931533,0.173524381777225,0.848682021683183,"Not_Significant"
"PID1",-0.796292009016903,5.91633916880012,2.01871235023,0.173630529959854,0.848682021683183,"Not_Significant"
"PLEKHB2",-0.582298314469829,6.22598821762365,2.01849543308846,0.173752289504333,0.848682021683183,"Not_Significant"
"ANKRD30BL",1.74441388711471,5.4322707191527,2.00519916829365,0.17381606541198,0.848682021683183,"Not_Significant"
"PCSK2",1.02769033119943,5.97834730295788,2.00806963861684,0.173817081175632,0.848682021683183,"Not_Significant"
"ASXL2",0.503878752129437,7.04738881133039,2.01618412767306,0.173970198107908,0.848682021683183,"Not_Significant"
"ILKAP",0.614675206791238,6.30400098702876,2.01125122925561,0.17411308473428,0.848682021683183,"Not_Significant"
"STAB1",1.14994999589999,6.99288708742107,2.01168858306582,0.17420134197023,0.848682021683183,"Not_Significant"
"TMPRSS5",1.51446123188056,5.24727119122835,1.9974537453202,0.174510579923185,0.848682021683183,"Not_Significant"
"KLHL32",-0.828074274731116,7.71394621579517,2.01117850182404,0.174540809972694,0.848682021683183,"Not_Significant"
"AKAP8",-0.661966470794994,5.50910977928437,2.00513691854165,0.174625623833323,0.848682021683183,"Not_Significant"
"TBC1D8",0.950756282418171,6.68499318778749,2.00660460482192,0.174645275597156,0.848682021683183,"Not_Significant"
"PKM",-0.503152509427803,7.6602456800076,2.00947150060017,0.174718196507176,0.848682021683183,"Not_Significant"
"RENBP",1.11310816937849,5.25723806568446,1.99254289154859,0.174745546904037,0.848682021683183,"Not_Significant"
"GART",0.895648962400447,5.53818054424203,1.99214698677987,0.175037322398051,0.849131677534871,"Not_Significant"
"TRAPPC12",0.667941458641299,6.6160111739058,2.00278065611666,0.175132790397541,0.849131677534871,"Not_Significant"
"PIP4K2C",1.15336386121713,5.28401650105994,1.98847875565433,0.175182980447156,0.849131677534871,"Not_Significant"
"PRPF38B",0.519389575759529,7.74290951697057,1.99737919883268,0.17594057198331,0.852244593600465,"Not_Significant"
"EFCAB2",0.681813158734454,6.46200649152742,1.99232969128663,0.176109699112512,0.852504814773348,"Not_Significant"
"TGS1",0.709647345987794,5.82371861050466,1.98503962726682,0.176257734349985,0.852615348194519,"Not_Significant"
"KDM1B",-0.666094757396794,5.82580821776504,1.99039720252476,0.176428425009674,0.852615348194519,"Not_Significant"
"ZSCAN18",-0.76490525916299,5.75875720704223,1.98888799321682,0.176555336664267,0.852615348194519,"Not_Significant"
"SLC38A1",-0.872143379456342,5.5821849437951,1.98592900069481,0.176736768686457,0.852615348194519,"Not_Significant"
"AP4M1",-1.00636973918074,5.29134019281994,1.98240404001668,0.176753633827747,0.852615348194519,"Not_Significant"
"CDK13",0.476062916338183,8.00650765206733,1.9878135659235,0.176922984922672,0.852615348194519,"Not_Significant"
"FUBP1",0.561023581304872,7.0213341622243,1.98629976319034,0.177003473134077,0.852615348194519,"Not_Significant"
"IMMP2L",0.544146954536896,9.1967819821836,1.98627362229559,0.177055901466142,0.852615348194519,"Not_Significant"
"COG2",0.873785506662794,5.69510868825794,1.97229693455076,0.177297215378965,0.853163265432008,"Not_Significant"
"NSRP1",0.600546949913305,6.73132100832887,1.98151474991129,0.177400673575682,0.853163265432008,"Not_Significant"
"RSU1",0.709317156452117,6.85986080530867,1.97872808644787,0.177698539493787,0.85403976007847,"Not_Significant"
"WIPI2",0.766871471085493,5.90179083224576,1.96956305674476,0.177915859220743,0.854245941680135,"Not_Significant"
"MCTP1",0.768701424063005,7.23430075167133,1.97603215556111,0.178064908692597,0.854245941680135,"Not_Significant"
"FLRT2",0.774477103436812,7.41826765051406,1.97573898832479,0.178125896880182,0.854245941680135,"Not_Significant"
"DDX46",0.587209445459667,7.13743710751091,1.97487340923591,0.178204006515377,0.854245941680135,"Not_Significant"
"GLDN",-0.572522140107699,8.50169713342893,1.96720909123225,0.179039557289095,0.855164363505972,"Not_Significant"
"UVSSA",-0.831949568010391,5.52504538933061,1.96044407796238,0.179300649875641,0.855164363505972,"Not_Significant"
"ILF3-DT",0.957471617822957,5.58828931095057,1.9501927871903,0.1794355237803,0.855164363505972,"Not_Significant"
"UGDH-AS1",-0.773960006215998,5.90679988996133,1.96020167052262,0.179641520310989,0.855164363505972,"Not_Significant"
"LAMTOR5",-0.666466305193439,6.0652421334291,1.96046636486856,0.179680001045409,0.855164363505972,"Not_Significant"
"CGGBP1",0.558473115677215,7.19311778008891,1.95904933949924,0.179874454762963,0.855164363505972,"Not_Significant"
"RYR1",-0.569521377925859,7.71936115904413,1.95872146530002,0.179958536896852,0.855164363505972,"Not_Significant"
"SEZ6L2",-0.927885988320567,6.14174684291302,1.95820008862153,0.179972016054657,0.855164363505972,"Not_Significant"
"PRKCE",0.537608180877838,7.67741485826301,1.95833609108083,0.1799904223581,0.855164363505972,"Not_Significant"
"HDAC7",0.656515596974438,6.14380565670495,1.95283744507075,0.180004914520996,0.855164363505972,"Not_Significant"
"IGF1R",0.669897785433746,7.44371852810444,1.95530352415121,0.180284049228775,0.855164363505972,"Not_Significant"
"DEPTOR",-0.57053885587567,6.92707651364188,1.95568198402909,0.180312751262651,0.855164363505972,"Not_Significant"
"IPMK",0.817230048802552,5.80272015960916,1.94480853354231,0.180371483517368,0.855164363505972,"Not_Significant"
"MIB1",0.62092037070093,7.2901603642681,1.95264162420709,0.180553430579864,0.855164363505972,"Not_Significant"
"ATM",0.62501426561466,8.87357747064513,1.95268226612684,0.180570345558661,0.855164363505972,"Not_Significant"
"ATP6V0E1",-0.507921608502019,7.01422297599732,1.95306675139576,0.180586259282067,0.855164363505972,"Not_Significant"
"MALSU1",-0.892511087374901,5.21667312366879,1.94292440201064,0.180712911285267,0.855164363505972,"Not_Significant"
"HTT",0.492332871093171,6.79395642342435,1.94860903276512,0.180902259596354,0.855164363505972,"Not_Significant"
"CMC1",0.671451833022333,6.44851246480863,1.94563594050283,0.180988976484252,0.855164363505972,"Not_Significant"
"AC005726.1",1.35877969012775,5.13045169864298,1.93266007965627,0.181219238401789,0.855164363505972,"Not_Significant"
"ATG3",-0.886435785809152,5.21772422198404,1.93742743751103,0.181296551458577,0.855164363505972,"Not_Significant"
"CTSB",0.633533900552091,8.33905330946048,1.94377838094942,0.18152744655457,0.855164363505972,"Not_Significant"
"CROCC",-0.694419804591753,6.44388545254507,1.94326036057391,0.181603471833927,0.855164363505972,"Not_Significant"
"PRDX1",-0.568464162197992,6.95450474454768,1.94250112559117,0.181709386814332,0.855164363505972,"Not_Significant"
"CPPED1",0.68957477061056,6.17644391056568,1.93637876765164,0.181757476598466,0.855164363505972,"Not_Significant"
"GPR155",0.648844824741851,6.86131513982628,1.94021039969817,0.181771020199692,0.855164363505972,"Not_Significant"
"GTF3A",0.685399206507171,6.26481094833483,1.93623102867763,0.181857518971494,0.855164363505972,"Not_Significant"
"CHMP4B",-0.670563801093643,5.65725698863927,1.93665184414231,0.181935798822264,0.855164363505972,"Not_Significant"
"GCDH",0.774247804078946,5.55305727271819,1.92749286063568,0.181936017329448,0.855164363505972,"Not_Significant"
"SPTLC2",0.538137146216015,8.38075463735633,1.93910338632677,0.182023888649243,0.855164363505972,"Not_Significant"
"AC245297.3",0.505342299857912,8.35216729248652,1.93815103398009,0.182126058836126,0.855164363505972,"Not_Significant"
"CSNK1G2",1.2173293393477,5.14011021542552,1.92268029223109,0.182175987547813,0.855164363505972,"Not_Significant"
"KRAS",0.915761116773134,5.94989934055149,1.9283306777332,0.182215880351753,0.855164363505972,"Not_Significant"
"ROGDI",-0.65225055297719,5.8364603875968,1.93217349976276,0.182549567700443,0.855636859045804,"Not_Significant"
"RIMS2",0.889001365149182,8.14384040953014,1.9341435916137,0.182555496305158,0.855636859045804,"Not_Significant"
"ARPC2",-0.540731326863193,7.04761539708674,1.9334812275888,0.182670740757058,0.855636859045804,"Not_Significant"
"TBCK",0.441008733713276,8.02748425543991,1.93098781144131,0.182900393121144,0.855636859045804,"Not_Significant"
"SHROOM3",-1.0844528512866,5.5463497992958,1.92734407351335,0.182954636286974,0.855636859045804,"Not_Significant"
"LAMTOR2",-0.658234538471078,5.73361305522024,1.92555441976807,0.183188866467931,0.855636859045804,"Not_Significant"
"NUP153",0.754783450006567,6.22476313385494,1.92298925846899,0.183205551822732,0.855636859045804,"Not_Significant"
"TNS3",0.486319682165366,7.5099537180287,1.92579155103884,0.183454045937162,0.855636859045804,"Not_Significant"
"CCDC66",0.500250139803296,7.09886381243717,1.92446679410354,0.183553976537253,0.855636859045804,"Not_Significant"
"DYSF",-0.705734809119053,6.12010360654125,1.92387575088722,0.183607224518611,0.855636859045804,"Not_Significant"
"AL445623.2",1.17708309403426,5.30276489820614,1.90828946076333,0.183712458402224,0.855636859045804,"Not_Significant"
"FAR2",-0.495885264199805,7.30432777125997,1.92140032685889,0.183961536632142,0.855636859045804,"Not_Significant"
"EXTL3",-0.800810565135205,5.61801105830566,1.91697643591566,0.18404486653632,0.855636859045804,"Not_Significant"
"PPARA",0.935483111483657,5.89926612837965,1.90831049458085,0.184323940022029,0.855636859045804,"Not_Significant"
"ELL",-0.774353614772484,5.6214130882047,1.91359072588843,0.184427132133018,0.855636859045804,"Not_Significant"
"SRGAP3",-0.487769873814357,7.76769873070354,1.9149728322164,0.184634606331318,0.855636859045804,"Not_Significant"
"MIR4300HG",-0.799945939632221,6.12590259755645,1.91408694663815,0.184672612476168,0.855636859045804,"Not_Significant"
"CHCHD2",-0.561719370266276,6.91483529197795,1.91482823016739,0.184686196143155,0.855636859045804,"Not_Significant"
"PSAP",-0.464101756110191,9.3133056857685,1.91391378149909,0.184714191062905,0.855636859045804,"Not_Significant"
"TMEM206",-0.901998095753934,5.28319620769611,1.90402564263401,0.185064287003984,0.855636859045804,"Not_Significant"
"PECAM1",0.747803151062424,6.11220283329432,1.90477350138538,0.185081129808931,0.855636859045804,"Not_Significant"
"PIAS1",0.46522849724681,8.88683970299237,1.91011351800941,0.18513856637159,0.855636859045804,"Not_Significant"
"PPP1R2",-0.694457558350435,6.07642410717802,1.9089925155733,0.185204952359424,0.855636859045804,"Not_Significant"
"GPR107",-0.63525688730346,6.17204539974569,1.90803280879599,0.185330440919586,0.855636859045804,"Not_Significant"
"SH3BGRL",0.490322585188273,8.20157858281993,1.90743996989868,0.185447567019362,0.855636859045804,"Not_Significant"
"RRAGA",1.21365558051745,5.33139229776039,1.89260077092047,0.185454633498567,0.855636859045804,"Not_Significant"
"CCDC130",-0.626662265387944,5.89929007336183,1.90410605531124,0.185634035123785,0.855636859045804,"Not_Significant"
"ANKRD26",0.507108726888852,7.14729420946877,1.9022114377981,0.185982015636338,0.855636859045804,"Not_Significant"
"LY96",1.07647467235852,6.14977771834796,1.89283553777579,0.18618682970464,0.855636859045804,"Not_Significant"
"GPNMB",1.23804789402214,5.83917228190498,1.88765083006716,0.186287776659696,0.855636859045804,"Not_Significant"
"ATXN7L1",0.583721299292082,7.04305651004001,1.89860867730517,0.186343900547224,0.855636859045804,"Not_Significant"
"SSH1",0.640310678453926,6.96071813674923,1.8972143358924,0.186464021643698,0.855636859045804,"Not_Significant"
"ETFDH",-0.774948964749261,5.95829183506595,1.89502260898989,0.186693290258749,0.855636859045804,"Not_Significant"
"ID2",-0.632133351124037,7.09788025904767,1.89635810697846,0.186705014831566,0.855636859045804,"Not_Significant"
"KCNAB1",-0.684836267241792,6.6219990224624,1.89579188026605,0.186766143447212,0.855636859045804,"Not_Significant"
"RNF168",-0.622336038902233,5.54805472411148,1.89032116881872,0.18685141426248,0.855636859045804,"Not_Significant"
"MX2",1.32385592399031,5.41671729695446,1.8794257459888,0.186961948171531,0.855636859045804,"Not_Significant"
"HERC4",0.475713674652192,8.19068365173875,1.8925756109054,0.187080940897731,0.855636859045804,"Not_Significant"
"SIK3",-0.409704138548185,9.94548156984491,1.89191995953635,0.187123211864705,0.855636859045804,"Not_Significant"
"LRFN5",0.885336701791707,7.39901839411182,1.89155634923838,0.18712961799715,0.855636859045804,"Not_Significant"
"OCIAD1",-0.477881608575576,7.27789907744094,1.89206304074809,0.187170314361218,0.855636859045804,"Not_Significant"
"SETDB1",-0.658525000335512,6.17045427979768,1.89098691459227,0.187210114867034,0.855636859045804,"Not_Significant"
"UBXN6",-0.985997218034848,5.23309324309938,1.88158876765245,0.18747308472818,0.855636859045804,"Not_Significant"
"ZNF586",-0.714663824891961,5.976399869587,1.88773396969876,0.18750113712467,0.855636859045804,"Not_Significant"
"SCAND1",-0.684410472203671,5.97090108734555,1.88576030020655,0.187708822407671,0.855636859045804,"Not_Significant"
"TMEM147",-0.781692900933698,5.51440076655597,1.88073494600609,0.187923558060046,0.855636859045804,"Not_Significant"
"AC138627.1",-0.84174732741061,5.14976609259327,1.87436920288493,0.188095672386281,0.855636859045804,"Not_Significant"
"TAX1BP1",0.464396600779808,7.64489108443635,1.88304874376807,0.188141390031846,0.855636859045804,"Not_Significant"
"RBBP6",0.622362721397951,6.89993086457281,1.88149704146848,0.188191518038132,0.855636859045804,"Not_Significant"
"AATK",-0.709127932659629,6.8439605431851,1.88193905309079,0.188308619853211,0.855636859045804,"Not_Significant"
"U2AF2",0.823386639837629,5.3902626648932,1.86687963866151,0.188396345944539,0.855636859045804,"Not_Significant"
"GABPB2",0.883899394051846,5.53027825650007,1.8661245152053,0.188612664333413,0.855636859045804,"Not_Significant"
"DNAJC16",-0.660115390563358,5.83837738790043,1.87657340986737,0.188654126465156,0.855636859045804,"Not_Significant"
"PPP2R3C",0.521314038151227,7.02154628373213,1.87572851522048,0.188891465101784,0.855636859045804,"Not_Significant"
"PSMB6",-0.687047931311507,5.63514716094087,1.87157940252019,0.189041686948968,0.855636859045804,"Not_Significant"
"USP33",-0.448511649161172,7.44330798181096,1.87514133970329,0.189044060634364,0.855636859045804,"Not_Significant"
"ADPGK",0.706591292827281,6.46375503736751,1.87151698368443,0.189078311742164,0.855636859045804,"Not_Significant"
"CRELD1",0.677181705348226,6.43765285627404,1.8711473066719,0.189120138215187,0.855636859045804,"Not_Significant"
"FARP1",0.506682871392691,7.10418926043311,1.873570754678,0.189150533480682,0.855636859045804,"Not_Significant"
"FRMD3",1.00567938235286,5.42006367874667,1.85573188050369,0.189628648910087,0.855722380261918,"Not_Significant"
"CYBRD1",1.04644035152588,5.82809448775301,1.8591571825082,0.189633205524365,0.855722380261918,"Not_Significant"
"TAB2",0.500392887359919,8.73326377593488,1.86930727913192,0.189660361900766,0.855722380261918,"Not_Significant"
"RCAN2",-0.646947455002514,6.69854184599164,1.86977664694292,0.189662710627681,0.855722380261918,"Not_Significant"
"HSPA6",2.57542709139752,5.03951750752637,1.86177721234283,0.190220256866985,0.855722380261918,"Not_Significant"
"B4GALT5",0.632256197814707,6.01701731936842,1.85840025074034,0.190242140477328,0.855722380261918,"Not_Significant"
"MTCH1",-0.513214006898561,6.98491905151328,1.86447596698388,0.190259372432321,0.855722380261918,"Not_Significant"
"RPL5",0.740187874160738,7.16621435277513,1.86317478373288,0.190286646597388,0.855722380261918,"Not_Significant"
"NDUFV2",-0.620978431960699,5.85863108393746,1.86151007798127,0.190342124279813,0.855722380261918,"Not_Significant"
"FGD4",0.510046905534397,9.2740586224482,1.86204922826813,0.190468721033473,0.855722380261918,"Not_Significant"
"RNF138",0.879642493056715,5.7013296130985,1.84962557172158,0.190691185696492,0.855722380261918,"Not_Significant"
"SNRPN",1.29675601788662,5.40133319924566,1.84582918149675,0.190754800797593,0.855722380261918,"Not_Significant"
"NRG3",0.661809306443604,9.90896204684077,1.85708122537927,0.191026445191875,0.855722380261918,"Not_Significant"
"SMS",0.669496466621447,6.50002177952553,1.85351442044089,0.191153586060837,0.855722380261918,"Not_Significant"
"AL603839.3",0.976798007303717,5.39764837235906,1.84203746483411,0.191183812245954,0.855722380261918,"Not_Significant"
"HERPUD1",0.806596618430948,7.05123567925048,1.85335698489826,0.191351920703819,0.855722380261918,"Not_Significant"
"PCMT1",-0.608250965056216,6.53685044106307,1.85426301982192,0.191399646506229,0.855722380261918,"Not_Significant"
"BBX",0.512189660097385,7.98622992178008,1.85372914514847,0.191438737689469,0.855722380261918,"Not_Significant"
"SLC6A6",1.06966797403381,5.33539539986184,1.83901693975288,0.191477675054905,0.855722380261918,"Not_Significant"
"CHD1L",0.681114953702849,6.58179272897969,1.85093974082906,0.191486272447942,0.855722380261918,"Not_Significant"
"ARHGAP21",-0.413193107523946,9.03324877749782,1.85132308592572,0.191683511412076,0.855894532470291,"Not_Significant"
"PLGLB1",1.17820163991355,5.11136569602177,1.83672809460347,0.191756525143946,0.855894532470291,"Not_Significant"
"GNAQ",0.42247747712139,9.95476238088028,1.84703865947542,0.192168901696434,0.856423063143812,"Not_Significant"
"MAP7D1",-0.630034627010708,6.43947781397,1.84691329943565,0.192228153836111,0.856423063143812,"Not_Significant"
"MRPL3",0.756403410234956,5.99554509133934,1.83988501960939,0.192242623740689,0.856423063143812,"Not_Significant"
"HMBOX1",0.471528258658638,7.27566730243639,1.84492025528236,0.192423122834006,0.856423063143812,"Not_Significant"
"EIF1AX",-0.567921819647517,6.5992741932541,1.84392037631966,0.192583918941908,0.856423063143812,"Not_Significant"
"NEXMIF",-0.766877042529937,5.7008806071872,1.84097565639951,0.192597590101938,0.856423063143812,"Not_Significant"
"METAP1D",-0.760453863866402,5.46288263141448,1.83819695350397,0.19268649396846,0.856423063143812,"Not_Significant"
"ZNHIT6",0.758450830692368,6.01848528287521,1.8334105425235,0.193014114832557,0.856704600905368,"Not_Significant"
"MAPK10",0.624980267716871,8.56931184791708,1.83939408282853,0.193066291970514,0.856704600905368,"Not_Significant"
"SMURF2",-0.500330453502814,7.5977589221964,1.83794257719998,0.193256821590897,0.856704600905368,"Not_Significant"
"IRF7",1.57624018503094,5.41206286465787,1.82461275321856,0.19335809844833,0.856704600905368,"Not_Significant"
"CYB5B",-0.621437075761246,6.24419032597395,1.83650300866039,0.193377753048897,0.856704600905368,"Not_Significant"
"WIPF1",-0.445312729488309,8.17364139458376,1.83490152599925,0.193582471755672,0.856704600905368,"Not_Significant"
"JAK1",0.648245375102075,6.86489400111942,1.83340333472144,0.193627132558222,0.856704600905368,"Not_Significant"
"CCDC14",0.585197858543505,6.36535720010341,1.83116349505199,0.193677634156216,0.856704600905368,"Not_Significant"
"AC090833.1",-0.714864252187406,6.96661062838652,1.82999976048863,0.194203809459473,0.858202058639081,"Not_Significant"
"ATXN7",1.15615300699567,5.09518299425705,1.81517728544728,0.194248523357864,0.858202058639081,"Not_Significant"
"AGO1",0.984816646616222,5.40383448326608,1.81448787739508,0.19438586224295,0.858295495749354,"Not_Significant"
"CNOT8",0.857112445625636,5.41490642196653,1.81211296302232,0.194715254216791,0.858802328279515,"Not_Significant"
"BCL2",0.441268751153861,8.4224714136309,1.82432339175257,0.194809740408219,0.858802328279515,"Not_Significant"
"CDK8",0.721281733767123,6.75282042630301,1.82159697017756,0.194929384844618,0.858802328279515,"Not_Significant"
"LRRC8B",-0.463967957045648,6.53783940835768,1.82313963173844,0.194965683569074,0.858802328279515,"Not_Significant"
"GPR162",-0.973014700300033,5.16296790896456,1.81306873999426,0.195151158473225,0.858833200060055,"Not_Significant"
"OST4",-0.868876053509009,5.91671191913722,1.81796222981304,0.195421902539581,0.858833200060055,"Not_Significant"
"SNX9",-0.503178433552324,7.40261995576389,1.81864948227143,0.195503458652336,0.858833200060055,"Not_Significant"
"ZSWIM5",0.756264337588753,6.4327268676181,1.8148068600505,0.195528868623943,0.858833200060055,"Not_Significant"
"PARVG",0.859002930463683,6.59231576858291,1.81502055903716,0.195554006024233,0.858833200060055,"Not_Significant"
"GIPC1",-1.02270053524439,5.46177243638886,1.81199505940735,0.195758362109332,0.859219857933236,"Not_Significant"
"PABPC4",1.26786765798727,6.15245302951909,1.80641280390901,0.195919280254229,0.859415512611634,"Not_Significant"
"CNIH1",-0.772553681178861,5.35993674813547,1.805288574084,0.196361911832291,0.859948241433195,"Not_Significant"
"KLF3",0.576069543555281,6.18204594658094,1.80466291832016,0.196645335338819,0.859948241433195,"Not_Significant"
"PCDH11X",0.991035442702666,5.95116310425475,1.79969069503183,0.196697526672182,0.859948241433195,"Not_Significant"
"TRMT1L",0.952195576544514,5.75127819454925,1.79712871329052,0.196820088120993,0.859948241433195,"Not_Significant"
"KCNB2",1.16965849372964,6.09629421223111,1.79827032070191,0.196878791340401,0.859948241433195,"Not_Significant"
"ATG2B",0.666634773910877,6.04351477706019,1.79960201008022,0.197062063142115,0.859948241433195,"Not_Significant"
"RPS13",-0.678784500296105,6.51867694464641,1.8036330578053,0.197268752258543,0.859948241433195,"Not_Significant"
"NDUFA8",-0.717710724031627,5.23882894462503,1.79577966579882,0.19727768966068,0.859948241433195,"Not_Significant"
"TPM4",-0.617959829874651,5.76021697564055,1.79801386259414,0.197629043617722,0.859948241433195,"Not_Significant"
"ACADVL",0.562078267092181,6.75980628982135,1.79858489243808,0.197694924757413,0.859948241433195,"Not_Significant"
"RAB5B",0.960067805702333,5.38345583764099,1.78609409127153,0.197743954256716,0.859948241433195,"Not_Significant"
"KIFC2",0.980125311082504,5.77602448111679,1.78930008658793,0.197757585660079,0.859948241433195,"Not_Significant"
"NRIP1",0.699784309815534,6.8772122824645,1.79732429846418,0.197839440011426,0.859948241433195,"Not_Significant"
"COPA",0.577809544637849,7.40395174004474,1.79824779120547,0.197859880003573,0.859948241433195,"Not_Significant"
"IFITM3",0.74205145679415,6.10024076349528,1.79289256582623,0.197864266626877,0.859948241433195,"Not_Significant"
"C2CD2L",1.32988583779367,5.10928594762783,1.7835734577663,0.198138368854627,0.859948241433195,"Not_Significant"
"SMARCA2",0.441986353922231,8.16242187220692,1.79553836291147,0.198199193295654,0.859948241433195,"Not_Significant"
"AFF1",0.521010605121232,8.29843977606087,1.79450496894879,0.19831942517366,0.859948241433195,"Not_Significant"
"NEO1",-0.657154067362766,7.34778498984471,1.79433501718162,0.198370100116888,0.859948241433195,"Not_Significant"
"FBXL18",-0.661906103414107,5.43652179057346,1.78832350540953,0.198458205481266,0.859948241433195,"Not_Significant"
"RPS27L",0.809419047648226,6.84185902102763,1.79101764044136,0.198539525919092,0.859948241433195,"Not_Significant"
"HPSE2",1.27024921902938,6.42210604628797,1.78585008678856,0.198601827519295,0.859948241433195,"Not_Significant"
"PURA",0.524180688868105,7.1953123362207,1.79003489141367,0.198820008253047,0.860210145756086,"Not_Significant"
"RSL24D1",1.23284170662191,5.03798789884016,1.77624774987988,0.198952280797379,0.860210145756086,"Not_Significant"
"NUS1",-0.618823671976726,5.69410481757941,1.78547739032905,0.199068967955765,0.860210145756086,"Not_Significant"
"MIR503HG",-0.634509751949538,5.81178352098799,1.78539484542982,0.199174369396958,0.860210145756086,"Not_Significant"
"ACTR1B",-0.854222029702933,5.14735746926483,1.77771291897895,0.199320743484422,0.860210145756086,"Not_Significant"
"FOXP2",0.661066474248686,8.587767216972,1.78572601967457,0.199361008465469,0.860210145756086,"Not_Significant"
"NELFB",-0.91700844453743,5.03105223005421,1.77434318284032,0.199478470179434,0.8602145120931,"Not_Significant"
"AP001347.1",1.08218785413812,5.79646054478122,1.77036749738972,0.199972006705368,0.861839681174184,"Not_Significant"
"NLGN1",0.651187086841917,9.14482241217424,1.7775683209414,0.200328657957562,0.862190945114229,"Not_Significant"
"MTFR1L",-1.00633133328334,4.8585335873314,1.76350556636045,0.200377888968603,0.862190945114229,"Not_Significant"
"FGF13",-0.906555810723002,5.91709467441143,1.77604927342781,0.200403662212147,0.862190945114229,"Not_Significant"
"LINC01572",-0.657359682891665,6.38758306245644,1.77495202841387,0.20067164106763,0.862575031207288,"Not_Significant"
"HPN",-0.990409809368674,4.98254693669793,1.76143677362406,0.200958152615736,0.862575031207288,"Not_Significant"
"UBR4",0.590703662927009,6.66240843186846,1.77026813239672,0.201040403441852,0.862575031207288,"Not_Significant"
"TPST2",1.10604162740181,5.25087585713434,1.75826813194502,0.201047134510424,0.862575031207288,"Not_Significant"
"CRYBG3",0.752447140921821,6.11305356002748,1.76607910653645,0.201091956304178,0.862575031207288,"Not_Significant"
"SCFD2",0.50562571116108,7.47816372829749,1.7705278306542,0.201193553373515,0.862575031207288,"Not_Significant"
"TCEAL4",-0.531703925740696,6.10445659721809,1.76876568430837,0.201317725822433,0.862606752117349,"Not_Significant"
"KCNQ1",-0.479677302804812,7.74144222088871,1.76742049065415,0.201584311494506,0.863248295078213,"Not_Significant"
"PKN2-AS1",-0.731382470174502,5.533298126087,1.76258009879641,0.201705480325695,0.863266734163329,"Not_Significant"
"INSIG1",-0.874175139205869,5.29856006841837,1.75807845671308,0.201975700773662,0.863911851909584,"Not_Significant"
"DSTN",-0.578108063704476,6.68512430792073,1.76348007204711,0.202090115080515,0.863911851909584,"Not_Significant"
"MIR4435-2HG",-0.730480153075506,5.6160620525119,1.75427291477549,0.202810275402946,0.865129999995917,"Not_Significant"
"PIN4",-0.636768214455051,5.94944712904847,1.75498879174286,0.202946497194588,0.865129999995917,"Not_Significant"
"NCOA3",0.429553046610031,7.8895081522679,1.7560748276586,0.202963644326705,0.865129999995917,"Not_Significant"
"AMN1",0.6011961717439,6.37970166895907,1.74927756127995,0.203451132308,0.865129999995917,"Not_Significant"
"SENP2",0.678756530646265,5.93243175518226,1.74538053202198,0.203500538450482,0.865129999995917,"Not_Significant"
"ANAPC11",-0.595672923767393,5.98276977039555,1.74984322445039,0.203582618536487,0.865129999995917,"Not_Significant"
"ADAMTSL3",0.949547491724083,6.04412175745165,1.74393102089655,0.203597276717908,0.865129999995917,"Not_Significant"
"PIP4K2B",0.781494134827315,5.77499123206436,1.74193809429178,0.203671458054894,0.865129999995917,"Not_Significant"
"AC244021.1",0.546196556127893,8.68653226423505,1.74997850118585,0.203694441172185,0.865129999995917,"Not_Significant"
"DUOX1",-0.848647326241812,5.75417020195911,1.74773717021272,0.203749995350423,0.865129999995917,"Not_Significant"
"ATG4C",0.498440797321677,7.80133495382834,1.7454020582144,0.204274498343868,0.865129999995917,"Not_Significant"
"FLOT1",0.52999224307317,7.32598952371907,1.74273598993613,0.204580336005452,0.865129999995917,"Not_Significant"
"EP400",-0.498040583641385,6.5807344167618,1.74001947520326,0.204957539930796,0.865129999995917,"Not_Significant"
"CBWD2",0.952075096549151,6.01657796380181,1.73224655947661,0.205010806872493,0.865129999995917,"Not_Significant"
"ATG4B",0.473713715228093,7.11141091694113,1.7389347356897,0.205032993981181,0.865129999995917,"Not_Significant"
"MYL6",-0.739292687415591,6.51052524759059,1.7366025440245,0.205392135080138,0.865129999995917,"Not_Significant"
"RETREG2",-0.828401936904121,5.87137102030568,1.73415825509349,0.205504008983586,0.865129999995917,"Not_Significant"
"VDAC2",-0.825288667453306,5.41326143579619,1.72984872405566,0.205626767412638,0.865129999995917,"Not_Significant"
"MAPKAPK2",0.98070007568699,5.39855720734113,1.72098757127633,0.205754262456949,0.865129999995917,"Not_Significant"
"FBXO33",0.606147508483593,6.20615099300934,1.72873429939869,0.205873716770827,0.865129999995917,"Not_Significant"
"CLOCK",0.577092834023807,7.3695941452935,1.73176123137605,0.205941676974855,0.865129999995917,"Not_Significant"
"HSPA5",-0.56603803498786,6.63600162432404,1.73196729706454,0.205968910709256,0.865129999995917,"Not_Significant"
"CFDP1",-0.511524675603125,6.5710824854046,1.73170293305125,0.205991553660446,0.865129999995917,"Not_Significant"
"DOCK9",-0.565845131073933,7.20632186221885,1.7316594165035,0.206010284078868,0.865129999995917,"Not_Significant"
"CPNE4",-0.885812654186614,5.90633861993719,1.73038343191639,0.206013845028633,0.865129999995917,"Not_Significant"
"FGR",1.4699229049561,4.79893282071452,1.72127219166964,0.206014737328063,0.865129999995917,"Not_Significant"
"AJ009632.2",1.1536034865803,5.53670879295857,1.719304773592,0.206020868685891,0.865129999995917,"Not_Significant"
"SLC9A7",0.967280266341686,5.5009645465478,1.71800785034309,0.206218252362936,0.865129999995917,"Not_Significant"
"HDAC4",-0.554094008902147,7.24830765756973,1.72945068591514,0.206283897425877,0.865129999995917,"Not_Significant"
"CCT2",0.872284147561267,5.6904748364482,1.7196584178602,0.206288910141242,0.865129999995917,"Not_Significant"
"SAMD9",1.18771393188214,5.55544680459834,1.7164023544977,0.206395893719957,0.865129999995917,"Not_Significant"
"AMPH",1.24131386504453,5.99797610571342,1.71913518139744,0.206402239145308,0.865129999995917,"Not_Significant"
"PUF60",-0.827861276888613,5.25161685755718,1.71943316912936,0.206692196932204,0.865129999995917,"Not_Significant"
"YEATS2",0.711753104297614,6.39560348157593,1.72058284370463,0.206970831609967,0.865129999995917,"Not_Significant"
"ETS2",0.834364359732392,6.95029012191972,1.72071043186781,0.207179594531326,0.865129999995917,"Not_Significant"
"PSD3",-0.479504199929407,8.50727025014291,1.72087568686079,0.207308105328718,0.865129999995917,"Not_Significant"
"LSM4",-0.654674863708915,5.67057142712661,1.7179902453222,0.207350647003662,0.865129999995917,"Not_Significant"
"IL16",1.34223135628439,5.42299244575497,1.70729487231215,0.207508212462742,0.865129999995917,"Not_Significant"
"FEZ1",-0.659925854337374,6.92115658281587,1.7188622723392,0.207624264475988,0.865129999995917,"Not_Significant"
"ZNF782",0.650624619799987,6.14569079591138,1.71257738922156,0.207831732386955,0.865129999995917,"Not_Significant"
"ZNF124",0.765705152917431,6.41959724564319,1.71344044184656,0.207864612382142,0.865129999995917,"Not_Significant"
"WNK1",0.43397462094133,8.33297049244021,1.71571500044736,0.207972273324865,0.865129999995917,"Not_Significant"
"NEMF",0.475908636536286,7.73294813003762,1.7156968668711,0.207983113313252,0.865129999995917,"Not_Significant"
"LTBP3",0.862350271212007,5.68583781632737,1.70627101026486,0.207983783971323,0.865129999995917,"Not_Significant"
"DPF2",-0.696913599244472,5.82610912942496,1.71355816377394,0.208041420250806,0.865129999995917,"Not_Significant"
"TAF4",1.08688992894779,5.23461800446579,1.70150605076466,0.208142589012148,0.865129999995917,"Not_Significant"
"ZBTB43",0.829012797650225,5.66060684087042,1.70402884311042,0.208262894277885,0.865129999995917,"Not_Significant"
"JAKMIP2",-0.65430981946094,7.02525640742533,1.7134187964424,0.208309101789417,0.865129999995917,"Not_Significant"
"RECK",0.575710441554423,7.47694126594402,1.71285974018966,0.208326059988847,0.865129999995917,"Not_Significant"
"ZBTB7A",0.748173551931455,5.70080410145796,1.7018062877496,0.208654169140674,0.865129999995917,"Not_Significant"
"GOSR1",0.551833134334503,6.62934144577056,1.70864353624381,0.208684850438696,0.865129999995917,"Not_Significant"
"EIF4A1",0.760718029177949,6.22900743686387,1.70553843856643,0.208724652322043,0.865129999995917,"Not_Significant"
"INPP5A",1.03189856474947,5.43704051708881,1.69730958690419,0.208783346746767,0.865129999995917,"Not_Significant"
"HNRNPA1",0.728991715903185,6.29793344697294,1.70423877793659,0.208970222935867,0.865129999995917,"Not_Significant"
"SETBP1",0.481993143954726,7.44254264299149,1.70737403069774,0.209027720156266,0.865129999995917,"Not_Significant"
"ARMH4",0.480752161615657,7.02728280888314,1.70556144431741,0.209210667375743,0.865129999995917,"Not_Significant"
"RHOT1",0.461425305273212,7.41277961827005,1.70586303803116,0.209219965993766,0.865129999995917,"Not_Significant"
"PLEKHG3",-0.858859473081636,5.37481685035282,1.70058765962776,0.209268728815424,0.865129999995917,"Not_Significant"
"ZMYM4",0.470236149087642,7.75317923512725,1.70472590854674,0.209374713728575,0.865129999995917,"Not_Significant"
"PHYKPL",0.7054811128376,6.99885948942678,1.70359773299704,0.209401981859036,0.865129999995917,"Not_Significant"
"ASRGL1",-0.700991595079215,5.49594271478594,1.69916259530209,0.209576976365516,0.86536899072782,"Not_Significant"
"ZNF155",1.15829038313606,5.0966395359535,1.68767738942191,0.209954142807555,0.866222566225599,"Not_Significant"
"C3orf58",0.606432401513594,6.39314414703437,1.69705234336694,0.210018223380269,0.866222566225599,"Not_Significant"
"CYREN",-0.527609759594517,5.74143889099383,1.69467436858777,0.210340485545434,0.867067615359442,"Not_Significant"
"CADM4",-0.78372304082516,5.4321027467495,1.69036392797764,0.210644989941817,0.867838561461351,"Not_Significant"
"CERS6",0.559573403078725,7.19709049109742,1.69122069783973,0.211059364320699,0.869061050299331,"Not_Significant"
"LMO7",0.579059217477131,6.36229387945737,1.68715728577725,0.211284515276957,0.869503462033918,"Not_Significant"
"OMG",-0.593782790294258,6.35262761059094,1.68768817547717,0.211548206314614,0.870094129679133,"Not_Significant"
"ZNF770",0.98609358141906,5.16100267833267,1.67386113264011,0.211663618658915,0.870094129679133,"Not_Significant"
"PTDSS1",1.08636444850602,5.47955686031925,1.67300096442365,0.211950185836183,0.870450013999778,"Not_Significant"
"PPA1",0.938407579894598,6.5579774774209,1.68126428436948,0.211985863704562,0.870450013999778,"Not_Significant"
"NAPA",-0.596416052407151,5.92052424017887,1.68118620903797,0.212228026399276,0.870878603531929,"Not_Significant"
"COX17",-0.773663803784986,5.20530384926794,1.674627857055,0.21232602747543,0.870878603531929,"Not_Significant"
"TMEM192",0.559586298187234,6.26203397995057,1.67388486526264,0.212949793148902,0.870995440172108,"Not_Significant"
"FAM171B",0.725280521400977,6.57743364313675,1.67391604759295,0.213057500339491,0.870995440172108,"Not_Significant"
"IDH1",-0.609774160233633,6.17433838615013,1.6741101187308,0.213263015320213,0.870995440172108,"Not_Significant"
"ZNF654",0.438950320126666,7.4573774328721,1.67412618742221,0.213312607779132,0.870995440172108,"Not_Significant"
"LRP1B",0.608181150928324,9.8127933875445,1.67334278012493,0.213388518788474,0.870995440172108,"Not_Significant"
"UBE3A",-0.46614234461333,7.31425820383454,1.67260636608368,0.213540781385428,0.870995440172108,"Not_Significant"
"ZNF281",0.652865195911716,6.24232405148502,1.66836292422347,0.213606225747016,0.870995440172108,"Not_Significant"
"PRKCD",0.788541184924464,6.24529014268502,1.66725944087979,0.213667802347053,0.870995440172108,"Not_Significant"
"ERMN",-0.661754700641476,6.9244363120436,1.67171138624164,0.213673264192574,0.870995440172108,"Not_Significant"
"HSPA8",-0.793391522709103,6.29005265677676,1.67116647949249,0.2137006530935,0.870995440172108,"Not_Significant"
"S100PBP",-0.634171168633466,6.40899766823215,1.67050947894436,0.213794189578625,0.870995440172108,"Not_Significant"
"FAM20A",-1.19286895249219,4.82676716245039,1.65765523914816,0.213798652284223,0.870995440172108,"Not_Significant"
"SNED1",0.888706943282991,5.86215038377066,1.66213073400491,0.213887332946014,0.870995440172108,"Not_Significant"
"SNX5",0.786854398878515,5.73330461625218,1.65800536546206,0.214356859709253,0.871884285160849,"Not_Significant"
"RPS19BP1",-0.763489751166105,5.85502127732043,1.66355551872642,0.214532911655913,0.871884285160849,"Not_Significant"
"REEP5",-0.665395138169436,6.90379413158544,1.66468394762133,0.214594250815464,0.871884285160849,"Not_Significant"
"STX7",0.52901392791267,8.15558870255625,1.66416314673844,0.214618374856729,0.871884285160849,"Not_Significant"
"ORC2",-0.461253469126197,6.57345436924415,1.66201957066501,0.214916147663558,0.871884285160849,"Not_Significant"
"ELN",-1.14706413313781,4.76161967939757,1.64648932291226,0.215105326576943,0.871884285160849,"Not_Significant"
"GPR158",-0.675403851190031,6.02867558273976,1.65919778789332,0.215174413140647,0.871884285160849,"Not_Significant"
"MSRA",0.62799393835346,7.82684238216871,1.65858464855323,0.215352926890825,0.871884285160849,"Not_Significant"
"PNKP",-0.777461387860317,5.49252788908848,1.65250643291793,0.215666665631846,0.871884285160849,"Not_Significant"
"LINC01630",-0.768077302765777,6.02700020943965,1.65493640224451,0.215743241129071,0.871884285160849,"Not_Significant"
"AC008014.1",-0.660371387994695,6.79921055472198,1.65498468442962,0.215872541405441,0.871884285160849,"Not_Significant"
"ERC2",0.5705000777267,7.95195767342286,1.65467004616319,0.215873020419886,0.871884285160849,"Not_Significant"
"GLCE",-0.420426586628011,6.84279244538928,1.65327949210092,0.216088485039852,0.871884285160849,"Not_Significant"
"INTS7",1.64513886680368,5.16940068630245,1.64397103341072,0.216151610583009,0.871884285160849,"Not_Significant"
"YTHDF3",0.621977178595302,6.30901690788541,1.6495179103714,0.216161831926914,0.871884285160849,"Not_Significant"
"STX17",0.587940420562683,5.86210980792654,1.64639838939616,0.216198809324617,0.871884285160849,"Not_Significant"
"CNOT2",0.532222362372448,7.83059372600164,1.65176241235014,0.216259188042919,0.871884285160849,"Not_Significant"
"NDUFB3",-0.87057157178537,5.37611397716829,1.64697742805471,0.216278278311991,0.871884285160849,"Not_Significant"
"FAM50A",0.77732608265535,5.76998977761187,1.64184672289174,0.21656686296853,0.871884285160849,"Not_Significant"
"PLEKHA2",0.47475934888602,6.88598622658832,1.64760352888841,0.216728314522823,0.871884285160849,"Not_Significant"
"AL357055.3",1.05994030823393,5.21658539324332,1.63507463035873,0.216853438089657,0.871884285160849,"Not_Significant"
"AL596220.1",-0.717150831357196,5.55739923092005,1.64336226006908,0.216949543894514,0.871884285160849,"Not_Significant"
"TTYH1",-0.707647713257187,6.43169656445945,1.64638630296575,0.216988247052325,0.871884285160849,"Not_Significant"
"TIMM23",-0.847419385663838,5.32466770901347,1.64121030501577,0.21699117443013,0.871884285160849,"Not_Significant"
"SNCB",-0.842423243103175,5.80544022178329,1.64360942785351,0.217153231075862,0.871884285160849,"Not_Significant"
"ATRX",0.423429891586494,8.71293452615733,1.64398756521884,0.217276817501453,0.871884285160849,"Not_Significant"
"DPY19L1",0.789561326165426,5.73771134133288,1.6358897841337,0.217308115656261,0.871884285160849,"Not_Significant"
"TMX1",0.705359592698264,6.07152454826047,1.63834711237883,0.217410430928155,0.871884285160849,"Not_Significant"
"ATP13A2",-0.679790887552873,5.57230203268771,1.63815920459666,0.217644499025496,0.871953496519575,"Not_Significant"
"ARRB2",0.680723264775263,7.61882580333567,1.63925901384718,0.217912935233206,0.871953496519575,"Not_Significant"
"AC046195.1",1.10237578359451,5.69751085847175,1.62889856288331,0.217998859958723,0.871953496519575,"Not_Significant"
"HNRNPL",0.621212370909542,6.30450110676726,1.63473225646986,0.218140167776621,0.871953496519575,"Not_Significant"
"MIR99AHG",0.377084020200998,9.49994052436918,1.63735142779957,0.218153381892291,0.871953496519575,"Not_Significant"
"SLC40A1",-0.93562399985119,5.33940237990366,1.63194961364148,0.218248124619628,0.871953496519575,"Not_Significant"
"IKZF2",0.931797162632879,7.02802588476519,1.63549986589388,0.218253961698212,0.871953496519575,"Not_Significant"
"PSIP1",0.573503191158741,6.43737883680647,1.6324017824846,0.218557503758471,0.872694205548014,"Not_Significant"
"SEC24B",0.433298889567796,7.28435328021946,1.63259061046533,0.218807706049364,0.873221245049515,"Not_Significant"
"C9orf3",-0.428460250478191,7.94646313079206,1.63103470162029,0.219029059254775,0.873632646174419,"Not_Significant"
"KIAA1841",-0.60757472896615,5.93862671217558,1.62635746992788,0.219510654712016,0.87399179621024,"Not_Significant"
"PRDX5",-0.65566033315062,5.9198066875087,1.62614211604314,0.21952776858633,0.87399179621024,"Not_Significant"
"FLI1",0.456367002185948,8.17266484731985,1.62684562895265,0.219595167523485,0.87399179621024,"Not_Significant"
"COX5B",-0.502073402980458,6.98321598339665,1.62611054767175,0.219734076945288,0.87399179621024,"Not_Significant"
"APLP1",-0.484237109645952,8.34561988516126,1.62563881007597,0.219744765672312,0.87399179621024,"Not_Significant"
"RBPJ",-0.428401097121476,8.2832117583877,1.62391033356168,0.21998081212154,0.87399179621024,"Not_Significant"
"IQGAP2",1.01206219668737,6.09819664574746,1.61768569509305,0.220007217131904,0.87399179621024,"Not_Significant"
"ADGRB2",-0.86646092651323,4.97042115555202,1.6105332473872,0.220441212616829,0.87399179621024,"Not_Significant"
"ADGRG1",0.696634845171066,7.50385125539942,1.62006010917217,0.220495322688708,0.87399179621024,"Not_Significant"
"SRSF2",-0.467805713894988,7.04338246579711,1.62048245330968,0.220496281622089,0.87399179621024,"Not_Significant"
"HDLBP",-0.448683685066642,6.72762219054898,1.61987229590977,0.220571707068774,0.87399179621024,"Not_Significant"
"VSIG10",-0.772067844071413,5.19305394274068,1.61210346333128,0.220694570293448,0.87399179621024,"Not_Significant"
"SERPINE2",-0.82601216472791,5.8386491171858,1.61481371257409,0.221074334102911,0.87399179621024,"Not_Significant"
"FASTKD1",0.596621927831906,6.73015974959893,1.61423425598909,0.221150306816031,0.87399179621024,"Not_Significant"
"LGI3",-0.709856772571545,5.73956909414924,1.61157006171187,0.221409477558225,0.87399179621024,"Not_Significant"
"HAGH",-0.485821850820703,6.43258922506433,1.61339099983556,0.221423587362777,0.87399179621024,"Not_Significant"
"USP48",-0.492259663808606,6.50654502692565,1.6134345492573,0.221431191231748,0.87399179621024,"Not_Significant"
"STARD7",0.818168537836513,6.06816950601426,1.60776407867245,0.221479613717279,0.87399179621024,"Not_Significant"
"NDUFS7",-0.689937256096742,6.30943156591019,1.61242043785164,0.221556477247609,0.87399179621024,"Not_Significant"
"HS2ST1",0.67186863569669,6.35119603086495,1.60950409219728,0.221570253154665,0.87399179621024,"Not_Significant"
"VPS39",-0.571938698631363,5.89177820526337,1.6100167220237,0.221696060313495,0.87399179621024,"Not_Significant"
"YLPM1",0.472334127341023,6.95226704027731,1.60921903588615,0.221932952829339,0.87399179621024,"Not_Significant"
"CASS4",1.08245129107567,5.5884527542731,1.59933380802244,0.221952470624916,0.87399179621024,"Not_Significant"
"DRAM2",0.574354966367879,6.43903624183497,1.60742120442045,0.221958658412131,0.87399179621024,"Not_Significant"
"JAK3",1.07105497178668,5.90247119748003,1.59592991986344,0.222740032178869,0.875252849873046,"Not_Significant"
"GPATCH2",0.534820551365038,6.503479679547,1.60175020244194,0.222789249887571,0.875252849873046,"Not_Significant"
"PGLS",0.971442398820283,5.14972205508198,1.59130358570018,0.222807172184764,0.875252849873046,"Not_Significant"
"HNRNPC",0.512634981521313,7.54435997236577,1.60304767918063,0.222844623144287,0.875252849873046,"Not_Significant"
"RTKN",0.863039260108487,5.50920690969583,1.5924128653059,0.222955714485821,0.875252849873046,"Not_Significant"
"GTF2A2",0.755758252349972,5.88988230702229,1.59587292955396,0.222989828544886,0.875252849873046,"Not_Significant"
"SWT1",-0.661389143784034,5.77114314185086,1.59825846340269,0.223257669709423,0.875313181901725,"Not_Significant"
"EED",0.78723648396197,5.62831979243801,1.5906926348687,0.223379386061047,0.875313181901725,"Not_Significant"
"ENDOD1",-0.78893757302152,5.70344136867436,1.59581127085334,0.22357644684283,0.875313181901725,"Not_Significant"
"LST1",-0.505447932544877,7.44199684869184,1.59522850108359,0.223952252965127,0.875313181901725,"Not_Significant"
"ENO4",-0.783154494041936,5.27195885229939,1.58908806949101,0.224004772177832,0.875313181901725,"Not_Significant"
"AL139294.1",-0.949383363007061,5.32476113419617,1.58901275854589,0.224153116383447,0.875313181901725,"Not_Significant"
"MYEF2",-0.647642149716524,6.05621539482766,1.59242866477265,0.224232348302147,0.875313181901725,"Not_Significant"
"PALM2",-0.94444872725637,6.96882368044256,1.59294907507797,0.22429063260475,0.875313181901725,"Not_Significant"
"CDC42",0.539682493798681,7.0360841525937,1.59177035114108,0.224348656245923,0.875313181901725,"Not_Significant"
"RPLP1",0.949088543277534,8.51481856387749,1.59200368797651,0.224372846760796,0.875313181901725,"Not_Significant"
"AC068992.1",-2.54470732463229,7.23469144775212,1.69863270575152,0.224664482610675,0.875313181901725,"Not_Significant"
"XYLT1",-0.672756138602383,7.11896425315499,1.59003287332388,0.224689733181709,0.875313181901725,"Not_Significant"
"SNX19",0.62509687074442,6.32619203601095,1.58678649904793,0.224721116003606,0.875313181901725,"Not_Significant"
"SBF2",0.40856553574538,8.91504400014823,1.58879796894881,0.224805358401074,0.875313181901725,"Not_Significant"
"PTGES2",-0.824251600204677,5.32931611419356,1.58370787736851,0.224842071508258,0.875313181901725,"Not_Significant"
"ORC5",0.553404185813216,6.16616062614234,1.58436566808011,0.224986035078615,0.875313181901725,"Not_Significant"
"NOD1",-0.70947939477357,5.40389712521924,1.58253572667327,0.225093533735674,0.875313181901725,"Not_Significant"
"SEMA3A",0.795395415139505,5.79050501986635,1.57876603405212,0.225233986605312,0.875313181901725,"Not_Significant"
"EPB41L3",0.449911664020085,8.05785321869939,1.58571329615011,0.22525658031612,0.875313181901725,"Not_Significant"
"SLC31A2",-0.695964124127706,6.12716109202139,1.58353115426431,0.225507889312773,0.875528412435706,"Not_Significant"
"SCOC",-0.633356989120603,5.83356570703099,1.58131029487702,0.225662924514346,0.875528412435706,"Not_Significant"
"SLC7A6",-0.444485990245229,6.65769099232134,1.58044784309924,0.226015639438587,0.875528412435706,"Not_Significant"
"CREB5",-0.65280488964193,8.21977370339943,1.57839676297606,0.226269031823988,0.875528412435706,"Not_Significant"
"LAP3",0.825822608306906,5.65657784632991,1.56967819628598,0.226344660152935,0.875528412435706,"Not_Significant"
"CERCAM",-0.753453342194771,7.24006860185176,1.57656688306002,0.226572159551565,0.875528412435706,"Not_Significant"
"SLC25A36",-0.487757028774084,6.93653905346509,1.57585680245098,0.226676599942126,0.875528412435706,"Not_Significant"
"LINC00937",0.667642420717976,5.64275378703747,1.56730485575177,0.226770453556573,0.875528412435706,"Not_Significant"
"TMEM164",0.589572081990248,5.98339526580778,1.56994664938934,0.226837558200815,0.875528412435706,"Not_Significant"
"SH3BP2",0.75560818021316,5.70934190580156,1.56676053512355,0.226866038743883,0.875528412435706,"Not_Significant"
"TPD52L1",0.960115092191097,6.86867828490978,1.57189657006877,0.2269511361131,0.875528412435706,"Not_Significant"
"RASAL2",0.451479605433339,8.66126974793618,1.57337050387213,0.226976806912602,0.875528412435706,"Not_Significant"
"B3GAT2",-0.609124880376076,6.14583725323382,1.57178643416994,0.227149820435262,0.875528412435706,"Not_Significant"
"CLIC1",1.34951890604756,5.43094539355829,1.56131778184608,0.227209013282066,0.875528412435706,"Not_Significant"
"LRRTM4",0.740735443175519,9.42376749876674,1.5710754129045,0.227291199001702,0.875528412435706,"Not_Significant"
"MAML3",0.454571053275168,9.67222519236256,1.57053927980297,0.227362949271734,0.875528412435706,"Not_Significant"
"LGALS1",-0.66486778790744,6.03283047716962,1.56871179340587,0.227547853381682,0.875528412435706,"Not_Significant"
"MAD1L1",0.50829432591999,6.45872671074999,1.56712808103744,0.227629166140703,0.875528412435706,"Not_Significant"
"PNPT1",0.680585843585692,6.37745159686217,1.56594000571293,0.227665070554692,0.875528412435706,"Not_Significant"
"PIK3C2B",-0.791399349458289,5.98876330354765,1.56776532976421,0.22768242592243,0.875528412435706,"Not_Significant"
"FAT3",0.820739874503772,6.5810203108825,1.56289484235386,0.228149100911817,0.876866497625177,"Not_Significant"
"WDR43",0.794067295318263,6.14917646543826,1.55974661713754,0.228303158571293,0.87700230492259,"Not_Significant"
"FMNL1",0.666358514552828,6.43047413461177,1.56003086296352,0.228553309343481,0.87718915122827,"Not_Significant"
"STMP1",0.753854205343114,5.71116362430453,1.55368414173384,0.228735231645696,0.87718915122827,"Not_Significant"
"SAP25",1.35455964418879,5.24003082126819,1.54947933345805,0.2289477847393,0.87718915122827,"Not_Significant"
"TMEM167A",-0.716669942266387,5.32524035596919,1.55404379932656,0.229029635034963,0.87718915122827,"Not_Significant"
"CPM",0.614861823607454,8.21387709554613,1.55696506517873,0.229321074627771,0.87718915122827,"Not_Significant"
"RABL6",-0.513069870343077,6.14656552776139,1.55491992354691,0.229537649922003,0.87718915122827,"Not_Significant"
"CNDP2",0.646836190926916,6.14024625361131,1.55086064491439,0.229672019985394,0.87718915122827,"Not_Significant"
"C5orf15",-0.715871037083771,5.57224665662291,1.55169124227797,0.229680496936039,0.87718915122827,"Not_Significant"
"KNOP1",-0.814904459324493,7.67728238230142,1.5534197190109,0.22983986889363,0.87718915122827,"Not_Significant"
"SLC20A1",-0.631099466527966,5.70265951828012,1.55039722762895,0.229961910562393,0.87718915122827,"Not_Significant"
"PIDD1",0.992936285545405,5.5161234292381,1.54241108367727,0.230003020804102,0.87718915122827,"Not_Significant"
"ZFYVE26",-0.823103802601056,5.25477603142262,1.5464926606522,0.230041184098132,0.87718915122827,"Not_Significant"
"ENTPD4",-0.727439676511551,5.39734354671659,1.5475407064522,0.230077089688193,0.87718915122827,"Not_Significant"
"IP6K2",0.604896159077553,6.38206177639692,1.54812673890747,0.230261784315291,0.87718915122827,"Not_Significant"
"VXN",-0.69375242962494,5.72712466809816,1.54763503645878,0.230394204363895,0.87718915122827,"Not_Significant"
"POLR1A",-0.62332534014315,5.62218506302914,1.54683604876511,0.230397622481871,0.87718915122827,"Not_Significant"
"C16orf45",-0.522654759217626,6.59969555871154,1.5496246903356,0.230399009768283,0.87718915122827,"Not_Significant"
"AK3",0.780327568380065,6.24016820312834,1.54510387760159,0.230489257145536,0.87718915122827,"Not_Significant"
"DOC2A",0.752617304946951,5.75449197058516,1.54004452390766,0.230766220857825,0.877790975013776,"Not_Significant"
"ATP11B",0.470795509661237,7.07264308220391,1.54479763647777,0.23102979933684,0.877869335536356,"Not_Significant"
"TSPAN13",-0.959224791547137,5.09283919064257,1.53687864081605,0.231147139005561,0.877869335536356,"Not_Significant"
"FAM49A",0.481264538684547,7.38855337804092,1.54321176415513,0.231292393972236,0.877869335536356,"Not_Significant"
"SOCS6",-0.449306227355614,7.98059245089925,1.54292400318638,0.231340664603316,0.877869335536356,"Not_Significant"
"COLGALT2",-0.601513663898368,7.00164824767369,1.54293648442735,0.231381020209731,0.877869335536356,"Not_Significant"
"STK38",0.71620395312529,6.07432115412314,1.53739670493885,0.231507387831876,0.877897881886073,"Not_Significant"
"HHIP",-0.678885816026167,7.27254219837173,1.53957860726058,0.231857768804392,0.878215076558049,"Not_Significant"
"DNAJC3",0.663414318506345,6.33333755773144,1.5362393889561,0.231926258599431,0.878215076558049,"Not_Significant"
"TSGA10",0.623257136979027,6.38663316354112,1.53634147376028,0.231963594605958,0.878215076558049,"Not_Significant"
"HSPH1",0.768947861051075,6.93230514992931,1.536942653075,0.232066580403589,0.878215076558049,"Not_Significant"
"BAZ1B",-0.476879340328061,6.70716203935754,1.53488827187035,0.23253908886401,0.879007283420794,"Not_Significant"
"ELL2",0.438317433523826,8.48501922497245,1.53407316579742,0.232619779088011,0.879007283420794,"Not_Significant"
"GNAS",0.427588233119643,8.63644212932528,1.53395760276954,0.232632900918864,0.879007283420794,"Not_Significant"
"LINC02328",0.628258152512547,6.67079462129314,1.53106101108764,0.232876340868516,0.879111695013617,"Not_Significant"
"TRAPPC3",-0.726349255770453,5.53760783922546,1.52836719228029,0.233025036883161,0.879111695013617,"Not_Significant"
"TXNDC12",-0.69006209184783,5.59078480913391,1.5258645955499,0.233443975671962,0.879111695013617,"Not_Significant"
"RHEB",-0.51903827849265,6.41554170026097,1.52832930026691,0.233464617747815,0.879111695013617,"Not_Significant"
"LYRM2",-0.736061682411963,5.70181383824341,1.52625458680635,0.233484819569696,0.879111695013617,"Not_Significant"
"RABAC1",-0.638626061032248,6.54755469774319,1.52834843236991,0.233491315143401,0.879111695013617,"Not_Significant"
"MLEC",0.617066093650881,5.99455265741136,1.52318197226534,0.233580456156278,0.879111695013617,"Not_Significant"
"RNPC3",0.465242100810325,7.34218150430899,1.52726868684615,0.233612597443039,0.879111695013617,"Not_Significant"
"TRIM4",0.733898516140723,5.99293728513276,1.51612798610543,0.234553000008675,0.881972531426653,"Not_Significant"
"EMX2",1.19563410246792,5.31592540097843,1.51021492816055,0.234611618282574,0.881972531426653,"Not_Significant"
"SYT9",-0.735295484299118,5.67924531797496,1.51586638001502,0.235003984640741,0.882518875025454,"Not_Significant"
"PRMT3",0.535860088386742,6.34030832208119,1.51524080293651,0.235073890084246,0.882518875025454,"Not_Significant"
"SMG9",-0.678490205480374,5.66938121941723,1.51370416077769,0.235307630039788,0.882518875025454,"Not_Significant"
"MBD5",0.375879152169569,8.96322860526742,1.51527892898787,0.235369843015965,0.882518875025454,"Not_Significant"
"TRIM2",-0.571857836090752,8.32456774056943,1.51526998493275,0.235376620317379,0.882518875025454,"Not_Significant"
"BOK",0.966381876556463,5.8189257067723,1.50741499453229,0.235473765083954,0.882518875025454,"Not_Significant"
"LINC01094",0.572029977200176,7.70993000914593,1.51261756453347,0.235783213608489,0.883230526838697,"Not_Significant"
"ENTPD1",-0.440471435231048,8.3523355290164,1.50736941037656,0.236549991909935,0.884155788067131,"Not_Significant"
"TTC37",0.445182407984714,7.25853927929651,1.5072998952966,0.236558465858335,0.884155788067131,"Not_Significant"
"SERINC5",-0.444306274734445,7.2080841245169,1.50679888142444,0.236680473233588,0.884155788067131,"Not_Significant"
"MTMR8",0.856838456159256,5.30622806553033,1.49594370327757,0.23673604263967,0.884155788067131,"Not_Significant"
"PBRM1",-0.370780021749085,8.00217920946885,1.50404133917271,0.237058047366293,0.884155788067131,"Not_Significant"
"NNT-AS1",0.80887939689038,5.47093343395205,1.4942714450146,0.237174468766564,0.884155788067131,"Not_Significant"
"PHPT1",-0.552379705545821,5.98447768711278,1.50054365535534,0.2374439353702,0.884155788067131,"Not_Significant"
"NEK4",0.941063837357875,5.37014799074259,1.48939744397163,0.237759410886423,0.884155788067131,"Not_Significant"
"AL157938.2",-0.721277740228539,5.5394027019562,1.49634587019926,0.237782311583089,0.884155788067131,"Not_Significant"
"EPM2AIP1",0.606517425356844,6.5166062394963,1.49749510059012,0.237791473819559,0.884155788067131,"Not_Significant"
"APBB1IP",-0.420178120413044,9.89145408287377,1.49855710720169,0.237852725382691,0.884155788067131,"Not_Significant"
"IL18",0.555819121991516,7.70682099427549,1.49858011547396,0.237878507389169,0.884155788067131,"Not_Significant"
"NKTR",0.400284170698461,8.42379805534839,1.49797112341521,0.237962289745444,0.884155788067131,"Not_Significant"
"ZFYVE16",-0.416037505406556,7.39768034360112,1.49728836512256,0.238096331367294,0.884155788067131,"Not_Significant"
"CCDC59",0.794259090090979,5.46102798838479,1.48759707573282,0.238180027701168,0.884155788067131,"Not_Significant"
"PLPBP",-0.711280498961599,5.24028242814146,1.49059255117762,0.238242641842438,0.884155788067131,"Not_Significant"
"GYPC",0.848338717780889,6.20289984418831,1.49152431686504,0.238342948497741,0.884155788067131,"Not_Significant"
"TMEM63A",-0.670367265652932,6.27317633267383,1.49100512253985,0.239001319840614,0.884155788067131,"Not_Significant"
"SYPL1",-0.707899838160989,5.80626976382452,1.48956361484349,0.23903239465868,0.884155788067131,"Not_Significant"
"PNN",0.480607334568117,6.59750457195468,1.48929693842424,0.239108010625427,0.884155788067131,"Not_Significant"
"RNF149",0.62725530045876,8.26019136624096,1.49031521807696,0.2391212907381,0.884155788067131,"Not_Significant"
"LMBRD2",0.566106096230262,5.96580032851482,1.48617648606325,0.239122583437528,0.884155788067131,"Not_Significant"
"PGM2L1",-0.654816810684079,5.58571459643797,1.48688452572853,0.239238952502522,0.884155788067131,"Not_Significant"
"AC079594.2",1.14449300402761,5.52415807201292,1.47984026719551,0.239276988829081,0.884155788067131,"Not_Significant"
"MED13L",0.422236466449759,9.81019809699534,1.48907303524324,0.239283211339877,0.884155788067131,"Not_Significant"
"NFIC",0.45185999086577,7.46987350062831,1.48794830030051,0.239478904920407,0.884155788067131,"Not_Significant"
"GATAD1",-0.865782243200886,5.46510196407051,1.48472897781013,0.239507787528468,0.884155788067131,"Not_Significant"
"TEX2",0.696576270336998,5.71104415492132,1.47978245547085,0.239731149862371,0.884155788067131,"Not_Significant"
"SLC10A7",0.687799603497472,6.35605662338028,1.48297430867734,0.239853534990191,0.884155788067131,"Not_Significant"
"C3orf38",0.768957459782168,5.76283738573565,1.47874725013612,0.239901606318345,0.884155788067131,"Not_Significant"
"BAG4",0.818602629361213,5.47704140161345,1.47625912441421,0.239915976144218,0.884155788067131,"Not_Significant"
"CD163",1.05508039396439,6.57104755386244,1.48130845301802,0.24004494193228,0.884155788067131,"Not_Significant"
"LMO2",0.73577455175889,5.92874392860458,1.47903099537354,0.240044970137806,0.884155788067131,"Not_Significant"
"ARMC2",0.807372619271512,5.57985135677757,1.4753880353306,0.240162988977481,0.884155788067131,"Not_Significant"
"TGOLN2",0.499570984872269,6.67653365191589,1.48212652467209,0.240219394429502,0.884155788067131,"Not_Significant"
"FBXO28",0.506116753994951,6.71915535004305,1.48016876137345,0.240528990414154,0.884523360149994,"Not_Significant"
"PTPRC",0.60023833693908,9.328649073611,1.47847365678762,0.240898212574223,0.884523360149994,"Not_Significant"
"PARP8",0.467800764135826,7.9792052966161,1.47780558054231,0.241025550160961,0.884523360149994,"Not_Significant"
"SLC43A2",-0.707321668227526,5.63348365566702,1.47503843644218,0.241104312186532,0.884523360149994,"Not_Significant"
"SNRPG",-0.724135550174107,5.70750534026889,1.47546857024269,0.241106787685067,0.884523360149994,"Not_Significant"
"TOMM7",-0.495133218176312,7.08325917690552,1.47719825122799,0.241151233779864,0.884523360149994,"Not_Significant"
"CPNE8",0.913753126046357,5.90573382387343,1.47024339747026,0.241230161656395,0.884523360149994,"Not_Significant"
"RASSF3",0.708009258229337,5.97442613708354,1.47153236179175,0.241277185691382,0.884523360149994,"Not_Significant"
"TGFB1",0.525024879628514,7.12243409359779,1.47337523127386,0.241658093437656,0.884755039644489,"Not_Significant"
"CTSZ",0.626458239550093,6.95624743120768,1.47260510946024,0.241721815018657,0.884755039644489,"Not_Significant"
"CYCS",-0.663470437158435,5.64768662758454,1.46952319615501,0.241948532700935,0.884755039644489,"Not_Significant"
"HIST1H4E",2.10591587984492,4.59219009338257,1.46522363609113,0.24201549820305,0.884755039644489,"Not_Significant"
"RAP2C-AS1",-0.547763332694419,5.67277672576231,1.46849064014122,0.242102655515311,0.884755039644489,"Not_Significant"
"HIBCH",0.448721374084157,7.63538576741655,1.46917019421926,0.242348944062245,0.884755039644489,"Not_Significant"
"SNX18",-0.541108787155388,5.7327032082071,1.46714448085305,0.242352861145564,0.884755039644489,"Not_Significant"
"AC004158.1",-0.751637340783335,5.99561107588967,1.46795887662244,0.242433553968472,0.884755039644489,"Not_Significant"
"ANKAR",0.56048633470023,6.89053942848894,1.46772193929775,0.242472794451064,0.884755039644489,"Not_Significant"
"POMT1",-0.963557310691766,4.98708234117506,1.45898493006467,0.24265460633298,0.884755039644489,"Not_Significant"
"TCF4",0.395670126554962,9.21334172768188,1.46648331030535,0.242736562415696,0.884755039644489,"Not_Significant"
"C19orf25",-0.511614806986686,5.81595653140074,1.46361916051012,0.242951545632222,0.884755039644489,"Not_Significant"
"CDK10",0.625002269761457,6.12001207969878,1.46039511894345,0.24318375738941,0.884755039644489,"Not_Significant"
"CCNI",0.440589899989651,7.79366820730005,1.46310400994852,0.243285336532886,0.884755039644489,"Not_Significant"
"ATP6V0B",-0.442567012097418,7.45062765913725,1.4628087224323,0.243347790982964,0.884755039644489,"Not_Significant"
"WDFY3",0.390821327128206,8.72044948842101,1.46026663371821,0.243704967469956,0.884755039644489,"Not_Significant"
"CEP290",0.605966853148505,6.9797013612196,1.4592630528733,0.243789851072438,0.884755039644489,"Not_Significant"
"CASP1",1.23290198872304,5.03793119799765,1.44990335812119,0.243872540283989,0.884755039644489,"Not_Significant"
"C12orf4",0.79395787202504,5.78301991743777,1.45304387009988,0.243874250665643,0.884755039644489,"Not_Significant"
"STAU2",0.528562586163147,7.35307763269725,1.45900002391985,0.24390021196646,0.884755039644489,"Not_Significant"
"AFG3L2",-0.635005807878353,5.46771700165411,1.45569741661512,0.243905232386776,0.884755039644489,"Not_Significant"
"PCLO",0.573584687273827,7.3261805433345,1.45798167176321,0.244049870709296,0.884755039644489,"Not_Significant"
"TIGAR",0.622145796888783,6.38467749987168,1.45573071232851,0.244095136157502,0.884755039644489,"Not_Significant"
"CDKL1",0.731514376020576,6.68972221759722,1.455471835331,0.24423947518322,0.884844042755492,"Not_Significant"
"RNF114",0.61265580163785,6.38969025869788,1.45385462503523,0.244392932148782,0.884873427931038,"Not_Significant"
"FAM177B",0.645060435410521,8.39638700298349,1.45529376401946,0.244487162096555,0.884873427931038,"Not_Significant"
"BSN",0.89361319213845,5.53534716330854,1.44535118092991,0.244732632864325,0.885328089602727,"Not_Significant"
"GPC6",0.750683403992639,6.58823328341393,1.45003457272638,0.24503215903413,0.885525931735148,"Not_Significant"
"IL15",1.04574545350652,5.4495355319741,1.44144782854923,0.245207933326824,0.885525931735148,"Not_Significant"
"SERF2",0.568942670582124,8.08854102960547,1.45013614267851,0.245296003397829,0.885525931735148,"Not_Significant"
"STK10",-0.554635190526979,6.57635127464028,1.45000563868558,0.245338188412958,0.885525931735148,"Not_Significant"
"SAMD4A",-0.631098817615346,7.56030426330267,1.44964317099561,0.2453867039748,0.885525931735148,"Not_Significant"
"OSBPL9",-0.437748400225982,7.31268757713575,1.44853876707201,0.245572148371718,0.885762431651309,"Not_Significant"
"CBLB",0.534513406891243,6.61727336495257,1.44440441658691,0.24601547602062,0.886473281794454,"Not_Significant"
"USO1",0.464962727073566,6.8034068030067,1.4439316086065,0.246170435601382,0.886473281794454,"Not_Significant"
"UBE2V2",-0.521739749260524,5.86985835989079,1.44306760055369,0.246191804764017,0.886473281794454,"Not_Significant"
"UNK",-0.553184854281023,6.3293624830209,1.44337377526745,0.246339504269003,0.886473281794454,"Not_Significant"
"FAM129A",0.760121152931723,7.18129639935061,1.44226554951903,0.246451294023651,0.886473281794454,"Not_Significant"
"HMOX1",0.964030332453606,5.69484155814966,1.4350067818437,0.246489254204117,0.886473281794454,"Not_Significant"
"FMNL3",-0.435890130548667,7.74259281904856,1.43845929102949,0.24713595909279,0.887481274593584,"Not_Significant"
"STAT3",0.503050087961,7.30586807846267,1.4380306647229,0.247177762031478,0.887481274593584,"Not_Significant"
"NTM",-0.583065716884479,9.41270127537107,1.43706190111318,0.247321367718068,0.887481274593584,"Not_Significant"
"VRK2",-0.481679457685989,7.61336917467189,1.43675679298479,0.247409865496836,0.887481274593584,"Not_Significant"
"RACK1",0.764945690447685,6.75487996466012,1.43240342480561,0.247884404854578,0.887481274593584,"Not_Significant"
"SEC31A",0.448948417495924,7.18179731401818,1.43298124503019,0.247970403027816,0.887481274593584,"Not_Significant"
"SYNE1",0.694555209746641,7.66551044248713,1.4319666375297,0.248145282355674,0.887481274593584,"Not_Significant"
"DUSP10",1.08178170644257,5.04137410033532,1.41926933340903,0.248615870650777,0.887481274593584,"Not_Significant"
"ETV1",-0.95561601904029,5.08301366546183,1.42143069939671,0.248795350388753,0.887481274593584,"Not_Significant"
"TMSB10",-0.460705475952177,9.01906003294352,1.42588688753118,0.249097007713252,0.887481274593584,"Not_Significant"
"ITPR1",0.453048640045307,7.53566740020343,1.42566544248771,0.249157094680484,0.887481274593584,"Not_Significant"
"NREP",-0.867490661396751,5.29491752916869,1.4208104499691,0.249235353937291,0.887481274593584,"Not_Significant"
"AC104596.1",-0.725969418229165,5.82840151810283,1.42366412269609,0.249290663887418,0.887481274593584,"Not_Significant"
"LAIR1",0.823088859837867,6.73217378476096,1.42313233383787,0.249327025318672,0.887481274593584,"Not_Significant"
"FOXN2",0.518008284841705,7.45907010204849,1.42453930415322,0.249328894796431,0.887481274593584,"Not_Significant"
"DAP3",0.483554350465499,6.91214717172036,1.42400997821295,0.249347628479479,0.887481274593584,"Not_Significant"
"AL158071.4",0.711257176380136,6.40273250007826,1.41936359255954,0.24979977492539,0.887481274593584,"Not_Significant"
"VMP1",0.521697242373267,8.09574021096978,1.42124796244566,0.249863078360339,0.887481274593584,"Not_Significant"
"TEP1",1.26047911344343,5.05776278215054,1.41086800971326,0.250104838495958,0.887481274593584,"Not_Significant"
"ARHGEF12",0.440885670999481,7.29243729394148,1.41955412856075,0.250121349381058,0.887481274593584,"Not_Significant"
"AC019205.1",-0.816851443644036,5.09063282188512,1.41120447461801,0.250409945197131,0.887481274593584,"Not_Significant"
"NUTM2A-AS1",0.531636156799121,8.16398169030628,1.41776223646123,0.250420555115614,0.887481274593584,"Not_Significant"
"TTC9C",0.867279657395365,5.31472633713986,1.40807146427501,0.250482191298118,0.887481274593584,"Not_Significant"
"MRPL33",-0.513809233993771,6.06586949441492,1.41637385602469,0.250536278097662,0.887481274593584,"Not_Significant"
"CSGALNACT1",0.621361814069455,9.28084053945041,1.41618595044919,0.250652484435489,0.887481274593584,"Not_Significant"
"TCEAL1",0.961614412014963,5.75813944082897,1.40900270036296,0.250731869083794,0.887481274593584,"Not_Significant"
"TBC1D8B",1.09462194403582,4.93953256748418,1.40488617274128,0.250949666267443,0.887481274593584,"Not_Significant"
"EPM2A",0.723444594892335,5.731960157564,1.40727075505134,0.25114491096517,0.887481274593584,"Not_Significant"
"MARK3",-0.49403217502708,7.93239798415287,1.41312064336673,0.251166134564283,0.887481274593584,"Not_Significant"
"EPN2",-0.416765268099192,7.57436735515656,1.41262596818021,0.251262193056941,0.887481274593584,"Not_Significant"
"METTL14",0.77458252324323,5.55337517482445,1.40465728937117,0.251320300826019,0.887481274593584,"Not_Significant"
"EVA1C",-0.697678200122419,6.469217166379,1.41199923745562,0.251371314401177,0.887481274593584,"Not_Significant"
"BRD9",0.773797008115978,5.72832021120652,1.40538563891769,0.251401367702252,0.887481274593584,"Not_Significant"
"AUP1",0.744286646305992,7.15493770833848,1.41100333018186,0.251432628819619,0.887481274593584,"Not_Significant"
"ARHGAP15",0.49932746407559,9.89458924014976,1.41013948511738,0.25162098174519,0.887481274593584,"Not_Significant"
"AC103591.3",-1.35254402097948,4.43013800161889,1.39155761791507,0.251637511540767,0.887481274593584,"Not_Significant"
"SINHCAF",1.01107148826004,5.1787417021106,1.39956600200452,0.251791364762111,0.887481274593584,"Not_Significant"
"BMP2K",0.481308829577107,9.56608238348931,1.40767754729055,0.252020933374539,0.887481274593584,"Not_Significant"
"RNASEH2B",0.556304779176119,6.63329591575723,1.40541227168032,0.25223728830666,0.887481274593584,"Not_Significant"
"C14orf132",-0.789492634167439,5.17968708435912,1.40033113150388,0.252360414600427,0.887481274593584,"Not_Significant"
"ETFRF1",0.68075644616008,5.48056942511915,1.39809443143411,0.252363692665506,0.887481274593584,"Not_Significant"
"PPA2",0.438496631490632,7.47780154383484,1.40524580421673,0.252439654300969,0.887481274593584,"Not_Significant"
"MBTPS1",0.719861440294395,5.86415662959893,1.40013501847656,0.252454864143921,0.887481274593584,"Not_Significant"
"ITFG1",0.398544030555611,8.4521731602847,1.4049639314565,0.25247780925318,0.887481274593584,"Not_Significant"
"RUNDC3B",0.897474611782917,5.64954698534417,1.39757064963435,0.252504254058804,0.887481274593584,"Not_Significant"
"CHRM3",0.861062872249304,7.37685787103513,1.40395357230625,0.252589598648738,0.887481274593584,"Not_Significant"
"INTU",-0.578226335288788,5.65125441474423,1.40165419396988,0.252672377008607,0.887481274593584,"Not_Significant"
"AL020995.1",0.930895906533905,5.12031272082293,1.39301341014562,0.252819958796905,0.887481274593584,"Not_Significant"
"SIRT2",-0.506726170865093,6.64760472428971,1.40256968759787,0.252900862434266,0.887481274593584,"Not_Significant"
"FGFR1OP2",0.480716707984694,6.90719715951132,1.40047432117969,0.25314293550962,0.887481274593584,"Not_Significant"
"ZNF254",0.509917758239298,6.71772223250984,1.39931973187808,0.253272967052704,0.887481274593584,"Not_Significant"
"ZCCHC24",0.846003365548102,5.82903573272601,1.39337675584566,0.253429747499927,0.887481274593584,"Not_Significant"
"CNTN4",0.782880914735978,7.18174422315801,1.39785132135838,0.253562897376045,0.887481274593584,"Not_Significant"
"EIF3J",0.639913265949805,6.13345025673715,1.39378307898041,0.253791010501776,0.887481274593584,"Not_Significant"
"COQ10B",-0.776884804684662,5.19849580755516,1.39087493102288,0.253917366532316,0.887481274593584,"Not_Significant"
"BTK",-0.765741645706731,5.29088946014413,1.3916900575001,0.253935896784195,0.887481274593584,"Not_Significant"
"GXYLT1",0.754800090370215,5.4307142678211,1.38764773686299,0.253983350442074,0.887481274593584,"Not_Significant"
"SSBP3",0.450248010038864,6.83391579302669,1.39447856716232,0.254111542221577,0.887481274593584,"Not_Significant"
"SDCBP",0.928718169822508,6.65681968276206,1.39238195041233,0.254222276793466,0.887481274593584,"Not_Significant"
"ANAPC7",0.774175557508275,5.55062280368941,1.38686155551671,0.254235457598388,0.887481274593584,"Not_Significant"
"SIRT7",0.90775987919083,5.54578031796407,1.38593362765235,0.25431068684634,0.887481274593584,"Not_Significant"
"AQP4",0.768588846531444,6.6849324190813,1.39127196318554,0.254479102987686,0.887481274593584,"Not_Significant"
"UGGT2",0.401202642599752,7.79652956762923,1.39159598817277,0.254672117857545,0.887481274593584,"Not_Significant"
"PTPRT",0.746439885120202,6.89378083915219,1.38927973090775,0.254900996209193,0.887481274593584,"Not_Significant"
"SRSF11",0.396948546671003,8.32363619788553,1.39010737894118,0.254906426102573,0.887481274593584,"Not_Significant"
"WAS",1.17329763618485,5.10686487674959,1.38019310742484,0.255059748747777,0.887481274593584,"Not_Significant"
"GORASP2",1.17120892769704,5.2309589401731,1.37920867684823,0.255218614191725,0.887481274593584,"Not_Significant"
"VPS51",-0.507605829928354,5.83812115806963,1.38680845645023,0.255225114191234,0.887481274593584,"Not_Significant"
"BRD4",0.512756717575716,6.72491548813577,1.3866411788488,0.255351071491835,0.887481274593584,"Not_Significant"
"NDUFB7",-0.53072612330973,6.3106460782657,1.38679802869224,0.255432994187181,0.887481274593584,"Not_Significant"
"MAN1A1",0.530522657696813,7.59982173851101,1.38634011368038,0.255529505690665,0.887481274593584,"Not_Significant"
"CSF3R",-0.442885875439917,8.10875694178006,1.38607908519298,0.255567565251683,0.887481274593584,"Not_Significant"
"LINC00278",0.660274426670963,7.3576422973738,1.38549883701001,0.255638854737774,0.887481274593584,"Not_Significant"
"WIPF3",0.569365778368361,6.38510741023511,1.38204728374143,0.255936505957234,0.887481274593584,"Not_Significant"
"TFG",-0.654379844686356,6.28989445723137,1.38220710282884,0.25620276996263,0.887481274593584,"Not_Significant"
"XPO6",-0.421362630281164,6.63956515066774,1.38231022227306,0.256214639190591,0.887481274593584,"Not_Significant"
"LINC00894",-0.47324017781094,6.60248488938084,1.38224498499547,0.256225474527777,0.887481274593584,"Not_Significant"
"SERPINI1",-0.518728931338553,6.95681336503299,1.3820591177365,0.256274825918192,0.887481274593584,"Not_Significant"
"PPIG",0.505491838091605,7.37302152721013,1.38138336926029,0.256337743835382,0.887481274593584,"Not_Significant"
"TBC1D5",0.358804835261769,9.64043370873013,1.37998598491196,0.256555004025604,0.887481274593584,"Not_Significant"
"LYL1",1.1971928510514,5.31651719773195,1.37088671881986,0.256619830029479,0.887481274593584,"Not_Significant"
"ITGA5",1.14764198563796,5.08870240154828,1.37016667969836,0.256716613605662,0.887481274593584,"Not_Significant"
"PKNOX1",0.682352527478514,5.83284852767069,1.37411606772123,0.256741232409163,0.887481274593584,"Not_Significant"
"LRRC4B",-0.618087843779517,5.82195421690852,1.3763349176914,0.256974965930289,0.887865711757715,"Not_Significant"
"RNF130",0.40576628209234,9.11123568738508,1.37677573455004,0.257092833010661,0.887865711757715,"Not_Significant"
"C1QB",0.850048622236686,9.66270096000094,1.3757282650921,0.257264218536021,0.888042421647472,"Not_Significant"
"MAP3K3",0.563327825658018,7.04795520908295,1.37207477749637,0.257834518851484,0.889520697333465,"Not_Significant"
"MFSD11",0.502237777316263,6.713597042301,1.37106412067988,0.257933306306793,0.889520697333465,"Not_Significant"
"LTN1",-0.480008202865151,5.7214040066998,1.36799010828158,0.258259788177687,0.889846267253255,"Not_Significant"
"CYSTM1",0.525666190448929,6.40195418950201,1.36757102725493,0.258378429816572,0.889846267253255,"Not_Significant"
"HIF1A",0.573566541534438,8.34461794250444,1.3687992850347,0.258439996809701,0.889846267253255,"Not_Significant"
"ATP8B1",0.522650634104854,6.99581437087329,1.36761977227715,0.258577253674806,0.889846267253255,"Not_Significant"
"ABRAXAS2",0.847350258652251,5.30034205824377,1.35738655161035,0.258874833678355,0.889846267253255,"Not_Significant"
"NR2F1",0.765511847668104,5.43703629395788,1.35804414640444,0.258933187666364,0.889846267253255,"Not_Significant"
"CLASP2",-0.401637160913153,9.3511821932301,1.36523554470983,0.259014417676646,0.889846267253255,"Not_Significant"
"RAPGEF2",0.386837834262761,8.37893021392257,1.36361701876714,0.259306174529479,0.889846267253255,"Not_Significant"
"DPYD-AS1",0.647680524483324,6.13989537647051,1.3599844980011,0.259417528996376,0.889846267253255,"Not_Significant"
"ENO2",-0.667867817220883,7.01368067443175,1.36224238786036,0.259582791372817,0.889846267253255,"Not_Significant"
"RIPK2",0.878499718663403,5.32182527788559,1.35164139442271,0.259862659007803,0.889846267253255,"Not_Significant"
"USP25",0.429350079042864,7.20313821245673,1.3602092546283,0.259867444585605,0.889846267253255,"Not_Significant"
"ODF2L",0.500043648962863,6.22219191715661,1.35771179931072,0.259941209128426,0.889846267253255,"Not_Significant"
"TSPOAP1-AS1",1.4529674617189,4.7855541476624,1.3528227481323,0.259955035835809,0.889846267253255,"Not_Significant"
"IFT43",-0.55400719918553,5.86704576305436,1.35674106388528,0.260273860561683,0.889846267253255,"Not_Significant"
"LANCL1",-0.657342122382141,7.35873675278867,1.35764959210918,0.260342953203191,0.889846267253255,"Not_Significant"
"FAM160B1",0.837652362939409,5.29085295455422,1.34842149930546,0.260394435039766,0.889846267253255,"Not_Significant"
"SPPL3",0.407443665670759,7.97602721097236,1.35624526709815,0.260557961099625,0.889846267253255,"Not_Significant"
"PDSS2",0.419234074947721,7.46729136413842,1.35518421892161,0.260734564153689,0.889846267253255,"Not_Significant"
"CCZ1",0.995610592090629,5.16722134244946,1.34549638034432,0.260824494309716,0.889846267253255,"Not_Significant"
"RPS6KA5",0.443840999312432,7.51491627902059,1.3546304766069,0.260828304715907,0.889846267253255,"Not_Significant"
"USP39",0.414931587157541,9.24341323760395,1.35317408078494,0.26105268254812,0.889846267253255,"Not_Significant"
"ZC3H15",0.635814614001445,6.39815119832983,1.3500940360137,0.261278827666261,0.889846267253255,"Not_Significant"
"LSS",-0.646308714876406,6.29069921790797,1.34987351468524,0.261619904386317,0.889846267253255,"Not_Significant"
"SYNDIG1",-0.575833714562617,9.4884822293753,1.34626576241671,0.262222824336637,0.889846267253255,"Not_Significant"
"MAGI3",0.45153703148393,6.7318540137212,1.34493667875067,0.26236672273617,0.889846267253255,"Not_Significant"
"AURKAIP1",-0.70961833704248,5.49318283256979,1.3428297069115,0.26236804383527,0.889846267253255,"Not_Significant"
"NUDC",-0.590519224430375,5.88873679107672,1.34449823161182,0.262379850958877,0.889846267253255,"Not_Significant"
"ADAP2",-0.502763646701925,7.55936225825023,1.34463670274736,0.262543810997798,0.889846267253255,"Not_Significant"
"PUM2",0.389325345532409,8.19102794834199,1.34447456111435,0.262553837088012,0.889846267253255,"Not_Significant"
"DNAH11",-0.695073516601399,5.4187258228159,1.3408652196956,0.262609106675006,0.889846267253255,"Not_Significant"
"ZNF675",0.692736821720337,5.93928168806856,1.3395201205439,0.262698438929099,0.889846267253255,"Not_Significant"
"ERCC8",0.579737244486073,5.85677523595124,1.33890795056504,0.262791073512194,0.889846267253255,"Not_Significant"
"PRMT2",0.419341613506144,7.97531169322614,1.34219650178098,0.26294794633242,0.889846267253255,"Not_Significant"
"GAB1",-0.428411075384119,8.66509130304168,1.34201538850884,0.262956198440756,0.889846267253255,"Not_Significant"
"MTREX",-0.392317299138597,6.91701095250487,1.34199040797436,0.263011637407515,0.889846267253255,"Not_Significant"
"TNK2",0.426458686335455,6.48635773021049,1.33976978751193,0.26317170828399,0.889846267253255,"Not_Significant"
"TRAK2",-0.553083132382289,5.95166836810506,1.33994416704155,0.263182796317526,0.889846267253255,"Not_Significant"
"KIAA1958",0.552135073073043,6.58684539440798,1.33624310700008,0.263776027791166,0.889846267253255,"Not_Significant"
"EEF1A1",0.753511793452471,8.0407035387745,1.33653493830648,0.263914928180008,0.889846267253255,"Not_Significant"
"TMEM258",-0.56470255516373,6.33991670058314,1.33637300481532,0.263931565321113,0.889846267253255,"Not_Significant"
"METTL9",0.448675583152865,6.67027781730144,1.33565708400794,0.263940603169635,0.889846267253255,"Not_Significant"
"PGS1",0.775600523201802,5.44578670573535,1.32883614125107,0.263941749918444,0.889846267253255,"Not_Significant"
"DPY19L2",0.92263004407617,5.35685889230742,1.32769074406089,0.263998592370446,0.889846267253255,"Not_Significant"
"WDR17",0.677891791778579,5.93597407012741,1.33033869623474,0.264280363701653,0.889846267253255,"Not_Significant"
"TBL1X",-0.497442538737716,6.49879321264218,1.33347118914938,0.264453558903356,0.889846267253255,"Not_Significant"
"LRP12",0.948633650485008,5.13309845724659,1.32346135351941,0.264605660415113,0.889846267253255,"Not_Significant"
"MKLN1",0.343297419498756,9.06211963500787,1.332310566948,0.264623728763562,0.889846267253255,"Not_Significant"
"RAB14",0.517265396033168,6.30802118035534,1.33031012745808,0.264677233559463,0.889846267253255,"Not_Significant"
"XRCC6",0.689708481272106,6.03669347657971,1.32720046404766,0.264905934033273,0.889846267253255,"Not_Significant"
"CREG2",-0.735144730567757,5.66020830172327,1.32842136412963,0.265015008042595,0.889846267253255,"Not_Significant"
"BCLAF1",0.414344184858539,7.18985764980317,1.32941847281847,0.265126078192007,0.889846267253255,"Not_Significant"
"TMF1",0.681941936732217,6.03083228661754,1.32589241878226,0.265132545486084,0.889846267253255,"Not_Significant"
"ESYT2",-0.451600663168239,6.57984176057589,1.32933379078183,0.26517320525201,0.889846267253255,"Not_Significant"
"MARS",-0.560825868555468,6.15429153078496,1.3285371473724,0.265238224512213,0.889846267253255,"Not_Significant"
"AIF1",0.773587659581578,6.8033136077756,1.32576603338161,0.265599135632478,0.889846267253255,"Not_Significant"
"EVL",-0.355375041823977,8.48039593881763,1.32627306261468,0.265673472363526,0.889846267253255,"Not_Significant"
"ASCC2",-0.623136098233056,5.87837697925454,1.32452890962963,0.265817209795603,0.889846267253255,"Not_Significant"
"CTSA",0.597391525711179,6.09210532099491,1.32222198019437,0.265884500315164,0.889846267253255,"Not_Significant"
"THADA",0.415876422389329,7.58333395139157,1.32485556382895,0.265938860348444,0.889846267253255,"Not_Significant"
"DCXR",0.775799518992851,5.61697287184652,1.31772766716647,0.266073006936751,0.889846267253255,"Not_Significant"
"TMEM14C",-0.670246085702151,5.35631352160306,1.32020068238508,0.266096394935313,0.889846267253255,"Not_Significant"
"NUAK1",0.488096714686225,6.96679757249763,1.32275373985064,0.2662392114453,0.889846267253255,"Not_Significant"
"ARMH1",0.916611336944641,5.72833142386847,1.31674160540065,0.26627219104947,0.889846267253255,"Not_Significant"
"RIF1",0.49208643123552,6.96486085235045,1.32244012659795,0.266293681023307,0.889846267253255,"Not_Significant"
"CEP85L",0.5507643766695,7.34229999830342,1.32226710510868,0.266366660395905,0.889846267253255,"Not_Significant"
"C6orf62",0.570471151885215,7.23463195363762,1.32124098371711,0.266532304742121,0.889846267253255,"Not_Significant"
"SLC9A9",0.512069482661744,9.9686454310483,1.32085438743061,0.266604957506593,0.889846267253255,"Not_Significant"
"PEX13",-0.567926033099775,5.41897539565695,1.31570222412125,0.266940069279197,0.889846267253255,"Not_Significant"
"SLC2A9",0.485796894720355,6.38489506203489,1.31724249959601,0.267003315917523,0.889846267253255,"Not_Significant"
"CAMSAP2",0.391317649658564,7.61243687487183,1.31803889401372,0.267128172802737,0.889846267253255,"Not_Significant"
"HEATR3",0.815204565740056,5.50325839548682,1.31006413572157,0.267252413360494,0.889846267253255,"Not_Significant"
"SLC7A7",0.817571997130226,6.06134324970338,1.31314737347327,0.267312286897166,0.889846267253255,"Not_Significant"
"LGR4",0.581292090358663,6.08792970594256,1.31375622866714,0.267375439723879,0.889846267253255,"Not_Significant"
"OGDH",0.46287540219925,6.42305382291822,1.31525132324901,0.267381996967444,0.889846267253255,"Not_Significant"
"MRRF",0.542963303901967,5.94643541381818,1.31297817863094,0.267409623070161,0.889846267253255,"Not_Significant"
"TESK2",-0.588500638165985,6.43865422933942,1.3161173715585,0.267467405294099,0.889846267253255,"Not_Significant"
"TCAIM",-0.456550340973095,6.45481338675884,1.31516135442993,0.267624229427766,0.889846267253255,"Not_Significant"
"GNB2",0.704723983421562,5.81704758566886,1.31038521132455,0.267631043827837,0.889846267253255,"Not_Significant"
"GRM3",-0.466300622060658,7.79738212153477,1.31471245092768,0.26771041188556,0.889846267253255,"Not_Significant"
"TMUB2",0.791082026001142,5.45621070044057,1.30692641039995,0.267785061879516,0.889846267253255,"Not_Significant"
"APP",-0.480496676731889,8.58114467125929,1.31342613962571,0.267912736634246,0.889870227300888,"Not_Significant"
"HPS5",-0.584738703390552,5.73526109625414,1.3084606899884,0.268532967500338,0.891331543728427,"Not_Significant"
"PIGL",-0.68589929485822,6.04249974683158,1.30917208804475,0.268594018727424,0.891331543728427,"Not_Significant"
"UBE3D",0.494743264549078,6.71090932044342,1.30780399933045,0.2687930822066,0.891355614254539,"Not_Significant"
"SMG1",0.469690148289267,7.34710100548363,1.30775296925415,0.268918828904803,0.891355614254539,"Not_Significant"
"TMEM132C",-0.703407677180458,5.74096514499153,1.30617081679183,0.268963268468034,0.891355614254539,"Not_Significant"
"SEM1",0.446525829010294,6.99899796721431,1.30627622692812,0.269141952328953,0.891547803521961,"Not_Significant"
"DGKD",-0.508366854771337,5.92292748400816,1.30438590257934,0.269352581830817,0.891554396869125,"Not_Significant"
"MAGI1",0.488310861005472,8.25180842745958,1.30469442480014,0.26946685376682,0.891554396869125,"Not_Significant"
"RPS25",0.591337246573898,7.47281647608201,1.30405484911429,0.269570058031467,0.891554396869125,"Not_Significant"
"CHSY3",0.381323148021617,8.46916057846922,1.30168291015992,0.269993712475432,0.891554396869125,"Not_Significant"
"DIAPH1",0.561726321019382,5.70706831218271,1.29613485551779,0.270134887319157,0.891554396869125,"Not_Significant"
"ROBO2",0.564378571675679,8.87916361178551,1.30062438447616,0.270174984532576,0.891554396869125,"Not_Significant"
"IKBKB",-0.425890866698815,6.81241567844417,1.30060745002471,0.270222778227213,0.891554396869125,"Not_Significant"
"DNM3",-0.497826283097283,9.17571775014979,1.30022123616513,0.270236670480486,0.891554396869125,"Not_Significant"
"CPSF6",0.382311918457367,7.16309474633473,1.3002525820132,0.270239497706113,0.891554396869125,"Not_Significant"
"EPRS",-0.531126911550885,6.08458750412881,1.29795726165442,0.270575185336797,0.891554396869125,"Not_Significant"
"RAB30",-0.541891978112203,6.66015101331764,1.29824012687157,0.270642333978884,0.891554396869125,"Not_Significant"
"CACNA1B",0.703910709013199,7.22978526621276,1.29742835418437,0.270703029028462,0.891554396869125,"Not_Significant"
"RBM25",0.404419812177021,8.01092486165218,1.2976945330912,0.270712943302754,0.891554396869125,"Not_Significant"
"SEC23A",-0.465361266614811,6.32627711284259,1.29637912141705,0.270916890223556,0.891766776744212,"Not_Significant"
"EBI3",0.827774362767924,6.14730843268122,1.29061795154455,0.271365807910315,0.891766776744212,"Not_Significant"
"FKBP15",-0.447188882400889,6.82912147334073,1.29394097163957,0.271410916080886,0.891766776744212,"Not_Significant"
"AP001636.3",1.69443788009137,5.20603934007014,1.28774498841821,0.271469070048892,0.891766776744212,"Not_Significant"
"SGK1",-0.423067373919799,8.53990785736572,1.29262081599476,0.271598059313469,0.891766776744212,"Not_Significant"
"PLP1",-0.48313352341512,10.336677738193,1.29113210009441,0.271853095279606,0.891766776744212,"Not_Significant"
"AC009948.1",0.955491323994201,5.24883234370288,1.28290257451781,0.271858563399169,0.891766776744212,"Not_Significant"
"AC139887.2",0.568093274115809,6.17703742445863,1.28856821980928,0.271917602660299,0.891766776744212,"Not_Significant"
"NSD2",0.460564966310274,6.51675413319882,1.2895332635432,0.27198124138527,0.891766776744212,"Not_Significant"
"POU6F2",0.81728359889617,6.28423471503746,1.28782283205609,0.271984641668432,0.891766776744212,"Not_Significant"
"ZNF720",0.81156621194271,5.38157821567003,1.2810712848107,0.272316816145431,0.892440081048588,"Not_Significant"
"KAT6A",0.443893885410844,7.7417986397711,1.28791945917723,0.272461440277842,0.892440081048588,"Not_Significant"
"PDE7A",0.536828523164311,6.97216139205132,1.28664444874629,0.272617334778132,0.892440081048588,"Not_Significant"
"OTULIN",-0.504760742734679,5.6903983749006,1.2844571646976,0.272747470015236,0.892440081048588,"Not_Significant"
"KIAA1211L",0.660909813182767,6.14819554213875,1.28273891872745,0.272895137888496,0.892440081048588,"Not_Significant"
"C1orf162",1.02741813080452,6.73882736585876,1.28346211317723,0.272950323865666,0.892440081048588,"Not_Significant"
"XPO7",0.623554466130625,6.21947367831919,1.28176290633859,0.273144630129492,0.892440081048588,"Not_Significant"
"RANBP2",0.440581520292805,6.87474132295722,1.28358878196923,0.273166972836467,0.892440081048588,"Not_Significant"
"COMMD1",-0.350639589962533,7.60874871008902,1.28343382188706,0.273277306529296,0.892440081048588,"Not_Significant"
"AC110023.1",1.28718933645112,5.07861884820387,1.27333080976187,0.273741452302548,0.892647591416736,"Not_Significant"
"RAB32",0.835472026023057,5.66255712012217,1.27375126591087,0.273938248181322,0.892647591416736,"Not_Significant"
"GCFC2",0.49118668006189,6.30458455911826,1.27801222283486,0.273940984869267,0.892647591416736,"Not_Significant"
"DNAJC10",-0.585149858376536,6.28279768764733,1.27709459170332,0.274386216836543,0.892647591416736,"Not_Significant"
"LINC01135",-0.636759610558354,5.59761378397827,1.27444938018716,0.274515693451146,0.892647591416736,"Not_Significant"
"NASP",0.39060413213629,7.13194167880653,1.27574645402699,0.274632825010413,0.892647591416736,"Not_Significant"
"EFL1",-0.477372443873692,5.92240898631688,1.27471444609782,0.274661608285712,0.892647591416736,"Not_Significant"
"EGFR",0.9568035671174,5.38157308193526,1.26768436834463,0.274715214642581,0.892647591416736,"Not_Significant"
"DPY30",-0.576203031131042,5.58129366491901,1.27310420057314,0.274729315619132,0.892647591416736,"Not_Significant"
"SLC30A5",-0.552748178224482,5.67170755581143,1.27337414132638,0.274753547147393,0.892647591416736,"Not_Significant"
"DAGLB",-0.464916168006315,6.31331306528702,1.27438325514681,0.274870673015424,0.892647591416736,"Not_Significant"
"BUB3",0.624418636195395,5.99415576207767,1.27114044242303,0.274891093362264,0.892647591416736,"Not_Significant"
"KMT2A",0.371130061900716,7.55137183412914,1.27427691331562,0.27492488996077,0.892647591416736,"Not_Significant"
"SLC17A9",1.32260375810671,5.41324603929836,1.26605981742244,0.275032613789697,0.892647591416736,"Not_Significant"
"HACL1",0.608525602194014,5.77653225263897,1.26823055681044,0.275221856534881,0.892714327933867,"Not_Significant"
"TULP3",0.861410745732797,5.6910995074066,1.26623686861658,0.275315806100177,0.892714327933867,"Not_Significant"
"RFC3",0.843809125108201,5.49712632685982,1.26466707987234,0.275415724023458,0.892714327933867,"Not_Significant"
"ZFHX2",-0.871691757703991,5.4755632761459,1.26758036807278,0.275725220129002,0.893138680352074,"Not_Significant"
"MED10",-0.693267098393307,5.549335768638,1.26726627658512,0.275788456732514,0.893138680352074,"Not_Significant"
"SACM1L",0.547806670387547,6.34893760836179,1.26716147298685,0.275916573781111,0.893162020386093,"Not_Significant"
"ARPP21",0.59493655433703,7.41836617823291,1.2670145091707,0.276226248667954,0.893433691383923,"Not_Significant"
"PRKCH",0.48387273253677,7.0826742519325,1.26680275405021,0.276242392191807,0.893433691383923,"Not_Significant"
"SNX29",-0.429057062219299,8.67744289517686,1.26619038086082,0.276374539571993,0.893469901014577,"Not_Significant"
"AGO2",0.645710052134123,6.48236793344401,1.26330555384107,0.276652830304469,0.893978327847381,"Not_Significant"
"PSEN1",-0.377524969689607,7.38891000300356,1.26397974203481,0.276821282957059,0.893990841940277,"Not_Significant"
"FTL",0.607328802331049,10.815257587338,1.26328089394199,0.276898747307345,0.893990841940277,"Not_Significant"
"ZNF708",-0.624929711566813,6.04153568790418,1.26197435268589,0.277076756443211,0.894152048573786,"Not_Significant"
"ECHDC1",0.535252265140503,6.76568105378427,1.26073315754885,0.277277642687012,0.894152048573786,"Not_Significant"
"RPS6KA3",0.477957172872769,8.11579615454575,1.26118566212042,0.277311810380742,0.894152048573786,"Not_Significant"
"MCFD2",0.737640463937434,5.74384515784936,1.25481118271663,0.277564811255947,0.894369464008429,"Not_Significant"
"FNIP2",0.404611919695093,7.85609301388907,1.25851367617185,0.277807646417641,0.894369464008429,"Not_Significant"
"INO80D",0.46904171995762,6.51792267178045,1.25572406388935,0.278132849344903,0.894369464008429,"Not_Significant"
"COMT",0.487680553346291,6.28824760971596,1.25454914407645,0.278228727010075,0.894369464008429,"Not_Significant"
"USP16",-0.450520145795011,6.57900148449247,1.25623131675544,0.278237880112244,0.894369464008429,"Not_Significant"
"CAPRIN1",0.487178130809928,6.44001898675417,1.25446900780191,0.278324718019862,0.894369464008429,"Not_Significant"
"RNF220",-0.660622913007806,9.41545066780256,1.25543990402833,0.278344021660966,0.894369464008429,"Not_Significant"
"ATP8A1",-0.444547743025036,8.46337602544855,1.25272010942649,0.278857191777637,0.894369464008429,"Not_Significant"
"FBXO38",0.471217295176106,6.2728711652444,1.25042370125505,0.278992661011685,0.894369464008429,"Not_Significant"
"NUP54",0.571832843052847,5.84921952947102,1.24776086702192,0.279094929273575,0.894369464008429,"Not_Significant"
"RALYL",0.665062736231673,8.79399709510226,1.25113941512434,0.279153789063458,0.894369464008429,"Not_Significant"
"RUNX1",0.446622957971702,9.5997488636707,1.25052448107379,0.279255210221203,0.894369464008429,"Not_Significant"
"TMEM161B-AS1",0.357810802023135,8.1305543382357,1.25050924352162,0.279282094171678,0.894369464008429,"Not_Significant"
"NPIPA1",0.979829234381057,5.26552587859492,1.24213734570659,0.279371064984879,0.894369464008429,"Not_Significant"
"GNPTAB",0.634127500683188,6.30735655053778,1.24772375048859,0.279442370869477,0.894369464008429,"Not_Significant"
"STX5",-0.627628586378617,5.90668172442731,1.24845009082487,0.27950876609123,0.894369464008429,"Not_Significant"
"CNTN5",0.719757202050256,7.9337060892979,1.24901705379496,0.279557716511913,0.894369464008429,"Not_Significant"
"PQLC1",0.689513169915733,5.65830954856671,1.24306561362915,0.279685445090392,0.894369464008429,"Not_Significant"
"PUS7L",-0.526141826856823,6.45991614996162,1.2477494245414,0.279798888398615,0.894369464008429,"Not_Significant"
"PDS5A",0.411398598895847,7.96517296077312,1.24768509773894,0.279810159989437,0.894369464008429,"Not_Significant"
"MCRIP2",1.07910707543146,5.33779086197848,1.23832822494886,0.280125362089498,0.894369464008429,"Not_Significant"
"YBX3",0.824930116728719,5.38933352036719,1.23822396249919,0.280224889938116,0.894369464008429,"Not_Significant"
"GRM1",0.769062034100654,5.72238690730871,1.24016499765349,0.280243367787795,0.894369464008429,"Not_Significant"
"DKK3",-0.564977256744422,6.847930350607,1.244597971206,0.280418376271429,0.894369464008429,"Not_Significant"
"FGF14",0.711366919800096,8.76855559397137,1.24397510656572,0.28048733920799,0.894369464008429,"Not_Significant"
"DUBR",-0.49471167866786,6.38305116371373,1.24376040078894,0.280527148789431,0.894369464008429,"Not_Significant"
"AP002954.1",0.806475800327525,5.5767551865839,1.23661797606477,0.28072870479711,0.894521982994785,"Not_Significant"
"C19orf66",0.766287063010965,5.89812048123706,1.23750854250948,0.280937022305819,0.894521982994785,"Not_Significant"
"FA2H",-0.641658596236365,6.70786463913573,1.24180846297078,0.280938270007838,0.894521982994785,"Not_Significant"
"ULK4",0.570100134633281,6.58017958370957,1.23990198330966,0.281065923606054,0.894542859835382,"Not_Significant"
"LILRB1",0.784607901310792,6.59204233294895,1.23778955926396,0.281386246922676,0.895176660645051,"Not_Significant"
"TMEM106B",-0.515662272982134,6.21282316324221,1.23789310356005,0.281585170393221,0.895423871586193,"Not_Significant"
"MAP7",-0.547188192390885,8.91885806468799,1.23560321516845,0.28204363519495,0.896169400435917,"Not_Significant"
"GOLGB1",0.39624060619198,7.05036995606539,1.23514836330206,0.282120497019706,0.896169400435917,"Not_Significant"
"CCNG2",0.719527530220091,5.40234720115495,1.22819785107166,0.282183569163929,0.896169400435917,"Not_Significant"
"SLC25A27",0.740924469306533,5.74546328688232,1.22912017612463,0.282375669072922,0.896231825913496,"Not_Significant"
"FOXK2",-0.396999862848882,6.80178528833357,1.23355447764968,0.282478500483165,0.896231825913496,"Not_Significant"
"EHBP1",0.375455425824106,7.72179408536328,1.23297134299659,0.282567202186616,0.896231825913496,"Not_Significant"
"RCC1L",-0.714427873710913,5.06720594838991,1.22536890133232,0.282909274333099,0.896931677896394,"Not_Significant"
"RANBP17",-0.585614484921036,5.55600634252937,1.22656475018562,0.283345228318941,0.897195542293464,"Not_Significant"
"EEF1B2",0.824017908461085,5.81089801872103,1.22404147229276,0.283351678279372,0.897195542293464,"Not_Significant"
"ROCK1",0.477929199494745,7.83848278248038,1.22841380415128,0.283425454832794,0.897195542293464,"Not_Significant"
"RAB1A",0.432883029967912,7.77352448915405,1.22775050954504,0.283551927113827,0.897195542293464,"Not_Significant"
"ZNF106",0.446541867825767,7.00191515426386,1.22722909283003,0.283599782219472,0.897195542293464,"Not_Significant"
"GLUL",-0.602746643729251,8.15376339009571,1.22538994156932,0.283985286722463,0.898030527833405,"Not_Significant"
"PGRMC1",-0.628763226318994,6.14865117371408,1.2228173761393,0.284427818644847,0.898722635591512,"Not_Significant"
"YME1L1",-0.517837507577602,6.52331291265523,1.22284918877979,0.284491726753058,0.898722635591512,"Not_Significant"
"STX18-AS1",-0.689604412798993,5.64291774231936,1.22073609710763,0.284569141011039,0.898722635591512,"Not_Significant"
"DDX17",0.378910794003428,8.80132180517433,1.22150080207143,0.284718650448967,0.89881054310535,"Not_Significant"
"RASGEF1C",-0.64417913338745,7.98934411502707,1.22001124886005,0.285014404514053,0.899216299079915,"Not_Significant"
"USE1",-0.683049084208087,5.25729959571403,1.21568330918433,0.285090641998804,0.899216299079915,"Not_Significant"
"AL669831.5",0.719412592099,5.40320146659656,1.21044638430194,0.285578121163744,0.900369432794099,"Not_Significant"
"ZNF398",0.639865337889745,5.88070147516945,1.21218255780892,0.285807308841065,0.900707589764909,"Not_Significant"
"MYLIP",0.657291865548471,5.63182875505539,1.2095972811998,0.28603500929729,0.901040773423916,"Not_Significant"
"ZNF420",0.717736502290616,5.40315513497292,1.20734756734997,0.286175894170674,0.901100311269722,"Not_Significant"
"RPAIN",-0.481307686317526,6.03540424930073,1.21259295631751,0.286317037931214,0.901160613207447,"Not_Significant"
"USP36",0.622129684057367,5.75830230415119,1.20805870055057,0.28649093937978,0.901323922145841,"Not_Significant"
"IGIP",0.860561295786708,5.17861180946131,1.20375702361701,0.286633505531377,0.901388550600377,"Not_Significant"
"GCNT2",-0.477388024640288,6.76443958145256,1.21003034084367,0.286958560424362,0.902026759938197,"Not_Significant"
"POMP",-0.534562978802038,6.16097522988111,1.20708116199926,0.287436637149752,0.902500993561614,"Not_Significant"
"MIA3",0.612078363858253,6.4630737282522,1.20577738970966,0.28749179818529,0.902500993561614,"Not_Significant"
"PRMT9",0.891174311996319,5.71013903414163,1.20101359197587,0.287630232399547,0.902500993561614,"Not_Significant"
"CA2",0.668734132654124,6.34781738298899,1.20400837556343,0.287742530874081,0.902500993561614,"Not_Significant"
"DYNC1I1",-0.554246150431263,7.16479136587625,1.20548789355678,0.287836121060298,0.902500993561614,"Not_Significant"
"NSUN3",-0.438771587063602,6.44123192872757,1.20500026750533,0.287891402125733,0.902500993561614,"Not_Significant"
"TTLL5",-0.371670475542934,7.03367366617436,1.20481688095737,0.287964646246748,0.902500993561614,"Not_Significant"
"EMID1",-0.569601066953378,5.49960765663422,1.20072814670882,0.288246442526397,0.90300104789758,"Not_Significant"
"FCGR3A",0.77001209304483,7.19470418905252,1.20200360167259,0.288410214881947,0.903131096792259,"Not_Significant"
"C6orf48",0.616549320070531,5.43159023779088,1.19486426187726,0.288685185025382,0.903345710681196,"Not_Significant"
"RAD51B",0.392882665376442,9.06542711973485,1.20051112342168,0.288749116738479,0.903345710681196,"Not_Significant"
"TMEM208",-0.700245451200763,5.57229857833013,1.1982016943443,0.2888456164382,0.903345710681196,"Not_Significant"
"HIVEP2",-0.586424742219227,6.66330912776511,1.19931429353809,0.289031229525579,0.903543670125033,"Not_Significant"
"RPL41",0.55405830990369,8.42236848008465,1.19721489839421,0.289403702085394,0.903836369628406,"Not_Significant"
"MTMR4",-0.617496433836554,5.75914121220143,1.19408085057716,0.289780801684734,0.903836369628406,"Not_Significant"
"PA2G4",-0.635166223753308,5.294833210194,1.19138160854753,0.289829952471646,0.903836369628406,"Not_Significant"
"PLXNA2",-0.623226956849184,5.63528059019763,1.19304151750869,0.289895952396977,0.903836369628406,"Not_Significant"
"RAP1GDS1",0.365827876932329,7.82284557822517,1.19301177377551,0.290233953920188,0.903836369628406,"Not_Significant"
"DDX58",0.820419796586297,5.8299430441069,1.18706017191657,0.290512309553621,0.903836369628406,"Not_Significant"
"CHD9",0.34133342130691,9.63932044885563,1.19045942049481,0.290703328363104,0.903836369628406,"Not_Significant"
"RALA",0.49608961802765,6.12223539540951,1.18833748747447,0.290731901528309,0.903836369628406,"Not_Significant"
"HMGCS1",-0.74594189917573,5.11184141889293,1.18550919271325,0.290748635650853,0.903836369628406,"Not_Significant"
"CDK14",0.755972742277052,6.81191392971801,1.18874122064675,0.290895175280614,0.903836369628406,"Not_Significant"
"GLIS3",0.469534936248244,7.36067206727688,1.18864318900636,0.291074518586945,0.903836369628406,"Not_Significant"
"CYLD",0.465278301698573,6.51735458528157,1.18717279373771,0.291192432632428,0.903836369628406,"Not_Significant"
"RNF111",0.400739909487616,7.81494467167287,1.18704652718852,0.291402220245506,0.903836369628406,"Not_Significant"
"MTFR1",0.622920362506179,6.02045261412506,1.18328004408362,0.291583232018108,0.903836369628406,"Not_Significant"
"POM121",0.545299262553575,6.25883299782441,1.18400979596662,0.291650492615373,0.903836369628406,"Not_Significant"
"CCSER1",0.598782071733545,8.08786000599973,1.18433416346682,0.291931434357473,0.903836369628406,"Not_Significant"
"TMED9",-0.466860626028623,6.42077117910006,1.18350143743341,0.292086722050924,0.903836369628406,"Not_Significant"
"EXOC5",0.421786842493218,6.48023491538381,1.18253949701707,0.292105254344443,0.903836369628406,"Not_Significant"
"IKBKE",0.731327190770378,5.51862510585213,1.17764495413528,0.29211152165877,0.903836369628406,"Not_Significant"
"RPL7A",0.790136063618846,7.41685651913955,1.18187778927346,0.29237823472471,0.903836369628406,"Not_Significant"
"FBXO34",0.516140816586879,6.51597527265339,1.18063833688323,0.292463352839197,0.903836369628406,"Not_Significant"
"PCBD2",0.670032673916625,5.47157779341117,1.17485755751737,0.292648727335454,0.903836369628406,"Not_Significant"
"ARPC5",0.540027832581296,6.15645421286721,1.17852141894486,0.292670299071282,0.903836369628406,"Not_Significant"
"AC010528.1",1.11963445055887,4.95728066163564,1.17342962698976,0.292670757779998,0.903836369628406,"Not_Significant"
"KCND2",0.7631951048224,7.49251471818652,1.18013009888847,0.29273251511803,0.903836369628406,"Not_Significant"
"CBWD5",0.609451129832527,7.39258023461099,1.1781183126287,0.293138505662285,0.903836369628406,"Not_Significant"
"CMTM4",0.708747171486915,5.56772110528598,1.17249804204287,0.293209046263525,0.903836369628406,"Not_Significant"
"STPG4",-0.703332228469703,5.41272053909081,1.17517758166643,0.293217034846788,0.903836369628406,"Not_Significant"
"IFNLR1",1.07611754300297,4.92606062467632,1.16968327685585,0.293386308965234,0.903836369628406,"Not_Significant"
"EP300",-0.379734149602428,7.17317186366386,1.17664317842476,0.293478966443729,0.903836369628406,"Not_Significant"
"HAMP",1.27608045129161,7.32470108913657,1.17550990310741,0.293510293447769,0.903836369628406,"Not_Significant"
"KIF27",-0.610677840640286,5.5688715015885,1.17377665398242,0.293632557054066,0.903836369628406,"Not_Significant"
"FAM133B",0.401345556439105,6.77282622262303,1.17526895676317,0.29364272470691,0.903836369628406,"Not_Significant"
"PRKAR2B",0.926749920507097,5.58852755126552,1.16961187989993,0.293667631036857,0.903836369628406,"Not_Significant"
"ESD",-0.448061495576516,5.94352799568895,1.17410792883043,0.293785935085694,0.903836369628406,"Not_Significant"
"CEP97",0.711059157513525,5.93598784253158,1.17089659351246,0.293903411807624,0.903836369628406,"Not_Significant"
"ZFAND5",-0.476708430504339,6.25490036178203,1.17401376020296,0.293931401122074,0.903836369628406,"Not_Significant"
"AASDH",0.610359478463793,6.10980339150244,1.17110466509644,0.294079848485621,0.903836369628406,"Not_Significant"
"ARHGEF1",0.778891839910621,5.76911781595956,1.16863557957254,0.294157808275837,0.903836369628406,"Not_Significant"
"LINC01684",0.495071922868823,7.63176397839981,1.17288995002369,0.294197636596956,0.903836369628406,"Not_Significant"
"TMBIM1",0.657828967968522,5.89139860001024,1.16920870636718,0.294235323048885,0.903836369628406,"Not_Significant"
"EFR3A",0.397828078066303,7.09930679513921,1.17188453922003,0.294372347840352,0.903836369628406,"Not_Significant"
"FAM182B",-0.570574814599757,6.14717256397769,1.17119359590778,0.294478257483929,0.903836369628406,"Not_Significant"
"AATF",-0.628626753722065,5.92271721232673,1.17022505409363,0.2945908512951,0.903836369628406,"Not_Significant"
"KMT2C",0.319727014247919,8.57784583049738,1.17049393369471,0.294662585014954,0.903836369628406,"Not_Significant"
"APLP2",-0.373421131104596,7.3381668905388,1.16740654342879,0.29531400175504,0.903836369628406,"Not_Significant"
"SNX27",0.454988886579575,7.01489876479878,1.16699516828357,0.295329154022281,0.903836369628406,"Not_Significant"
"ARMCX4",-0.443846210980542,6.54196799355428,1.16687234085065,0.295406704418714,0.903836369628406,"Not_Significant"
"RPN2",0.574688530229137,5.95863450522448,1.16324500138878,0.295543819414099,0.903836369628406,"Not_Significant"
"SGCE",0.550226734847477,6.2656284414132,1.16363888006641,0.295704138210339,0.903836369628406,"Not_Significant"
"OGT",0.459438924317154,6.73550105146071,1.16284980403953,0.296100582331932,0.903836369628406,"Not_Significant"
"SEC23B",-0.65468796417299,5.36684924548232,1.15995862838883,0.296195862668812,0.903836369628406,"Not_Significant"
"LRRC69",0.621966841062881,6.38114691456749,1.16071927700613,0.29633316471969,0.903836369628406,"Not_Significant"
"C1orf123",-0.570367339235023,5.42107880139829,1.15895917661513,0.296431912634709,0.903836369628406,"Not_Significant"
"AC034195.1",-0.550522702961958,5.79046793747813,1.16044389432476,0.29645235906276,0.903836369628406,"Not_Significant"
"DDX27",0.805218163113724,5.26840017143968,1.15408489806676,0.296566251056518,0.903836369628406,"Not_Significant"
"JAK2",0.439423586872214,7.90670316747769,1.16081418392374,0.29661687830673,0.903836369628406,"Not_Significant"
"ETF1",0.762390711190739,5.43565301692653,1.15389349670692,0.296779913374231,0.903836369628406,"Not_Significant"
"PRKG1",0.625091353561732,7.70868035171237,1.15991114922025,0.296792023805559,0.903836369628406,"Not_Significant"
"CPVL",0.612427474289171,7.63088067586466,1.15981214635874,0.296809917357446,0.903836369628406,"Not_Significant"
"ATP5MG",-0.404583045637564,7.01463253064889,1.15981675113739,0.296844923180153,0.903836369628406,"Not_Significant"
"TUT7",0.477078523194402,7.15952870502079,1.15830902269554,0.297090484836977,0.903836369628406,"Not_Significant"
"SYNPO2",1.04072246103509,5.4509042092826,1.15146826511196,0.29718045343041,0.903836369628406,"Not_Significant"
"UNC5C",-0.605144774727657,8.82222665848187,1.15781693459789,0.29719645088412,0.903836369628406,"Not_Significant"
"EHMT1",0.401053172414778,7.41452335142168,1.15723580738811,0.297333884347465,0.903836369628406,"Not_Significant"
"DCUN1D4",0.437885537070818,6.90892456230306,1.15681857489167,0.297359539112871,0.903836369628406,"Not_Significant"
"TAB1",-0.694547401577028,5.24754839764502,1.15342013090366,0.297362855526575,0.903836369628406,"Not_Significant"
"CCND2",0.5946467453837,5.73423647796975,1.15174716838091,0.297640636383228,0.903836369628406,"Not_Significant"
"RBM14-RBM4",0.649633801874403,5.80873998770681,1.15178470397416,0.297677629688492,0.903836369628406,"Not_Significant"
"ANXA6",-0.857003380514878,5.14865094822892,1.14939969192202,0.298058894016506,0.903836369628406,"Not_Significant"
"SEC14L1",0.529827647292648,7.11722937027872,1.15202737521768,0.29834806013819,0.903836369628406,"Not_Significant"
"LRIG1",-0.465045629550425,6.41407273113742,1.15114890010592,0.298558339747485,0.903836369628406,"Not_Significant"
"HMOX2",-0.551582934796266,5.59788140308619,1.1487535355357,0.298676543893186,0.903836369628406,"Not_Significant"
"FAM185A",0.48817163682174,6.62796939694581,1.14876161552284,0.298909312326388,0.903836369628406,"Not_Significant"
"SP140",-0.579560087206891,5.82881605536412,1.14778701593869,0.299048140792016,0.903836369628406,"Not_Significant"
"STX18",0.455448297914759,6.18615728901647,1.1467861734865,0.299112827872673,0.903836369628406,"Not_Significant"
"ZNF84",-0.655389122880554,5.45100455045641,1.14532605659991,0.29927003351716,0.903836369628406,"Not_Significant"
"SOS1",0.36762308969386,7.9479673577863,1.14677585924093,0.299460546738585,0.903836369628406,"Not_Significant"
"CPEB2",0.536034220465871,6.79669367295239,1.14617233297484,0.299475257582211,0.903836369628406,"Not_Significant"
"DHX15",0.516603573792942,6.46364975447887,1.1454524602865,0.299511253309398,0.903836369628406,"Not_Significant"
"AP003086.2",-0.421679780220852,8.68252743999045,1.14489462195432,0.299822441316993,0.903836369628406,"Not_Significant"
"NCDN",0.661609287052625,6.24998552888175,1.14271154086703,0.299888617441066,0.903836369628406,"Not_Significant"
"MAN1C1",0.617920010522523,6.20710574633174,1.14141374645715,0.300153404743328,0.903836369628406,"Not_Significant"
"GSTA4",-0.675789059037102,5.34487057268887,1.14027124098421,0.300175800697259,0.903836369628406,"Not_Significant"
"CTSC",0.554147241376244,7.34370644926254,1.14275964869147,0.300259644662698,0.903836369628406,"Not_Significant"
"GDE1",0.817145174803708,5.27601696565636,1.1353738947124,0.300403751050388,0.903836369628406,"Not_Significant"
"RPL13A",0.708360525721424,8.52336328296255,1.14169294195651,0.300490056434084,0.903836369628406,"Not_Significant"
"ALOX5AP",-0.49778750734182,6.65483146977814,1.14171671298609,0.300514990787824,0.903836369628406,"Not_Significant"
"USP47",0.381608998139094,7.9739974837058,1.1408579941429,0.300670010419657,0.903836369628406,"Not_Significant"
"SPDYE5",-0.555681579282908,6.49915861807924,1.14048567918761,0.30075694124157,0.903836369628406,"Not_Significant"
"BTBD9",-0.310741601959294,8.23447565209865,1.13995546319891,0.300843262332956,0.903836369628406,"Not_Significant"
"MTMR7",-0.683152440946042,5.61843711691316,1.13748587134816,0.301029848024539,0.903836369628406,"Not_Significant"
"BCAP29",0.571513146102974,6.08256204522125,1.13660109124251,0.30107364224031,0.903836369628406,"Not_Significant"
"AC006148.1",0.661467858249866,6.75284764612364,1.13719442415714,0.301264085878835,0.903836369628406,"Not_Significant"
"EIF3A",-0.460726849996967,6.5259896773762,1.1373094319615,0.301404895562955,0.903836369628406,"Not_Significant"
"ANKIB1",-0.355575565528033,8.08878139962079,1.13658854321928,0.301539287824412,0.903836369628406,"Not_Significant"
"IFNGR1",0.660030356651177,8.21076699813226,1.13624997364379,0.301612845291126,0.903836369628406,"Not_Significant"
"C22orf34",-0.524980281446121,6.19553718758191,1.13572456592226,0.30166731675019,0.903836369628406,"Not_Significant"
"TMED8",0.621430904034203,6.22596105432596,1.13335055146699,0.301813448828211,0.903836369628406,"Not_Significant"
"OSBPL3",0.390826287049279,7.5561192796283,1.13507648432614,0.301859589278354,0.903836369628406,"Not_Significant"
"TRIO",0.339458267810121,8.74886085873653,1.13450342005883,0.301959537933759,0.903836369628406,"Not_Significant"
"MACO1",-0.43186436199692,6.23775114259798,1.13319371145152,0.302191693172951,0.903836369628406,"Not_Significant"
"YTHDC2",-0.40820424492629,7.22628671352968,1.13340961523176,0.302226268058845,0.903836369628406,"Not_Significant"
"BBS9",0.353826779681037,7.80730082370139,1.13320130826417,0.302248018488413,0.903836369628406,"Not_Significant"
"JAM2",-0.591950221694677,5.93205488088238,1.13224024318168,0.302297549301661,0.903836369628406,"Not_Significant"
"ZNF264",0.80042208314221,5.26280607631288,1.12509760518085,0.302530305583788,0.903836369628406,"Not_Significant"
"TMEM163",-0.856085582403534,7.11505746096983,1.13192274286914,0.302539204099094,0.903836369628406,"Not_Significant"
"GKAP1",0.460104434540707,6.2647228129664,1.13023531954573,0.302563301753392,0.903836369628406,"Not_Significant"
"CCDC84",-0.642696062742293,5.6215111163297,1.12914080932198,0.302757618393889,0.903836369628406,"Not_Significant"
"CDC16",0.444130857017595,6.62947074107184,1.12960233596723,0.302858534192813,0.903836369628406,"Not_Significant"
"MRPL42",0.726756203613253,5.31709976319204,1.12294924013303,0.303043282266804,0.903836369628406,"Not_Significant"
"MYO6",-0.4151381402288,7.47946469223033,1.12898338716474,0.30313284549517,0.903836369628406,"Not_Significant"
"MMD",0.490087069070693,5.78574160821146,1.12510892803084,0.303242211762898,0.903836369628406,"Not_Significant"
"SETD7",0.619297647783811,5.43380286945894,1.12023299175371,0.303789805949677,0.903836369628406,"Not_Significant"
"GLIPR1",-0.529213259046631,6.05489544218461,1.12521322811417,0.303798942670711,0.903836369628406,"Not_Significant"
"PHKG1",1.03402266303681,4.89724659196519,1.11807422981059,0.303934365051095,0.903836369628406,"Not_Significant"
"ZCCHC8",0.62855358524192,5.65586197044449,1.11970461349997,0.304152653464298,0.903836369628406,"Not_Significant"
"SLC16A3",0.919353944935811,6.07128648203345,1.12057129351062,0.304174189659834,0.903836369628406,"Not_Significant"
"SSU72",-0.444579567496378,6.00551487670488,1.1220191695504,0.304427898098961,0.903836369628406,"Not_Significant"
"PABPC1",0.671781160425887,8.5572086203033,1.12217379802004,0.304524699805396,0.903836369628406,"Not_Significant"
"CANX",-0.416225069076612,7.12910987223339,1.12233853677247,0.304526464438925,0.903836369628406,"Not_Significant"
"RCSD1",0.539965196681773,8.01936581111084,1.12193998475488,0.304581973323803,0.903836369628406,"Not_Significant"
"NUPL2",0.548697011582791,6.3363616754066,1.12003303391442,0.30468893312388,0.903836369628406,"Not_Significant"
"ACACA",0.411873178976813,7.57883879842916,1.12116765736104,0.304744951982141,0.903836369628406,"Not_Significant"
"PBX3",0.473476386957916,7.20016771030407,1.12079633486354,0.304797294751298,0.903836369628406,"Not_Significant"
"SHROOM4",-0.565709714240311,6.70698623817743,1.12059991773782,0.304890773753777,0.903836369628406,"Not_Significant"
"RALGAPA1",0.338624950810088,8.01546341251023,1.12037250630775,0.304909826087371,0.903836369628406,"Not_Significant"
"SLC7A14",-0.719776531129986,6.10915459109158,1.11972442920337,0.30499517945998,0.903836369628406,"Not_Significant"
"MTUS1",-0.353533783008774,7.96675038397229,1.11853210742923,0.305291800652336,0.903836369628406,"Not_Significant"
"STK40",-0.6226481712572,5.70879931861485,1.116551068152,0.305445055877357,0.903836369628406,"Not_Significant"
"SUCO",0.611979723867042,6.28955636843006,1.11566677385009,0.305552954821253,0.903836369628406,"Not_Significant"
"AP1M1",-0.652232282927531,5.43771699906842,1.11482922384516,0.305559482238615,0.903836369628406,"Not_Significant"
"PHF10",0.896473124858758,5.20391523213145,1.11018550438125,0.305611893354317,0.903836369628406,"Not_Significant"
"ZC3H7A",0.545537574959838,6.23828372810784,1.11529955783936,0.305628690563,0.903836369628406,"Not_Significant"
"SEC24A",0.677492037256407,5.54587232190157,1.11187857947496,0.305642784801917,0.903836369628406,"Not_Significant"
"PPID",0.679473765587443,5.54447610391558,1.10968248136148,0.306107232080639,0.904847588387228,"Not_Significant"
"PLPPR1",-0.676780643553612,5.87224808562917,1.1118489873333,0.306539290074095,0.905190577858431,"Not_Significant"
"MMS22L",0.620869178317681,5.99280538489792,1.10957026937497,0.306612345649033,0.905190577858431,"Not_Significant"
"TTC9B",-0.622029810002489,5.29376040697866,1.10863163060248,0.306690106671336,0.905190577858431,"Not_Significant"
"EAPP",-0.527771243775858,5.94557650289859,1.11107376937453,0.306713417676953,0.905190577858431,"Not_Significant"
"ZMPSTE24",0.996293138046069,5.5323874093017,1.10345122090917,0.307236250254233,0.906371477886589,"Not_Significant"
"GMFG",0.585610539471046,6.37273975322731,1.10696504498411,0.307445667565827,0.906388649935154,"Not_Significant"
"SUMF2",0.597737167672539,6.28021491475232,1.10483837118437,0.307839199662467,0.906388649935154,"Not_Significant"
"FLG-AS1",0.723209930773542,5.72840071559797,1.10225474801117,0.30785521093935,0.906388649935154,"Not_Significant"
"FKBP2",-0.480901278144843,6.35858533966473,1.10584336188157,0.307948171108585,0.906388649935154,"Not_Significant"
"TUFM",-0.474253747994263,6.2589188443845,1.10506132816243,0.308088567768998,0.906388649935154,"Not_Significant"
"TBC1D20",0.681462460728376,5.37390339008659,1.09824889072312,0.308351297633078,0.906388649935154,"Not_Significant"
"PTN",-0.645431564353914,6.72376468770677,1.10403516089079,0.308383771347961,0.906388649935154,"Not_Significant"
"MTMR12",-0.558422254963849,5.33427715591815,1.10035472573404,0.308484443931325,0.906388649935154,"Not_Significant"
"ZHX3",0.463749642095078,6.98120395920498,1.10225843463798,0.308675881987274,0.906388649935154,"Not_Significant"
"CNOT6L",0.456915278493588,6.73083581049729,1.10179925090593,0.308723064473412,0.906388649935154,"Not_Significant"
"RNASEH2B-AS1",-0.622226105124363,5.94038764382891,1.10160610374003,0.308730537090479,0.906388649935154,"Not_Significant"
"PLEKHB1",-0.495820398177241,6.54841316666231,1.10105468857824,0.308995608057269,0.906388649935154,"Not_Significant"
"SMYD4",0.675348284307078,5.64911097761084,1.09606059225375,0.309116763215161,0.906388649935154,"Not_Significant"
"MAP7D2",-0.820292191701392,5.08559963624391,1.0921232212754,0.309933216963545,0.906388649935154,"Not_Significant"
"PRICKLE2",-0.507931271015312,5.81834379304892,1.0951398597133,0.310024718988498,0.906388649935154,"Not_Significant"
"NDUFA10",-0.431315485328101,6.59629144473843,1.09611133808667,0.310050188702489,0.906388649935154,"Not_Significant"
"ARPC3",-0.524065115558903,7.13322219642291,1.09485168376452,0.310337297060884,0.906388649935154,"Not_Significant"
"TSC22D1",-0.404018064452837,7.47197378320963,1.09478229452189,0.310339337862469,0.906388649935154,"Not_Significant"
"MTSS1L",0.641304765815172,5.61898942802603,1.090308366923,0.31034574957813,0.906388649935154,"Not_Significant"
"KIF16B",0.418752351566157,6.98925038094917,1.09442270633433,0.310357269738078,0.906388649935154,"Not_Significant"
"HOMER1",-0.628153973151678,5.79361353186201,1.09343687136569,0.310401288194405,0.906388649935154,"Not_Significant"
"TPCN1",0.447349881418507,6.81228069095243,1.09364448234035,0.310485785175943,0.906388649935154,"Not_Significant"
"AQP4-AS1",0.695266028610472,6.36253331150921,1.09217272367884,0.3105448779331,0.906388649935154,"Not_Significant"
"DEK",0.521240415949599,6.03771042456535,1.09119185756001,0.310624636539526,0.906388649935154,"Not_Significant"
"SNX30",0.613351675319226,6.45318791991555,1.09182805214415,0.310702856520917,0.906388649935154,"Not_Significant"
"PWP1",0.724034075895084,5.73079486196497,1.08864515106841,0.310772973060386,0.906388649935154,"Not_Significant"
"PTAR1",0.646194941686691,6.59470161283702,1.0916405218281,0.310790299623579,0.906388649935154,"Not_Significant"
"TMEM168",-0.467003178926761,6.45340669337548,1.09211861374475,0.310890770742816,0.906388649935154,"Not_Significant"
"SLC23A2",-0.353763786829359,6.89974693906499,1.09215450740446,0.310911618353543,0.906388649935154,"Not_Significant"
"SSH2",0.388882052863923,10.455194330085,1.0918554679961,0.310923086359237,0.906388649935154,"Not_Significant"
"AP4E1",0.708520160758855,5.90552587936911,1.08681772585253,0.311335691085202,0.90698271381905,"Not_Significant"
"RASSF2",0.496108196580719,6.47151804031267,1.08837038727899,0.311495901630561,0.90698271381905,"Not_Significant"
"AC027031.2",0.745050235807638,5.59713448758212,1.08314624587397,0.311807737905772,0.90698271381905,"Not_Significant"
"TRIP12",0.350981215780845,8.04432899712147,1.08751454932406,0.31188481703942,0.90698271381905,"Not_Significant"
"ATG16L2",0.529807689130923,7.28906683264575,1.08701102565901,0.311972172685943,0.90698271381905,"Not_Significant"
"TAL1",-0.672190273067153,6.28202559682259,1.08674432861883,0.312034968164409,0.90698271381905,"Not_Significant"
"ASH2L",-0.651598412112908,5.7357354693037,1.08540231220914,0.312101985896593,0.90698271381905,"Not_Significant"
"HBA2",-0.860067593123728,5.38593322790824,1.08413919741923,0.312132318392884,0.90698271381905,"Not_Significant"
"RMC1",-0.549805306496969,5.85142574066946,1.08495184766717,0.312252339502354,0.90698271381905,"Not_Significant"
"ARHGAP24",0.489637091844801,11.012877589041,1.08479747313261,0.312443393333114,0.90698271381905,"Not_Significant"
"EDEM3",0.462309376806238,6.44429550052494,1.08382691543331,0.312477461306279,0.90698271381905,"Not_Significant"
"FUS",-0.338218606733497,8.2016069006153,1.08196295166398,0.313075386176143,0.907899521361941,"Not_Significant"
"MAN2A1",0.461821922821792,9.30518050747642,1.08168108916174,0.31312415102983,0.907899521361941,"Not_Significant"
"NME3",-0.396408385955666,6.62274771821516,1.08109536452499,0.313284354531396,0.907899521361941,"Not_Significant"
"RPL3",0.742994925420039,6.90427249757072,1.079648158784,0.313462065701752,0.907899521361941,"Not_Significant"
"SEMA3C",1.11516569760579,5.88465784829799,1.07519416649616,0.313593130626714,0.907899521361941,"Not_Significant"
"EIF3J-DT",-0.499118290624495,5.90662387522656,1.07867864916394,0.313627270455785,0.907899521361941,"Not_Significant"
"BIRC6",0.325277019086537,8.96785671499946,1.07925546253639,0.313653658929968,0.907899521361941,"Not_Significant"
"DPM2",-0.792151056753593,5.02092385121925,1.07317744022225,0.313899387574178,0.907934109307528,"Not_Significant"
"SBNO1",0.539464933662426,6.464098218092,1.07715368060932,0.31391142753099,0.907934109307528,"Not_Significant"
"LRRC1",0.652577905726327,6.48817244613958,1.07603959342706,0.314120458955214,0.908102042634475,"Not_Significant"
"VPS41",0.399911751607347,7.13494574227038,1.07666516524763,0.314215354132086,0.908102042634475,"Not_Significant"
"ZNF274",0.924973814943183,5.35484674160528,1.07017914924947,0.314339120381899,0.908104451412236,"Not_Significant"
"LGALS8",0.706889887913771,5.7176726085201,1.06989907236582,0.314851818944676,0.908635109604207,"Not_Significant"
"FAM124A",-0.662559287547019,5.90543291409237,1.07272135081528,0.314957653773395,0.908635109604207,"Not_Significant"
"PGRMC2",-0.546493499514316,5.64951996629981,1.07178717646797,0.314970228758918,0.908635109604207,"Not_Significant"
"DHX36",0.463773044763324,6.89065139002621,1.07279357698707,0.315014825463162,0.908635109604207,"Not_Significant"
"NDUFB9",-0.395051300714667,6.3906666980977,1.07084455851091,0.315485124556517,0.909304865007881,"Not_Significant"
"SPRY2",1.08151060715745,4.93044863159346,1.06425808913603,0.315570588791759,0.909304865007881,"Not_Significant"
"CCDC186",0.588099625436104,5.86169219036385,1.06689124490014,0.315726206660093,0.909304865007881,"Not_Significant"
"BCLAF3",-0.524352351968132,5.53825465661772,1.0678351717176,0.315739404189145,0.909304865007881,"Not_Significant"
"ZFP36L2",0.549415578261704,7.80208072846122,1.06779263285031,0.316178207816904,0.909870125869142,"Not_Significant"
"LINGO1",0.803356933849691,8.47810444663783,1.06758508450623,0.316217839680812,0.909870125869142,"Not_Significant"
"CYB5R1",0.756803210173011,5.23151834934972,1.05974535540642,0.316580021897032,0.909870125869142,"Not_Significant"
"RPP38",-0.481400685514299,6.06199678577837,1.06543331521535,0.316594638906739,0.909870125869142,"Not_Significant"
"GDPD1",-0.720947594708209,5.47911613019245,1.06281855141464,0.316845297508432,0.909870125869142,"Not_Significant"
"UNC5B",-0.451270232722816,5.79531458351391,1.06340514410681,0.316896949442171,0.909870125869142,"Not_Significant"
"BCL6",0.681525679234511,6.26991974572696,1.06276745803384,0.31689842267897,0.909870125869142,"Not_Significant"
"CAPZA2",0.38387636223958,7.23886041640369,1.06436930977585,0.316921055078016,0.909870125869142,"Not_Significant"
"ZNF846",0.483461737520147,7.16612980018986,1.06273070735332,0.317264924051455,0.910308037712894,"Not_Significant"
"CAND1",-0.347737383342546,6.6187130472179,1.06238628105746,0.317375983640953,0.910308037712894,"Not_Significant"
"TRMT13",0.36084304722376,6.79395746951793,1.06175212153805,0.317443279429865,0.910308037712894,"Not_Significant"
"SYN1",0.725046298061788,5.96784060779763,1.05740952700269,0.317837134464259,0.910512774021314,"Not_Significant"
"PTPN1",-0.505267762100071,6.2683537733019,1.0600840136336,0.317845068936075,0.910512774021314,"Not_Significant"
"OARD1",0.588287601914822,5.83652220323757,1.0559507595345,0.318122971302109,0.910512774021314,"Not_Significant"
"NCK1",0.484098907168346,6.69534440792826,1.05829409660325,0.318158337269132,0.910512774021314,"Not_Significant"
"NGLY1",0.520239525573415,6.2472983097177,1.05712964189761,0.318208592975061,0.910512774021314,"Not_Significant"
"DELE1",0.631961532063342,5.88967762588035,1.05465321511799,0.318442230576679,0.910512774021314,"Not_Significant"
"EIF2S3",0.663624473451887,5.6825572651338,1.05334032304161,0.31851184135678,0.910512774021314,"Not_Significant"
"NPAT",-0.531124262894703,5.35808643621881,1.0542456155912,0.318552321139981,0.910512774021314,"Not_Significant"
"BRMS1L",-0.504377188110346,6.09773425341938,1.055460805236,0.318816774872727,0.910512774021314,"Not_Significant"
"MACF1",-0.34374165663364,9.12640561020497,1.05506960529425,0.318967725977048,0.910512774021314,"Not_Significant"
"EEF2",0.451647538950285,6.88461353914079,1.05466581952001,0.319016379920287,0.910512774021314,"Not_Significant"
"AP2B1",0.434193677385148,7.01300466430687,1.05393892519063,0.319202084177361,0.910512774021314,"Not_Significant"
"AC090517.4",-0.340346720426289,6.7011124975769,1.0537228587175,0.319304707390226,0.910512774021314,"Not_Significant"
"RAP2A",0.488690567049926,6.20446444164485,1.05187057184286,0.31937164130191,0.910512774021314,"Not_Significant"
"KLHDC1",-0.530830630216149,6.1639574001869,1.05281837584682,0.319434601049132,0.910512774021314,"Not_Significant"
"MAPT",-0.460601033482539,7.64040571941861,1.05259327875453,0.319552243579266,0.910512774021314,"Not_Significant"
"YAE1D1",0.768877066600794,5.43785206614105,1.04655544533442,0.319717701385118,0.910512774021314,"Not_Significant"
"ADAM22",0.687446433124642,6.3647698505086,1.05026927080534,0.319733333668782,0.910512774021314,"Not_Significant"
"AL157392.2",-0.679507727282241,5.41768025592462,1.04734989076237,0.320206300158657,0.910571419836795,"Not_Significant"
"NAGK",-0.401068757937838,6.72277304748929,1.04948089776096,0.320257366953909,0.910571419836795,"Not_Significant"
"CLASRP",0.41617348322757,6.72917606098751,1.04730422519832,0.320633942055483,0.910571419836795,"Not_Significant"
"MAX",0.387700457927082,7.24949056164115,1.04760917915319,0.320646771750216,0.910571419836795,"Not_Significant"
"IPO9-AS1",-0.479395205072731,6.80498763971385,1.04683055875067,0.320859668434241,0.910571419836795,"Not_Significant"
"AVL9",0.361503437547661,7.18539460809443,1.04659880621561,0.320871325845512,0.910571419836795,"Not_Significant"
"CCDC85B",-0.530308146649071,6.41994516341382,1.0460318307532,0.321007423601443,0.910571419836795,"Not_Significant"
"IKBIP",0.785505013872446,5.7823168562405,1.04166334244566,0.321152262870199,0.910571419836795,"Not_Significant"
"MOBP",-0.530450641694928,7.79747997904459,1.04526271512641,0.321186506464994,0.910571419836795,"Not_Significant"
"KTN1",0.356404668770375,8.28661253921679,1.04501772843252,0.321233492356721,0.910571419836795,"Not_Significant"
"HCK",-0.403831418774312,7.35866665623986,1.04488511492703,0.321288475709338,0.910571419836795,"Not_Significant"
"AC007376.2",0.887176241388456,5.53023417970484,1.03951763992026,0.321336512053072,0.910571419836795,"Not_Significant"
"SLIT3",-0.660524658231015,5.51060714616039,1.04265642913687,0.321356395223301,0.910571419836795,"Not_Significant"
"MARCKSL1",-0.472341070904925,6.88744347779904,1.04169892241206,0.322015095846977,0.911476245841095,"Not_Significant"
"AC090502.1",-0.559695975871442,6.05826342842354,1.04104242349946,0.322041186746009,0.911476245841095,"Not_Significant"
"PPP4R3A",0.452103253070593,6.41053009001698,1.04051087141273,0.322045891653615,0.911476245841095,"Not_Significant"
"PELI1",0.491392161081379,8.32416628870748,1.04005460559091,0.322351690443668,0.911765960190117,"Not_Significant"
"RPL37",0.705298485404326,7.00977930192607,1.03909781124936,0.3224854207896,0.911765960190117,"Not_Significant"
"SMIM14",-0.47682369608582,6.63362609221552,1.03815508267249,0.322803451458176,0.911765960190117,"Not_Significant"
"PANK3",0.930767571418121,5.35135067921461,1.03172199475911,0.322939629880423,0.911765960190117,"Not_Significant"
"CC2D2B",-0.594707383560862,5.7965936265,1.03653826219035,0.322946278247859,0.911765960190117,"Not_Significant"
"TUBA1B",-0.410928468624492,8.23879048262303,1.03709633906577,0.323014581375914,0.911765960190117,"Not_Significant"
"PLEKHA8",0.620840560398065,5.49975178442387,1.03194333980212,0.323168467517485,0.911765960190117,"Not_Significant"
"TTBK2",-0.300976512239624,7.68089827121378,1.03637847003495,0.323196158215869,0.911765960190117,"Not_Significant"
"AC079447.1",0.492994616849275,6.21856935783913,1.03441265821182,0.323307694474522,0.911765960190117,"Not_Significant"
"MORC3",0.398971872299586,7.01537425288249,1.0349044225711,0.323487586525238,0.911765960190117,"Not_Significant"
"NHP2",-0.476432350145596,5.48236544511923,1.03195246124434,0.323698779689258,0.911765960190117,"Not_Significant"
"UNC13A",-0.735471560443308,5.30709550135135,1.02968302853833,0.324099909916788,0.911765960190117,"Not_Significant"
"SMC6",0.517854697814253,6.22196990303572,1.03032211382824,0.324236090695047,0.911765960190117,"Not_Significant"
"VASH1",-0.405336949647004,7.28693589490767,1.03142700172613,0.324335244073881,0.911765960190117,"Not_Significant"
"DPY19L4",0.680733261523897,5.37402578604274,1.0258189088324,0.32440173547185,0.911765960190117,"Not_Significant"
"BID",-0.458798768809153,5.91442714622252,1.0301018637711,0.324441028869186,0.911765960190117,"Not_Significant"
"AC009063.2",0.690716546600156,6.45599960052105,1.02935119161895,0.324506270934791,0.911765960190117,"Not_Significant"
"ATP1A2",0.847803685342012,6.87260827525253,1.02970822193594,0.324533459367231,0.911765960190117,"Not_Significant"
"COL4A3BP",0.360843073717171,7.38911382011436,1.03010314695748,0.324613567384379,0.911765960190117,"Not_Significant"
"AC025569.1",-0.631633247995931,6.48019807170577,1.02966646250599,0.32472881575482,0.911765960190117,"Not_Significant"
"CBWD1",0.79284868358482,5.62777477053401,1.02517674375293,0.324754932395377,0.911765960190117,"Not_Significant"
"C5orf24",0.684489503316629,5.91013256786814,1.02589295486763,0.324923408767838,0.911765960190117,"Not_Significant"
"PIK3R1",0.352322622526894,8.59420527551898,1.02841669275204,0.324987108864299,0.911765960190117,"Not_Significant"
"GLRB",0.837336369012533,5.40310275302895,1.02207446200054,0.325219607933351,0.911816582247401,"Not_Significant"
"REX1BD",-0.536768884023607,5.87963943092253,1.02562454204776,0.3254648396771,0.911816582247401,"Not_Significant"
"CD226",-0.513610821445358,6.03825819710762,1.02503841530379,0.325668088068726,0.911816582247401,"Not_Significant"
"PIK3C3",0.486030398463764,6.82938714384181,1.0249985806414,0.325699884130815,0.911816582247401,"Not_Significant"
"AC026316.5",-0.655513679982379,7.96665130963033,1.02521961950144,0.325726228950115,0.911816582247401,"Not_Significant"
"CUL1",0.425062081024015,7.19893439351133,1.02507484326352,0.325745764254892,0.911816582247401,"Not_Significant"
"CD4",0.492228373472642,6.6678062898485,1.02106621410307,0.326559029553396,0.912863874509389,"Not_Significant"
"PIK3AP1",0.370977545790513,7.27419787234644,1.02156146762244,0.326562844302129,0.912863874509389,"Not_Significant"
"FAN1",-0.479548650891973,5.81114241027223,1.02016047654758,0.326670602260004,0.912863874509389,"Not_Significant"
"MPP5",0.471808534736823,6.3552066425514,1.01999843734401,0.326690145682083,0.912863874509389,"Not_Significant"
"CHCHD10",-0.505700514461997,6.64297016074767,1.02064420192562,0.326800621772917,0.912863874509389,"Not_Significant"
"RGS6",0.60124944920235,7.03470169903462,1.02000851354091,0.326861371067732,0.912863874509389,"Not_Significant"
"TTC17",0.334803158046497,8.53992255345168,1.0195059911914,0.327031927360835,0.912995029257177,"Not_Significant"
"BCL2L1",-0.616956201263724,6.79260354625113,1.01820754154255,0.327375049818368,0.913095086160592,"Not_Significant"
"SRP72",0.648121579200736,5.52139898124414,1.01363881832517,0.327387885532745,0.913095086160592,"Not_Significant"
"SDHC",0.515135259675588,6.03279650929801,1.01577510676382,0.327451009224851,0.913095086160592,"Not_Significant"
"AC096564.1",-0.537650759677891,6.1222443009168,1.01662445580745,0.327635232295532,0.913095086160592,"Not_Significant"
"UBAP1",0.362907338634506,6.74253953708368,1.01510122413109,0.32798416468229,0.913095086160592,"Not_Significant"
"AC105052.3",-0.688275607342633,5.99285331592805,1.01484055845653,0.328020602445909,0.913095086160592,"Not_Significant"
"PHYHIPL",-0.516823304437365,7.40008454926935,1.01482773721961,0.328141800856986,0.913095086160592,"Not_Significant"
"NELFCD",0.602144482746848,5.74077238175931,1.0113584482914,0.328170154021205,0.913095086160592,"Not_Significant"
"ATCAY",-0.648744954276274,5.44050566648309,1.01248104547081,0.328180242826096,0.913095086160592,"Not_Significant"
"HCST",0.926823385556624,6.12263494242451,1.01007973555817,0.328615891595075,0.913962948498801,"Not_Significant"
"ERCC4",-0.605183638770168,5.39294006177767,1.00921633676618,0.328882169054121,0.914268851482301,"Not_Significant"
"ANKRD13D",0.615597341169904,6.29246322473228,1.00975933190902,0.328973413732226,0.914268851482301,"Not_Significant"
"FP671120.1",0.899174256461226,5.8156392671379,1.00597973592113,0.329317976675591,0.914479972544106,"Not_Significant"
"LINC00320",0.557200537599229,6.49985139953851,1.00873566188517,0.329332631042085,0.914479972544106,"Not_Significant"
"SH3GL1",0.457702455992232,6.08747239420579,1.00688970295357,0.329583278448023,0.914479972544106,"Not_Significant"
"CDH12",0.612938354908594,7.43456669005161,1.00786380612511,0.32972361816024,0.914479972544106,"Not_Significant"
"SEPT11",-0.427345223539995,6.44343633888055,1.00685420200635,0.32996717646275,0.914479972544106,"Not_Significant"
"NRP2",0.653078121662024,5.93359081403423,1.00428842669566,0.329971366509361,0.914479972544106,"Not_Significant"
"SUSD6",0.391636369125512,7.70319829635948,1.0059506718413,0.330190738144493,0.914479972544106,"Not_Significant"
"MITF",0.393653879552329,7.45829254149951,1.00590572313476,0.330197513265496,0.914479972544106,"Not_Significant"
"SIVA1",-0.558595805836352,5.33806094019454,1.00297581851891,0.330261870888387,0.914479972544106,"Not_Significant"
"PI4KB",0.550657928513341,6.06502613152557,1.00358277783564,0.330296993674481,0.914479972544106,"Not_Significant"
"SRGAP2B",0.54704958689338,9.241903543111,1.00490241507669,0.33041198968269,0.914479972544106,"Not_Significant"
"GOT1",-0.596244841234751,5.77515948332799,1.00220877995499,0.330845471206135,0.914479972544106,"Not_Significant"
"GNA14",-0.979103032764375,5.35794562592903,1.00088797678785,0.330908357436463,0.914479972544106,"Not_Significant"
"KANK1",-0.613717922202733,7.10375982173952,1.00260699150255,0.330998989970791,0.914479972544106,"Not_Significant"
"UBE2D3",0.336600459737392,7.80291055748414,1.00233807506536,0.331036223516567,0.914479972544106,"Not_Significant"
"ERBB3",-0.800863927751444,5.44784376756098,1.00016633538266,0.331123462645334,0.914479972544106,"Not_Significant"
"NBAS",0.410811554139645,7.39357272140287,1.00180327018684,0.331153909104573,0.914479972544106,"Not_Significant"
"LINC00667",0.635018163475306,5.51245002054571,0.996591333838324,0.331377261094323,0.91457487515222,"Not_Significant"
"KPNA5",0.544585633047765,6.39228321745842,0.999150804659392,0.331537431401293,0.91457487515222,"Not_Significant"
"LINC01250",0.95671620631076,5.76765806578179,0.995598541993253,0.33167136329782,0.91457487515222,"Not_Significant"
"ZNF783",-0.600330952420323,5.31129039907902,0.996126635609849,0.331851555426886,0.91457487515222,"Not_Significant"
"SMPD4",-0.518399380407518,5.36344981924296,0.996201101271274,0.331876036149195,0.91457487515222,"Not_Significant"
"ROBO1",0.574431881881785,7.84317287190337,0.997679005340962,0.332126583871989,0.91457487515222,"Not_Significant"
"PTS",-0.534517723768612,5.66981552882309,0.994930199277229,0.332470233605205,0.91457487515222,"Not_Significant"
"HSPA4",-0.432893733526306,6.22622796162997,0.995881761521971,0.33249484621678,0.91457487515222,"Not_Significant"
"EXOC1",-0.346043354202096,7.18461893921293,0.99584817843419,0.332582074034908,0.91457487515222,"Not_Significant"
"APPL1",0.406432278082929,6.66279596002464,0.993855008163803,0.332924716500842,0.91457487515222,"Not_Significant"
"FUT9",0.511942455379343,7.46666765185867,0.994168555187339,0.332947559289852,0.91457487515222,"Not_Significant"
"VAPA",-0.393493618467922,7.35558519682549,0.994166318147521,0.332974919691682,0.91457487515222,"Not_Significant"
"CBWD3",0.777015578797701,5.35307876236667,0.988701471020714,0.333017614921051,0.91457487515222,"Not_Significant"
"CD164",0.645530398844627,6.74006492166411,0.992390777466189,0.333233575260858,0.91457487515222,"Not_Significant"
"AL157938.3",-0.572746947521343,6.05026260780134,0.992350510463531,0.333296567820842,0.91457487515222,"Not_Significant"
"NAV1",-0.41057096891114,7.61511124092678,0.992679235511598,0.333316949608621,0.91457487515222,"Not_Significant"
"VDAC3",-0.524509482762989,6.33815856685311,0.991762085852179,0.333506200195625,0.91457487515222,"Not_Significant"
"MOB4",1.09938095182736,4.94338061199047,0.985243357617973,0.333750841477246,0.91457487515222,"Not_Significant"
"SLC35F5",0.56163379135559,6.25615880197573,0.987655175795078,0.334175153328546,0.91457487515222,"Not_Significant"
"EHBP1L1",0.518459283895524,5.80531646276799,0.985601580593978,0.334353746730487,0.91457487515222,"Not_Significant"
"CCDC171",-0.514371767760161,6.09296113603008,0.987875154394269,0.334364143499273,0.91457487515222,"Not_Significant"
"UFSP2",0.57803585294564,5.82872541952044,0.985371758494468,0.334391022790913,0.91457487515222,"Not_Significant"
"KANTR",0.467266321987904,6.79913037255453,0.987698490032034,0.334404072492431,0.91457487515222,"Not_Significant"
"GDI1",-0.375444022305135,7.19669930379597,0.988123666795572,0.33441146305487,0.91457487515222,"Not_Significant"
"LINGO2",0.686977673458981,7.53449641919063,0.987945453483738,0.334413017050984,0.91457487515222,"Not_Significant"
"ERCC6",0.527517144121136,5.79049041324651,0.984517497447406,0.334588532495284,0.91457487515222,"Not_Significant"
"ZDHHC14",0.389127677381918,7.94923237501136,0.987228015733119,0.334602087262528,0.91457487515222,"Not_Significant"
"CAMK2N1",0.501914995766207,7.64400053951374,0.986996564437573,0.334654919119595,0.91457487515222,"Not_Significant"
"CHTOP",-0.524442439906695,5.84749925055666,0.984058144510042,0.335168473215588,0.914580149291652,"Not_Significant"
"FBXO2",-0.68271350266739,5.59359669875503,0.981640551001278,0.335615671074201,0.914580149291652,"Not_Significant"
"SCAF4",0.441199913383366,6.42303565540648,0.981198558967686,0.335845023002355,0.914580149291652,"Not_Significant"
"NIM1K",0.698378391888197,5.66722781659495,0.977115099752548,0.336140523930419,0.914580149291652,"Not_Significant"
"ZNF280D",-0.361712223025607,6.93259259901798,0.979960928848738,0.336360569036736,0.914580149291652,"Not_Significant"
"HS6ST1",0.544066914352149,6.053405616621,0.977745421193412,0.336424414372463,0.914580149291652,"Not_Significant"
"DCTN4",0.403512110600311,6.93858496273304,0.979282220425981,0.336453442302777,0.914580149291652,"Not_Significant"
"PSMA5",-0.723242872871113,5.02734881996365,0.975139432679612,0.336458794041203,0.914580149291652,"Not_Significant"
"KCNMB4",0.587985029090906,7.24899241384204,0.979169915804015,0.336494366318746,0.914580149291652,"Not_Significant"
"TNRC18",-0.331531117083777,7.08076621080552,0.978467152576477,0.336718683799317,0.914580149291652,"Not_Significant"
"TBC1D9",0.500294241488812,6.58969964147062,0.976490123182951,0.337019044085374,0.914580149291652,"Not_Significant"
"FAM204A",0.576186239559779,5.97982667856962,0.974077583016561,0.337238756910471,0.914580149291652,"Not_Significant"
"TXNDC16",-0.520132367194914,6.01243065607051,0.974781950025448,0.337465675778504,0.914580149291652,"Not_Significant"
"VTA1",0.405433260511013,6.44676038424189,0.974388864214358,0.337502199593684,0.914580149291652,"Not_Significant"
"AC079015.1",0.594678399309164,6.86681570348995,0.973300371736462,0.337844280411487,0.914580149291652,"Not_Significant"
"FHIT",0.360179266002759,10.1166062528174,0.973389215608313,0.337890650497981,0.914580149291652,"Not_Significant"
"ORMDL1",-0.483970946363298,6.44053228196996,0.973243103046182,0.337947936082347,0.914580149291652,"Not_Significant"
"NUP98",-0.435267344862916,6.40858691443499,0.971729444117568,0.338304873506725,0.914580149291652,"Not_Significant"
"ZNF160",0.55121509021477,5.95563841342793,0.969501898189394,0.338332860083995,0.914580149291652,"Not_Significant"
"DNAJC7",0.369528831756153,6.63553145779434,0.971219783005741,0.338337979650661,0.914580149291652,"Not_Significant"
"TMEM87B",0.513340975168616,5.80299188486236,0.96880024984938,0.338396844932578,0.914580149291652,"Not_Significant"
"TMC6",0.52014732397739,6.2274602909868,0.969394347318423,0.338563413920279,0.914580149291652,"Not_Significant"
"POLR2E",0.770413023147285,5.44143307732645,0.966003053227147,0.338575057115175,0.914580149291652,"Not_Significant"
"OLFM3",0.650309086963227,6.69382024981553,0.969643846004319,0.338661882855436,0.914580149291652,"Not_Significant"
"CDK5RAP2",0.451328333774504,6.66707711684819,0.969036041827308,0.33885584421082,0.914580149291652,"Not_Significant"
"PRKRIP1",-0.447841030117541,6.76424148645032,0.96745923448717,0.339375055624713,0.914580149291652,"Not_Significant"
"LARP7",0.405290696442301,7.13962571578752,0.967075819801025,0.339424165793337,0.914580149291652,"Not_Significant"
"CACNA2D3",0.6153165440711,7.40034779293633,0.966899000098395,0.339467680237821,0.914580149291652,"Not_Significant"
"CCDC6",-0.364616394517665,6.27638098965724,0.96620367185462,0.339604760294662,0.914580149291652,"Not_Significant"
"GNS",0.59961566537366,5.99845220454002,0.964267872023157,0.339620154454424,0.914580149291652,"Not_Significant"
"UGT8",-0.549115696766125,7.28315671451697,0.966322593702378,0.339650622059932,0.914580149291652,"Not_Significant"
"CHP1",0.639712372518166,5.51335383046186,0.961516028583685,0.339811326687199,0.914580149291652,"Not_Significant"
"GATAD2A",0.449326435950234,6.28633400348556,0.963180993252506,0.340131167677005,0.914580149291652,"Not_Significant"
"CEP295",-0.482245893946619,5.87840873024015,0.963351697488182,0.340167270696585,0.914580149291652,"Not_Significant"
"TGFBRAP1",-0.619418145348785,5.2930951456893,0.960162401179001,0.340490354559495,0.914580149291652,"Not_Significant"
"ATP10B",-0.504277336917265,6.89671030851779,0.96280865451489,0.340512272730609,0.914580149291652,"Not_Significant"
"NCOA1",0.317966381355757,8.90507052486116,0.962236823563987,0.340605180298303,0.914580149291652,"Not_Significant"
"NECTIN2",0.684025026655883,5.37599545869992,0.956655857947663,0.340838062259169,0.914580149291652,"Not_Significant"
"ZFP36",-0.833170976980426,6.15049411911276,0.960894980135183,0.340921470993594,0.914580149291652,"Not_Significant"
"PNPLA6",-0.458755578756685,6.15706789867661,0.960618332380021,0.340947384558305,0.914580149291652,"Not_Significant"
"USP3",0.519278734808371,7.18562801387158,0.960390603314638,0.341044739527382,0.914580149291652,"Not_Significant"
"KCNT2",1.08406244989176,5.34722778432438,0.955090036255565,0.341108187181617,0.914580149291652,"Not_Significant"
"OPCML",0.694731466448063,8.89625858328366,0.959707777655474,0.34122699273371,0.914580149291652,"Not_Significant"
"TAF3",0.406955575093339,7.29453240738915,0.958385030915983,0.341555719967428,0.914580149291652,"Not_Significant"
"TCERG1",0.340867740775696,7.04643825513019,0.957672903348327,0.341716452173968,0.914580149291652,"Not_Significant"
"WDR1",-0.553030857818509,5.3461766104598,0.954914738160819,0.341811985406554,0.914580149291652,"Not_Significant"
"ANKRD27",0.694414165469791,5.29361621316617,0.952129823037555,0.341863427713913,0.914580149291652,"Not_Significant"
"EPS15",0.361158250766474,8.52210243671966,0.956992281782252,0.341895428880079,0.914580149291652,"Not_Significant"
"SLC25A3",-0.508999857221757,5.79008487307813,0.955259160311077,0.34211100993502,0.914580149291652,"Not_Significant"
"LONP1",0.756411979178524,5.43170156929522,0.951303922522151,0.34218025817032,0.914580149291652,"Not_Significant"
"PSMD11",0.553053810943812,5.85312702442791,0.952926618709328,0.342306696510267,0.914580149291652,"Not_Significant"
"LCMT1",-0.4356967127862,5.84275277117635,0.953866546648607,0.342466969651409,0.914580149291652,"Not_Significant"
"NELFA",0.628677689388336,5.91567463710925,0.952242330337667,0.342483232676638,0.914580149291652,"Not_Significant"
"ZNF90",0.798039759462993,5.68952126851218,0.95020971521422,0.342665223246425,0.914580149291652,"Not_Significant"
"SEC61B",-0.442127257653822,5.92637591988059,0.953094067075112,0.342699254093911,0.914580149291652,"Not_Significant"
"ABCD4",0.435324865891755,6.24703789676791,0.952511407953528,0.342736143236352,0.914580149291652,"Not_Significant"
"TRIM5",0.865380368704814,5.31113124380773,0.946938680378808,0.343126794031643,0.914580149291652,"Not_Significant"
"KLF7",0.471091617283312,6.62868928664792,0.95138345638438,0.34315808420354,0.914580149291652,"Not_Significant"
"AGFG1",0.34472103386415,7.05180717042879,0.951677293013202,0.343190919950425,0.914580149291652,"Not_Significant"
"RPS5",0.781329152666094,6.83582235347639,0.950931570415625,0.343250018217988,0.914580149291652,"Not_Significant"
"PRPSAP1",0.640386750894735,6.23503906026226,0.948264144480451,0.343690227581503,0.914580149291652,"Not_Significant"
"HNRNPA1P48",0.82299941463282,5.80710339168548,0.946345742684324,0.343733993082237,0.914580149291652,"Not_Significant"
"PFKL",-0.483119292143294,5.72003926713116,0.948105110287795,0.343823530136316,0.914580149291652,"Not_Significant"
"RTF1",0.654537545219953,6.63073393712298,0.94805010840963,0.343929251184243,0.914580149291652,"Not_Significant"
"ACSS2",-0.4363062867783,6.01162289248892,0.948230693936875,0.34393922188891,0.914580149291652,"Not_Significant"
"AC133919.2",0.982244596096824,5.82972609348245,0.945133214434602,0.343949292485391,0.914580149291652,"Not_Significant"
"NRG2",0.809919658121911,5.64791638932832,0.944506194494058,0.344045853298821,0.914580149291652,"Not_Significant"
"CORO2B",-0.620458775144504,6.21267092142152,0.948109499322944,0.344062278113932,0.914580149291652,"Not_Significant"
"SIGLEC10",0.721352375646067,6.07930843048977,0.946033791435265,0.344103851357216,0.914580149291652,"Not_Significant"
"GNAI3",0.50489295177634,6.31123576438216,0.946438259782094,0.344245486086032,0.914580149291652,"Not_Significant"
"MLX",-0.721753997682236,5.22646989080015,0.944529229042122,0.344289751096826,0.914580149291652,"Not_Significant"
"IWS1",-0.408030983648268,6.68425937372742,0.947102608894207,0.344360595202704,0.914580149291652,"Not_Significant"
"PCNX2",-0.291541301470368,8.19910152302719,0.946924834389187,0.344379864070324,0.914580149291652,"Not_Significant"
"AC022146.2",-0.615314597714104,6.04379714654521,0.94652293395655,0.344404709201701,0.914580149291652,"Not_Significant"
"ASPSCR1",-0.535304177939399,5.35965196467745,0.943098445057248,0.344747100197835,0.914580149291652,"Not_Significant"
"NR3C1",0.316217602301342,8.27237350180091,0.945013849468837,0.344857662179082,0.914580149291652,"Not_Significant"
"SARM1",-0.659580224254874,5.26640136548647,0.941843724673579,0.344996332442087,0.914580149291652,"Not_Significant"
"RCC1",0.507222002964315,6.02984738546758,0.942609889056079,0.345027738009344,0.914580149291652,"Not_Significant"
"GIMAP4",0.518490766774645,5.80731138616505,0.94144553839242,0.345131162872076,0.914580149291652,"Not_Significant"
"MED11",-0.580567517667098,5.32470984258517,0.94024782700646,0.345436843855244,0.914580149291652,"Not_Significant"
"CMTM6",0.522070707548983,6.82047682737509,0.941212331341298,0.345719732405757,0.914580149291652,"Not_Significant"
"DPF3",-0.618687833458815,5.5386373260956,0.940048908961589,0.345721322179179,0.914580149291652,"Not_Significant"
"PGPEP1",-0.611167696059382,5.3066843939388,0.939005790913684,0.345731230228628,0.914580149291652,"Not_Significant"
"CYB5D2",-0.682844967550809,5.33798574374404,0.938878301160517,0.345823683733336,0.914580149291652,"Not_Significant"
"MAPK8IP1",-0.51335585498505,5.71374556752952,0.939993826171357,0.345847659187254,0.914580149291652,"Not_Significant"
"DYNC2H1",0.414231055838633,6.31066005642236,0.939013759021662,0.34612700566913,0.914580149291652,"Not_Significant"
"TMEM167B",0.721899643933937,5.20557212261919,0.934518983511097,0.346177590241039,0.914580149291652,"Not_Significant"
"ECD",-0.462891909509416,5.57262956669051,0.93700855465994,0.346467498165623,0.914580149291652,"Not_Significant"
"ZNF263",0.746738850158637,5.2243975541469,0.933338310995483,0.346486088406695,0.914580149291652,"Not_Significant"
"AC005261.1",-0.469018334601188,5.78259146951843,0.937147621631046,0.346588711474717,0.914580149291652,"Not_Significant"
"UPP2",0.667148702957821,5.53767833319975,0.933597901277014,0.34674923228819,0.914580149291652,"Not_Significant"
"KDSR",0.648541193911536,5.80418175053016,0.934477442202497,0.346804718484624,0.914580149291652,"Not_Significant"
"KLC1",-0.360146544041283,7.00608941218067,0.936983138335407,0.346890734598153,0.914580149291652,"Not_Significant"
"RPL24",-0.534718346280446,6.07802793680934,0.935766079819192,0.347088847336004,0.914580149291652,"Not_Significant"
"MTCP1",-0.571681392387817,5.42330937511488,0.933525121088944,0.347238023531413,0.914580149291652,"Not_Significant"
"GIGYF2",0.351914594847973,7.54854181548117,0.935137162948624,0.347331958464723,0.914580149291652,"Not_Significant"
"RHOH",-0.58260471399149,5.50254114924995,0.932917603684858,0.347475091737924,0.914580149291652,"Not_Significant"
"ALG13",-0.411394501025311,6.93037001182342,0.933819481536271,0.347685536512643,0.914580149291652,"Not_Significant"
"GATAD2B",0.399793014485828,7.29307973802133,0.933488532834086,0.347734538098792,0.914580149291652,"Not_Significant"
"EFR3B",-0.551141467542215,5.72371890030568,0.932241974812445,0.347803495863071,0.914580149291652,"Not_Significant"
"MAP3K2",0.342892750193004,7.74622199030659,0.932980984146044,0.347874337788361,0.914580149291652,"Not_Significant"
"DIS3L2",-0.415345631507229,7.08207331548039,0.931702480785082,0.348217989799837,0.914580149291652,"Not_Significant"
"TGFBR2",0.427117860411809,7.97378231956781,0.931386373399405,0.348272664217848,0.914580149291652,"Not_Significant"
"LEPR",0.671183235567193,6.05481899145654,0.929052238294103,0.348367042073391,0.914580149291652,"Not_Significant"
"OSBPL10",0.980471131073287,5.15853969166406,0.92508067504205,0.348547565207688,0.914580149291652,"Not_Significant"
"RBM17",0.530869004675661,6.3069259324732,0.929086194450981,0.348580602793111,0.914580149291652,"Not_Significant"
"EGLN1",0.393135734486969,6.50391661065105,0.929467758428966,0.348610124935709,0.914580149291652,"Not_Significant"
"HELB",0.869685289378522,5.62438608055122,0.926094591103864,0.348618518583522,0.914580149291652,"Not_Significant"
"TSG101",0.468327009458357,6.1882975109026,0.928159952949566,0.348772390454699,0.914580149291652,"Not_Significant"
"GBF1",-0.352330227998486,7.13203736231915,0.92908258738354,0.34887670297122,0.914580149291652,"Not_Significant"
"PRPF8",0.566783475685782,6.17176129379187,0.927242373585414,0.348953189240879,0.914580149291652,"Not_Significant"
"PRKD3",0.483277285637036,7.07601675871276,0.928156744001799,0.349049734341596,0.914580149291652,"Not_Significant"
"SLC20A2",-0.379242540868898,7.14822874195046,0.928326109293351,0.349067885924497,0.914580149291652,"Not_Significant"
"CSNK1G3",0.498188924735203,6.35815930139122,0.926841618670665,0.34918492174232,0.914580149291652,"Not_Significant"
"RTCB",0.456759121763275,6.26455361699364,0.925736523867815,0.349431969744732,0.914580149291652,"Not_Significant"
"RTN4",-0.295389631168654,9.63139684737848,0.926106358061543,0.349581025103593,0.914580149291652,"Not_Significant"
"RPP30",-0.495315770755401,5.55817397188433,0.924352292986239,0.349659666514912,0.914580149291652,"Not_Significant"
"EPHA6",0.609525047687736,7.11422279846561,0.925555456415711,0.349693718626141,0.914580149291652,"Not_Significant"
"SCAP",0.61366721888933,5.64652464050898,0.922436109622162,0.349718591741719,0.914580149291652,"Not_Significant"
"LRRC37B",0.40841953691166,6.32049049903318,0.924716477882027,0.349735430204693,0.914580149291652,"Not_Significant"
"SMARCA1",0.543995864653269,5.84706788426248,0.922522126749683,0.349925087217538,0.914580149291652,"Not_Significant"
"BLZF1",0.571051120017274,5.56789381199943,0.920678702096996,0.350106957344989,0.914580149291652,"Not_Significant"
"ZFP30",0.616092643212001,5.4963442330127,0.920125986843652,0.350153864667719,0.914580149291652,"Not_Significant"
"LSAMP-AS1",0.954690744055798,5.3799698818864,0.919178424716346,0.35015570730252,0.914580149291652,"Not_Significant"
"MPLKIP",0.775332343979153,5.24465427775124,0.918694529512235,0.350217526192805,0.914580149291652,"Not_Significant"
"ENAH",0.530364597806814,6.43947720326371,0.922551405969458,0.350293504896291,0.914580149291652,"Not_Significant"
"UBAC1",-0.565520152908423,5.41861041376153,0.920206558142001,0.350602651685622,0.914580149291652,"Not_Significant"
"PTGS1",-0.468887170346061,5.48789018361618,0.920303928031466,0.350615224941107,0.914580149291652,"Not_Significant"
"DDX5",0.371721817889994,9.12794659126895,0.921605378333946,0.350728940648018,0.914580149291652,"Not_Significant"
"ARL6IP4",-0.402686041176996,7.23801450592946,0.921368597606886,0.350830860475677,0.914580149291652,"Not_Significant"
"SPIDR",0.312003864818411,8.80923903708964,0.920647593326342,0.350976517982033,0.914580149291652,"Not_Significant"
"ZC3H8",0.462361373251333,6.09161596395455,0.918061568995005,0.351284530295795,0.914580149291652,"Not_Significant"
"HLTF",0.498246739086746,5.66077145663085,0.915558394427088,0.351554115963534,0.914580149291652,"Not_Significant"
"CAMKK1",0.720397164307922,5.73057398618614,0.914806712042147,0.351686954040566,0.914580149291652,"Not_Significant"
"PALLD",0.533942347994261,5.81928142664114,0.915271692523921,0.351756550593858,0.914580149291652,"Not_Significant"
"NCEH1",-0.402629340794337,6.27792210108132,0.916955640745385,0.351890793406898,0.914580149291652,"Not_Significant"
"AL022238.2",0.761753890354646,5.34474349854769,0.912352665475973,0.351926241984667,0.914580149291652,"Not_Significant"
"MAP4K5",0.343237039794209,8.26768571271527,0.916434458346706,0.352063005216416,0.914580149291652,"Not_Significant"
"SRBD1",0.52935174854204,6.54409819301887,0.915753248454479,0.352073491420243,0.914580149291652,"Not_Significant"
"NUP88",0.597627691872749,6.09904634859377,0.914721417662718,0.352075952806139,0.914580149291652,"Not_Significant"
"EVI2B",0.707809828229887,5.72143539421159,0.912808522931925,0.352198735065927,0.914580149291652,"Not_Significant"
"USF3",0.450688268370346,5.87223595892589,0.912862135674347,0.352466442008527,0.914580149291652,"Not_Significant"
"DPP7",-0.40310642513773,6.68637928601118,0.914136479468426,0.352671904657444,0.914580149291652,"Not_Significant"
"MKRN1",0.607330522464456,5.89138635306309,0.911301977947729,0.352804752750572,0.914580149291652,"Not_Significant"
"CCT4",-0.380458375903736,6.08404765449184,0.911835995974755,0.353140149337005,0.914580149291652,"Not_Significant"
"GRIK1",-0.375697223959881,7.24331865968796,0.912286029421718,0.3531536201084,0.914580149291652,"Not_Significant"
"SYMPK",0.382586999443339,6.58572421437735,0.910764759823067,0.353406616442139,0.914580149291652,"Not_Significant"
"RORA",0.510287483134929,9.00044882786675,0.910884819407813,0.353475351413656,0.914580149291652,"Not_Significant"
"MT-CO1",0.385030968268129,10.3075345838635,0.910500300788573,0.353565839232141,0.914580149291652,"Not_Significant"
"MRFAP1L1",0.789339139662287,5.25405295854983,0.905702122127423,0.353571265614375,0.914580149291652,"Not_Significant"
"MT-CO3",0.435440026263978,10.8854190382249,0.910119953117322,0.353663108926764,0.914580149291652,"Not_Significant"
"CTNNBL1",-0.412577347017127,6.08202726665031,0.909112445687251,0.353849999136978,0.914580149291652,"Not_Significant"
"APOD",-0.507243646700968,7.80962014289288,0.909436609692237,0.353866716044349,0.914580149291652,"Not_Significant"
"DLD",-0.64348584649195,5.20155344154638,0.906153738799621,0.353962108557904,0.914580149291652,"Not_Significant"
"EPHB6",-0.570188983225158,5.64484802048566,0.907414912508067,0.354086284624822,0.914580149291652,"Not_Significant"
"TMEM181",0.475518393329332,6.48084777454792,0.907576800568072,0.354170493556017,0.914580149291652,"Not_Significant"
"FGD6",0.622851763805802,5.4383691241469,0.903771835458308,0.35429637282472,0.914580149291652,"Not_Significant"
"CECR2",-0.52464628970664,6.73814170234365,0.907720018892658,0.354333341020627,0.914580149291652,"Not_Significant"
"CARNMT1",-0.539154240393861,5.85907137028625,0.90693367811196,0.354342545996035,0.914580149291652,"Not_Significant"
"NHSL2",0.780309549327374,5.24840326810215,0.90195572110937,0.354542127401346,0.914775653200748,"Not_Significant"
"ZBTB11",0.554041369006733,5.38522106560165,0.901842109246057,0.354777683228779,0.914805430657898,"Not_Significant"
"RAB21",0.475006871589992,5.99595517620552,0.903181998978805,0.355047176911636,0.914805430657898,"Not_Significant"
"ERP44",0.439396043387308,7.16863522162033,0.904770727851306,0.35505046793782,0.914805430657898,"Not_Significant"
"SHROOM1",-0.721261780455322,5.12200596997687,0.900513647587943,0.355347392409536,0.914805430657898,"Not_Significant"
"SMAD5",0.491334585559251,6.35322628142531,0.902748372551307,0.355363728377805,0.914805430657898,"Not_Significant"
"PYGL",0.530299021160335,6.43675701301123,0.901379459362852,0.355739044912435,0.914805430657898,"Not_Significant"
"FAM98B",0.587871025417768,5.47591162126165,0.898041502843752,0.355853671519809,0.914805430657898,"Not_Significant"
"FAM200A",0.572318123083714,5.86873941657051,0.898754702465473,0.356054782382497,0.914805430657898,"Not_Significant"
"MTHFD2",0.777386407593306,5.66622616134873,0.897547907511491,0.356060749092801,0.914805430657898,"Not_Significant"
"BAIAP2L2",-0.671892557827513,6.45952628270123,0.900463031167461,0.356200912460445,0.914805430657898,"Not_Significant"
"MAN2C1",0.643887199017591,5.66953934154507,0.896843883427771,0.356331103407465,0.914805430657898,"Not_Significant"
"RCOR3",-0.373073150841308,6.63839224139109,0.899626997096047,0.356416553024114,0.914805430657898,"Not_Significant"
"SCYL2",0.527934199777011,6.13664903386037,0.897889103408037,0.356499468383531,0.914805430657898,"Not_Significant"
"PPIL4",0.580542629077665,6.07528741014784,0.897286623372621,0.356583984860616,0.914805430657898,"Not_Significant"
"TSN",-0.574011763166293,5.24656123478547,0.894962404162329,0.356920376095508,0.914805430657898,"Not_Significant"
"FOXK1",-0.350644681216212,6.3997310230624,0.896917545073631,0.357089289089389,0.914805430657898,"Not_Significant"
"AC007192.2",-0.654058335760223,6.15810033656784,0.896749914873652,0.357114339412347,0.914805430657898,"Not_Significant"
"CASK",-0.315135988724041,7.3171059931442,0.896572223089877,0.357222679985628,0.914805430657898,"Not_Significant"
"BORCS5",-0.548204298965748,5.68784800194692,0.895401980228904,0.357242650027433,0.914805430657898,"Not_Significant"
"NUPR1",0.635221616916878,5.79562507769137,0.892470469071541,0.357602496913879,0.914805430657898,"Not_Significant"
"GNB4",-0.407062624483695,7.45782633643489,0.894766392981082,0.35769117384838,0.914805430657898,"Not_Significant"
"CDC42BPB",-0.427238620333516,6.34187820736164,0.894434180221339,0.357737073746634,0.914805430657898,"Not_Significant"
"ST8SIA4",0.555579793371667,8.00784053901865,0.894194050071764,0.35782560760927,0.914805430657898,"Not_Significant"
"GCC2",0.378642571762467,7.26800728040743,0.89411733143689,0.357838264530674,0.914805430657898,"Not_Significant"
"IRF5",0.492967695346185,5.90423702692657,0.891937708462753,0.357910687368296,0.914805430657898,"Not_Significant"
"UTP23",0.521908244330378,5.82904130845241,0.891414868613681,0.357972567899986,0.914805430657898,"Not_Significant"
"DOPEY2",-0.462550724754797,5.99252404527752,0.89267610013031,0.358098703153491,0.914805430657898,"Not_Significant"
"WASF2",-0.357429496584421,7.77972502903617,0.893146669346268,0.358103758294927,0.914805430657898,"Not_Significant"
"ITGB1",-0.392277315846602,6.54481485794951,0.892983794776717,0.35814502578349,0.914805430657898,"Not_Significant"
"FNBP4",-0.352707767410746,7.33466781001252,0.892166204915027,0.358376493336906,0.915002635889325,"Not_Significant"
"SRSF10",0.355743836488822,7.143076211274,0.891683014774026,0.358469964567985,0.915002635889325,"Not_Significant"
"ZNF621",-0.59622578990215,5.40433207222867,0.888394865970184,0.358856370947889,0.915231315591361,"Not_Significant"
"SLITRK5",0.802092729421508,5.26623263060643,0.885162507406032,0.358965071126868,0.915231315591361,"Not_Significant"
"SGIP1",-0.428261580565081,7.44936013214292,0.889750741271815,0.359007629012905,0.915231315591361,"Not_Significant"
"CACNG8",-0.649057467302978,5.58911282877552,0.88829828735145,0.359055144521966,0.915231315591361,"Not_Significant"
"TYW1B",-0.367547213519738,6.45433100035533,0.886818724540631,0.359751749787217,0.915710851141005,"Not_Significant"
"ELP2",0.336027978849892,6.821506884387,0.88623643505281,0.359868209261639,0.915710851141005,"Not_Significant"
"NFIX",-0.474720289413557,6.66694614388977,0.885933597867674,0.360017489233582,0.915710851141005,"Not_Significant"
"LHPP",-0.445530211766841,6.27852158452496,0.88546374597238,0.360086795535544,0.915710851141005,"Not_Significant"
"ZBTB4",0.450501171674194,6.17078205591989,0.884391620815373,0.360100464265035,0.915710851141005,"Not_Significant"
"LINC01410",0.72547215505427,5.86110474170409,0.883047600029604,0.360101269579277,0.915710851141005,"Not_Significant"
"MDM2",0.472704770896166,6.60480150136882,0.884551364448724,0.360234459506979,0.915710851141005,"Not_Significant"
"CSTF3",-0.375767412037288,6.77894287181384,0.884369595279334,0.360432105069195,0.915710851141005,"Not_Significant"
"VPS13C",0.341139314045167,8.41382216749134,0.883423621388507,0.36065535307005,0.915710851141005,"Not_Significant"
"MPP2",-0.674642536115356,5.34976333078744,0.881213580629259,0.36071562566001,0.915710851141005,"Not_Significant"
"STK24",-0.436341434393479,5.97571864062586,0.882513459494675,0.360769676207411,0.915710851141005,"Not_Significant"
"ZMAT4",0.70938459336782,5.82665260468323,0.880133252346025,0.360843646634037,0.915710851141005,"Not_Significant"
"DRG1",-0.49312492241242,5.72799498422216,0.881398185500636,0.360948199735427,0.915710851141005,"Not_Significant"
"C6orf106",0.372295496382749,6.36984581779759,0.881538183143125,0.360978932796358,0.915710851141005,"Not_Significant"
"BICD1",-0.430210007351159,7.48837465269233,0.881429216621736,0.361206020427297,0.915710851141005,"Not_Significant"
"AC074032.1",0.478523331862778,6.78636433816085,0.880561494744243,0.361337088369605,0.915710851141005,"Not_Significant"
"TM9SF2",0.438121430380579,6.94925207595167,0.879967401381123,0.361534926689644,0.915710851141005,"Not_Significant"
"PPP1R16B",-0.416397054921093,6.71363288335774,0.879687744097018,0.361673093379435,0.915710851141005,"Not_Significant"
"ITSN1",0.353563180682463,7.18256903762791,0.879445532234572,0.361708189911499,0.915710851141005,"Not_Significant"
"FEZ2",-0.330488006811631,7.60353310931704,0.879471714723933,0.361722521135705,0.915710851141005,"Not_Significant"
"FBXO22",-0.406177550568503,5.97413770307659,0.87828713246059,0.361885437865997,0.915746601514247,"Not_Significant"
"NFKBIZ",-0.421070239912236,6.2982495376287,0.878153296866252,0.362026418495555,0.915746601514247,"Not_Significant"
"STAT5B",0.37793292696725,6.67145850964577,0.877647077235957,0.362108545150009,0.915746601514247,"Not_Significant"
"UNC13B",0.548045514612823,5.66277491140739,0.873778827553483,0.362479977451388,0.916062828548765,"Not_Significant"
"STAG2",0.378435809069968,7.29876023801737,0.87616929694616,0.362587223736886,0.916062828548765,"Not_Significant"
"MPZL1",0.473158611544593,7.10630435051822,0.875848324961269,0.362647627384895,0.916062828548765,"Not_Significant"
"TIMM13",-0.605992846855109,5.39280432253294,0.873765360824236,0.362729629552611,0.916062828548765,"Not_Significant"
"LINC01170",-0.676899811976615,6.34616848488287,0.874334871187492,0.363081007417256,0.916179850910124,"Not_Significant"
"ASCC1",-0.382279697905146,6.59195509790576,0.874122581920304,0.363146432921894,0.916179850910124,"Not_Significant"
"AL117339.5",-0.61244758650007,5.62744674697099,0.872997819932046,0.363148044329882,0.916179850910124,"Not_Significant"
"BRD7",-0.453275404851334,6.1096872071731,0.871374524045125,0.363794153386826,0.916672194960062,"Not_Significant"
"USP45",-0.411199763201745,5.7561052172759,0.870561631345,0.36383759005605,0.916672194960062,"Not_Significant"
"LINS1",0.807038713163139,5.25783073434449,0.86658646085874,0.363925972046587,0.916672194960062,"Not_Significant"
"ZYG11B",0.449552189475269,6.39354992970585,0.87035982281939,0.363952513227977,0.916672194960062,"Not_Significant"
"TALDO1",-0.527417733011877,5.78789901908329,0.870256478362375,0.363963658835503,0.916672194960062,"Not_Significant"
"TIPRL",-0.445538901352396,5.73181138937282,0.867684002026071,0.364605358365269,0.917423203249259,"Not_Significant"
"SLC17A5",0.435428031783029,6.42402239210371,0.867920106434472,0.364622927721569,0.917423203249259,"Not_Significant"
"RPL37A",0.480049288556558,8.07465622440862,0.868553347720438,0.36463442869092,0.917423203249259,"Not_Significant"
"GNG5",0.846679013924433,5.29663241960378,0.86360618536166,0.364763836367772,0.91743631571288,"Not_Significant"
"STK4",0.293413876228748,7.78596620656812,0.865868501103562,0.365363098848737,0.917730076109638,"Not_Significant"
"CBL",0.384144840044327,7.12767898263376,0.864561803084635,0.365694066470166,0.917730076109638,"Not_Significant"
"CLK1",0.381541552219371,7.40110855296764,0.864610237264499,0.365697549061219,0.917730076109638,"Not_Significant"
"LRRC58",-0.44663391306728,5.41529087695328,0.862064889917802,0.365861236913246,0.917730076109638,"Not_Significant"
"ERI1",0.629884719752964,5.4416570882688,0.860101900808632,0.365915708592368,0.917730076109638,"Not_Significant"
"IGSF6",-0.516323502348566,5.68248178808387,0.861574321092602,0.366242389076687,0.917730076109638,"Not_Significant"
"SLC39A12",1.42997424510816,5.00866901031467,0.858650446697209,0.366337878346474,0.917730076109638,"Not_Significant"
"LSM2",-0.512005138569166,5.45671898756093,0.860457662704583,0.36635501695872,0.917730076109638,"Not_Significant"
"ZFHX4",0.559401935004777,6.17404727012697,0.860176670862503,0.366549609028543,0.917730076109638,"Not_Significant"
"AKAP6",-0.431770493045089,8.39725504799024,0.861414701756404,0.366551263493383,0.917730076109638,"Not_Significant"
"ZXDC",0.363208982487955,6.91930273026161,0.861259090115324,0.366566783400659,0.917730076109638,"Not_Significant"
"HSD17B12",0.326388472760584,6.95377366132735,0.860780317810544,0.366707076480607,0.917730076109638,"Not_Significant"
"KRR1",0.647937950453467,5.88462848238789,0.858617039438665,0.366724597483167,0.917730076109638,"Not_Significant"
"RSPRY1",-0.464039100039489,5.6477596005556,0.859339499616994,0.366812134757289,0.917730076109638,"Not_Significant"
"HIP1R",-0.510313290867,6.12000543310751,0.860075901921362,0.366857798825881,0.917730076109638,"Not_Significant"
"AC005009.2",0.868422722368555,5.54597665336857,0.856071326711594,0.366990742575532,0.917730076109638,"Not_Significant"
"ATP1A1",-0.384159808955764,6.96166802427233,0.859927486836295,0.366992641779866,0.917730076109638,"Not_Significant"
"SH3GLB1",0.510325819786516,6.50357565743223,0.858532986365426,0.367173124083084,0.917814988421067,"Not_Significant"
"SHMT1",0.643598757399269,5.51688459190689,0.854895167327081,0.36741117999726,0.917814988421067,"Not_Significant"
"TRAF3",0.499620827540296,6.50335832864927,0.857265523708058,0.367523341291134,0.917814988421067,"Not_Significant"
"EZH1",-0.448941277626806,6.44994027238405,0.857268116981793,0.367685343151178,0.917814988421067,"Not_Significant"
"PTAFR",0.661818589516198,6.04878480148117,0.855186101267062,0.367787006245098,0.917814988421067,"Not_Significant"
"ATL1",-0.405828053577256,6.50658467957972,0.856795599030494,0.367818833732923,0.917814988421067,"Not_Significant"
"LAMP2",-0.366584166443838,8.08740310740147,0.85619574876699,0.367978608064394,0.917814988421067,"Not_Significant"
"C19orf24",0.820282283822764,5.04099694220077,0.850718044637787,0.368140826815612,0.917814988421067,"Not_Significant"
"SIRPB2",-0.621837236231066,5.82023103126007,0.854978541585986,0.368144823431924,0.917814988421067,"Not_Significant"
"ICE1",0.502852835974058,6.3832481122812,0.85342284057753,0.368523593772603,0.918071070094126,"Not_Significant"
"AC105402.3",1.61264390592294,5.56700939032922,0.849904438576897,0.36863545390089,0.918071070094126,"Not_Significant"
"SRGAP2",0.382297192029268,10.0116614000894,0.853535344184544,0.368687951578091,0.918071070094126,"Not_Significant"
"YPEL3",0.358699334248855,6.78856262655463,0.852650310359879,0.368894622540343,0.918071070094126,"Not_Significant"
"ARF6",0.94356438572455,4.94354072851292,0.847463512656323,0.369060637808809,0.918071070094126,"Not_Significant"
"C8orf37-AS1",0.608795686547031,5.74220098821763,0.849570445987986,0.369106166745089,0.918071070094126,"Not_Significant"
"AC097376.2",-0.319953177372237,7.57710495703526,0.852092250209138,0.369117514306153,0.918071070094126,"Not_Significant"
"OPTN",-0.467289312178584,5.64460857936285,0.84976613118225,0.369430263271163,0.918204219537431,"Not_Significant"
"ARHGAP23",-0.572222707877041,5.65553384553629,0.849375669237787,0.369574083262616,0.918204219537431,"Not_Significant"
"GLYR1",-0.371809657504975,6.14280207906345,0.849469495209981,0.369743507139697,0.918204219537431,"Not_Significant"
"IAH1",0.639401667631591,5.92316048116195,0.847510390419525,0.369810232909735,0.918204219537431,"Not_Significant"
"KCNQ5",0.570550418242529,8.66693242510208,0.848813999569529,0.369996854570247,0.918204219537431,"Not_Significant"
"CNTN2",-0.451349007833301,7.45472154956633,0.848763841709519,0.370035623202738,0.918204219537431,"Not_Significant"
"HEXDC",0.651121412049928,5.6264255326165,0.845673930372576,0.370048125912131,0.918204219537431,"Not_Significant"
"PDE4DIP",0.404909592319135,7.99539350420322,0.848240926792684,0.370165448190398,0.918204219537431,"Not_Significant"
"TRIM13",-0.358614977214752,7.27059286734126,0.846469936326039,0.370672914010429,0.91887227570842,"Not_Significant"
"CASC4",0.318234719957186,7.40072157923653,0.846363816070757,0.370683549696913,0.91887227570842,"Not_Significant"
"GTF2H5",-0.496825323148748,5.55525744850755,0.843723545382378,0.371038410759654,0.919282359381223,"Not_Significant"
"ALDH2",0.591312360861162,5.98451194809644,0.842816971578803,0.37117798427565,0.919282359381223,"Not_Significant"
"ARHGAP18",0.438187678866435,6.51955192668163,0.843848650855466,0.371230568419973,0.919282359381223,"Not_Significant"
"TAF2",0.539147248202582,6.05593869243083,0.842207571352401,0.371424175971763,0.919282359381223,"Not_Significant"
"TLE3",0.678478801029455,5.59421072417046,0.840027315605841,0.371560635403236,0.919282359381223,"Not_Significant"
"LARS2",-0.53922389835793,5.65289323650726,0.842002798462621,0.371595657927756,0.919282359381223,"Not_Significant"
"VAMP8",0.8320636701494,5.28653456600611,0.837300674058453,0.372001891181767,0.919817836656211,"Not_Significant"
"TPTEP2-CSNK1E",0.340261150255594,7.34996265243062,0.841368325515748,0.372062477600344,0.919817836656211,"Not_Significant"
"C7orf50",-0.503732228770605,5.61870564418706,0.83954755362849,0.372246590039467,0.919817836656211,"Not_Significant"
"SSX2IP",0.641998754508037,5.62158987267129,0.83685997595757,0.372495771594745,0.919817836656211,"Not_Significant"
"CDH8",0.569193305699425,6.3587420081584,0.838442985735717,0.372623909653296,0.919817836656211,"Not_Significant"
"MKRN3",-0.434008493643943,6.41914285961295,0.839189618959995,0.372658124243743,0.919817836656211,"Not_Significant"
"DGCR2",0.388022992305971,6.20836351811171,0.837339790499164,0.372927743925015,0.919817836656211,"Not_Significant"
"PIGC",0.550827794738466,5.95407407066435,0.836195754483037,0.373017052277781,0.919817836656211,"Not_Significant"
"SRI",0.462665784840863,5.99351881082601,0.836342279084572,0.373051191306544,0.919817836656211,"Not_Significant"
"CTPS2",0.485239656172689,5.80104911759976,0.835351485282902,0.373170570287416,0.919817836656211,"Not_Significant"
"ECPAS",0.320018241675438,7.27094784306096,0.837109727302606,0.373244076965705,0.919817836656211,"Not_Significant"
"CARHSP1",0.382363685288187,6.12674781516009,0.835733717512112,0.373334018948294,0.919817836656211,"Not_Significant"
"STXBP6",-0.440200664507079,6.51337673693086,0.836221756223536,0.373497027970084,0.919817836656211,"Not_Significant"
"CD53",0.407544421804978,7.79650435524374,0.835571629665988,0.373678885073611,0.919817836656211,"Not_Significant"
"UST",0.421688091161635,6.67874306753959,0.835215784009494,0.373679887343345,0.919817836656211,"Not_Significant"
"ORC4",0.447367565194147,6.46033741534928,0.833777228057182,0.374010883246532,0.920325914237886,"Not_Significant"
"REV3L",0.30237093224665,7.85484277425222,0.832160691358236,0.374633159480047,0.921550166193508,"Not_Significant"
"MT1G",1.44346732198131,6.04313329869617,0.828116087870479,0.374834275063469,0.921737946036566,"Not_Significant"
"SASH3",0.621174729021732,5.991621021063,0.829163378048426,0.374981447563876,0.92179299605802,"Not_Significant"
"XPC",0.626704644643198,5.76155371741147,0.827688785825626,0.375205125977533,0.921868507700523,"Not_Significant"
"ZEB2",0.298879364061801,10.2394965242976,0.829639477347169,0.375313459732718,0.921868507700523,"Not_Significant"
"ASXL3",0.651024195312813,5.45959043523186,0.825716058241693,0.375463781612987,0.921868507700523,"Not_Significant"
"SPOCK2",-0.519006095163169,5.60833215651198,0.827612656645328,0.375583342881848,0.921868507700523,"Not_Significant"
"MAP3K20",0.600749942219284,5.53432182980715,0.825442745661155,0.375636145685471,0.921868507700523,"Not_Significant"
"COL18A1",0.626216357023173,5.50458286642312,0.824757640567499,0.375797533576852,0.921958279818068,"Not_Significant"
"FBRS",0.69633392806218,5.18773956123965,0.822771698383018,0.376041378297076,0.922081411530046,"Not_Significant"
"UBXN2A",0.383333274652156,6.52209752373443,0.825819577084851,0.376283422407177,0.922081411530046,"Not_Significant"
"CSNK1D",0.431076911347408,6.25429863400729,0.82496469151717,0.376407028759003,0.922081411530046,"Not_Significant"
"AC097103.2",0.380386147151725,6.51632414842116,0.82516456469725,0.376468371543523,0.922081411530046,"Not_Significant"
"MITD1",0.434886665876641,6.16124064469291,0.824562289296926,0.376471847458321,0.922081411530046,"Not_Significant"
"AL157402.2",0.984143944007885,5.1588497993351,0.820427963040305,0.376700926027084,0.922236856645089,"Not_Significant"
"APH1B",-0.489400662423192,5.38841582018217,0.82262198333561,0.376785005192213,0.922236856645089,"Not_Significant"
"MICAL1",0.597018213101838,5.31205792746268,0.819100536844468,0.377226431639297,0.922244950152762,"Not_Significant"
"MEGF9",0.449442534700504,6.97544153488666,0.82263540063997,0.377270111810134,0.922244950152762,"Not_Significant"
"WHRN",-0.574754409132597,5.22546488218731,0.820260215259316,0.37729830176902,0.922244950152762,"Not_Significant"
"CHMP2A",-0.631599453572727,5.21484410828281,0.820127971570048,0.377317542472498,0.922244950152762,"Not_Significant"
"LMO4",-0.41050123524266,7.04289569487541,0.821930502675991,0.377536918352333,0.922244950152762,"Not_Significant"
"LIMK1",-0.55709356173447,5.52348887984316,0.820512020872044,0.377538087689814,0.922244950152762,"Not_Significant"
"DPY19L3",-0.509981165077786,5.62499666926336,0.819910023254427,0.377776069482741,0.922244950152762,"Not_Significant"
"CORO1C",0.3623965795051,6.68506424842416,0.820033962317135,0.377970413098769,0.922244950152762,"Not_Significant"
"STMN4",-0.521130844882516,7.13241710533175,0.819912421721427,0.378110094293603,0.922244950152762,"Not_Significant"
"TFEC",0.380861056655796,7.23923369865059,0.818349266663351,0.378520055572001,0.922244950152762,"Not_Significant"
"NOP56",-0.401094210206445,5.84853837211061,0.816855832293769,0.378757081356152,0.922244950152762,"Not_Significant"
"LINC01725",-0.659548879878084,5.50756806913293,0.816205082940928,0.37877532197973,0.922244950152762,"Not_Significant"
"F13A1",0.671974407896859,6.87628049933272,0.816516515310772,0.378951344318875,0.922244950152762,"Not_Significant"
"AP002812.2",0.610363138495234,5.6446854289949,0.813688618390993,0.379091483162005,0.922244950152762,"Not_Significant"
"PRPF6",0.5696410344239,5.74627822915289,0.813782934578815,0.37918019201137,0.922244950152762,"Not_Significant"
"RUNX2",0.440071046090185,7.67346589466633,0.815252742593308,0.379413486186081,0.922244950152762,"Not_Significant"
"HDAC3",0.631820715272849,5.51016329536792,0.812030524853473,0.3794270455769,0.922244950152762,"Not_Significant"
"GNB5",-0.698110347194392,5.06785979003062,0.810806341581487,0.379805905593223,0.922244950152762,"Not_Significant"
"CFLAR",0.345469899232379,7.17181282569803,0.813784653234163,0.379820463248899,0.922244950152762,"Not_Significant"
"PCCA",-0.274623001052622,7.75730506219695,0.813761345315263,0.379842445730787,0.922244950152762,"Not_Significant"
"RHOB",-0.472515120094765,5.98529504383715,0.813312021856513,0.379846155240874,0.922244950152762,"Not_Significant"
"FAM19A1",0.669482008926461,6.91782874481321,0.812775430130683,0.380026379436188,0.922244950152762,"Not_Significant"
"POLA2",-0.68140286018871,5.08636504570016,0.809852236806105,0.380091315376878,0.922244950152762,"Not_Significant"
"ERGIC2",-0.413061239434684,5.96885476149841,0.812262668900837,0.380129050329518,0.922244950152762,"Not_Significant"
"TBCB",-0.336201154030796,6.86442999266488,0.812680918907247,0.380166567461439,0.922244950152762,"Not_Significant"
"TEAD1",0.53665194718584,6.25914245181851,0.811585875152521,0.380176721969121,0.922244950152762,"Not_Significant"
"RAB39A",-0.510479555088756,5.45476439889716,0.810786748597141,0.38023589553237,0.922244950152762,"Not_Significant"
"PPIL2",-0.524722946110327,5.3657396702199,0.810310758023883,0.380284028450699,0.922244950152762,"Not_Significant"
"MOB1A",0.637261957709486,5.915005138489,0.80950917962772,0.380514122281052,0.922500105444742,"Not_Significant"
"TTYH2",-0.449411767404615,7.00013000062605,0.810851237294807,0.380696824526992,0.922640237132837,"Not_Significant"
"PDE8A",-0.310055019885384,8.45176161085929,0.80804415493428,0.381464709069171,0.923272856667387,"Not_Significant"
"LINC02256",-0.301751403854435,8.02647094408342,0.807710533018666,0.381570339146926,0.923272856667387,"Not_Significant"
"RPS24",0.435288313958955,7.56329228676432,0.807345840946685,0.381679356965855,0.923272856667387,"Not_Significant"
"RBM5",-0.394643900303279,7.12064780319166,0.807089632275023,0.381775843654727,0.923272856667387,"Not_Significant"
"ACAT1",0.40554689599318,6.30249808737865,0.806141151708247,0.381812795476251,0.923272856667387,"Not_Significant"
"PCCB",0.657712427196485,5.68225652006992,0.80309381041571,0.382152426179947,0.923272856667387,"Not_Significant"
"FAM3C",-0.47662026467891,5.56277157901725,0.803718474339682,0.382360005649948,0.923272856667387,"Not_Significant"
"DDX52",0.604859055371924,5.63674644310721,0.802242964046815,0.382390510758425,0.923272856667387,"Not_Significant"
"HK1",-0.342871193008598,6.73350215322493,0.804111339517579,0.382626049830593,0.923272856667387,"Not_Significant"
"KAT2A",0.408036283063354,7.21799484716839,0.803417424565078,0.382800563926024,0.923272856667387,"Not_Significant"
"PSMD2",-0.495938300346525,5.63770378616592,0.801163270677768,0.38316338201667,0.923272856667387,"Not_Significant"
"PCSK5",0.536204447737944,6.26127732355458,0.800940868261324,0.383248455206106,0.923272856667387,"Not_Significant"
"AZIN1",-0.522235906340327,5.89046384653128,0.800504520469615,0.383506634319519,0.923272856667387,"Not_Significant"
"DDHD2",-0.605473352325495,5.39348215620707,0.799171118973051,0.383567763867163,0.923272856667387,"Not_Significant"
"CTR9",-0.463014710568941,5.49553469141971,0.799272497132054,0.383590494941038,0.923272856667387,"Not_Significant"
"ZKSCAN1",-0.353770486242322,7.37786695064247,0.800474302372166,0.383682770143121,0.923272856667387,"Not_Significant"
"ARSG",-0.526962207715248,5.35890578515734,0.797890245569244,0.3838786793888,0.923272856667387,"Not_Significant"
"LARGE1",0.320924292976796,7.50150971630235,0.799652163576128,0.383908112875618,0.923272856667387,"Not_Significant"
"SPNS1",0.571896652233742,5.46250453031452,0.796171416533818,0.384006691763917,0.923272856667387,"Not_Significant"
"PDHX",0.483788194967818,5.90204182653755,0.797327317396783,0.384102321939644,0.923272856667387,"Not_Significant"
"FO393401.1",0.582244542269579,5.40724853109101,0.79528736233043,0.384198618406323,0.923272856667387,"Not_Significant"
"ZNF354A",0.952147285966229,5.06848244798666,0.79403370214987,0.384295176138194,0.923272856667387,"Not_Significant"
"SH3BP5",-0.520185036572129,5.36079990912653,0.795717530388565,0.384516042881225,0.923272856667387,"Not_Significant"
"NSF",0.370051549696155,8.2893421456013,0.797502485912888,0.384525237797062,0.923272856667387,"Not_Significant"
"SPATA6",0.353139089770852,8.0256156233187,0.797394574721742,0.384561528064199,0.923272856667387,"Not_Significant"
"CD55",0.497902070828435,5.91002978434782,0.79555429635887,0.384621121537115,0.923272856667387,"Not_Significant"
"SELENOS",-0.453967829868067,5.64443822413616,0.795708044494077,0.384742873791831,0.923272856667387,"Not_Significant"
"TOM1L2",-0.335551403103179,7.15688035177794,0.796788463146432,0.384759290710222,0.923272856667387,"Not_Significant"
"KIAA1191",0.688897951073537,5.05530783774952,0.792118769288425,0.384794885289945,0.923272856667387,"Not_Significant"
"PPP6R3",0.305175596964223,8.15178630315548,0.79626621422629,0.384887697145125,0.923272856667387,"Not_Significant"
"NFAT5",0.272307569991582,8.25601568831762,0.796186631971852,0.384908581040873,0.923272856667387,"Not_Significant"
"MGAT5",-0.267116358798749,8.49338012255838,0.795568692744452,0.38508000423121,0.923272856667387,"Not_Significant"
"FAM196A",-0.607151141348048,5.55512877823365,0.794472730905572,0.385082397643458,0.923272856667387,"Not_Significant"
"DSCAM",-0.379393460257416,8.91951832366645,0.794705349707829,0.385326713407083,0.923289698117665,"Not_Significant"
"CREB1",-0.414929611771152,7.01264397391839,0.794505727447375,0.385428411362601,0.923289698117665,"Not_Significant"
"SYTL3",-0.460670358151092,6.61293348039399,0.794341544701582,0.385464387301324,0.923289698117665,"Not_Significant"
"SF3B1",0.372472189237402,7.79944635373264,0.79193661774468,0.386158948839363,0.92426575423447,"Not_Significant"
"EXOC6B",-0.304355509556493,8.85648849147508,0.791225039764066,0.386346273229838,0.92426575423447,"Not_Significant"
"GRK3",0.32659879648455,7.79643455739952,0.791260696991955,0.386357652928577,0.92426575423447,"Not_Significant"
"KAZN",0.531567719320399,8.37151973055516,0.7911819314061,0.386372363486672,0.92426575423447,"Not_Significant"
"RANBP3",0.540459087488142,5.59002804124221,0.786592969579394,0.386960930671276,0.925034909085044,"Not_Significant"
"SLC18B1",0.405508877141426,6.14225401833188,0.787959930956668,0.387037257134029,0.925034909085044,"Not_Significant"
"AGO3",0.306879981728989,7.70570515265833,0.788640646013893,0.387128263325014,0.925034909085044,"Not_Significant"
"HEATR1",0.548085800272881,5.69671136761418,0.786113861094912,0.387194793406113,0.925034909085044,"Not_Significant"
"CD302",0.994262497671411,5.16382665736888,0.782866377089074,0.387624289631459,0.925248964648531,"Not_Significant"
"ACSL4",0.308802483274728,7.35589414965286,0.786035187661557,0.387892361193122,0.925248964648531,"Not_Significant"
"RIT2",0.748712326562098,5.33563390774754,0.782126221338914,0.387947627962516,0.925248964648531,"Not_Significant"
"KIF2A",-0.307430832677855,7.21507019577522,0.784982858116645,0.388222057885507,0.925248964648531,"Not_Significant"
"WIPI1",0.584641673496665,5.72841438260343,0.781928879419566,0.388439774569493,0.925248964648531,"Not_Significant"
"ARFGAP3",0.468713219877931,5.90020215312234,0.781908147447655,0.388647192114867,0.925248964648531,"Not_Significant"
"PI4KA",-0.271516420945486,7.57989247861905,0.783442535568257,0.388667805788311,0.925248964648531,"Not_Significant"
"SURF4",0.411330321158996,5.84365125846037,0.78176141266197,0.388674746941984,0.925248964648531,"Not_Significant"
"TXNL4A",-0.431065081883326,5.6019514052236,0.782146159452214,0.388701443471837,0.925248964648531,"Not_Significant"
"DNAJB2",-0.371138149612579,6.87881657575698,0.782765848176451,0.388879189553959,0.925248964648531,"Not_Significant"
"EIF1B",-0.487522547808878,5.8733947616355,0.781551012844011,0.389057154174436,0.925248964648531,"Not_Significant"
"MAPRE2",0.41802751589428,7.56097520614588,0.781698921071005,0.389174986430076,0.925248964648531,"Not_Significant"
"EIF3F",-0.412421854154056,5.90659873202273,0.781095488771069,0.389190995312763,0.925248964648531,"Not_Significant"
"GPR37",-0.521835018905821,6.63429397115912,0.781132686800032,0.389359930867757,0.925248964648531,"Not_Significant"
"SLC16A7",0.667345079518149,5.68872025792419,0.777656560076257,0.389635682033773,0.925248964648531,"Not_Significant"
"CHCHD7",0.595582707115124,5.86861576681087,0.777758485099853,0.389792508076773,0.925248964648531,"Not_Significant"
"MRPS26",-0.441904999551582,5.58709823581418,0.778282282770822,0.389839184998428,0.925248964648531,"Not_Significant"
"AGBL4",0.584169725723883,7.79151985831724,0.779141551965727,0.389932416336589,0.925248964648531,"Not_Significant"
"EMSY",0.372295943326847,6.87157265820467,0.778850627652675,0.38997438097214,0.925248964648531,"Not_Significant"
"VLDLR-AS1",-0.484035334024361,5.47640070453157,0.7775234457093,0.389985095306378,0.925248964648531,"Not_Significant"
"SCAPER",0.26245772360152,8.24971476156585,0.778643620577587,0.39007691098722,0.925248964648531,"Not_Significant"
"TBC1D23",0.399800355790882,6.04099468972944,0.777052718390653,0.390215564840689,0.925248964648531,"Not_Significant"
"AKAP8L",0.43493951353813,6.381002701694,0.777321373498708,0.390290114170699,0.925248964648531,"Not_Significant"
"AKR1A1",-0.372241961959551,6.60736140412136,0.77796168506195,0.390290479740737,0.925248964648531,"Not_Significant"
"TATDN3",0.54980407796156,5.8506438126607,0.775209113816384,0.390567742923244,0.9254159686421,"Not_Significant"
"SPTLC3",-0.559637632327572,5.65311205051098,0.775567655788924,0.3907245671504,0.9254159686421,"Not_Significant"
"PPME1",-0.4420286373505,5.81892566580881,0.775780548100212,0.390736754595196,0.9254159686421,"Not_Significant"
"NABP1",0.654979958604866,6.51657154899789,0.77487766941186,0.391002123024663,0.925633676693682,"Not_Significant"
"PPP1R12A",0.270786347236934,8.10537710722323,0.775200590120526,0.391106560404217,0.925633676693682,"Not_Significant"
"PRIM2",0.380833352729352,6.96364237005688,0.774663775961084,0.391235001915878,0.925633676693682,"Not_Significant"
"EPB41L2",-0.268702201533365,10.0277485325642,0.774192831287553,0.391386395734012,0.925633676693682,"Not_Significant"
"ZNF83",0.341944292808292,6.95925666717674,0.773941100393132,0.391455205901051,0.925633676693682,"Not_Significant"
"SH3TC1",0.453364805739838,7.18490685658632,0.772852655253489,0.391791399950543,0.925941954544192,"Not_Significant"
"DZIP3",0.42238300400582,6.52390293320614,0.772251245020028,0.39185866998627,0.925941954544192,"Not_Significant"
"DLEU7-AS1",-0.348499491845718,7.9407607770407,0.772344318355162,0.391961620665993,0.925941954544192,"Not_Significant"
"MRPS18C",-0.462443852954645,5.67227300421228,0.770910071718077,0.392115656277674,0.926009703619942,"Not_Significant"
"BTBD3",0.353742953761711,7.05434842507804,0.771170082456447,0.39229471533164,0.926093465313656,"Not_Significant"
"PLEC",0.517239024822774,6.31884089847016,0.769217087122063,0.392665400516996,0.926093465313656,"Not_Significant"
"YIPF6",-0.552359793539478,5.33953299764812,0.768201784348187,0.39266955316618,0.926093465313656,"Not_Significant"
"LINC02241",0.708750167156469,5.3944219894639,0.766565370645012,0.392683179933675,0.926093465313656,"Not_Significant"
"THUMPD3-AS1",-0.322727210850554,7.48431312341076,0.769479957608894,0.392836110148368,0.926093465313656,"Not_Significant"
"PLEKHG1",0.5399428439887,6.24245854089316,0.768275730971506,0.392903332921754,0.926093465313656,"Not_Significant"
"EMB",0.491187188125669,5.90356376780563,0.765241850208462,0.393633082496171,0.9271820384977,"Not_Significant"
"HOOK2",0.374898904775614,6.44612119444118,0.766275502147619,0.393642697519616,0.9271820384977,"Not_Significant"
"ANKRD13C",-0.410648086697507,6.93528360403214,0.76518700821137,0.394140662555828,0.9271820384977,"Not_Significant"
"HIVEP1",0.453650998629319,5.87776108388709,0.763250734330791,0.394232739325872,0.9271820384977,"Not_Significant"
"ATP6AP1L",0.617337943628125,5.49873531248068,0.761813920012114,0.394259692622964,0.9271820384977,"Not_Significant"
"MAP7D3",-0.623624565093133,4.97313612403407,0.76083410928634,0.394407683336732,0.9271820384977,"Not_Significant"
"ZBTB8OS",0.430776516967949,6.65343818503818,0.76333542645162,0.394579480582325,0.9271820384977,"Not_Significant"
"MCL1",0.700539215505203,5.66355794190844,0.760721566357354,0.394699338822363,0.9271820384977,"Not_Significant"
"GGT7",0.551031391992241,6.32975037160158,0.761379423038209,0.395026395362883,0.9271820384977,"Not_Significant"
"ARHGEF2",-0.424698781792911,6.46768315323346,0.761820453943923,0.395130520433417,0.9271820384977,"Not_Significant"
"ERBB4",0.416141749081823,9.44528650636273,0.761700475075902,0.395153258243042,0.9271820384977,"Not_Significant"
"CEP83",0.532170508938909,5.71665774420438,0.759508130598027,0.395206287917637,0.9271820384977,"Not_Significant"
"CASTOR3",-0.4836581391856,6.16136695043918,0.760797222388368,0.395388259751537,0.9271820384977,"Not_Significant"
"RPL27",0.593533870208985,6.71631611456488,0.760504374577447,0.395420183071397,0.9271820384977,"Not_Significant"
"DOK3",0.580001396738367,5.47015724329228,0.757036646495602,0.395707529742698,0.9271820384977,"Not_Significant"
"USP24",0.39770518390554,7.46178463475983,0.759509863253275,0.395838213661533,0.9271820384977,"Not_Significant"
"SPPL2B",-0.574272482710311,5.24761093830086,0.757012724584635,0.395954712701027,0.9271820384977,"Not_Significant"
"SNHG9",0.574364431601889,6.07573623084698,0.757499243935991,0.396060111943666,0.9271820384977,"Not_Significant"
"CPE",-0.478862946458455,7.59903155349532,0.758639109854056,0.396112483317917,0.9271820384977,"Not_Significant"
"NSD3",0.302411202973195,7.63195149627199,0.75828001834532,0.396217684319746,0.9271820384977,"Not_Significant"
"MAN1A2",0.289897923732711,7.53994829440765,0.75816391422945,0.396253113256461,0.9271820384977,"Not_Significant"
"SLMAP",-0.273637215164297,7.24154852965611,0.756749530841655,0.396698265828593,0.9271820384977,"Not_Significant"
"CAPS2",0.371474435253462,6.85476641149432,0.756014657265382,0.396856509541273,0.9271820384977,"Not_Significant"
"CS",0.535491988961081,5.43621941403024,0.752704760405808,0.397024177187305,0.9271820384977,"Not_Significant"
"FARS2",-0.266776711585655,7.76148177964464,0.75528633269736,0.397131108306275,0.9271820384977,"Not_Significant"
"BMPR1A",0.331752784745706,7.1194587071037,0.754776115776908,0.397269813007143,0.9271820384977,"Not_Significant"
"R3HCC1L",0.43094646866198,7.07146499876814,0.754335690894478,0.397390854994443,0.9271820384977,"Not_Significant"
"ZFP36L1",0.51841690453543,8.58688545919366,0.754202603992342,0.397449378788049,0.9271820384977,"Not_Significant"
"ATL3",0.60902319004533,5.59294912944174,0.751021360766012,0.397653056572455,0.9271820384977,"Not_Significant"
"PFN1",0.722311773524963,6.53430591603345,0.752651293590607,0.397722599599158,0.9271820384977,"Not_Significant"
"APEX1",0.778428805192753,5.01182684713624,0.748650725995315,0.397886485090849,0.9271820384977,"Not_Significant"
"CD300A",0.573956169592531,5.84712751338103,0.750178067368844,0.398149047311312,0.9271820384977,"Not_Significant"
"MFHAS1",0.428799503914123,6.0662766714146,0.750434719301277,0.398282351739572,0.9271820384977,"Not_Significant"
"METTL8",0.499220185212504,5.81211884718186,0.749740148517744,0.398294277965599,0.9271820384977,"Not_Significant"
"ARRDC1",0.564270750428123,5.4585548862072,0.748537811190159,0.398315162087576,0.9271820384977,"Not_Significant"
"N4BP1",0.335759608438556,6.48127024291139,0.750698538710897,0.39841054622127,0.9271820384977,"Not_Significant"
"HPGDS",-0.458771635451644,6.50877871146819,0.751062302326089,0.398423662032957,0.9271820384977,"Not_Significant"
"FAM177A1",-0.348930350480589,6.04017848048603,0.749661993723341,0.398736401595048,0.9271820384977,"Not_Significant"
"ERH",-0.549232632729083,5.60050386612384,0.748941235190241,0.398768611926541,0.9271820384977,"Not_Significant"
"HSD17B4",0.336013432213332,6.88564517530748,0.749264489576807,0.398936787090211,0.9271820384977,"Not_Significant"
"RPL18",0.749084527343118,7.70112189558729,0.748935754223352,0.39906604498932,0.9271820384977,"Not_Significant"
"ABI1",-0.335953164676035,7.61881754119427,0.747952213700113,0.399387030330163,0.9271820384977,"Not_Significant"
"AC099669.1",0.546418103478031,5.7303700273238,0.745849742612754,0.399403188196559,0.9271820384977,"Not_Significant"
"UBE2B",0.369645968281072,7.33146659256829,0.747560191655242,0.399496365242205,0.9271820384977,"Not_Significant"
"RGP1",0.699306441257533,5.06227499214,0.743249008151285,0.399575177491221,0.9271820384977,"Not_Significant"
"RPL28",0.550555518594789,8.37473714058943,0.746971704902052,0.399676340118988,0.9271820384977,"Not_Significant"
"KCNJ2",0.53297112285678,5.79446621112979,0.745134383703629,0.399680902375315,0.9271820384977,"Not_Significant"
"AC027097.2",0.443562123334275,6.31817310430734,0.745604034805562,0.399894192736384,0.9271820384977,"Not_Significant"
"MIS18BP1",0.536491378569831,7.64442652387357,0.745924143312689,0.40000314462772,0.9271820384977,"Not_Significant"
"SPESP1",0.989648911473409,5.0956735584396,0.741829545477582,0.400089843910743,0.9271820384977,"Not_Significant"
"FAM168A",-0.340089200429899,8.01351279950074,0.745417009947269,0.400158072802806,0.9271820384977,"Not_Significant"
"PUM3",0.325593104055537,7.23784341533106,0.744838889325893,0.400335501325909,0.9271820384977,"Not_Significant"
"ARHGAP42",-0.534398417327234,5.35273914008406,0.742600910268099,0.400513351945414,0.9271820384977,"Not_Significant"
"TTC7A",0.353795364359808,7.72737572625783,0.74407460196911,0.400580691638859,0.9271820384977,"Not_Significant"
"MSRB2",0.598480144880222,5.53110791881231,0.741041633571555,0.400684557034513,0.9271820384977,"Not_Significant"
"KCNK13",0.337925729694545,7.30234020111848,0.742993864446565,0.40090940452614,0.9271820384977,"Not_Significant"
"APIP",-0.556758004607375,5.25595353257899,0.740168415097564,0.401162472339369,0.9271820384977,"Not_Significant"
"PDE2A",0.580235045058101,5.3000476157768,0.738670356557833,0.401221039966636,0.9271820384977,"Not_Significant"
"USP9Y",0.360736279543405,7.50494304324321,0.741590662035825,0.401349753986994,0.9271820384977,"Not_Significant"
"LRRC41",-0.401986127520176,5.61532557707517,0.740309114496216,0.401415625088184,0.9271820384977,"Not_Significant"
"BNC2",0.35488369765555,8.80206468945072,0.741024129654795,0.401510323164616,0.9271820384977,"Not_Significant"
"DCLRE1C",0.363553922650783,6.47641221039165,0.740054070748612,0.401696921771321,0.9271820384977,"Not_Significant"
"PPM1B",-0.318041832644043,7.67200642195894,0.740430177579832,0.401715251011808,0.9271820384977,"Not_Significant"
"SLC8B1",-0.427392698067129,6.13084949813716,0.739602117097896,0.401894939128122,0.9271820384977,"Not_Significant"
"CSE1L",-0.389540529579401,5.69995328373346,0.73839590004094,0.402066957108911,0.9271820384977,"Not_Significant"
"TMED5",0.407640816010351,5.83952231596733,0.736564140425924,0.40244819474306,0.9271820384977,"Not_Significant"
"YPEL5",0.50963347413226,5.62936784776965,0.735417836217112,0.402580068481742,0.9271820384977,"Not_Significant"
"SARS",-0.459374871621971,5.78933395547298,0.736685542074103,0.402669984282484,0.9271820384977,"Not_Significant"
"XKR6",0.332517396296855,7.67065606443196,0.737058334621946,0.402763701418664,0.9271820384977,"Not_Significant"
"LANCL2",-0.478645956417198,5.81131935376357,0.736328850417306,0.402800528956457,0.9271820384977,"Not_Significant"
"SCARB2",0.296855544325288,7.33520088419843,0.73666471247972,0.402883504495269,0.9271820384977,"Not_Significant"
"RAB11FIP3",0.457214485965399,6.34086718746486,0.735938831559729,0.402907171261377,0.9271820384977,"Not_Significant"
"UNC50",-0.740822313597346,4.96149904843315,0.732638137802014,0.403116469082476,0.9271820384977,"Not_Significant"
"LSM5",-0.639010594305297,5.11351704682304,0.733211763794972,0.403170678689714,0.9271820384977,"Not_Significant"
"B2M",0.542278889005298,9.76407750425224,0.735160863251874,0.403332434426185,0.9271820384977,"Not_Significant"
"MSH2",-0.397114750699657,5.83369407678385,0.733902585734483,0.403551454196895,0.9271820384977,"Not_Significant"
"TADA2A",-0.544451242150692,5.43452700332887,0.732721652738359,0.403680629740954,0.9271820384977,"Not_Significant"
"WRNIP1",0.603686804958811,5.22671057901572,0.730301607100728,0.403769840101909,0.9271820384977,"Not_Significant"
"LRRN1",0.72681089648663,5.21034691312765,0.729129914072866,0.404104898312657,0.9271820384977,"Not_Significant"
"C9orf85",0.434249257148054,6.44811879641625,0.732168636070458,0.404136128091992,0.9271820384977,"Not_Significant"
"ZNF217",0.758557750677421,5.10499928570125,0.728719401907897,0.404161241055001,0.9271820384977,"Not_Significant"
"RBM48",0.621229612030524,5.23955059725098,0.727682747811451,0.404604474900184,0.9271820384977,"Not_Significant"
"VPS37A",-0.583638244281489,5.41825640639666,0.72942302500779,0.4047158249264,0.9271820384977,"Not_Significant"
"PPT1",0.449880373066759,6.47763835464234,0.730090446028845,0.404796382659908,0.9271820384977,"Not_Significant"
"SLC47A1",0.82745132913056,6.61778198054674,0.729768757943756,0.404837627604515,0.9271820384977,"Not_Significant"
"PBX1",0.445778532763945,7.71292105975181,0.730405779699829,0.404847713753184,0.9271820384977,"Not_Significant"
"VPS26C",-0.40889918118229,5.53222276939149,0.728237123174752,0.405142371964269,0.9271820384977,"Not_Significant"
"PAK5",0.540327140975783,5.72413999256014,0.727224682017051,0.405232533725338,0.9271820384977,"Not_Significant"
"SAR1A",-0.553757872789242,5.51408247800499,0.727468200820511,0.405402622485398,0.9271820384977,"Not_Significant"
"PHC2",0.370194650812918,7.72755619685966,0.728192685846535,0.405546855144834,0.9271820384977,"Not_Significant"
"SH2B3",-0.447741247829695,6.61915490047216,0.727453729253966,0.40578903490136,0.9271820384977,"Not_Significant"
"HEATR5A",-0.386411670824717,5.78878841015333,0.726494250212368,0.405860787467264,0.9271820384977,"Not_Significant"
"EIF2AK1",0.610473470574127,5.32360485671935,0.72376506443044,0.405930935589363,0.9271820384977,"Not_Significant"
"NRBP2",-0.500017341300713,5.46495180051691,0.725150065489233,0.406081790406139,0.9271820384977,"Not_Significant"
"NAE1",-0.410594575857663,5.69679076271786,0.725217204807074,0.406216855150012,0.9271820384977,"Not_Significant"
"OGFRL1",0.453103416715303,7.35802000155723,0.725916738558138,0.406256044302502,0.9271820384977,"Not_Significant"
"RRBP1",-0.415879123205923,6.30167141528676,0.725374922571459,0.406402883733158,0.9271820384977,"Not_Significant"
"CACNA1A",0.400717010912611,8.42140777468685,0.72419540115071,0.406801900466405,0.9271820384977,"Not_Significant"
"LRRFIP1",0.285919736422001,7.80289776121608,0.723682275108196,0.406974968595242,0.9271820384977,"Not_Significant"
"ZNRF2",-0.345831973458161,7.30304259868666,0.723570694817534,0.407024704634088,0.9271820384977,"Not_Significant"
"ZNF44",-0.45180299947709,5.66617508947375,0.722635525551264,0.407028072827113,0.9271820384977,"Not_Significant"
"SSPN",0.538582594218282,5.92695370152943,0.721916133583981,0.407072252143449,0.9271820384977,"Not_Significant"
"DENND6A",-0.377442747656733,6.51525243844349,0.722857964135052,0.40723045502958,0.9271820384977,"Not_Significant"
"MAP2K6",-0.512755365796635,5.79762989425766,0.721742896750804,0.407397233542548,0.9271820384977,"Not_Significant"
"PRKCQ",-0.561738260596861,5.33556998327049,0.72052444335162,0.407451636945615,0.9271820384977,"Not_Significant"
"PTPRM",-0.308130809875098,7.19101416470588,0.721771061119143,0.407598014974354,0.9271820384977,"Not_Significant"
"RUNX1T1",0.555050972858409,6.37639082103006,0.720956326182649,0.407615111149119,0.9271820384977,"Not_Significant"
"AL359706.1",-0.571152999078431,5.15219749238874,0.719249578606587,0.407639371731325,0.9271820384977,"Not_Significant"
"PHF20",-0.258969636460662,7.34668341167927,0.721337151423044,0.407732621615605,0.9271820384977,"Not_Significant"
"TENM3",-0.345602268117191,6.66216026020042,0.721207649477643,0.407766417600775,0.9271820384977,"Not_Significant"
"RNF135",0.545639012513452,5.72879926804329,0.719201054803029,0.407785051513375,0.9271820384977,"Not_Significant"
"NEK6",-0.409543196922911,5.86169142679822,0.72017998712026,0.407910558869453,0.9271820384977,"Not_Significant"
"LRRC4C",-0.370054798166725,8.39473810779731,0.719461398221979,0.408302606954165,0.9271820384977,"Not_Significant"
"NBN",0.593010908726602,5.73096939142636,0.716972470090284,0.408475176687853,0.9271820384977,"Not_Significant"
"SIGLEC8",0.630247113445471,6.11383156349282,0.717412455130149,0.408586673697627,0.9271820384977,"Not_Significant"
"UBL5",-0.557446826276104,6.17273848549925,0.718264877330762,0.408649708053012,0.9271820384977,"Not_Significant"
"SLC39A6",-0.481384017564472,5.47840011043294,0.716147516421824,0.408958502777845,0.9271820384977,"Not_Significant"
"ICE2",0.408181008377423,6.42456844987479,0.71654971244792,0.409091353361555,0.9271820384977,"Not_Significant"
"CLSTN2",0.523292250050749,6.63627818728548,0.716457880171191,0.409152805834064,0.9271820384977,"Not_Significant"
"RCBTB2",0.361246189684108,6.34007642145544,0.715615564224167,0.409372405962996,0.9271820384977,"Not_Significant"
"PREX1",0.296046733290639,8.42803820273325,0.715867999375218,0.409455547282119,0.9271820384977,"Not_Significant"
"YTHDC1",0.34715785905692,6.93515885771644,0.715518422642985,0.409543924658168,0.9271820384977,"Not_Significant"
"CUL3",0.311729441443444,7.42263212415426,0.715055981805804,0.40972588503654,0.9271820384977,"Not_Significant"
"CFD",1.02542527678235,5.18775595311714,0.711512314755121,0.409732124993131,0.9271820384977,"Not_Significant"
"CDHR3",0.703622285849787,5.54279167313634,0.712284478814377,0.409750041982051,0.9271820384977,"Not_Significant"
"TPP2",0.4201450112167,6.78395554544758,0.713664074817952,0.410105679614612,0.9271820384977,"Not_Significant"
"AKAP7",0.360061348894883,6.20013405474709,0.713142859962493,0.410107523086702,0.9271820384977,"Not_Significant"
"MARCH7",0.331737077907021,7.12250806112822,0.713559200974841,0.410191827030943,0.9271820384977,"Not_Significant"
"NKX6-2",0.434147819500886,5.9683952200352,0.712161681840815,0.410271509164081,0.9271820384977,"Not_Significant"
"SNX24",0.420681811905439,6.67486535078436,0.712882945314722,0.410334198024174,0.9271820384977,"Not_Significant"
"ABCC1",-0.366316276078977,5.55850970459514,0.711961071922688,0.410342321947188,0.9271820384977,"Not_Significant"
"FAM126A",0.454041237873125,6.39321453205951,0.71236075692312,0.410412630852938,0.9271820384977,"Not_Significant"
"FAM216A",-0.455782119502974,5.4071588846287,0.711219842621306,0.410478319736905,0.9271820384977,"Not_Significant"
"CTDSP2",0.494788332448041,6.01837354171639,0.711413241671947,0.410520520035226,0.9271820384977,"Not_Significant"
"MICU1",0.304546685933681,7.43053297492975,0.712209917755139,0.410640538231437,0.9271820384977,"Not_Significant"
"CAMLG",-0.502895379581427,5.54350365586304,0.710937960677868,0.410697914918509,0.9271820384977,"Not_Significant"
"BASP1-AS1",0.821737315407714,5.48535975749745,0.708759397745885,0.410802496058021,0.9271820384977,"Not_Significant"
"DNAJC1",-0.25279002538414,7.41135363490776,0.711706629639797,0.410814036191174,0.9271820384977,"Not_Significant"
"CCT3",-0.434000034610485,6.35935141715078,0.711189387193197,0.410948372486258,0.9271820384977,"Not_Significant"
"AC090568.2",0.67029554007544,5.95252682327054,0.70962717029135,0.410967562069837,0.9271820384977,"Not_Significant"
"SCRN1",0.393917568721693,5.93581231675684,0.7095240060425,0.411119474303452,0.9271820384977,"Not_Significant"
"KBTBD2",0.471258389040236,5.88738399480581,0.709105990158591,0.411188352256459,0.9271820384977,"Not_Significant"
"ERMP1",0.661896376696246,5.53255360371366,0.706866913787167,0.411528343708843,0.927402168461364,"Not_Significant"
"COL4A5",-0.376886808219325,7.0689197804062,0.709215390215047,0.411624892451738,0.927402168461364,"Not_Significant"
"AC124312.1",-0.427288961101763,7.16438032841245,0.708860486409142,0.411739102426453,0.927402168461364,"Not_Significant"
"ST7L",-0.357127925805444,6.04615864490972,0.707316195292632,0.412106991113497,0.927402168461364,"Not_Significant"
"COG6",-0.35229414901487,6.57178457461406,0.707322750337977,0.412216732085409,0.927402168461364,"Not_Significant"
"MAP2K1",-0.27833137249146,7.22507767221953,0.707124449767253,0.412297569917392,0.927402168461364,"Not_Significant"
"FAM85B",0.525504338667739,5.92291441515239,0.705049876533628,0.412496667526289,0.927402168461364,"Not_Significant"
"AP000311.1",0.550722199983869,5.5988284530806,0.704152593754736,0.41252412779224,0.927402168461364,"Not_Significant"
"NHLRC3",-0.328244339669367,6.57036377457002,0.706192384236429,0.41257974070082,0.927402168461364,"Not_Significant"
"ATAD5",-0.564179942678481,5.23367966145722,0.703903018674707,0.412696550718958,0.927402168461364,"Not_Significant"
"RHOBTB2",-0.679492700978781,5.08098145675915,0.703369335732704,0.412697297371673,0.927402168461364,"Not_Significant"
"RPS27",-0.512019730198697,7.23991733590029,0.705567424719001,0.412804446104981,0.927402168461364,"Not_Significant"
"ZC3H13",0.276887792054936,7.07819415386898,0.705033638700425,0.412946554297612,0.927402168461364,"Not_Significant"
"CWF19L1",0.537293253471115,5.43770501016014,0.702087361713247,0.413056247975233,0.927402168461364,"Not_Significant"
"PDCD1LG2",0.951627779761527,4.94921708817128,0.700346593762972,0.413298700226669,0.927402168461364,"Not_Significant"
"ADORA1",-0.690524278509702,4.92667375107609,0.69916652550085,0.413834845882574,0.927402168461364,"Not_Significant"
"SYNGR1",-0.41136863446525,6.08311437970419,0.701948666378506,0.413874814178048,0.927402168461364,"Not_Significant"
"PYGB",0.545663737836174,5.59410771917717,0.699777109967046,0.41395135985367,0.927402168461364,"Not_Significant"
"JMY",-0.41336129828087,5.60733954461098,0.700468465811521,0.414119881890211,0.927402168461364,"Not_Significant"
"SYK",0.289378562846971,8.66153766723726,0.701411291247821,0.414124123617013,0.927402168461364,"Not_Significant"
"KLF6",0.404789056293485,6.82502382058453,0.70123697299051,0.414138142802461,0.927402168461364,"Not_Significant"
"ZDHHC11B",-0.593133911172609,5.47891561700675,0.700029188406318,0.414212884166818,0.927402168461364,"Not_Significant"
"FAM222B",0.498366393390163,6.68548626283129,0.70018524010031,0.414435275928449,0.927402168461364,"Not_Significant"
"ADNP2",-0.537066666029767,5.25111971939247,0.698401274143578,0.414507122972517,0.927402168461364,"Not_Significant"
"PHLDB1",-0.418617175516147,6.67736464630494,0.699479992506017,0.414780122613714,0.927402168461364,"Not_Significant"
"RNASE2",1.21455678065576,4.62847088793857,0.695681586508712,0.414940854688827,0.927402168461364,"Not_Significant"
"UBA6",-0.311138882498906,6.89583486975402,0.698460145017925,0.415117627712531,0.927402168461364,"Not_Significant"
"STOML2",-0.706429234892445,4.79092124748393,0.6940018037535,0.415279014708053,0.927402168461364,"Not_Significant"
"KIAA0556",-0.429839482060443,5.98033090502047,0.697452889624963,0.415311259963194,0.927402168461364,"Not_Significant"
"POLR1C",0.463826306815837,5.76446709245798,0.695966646635556,0.415382782328199,0.927402168461364,"Not_Significant"
"ADGRB3",0.365249508965157,10.0900618564188,0.697467822030742,0.415403142126739,0.927402168461364,"Not_Significant"
"DYM",0.313271170163654,8.03360104558777,0.697528630398161,0.415404673731556,0.927402168461364,"Not_Significant"
"TMIGD3",0.431235143059977,6.71433174510843,0.696182332612185,0.415765596120334,0.927402168461364,"Not_Significant"
"ERCC1",-0.432620648282042,5.5142862657044,0.694669124087117,0.415954108230225,0.927402168461364,"Not_Significant"
"GIT1",0.475907018513316,5.64408832961496,0.693271497031051,0.416163358683416,0.927402168461364,"Not_Significant"
"SPPL2A",-0.378094551162127,6.67058716115225,0.695243643863218,0.416165915536407,0.927402168461364,"Not_Significant"
"CLNS1A",0.374988893999426,6.27833090764923,0.693866470943842,0.416409973286564,0.927402168461364,"Not_Significant"
"PRDX6",0.514939452325509,5.67291668701049,0.692422047466751,0.41644977559457,0.927402168461364,"Not_Significant"
"PIGN",-0.310551793198608,6.79379600151094,0.693772601811808,0.416652170628787,0.927402168461364,"Not_Significant"
"HPRT1",-0.329848247558389,6.36591092907682,0.693427454116741,0.416721231541139,0.927402168461364,"Not_Significant"
"SLC25A26",0.328414328318964,6.47584204268594,0.691883789539873,0.417143237247515,0.927402168461364,"Not_Significant"
"LAMA2",0.47967755442665,6.94434624426608,0.691742468857345,0.417258854136439,0.927402168461364,"Not_Significant"
"SRFBP1",0.333345584073176,6.68575163349001,0.69166936845753,0.41726386420895,0.927402168461364,"Not_Significant"
"HECTD4",-0.341072415317055,7.43297098187149,0.691616886085921,0.417362186457126,0.927402168461364,"Not_Significant"
"NFIB",0.445676926357748,7.44012359979916,0.691501140331761,0.417383249262905,0.927402168461364,"Not_Significant"
"PPP2R2A",0.307848063079433,7.4318853115294,0.691003041789049,0.417553755540063,0.927402168461364,"Not_Significant"
"AP002495.2",-0.536996597700369,5.35092480186784,0.689437215893391,0.417567755793631,0.927402168461364,"Not_Significant"
"MAP3K7",0.344660723425968,6.89076156412151,0.690512957119308,0.417676957890236,0.927402168461364,"Not_Significant"
"BRD2",0.384048305708555,5.92966885669194,0.689321173223494,0.417728385969643,0.927402168461364,"Not_Significant"
"KIF5A",0.598403072284957,5.42013245780588,0.687693416835847,0.417747892229973,0.927402168461364,"Not_Significant"
"EIF4EBP2",0.570625095218915,5.5642177186334,0.687767947225844,0.417870680877793,0.927402168461364,"Not_Significant"
"FAM120C",-0.403180313795472,5.81377099307806,0.689039589174809,0.418000925537861,0.927402168461364,"Not_Significant"
"PPIP5K1",0.456752341852254,5.78121187664989,0.687754931593489,0.418112334308826,0.927402168461364,"Not_Significant"
"RTL8C",-0.42096614117686,5.59527948545531,0.687873384222673,0.418257981179806,0.927402168461364,"Not_Significant"
"XPO5",0.389620988279986,6.45907582661561,0.688066068480631,0.4183854594995,0.927402168461364,"Not_Significant"
"GALNT2",0.292559308564001,7.89818717663062,0.688477414819233,0.418388746635307,0.927402168461364,"Not_Significant"
"SLC25A39",0.618037672274891,5.90111656065255,0.686602011400727,0.418511022212922,0.927402168461364,"Not_Significant"
"UBE2E3",-0.321660432064694,7.49142165106561,0.687966933257684,0.418567595729009,0.927402168461364,"Not_Significant"
"ZNF292",0.301640144565555,8.55076622338891,0.686840733339986,0.418919588884251,0.927679111640056,"Not_Significant"
"SCCPDH",-0.415820566610282,5.43767018924532,0.685190204496317,0.419022509795793,0.927679111640056,"Not_Significant"
"FBXL5",0.335078850599948,6.95536173533317,0.685905882982484,0.419212282857775,0.927679111640056,"Not_Significant"
"GAS6-AS1",0.698231185977055,5.84185847839985,0.683774886208742,0.419369919954426,0.927679111640056,"Not_Significant"
"FOXJ3",-0.238566085460337,7.56752943830489,0.685290446161717,0.419454249769468,0.927679111640056,"Not_Significant"
"CCDC93",-0.388817145931929,6.18200827909569,0.685011525330183,0.419474378357329,0.927679111640056,"Not_Significant"
"DMXL2",0.350958423863348,6.67759790773702,0.684690455523242,0.419571668064089,0.927679111640056,"Not_Significant"
"FAM157C",0.737415921068398,6.53863785606216,0.683298592287306,0.419895970242317,0.927807240349803,"Not_Significant"
"CYP7B1",-0.468629135071663,6.04043895579998,0.68354647572296,0.419936149935558,0.927807240349803,"Not_Significant"
"FUT11",0.561123969395793,5.5597652720966,0.680552963625634,0.420276403875853,0.927807240349803,"Not_Significant"
"NEB",0.540154997298639,5.58745901959988,0.680589654853909,0.420304514588932,0.927807240349803,"Not_Significant"
"CDK5RAP3",0.386466969751225,6.87768386986373,0.682489287540905,0.42033453393156,0.927807240349803,"Not_Significant"
"NCOA7",-0.333556988123144,8.16845566123587,0.682231358560887,0.420456817459508,0.927807240349803,"Not_Significant"
"RAB30-AS1",-0.344262792360662,6.13626209193001,0.68185411221723,0.420508818287687,0.927807240349803,"Not_Significant"
"DOCK2",0.300210833772849,8.61066038184775,0.681482229033676,0.420703372027815,0.927959333881598,"Not_Significant"
"ARMC1",0.53466796419028,5.68687704306861,0.679210058560799,0.420850709985999,0.92800722228853,"Not_Significant"
"TCF25",-0.360321916621723,7.49819049744406,0.68066190572402,0.421000297398877,0.928060040849151,"Not_Significant"
"DENND1B",0.377599018655919,6.02306956402468,0.678696624793473,0.42132945922679,0.928193630597206,"Not_Significant"
"XAF1",-0.35598256972241,6.72713829136334,0.678842055529252,0.421610801867267,0.928193630597206,"Not_Significant"
"MAGED2",0.595970160578705,5.33557788281607,0.675057643415636,0.421900852785242,0.928193630597206,"Not_Significant"
"MYO1D",-0.36154503462174,7.77722084096555,0.676791033396492,0.422289523069968,0.928193630597206,"Not_Significant"
"ITGA2",-0.563941921137379,6.12375930301064,0.676392852197224,0.42236363098812,0.928193630597206,"Not_Significant"
"DCAF16",-0.673764881953771,5.25134686221601,0.674496917399012,0.422504024343081,0.928193630597206,"Not_Significant"
"MEST",-0.544889649965924,5.35427507156584,0.674558532839031,0.42253850602956,0.928193630597206,"Not_Significant"
"PCDH9-AS1",-0.506827473510926,5.99326803579229,0.675372982313144,0.422661233819344,0.928193630597206,"Not_Significant"
"PPM1G",-0.427830800158926,5.61271199952272,0.674761253377261,0.422664541154732,0.928193630597206,"Not_Significant"
"FOCAD",0.399456972105399,7.10864840424758,0.674832427373688,0.422925956372691,0.928193630597206,"Not_Significant"
"TMEM41B",-0.444986643592718,5.88295513694237,0.674070444383408,0.423048693931353,0.928193630597206,"Not_Significant"
"NFYC",-0.342568361346724,6.4642642531635,0.674096597249341,0.42318092615512,0.928193630597206,"Not_Significant"
"ATP1B2",0.595571718798108,5.97625359129324,0.672067884608495,0.42343995242761,0.928193630597206,"Not_Significant"
"UGCG",0.459618621899559,6.87560331564579,0.672932947655098,0.423531547143585,0.928193630597206,"Not_Significant"
"SESN3",0.346226800549547,6.9280113035672,0.672761699677658,0.423612403265326,0.928193630597206,"Not_Significant"
"CEBPB",0.543814419600233,7.2533592907841,0.672780741522146,0.423616732181085,0.928193630597206,"Not_Significant"
"TCAF1",0.364209447630613,6.11329128876081,0.671907743273095,0.423668039681889,0.928193630597206,"Not_Significant"
"RGS10",0.392525702286312,6.78461720763622,0.672462507244643,0.423686955551552,0.928193630597206,"Not_Significant"
"RPAP2",0.298514724090307,6.84173161988302,0.672465118872777,0.423707943961123,0.928193630597206,"Not_Significant"
"PPP2R2D",-0.364764902881737,6.23391040809506,0.672355879922629,0.42373044199298,0.928193630597206,"Not_Significant"
"RBX1",-0.418422298492828,6.39473468592069,0.672236982484855,0.423804992107695,0.928193630597206,"Not_Significant"
"EFTUD2",0.481336249212665,5.49880429953011,0.669985889978331,0.423825249222198,0.928193630597206,"Not_Significant"
"DAB1",0.457773892003741,7.62257759252507,0.671075320436125,0.424214697806572,0.928660978445926,"Not_Significant"
"SAFB",0.532879368950101,5.71878761474248,0.669110385301868,0.424290077467849,0.928660978445926,"Not_Significant"
"MGAT4C",-0.307376155286675,7.25923875926258,0.670339984065231,0.42448082283652,0.928685924555669,"Not_Significant"
"ESCO1",0.41940847210245,6.05297884427055,0.668198059650556,0.424878093744283,0.928685924555669,"Not_Significant"
"ADAR",0.293895062042329,6.82261055913987,0.668103623757177,0.425184194022269,0.928685924555669,"Not_Significant"
"RGS1",0.825489217442498,7.39538856368852,0.667863218363116,0.425268217352169,0.928685924555669,"Not_Significant"
"CFL1",-0.31647495669673,7.71750193993325,0.667490580973629,0.42543561363885,0.928685924555669,"Not_Significant"
"SEPT7",-0.315871066635293,8.95214167714983,0.66723889507504,0.425498664108816,0.928685924555669,"Not_Significant"
"NSMAF",0.344427151068636,7.37849483228866,0.666897791046911,0.42563178097912,0.928685924555669,"Not_Significant"
"ABL2",0.31670463753207,6.98785629028658,0.664886983255103,0.426295463031103,0.928685924555669,"Not_Significant"
"CCT6A",-0.431768967431995,5.8926626666186,0.664262044836702,0.426379996119936,0.928685924555669,"Not_Significant"
"ZNF821",-0.456339993128362,5.40499031005419,0.662187667810056,0.426780141073901,0.928685924555669,"Not_Significant"
"EIF2AK2",0.351700421591843,6.78744034550601,0.66298859104044,0.426914196170401,0.928685924555669,"Not_Significant"
"RPL31",0.359814711702817,7.71185470573797,0.662777185119657,0.427041360703709,0.928685924555669,"Not_Significant"
"BAX",0.620620671564894,5.90478095077521,0.659917266408148,0.427531774189126,0.928685924555669,"Not_Significant"
"CACNB2",0.421866683322454,7.98808473184867,0.660815027696386,0.427710878499178,0.928685924555669,"Not_Significant"
"SORBS1",-0.384237289429274,7.4276609115343,0.660823572585621,0.42772093532944,0.928685924555669,"Not_Significant"
"CEMIP2",-0.475884580958518,6.20426100831102,0.660453325405371,0.427791421678314,0.928685924555669,"Not_Significant"
"KIFAP3",-0.398840110954152,6.42148741602116,0.660463975075922,0.427817682598141,0.928685924555669,"Not_Significant"
"MIR222HG",0.569132412344591,5.61313470774387,0.657412589725793,0.428190243674095,0.928685924555669,"Not_Significant"
"KDM4C",0.284564106677816,8.26635788576144,0.659304253170297,0.428224355395751,0.928685924555669,"Not_Significant"
"HELQ",0.562070759311562,5.45549296518856,0.65637984069229,0.428413590068877,0.928685924555669,"Not_Significant"
"MYT1L",0.464543973338975,7.07682067524878,0.658560789746696,0.428455091852903,0.928685924555669,"Not_Significant"
"DMD",-0.351477990027143,8.6211267167382,0.657347721910014,0.428887491434371,0.928685924555669,"Not_Significant"
"ING4",-0.437523938946753,6.12164545114996,0.656965126483107,0.428963911769818,0.928685924555669,"Not_Significant"
"TUBB",-0.429552569533374,6.50568733249787,0.656007656402041,0.42936518186067,0.928685924555669,"Not_Significant"
"RGL2",0.479312335109338,6.48215888171153,0.655072071379157,0.429540543454822,0.928685924555669,"Not_Significant"
"HACD3",0.417653222364266,6.05968603741497,0.653581643834044,0.4298941262162,0.928685924555669,"Not_Significant"
"MFSD14B",0.52111502213268,5.70637561455012,0.65188625751038,0.430206385174476,0.928685924555669,"Not_Significant"
"ATXN3",0.32053862270884,6.62366703281109,0.653093314943764,0.430295456566345,0.928685924555669,"Not_Significant"
"AP2A2",-0.33743956761113,6.7688361314276,0.653078261596957,0.430390172590305,0.928685924555669,"Not_Significant"
"ANKZF1",0.505805818407822,5.56328175180256,0.650836132893362,0.430457586487861,0.928685924555669,"Not_Significant"
"ANAPC10",0.414086459617874,6.31116576718699,0.652262502098992,0.430469238378135,0.928685924555669,"Not_Significant"
"DOCK8",0.302814325436298,10.0675534646414,0.652702567754228,0.430485912806101,0.928685924555669,"Not_Significant"
"E2F4",0.694423821229558,5.48861101762025,0.650276812060832,0.430498861927055,0.928685924555669,"Not_Significant"
"DENND2A",0.51311382970412,5.52489042356306,0.649760608911497,0.430789551757387,0.928685924555669,"Not_Significant"
"CDYL",-0.299291411172336,7.23336496987103,0.65178478870324,0.430842412358002,0.928685924555669,"Not_Significant"
"LARP4",0.423823331625167,6.06027507523663,0.650737825038445,0.430881220441134,0.928685924555669,"Not_Significant"
"RASAL3",0.587294412129713,5.98777152454335,0.650412162525401,0.430889565895961,0.928685924555669,"Not_Significant"
"TMEM62",-0.444086883696091,5.57823613386896,0.650657829343101,0.430891809347601,0.928685924555669,"Not_Significant"
"TMCC2",-0.476991590438224,5.79329216371167,0.650315382054342,0.431149893380371,0.928685924555669,"Not_Significant"
"PRKAR1B",-0.527327867100488,6.32561778818189,0.650441602927442,0.431275651009941,0.928685924555669,"Not_Significant"
"ERVMER61-1",-0.690466220841804,4.80808718193972,0.646236550513623,0.431535812107706,0.928685924555669,"Not_Significant"
"TCEA1",0.496183332348339,5.65573782584953,0.647835198996221,0.43158539852296,0.928685924555669,"Not_Significant"
"KLHL23",0.558905504547195,5.38985790559092,0.646930723040392,0.431635468298098,0.928685924555669,"Not_Significant"
"BRI3BP",0.492293186092102,5.55329508429304,0.647205031922255,0.431721340483675,0.928685924555669,"Not_Significant"
"SFT2D2",-0.342570301654787,6.13729112980804,0.648074472416907,0.432036454261273,0.928685924555669,"Not_Significant"
"RCOR1",-0.386594422679346,6.47322582053329,0.647977622598389,0.432141836744056,0.928685924555669,"Not_Significant"
"ARHGAP5",0.293127567821201,7.56650010955209,0.647556333764697,0.432300007328635,0.928685924555669,"Not_Significant"
"S100Z",0.464011055585299,6.36698726979532,0.646912953417327,0.432337203470152,0.928685924555669,"Not_Significant"
"PSMG2",0.421148323600152,5.95446272873326,0.646203933183849,0.432400814911603,0.928685924555669,"Not_Significant"
"ZNF197",-0.387027525132779,5.63311587649394,0.646291742345594,0.432440755015512,0.928685924555669,"Not_Significant"
"MEIS1",-0.452522115803441,5.87752440278242,0.645793369124656,0.432760453856603,0.928685924555669,"Not_Significant"
"CACNA2D1",0.410679783775273,7.9919620456037,0.645975661805114,0.432848155388031,0.928685924555669,"Not_Significant"
"LIPE-AS1",-0.409063476311045,6.38187785032601,0.645882198783871,0.432862060492035,0.928685924555669,"Not_Significant"
"NCBP2",0.614552010132893,5.32526800502494,0.643046735495436,0.432924208781908,0.928685924555669,"Not_Significant"
"ANXA5",0.713060712361788,5.78204042469858,0.643453056421632,0.433113916327192,0.928685924555669,"Not_Significant"
"AC008731.1",-0.413868220517493,5.8857836261547,0.64429640170358,0.433279585537117,0.928685924555669,"Not_Significant"
"TET2",0.326040733563464,7.6323953342585,0.644571423638062,0.433342540819901,0.928685924555669,"Not_Significant"
"FBXW7",-0.25933402575101,8.10362175225483,0.644348357911712,0.433412026866056,0.928685924555669,"Not_Significant"
"SNX7",0.672348836161221,5.17016525533349,0.641158793726633,0.433451386705193,0.928685924555669,"Not_Significant"
"DPEP2",0.908374879007665,5.10421980414327,0.640765479642943,0.433563874187367,0.928685924555669,"Not_Significant"
"PWWP2A",0.323138512198484,6.49742316938191,0.643486532685802,0.433613088636223,0.928685924555669,"Not_Significant"
"MED4",-0.378388637267874,6.01792725684892,0.643214853910448,0.433705590993578,0.928685924555669,"Not_Significant"
"TRERF1",0.426499942799975,6.65443083388794,0.64311975171843,0.433756938582156,0.928685924555669,"Not_Significant"
"VWC2L",0.727224092621488,5.21085493974042,0.640326730353056,0.433765555089523,0.928685924555669,"Not_Significant"
"HNRNPUL1",0.507388637615801,5.92412541687232,0.641974978295265,0.433835211933858,0.928685924555669,"Not_Significant"
"COL16A1",-0.570939987843748,5.58270223474803,0.641993768204301,0.433957241856158,0.928685924555669,"Not_Significant"
"MRPS34",0.505478594125444,5.5613109479227,0.640691790965173,0.434009900788447,0.928685924555669,"Not_Significant"
"RSF1",-0.277116903342851,7.66740659946127,0.641900606016145,0.434282017517875,0.928685924555669,"Not_Significant"
"RASSF1",-0.396826179537911,5.76625387996391,0.638084660884533,0.435404359959426,0.928685924555669,"Not_Significant"
"IL6ST",0.374011908475441,8.23046257563407,0.638507010316793,0.435467138760601,0.928685924555669,"Not_Significant"
"AC005670.2",-0.645994390830882,5.16520009819987,0.636694792329027,0.435467283693225,0.928685924555669,"Not_Significant"
"GOPC",0.451208727005479,5.77443474069141,0.637016904890812,0.435503828167093,0.928685924555669,"Not_Significant"
"HARS",0.464349449839068,5.66607357481732,0.635894311662416,0.435810840113206,0.928685924555669,"Not_Significant"
"ABHD15-AS1",0.343654325193231,8.12381666247695,0.637302409326731,0.435894369444415,0.928685924555669,"Not_Significant"
"PLA2G4A",0.34874660196859,7.46317351370609,0.636718364477042,0.436103817571461,0.928685924555669,"Not_Significant"
"GREB1L",-0.58416129588076,6.01630162740156,0.636299668035065,0.436176176547569,0.928685924555669,"Not_Significant"
"NUMA1",0.364356944864833,6.59694688014557,0.63622809673488,0.43618654844173,0.928685924555669,"Not_Significant"
"RAB22A",0.492095120325264,5.80727533414791,0.634543630567432,0.436385210546469,0.928685924555669,"Not_Significant"
"AL117329.1",0.789951328937185,6.15885834373857,0.634783734580015,0.436389608556649,0.928685924555669,"Not_Significant"
"AC244453.3",0.562868356064141,6.1652171140742,0.633889013175791,0.436807510660338,0.928685924555669,"Not_Significant"
"RFX3-AS1",-0.449899623180995,6.27462563827562,0.634514776625252,0.43685212975111,0.928685924555669,"Not_Significant"
"SCARB1",-0.351618250640211,6.10531624108321,0.633693761744617,0.437087967667854,0.928685924555669,"Not_Significant"
"PRKAR2A",0.417555210265721,6.75967386991917,0.633679009021848,0.437113652307178,0.928685924555669,"Not_Significant"
"PALM2-AKAP2",-0.505717950858824,5.71880037178742,0.633027792403617,0.437197561090701,0.928685924555669,"Not_Significant"
"PPFIA4",-0.652713755845898,5.17179757390957,0.63166025714027,0.437261620570624,0.928685924555669,"Not_Significant"
"LINC00662",0.345046166819909,6.32767955151496,0.632926765601603,0.43728601628374,0.928685924555669,"Not_Significant"
"OSTC",-0.494315605942411,5.30008205461017,0.631781013788993,0.437306473310583,0.928685924555669,"Not_Significant"
"PEAK1",0.24641059274821,8.2723558765946,0.633283950842581,0.437314905537407,0.928685924555669,"Not_Significant"
"PIGF",0.51425355146383,5.70283007017323,0.63160560744824,0.437342712993246,0.928685924555669,"Not_Significant"
"ACTR1A",0.411733610018514,5.83045328635247,0.631967526061919,0.437349306383977,0.928685924555669,"Not_Significant"
"AC006059.1",-0.362093309778762,6.75756362455471,0.632567173713571,0.437589150878716,0.928685924555669,"Not_Significant"
"SETD3",0.380803462969799,6.21325260808803,0.631566651168583,0.437715799817447,0.928685924555669,"Not_Significant"
"KCNH5",0.698595080143353,5.38972583800613,0.629477156178303,0.437760506286624,0.928685924555669,"Not_Significant"
"ANKRD36",0.283767436604407,7.51693051334135,0.631398337749371,0.437994656716967,0.928685924555669,"Not_Significant"
"ADCY1",0.55592617994034,5.73808590896077,0.629767113660004,0.438004367988344,0.928685924555669,"Not_Significant"
"VPS37B",0.52471653891424,5.42873841359535,0.628969279776119,0.43804585839552,0.928685924555669,"Not_Significant"
"SP110",0.363763008415116,7.06697695159989,0.630670594665822,0.438231143637311,0.928685924555669,"Not_Significant"
"DRAP1",0.436809519431455,6.15085211136007,0.629435063779613,0.438432786315723,0.928685924555669,"Not_Significant"
"AK5",-0.317557823898245,7.92406937353861,0.629672618911579,0.438605059751421,0.928685924555669,"Not_Significant"
"SGTA",-0.599183129115226,5.32124199729761,0.628051150406987,0.438683209846719,0.928685924555669,"Not_Significant"
"NAF1",-0.364859565954294,5.47249970956757,0.628019735471418,0.43877820921671,0.928685924555669,"Not_Significant"
"YARS",-0.38923711365613,6.03671182495193,0.628236404265806,0.439020512239161,0.928685924555669,"Not_Significant"
"FNTA",-0.452754832500536,5.41127149633456,0.626612739924278,0.439255125470584,0.928685924555669,"Not_Significant"
"PHLDA3",-0.538938613738918,5.26670199888634,0.626171076527986,0.439287713973872,0.928685924555669,"Not_Significant"
"MDH1",-0.387509096577779,6.21013284491977,0.62705275392264,0.439489925687527,0.928685924555669,"Not_Significant"
"MCTS1",0.386888298304092,5.82483594804073,0.625940453953921,0.439513344372712,0.928685924555669,"Not_Significant"
"KLHL9",0.465494949935147,5.66449349276425,0.625467813502743,0.439533161591104,0.928685924555669,"Not_Significant"
"ARHGAP32",0.25567607299816,7.90682079968798,0.626820542182493,0.439627674853924,0.928685924555669,"Not_Significant"
"DGKB",0.532384961538925,7.49183013069359,0.626696229964472,0.439663925976304,0.928685924555669,"Not_Significant"
"NDRG2",0.411093133827713,7.48546967530216,0.626103897541935,0.439882175500948,0.928685924555669,"Not_Significant"
"SYN3",0.751880125090085,7.02908468014973,0.625677255140826,0.439958253856096,0.928685924555669,"Not_Significant"
"IPO11",-0.387008286412186,5.84119183961871,0.625330505525451,0.439982045151929,0.928685924555669,"Not_Significant"
"ADCY7",0.33588258714296,6.75224311225276,0.625659665577579,0.439988865036408,0.928685924555669,"Not_Significant"
"GNPAT",-0.376992972750247,6.108954662116,0.625496667674163,0.440022112599007,0.928685924555669,"Not_Significant"
"NFE2L2",0.260813689925914,8.04884620566955,0.62485132697178,0.44033164841977,0.928685924555669,"Not_Significant"
"GK",0.598487522736279,6.19863040943373,0.623693074783438,0.440454772657453,0.928685924555669,"Not_Significant"
"AP001011.1",-0.509853427507843,5.37052739519133,0.622896965983008,0.440571616272447,0.928685924555669,"Not_Significant"
"AC008591.1",-0.642295684849824,5.36842892897016,0.622609891625266,0.440703821796946,0.928685924555669,"Not_Significant"
"PCBP4",0.711964956802813,5.19934685303143,0.619454267152116,0.441228330203009,0.928685924555669,"Not_Significant"
"LSM3",-0.405332035748479,5.44552142119092,0.620975410334192,0.441300164643364,0.928685924555669,"Not_Significant"
"BCL7C",0.61807617521536,5.43509697933813,0.619821294400834,0.441301665836079,0.928685924555669,"Not_Significant"
"SYNJ1",0.354602355607841,6.33506492174158,0.62144510429132,0.441399498615528,0.928685924555669,"Not_Significant"
"AC005162.3",0.717446467566813,5.07506482239656,0.618371715721708,0.441542079561677,0.928685924555669,"Not_Significant"
"RHOQ",0.381004312152184,6.84500010581921,0.621114132146294,0.441632324348734,0.928685924555669,"Not_Significant"
"FBXW11",-0.262887866797744,7.46282460853642,0.620654977229447,0.441855525424204,0.928685924555669,"Not_Significant"
"ENC1",-0.550666992608962,6.71361885380607,0.620647304019007,0.441867095846596,0.928685924555669,"Not_Significant"
"Z93930.2",0.591258868849987,5.48046662933093,0.618334747062207,0.441894622052482,0.928685924555669,"Not_Significant"
"MBD4",0.39357467637482,6.62135274227511,0.619491240997789,0.442176014092314,0.928685924555669,"Not_Significant"
"IRF8",0.527488116928108,6.30547276387009,0.618907340344279,0.442257605639191,0.928685924555669,"Not_Significant"
"UBTF",0.607268253493541,5.49061775405874,0.616958910991795,0.442397698407457,0.928685924555669,"Not_Significant"
"SCD5",-0.369721785543512,7.72131167175825,0.6190533445758,0.442427504301842,0.928685924555669,"Not_Significant"
"PTMA",0.370743343547956,8.95327527030829,0.618825646295219,0.442491041885407,0.928685924555669,"Not_Significant"
"SMARCAD1",0.331339310669232,6.99061534585026,0.618540376701284,0.442586276575866,0.928685924555669,"Not_Significant"
"PSMB5",-0.409198433718975,6.21486390459455,0.617874128653005,0.442800898300822,0.928685924555669,"Not_Significant"
"NUDT5",-0.376448996011461,5.78092147111192,0.617190769159389,0.442889704295968,0.928685924555669,"Not_Significant"
"RBM10",-0.42743121151038,5.68505020022867,0.616888305342563,0.442959460224159,0.928685924555669,"Not_Significant"
"RFWD3",0.49731987770149,5.40788799255497,0.615077030540006,0.443058127549028,0.928685924555669,"Not_Significant"
"LGI4",-0.464549290669949,5.67078752133971,0.616531497434557,0.443091253905845,0.928685924555669,"Not_Significant"
"SLC44A2",0.37297423625147,5.79991663621173,0.61560108068025,0.443238988807338,0.928685924555669,"Not_Significant"
"WRN",-0.309965532979937,6.80141125763798,0.616822937758246,0.443245002688313,0.928685924555669,"Not_Significant"
"HSF2",-0.391826190533426,5.45219825398731,0.615378383636294,0.443335012686339,0.928685924555669,"Not_Significant"
"CYC1",-0.424309263046507,5.66627174702612,0.615476911737219,0.443456988930554,0.928685924555669,"Not_Significant"
"NUBPL",-0.35727495178873,6.7284012289102,0.615581726716426,0.443694774121541,0.928685924555669,"Not_Significant"
"RYR2",0.467574404701545,8.13182748877417,0.61549791118862,0.443711388106745,0.928685924555669,"Not_Significant"
"ARL15",0.303653696931274,8.71515570920078,0.615354340622857,0.443753362367159,0.928685924555669,"Not_Significant"
"ATP2B2",-0.513288710474741,6.46068044809956,0.614924627025959,0.443922388755816,0.928685924555669,"Not_Significant"
"CDH13",-0.3479004191117,7.09450133357183,0.613645492787992,0.444406335228343,0.928685924555669,"Not_Significant"
"LAPTM4A",-0.406956197243384,6.54172584200701,0.612517458837531,0.444800590283372,0.928685924555669,"Not_Significant"
"RANBP10",-0.464512667700702,5.40138977098296,0.610686391615284,0.445025635570954,0.928685924555669,"Not_Significant"
"FAM149A",0.427954913170138,8.09442811115703,0.611876300198025,0.445032005480171,0.928685924555669,"Not_Significant"
"PRKAG2",0.335864759715806,7.68569560486307,0.61168438515367,0.445106405360767,0.928685924555669,"Not_Significant"
"ZNF224",-0.528154572219457,5.27414103743203,0.610085228826691,0.445137099570023,0.928685924555669,"Not_Significant"
"TAPT1-AS1",0.264748752603263,7.55894096661665,0.610513360186006,0.445536010491868,0.928685924555669,"Not_Significant"
"UBALD2",0.839009741521983,4.87116076472285,0.607264141682492,0.445563047966642,0.928685924555669,"Not_Significant"
"SLC13A3",-0.558878898670999,6.08977708582569,0.610116407179586,0.445618427537113,0.928685924555669,"Not_Significant"
"KCTD5",-0.72312929685886,4.91233932465905,0.607549052921713,0.445636886730738,0.928685924555669,"Not_Significant"
"PHF11",0.31722437988219,6.15208869586663,0.609614848380897,0.445643537477597,0.928685924555669,"Not_Significant"
"ACAA1",-0.307771164329168,6.46621697972012,0.610129275756248,0.445656832771958,0.928685924555669,"Not_Significant"
"MRPL19",0.331559336631053,6.45363832053987,0.609678386033936,0.445721575265222,0.928685924555669,"Not_Significant"
"NSD1",0.270419403416739,7.94699873926836,0.609962504928938,0.445734313792114,0.928685924555669,"Not_Significant"
"KLHDC2",-0.363592198815526,6.25697207640059,0.609494231751376,0.445860758409054,0.928685924555669,"Not_Significant"
"CMKLR1",0.529670367555122,6.22434763137064,0.608604780943905,0.445980391470582,0.928685924555669,"Not_Significant"
"ZC3H12C",0.321854556523774,6.44401873141247,0.608921341133231,0.445999247861463,0.928685924555669,"Not_Significant"
"HPSE",-0.569710792978291,5.1526819699869,0.606766556631589,0.446231610784921,0.928685924555669,"Not_Significant"
"FAM107A",0.63270470945846,5.67900867618341,0.606457140045205,0.446374881727857,0.928685924555669,"Not_Significant"
"ZMAT1",0.328837210940101,6.875965357444,0.608059433636237,0.446397759837024,0.928685924555669,"Not_Significant"
"SFSWAP",-0.291117893423475,6.7748523005006,0.608006866644558,0.446461500926043,0.928685924555669,"Not_Significant"
"CAMKMT",0.295747032064484,7.84183643019133,0.607671195182121,0.446576433094426,0.928685924555669,"Not_Significant"
"SLC22A15",-0.427209572505318,6.44259999523416,0.607637959908488,0.446578735157574,0.928685924555669,"Not_Significant"
"METTL25",-0.321728253203854,6.6412607328634,0.607416579136332,0.446671916295718,0.928685924555669,"Not_Significant"
"SULT4A1",-0.579961658004814,5.49013340392074,0.60609657348143,0.446811653914954,0.928685924555669,"Not_Significant"
"SEMA4B",0.732683683752133,5.20291826595356,0.604009251033877,0.446880467092417,0.928685924555669,"Not_Significant"
"ATP5PB",-0.492685910651894,5.38469258216265,0.605313585062485,0.446991250859919,0.928685924555669,"Not_Significant"
"SELENOI",-0.401185228376857,5.97765251701282,0.605769763274815,0.447157179016514,0.928685924555669,"Not_Significant"
"BNIP3",-0.464137417752634,5.58746077324512,0.604819868208011,0.4473285271878,0.928685924555669,"Not_Significant"
"SNRNP48",0.533727523083065,5.58524216613323,0.603646314973315,0.447393797943842,0.928685924555669,"Not_Significant"
"ADD2",-0.58582692651839,5.4079094631415,0.604243615091689,0.447434330896461,0.928685924555669,"Not_Significant"
"TTC1",-0.311249515153334,6.6848361914328,0.604879552666453,0.447608930929793,0.928685924555669,"Not_Significant"
"CNTNAP2",0.415959939744844,9.86837332912271,0.603855948045503,0.44796001098749,0.928685924555669,"Not_Significant"
"SH3KBP1",0.27812968807491,8.82650964595437,0.603479570135673,0.448105305426024,0.928685924555669,"Not_Significant"
"PPM1L",0.364142568475487,7.19415971031181,0.603321347661395,0.448167104052967,0.928685924555669,"Not_Significant"
"ATP9A",-0.371796728774746,6.52524552653762,0.603043496061916,0.448277320491136,0.928685924555669,"Not_Significant"
"ARPC1B",0.6134553635656,6.28550821242464,0.601567253246796,0.448578329866639,0.928685924555669,"Not_Significant"
"COPS4",-0.39685932520623,5.44844662064182,0.600985146702676,0.448624540706961,0.928685924555669,"Not_Significant"
"SPAG16",0.363735138410746,6.6310702687146,0.601803891184731,0.448659010438963,0.928685924555669,"Not_Significant"
"GRIN2B",0.454536976480403,6.81142231761654,0.601282861657824,0.448870545604985,0.928685924555669,"Not_Significant"
"POLD3",0.414110622426188,6.13328471409804,0.60015169677035,0.449099034340739,0.928685924555669,"Not_Significant"
"PGBD5",0.464272886037025,6.09290381916564,0.599986207550459,0.449120559313023,0.928685924555669,"Not_Significant"
"PDCD5",-0.492950325977543,5.20861076132995,0.598817914561181,0.449214349101326,0.928685924555669,"Not_Significant"
"IL1RAPL1",-0.380803272262845,10.8381302531155,0.599364462998866,0.449622320805333,0.928685924555669,"Not_Significant"
"LRRFIP2",-0.238363326061978,7.48724947781929,0.599271197945957,0.449688805056579,0.928685924555669,"Not_Significant"
"GPSM2",-0.447123782518647,5.90291377978117,0.598607634773025,0.449790404456204,0.928685924555669,"Not_Significant"
"KCTD12",0.638271224683272,7.21038308597075,0.598871324733712,0.449794182241408,0.928685924555669,"Not_Significant"
"LEPROTL1",0.393100284933382,6.03362916920645,0.597639254348819,0.449990519851065,0.928685924555669,"Not_Significant"
"MAPK3",0.545938146470093,5.37898412350857,0.595897512821514,0.450092044443625,0.928685924555669,"Not_Significant"
"TOX",0.482369403201378,6.53493379403406,0.597580278090438,0.450179274568058,0.928685924555669,"Not_Significant"
"HNRNPA0",-0.490959087955556,5.30003717317164,0.596387494353856,0.450222877399399,0.928685924555669,"Not_Significant"
"IFT88",0.506324736129718,6.12599248109355,0.596769115527911,0.450319955185753,0.928685924555669,"Not_Significant"
"GPC5",-0.441913569843752,8.31661372542819,0.597302803000153,0.450400130799599,0.928685924555669,"Not_Significant"
"MCCC2",0.456851070292971,5.6599142706364,0.595763556350231,0.450421207433467,0.928685924555669,"Not_Significant"
"EPC1",0.264271816965512,8.09617962433155,0.597019332116075,0.450514428012957,0.928685924555669,"Not_Significant"
"ZBTB18",0.440720981042243,5.57809065079297,0.595342173556917,0.450514703842362,0.928685924555669,"Not_Significant"
"CSF1R",0.367327078352899,8.88486822681387,0.595679753832145,0.451002620439067,0.928685924555669,"Not_Significant"
"AC104316.1",0.462314939856821,5.63296807948264,0.594007955464875,0.451051828697065,0.928685924555669,"Not_Significant"
"NCAM2",0.356785805595295,9.83701049538451,0.59546303943735,0.451077484288611,0.928685924555669,"Not_Significant"
"PGAM1",-0.414002914240186,6.50045598228159,0.59540920691307,0.451114805026916,0.928685924555669,"Not_Significant"
"TMEM260",0.32442510353659,6.56993866010498,0.59445676952296,0.451388743078912,0.928685924555669,"Not_Significant"
"ARHGEF10L",0.41878148920082,6.22114671641577,0.59406143681176,0.451405750139101,0.928685924555669,"Not_Significant"
"CTSF",0.44440786343658,5.6501289965443,0.593020787794601,0.451446839122437,0.928685924555669,"Not_Significant"
"YBX1",0.469193832168995,6.26718087434371,0.592496461902076,0.451997228144827,0.928685924555669,"Not_Significant"
"CLSTN1",-0.382393908127278,7.49694425026778,0.592727457748986,0.452131378954116,0.928685924555669,"Not_Significant"
"RHBDF2",0.340274695878091,8.71458298458233,0.592492574494982,0.452197370707975,0.928685924555669,"Not_Significant"
"PHYHIP",-0.449552258394376,6.69375465354029,0.592529185719015,0.452210141245977,0.928685924555669,"Not_Significant"
"LOXL3",-0.417894529381266,6.23668390396474,0.59233295374126,0.452226607099287,0.928685924555669,"Not_Significant"
"S100A6",0.632546279045313,6.39509166720761,0.591793765028999,0.452258704303364,0.928685924555669,"Not_Significant"
"SLC4A4",-0.434681645752167,6.3715904060378,0.592279136361236,0.452273392731408,0.928685924555669,"Not_Significant"
"EIF4H",-0.329338941987064,5.94716786185199,0.591687640872004,0.452371092588411,0.928685924555669,"Not_Significant"
"SP100",0.311269527810546,8.23465119295197,0.591753401541669,0.45248216914664,0.928685924555669,"Not_Significant"
"VDAC1",-0.400193063651752,5.99289455678305,0.591459630368581,0.452484563974348,0.928685924555669,"Not_Significant"
"HNRNPM",0.367053483258632,6.86696217520667,0.591543301692257,0.452525174298098,0.928685924555669,"Not_Significant"
"ADAM10",0.243227310100856,8.23533973665183,0.590189709404029,0.453069366357161,0.928685924555669,"Not_Significant"
"AMMECR1",0.427880827718292,5.75726467572865,0.588450263998905,0.453254591727905,0.928685924555669,"Not_Significant"
"NT5DC1",-0.2883827699388,6.80857215375306,0.589560243021667,0.453322490652448,0.928685924555669,"Not_Significant"
"PACRGL",-0.370514263896137,6.05018406818897,0.589218441393088,0.453345455765467,0.928685924555669,"Not_Significant"
"B4GALNT4",0.553381701028381,5.49746525447687,0.587475433064929,0.453355072028458,0.928685924555669,"Not_Significant"
"RPS6",0.430070331651621,7.75210783508877,0.589212395907605,0.453443114265808,0.928685924555669,"Not_Significant"
"APMAP",0.389563091855518,7.237283378995,0.589083777077665,0.453481548947619,0.928685924555669,"Not_Significant"
"TIMP2",-0.276151078130476,7.03275319324634,0.589020543561211,0.453530620439194,0.928685924555669,"Not_Significant"
"UBXN2B",0.521016657734983,6.5606125276123,0.588224633576793,0.453686860042359,0.928685924555669,"Not_Significant"
"PDK4",-0.40963935045882,6.7131204680254,0.588309641247235,0.453795584862803,0.928685924555669,"Not_Significant"
"KYNU",0.515345897846278,6.51344533020591,0.587873795184594,0.453807971978333,0.928685924555669,"Not_Significant"
"FBXO16",-0.773976444453818,4.86851800470792,0.585582226797395,0.453812846138577,0.928685924555669,"Not_Significant"
"PGM5",0.352551785008843,7.24546325809483,0.588033957005504,0.453880110008854,0.928685924555669,"Not_Significant"
"IFFO1",-0.467203335513031,5.57152441078786,0.586970362652746,0.453981625586535,0.928685924555669,"Not_Significant"
"TUBE1",-0.399535303343583,5.44920295457276,0.586672131410106,0.453987420592969,0.928685924555669,"Not_Significant"
"GAB2",0.28203907907209,9.24631884817037,0.587676782983585,0.454003917038293,0.928685924555669,"Not_Significant"
"FRMD5",-0.459194647982147,9.35576472806324,0.587425164607886,0.454096867401527,0.928685924555669,"Not_Significant"
"FBXO3",0.374047391627243,5.81253249488064,0.585390599333715,0.454471464752413,0.928918011699604,"Not_Significant"
"FAM184B",0.445212807212928,5.84262911064798,0.584857880750107,0.454657656364357,0.928918011699604,"Not_Significant"
"FAM91A1",0.441057626156233,5.76700809682488,0.584708562716754,0.454672386465081,0.928918011699604,"Not_Significant"
"IRAK4",0.498739942260891,5.79139638484443,0.584504643041154,0.454739772869174,0.928918011699604,"Not_Significant"
"EIF4ENIF1",0.411730330912591,5.72573622011396,0.584067056941559,0.454896049685798,0.928918011699604,"Not_Significant"
"SLX4IP",0.32375573990083,6.73064936075874,0.584718550285452,0.455086930627831,0.928918011699604,"Not_Significant"
"AL391807.1",-0.606186349759081,5.12548053425924,0.582879059922677,0.455158898330252,0.928918011699604,"Not_Significant"
"SLC22A10",0.694555000768845,5.38668845736646,0.581639768322001,0.455432751683332,0.928918011699604,"Not_Significant"
"MADD",-0.347350312718839,5.74187159906244,0.583114284218375,0.455521599029597,0.928918011699604,"Not_Significant"
"ATG16L1",-0.61636733942622,4.8522450926922,0.580386763875584,0.455698730092908,0.928918011699604,"Not_Significant"
"CCP110",0.372896416981958,7.11790706770557,0.582870556147248,0.455826111191154,0.928918011699604,"Not_Significant"
"POLR2A",-0.390965195674436,5.63048359049459,0.581965394046626,0.455904625450094,0.928918011699604,"Not_Significant"
"TMEM131L",0.293131462443725,6.87051973847787,0.582256396504195,0.456044922587211,0.928918011699604,"Not_Significant"
"DDR1",0.529939553231066,5.71327823856572,0.580746432069758,0.456103552947383,0.928918011699604,"Not_Significant"
"EXOC3",-0.568064178071542,5.33702300758524,0.580896320583169,0.456124361570583,0.928918011699604,"Not_Significant"
"NSL1",0.308236796154225,6.71855197732875,0.581730148865605,0.456222356362009,0.928918011699604,"Not_Significant"
"TCP11L2",-0.362867534741525,5.71894868151093,0.580573002511223,0.456478871023082,0.928990866495322,"Not_Significant"
"CNOT1",0.313993215438359,6.14983587397449,0.580318923252042,0.456600926656515,0.928990866495322,"Not_Significant"
"BACH1",-0.291745219947459,8.73938035305544,0.58063525255869,0.45667682654488,0.928990866495322,"Not_Significant"
"DHRSX",0.295410157750865,7.13164604374806,0.580195480311527,0.456851315315549,0.928990866495322,"Not_Significant"
"HIVEP3",-0.234017719054861,8.29911096732295,0.580100376789729,0.456886938943753,0.928990866495322,"Not_Significant"
"NCKAP5L",0.621063108329488,5.5024814065513,0.57781895937131,0.45701404629128,0.928993604830404,"Not_Significant"
"FXYD5",0.711855434184868,5.67667183879288,0.577306702039258,0.457303316687403,0.929325887309448,"Not_Significant"
"SGMS1",0.254415163714803,8.13945350788313,0.578043339052192,0.457678878376644,0.929558077370244,"Not_Significant"
"SMDT1",-0.481383596610811,5.39748595367279,0.576872270675951,0.457694603854975,0.929558077370244,"Not_Significant"
"RPS11",0.390203531851859,7.52666845300834,0.57767242699552,0.457824024512947,0.929558077370244,"Not_Significant"
"SAP130",-0.324849495580945,5.74626680773077,0.576817809612265,0.457920921016694,0.929558077370244,"Not_Significant"
"SNAP23",0.355776390657901,6.93140764421448,0.576060800463203,0.458411239176631,0.930057332632009,"Not_Significant"
"H2AFY",0.252135959185,7.05695956609714,0.575698783244806,0.458570283847621,0.930057332632009,"Not_Significant"
"ITGB1BP1",-0.398571021998567,5.81685584784328,0.57508982660779,0.458633499938775,0.930057332632009,"Not_Significant"
"SLC6A1",-0.496595849241915,5.86701779519578,0.575104903322428,0.458670483657562,0.930057332632009,"Not_Significant"
"LARS",0.3917346110659,6.28923716477805,0.574169371811025,0.458989697435031,0.930215298005953,"Not_Significant"
"SORT1",0.286046028467785,8.03212782996861,0.574352799007622,0.45909620576367,0.930215298005953,"Not_Significant"
"AL390729.1",-0.433257468721823,5.82509510607763,0.573763814519833,0.459156315390476,0.930215298005953,"Not_Significant"
"ZNF385B",0.551183886337122,6.79062289456077,0.573542963521965,0.459327608622363,0.930215298005953,"Not_Significant"
"SMAD3",-0.32187185050237,6.03624191354152,0.573344619892074,0.459378016397146,0.930215298005953,"Not_Significant"
"AC106791.1",-0.460108622199579,5.9838678437028,0.57203800833662,0.459888702857846,0.930461642338696,"Not_Significant"
"ITGAV",-0.29122283827302,7.76664021970387,0.572251551279519,0.459908585850504,0.930461642338696,"Not_Significant"
"SAMD8",0.325306594573173,6.15821328061303,0.571175980089537,0.460111624493305,0.930461642338696,"Not_Significant"
"SDR39U1",-0.411136303941089,5.60266473241034,0.570606080532808,0.460246620722719,0.930461642338696,"Not_Significant"
"CEP350",0.278680682840725,8.00480454978037,0.571117110574922,0.460343385717491,0.930461642338696,"Not_Significant"
"REPS2",0.35256559393317,6.40467163486416,0.569846023330104,0.460704839724894,0.930461642338696,"Not_Significant"
"PRKAA2",-0.553021484968385,5.23941307481518,0.568481206342128,0.460811004891466,0.930461642338696,"Not_Significant"
"IFNAR1",0.461416337775239,5.88296230883024,0.568321766000185,0.461026294461561,0.930461642338696,"Not_Significant"
"AC007216.4",0.532909401112015,5.43460502667085,0.566945518993196,0.461195880501972,0.930461642338696,"Not_Significant"
"MIR2052HG",0.472496413543323,5.60426647508479,0.566918155199163,0.461364999291888,0.930461642338696,"Not_Significant"
"LYN",-0.248961081301119,8.25585026138133,0.568113054870977,0.461498123472165,0.930461642338696,"Not_Significant"
"RNF38",0.288877242739542,7.16532382614131,0.568083594479747,0.461511656086549,0.930461642338696,"Not_Significant"
"SOX10",0.720427062704228,5.19416809814258,0.565401825289731,0.461551637895805,0.930461642338696,"Not_Significant"
"UBR5",0.270751377078152,7.69704132126083,0.567951966609613,0.461572274548519,0.930461642338696,"Not_Significant"
"SIMC1",0.346879342593818,6.64334689371772,0.566872316666766,0.46191685214544,0.930461642338696,"Not_Significant"
"CCND1",-0.450691044707459,5.49817684724772,0.565751275913496,0.462067897464714,0.930461642338696,"Not_Significant"
"BIRC2",-0.369587956916787,5.63826536146775,0.565933074989981,0.462074345827186,0.930461642338696,"Not_Significant"
"SELENOO",-0.313334673478821,6.1015816103649,0.566062826925577,0.462215128444025,0.930461642338696,"Not_Significant"
"FBXW5",-0.41497955362828,5.52591106215988,0.565125823343026,0.462324637254279,0.930461642338696,"Not_Significant"
"GPM6A",-0.314567932365303,9.37291722793528,0.565822873985441,0.462377153819642,0.930461642338696,"Not_Significant"
"UQCRC1",0.473390912885219,5.4934536456485,0.563948730426944,0.462435901395866,0.930461642338696,"Not_Significant"
"WDFY4",0.343378397033035,7.46740608770464,0.564948626017204,0.462737314635765,0.930461642338696,"Not_Significant"
"CD68",0.638713951910628,6.30847557828312,0.564185736284687,0.462794551775694,0.930461642338696,"Not_Significant"
"HSPB1",0.568475119367572,7.57724944735973,0.564553903741812,0.462884683972586,0.930461642338696,"Not_Significant"
"MIGA1",0.36721955297823,6.6951930232316,0.564002870214939,0.463039025606836,0.930461642338696,"Not_Significant"
"LRMDA",0.266931306450574,11.010147985912,0.564052636149079,0.46306478622079,0.930461642338696,"Not_Significant"
"GRIA4",0.410662378203662,7.96778374834098,0.563174435001267,0.463428375997755,0.930461642338696,"Not_Significant"
"RAB11FIP4",-0.324254189609425,6.07001268351981,0.562834443369563,0.463465429016192,0.930461642338696,"Not_Significant"
"DHX32",0.436994253131714,5.96884360241599,0.562199748084701,0.463470204846596,0.930461642338696,"Not_Significant"
"DLGAP1",0.467291480870064,8.93298434621763,0.562594504613821,0.463641682186645,0.930461642338696,"Not_Significant"
"MIEN1",-0.351815724573587,5.79866561425657,0.562012698602404,0.463687728005906,0.930461642338696,"Not_Significant"
"ZFR",0.307286398219841,7.56700607560619,0.562347455622995,0.463754297199132,0.930461642338696,"Not_Significant"
"TNFRSF10B",0.454146095501339,6.58423891017526,0.56159901147615,0.46394209958741,0.930461642338696,"Not_Significant"
"OSBPL11",-0.302660530808423,6.38600506766481,0.561474940915805,0.464066621361395,0.930461642338696,"Not_Significant"
"AIMP1",0.459544795253494,5.98901662327781,0.560516267556718,0.464135115736979,0.930461642338696,"Not_Significant"
"SCD",-0.482841906350273,7.74392332263873,0.560860597687649,0.46433558649522,0.930461642338696,"Not_Significant"
"DYNLL2",-0.465035027182078,5.7667181145965,0.559879211462521,0.464535284684682,0.930461642338696,"Not_Significant"
"ERGIC3",0.574019977427889,5.46531136455458,0.557388809727302,0.464949116271643,0.930461642338696,"Not_Significant"
"IPO9",0.390494953387675,6.27371149805799,0.558709001112577,0.464997557799675,0.930461642338696,"Not_Significant"
"ARHGAP31",0.266619523259326,7.5458454902408,0.558459602209535,0.465279173170356,0.930461642338696,"Not_Significant"
"YTHDF2",-0.390011154379008,5.98530994067588,0.557866412201437,0.465398132839516,0.930461642338696,"Not_Significant"
"ST6GAL1",-0.254776445888539,10.240305621935,0.557105663837259,0.465787894178307,0.930461642338696,"Not_Significant"
"SNTB2",0.792542112637817,5.01930824867038,0.553734823417232,0.466067718735269,0.930461642338696,"Not_Significant"
"ZNF641",0.449173612293154,5.52222061427339,0.554426965322088,0.466218214833446,0.930461642338696,"Not_Significant"
"SLC5A11",-0.554271797476252,7.96247436375223,0.555982367513627,0.466247439913884,0.930461642338696,"Not_Significant"
"OLFM1",-0.401121118307004,6.48505047591486,0.554221583718091,0.466940706239471,0.930461642338696,"Not_Significant"
"CD47",-0.285295265352566,7.01554543869833,0.554211694718094,0.466966201456903,0.930461642338696,"Not_Significant"
"SLC35F3",0.525180586226077,6.73894770490056,0.553329611464022,0.467215173693197,0.930461642338696,"Not_Significant"
"CNPY3",0.482590774226327,6.87200787986354,0.553212700504857,0.467293900961625,0.930461642338696,"Not_Significant"
"FRMD4B",-0.252825163864548,9.39641494049089,0.553148174610989,0.467352597799895,0.930461642338696,"Not_Significant"
"ATAD2B",-0.255990425805303,7.48850528877449,0.553014079461566,0.46743407373141,0.930461642338696,"Not_Significant"
"NISCH",0.367903495614517,6.39649896499481,0.552647043143021,0.467436157681558,0.930461642338696,"Not_Significant"
"EXOSC1",-0.44030949743945,5.50948718797803,0.551809793764444,0.467561676225019,0.930461642338696,"Not_Significant"
"PFDN5",-0.30691806714566,7.01888584242152,0.552544232138741,0.467626952593595,0.930461642338696,"Not_Significant"
"GALNT11",0.349691507170938,6.4265636360021,0.552170205900021,0.467636635418461,0.930461642338696,"Not_Significant"
"EPHB2",-0.355613692831666,6.13037559432334,0.552206938047656,0.467670358634797,0.930461642338696,"Not_Significant"
"ARHGEF6",0.371602118720707,6.92409113656507,0.551872437390724,0.467845008281061,0.930461642338696,"Not_Significant"
"RAP1GAP2",-0.278993594275546,7.27225664402544,0.55196655587852,0.467853936617864,0.930461642338696,"Not_Significant"
"MICAL2",-0.376855826000813,5.97358770560916,0.550792608271668,0.468188676915852,0.930461642338696,"Not_Significant"
"ARL8B",-0.303547300338251,6.57845451141269,0.551053978958509,0.468198932644026,0.930461642338696,"Not_Significant"
"LPCAT2",0.273782198349213,8.8183900514155,0.549913355504073,0.468642287045036,0.930461642338696,"Not_Significant"
"COQ2",0.657610170527871,4.92848245484802,0.547011650645909,0.468679782248151,0.930461642338696,"Not_Significant"
"TRAF3IP2-AS1",0.275711331018186,7.47530356147219,0.549562127583977,0.468798121456897,0.930461642338696,"Not_Significant"
"RNF214",-0.534542052209836,5.27032569438842,0.547712258659974,0.46901078072401,0.930461642338696,"Not_Significant"
"NIN",0.253520886682301,7.05811558683956,0.548387515519861,0.469253476270574,0.930461642338696,"Not_Significant"
"RHOU",-0.618776729945336,5.6541923699441,0.547617437687334,0.46936333307088,0.930461642338696,"Not_Significant"
"DGUOK",-0.389972734936558,5.45337105071036,0.546971433080448,0.46943419049447,0.930461642338696,"Not_Significant"
"RALBP1",-0.403424686391543,5.74892355624733,0.546792493477573,0.469692965567993,0.930461642338696,"Not_Significant"
"KDM2B",0.340627651750053,6.69352057454657,0.546782967260546,0.469843643354241,0.930461642338696,"Not_Significant"
"BCL2L14",-0.408290022567933,5.61029321491127,0.546171601728374,0.469867126649955,0.930461642338696,"Not_Significant"
"ABCD3",0.386460297406855,5.93629325311681,0.545733102952186,0.469994167490462,0.930461642338696,"Not_Significant"
"TMEM156",0.374876579187802,7.48068788317934,0.546475782196313,0.470026364693746,0.930461642338696,"Not_Significant"
"GPCPD1",-0.349271255553581,6.69504708486763,0.546492629616865,0.470028279983968,0.930461642338696,"Not_Significant"
"PDE7B",0.420311100576698,6.38955386353703,0.546064571786633,0.470042904688009,0.930461642338696,"Not_Significant"
"SH3RF3",0.302792052862761,8.93330045850094,0.546286764761309,0.4700879346959,0.930461642338696,"Not_Significant"
"ZNF562",0.332357488263831,6.51446515903941,0.545611018714108,0.470278365909227,0.930461642338696,"Not_Significant"
"SLC4A7",0.368736805927615,8.09545572418825,0.545260247281531,0.47051105832573,0.930461642338696,"Not_Significant"
"CLK4",0.374413536757633,6.19493840245118,0.544454585125422,0.47063315949504,0.930461642338696,"Not_Significant"
"FAM160B2",-0.562860223801321,5.03863620212455,0.542802377449559,0.470718112416556,0.930461642338696,"Not_Significant"
"SLA",0.416108030798172,6.95006194365903,0.543910315880465,0.471019246654129,0.930461642338696,"Not_Significant"
"RAB7A",-0.248424982058317,7.87007783201999,0.543375453383896,0.471268834561069,0.930461642338696,"Not_Significant"
"ZFAS1",-0.416136503317145,6.03526421676052,0.542385036825273,0.471575409965882,0.930461642338696,"Not_Significant"
"MEF2D",0.417957672992304,5.95684407392327,0.541787201932548,0.471581376388375,0.930461642338696,"Not_Significant"
"REV1",-0.28216873528894,6.66906030939562,0.542126275578578,0.471774038798237,0.930461642338696,"Not_Significant"
"RPS29",0.435384966713496,6.98292629965588,0.541841916415601,0.471853237654803,0.930461642338696,"Not_Significant"
"ANK3",-0.374239318322531,9.29125291676943,0.540389013752614,0.472452514149041,0.930461642338696,"Not_Significant"
"AC008105.3",0.352641618212037,5.90389906023734,0.539586402350045,0.472461483811006,0.930461642338696,"Not_Significant"
"CCDC144NL-AS1",0.75895082958461,5.22308309201002,0.537827792592588,0.472538303878021,0.930461642338696,"Not_Significant"
"NIPA1",-0.426087023449837,5.67328155461716,0.539593883200847,0.472553485739612,0.930461642338696,"Not_Significant"
"LMTK2",-0.474791701395838,5.56950238161001,0.539357123134713,0.472600532209353,0.930461642338696,"Not_Significant"
"PRKDC",0.288962235731791,7.04682848574493,0.539744242588638,0.472718098074659,0.930461642338696,"Not_Significant"
"ACTR3",0.319379808073091,7.07893606960936,0.538858255759429,0.473075485396618,0.930461642338696,"Not_Significant"
"NCF1",0.710740549789377,5.54626230659148,0.537016706926033,0.473097561251029,0.930461642338696,"Not_Significant"
"PRPF40A",0.307732636841783,7.02540378171219,0.538637242661705,0.473162377302901,0.930461642338696,"Not_Significant"
"BRCC3",0.429439197190834,5.60506895233398,0.537136281488394,0.473223813925298,0.930461642338696,"Not_Significant"
"ZDHHC20",0.331244756282055,7.52822678565818,0.537943676151543,0.473460610740348,0.930461642338696,"Not_Significant"
"WNT2B",-0.302766097378312,6.84611131712287,0.537458130653989,0.47366832310311,0.930461642338696,"Not_Significant"
"PSMC4",0.488259915869278,5.40080676075577,0.534729586035819,0.474013873434007,0.930461642338696,"Not_Significant"
"MB21D2",0.43581782963809,5.76368341688137,0.535459157221388,0.474017046307615,0.930461642338696,"Not_Significant"
"ACAD10",0.597302656290585,5.31362236815814,0.534085592385832,0.474165402065521,0.930461642338696,"Not_Significant"
"ZFX",-0.294560630972688,6.11623042895565,0.535911232724019,0.474198663360545,0.930461642338696,"Not_Significant"
"STK39",-0.415282803087085,6.53740475087179,0.536005514251134,0.474245257805846,0.930461642338696,"Not_Significant"
"A2M",-0.346958004629732,8.54383062320138,0.53567174980071,0.474367074373645,0.930461642338696,"Not_Significant"
"ANKRD11",-0.227906788833049,8.25505176623808,0.535634204311695,0.474387013303173,0.930461642338696,"Not_Significant"
"LIN7A",0.631108086558664,5.33742969447424,0.533171880263032,0.474546942673647,0.930461642338696,"Not_Significant"
"TMEM176B",0.565969951638715,6.59278211447727,0.534960318774153,0.474547429620601,0.930461642338696,"Not_Significant"
"TBRG1",-0.266325475648005,7.45225192306019,0.535163336191904,0.47459676755687,0.930461642338696,"Not_Significant"
"MED14",-0.321642156644847,5.88830696038425,0.534558015187827,0.474676172373302,0.930461642338696,"Not_Significant"
"MAPK4",0.401619548491089,5.71732137145976,0.533742618618649,0.474696428415304,0.930461642338696,"Not_Significant"
"PPFIA2",0.384540530028962,8.025189631105,0.53483176091844,0.474720447201168,0.930461642338696,"Not_Significant"
"LINC01748",-0.586327262150469,5.04946046840841,0.532822223443574,0.474779678270925,0.930461642338696,"Not_Significant"
"SLC30A9",-0.293811440287525,6.27985658402136,0.534067930800773,0.474986035840661,0.930461642338696,"Not_Significant"
"TMEM98",-0.471320305550377,5.78097737671767,0.533640339237139,0.475031226348558,0.930461642338696,"Not_Significant"
"ZADH2",0.553135106108407,5.4509281473617,0.531838321977569,0.47520875208881,0.930461642338696,"Not_Significant"
"ACTN1",0.528772844869505,5.53503448248714,0.531957366906876,0.475234783923767,0.930461642338696,"Not_Significant"
"MAP2K2",0.486171016572879,5.67979489717567,0.532055341722545,0.47532718237963,0.930461642338696,"Not_Significant"
"UEVLD",0.37890297563766,5.56933089776647,0.531923848724005,0.475339032126492,0.930461642338696,"Not_Significant"
"ATP5F1A",-0.376142962639043,5.72146601075998,0.53261289568988,0.475404276000926,0.930461642338696,"Not_Significant"
"CACNG2",-0.638119155894856,5.10505923626222,0.531337838057163,0.475483889133865,0.930461642338696,"Not_Significant"
"MPHOSPH6",0.592421131772517,5.30999308950358,0.530722310462191,0.475539456569803,0.930461642338696,"Not_Significant"
"ITM2C",-0.469935922564271,6.07194581581317,0.532276183120395,0.475689803916485,0.930461642338696,"Not_Significant"
"USP7",-0.360342969448475,5.79252126478159,0.531942160554686,0.475708615478079,0.930461642338696,"Not_Significant"
"DLEU7",-0.451968272510985,7.59815643434554,0.531489223559848,0.476090213440134,0.930461642338696,"Not_Significant"
"USP6NL",0.352555246319599,7.2948427489923,0.531428131952849,0.476104218551185,0.930461642338696,"Not_Significant"
"CUTC",0.50080892339584,5.80932718325744,0.528663381978537,0.476800823585158,0.930461642338696,"Not_Significant"
"HSPA13",-0.448837339182151,5.20475252066797,0.528177804258893,0.476841230425569,0.930461642338696,"Not_Significant"
"SLC25A18",0.603917658410253,5.70699987515558,0.528188711251924,0.476871571766297,0.930461642338696,"Not_Significant"
"SLC17A7",0.414567200714113,6.6999002132051,0.52934941427834,0.476889442292086,0.930461642338696,"Not_Significant"
"ZDHHC7",-0.382763017454349,5.62821516937058,0.528266708226851,0.477132491627759,0.930461642338696,"Not_Significant"
"HSPBAP1",0.342535462214678,6.39416291998714,0.528373765886733,0.477234145343875,0.930461642338696,"Not_Significant"
"FBXL15",0.501082371889969,5.40983546865928,0.52662663443402,0.477337692202193,0.930461642338696,"Not_Significant"
"VMA21",0.511670551379441,5.16013099614207,0.525879800242464,0.477430583625885,0.930461642338696,"Not_Significant"
"CXCR4",0.723963491526366,5.86065022798772,0.526968317510904,0.477437836116482,0.930461642338696,"Not_Significant"
"CD93",0.89381562213011,5.02716353688382,0.525531334250965,0.477511648934446,0.930461642338696,"Not_Significant"
"KIRREL3",-0.450402140540431,7.75319058886222,0.527600539928133,0.477678763885476,0.930461642338696,"Not_Significant"
"LPIN2",-0.299745481280969,7.0143116683008,0.527495689077477,0.477735448509643,0.930461642338696,"Not_Significant"
"FAM20B",-0.333472079580345,5.67150018900354,0.526287808924221,0.477961639106454,0.930461642338696,"Not_Significant"
"HPCAL1",-0.310329554164023,6.15952758606064,0.526663332944064,0.477993486078331,0.930461642338696,"Not_Significant"
"DYNC1LI1",-0.427532233877429,5.75951905798652,0.525890398838033,0.478190311487314,0.930461642338696,"Not_Significant"
"SF3B2",0.30732348550815,6.58516196565114,0.525993248231671,0.478264291654947,0.930461642338696,"Not_Significant"
"ARID3A",-0.31931430292498,6.57644619252222,0.526035094554158,0.478318285139721,0.930461642338696,"Not_Significant"
"LNPK",-0.311752329335919,6.02087739080537,0.525743713594055,0.478331666667859,0.930461642338696,"Not_Significant"
"ARRB1",-0.291447042856834,6.92881346670679,0.525764636338806,0.478446247898219,0.930461642338696,"Not_Significant"
"ELMOD3",-0.305286061554617,6.43583417876674,0.525574761971283,0.478491927233432,0.930461642338696,"Not_Significant"
"P2RX7",0.269320492729152,8.21866991653524,0.525280704866099,0.478627296819887,0.930461642338696,"Not_Significant"
"VPS29",0.354281142959383,6.38344342198656,0.524635376201009,0.478767784862165,0.930461642338696,"Not_Significant"
"SSBP2",0.25450392585387,8.84420751217496,0.52478564738379,0.478822482413111,0.930461642338696,"Not_Significant"
"PITPNC1",0.29037861355226,7.87178281583367,0.524786934794921,0.478836428721446,0.930461642338696,"Not_Significant"
"NACA",0.371285179145876,6.7153266809519,0.524492806673877,0.478897349490839,0.930461642338696,"Not_Significant"
"SCP2",0.357381157068831,6.4060830862371,0.524215648175674,0.478946485502041,0.930461642338696,"Not_Significant"
"PDE5A",-0.28352987737232,7.2776618749501,0.524541307293999,0.478950136230315,0.930461642338696,"Not_Significant"
"IL1RAP",0.415019630936684,6.98145313908178,0.523282633901552,0.479426610299663,0.930461642338696,"Not_Significant"
"RPL15",-0.275178194740016,8.10811002363953,0.523285020822523,0.479450030921446,0.930461642338696,"Not_Significant"
"IMMP1L",0.347204680426896,6.0996130005982,0.52268649654061,0.479471967425953,0.930461642338696,"Not_Significant"
"CXorf21",0.457022483445725,5.88790862694818,0.52213941297638,0.479556797860107,0.930461642338696,"Not_Significant"
"USP9X",0.273933558671293,7.07359140025405,0.522296459379092,0.479854692789486,0.930461642338696,"Not_Significant"
"MRPL1",0.358629524277458,6.10839240542231,0.521346848279013,0.480027706835453,0.930461642338696,"Not_Significant"
"MGMT",0.361314993668066,6.51535101286448,0.521666080808448,0.480028400610227,0.930461642338696,"Not_Significant"
"GIT2",0.299233224056859,7.05812831735832,0.521784368722128,0.480063759233829,0.930461642338696,"Not_Significant"
"RGCC",0.378615489476627,6.34866252010843,0.52117897044533,0.480183198958629,0.930461642338696,"Not_Significant"
"GFPT1",0.309194215817364,5.97121018502636,0.520600734239946,0.480289931589278,0.930461642338696,"Not_Significant"
"LPCAT3",0.383350434617498,5.70296123270431,0.520103321568893,0.480310856229742,0.930461642338696,"Not_Significant"
"TMEM30A",-0.272716788375329,6.43826513452962,0.520882780975809,0.48042918105014,0.930461642338696,"Not_Significant"
"UBE2G1",0.342286796572416,6.76327581214274,0.520444329481235,0.480585133812478,0.930461642338696,"Not_Significant"
"USP14",-0.329441633741026,6.12154992406551,0.520319060326664,0.480607758501206,0.930461642338696,"Not_Significant"
"GLCCI1",0.250749613074841,7.48346748068167,0.520425389599702,0.48064383957805,0.930461642338696,"Not_Significant"
"PRKCB",0.317128257400131,8.52214394379442,0.520353153810341,0.480661666307621,0.930461642338696,"Not_Significant"
"KCNIP4",0.488218977449828,10.6217488409361,0.52012282060441,0.480746290182181,0.930461642338696,"Not_Significant"
"CD58",0.33507625855852,6.60690825122362,0.519896192908778,0.480786799621877,0.930461642338696,"Not_Significant"
"GINM1",0.357796229343319,5.55387608393163,0.518302054096843,0.480961265751445,0.930543214877956,"Not_Significant"
"TRIM9",-0.325033749913303,7.42098743542723,0.519296122880221,0.48112075212409,0.930543214877956,"Not_Significant"
"SPNS2",-0.301173979584682,6.766743682973,0.518750937196593,0.48134590579665,0.930543214877956,"Not_Significant"
"IRAK1BP1",0.287987288424295,6.30117108333661,0.518005251636664,0.481507649018769,0.930543214877956,"Not_Significant"
"RPS16",0.442144693925623,7.82247608442106,0.51765797358677,0.481792404267999,0.930543214877956,"Not_Significant"
"PDP1",-0.520170965867762,5.54740529102234,0.516965316067211,0.48179770691404,0.930543214877956,"Not_Significant"
"COG7",-0.35569789747465,5.6479307339722,0.516864240020594,0.481860647741952,0.930543214877956,"Not_Significant"
"RRP15",0.443839081243322,5.30415827416389,0.51515547791691,0.482034949362483,0.930543214877956,"Not_Significant"
"INPP4A",0.260452201660017,7.4020786605819,0.516468349824029,0.482290635750776,0.930543214877956,"Not_Significant"
"ACOX1",-0.490415407188882,5.1751341042991,0.514751816402725,0.482398367684187,0.930543214877956,"Not_Significant"
"CPEB4",0.26040230382139,8.04734422059289,0.51600647051626,0.48247989787009,0.930543214877956,"Not_Significant"
"HIKESHI",-0.525968723101954,5.52465838264657,0.515231749762976,0.482500768482345,0.930543214877956,"Not_Significant"
"DR1",0.63497202771389,5.14336883863055,0.513323657024913,0.48263464764776,0.930543214877956,"Not_Significant"
"RNF219",-0.441602612311637,5.50449555489318,0.514711987259056,0.482687663859788,0.930543214877956,"Not_Significant"
"SLC25A29",0.414936822122305,6.67084024156919,0.5152634588779,0.48271850540305,0.930543214877956,"Not_Significant"
"PHLPP1",-0.336788348938228,9.03442377287663,0.514899215334136,0.482927805724106,0.930703809257492,"Not_Significant"
"CCDC148",0.630784925002954,5.24664990709073,0.511615268933667,0.483422370247947,0.930804779378951,"Not_Significant"
"NUP107",0.41895654028709,6.06151518004697,0.513050046871848,0.483450139092833,0.930804779378951,"Not_Significant"
"ATP5F1C",-0.343524803105905,5.87243343912482,0.513228146650726,0.483489776021339,0.930804779378951,"Not_Significant"
"DHRS3",-0.291076686336075,6.33054464499225,0.513349094681375,0.483558283495782,0.930804779378951,"Not_Significant"
"MAP2K5",-0.237685540362923,7.6622681043774,0.5133226461363,0.483610226513661,0.930804779378951,"Not_Significant"
"U2SURP",0.231815436170973,7.26101370262399,0.512614554698655,0.483903015338824,0.930847763007504,"Not_Significant"
"NORAD",0.376407763303664,7.03707158310404,0.512482515407186,0.483937342852019,0.930847763007504,"Not_Significant"
"CNOT7",0.304418811484257,6.54642404887631,0.512031366802394,0.48406828778687,0.930847763007504,"Not_Significant"
"CCDC92",0.397895001668134,6.14001515797726,0.511321296561477,0.484219786926469,0.930847763007504,"Not_Significant"
"SCN1A",0.481918734784692,6.57647770860322,0.511504798911155,0.484262617197487,0.930847763007504,"Not_Significant"
"DIDO1",0.34864895490753,5.90321796918551,0.509936962360038,0.484706584546359,0.9310630388863,"Not_Significant"
"AMFR",0.43170131814844,5.75961050350905,0.509591129811443,0.484738289866646,0.9310630388863,"Not_Significant"
"SUB1",-0.321832692085278,6.25814928829677,0.510485439552719,0.484752734202885,0.9310630388863,"Not_Significant"
"XPR1",0.277655879240422,7.07970979859615,0.510163716191583,0.484923936748279,0.931149758450621,"Not_Significant"
"FGGY",0.347890376757371,6.24181428970771,0.509038190832953,0.485237235037342,0.931165181500187,"Not_Significant"
"YWHAG",-0.301399147341459,7.29162618032966,0.508874900199341,0.485491148799917,0.931165181500187,"Not_Significant"
"RSBN1L",0.262778304151206,6.79873468527245,0.50867151399207,0.485530782070154,0.931165181500187,"Not_Significant"
"TBC1D15",-0.258903954951457,6.44883547476025,0.508643063845215,0.485554730388776,0.931165181500187,"Not_Significant"
"ZFAND3",0.217282226145768,9.27602160308979,0.508635770437358,0.485562241659499,0.931165181500187,"Not_Significant"
"ZSCAN16-AS1",0.403463907113487,5.61891990979794,0.506936316254614,0.485775910607241,0.931299814733196,"Not_Significant"
"RNF13",0.237835366258817,8.40684549673879,0.507624513563982,0.48599899362277,0.931299814733196,"Not_Significant"
"HLA-DMB",0.422171784544055,6.45830100218068,0.507325805434854,0.486010665465882,0.931299814733196,"Not_Significant"
"AC233296.1",-0.494796867037396,5.63537883631729,0.505748827935076,0.486566914530508,0.931625875893819,"Not_Significant"
"DOK6",0.540932450071956,5.93347329455874,0.504928567441239,0.486772654721036,0.931625875893819,"Not_Significant"
"HNRNPA3",0.30530613482853,7.38825962521342,0.505177469234567,0.487044436411669,0.931625875893819,"Not_Significant"
"HNRNPD",0.295513325655835,6.93856772706926,0.50482688958294,0.487171287441966,0.931625875893819,"Not_Significant"
"PTBP2",0.246603994491542,8.14749950022419,0.504039570726524,0.487524546596716,0.931625875893819,"Not_Significant"
"CUL4A",0.33465279407289,6.60781693242117,0.503577354946065,0.487651567283462,0.931625875893819,"Not_Significant"
"DLGAP2",0.480034856813877,7.69734929983578,0.503620683250885,0.487705630801686,0.931625875893819,"Not_Significant"
"GNPDA1",0.46933277989119,5.38703959351533,0.501909487193709,0.48770902864626,0.931625875893819,"Not_Significant"
"RBBP7",0.413336993289809,5.59496643954671,0.501986259118349,0.487859747223315,0.931625875893819,"Not_Significant"
"SCIMP",-0.510229548894991,5.27933796930372,0.501967218577116,0.487918569168507,0.931625875893819,"Not_Significant"
"DISC1",0.269058613045646,8.73491555294431,0.502657224212401,0.488104809565349,0.931625875893819,"Not_Significant"
"CD63",0.445329893148724,7.49242806578359,0.502313042452414,0.488261008290202,0.931625875893819,"Not_Significant"
"IQCJ-SCHIP1",0.368251839931373,8.50253840922609,0.501650498723711,0.488538199991068,0.931625875893819,"Not_Significant"
"LGALS3BP",0.488087546136395,5.33698556848455,0.499566867842773,0.488660886592277,0.931625875893819,"Not_Significant"
"RUVBL1",0.308579606474899,6.45611930792247,0.500855753163216,0.48878705961364,0.931625875893819,"Not_Significant"
"SAMHD1",-0.25484112048592,7.09530762257361,0.500865616101097,0.488895706807693,0.931625875893819,"Not_Significant"
"TSHZ3",0.584231746399185,5.47483264841753,0.498840839939667,0.48904871185533,0.931625875893819,"Not_Significant"
"RAB6A",-0.276834712679743,7.48266547412921,0.500411830504399,0.489084573973404,0.931625875893819,"Not_Significant"
"RASSF4",0.274600022513687,7.32204352307704,0.500210661040745,0.489161838463614,0.931625875893819,"Not_Significant"
"NRXN1",0.322849445558864,9.79320984517207,0.500133120982508,0.489176642174374,0.931625875893819,"Not_Significant"
"SUPT16H",0.437492447916767,5.76541331481539,0.499153664767693,0.489182989562953,0.931625875893819,"Not_Significant"
"MDM4",0.246873579822267,7.78371442032099,0.500139776461446,0.489194229570015,0.931625875893819,"Not_Significant"
"MYO1F",0.27660360221646,8.5289630013196,0.499574630962531,0.489424934415151,0.931625875893819,"Not_Significant"
"WASHC4",0.300099047262943,7.86117363392625,0.498963149373275,0.489697192203476,0.931625875893819,"Not_Significant"
"PSRC1",0.466550882061182,5.89705601842184,0.497918517694506,0.489782151997496,0.931625875893819,"Not_Significant"
"EML5",0.429992045175413,5.50725916379226,0.497113394936225,0.489878742221566,0.931625875893819,"Not_Significant"
"CLVS1",-0.459276009325117,5.40215647433935,0.497145938040427,0.490083871460732,0.931625875893819,"Not_Significant"
"CMTM7",0.274322928602094,7.15132658641054,0.497681232412498,0.49024048492925,0.931625875893819,"Not_Significant"
"RNF213",-0.24161453207968,7.60422456298814,0.497641586183906,0.490269519634827,0.931625875893819,"Not_Significant"
"RAB18",0.350786021003993,6.56226007861591,0.497184025214701,0.490377790219643,0.931625875893819,"Not_Significant"
"MPG",-0.424412670489278,5.517594179669,0.496375529966162,0.490487219037005,0.931625875893819,"Not_Significant"
"TRNAU1AP",0.391348921224281,5.93628487857677,0.496140812670884,0.490593797457427,0.931625875893819,"Not_Significant"
"RNPEP",-0.425945396623926,5.34599411362759,0.495664879627967,0.490659520704321,0.931625875893819,"Not_Significant"
"ATP9B",-0.22735883930295,7.57201050273282,0.496688308538665,0.490680075281223,0.931625875893819,"Not_Significant"
"TYMP",-0.349401756727227,6.52372957121174,0.496660751788294,0.490680959334482,0.931625875893819,"Not_Significant"
"KLHL4",-0.339465939058575,6.54305945755009,0.496569344731607,0.490721034669399,0.931625875893819,"Not_Significant"
"AGO4",0.213327496930709,7.72020806899475,0.4957777890217,0.49106822795665,0.931989060393385,"Not_Significant"
"RBM23",-0.38672115487599,5.54147180262878,0.494584929190145,0.491264929223632,0.931989060393385,"Not_Significant"
"CCNDBP1",0.50805040299779,5.24729743317141,0.493294990357829,0.491290835409753,0.931989060393385,"Not_Significant"
"CEP104",0.454236389396549,5.37583275380335,0.492814254717725,0.49162240943271,0.932316630981284,"Not_Significant"
"KDM2A",-0.242068280179202,7.94982903785786,0.494039607515741,0.491813057180723,0.932316630981284,"Not_Significant"
"IRF2BP2",0.31087591852862,6.22467282566471,0.493222862842138,0.492003263211494,0.932316630981284,"Not_Significant"
"AGL",0.372315093747147,5.82397399436646,0.492128486396092,0.49227456231292,0.932316630981284,"Not_Significant"
"NLGN4Y",-0.243190110664543,7.74023751078579,0.492840433349183,0.492336657281075,0.932316630981284,"Not_Significant"
"ITPR2",0.288383771958959,10.4458412974361,0.492601236697942,0.492417914324593,0.932316630981284,"Not_Significant"
"SEC63",0.370222834793823,6.39911743159976,0.492311166911828,0.492437369505875,0.932316630981284,"Not_Significant"
"TMX4",-0.408695234254164,5.34844995029894,0.491019109678391,0.492672105045386,0.932316630981284,"Not_Significant"
"UNC80",0.523473456396623,6.30801031163506,0.490976526311315,0.492949315722407,0.932316630981284,"Not_Significant"
"KCNC3",0.544735311193211,5.18381380125011,0.489215438730883,0.493002726617837,0.932316630981284,"Not_Significant"
"MAP2K7",-0.32678981180483,5.59095402670721,0.490192492149529,0.493188320419763,0.932316630981284,"Not_Significant"
"ACTR2",-0.227421533486596,7.79077044925567,0.490742985115264,0.493244520362521,0.932316630981284,"Not_Significant"
"SPCS3",-0.295545227527415,5.7795608657542,0.489886562714386,0.493415773206385,0.932316630981284,"Not_Significant"
"GUCY1A1",-0.380500541840197,5.77785951624949,0.489915589999393,0.493418362166453,0.932316630981284,"Not_Significant"
"EGLN3",0.451433763481581,5.656056345832,0.489059767921871,0.493469770975542,0.932316630981284,"Not_Significant"
"HEPACAM",-0.35555784579884,6.33050370694563,0.489810243649064,0.493619453505547,0.932316630981284,"Not_Significant"
"DNMT3A",-0.275625293709274,7.20225303783174,0.489594635945256,0.493755643778715,0.932316630981284,"Not_Significant"
"MDGA2",0.42913626794653,7.98211745912735,0.488929813384285,0.494030600294545,0.932316630981284,"Not_Significant"
"SLC11A1",0.535155983460325,7.8024692153029,0.488706298145011,0.494127497308515,0.932316630981284,"Not_Significant"
"KCNJ10",0.607065529319683,5.77303518147823,0.487497188797611,0.494168951360106,0.932316630981284,"Not_Significant"
"PPP1R9A",0.383404935330765,7.35164188485429,0.488488362416011,0.494219614053957,0.932316630981284,"Not_Significant"
"GPR37L1",-0.581593299977175,5.20064838181481,0.487226144221833,0.494240141725018,0.932316630981284,"Not_Significant"
"DHRS7",-0.537217137598016,5.60980904200574,0.48689888020989,0.494678560967368,0.932487706357924,"Not_Significant"
"ATF2",0.298438072911398,6.70760108759377,0.487122703744066,0.4947711427412,0.932487706357924,"Not_Significant"
"CD81",0.382946316462207,7.77095228858967,0.486880972874271,0.494925705260029,0.932487706357924,"Not_Significant"
"ATP5MD",-0.345065893710216,5.85520043540881,0.486513539536812,0.494927052456582,0.932487706357924,"Not_Significant"
"FLT1",0.797537370920602,5.5728446215847,0.484868173619098,0.495101737460689,0.932487706357924,"Not_Significant"
"FAM135A",0.254435887847985,8.10884083161479,0.486288612732955,0.495180851043417,0.932487706357924,"Not_Significant"
"CDH20",0.357326295980352,8.74412338626498,0.486086752551571,0.495260579389946,0.932487706357924,"Not_Significant"
"PAQR3",-0.308714325212987,7.4548390651691,0.4858360219109,0.495391038143936,0.932487706357924,"Not_Significant"
"OLFML3",-0.594614188856456,6.06389346503844,0.485447706222103,0.495496734340755,0.932487706357924,"Not_Significant"
"XPA",0.307248822251268,6.22344052223794,0.484246248776982,0.495914463060508,0.932487706357924,"Not_Significant"
"LMBRD1",0.232709970977691,7.36951501838621,0.484089935385078,0.496148717473459,0.932487706357924,"Not_Significant"
"MINK1",-0.298852123003347,6.50607494264527,0.484022103872613,0.496165523147951,0.932487706357924,"Not_Significant"
"DYNLT1",-0.429513834464922,5.939568760771,0.48321098490417,0.496423072831626,0.932487706357924,"Not_Significant"
"PAIP1",0.337642959804523,5.78446858343956,0.482488697917224,0.496474996297627,0.932487706357924,"Not_Significant"
"TANGO6",0.291506844649922,6.80430122873488,0.482652108097985,0.496742929162668,0.932487706357924,"Not_Significant"
"AGAP4",0.424669177714857,5.50208879380784,0.480981706490113,0.496911815332107,0.932487706357924,"Not_Significant"
"POM121C",0.292683384594537,6.40274050935549,0.481468213780633,0.497191034480917,0.932487706357924,"Not_Significant"
"MLH3",-0.30199488399726,6.32339939880951,0.481543175469858,0.497230677863443,0.932487706357924,"Not_Significant"
"AC018682.1",-0.297280092768078,7.43236350851092,0.48099684686469,0.49751644728955,0.932487706357924,"Not_Significant"
"WASHC5",-0.364044832373639,6.20442064625662,0.48059750769086,0.497632905840064,0.932487706357924,"Not_Significant"
"GADD45GIP1",-0.329359309674269,5.98986749300612,0.480305681799525,0.497702003342158,0.932487706357924,"Not_Significant"
"HEATR6",0.437938469131168,5.51164323707624,0.479006691455244,0.497787462241407,0.932487706357924,"Not_Significant"
"BSDC1",0.408357743494343,6.04537062040483,0.479693125982242,0.497821540356161,0.932487706357924,"Not_Significant"
"NCAN",0.543228684698487,5.54663526207778,0.47848661758699,0.497998403100097,0.932487706357924,"Not_Significant"
"GABBR2",0.417981836211633,6.73111419609444,0.479639148288184,0.498043720978384,0.932487706357924,"Not_Significant"
"STX10",-0.440751526290976,5.59560746942931,0.478364391089292,0.498407902532293,0.932487706357924,"Not_Significant"
"SREBF1",-0.407259222129112,5.71206358111057,0.478369339025545,0.498462331525809,0.932487706357924,"Not_Significant"
"SFXN5",0.363865848629147,6.72482993041312,0.478573525468239,0.49852097355756,0.932487706357924,"Not_Significant"
"C5AR1",-0.533091886185115,5.08598222463466,0.476773033342104,0.498689253698158,0.932487706357924,"Not_Significant"
"MRPL43",0.394017866844075,5.43330463726165,0.47682882213102,0.498706454920895,0.932487706357924,"Not_Significant"
"SNX10",-0.38805698794104,5.84051304374282,0.477849820433792,0.498742897533904,0.932487706357924,"Not_Significant"
"AC011933.4",0.250095374670122,7.45517281923694,0.477925382138879,0.498866240821183,0.932487706357924,"Not_Significant"
"GOLGA8A",0.471212281411744,5.89921510216359,0.47704315199609,0.498901205619794,0.932487706357924,"Not_Significant"
"DLGAP4",-0.310189103279678,6.13129546185976,0.477620338704184,0.498926048707687,0.932487706357924,"Not_Significant"
"ANTXR1",-0.431045512462543,5.42504751025379,0.476859351881498,0.498960213692651,0.932487706357924,"Not_Significant"
"C11orf49",-0.231134678272699,7.17183957608957,0.477589247437686,0.499025291084326,0.932487706357924,"Not_Significant"
"PEG10",-0.48190752755293,5.38919380312055,0.476493123682563,0.499108289785191,0.932487706357924,"Not_Significant"
"MTCL1",0.651937960245447,5.15550773986222,0.47508772644482,0.49920109212289,0.932487706357924,"Not_Significant"
"CYTH1",0.305161790517621,6.9097609630025,0.476855536628032,0.499312627451418,0.932487706357924,"Not_Significant"
"PIAS2",0.269707626118686,6.75368277587674,0.476595750601607,0.499414600199065,0.932487706357924,"Not_Significant"
"RAD9A",0.423065295074849,5.86608189015176,0.475590520768769,0.499543309704275,0.932487706357924,"Not_Significant"
"CACYBP",-0.33847280231707,5.9133754455453,0.475625148075514,0.499751518148218,0.932487706357924,"Not_Significant"
"USP12",0.348107023266564,5.7923320679361,0.47507376397878,0.499758877686614,0.932487706357924,"Not_Significant"
"MHENCR",0.693912145085422,4.9546570250245,0.472848537299611,0.500096021132002,0.932612147146209,"Not_Significant"
"NCL",0.430633016599332,5.86823973644796,0.473840964292507,0.500323341646773,0.932612147146209,"Not_Significant"
"CHD8",-0.36852773442854,6.11606511521997,0.474479816446195,0.500325905755685,0.932612147146209,"Not_Significant"
"RIPK1",0.372799388579713,5.69508702694232,0.473420406090033,0.500425179077109,0.932612147146209,"Not_Significant"
"IPO13",-0.379908498814566,5.46053407273201,0.472043026402454,0.501120606082769,0.932612147146209,"Not_Significant"
"RPH3A",-0.509937697799796,5.36972665179906,0.471749349826014,0.501215396002326,0.932612147146209,"Not_Significant"
"SCN2A",-0.398568303057271,6.82956159223933,0.47236559517286,0.501351069074491,0.932612147146209,"Not_Significant"
"RPS2",0.449760921044493,8.26100691171168,0.472102852533539,0.501449929273187,0.932612147146209,"Not_Significant"
"RAB9A",0.435876577498477,5.57359445739893,0.470698859964521,0.501532012882974,0.932612147146209,"Not_Significant"
"TRHDE",0.399308081241382,6.04319676428388,0.471292767518268,0.501558355428727,0.932612147146209,"Not_Significant"
"NFATC2IP",-0.277616530053833,6.2130978952923,0.471687649319273,0.501582003518241,0.932612147146209,"Not_Significant"
"WDR61",0.405041510562541,5.721104377024,0.470087449469562,0.501921186740691,0.932612147146209,"Not_Significant"
"MLXIP",-0.244677254859916,6.81341807482616,0.471005710114768,0.501952691088645,0.932612147146209,"Not_Significant"
"COPE",-0.365819271847323,5.8937012328736,0.470381960458967,0.502089904767918,0.932612147146209,"Not_Significant"
"SLIT1",-0.413102034442859,5.35252714118398,0.469627762474918,0.502125999673887,0.932612147146209,"Not_Significant"
"CADM1",0.348356620789301,8.86011908053218,0.47029110290243,0.502252415474404,0.932612147146209,"Not_Significant"
"BAZ2A",0.302796508271509,6.14146789543373,0.469589502001909,0.502390978132747,0.932612147146209,"Not_Significant"
"PLEKHM3",-0.354572497041554,6.27417312625392,0.469883936212402,0.502409004573026,0.932612147146209,"Not_Significant"
"NLN",0.370739471428444,6.20690968038926,0.46901461447868,0.50265491743558,0.932612147146209,"Not_Significant"
"CABP1",0.494036598677568,6.52140716697745,0.469146590871168,0.502660727192985,0.932612147146209,"Not_Significant"
"BARD1",0.48299819693982,5.5003151249134,0.467953371281618,0.502695637541811,0.932612147146209,"Not_Significant"
"VPS28",-0.322227477485781,6.33743912110454,0.469181808183507,0.50273282458419,0.932612147146209,"Not_Significant"
"GPS1",-0.440737835540619,5.24193071090873,0.467786605111451,0.502860721737441,0.932612147146209,"Not_Significant"
"EMC2",-0.303871454658904,6.1660410855405,0.468616676702024,0.502951450504883,0.932612147146209,"Not_Significant"
"TRIM56",-0.327737976068707,6.2384029091916,0.468592355717037,0.502981832168742,0.932612147146209,"Not_Significant"
"AP000462.1",-0.347978212797238,5.88733161990445,0.467643503670769,0.503313904425559,0.932714866552478,"Not_Significant"
"KATNAL2",0.350945563105417,5.54857779135107,0.466684201005554,0.503355393304068,0.932714866552478,"Not_Significant"
"FAM102A",-0.397143716359208,5.81836089997097,0.467371161232457,0.503416024495022,0.932714866552478,"Not_Significant"
"CDK5R1",0.465187108174783,5.53268434370128,0.464851898200409,0.504130647774798,0.933118431879321,"Not_Significant"
"MSMO1",-0.463927864853641,5.6713565842367,0.465093853356105,0.504393588568549,0.933118431879321,"Not_Significant"
"SLC38A9",0.241708714529015,7.36880031612699,0.465466109860249,0.50443765516915,0.933118431879321,"Not_Significant"
"ACOT11",0.390725795468803,5.73010809991453,0.464312962679711,0.504538197192113,0.933118431879321,"Not_Significant"
"PTCHD4",-0.358104610457653,6.91546990360863,0.46465447511747,0.504817254256394,0.933118431879321,"Not_Significant"
"LAT2",0.282992396306385,7.61571051101639,0.464616397008558,0.504822297427409,0.933118431879321,"Not_Significant"
"LCP2",0.394805658661892,7.04794963420781,0.46420437329856,0.504985375011302,0.933118431879321,"Not_Significant"
"LINC01184",0.352035057582057,6.59083264270577,0.46378900991653,0.505118614528036,0.933118431879321,"Not_Significant"
"SNX4",0.439578902774063,5.76928194739974,0.463020757113274,0.505129237493751,0.933118431879321,"Not_Significant"
"AZIN2",-0.389863441756205,6.22855844817982,0.463633335616851,0.505222618262063,0.933118431879321,"Not_Significant"
"TTC27",0.355183008723221,6.38485957810866,0.463188818658652,0.505344865711821,0.933118431879321,"Not_Significant"
"EPSTI1",0.307489818784895,6.88386958773634,0.4633346382988,0.50537291688002,0.933118431879321,"Not_Significant"
"TMX3",0.314322699035836,6.52559737920618,0.462844145470191,0.505541758990445,0.933118431879321,"Not_Significant"
"NUDCD2",0.464775867709348,5.38439911833988,0.46144859989919,0.505562764601719,0.933118431879321,"Not_Significant"
"PRPF39",-0.289667674867356,5.85884572853984,0.462031724835518,0.505830836832115,0.933118431879321,"Not_Significant"
"GPI",-0.429639473468899,6.22926861382373,0.462291859301186,0.505835359418023,0.933118431879321,"Not_Significant"
"PARP4",0.3290561159178,6.75298145425755,0.462159355550892,0.505888785306687,0.933118431879321,"Not_Significant"
"ANKRD17",0.203537906664854,8.80152787297367,0.462188194571565,0.505907583549029,0.933118431879321,"Not_Significant"
"RPS9",0.334988255724494,8.23591117149079,0.461450148488988,0.506251117725977,0.933224658067459,"Not_Significant"
"AC069287.3",-0.44806296375916,5.8150685552514,0.460948093689491,0.506333725897471,0.933224658067459,"Not_Significant"
"RAB3GAP1",0.210118175820111,7.76801984470279,0.461259629402671,0.506344176192551,0.933224658067459,"Not_Significant"
"FSD1L",-0.375217428041768,5.88684214573227,0.459532416980261,0.506995121308059,0.934085371764109,"Not_Significant"
"YAP1",0.482613075887691,5.67438623637512,0.458615037722825,0.507064077538118,0.934085371764109,"Not_Significant"
"CTSH",0.4112348398387,6.66533513079306,0.458485941215925,0.507536424048763,0.934722404499679,"Not_Significant"
"UBE2Z",-0.302041626699634,5.90267394594278,0.457636645009878,0.507852636188403,0.934928446915425,"Not_Significant"
"FCGR2A",0.425986709512256,7.0346859462467,0.457602948179804,0.507985303691344,0.934928446915425,"Not_Significant"
"MCMBP",0.307247626294145,5.97103185857056,0.456998778783414,0.508027993220322,0.934928446915425,"Not_Significant"
"PARD3B",-0.302335783108814,7.16335720737911,0.456260938180178,0.508637673625656,0.935301569882595,"Not_Significant"
"ANLN",0.432246145148989,7.10875026265876,0.455720807835762,0.508852691713737,0.935301569882595,"Not_Significant"
"NCOA4",-0.313659328930169,5.93229599118716,0.45473616777182,0.509196805084612,0.935301569882595,"Not_Significant"
"THEM4",-0.33226440831997,5.67265991669399,0.454328336389022,0.509276689380071,0.935301569882595,"Not_Significant"
"GON4L",-0.259925062294039,6.54409037539501,0.45472874057349,0.509317499824507,0.935301569882595,"Not_Significant"
"CRTC1",0.320089937473494,6.15572708668737,0.454200188760733,0.509385754245587,0.935301569882595,"Not_Significant"
"VAPB",0.352146682729447,6.001541744227,0.453360447312867,0.509702100168261,0.935301569882595,"Not_Significant"
"FCHO1",-0.299581716340411,6.02993024979984,0.453225702159926,0.50991896559157,0.935301569882595,"Not_Significant"
"AL035530.2",0.490463444096631,5.61853959673992,0.451999367006222,0.510054665751026,0.935301569882595,"Not_Significant"
"NR2C2",0.25284296217559,6.85218542615933,0.453089791203081,0.51005664567503,0.935301569882595,"Not_Significant"
"WDR59",-0.245077134509009,6.53772040575308,0.4526348069109,0.510279939330823,0.935301569882595,"Not_Significant"
"KMT2E",0.211755586275677,8.38462815086083,0.452289780496558,0.510442971969797,0.935301569882595,"Not_Significant"
"RAPGEF4",0.352985673955473,6.56221651695909,0.452046241872436,0.510482606412346,0.935301569882595,"Not_Significant"
"ANAPC5",-0.215915196144061,7.48986908979053,0.452117738197978,0.510537551674717,0.935301569882595,"Not_Significant"
"AXL",0.276710404348054,7.15762327910761,0.450903081872463,0.511084859687043,0.935301569882595,"Not_Significant"
"PIM3",0.455808784695404,5.31292304888755,0.449009360967641,0.511229015550917,0.935301569882595,"Not_Significant"
"TSPAN5",-0.301032602771359,8.01064280560272,0.45049876257668,0.511274030798715,0.935301569882595,"Not_Significant"
"PRKCI",0.306494708081182,5.9695906684587,0.449438237168776,0.51151296658085,0.935301569882595,"Not_Significant"
"FUBP3",0.305947738239412,5.97108274078431,0.44890618802667,0.511759811307506,0.935301569882595,"Not_Significant"
"RIMKLB",0.390293544409055,5.81072267044242,0.448506593027173,0.51183714127283,0.935301569882595,"Not_Significant"
"RTTN",-0.290428917480475,7.89626604430066,0.449268030174618,0.511846273183313,0.935301569882595,"Not_Significant"
"BRI3",-0.294514424899219,6.45325599320976,0.448579334881834,0.512151038722408,0.935301569882595,"Not_Significant"
"SIPA1",0.612852301189633,5.74214687724679,0.447379637004837,0.512239416316636,0.935301569882595,"Not_Significant"
"DHRS7B",0.447747316091374,5.88613890543515,0.447183118880282,0.512473727612418,0.935301569882595,"Not_Significant"
"EIF3K",-0.276689507669472,6.21384059862724,0.447465561684869,0.512628456132495,0.935301569882595,"Not_Significant"
"RAD23A",-0.283864933287411,5.93364545190934,0.447209243425969,0.512672543821808,0.935301569882595,"Not_Significant"
"TXNL1",-0.263332737097917,6.33173771908558,0.447349431794379,0.512702583461755,0.935301569882595,"Not_Significant"
"P3H2",-0.281133345062446,6.91380983579138,0.447123323428519,0.51285536822852,0.935301569882595,"Not_Significant"
"GPAT4",0.505021189920813,5.2451498578866,0.444829610310433,0.513114420647479,0.935301569882595,"Not_Significant"
"IL17RA",0.303510213258997,7.46343454681153,0.446335099163151,0.513211625154472,0.935301569882595,"Not_Significant"
"DCAF7",-0.240757852004709,6.70375043398451,0.446328493769065,0.513215380951002,0.935301569882595,"Not_Significant"
"WBP11",-0.49420169182091,5.17433987701665,0.445108019384177,0.513221513708494,0.935301569882595,"Not_Significant"
"PCBP1",0.322076137769203,6.44689875678548,0.445965818125995,0.513284621262014,0.935301569882595,"Not_Significant"
"CSMD3",0.386414690216454,7.6119660043419,0.446001483155224,0.513366370211577,0.935301569882595,"Not_Significant"
"C9orf72",0.417447475477186,6.36374743132875,0.445493415747866,0.513463475821062,0.935301569882595,"Not_Significant"
"IP6K1",-0.253371748104429,6.35919482180768,0.445614897195649,0.513513295593942,0.935301569882595,"Not_Significant"
"PLXDC2",0.270998296189589,12.3637255849677,0.445414874389822,0.513620411686937,0.935301569882595,"Not_Significant"
"ZIC1",-0.597919926212232,5.31366736440881,0.444338380816886,0.513730157072737,0.935301569882595,"Not_Significant"
"TIAM2",0.277039494954409,7.03399733453546,0.445115845483184,0.513766505992983,0.935301569882595,"Not_Significant"
"RELL1",0.494329123945864,5.23727497433848,0.442994020733849,0.513971554013548,0.935301569882595,"Not_Significant"
"PIK3R4",0.458413536914705,5.62846151316429,0.44351102126877,0.514029198771988,0.935301569882595,"Not_Significant"
"PPP1R13B",-0.37048499449342,5.97835822731125,0.444325986118579,0.514044316795316,0.935301569882595,"Not_Significant"
"DAPK1",0.365246244119698,6.71163149072858,0.444218995243384,0.514143705130589,0.935301569882595,"Not_Significant"
"PDIA6",-0.311127922731183,6.21886371895193,0.444068946059534,0.514217737173797,0.935301569882595,"Not_Significant"
"RC3H2",-0.257061738746554,6.1435465034074,0.443950373848499,0.514249295198819,0.935301569882595,"Not_Significant"
"SNX8",-0.412583087317839,5.35333345985472,0.443096644603908,0.514301075406788,0.935301569882595,"Not_Significant"
"CLECL1",0.738465976002594,5.59047022261,0.442651130583428,0.51430162864566,0.935301569882595,"Not_Significant"
"SRSF7",0.281078186265308,7.6992184004777,0.443721534382896,0.514432638887927,0.935301569882595,"Not_Significant"
"ADD3",0.306557412159088,7.2931221675138,0.443707066293025,0.514434855615674,0.935301569882595,"Not_Significant"
"PPM1F",0.3969328775218,5.73118004379231,0.441699786436849,0.514971381672344,0.935892087736285,"Not_Significant"
"CCDC18",0.377823518379764,6.27911276208774,0.442149236342898,0.515013041376472,0.935892087736285,"Not_Significant"
"KIAA1755",-0.344785324796481,5.73149730175302,0.441521878521713,0.51526082920784,0.936112086905636,"Not_Significant"
"API5",0.28637928707376,6.14071414071138,0.440759090749029,0.515641202734149,0.936403738072047,"Not_Significant"
"FBXL7",-0.434709947842449,8.00676879796577,0.44091930645966,0.515739966295966,0.936403738072047,"Not_Significant"
"ELMO1-AS1",0.286524124713596,8.30421110570991,0.440069455275187,0.516138703987402,0.936403738072047,"Not_Significant"
"SS18",0.28050733298362,6.59028311495753,0.439947862253574,0.51613976498682,0.936403738072047,"Not_Significant"
"HCFC2",0.470882588455055,5.53810080919507,0.438591778503093,0.516277865620604,0.936403738072047,"Not_Significant"
"STEAP2",-0.435708329971646,5.24197533005286,0.438391111033448,0.516427747328865,0.936403738072047,"Not_Significant"
"TMEM259",-0.254639466962227,6.61372262502011,0.438883571392643,0.516699263003036,0.936403738072047,"Not_Significant"
"C12orf40",0.458299866026196,5.37872416248473,0.437418006931451,0.516720828650572,0.936403738072047,"Not_Significant"
"NDRG1",0.492795512155203,7.29371347946829,0.438772296587835,0.516743324534983,0.936403738072047,"Not_Significant"
"STMN3",-0.441830758657319,5.65382053248469,0.438176121737341,0.516815625890147,0.936403738072047,"Not_Significant"
"EIF4G3",0.209763459395305,9.31954788864503,0.438399958511703,0.516915056320534,0.936403738072047,"Not_Significant"
"FARP2",0.254440715999558,6.54182201474693,0.438234730540745,0.516942526581536,0.936403738072047,"Not_Significant"
"STXBP4",0.402691188281591,5.5498853605098,0.436652369727221,0.517224963844756,0.936425772436044,"Not_Significant"
"MIR181A1HG",-0.289798641524109,7.45896526542858,0.437215560562654,0.517498970102475,0.936425772436044,"Not_Significant"
"HSBP1",-0.388264468148255,6.06474822776141,0.436911461059269,0.517561118624176,0.936425772436044,"Not_Significant"
"NUP50",0.610469442597968,5.23141971199081,0.435164030892206,0.517635955696896,0.936425772436044,"Not_Significant"
"JAM3",-0.28746265338322,6.84432818995531,0.43682671553592,0.517684534648918,0.936425772436044,"Not_Significant"
"PAFAH1B2",0.275395698419754,6.341185981102,0.436381344670632,0.517772210978722,0.936425772436044,"Not_Significant"
"PRMT7",-0.359941423885058,5.47339749190365,0.435756637260455,0.517842057723195,0.936425772436044,"Not_Significant"
"WDR60",0.442325575889023,6.64437370719653,0.435902096273748,0.518034779742721,0.936472754716972,"Not_Significant"
"KLHL7",0.33385193453703,6.08885205141336,0.435274340921808,0.518200885465062,0.936472754716972,"Not_Significant"
"WDR48",0.290758495576725,6.32368763937433,0.434804132217811,0.518511960509007,0.936472754716972,"Not_Significant"
"MNDA",-0.349044176200866,6.62639608237976,0.434776862521074,0.518648629552144,0.936472754716972,"Not_Significant"
"ZNFX1",-0.387311898904873,5.63224035796391,0.434260517893195,0.518653767524431,0.936472754716972,"Not_Significant"
"NBR1",-0.258518023148775,6.20059836666118,0.434576491151398,0.518680497651053,0.936472754716972,"Not_Significant"
"CLTA",-0.262245529614436,6.76118567808157,0.434412962210819,0.518824690548971,0.936472754716972,"Not_Significant"
"POC1B",-0.288299917852816,6.08532919561532,0.434105166223068,0.518882223508402,0.936472754716972,"Not_Significant"
"RWDD1",-0.377063525290175,5.36079228148596,0.432913445863214,0.519116911766682,0.936667471231187,"Not_Significant"
"INPP5D",-0.247012284680114,8.97154965478602,0.433035779072819,0.519458750166572,0.937055381558112,"Not_Significant"
"AC022568.1",-0.855036359604018,4.6769672410729,0.430269616063855,0.519614390432374,0.937107300323229,"Not_Significant"
"QDPR",0.400881110961489,8.81526589677467,0.43124171910029,0.520318186646266,0.937610698491016,"Not_Significant"
"MYO9A",0.227147736447122,7.58293738600555,0.431268707760853,0.520319552510994,0.937610698491016,"Not_Significant"
"AC073343.2",0.471558589180324,5.53916170925317,0.429543704940816,0.520585765878418,0.937610698491016,"Not_Significant"
"RNGTT",-0.253824577781869,6.88394858043544,0.430457920170546,0.520713953311197,0.937610698491016,"Not_Significant"
"NOL10",-0.244430824774097,6.42935223598666,0.430067283913108,0.520867216665597,0.937610698491016,"Not_Significant"
"FKTN",-0.315348201292896,5.76517499452391,0.429622892002231,0.520916247809584,0.937610698491016,"Not_Significant"
"TBK1",-0.316363351332825,6.39220562370404,0.429873342489923,0.520962076891354,0.937610698491016,"Not_Significant"
"OSBPL1A",-0.261064310590983,8.32139537323197,0.429802762734919,0.521008629952089,0.937610698491016,"Not_Significant"
"SNRPD3",0.400279414702815,5.43847974784948,0.428505202018912,0.521035862637826,0.937610698491016,"Not_Significant"
"SRP19",0.323032194760129,5.98449044775986,0.428654505793977,0.521319747877402,0.937893077830094,"Not_Significant"
"TLR10",-0.481235541280351,5.29499878699576,0.427245739739446,0.521799289809254,0.938315656114245,"Not_Significant"
"C10orf90",-0.420468213560717,7.62336590216078,0.427854467513706,0.52195641717774,0.938315656114245,"Not_Significant"
"LIPA",-0.243494204432051,7.67642134140284,0.427478983451532,0.522135980910807,0.938315656114245,"Not_Significant"
"PPP2R5E",0.238559079380185,7.12365441845748,0.427373598131695,0.522177765728099,0.938315656114245,"Not_Significant"
"KANSL1L",0.234494729549735,7.67652214576046,0.427324559402272,0.522208944292098,0.938315656114245,"Not_Significant"
"GSPT1",0.302271141133467,6.66687194543465,0.426917512270566,0.522350699364845,0.938315656114245,"Not_Significant"
"PREPL",-0.292631634647922,7.50741493468337,0.426846413040311,0.522443792283456,0.938315656114245,"Not_Significant"
"RPSA",0.384237706380141,7.23777282853632,0.424543504369804,0.523538708819064,0.94005358338513,"Not_Significant"
"R3HDM1",0.259368606277231,8.46739845003117,0.423071208555464,0.524250692123066,0.940702147079606,"Not_Significant"
"MTMR3",-0.230969188229884,7.21071743508325,0.423066825894672,0.524272245995163,0.940702147079606,"Not_Significant"
"HOOK3",-0.24441627273002,7.15090962015075,0.423047936426868,0.52428194659899,0.940702147079606,"Not_Significant"
"AC104389.4",0.42311976261001,5.75155225493584,0.421468098045742,0.524642785260819,0.941120994347176,"Not_Significant"
"MOSMO",0.244602222848858,6.92001457889918,0.421926858711633,0.524795730535396,0.941166802977657,"Not_Significant"
"UBA1",0.334045836612293,6.15279276576562,0.420983196095311,0.525091795766822,0.94139807942556,"Not_Significant"
"NOP10",0.477265606326436,5.79303778336266,0.420374880922378,0.525179570233211,0.94139807942556,"Not_Significant"
"LUC7L3",0.192209935961878,8.71497986105913,0.420443068177301,0.525522768660617,0.941784738499752,"Not_Significant"
"SERBP1",0.365111148359735,6.19123944344469,0.419667940325024,0.525736075022808,0.941905487109506,"Not_Significant"
"MAST2",0.28993187405449,6.35441000347973,0.419151689711722,0.526052519810662,0.941905487109506,"Not_Significant"
"RNF146",0.312982012639435,5.97223578168117,0.418509977919631,0.526230648679677,0.941905487109506,"Not_Significant"
"AASDHPPT",0.363658781452581,5.68766343881148,0.417966830370558,0.526329843553044,0.941905487109506,"Not_Significant"
"RAF1",0.343656755007183,6.88342089945541,0.418649975283776,0.526377645566873,0.941905487109506,"Not_Significant"
"ATP2A2",0.258602443495928,7.02400619066097,0.418635052334802,0.526403496040529,0.941905487109506,"Not_Significant"
"VKORC1L1",0.266683050556515,6.11205807088111,0.418132057631863,0.526482706954806,0.941905487109506,"Not_Significant"
"COP1",0.203086954103876,8.29621838163043,0.417947254438341,0.526744774339508,0.94198093056727,"Not_Significant"
"PPHLN1",0.239947008870376,7.19119540159177,0.417513066792014,0.526960341806064,0.94198093056727,"Not_Significant"
"ZNF451",-0.199319284218986,7.28632435761799,0.417106809442842,0.527171830738114,0.94198093056727,"Not_Significant"
"TBC1D14",0.305833245468297,7.44014764444939,0.416892621013505,0.527266882938442,0.94198093056727,"Not_Significant"
"HLA-DRB1",-0.515525605360225,8.04076348239735,0.416445674450549,0.527480094780662,0.94198093056727,"Not_Significant"
"UBAC2",0.21108392367295,7.33314108466361,0.416250731178057,0.527582501316336,0.94198093056727,"Not_Significant"
"KIAA0930",0.244020781269003,8.01385673726859,0.415769966682156,0.527814779650443,0.94198093056727,"Not_Significant"
"RPL23A",0.373918354201484,6.69421817842017,0.41531061718305,0.527985287331291,0.94198093056727,"Not_Significant"
"SERHL2",0.50485761855126,5.34996244906723,0.413572815135396,0.528202708104721,0.94198093056727,"Not_Significant"
"PLEKHO1",0.354023199295332,6.52848077600307,0.41455660889647,0.528330596037907,0.94198093056727,"Not_Significant"
"CAT",0.347475166103668,5.67529356858345,0.413739277760917,0.528402885351599,0.94198093056727,"Not_Significant"
"ERAP1",-0.311794414255006,5.7553996311556,0.414186559717716,0.528404387896805,0.94198093056727,"Not_Significant"
"AC009093.2",0.412542285814193,5.44792597397062,0.413273006316057,0.528454398386114,0.94198093056727,"Not_Significant"
"GRID1",-0.387951611850994,7.3826861726316,0.414429292229249,0.528484451402736,0.94198093056727,"Not_Significant"
"EML6",0.414887252259553,6.24779289536821,0.41399216412142,0.528519835661204,0.94198093056727,"Not_Significant"
"RBCK1",-0.297364289667419,5.68946138477505,0.413712953178126,0.528604042003479,0.94198093056727,"Not_Significant"
"USP53",-0.301432935183231,7.76136863520774,0.413769098779468,0.528800377509126,0.94198093056727,"Not_Significant"
"TCEAL3",-0.330724685682208,5.58453389571462,0.412747204329509,0.529031819481013,0.94198093056727,"Not_Significant"
"P4HA1",0.339990810940841,7.67512229761711,0.41329770751138,0.529032181785901,0.94198093056727,"Not_Significant"
"GSTM4",-0.473759587818396,5.2896619988459,0.411975690927646,0.529243333777619,0.94198093056727,"Not_Significant"
"SMARCA4",-0.357667941413303,6.12691639819761,0.412086815598828,0.529565021772592,0.94198093056727,"Not_Significant"
"NDUFS8",-0.348177933805783,6.13263731346853,0.411981912861198,0.52961719837216,0.94198093056727,"Not_Significant"
"AC114763.1",0.463361397861897,5.86807960349638,0.410886900556637,0.529880234606757,0.94198093056727,"Not_Significant"
"C15orf41",0.275509985917575,6.29446388472814,0.411104327614442,0.52999019101117,0.94198093056727,"Not_Significant"
"AC136604.2",-0.320698411619982,5.83652759916238,0.410828945745821,0.530096072823941,0.94198093056727,"Not_Significant"
"CLCN4",0.453152696381836,6.08471644128561,0.410580749463718,0.530135573599016,0.94198093056727,"Not_Significant"
"PTPRG",0.259785822971901,8.38071420342949,0.410763732141831,0.530274782978383,0.94198093056727,"Not_Significant"
"RBM33",-0.223669775507006,7.18724293939935,0.410740856876554,0.530304011424251,0.94198093056727,"Not_Significant"
"CCSER2",-0.21653198001126,7.61815274434156,0.410719757031202,0.530307809554649,0.94198093056727,"Not_Significant"
"CSNK1A1",0.199763933012424,8.31200558914656,0.410443277804378,0.530433850469378,0.94198093056727,"Not_Significant"
"PHF8",-0.320493941944865,5.68121532973275,0.409889891369494,0.530494356797246,0.94198093056727,"Not_Significant"
"ATXN7L3B",0.452413723868865,5.3752433256913,0.408784383351195,0.530612739484674,0.94198093056727,"Not_Significant"
"OTUD7B",-0.279481110097539,6.43393531289942,0.409711068197088,0.530783201413198,0.94198093056727,"Not_Significant"
"RFX4",-0.514512816962315,6.10320558854154,0.409039581368914,0.531088635661908,0.94198093056727,"Not_Significant"
"PRDM2",0.229378546103832,7.41880789305043,0.408810736655622,0.531251345951635,0.94198093056727,"Not_Significant"
"TMEM130",-0.541263406448121,5.59176742891728,0.408118043482399,0.531369635922814,0.94198093056727,"Not_Significant"
"ATF7IP2",0.269203608100628,7.03287661175793,0.408406764777934,0.531438229785718,0.94198093056727,"Not_Significant"
"RPL21",0.430306497995594,7.23392343401841,0.40766921413512,0.531805561602625,0.94198093056727,"Not_Significant"
"DNAJC6",-0.402281957504409,8.06216259909461,0.407616748105201,0.531836911639361,0.94198093056727,"Not_Significant"
"PABPN1",0.525538312412836,5.8969868462357,0.406806992767481,0.531900947807799,0.94198093056727,"Not_Significant"
"PPARD",0.266204994935456,7.0656018896388,0.40730583812587,0.531987480937623,0.94198093056727,"Not_Significant"
"TMPO",0.371101644134478,5.59324462493714,0.406326063135757,0.53202028642837,0.94198093056727,"Not_Significant"
"MSI2",0.247254401458601,7.66384439881116,0.406691691592729,0.532304772961402,0.94198093056727,"Not_Significant"
"UBE4A",-0.251574183046343,6.77103963250911,0.406691209756011,0.532308297795147,0.94198093056727,"Not_Significant"
"UBXN7",0.301647569318052,6.36231612075526,0.405966082138621,0.532555775479874,0.94198093056727,"Not_Significant"
"AP003354.2",-0.350858909433705,5.6501677328215,0.405638189538699,0.532599845198455,0.94198093056727,"Not_Significant"
"ZC2HC1A",-0.258723702398054,6.19972755045696,0.405168045793805,0.533003974620278,0.94198093056727,"Not_Significant"
"NCOR1",0.215930477666138,8.07508516956471,0.40506681342334,0.533110474549056,0.94198093056727,"Not_Significant"
"CTDSPL",-0.328993431273435,6.26216526846506,0.404950062256833,0.533132823976912,0.94198093056727,"Not_Significant"
"LRRC49",-0.50719053263686,5.14121578719609,0.403385318474732,0.53340282905407,0.94198093056727,"Not_Significant"
"SENP7",-0.243097217383466,6.97075447154961,0.404265546680486,0.533524204017875,0.94198093056727,"Not_Significant"
"RPRD1B",0.391430125387181,5.47785859244087,0.40218200905297,0.53400940213554,0.94198093056727,"Not_Significant"
"PTK2",-0.219007691142321,9.01949949660968,0.403096703015166,0.534083835950787,0.94198093056727,"Not_Significant"
"PDE10A",-0.46663211003296,5.78360496067717,0.402824701087662,0.53408640477952,0.94198093056727,"Not_Significant"
"RIN3",0.255372923118755,7.7420100908409,0.403019041619598,0.534139368691852,0.94198093056727,"Not_Significant"
"USP5",-0.426536455133165,5.21747028851688,0.401615699318425,0.534338802858719,0.94198093056727,"Not_Significant"
"DEF8",0.397439926025016,5.4823166615914,0.40150216898079,0.534352485490586,0.94198093056727,"Not_Significant"
"KDM6A",-0.230597787961581,7.42423548332119,0.402489353189939,0.534411698425309,0.94198093056727,"Not_Significant"
"EPHB1",0.336090753558212,5.66701566710935,0.401625133588747,0.534432188439343,0.94198093056727,"Not_Significant"
"PAXBP1",0.241000863410769,6.9688428494195,0.402112386065876,0.534579396729626,0.94198093056727,"Not_Significant"
"IFT74",0.337328424842333,5.53769255426181,0.40095681354013,0.534684706260797,0.94198093056727,"Not_Significant"
"CWC27",0.254355006304493,7.1337705183916,0.400730286966271,0.535282040544193,0.94198093056727,"Not_Significant"
"PRKAA1",-0.275922445216322,5.94005614881164,0.400374862041914,0.535343733556323,0.94198093056727,"Not_Significant"
"ST18",-0.339840597304724,9.68712513858265,0.40055639999758,0.535357840833508,0.94198093056727,"Not_Significant"
"POC5",0.489934560804656,5.55003441393438,0.399503242417411,0.535375082705152,0.94198093056727,"Not_Significant"
"FKBP3",-0.259627795371572,6.33561103410101,0.399791698578049,0.53572638481241,0.94198093056727,"Not_Significant"
"ARL5A",-0.298085527595948,7.7685392651369,0.399302076657807,0.536008218463162,0.94198093056727,"Not_Significant"
"KIF6",-0.403040617961712,6.47732131278071,0.39915213123591,0.536076726537563,0.94198093056727,"Not_Significant"
"MCM3AP",0.284840668924854,6.13608659639697,0.398283584845936,0.536352794917857,0.94198093056727,"Not_Significant"
"LMBR1L",0.482693801357274,5.39737653899225,0.397357098869455,0.53635754142761,0.94198093056727,"Not_Significant"
"C9orf78",-0.324205590379809,5.40644146710702,0.397843977922274,0.536366698406062,0.94198093056727,"Not_Significant"
"HACD4",0.551825920179409,5.27914825433091,0.39696473437421,0.53645323876247,0.94198093056727,"Not_Significant"
"BRINP3",0.373407612141415,6.79112251819969,0.398272369839621,0.536484104515369,0.94198093056727,"Not_Significant"
"RPS7",0.42294329802275,6.87002238795525,0.397919393356779,0.53666814506902,0.94198093056727,"Not_Significant"
"ZDHHC13",-0.355900815554917,5.76472080088332,0.397302255254749,0.53684783809374,0.94198093056727,"Not_Significant"
"ITGA6",-0.463248640652652,5.29974561243253,0.396711200343714,0.536897404555276,0.94198093056727,"Not_Significant"
"PEX5L",0.390212378648996,9.27435043647259,0.397491316636081,0.536907773990927,0.94198093056727,"Not_Significant"
"ZFY",0.386983243218101,5.70262543180154,0.39663795704064,0.536957979702949,0.94198093056727,"Not_Significant"
"LRP2",-0.28754611806853,6.59063077676634,0.397290131588952,0.537020711596752,0.94198093056727,"Not_Significant"
"ITGAX",-0.296445096010991,7.26581491105916,0.397041509129964,0.53716128755833,0.94198093056727,"Not_Significant"
"ZC3HAV1",0.331777261949021,6.42726344313606,0.3966625574046,0.537245665603128,0.94198093056727,"Not_Significant"
"CD99",0.454182765041644,6.43039614859472,0.396606766933803,0.537251099576938,0.94198093056727,"Not_Significant"
"AC004076.1",0.417811780142819,5.34940393687138,0.395118688535073,0.53748169934059,0.94198093056727,"Not_Significant"
"CD84",-0.351784654140664,6.54626140546526,0.396370899081848,0.537487066258374,0.94198093056727,"Not_Significant"
"CERS4",-0.283555355102289,6.81088119090462,0.396072180875192,0.537649697424511,0.94198093056727,"Not_Significant"
"AREL1",-0.318806988846102,5.50460260637224,0.395336826312447,0.537702731156797,0.94198093056727,"Not_Significant"
"HSP90B1",0.341863351376695,7.09036116907622,0.395760996836906,0.537786967872215,0.94198093056727,"Not_Significant"
"PLD5",-0.448192679350059,6.45525216455302,0.395557352924507,0.53789882058566,0.94198093056727,"Not_Significant"
"LEMD3",0.314761308149471,5.8746458154338,0.394445046937425,0.538187131667108,0.94198093056727,"Not_Significant"
"PLCB1",0.334313353786368,8.57772732358033,0.394865214544194,0.538246063518284,0.94198093056727,"Not_Significant"
"MAP1B",-0.326106663088097,8.11408320836126,0.394751599138842,0.538306880999017,0.94198093056727,"Not_Significant"
"PIEZO1",0.493067520740156,5.6835433681625,0.393604266108225,0.538455481194914,0.94198093056727,"Not_Significant"
"LINC00854",-0.336204676941947,6.41599485673173,0.394341124573236,0.538504292023945,0.94198093056727,"Not_Significant"
"HSD17B11",0.342161545887661,6.09156999709587,0.392879220172108,0.539069692379578,0.94198093056727,"Not_Significant"
"MED27",-0.2441234695645,6.77621880444091,0.393127535672019,0.539144878786909,0.94198093056727,"Not_Significant"
"CHD7",0.23435540768921,7.79964741618045,0.393006681291928,0.539202737942031,0.94198093056727,"Not_Significant"
"SYT14",-0.4104824052489,6.20098487616101,0.392712005144916,0.539311806434782,0.94198093056727,"Not_Significant"
"COMMD10",0.215794608093073,8.16215834275272,0.392564594961115,0.539423449824127,0.94198093056727,"Not_Significant"
"DGCR8",0.688232299110407,4.77022355152516,0.390597598596278,0.539451100877362,0.94198093056727,"Not_Significant"
"TMEM120B",-0.416675362886983,5.43699244322398,0.391691711686876,0.539540891633318,0.94198093056727,"Not_Significant"
"ATXN2",-0.205773804976861,7.88130170698484,0.391754662129224,0.539840316025018,0.94198093056727,"Not_Significant"
"TATDN1",-0.278919230964876,5.70248871301483,0.391212842584457,0.53990544214097,0.94198093056727,"Not_Significant"
"SAR1B",0.362394061853496,5.91450657406977,0.390972726046816,0.5399673399808,0.94198093056727,"Not_Significant"
"VPS45",0.26686578164132,6.86393527616856,0.391120819658968,0.540142266710436,0.94198093056727,"Not_Significant"
"BTF3L4",0.329728887404626,6.07108882165855,0.39047952709912,0.540293249222517,0.94198093056727,"Not_Significant"
"TMEM245",0.249444566367423,6.89792986827891,0.390628608628228,0.540399156237213,0.94198093056727,"Not_Significant"
"MT1M",0.672569036790882,5.39157259714719,0.388947916611665,0.540587621091153,0.94198093056727,"Not_Significant"
"DANT2",0.397550187895678,6.86294655075016,0.389949218125721,0.540729658908509,0.94198093056727,"Not_Significant"
"SMIM13",0.37883148687047,5.2570495522062,0.388243079965644,0.540944392604579,0.94198093056727,"Not_Significant"
"ACVR1B",-0.455036388133078,5.22937949512346,0.388450778169936,0.541055835544719,0.94198093056727,"Not_Significant"
"AKNA",0.366965569843798,6.25321278491713,0.388655119821107,0.541283562591233,0.94198093056727,"Not_Significant"
"MYH9",0.343704279038983,6.32197292711087,0.388248738635699,0.541516945089579,0.94198093056727,"Not_Significant"
"DNAH7",0.45904268842045,5.8644595810227,0.387545806175032,0.541672510550449,0.94198093056727,"Not_Significant"
"RPS3",0.375588736351339,7.8629010294108,0.387667786671988,0.541939033597175,0.94198093056727,"Not_Significant"
"PPP3CC",0.261513642063846,6.86009699089475,0.387294358969115,0.542108431533858,0.94198093056727,"Not_Significant"
"CRMP1",0.547652165916284,5.27647993733405,0.385337994506145,0.542417793404847,0.94198093056727,"Not_Significant"
"SEC61A1",0.36466605886562,5.6887910683292,0.385648482781903,0.542588735818832,0.94198093056727,"Not_Significant"
"SMC3",0.337110267350334,6.30015541851785,0.385965888096673,0.542687919450467,0.94198093056727,"Not_Significant"
"PSMB4",0.71104923882026,4.8997015377049,0.383130634662711,0.543361878522568,0.94198093056727,"Not_Significant"
"EXOC4",0.192965388709748,8.94622728764261,0.384561421118818,0.543531005776481,0.94198093056727,"Not_Significant"
"ANO10",0.229179252666425,6.92107887385807,0.38435692521286,0.54363449268213,0.94198093056727,"Not_Significant"
"UBE2E1",-0.220001720863238,7.67594898018056,0.384312226004714,0.543676362248849,0.94198093056727,"Not_Significant"
"ZSWIM6",-0.184797677205651,9.62096994885354,0.384159403097701,0.543735835559872,0.94198093056727,"Not_Significant"
"CRKL",0.36833873082049,5.46083744414141,0.383014863557258,0.543809431185782,0.94198093056727,"Not_Significant"
"TBC1D10B",0.614624439546384,5.00378933640619,0.382136464765513,0.543908693172621,0.94198093056727,"Not_Significant"
"XKR4",0.405231040117125,6.36323217776574,0.383440395416267,0.543999514680354,0.94198093056727,"Not_Significant"
"MLLT6",-0.321342891810402,5.8886541739954,0.383357072435728,0.544038844553773,0.94198093056727,"Not_Significant"
"SDHB",-0.318488932160631,5.6007546057451,0.382698263935818,0.544260887787563,0.94198093056727,"Not_Significant"
"BMPER",-0.455961605410108,5.80833094445468,0.382544052935032,0.544455300185357,0.94198093056727,"Not_Significant"
"INVS",0.225033462667034,7.67436525062036,0.38262545048717,0.544551013373757,0.94198093056727,"Not_Significant"
"H2AFV",0.316720730271821,6.06333621492824,0.382230609918853,0.544557206260406,0.94198093056727,"Not_Significant"
"NUDT3",0.262990920631787,6.57708814918317,0.382253238996252,0.544685406092059,0.94198093056727,"Not_Significant"
"AC009690.2",0.455415202910171,6.08722706788383,0.381758222247001,0.544773365305253,0.94198093056727,"Not_Significant"
"MMP24",0.243960558243445,6.85616715251812,0.382122036694142,0.544788991476841,0.94198093056727,"Not_Significant"
"MIR137HG",0.425681511368282,5.86835126023516,0.38155008783909,0.544794677394698,0.94198093056727,"Not_Significant"
"TBCD",-0.235568893747639,6.45335695220421,0.38161131500035,0.545056863890687,0.94198093056727,"Not_Significant"
"ZCCHC2",0.225208808887254,6.4562868745035,0.381264913500101,0.545184821916372,0.94198093056727,"Not_Significant"
"UBR1",-0.226222487552657,7.34546185814557,0.381333889959783,0.545230374352438,0.94198093056727,"Not_Significant"
"ATG10",-0.216323507587825,7.15585169191426,0.381334352437957,0.54523153298695,0.94198093056727,"Not_Significant"
"PHTF2",0.233349410887594,6.79037346071307,0.381195524711208,0.545266525666654,0.94198093056727,"Not_Significant"
"THSD7A",-0.271833078857973,5.98844251845805,0.381012615832929,0.545282865981524,0.94198093056727,"Not_Significant"
"LMAN2",-0.399239754431249,5.54065414300405,0.38062800131986,0.545321775347472,0.94198093056727,"Not_Significant"
"AOAH",0.222076574654807,8.93254222665064,0.380881488233449,0.545444369096411,0.94198093056727,"Not_Significant"
"PGK1",-0.334260317990724,6.8493530591296,0.380846554100808,0.545486133826511,0.94198093056727,"Not_Significant"
"PRCP",0.328489315960578,5.78067380335521,0.380162416556528,0.545504678582683,0.94198093056727,"Not_Significant"
"ZNF444",0.443913092143791,5.20116958190594,0.379327467710909,0.545524112233682,0.94198093056727,"Not_Significant"
"M6PR",-0.346123694769614,6.10264994282097,0.380500121356527,0.545590279670288,0.94198093056727,"Not_Significant"
"DIP2A",0.215121788862612,7.48837996646988,0.380222818221931,0.545803565401243,0.94198093056727,"Not_Significant"
"CACNA1D",0.344242987849588,7.52709370542259,0.380214906585033,0.545805277914108,0.94198093056727,"Not_Significant"
"SNRPA1",-0.42182926707106,5.61694268360966,0.379682341004321,0.545863285190272,0.94198093056727,"Not_Significant"
"KDM4B",-0.268632143767987,6.41333520270593,0.37970915695995,0.546047720814417,0.94198093056727,"Not_Significant"
"BAZ1A",0.225400396260082,6.81860572238684,0.379437722287387,0.546187806452542,0.94198093056727,"Not_Significant"
"NBEAL1",0.195319142264749,7.51389716072791,0.379186419604029,0.546345673488085,0.94198093056727,"Not_Significant"
"TDRD7",0.435083006499597,5.51245348914222,0.377978896118566,0.54645329366578,0.94198093056727,"Not_Significant"
"FGL2",0.465013582094769,5.78235512785901,0.378056819184974,0.546568401589756,0.94198093056727,"Not_Significant"
"KPNA4",0.256142105456392,6.70670981256354,0.378580436817172,0.546622104849979,0.94198093056727,"Not_Significant"
"FAM66D",0.337517125775419,5.89331678306311,0.377905681216334,0.546740389491647,0.94198093056727,"Not_Significant"
"RNPS1",-0.230893789869877,6.16360077917618,0.37827007335706,0.546755404302556,0.94198093056727,"Not_Significant"
"GTF3C2",0.406745465596216,5.38728750866098,0.376875947987315,0.546952258857795,0.94198093056727,"Not_Significant"
"FAM172A",0.203892955657626,8.62763423994649,0.377918459293328,0.546996825570851,0.94198093056727,"Not_Significant"
"GRSF1",0.285882774797214,5.85197793272615,0.37729904621561,0.547055393547257,0.94198093056727,"Not_Significant"
"ANGEL2",0.328277476448492,5.88413654825475,0.376623094109046,0.547413763533317,0.942130417854985,"Not_Significant"
"CDKAL1",-0.191405733270602,8.52580186849893,0.37689016330061,0.547535916935622,0.942130417854985,"Not_Significant"
"PINK1",-0.366978349123319,5.36961805868501,0.375978827737558,0.547645368763611,0.942130417854985,"Not_Significant"
"NCBP3",-0.317620577393177,5.8559017842594,0.376425277714729,0.547652364189699,0.942130417854985,"Not_Significant"
"MMP16",0.445038787875028,6.64817545604434,0.37611732303688,0.547881464717814,0.942283158863346,"Not_Significant"
"ZFP14",0.287771226519213,6.44353389742729,0.375874865678088,0.547996270539723,0.942283158863346,"Not_Significant"
"RAB11B",0.303490750301167,6.15117496914238,0.374764975796782,0.548502983094156,0.94256093603818,"Not_Significant"
"UIMC1",0.254465255916177,6.19771870354392,0.374586579821222,0.548621389683346,0.94256093603818,"Not_Significant"
"EIF2S2",-0.38316358886754,6.70711061224956,0.374150460737358,0.548997756134815,0.94256093603818,"Not_Significant"
"RCHY1",-0.315426007061193,5.50565862165329,0.373453230046763,0.549056828556706,0.94256093603818,"Not_Significant"
"PSMB1",-0.280400587842192,6.26079546551456,0.373938384372079,0.549058952877789,0.94256093603818,"Not_Significant"
"SV2B",-0.453003905257596,6.32387754573139,0.373921307537908,0.549092920764789,0.94256093603818,"Not_Significant"
"DYNC2LI1",0.266722858083012,5.83813163283351,0.373340763594503,0.549141560548783,0.94256093603818,"Not_Significant"
"AP3D1",0.346088400422942,5.89753444967938,0.373138403027325,0.549251036383273,0.94256093603818,"Not_Significant"
"METTL15",-0.207773766649125,7.29313915120741,0.373514071685938,0.549335572509389,0.94256093603818,"Not_Significant"
"LRPAP1",-0.365546693678158,5.87421085051321,0.372971004529212,0.54948833167365,0.94256093603818,"Not_Significant"
"RBM41",0.265808794574102,6.26587349270866,0.372840415821521,0.549561385070589,0.94256093603818,"Not_Significant"
"KRIT1",-0.192383484287716,7.16353025302308,0.372772651108391,0.549728390382701,0.942628509692901,"Not_Significant"
"SARAF",-0.212723590758437,8.03864504148084,0.372008287281218,0.550119558920573,0.943080339230976,"Not_Significant"
"PTPN13",0.297133534229659,6.70929728644988,0.371416965795574,0.550395467690545,0.943156840722179,"Not_Significant"
"PCED1B",-0.226305447495629,7.09071983483613,0.371450768259024,0.550429751424196,0.943156840722179,"Not_Significant"
"DOCK11",0.258018198454984,7.64931318874421,0.371171505811797,0.550569321448657,0.943156840722179,"Not_Significant"
"DSE",-0.240077482506632,6.74154548262551,0.370884636438039,0.550722852955531,0.943156840722179,"Not_Significant"
"ATP8A2",0.369550088326033,6.98832835871921,0.370688151026609,0.550802573558343,0.943156840722179,"Not_Significant"
"CEBPZOS",-0.27917258691768,6.0672048265667,0.369807156161107,0.551211015001775,0.943368936806628,"Not_Significant"
"LAMTOR1",0.351517749895974,6.00072964331965,0.369517236725089,0.551220654114404,0.943368936806628,"Not_Significant"
"WDR20",0.27706094949081,6.74229651444546,0.36943508287482,0.551455073751848,0.943368936806628,"Not_Significant"
"ZFPL1",-0.444917202205247,5.22415768717504,0.368411322760848,0.551563916955783,0.943368936806628,"Not_Significant"
"CEP70",0.357373130357451,5.51440023851394,0.368196793386369,0.551662348274717,0.943368936806628,"Not_Significant"
"CDKN1B",-0.395724469193554,5.35051819131078,0.3683375301202,0.551692677271509,0.943368936806628,"Not_Significant"
"FUT8",-0.212671636208824,8.28404036977819,0.368545144610719,0.551957792040557,0.943603843972135,"Not_Significant"
"SCAMP1",0.269803762057497,6.26957881481446,0.367980312740695,0.552146995231279,0.943620916744996,"Not_Significant"
"PPP2CB",0.253160153521221,6.34587258775828,0.367878845148162,0.552223260198811,0.943620916744996,"Not_Significant"
"RHBDL2",-0.462875628871659,5.58651214947404,0.366856622711837,0.552645674237994,0.944124328306213,"Not_Significant"
"FGD5-AS1",0.323899137846804,5.52724340089461,0.365793877840976,0.552972050934617,0.944240783749801,"Not_Significant"
"D2HGDH",0.322274383924371,5.63364702495897,0.365802830065236,0.5530315533949,0.944240783749801,"Not_Significant"
"NINJ1",0.357450224954644,6.62326476926493,0.366314736024595,0.553097315728359,0.944240783749801,"Not_Significant"
"B3GLCT",0.335859341750883,5.53716194367977,0.365310378198237,0.553233760340863,0.94425549621949,"Not_Significant"
"PRAG1",-0.410607152208079,5.72426557060119,0.364110702080301,0.554173583588936,0.945308844305654,"Not_Significant"
"EWSR1",0.270112145905097,6.54990752652603,0.364245395404498,0.554209335940858,0.945308844305654,"Not_Significant"
"ECE1",-0.381269137684716,5.55605357172116,0.363838536361385,0.554234818557979,0.945308844305654,"Not_Significant"
"GRAMD1B",0.25510500497665,6.98763459081074,0.363991075445154,0.554393796875295,0.945361721495338,"Not_Significant"
"POP5",-0.489546897047883,4.93106952537031,0.362209318225252,0.554609317718501,0.945510969302231,"Not_Significant"
"RAP1A",0.222531979909173,8.68846819286876,0.363051078150374,0.554902450778383,0.94579243283339,"Not_Significant"
"RABGAP1",0.201709799346829,7.53272332812026,0.362307494145786,0.55531681935438,0.945916874062132,"Not_Significant"
"RBBP4",-0.27067721872005,6.44633522321716,0.362123434716008,0.555396731545875,0.945916874062132,"Not_Significant"
"AC018816.1",0.313138608052438,5.8766853216429,0.36156435946609,0.555447759467364,0.945916874062132,"Not_Significant"
"CLIP2",-0.277323952250201,7.39267901657976,0.362001781867268,0.555487667480916,0.945916874062132,"Not_Significant"
"CCNB1IP1",0.367183537597486,5.52191483936959,0.360235401783014,0.555953571607046,0.946492056570927,"Not_Significant"
"ACSBG1",-0.54654923606908,5.13620228995844,0.359215979009205,0.556472450190417,0.946819288060231,"Not_Significant"
"ANKRD6",0.340588824133228,5.88486696245981,0.359535754699302,0.556542622815293,0.946819288060231,"Not_Significant"
"RPTOR",0.256904473811057,6.60060677741597,0.359756854883028,0.556643879582012,0.946819288060231,"Not_Significant"
"ZNF800",0.408440067800383,6.63118697688526,0.359469241884545,0.55678303447169,0.946819288060231,"Not_Significant"
"CMC2",0.339675091056164,6.09673451896985,0.359242567213055,0.556786650512203,0.946819288060231,"Not_Significant"
"AL162414.1",0.541784601040821,5.59057927991842,0.358239746777375,0.55702754213197,0.946841878374395,"Not_Significant"
"STAT2",0.27559664302454,6.11779629108416,0.358276150415243,0.557336751159358,0.946841878374395,"Not_Significant"
"ZNF438",0.236506301000745,6.97133135030266,0.358299989207435,0.557474145525304,0.946841878374395,"Not_Significant"
"DPYSL5",-0.356392894161209,6.25374801676194,0.357900104853497,0.557668020212119,0.946841878374395,"Not_Significant"
"MBOAT2",-0.281101647437027,6.51082114717342,0.357925952926471,0.557679729296103,0.946841878374395,"Not_Significant"
"ZNF717",-0.333436111814741,5.82711036984195,0.357527931640053,0.557763898624743,0.946841878374395,"Not_Significant"
"MRE11",0.363803914082846,5.55643744702242,0.356788779437436,0.557856566316564,0.946841878374395,"Not_Significant"
"SUGCT",-0.353167211357599,5.39556517464203,0.356586336148216,0.558062758872669,0.946841878374395,"Not_Significant"
"SEPT2",-0.210301593680226,7.54918581265203,0.356557060907016,0.558441622812256,0.946841878374395,"Not_Significant"
"AC027117.2",-0.355076192172327,5.65647728327085,0.355649292268609,0.558724939513597,0.946841878374395,"Not_Significant"
"WWC1",0.454208159566589,5.2084411908472,0.354676595131214,0.55875129224126,0.946841878374395,"Not_Significant"
"FRY",0.400534491000147,6.93755868637817,0.355601883917451,0.558930823604812,0.946841878374395,"Not_Significant"
"PLCG1",0.515494362372812,5.05890272425076,0.354071009314875,0.558975833400671,0.946841878374395,"Not_Significant"
"CEP126",0.449681927920276,5.8627467120885,0.354798053725037,0.559084514496279,0.946841878374395,"Not_Significant"
"SPATA5",-0.209941279516169,7.38012058976932,0.354937976717887,0.559329713780072,0.946841878374395,"Not_Significant"
"SLC35D2",-0.336952186910448,5.49337528986609,0.35408150029076,0.559494098249153,0.946841878374395,"Not_Significant"
"CASP8AP2",0.300715315749737,5.86675349045804,0.354047419023768,0.559544235030082,0.946841878374395,"Not_Significant"
"SFPQ",0.236462848441295,7.00404036148594,0.354502059447141,0.559550333259594,0.946841878374395,"Not_Significant"
"LPGAT1",-0.225919428458452,7.49054121185212,0.354216128347156,0.55972367528092,0.946841878374395,"Not_Significant"
"MECOM",-0.345711964501188,5.95492084714947,0.353651279696229,0.559927120148694,0.946841878374395,"Not_Significant"
"PCDH7",0.33484697463936,8.05705968941489,0.353732437508633,0.559980662868449,0.946841878374395,"Not_Significant"
"PARVB",0.354551688834738,5.51261109306077,0.352768565105448,0.560034450087176,0.946841878374395,"Not_Significant"
"MRPL41",-0.288350562868374,6.41179550508274,0.353598611784801,0.560036606618114,0.946841878374395,"Not_Significant"
"CLPB",0.400549571796688,5.58632247049538,0.352695432220933,0.56010717220308,0.946841878374395,"Not_Significant"
"CASC3",-0.295423800260909,5.87254789420497,0.353242125258446,0.560120056110695,0.946841878374395,"Not_Significant"
"FBXO42",0.316755920555493,6.70906731514092,0.3533801040646,0.560132531270625,0.946841878374395,"Not_Significant"
"ANKRD12",0.20730772873088,8.70639810064299,0.353011959674881,0.560367864761657,0.947022942851492,"Not_Significant"
"TAF15",0.240032406114516,7.73201658996498,0.352619764806762,0.560595471927223,0.947022942851492,"Not_Significant"
"C2CD5",0.240446690713692,7.21839698645375,0.352561536043218,0.560624249233731,0.947022942851492,"Not_Significant"
"RSRP1",-0.190210552443251,8.31948693285663,0.352066175373645,0.560890743330779,0.947256497710212,"Not_Significant"
"MIPEP",-0.312022432609193,5.50763156829223,0.351283666991641,0.561039592515822,0.947291307409001,"Not_Significant"
"TAB3",0.401413037164805,5.33743602296651,0.350331312188693,0.56125121118187,0.947432060557695,"Not_Significant"
"EFCAB11",0.32085810295392,5.88473161351918,0.350653870012828,0.561417521690417,0.947496283465184,"Not_Significant"
"XRCC4",0.335240328472474,6.54973040998868,0.350545154967175,0.561669727876268,0.94766191108633,"Not_Significant"
"NUDT21",0.487601479902187,5.56677862248881,0.349599320708006,0.561772236178021,0.94766191108633,"Not_Significant"
"CCDC12",-0.272404524149159,6.46380710193559,0.349013127522566,0.562569302779534,0.947790369108034,"Not_Significant"
"LUC7L",-0.240781181726266,6.44793332046101,0.348690200638513,0.562745039002619,0.947790369108034,"Not_Significant"
"AC006160.1",0.389482214506707,5.57692408902053,0.347333792187314,0.56307408490456,0.947790369108034,"Not_Significant"
"ARL13B",-0.33477348536332,6.23272755281017,0.347911354806054,0.563156978799129,0.947790369108034,"Not_Significant"
"ATP6V0E2",-0.32545770701991,5.88547632403929,0.347458743454177,0.56332423616315,0.947790369108034,"Not_Significant"
"TERF2IP",-0.224718709940569,7.33518220698412,0.346343262175867,0.564076546394165,0.947790369108034,"Not_Significant"
"XIAP",0.236184528282618,6.72401706212469,0.346208019566348,0.564111174780764,0.947790369108034,"Not_Significant"
"SH3GL3",-0.324608626606534,8.06047610595529,0.346197095039682,0.564144776631559,0.947790369108034,"Not_Significant"
"PRR5",0.499624098754839,5.26407561071667,0.344945308714231,0.56416546820991,0.947790369108034,"Not_Significant"
"AGAP1",-0.283830784561457,8.83616748616834,0.346078134728088,0.564202598493322,0.947790369108034,"Not_Significant"
"STIP1",0.408614908624242,5.62306781741886,0.345146927018029,0.564316719361493,0.947790369108034,"Not_Significant"
"CCR1",0.421878393566263,5.56394832206358,0.344460499530993,0.564656746749248,0.947790369108034,"Not_Significant"
"CA5B",0.277025010868829,5.94590808901087,0.344835654476374,0.564687290359995,0.947790369108034,"Not_Significant"
"NPC2",0.348454156980671,7.37914041390525,0.34417032215692,0.565278659620171,0.947790369108034,"Not_Significant"
"PDZRN4",0.446318550024803,6.42999532441013,0.343919859017426,0.565310582810818,0.947790369108034,"Not_Significant"
"CDK19",-0.182281026737797,8.18933417873961,0.343951512965376,0.565396903537866,0.947790369108034,"Not_Significant"
"SOBP",0.323703067323825,7.00675203853957,0.34384654442169,0.56544619491517,0.947790369108034,"Not_Significant"
"COLGALT1",0.375831071336205,6.66578787029194,0.343710602180466,0.565482899512079,0.947790369108034,"Not_Significant"
"APOLD1",0.313254897315185,5.97198779156094,0.343367129866543,0.565511052533922,0.947790369108034,"Not_Significant"
"BRAP",0.334578973750437,5.68652991836058,0.34295998556042,0.565600708476809,0.947790369108034,"Not_Significant"
"SIKE1",0.522982976681513,5.25798009238544,0.341885959881821,0.565879320963137,0.947790369108034,"Not_Significant"
"ERAP2",0.363091780197717,5.41094075117188,0.342112150856624,0.565897221949968,0.947790369108034,"Not_Significant"
"TLR5",0.399315351411928,6.3683482593447,0.342855988831217,0.565902388630012,0.947790369108034,"Not_Significant"
"AC010168.1",0.56746664759705,5.09485614261122,0.341419644686131,0.566036249999887,0.947790369108034,"Not_Significant"
"RNF166",0.400642975552229,5.73239635890624,0.341965676695629,0.566165527054152,0.947790369108034,"Not_Significant"
"CARD11",-0.237472789827412,7.38723064824937,0.342573130441805,0.56618328255736,0.947790369108034,"Not_Significant"
"NAPEPLD",0.293457041283839,6.54830511344333,0.342344596495664,0.566240919636566,0.947790369108034,"Not_Significant"
"KRCC1",0.243273080293639,6.61480533667454,0.34163541167086,0.566656080938671,0.947790369108034,"Not_Significant"
"TRIP4",0.279452664700497,6.05445579800967,0.341384147193983,0.566661407823667,0.947790369108034,"Not_Significant"
"KLC2",0.556100730015183,5.08827383133701,0.340209193757247,0.566715152720622,0.947790369108034,"Not_Significant"
"ERBIN",0.302171868290352,9.33777269375474,0.341350889607484,0.566847700968055,0.947790369108034,"Not_Significant"
"RALGPS1",0.290625071366472,6.78725551852475,0.341127020766398,0.566956980174563,0.947790369108034,"Not_Significant"
"ACIN1",0.279894024481311,7.30591634491958,0.341058573827412,0.567025047393694,0.947790369108034,"Not_Significant"
"SERTAD2",-0.305111245920468,6.42116142299388,0.340791418346072,0.567160174656425,0.947790369108034,"Not_Significant"
"TNKS",0.207627507308532,7.85321674898762,0.340564840714476,0.567304581677606,0.947790369108034,"Not_Significant"
"RAD23B",0.331234251198165,6.33890416001363,0.340132847784108,0.567437797411582,0.947790369108034,"Not_Significant"
"LRRC28",-0.254222471272105,6.23158111605677,0.339583959735258,0.567808760335061,0.947790369108034,"Not_Significant"
"CALM1",0.212766219128963,8.52894975886915,0.339650530367577,0.567811274692959,0.947790369108034,"Not_Significant"
"MTMR6",-0.255117112659381,5.80918013773997,0.338996381426749,0.568031369159833,0.947790369108034,"Not_Significant"
"SNRNP70",0.191127655671137,7.76943100094142,0.339095935546889,0.568134059114834,0.947790369108034,"Not_Significant"
"TMEM117",-0.189478362904968,7.73666967533775,0.339064306494993,0.568152416303964,0.947790369108034,"Not_Significant"
"LPIN1",0.259579358209274,6.37544654856657,0.338635447456469,0.568304378872742,0.947790369108034,"Not_Significant"
"RREB1",0.255569578572288,7.30885083181699,0.338623128496617,0.568399652518806,0.947790369108034,"Not_Significant"
"KIFC3",-0.353618838004522,5.38457245482036,0.337477990706253,0.568698474478092,0.947790369108034,"Not_Significant"
"ANGEL1",0.297594662453174,6.28968173678073,0.337842617714001,0.56872760341481,0.947790369108034,"Not_Significant"
"ROR1",-0.468723390129501,5.49636307724838,0.337438246247224,0.568815942388196,0.947790369108034,"Not_Significant"
"NECAP1",-0.385472754513014,5.24741412185778,0.337095700306403,0.568822792930767,0.947790369108034,"Not_Significant"
"NDUFAF1",-0.457768178672738,4.98906818101027,0.336462019393389,0.56895507446715,0.947790369108034,"Not_Significant"
"PKD2",0.17484632127711,7.93771395140365,0.337586494531374,0.568986046312355,0.947790369108034,"Not_Significant"
"MARCH6",-0.186948456613441,7.71949445389859,0.33746178244742,0.569059485543051,0.947790369108034,"Not_Significant"
"AL360091.3",-0.410011362414582,5.52936728051557,0.336786375584644,0.569189535746261,0.947790369108034,"Not_Significant"
"AL136295.1",-0.373070606721738,5.37996778709414,0.336107091031842,0.569476205286494,0.947790369108034,"Not_Significant"
"PSMA3",-0.26153674641205,6.04008593236833,0.33654354463569,0.569492542602936,0.947790369108034,"Not_Significant"
"CEP78",-0.34336077223275,5.48341735198911,0.335981335567168,0.569609108575693,0.947790369108034,"Not_Significant"
"ETV6",0.190420351879696,9.01411696344371,0.336446611636612,0.569620786544113,0.947790369108034,"Not_Significant"
"GRIA3",0.343157315024938,6.84893948986106,0.336412740250241,0.569622928676984,0.947790369108034,"Not_Significant"
"MTPN",0.281267587120507,6.14774630776411,0.336131222101031,0.569662959990873,0.947790369108034,"Not_Significant"
"CISD1",-0.344793986871442,5.81890406544714,0.335816251102018,0.569852852494825,0.947790369108034,"Not_Significant"
"SERGEF",0.301814166723531,6.61160211370257,0.335959770569086,0.569856688056191,0.947790369108034,"Not_Significant"
"SSR2",-0.282504184465503,5.84843021858304,0.335766147751604,0.569880992718025,0.947790369108034,"Not_Significant"
"GRAMD1C",0.817976230561377,5.10200274315865,0.334531209783134,0.56994266717199,0.947790369108034,"Not_Significant"
"KYAT3",0.33417671462587,5.99184868668945,0.335380331274685,0.570024569581772,0.947790369108034,"Not_Significant"
"FAM198B",-0.332482604675193,5.49472547438099,0.335136224713655,0.570091995631199,0.947790369108034,"Not_Significant"
"DPH6",-0.247664009055473,6.94336926680972,0.335536391225253,0.570159929947246,0.947790369108034,"Not_Significant"
"CCDC50",0.342125497165738,6.39348080918021,0.334089399323959,0.57087842284302,0.947790369108034,"Not_Significant"
"SMG7",0.23381447257443,6.87066383393717,0.333974071267127,0.571022950319267,0.947790369108034,"Not_Significant"
"ZMIZ1",0.243265752283185,6.31658051556894,0.333766643730518,0.57106201695314,0.947790369108034,"Not_Significant"
"FAM114A1",0.285798631429423,5.74508410097088,0.333283773093788,0.571127886040803,0.947790369108034,"Not_Significant"
"ZNF133",0.377840920176788,5.46837440700194,0.332874647930728,0.571175634140825,0.947790369108034,"Not_Significant"
"L3MBTL4",0.191600447137426,8.3488027701377,0.333677155512696,0.571204429977985,0.947790369108034,"Not_Significant"
"MYO5A",0.185648150846626,8.16366868224489,0.333583525026168,0.571260260111445,0.947790369108034,"Not_Significant"
"CHGA",-0.386129395156758,5.54149177726064,0.333013606259466,0.57133887972353,0.947790369108034,"Not_Significant"
"UFL1",-0.248197146389759,6.57589043237944,0.333379233511875,0.571374435038591,0.947790369108034,"Not_Significant"
"BDNF-AS",0.245895298354681,7.05136371925848,0.333347971761483,0.571390710057585,0.947790369108034,"Not_Significant"
"INF2",-0.349723057569207,5.72866274318156,0.332921023429243,0.571471274401947,0.947790369108034,"Not_Significant"
"QRSL1",0.409088600230975,5.34318798851332,0.331704999146981,0.571755090309784,0.94789669663065,"Not_Significant"
"KIZ-AS1",-0.443560418538013,5.03099700919602,0.331371014455854,0.571905846223745,0.94789669663065,"Not_Significant"
"SEC61A2",-0.319742741336799,5.41023643905335,0.331844528332017,0.571920343425316,0.94789669663065,"Not_Significant"
"TYRO3",-0.337781950342871,5.87661448219485,0.331941814522499,0.572082470352923,0.947952716127646,"Not_Significant"
"ING5",0.284731721038842,5.49831686529574,0.331006157176202,0.57229482174527,0.948091914831198,"Not_Significant"
"DDX1",0.276948852961785,6.14596982411944,0.331157394964766,0.572504875984914,0.94818035163621,"Not_Significant"
"ELP3",-0.239205814697799,6.40038372136992,0.331200184195874,0.572604920623952,0.94818035163621,"Not_Significant"
"SSR3",0.414746618758491,5.34665816632459,0.329777813924206,0.572865192722399,0.948195701483579,"Not_Significant"
"ESRRA",0.36647035488786,5.81826948402108,0.330268977598398,0.572870910480738,0.948195701483579,"Not_Significant"
"PPP2R1A",-0.307730764719557,6.4033747352416,0.330213113324716,0.573178397046191,0.948405794109055,"Not_Significant"
"UCHL3",0.391159619134657,5.3302589030863,0.329067127678014,0.573270736003394,0.948405794109055,"Not_Significant"
"GRAMD1A",-0.255039262474455,6.72962541059029,0.329689854215458,0.573500064600094,0.948405794109055,"Not_Significant"
"GOLGA1",0.323274015169485,5.67798338463217,0.329056839860042,0.573511396004487,0.948405794109055,"Not_Significant"
"PTOV1",0.413161486915578,5.62469465884379,0.32864065003611,0.573695630063312,0.948498124278802,"Not_Significant"
"COPRS",-0.368436845053561,5.377468699842,0.328200413715784,0.574007769934227,0.948678838787105,"Not_Significant"
"MAU2",0.346987899167158,5.69543906320665,0.328108119614864,0.57406178548509,0.948678838787105,"Not_Significant"
"CCSAP",-0.259633014989924,5.72526723107196,0.3281117487138,0.574220990828422,0.948729693413007,"Not_Significant"
"UBE2O",0.220277916570994,6.45391347276909,0.326769821795951,0.575116888829657,0.949819797511404,"Not_Significant"
"MTM1",-0.304432199863647,6.07405646086001,0.326724552570981,0.575137938847774,0.949819797511404,"Not_Significant"
"METTL6",0.399888951278828,5.16997966931321,0.324830874568236,0.575615761060238,0.950188851066793,"Not_Significant"
"CEPT1",0.323203649525166,6.65989820447101,0.32593520341112,0.575618669084053,0.950188851066793,"Not_Significant"
"B3GAT1",0.335430381179139,5.64199184278289,0.324832782407869,0.575933971899699,0.95049692815529,"Not_Significant"
"FHOD3",-0.347133670815919,5.38100771807627,0.32465727088636,0.576064642844225,0.950500227091867,"Not_Significant"
"FAM228B",0.242702351665577,6.18943397867136,0.324364969606345,0.576451912906285,0.95061278689118,"Not_Significant"
"NCALD",-0.407053787544137,6.21763098166058,0.324026881344811,0.576740977317658,0.95061278689118,"Not_Significant"
"MFN1",0.308431851722242,6.05122840055254,0.323755379617211,0.576753297409166,0.95061278689118,"Not_Significant"
"TECR",-0.250131015717184,6.37559994684492,0.324002640674672,0.576764812088011,0.95061278689118,"Not_Significant"
"PDZD8",-0.266904328359524,6.0539758394439,0.323887755449631,0.576776297664311,0.95061278689118,"Not_Significant"
"AC108062.1",-0.279065278573974,5.53246035326195,0.32327963182274,0.576940714418979,0.950671661256524,"Not_Significant"
"PKN1",-0.275523689873232,5.62702534078423,0.322936397796167,0.577188400031919,0.950867687563735,"Not_Significant"
"LONP2",0.197196238336467,7.63705374183553,0.322544874742236,0.577643058530056,0.951343159492946,"Not_Significant"
"PHF1",0.310908478701702,5.7648343815538,0.321872649630818,0.577734589614912,0.951343159492946,"Not_Significant"
"ELF1",-0.196892113010452,8.13143482349621,0.32180700377984,0.578067141292634,0.95148230105633,"Not_Significant"
"EPS15L1",0.279492019849736,6.56542481305917,0.321704256113214,0.578076697866632,0.95148230105633,"Not_Significant"
"TULP4",-0.233003857579299,7.99765224954692,0.320638471151962,0.578753709276698,0.952384417560029,"Not_Significant"
"ANKRA2",0.290919831644449,5.95329317310946,0.31984271145689,0.579012602121939,0.952435272680338,"Not_Significant"
"PRIMPOL",-0.303325784612117,5.76161290309048,0.319721772432036,0.579132613782353,0.952435272680338,"Not_Significant"
"ITGB2",0.419816279065434,7.00740823133394,0.31989537037368,0.579171415307984,0.952435272680338,"Not_Significant"
"MAP4K4",-0.171148411948676,9.40853059052123,0.319334616802019,0.57950807547645,0.952776798029053,"Not_Significant"
"KIAA0232",-0.190621116459212,7.35495494803085,0.317847400672637,0.580406389300506,0.953818035086695,"Not_Significant"
"ST3GAL6",0.201414877865873,7.84692095540938,0.317287440358602,0.580729658854156,0.953818035086695,"Not_Significant"
"RPL19",0.296274027883201,7.90449125365476,0.31721574819761,0.580771330502058,0.953818035086695,"Not_Significant"
"ADAM28",0.269386515726029,9.56959023954352,0.317170338660359,0.580784043529307,0.953818035086695,"Not_Significant"
"AHCTF1",0.230605237644844,6.32769513522392,0.315995853932621,0.581403014988788,0.953818035086695,"Not_Significant"
"AC087564.1",0.298590295319594,7.44950766327106,0.316138527798252,0.581409205712916,0.953818035086695,"Not_Significant"
"GDAP1",0.279716403108346,7.27922173710855,0.316104109631787,0.581427317512614,0.953818035086695,"Not_Significant"
"ENTPD3-AS1",-0.306847293495273,5.51130731960541,0.315501776527122,0.581513975629015,0.953818035086695,"Not_Significant"
"EFNA5",0.296117200785498,7.3057524746359,0.315725636503517,0.581651479515649,0.953818035086695,"Not_Significant"
"AGT",-0.453626756937415,5.40148780467323,0.314629297412407,0.582003619874036,0.953818035086695,"Not_Significant"
"FSCN1",0.289852523116289,6.81352659738933,0.315031927630899,0.582038121852796,0.953818035086695,"Not_Significant"
"CNBP",0.360761355827225,6.24483457518997,0.314567856017978,0.582209623332404,0.953818035086695,"Not_Significant"
"MTMR2",-0.317113384785696,6.64560532841695,0.314353556410138,0.582469114584419,0.953818035086695,"Not_Significant"
"C3",-0.237052946549687,9.18230696256749,0.314255213056831,0.582512144874548,0.953818035086695,"Not_Significant"
"ZNF462",0.406210133904937,5.84228958902068,0.313657882959217,0.582593581204684,0.953818035086695,"Not_Significant"
"TBCA",-0.172577215672579,7.45199200504562,0.314100324306668,0.582624414269542,0.953818035086695,"Not_Significant"
"GFOD1",-0.357440915411032,5.79436876736706,0.313824442131722,0.582641645722557,0.953818035086695,"Not_Significant"
"RDX",0.188668534352727,8.042683106085,0.313996327170949,0.582677893630291,0.953818035086695,"Not_Significant"
"DYNLRB1",-0.233202730120627,6.55421297928541,0.313873333413976,0.582744150361567,0.953818035086695,"Not_Significant"
"DCK",0.554479202820763,4.85809691885569,0.312362234523531,0.582790557291024,0.953818035086695,"Not_Significant"
"RERE",-0.166453282696436,9.11700521521817,0.313674179100163,0.582858132463565,0.953818035086695,"Not_Significant"
"ZCCHC10",0.337214803458587,5.56847412760351,0.31251361357855,0.583159843921499,0.953818035086695,"Not_Significant"
"GBE1",-0.222155095042015,6.86156749397254,0.313015579018485,0.583270023644411,0.953818035086695,"Not_Significant"
"GPATCH8",-0.205579150952821,8.1898593983246,0.31297317051087,0.583283315922937,0.953818035086695,"Not_Significant"
"NCOA6",-0.19408711338235,6.94847625323508,0.312850648537645,0.583369416883943,0.953818035086695,"Not_Significant"
"CSRNP3",0.3028754270439,6.84783092195046,0.312126641059052,0.583769198397337,0.954207596102721,"Not_Significant"
"SMYD3",0.171152299663888,9.09132866284676,0.311341738080374,0.584250684049724,0.954207596102721,"Not_Significant"
"NF1",0.163315311319534,8.98209445698699,0.311288273851112,0.584283260676747,0.954207596102721,"Not_Significant"
"UBE3B",0.385795393380533,5.65298920684323,0.310618151000123,0.584320651377338,0.954207596102721,"Not_Significant"
"UROS",-0.327583169070742,5.49839652596242,0.310604481266936,0.584431151713058,0.954207596102721,"Not_Significant"
"NUP160",-0.237000136355183,6.32254067984979,0.310675729800086,0.584628447600657,0.954207596102721,"Not_Significant"
"ZFHX3",-0.187027649421966,9.03010481116783,0.310463513151552,0.584775983148826,0.954207596102721,"Not_Significant"
"LAMTOR4",-0.224367610893355,6.52986917059944,0.310348392556895,0.584846341066679,0.954207596102721,"Not_Significant"
"GTF2IRD2B",-0.335950041752979,5.67921473645051,0.309783609049385,0.585012712906766,0.954207596102721,"Not_Significant"
"ZNF540",-0.240110426733333,6.18380701637956,0.3099618948436,0.585034984545005,0.954207596102721,"Not_Significant"
"LRPPRC",-0.262418115989897,6.56044349043719,0.309873406653362,0.585136388869609,0.954207596102721,"Not_Significant"
"C1orf54",-0.346128008857338,5.64751415176703,0.309485249105111,0.585177237942391,0.954207596102721,"Not_Significant"
"DSCAML1",-0.389958089247805,7.00430067225125,0.309653729275155,0.58528693893887,0.954207596102721,"Not_Significant"
"FGD3",-0.410771016216787,5.67534217246588,0.308919339712739,0.585539141020495,0.954210002611639,"Not_Significant"
"HDX",-0.278683236282514,5.98411971419815,0.308645762695106,0.585786272094335,0.954210002611639,"Not_Significant"
"RNF125",-0.276932600139921,6.33152534090349,0.308238686713848,0.586096203247655,0.954210002611639,"Not_Significant"
"TPT1",0.29476469380919,8.01239895689497,0.307904093872469,0.58632549145596,0.954210002611639,"Not_Significant"
"PPP1CB",0.300744443033101,5.86958349842379,0.307443766589288,0.586362270466097,0.954210002611639,"Not_Significant"
"NEK1",0.220926959037223,7.2031988679475,0.307828021112874,0.586371477978777,0.954210002611639,"Not_Significant"
"CWC25",-0.333581853293592,5.59577437227931,0.307222540604702,0.586518773468164,0.954210002611639,"Not_Significant"
"LAMP1",-0.187063989194091,6.91949948213777,0.307462417835469,0.586599633756463,0.954210002611639,"Not_Significant"
"ABHD11",-0.433622885784123,5.09907127119559,0.306216239654749,0.586812717778445,0.954210002611639,"Not_Significant"
"AP2S1",-0.29090894537179,5.99542329957302,0.306851414476724,0.586873120947943,0.954210002611639,"Not_Significant"
"INTS10",-0.216759339048636,7.23483116542175,0.306935439957739,0.586920098519371,0.954210002611639,"Not_Significant"
"TRIQK",0.369678904756877,5.71247440742084,0.306332472897812,0.586943781969945,0.954210002611639,"Not_Significant"
"CPLX2",-0.341060032157203,5.57710324682011,0.306427703519076,0.5869885233329,0.954210002611639,"Not_Significant"
"EBLN3P",-0.442300240670855,5.4104337411955,0.306071271970118,0.587140414488831,0.954210002611639,"Not_Significant"
"RHOJ",-0.61100412021488,4.63313210674581,0.304529710377396,0.587353728478222,0.954210002611639,"Not_Significant"
"LRIG2",-0.347903016514203,5.85318575023954,0.305999213331816,0.587355202636405,0.954210002611639,"Not_Significant"
"FGFR3",0.490102674284047,5.54969620752068,0.304963329389427,0.587650436708559,0.954247442038974,"Not_Significant"
"NAA15",0.245725374296839,7.01746926731076,0.305680151510483,0.58766075344031,0.954247442038974,"Not_Significant"
"WDPCP",-0.182717870109022,7.84501807453582,0.305350897058276,0.587869366096238,0.954247442038974,"Not_Significant"
"UBE2J2",0.320037345207287,5.67349669649883,0.30463336176134,0.587969253803767,0.954247442038974,"Not_Significant"
"HLA-DPB1",0.286676413572244,7.33583251618256,0.305094697370243,0.588024144600164,0.954247442038974,"Not_Significant"
"TRIR",-0.345779814619203,6.03146244445469,0.304540387927868,0.588286534498456,0.954463569150031,"Not_Significant"
"PDCD4",-0.300078287363315,6.22186891824196,0.304289074259652,0.588471695838194,0.954540605751745,"Not_Significant"
"CNTN3",0.471758761662025,5.88240377663653,0.303160079085363,0.588914889307924,0.954540605751745,"Not_Significant"
"BIN1",0.197053438246593,8.46718815477579,0.303599865246449,0.588925229008718,0.954540605751745,"Not_Significant"
"BTBD7",0.177085945899546,7.61306091540473,0.302962253101069,0.589322974944808,0.954540605751745,"Not_Significant"
"CIZ1",-0.336038807770625,5.57783906139445,0.301698263564835,0.589862213703667,0.954540605751745,"Not_Significant"
"AF165147.1",-0.318680750019907,5.75040449563657,0.300879222253348,0.590433612978975,0.954540605751745,"Not_Significant"
"RBMX",0.245698033414605,7.86996310550274,0.300730999811358,0.59068275616725,0.954540605751745,"Not_Significant"
"HERPUD2",-0.287762994868798,5.78511649617431,0.300196129415263,0.590860111497743,0.954540605751745,"Not_Significant"
"MTOR",-0.291387258865391,5.95630438408164,0.300186628256988,0.59091716912126,0.954540605751745,"Not_Significant"
"MAGI2",-0.254455418347907,10.5418896419105,0.299875799366838,0.591191150526241,0.954540605751745,"Not_Significant"
"FCGR1B",0.393146222505761,5.93232431069097,0.299320419821239,0.591311277206425,0.954540605751745,"Not_Significant"
"TMEM132B",0.404075105623845,6.69904242712494,0.298535718656574,0.591978453518254,0.954540605751745,"Not_Significant"
"AHDC1",0.310084942477737,5.64505187784442,0.297728704524481,0.592182255875358,0.954540605751745,"Not_Significant"
"AVEN",0.337276928269871,5.89128176003783,0.297622167892124,0.592350769439211,0.954540605751745,"Not_Significant"
"DLEU2",-0.167138881228352,9.24305491808953,0.297945719302585,0.592378812564233,0.954540605751745,"Not_Significant"
"PIP4K2A",-0.228822935265965,9.60919185607584,0.297802787755535,0.592465903151306,0.954540605751745,"Not_Significant"
"MKNK1",0.200694200873514,8.0477168825418,0.297816109508725,0.592470120790796,0.954540605751745,"Not_Significant"
"JTB",-0.265980566934117,6.31960118473042,0.297038756822131,0.592920695763572,0.954540605751745,"Not_Significant"
"VSIR",-0.274308219043564,7.54772785233651,0.297053019021474,0.592947226876805,0.954540605751745,"Not_Significant"
"SHARPIN",-0.358298922237011,5.38998717098688,0.296445755652356,0.592995052667433,0.954540605751745,"Not_Significant"
"GSDMD",0.412160071430835,5.39108452636024,0.295774257482113,0.593210124238395,0.954540605751745,"Not_Significant"
"RPS28",0.501487465519147,7.936374905355,0.296530254045846,0.593264046050237,0.954540605751745,"Not_Significant"
"POGZ",-0.165473507312117,7.890974315059,0.295996428962276,0.593594173285669,0.954540605751745,"Not_Significant"
"ENTPD6",-0.330741284939072,5.3144765383657,0.295346974167709,0.593620979667895,0.954540605751745,"Not_Significant"
"TM9SF3",0.212569847230359,6.87061744824527,0.295791141832898,0.593706661062715,0.954540605751745,"Not_Significant"
"PREP",0.240883588159187,5.8192483114003,0.295300876276439,0.593782452664056,0.954540605751745,"Not_Significant"
"STRBP",0.174878083503882,7.94021137000134,0.295434919335173,0.593941824709078,0.954540605751745,"Not_Significant"
"C1orf43",-0.261427071381477,6.2977022458883,0.295250272853523,0.594022464226839,0.954540605751745,"Not_Significant"
"HMGN1",-0.300491380001288,6.13744604233209,0.295099248653096,0.594095238598563,0.954540605751745,"Not_Significant"
"GARNL3",-0.205553611749397,7.427740034824,0.294487679010944,0.594536197906844,0.954540605751745,"Not_Significant"
"ACTR10",-0.242283398682435,6.09569396946483,0.294230156053273,0.594619124761601,0.954540605751745,"Not_Significant"
"TNFAIP2",0.470364613711739,5.22010113677064,0.293194825013776,0.59469747897014,0.954540605751745,"Not_Significant"
"RBM28",-0.313759901314152,5.50708722080476,0.293574315644371,0.594834668170598,0.954540605751745,"Not_Significant"
"ARAP2",-0.195996319651899,8.73992888520467,0.293924275864744,0.594868279638435,0.954540605751745,"Not_Significant"
"EIF5",-0.249958069095815,6.80758522134708,0.293873812339966,0.594916163946774,0.954540605751745,"Not_Significant"
"SEC22C",-0.348173929041491,5.30168874386386,0.293238222635775,0.594927116695395,0.954540605751745,"Not_Significant"
"SIPA1L2",-0.274416901525703,7.44018802574313,0.293777110288144,0.594977354233844,0.954540605751745,"Not_Significant"
"FIRRE",0.415714836333802,5.34834055025077,0.292874499377586,0.594989942966898,0.954540605751745,"Not_Significant"
"MAP1LC3B",-0.227803122203844,5.81623509775044,0.293380290165873,0.5950699333743,0.954540605751745,"Not_Significant"
"MARK2",0.223876550191542,6.65151204528402,0.293422502034133,0.595155580028729,0.954540605751745,"Not_Significant"
"PTCD3",-0.208177676586492,6.47471790570113,0.292921497731597,0.595485978118147,0.954540605751745,"Not_Significant"
"TBC1D4",0.257549374703366,7.45259873598715,0.29210754562164,0.596011592163637,0.954540605751745,"Not_Significant"
"MUM1",0.197850478949374,6.93561821395786,0.291945501387905,0.596100826994729,0.954540605751745,"Not_Significant"
"RIOK3",-0.242285479635394,6.2119781215489,0.291819038260932,0.596142011594728,0.954540605751745,"Not_Significant"
"MCCC1",-0.209280952851428,6.86714108014057,0.291463869158546,0.596417602073287,0.954540605751745,"Not_Significant"
"GLG1",-0.16576787268583,7.77039982508865,0.291380999940661,0.596464860413517,0.954540605751745,"Not_Significant"
"NQO2",0.277168194024525,6.0288420976378,0.291059757379785,0.596493009349058,0.954540605751745,"Not_Significant"
"PRDM1",0.651794322763861,4.92515712360798,0.290074012071388,0.596493069327318,0.954540605751745,"Not_Significant"
"IDE",0.330775185602302,5.88667283868358,0.2909316029946,0.596506568333116,0.954540605751745,"Not_Significant"
"METTL17",0.4085665713178,5.27838852432491,0.29027579327034,0.596570878564984,0.954540605751745,"Not_Significant"
"DIP2C",0.25059319270696,8.02068000172639,0.291144343953397,0.596610112558926,0.954540605751745,"Not_Significant"
"POGLUT1",0.313714691480161,5.86911549637984,0.290714633044436,0.59664134545923,0.954540605751745,"Not_Significant"
"MTURN",0.193646393918793,6.75659775493209,0.290929802858911,0.596723247958504,0.954540605751745,"Not_Significant"
"IVNS1ABP",0.254217967425506,6.53606884950549,0.290324551414466,0.597071746252379,0.954540605751745,"Not_Significant"
"Z83844.2",0.385629869811531,6.03585609002752,0.289901753405703,0.597193690517757,0.954540605751745,"Not_Significant"
"IL3RA",-0.237265754109417,6.66546906018413,0.289829097455753,0.597433840717903,0.954540605751745,"Not_Significant"
"RPS27A",0.299313748709078,8.36030067833693,0.289503044107452,0.59763409863239,0.954540605751745,"Not_Significant"
"DIS3L",0.3160767492265,5.67361419417623,0.288882589958109,0.597703367213839,0.954540605751745,"Not_Significant"
"PDE4D",0.286267255365354,9.17749416095386,0.289246223417392,0.597788496290889,0.954540605751745,"Not_Significant"
"SF3B5",0.309925481617512,5.54844211962115,0.288623237748547,0.597803293647875,0.954540605751745,"Not_Significant"
"ATP6V0A2",-0.345439448650268,5.27362318801853,0.288311224675483,0.597995018396703,0.954540605751745,"Not_Significant"
"POLA1",0.256578893314637,6.18352512141331,0.288421958176543,0.598195906942953,0.954540605751745,"Not_Significant"
"ACER3",0.193856166811594,8.0981438028513,0.288565769573114,0.598225419132855,0.954540605751745,"Not_Significant"
"NADSYN1",0.335911889374561,5.68636342112374,0.287814116701082,0.598377959588976,0.954540605751745,"Not_Significant"
"UBA2",-0.210774337327586,6.48706677485053,0.288279124220503,0.598392580199554,0.954540605751745,"Not_Significant"
"MT-ND5",0.338168935722917,7.85018927143342,0.28818671578823,0.598466544648873,0.954540605751745,"Not_Significant"
"EPG5",-0.305572128698864,5.86498908080414,0.287930660137338,0.598509760535863,0.954540605751745,"Not_Significant"
"DDX60L",0.300150909733899,6.4079868803487,0.287931567823277,0.598546481693089,0.954540605751745,"Not_Significant"
"PAK1",-0.193033332174968,7.4343367982575,0.287980539529673,0.598602668569374,0.954540605751745,"Not_Significant"
"EEF2K",0.24941962277303,5.92420424870747,0.287643896552425,0.598607434758791,0.954540605751745,"Not_Significant"
"HLA-DQA1",-0.474127485682353,5.56122950966105,0.28736912181964,0.598772133832725,0.954540605751745,"Not_Significant"
"LYRM4",-0.234814921215721,6.40642121128713,0.287122350987713,0.599115103405151,0.954540605751745,"Not_Significant"
"STARD3NL",0.360466855305063,5.35318955775038,0.286186231875056,0.599206395081065,0.954540605751745,"Not_Significant"
"CNST",0.228069493966337,6.08337448815647,0.286446021508959,0.599419700877269,0.954540605751745,"Not_Significant"
"HIP1",-0.267541208323008,7.85180821769658,0.286370907236789,0.599610942024968,0.954540605751745,"Not_Significant"
"DDX50",-0.269507680390375,5.97136236411773,0.285915751668534,0.599804332022398,0.954540605751745,"Not_Significant"
"AC024230.1",0.412807080749266,5.82707107352655,0.28553110329608,0.599863433336205,0.954540605751745,"Not_Significant"
"AL645568.1",-0.22681371523669,6.3070029005148,0.285866213260555,0.599895982984264,0.954540605751745,"Not_Significant"
"UHRF2",0.246181155882285,6.55971506055747,0.285810922033237,0.599917207054832,0.954540605751745,"Not_Significant"
"TRNT1",-0.274921747880918,5.77098714276636,0.285024383934108,0.600309684583876,0.954540605751745,"Not_Significant"
"GOLIM4",0.273649822283279,5.84298596338053,0.284611985036052,0.600489165659037,0.954540605751745,"Not_Significant"
"ADCY9",0.256437163737187,6.20120481946122,0.284569410614852,0.600633986484302,0.954540605751745,"Not_Significant"
"RPL10A",-0.30903414805895,7.20922338114021,0.284653517811192,0.600708298386722,0.954540605751745,"Not_Significant"
"BAZ2B",0.159235849391608,8.9195309676816,0.284557025079872,0.600748847384915,0.954540605751745,"Not_Significant"
"NUP210",-0.327879696523858,5.49622823879444,0.284033343783296,0.600832717070761,0.954540605751745,"Not_Significant"
"MAPK9",-0.344203991393589,5.85562361758546,0.284205369095346,0.600869325912129,0.954540605751745,"Not_Significant"
"ALMS1",-0.197921533363613,6.43338641984239,0.28428454082738,0.600911197356606,0.954540605751745,"Not_Significant"
"PSMD1",-0.181035170920123,6.98863708334892,0.284086698705868,0.60106552438802,0.954540605751745,"Not_Significant"
"RMDN1",-0.229141665890893,6.24764538796564,0.283873750933264,0.601150477028789,0.954540605751745,"Not_Significant"
"AC005154.6",-0.221582229680814,6.63408853986069,0.283420951827076,0.601477964857385,0.954540605751745,"Not_Significant"
"JUND",0.298206100055596,6.84867555393411,0.283373880136435,0.601488469996704,0.954540605751745,"Not_Significant"
"AC027018.1",0.362665080027683,5.4104737085779,0.282512787454885,0.601579040304695,0.954540605751745,"Not_Significant"
"RPLP0",0.300161613475496,7.47090695396599,0.283244881478654,0.601594206032685,0.954540605751745,"Not_Significant"
"PPP1CA",-0.348781026106687,5.90584466607353,0.28292461824525,0.601697987545563,0.954540605751745,"Not_Significant"
"PRR14L",0.239222230856027,6.49906336878304,0.282800357093735,0.601820787823289,0.954540605751745,"Not_Significant"
"MIR34AHG",-0.296998987495923,6.1146409520995,0.28266772102974,0.601902072164294,0.954540605751745,"Not_Significant"
"PSMD4",-0.271537898603803,6.14023297199197,0.282586309338102,0.601955405875347,0.954540605751745,"Not_Significant"
"RPL6",0.33881009362053,7.39894611532049,0.282666053531647,0.601960953529634,0.954540605751745,"Not_Significant"
"DNAJA3",-0.236078930734164,5.5635096933441,0.282169304969428,0.602034588877639,0.954540605751745,"Not_Significant"
"MAP3K14",-0.248440941910879,6.20868919026434,0.282231212838851,0.602191891845796,0.954540605751745,"Not_Significant"
"SCAMP5",-0.299385224636296,6.36028511473943,0.282181601606955,0.602248170756558,0.954540605751745,"Not_Significant"
"CLIP3",0.442349458690334,5.87781369952984,0.281462912045411,0.602467287664349,0.954540605751745,"Not_Significant"
"NPAS3",-0.227387468497256,9.98683735903109,0.281796987991103,0.602501973064934,0.954540605751745,"Not_Significant"
"PLXNC1",0.315557084789117,5.87097864664051,0.281075654255073,0.602743027412675,0.954540605751745,"Not_Significant"
"PLCL2",0.230755598458481,7.87562835981335,0.281434385287114,0.602748066932431,0.954540605751745,"Not_Significant"
"COX10",-0.290155291006163,5.42306755277268,0.280947849562849,0.60275340748266,0.954540605751745,"Not_Significant"
"RNF187",-0.377059466765223,5.54992809821553,0.28105486088636,0.602764327667914,0.954540605751745,"Not_Significant"
"CBX6",-0.243399028382519,5.64613347292414,0.280877656631122,0.602899009201344,0.954540605751745,"Not_Significant"
"AC026202.2",-0.237555936476001,6.60016833712925,0.280990051749394,0.603026851393102,0.954540605751745,"Not_Significant"
"GTF2B",-0.285554412112252,5.52938553819983,0.28015862432789,0.603313551237738,0.954540605751745,"Not_Significant"
"FOXO3",0.18651798506095,8.18905659566336,0.279892918064691,0.603730915753848,0.954540605751745,"Not_Significant"
"GTF2H1",0.357521546677442,5.45351025020135,0.278941365802153,0.603896763591972,0.954540605751745,"Not_Significant"
"MCU",0.262369286518686,6.12264722883194,0.279415398097662,0.603902901514432,0.954540605751745,"Not_Significant"
"RAPGEFL1",-0.344276510670379,5.39872694144113,0.279114961133883,0.603925731223696,0.954540605751745,"Not_Significant"
"ZNF721",0.203237301146539,7.01995642018782,0.279331040016972,0.604088743249454,0.954540605751745,"Not_Significant"
"ZNF512",-0.233033226109092,5.81258002524919,0.278978980049848,0.604177650215124,0.954540605751745,"Not_Significant"
"CACNB1",-0.554540754676175,4.56816541849069,0.277490655397414,0.604224630889695,0.954540605751745,"Not_Significant"
"MARCH5",0.305338738639552,5.75856827749637,0.278550718446609,0.604320987346515,0.954540605751745,"Not_Significant"
"CMIP",0.177286216457971,8.3584941237878,0.278769581245965,0.604450256553788,0.954540605751745,"Not_Significant"
"KIF5C",-0.257566551525605,6.69491099021522,0.278768044838895,0.604458090902032,0.954540605751745,"Not_Significant"
"NDUFV3",0.269419751359813,6.10349964148698,0.27809268417403,0.604748239681433,0.954540605751745,"Not_Significant"
"CLPTM1",-0.25621665973123,6.12030402058348,0.277999183420477,0.604889792425944,0.954540605751745,"Not_Significant"
"TMEM64",-0.343529376669946,5.48788603554134,0.277466651425651,0.605035917756709,0.954540605751745,"Not_Significant"
"SLC39A9",0.308067560869616,5.64685093125734,0.277353477061786,0.605037878438719,0.954540605751745,"Not_Significant"
"CDK12",0.224924378260057,6.43351663729564,0.27774609960761,0.605050455005855,0.954540605751745,"Not_Significant"
"ATP6V1H",0.199128564101319,7.05509139286042,0.277673731979353,0.605156488778111,0.954540605751745,"Not_Significant"
"ELOVL6",-0.271496521890924,5.89016272749655,0.277337579718868,0.605265270328926,0.954540605751745,"Not_Significant"
"WDR44",-0.20152308291811,6.43030526603988,0.277406917614282,0.60531221606344,0.954540605751745,"Not_Significant"
"OSTM1",0.212634379613005,6.22313485016126,0.277208423066128,0.605358559415204,0.954540605751745,"Not_Significant"
"IFT122",0.374808838241416,5.59523146533392,0.276431386499131,0.605591761309702,0.954540605751745,"Not_Significant"
"INTS11",0.291377125787874,5.76108179426372,0.276576061221029,0.605600144289591,0.954540605751745,"Not_Significant"
"SMIM8",-0.312277293288893,5.32729620285476,0.276103574471176,0.605817993849836,0.954540605751745,"Not_Significant"
"ITFG2",-0.276464398777938,6.23938155944093,0.276249064871936,0.60604111433412,0.954540605751745,"Not_Significant"
"USP22",0.22840906726816,6.54877399666861,0.276198492611152,0.606066814423934,0.954540605751745,"Not_Significant"
"FAM19A5",0.299382842423991,5.75853399040547,0.27581962686896,0.606084510852223,0.954540605751745,"Not_Significant"
"HPF1",0.464054960574969,5.00906796552678,0.274927685165442,0.60620047207918,0.954540605751745,"Not_Significant"
"SH3BGRL3",0.355900969139767,6.08564663581547,0.27576471108054,0.606230946843413,0.954540605751745,"Not_Significant"
"CLYBL",-0.21667957704087,6.55755174538803,0.275791737163936,0.606368325120185,0.954540605751745,"Not_Significant"
"HSDL2",0.310022606600615,5.54903799179762,0.275117489748293,0.606435954478274,0.954540605751745,"Not_Significant"
"UBP1",-0.257907449290668,5.95333201740351,0.275313570451878,0.606589019667284,0.954540605751745,"Not_Significant"
"RCAN1",0.301037540926332,5.51067576300007,0.274845373326676,0.606592659339794,0.954540605751745,"Not_Significant"
"TNR",-0.380161796933738,5.89198459971863,0.275144028112305,0.606696997048431,0.954540605751745,"Not_Significant"
"SLC25A12",-0.276180607411786,6.87885851300765,0.275118736897265,0.606820830213556,0.954540605751745,"Not_Significant"
"XACT",0.433908145489587,7.59324672066459,0.274919314851695,0.606941549372674,0.954540605751745,"Not_Significant"
"GLMN",0.319063926887944,5.78169776809534,0.274278633109026,0.607092086569548,0.954574125902352,"Not_Significant"
"ABCF1",-0.370703022090788,5.23585186969531,0.273593269512252,0.607404241671796,0.954754766956583,"Not_Significant"
"BRINP2",-0.33001245931637,5.58357972836482,0.273400823007188,0.607716213247753,0.954754766956583,"Not_Significant"
"HIST2H2BE",-0.34456862898599,5.85555936700406,0.27349836641824,0.607751835744687,0.954754766956583,"Not_Significant"
"TPST1",-0.219250086122315,6.79683042020149,0.273245140741444,0.608034451897072,0.954754766956583,"Not_Significant"
"GMDS",0.184475484739386,7.42177437203036,0.273241398206508,0.608035626259065,0.954754766956583,"Not_Significant"
"ENGASE",0.343770482559799,5.54170488993555,0.272331934120786,0.6082358013269,0.954754766956583,"Not_Significant"
"GSTCD",0.325517557317204,5.65681079461365,0.272270165830056,0.608341447523503,0.954754766956583,"Not_Significant"
"COMMD4",0.421098017958837,5.09637327891352,0.271684031310233,0.608372896697704,0.954754766956583,"Not_Significant"
"MAP3K13",-0.21425722938896,6.69071387484186,0.272598123936116,0.608451362137784,0.954754766956583,"Not_Significant"
"PIWIL4",-0.293614362596357,5.52288024976208,0.27208598021008,0.608538803696768,0.954754766956583,"Not_Significant"
"AC011468.3",-0.44322579996876,4.99312717854479,0.271300161253737,0.608715373357782,0.954754766956583,"Not_Significant"
"GALNT7",0.262948683073972,6.46354313213643,0.271676099270081,0.608990917101664,0.954754766956583,"Not_Significant"
"ZNF532",-0.236338966355161,6.64034160804955,0.271724529213787,0.609020002939528,0.954754766956583,"Not_Significant"
"DCAF5",-0.164424585105909,7.33962448266739,0.271434688564772,0.609219291890682,0.954754766956583,"Not_Significant"
"GUCY1B1",-0.388815755082054,5.24630632254637,0.270438482878847,0.609474128706388,0.954754766956583,"Not_Significant"
"MTDH",-0.162569329137199,7.66786510128688,0.270884085116053,0.609575395732437,0.954754766956583,"Not_Significant"
"RNF169",-0.234444640395757,6.45576474883983,0.270488620386035,0.609815477008403,0.954754766956583,"Not_Significant"
"PPP1R21",-0.155885816625229,7.78047195361994,0.270230611976629,0.610001872913586,0.954754766956583,"Not_Significant"
"LTA4H",-0.262422281866456,5.86368204293442,0.269922734259055,0.610081848938386,0.954754766956583,"Not_Significant"
"AC109927.1",0.341838713060998,5.39598792554959,0.269237439019331,0.610182296314745,0.954754766956583,"Not_Significant"
"CAMSAP1",0.210620382747539,6.16260946268851,0.269736840700979,0.610209695611196,0.954754766956583,"Not_Significant"
"PIK3CB",-0.207074708807915,6.68910333913855,0.269459561250076,0.610505885184308,0.954754766956583,"Not_Significant"
"COMMD6",0.310635598448882,6.13282762683724,0.269042012001197,0.61064208398472,0.954754766956583,"Not_Significant"
"USPL1",0.461585429949294,5.38251079719277,0.267933045616097,0.611004632420881,0.954754766956583,"Not_Significant"
"BCAT1",-0.322650737577916,6.52272525397731,0.268443317840144,0.611170245157554,0.954754766956583,"Not_Significant"
"RAPGEF5",-0.244350945648561,8.01430972629694,0.267918265032093,0.611518841413946,0.954754766956583,"Not_Significant"
"CALU",-0.253595127446514,5.88509225718267,0.267606923537398,0.611612355323813,0.954754766956583,"Not_Significant"
"ZNF267",0.370735455139592,5.46196714233096,0.266898788538397,0.611759222943679,0.954754766956583,"Not_Significant"
"ATP6V0A1",-0.199836131452762,7.11170930853605,0.267512773084787,0.611797686565054,0.954754766956583,"Not_Significant"
"HNRNPAB",-0.378080853475476,5.03934084081301,0.266576170048106,0.611854212329235,0.954754766956583,"Not_Significant"
"RGS19",-0.306102890955565,6.02381329553896,0.267214110936041,0.61191231341535,0.954754766956583,"Not_Significant"
"PITHD1",0.382565711592542,5.57262354175333,0.266735299026306,0.611922134703508,0.954754766956583,"Not_Significant"
"ACSS1",-0.205527199114343,6.31762715822917,0.267223900512006,0.611946017142405,0.954754766956583,"Not_Significant"
"NT5C2",0.230295651615533,7.49313060917748,0.267148242766803,0.612032085138719,0.954754766956583,"Not_Significant"
"NARS",-0.260349784021749,5.79280387648644,0.266811077823066,0.612110623432143,0.954754766956583,"Not_Significant"
"NUTM2B-AS1",0.237965010463318,7.60190281499206,0.266710131133925,0.61232160366257,0.954754766956583,"Not_Significant"
"PNPLA8",0.338365183964412,6.27588424543945,0.266436884692312,0.612391960827805,0.954754766956583,"Not_Significant"
"PPP4R1",0.238690807408787,6.10215674961514,0.266324789368469,0.612439697458324,0.954754766956583,"Not_Significant"
"TAOK3",0.181396854951633,8.65573311009131,0.266263603884079,0.612606744387584,0.954754766956583,"Not_Significant"
"ABTB1",0.368608831933219,5.31343715541271,0.265110025306773,0.612859237087026,0.954754766956583,"Not_Significant"
"AC007038.1",-0.223558241444051,6.33395071959478,0.265663426774349,0.612982616361552,0.954754766956583,"Not_Significant"
"ZNF518A",-0.174798103632194,7.57622433000638,0.265689213577961,0.612999974607006,0.954754766956583,"Not_Significant"
"EIF5B",0.232602414491099,7.23630783850343,0.265575801213087,0.613070132186705,0.954754766956583,"Not_Significant"
"NCKAP1L",-0.251062724664916,7.30214055769785,0.265445390655998,0.613165607576851,0.954754766956583,"Not_Significant"
"PDE4B",-0.220568797931314,9.98698290020732,0.265395069756851,0.613177065883471,0.954754766956583,"Not_Significant"
"MIDN",-0.30121275476927,5.30434276750118,0.264560034242114,0.613382157653432,0.954754766956583,"Not_Significant"
"MPV17",0.416933389909516,5.18210798721676,0.264100365543602,0.613440653813605,0.954754766956583,"Not_Significant"
"SLF2",-0.209445670748145,6.87769767069972,0.264737027024917,0.613633685700844,0.954754766956583,"Not_Significant"
"SNAPC3",0.252848044883088,6.0159815272148,0.264413394622221,0.613681580166414,0.954754766956583,"Not_Significant"
"SUN1",0.24222003944195,5.91913802692744,0.26414777123189,0.61382828750501,0.954754766956583,"Not_Significant"
"GALNT10",-0.203853200086515,7.30075746430023,0.264427409454077,0.613841394588896,0.954754766956583,"Not_Significant"
"ATP6V1B2",0.234802451413919,7.03822445533392,0.264275709769958,0.613927865580583,0.954754766956583,"Not_Significant"
"TLK2",-0.201622486354543,6.73081798613444,0.263930997913366,0.614164739114986,0.954922106470723,"Not_Significant"
"ICA1",-0.245542365165971,6.00907854563,0.263054829749905,0.614664020517682,0.955497289470563,"Not_Significant"
"DZIP1",-0.42354346969238,4.96308129929204,0.262070187533774,0.614806469154552,0.955509457115638,"Not_Significant"
"TIMM23B",0.264604239319692,7.1106506939798,0.262413408747934,0.615170732688181,0.955509457115638,"Not_Significant"
"UGP2",0.22105653134572,7.15609470519115,0.26222599995746,0.615299435188817,0.955509457115638,"Not_Significant"
"PRPSAP2",0.322557520182033,5.55740332176109,0.261677625296275,0.615302850789079,0.955509457115638,"Not_Significant"
"N4BP2",0.366623247611929,5.14627304794681,0.261105781666956,0.615432905306403,0.955509457115638,"Not_Significant"
"FOXN3",0.184197566458431,10.0427932488638,0.261987046871893,0.615447948687722,0.955509457115638,"Not_Significant"
"SPAST",-0.225395574706618,5.95890709078479,0.261298115998812,0.615824715704208,0.955766750538599,"Not_Significant"
"DNAJC5",-0.182620195939485,6.93515386513604,0.261177941394415,0.616009545366883,0.955766750538599,"Not_Significant"
"DIAPH2",0.180245919146963,9.43059160066256,0.261104193164701,0.616040398386738,0.955766750538599,"Not_Significant"
"RPL34",-0.272144573238108,8.23520109687777,0.260827045921661,0.616232741866329,0.955766750538599,"Not_Significant"
"ZNF81",0.29751542932288,5.76876650696979,0.260174295534839,0.616417199163651,0.955766750538599,"Not_Significant"
"CTNNA2",0.283929198874707,9.50486139742964,0.26050979614174,0.616439179525214,0.955766750538599,"Not_Significant"
"PAM",-0.234823500622527,6.33440843395127,0.260258738148438,0.616591839782994,0.955766750538599,"Not_Significant"
"RPL7",0.212807893231998,7.48867463207292,0.260081192765475,0.616741847486269,0.955766750538599,"Not_Significant"
"P2RX4",-0.208303198928581,6.26420496604414,0.259720510206298,0.616941608549886,0.955766750538599,"Not_Significant"
"RHOBTB1",0.285663376389654,6.59836236531499,0.259656216664332,0.616979611006686,0.955766750538599,"Not_Significant"
"FAM227B",-0.276104410121127,5.7937544527331,0.259356054436742,0.617090632117176,0.955766750538599,"Not_Significant"
"ROR2",-0.521855556221012,5.25596191619463,0.258929192601223,0.617166292144188,0.955766750538599,"Not_Significant"
"ZNF710",-0.175456883416778,8.05799619260718,0.259128356031402,0.617377541123922,0.95589350163119,"Not_Significant"
"FBXO11",0.157334296268909,8.55322487374066,0.258616459261329,0.617718315766684,0.956051749798302,"Not_Significant"
"CFAP44",-0.283660598010528,5.52908485681289,0.258130999828611,0.617814748288529,0.956051749798302,"Not_Significant"
"FAM173A",-0.31792985680947,5.59079514571977,0.258099364571815,0.617868018618802,0.956051749798302,"Not_Significant"
"WSB1",-0.173693722765018,9.02959674308027,0.257862322570722,0.618223459619024,0.956153944217965,"Not_Significant"
"ARNT",0.288537289066554,6.39224230367566,0.257660605344152,0.618296050371077,0.956153944217965,"Not_Significant"
"NCKAP1",-0.245787345471368,6.81564431591046,0.257733525560309,0.618327462483147,0.956153944217965,"Not_Significant"
"ITPKB",0.237559991953797,7.38395833153635,0.257543485073318,0.618451813384789,0.956153944217965,"Not_Significant"
"FBXO7",-0.259509158872546,6.13413282091009,0.256916914385089,0.618819579729228,0.956522334266542,"Not_Significant"
"MTF2",0.231998323463042,6.62794525056262,0.256638619751356,0.619027239575986,0.95664314199745,"Not_Significant"
"RBFOX3",0.419758817705547,6.14642581722189,0.254746008920863,0.620194371982439,0.956807269689966,"Not_Significant"
"AC025682.1",0.324001453490186,5.56071959613776,0.254332726131829,0.620271178125608,0.956807269689966,"Not_Significant"
"KLHL5",-0.175691816123199,7.96147092975388,0.254793288267463,0.620315122663918,0.956807269689966,"Not_Significant"
"APOO",-0.178853494364699,7.68927985352544,0.254722650076953,0.620367478771481,0.956807269689966,"Not_Significant"
"LACTB",0.26584143701166,5.73204606143769,0.254197919518118,0.620458167183955,0.956807269689966,"Not_Significant"
"RNASEH2C",-0.347183006032162,5.64724817354335,0.253997000856096,0.620682385677554,0.956807269689966,"Not_Significant"
"RPL22",0.342435279143595,5.57117246825908,0.25371124876458,0.620697628685609,0.956807269689966,"Not_Significant"
"WDR70",0.159283497105272,8.18835699320501,0.254051804704362,0.620818828714186,0.956807269689966,"Not_Significant"
"PPP1R18",0.450362329990757,5.37275502676034,0.253316115364661,0.620831445479009,0.956807269689966,"Not_Significant"
"AC008050.1",0.494847923153783,6.77541743366061,0.253904186902352,0.620875789956847,0.956807269689966,"Not_Significant"
"ZNF490",-0.269272394276425,6.1277576601151,0.253860387061558,0.620897950009466,0.956807269689966,"Not_Significant"
"SRSF3",0.260461433837058,6.59607863674953,0.253798958683335,0.620953168375588,0.956807269689966,"Not_Significant"
"CPEB1",-0.43463105234941,5.23923377246772,0.253231460590111,0.621013197365399,0.956807269689966,"Not_Significant"
"KCNQ2",0.33424107938017,5.78391433203406,0.253363372056854,0.621033457556801,0.956807269689966,"Not_Significant"
"TOR1AIP1",0.30445575879779,5.51243416290153,0.252971970057888,0.621181144220943,0.956807269689966,"Not_Significant"
"RPS3A",0.376901935263514,5.15328875172791,0.252605970481887,0.621205856969416,0.956807269689966,"Not_Significant"
"AL683813.1",-0.3449671223941,5.38316536066208,0.251306883251193,0.62240440339878,0.958253846159867,"Not_Significant"
"AC020661.3",-0.302087793964413,5.60772214360041,0.251452472721752,0.62240448813795,0.958253846159867,"Not_Significant"
"STARD9",0.306325086378656,5.54699879706937,0.250891011121897,0.622628342587213,0.958360030827174,"Not_Significant"
"CORO1A",0.310543636715544,6.85627875600767,0.251229719985372,0.622732929195944,0.958360030827174,"Not_Significant"
"TOM1",-0.38232964910872,5.74500398003513,0.250772660215684,0.622935651901798,0.958382510808812,"Not_Significant"
"ISCU",-0.350838043236017,5.8511615470534,0.250704000145837,0.623007014607272,0.958382510808812,"Not_Significant"
"BNIP3L",0.209106644038276,7.69422008356372,0.250644372340836,0.623158584275216,0.958416086204668,"Not_Significant"
"USP32",0.17908685810929,8.1829262717783,0.24974528658819,0.623772842381809,0.958851369450961,"Not_Significant"
"HDAC2-AS2",-0.28034292850432,7.54667766704728,0.249533122855771,0.623927048542865,0.958851369450961,"Not_Significant"
"SNX6",0.36964878567879,7.65264975941514,0.249521355288662,0.623931141893667,0.958851369450961,"Not_Significant"
"ABHD6",-0.229930802745122,5.9553002725207,0.248532457072752,0.624518264080703,0.958851369450961,"Not_Significant"
"KDM5B",0.220366825478548,6.36728501160406,0.248558260593591,0.624525591986168,0.958851369450961,"Not_Significant"
"TSPYL2",-0.306663784595748,5.77148872433146,0.248280420262528,0.624652253127361,0.958851369450961,"Not_Significant"
"SNX1",-0.192724622289035,7.07904079572225,0.248429869622846,0.624692683827992,0.958851369450961,"Not_Significant"
"LONRF2",-0.358354217292906,5.73381200870763,0.247964266775975,0.624866496437929,0.958851369450961,"Not_Significant"
"HADHB",-0.197793179953878,6.57257814945795,0.248155450886627,0.624866529657644,0.958851369450961,"Not_Significant"
"COMMD2",0.395758092784268,5.07804298743244,0.247163914439691,0.624914823714944,0.958851369450961,"Not_Significant"
"COPS2",-0.208666192463231,5.75340859543768,0.247824686321514,0.624946861488441,0.958851369450961,"Not_Significant"
"SEPT10",0.298314450989398,5.6574877947735,0.247422661287062,0.625083158815523,0.958851369450961,"Not_Significant"
"NIT1",-0.22101509301902,5.66220178170566,0.247344104609347,0.625249211062943,0.958851369450961,"Not_Significant"
"NARS2",0.208497029955959,6.47192323717687,0.247525576265241,0.625258839399659,0.958851369450961,"Not_Significant"
"SUFU",0.217705441151009,6.36454847009152,0.247017198098395,0.625593851917458,0.959027831367561,"Not_Significant"
"OLFML2B",0.46704706064498,5.21776701125696,0.245970834211087,0.625816205205541,0.959027831367561,"Not_Significant"
"AC108866.1",0.26762631618192,5.93836525431716,0.246296512371085,0.625982200573501,0.959027831367561,"Not_Significant"
"DIS3",-0.30960780087731,5.51127300212543,0.2460693638723,0.626086740305216,0.959027831367561,"Not_Significant"
"SMURF1",-0.196794244744745,7.57885567897218,0.246298153311354,0.626167817924971,0.959027831367561,"Not_Significant"
"THOC1",-0.197405529988376,6.30112309071588,0.24596326828924,0.62636177177855,0.959027831367561,"Not_Significant"
"SLC2A3",-0.304427393308,6.39873997734937,0.2455633893452,0.626659697847905,0.959027831367561,"Not_Significant"
"OTUD5",0.270869091535982,5.73435875801185,0.244954940864609,0.626841234095744,0.959027831367561,"Not_Significant"
"SGCZ",0.267703291222266,7.03469786381148,0.245116605201353,0.626978680118522,0.959027831367561,"Not_Significant"
"COLEC12",-0.458128437562103,5.40570030644178,0.244728022330613,0.626997047259349,0.959027831367561,"Not_Significant"
"PALD1",0.182481118237232,8.2359558695534,0.244991858062434,0.627070202951527,0.959027831367561,"Not_Significant"
"MSH3",0.175150120344007,6.83397853736895,0.244921538421054,0.627109458783017,0.959027831367561,"Not_Significant"
"AC001226.2",-0.251201152151818,5.87182090433975,0.244743160235956,0.627134100061965,0.959027831367561,"Not_Significant"
"WWOX",0.1705464543638,9.86648967218119,0.244805288304352,0.627191478724338,0.959027831367561,"Not_Significant"
"KIF1B",-0.191895595635206,8.28803105027543,0.244564576719524,0.62736646833997,0.959096875336788,"Not_Significant"
"FAM168B",0.236920625763429,6.09177846052715,0.243992845877067,0.6276411081103,0.959318201036786,"Not_Significant"
"PRPF3",-0.290031330267528,5.43825554002578,0.242991660090744,0.628198972467287,0.959972240301169,"Not_Significant"
"MYL12B",0.350913422671408,5.69636076276687,0.242399817208457,0.628597925694194,0.960229515876605,"Not_Significant"
"AC078881.1",0.298388178718237,5.96209311805418,0.242508058737639,0.628633508114806,0.960229515876605,"Not_Significant"
"PCSK7",-0.230167684453003,6.52720119768063,0.242516699833246,0.628797269979335,0.960229515876605,"Not_Significant"
"OGA",0.172752281563554,7.5337366015989,0.242223558903384,0.629015890561034,0.960229515876605,"Not_Significant"
"TSPAN15",-0.273700200719358,5.69852966871547,0.241611648459481,0.629279595192616,0.960229515876605,"Not_Significant"
"BLMH",0.343750604851314,5.44270136570912,0.240934877302491,0.629506144961568,0.960229515876605,"Not_Significant"
"SMC1A",0.304470932493833,5.66315944518054,0.240806815241423,0.629716774090514,0.960229515876605,"Not_Significant"
"INKA1",0.463840386399148,5.02357760784601,0.240067146951684,0.629862339562343,0.960229515876605,"Not_Significant"
"ACBD3",0.22682618034112,5.90583380630533,0.240679877807397,0.629918341597437,0.960229515876605,"Not_Significant"
"GRIN1",0.318156963814517,7.11509909508276,0.240826340398316,0.629989790724875,0.960229515876605,"Not_Significant"
"TTC7B",-0.261409547125258,6.54438814886391,0.240591223231528,0.630156178968974,0.960229515876605,"Not_Significant"
"TMCC1",0.186626335989716,8.03797250787693,0.240423371125371,0.630280228168408,0.960229515876605,"Not_Significant"
"HEXIM1",-0.359741247337801,5.14432183286878,0.239451453624029,0.63052957153866,0.960229515876605,"Not_Significant"
"HGF",0.327050003597307,5.32876154782991,0.239249986078449,0.630635385404007,0.960229515876605,"Not_Significant"
"TRAPPC11",0.270610446104081,5.7362425682832,0.239557905035175,0.630638379408564,0.960229515876605,"Not_Significant"
"ZNF236",0.300563262805855,5.85927006631771,0.239403783679248,0.630788408884799,0.960229515876605,"Not_Significant"
"DEXI",-0.271856736230729,5.90784159650362,0.239509136197709,0.63082763555945,0.960229515876605,"Not_Significant"
"SYTL2",-0.273263590280161,5.78323474911192,0.239073934734274,0.631101794123442,0.960229515876605,"Not_Significant"
"LETMD1",0.342495109888798,5.29486877607509,0.238252410749577,0.631324814282138,0.960229515876605,"Not_Significant"
"RNF180",-0.343399505907056,5.39909993269678,0.237997660966367,0.631719308195418,0.960229515876605,"Not_Significant"
"SLC25A48",0.46712032834929,5.01313824907862,0.237410039012703,0.631741802066754,0.960229515876605,"Not_Significant"
"INKA2",-0.402830296141083,5.25011172065736,0.237823620916704,0.631767519235631,0.960229515876605,"Not_Significant"
"GPR137C",0.203547827567012,6.58346429477627,0.238194516979532,0.631823774817057,0.960229515876605,"Not_Significant"
"CAMK2B",0.297531233223985,6.4029981984803,0.23805219392346,0.631889713636826,0.960229515876605,"Not_Significant"
"PPP6R2",-0.214365183686679,7.52191099441142,0.237912341801227,0.632065975768829,0.960229515876605,"Not_Significant"
"GABRG3",-0.32982186410306,6.30467065317603,0.237642771924698,0.632228688426767,0.960229515876605,"Not_Significant"
"SEC31B",-0.372678848776341,5.00137547660732,0.236690322524818,0.632384343083682,0.960229515876605,"Not_Significant"
"LRCH3",0.177830849956428,7.51281158312067,0.237210923397952,0.63256282101794,0.960229515876605,"Not_Significant"
"ABCE1",0.291214744547534,5.7353667654098,0.236766259024087,0.632618496845234,0.960229515876605,"Not_Significant"
"MFF",0.209228688446808,6.94996761455089,0.237019993806189,0.632687159989048,0.960229515876605,"Not_Significant"
"SLC6A8",0.313434379811561,5.64730945982025,0.236507919843788,0.632760589286202,0.960229515876605,"Not_Significant"
"FANCC",0.220855579161389,6.39038072903987,0.236804391717609,0.632785244132186,0.960229515876605,"Not_Significant"
"PLXNB1",0.398725121208495,5.94254235305258,0.236497756491468,0.632865014520187,0.960229515876605,"Not_Significant"
"SSR1",-0.188498581745941,7.02703608592608,0.236427715508078,0.633125827390426,0.960229515876605,"Not_Significant"
"SLC25A46",0.191731253549423,6.54866636537854,0.236332697427597,0.633146999309113,0.960229515876605,"Not_Significant"
"AMPD3",0.234164915283728,6.72469983491035,0.235608875355946,0.633678376146654,0.960229515876605,"Not_Significant"
"RNF217",0.209371542102257,6.70338270848092,0.235512866254279,0.633747085222656,0.960229515876605,"Not_Significant"
"MMS19",-0.240493871011642,5.74933788627148,0.234977359686793,0.634007954120341,0.960229515876605,"Not_Significant"
"DPP9",0.32037618883057,5.556216527224,0.234506947209513,0.634149212277913,0.960229515876605,"Not_Significant"
"TXNRD1",0.23272010105613,8.04026153513837,0.234788483893649,0.634289647365532,0.960229515876605,"Not_Significant"
"IRF2",0.205527395935894,6.50122043984755,0.234262140023206,0.634622364189337,0.960229515876605,"Not_Significant"
"ITGB2-AS1",-0.216022738774516,5.82520330961448,0.233892882952761,0.634805306753922,0.960229515876605,"Not_Significant"
"P4HB",-0.223084918220213,6.28146180959663,0.233811319512279,0.634958006477624,0.960229515876605,"Not_Significant"
"LSM7",-0.277550176439123,5.70345040134279,0.233485771384849,0.635068418746506,0.960229515876605,"Not_Significant"
"SLC1A2",-0.320388710466776,8.44799545189644,0.233633835380245,0.635112259840451,0.960229515876605,"Not_Significant"
"TNRC6B",0.140917564026063,9.1336538795734,0.233401525352304,0.635276414699377,0.960229515876605,"Not_Significant"
"AFDN",0.230453201791432,6.60795759223229,0.233294837525083,0.635327425594276,0.960229515876605,"Not_Significant"
"TLN2",-0.176109449588514,8.28829244351489,0.233238942992879,0.635398347371881,0.960229515876605,"Not_Significant"
"COX7A2L",-0.242851988023211,5.89341098985915,0.233051098263376,0.635434049631988,0.960229515876605,"Not_Significant"
"UTY",-0.157736671985296,8.16412793109379,0.232844907803076,0.635683586162427,0.960229515876605,"Not_Significant"
"ANKRD44",0.193732981653008,9.81710687849914,0.232823837476717,0.635690716324726,0.960229515876605,"Not_Significant"
"KIAA2013",0.33968421823897,5.29280510833111,0.232103393319393,0.635734833911672,0.960229515876605,"Not_Significant"
"BCAS2",-0.262738102146448,5.6367827413852,0.232479933135878,0.63576724046348,0.960229515876605,"Not_Significant"
"FAM169A",0.317116027155671,5.37721761265411,0.231801174382593,0.63600493152548,0.960229515876605,"Not_Significant"
"PRKCSH",-0.22947991482233,6.06351523328365,0.232200758121681,0.636084475927244,0.960229515876605,"Not_Significant"
"RPS4Y1",0.234682017561942,6.09565709782277,0.232112802605121,0.636091078178253,0.960229515876605,"Not_Significant"
"EPC2",0.195416070236675,6.60804232807775,0.232237766104045,0.636092704760354,0.960229515876605,"Not_Significant"
"ZNF577",-0.268164572623058,5.54179217301686,0.231883968148654,0.636158641786407,0.960229515876605,"Not_Significant"
"CORO1B",-0.429355929539331,5.04112524657563,0.231376688059929,0.636244473789626,0.960229515876605,"Not_Significant"
"PTPRR",-0.320292607210208,5.59052382567933,0.23154312771199,0.636435097324711,0.960229515876605,"Not_Significant"
"CCNH",0.159057414071634,9.30206890485287,0.23130922094085,0.636785454153451,0.960229515876605,"Not_Significant"
"RPF1",0.273878175548227,5.49054709830206,0.230152868137699,0.637271921353734,0.960229515876605,"Not_Significant"
"ANKMY1",0.20996501967439,6.35575689646577,0.230421159527873,0.637372510414806,0.960229515876605,"Not_Significant"
"EML3",0.464567186026405,4.90244931980558,0.229506979998077,0.637388360571448,0.960229515876605,"Not_Significant"
"FAM96B",-0.248986325189296,5.85891290242384,0.230258672612853,0.637443960692198,0.960229515876605,"Not_Significant"
"AC012368.1",-0.229265817207611,6.82194011279834,0.230082762641935,0.637690102998221,0.960229515876605,"Not_Significant"
"ZNF609",-0.171996962062854,8.8439867969597,0.229821565161936,0.637865243087425,0.960229515876605,"Not_Significant"
"G3BP2",-0.276911393815039,6.29376309538575,0.229628102544812,0.63798723791758,0.960229515876605,"Not_Significant"
"OFD1",0.195087949934028,6.8013010966994,0.229625422825234,0.638001457935522,0.960229515876605,"Not_Significant"
"EDIL3",-0.224010477001177,9.33264124038587,0.228980299283997,0.638475297878571,0.960229515876605,"Not_Significant"
"SUMO3",-0.276026261248125,5.53585074314969,0.228488350292648,0.63862364677585,0.960229515876605,"Not_Significant"
"DENND4B",0.201431067190567,6.43787773321099,0.228637526637794,0.638682843889496,0.960229515876605,"Not_Significant"
"AMZ2",0.312694380659731,5.4812959262253,0.228172672158447,0.638698653995756,0.960229515876605,"Not_Significant"
"TEFM",0.200444048120126,5.98432912408832,0.228470643930915,0.638709589423764,0.960229515876605,"Not_Significant"
"NDUFS1",-0.182514880752471,6.66621428178907,0.228645132034824,0.638727905806816,0.960229515876605,"Not_Significant"
"ERP29",-0.255428022311159,5.8840974956055,0.228385432849901,0.638815536935247,0.960229515876605,"Not_Significant"
"TNPO1",0.198121703474665,7.15799262556117,0.228459498820911,0.638865172227833,0.960229515876605,"Not_Significant"
"ZBTB20",0.173704676483598,10.3353900472773,0.228309976275042,0.638962692886656,0.960229515876605,"Not_Significant"
"C4orf48",-0.278536299424809,6.30984649295247,0.228159190682685,0.639059153639273,0.960229515876605,"Not_Significant"
"CCNL2",-0.214163915721784,6.25997558071779,0.228118439766426,0.639078223944778,0.960229515876605,"Not_Significant"
"HS3ST5",-0.263435690668899,6.79734982807214,0.22813824761267,0.639105676483289,0.960229515876605,"Not_Significant"
"MPC1",-0.206301861831371,6.12196215455732,0.227894718226,0.639219113838749,0.960229515876605,"Not_Significant"
"ARF1",0.206196547423386,6.58858873481073,0.227515330673826,0.639520425155593,0.960229515876605,"Not_Significant"
"HS6ST3",0.390498954138524,7.57072290907978,0.22719848359497,0.639787196116879,0.960229515876605,"Not_Significant"
"DNAJC17",0.30548454168842,5.51460134614189,0.226698355583434,0.639797869126932,0.960229515876605,"Not_Significant"
"CDIP1",0.281473347085267,6.11463470832914,0.226779292443428,0.639967174150746,0.960229515876605,"Not_Significant"
"ASIC2",-0.364509624243832,6.75117973596335,0.226950905218631,0.639975104862152,0.960229515876605,"Not_Significant"
"HNRNPK",-0.174146234070029,7.05323251256669,0.226642768129402,0.64020123153395,0.960229515876605,"Not_Significant"
"SLC6A1-AS1",-0.466837594120507,6.71611254858718,0.226531224099883,0.640284665700962,0.960229515876605,"Not_Significant"
"MTMR14",-0.293840558263034,5.61014918381876,0.22584372495028,0.640593813865108,0.960229515876605,"Not_Significant"
"SH3D19",-0.236881518644417,8.10981169487543,0.226079016780359,0.640603827204622,0.960229515876605,"Not_Significant"
"UBE2K",-0.156143193282242,7.79246521343142,0.225975225809762,0.640684703181689,0.960229515876605,"Not_Significant"
"RC3H1",0.221709516831659,7.23840136481953,0.225822344761087,0.640795708557857,0.960229515876605,"Not_Significant"
"TCF7L2",0.226661441379089,6.95183763394909,0.225701777132502,0.640875112692105,0.960229515876605,"Not_Significant"
"CLEC16A",-0.161929757149332,7.21530178831249,0.225664686010915,0.640918984587896,0.960229515876605,"Not_Significant"
"YARS2",0.279413622449286,5.64515113192456,0.225217712914312,0.640954991350297,0.960229515876605,"Not_Significant"
"SNAP91",0.282225550487831,6.88010762711057,0.225545630151189,0.640982203325354,0.960229515876605,"Not_Significant"
"ZRANB2",0.166078636751015,7.41105893992017,0.225403759303065,0.641106264018332,0.960229515876605,"Not_Significant"
"MPP6",0.278835228380431,5.52582567253849,0.224306293055009,0.641571866701385,0.960364732958916,"Not_Significant"
"LMF2",-0.308772657941185,5.31889350613357,0.224011895979882,0.641805081271851,0.960364732958916,"Not_Significant"
"CDC37L1",0.287775481185811,5.40144757188748,0.223820753225023,0.641864476668702,0.960364732958916,"Not_Significant"
"EMC3",-0.226953495296878,5.81699839320396,0.22415383940942,0.641897870722515,0.960364732958916,"Not_Significant"
"PRRC2A",-0.291595304286714,5.71197727360398,0.224104450850964,0.641912131372682,0.960364732958916,"Not_Significant"
"ZMYND8",-0.169764112887288,7.65972921751313,0.224221946463622,0.641976587430774,0.960364732958916,"Not_Significant"
"GNG7",-0.199693329935447,8.14472326184544,0.223618209106001,0.642415507729899,0.960641153813801,"Not_Significant"
"MIA2",0.188359992615957,6.87812055094018,0.223416230862223,0.642557717078295,0.960641153813801,"Not_Significant"
"INTS2",0.417265283139453,4.98996517964332,0.222383762784552,0.64267746203307,0.960641153813801,"Not_Significant"
"CSDE1",-0.173931817140146,7.03917644975711,0.223272989612585,0.642681546249872,0.960641153813801,"Not_Significant"
"PADI2",-0.172448082705821,7.91276548228058,0.222937594087565,0.642921978399633,0.960675312822832,"Not_Significant"
"PTPN6",-0.393790701298254,5.12684802439228,0.222251017179111,0.643000017563788,0.960675312822832,"Not_Significant"
"UBL3",0.155032909495935,7.646033514298,0.2227087149727,0.643094547435888,0.960675312822832,"Not_Significant"
"NIPAL3",0.260005869482189,6.2439544298915,0.221975220303701,0.643543031667291,0.960988485285122,"Not_Significant"
"KPNA3",-0.16411373563619,7.16383778603078,0.222081607758382,0.643564374807838,0.960988485285122,"Not_Significant"
"TPK1",0.221179746198997,7.8630909827559,0.221647592272833,0.643879813159562,0.961078307833833,"Not_Significant"
"RAD54L2",-0.310908236312867,5.29509335576751,0.221157573497222,0.643913837552904,0.961078307833833,"Not_Significant"
"RNF10",-0.18869536598189,6.16012028770374,0.221393528299456,0.644014840094419,0.961078307833833,"Not_Significant"
"FAM189A2",-0.505554919002453,5.12427659645452,0.220496523860831,0.644332421193963,0.96125195777861,"Not_Significant"
"SMIM29",-0.206291565261013,5.90402399814452,0.220337495139751,0.644750131614153,0.96125195777861,"Not_Significant"
"TMEM9B",-0.254960802608664,5.78510956447665,0.219961366725817,0.64500414388562,0.96125195777861,"Not_Significant"
"FMR1",-0.263912367397599,5.71337432191768,0.219898721014214,0.645030218694592,0.96125195777861,"Not_Significant"
"SEC22A",0.22305283630642,6.75011419752798,0.219760361241643,0.645263339074414,0.96125195777861,"Not_Significant"
"CETN3",0.265720803833923,5.484455228357,0.219273842691152,0.645294753130583,0.96125195777861,"Not_Significant"
"ATF6",0.194168968122529,8.00966093928067,0.219709602249673,0.645321836211902,0.96125195777861,"Not_Significant"
"ENPP4",0.370314749765238,5.52367786055834,0.219110371729789,0.645409359905953,0.96125195777861,"Not_Significant"
"DYRK1A",0.145178678697041,7.71934586018898,0.219568148929688,0.645430367978747,0.96125195777861,"Not_Significant"
"AC118549.1",-0.160432022324136,7.6270302883331,0.219567176158783,0.645432477403805,0.96125195777861,"Not_Significant"
"ARHGEF4",-0.323607970473563,6.43272752103367,0.219307773592956,0.645612324799183,0.961276051421816,"Not_Significant"
"XPO4",-0.240529056754221,6.70668595376071,0.219194584771112,0.645708916631251,0.961276051421816,"Not_Significant"
"ARGLU1",0.169395632873836,8.17272628577383,0.218823401904063,0.645982723660323,0.961416146293236,"Not_Significant"
"PTPA",-0.290091062269311,5.6166255443445,0.21847898116311,0.646063320725548,0.961416146293236,"Not_Significant"
"TRAF3IP3",0.26218740960598,6.54849257871857,0.218010982080638,0.646550395306527,0.961667260998355,"Not_Significant"
"ALOX12-AS1",0.280635093475446,6.29855683091084,0.217955780006814,0.646550777381319,0.961667260998355,"Not_Significant"
"PHACTR2",0.174647431014588,7.07081240860882,0.217950459762364,0.646637448052574,0.961667260998355,"Not_Significant"
"CSMD2",-0.262097819273497,5.99733711321917,0.217567407005079,0.646851638729616,0.961667260998355,"Not_Significant"
"NAP1L4",0.201932023596888,6.71536261214918,0.217596870337451,0.646882986313906,0.961667260998355,"Not_Significant"
"SAE1",-0.28811052882691,5.41493207586634,0.216962676946497,0.647115678327619,0.961819620886543,"Not_Significant"
"CIAO1",-0.277217366810735,5.35097061875047,0.216502491044417,0.647425196039144,0.9619127605739,"Not_Significant"
"AC005921.2",-0.419390246260798,5.07204495716252,0.216251885787957,0.647464438285974,0.9619127605739,"Not_Significant"
"RNF170",0.216501440547918,5.99803125606062,0.216524382295819,0.647568993953432,0.9619127605739,"Not_Significant"
"IMPAD1",-0.331072799623964,5.16352637097892,0.215983152857344,0.647714211271555,0.96193503792983,"Not_Significant"
"TPM1",-0.240151688121374,5.56009301204335,0.216030175366505,0.647875366953679,0.961955348733513,"Not_Significant"
"ARHGAP30",0.265961168640307,5.82619378996786,0.215884622302421,0.647988332922426,0.961955348733513,"Not_Significant"
"NIFK-AS1",-0.269676577769051,5.87368096048717,0.215113688570755,0.648675611348995,0.962590873663274,"Not_Significant"
"FRMPD4",0.280423324239324,7.56314802417295,0.215248722129031,0.648677050100958,0.962590873663274,"Not_Significant"
"NOS1AP",-0.247358023575767,5.71742013036766,0.213741457884929,0.649667543046313,0.963282201571005,"Not_Significant"
"ADAM17",-0.151814858067243,6.95351646022081,0.21391540937324,0.649691131696421,0.963282201571005,"Not_Significant"
"ARL3",0.275420913514987,5.84172129328012,0.21347220206784,0.649820588634464,0.963282201571005,"Not_Significant"
"PAXX",0.233929419097399,6.30875308729788,0.213361599710944,0.650031496624152,0.963282201571005,"Not_Significant"
"ARHGAP26",-0.16612426279605,10.0864739019614,0.213401714115769,0.650064179275351,0.963282201571005,"Not_Significant"
"EFHD1",-0.228179432371926,6.63278015678596,0.213344615197437,0.650117159924072,0.963282201571005,"Not_Significant"
"PIK3R5",-0.215333837194501,7.99260243891139,0.213152994315295,0.650263359633675,0.963282201571005,"Not_Significant"
"DENND3",0.180328299467233,8.01963736651686,0.212804897289868,0.65052930005196,0.963282201571005,"Not_Significant"
"GPALPP1",-0.203813341753901,6.12333149980843,0.212670993897778,0.650575510758015,0.963282201571005,"Not_Significant"
"BMPR1B",-0.419945161439146,5.8705802895425,0.21254130856061,0.65064935767578,0.963282201571005,"Not_Significant"
"PSMF1",-0.260694775011139,5.91616199069149,0.212521913004013,0.650652858616617,0.963282201571005,"Not_Significant"
"TMEM170B",-0.237674491089916,5.65028726791008,0.212208553772028,0.650811209993414,0.963282201571005,"Not_Significant"
"HMGB2",-0.427209043980078,5.07391342691575,0.211647905183356,0.650962027867231,0.963282201571005,"Not_Significant"
"CYFIP1",-0.208294238674108,8.58758490651257,0.212219705047205,0.650968559664608,0.963282201571005,"Not_Significant"
"AC087500.1",0.294824117143831,5.76671130109864,0.211633439565809,0.651193167985786,0.963421576589425,"Not_Significant"
"GSTP1",0.218975112456531,6.64262733365385,0.211467066879851,0.651522099294859,0.963468678371013,"Not_Significant"
"NPAS2",-0.364971966151999,5.55868656397076,0.21092852569707,0.651775432708444,0.963468678371013,"Not_Significant"
"ELMOD2",0.310828424234433,5.20865789949489,0.210199012290378,0.652018489664536,0.963468678371013,"Not_Significant"
"SELENOP",0.221240778867836,8.25510169674935,0.210826764290767,0.65203784875236,0.963468678371013,"Not_Significant"
"TRMT112",-0.231374191908914,6.07920761049742,0.210742629901222,0.65204400385932,0.963468678371013,"Not_Significant"
"AGBL5",-0.292548607493442,5.69258171303383,0.210425526676708,0.652198558713782,0.963468678371013,"Not_Significant"
"DNTTIP1",0.363669281503391,5.45736492429066,0.210012797945672,0.652284832459755,0.963468678371013,"Not_Significant"
"REPS1",-0.170077376498877,6.95027333563319,0.210152950609421,0.652563574853956,0.963468678371013,"Not_Significant"
"AL365273.2",-0.202737397210247,6.96551978069605,0.209515939463257,0.653053943687181,0.963468678371013,"Not_Significant"
"BAIAP2",-0.2024936487384,6.1583108919245,0.209279794832109,0.653178061439514,0.963468678371013,"Not_Significant"
"SLC7A1",-0.347936241562459,5.25164789265232,0.208797945115489,0.653262757510209,0.963468678371013,"Not_Significant"
"CAMTA1",0.173992120289021,7.97604154764346,0.20922127380962,0.65327339647061,0.963468678371013,"Not_Significant"
"C9orf16",-0.230548212542424,6.11630961706551,0.209095221107883,0.653315396503955,0.963468678371013,"Not_Significant"
"FAM135B",0.375956295761663,5.92577978436319,0.208889797448976,0.653336787262217,0.963468678371013,"Not_Significant"
"SENP5",0.168060168437276,6.78400062406766,0.2088399468472,0.653552694300814,0.963468678371013,"Not_Significant"
"STOX2",-0.255574411266714,6.45342974454642,0.208667778664886,0.653687408898172,0.963468678371013,"Not_Significant"
"RTRAF",-0.279587242521168,5.33621247038974,0.208246088700129,0.6537210243296,0.963468678371013,"Not_Significant"
"PPM1D",-0.199587146316709,5.92615829391104,0.208349927425281,0.653849152859435,0.963468678371013,"Not_Significant"
"AC024145.1",-0.409369539914868,5.25734474436694,0.207356576146444,0.654389263598554,0.963468678371013,"Not_Significant"
"AC012404.1",-0.35531719554735,5.47582819578264,0.207264042923949,0.654564044793209,0.963468678371013,"Not_Significant"
"RPL36AL",-0.223258933378446,6.72335096845832,0.207277003384644,0.654775543477337,0.963468678371013,"Not_Significant"
"SETD5",0.156304523660052,8.23305229635428,0.20711409126307,0.654897208859436,0.963468678371013,"Not_Significant"
"ELAVL1",0.215810490086477,5.79566208081442,0.206639144311088,0.655066858653255,0.963468678371013,"Not_Significant"
"ZRSR2",0.326859160741517,5.63652441305201,0.206480627760364,0.655103158494559,0.963468678371013,"Not_Significant"
"LGALS9",0.277536950576328,6.03359240413307,0.206499932708802,0.655237371678412,0.963468678371013,"Not_Significant"
"TTC13",-0.177371337495838,6.41692713258056,0.206333512029482,0.655485192914859,0.963468678371013,"Not_Significant"
"ATXN10",0.157576022437997,7.95931097444213,0.206337400755027,0.655502291859407,0.963468678371013,"Not_Significant"
"PRMT1",-0.325340195317062,5.50412492966664,0.20604662030893,0.655512589184195,0.963468678371013,"Not_Significant"
"VPS26A",-0.209818364888099,6.00922467881676,0.206052371827596,0.655648239929012,0.963468678371013,"Not_Significant"
"SYT16",0.340907809424477,5.8016238768868,0.205702278415671,0.655771692531277,0.963468678371013,"Not_Significant"
"HLA-DRA",-0.28025614285241,8.84009061007874,0.205921690136846,0.6558162566118,0.963468678371013,"Not_Significant"
"MBNL2",-0.146340556357154,8.68049579245198,0.205872423420954,0.655855626164122,0.963468678371013,"Not_Significant"
"FAM192A",0.269991301748271,5.82996762231254,0.205439868424155,0.655999514587228,0.963468678371013,"Not_Significant"
"PDK3",0.233412689275504,6.35305227040096,0.205333400774344,0.65621689120938,0.963468678371013,"Not_Significant"
"CCDC125",0.267807454947903,5.59157183988665,0.205038939006419,0.656219676281743,0.963468678371013,"Not_Significant"
"ADIPOR2",0.202620798255341,7.66407862075532,0.205341088022446,0.656279074443142,0.963468678371013,"Not_Significant"
"CUL4B",0.347768643712036,5.13346763833211,0.20461003063678,0.656303973557709,0.963468678371013,"Not_Significant"
"TBC1D19",-0.211773893209765,6.14433509335536,0.205193756940516,0.656340276886428,0.963468678371013,"Not_Significant"
"PARN",-0.163631651935158,7.04141117385857,0.205140487691198,0.656439772056705,0.963468678371013,"Not_Significant"
"ITGB3BP",-0.234895268789168,6.03697595751171,0.2048823683084,0.656566543370311,0.963468678371013,"Not_Significant"
"AC007563.2",0.403209571952151,5.48843649156755,0.204255233713932,0.656753766562337,0.963468678371013,"Not_Significant"
"FAM149B1",-0.270999145567996,5.44314166848274,0.204346312689283,0.656804171315719,0.963468678371013,"Not_Significant"
"RPL38",-0.2786408976623,7.47604188452902,0.204633981256472,0.656833391671371,0.963468678371013,"Not_Significant"
"HNRNPR",0.189986101503991,6.40403053840884,0.204168649925663,0.657137620489578,0.963723566122,"Not_Significant"
"ATP8B4",-0.201136563766085,9.06921676084322,0.203821795781105,0.65745234930674,0.963993748378104,"Not_Significant"
"CACUL1",0.169161524339504,6.91461468742967,0.202810418519816,0.658246624244011,0.96482462995326,"Not_Significant"
"ARFGAP2",-0.278709947139735,5.42198657022931,0.202330704369484,0.658376048387008,0.96482462995326,"Not_Significant"
"MYO1E",0.170087169106402,8.02947182547759,0.202609580585427,0.658410851440962,0.96482462995326,"Not_Significant"
"LMAN1",-0.261898459157721,5.54462038627133,0.202037821511843,0.658656340360707,0.964929225190158,"Not_Significant"
"MAVS",0.239043508489137,5.82094912626768,0.201941298929463,0.658743479441447,0.964929225190158,"Not_Significant"
"RPS8",0.266971933372232,8.33112469180193,0.201697194813855,0.659125063333657,0.965114498808668,"Not_Significant"
"NPTX2",0.786800129614735,4.38027958715534,0.200710961654756,0.65913126390818,0.965114498808668,"Not_Significant"
"MICAL3",-0.179433969687973,7.23053250344235,0.201386549717788,0.659380532645078,0.965288147968528,"Not_Significant"
"KIF5B",0.18639589509846,7.00132606401902,0.200953348945702,0.659710027103694,0.965520746433285,"Not_Significant"
"MGA",0.195143532941521,6.85081362127297,0.200735006764771,0.659874929567395,0.965520746433285,"Not_Significant"
"PLEKHA1",0.170441900805162,7.1033518741715,0.200677112279856,0.659931534958935,0.965520746433285,"Not_Significant"
"C16orf87",0.23293789673751,5.46026936968787,0.199711338296372,0.660356744034316,0.965760363383194,"Not_Significant"
"FAM19A2",0.212372818770736,7.52039395552009,0.199599143534201,0.660787336107292,0.965760363383194,"Not_Significant"
"TOX4",-0.298932017427375,5.75383018616564,0.19934264010666,0.66086132309448,0.965760363383194,"Not_Significant"
"VPS13B",0.139988370521912,8.43579470806907,0.199437395406618,0.660907954728908,0.965760363383194,"Not_Significant"
"SSBP1",-0.252618679425627,5.79806743216959,0.199256118567821,0.66093712493996,0.965760363383194,"Not_Significant"
"SRRM2",0.133725345752534,7.74519676118984,0.199313760987195,0.661012842900985,0.965760363383194,"Not_Significant"
"ZNF318",-0.296972065552318,5.43130982707678,0.19897189365849,0.6610361885846,0.965760363383194,"Not_Significant"
"TMEM248",0.179369880526315,6.2148159224977,0.199046314064378,0.661141215328119,0.965760363383194,"Not_Significant"
"PPM1A",-0.20756123038036,6.23729615895641,0.198842901219981,0.661347290908786,0.965761847805323,"Not_Significant"
"DPP10",-0.217424721200854,9.88005123574633,0.198804574981257,0.661403707600802,0.965761847805323,"Not_Significant"
"RNF19A",0.184870687192863,7.03937386344454,0.198004657840307,0.662047263853758,0.966373533180139,"Not_Significant"
"CMPK1",-0.244693069266185,5.55851727771409,0.197706186139796,0.662088201570029,0.966373533180139,"Not_Significant"
"ECHDC2",-0.173371345451884,6.68231624819341,0.197795181732448,0.662215083925526,0.966373533180139,"Not_Significant"
"NRDE2",-0.24052525325148,5.80733119100472,0.197338953431218,0.662462891061879,0.966440486310257,"Not_Significant"
"SLC8A1-AS1",0.207399706519922,6.90460854745551,0.197399691218137,0.662522623889961,0.966440486310257,"Not_Significant"
"SPEN",0.169915683003152,7.02556873967926,0.196847279821587,0.662970090679281,0.966541530479597,"Not_Significant"
"CLCN5",-0.251357565584942,5.63695615843135,0.196488478040659,0.663090543573122,0.966541530479597,"Not_Significant"
"AC090579.1",0.246889942734616,7.26512536217839,0.196483653924989,0.663263602907122,0.966541530479597,"Not_Significant"
"TROVE2",0.206682554700977,6.43914422642822,0.196047423197917,0.663563816919592,0.966541530479597,"Not_Significant"
"GANC",0.177137181098745,6.91311753993559,0.196030895871154,0.663618226751102,0.966541530479597,"Not_Significant"
"PLAG1",0.209719266192632,6.37773975247958,0.195896933435389,0.663675520194314,0.966541530479597,"Not_Significant"
"SRCIN1",0.311596323206677,6.59056709048587,0.195757284668183,0.663803604752482,0.966541530479597,"Not_Significant"
"PPIA",-0.183069527351895,7.68725211748384,0.195797249716502,0.663815651192128,0.966541530479597,"Not_Significant"
"TSHZ1",0.363004649692304,5.30979548172748,0.195244076443758,0.66381861434859,0.966541530479597,"Not_Significant"
"ATXN1",0.140752641013081,9.12865932151208,0.195660773563676,0.663913173944846,0.966541530479597,"Not_Significant"
"FAM111A",0.29561834520645,5.40727925032286,0.195059443682725,0.664031171948552,0.966541530479597,"Not_Significant"
"GNB1",-0.171498819679913,7.82386228280308,0.195006029328284,0.664448432881227,0.966958347851383,"Not_Significant"
"CPNE3",0.287976216176323,5.40140955166692,0.194221769294065,0.664704472705822,0.967038916110907,"Not_Significant"
"DGKG",0.263538383438126,7.06698441234084,0.194603295677951,0.66476561743755,0.967038916110907,"Not_Significant"
"ATPAF1",-0.238473147381584,5.64580921761311,0.193966000545422,0.665117543476924,0.967224248095824,"Not_Significant"
"CCDC57",-0.224424700970299,5.81891330650704,0.193786417874607,0.665313331032503,0.967224248095824,"Not_Significant"
"PDXDC1",-0.126675401723952,8.25754541675038,0.19368295523032,0.665508136880478,0.967224248095824,"Not_Significant"
"SPCS2",-0.189182861590027,6.61837961937746,0.193589409934027,0.665583239637923,0.967224248095824,"Not_Significant"
"BABAM2",0.145477328733241,8.18339755537077,0.19335062015945,0.665778002670759,0.967224248095824,"Not_Significant"
"ZNF483",0.239393605702074,6.41581054615453,0.193282578612054,0.665780590764573,0.967224248095824,"Not_Significant"
"LDLRAD4",-0.147036420016824,10.0528554518618,0.193300965509598,0.665809571079906,0.967224248095824,"Not_Significant"
"QTRT1",-0.240440264669661,6.18741233381507,0.193004685548115,0.666018755875399,0.967337898083282,"Not_Significant"
"TTC39C",-0.196381992265277,5.98065105680895,0.192754589025127,0.666181355767952,0.967361536169355,"Not_Significant"
"VEZT",-0.166256324984663,6.76492728172321,0.192653453776793,0.666344732906743,0.967361536169355,"Not_Significant"
"LY86",0.182752075012021,8.65066026980232,0.192293663665825,0.666628686924821,0.967361536169355,"Not_Significant"
"SLC6A11",0.436097366696237,4.98884508942794,0.191526420128805,0.666650574609342,0.967361536169355,"Not_Significant"
"LDB2",0.311835803947295,7.43533241830223,0.192226870848806,0.666689803795612,0.967361536169355,"Not_Significant"
"PLD4",-0.28811538700548,5.52933506991364,0.191810217818132,0.666824877307532,0.96736751152214,"Not_Significant"
"MOB3A",0.209281804741985,5.78934105960974,0.191415604607422,0.667153842549816,0.967595882603061,"Not_Significant"
"SNAP25-AS1",-0.330920771119077,6.20155464044722,0.191211396599753,0.667480985315686,0.967595882603061,"Not_Significant"
"ERGIC1",-0.177923808085543,6.62570236423633,0.191104928178185,0.6675950611596,0.967595882603061,"Not_Significant"
"TRMT10B",-0.203394114151046,6.39798896504569,0.191072762366842,0.667606263534738,0.967595882603061,"Not_Significant"
"COQ8A",0.316204798545587,5.67120048176959,0.190743370990285,0.667637229406769,0.967595882603061,"Not_Significant"
"RBM47",0.160016201505461,8.68386528164142,0.190851194041597,0.667799279791783,0.967640894433484,"Not_Significant"
"FAM126B",0.177807395948986,6.71359983751228,0.19027644309904,0.668255004240537,0.967945823619144,"Not_Significant"
"AL450384.2",-0.257890707263315,5.36516047226168,0.189937673211871,0.668271788338654,0.967945823619144,"Not_Significant"
"TRPM7",0.157893337795849,7.25211786539308,0.189568581545174,0.668853492705953,0.968060396027227,"Not_Significant"
"PUS7",0.264147341110729,5.93821576950537,0.189365727419964,0.668860296531848,0.968060396027227,"Not_Significant"
"TLN1",0.272056286762958,5.74750401592429,0.189283826076312,0.668866282783858,0.968060396027227,"Not_Significant"
"NDUFC1",-0.228280929153762,5.37190054146214,0.189148516368523,0.668915835791388,0.968060396027227,"Not_Significant"
"TANC1",-0.200071946943775,7.45245207424989,0.189386250342376,0.669006135334912,0.968060396027227,"Not_Significant"
"FBXL20",0.168939507205945,7.32094998148038,0.188974401205458,0.669339729442526,0.968353423696031,"Not_Significant"
"EML1",-0.209453089783414,6.15367334760027,0.188311949775877,0.66983231732297,0.96861971566424,"Not_Significant"
"DHTKD1",0.234419239522943,5.91339231515983,0.187976835675641,0.669997441652485,0.96861971566424,"Not_Significant"
"CCDC102B",0.209877956805128,5.99942892344413,0.187883826274758,0.670100824380564,0.96861971566424,"Not_Significant"
"FRMD4A",-0.186984835376211,11.3330874323539,0.187993420686073,0.670130198079331,0.96861971566424,"Not_Significant"
"ELF2",0.152186336669532,8.24251591904189,0.18782592417459,0.67027598372853,0.96861971566424,"Not_Significant"
"EPB41",0.181973823720435,7.72712550080836,0.187789845621637,0.67031054372216,0.96861971566424,"Not_Significant"
"PPFIBP2",-0.249283224561297,5.55480278424917,0.18729163340724,0.670523814581507,0.968738395915039,"Not_Significant"
"C11orf65",-0.235781294952121,5.46840020919654,0.187016159671322,0.670714011665417,0.968823700463909,"Not_Significant"
"WDR33",0.187966895623832,6.81154653793296,0.187067033189167,0.670889996545069,0.968888446623347,"Not_Significant"
"SORCS2",-0.253654503657221,6.04206724536112,0.186621894614752,0.671207867685714,0.969032749154162,"Not_Significant"
"CSTB",0.246576720010871,6.29919530270055,0.186555439895462,0.671252277977778,0.969032749154162,"Not_Significant"
"GFAP",0.239377616132367,7.04399726685456,0.186442117701363,0.671412972448563,0.969075347299244,"Not_Significant"
"MAP4K3",0.148666174444849,7.71593188252574,0.186290444903049,0.671545383625516,0.969077114444557,"Not_Significant"
"RALGDS",0.265111869334106,6.22551839684818,0.184914113946988,0.672593449240241,0.96970174214494,"Not_Significant"
"ZNF25",0.314888980527277,5.27495981858517,0.184188724898312,0.672852460471378,0.96970174214494,"Not_Significant"
"AC011092.2",0.280827334157818,6.03408091520495,0.184258915524183,0.673094220512729,0.96970174214494,"Not_Significant"
"C12orf75",-0.217237954055632,5.89646226989912,0.184296123470551,0.673100400307724,0.96970174214494,"Not_Significant"
"PRPF31",0.279354335858211,5.39529012879233,0.183546020986541,0.673455487960802,0.96970174214494,"Not_Significant"
"PSMA4",-0.226754598079627,5.74008873138444,0.183738901099626,0.673524649480078,0.96970174214494,"Not_Significant"
"LRRC7",0.228700634178052,8.43041663410549,0.183636349097831,0.673739156466791,0.96970174214494,"Not_Significant"
"SNRNP35",0.24837019216716,5.50276389295866,0.183258685742919,0.673752071476813,0.96970174214494,"Not_Significant"
"RNF219-AS1",-0.306298464534578,6.28981139481844,0.183591615703816,0.67375870199006,0.96970174214494,"Not_Significant"
"EIF4E2",-0.277483780250847,5.44619691843135,0.183187630120496,0.673885494150615,0.96970174214494,"Not_Significant"
"SDK1",0.177569567097641,8.82391915034154,0.183439982070132,0.673899650605443,0.96970174214494,"Not_Significant"
"TM7SF3",-0.184995281129266,6.33363793701445,0.18334181829564,0.673962071497355,0.96970174214494,"Not_Significant"
"TESPA1",-0.344014632502813,5.9181274470957,0.183104119330689,0.674110388851397,0.96970174214494,"Not_Significant"
"SPRED2",-0.165986873853199,6.76399081874505,0.183046107112666,0.674236162363166,0.96970174214494,"Not_Significant"
"MTG2",0.205830296139589,5.78809326247146,0.182624276660271,0.674398933619256,0.96970174214494,"Not_Significant"
"PIK3CD",0.20042676409441,6.62254642843768,0.182357484818953,0.674782792634535,0.96970174214494,"Not_Significant"
"FIG4",-0.222161783274317,6.08751007220523,0.181891573493631,0.675143962893564,0.96970174214494,"Not_Significant"
"ECHS1",0.304746727953339,5.36843054268523,0.180722281860284,0.675801033128143,0.96970174214494,"Not_Significant"
"PAN3",-0.139405348977936,8.50664577812485,0.181051788720987,0.675898081920771,0.96970174214494,"Not_Significant"
"SYNJ2",-0.3312683875853,7.60848012508144,0.180865021966427,0.676064572099954,0.96970174214494,"Not_Significant"
"CNOT10",-0.233154454780921,5.87015498420083,0.180389422953391,0.676363169913619,0.96970174214494,"Not_Significant"
"XPNPEP3",-0.190614108350281,5.93197499578581,0.180231871999629,0.67650562109187,0.96970174214494,"Not_Significant"
"METRN",-0.254929835147491,5.71982694667075,0.179921853914615,0.676720621217481,0.96970174214494,"Not_Significant"
"FOXG1",-0.389441997006649,5.05743674781151,0.179550839684954,0.676744376162901,0.96970174214494,"Not_Significant"
"KCNN3",0.372465407748152,5.36253512042755,0.179480245866886,0.676829325912722,0.96970174214494,"Not_Significant"
"CREB3L2",0.192522184548553,6.40734505976643,0.179863208662452,0.676854456757758,0.96970174214494,"Not_Significant"
"TMCO1",-0.176188954814257,6.08146872052744,0.179728743742737,0.676956670651432,0.96970174214494,"Not_Significant"
"ZNF397",0.154840166973683,6.93939494436214,0.17962170697445,0.677102585753474,0.96970174214494,"Not_Significant"
"EML2",0.297111565370072,6.05368081285178,0.179445000569859,0.677129085207162,0.96970174214494,"Not_Significant"
"MYO10",-0.364095864127049,5.98928252175736,0.179408375322414,0.677229236143786,0.96970174214494,"Not_Significant"
"WDFY1",-0.222319260773882,6.22881175948214,0.179280708731965,0.677360071876705,0.96970174214494,"Not_Significant"
"SNX2",-0.15417721604696,7.31971435532292,0.178813634012739,0.677796581382125,0.96970174214494,"Not_Significant"
"LINC00685",0.23766967555972,6.79341926655628,0.178673870427957,0.677891748569304,0.96970174214494,"Not_Significant"
"INTS8",0.237263996238634,5.81614325121793,0.178011755901009,0.678287625530356,0.96970174214494,"Not_Significant"
"INPP5F",-0.178440512871727,6.66387142972848,0.178189769085153,0.678316082290128,0.96970174214494,"Not_Significant"
"CCDC88A",0.138700061857615,8.96464448250746,0.178072292991039,0.678410121731778,0.96970174214494,"Not_Significant"
"RCC2",0.199465970744991,5.97532557816874,0.17786346251537,0.678465147276893,0.96970174214494,"Not_Significant"
"GATM",0.180370574301516,6.45275384642682,0.177923187447811,0.678502468206605,0.96970174214494,"Not_Significant"
"KIAA1109",0.135323154716972,7.83174092059545,0.177972792153938,0.678503652223526,0.96970174214494,"Not_Significant"
"CCDC146",-0.152652571934251,6.65168596771944,0.177718709867599,0.678713914643417,0.96970174214494,"Not_Significant"
"CUX1",-0.127984493551225,8.41444635096376,0.177704843535689,0.678724580440577,0.96970174214494,"Not_Significant"
"GTF2I",0.132073408591427,8.43988524223112,0.177676085512481,0.678749624723178,0.96970174214494,"Not_Significant"
"DESI1",0.467037370542517,4.73222610726549,0.176758279159144,0.678857452242023,0.96970174214494,"Not_Significant"
"H1FX",-0.277626966494154,5.95718558941686,0.177335769708126,0.678971270323906,0.96970174214494,"Not_Significant"
"RPS4X",-0.208462409333581,6.98513728841759,0.177363050197505,0.679026840237194,0.96970174214494,"Not_Significant"
"ZNF736",-0.221610046859612,5.57377362179039,0.176941177295789,0.679193897013487,0.96970174214494,"Not_Significant"
"CES4A",-0.316261685020499,5.40260518813122,0.176599308557133,0.679432096213844,0.96970174214494,"Not_Significant"
"PROCR",0.35666895336781,5.70548538557697,0.176564677348742,0.679457002357034,0.96970174214494,"Not_Significant"
"RPLP2",0.202052919903391,8.32200912561553,0.176791733924088,0.679502842314478,0.96970174214494,"Not_Significant"
"HBB",-0.427257865441603,6.85484273792796,0.176690521670765,0.679601903335787,0.96970174214494,"Not_Significant"
"BTRC",0.158466032318725,7.39386212639566,0.176075149241468,0.680120059296092,0.96970174214494,"Not_Significant"
"SERINC3",0.19464141999226,6.76702686306392,0.176017124160448,0.680151288973046,0.96970174214494,"Not_Significant"
"PSMD8",-0.239806175309465,5.5606162831018,0.175538573803582,0.680389319390978,0.96970174214494,"Not_Significant"
"MTHFD2L",-0.158693111028446,6.41254038579702,0.175614010891272,0.680491272051502,0.96970174214494,"Not_Significant"
"ULK2",0.215859062198385,6.71006443625897,0.175469754024781,0.680613748803278,0.96970174214494,"Not_Significant"
"CBFA2T2",0.132393164137784,7.62112268954979,0.175333604695289,0.680753637065068,0.96970174214494,"Not_Significant"
"DOCK5",-0.180622474154305,8.72741159509261,0.175199340234091,0.680858379281323,0.96970174214494,"Not_Significant"
"SLC15A2",0.218038581707078,6.66870596255592,0.17503557400912,0.680982022802508,0.96970174214494,"Not_Significant"
"NEK3",-0.229150447085451,5.73049651614381,0.174750876007115,0.681117524912514,0.96970174214494,"Not_Significant"
"CSNK2A1",-0.168545378483199,6.57344113022686,0.174804928389122,0.681195910283888,0.96970174214494,"Not_Significant"
"MMP24OS",0.230085889889582,6.25631397131563,0.174681391415974,0.681234407052168,0.96970174214494,"Not_Significant"
"DAG1",0.498502891614637,4.75119744247861,0.173887159893232,0.681332809889148,0.96970174214494,"Not_Significant"
"ACACB",0.331604924363171,5.61144675910919,0.174024965066869,0.681599341799121,0.96970174214494,"Not_Significant"
"CYTH3",0.201735268757579,6.55487602969422,0.174303410923289,0.681601129343086,0.96970174214494,"Not_Significant"
"AC027644.4",-0.253817940569044,6.8320092944627,0.174203056177223,0.681725387819467,0.96970174214494,"Not_Significant"
"SYNC",0.247826583598325,6.01806633127732,0.174034764411064,0.681737880071097,0.96970174214494,"Not_Significant"
"GAPVD1",-0.176931157276608,6.72209417540594,0.174166079574124,0.681751675010928,0.96970174214494,"Not_Significant"
"KIAA0100",0.271205748677629,5.45105597284178,0.173126711165631,0.682319713335067,0.96970174214494,"Not_Significant"
"SPDYE16",-0.26199375112067,5.97810156946846,0.173281406532963,0.682442859602212,0.96970174214494,"Not_Significant"
"AL449266.1",-0.207390347414707,5.48170457482423,0.172709698554416,0.682786432275856,0.96970174214494,"Not_Significant"
"AC025159.1",0.19500488054179,6.72572846183092,0.172922135440998,0.682804739506566,0.96970174214494,"Not_Significant"
"PITPNB",0.137701881017635,7.11503564782644,0.17283931185876,0.682894769109433,0.96970174214494,"Not_Significant"
"MTUS2",0.280487823816604,6.9248844810287,0.172477558812993,0.683194969358141,0.96970174214494,"Not_Significant"
"TMTC3",-0.221810457590119,5.48561812123714,0.172156965245672,0.683267609494163,0.96970174214494,"Not_Significant"
"SYNRG",0.2069998797749,7.05736352112481,0.172399133875507,0.683271415949756,0.96970174214494,"Not_Significant"
"DDRGK1",-0.249089370286849,5.80084766086849,0.172213740727156,0.683325131129383,0.96970174214494,"Not_Significant"
"PLCB4",0.36034541172636,5.14082009827206,0.171478526157801,0.683583195698159,0.96970174214494,"Not_Significant"
"PTRH2",-0.216271656731733,5.9522582429793,0.171928961320492,0.683602987794233,0.96970174214494,"Not_Significant"
"FAF1",-0.130096304212691,8.65902021157027,0.17198796070704,0.683623305545662,0.96970174214494,"Not_Significant"
"PKNOX2",0.369633937883763,5.36051981475927,0.171414246330305,0.683739240296287,0.96970174214494,"Not_Significant"
"NAA16",0.186868379445861,6.22115526625026,0.171604643546013,0.683887168853196,0.96970174214494,"Not_Significant"
"IKZF1",0.16320472473269,7.72660082533682,0.171670902803575,0.683906742507566,0.96970174214494,"Not_Significant"
"TPD52",-0.202148062292988,6.10233997268618,0.171497943627406,0.684000932690192,0.96970174214494,"Not_Significant"
"LINC01470",0.32523377863362,5.32744154180358,0.170981136497456,0.684109340146114,0.96970174214494,"Not_Significant"
"DYNC1I2",0.199959510057239,7.35823017698855,0.17137394029141,0.6841642264053,0.96970174214494,"Not_Significant"
"FASTK",0.294476093788457,5.53633501978916,0.170994211307858,0.684202152908226,0.96970174214494,"Not_Significant"
"NSA2",0.244106964448678,5.91786547996422,0.171091363722484,0.684258303890573,0.96970174214494,"Not_Significant"
"ABCA5",-0.22193808454564,6.12309287540408,0.171190681664766,0.684272127231112,0.96970174214494,"Not_Significant"
"RICTOR",-0.132409165520718,8.03694467743139,0.171200165674305,0.68431139458234,0.96970174214494,"Not_Significant"
"MAPK8",-0.126725575600035,7.3564767638478,0.171093351621854,0.684411433237489,0.96970174214494,"Not_Significant"
"RILPL1",-0.218669284515813,5.82358773324927,0.170879778080741,0.684483911892057,0.96970174214494,"Not_Significant"
"VAC14",0.266933584694783,5.72070939600292,0.17026737245934,0.684908174121601,0.96970174214494,"Not_Significant"
"UFM1",0.289024123141562,5.95150289470722,0.170238521717892,0.685001916741251,0.96970174214494,"Not_Significant"
"MTSS1",-0.124359280190072,8.02056405461614,0.170153210487067,0.685221899769515,0.96970174214494,"Not_Significant"
"ACAP3",-0.294562224739094,6.28730100630998,0.170076135393801,0.685267960194303,0.96970174214494,"Not_Significant"
"KIAA0319L",0.138004122332035,7.22093188312662,0.170083938795755,0.685285534420888,0.96970174214494,"Not_Significant"
"SAP30BP",-0.231804054865638,5.66427470213393,0.169839231011127,0.685348428885528,0.96970174214494,"Not_Significant"
"SLCO2B1",-0.159499855710911,8.92831896984427,0.169913238207808,0.685424196803749,0.96970174214494,"Not_Significant"
"UBE3C",-0.145152175457236,7.26868751091705,0.169855433362449,0.685489074146056,0.96970174214494,"Not_Significant"
"ATP5MC2",-0.159075654378032,7.31443292912082,0.169590515248913,0.685720028519364,0.96970174214494,"Not_Significant"
"TXLNG",-0.284259357186961,5.34587459923983,0.169119512799478,0.685860083156472,0.96970174214494,"Not_Significant"
"DNAJC11",-0.216876815804879,5.48208869315445,0.168892300941725,0.686108262306891,0.96970174214494,"Not_Significant"
"CABLES1",0.215770529674379,6.15036048767299,0.1688831431862,0.686241461397925,0.96970174214494,"Not_Significant"
"PRUNE2",0.210203472865179,8.35034866970296,0.168895775162501,0.686317467596464,0.96970174214494,"Not_Significant"
"STK3",0.141618398286934,8.15419119656405,0.168621836456002,0.686558721047335,0.96970174214494,"Not_Significant"
"ABHD17A",-0.303947410286629,5.51267965882523,0.16834071026486,0.686617762801066,0.96970174214494,"Not_Significant"
"WWC3",0.357528586737558,5.13950806192399,0.168002704200254,0.68661993332509,0.96970174214494,"Not_Significant"
"LINC01378",0.330647654707472,5.89434616639614,0.168168953059256,0.686787581688571,0.96970174214494,"Not_Significant"
"TPGS2",0.231137127660465,5.56419143675544,0.167744328207071,0.687065772864928,0.96970174214494,"Not_Significant"
"HK2",-0.214642635886946,5.74898455722337,0.167900878541766,0.687066868048984,0.96970174214494,"Not_Significant"
"OLIG1",-0.221934829350877,6.49827786836133,0.168023671369364,0.687075727484665,0.96970174214494,"Not_Significant"
"GNG2",-0.217558678173888,6.72639474410692,0.167995424673153,0.68711106153278,0.96970174214494,"Not_Significant"
"ARHGAP1",-0.215918513781471,5.96561336209305,0.167847888557598,0.68716388264065,0.96970174214494,"Not_Significant"
"YIPF4",-0.176316241890768,6.61733120168691,0.167524108408987,0.687519277971088,0.96970174214494,"Not_Significant"
"SCFD1",0.129959075844467,7.39380758573347,0.167508532793123,0.687540647202824,0.96970174214494,"Not_Significant"
"TMTC2",-0.214986830952367,9.32557866693786,0.16745397429541,0.687576193015166,0.96970174214494,"Not_Significant"
"CXCL12",-0.327542272165868,5.19530846853982,0.166968358417689,0.687676391071683,0.96970174214494,"Not_Significant"
"KDM5A",0.185991393061974,6.99779311671902,0.167286015380589,0.687728898261332,0.96970174214494,"Not_Significant"
"NAPB",-0.217399016155308,6.46612229743361,0.167063835781211,0.687916998172379,0.96970174214494,"Not_Significant"
"ERICH1",-0.173700525030745,6.79466250536941,0.166799016221594,0.688163963643263,0.96970174214494,"Not_Significant"
"ADAM23",0.338858134253488,6.34954681786021,0.166570289503761,0.688291186813371,0.96970174214494,"Not_Significant"
"NSFL1C",0.202823513170438,6.21285229201981,0.166409817304008,0.688428609468988,0.96970174214494,"Not_Significant"
"KCND3",0.255799008684749,5.93191157652288,0.166317758335383,0.688440181307662,0.96970174214494,"Not_Significant"
"PARP6",0.202018024676156,6.07387534362785,0.16632722331061,0.688474403829065,0.96970174214494,"Not_Significant"
"PDCD10",-0.211768784349547,5.85502069232911,0.166250411879356,0.6885478045764,0.96970174214494,"Not_Significant"
"FBXO44",0.230337222416794,5.81034144716802,0.166097139602303,0.688606009250316,0.96970174214494,"Not_Significant"
"ABCG1",0.209223815704758,5.79080994946188,0.166002137446269,0.688686771954819,0.96970174214494,"Not_Significant"
"AC124319.2",0.376217739214858,5.1521921726426,0.165559484725562,0.688780972117842,0.96970174214494,"Not_Significant"
"TFDP2",0.210233881839031,6.92008016006171,0.165866303686716,0.688977069720279,0.969792990477077,"Not_Significant"
"NUDT2",0.268582079049442,5.178250083975,0.165199567503202,0.689127840572964,0.969805893019433,"Not_Significant"
"MRPS18B",-0.322473689079268,5.10546752828176,0.165028195769956,0.689341183798749,0.969805893019433,"Not_Significant"
"RPRD2",-0.139849257267282,7.70406286646625,0.164988364766275,0.689765113286007,0.969805893019433,"Not_Significant"
"CLEC9A",-0.296431210107397,5.43410647784836,0.164689663436343,0.68980675021613,0.969805893019433,"Not_Significant"
"SAMD9L",-0.251658635491463,6.08877011945601,0.164873293238592,0.689814661250125,0.969805893019433,"Not_Significant"
"SEMA4C",0.300306862060966,5.3648232970594,0.164446762055252,0.68988244105172,0.969805893019433,"Not_Significant"
"ADD1",0.181886210292316,7.42694264913276,0.164830701666471,0.68990523457657,0.969805893019433,"Not_Significant"
"SLC2A8",-0.380818752801036,4.8553814170749,0.163468566888343,0.690555672113009,0.970240439179326,"Not_Significant"
"ST6GALNAC5",0.358020982407296,6.92068103594079,0.164040122474712,0.690589440442044,0.970240439179326,"Not_Significant"
"VIRMA",-0.197022934917249,5.67960153458543,0.16384160585678,0.690635650371001,0.970240439179326,"Not_Significant"
"SON",-0.123880255917269,8.53640197802363,0.163882396140341,0.690739741389478,0.970240439179326,"Not_Significant"
"RBMS2",-0.25236745230191,5.3666904435049,0.163313059001873,0.690998344738628,0.97027583995658,"Not_Significant"
"CCDC65",0.26164475061799,5.93816646709254,0.163217341898278,0.691194041057929,0.97027583995658,"Not_Significant"
"PDZD2",0.233399661550352,7.47145142650052,0.163215211730186,0.691342495220967,0.97027583995658,"Not_Significant"
"EVI5",-0.146473576570206,8.03679009894355,0.163026389075584,0.691507475845926,0.97027583995658,"Not_Significant"
"IFNGR2",0.143708472738126,7.68681600301119,0.162884375206421,0.691638137089311,0.97027583995658,"Not_Significant"
"STXBP3",0.18562858300799,6.61993519701206,0.162318683497032,0.692117391960513,0.97027583995658,"Not_Significant"
"PLS3",-0.277123472302965,5.32042395708675,0.161698269767903,0.692427824686946,0.97027583995658,"Not_Significant"
"RPL14",-0.188866912367244,7.51499866984292,0.161762756603325,0.692644774400225,0.97027583995658,"Not_Significant"
"S100A11",0.336150304406018,6.40637364089491,0.161687289281933,0.692647470815273,0.97027583995658,"Not_Significant"
"DNAJC15",0.258945409251572,5.73664598360698,0.161448388332182,0.692722342388542,0.97027583995658,"Not_Significant"
"CXCL16",0.363373093261726,6.20664070425554,0.161425353164588,0.692846438009059,0.97027583995658,"Not_Significant"
"TUBGCP3",-0.250128332571018,5.87254492024928,0.161320482105532,0.692948218932371,0.97027583995658,"Not_Significant"
"AP1S2",0.160016736779481,6.27328201793076,0.16124096431778,0.693047501008712,0.97027583995658,"Not_Significant"
"NCKAP5",0.193491715037922,9.21519588690018,0.161293671857543,0.693053231982674,0.97027583995658,"Not_Significant"
"KAT6B",-0.182447197893795,7.00100466517851,0.161059436306801,0.693278120404058,0.97027583995658,"Not_Significant"
"SLC39A1",-0.37544116942852,5.21200411033992,0.160632319748128,0.693349545240391,0.97027583995658,"Not_Significant"
"ADGRE2",0.227164939560397,6.21343046206001,0.160830458412909,0.693399175371961,0.97027583995658,"Not_Significant"
"VCP",-0.168861573357755,6.1108320458926,0.160858415416351,0.693400008204128,0.97027583995658,"Not_Significant"
"GCLC",-0.197635060261302,5.86666874594264,0.160729965728559,0.693473227652921,0.97027583995658,"Not_Significant"
"FPR1",-0.401973963775545,6.15990716162068,0.16066048909629,0.693604260556643,0.97027583995658,"Not_Significant"
"PPM1E",0.311506532484785,6.30289640248818,0.160489677585872,0.693711251655317,0.97027583995658,"Not_Significant"
"CKMT2-AS1",-0.229075777219627,6.06130243821492,0.160421051653779,0.693790978957558,0.97027583995658,"Not_Significant"
"ACSM5",-0.27242196462373,5.70718728773918,0.160200467283045,0.693919076624084,0.97027583995658,"Not_Significant"
"PPP6C",-0.184655091509014,6.07469266528255,0.160193534196487,0.69399508125242,0.97027583995658,"Not_Significant"
"PTPRK",0.208632962265937,8.80709391394889,0.160190312394645,0.69404867176534,0.97027583995658,"Not_Significant"
"USP3-AS1",0.267088819042388,5.84566092412366,0.159816017615205,0.694225265335054,0.970284933688434,"Not_Significant"
"SF3A3",-0.324598016714107,5.27038304419537,0.159583671824709,0.694317877281313,0.970284933688434,"Not_Significant"
"NR3C2",0.172231574520238,7.25868273427547,0.159552237201286,0.694633245718042,0.970473832984018,"Not_Significant"
"FAM171A1",0.212459996824221,6.97926011010381,0.159385447827176,0.694776753518562,0.970473832984018,"Not_Significant"
"NFKB1",0.148170983770164,7.27511750586998,0.158977074229943,0.695154703938837,0.970473832984018,"Not_Significant"
"ARL6IP5",-0.141791483682092,7.20671939037651,0.158968680018635,0.695166274705142,0.970473832984018,"Not_Significant"
"SNRPB2",-0.211304045783762,5.81682560663579,0.15875621637637,0.695247088804855,0.970473832984018,"Not_Significant"
"UTP6",-0.177083775686973,5.60563409817438,0.158147461556202,0.695736145225649,0.970473832984018,"Not_Significant"
"LDHA",-0.234571754399143,5.99648208480503,0.158234364073266,0.695760815711467,0.970473832984018,"Not_Significant"
"UBA52",-0.199453471554452,7.04097681086518,0.158311766897862,0.695762839830106,0.970473832984018,"Not_Significant"
"TMEM132D",0.271917786816076,7.00287725403978,0.158073554985067,0.695965255018351,0.970473832984018,"Not_Significant"
"STXBP5-AS1",-0.236624272019873,6.21923617348265,0.157737054484701,0.696245510177513,0.970473832984018,"Not_Significant"
"CPNE2",-0.235074073576442,5.86887787433385,0.157351395123434,0.696539767350703,0.970473832984018,"Not_Significant"
"NUMB",0.151871119582167,8.6542089641083,0.157357173356685,0.696619389585817,0.970473832984018,"Not_Significant"
"WDR37",-0.147710300971752,6.88984603604605,0.157291369214441,0.696688821348481,0.970473832984018,"Not_Significant"
"EIF4G2",-0.17923818170221,6.44731445492845,0.156506864169876,0.697387119841464,0.970473832984018,"Not_Significant"
"QKI",-0.142870472273976,11.1240042836968,0.156477126366135,0.697418890036613,0.970473832984018,"Not_Significant"
"EIF4B",0.185269151733088,5.97185060638472,0.156272555857666,0.697496070072475,0.970473832984018,"Not_Significant"
"SETX",0.127384017198001,7.89993250752881,0.156045018704684,0.697825085436198,0.970473832984018,"Not_Significant"
"CD74",0.274038833317901,10.5246924811506,0.155939376810401,0.697911548011749,0.970473832984018,"Not_Significant"
"CADPS",0.247377587379718,7.36994808717947,0.155894693756042,0.69796353371277,0.970473832984018,"Not_Significant"
"CAMK2A",-0.250478341434309,6.53590317747301,0.155792634297607,0.698050251956446,0.970473832984018,"Not_Significant"
"GLTP",-0.240108498145426,6.21528637304979,0.155693988118462,0.69811310010844,0.970473832984018,"Not_Significant"
"POLR3C",0.291558883299538,5.19408040163082,0.155140854300301,0.698226394422841,0.970473832984018,"Not_Significant"
"DOCK1",-0.247722345038406,7.38848378260281,0.155574839235293,0.698261495648463,0.970473832984018,"Not_Significant"
"ZCCHC14",-0.233541495015317,5.56451944609258,0.155295647111206,0.698338943657286,0.970473832984018,"Not_Significant"
"OAZ2",0.198991788604423,6.19475461608947,0.155211836666478,0.698512778512533,0.970473832984018,"Not_Significant"
"GSN",0.153910075552311,8.49457486239892,0.155122773838224,0.698666425383839,0.970473832984018,"Not_Significant"
"SLC38A10",0.180252628248444,6.19789600435182,0.154856733519132,0.698841959598212,0.970473832984018,"Not_Significant"
"UBE2E2",-0.1146300131023,10.0045194866582,0.154736314056468,0.699017093562022,0.970473832984018,"Not_Significant"
"TDG",0.178471976155227,6.04390292051777,0.154629124447498,0.699023057042415,0.970473832984018,"Not_Significant"
"DHCR24",0.306062860428119,5.74859922785288,0.154052178810936,0.699455778575393,0.970473832984018,"Not_Significant"
"ELAVL4",-0.224008576059825,6.04615193429638,0.154170368231511,0.69949118677617,0.970473832984018,"Not_Significant"
"CYTL1",0.294064161364237,5.86433595294602,0.153896804508824,0.699637637144244,0.970473832984018,"Not_Significant"
"ELAVL2",-0.256507956802288,5.64069194370159,0.153909867777376,0.69964429275655,0.970473832984018,"Not_Significant"
"MAP2K4",0.13543166180999,7.49132057211894,0.153889332472917,0.699810829410174,0.970473832984018,"Not_Significant"
"MED12L",-0.205204980196444,6.99447553185863,0.153826440899314,0.699872149490943,0.970473832984018,"Not_Significant"
"GALNT1",-0.157765510614756,6.94234430687992,0.153760917354358,0.699931188537412,0.970473832984018,"Not_Significant"
"TRIM37",-0.194495985659084,6.19056565993072,0.153677733330485,0.699964521818344,0.970473832984018,"Not_Significant"
"KLC4",0.233964782099672,5.59004391372278,0.153444770063047,0.699977396407218,0.970473832984018,"Not_Significant"
"ABHD18",-0.178895064774053,6.94158712311836,0.153647138243439,0.700036850309105,0.970473832984018,"Not_Significant"
"GABPB1",0.204115345613838,6.33113040835024,0.153498698585957,0.700112739139961,0.970473832984018,"Not_Significant"
"RNF157",0.298353887128329,5.54231503948962,0.153181377418911,0.700190725758614,0.970473832984018,"Not_Significant"
"HSP90AB1",-0.173055128612668,8.09621075223942,0.153341478943762,0.700312165818605,0.970473832984018,"Not_Significant"
"AC104123.1",-0.188277881775421,6.42833074211185,0.153277171715212,0.700358101171001,0.970473832984018,"Not_Significant"
"RPS17",0.416928600947731,6.81007408422767,0.153236477726804,0.700387463059786,0.970473832984018,"Not_Significant"
"VAV1",0.154189984504543,6.72758460857226,0.153118269781259,0.700506470965872,0.970473832984018,"Not_Significant"
"PLAGL1",0.153935687338698,6.85209320871832,0.152879496853915,0.700734331862853,0.970473832984018,"Not_Significant"
"SCML1",-0.305958334803907,5.39179104651229,0.152560950068749,0.700813327741178,0.970473832984018,"Not_Significant"
"MSN",0.192217566234997,7.04543254706968,0.152502053594801,0.701089899995965,0.970473832984018,"Not_Significant"
"CDC5L",0.26897497585191,5.38773833516493,0.152079022014493,0.701157581065149,0.970473832984018,"Not_Significant"
"PHF14",0.14459904654491,8.00095406717934,0.152374927019893,0.701210405604628,0.970473832984018,"Not_Significant"
"APBA1",-0.119086533520447,7.66396158837691,0.152249719365246,0.701329795911433,0.970473832984018,"Not_Significant"
"RPS6KC1",-0.132081909730639,7.62863874956789,0.152166134946247,0.701407853653004,0.970473832984018,"Not_Significant"
"FAM13B",-0.125098560867368,8.0848602830585,0.152152043217635,0.701415973236993,0.970473832984018,"Not_Significant"
"RPAP3",-0.253561889874847,5.54773474043252,0.151629506881704,0.701731548000948,0.970656194775095,"Not_Significant"
"DNASE2",0.302703937825322,5.26656467983795,0.151313018293092,0.701810577540785,0.970656194775095,"Not_Significant"
"ATP10D",0.17404406817846,6.73965220173412,0.151524735365123,0.701987197248298,0.970718724461471,"Not_Significant"
"DAP",-0.288022031002886,5.6104255588952,0.151026662374508,0.702317258849126,0.970962088946286,"Not_Significant"
"GDI2",0.152905335906943,6.52053555640096,0.151037968671896,0.702426073281299,0.970962088946286,"Not_Significant"
"SPATS2L",-0.155530217249183,6.90770661441252,0.150892517110487,0.702595881950178,0.97101511318353,"Not_Significant"
"DOPEY1",-0.130199968067023,7.07516804328984,0.150040702062741,0.703394599963891,0.971827456279999,"Not_Significant"
"OGFR",-0.249860031821162,5.92522631486977,0.149900313430937,0.70344678607407,0.971827456279999,"Not_Significant"
"MAP3K1",0.14676635041055,6.59048490188978,0.149523756545071,0.703850894977438,0.972080247530723,"Not_Significant"
"MBOAT7",-0.171612260871838,6.08476913548098,0.149445551561189,0.703892953031249,0.972080247530723,"Not_Significant"
"CEP170",-0.135426789788706,8.55017564622234,0.149229822260971,0.704144660098051,0.972183421341364,"Not_Significant"
"SLC35G2",-0.186251469831699,6.71719887516771,0.148986386185577,0.704379306680943,0.972183421341364,"Not_Significant"
"RIC8B",-0.212744241125912,6.29083339872949,0.1487827042609,0.704545169108249,0.972183421341364,"Not_Significant"
"ZBED4",-0.208572263383675,5.48796339231463,0.148501466332423,0.704636503129151,0.972183421341364,"Not_Significant"
"JKAMP",0.189603935433697,5.67391770335566,0.147690702094744,0.705402852562855,0.972183421341364,"Not_Significant"
"FOLR2",-0.276259532836742,5.61891900732409,0.147721015500507,0.705426954069408,0.972183421341364,"Not_Significant"
"LIFR",-0.239738564721757,7.16800089569524,0.147656931139853,0.705640971303343,0.972183421341364,"Not_Significant"
"RBL2",0.153360098001692,6.43326171639724,0.147521674016028,0.705724128115215,0.972183421341364,"Not_Significant"
"TM9SF4",-0.171667480394287,6.1734947070297,0.147491176416195,0.705749221640967,0.972183421341364,"Not_Significant"
"SLAIN2",-0.181841211195358,5.99057904782409,0.14730917021053,0.705894414519796,0.972183421341364,"Not_Significant"
"RPL11",0.197284193896995,7.97248624612164,0.147320608047646,0.705952386801991,0.972183421341364,"Not_Significant"
"IARS2",0.242568332801655,5.36861018742068,0.146942961094643,0.705985117783357,0.972183421341364,"Not_Significant"
"NUCB1",-0.200278429075332,5.39057316201415,0.14687762072002,0.706134263112027,0.972183421341364,"Not_Significant"
"TAF1B",0.215630331611212,5.79830822592146,0.1469513970946,0.706138000235726,0.972183421341364,"Not_Significant"
"ADCY3",0.193195626856814,5.56029395077132,0.146815914589878,0.706192017616756,0.972183421341364,"Not_Significant"
"ZNF428",-0.190004944972606,5.76688009212861,0.146910300534406,0.706226186060036,0.972183421341364,"Not_Significant"
"PDPK1",0.14200522478336,6.32748233686272,0.146810615144351,0.706386771592615,0.972183421341364,"Not_Significant"
"MYDGF",0.204122663302977,6.32913338869813,0.146588707859373,0.706592048306616,0.972183421341364,"Not_Significant"
"ST8SIA1",0.241754994453929,5.81627532480387,0.146322616915877,0.706735040447353,0.972183421341364,"Not_Significant"
"SLC1A6",-0.350549891207928,5.40207541460296,0.146239809001857,0.706763680591948,0.972183421341364,"Not_Significant"
"MYOF",0.199428276136971,6.74291356228384,0.146296536614951,0.706908854981301,0.972183421341364,"Not_Significant"
"RPL10",-0.224844127696989,8.72354488745369,0.146237522841255,0.706973947272594,0.972183421341364,"Not_Significant"
"RAB12",0.140353665075856,6.69912465379169,0.146000532862786,0.70719127506992,0.972183421341364,"Not_Significant"
"ENPP1",0.326441163604238,5.44524681165147,0.145654378889945,0.707224642780144,0.972183421341364,"Not_Significant"
"CTNNA1",0.128788797313508,7.61847050463565,0.145619181322327,0.707572243355843,0.972183421341364,"Not_Significant"
"NKAIN2",-0.179317067276191,9.3820761297171,0.145282694108064,0.707882278422261,0.972183421341364,"Not_Significant"
"FSTL5",0.244021325360454,6.00432888231423,0.145040279413583,0.708006531924489,0.972183421341364,"Not_Significant"
"COL9A2",-0.200893746025655,6.29396906884136,0.144981831874489,0.708152127344914,0.972183421341364,"Not_Significant"
"STON2",0.25703949274805,5.6281656919622,0.144651676471462,0.708270403370358,0.972183421341364,"Not_Significant"
"TAF7",-0.168202870239629,6.21041779121788,0.144736051915278,0.708376349077132,0.972183421341364,"Not_Significant"
"ARHGAP25",-0.121839346065404,7.7354951465592,0.144586112553245,0.70855891423388,0.972183421341364,"Not_Significant"
"GGA1",-0.202053669348272,5.95891800361771,0.144502511627133,0.708564907745617,0.972183421341364,"Not_Significant"
"CALN1",0.219854638603301,6.15660940069708,0.144331237546667,0.708718414574386,0.972183421341364,"Not_Significant"
"ENSA",0.151556654984232,6.72454151643322,0.144384326164126,0.708736209271484,0.972183421341364,"Not_Significant"
"PRRC2B",0.127606672500613,7.351543237991,0.14426146030195,0.708871052004093,0.972183421341364,"Not_Significant"
"RPS18",0.32187236351917,7.06088423693474,0.144197984911366,0.708922690603386,0.972183421341364,"Not_Significant"
"TRPM3",-0.193580950180499,7.3083983939108,0.143726327318788,0.709387721211708,0.972183421341364,"Not_Significant"
"SAMSN1",0.183838846632075,8.55696020428507,0.143689678203917,0.709412273503882,0.972183421341364,"Not_Significant"
"CSK",0.219594928159605,5.89722542601895,0.143549153313245,0.709415985676564,0.972183421341364,"Not_Significant"
"TSPAN14",0.189357933704069,6.78711260773181,0.143532259783511,0.709555897169859,0.972183421341364,"Not_Significant"
"TEX10",-0.219587331306523,5.5735286297893,0.143368777838604,0.709561445056888,0.972183421341364,"Not_Significant"
"TFEB",0.184709049387326,6.62302719778621,0.143427468163306,0.709646286383637,0.972183421341364,"Not_Significant"
"SCMH1",-0.141226455765795,7.29751269831064,0.143446057948002,0.709656941152054,0.972183421341364,"Not_Significant"
"NGEF",0.303165190197792,5.54375110497588,0.143063232946952,0.709758385175846,0.972183421341364,"Not_Significant"
"ZBTB25",-0.236926212886541,5.34948908909686,0.142920324333599,0.709911372476781,0.972212700868739,"Not_Significant"
"ADCY8",0.318813608499204,5.21355985656684,0.142373204490362,0.710282023488227,0.972433343528844,"Not_Significant"
"KIF3A",-0.223438345683624,6.47687382039391,0.142599268252767,0.710457410824032,0.972433343528844,"Not_Significant"
"MCC",0.255178681622446,5.33219291329297,0.14197226139533,0.710734697808623,0.972433343528844,"Not_Significant"
"PHF21A",0.120194458499318,8.03530515529143,0.142208182082062,0.710844463448998,0.972433343528844,"Not_Significant"
"SMAD2",0.12840991875688,7.33332785662191,0.142188614716315,0.710866910425652,0.972433343528844,"Not_Significant"
"SUCLG1",0.229004681394345,5.4893554965143,0.141834898446685,0.710939257009646,0.972433343528844,"Not_Significant"
"RPS15",0.203103757788605,8.73732842051453,0.1420483444423,0.710993974333192,0.972433343528844,"Not_Significant"
"ZNF302",-0.136308320252942,6.74995533705666,0.141902932982813,0.711139926963826,0.972452913824839,"Not_Significant"
"AZI2",-0.308143669286706,5.41028345943467,0.141236536756164,0.711577230836113,0.97287081328639,"Not_Significant"
"NOL4",0.222441037887792,5.99452018125884,0.141159901443096,0.711747170835875,0.972923084930534,"Not_Significant"
"RRAGB",-0.163184689454072,6.15315443979142,0.140934858841172,0.712035534395553,0.972979819054849,"Not_Significant"
"ALDH7A1",0.22294933370561,5.80953627655539,0.140455039126919,0.712387871491213,0.972979819054849,"Not_Significant"
"ASTN2",-0.168085253393942,7.86099220447286,0.140410583327035,0.712589882736964,0.972979819054849,"Not_Significant"
"HPS1",0.240879495114562,5.72546887368485,0.139765078057587,0.713033257184069,0.972979819054849,"Not_Significant"
"NDUFS3",-0.194235481561416,5.59249028736303,0.139573815375087,0.713246357228583,0.972979819054849,"Not_Significant"
"SMIM12",-0.240663777302686,5.46485723132188,0.139057901298533,0.713714250616845,0.972979819054849,"Not_Significant"
"SLTM",0.133232380731812,7.67949715180627,0.139257307478774,0.713717542740219,0.972979819054849,"Not_Significant"
"EEF1A2",0.308672485768779,5.27058814061553,0.138453191711971,0.71413445367787,0.972979819054849,"Not_Significant"
"SOX5",0.178001477246567,8.42363485734709,0.138682489003794,0.714274841892749,0.972979819054849,"Not_Significant"
"ADAM12",0.208399404086486,5.97872026353249,0.138524175915051,0.714320966115646,0.972979819054849,"Not_Significant"
"RAD21",0.179306543583498,6.60152809276775,0.138502044619395,0.714432153925115,0.972979819054849,"Not_Significant"
"ARHGEF9",0.192643810238747,6.44218126626882,0.138279251809059,0.714635306136681,0.972979819054849,"Not_Significant"
"GARS",0.29889999851156,5.19974615811432,0.137830022059455,0.714716388716092,0.972979819054849,"Not_Significant"
"CLPX",-0.18927067063046,5.49467165314123,0.137972101534259,0.714784340167409,0.972979819054849,"Not_Significant"
"PNKD",-0.174389212954654,6.48308688887983,0.138093059191037,0.714845638034501,0.972979819054849,"Not_Significant"
"AC010618.3",0.248968334829942,5.72036757879934,0.137866214715359,0.714892546676354,0.972979819054849,"Not_Significant"
"RCN2",-0.181409089725683,6.12656677288039,0.137867673165635,0.71503391496718,0.972979819054849,"Not_Significant"
"N4BP2L1",-0.164687679709476,6.18877090932639,0.137711967664386,0.715193248136067,0.972979819054849,"Not_Significant"
"GRAMD4",0.315026029712994,5.2106231018663,0.137329720471835,0.715212925404259,0.972979819054849,"Not_Significant"
"LINC01909",-0.331101789803693,5.60369326096616,0.137511706445484,0.715294006729059,0.972979819054849,"Not_Significant"
"AQR",0.154742113108123,6.43361130296082,0.137416171960785,0.715487499658457,0.972979819054849,"Not_Significant"
"HUWE1",0.142045859813623,6.80428791682281,0.137013702867441,0.715912066298695,0.972979819054849,"Not_Significant"
"ABI3",0.243929128038269,5.59652069573735,0.136588420887801,0.716115895724793,0.972979819054849,"Not_Significant"
"ATF1",0.24772566060639,5.73085493712568,0.136605225438925,0.716141846216382,0.972979819054849,"Not_Significant"
"CCS",0.252802470688288,5.50702979241879,0.136520519508748,0.716149458750464,0.972979819054849,"Not_Significant"
"PCDH17",0.191379903465775,5.87972065403485,0.13638861907346,0.71640589705308,0.972979819054849,"Not_Significant"
"ADCK5",0.506925976303949,4.76533710550526,0.135836351063428,0.716514075689667,0.972979819054849,"Not_Significant"
"UBE2J1",0.228791778670128,6.19297772999398,0.136307877716292,0.716544292309532,0.972979819054849,"Not_Significant"
"AL035413.1",0.183922121421413,5.65571743610644,0.13610330840287,0.716626249875866,0.972979819054849,"Not_Significant"
"SRRM4",0.292470833716092,6.04574342108232,0.136180257073847,0.716634990310806,0.972979819054849,"Not_Significant"
"HACD2",-0.174521307631022,6.08210536351148,0.136179146152622,0.716694827788508,0.972979819054849,"Not_Significant"
"UBXN1",0.239163773795594,5.81466407630763,0.136015938602566,0.716752168584998,0.972979819054849,"Not_Significant"
"WASHC3",-0.176099853460454,6.14424290273269,0.136073562503781,0.716808175563743,0.972979819054849,"Not_Significant"
"THUMPD2",-0.208611482267752,6.03559150266397,0.136057646134104,0.716810965002549,0.972979819054849,"Not_Significant"
"NEDD9",0.168325013988555,6.3255166985992,0.136050325094907,0.716824606867798,0.972979819054849,"Not_Significant"
"HDGF",0.241405157384357,5.16010347076459,0.135474779286105,0.717040040937059,0.972979819054849,"Not_Significant"
"AGAP3",0.177849453345997,6.19699841485603,0.135798819610556,0.71705541193701,0.972979819054849,"Not_Significant"
"CRLF1",0.154268399633796,6.42920107432214,0.135694289768067,0.717191040630875,0.972979819054849,"Not_Significant"
"PRICKLE1",0.297525340624923,5.86615395530486,0.135509657645494,0.717257730943651,0.972979819054849,"Not_Significant"
"CAPN2",0.252403062810464,5.16673204246491,0.135237392397003,0.717278626826982,0.972979819054849,"Not_Significant"
"ANK2",-0.163371592939116,9.54137282567107,0.135428536983486,0.717483530951859,0.972979819054849,"Not_Significant"
"FMNL2",-0.145590815965557,10.1414798593744,0.135269209549728,0.717641468005583,0.972979819054849,"Not_Significant"
"PPP1R7",-0.211669859149382,5.66491422191827,0.134774580235532,0.718009249023095,0.972979819054849,"Not_Significant"
"TUBB4A",-0.211358556883127,6.80088175542131,0.134879383064996,0.71804174711772,0.972979819054849,"Not_Significant"
"SEZ6L",-0.2390026038331,6.13437437843246,0.13475129063572,0.718126153216117,0.972979819054849,"Not_Significant"
"LMO3",0.251507968450584,6.34836023686102,0.134472597286409,0.718389505877168,0.972979819054849,"Not_Significant"
"HM13",-0.153034944080793,6.40659776744766,0.134507140944425,0.718391799511442,0.972979819054849,"Not_Significant"
"HCG17",-0.132076112017728,6.71492124710585,0.134225654079738,0.718689175499934,0.972979819054849,"Not_Significant"
"HECW1",-0.220702837182716,6.86218369521255,0.134090276667799,0.718830776299526,0.972979819054849,"Not_Significant"
"BCL11A",0.261592842862239,5.63402109627426,0.133685228159887,0.719017805348256,0.972979819054849,"Not_Significant"
"C19orf53",-0.229585608343082,6.11736608728453,0.13379050141901,0.719083372671219,0.972979819054849,"Not_Significant"
"CRADD",0.160214190070994,7.2190663402011,0.133699653351023,0.719218602284362,0.972979819054849,"Not_Significant"
"AAK1",-0.108425616766896,8.56647590922189,0.133690542398798,0.719221021047444,0.972979819054849,"Not_Significant"
"PKN2",0.146959993107079,8.62578637389597,0.133690485335542,0.719221404755348,0.972979819054849,"Not_Significant"
"RBM4B",-0.225241526912659,5.67540884323657,0.13345830703148,0.719331838601466,0.972979819054849,"Not_Significant"
"CAPZB",-0.142460592601661,8.1103300515883,0.133495072459279,0.719420288648984,0.972979819054849,"Not_Significant"
"CBX3",-0.163603603957665,6.27140685938873,0.133046148125748,0.719843526450469,0.972979819054849,"Not_Significant"
"RAB3GAP2",0.153326092593125,6.80495449904542,0.13306167490117,0.719847762667946,0.972979819054849,"Not_Significant"
"MRPS31",-0.208687266528197,6.10570123961006,0.132789155748022,0.720086128848902,0.972979819054849,"Not_Significant"
"TTTY15",0.256560781049016,5.23365639028462,0.132305736910015,0.720249918519015,0.972979819054849,"Not_Significant"
"INTS4",0.175548131062195,5.8671023563894,0.132127978479847,0.720665070785194,0.972979819054849,"Not_Significant"
"ZNF431",-0.18601767970345,6.20480806570441,0.132220818101985,0.720667958638144,0.972979819054849,"Not_Significant"
"C20orf194",-0.117806608515242,8.15924700003646,0.132179906509514,0.720742025758958,0.972979819054849,"Not_Significant"
"SRPK1",0.231361300900952,5.71873657516935,0.131925838175641,0.720820225828293,0.972979819054849,"Not_Significant"
"ARMCX3",0.208981492385144,5.99260822837276,0.131988402786976,0.720828924393075,0.972979819054849,"Not_Significant"
"ARHGEF7",0.13314032411756,7.63244144145976,0.132066674075424,0.720860975597362,0.972979819054849,"Not_Significant"
"CBR4",-0.121919020496702,7.13433323382563,0.13189217723807,0.721040018719617,0.972979819054849,"Not_Significant"
"MSL2",0.171168263397149,6.04801742285696,0.131487624446658,0.721351719984608,0.972979819054849,"Not_Significant"
"AC106869.1",0.309172189915798,5.27067510022796,0.131144713516738,0.721432400067475,0.972979819054849,"Not_Significant"
"PCM1",0.121547809111042,8.5715856918897,0.131354887652516,0.721572876854206,0.972979819054849,"Not_Significant"
"C4orf3",-0.205315675446487,5.67824289079806,0.131080534257015,0.721727045155073,0.972979819054849,"Not_Significant"
"CALR",-0.201548222599996,6.72661613046832,0.131189192321691,0.721746417351918,0.972979819054849,"Not_Significant"
"TTLL4",0.278637383930962,5.3950768279013,0.130890947262198,0.721746535505064,0.972979819054849,"Not_Significant"
"SORBS2",-0.21738041368856,6.76100638707634,0.131175298911023,0.721761632844292,0.972979819054849,"Not_Significant"
"EXD3",0.180500598348433,5.77467030362296,0.130591532631581,0.722195492543433,0.972979819054849,"Not_Significant"
"DHX57",0.197475008478537,5.79146164095015,0.130590507745762,0.722198998889804,0.972979819054849,"Not_Significant"
"HMG20A",-0.174285925519636,6.46955527225117,0.130678755102441,0.722250965917041,0.972979819054849,"Not_Significant"
"GTF2F2",0.159353283269229,6.61165101175864,0.130643896983691,0.722277219311421,0.972979819054849,"Not_Significant"
"ABHD17B",-0.163392871636766,6.15440449136817,0.130441267872228,0.722461791499875,0.972979819054849,"Not_Significant"
"TKT",0.1634524168154,6.03073320337406,0.130270014515033,0.722584450220049,0.972979819054849,"Not_Significant"
"PPFIBP1",-0.232037624332039,6.42562680096519,0.130261878676197,0.722673767445694,0.972979819054849,"Not_Significant"
"ARL8A",-0.208518090519348,6.0562819595771,0.130177689013144,0.722720146071901,0.972979819054849,"Not_Significant"
"RHBDD2",-0.285812792094683,6.0194567069804,0.130176793558336,0.72272103251035,0.972979819054849,"Not_Significant"
"LDAH",0.223559157214323,5.81245165003685,0.129896549612314,0.722906207952518,0.973051778087692,"Not_Significant"
"ELAVL3",-0.18190088122018,6.37579909797425,0.129618461981212,0.723322876616109,0.973128173766081,"Not_Significant"
"RNFT1",-0.264601125632773,5.31158404236464,0.129253254080529,0.723469418782739,0.973128173766081,"Not_Significant"
"SGK3",0.129338891928253,7.93794249915048,0.129212938029981,0.723755130348716,0.973128173766081,"Not_Significant"
"DTNBP1",0.142311344380674,7.15229616127173,0.128960804620518,0.724013438351496,0.973128173766081,"Not_Significant"
"AP1B1",0.156554755095484,7.59943980805717,0.12889389631098,0.724083335195329,0.973128173766081,"Not_Significant"
"TOGARAM1",-0.147548122120057,6.9129880558418,0.128866545540267,0.72411256756835,0.973128173766081,"Not_Significant"
"SPOCK1",-0.186613074425803,8.9233533599717,0.128499794212633,0.724477447374828,0.973128173766081,"Not_Significant"
"ABHD8",0.174007688450644,5.54607674376982,0.128266056749533,0.72450049317463,0.973128173766081,"Not_Significant"
"BDP1",0.120939388365734,7.06185818895434,0.12840656755165,0.724579778695643,0.973128173766081,"Not_Significant"
"ZNF148",0.114194997160862,8.01256571297529,0.128293622182666,0.724695241232414,0.973128173766081,"Not_Significant"
"PTPRD",-0.178609659498886,10.3775984729688,0.128127204175858,0.724857614625694,0.973128173766081,"Not_Significant"
"AC004918.1",0.218040242574176,5.89635485868377,0.127822740705637,0.72505128125725,0.973128173766081,"Not_Significant"
"ZRANB3",0.209171049764611,6.45573676461185,0.127895590903947,0.725066749365116,0.973128173766081,"Not_Significant"
"COPS6",-0.150410705145962,6.28247338755417,0.127838538318624,0.725134356217707,0.973128173766081,"Not_Significant"
"PLD1",-0.138539951102855,7.79187153716224,0.127733397461099,0.725272092057395,0.973128173766081,"Not_Significant"
"NUP50-DT",0.184950284858468,6.13005711208064,0.127376188253155,0.72556051218908,0.973128173766081,"Not_Significant"
"C1orf147",-0.400017217954776,5.04886813367466,0.126967039750357,0.725707651428515,0.973128173766081,"Not_Significant"
"ITSN2",0.128649868622818,8.25592778204794,0.127271413728102,0.725743780659689,0.973128173766081,"Not_Significant"
"IFI27L2",-0.209657027065851,5.74458035070475,0.127154447408611,0.72575692991165,0.973128173766081,"Not_Significant"
"DNAJB1",-0.199827002768267,5.588601132496,0.126887966883536,0.725989673133206,0.973128173766081,"Not_Significant"
"PRKAG1",-0.185198041955848,5.5996217641034,0.126827811980097,0.726053015590815,0.973128173766081,"Not_Significant"
"LINC01317",-0.255627171818016,5.07943335849701,0.126336352740495,0.726354845547582,0.973128173766081,"Not_Significant"
"MSR1",-0.205724686516071,8.81061908855439,0.126638938378984,0.726392150769634,0.973128173766081,"Not_Significant"
"KCNMB1",-0.168478488258789,7.69929809397347,0.126548634206825,0.726494068280107,0.973128173766081,"Not_Significant"
"PLEKHA6",0.205493774607476,7.05220500574775,0.126480985631807,0.726559308465405,0.973128173766081,"Not_Significant"
"SVIP",-0.133291041374489,6.34883349145284,0.126382495338985,0.726640607224175,0.973128173766081,"Not_Significant"
"HYDIN",0.20442623977557,5.9905747092289,0.126178488572419,0.72676865863452,0.973128173766081,"Not_Significant"
"DCTN5",0.249613060163695,5.43430888478337,0.125946732375966,0.726838510423822,0.973128173766081,"Not_Significant"
"UBAP2",0.169953846122305,6.4729426437221,0.1260181496079,0.727008281750236,0.973128173766081,"Not_Significant"
"DMXL1",-0.121721890519391,7.26201862530352,0.125808964610025,0.727262845171192,0.973128173766081,"Not_Significant"
"RBAK-RBAKDN",0.142101042784004,6.2592965212839,0.125751297472792,0.727263754858823,0.973128173766081,"Not_Significant"
"PRR13",-0.160566315625742,5.86522408021672,0.125695454623028,0.727287642009557,0.973128173766081,"Not_Significant"
"ZNF235",0.180474135359526,5.77441609989647,0.125224697331808,0.727711943202433,0.973128173766081,"Not_Significant"
"SELENOT",-0.198609628987216,6.36926810364354,0.124863656695997,0.72822220385806,0.973128173766081,"Not_Significant"
"ZDHHC17",0.163825770230764,6.88504362276342,0.124863289147057,0.728233850281905,0.973128173766081,"Not_Significant"
"FSTL4",-0.250352084750622,6.00616246390076,0.124797602652509,0.72825366162742,0.973128173766081,"Not_Significant"
"DDI2",0.193521383796594,5.97884516141118,0.124305064959449,0.728716626785213,0.973128173766081,"Not_Significant"
"YY1",0.180590080453617,6.67713078974593,0.124385544078422,0.728721030718966,0.973128173766081,"Not_Significant"
"TRMT61B",0.241589570823228,5.49856257686511,0.124088502046962,0.728801360961305,0.973128173766081,"Not_Significant"
"POMGNT1",-0.214479362582992,5.57813599245868,0.123867995045146,0.729127729231777,0.973128173766081,"Not_Significant"
"SKI",0.155675650767653,6.94205104338013,0.123949366729535,0.729189705049864,0.973128173766081,"Not_Significant"
"SEMA6A-AS1",-0.131943265345925,6.53312670331792,0.123913335032816,0.729221657278806,0.973128173766081,"Not_Significant"
"EIF3G",0.34868762317393,4.94773944445745,0.123363493695057,0.729319669359701,0.973128173766081,"Not_Significant"
"PLCG2",0.128054652348261,7.48661551126745,0.123634803299951,0.729525746769867,0.973128173766081,"Not_Significant"
"ALDH1A1",-0.306855550874011,4.89070302531946,0.123104432699781,0.729624364039836,0.973128173766081,"Not_Significant"
"BLCAP",0.208582017667141,5.97807085465436,0.123348564207897,0.729715899622376,0.973128173766081,"Not_Significant"
"CCNT2",-0.125222565827858,6.79189970221116,0.123381140514077,0.72978922853783,0.973128173766081,"Not_Significant"
"DNAJC8",-0.190980445195361,5.5068564109259,0.123127719196092,0.729878090878516,0.973128173766081,"Not_Significant"
"CDK11A",0.243463005857895,5.57489131190609,0.122939360108978,0.730030610744719,0.973128173766081,"Not_Significant"
"TOP2B",-0.134398922807836,6.57666940732281,0.122837651325019,0.730351852810711,0.973128173766081,"Not_Significant"
"CLDN12",0.264879961347562,5.17497847794013,0.122466633079217,0.730369457118257,0.973128173766081,"Not_Significant"
"DHX30",0.144866814164015,6.01872073486286,0.122675804300058,0.730438494420351,0.973128173766081,"Not_Significant"
"SUSD3",0.248443268283168,5.82692381241986,0.122389758399062,0.730684663463365,0.973128173766081,"Not_Significant"
"DPH7",-0.278530909134867,5.35390535291761,0.121938652359821,0.731085205824163,0.973128173766081,"Not_Significant"
"ARRDC2",0.243857009431989,5.69999384883337,0.121691002933887,0.731387001284697,0.973128173766081,"Not_Significant"
"LINC01141",-0.199018292532016,6.50993285658066,0.121698809104245,0.731550729842159,0.973128173766081,"Not_Significant"
"ZNF592",-0.153209332994639,5.8713309407722,0.121541601087141,0.731639605866542,0.973128173766081,"Not_Significant"
"PTBP1",-0.189837710841233,5.68935099449262,0.12145427981703,0.731695607002093,0.973128173766081,"Not_Significant"
"MX1",0.202619860136933,5.54302144187101,0.121259444599416,0.731800510564276,0.973128173766081,"Not_Significant"
"HMGB1",0.144375138784886,7.97101276649016,0.121440376717938,0.731832354630561,0.973128173766081,"Not_Significant"
"PICALM",0.116973832946796,9.81228109613185,0.121308787391483,0.731963518549882,0.973128173766081,"Not_Significant"
"TMEM63B",-0.206086481544987,5.74707174093389,0.121133265607118,0.732050722350891,0.973128173766081,"Not_Significant"
"C1orf112",-0.209920124574267,5.66617943050241,0.121051935985365,0.732117571230173,0.973128173766081,"Not_Significant"
"KIAA1671",0.221186797354015,5.30742916603128,0.120833873654259,0.732160679587437,0.973128173766081,"Not_Significant"
"SLC22A23",0.130191769505873,7.20596428046647,0.121084149856273,0.7322111866449,0.973128173766081,"Not_Significant"
"DIRC2",-0.182043942474908,6.25786692493695,0.12105492404618,0.732212290899018,0.973128173766081,"Not_Significant"
"COBL",0.177477286591043,7.48942339179218,0.120945748864504,0.732358539801329,0.973128173766081,"Not_Significant"
"SOX6",0.159910237503621,6.40692176457752,0.120830965568214,0.732440667250449,0.973128173766081,"Not_Significant"
"PHC3",-0.135367091833261,7.37358319930703,0.120852155679738,0.732460196830169,0.973128173766081,"Not_Significant"
"ZMYM2",0.104706611708334,8.49150615801049,0.120816160094295,0.732489527136746,0.973128173766081,"Not_Significant"
"ANKS6",-0.189316522612903,5.85815727360802,0.120520439767632,0.732723397328372,0.973128173766081,"Not_Significant"
"TMLHE",0.169897364084489,6.18711755864628,0.120208368614271,0.733074957760297,0.973128173766081,"Not_Significant"
"CCNT1",0.323621463017017,5.25641937410538,0.119891309466856,0.733122842672937,0.973128173766081,"Not_Significant"
"PLXNB2",0.231559205961839,6.15859072167524,0.120032953731077,0.733251312530921,0.973128173766081,"Not_Significant"
"KCTD8",0.201712101135118,7.15503066660187,0.119880261741561,0.73348817554681,0.973128173766081,"Not_Significant"
"RAPH1",0.120855558653969,7.69189054510658,0.119830612905487,0.733543483244195,0.973128173766081,"Not_Significant"
"SLAIN1",-0.190314896122794,7.8999873989995,0.119782619729849,0.733592652465654,0.973128173766081,"Not_Significant"
"TRIM27",-0.212350981981314,5.74248089746326,0.119599161785941,0.733681916840238,0.973128173766081,"Not_Significant"
"CTSS",0.209434172456736,7.1328052220545,0.119381919274524,0.734019202617839,0.973128173766081,"Not_Significant"
"KLHL36",0.290753943627551,5.09288061445266,0.118943997394494,0.734077190470347,0.973128173766081,"Not_Significant"
"HVCN1",0.346255233751166,4.94216852564035,0.118710733479055,0.734260606809039,0.973128173766081,"Not_Significant"
"UCK2",-0.278511884860942,5.52945864816554,0.118909077723725,0.734372311345415,0.973128173766081,"Not_Significant"
"RABEP1",0.116181163454687,7.81454007417016,0.119025651689378,0.734402155645363,0.973128173766081,"Not_Significant"
"GBA2",0.222238272553591,5.48343422496481,0.118788217371047,0.734412159858629,0.973128173766081,"Not_Significant"
"NME7",0.151243430172182,6.31205968212349,0.118944732522299,0.734441107887507,0.973128173766081,"Not_Significant"
"AC091948.1",0.174334816897239,6.12083265616466,0.118887622175579,0.734473594528244,0.973128173766081,"Not_Significant"
"ODR4",0.161426071246565,6.46813972764005,0.118635260689605,0.734788196135916,0.973128173766081,"Not_Significant"
"SYT6",-0.178358206529473,5.69308945509701,0.118390868307742,0.734960077595773,0.973128173766081,"Not_Significant"
"MPDZ",0.15287376150889,7.12333129292024,0.118479788396854,0.734985884715495,0.973128173766081,"Not_Significant"
"C2CD2",-0.168626835103898,6.10538779515698,0.118107959469543,0.735339005760707,0.973128173766081,"Not_Significant"
"PHACTR3",-0.179387665822163,7.13977160637814,0.117976071150201,0.735532313829445,0.973128173766081,"Not_Significant"
"SPAG9",-0.133842012441442,7.52370457066583,0.117954327930469,0.735553655530436,0.973128173766081,"Not_Significant"
"NDUFS2",0.144344357224825,6.56606374966467,0.117918442294912,0.735566675070732,0.973128173766081,"Not_Significant"
"C2orf68",-0.207779294996762,5.27423939954189,0.117490921559966,0.735791976918706,0.973128173766081,"Not_Significant"
"OLFM2",0.246054984177754,5.70313143468412,0.117508060819211,0.735853481621069,0.973128173766081,"Not_Significant"
"ARID5A",0.246455296578387,5.7131155800049,0.117326855228051,0.736053380962469,0.973128173766081,"Not_Significant"
"FTX",0.106187618161326,9.85145905585571,0.117329671781179,0.736214676860397,0.973128173766081,"Not_Significant"
"MRPL52",-0.282656442469021,5.22585889668333,0.116970391302905,0.736341942320698,0.973128173766081,"Not_Significant"
"OS9",0.126539848711634,6.70203370983231,0.117206827652997,0.736342770966622,0.973128173766081,"Not_Significant"
"HGSNAT",0.167220290802237,6.11537601325408,0.117116323488717,0.736378226856349,0.973128173766081,"Not_Significant"
"NFATC3",0.137068624856797,7.54226480527603,0.116881368738487,0.736709163954479,0.973128173766081,"Not_Significant"
"SYNPR",0.238404475557719,6.29694491642161,0.116717339582078,0.73682822806383,0.973128173766081,"Not_Significant"
"PATJ",0.149132196994136,6.37015571115804,0.116396229608545,0.737192502754055,0.973128173766081,"Not_Significant"
"MTIF3",-0.127973187243494,6.4366304774129,0.116415563901369,0.737195046975542,0.973128173766081,"Not_Significant"
"GAL3ST4",-0.174903525640389,6.06029348067302,0.116249697002578,0.737339613287855,0.973128173766081,"Not_Significant"
"ATRN",-0.127255036322958,7.62290860524878,0.116227376722438,0.737417343071541,0.973128173766081,"Not_Significant"
"SLC35B4",0.187342129647257,5.5313656603639,0.11595597001893,0.737489812128013,0.973128173766081,"Not_Significant"
"PRKAR1A",0.147111268512851,6.64107828331062,0.116079279586634,0.737558203275234,0.973128173766081,"Not_Significant"
"AKT3",0.104038214784462,9.26657448030943,0.116069024673044,0.737579232058845,0.973128173766081,"Not_Significant"
"SHANK2",-0.214871603513648,5.91555645198056,0.115905630584936,0.737693973273402,0.973128173766081,"Not_Significant"
"AC019211.1",0.306360755067634,5.59395197722227,0.115576710403488,0.737900958750545,0.973128173766081,"Not_Significant"
"SNRK",-0.146273594787798,5.94973328394603,0.115694679407833,0.737922719936516,0.973128173766081,"Not_Significant"
"FLYWCH1",0.210589443328372,5.57338684144981,0.115474308117357,0.73802437129791,0.973128173766081,"Not_Significant"
"CACHD1",0.297394450153945,5.30697245732477,0.115339519657902,0.738058943567587,0.973128173766081,"Not_Significant"
"INPPL1",0.235113194032182,5.58899038688437,0.115394951798701,0.738112516259829,0.973128173766081,"Not_Significant"
"SNCA",0.110132175073019,8.30115766655414,0.115394614823058,0.73831656584467,0.973185199853905,"Not_Significant"
"MAML2",0.124486389563651,10.3573336445837,0.115295222358282,0.738419256150147,0.973185199853905,"Not_Significant"
"RCL1",-0.172618970745881,5.78023268053211,0.114709403046326,0.7389667809426,0.97349508644117,"Not_Significant"
"NLRC4",0.280155657186824,5.10522965172109,0.114431560938728,0.738971284987826,0.97349508644117,"Not_Significant"
"NDUFS4",0.151788471020973,6.39665381066454,0.114358557914667,0.739413774302876,0.97349508644117,"Not_Significant"
"VPS4A",-0.238645176629164,5.65922276646571,0.114224037538753,0.739477439114344,0.97349508644117,"Not_Significant"
"CRLF3",0.139883515208136,7.91124657503467,0.114225123304582,0.739596394074049,0.97349508644117,"Not_Significant"
"PIGK",0.164399021849257,6.03448609073662,0.113704266934494,0.740080218424468,0.97349508644117,"Not_Significant"
"NDUFAF5",0.223495093924819,5.25313319727365,0.113446130358642,0.740123383879638,0.97349508644117,"Not_Significant"
"PCGF3",0.158789514140871,5.75193984068121,0.113481197385785,0.740264795570961,0.97349508644117,"Not_Significant"
"KIAA1551",0.174669137217974,6.56560457920541,0.113487810920917,0.740381292628006,0.97349508644117,"Not_Significant"
"SYNGR2",-0.154822730736154,6.56040085223335,0.113226809553022,0.740684648625834,0.97349508644117,"Not_Significant"
"AKIRIN1",0.183554974215471,5.68077845943339,0.112907876498244,0.74087427901669,0.97349508644117,"Not_Significant"
"PHF20L1",-0.162589685053818,7.27992528932125,0.112919158200644,0.7410354905816,0.97349508644117,"Not_Significant"
"RASSF8-AS1",0.230333494793702,5.58696632167172,0.112619343975003,0.741156969682559,0.97349508644117,"Not_Significant"
"ROCK2",0.131339315114273,7.19385886727161,0.112801361621502,0.74116164913423,0.97349508644117,"Not_Significant"
"RAB8B",0.179222396029344,6.397017053754,0.112620091152125,0.741321820007803,0.97349508644117,"Not_Significant"
"HERC3",0.181571657820981,5.96796295872966,0.112390383152238,0.741513466941304,0.97349508644117,"Not_Significant"
"PDIA3",0.16068236394634,6.46726208044284,0.112362600617546,0.741614485532662,0.97349508644117,"Not_Significant"
"TBL1XR1",-0.10735129887459,8.37469651185471,0.112345005860889,0.741660128565328,0.97349508644117,"Not_Significant"
"RER1",0.226721913972304,5.48630764800557,0.112031201878097,0.741775880434455,0.97349508644117,"Not_Significant"
"GABRB3",0.237299414062413,6.79778328760692,0.112019099875953,0.742011391431795,0.97349508644117,"Not_Significant"
"PPARGC1B",0.170804035497486,5.54399613399362,0.111763239405368,0.742100135790199,0.97349508644117,"Not_Significant"
"KIAA0825",-0.136962085312472,6.4984038755255,0.111899620554005,0.742145354337823,0.97349508644117,"Not_Significant"
"HECTD2",-0.145119266135946,7.21733501624462,0.11184252192433,0.742224996157133,0.97349508644117,"Not_Significant"
"NUP214",0.141557070646308,6.75788424499764,0.11168766415279,0.742381458998074,0.97349508644117,"Not_Significant"
"YY1AP1",0.218448193513235,6.21360616809533,0.111326726942183,0.742728526105262,0.97349508644117,"Not_Significant"
"MLF2",0.211167847619758,6.2188362939919,0.111326893454542,0.742730513587359,0.97349508644117,"Not_Significant"
"TENT2",0.109075306916305,8.23169925863801,0.111371922597153,0.742739577630628,0.97349508644117,"Not_Significant"
"GNPTG",0.214974296225778,5.34881704790569,0.111024711846506,0.742845557778966,0.97349508644117,"Not_Significant"
"RPL4",-0.180966989889245,6.86580766199578,0.111168110493115,0.742971664390223,0.97349508644117,"Not_Significant"
"HMGN3",-0.108342052431646,7.81674242207149,0.111081426637004,0.74306542936335,0.97349508644117,"Not_Significant"
"MTRR",0.190697741259723,5.77377103660459,0.110801885665631,0.743231920103354,0.97349508644117,"Not_Significant"
"TRIT1",-0.157706314223765,5.61911478809375,0.110770741651529,0.743272551573256,0.97349508644117,"Not_Significant"
"DDX42",-0.144436769086275,5.71758570631493,0.110565359057985,0.743524642959006,0.97349508644117,"Not_Significant"
"SRSF4",0.157667883515766,6.80131971960951,0.110594769656943,0.743597426659732,0.97349508644117,"Not_Significant"
"C14orf119",-0.253273096581498,5.36785550419896,0.110296187818602,0.743733956119722,0.97349508644117,"Not_Significant"
"DCBLD2",-0.175719973130619,5.50351444970056,0.110203104741507,0.743874991507263,0.97349508644117,"Not_Significant"
"TTC28",-0.10616615396893,8.22596326649701,0.110235262288883,0.744004824868672,0.97349508644117,"Not_Significant"
"ELMSAN1",-0.179661074761568,5.94116654558708,0.110163180726244,0.744021470487865,0.97349508644117,"Not_Significant"
"RHOA",0.153843972125902,6.9700480300689,0.110082490671419,0.744175285404751,0.97349508644117,"Not_Significant"
"CIITA",-0.161354160249077,7.23565506601825,0.109827889784591,0.74446812834974,0.97349508644117,"Not_Significant"
"KBTBD12",0.124655895420571,6.78155140342909,0.109516130956369,0.744803850156703,0.97349508644117,"Not_Significant"
"COPB2",-0.196114549499489,5.82786877298565,0.109344496806812,0.744919221252505,0.97349508644117,"Not_Significant"
"SNHG25",-0.165591042388187,6.26776226295368,0.109308921958646,0.745018425829988,0.97349508644117,"Not_Significant"
"CAMKV",0.235385447988723,5.31772565405504,0.108958052769348,0.745143261183099,0.97349508644117,"Not_Significant"
"LINC00632",-0.194340478317359,6.97069919791891,0.109170821474423,0.745204262864919,0.97349508644117,"Not_Significant"
"KIF9-AS1",-0.16998523669607,6.6414198101627,0.108990821028265,0.745398616943554,0.97349508644117,"Not_Significant"
"STX8",-0.119245743816454,7.6320573371933,0.108768627987045,0.745654105751022,0.97349508644117,"Not_Significant"
"FAM196B",0.182451336145669,6.0512736638504,0.108578143073789,0.745781791118543,0.97349508644117,"Not_Significant"
"KLHDC3",0.157224462211903,5.94207534929259,0.108470877216848,0.745886598969093,0.97349508644117,"Not_Significant"
"ZNF638",0.10624192154604,8.99720364165865,0.108533769458511,0.745909759767241,0.97349508644117,"Not_Significant"
"SDHA",0.190090930297477,6.06638846848661,0.108120256114579,0.746300244806905,0.97349508644117,"Not_Significant"
"LSAMP",0.150346955431918,10.266702993477,0.108126925587041,0.74636679787898,0.97349508644117,"Not_Significant"
"NMT2",0.192205855593907,6.19231790450186,0.108071051425405,0.746375108110539,0.97349508644117,"Not_Significant"
"C1orf61",0.170031425968289,6.44695390336796,0.108084507587523,0.746390689064315,0.97349508644117,"Not_Significant"
"ANKLE2",-0.210700027150512,5.36716583935796,0.107637237973217,0.746720702297715,0.97349508644117,"Not_Significant"
"FDFT1",0.16720389368913,6.4754962522262,0.107701434348802,0.746826298445396,0.97349508644117,"Not_Significant"
"SMU1",0.252786247451206,5.16670777586641,0.107390600997591,0.746851845487395,0.97349508644117,"Not_Significant"
"STRN",-0.15096852693927,6.84282414012932,0.107586549348473,0.74698776655716,0.97349508644117,"Not_Significant"
"SPINT2",-0.328167761855025,4.97749926192889,0.107254240049289,0.746995962894405,0.97349508644117,"Not_Significant"
"CHL1",-0.187872213458773,6.75132261551874,0.107446120641383,0.747145484807885,0.97349508644117,"Not_Significant"
"DEF6",0.193096602284534,6.06391890545114,0.107311644298588,0.747215373095786,0.97349508644117,"Not_Significant"
"ENTPD1-AS1",-0.124058688624154,8.44249421306249,0.107312251789055,0.747292235633491,0.97349508644117,"Not_Significant"
"ATF6B",-0.14221026509511,6.41462244539308,0.107062299466847,0.747563920583414,0.97349508644117,"Not_Significant"
"STK17A",-0.166351308137879,6.21797769882329,0.10692688286964,0.747702496210882,0.97349508644117,"Not_Significant"
"ANXA4",0.143031531907033,7.08038143768855,0.106760218428744,0.747922630145512,0.97349508644117,"Not_Significant"
"ESRRG",-0.131367240274492,6.7887712036103,0.106750782042606,0.747934229285008,0.97349508644117,"Not_Significant"
"IRAK1",0.264078470956634,5.09635471572906,0.106377794672752,0.74797190436095,0.97349508644117,"Not_Significant"
"INO80",-0.140427638825001,6.66855920088979,0.106628280881617,0.748070110387607,0.97349508644117,"Not_Significant"
"HINT3",0.206363184725183,5.44054305744644,0.10630575090712,0.748198501545402,0.97349508644117,"Not_Significant"
"ATOX1",0.156596648342153,6.17725955920322,0.106363921736547,0.748313652681623,0.97349508644117,"Not_Significant"
"SLC1A3",0.132454727061229,11.1808564945582,0.106377203760634,0.748350794189331,0.97349508644117,"Not_Significant"
"TOMM70",0.148049720578199,5.74878624639261,0.106251218336331,0.748361666956642,0.97349508644117,"Not_Significant"
"VTI1A",0.104913164827199,8.47747114171625,0.106307553821484,0.748434508508477,0.97349508644117,"Not_Significant"
"FAF2",0.172057604305613,6.22975139440154,0.106257755954852,0.748439832347927,0.97349508644117,"Not_Significant"
"NCAM1",-0.146872211310529,8.99512202742585,0.106152749190386,0.748608312457438,0.97349508644117,"Not_Significant"
"TFCP2",-0.110203287471935,7.4323709591911,0.105632740236565,0.749212579004822,0.97349508644117,"Not_Significant"
"TIAM1",-0.108180057594108,8.05133945827658,0.105561861767113,0.749288455296645,0.97349508644117,"Not_Significant"
"TJAP1",0.173985625063243,5.95490000395782,0.105439627784831,0.749331366802934,0.97349508644117,"Not_Significant"
"DLG1",-0.127104838706887,9.13916487250643,0.105500277049622,0.749353408972215,0.97349508644117,"Not_Significant"
"RLF",-0.119282536585544,7.33840868954631,0.105433638815055,0.749440884496015,0.97349508644117,"Not_Significant"
"KIF13B",-0.134385877759895,7.20451047142491,0.105378588494726,0.749504370313696,0.97349508644117,"Not_Significant"
"IQCB1",0.139746329522671,6.88294821193666,0.105353123107067,0.749523625259356,0.97349508644117,"Not_Significant"
"SLC12A2",-0.155576071426163,7.26039234140167,0.105205191000262,0.749703107922425,0.97349508644117,"Not_Significant"
"MINDY2",-0.126213798974015,6.97387063198933,0.105078344434353,0.749847198108972,0.97349508644117,"Not_Significant"
"CDC73",0.122270338068133,6.74705832117279,0.10496520400745,0.749963827462814,0.97349508644117,"Not_Significant"
"MRPS7",0.275642933234285,5.39264349108,0.104720131444836,0.749987889120983,0.97349508644117,"Not_Significant"
"KATNAL1",-0.184649674096756,5.41485389609766,0.10459876112361,0.750202685038372,0.973542783935047,"Not_Significant"
"EDA",-0.167028925245577,6.89424058424704,0.104693926789872,0.750288218348751,0.973542783935047,"Not_Significant"
"APC2",-0.206633149705109,5.58456446943294,0.104324484672558,0.750572744015738,0.973576680462357,"Not_Significant"
"SHLD2",-0.12889930282698,6.701444855985,0.103928231463262,0.751164720148994,0.973576680462357,"Not_Significant"
"MRC1",-0.251765416661403,6.25187487319027,0.103889523030596,0.751188985790089,0.973576680462357,"Not_Significant"
"AC012358.3",-0.198898973674539,5.49389784225818,0.103633829140141,0.751343615669058,0.973576680462357,"Not_Significant"
"PGAP1",-0.220318054872033,5.37511001454175,0.103534684784037,0.751422308751481,0.973576680462357,"Not_Significant"
"SUPT6H",-0.172342353825007,5.78957551669806,0.103601972543301,0.751451378752234,0.973576680462357,"Not_Significant"
"NPY1R",0.263987847102328,5.23902771591323,0.103365359508804,0.751496750238501,0.973576680462357,"Not_Significant"
"HIST2H2BF",0.136538537642097,7.675223359158,0.103568431413566,0.751584153174272,0.973576680462357,"Not_Significant"
"TCERG1L",0.274704764362648,5.10137592242492,0.10322461957407,0.751602158213601,0.973576680462357,"Not_Significant"
"USF2",-0.179098501500825,6.07760668182231,0.103466885405876,0.751654874215409,0.973576680462357,"Not_Significant"
"MYRF",-0.196568447156663,6.45151180243853,0.103318927722808,0.75186017224763,0.973576680462357,"Not_Significant"
"NKAIN3",-0.230257601274904,6.88399644075989,0.103258844766953,0.751945091606044,0.973576680462357,"Not_Significant"
"IFIT3",-0.246862289484726,6.00884726592909,0.103108879450244,0.752064857791943,0.973576680462357,"Not_Significant"
"ZNF248",0.140479651934556,6.6684076021893,0.102940509637074,0.75229539647158,0.973576680462357,"Not_Significant"
"TAPT1",0.158930359308616,6.64928447694298,0.102847112445645,0.752401924382027,0.973576680462357,"Not_Significant"
"PTDSS2",0.17004741025317,5.41431246854787,0.102635443131843,0.752423076859293,0.973576680462357,"Not_Significant"
"CEP135",0.246886248368131,5.70027527740422,0.102413018870999,0.752758163765065,0.973739531150839,"Not_Significant"
"CPED1",0.144265235548663,8.23153765724278,0.102467346314779,0.752857186638576,0.973739531150839,"Not_Significant"
"ANKUB1",-0.134389360128957,7.23545535454648,0.102306576520757,0.753051042899276,0.973739531150839,"Not_Significant"
"PTGES3",0.137923212875858,7.32177450389539,0.1022567642537,0.753106417194765,0.973739531150839,"Not_Significant"
"KCNC1",-0.262180689529235,5.35931433492931,0.101987350877333,0.753220197501505,0.973739531150839,"Not_Significant"
"WBP2",0.138724260894374,6.38656173841298,0.102025317055451,0.753339843038723,0.973739531150839,"Not_Significant"
"TAMM41",-0.190857297519332,5.85753355955627,0.101715707485747,0.753658355650936,0.973980803567786,"Not_Significant"
"HDGFL3",0.139790185006554,6.80717198734,0.101485352205388,0.753996690336013,0.974247603902769,"Not_Significant"
"DNMT1",0.194172863189327,5.28782242583214,0.100615610306553,0.754736102467503,0.974681126777578,"Not_Significant"
"MED23",-0.170579841604824,6.26681680942224,0.100778733408491,0.754807222823574,0.974681126777578,"Not_Significant"
"C18orf25",0.179524508270958,5.56997246356666,0.100415736629822,0.755070216894968,0.974681126777578,"Not_Significant"
"TTLL7",0.127089049921771,9.09327465149092,0.100497259577651,0.755156669637786,0.974681126777578,"Not_Significant"
"RASGRP3",-0.150533422890571,6.67332690771919,0.10046227935119,0.755201468274698,0.974681126777578,"Not_Significant"
"HDHD3",-0.197439653186533,5.37676731760744,0.100247778076563,0.755258202691092,0.974681126777578,"Not_Significant"
"RAB5A",0.16721167812525,5.96524739276826,0.100116244167064,0.755517906463379,0.974681126777578,"Not_Significant"
"MDN1",-0.146586046125905,6.22814292986592,0.100116113218173,0.755581327076994,0.974681126777578,"Not_Significant"
"ARHGAP45",-0.219450205437864,5.94813177581518,0.100042692226828,0.755639684783256,0.974681126777578,"Not_Significant"
"FAM96A",-0.232017919829124,5.25669251997598,0.0997836718723396,0.755764905100472,0.974681126777578,"Not_Significant"
"CEP68",-0.209380586982011,5.4796890105207,0.0998319522394936,0.75578360554785,0.974681126777578,"Not_Significant"
"NDST3",0.195177900335748,6.12287664574845,0.0995633492848341,0.756193741758564,0.974699040529708,"Not_Significant"
"LUZP1",-0.114122539419996,6.76827507328358,0.0996075465331823,0.756210816789077,0.974699040529708,"Not_Significant"
"AC087286.2",0.184896744144037,6.03800164463536,0.0994523027315756,0.756313079331515,0.974699040529708,"Not_Significant"
"LMBR1",-0.135632402217522,6.6777026142964,0.0995088847151105,0.75632528771034,0.974699040529708,"Not_Significant"
"AL138733.1",0.191865132670601,5.57963046136194,0.0987137094842369,0.75708414840859,0.975386531973406,"Not_Significant"
"ZNF704",-0.170058873194341,6.83602411200947,0.0988397071381205,0.757122833942806,0.975386531973406,"Not_Significant"
"PPP1CC",-0.171708478559005,5.78994287758368,0.0984438325483872,0.757501088650714,0.97567798421168,"Not_Significant"
"TSNARE1",0.153729643270205,5.53092746284854,0.0981963503298562,0.757690393691341,0.97567798421168,"Not_Significant"
"TSPAN3",-0.139960069907591,6.26143689784759,0.0982267684337643,0.757821961324831,0.97567798421168,"Not_Significant"
"PSMA7",-0.146248018826329,6.16740738623988,0.0981728604991371,0.757877389116911,0.97567798421168,"Not_Significant"
"TNPO2",-0.171372480505526,6.16218788640555,0.0979616210666429,0.758130743083001,0.975834082445396,"Not_Significant"
"TMC7",-0.192929010555196,5.59484666556298,0.0976956142915281,0.758350926335595,0.975947437777184,"Not_Significant"
"TUBG2",-0.197980729204401,5.27900571696435,0.0973962458058251,0.75860951321476,0.976110167935452,"Not_Significant"
"SASH1",0.203699436783331,7.22741641533912,0.0973705880942656,0.758871181071867,0.976276805046653,"Not_Significant"
"RUNDC3A",-0.188691530844308,5.59788560451301,0.0969895137527977,0.759196621290763,0.976383984653448,"Not_Significant"
"KCNH1",-0.221131458816449,5.66666915916391,0.0969715747217871,0.759238765735381,0.976383984653448,"Not_Significant"
"TMEM51",-0.154878205353555,6.3560048476273,0.096901761675862,0.759413868966861,0.976383984653448,"Not_Significant"
"ZER1",-0.133256160162142,6.61471407659328,0.0967486993039658,0.75961118152586,0.976383984653448,"Not_Significant"
"OSBP2",-0.16736436542265,6.87001854012281,0.0964918608046263,0.75992752196545,0.976383984653448,"Not_Significant"
"SDAD1",0.15991529470056,5.95384558284279,0.0963328408620991,0.76002313433826,0.976383984653448,"Not_Significant"
"EML4",0.12965076883816,7.78396366426232,0.0961081087978771,0.760387748848556,0.976383984653448,"Not_Significant"
"SNRNP40",0.190871273793433,5.46136663659256,0.0958018168793904,0.760537133816856,0.976383984653448,"Not_Significant"
"PTMS",-0.221588496893869,5.57421190212439,0.0958620308718098,0.760551058670935,0.976383984653448,"Not_Significant"
"DAD1",0.225215810298291,5.485941983561,0.0956972065395502,0.760666377021707,0.976383984653448,"Not_Significant"
"KCMF1",-0.111681761771408,6.44893194580514,0.0956195194934167,0.760962117099463,0.976383984653448,"Not_Significant"
"PDGFRB",-0.323307657508532,4.87316781065466,0.0951855618416592,0.761101964091438,0.976383984653448,"Not_Significant"
"BTF3",0.198274974311387,6.25806533204382,0.0954412140516206,0.761141387887543,0.976383984653448,"Not_Significant"
"TMED10",0.117434132330802,6.98654165824157,0.0954554509235326,0.761173020116421,0.976383984653448,"Not_Significant"
"SNRPC",-0.236247831769119,5.13074344487543,0.0951808769695573,0.761222139924965,0.976383984653448,"Not_Significant"
"CWC22",-0.158404773043295,5.97470814646126,0.0952365512572973,0.761381410298536,0.976383984653448,"Not_Significant"
"MRNIP",-0.214525810792968,5.49065777393958,0.0947767634692361,0.761841677468099,0.976383984653448,"Not_Significant"
"ASAP1",-0.108147087525519,8.02038441420927,0.0946474937398459,0.762153031715598,0.976383984653448,"Not_Significant"
"ANGPT2",-0.203406155935613,5.8230044644993,0.0942555411439854,0.762551759898125,0.976383984653448,"Not_Significant"
"GGA3",-0.204558506453591,5.77633033826926,0.0941016401884484,0.762731568154377,0.976383984653448,"Not_Significant"
"LINC01505",0.138000582042542,6.29794676816878,0.0940600809235535,0.762827981910213,0.976383984653448,"Not_Significant"
"GRIK5",0.317764610134817,4.92513396651997,0.0935468445051923,0.76306993171147,0.976383984653448,"Not_Significant"
"PAIP2",-0.133007587141642,6.59702411644299,0.0937434757137666,0.763249805748673,0.976383984653448,"Not_Significant"
"NRXN3",-0.161176429533267,9.71151117326473,0.0935327708058372,0.763505907057847,0.976383984653448,"Not_Significant"
"SEC23IP",-0.13492584032612,5.88493442112264,0.0933668004829982,0.763642411221878,0.976383984653448,"Not_Significant"
"FNBP1L",0.137070948156936,7.10994047008757,0.0932944285212667,0.763804955201718,0.976383984653448,"Not_Significant"
"FBXO21",-0.119994082295576,6.33399656401304,0.0932039413281523,0.76389422115579,0.976383984653448,"Not_Significant"
"DDX3X",-0.140863187144297,6.47511685111438,0.09320187212944,0.763907148718046,0.976383984653448,"Not_Significant"
"AKAP13",0.108608624876007,8.97748932887496,0.0929307641657634,0.764244977575338,0.976383984653448,"Not_Significant"
"MFSD8",0.203645108105351,5.43920398603377,0.092701782043988,0.764307119117783,0.976383984653448,"Not_Significant"
"ARFGEF1",0.106441838781318,7.56502621162611,0.0928384873061067,0.764366168546927,0.976383984653448,"Not_Significant"
"FYTTD1",-0.157637990725882,5.7129594232443,0.0926921253296304,0.764440108067121,0.976383984653448,"Not_Significant"
"KCNQ1OT1",-0.144893219785548,6.92484153743065,0.0926949973367655,0.764543295154978,0.976383984653448,"Not_Significant"
"CCDC88B",-0.216494228317016,5.48964829962232,0.0925279617694107,0.764592105579565,0.976383984653448,"Not_Significant"
"TMEM241",0.14053162042179,6.54002751863638,0.0925651956305555,0.764678959315481,0.976383984653448,"Not_Significant"
"C6orf89",0.133430487468817,6.18107214065707,0.0923909281555406,0.764860304221418,0.976383984653448,"Not_Significant"
"TNFRSF10D",-0.184493605396414,5.6885199701779,0.0923137038487605,0.764903194554867,0.976383984653448,"Not_Significant"
"FRYL",0.116321025436605,8.97639640375382,0.0923165683500326,0.765000279932518,0.976383984653448,"Not_Significant"
"RPS23",-0.13448553950099,7.99951756143506,0.0922637779930129,0.765070095012069,0.976383984653448,"Not_Significant"
"MSANTD2",0.168973271020376,5.67103137743061,0.092069094656785,0.765159285486974,0.976383984653448,"Not_Significant"
"CPA6",0.182200433901985,5.55256671958074,0.0919325974843585,0.765293471299907,0.976383984653448,"Not_Significant"
"SH3TC2",-0.192977459577407,6.30535455073082,0.0919185386960319,0.76547692905228,0.976383984653448,"Not_Significant"
"BASP1",0.111527646089951,7.84789720017792,0.0919135909582283,0.765503646869807,0.976383984653448,"Not_Significant"
"SACS",0.139613604203042,6.02645555092254,0.0916640470560942,0.765735249954636,0.976383984653448,"Not_Significant"
"XBP1",-0.181746660504969,5.60298558035525,0.0913760467441839,0.766041800340105,0.976383984653448,"Not_Significant"
"TNFRSF25",-0.221670345096268,5.47091322927187,0.0913325751220571,0.766065273174689,0.976383984653448,"Not_Significant"
"ZNF7",0.181859991579236,5.67032151801977,0.0912133198256083,0.766215878387889,0.976383984653448,"Not_Significant"
"ZBTB38",0.148342733846694,6.74621116104411,0.0913049695063525,0.766245950970232,0.976383984653448,"Not_Significant"
"TCP1",-0.186156206170118,5.51068145167134,0.0911898661113367,0.766248930195918,0.976383984653448,"Not_Significant"
"ST3GAL5",0.151694791493475,7.09210541025324,0.0912363754996616,0.766340521077106,0.976383984653448,"Not_Significant"
"POLR1D",-0.135890570177536,5.95612526644022,0.0909042703101716,0.766691765871801,0.976383984653448,"Not_Significant"
"PLAA",0.184043122433046,5.5290971817578,0.0905511393276881,0.767000213839789,0.976383984653448,"Not_Significant"
"KDM3B",-0.118301421510053,6.67830449495255,0.0904406683539617,0.76732687075726,0.976383984653448,"Not_Significant"
"PDE9A",-0.155095082402906,5.95849644945197,0.0902993771794052,0.767446885701356,0.976383984653448,"Not_Significant"
"PCDH9",-0.14578801143865,12.017105879477,0.0901058564049195,0.767739951950557,0.976383984653448,"Not_Significant"
"BTBD10",-0.123056557504814,6.63223190530219,0.0901077469772427,0.767740567313234,0.976383984653448,"Not_Significant"
"ARF4",0.158974645730059,6.01834435056338,0.0899833571955726,0.767822323698427,0.976383984653448,"Not_Significant"
"NAALAD2",0.238687512413743,5.36616783881542,0.0898167481688716,0.767859531196186,0.976383984653448,"Not_Significant"
"FGF12",0.178003394361988,8.26508007646126,0.0897320858297526,0.768212588433627,0.976383984653448,"Not_Significant"
"EFCAB7",0.190656144615887,5.57904261712418,0.0895630520165666,0.768249669309951,0.976383984653448,"Not_Significant"
"PARP16",0.236713873736902,5.21912222358433,0.0892910886350289,0.76846758829688,0.976383984653448,"Not_Significant"
"ATP1B3",-0.109482278191761,7.04000047502703,0.0894825752346128,0.768530624752666,0.976383984653448,"Not_Significant"
"SENP6",0.096080136582743,8.10620250246932,0.0894646281890685,0.768548364033194,0.976383984653448,"Not_Significant"
"LINC00476",-0.161081621618953,6.11744404931444,0.0893821639285307,0.76861453504651,0.976383984653448,"Not_Significant"
"CEP162",0.157001489246676,6.30957074506255,0.0892657661359696,0.768759054116917,0.976383984653448,"Not_Significant"
"ZHX2",0.098682298929541,7.22006604743911,0.0891706819830098,0.76892017451004,0.976383984653448,"Not_Significant"
"STX12",-0.131844494474568,6.90248954130132,0.0891478542722713,0.768949450068514,0.976383984653448,"Not_Significant"
"ELP4",-0.105603041239887,7.33617192288869,0.0890062792062229,0.769128746648172,0.976383984653448,"Not_Significant"
"C2orf69",-0.221221287263409,5.46324108610816,0.0888681196763562,0.76914219211413,0.976383984653448,"Not_Significant"
"KLHL42",0.157652480052915,5.85267692563147,0.0885727093838687,0.769563683247395,0.976383984653448,"Not_Significant"
"CRYAB",-0.100819123516323,9.13746417313398,0.0885628150456217,0.769676714270881,0.976383984653448,"Not_Significant"
"NPIPB5",-0.183627850743036,5.68513057441923,0.0883425227937286,0.769855891069556,0.976383984653448,"Not_Significant"
"CHD6",0.0963979121605326,7.64875724201907,0.0884057291730966,0.769882798456498,0.976383984653448,"Not_Significant"
"TRANK1",0.113290510183705,6.69439210210634,0.0883863607745877,0.769894720556539,0.976383984653448,"Not_Significant"
"TRRAP",0.127719413553751,6.6740170747837,0.0883413342726785,0.769949946442272,0.976383984653448,"Not_Significant"
"FBXW8",0.146074019808996,5.74869583053117,0.088133176059147,0.770097630197205,0.976383984653448,"Not_Significant"
"STAM2",0.170234232931137,6.10251229798019,0.0881258660012357,0.770168421002148,0.976383984653448,"Not_Significant"
"PLIN3",0.216218318281413,5.24844121699379,0.0878971233801161,0.770237547727921,0.976383984653448,"Not_Significant"
"AC044781.1",-0.169198851751345,7.78239485828085,0.0879854813532563,0.770412779812697,0.976383984653448,"Not_Significant"
"CTTN",-0.156825610659728,6.07450409314389,0.0878842928052027,0.770496447700139,0.976383984653448,"Not_Significant"
"HECTD1",0.0963213922786794,7.48396065151924,0.087898003797964,0.770524875413601,0.976383984653448,"Not_Significant"
"PIEZO2",-0.137623414206278,7.06229896930336,0.0877672747285688,0.770692028472289,0.976383984653448,"Not_Significant"
"BRIX1",0.227961146083701,5.53232902384646,0.0875464804197652,0.770772995523935,0.976383984653448,"Not_Significant"
"INTS9",0.150938223404991,5.63122446496429,0.0874781320868716,0.770898542591338,0.976383984653448,"Not_Significant"
"ETFA",-0.139441783305795,6.31668057945702,0.0874459158451134,0.771074542802079,0.976383984653448,"Not_Significant"
"CNTNAP5",0.158368474848378,7.37104232640448,0.087342919749325,0.771227995451476,0.976383984653448,"Not_Significant"
"LARP4B",0.099359898316908,7.46140853622212,0.0872195297263543,0.771385277674769,0.976383984653448,"Not_Significant"
"DTNA",-0.123855847537091,9.39026701701244,0.0871584292195956,0.771453962408108,0.976383984653448,"Not_Significant"
"PPP3CB",-0.108662122407081,6.88211038493352,0.0869777077880907,0.771692044133326,0.976383984653448,"Not_Significant"
"SCAI",-0.115003647653485,6.76414841484007,0.0869441415088888,0.771732470478097,0.976383984653448,"Not_Significant"
"CTNNBIP1",0.168932662653493,5.64397099414211,0.0867297051818113,0.771852065570507,0.976383984653448,"Not_Significant"
"POLK",0.108746672754286,7.42945330683103,0.0866728928901894,0.772081099821377,0.976383984653448,"Not_Significant"
"MYH10",0.183131855888173,5.77681917818741,0.0865597971253485,0.772098340439175,0.976383984653448,"Not_Significant"
"TRAM1",-0.138647854696728,6.17123068334438,0.0866295480508535,0.772100569077194,0.976383984653448,"Not_Significant"
"ALS2",-0.133799157858275,5.63685526486617,0.0864419157746409,0.772254341683558,0.976383984653448,"Not_Significant"
"COL5A3",0.292556554249654,6.42694437800851,0.0865024883508596,0.772257614860152,0.976383984653448,"Not_Significant"
"SLC12A9",-0.138923636328349,5.89410477641771,0.086470929695227,0.772267808266641,0.976383984653448,"Not_Significant"
"GNAL",0.274692622269325,5.2457892474288,0.0860224390118776,0.772620919421687,0.976383984653448,"Not_Significant"
"C8orf34",0.183921982518149,5.28040757362209,0.0859132758205547,0.772784236024095,0.976383984653448,"Not_Significant"
"DHX9",-0.153761790852558,6.57742069794482,0.0859317491645245,0.773020696843466,0.976383984653448,"Not_Significant"
"TOPBP1",-0.192769390476266,5.48316707544731,0.085534551808046,0.773384980317026,0.976383984653448,"Not_Significant"
"RAI1",-0.160235922858766,5.6172746805777,0.0854355431579742,0.773542731956204,0.976383984653448,"Not_Significant"
"GAREM1",-0.105655466865767,8.03366332321635,0.0853870225264865,0.773724085187445,0.976383984653448,"Not_Significant"
"DNM1",-0.146109086512851,6.95597489141795,0.0853783501498875,0.773739569067122,0.976383984653448,"Not_Significant"
"CDR2",-0.126318331300656,6.67463606849861,0.0853550584936521,0.773763311432284,0.976383984653448,"Not_Significant"
"USP8",0.10706911567267,7.01634809561155,0.085284617082569,0.773856186411866,0.976383984653448,"Not_Significant"
"ZNF780B",0.107038394929664,6.48161128794458,0.0852105224888504,0.773930215382046,0.976383984653448,"Not_Significant"
"CCNL1",0.131213890341465,6.91466127774599,0.0850238378779558,0.774189258883296,0.976383984653448,"Not_Significant"
"NDUFAF2",0.117321423625568,6.57650003074779,0.0846975742199342,0.774596975108659,0.976383984653448,"Not_Significant"
"CLIP1",-0.111007461159649,6.9188699106215,0.0846245119735116,0.774710120246258,0.976383984653448,"Not_Significant"
"THSD4-AS1",-0.145341129530215,5.62814148821584,0.0845234097126099,0.77472012095951,0.976383984653448,"Not_Significant"
"KHDRBS1",-0.0933997642743249,7.00024366070001,0.0845898750833355,0.774755491767481,0.976383984653448,"Not_Significant"
"HADHA",0.143399132009793,6.2805926594911,0.0843912089817963,0.774968600318134,0.976383984653448,"Not_Significant"
"STAM",-0.135424989616304,5.80663850905247,0.0843274166510286,0.775009130326139,0.976383984653448,"Not_Significant"
"ME1",0.189439606913592,5.66030546048821,0.0842748817456655,0.775009287078677,0.976383984653448,"Not_Significant"
"SLC25A25",-0.174399447832197,5.51906453825676,0.0842447280803869,0.775056552372479,0.976383984653448,"Not_Significant"
"USP42",0.152958535423905,5.85051309515977,0.0839878216859591,0.775428209394901,0.976383984653448,"Not_Significant"
"NFX1",-0.10780133733764,6.91252131130419,0.0839790900868059,0.77554545208776,0.976383984653448,"Not_Significant"
"NDRG3",-0.10698334185763,6.36829513483646,0.0839064120921214,0.775619251403741,0.976383984653448,"Not_Significant"
"NAA50",0.134537897438591,6.41465138844375,0.0838263390019219,0.775713188950329,0.976383984653448,"Not_Significant"
"EMC10",-0.127044360051756,6.66335873621411,0.0837955027410163,0.775778649555582,0.976383984653448,"Not_Significant"
"WASL",-0.11739957734567,6.12642447572466,0.0835323957645378,0.77608480445168,0.976383984653448,"Not_Significant"
"GRIA1",0.142426316199159,6.73174040830948,0.0834151504342177,0.776266400651926,0.976383984653448,"Not_Significant"
"NUDT14",-0.171310514061943,5.42557166654772,0.0830889111328773,0.776533401675173,0.976383984653448,"Not_Significant"
"HERC2",0.0997309044668671,7.61899114559897,0.0831885001629676,0.77657357291925,0.976383984653448,"Not_Significant"
"ZNF100",0.167920093804612,5.65688358279166,0.0829332491048961,0.776758007570136,0.976383984653448,"Not_Significant"
"USP4",-0.124437849359148,6.62258915448611,0.0829036189862714,0.776938903350219,0.976383984653448,"Not_Significant"
"ZNF385D",-0.119716229279447,6.24961281273427,0.082872302725972,0.776957466408969,0.976383984653448,"Not_Significant"
"ARNT2",-0.138747648253427,6.82098927834817,0.0828099887873869,0.777067049846301,0.976383984653448,"Not_Significant"
"KCTD20",0.13802220762375,5.63484796847697,0.0823739636204907,0.777488798285094,0.976383984653448,"Not_Significant"
"PLCL1",0.138076020054757,9.19434756857091,0.0824216045478219,0.777568422800307,0.976383984653448,"Not_Significant"
"ZNF814",0.183397526557713,5.77769859506187,0.0823146445443812,0.777593154065253,0.976383984653448,"Not_Significant"
"HTRA1",-0.138079285526353,7.87743790805895,0.0823891220586166,0.777616976841737,0.976383984653448,"Not_Significant"
"KCTD1",-0.180035866589709,6.26146962817873,0.0823630352353069,0.777628251095476,0.976383984653448,"Not_Significant"
"COX19",-0.116165792746799,5.98824707670325,0.0823262998280578,0.777643954803841,0.976383984653448,"Not_Significant"
"GALC",0.167985240527428,5.56165980959059,0.0822038957269344,0.777689685752225,0.976383984653448,"Not_Significant"
"SRGAP2C",0.136843662502918,8.83529546138925,0.0823175035546516,0.777705887618428,0.976383984653448,"Not_Significant"
"WRB",-0.201573103050404,5.48480278147668,0.0821818833653676,0.777742614642648,0.976383984653448,"Not_Significant"
"CRTC3",0.117613124569636,6.30987466408834,0.0822312356470658,0.777787733151416,0.976383984653448,"Not_Significant"
"KIAA1468",0.097992304241599,7.5928371842269,0.0821345949664669,0.77795273739122,0.976383984653448,"Not_Significant"
"GNL3",0.189455085825157,5.87710678049909,0.0819372159530165,0.778108715263654,0.976383984653448,"Not_Significant"
"NBPF1",0.157756218105936,6.35352578225315,0.0819850057839342,0.778112818123376,0.976383984653448,"Not_Significant"
"HCN1",0.198925561628389,6.58672274600447,0.0819367765625559,0.778190629309836,0.976383984653448,"Not_Significant"
"PSMD5",0.130920284412898,5.83342619137726,0.0817827313066565,0.778310149561316,0.976383984653448,"Not_Significant"
"MTHFD1L",-0.10353961227489,8.91196327444302,0.0817622610796714,0.778434855693127,0.976383984653448,"Not_Significant"
"MAP3K5",0.112074052208987,8.77414835426113,0.0815635901828936,0.778697322498394,0.976383984653448,"Not_Significant"
"DTWD2",-0.126259357572335,5.99911564729691,0.0814188240853106,0.778840278590222,0.976383984653448,"Not_Significant"
"TRIM38",-0.145484368244185,5.96597096142625,0.0812461235716911,0.779065223197638,0.976383984653448,"Not_Significant"
"IL13RA1",-0.14731201044626,7.42485637291004,0.0812846673893773,0.77907343967238,0.976383984653448,"Not_Significant"
"NDUFAF6",-0.108831541859253,6.73654884076387,0.0808928777226693,0.779586461377034,0.976383984653448,"Not_Significant"
"MARF1",0.13067083750589,5.92236251769006,0.0807418570884665,0.779701767105026,0.976383984653448,"Not_Significant"
"SNHG8",-0.164134618133034,5.69920049906378,0.0806943214146764,0.779752226916969,0.976383984653448,"Not_Significant"
"HEXB",0.161665471523452,6.22983718946005,0.080488940857122,0.780077232534772,0.976383984653448,"Not_Significant"
"SECISBP2",-0.106546082772122,6.84413882208069,0.0804826366950387,0.780132846348776,0.976383984653448,"Not_Significant"
"HPCAL4",0.281350325472795,5.00217700206616,0.0801570519659829,0.780198450470618,0.976383984653448,"Not_Significant"
"KIAA1324L",-0.165182625796622,6.32103138853458,0.0804040733209265,0.780217373149274,0.976383984653448,"Not_Significant"
"SRSF5",-0.102362645590019,8.31557772329503,0.0803267831936235,0.780336040659415,0.976383984653448,"Not_Significant"
"ADAMTS9-AS2",0.220898988529201,5.30717981638519,0.0801228827321421,0.780358274049185,0.976383984653448,"Not_Significant"
"RPL23",0.177165957068654,6.70785567597684,0.0802234777007077,0.78046435614422,0.976383984653448,"Not_Significant"
"THEMIS2",0.218445177992618,5.79456467325672,0.0801277694074594,0.780483844099913,0.976383984653448,"Not_Significant"
"GIMAP8",0.21604506303458,5.47859060803285,0.0797949135101675,0.780850390668171,0.976383984653448,"Not_Significant"
"ADAMTS10",-0.129541015567392,5.99698994649656,0.0798057666137693,0.780980486915544,0.976383984653448,"Not_Significant"
"MIPOL1",0.130938987737875,6.16078614959492,0.0797226654289654,0.7810913818783,0.976383984653448,"Not_Significant"
"MAST3",-0.106898236439619,6.77083406089384,0.0796931244244866,0.781182210367695,0.976383984653448,"Not_Significant"
"SPOCK3",-0.167103336437698,8.99331257971026,0.0796302526165582,0.781261229971578,0.976383984653448,"Not_Significant"
"TRIM36",-0.186664669127904,5.50951278685438,0.0795067026857125,0.781292780477586,0.976383984653448,"Not_Significant"
"RAPGEF3",-0.176132197787078,5.60696577026827,0.0794655612484975,0.781370256960431,0.976383984653448,"Not_Significant"
"MGAT4A",-0.0985736542735831,8.67265000045578,0.0795487308048452,0.781371134461588,0.976383984653448,"Not_Significant"
"ZNF91",0.110073563506095,6.72552662012994,0.0794529219925718,0.781495092886319,0.976383984653448,"Not_Significant"
"B3GAT3",-0.164632964956865,5.61409878480913,0.0793653666311697,0.781505154755319,0.976383984653448,"Not_Significant"
"CTDSPL2",-0.107673108945315,6.73024598099123,0.0794121511595346,0.781556586064145,0.976383984653448,"Not_Significant"
"FBXL3",0.12281058364415,6.26650899428708,0.0791546709973928,0.781863182917922,0.976580390417427,"Not_Significant"
"MTA3",0.121786577058422,6.68365932333002,0.0790904672030147,0.781978206216202,0.976580390417427,"Not_Significant"
"GRM7",0.161131291645666,7.55216391764291,0.078736851714093,0.782465260681722,0.976718390172022,"Not_Significant"
"FTO",0.0817531690035746,8.42630873666639,0.0786467803159549,0.782581456524719,0.976718390172022,"Not_Significant"
"MPPED2",-0.218742673942694,5.39058674678419,0.078516920267543,0.782591507427974,0.976718390172022,"Not_Significant"
"ABL1",-0.0937154897309806,7.18655065895556,0.0785462692714931,0.782723443680711,0.976718390172022,"Not_Significant"
"DIAPH2-AS1",-0.125425571573306,6.32902800608805,0.0785090569140685,0.782749813160738,0.976718390172022,"Not_Significant"
"MANBA",-0.111809270053294,7.63550272349527,0.078322918562335,0.783022409541933,0.97672229569748,"Not_Significant"
"ARHGDIA",0.146325726504481,5.74579397506367,0.0781325995100791,0.783157431614033,0.97672229569748,"Not_Significant"
"NBPF19",-0.132495527548141,5.80848956144112,0.0781131037934856,0.783223808430759,0.97672229569748,"Not_Significant"
"ENG",-0.154071917190781,6.40250587663611,0.0780319005310453,0.783399311967084,0.97672229569748,"Not_Significant"
"PNRC1",-0.140454230300534,6.50608257843375,0.0778581066620303,0.783638944944011,0.97672229569748,"Not_Significant"
"FRG1",-0.186175738952033,5.38485817673044,0.0775800660493889,0.783852191694181,0.97672229569748,"Not_Significant"
"EIF3B",0.165101984952446,5.55996046906268,0.0775734889897058,0.783867664710249,0.97672229569748,"Not_Significant"
"RIPOR2",0.192394651478108,5.56078567298258,0.077474005705365,0.783998432133652,0.97672229569748,"Not_Significant"
"NAT9",-0.187010961302821,5.90448476200883,0.0774997934121803,0.784072483051565,0.97672229569748,"Not_Significant"
"TRIM23",-0.127314870457349,5.82268531304339,0.0774852594265392,0.784075160888866,0.97672229569748,"Not_Significant"
"STYXL1",0.174020663259298,5.77082411371408,0.0771206185111999,0.784529538473945,0.976749429457918,"Not_Significant"
"DST",0.0935449989562358,9.66334415178903,0.0770500844180706,0.784736628977871,0.976749429457918,"Not_Significant"
"ITGB4",0.307341221726853,4.90472295319753,0.0767503218448291,0.784759091257837,0.976749429457918,"Not_Significant"
"PRCC",-0.170005230661967,5.29910676631384,0.0768777354189058,0.784777392967302,0.976749429457918,"Not_Significant"
"KCNK1",0.194423535904394,5.88145968720026,0.0768979211218886,0.784852041743468,0.976749429457918,"Not_Significant"
"COPB1",-0.164232307194982,6.45977416342883,0.0769322323372638,0.784893245349141,0.976749429457918,"Not_Significant"
"PHACTR4",-0.091282529029136,7.47246843276669,0.0768309874267315,0.785044021824888,0.976749429457918,"Not_Significant"
"LIMCH1",-0.146575872607625,8.62007778774042,0.0764909081816366,0.785500210211167,0.976749429457918,"Not_Significant"
"TUBGCP5",-0.19376573217241,5.30510467280291,0.0762978961663728,0.785573345003042,0.976749429457918,"Not_Significant"
"SH3GL2",-0.158940504308772,6.48176520872713,0.0764303692570466,0.785577964407634,0.976749429457918,"Not_Significant"
"PAPSS1",0.114218281310663,6.48872609474661,0.0763574843912772,0.785666012428057,0.976749429457918,"Not_Significant"
"KLHL22",-0.154635326110045,5.70624443165972,0.0762899129694418,0.785683648279268,0.976749429457918,"Not_Significant"
"PITPNM2",-0.166036153615472,5.52394654331931,0.0761397540837547,0.785850058733842,0.976791920556435,"Not_Significant"
"EPHA4",-0.136721662551613,6.40022050874436,0.0758438955202348,0.786375200880881,0.976974317307898,"Not_Significant"
"GSTO1",-0.148169913350077,5.71487249243854,0.0756685000759606,0.786536495953847,0.976974317307898,"Not_Significant"
"SATB2",0.169973600992213,6.72250893235574,0.0756983612382477,0.786578311811467,0.976974317307898,"Not_Significant"
"LZTR1",0.185612936524019,5.18424061696726,0.0754596225920098,0.786637016176046,0.976974317307898,"Not_Significant"
"HAPLN2",0.251834010692621,5.43617523562842,0.0754452793605858,0.786727360922126,0.976974317307898,"Not_Significant"
"THOC2",0.105006360490876,7.2484249165753,0.0752873396430093,0.787155938668336,0.976974317307898,"Not_Significant"
"ERC1",0.0844319717246571,8.31488505521015,0.0752088113890177,0.787259882413161,0.976974317307898,"Not_Significant"
"LRRC37A2",0.200072827916473,5.46788689317687,0.0750691504912736,0.787263204415267,0.976974317307898,"Not_Significant"
"GTF3C5",-0.219007549068078,5.10801228400051,0.0749398084517729,0.787369685052066,0.976974317307898,"Not_Significant"
"DDX10",0.109375012824743,6.85449690120767,0.0750014295810501,0.787543894117512,0.976974317307898,"Not_Significant"
"HIPK2",-0.140230261683667,7.5224740247457,0.0749832643457947,0.787575912057665,0.976974317307898,"Not_Significant"
"PPM1H",-0.108683839225853,7.01669866574299,0.0749761650995155,0.787585984821996,0.976974317307898,"Not_Significant"
"ANO3",-0.230791804821883,5.16036850946073,0.0747083080149699,0.787716127505867,0.976974317307898,"Not_Significant"
"NRP1",0.108243679727741,6.98054622424734,0.0746723169354301,0.788001257740121,0.977163889697209,"Not_Significant"
"GABARAPL1",-0.176233499526426,5.76860015495604,0.0742999637342751,0.788437254623371,0.977291606757236,"Not_Significant"
"MAF1",-0.207221283954338,5.35385523033813,0.0741131069400088,0.788602274482853,0.977291606757236,"Not_Significant"
"NOVA1",-0.11601953027059,7.60565284140454,0.0742243912331837,0.788625015408405,0.977291606757236,"Not_Significant"
"TENT4B",0.132259085616581,6.14358662026619,0.0741059295360246,0.788735286139396,0.977291606757236,"Not_Significant"
"FAM217B",-0.114253004440344,6.19182099055256,0.0740994478160786,0.788765745158609,0.977291606757236,"Not_Significant"
"DNAJA1",-0.113569058823443,6.49698496266232,0.0738746298945294,0.789098861101265,0.977540380170224,"Not_Significant"
"TIMP3",-0.217666967905773,5.57455865710904,0.0736435612288198,0.789315752077459,0.977645114117403,"Not_Significant"
"FGFR1OP",0.169722645380376,5.44624165826399,0.072876661417669,0.790310748592731,0.978467892702625,"Not_Significant"
"LYVE1",-0.206435080027754,5.88806770767249,0.0729332031328131,0.790363394285235,0.978467892702625,"Not_Significant"
"FBN1",0.193441280410665,5.973805641403,0.0729032062096653,0.790384059672019,0.978467892702625,"Not_Significant"
"UBE2R2",-0.119840563356431,7.34124557507854,0.0728089701953145,0.790599885381396,0.978467892702625,"Not_Significant"
"DCAF17",-0.144050583748519,5.72876922518888,0.0727125149078331,0.790642324562335,0.978467892702625,"Not_Significant"
"CBFB",0.109886332785575,7.09991223462914,0.0726752301191566,0.790784335148579,0.978479712519691,"Not_Significant"
"PWAR6",-0.161453135170287,6.56979970177832,0.0723392808368373,0.791250527862163,0.978552333064733,"Not_Significant"
"ZNF804B",-0.21856143702436,5.73829496393523,0.0722749433240926,0.791264728214265,0.978552333064733,"Not_Significant"
"KIF21A",0.140354756952242,6.53306364216298,0.0722918607372023,0.791303793152529,0.978552333064733,"Not_Significant"
"MNAT1",-0.0929947970353198,7.33495356509202,0.0722584584704885,0.79137290344236,0.978552333064733,"Not_Significant"
"TSHZ2",-0.189666765379969,6.20364508039593,0.0720933533013028,0.791576382074699,0.978640122909758,"Not_Significant"
"ERO1A",0.131906478885384,5.83436487759709,0.0716897314647577,0.7920753255877,0.978958778695492,"Not_Significant"
"CAPN7",0.115713048283313,6.70977857116161,0.0714074341836979,0.792561816743251,0.978958778695492,"Not_Significant"
"TREM2",0.181172330221133,7.48699007842014,0.0714017167677788,0.792580614193446,0.978958778695492,"Not_Significant"
"PTPRN2",0.164973686696228,6.75209201846847,0.0713232420937394,0.792680839802126,0.978958778695492,"Not_Significant"
"TTN-AS1",-0.113236634084371,6.56043525955265,0.071297274655357,0.792719987791415,0.978958778695492,"Not_Significant"
"SLC35F1",0.127265181406977,7.13772450785911,0.0711039711456311,0.793001733755914,0.978958778695492,"Not_Significant"
"PRKX",0.129414779561447,6.29212438621393,0.0709991139735161,0.793114593645375,0.978958778695492,"Not_Significant"
"GRIN2A",-0.1562261556923,7.41644676272414,0.0709502317191827,0.793222864820613,0.978958778695492,"Not_Significant"
"ISOC2",-0.266259379150629,4.74397292294508,0.0706479306602396,0.793235778093629,0.978958778695492,"Not_Significant"
"RBM19",0.171698213609891,5.2725580462464,0.0706825995262847,0.793359549707652,0.978958778695492,"Not_Significant"
"UHRF1BP1L",0.0963993355167505,6.52768428114168,0.0706822046136916,0.793584148167959,0.978958778695492,"Not_Significant"
"SEPT8",-0.154968372381139,6.31174230404243,0.0705065525934291,0.793832835636195,0.978958778695492,"Not_Significant"
"CTTNBP2NL",-0.0972516727773503,7.31826077984291,0.0704005231021302,0.794005824870806,0.978958778695492,"Not_Significant"
"MGST1",0.186584332467937,6.2933096419693,0.0702049554058465,0.794242056185691,0.978958778695492,"Not_Significant"
"SLC2A5",0.128616853890796,7.77015018372903,0.0701232498941426,0.794399421609493,0.978958778695492,"Not_Significant"
"STAU1",0.109912790456728,6.51002290854857,0.0700714682678173,0.794454259663985,0.978958778695492,"Not_Significant"
"WBP2NL",0.122956078520828,6.35068696428364,0.0699898217071369,0.794559438045027,0.978958778695492,"Not_Significant"
"UBR2",0.0814065314991625,7.74483999310548,0.069903050219035,0.794714797376763,0.978958778695492,"Not_Significant"
"C1GALT1",-0.114453167084961,6.54834677350903,0.0698304087912913,0.794810387440618,0.978958778695492,"Not_Significant"
"CAPNS1",-0.184043306209781,5.31131669430206,0.0696784255728018,0.794851125002994,0.978958778695492,"Not_Significant"
"NOP58",0.145223150193905,6.15391330200443,0.0697523344194424,0.794879499379504,0.978958778695492,"Not_Significant"
"UNC5D",0.15787296408713,7.17029219485209,0.0697141604274785,0.794984797172932,0.978958778695492,"Not_Significant"
"RAB3C",-0.178553668853201,5.69817753388442,0.0695139036415063,0.795182027832649,0.978958778695492,"Not_Significant"
"AFMID",0.140111139817378,5.52066776813233,0.069405857477194,0.795264433556337,0.978958778695492,"Not_Significant"
"AL513327.1",-0.151746775466948,6.89858961227694,0.0692473771941248,0.795657784526051,0.978958778695492,"Not_Significant"
"OTUD7A",0.110614506510417,7.98188155234316,0.0689871041933962,0.796030188544499,0.978958778695492,"Not_Significant"
"COPG2",-0.116897904548031,5.89793908532438,0.0688932559773536,0.796103691747382,0.978958778695492,"Not_Significant"
"SUSD1",-0.1586064846853,5.92650434397672,0.0688418264289287,0.796184522663351,0.978958778695492,"Not_Significant"
"APAF1",0.146007378723804,6.32823351677848,0.0688150171852575,0.796246072344309,0.978958778695492,"Not_Significant"
"DEGS1",-0.177512460181744,5.69355503617337,0.0687202865971076,0.796325298177937,0.978958778695492,"Not_Significant"
"RNF150",0.155771136865634,7.89090239850754,0.0686302540695385,0.796546335888888,0.978958778695492,"Not_Significant"
"PIGX",-0.124641342671168,6.00043620806793,0.068544048324512,0.796622767972926,0.978958778695492,"Not_Significant"
"AC011287.1",-0.183253516041998,6.68615797180503,0.068504279535151,0.796727290832456,0.978958778695492,"Not_Significant"
"CDH2",0.133774306895195,6.83869912021474,0.068385749424277,0.796894873227033,0.978958778695492,"Not_Significant"
"PRAM1",0.160110225656921,7.05620565247651,0.0683207884190043,0.796993185595928,0.978958778695492,"Not_Significant"
"IGSF21",0.111414941696834,7.44727796707919,0.068280411434546,0.797054856878232,0.978958778695492,"Not_Significant"
"UQCRB",-0.116628695101744,7.52403540039249,0.0681778121276995,0.797204313289306,0.978958778695492,"Not_Significant"
"CPEB3",-0.0966949471716289,8.06235311658959,0.0680229647015405,0.797425534215489,0.978958778695492,"Not_Significant"
"HSPA1A",0.18561773785888,7.68368460537036,0.0679755346758676,0.797496859281161,0.978958778695492,"Not_Significant"
"SMCR5",-0.171292014857999,6.17503497716519,0.0679217158602796,0.797546424969753,0.978958778695492,"Not_Significant"
"CD14",-0.171756708630722,8.22204954100923,0.0679267521232309,0.797564299478339,0.978958778695492,"Not_Significant"
"TMCC3",0.101188635552369,7.09108350704034,0.0678492694640251,0.797679815898534,0.978958778695492,"Not_Significant"
"CTNNB1",0.103564851963922,7.51525364116692,0.0678403418034493,0.797694306677726,0.978958778695492,"Not_Significant"
"KIAA1217",0.210912440205112,6.7140730951522,0.0677700791515586,0.79778227087084,0.978958778695492,"Not_Significant"
"CAP1",0.103344694817696,6.77319967127276,0.0677638060594044,0.797797732198032,0.978958778695492,"Not_Significant"
"ANAPC4",-0.140091116420764,5.82341904440862,0.0675225502995919,0.798085181713852,0.979148851905036,"Not_Significant"
"NDRG4",0.143458525561034,6.0279880254873,0.0673390780458447,0.798358951984594,0.979247323310197,"Not_Significant"
"GTF2E2",0.120155328249569,5.62185974263223,0.06722450764356,0.798457323164955,0.979247323310197,"Not_Significant"
"FAR1",-0.0868274781278294,7.61820601053857,0.0672242034224032,0.798593418787579,0.979247323310197,"Not_Significant"
"ATP2C1",0.0790621451358504,8.23545833933646,0.0671339392638315,0.798721713536201,0.979247323310197,"Not_Significant"
"AMBRA1",-0.0917804415663867,8.05751999801146,0.0670084550788126,0.798906244332683,0.979247323310197,"Not_Significant"
"ZNF276",-0.155085802531649,5.53240576700682,0.0668869036707467,0.798960825448837,0.979247323310197,"Not_Significant"
"CD46",-0.108594120936828,6.76715970414232,0.0663989824757937,0.799802067231332,0.979989852534756,"Not_Significant"
"OOEP",0.125804269999898,6.7928133845869,0.0663445311861893,0.799876745785469,0.979989852534756,"Not_Significant"
"LARP6",-0.158789331702721,5.92419406999892,0.0662137671402705,0.800021080265138,0.979989852534756,"Not_Significant"
"EXTL2",0.146267691631336,5.39709191452051,0.0660592419920594,0.800111476759677,0.979989852534756,"Not_Significant"
"ERO1B",-0.105846710833799,6.17436800925663,0.0660702288909548,0.800256678568579,0.979989852534756,"Not_Significant"
"TTC19",0.103286024022607,7.28676063974391,0.0660205442826673,0.800362634403978,0.979989852534756,"Not_Significant"
"ATAD1",-0.12106657549625,6.18618460966451,0.065667300574769,0.800854620116269,0.980343578914486,"Not_Significant"
"MCRIP1",0.147985252591288,5.74735119264747,0.0655442472482032,0.800956818853929,0.980343578914486,"Not_Significant"
"AC009950.1",0.118892294117454,6.49418532093309,0.0655421497371665,0.801049660529016,0.980343578914486,"Not_Significant"
"AMER2",0.123594314562981,7.39773247213257,0.0653970570170168,0.801285988858016,0.980392376110849,"Not_Significant"
"HSP90AA1",-0.112863332919616,9.09221508530344,0.0650704308644235,0.80176442786973,0.980392376110849,"Not_Significant"
"RBFOX1",0.166351547242233,10.029753348442,0.0650526721374869,0.801790054053735,0.980392376110849,"Not_Significant"
"UBE2A",0.231089141105978,4.86838258963618,0.0647993554007535,0.801807590381084,0.980392376110849,"Not_Significant"
"PREX2",0.140493488958257,6.10905593379146,0.0649079225271298,0.801958540491257,0.980392376110849,"Not_Significant"
"P2RY6",-0.198768975130257,5.29919144220663,0.0647138937877391,0.802122184210061,0.980392376110849,"Not_Significant"
"ARID1A",-0.0848808075695978,7.42998959262652,0.0647406951484528,0.802264041276131,0.980392376110849,"Not_Significant"
"AC090907.2",-0.133573720504435,6.24267613281565,0.0647020892902449,0.802295192294359,0.980392376110849,"Not_Significant"
"NECTIN3",-0.123560362632685,6.42052155090094,0.0646412580092048,0.802397137537181,0.980392376110849,"Not_Significant"
"ITPK1",-0.11054512765001,6.69166680931387,0.0646348580517002,0.802416719367293,0.980392376110849,"Not_Significant"
"UGGT1",0.121027032579745,6.09349401765715,0.0643267135027761,0.802826940489067,0.980635822019526,"Not_Significant"
"OXCT1",-0.158217693881427,5.61970396756183,0.0642569518032962,0.802881474424542,0.980635822019526,"Not_Significant"
"TTTY14",0.118916726626699,7.94917760728887,0.063838775291559,0.803612390201969,0.980655995242971,"Not_Significant"
"GNAI1",-0.102200290953967,7.14874238630649,0.0637455344600793,0.803756051228991,0.980655995242971,"Not_Significant"
"BSG",-0.132422852454864,6.94015352204679,0.0636769285358762,0.803858505553938,0.980655995242971,"Not_Significant"
"CACNB4",-0.169989701989126,5.77385188246039,0.0634905013069227,0.804062843373387,0.980655995242971,"Not_Significant"
"RIPOR1",0.129808547461362,5.92169707186303,0.06343739125651,0.804141092172247,0.980655995242971,"Not_Significant"
"ACO2",0.133132405174651,6.12029214553526,0.0634282181552298,0.804180123779411,0.980655995242971,"Not_Significant"
"PSTPIP2",-0.149316906460479,5.52291429660393,0.0632631846269054,0.804356612079157,0.980655995242971,"Not_Significant"
"SCLT1",0.0899275053432465,7.31996510601915,0.0632909433281875,0.804440200090457,0.980655995242971,"Not_Significant"
"PIP5K1B",-0.0944030584781135,6.78186331030728,0.0632480286419392,0.804502364440566,0.980655995242971,"Not_Significant"
"KANSL1",0.0854585268505823,8.7507895927924,0.0631747746495285,0.804609709420872,0.980655995242971,"Not_Significant"
"MPST",-0.139369156023356,5.43448207178155,0.0630791237846426,0.804612404611946,0.980655995242971,"Not_Significant"
"DOHH",-0.14613694152133,5.42887014155801,0.063045838459257,0.804662341901607,0.980655995242971,"Not_Significant"
"TPM3",-0.117415018973494,6.25522462922875,0.0629355810932049,0.804952744469724,0.980655995242971,"Not_Significant"
"PTPRN",-0.214024462013985,5.39399953093096,0.0627971601933985,0.805037167836606,0.980655995242971,"Not_Significant"
"AP3B1",0.0806206446173833,8.15382958841156,0.0626240215485602,0.805447269429186,0.980655995242971,"Not_Significant"
"METAP2",0.117112544445534,6.46016630101237,0.0625887225134721,0.805481866043961,0.980655995242971,"Not_Significant"
"NFE2L1",0.145502270393556,5.92775238602418,0.0624743255144091,0.805600417586967,0.980655995242971,"Not_Significant"
"TNRC6C",0.10675902844913,7.38803226286854,0.0624746654779138,0.805677629483831,0.980655995242971,"Not_Significant"
"ADAMTS19",0.179673785424752,5.42155825252468,0.0622173573010065,0.805883913364038,0.980655995242971,"Not_Significant"
"PRRC1",0.169635855534047,5.3166188206407,0.0621071791194458,0.806024710148924,0.980655995242971,"Not_Significant"
"WDR12",0.163215413272275,5.65474161669219,0.062156462474622,0.80603417778145,0.980655995242971,"Not_Significant"
"TRA2B",0.0818840438100089,7.61774598416223,0.0622227145326242,0.806060983296689,0.980655995242971,"Not_Significant"
"PFKFB2",-0.140620402620924,5.542855851049,0.0615781346563738,0.806926281970094,0.980655995242971,"Not_Significant"
"KIF3C",0.153264739148191,5.85022692658718,0.0614726458024163,0.807118489156068,0.980655995242971,"Not_Significant"
"EPHX1",-0.180971528195223,5.37187351929557,0.0611628266926879,0.807526927651426,0.980655995242971,"Not_Significant"
"ACTA2",-0.16289274452592,5.69991218646289,0.0611416509306628,0.807629890579606,0.980655995242971,"Not_Significant"
"DPP8",-0.0852291661552033,6.53633130195841,0.0611639909248005,0.807672563836922,0.980655995242971,"Not_Significant"
"CYP27A1",-0.138876284818392,6.4826062850351,0.0611180692564196,0.807742648866569,0.980655995242971,"Not_Significant"
"MAST1",0.171507526007185,5.44719706563317,0.0608756975437129,0.807951580374637,0.980655995242971,"Not_Significant"
"C3AR1",0.165607384736816,6.57070226741953,0.0608897436578477,0.808087367332971,0.980655995242971,"Not_Significant"
"FANCL",-0.114794576927356,6.04039672413256,0.0608580989260786,0.808110571801107,0.980655995242971,"Not_Significant"
"IGSF11",-0.171794392851621,6.67092511036709,0.0608600528531578,0.808147629972761,0.980655995242971,"Not_Significant"
"SYN2",-0.108094572363191,6.66074172775911,0.0606020972366493,0.808544093689265,0.980655995242971,"Not_Significant"
"SPTBN1",0.124872545805526,7.30505950815744,0.0604922743590173,0.808718937838283,0.980655995242971,"Not_Significant"
"SHC4",-0.1740952694259,5.40908118522903,0.0602036658084634,0.809019295482218,0.980655995242971,"Not_Significant"
"RAN",-0.103653848529806,5.98013575927503,0.0601674192362,0.809172209642535,0.980655995242971,"Not_Significant"
"RPN1",-0.168783607613007,5.4147825316574,0.0600481466571261,0.809261278649655,0.980655995242971,"Not_Significant"
"KIAA0586",-0.0964378284647559,6.40026246654946,0.0599309396915268,0.809573987103308,0.980655995242971,"Not_Significant"
"OR3A2",0.236524436709162,5.07736808905154,0.0596566205063308,0.809727921760924,0.980655995242971,"Not_Significant"
"MARCH8",0.138732560472714,5.73608355808658,0.0596332391542665,0.809946677925436,0.980655995242971,"Not_Significant"
"SKIL",0.11102214202706,7.21100106477989,0.0596909018652346,0.809963282311525,0.980655995242971,"Not_Significant"
"RTL8A",-0.179180336920762,5.29341663707639,0.0594838352407286,0.81010938586929,0.980655995242971,"Not_Significant"
"LINC01678",-0.147881728440742,5.9039995632823,0.0594824659739364,0.810232654305908,0.980655995242971,"Not_Significant"
"SLC38A6",-0.171817466932383,5.42280359592861,0.0593303186820558,0.810384222592571,0.980655995242971,"Not_Significant"
"COPS8",-0.166465131629765,5.42817274436632,0.059171861580321,0.810632703528825,0.980655995242971,"Not_Significant"
"TLE4",0.0819388960941735,8.48929173084706,0.0592280266867547,0.810681968754401,0.980655995242971,"Not_Significant"
"CLSTN3",-0.163945823297294,5.6145520980717,0.0591291797325435,0.810740720692232,0.980655995242971,"Not_Significant"
"NR1D2",0.12216696593043,6.22362548590465,0.0590314042335767,0.810955030526919,0.980655995242971,"Not_Significant"
"INSIG2",0.169532536290331,5.67083224321518,0.0589758371894888,0.810960240163405,0.980655995242971,"Not_Significant"
"DMTN",-0.156914158966092,5.33072092273196,0.058757407334165,0.81125687879873,0.980655995242971,"Not_Significant"
"STK32B",-0.129103483685703,6.571804030905,0.0588340613946367,0.811297008898421,0.980655995242971,"Not_Significant"
"SIPA1L3",-0.118104462739009,7.11516992167458,0.0586876562408359,0.811535941794953,0.980655995242971,"Not_Significant"
"PPP4R2",0.109438597898271,6.97852869027012,0.0586144202618289,0.811646722794535,0.980655995242971,"Not_Significant"
"ALG1",0.166010418481885,5.10703413503126,0.0584066771297523,0.811707648443617,0.980655995242971,"Not_Significant"
"SLC15A4",-0.114062005936306,5.82312881768122,0.0584738798241552,0.811801648795765,0.980655995242971,"Not_Significant"
"SPECC1",0.0820984293037138,7.54315227798858,0.0584418035432323,0.811921594896778,0.980655995242971,"Not_Significant"
"DCLK1",-0.152492614993625,7.44321276182428,0.0584410225806402,0.811923902247531,0.980655995242971,"Not_Significant"
"DCAF10",0.0902974005789196,6.96356801157417,0.0584162121269241,0.811959077437181,0.980655995242971,"Not_Significant"
"TSEN2",0.145248330796356,5.64171093605582,0.0583334461979328,0.811967787624435,0.980655995242971,"Not_Significant"
"SLC1A4",-0.111899396530787,5.74702119935155,0.0582776444345545,0.812099551349145,0.980655995242971,"Not_Significant"
"MXD1",0.189020376956455,5.45917494448744,0.0581812460310817,0.812162790245031,0.980655995242971,"Not_Significant"
"FAM81A",-0.206129581423273,5.17914881492629,0.0581533239391827,0.812170704594353,0.980655995242971,"Not_Significant"
"GRIP1",0.1417484058787,7.15825807253733,0.0582608571105151,0.812205695189942,0.980655995242971,"Not_Significant"
"GFM2",0.15507483371519,5.2610630376152,0.0579777968081841,0.812434288418019,0.980655995242971,"Not_Significant"
"SVEP1",0.196634986674914,5.99137736655523,0.0580126067647414,0.812528265659696,0.980655995242971,"Not_Significant"
"TMEM94",-0.167261626182572,5.42694018884237,0.0577945427863618,0.812804613755474,0.980655995242971,"Not_Significant"
"COA1",-0.0907077884945635,6.82021086002118,0.0577517299308605,0.813010972298756,0.980655995242971,"Not_Significant"
"TSEN15",0.117084047549631,6.21045626325356,0.0575814970941563,0.813242868403474,0.980655995242971,"Not_Significant"
"KSR2",0.180775860488945,6.27269408506857,0.0575384167377127,0.813312654552573,0.980655995242971,"Not_Significant"
"NAA25",-0.129783906618377,6.8294808720571,0.0574127681849875,0.813550395524428,0.980655995242971,"Not_Significant"
"AL139260.1",0.11449990612735,6.79614466344512,0.057408242090112,0.813551292709813,0.980655995242971,"Not_Significant"
"DICER1",0.0937264513770441,7.7947183627525,0.0573714658445171,0.813615918827935,0.980655995242971,"Not_Significant"
"CDC27",0.0725627867771028,7.61188878936712,0.0573243850956099,0.813691724144659,0.980655995242971,"Not_Significant"
"TECPR2",-0.11918740414212,6.7499790481435,0.0572771042098465,0.813764770359058,0.980655995242971,"Not_Significant"
"CCDC85A",-0.164664944771557,5.51843787477695,0.0570744625659311,0.81397205716062,0.980655995242971,"Not_Significant"
"SORCS1",-0.118863328157675,6.7653028768233,0.0571264991487619,0.814005033661851,0.980655995242971,"Not_Significant"
"TRABD",-0.136693038364162,6.40777024742883,0.0569484401931395,0.814278127845922,0.980655995242971,"Not_Significant"
"MYO9B",-0.114512475834652,8.06364830417988,0.0569498109087951,0.81428661997459,0.980655995242971,"Not_Significant"
"NUDCD3",0.103088862239397,6.80574415772219,0.05693494509521,0.814306657808985,0.980655995242971,"Not_Significant"
"PARP11",0.14612542298971,5.75261330162667,0.0567418335875499,0.814520426490208,0.980655995242971,"Not_Significant"
"VCAN",0.163913920629229,5.66637153900541,0.0564458657810587,0.814977549105298,0.980655995242971,"Not_Significant"
"AL356599.1",-0.133971718478551,5.8980085195579,0.0564781993202488,0.814988304137374,0.980655995242971,"Not_Significant"
"UBR3",0.0714399625549879,7.94635448890013,0.0563861558333188,0.815190680589724,0.980655995242971,"Not_Significant"
"DLC1",-0.130517977234899,8.26918630947264,0.0563467006959067,0.815251907423617,0.980655995242971,"Not_Significant"
"NAT8L",-0.178943387887804,6.23017543282345,0.0563261020843989,0.815266724457532,0.980655995242971,"Not_Significant"
"TARSL2",-0.105874705547757,6.9606623081891,0.0563118702944621,0.81531228744067,0.980655995242971,"Not_Significant"
"VPS53",0.0915150620248726,7.12545768112778,0.0561756483968994,0.815530156645666,0.980655995242971,"Not_Significant"
"OLA1",-0.0910059767752385,7.25989546531809,0.056137313320753,0.815594109635333,0.980655995242971,"Not_Significant"
"BUD23",-0.158040921936273,5.40599928136001,0.0560063925902365,0.815659612748448,0.980655995242971,"Not_Significant"
"GABRA4",-0.176134271995419,5.20199853432904,0.0558119609396999,0.815919075509106,0.980655995242971,"Not_Significant"
"CATSPER2",0.114754865086217,6.83377574659555,0.0558223779838311,0.816094643478385,0.980655995242971,"Not_Significant"
"CHKA",-0.097897831174283,7.47478775530436,0.0557553810990006,0.816209622444336,0.980655995242971,"Not_Significant"
"SHISA9",0.161702780918991,6.32164553927152,0.055618881096565,0.816396790241957,0.980655995242971,"Not_Significant"
"CDK11B",0.13578911119695,5.74580037319482,0.0553546079911764,0.816757039223031,0.980655995242971,"Not_Significant"
"ABCA2",0.124927208483187,7.31259255747201,0.0553975378388617,0.816787946098854,0.980655995242971,"Not_Significant"
"GRB2",0.0762533862415746,7.91453766261161,0.0553378091840963,0.816883374899332,0.980655995242971,"Not_Significant"
"SELPLG",-0.149327651343754,6.57184615946879,0.0553286840058924,0.816893491997906,0.980655995242971,"Not_Significant"
"AC083798.2",-0.152494202937766,5.30960165403974,0.055192901310977,0.816952377481027,0.980655995242971,"Not_Significant"
"UBE2G2",-0.102840936168847,6.43759709520004,0.0552496441627007,0.817014910304776,0.980655995242971,"Not_Significant"
"CTCF",0.109114888674449,5.9913383407712,0.0551359154399603,0.817151161970281,0.980655995242971,"Not_Significant"
"GCA",0.125899818751776,6.34862057175273,0.0551496082552428,0.817162471774069,0.980655995242971,"Not_Significant"
"RARB",0.188474410241841,5.28357126787802,0.0549632986038048,0.817282814905894,0.980655995242971,"Not_Significant"
"RAB6B",-0.155642738007501,5.70536613900257,0.0549411050745031,0.817447823111313,0.980655995242971,"Not_Significant"
"TRAPPC9",-0.0716119436161926,7.8609763896841,0.0549883516297423,0.817451484660044,0.980655995242971,"Not_Significant"
"MAP3K11",0.12328596472867,5.62340552880277,0.0548686445265668,0.817526167033411,0.980655995242971,"Not_Significant"
"DCLK2",0.141784839913913,6.40164957669425,0.0548602669715883,0.817635895024839,0.980655995242971,"Not_Significant"
"CXorf38",0.116944759267376,5.99649288757178,0.0545745726346291,0.818066635348096,0.980655995242971,"Not_Significant"
"CLEC7A",0.131058794699157,6.79982948312863,0.0545886474249381,0.818097845767976,0.980655995242971,"Not_Significant"
"OPHN1",-0.096129986770347,6.81825317881424,0.0545367207696408,0.818188116433907,0.980655995242971,"Not_Significant"
"SORBS3",-0.171589050087389,5.20571919629569,0.0543302701103387,0.818332574600394,0.980655995242971,"Not_Significant"
"KLHL3",0.143683303750959,5.84282819502355,0.0543481289846383,0.818413855624792,0.980655995242971,"Not_Significant"
"AUTS2",-0.0851518697977881,9.57571290336753,0.0543859287649945,0.81842949956315,0.980655995242971,"Not_Significant"
"TXNDC11",-0.13774442292769,5.53817987342998,0.0543196618279201,0.818431422474171,0.980655995242971,"Not_Significant"
"TMEM219",0.168057223004338,6.0435465288306,0.0543282942263846,0.818471895406865,0.980655995242971,"Not_Significant"
"QSER1",0.0875651056479247,6.79897009657448,0.054341341458588,0.818503447562005,0.980655995242971,"Not_Significant"
"TBC1D9B",-0.128298218307896,5.87761056541148,0.0543007643055124,0.818517464302652,0.980655995242971,"Not_Significant"
"NFU1",-0.136056377101909,5.29781321227199,0.0541173182425177,0.81870517102484,0.980655995242971,"Not_Significant"
"MORF4L1",0.083328091761857,7.24943157289925,0.0541341688620697,0.818849254403582,0.980655995242971,"Not_Significant"
"SPG7",-0.0897979891466807,6.893283661404,0.0541102036102304,0.818887984876792,0.980655995242971,"Not_Significant"
"PEX14",-0.0957924417323,6.07538856216209,0.0540605684322699,0.818931677103279,0.980655995242971,"Not_Significant"
"SLC11A2",0.101276741490263,7.01610828461224,0.0540646241124415,0.818961260952198,0.980655995242971,"Not_Significant"
"NAPG",-0.103102790465457,6.26096667155493,0.0537959506968685,0.819382249586224,0.980797976186188,"Not_Significant"
"HUS1",-0.133214179361898,5.63678928321092,0.0536209458097564,0.819599578456634,0.980797976186188,"Not_Significant"
"MILR1",0.155960233020012,6.17772084327962,0.053627680846878,0.819638951422623,0.980797976186188,"Not_Significant"
"AL354809.1",0.119668808530883,5.91545364333103,0.0535975046971903,0.819661028582047,0.980797976186188,"Not_Significant"
"POLD4",0.326955531042542,4.72020455912156,0.0532957656716806,0.819859246818546,0.980797976186188,"Not_Significant"
"TMC8",0.111185150103345,6.56093988356535,0.0534210549184492,0.820008806150491,0.980797976186188,"Not_Significant"
"AKAP9",0.0698852643645578,8.52494013360056,0.0533506909666548,0.820135593847896,0.980797976186188,"Not_Significant"
"AC090630.1",0.245244810445505,5.22423117826036,0.0532115499758943,0.820142019615823,0.980797976186188,"Not_Significant"
"IQSEC2",0.11463104594126,5.99448835357542,0.0531341329196583,0.820438422804437,0.980959470620698,"Not_Significant"
"AC009061.2",-0.156621436785052,5.62082032089902,0.0529929972840012,0.82063816365155,0.980959470620698,"Not_Significant"
"LCP1",-0.125052835953476,6.47336024537954,0.0529763365051062,0.820750021143184,0.980959470620698,"Not_Significant"
"AK9",0.115419851237658,6.39736142693791,0.0528460629729482,0.820953008554213,0.980959470620698,"Not_Significant"
"CYFIP2",0.113383819332727,6.10427016359512,0.052813347849074,0.820983435548784,0.980959470620698,"Not_Significant"
"DSTYK",0.105138236765915,5.91094827186146,0.0526007685645834,0.821315101989601,0.980959470620698,"Not_Significant"
"GPBP1",-0.0692571072784642,8.06305099964355,0.0526367929341874,0.821322715472431,0.980959470620698,"Not_Significant"
"RPL35A",-0.113975699844031,7.37098250219781,0.0525838508011758,0.821414791320161,0.980959470620698,"Not_Significant"
"ITGB8",0.143761425124718,6.3891683132279,0.0524968447456071,0.82153297823418,0.980959470620698,"Not_Significant"
"NCOR2",-0.0840952930856217,7.22251888416724,0.0524018103179423,0.821718585491892,0.980959470620698,"Not_Significant"
"HDAC2",-0.113490436801953,6.02374874682357,0.0522948282251064,0.821854202259913,0.980959470620698,"Not_Significant"
"TBC1D22A",0.0732388687056531,8.67659238985785,0.0523069684987655,0.821870605614119,0.980959470620698,"Not_Significant"
"LURAP1L-AS1",0.260456178186666,5.6800903729865,0.0519968829923582,0.82227145046705,0.981049785765242,"Not_Significant"
"ANKH",-0.073393094297053,7.39916598178345,0.0520113713975993,0.822371546499582,0.981049785765242,"Not_Significant"
"GANAB",0.131019438879479,5.51422114526185,0.0518906192514659,0.822431225801601,0.981049785765242,"Not_Significant"
"ACBD5",-0.123156605384981,5.73350577823664,0.0518805074716092,0.82251262297404,0.981049785765242,"Not_Significant"
"MLIP",-0.18076864653551,5.91005698200319,0.0517985035643749,0.822677706182086,0.981049785765242,"Not_Significant"
"PARP14",-0.0951992135613974,7.13456078204815,0.0517266591730342,0.822849825014273,0.981049785765242,"Not_Significant"
"GNA13",-0.107274754535961,6.53723036270358,0.0517053920349759,0.822875926980025,0.981049785765242,"Not_Significant"
"ZNF69",-0.135294220299366,5.43647686402472,0.0513514765126229,0.823348185655814,0.98141355643346,"Not_Significant"
"OLMALINC",-0.0936818351411157,6.5650189781453,0.0513668127297615,0.823446760900851,0.98141355643346,"Not_Significant"
"DIP2B",-0.0742551638972346,8.95918805038276,0.0512851203403245,0.823586673124373,0.981421963924785,"Not_Significant"
"USP31",0.147878473324417,6.39714579522583,0.0510729810460233,0.823926042985545,0.9816680128281,"Not_Significant"
"PRR5L",-0.157361060329398,5.61979329611761,0.0509296965767226,0.824101211180531,0.981718375583065,"Not_Significant"
"PCDH10",0.187727767163301,5.3290519997297,0.0507155667488832,0.824367746339357,0.981877546309066,"Not_Significant"
"CNKSR3",-0.16352388750125,5.40026393676402,0.0504854315709097,0.824812158653402,0.982220324593905,"Not_Significant"
"FBXL17",0.07407360979011,8.64656164285017,0.0504571318017118,0.824992172645014,0.982220324593905,"Not_Significant"
"CWC15",0.125986839956968,5.8280475826176,0.0502127295122986,0.825332413434388,0.982220324593905,"Not_Significant"
"SLC14A1",-0.22912438576062,5.31820520228432,0.0501427796605423,0.825382151203092,0.982220324593905,"Not_Significant"
"TRAP1",0.14660430246598,5.84806600081177,0.0501737839778455,0.825399568518335,0.982220324593905,"Not_Significant"
"NEPRO",-0.121663608681121,5.4308639615777,0.049919948899557,0.825781882238803,0.982220324593905,"Not_Significant"
"GPATCH2L",0.0921829651573199,7.51694253196279,0.0499950354055854,0.82578629377784,0.982220324593905,"Not_Significant"
"APBA2",-0.135309338349807,6.48435202042624,0.0499598936448445,0.825836644077445,0.982220324593905,"Not_Significant"
"DUT",0.111463387658907,6.21044125055553,0.0499352218713419,0.825852231765634,0.982220324593905,"Not_Significant"
"LYST",0.074670580964262,8.14209864641919,0.0497159016019861,0.826262003376343,0.982434106076822,"Not_Significant"
"SWAP70",-0.0920647049964136,6.73092525867856,0.0495286305848869,0.826583384560496,0.982434106076822,"Not_Significant"
"FMN2",-0.12772722183217,7.72967008704796,0.0495129729773096,0.826612869094673,0.982434106076822,"Not_Significant"
"ARHGAP12",-0.0790841182238894,8.02375858714021,0.0492623632455253,0.827042940164951,0.982434106076822,"Not_Significant"
"WDR41",0.113674920214673,6.45881108677493,0.0492393162304501,0.827065441334004,0.982434106076822,"Not_Significant"
"IQSEC1",0.163957039639162,5.76767174216743,0.0491142972499681,0.827207245946506,0.982434106076822,"Not_Significant"
"FCER1G",-0.147027991943573,7.18529481504532,0.0490093191668236,0.82748406228381,0.982434106076822,"Not_Significant"
"GTPBP6",0.141021609641852,5.52089351711928,0.0489176243778563,0.827504011339971,0.982434106076822,"Not_Significant"
"DACH1",0.223212553394484,4.95355941224807,0.0486852916770514,0.827753261283056,0.982434106076822,"Not_Significant"
"SORL1",0.0895553288965602,9.83525273336446,0.0487291484293663,0.82796107879121,0.982434106076822,"Not_Significant"
"APOOL",0.128352268488402,5.64022207941931,0.0486572489452801,0.827980993488369,0.982434106076822,"Not_Significant"
"PXK",0.105890894365278,7.73743148652749,0.0486733012366098,0.82806406697293,0.982434106076822,"Not_Significant"
"LRP10",0.272692346118978,4.60519979543487,0.0484414730019245,0.828087640293893,0.982434106076822,"Not_Significant"
"C11orf58",0.0812556057460052,6.87258398460896,0.0485584273875367,0.828260365904372,0.982434106076822,"Not_Significant"
"FRRS1",0.220587556400303,5.20866148533295,0.0483184508856507,0.828462165178375,0.982434106076822,"Not_Significant"
"ZNF345",-0.109066977916323,5.6548595598156,0.0482323794386195,0.828744019116204,0.982434106076822,"Not_Significant"
"NRF1",0.0781248437732655,7.37370822244901,0.0481502649781424,0.828975626819101,0.982434106076822,"Not_Significant"
"PIR",-0.157358516056333,5.43281968379241,0.0479358784293944,0.829223742532546,0.982434106076822,"Not_Significant"
"NELL1",0.149763148131322,6.22796436719034,0.0479648975267405,0.829262386028832,0.982434106076822,"Not_Significant"
"MAN2A2",-0.1372616517513,5.53170008732098,0.0478634702058182,0.829369260250502,0.982434106076822,"Not_Significant"
"EFHD2",-0.17476225675701,5.51882779142419,0.0478271331015832,0.829433141348476,0.982434106076822,"Not_Significant"
"AL365356.1",0.103921877534002,6.15628157346482,0.0478119659263378,0.829527057789074,0.982434106076822,"Not_Significant"
"HABP4",-0.144863689543831,5.33855962797499,0.0476782047727678,0.829652197671311,0.982434106076822,"Not_Significant"
"URM1",0.133709811958624,5.8367619951317,0.0476711559269098,0.829734888224366,0.982434106076822,"Not_Significant"
"FAM200B",0.126807764990813,5.73693710828817,0.0473141868116934,0.830348769723783,0.982434106076822,"Not_Significant"
"FOXO1",-0.0811425548764769,7.14610124685048,0.0473597046842392,0.830362760344186,0.982434106076822,"Not_Significant"
"TSC22D2",0.0830587014601794,7.22716820906468,0.0472597167714371,0.830537797721663,0.982434106076822,"Not_Significant"
"ANKRD22",0.187338397762677,5.28352276415123,0.0469742100252018,0.830847591476575,0.982434106076822,"Not_Significant"
"AL139095.4",-0.162518213469429,5.52055698488237,0.0470127993070127,0.830867035094418,0.982434106076822,"Not_Significant"
"SH3YL1",0.103376052209526,6.17407919813723,0.0469609673818547,0.831027530801925,0.982434106076822,"Not_Significant"
"TYW1",0.0828616132533848,6.69114672954997,0.0469717281586926,0.831037982832504,0.982434106076822,"Not_Significant"
"ITPKB-AS1",-0.190451648371842,5.15624013993778,0.0467779145986599,0.831197996818254,0.982434106076822,"Not_Significant"
"HECW2",-0.088456799516076,7.63111992217827,0.0468351133929052,0.831288250757028,0.982434106076822,"Not_Significant"
"PTPN23",-0.209368049151232,4.78053766713971,0.046500692067514,0.83155931243642,0.982434106076822,"Not_Significant"
"PFDN6",-0.152286235393792,5.33390501245267,0.0465287511467598,0.831683726303663,0.982434106076822,"Not_Significant"
"GIGYF1",-0.114888979860421,5.45115119718031,0.0465229164298854,0.831717909673737,0.982434106076822,"Not_Significant"
"PTPN18",0.112778967416881,6.65503255704309,0.0465154390374263,0.831845399932934,0.982434106076822,"Not_Significant"
"NDUFA1",0.131669783553831,6.20726265709315,0.0464740316076977,0.831892808472063,0.982434106076822,"Not_Significant"
"ARHGAP22",0.0740474695161555,9.03962725223731,0.0464810369230828,0.83191109709183,0.982434106076822,"Not_Significant"
"CFAP100",0.211964184101916,5.03774805064599,0.0460668765843575,0.832396110150573,0.982434106076822,"Not_Significant"
"ZNF766",0.154209961727549,5.43463063237982,0.0461144027785254,0.832417744545057,0.982434106076822,"Not_Significant"
"EIF2B3",-0.0825319160072309,6.75178280004841,0.0461417731298679,0.832518501541562,0.982434106076822,"Not_Significant"
"DHX29",0.093561804090275,6.38760063179539,0.0459823784559484,0.832784218749939,0.982434106076822,"Not_Significant"
"ANKRD23",-0.0990589578509343,5.8444319198663,0.0459060013540709,0.832883580673169,0.982434106076822,"Not_Significant"
"THOC7",0.132123789875643,5.38698266297666,0.0458080429853833,0.832957210054702,0.982434106076822,"Not_Significant"
"ASTN1",-0.123721853030501,6.1864828876163,0.0458621789808708,0.832996054487801,0.982434106076822,"Not_Significant"
"AL139022.1",0.120839405394152,6.19344443986144,0.0458487258653761,0.833008160238406,0.982434106076822,"Not_Significant"
"ATR",0.0741422239424536,7.3590511864598,0.0458401116434296,0.83306122600038,0.982434106076822,"Not_Significant"
"SMAD4",0.119218262722589,5.72525923398996,0.0457570043886458,0.83311721191704,0.982434106076822,"Not_Significant"
"AFF4",0.0787421093330676,6.95698100973469,0.0454535582284733,0.833752630112752,0.982434106076822,"Not_Significant"
"SGSM2",0.126204443285797,5.82828578347222,0.0453212074531106,0.833916050218521,0.982434106076822,"Not_Significant"
"ZNF692",-0.135793155449719,5.5459609873923,0.0451379902776464,0.834221986784191,0.982434106076822,"Not_Significant"
"RPS15A",0.204439610755544,6.81090213574632,0.0451462839343422,0.834301175564469,0.982434106076822,"Not_Significant"
"EFCAB13",0.0936743115857429,6.3254297975416,0.0449416634806632,0.834653575055736,0.982434106076822,"Not_Significant"
"EIF3H",0.0855566019065641,6.91948464509311,0.0449388262578074,0.834681026202398,0.982434106076822,"Not_Significant"
"DDB2",0.100097225886382,6.60301864705153,0.0449098199910264,0.834724845258653,0.982434106076822,"Not_Significant"
"YPEL2",0.0893618796841504,6.89026732979993,0.0448472527472485,0.834846368876813,0.982434106076822,"Not_Significant"
"ATG13",-0.141070988638446,6.02186089267767,0.0447947319306698,0.83490786757217,0.982434106076822,"Not_Significant"
"COG5",0.0653557697655306,8.12492081226893,0.0447849478191093,0.834960410563591,0.982434106076822,"Not_Significant"
"MYSM1",0.078106536144713,6.34025828390692,0.0447536949446794,0.834995819563654,0.982434106076822,"Not_Significant"
"RSRC2",-0.0717973139758145,6.79560443365006,0.0447455638328856,0.835032162067543,0.982434106076822,"Not_Significant"
"FRA10AC1",-0.11275008425546,5.95819962506262,0.0446791562917937,0.835109986890505,0.982434106076822,"Not_Significant"
"TMA7",0.0971434987365161,7.2230531287601,0.044650153065394,0.835207384529185,0.982434106076822,"Not_Significant"
"CDKL5",0.110447051411647,6.37589746865075,0.0446045540048214,0.8352673356986,0.982434106076822,"Not_Significant"
"FCGR1A",0.168276385658453,7.22118711718667,0.0445381101676279,0.835410309757925,0.982434106076822,"Not_Significant"
"SETD2",-0.0675026382636394,7.92409219454151,0.0444264495204649,0.835612827981307,0.982434106076822,"Not_Significant"
"C5orf51",0.142144395298289,5.39416249086086,0.0442727827948057,0.835736889662132,0.982434106076822,"Not_Significant"
"CYHR1",0.0887310632996513,6.26125961869838,0.0442518766460895,0.83590334527561,0.982434106076822,"Not_Significant"
"RPA1",0.122833345777505,5.62308569123853,0.0441362680769083,0.836035201424294,0.982434106076822,"Not_Significant"
"BTBD1",-0.091378074798747,6.00654801675922,0.0440736214512231,0.836217536449003,0.982434106076822,"Not_Significant"
"SMARCAL1",-0.112837152388054,5.73664951356473,0.0440370055474785,0.836253888792043,0.982434106076822,"Not_Significant"
"AF117829.1",0.0837526206091384,6.21445789378677,0.0437609938098905,0.836798675241906,0.982434106076822,"Not_Significant"
"KIAA0355",-0.121033494601723,6.35488261313242,0.0437505448908541,0.836835382999363,0.982434106076822,"Not_Significant"
"AC069228.1",0.150841894960014,5.55010315081166,0.0436252960275143,0.836956355619482,0.982434106076822,"Not_Significant"
"SCAMP3",0.10345555338844,6.00901892629846,0.0434252976278151,0.837396594901588,0.982434106076822,"Not_Significant"
"ALCAM",-0.063554237336505,9.09832913415796,0.043444991568716,0.837406721588443,0.982434106076822,"Not_Significant"
"KIZ",0.0940945673877798,6.77639929558797,0.0434409765143358,0.837413771914227,0.982434106076822,"Not_Significant"
"GABBR1",0.129832429682099,5.91672522408429,0.043336518892602,0.837548061074726,0.982434106076822,"Not_Significant"
"IK",-0.151260353000558,5.18789929483573,0.0432303801002687,0.837628392581035,0.982434106076822,"Not_Significant"
"VPS8",-0.0656818270922,7.72519268526958,0.043236744624642,0.837796130404854,0.982434106076822,"Not_Significant"
"CLCN3",0.0686442892119145,6.94805994303903,0.043171168066584,0.837915560778749,0.982434106076822,"Not_Significant"
"HSF1",0.160952815716159,5.40783987691097,0.0430630464593918,0.83796373000862,0.982434106076822,"Not_Significant"
"ASXL1",0.0794369841667109,7.13566315510306,0.043086168791212,0.838074570040244,0.982434106076822,"Not_Significant"
"CA10",0.184950872828738,6.04360856171015,0.042981842044956,0.838214175981682,0.982434106076822,"Not_Significant"
"DENND5B",0.0886947404832518,6.96421824246135,0.0429893943033138,0.838251887964814,0.982434106076822,"Not_Significant"
"MARCH3",-0.0793880114347425,7.7129653648456,0.0427122319665596,0.838768223971685,0.982434106076822,"Not_Significant"
"TCF12",0.0698906414187334,10.1538227786391,0.0426573841385146,0.838864277330828,0.982434106076822,"Not_Significant"
"ELK4",-0.12745264600655,5.42731201323347,0.0424723832240384,0.839092651313016,0.982434106076822,"Not_Significant"
"RUFY3",0.0810701529548257,7.95520873497208,0.0424885883718113,0.839183450291432,0.982434106076822,"Not_Significant"
"SNX3",0.10085047377629,7.00633588154302,0.0424609307802836,0.839234646346035,0.982434106076822,"Not_Significant"
"PDCD6",0.148392419607267,5.19944445768717,0.0423134886315065,0.839309828239916,0.982434106076822,"Not_Significant"
"LRRC47",0.174433457619771,5.03402347289567,0.0422233445131982,0.839431731115104,0.982434106076822,"Not_Significant"
"MTERF1",-0.109623161599341,6.42050725602992,0.0422950824297803,0.839534182791527,0.982434106076822,"Not_Significant"
"MFSD6",-0.120525211345785,5.96830179740302,0.0422505875431431,0.839587187197844,0.982434106076822,"Not_Significant"
"LINC01268",-0.112460923592842,6.30844600273566,0.0422610559909115,0.839592524505851,0.982434106076822,"Not_Significant"
"IGBP1",-0.0986576012154174,6.16508652304781,0.0422090120099418,0.83968044638592,0.982434106076822,"Not_Significant"
"CACNA1E",0.147222181269665,5.6434512855353,0.0421523997461814,0.839707970384593,0.982434106076822,"Not_Significant"
"ATPAF2",-0.116517659044194,5.43485861682535,0.0421386979800939,0.839717357047619,0.982434106076822,"Not_Significant"
"OSTF1",-0.109429747648822,6.40760235329733,0.0421858623674451,0.839738064608203,0.982434106076822,"Not_Significant"
"GPS2",-0.161911948103039,5.86329614323289,0.0420464546773865,0.839960922332939,0.982434106076822,"Not_Significant"
"BCAR3",-0.08478507239873,6.3326809948504,0.0420127650082051,0.84005771297969,0.982434106076822,"Not_Significant"
"MAP4",-0.0754545721144475,7.57084707239738,0.0419906511311788,0.840116417247545,0.982434106076822,"Not_Significant"
"WDTC1",-0.106206234693042,5.74576233878497,0.041949690863502,0.840124238306,0.982434106076822,"Not_Significant"
"RAB11A",0.0643840211991582,8.65723263592087,0.041855300729416,0.840365761405876,0.982434106076822,"Not_Significant"
"CMTR2",-0.100893288357293,5.75039738070549,0.0417800930390517,0.840443199944637,0.982434106076822,"Not_Significant"
"SCN8A",0.147788852533745,6.31130741884042,0.0417916184748608,0.840461712625509,0.982434106076822,"Not_Significant"
"PDE1C",0.140468756222906,8.27341146932615,0.0417374355945145,0.840588928519753,0.982434106076822,"Not_Significant"
"ROBO3",-0.145738914889955,5.33942608844021,0.0414472765277758,0.840999767809714,0.982434106076822,"Not_Significant"
"LAPTM5",0.106513249207718,8.2731889843142,0.0414849784397367,0.841064661359566,0.982434106076822,"Not_Significant"
"TOB2",-0.108296749425234,5.84861715993482,0.0414571132481163,0.84106519248994,0.982434106076822,"Not_Significant"
"SRRM1",0.0708812989551052,7.25038586049781,0.0414219514088175,0.841186849087981,0.982434106076822,"Not_Significant"
"NDEL1",-0.153075728580061,5.73700219107135,0.0413543060736595,0.84124863499235,0.982434106076822,"Not_Significant"
"WWC2",-0.0986017975308772,6.96674366472352,0.0413770172887645,0.841271999362086,0.982434106076822,"Not_Significant"
"ELP1",0.106146251678034,5.49572107230111,0.0412677806801926,0.841351016567065,0.982434106076822,"Not_Significant"
"PLEKHA7",0.0899156532664091,8.1401916860296,0.0412595541842501,0.841491389273574,0.982434106076822,"Not_Significant"
"ARID4A",0.0753253710071714,7.16596763077829,0.0412337122343141,0.841542504101286,0.982434106076822,"Not_Significant"
"JARID2",-0.0808337860779858,7.30500893123296,0.0411889769066564,0.841628592041706,0.982434106076822,"Not_Significant"
"STAMBP",-0.106055263818817,5.74567747840471,0.0410220074227126,0.841876200705617,0.982434106076822,"Not_Significant"
"NFIA",0.0675997154999797,8.88112538602154,0.0410092630992762,0.841963375830107,0.982434106076822,"Not_Significant"
"ADAMTSL2",-0.135878782892688,5.54008747840718,0.0409455785408079,0.841991380204732,0.982434106076822,"Not_Significant"
"PLXNA4",0.137583747798842,5.83967358636812,0.0408391938038444,0.842218765226666,0.982544222793648,"Not_Significant"
"TRIOBP",0.117484250679264,5.60648405027193,0.0405880659261652,0.842663510633188,0.98273032363947,"Not_Significant"
"CCDC112",-0.0936884750627783,5.75507023825171,0.0405796576540753,0.842719277490306,0.98273032363947,"Not_Significant"
"GABARAP",0.244382291914424,4.88272372280261,0.0403298512793701,0.842978776871953,0.98273032363947,"Not_Significant"
"ZFAND6",0.0786642371412609,7.34457144236765,0.0403628139327771,0.84320138377628,0.98273032363947,"Not_Significant"
"SLC7A5",-0.163440158074936,5.51989348472699,0.0401872631183807,0.8434392035029,0.98273032363947,"Not_Significant"
"MPRIP",0.0722334629116607,7.47797505798062,0.0399843077665521,0.843927921827452,0.98273032363947,"Not_Significant"
"ADGRL1",-0.107226975905466,5.74492935899125,0.0398776825573056,0.844065981011065,0.98273032363947,"Not_Significant"
"YIF1B",0.115274201655616,5.50205315891911,0.0397482478948932,0.844258300427497,0.98273032363947,"Not_Significant"
"LYPLAL1",0.0768870604830049,7.12432092213494,0.039805141817072,0.844272340662999,0.98273032363947,"Not_Significant"
"MGST2",-0.0841903742917122,7.1269244476424,0.0397782680563646,0.844325699589028,0.98273032363947,"Not_Significant"
"LZIC",0.133643667240004,5.41973163329422,0.0396648443124548,0.844401476121099,0.98273032363947,"Not_Significant"
"SMC4",0.102762999553698,5.71323527854335,0.0396921247181781,0.84440441956099,0.98273032363947,"Not_Significant"
"VPS35L",-0.0670448798838665,7.10918722406777,0.0396207738958331,0.844629697070826,0.98273032363947,"Not_Significant"
"MARCH2",0.12920727987641,5.53355728801002,0.0394850935425354,0.844772527525603,0.98273032363947,"Not_Significant"
"NAB1",0.132603571004382,5.64315486188535,0.0394506854325603,0.844858234789032,0.98273032363947,"Not_Significant"
"ADCY2",-0.108059670341755,7.46524745045119,0.0394122007248586,0.845033449187984,0.98273032363947,"Not_Significant"
"FAM162A",0.130865774722651,5.83236250287852,0.0393707459600178,0.84504136392522,0.98273032363947,"Not_Significant"
"MARCH1",-0.0699006431129665,9.93958755431847,0.0393992355001924,0.845051795215489,0.98273032363947,"Not_Significant"
"PPP2R2C",0.130023789800979,6.25369957301956,0.0393489621236302,0.845124856606673,0.98273032363947,"Not_Significant"
"SMG5",0.101941348133199,5.60880612633758,0.0392427239787773,0.845258630897878,0.98273032363947,"Not_Significant"
"ENOX1",0.111507086675171,8.13881491002304,0.039254555171765,0.845336370228547,0.98273032363947,"Not_Significant"
"ESF1",0.0720643769003965,7.69888212311164,0.0392182937661277,0.845408757558908,0.98273032363947,"Not_Significant"
"SSNA1",-0.0880792716990282,5.93304823383922,0.0391768973905118,0.845444020777313,0.98273032363947,"Not_Significant"
"UNC13C",0.130880827976992,5.5354545043426,0.0389268569647695,0.845858783089746,0.98273032363947,"Not_Significant"
"ITM2B",-0.0970664836897292,9.31240411771732,0.0387883209504228,0.846241701305041,0.98273032363947,"Not_Significant"
"NAP1L1",0.0669028095009688,7.6107410830118,0.0387836923498955,0.846256278578451,0.98273032363947,"Not_Significant"
"FAM45A",-0.112657782054144,5.73698536239995,0.0387110472625834,0.846331615669786,0.98273032363947,"Not_Significant"
"TENM2",-0.122562773037844,8.66757660990669,0.0386887254282864,0.846437600545517,0.98273032363947,"Not_Significant"
"CHM",0.0740473239723421,6.77833398514037,0.0386800938668153,0.84645389122186,0.98273032363947,"Not_Significant"
"KLHL6",0.138350204141104,5.73021826023716,0.0384545167195804,0.846815128974669,0.98273032363947,"Not_Significant"
"TSPYL1",0.0967278705946759,6.41265546869926,0.0384428976753863,0.846905545789232,0.98273032363947,"Not_Significant"
"SUMO1",0.123739793891954,6.38377731812031,0.0383821098730948,0.847022302955351,0.98273032363947,"Not_Significant"
"DHX34",-0.101412890031181,6.05206579123072,0.0383645768887565,0.847044263519267,0.98273032363947,"Not_Significant"
"NPHP4",-0.132728176003083,5.54214162051694,0.0381545541966276,0.847397336431321,0.98273032363947,"Not_Significant"
"PANK2",-0.0913723595931402,6.32772443684528,0.0381914758149163,0.847402801312173,0.98273032363947,"Not_Significant"
"KCNIP1",-0.0769303834981192,8.16688838590794,0.0379760424143724,0.847841334560371,0.98273032363947,"Not_Significant"
"BRK1",-0.100742022087541,6.31802413073206,0.0378418179515453,0.848093347494669,0.98273032363947,"Not_Significant"
"PCA3",-0.165997070432133,5.41304324763817,0.037778743630726,0.84811984364871,0.98273032363947,"Not_Significant"
"LPAR5",0.101959493496536,6.47652439908775,0.0377503703779377,0.848275076314016,0.98273032363947,"Not_Significant"
"AKR1B1",-0.1019953227012,6.04805528756589,0.0377050419836918,0.848347158303434,0.98273032363947,"Not_Significant"
"PDZRN3",0.146458968839595,6.21561826952284,0.0376765957035665,0.848403631587867,0.98273032363947,"Not_Significant"
"KDM5D",0.0897467081349386,5.89156422507307,0.0376264225215519,0.848476778269982,0.98273032363947,"Not_Significant"
"RIMS1",-0.115435640975367,6.88173146678515,0.037653001595998,0.84848373217144,0.98273032363947,"Not_Significant"
"MOSPD2",-0.0963848881392241,6.23190671323397,0.0376233121109056,0.848521953612831,0.98273032363947,"Not_Significant"
"MINDY3",0.113435532797855,5.81951954089562,0.037554043417237,0.848610170698056,0.98273032363947,"Not_Significant"
"RPL29",0.0900639116548716,7.51440290570237,0.0374303690450017,0.848926799593155,0.98273032363947,"Not_Significant"
"SLC7A6OS",-0.0867680919321164,6.58287773183904,0.0374052893473703,0.848970243500247,0.98273032363947,"Not_Significant"
"HEATR4",0.155967135998395,5.16182277860725,0.0373029514317553,0.848983059462317,0.98273032363947,"Not_Significant"
"FBXL4",0.0892868554310718,6.78022985191489,0.0373652011249049,0.849051210682373,0.98273032363947,"Not_Significant"
"PAXIP1",-0.118450174327643,5.55846244746107,0.0373014236410976,0.849092192891667,0.98273032363947,"Not_Significant"
"RFX1",-0.122222399793557,5.30770895484485,0.037021286643674,0.849603860066174,0.98273032363947,"Not_Significant"
"MYO19",0.12594612004129,5.41421994467771,0.0369915823584695,0.849665611260935,0.98273032363947,"Not_Significant"
"YTHDF1",0.182044085029458,5.02222822252562,0.0368709580366348,0.849810769009704,0.98273032363947,"Not_Significant"
"SOD2-1",0.133261433322687,5.83430932076805,0.0368721516101163,0.849973491550316,0.98273032363947,"Not_Significant"
"BBS2",0.107444754622293,6.42060025678879,0.0368183267099471,0.850132416617402,0.98273032363947,"Not_Significant"
"TASP1",0.0808441090698568,6.31908045753945,0.03678069366416,0.850203529127471,0.98273032363947,"Not_Significant"
"SLCO1A2",-0.0961830035684889,7.43812033688584,0.0367416779331768,0.850305667860175,0.98273032363947,"Not_Significant"
"NAA35",0.0983953117251437,6.29369413221412,0.0366771538621026,0.850409528942033,0.98273032363947,"Not_Significant"
"MFAP3L",-0.136791056711406,5.52400994250913,0.036563427910427,0.850568941045249,0.98273032363947,"Not_Significant"
"NUP93",0.0895610692094002,5.80306773311071,0.036514942670724,0.850691577088436,0.98273032363947,"Not_Significant"
"ARMH3",0.0689066003982963,7.41107114393948,0.0363867660162031,0.851020658249145,0.98273032363947,"Not_Significant"
"CLIP4",-0.135339174707883,6.59353976410824,0.0362497226387826,0.851292784456959,0.98273032363947,"Not_Significant"
"MTHFR",-0.108007689771084,5.75662559021221,0.0361905388274735,0.851355315063848,0.98273032363947,"Not_Significant"
"WDR27",0.109661861423641,5.62557265635374,0.0361032701479796,0.851498199082115,0.98273032363947,"Not_Significant"
"CHST11",0.0688959632854173,10.06254163267,0.0359922516405472,0.85181411554941,0.98273032363947,"Not_Significant"
"GRINA",-0.141389080469138,6.3697417319161,0.0359769391726732,0.851839087703034,0.98273032363947,"Not_Significant"
"UBE2M",0.175673557305907,5.14959260845735,0.0358665651875719,0.851875165511495,0.98273032363947,"Not_Significant"
"CCDC138",0.111514339141171,5.72666262897802,0.0358962258920203,0.851934167453638,0.98273032363947,"Not_Significant"
"CELF5",-0.112401596983045,5.95939147628528,0.0359077166676044,0.85195176242143,0.98273032363947,"Not_Significant"
"UNC13D",-0.123230328440975,5.45840283211789,0.0358213439491429,0.852061030883622,0.98273032363947,"Not_Significant"
"ANGPTL1",0.125180259708189,5.99505017360328,0.0358426137163635,0.852074383073113,0.98273032363947,"Not_Significant"
"ABCB10",0.147601043198098,5.19944806962329,0.0357036458274098,0.852222665837416,0.98273032363947,"Not_Significant"
"RNMT",-0.0679082383752596,7.57023401492074,0.0357681288708698,0.8522764345468,0.98273032363947,"Not_Significant"
"TPPP",0.109181535349158,6.45043907749801,0.0357372623650805,0.852322571560881,0.98273032363947,"Not_Significant"
"ADGRV1",-0.11108689506064,7.72270694624139,0.0357288030280722,0.85235592034088,0.98273032363947,"Not_Significant"
"DEAF1",0.0827099643962649,5.89389753677257,0.0354703687075232,0.852827002090067,0.982732830769524,"Not_Significant"
"PDCD7",0.110999914086794,5.62752551332055,0.0354330713334107,0.852865804770541,0.982732830769524,"Not_Significant"
"SAMD4B",-0.0945235519839716,6.42302441216574,0.0354720114722352,0.852869927275454,0.982732830769524,"Not_Significant"
"CUL2",0.0973559310355139,5.7048074614513,0.0354217707104147,0.852901466587429,0.982732830769524,"Not_Significant"
"RASGRF1",-0.133004694502132,5.5414530089782,0.035358535096479,0.853023272085311,0.982732830769524,"Not_Significant"
"TMEM106A",0.101549176116841,6.50186180070482,0.0349292499711317,0.853983229250241,0.982946715726013,"Not_Significant"
"BLNK",0.0858603271627137,8.17928401229488,0.0348617376201659,0.854134304372417,0.982946715726013,"Not_Significant"
"FBXW4",0.0724420896093991,6.75107490060273,0.0348458686877915,0.854164014066083,0.982946715726013,"Not_Significant"
"CCDC91",0.0650301980059549,8.22861705839093,0.0348454804959815,0.85416766962455,0.982946715726013,"Not_Significant"
"UHMK1",0.101109541403874,5.89585164601633,0.0347531858522274,0.854303264257237,0.982946715726013,"Not_Significant"
"FRS2",0.0652291913380379,6.82340616831517,0.0347022706513024,0.854462780694301,0.982946715726013,"Not_Significant"
"CSAD",0.0991192467953546,5.9737489662735,0.0346439290908747,0.854537999490178,0.982946715726013,"Not_Significant"
"CREG1",-0.116049702741486,6.57057754431473,0.0346635529116217,0.854541017062197,0.982946715726013,"Not_Significant"
"TMSB4X",-0.0922269952509262,10.4540707351601,0.0345531122453642,0.854770135980614,0.982946715726013,"Not_Significant"
"DENR",0.0832576771853334,6.06530855334799,0.0344355394086363,0.85498009080882,0.982946715726013,"Not_Significant"
"AFF3",-0.124559481323673,7.11146027089573,0.0344266701410778,0.855039838562403,0.982946715726013,"Not_Significant"
"MTMR10",0.0888271961445849,6.46722292576735,0.0343900198344434,0.855099930813888,0.982946715726013,"Not_Significant"
"JPH4",-0.117907489465921,6.06018755511601,0.0342941451561496,0.855284011644113,0.982946715726013,"Not_Significant"
"DPYSL2",-0.0580070825121749,8.7441043672262,0.0342802989950736,0.85533904060242,0.982946715726013,"Not_Significant"
"MAPKAPK5-AS1",-0.107843412152837,5.45641925147983,0.0342205793111206,0.855362258826071,0.982946715726013,"Not_Significant"
"DBT",0.097735567849128,5.60457604596747,0.0341626292226847,0.855492840230299,0.982946715726013,"Not_Significant"
"VSTM2A",0.135673085268783,5.29202561836119,0.0340715054414315,0.855621548732421,0.982946715726013,"Not_Significant"
"LPP",0.0530620217589365,9.25119713627844,0.0339439829947141,0.856041172329876,0.982946715726013,"Not_Significant"
"ANAPC1",0.0711769287286433,6.26986545888825,0.0339153809230084,0.856081952036918,0.982946715726013,"Not_Significant"
"UTP18",-0.100888482855194,5.56498294614325,0.0337761414595548,0.856311306306283,0.982946715726013,"Not_Significant"
"THUMPD1",0.114407552209281,5.82306106066208,0.0337460095904478,0.856395123501085,0.982946715726013,"Not_Significant"
"NELL2",0.113477493731529,7.13116904070249,0.0337595258444962,0.856432458671273,0.982946715726013,"Not_Significant"
"APLF",-0.110342464938218,5.46679595432322,0.0336883530814558,0.856480307270098,0.982946715726013,"Not_Significant"
"ZNF680",0.0857770279234013,5.7024209125034,0.0336754634449982,0.856530016674382,0.982946715726013,"Not_Significant"
"MCPH1",-0.0624604511636066,7.38537356348913,0.0337112677632529,0.856535536635758,0.982946715726013,"Not_Significant"
"RFTN1",-0.139104708393767,5.43273000648855,0.0334006539720633,0.857083330102728,0.983040972029543,"Not_Significant"
"ATP2B4",-0.0876870988496943,6.82399312918041,0.0333219103450838,0.857354607501529,0.983040972029543,"Not_Significant"
"LUZP2",0.1179072795614,5.50453566396151,0.0331511379504369,0.857604558892149,0.983040972029543,"Not_Significant"
"OTUD6B-AS1",0.0791776247802592,6.20826838159331,0.0331843033530911,0.857619047796608,0.983040972029543,"Not_Significant"
"SUCLA2",-0.0904609974876758,5.97478470373017,0.0331476384201514,0.857686927327238,0.983040972029543,"Not_Significant"
"FLOT2",0.0895276868419888,5.98673698941111,0.0331210872467951,0.857734757420087,0.983040972029543,"Not_Significant"
"DLST",-0.113717409653509,5.3140860291713,0.0330687587995128,0.857761085325302,0.983040972029543,"Not_Significant"
"UACA",-0.0918386728157964,5.66747526328351,0.0330788186761273,0.857799283006967,0.983040972029543,"Not_Significant"
"GRB10",-0.110731478525508,5.45321069794718,0.0330310836094121,0.857868578781612,0.983040972029543,"Not_Significant"
"DENND4C",0.0674648194011948,7.49703362752615,0.033042488796117,0.857948442760858,0.983040972029543,"Not_Significant"
"NRBP1",0.106127611033773,5.59755543476072,0.0329149990398939,0.858123008376876,0.98308850230769,"Not_Significant"
"SCAF11",0.0567912981416773,8.08892546466767,0.032836186309135,0.85838528197232,0.983236482854633,"Not_Significant"
"ATP6V1G1",-0.0889437219404979,5.97592795026657,0.0326836687113896,0.8586749400654,0.983335281472506,"Not_Significant"
"AC242426.2",0.079602951648273,5.89058102304598,0.0324977138931809,0.859055460135333,0.983335281472506,"Not_Significant"
"PSME4",-0.0642956960326009,7.27709063581812,0.0324992280052411,0.85910833741661,0.983335281472506,"Not_Significant"
"ETV5",-0.0927629395357894,6.75070533054354,0.0324434300430565,0.859224720000108,0.983335281472506,"Not_Significant"
"FP700111.1",-0.0729555258113387,7.48086001493881,0.0324376575675756,0.859239973708978,0.983335281472506,"Not_Significant"
"RBM8A",-0.0880262341734816,5.75856443278367,0.0323954808664083,0.859270237160556,0.983335281472506,"Not_Significant"
"DGKZ",0.0656647458792803,6.78168682408481,0.0323116016381155,0.859505545140003,0.983452209099939,"Not_Significant"
"PUM1",0.0555124075397181,7.8410383175594,0.0320797090347181,0.860008500388085,0.983875296943903,"Not_Significant"
"MYRIP",0.0961028962755402,6.55316908653622,0.0319735778996349,0.860227044046818,0.983925305553771,"Not_Significant"
"ANXA7",-0.0996489142967962,5.74673250196138,0.0318263046190966,0.860497154576681,0.983925305553771,"Not_Significant"
"INTS6-AS1",-0.137591483720908,5.4354636707871,0.0317262703279224,0.860670756112698,0.983925305553771,"Not_Significant"
"PKIG",-0.128527563168042,5.4260034774659,0.0316202116815561,0.86089910267213,0.983925305553771,"Not_Significant"
"ZNF141",0.110773926781044,5.72580832258896,0.031610075701833,0.860950469052051,0.983925305553771,"Not_Significant"
"COX7C",-0.0800514575196768,7.14033595886467,0.0316114809762611,0.861024256396948,0.983925305553771,"Not_Significant"
"FADS2",-0.159430337476483,5.14039184775538,0.0315012978773086,0.861100351309807,0.983925305553771,"Not_Significant"
"TNRC6A",0.0622714963945933,8.60430873223843,0.0315663301914194,0.8611177880608,0.983925305553771,"Not_Significant"
"MEF2A",-0.0656758320364724,10.7366651604224,0.0314801397502095,0.861303611853012,0.98398542851194,"Not_Significant"
"SQSTM1",0.0712047675033619,6.82949088240389,0.0313981495858867,0.861484231029646,0.984039587848461,"Not_Significant"
"NDUFAF4",0.118240436293935,5.33878668738013,0.0308585889465487,0.862530217915089,0.984809154509747,"Not_Significant"
"ATP2B1",-0.0654228369538964,8.26221383098018,0.0308864044422321,0.862606196672989,0.984809154509747,"Not_Significant"
"IBTK",-0.0546247377405603,7.26092247493387,0.0308813140078204,0.862621042830071,0.984809154509747,"Not_Significant"
"CPLANE1",-0.0622575537860796,6.99137355474238,0.0308490668399958,0.862691219552264,0.984809154509747,"Not_Significant"
"CD86",0.0885713954924725,7.85195834146898,0.0307258966405423,0.862961656402634,0.984863321695664,"Not_Significant"
"PFDN4",-0.171429709499969,4.80130760549768,0.0305889471618808,0.863011268306959,0.984863321695664,"Not_Significant"
"LINC01122",-0.141887925151662,6.31767672273953,0.0306400075731162,0.863138641486088,0.984863321695664,"Not_Significant"
"SUCLG2",0.0693771059265304,7.40955959314276,0.0305406327227933,0.863372157703847,0.984897160310375,"Not_Significant"
"FDPS",-0.0814508825392075,6.35999111369697,0.0304540149943306,0.863550412678955,0.984897160310375,"Not_Significant"
"LINC00599",-0.119956039981734,5.64748626088982,0.0304067703782746,0.863598696439563,0.984897160310375,"Not_Significant"
"SLC39A10",-0.0615720853392351,7.37049353283154,0.0303352301313923,0.863827982810058,0.984897160310375,"Not_Significant"
"IQCG",-0.115955990738829,5.92869636072846,0.0303141667158655,0.863834939982526,0.984897160310375,"Not_Significant"
"SPIN1",-0.0537528786318761,7.64180897089353,0.0300463255056078,0.86447023180486,0.985469383077546,"Not_Significant"
"HSD17B7",0.109695618505986,5.71353921761308,0.0298910210422672,0.864741831409798,0.985530392366731,"Not_Significant"
"FAM102B",-0.0874065508815023,6.43710710271785,0.0298951215478662,0.864798145341343,0.985530392366731,"Not_Significant"
"KIAA1328",0.0792428930533141,7.3984957594188,0.0298315282115089,0.864950751982121,0.985530392366731,"Not_Significant"
"POLI",-0.151845283286565,5.28681895608675,0.0296943905616927,0.865131134922082,0.985530392366731,"Not_Significant"
"ICA1L",0.0912661038869108,6.22062149909506,0.029620072236039,0.865398436386917,0.985530392366731,"Not_Significant"
"SYBU",-0.10496192983146,5.99704936998659,0.0295666180817227,0.865511788534847,0.985530392366731,"Not_Significant"
"FAU",-0.0856286206092399,7.94777934718938,0.0295172749405376,0.865654861088031,0.985530392366731,"Not_Significant"
"CTNND2",0.0844706730816273,9.15416651817951,0.0293996731955962,0.865916786467538,0.985530392366731,"Not_Significant"
"ZEB1",0.0561341719625022,7.74637877955508,0.0293498419420588,0.866033427096064,0.985530392366731,"Not_Significant"
"KCNJ6",0.0925444357632543,5.70765189357673,0.0293142992577415,0.866039905732618,0.985530392366731,"Not_Significant"
"INSR",-0.0635741682035122,7.30385897653073,0.0292676089413761,0.866220659643998,0.985530392366731,"Not_Significant"
"CRB1",0.119493416039636,6.29129729482604,0.0292482151642975,0.866240239208412,0.985530392366731,"Not_Significant"
"MZF1",-0.0839211633251541,5.57728359833789,0.0292152596050121,0.866258134240853,0.985530392366731,"Not_Significant"
"SLC51A",-0.22240025156338,4.66794823230954,0.0290265195989593,0.866480759619964,0.985631871159944,"Not_Significant"
"GGA2",-0.067451023980684,6.6850400359068,0.0290754380413227,0.866651488012455,0.985674294372287,"Not_Significant"
"ZCCHC7",0.0511612215032378,8.18147173969592,0.0289194681505593,0.867007464811143,0.985819284626609,"Not_Significant"
"DDX18",-0.0785013331571629,6.62302961492867,0.0288867104279649,0.867079490755016,0.985819284626609,"Not_Significant"
"MECP2",0.0685018714448774,6.55961393350815,0.0287764129746247,0.867325834835596,0.985819284626609,"Not_Significant"
"MAPK8IP3",-0.0606568710759223,7.1822842195174,0.0287808513819157,0.867326397396689,0.985819284626609,"Not_Significant"
"AC023051.1",-0.094507070394478,5.75422584780311,0.0286645713647193,0.867534964461504,0.985819284626609,"Not_Significant"
"AP002336.2",0.0707163664794116,7.1973156371467,0.0286312442166344,0.867667332766542,0.985819284626609,"Not_Significant"
"H2AFZ",0.0769453113533609,6.37268796114596,0.0285698035561788,0.867790776416832,0.985819284626609,"Not_Significant"
"RPRD1A",-0.0648609948252045,6.99617004552235,0.0284653279229832,0.868047675078393,0.985819284626609,"Not_Significant"
"SMC2",0.125517251424775,5.24071592756143,0.028377466514725,0.86809524747916,0.985819284626609,"Not_Significant"
"KATNBL1",-0.0599357309518335,7.16331607467883,0.0283794313760645,0.868245535855727,0.985819284626609,"Not_Significant"
"BCOR",0.122544762481261,6.25807710378351,0.0283636161581183,0.868256692656628,0.985819284626609,"Not_Significant"
"CDK17",-0.0625512567913162,7.16395723877148,0.0283207806399981,0.868380409512027,0.985819284626609,"Not_Significant"
"MRI1",-0.116313765580603,5.24513134653761,0.0281722806390839,0.868587126554892,0.985902443740164,"Not_Significant"
"ZYX",0.151134399087894,5.4746263188573,0.0281136516406324,0.868745039710692,0.985930190250865,"Not_Significant"
"PJA2",0.053942573669471,7.39936786322631,0.0279386124077781,0.869262254227201,0.986365633176088,"Not_Significant"
"DDX6",0.0708678997744887,6.95115153779024,0.0276717378733012,0.869879934267857,0.986897521640118,"Not_Significant"
"IGFBP7",0.13202378937607,5.1890259084001,0.0275517725938442,0.869998194249418,0.986897521640118,"Not_Significant"
"ATE1",0.0586162291093562,7.17349380328026,0.0274480884930515,0.870403481103526,0.987093003758621,"Not_Significant"
"ITGA9",0.0594649259062683,7.23775521681517,0.0274335117731933,0.870437772638914,0.987093003758621,"Not_Significant"
"RFPL1S",-0.107475448605078,5.56012782242843,0.0273073548915893,0.870654689317641,0.987187442822627,"Not_Significant"
"PRKACB",-0.0518593314658878,8.07349863634767,0.0272694889293047,0.870819918609168,0.987223256409749,"Not_Significant"
"CCPG1",0.082792511304861,6.89212540343838,0.0270153365883749,0.8714167347822,0.987543801535737,"Not_Significant"
"TMEM222",0.141040128596373,5.12532301988411,0.0269024501856963,0.871510119994034,0.987543801535737,"Not_Significant"
"DGLUCY",-0.0850765709429558,6.30726984380116,0.0269065491694072,0.871661427545511,0.987543801535737,"Not_Significant"
"MAST4",0.116869822231459,7.11945225491095,0.0268835251982476,0.871729671165981,0.987543801535737,"Not_Significant"
"NBPF11",0.107719324657117,5.81574722302138,0.0268412561524125,0.871771101910727,0.987543801535737,"Not_Significant"
"LINC00882",-0.0903913987296789,6.66051443022357,0.0267206641109138,0.872112323088387,0.987600405939085,"Not_Significant"
"BCAS3",0.0557773091806056,8.77083238990571,0.026709603688993,0.872138376233765,0.987600405939085,"Not_Significant"
"HLA-E",0.0742509693308498,7.34080802886555,0.0266355266968789,0.872318196202141,0.987600405939085,"Not_Significant"
"CREBZF",0.0749086085273472,5.78994334261367,0.0265944085493464,0.872355847942674,0.987600405939085,"Not_Significant"
"SEMA6A",0.0881037958740227,6.89157431377905,0.0265474665447106,0.872524498624553,0.987613391489136,"Not_Significant"
"PRKACA",0.11235112873873,5.82338396978078,0.0264028626388146,0.872812927303155,0.987613391489136,"Not_Significant"
"WDR82",-0.0853378810782062,5.76137455546726,0.0263438329106843,0.872958939700821,0.987613391489136,"Not_Significant"
"PIP5K1A",-0.0830487295827868,6.33563931324616,0.0263432457504053,0.873000578568074,0.987613391489136,"Not_Significant"
"PLTP",-0.166666227146018,5.2105488943613,0.0262190240418984,0.873177223988055,0.987613391489136,"Not_Significant"
"SPATS2",0.0794958475639898,6.13799801726835,0.0262340443778115,0.873245434251249,0.987613391489136,"Not_Significant"
"STX6",0.0674812656790489,6.26767277163116,0.0261960049370102,0.873344743077245,0.987613391489136,"Not_Significant"
"TRAK1",0.0598636169335624,7.33795505926398,0.0261665435694965,0.873436887315354,0.987613391489136,"Not_Significant"
"TMEM184B",0.0949843785700124,6.19848758874774,0.0260707835192438,0.873640175249078,0.987659539609252,"Not_Significant"
"GPR137B",-0.0936463055657646,5.66613344950678,0.026011544723314,0.873745105096313,0.987659539609252,"Not_Significant"
"ATRNL1",0.103181559845141,8.32829767103706,0.0258516855151339,0.87419087122814,0.987908118670011,"Not_Significant"
"GJA1",0.15302755031583,7.20406414550007,0.0258352126735793,0.87423248568375,0.987908118670011,"Not_Significant"
"TMOD1",0.0795205216997079,6.21130553225976,0.0256906710829095,0.874557482227318,0.98793125967203,"Not_Significant"
"ARG2",0.0891624200783913,5.69274687597212,0.0255781150338693,0.874783611477082,0.98793125967203,"Not_Significant"
"SAT1",-0.0726780576112305,9.41119278190425,0.0255752165707563,0.874857223865417,0.98793125967203,"Not_Significant"
"SMIM4",0.0693100132234081,6.1500025902626,0.0254629168998483,0.875106529403242,0.98793125967203,"Not_Significant"
"TMTC1",-0.11430816199781,5.65123429592557,0.0254094029166362,0.875201152691349,0.98793125967203,"Not_Significant"
"SOS2",0.0550933079621543,7.04603817327336,0.0254308272603406,0.875211711378594,0.98793125967203,"Not_Significant"
"AGK",-0.1262993787541,5.64277426608697,0.0253923037573008,0.875242323583798,0.98793125967203,"Not_Significant"
"C2CD3",-0.100375630398569,5.76164539727183,0.0252418327442705,0.875621347553101,0.98793125967203,"Not_Significant"
"STAT1",-0.0937368062251081,5.66632123903137,0.0252100120414222,0.875688083794379,0.98793125967203,"Not_Significant"
"NAA20",-0.0660666445444308,6.31878341091485,0.025164312501839,0.875848062961425,0.98793125967203,"Not_Significant"
"TMCO3",-0.103726684860247,5.34481336350759,0.0249777699962915,0.876210633242363,0.98793125967203,"Not_Significant"
"TNFRSF1B",-0.0739245606561722,6.78906461578901,0.0249113494529895,0.876480586142414,0.98793125967203,"Not_Significant"
"HKR1",-0.0916238689831442,5.46746426334435,0.0248588334403329,0.876522403017965,0.98793125967203,"Not_Significant"
"GSK3B",0.050540292996835,7.92686368779636,0.0248910680067541,0.876530972738886,0.98793125967203,"Not_Significant"
"CIT",0.123134081333819,5.99261978685297,0.024816543201498,0.876673999383866,0.98793125967203,"Not_Significant"
"TMEM50B",-0.10283279014299,5.74748326556953,0.0247826457485887,0.876746545700221,0.98793125967203,"Not_Significant"
"AARS",0.0805184052228144,5.8796382152417,0.0247669273289156,0.876788625035818,0.98793125967203,"Not_Significant"
"NTRK3",0.0979485751955429,7.28373990562275,0.0247038408756788,0.876993264096209,0.98793125967203,"Not_Significant"
"SIN3B",0.0961296307739722,5.46383057632733,0.024661383899263,0.876995985410639,0.98793125967203,"Not_Significant"
"AC091887.1",-0.112336348243434,5.24583530234556,0.0246336709531959,0.877041239444766,0.98793125967203,"Not_Significant"
"NUP205",0.0899150204220022,5.58533903942815,0.0246423542632611,0.877061486520803,0.98793125967203,"Not_Significant"
"ERLEC1",-0.0818106771152141,5.67475628410595,0.0245899525575488,0.877213293364316,0.987951608184511,"Not_Significant"
"AC017101.1",0.094219552617397,5.70929417915548,0.0244392977817744,0.877580285095958,0.987958189872863,"Not_Significant"
"CENPC",-0.0701046837753863,6.40356802399525,0.0244466766165076,0.877619169034793,0.987958189872863,"Not_Significant"
"CCNC",0.0967323667735915,5.71119825920935,0.0244231847751122,0.87762036577037,0.987958189872863,"Not_Significant"
"MEF2C",-0.0528897226568549,11.0398574587084,0.0243547446535797,0.877853062658548,0.988069567859012,"Not_Significant"
"ALG5",-0.109507800192472,5.31502433689329,0.0242561519327912,0.877991610583282,0.9880749584672,"Not_Significant"
"MBTD1",0.0666138927520806,7.18656597124682,0.0242059912631681,0.878228307161792,0.988118082820962,"Not_Significant"
"NUP85",-0.108038590839647,5.17715085744476,0.0240655386439893,0.878441406931426,0.988118082820962,"Not_Significant"
"PACSIN2",-0.0534607330045455,7.08975959635141,0.0240456048649943,0.878629496697533,0.988118082820962,"Not_Significant"
"EXOC7",0.0667285711647242,5.87504090762088,0.0239669708332945,0.878778008035899,0.988118082820962,"Not_Significant"
"DNHD1",0.0991798956488198,6.05040818840253,0.0239227325803758,0.878901769457015,0.988118082820962,"Not_Significant"
"NHLRC2",-0.0665458055948506,6.67409758650469,0.0239196120732155,0.878941236913075,0.988118082820962,"Not_Significant"
"REEP3",-0.0593133826932597,7.12829255189185,0.0239112795405619,0.878966281605055,0.988118082820962,"Not_Significant"
"NBPF15",0.109429445834703,5.37088488011252,0.0236370901005424,0.879540060027859,0.988601997265293,"Not_Significant"
"CEBPZ",-0.0824308256979968,6.04638659916158,0.0235715466708108,0.879794025477467,0.988601997265293,"Not_Significant"
"C16orf70",-0.0788571000592114,6.06885237950126,0.0235367332170149,0.879883332738381,0.988601997265293,"Not_Significant"
"TAF11",0.0895622610770802,5.80085398425984,0.0234958194658356,0.879957166195105,0.988601997265293,"Not_Significant"
"SLC4A10",0.0827388706723336,7.16571130839234,0.0233795925032965,0.880307399669669,0.988601997265293,"Not_Significant"
"DIRAS2",-0.110144325366089,5.12021317648678,0.0232342907762812,0.880530567794831,0.988601997265293,"Not_Significant"
"ACP6",-0.12340960523325,5.33390634692829,0.0232282113785983,0.880586874685423,0.988601997265293,"Not_Significant"
"DDX21",0.0876260881318227,6.26314644644038,0.0232348480416737,0.880654773398126,0.988601997265293,"Not_Significant"
"ABLIM1",-0.0943722677037992,6.62519088417892,0.0232209863879437,0.880707143878504,0.988601997265293,"Not_Significant"
"MAGEF1",-0.110708168535192,5.36337871251494,0.0231718716100278,0.880735040476905,0.988601997265293,"Not_Significant"
"SPTBN4",0.0728610566839118,7.26938522834267,0.0229617660347705,0.881373443182309,0.989008756866291,"Not_Significant"
"PPP1R3E",-0.0865184654598516,5.84373912167402,0.0228996626069874,0.881490397424149,0.989008756866291,"Not_Significant"
"NEK7",0.0598684919948031,7.16844734530189,0.0229063434307742,0.881515345922305,0.989008756866291,"Not_Significant"
"FGF1",-0.0902179491586425,6.18538766102208,0.0227183392852024,0.881980074849771,0.989008756866291,"Not_Significant"
"WAPL",0.0542958019105939,7.24411883272246,0.0227071333434687,0.882027798629686,0.989008756866291,"Not_Significant"
"VPS13D",0.0478161226744282,7.7962107345603,0.0225199480769334,0.882510389344836,0.989008756866291,"Not_Significant"
"SLC35B3",-0.0804674343565831,5.67566189520838,0.0223933904399245,0.882780539552556,0.989008756866291,"Not_Significant"
"LRMP",-0.0582350680138423,7.11605036030809,0.0223992695180188,0.882824284163804,0.989008756866291,"Not_Significant"
"BACE1",0.0605875107118926,6.327686252315,0.0223851649076836,0.882843638828154,0.989008756866291,"Not_Significant"
"TOMM20",-0.0783683060736535,6.25442925091367,0.0223421124947729,0.882956455258693,0.989008756866291,"Not_Significant"
"FCF1",0.0985609171379824,5.36249454907714,0.0222679096890056,0.883052396563247,0.989008756866291,"Not_Significant"
"CEP44",0.110570222589748,5.37138901864644,0.0222372735600902,0.883132803754021,0.989008756866291,"Not_Significant"
"DNAJC9",-0.0807114315225155,6.17794036227415,0.022268022159999,0.883145745105621,0.989008756866291,"Not_Significant"
"ARL6IP6",-0.0806100885692558,6.27156555662096,0.0222389702642823,0.883225794989399,0.989008756866291,"Not_Significant"
"AMD1",0.0726960431068644,6.98649690522778,0.0221930504943884,0.883358841023559,0.989008756866291,"Not_Significant"
"ME2",-0.0583707420202389,6.59010257509678,0.0221660894264444,0.883425261314681,0.989008756866291,"Not_Significant"
"LINC00862",-0.0945603860380053,5.94479034637223,0.0221071472637195,0.883551440986013,0.989008756866291,"Not_Significant"
"NR6A1",-0.0544292647695343,6.77139825000128,0.022089894474039,0.883627324265681,0.989008756866291,"Not_Significant"
"SLC16A1-AS1",-0.064795035444234,6.83928098378441,0.0220717951843496,0.883675607837747,0.989008756866291,"Not_Significant"
"SF1",-0.0549619563357744,7.32272254453256,0.0220344473383815,0.883775119002895,0.989008756866291,"Not_Significant"
"TBC1D12",0.059330354360246,7.77161256968257,0.0218575529892483,0.88423777398106,0.989009373628971,"Not_Significant"
"SUMF1",-0.0537743901337053,8.44238908079848,0.0218379087869404,0.884287112176607,0.989009373628971,"Not_Significant"
"CDS2",-0.0586836972495621,6.26971129620722,0.0217642293802331,0.884468392201112,0.989009373628971,"Not_Significant"
"AXIN1",-0.100860193743114,5.18324517508321,0.0216927069816413,0.884542141867956,0.989009373628971,"Not_Significant"
"JMJD1C",-0.0452943256487378,9.43637422457025,0.0217301403277982,0.884569350815849,0.989009373628971,"Not_Significant"
"PHAX",-0.170490215125538,4.91027910052641,0.0216272588296359,0.884659630616108,0.989009373628971,"Not_Significant"
"PRPF40B",-0.0858151145106349,5.75706088916348,0.0216513569729114,0.884732462114421,0.989009373628971,"Not_Significant"
"KLHL12",-0.100747411048094,5.32214562486099,0.0215869788899854,0.88484675109163,0.989009373628971,"Not_Significant"
"ZC3H18",0.0913504953798143,5.31945788843842,0.0214630283416376,0.885162204389101,0.989212284995808,"Not_Significant"
"MTR",0.0594786384921896,6.5000153830243,0.0214110033119544,0.885407909132673,0.989237054838511,"Not_Significant"
"CMSS1",-0.051326749960218,7.69510757858244,0.0213383475623519,0.885610762226329,0.989237054838511,"Not_Significant"
"GABRB2",0.0882444605562851,7.29815965548959,0.0213138890543199,0.885676176508635,0.989237054838511,"Not_Significant"
"PRR14",0.112486337076355,5.17425413619422,0.0212433021356007,0.885720032584528,0.989237054838511,"Not_Significant"
"APPL2",0.0539304568470289,7.80268148604603,0.0207647301052601,0.887146992618917,0.990681002944208,"Not_Significant"
"MAP1A",0.0805651507574448,6.40457328430338,0.020569590793682,0.887661720625686,0.990888688863399,"Not_Significant"
"CDH10",0.101797210916463,6.39164255772425,0.0205629771952427,0.887678393637714,0.990888688863399,"Not_Significant"
"IPO5",-0.0667401081655904,5.77471597438454,0.0204877106603639,0.887850707198375,0.990888688863399,"Not_Significant"
"SIPA1L1",0.0513633811403223,8.79068824358463,0.0204577945251733,0.88797533707032,0.990888688863399,"Not_Significant"
"PGP",-0.0877000491071819,5.92010761854256,0.0204362153537204,0.888003671351794,0.990888688863399,"Not_Significant"
"TTLL11",-0.09056946022104,6.41437243665725,0.0203611642839071,0.888232844212739,0.990994716840281,"Not_Significant"
"MVB12B",0.0508115796292803,8.03997586071879,0.0200318325403213,0.88914138551751,0.990997237626711,"Not_Significant"
"ABCA3",-0.0744886229343999,6.11434392793663,0.0198641260057493,0.889583044461107,0.990997237626711,"Not_Significant"
"P2RY12",-0.0545056972782179,8.71561905872423,0.0197546450845394,0.889903777388785,0.990997237626711,"Not_Significant"
"SUCLG2-AS1",-0.0869510641270179,6.186415650253,0.0196150436357656,0.890276748786938,0.990997237626711,"Not_Significant"
"DYNC1H1",-0.0520207574557128,7.40243049338733,0.0194244934862928,0.890825105814399,0.990997237626711,"Not_Significant"
"EMC4",0.117892060626396,5.13809866292044,0.0193675069029411,0.890839862641558,0.990997237626711,"Not_Significant"
"ZZEF1",-0.0611914152095523,6.20911893716447,0.0194028225959991,0.890867998903041,0.990997237626711,"Not_Significant"
"GLB1",0.067327806191964,6.76093562530412,0.0193794751675701,0.890946484847833,0.990997237626711,"Not_Significant"
"ARRDC3",-0.102324665495853,5.25555392331994,0.0193347004436385,0.890965227841516,0.990997237626711,"Not_Significant"
"AC097478.1",-0.100270401024106,5.4740515481631,0.0192802486286177,0.891151190039254,0.990997237626711,"Not_Significant"
"ZC3H7B",-0.0809609894310407,5.58530008711912,0.0192585228288001,0.891224795217579,0.990997237626711,"Not_Significant"
"HMGXB3",-0.122860303149748,5.12327329451105,0.0192082104924457,0.891297078463923,0.990997237626711,"Not_Significant"
"MRPS9",-0.065977741011445,6.14387543171257,0.0192441579688948,0.891309272197262,0.990997237626711,"Not_Significant"
"PIP4P2",0.0796305883106639,5.60384399102816,0.0192042409403729,0.891370575930577,0.990997237626711,"Not_Significant"
"GTF3C1",-0.0789135276104379,5.57421318548446,0.0191229032388101,0.891604510964446,0.990997237626711,"Not_Significant"
"GRIA2",0.0735444535095769,8.16351641030087,0.0191211402953892,0.891672895375723,0.990997237626711,"Not_Significant"
"JUNB",-0.0801879173685468,5.91134170948151,0.0191003988385133,0.891699577192445,0.990997237626711,"Not_Significant"
"TNIK",0.0636010458236776,7.73580325025421,0.0190949573635009,0.89174794210796,0.990997237626711,"Not_Significant"
"FBXL2",0.0929298281454441,5.89125984853377,0.0190139122057572,0.891934082277688,0.990997237626711,"Not_Significant"
"SREK1",0.0596509650870501,6.68591146033824,0.0190224670492593,0.891947604685754,0.990997237626711,"Not_Significant"
"CISD2",-0.0615882848836085,5.77839678503484,0.0189734938443125,0.892046021636238,0.990997237626711,"Not_Significant"
"FCHSD2",0.0424283668325326,9.67599557777541,0.0189637370747116,0.89211434953351,0.990997237626711,"Not_Significant"
"NUCKS1",-0.0494311147071844,7.5510586859011,0.0189258972330068,0.892225591240934,0.990997237626711,"Not_Significant"
"EIF2D",-0.135783131542776,4.81249667213032,0.0188178392110441,0.892334469718489,0.990997237626711,"Not_Significant"
"GRN",0.0838647053479954,6.72468172411954,0.0187728509103265,0.892654526093615,0.990997237626711,"Not_Significant"
"AP3S1",0.0557958543588443,6.29779487103465,0.0187522450208092,0.892701385969023,0.990997237626711,"Not_Significant"
"RSRC1",-0.0405363340860909,7.90988829317245,0.0187326870382436,0.892772295903408,0.990997237626711,"Not_Significant"
"USP28",0.0865988134599515,5.38588966488833,0.0186921847936489,0.892789836975977,0.990997237626711,"Not_Significant"
"GMCL1",-0.093600198632829,5.46535198892085,0.0186661858672577,0.892885621328472,0.990997237626711,"Not_Significant"
"LINC00891",-0.153475011507523,4.62570679246975,0.0185613377096576,0.893022333566924,0.990997237626711,"Not_Significant"
"RBFOX2",0.0570288701957732,7.37329325966823,0.0186444398455984,0.89302473340899,0.990997237626711,"Not_Significant"
"RYR3",0.083799035978931,7.26122936424737,0.0186252081183113,0.893079347222569,0.990997237626711,"Not_Significant"
"NDUFB4",0.0841949897753695,5.60658091850008,0.0185037883466624,0.893357040302803,0.990997237626711,"Not_Significant"
"CPB2-AS1",0.070602912115048,6.58075122479371,0.0184485000628937,0.893576993457716,0.990997237626711,"Not_Significant"
"LINC02576",0.0971172801546739,5.60604294604299,0.018364719088444,0.893754811935777,0.990997237626711,"Not_Significant"
"TP53BP1",-0.069261881862554,5.68402423306789,0.0183692865957739,0.893759034670784,0.990997237626711,"Not_Significant"
"QARS",0.0961941856488011,5.26520920179585,0.0181688818280014,0.894272232587146,0.990997237626711,"Not_Significant"
"LTBP1",0.112101504920829,5.17244925830581,0.0181329804611962,0.894359547980874,0.990997237626711,"Not_Significant"
"SPG11",0.0526368683835676,7.4648165539113,0.0181545188202551,0.894430438428742,0.990997237626711,"Not_Significant"
"ERI3",-0.062884465126865,6.48963511866477,0.0181233960505687,0.894513276770162,0.990997237626711,"Not_Significant"
"LPCAT4",0.0971436937843042,5.2648115288476,0.0180845275540244,0.89451649658969,0.990997237626711,"Not_Significant"
"KLHL2",-0.0672043556332611,7.00635751651852,0.0180112471934207,0.894845149716433,0.990997237626711,"Not_Significant"
"SCNM1",0.0685835224375852,5.95923380546939,0.0179310247890901,0.895042893272799,0.990997237626711,"Not_Significant"
"EXT2",0.0622879734710265,5.95459946588191,0.0178980231956546,0.895138841934181,0.990997237626711,"Not_Significant"
"DPP6",-0.0754063110978426,7.98669148923429,0.0178379308625024,0.895347699662862,0.990997237626711,"Not_Significant"
"TERF1",0.0715999935360697,6.17424969402912,0.0177764969674638,0.895506095460011,0.990997237626711,"Not_Significant"
"RHBDD1",0.0564353923295581,6.89781883441545,0.0176848844417684,0.895794290321176,0.990997237626711,"Not_Significant"
"PHTF1",-0.0644355976837157,5.78209526436403,0.0176094422543735,0.895974437305929,0.990997237626711,"Not_Significant"
"INPP1",0.0813008782758531,5.60589542989429,0.0174901013663387,0.896300758980163,0.990997237626711,"Not_Significant"
"AC113414.1",-0.0842447285339097,5.57691543781126,0.017478276106694,0.896341062005086,0.990997237626711,"Not_Significant"
"PSMC2",0.0774947434999999,5.70186148635661,0.0174668333173439,0.896379663526666,0.990997237626711,"Not_Significant"
"RHOG",0.0703077306192046,5.97006395153227,0.0174691451901332,0.896395829136793,0.990997237626711,"Not_Significant"
"TMEM119",-0.0852174029651738,6.148003287238,0.0174737142264561,0.896398141821419,0.990997237626711,"Not_Significant"
"RAB31",-0.0581410702817529,7.84426769104648,0.0174521724253645,0.896478926878548,0.990997237626711,"Not_Significant"
"NPTN",0.0531436649291625,6.89110494669523,0.0174013601854139,0.896627771099515,0.990997237626711,"Not_Significant"
"OSBPL8",-0.0588911984162484,7.33448344532684,0.0173880473659439,0.896669464296587,0.990997237626711,"Not_Significant"
"FGD2",0.0597489069530418,7.61632775658274,0.0173070000456315,0.896908419492221,0.990997237626711,"Not_Significant"
"CLDND1",-0.0536646543415141,7.6562472857102,0.017223421928158,0.897156082301699,0.990997237626711,"Not_Significant"
"VPS54",-0.0530821871933666,7.26427032721665,0.0171901462979925,0.897255617740934,0.990997237626711,"Not_Significant"
"HRH2",-0.053454792368562,6.08643777791556,0.0171479808345062,0.897358315714493,0.990997237626711,"Not_Significant"
"GMPS",0.0857735945757269,5.696516472461,0.0170932722358915,0.897485890141413,0.990997237626711,"Not_Significant"
"ABCC5",-0.0619523412077505,6.6376280872052,0.0170853785481865,0.897562975493568,0.990997237626711,"Not_Significant"
"PEX3",0.0836694284621372,5.95940680971436,0.0170658703322841,0.897590155443791,0.990997237626711,"Not_Significant"
"IFRD1",0.0701610297270289,6.09658102030711,0.0170466667508377,0.897656448644515,0.990997237626711,"Not_Significant"
"SUZ12",0.0654641677797103,6.8535525763493,0.017018744047436,0.897763094181975,0.990997237626711,"Not_Significant"
"TYROBP",0.088671916286484,8.23859111496673,0.0169929108899886,0.897840719942563,0.990997237626711,"Not_Significant"
"SYNCRIP",-0.0858782127505366,5.48476745125075,0.0169327588852754,0.897951141092093,0.990997237626711,"Not_Significant"
"CAMK1D",0.0527747262539753,8.71023483791162,0.0168640099168394,0.898225533778743,0.990997237626711,"Not_Significant"
"ILF3",0.0755737598236641,5.60115846154082,0.0168183739087685,0.898299433762073,0.990997237626711,"Not_Significant"
"COTL1",-0.0508277481765582,6.72528455417506,0.0168035573459763,0.898407523892679,0.990997237626711,"Not_Significant"
"RUFY1",0.0567650977053985,6.25800567670012,0.0167902241463991,0.898433024079987,0.990997237626711,"Not_Significant"
"CYB5R3",-0.072971611346014,5.59112704392688,0.0167691489742994,0.89845398978079,0.990997237626711,"Not_Significant"
"ITGAL",-0.0694721298741502,5.94770451045986,0.0167720397883345,0.898475395403844,0.990997237626711,"Not_Significant"
"NBPF12",0.0777317243697123,5.96895721918122,0.0167679540923601,0.898483245134976,0.990997237626711,"Not_Significant"
"EVI5L",-0.0728073738323784,5.59121583235213,0.0166734167731196,0.898742557028631,0.990997237626711,"Not_Significant"
"SET",0.0739680012026881,6.24750629666464,0.0166386886280794,0.89888877154225,0.990997237626711,"Not_Significant"
"C2orf88",0.0656914359460662,5.78397167196024,0.0166172251698864,0.898924267480604,0.990997237626711,"Not_Significant"
"RUBCNL",-0.0531063349127904,7.10840027739557,0.0165159728378039,0.899278346987575,0.990997237626711,"Not_Significant"
"AL589740.1",0.0727993627786992,7.49800860572702,0.0164259866766166,0.899551224018957,0.990997237626711,"Not_Significant"
"TGFBR1",0.04785982239272,8.71062141132012,0.0163526640333492,0.899771362520159,0.990997237626711,"Not_Significant"
"GRIK2",0.0611762128822674,7.56781291597698,0.0163451922611096,0.89979705472269,0.990997237626711,"Not_Significant"
"ZSWIM7",0.0707920031685921,5.96330378409606,0.0163269332130488,0.899819310152751,0.990997237626711,"Not_Significant"
"MCM5",-0.145065988240715,4.61980800011709,0.0162241816991722,0.899939846280179,0.990997237626711,"Not_Significant"
"ZFYVE28",-0.0773682354265446,6.24975009105742,0.0162888621673034,0.899955234887144,0.990997237626711,"Not_Significant"
"KPNA6",0.0607291533876835,6.57205876474594,0.0162827996257951,0.899980406293941,0.990997237626711,"Not_Significant"
"ADAP1",-0.100920386235042,5.08331610670286,0.0162129718818746,0.900071027873541,0.990997237626711,"Not_Significant"
"NBDY",-0.0501329315940609,6.85522153011578,0.0162519873462678,0.900080484441815,0.990997237626711,"Not_Significant"
"DUSP16",0.072055725369834,6.51092142205088,0.0161947896055852,0.900247787612848,0.990997237626711,"Not_Significant"
"MS4A4A",0.107442788099189,5.62259279057208,0.0161398995215649,0.900360823870118,0.990997237626711,"Not_Significant"
"AC025164.1",0.096745994082513,5.32376484222213,0.0161208458760978,0.900381673229912,0.990997237626711,"Not_Significant"
"NRG1",0.0988632696519196,7.40443755737177,0.0160094886234259,0.900825605084716,0.990997237626711,"Not_Significant"
"METTL16",0.0603243179452561,6.19746134354194,0.0159924602017733,0.900858424543685,0.990997237626711,"Not_Significant"
"DNAJC24",0.064700385027067,5.56662397165277,0.0158664474183672,0.901199538149307,0.990997237626711,"Not_Significant"
"TJP1",-0.0523748995252625,8.62232078210563,0.0158709291687808,0.901250414514842,0.990997237626711,"Not_Significant"
"MT2A",0.0824300945699327,8.42316898074306,0.0157678777738715,0.90157027042743,0.990997237626711,"Not_Significant"
"AC058822.1",0.0645446926667412,5.46562645374253,0.0156642090185158,0.901815994515406,0.990997237626711,"Not_Significant"
"SLC39A11",-0.0544171365008482,8.38291881837264,0.0156553522873407,0.901920156051683,0.990997237626711,"Not_Significant"
"FBXO32",0.0820587732606185,6.03548857679437,0.0156407542058312,0.901939436743425,0.990997237626711,"Not_Significant"
"AC016831.7",0.0438013260696666,9.4149934801377,0.0155981320996713,0.902097257845669,0.990997237626711,"Not_Significant"
"KCNB1",-0.0938993517601957,5.75499288303562,0.0155767578767932,0.902126387702213,0.990997237626711,"Not_Significant"
"CCDC7",0.0438571192121031,6.96532349829501,0.0155194663385662,0.902345684504875,0.990997237626711,"Not_Significant"
"HIBADH",-0.0541922302343246,7.017982755014,0.0155128432194042,0.902367494678472,0.990997237626711,"Not_Significant"
"AC239809.3",0.0842724133716682,5.48012285459147,0.0154000418786745,0.902643568688081,0.990997237626711,"Not_Significant"
"KDM7A",0.0607938546575122,6.44506340370854,0.0153972635057628,0.902719905243789,0.990997237626711,"Not_Significant"
"PHF6",0.0729184125193552,5.57237916964072,0.0153573401277232,0.902789090768155,0.990997237626711,"Not_Significant"
"LPXN",-0.0647895235266918,6.05914794458655,0.015333761670678,0.902907652668385,0.990997237626711,"Not_Significant"
"MARK4",-0.0650524712448397,5.88057375982753,0.0153229710736226,0.902930985648236,0.990997237626711,"Not_Significant"
"GMDS-DT",-0.0466036258032841,8.03129257112422,0.0153114756210387,0.90299840293835,0.990997237626711,"Not_Significant"
"ENO1",-0.0583891295131818,6.88005118103773,0.0152902967271555,0.903065787755181,0.990997237626711,"Not_Significant"
"PHF12",0.0569707008432088,5.96118140871458,0.0152307856670974,0.903222544749343,0.990997237626711,"Not_Significant"
"UBE2H",0.0407086032848665,7.33201808028695,0.0152361091167608,0.903237688220285,0.990997237626711,"Not_Significant"
"SBDS",-0.0795944967008292,5.27026412852595,0.0151983570902884,0.903260376464146,0.990997237626711,"Not_Significant"
"ABAT",0.0601444375100337,5.8714135784579,0.0151509585126494,0.903468662817118,0.991078558394721,"Not_Significant"
"HDAC5",-0.0630042116459347,5.78270321732649,0.0148648135483007,0.904378279353097,0.991817022745168,"Not_Significant"
"TBC1D16",0.0603427070720516,6.44902553304413,0.0148639926482818,0.904410378396027,0.991817022745168,"Not_Significant"
"ABTB2",-0.134283368909639,5.0001701652102,0.014760022057307,0.904617032229786,0.991896395588753,"Not_Significant"
"ZBTB37",-0.0632990698430134,5.7825163728616,0.0147085841576781,0.904879480233516,0.992031544791249,"Not_Significant"
"MMAB",-0.115266029237834,5.02256371707267,0.0145112955653971,0.905421213892696,0.992031544791249,"Not_Significant"
"RPL35",0.0766862861608401,8.2108880918305,0.014544965257372,0.905444392935672,0.992031544791249,"Not_Significant"
"CD37",0.0697955347285804,6.52651397237768,0.014473209965287,0.905670716378087,0.992031544791249,"Not_Significant"
"RGS12",0.0581907474769373,7.58361160567234,0.0143333763220194,0.906132819702572,0.992031544791249,"Not_Significant"
"ITGAM",0.0479204527589931,6.96726842167674,0.0142809294708207,0.906302899466744,0.992031544791249,"Not_Significant"
"ATP11A",0.0363370859737129,7.31796627847561,0.0142780545874676,0.906313507660513,0.992031544791249,"Not_Significant"
"GNAO1",-0.0683942460691648,7.67733945177436,0.014274859561782,0.906323496471905,0.992031544791249,"Not_Significant"
"CBX7",0.0658548044254312,5.8724768894655,0.0141459629773416,0.906708726958898,0.992031544791249,"Not_Significant"
"RAMP1",0.0690869236913592,6.2241544592532,0.0141474786463017,0.906723098150653,0.992031544791249,"Not_Significant"
"ZNF76",-0.0741689647637089,5.584424313497,0.014096376129844,0.906853199528917,0.992031544791249,"Not_Significant"
"KLHL20",-0.0546289300478631,6.47404746912625,0.0140878859580071,0.906929597199005,0.992031544791249,"Not_Significant"
"AL445250.1",0.105409237869627,5.39937968771707,0.0139300217710178,0.907372151654724,0.992031544791249,"Not_Significant"
"GPX4",0.0538621493593926,6.89721837523378,0.0138879346531674,0.907594106689383,0.992031544791249,"Not_Significant"
"ANO5",-0.101697372967985,5.54084140083482,0.0138696921497245,0.907598393107631,0.992031544791249,"Not_Significant"
"RGL1",0.0526954397447517,7.27638038082302,0.0138830803288877,0.907611905053972,0.992031544791249,"Not_Significant"
"UPF2",-0.0502378957415368,7.85093606092073,0.0138824921967502,0.907612997229236,0.992031544791249,"Not_Significant"
"DDAH2",-0.0843413649900135,5.58276645341479,0.0138401017051942,0.907699900359665,0.992031544791249,"Not_Significant"
"PCDH15",-0.0548530075668499,6.1503951570413,0.0138018489578599,0.907864283030467,0.992031544791249,"Not_Significant"
"VGLL4",-0.0471321162955989,7.17511917122561,0.0137656570318386,0.908001833182459,0.992031544791249,"Not_Significant"
"STK38L",-0.0498520878847447,6.59695705956767,0.0137154919993474,0.908164243270744,0.992031544791249,"Not_Significant"
"ITGB5",0.0499452245620503,6.25449732706532,0.0137013171554995,0.908200201082616,0.992031544791249,"Not_Significant"
"VWA8",0.0413009486760259,7.07110841104044,0.0135874493808424,0.908595614838643,0.992031544791249,"Not_Significant"
"ATP5F1D",-0.0632286706559147,6.3454161448116,0.0135569642063025,0.908688479181324,0.992031544791249,"Not_Significant"
"COX20",0.0523741941471786,6.02586550652307,0.0135496649899985,0.908696520492984,0.992031544791249,"Not_Significant"
"RFTN2",-0.0470659485248099,7.33191085339314,0.0135067033536053,0.908867134424061,0.992031544791249,"Not_Significant"
"CAMK2D",0.0370649842129246,8.37074087961927,0.0134725839719046,0.908979272494716,0.992031544791249,"Not_Significant"
"GPD2",-0.0521699831505169,7.14465084969563,0.0134502310826247,0.909056890239701,0.992031544791249,"Not_Significant"
"C12orf45",0.0837814068074323,5.31316388806233,0.0134043641707814,0.909118011915807,0.992031544791249,"Not_Significant"
"AC104827.1",0.0698177014395336,5.59752856598422,0.0133567752888812,0.909312585827567,0.992031544791249,"Not_Significant"
"SIK2",-0.0402666224004366,7.53713888353753,0.0133011696730944,0.909559593851899,0.992031544791249,"Not_Significant"
"MED28",0.0720310413734413,5.49187421861843,0.0132800768293326,0.909561009670908,0.992031544791249,"Not_Significant"
"KARS",-0.0951820477823464,5.29537671620924,0.0132340809266992,0.90970115213085,0.992031544791249,"Not_Significant"
"TAF1",0.0420578731855843,6.80061682413527,0.0131999929833559,0.90990005863594,0.992031544791249,"Not_Significant"
"CEBPA",-0.107232199561421,5.93394938130404,0.0131762184259882,0.909957780119075,0.992031544791249,"Not_Significant"
"WIPF2",0.0565686262074387,6.35343687431118,0.0131771774233672,0.909968083592563,0.992031544791249,"Not_Significant"
"SP3",0.0504269408942871,7.22016769121342,0.0131543130005696,0.910057841627397,0.992031544791249,"Not_Significant"
"HLA-DRB5",-0.0974583298963337,6.29296123803421,0.0130584248653382,0.910374405021453,0.992031544791249,"Not_Significant"
"LRSAM1",-0.0635677453949367,6.21911609517529,0.013009167458326,0.910539595967637,0.992031544791249,"Not_Significant"
"EIF3L",0.0670725924891258,5.86830645040286,0.0129741261383003,0.910637557263188,0.992031544791249,"Not_Significant"
"PTP4A2",0.0850026249111943,5.31426468770843,0.0129385271917787,0.910703907992869,0.992031544791249,"Not_Significant"
"MKNK1-AS1",0.0938887871206731,5.16141340232745,0.0128403173060119,0.911020169342228,0.992031544791249,"Not_Significant"
"GPRC5B",-0.0565498890538708,7.70839642136866,0.0128655385883688,0.911045685712556,0.992031544791249,"Not_Significant"
"MPHOSPH9",0.0466481636598846,6.55967604738721,0.0128402870051032,0.911126719721167,0.992031544791249,"Not_Significant"
"KIF1A",0.068318440032841,6.03904831579139,0.012827329774365,0.911152380356021,0.992031544791249,"Not_Significant"
"LRRC63",0.0719289231150105,5.78743770486488,0.0128001250088161,0.911230058735232,0.992031544791249,"Not_Significant"
"NDFIP2",-0.0579528251334479,5.97150134008371,0.012791934653498,0.911275049993367,0.992031544791249,"Not_Significant"
"CDH4",0.0602680586534378,6.06186773339005,0.0127860717730906,0.911296282751601,0.992031544791249,"Not_Significant"
"RARS2",-0.0540259470917533,5.88901918673598,0.0127524861326464,0.911406399406419,0.992031544791249,"Not_Significant"
"NECAB1",0.0516738173491699,7.49311834008804,0.0127469896167127,0.9114550012858,0.992031544791249,"Not_Significant"
"MYO15B",-0.0508530620191122,6.02073418123605,0.0126682881813178,0.911705256421698,0.992069057863184,"Not_Significant"
"CCDC3",-0.0657613155488466,5.93629794585554,0.0126519000143417,0.911758066039415,0.992069057863184,"Not_Significant"
"AP001825.1",-0.112626619582749,5.73773552796977,0.0125605036286855,0.912064433316691,0.99211060845078,"Not_Significant"
"ZNF529",-0.0613795037193067,5.79034155434031,0.0125609964516808,0.912064862865744,0.99211060845078,"Not_Significant"
"AC015923.1",0.0559847346468062,6.19421560036846,0.0124571405755277,0.912445636123386,0.992183229538499,"Not_Significant"
"PTPN11",0.0613364412673421,6.12598723037157,0.0123838200555631,0.912699478826096,0.992183229538499,"Not_Significant"
"SLC27A1",0.0562198621023196,6.47465877763048,0.0123784304866455,0.912730497531214,0.992183229538499,"Not_Significant"
"AC020611.2",0.0585900826060327,6.12041242953877,0.0123574635780654,0.912792006360267,0.992183229538499,"Not_Significant"
"HNRNPDL",0.0344978964761226,8.3293471243077,0.0123432332111356,0.912860438850949,0.992183229538499,"Not_Significant"
"DENND6A-AS1",-0.0751126005090986,5.7751917039699,0.0122698245125653,0.913084903025259,0.992183229538499,"Not_Significant"
"CHFR",-0.0496396043574498,6.21817240899641,0.0122419335278698,0.91320554829573,0.992183229538499,"Not_Significant"
"CDH23",0.0635431132604815,5.46488195590675,0.0121134644906773,0.913604365548962,0.992183229538499,"Not_Significant"
"PLSCR4",0.105981271076979,4.99089602203759,0.0118671053787234,0.914417713050933,0.992183229538499,"Not_Significant"
"TMEM179B",0.0603156195052638,5.78066130818533,0.0117690122651788,0.914864944546136,0.992183229538499,"Not_Significant"
"FAM193B",-0.0475128019934399,6.36311939695583,0.0117761558543826,0.91487013891352,0.992183229538499,"Not_Significant"
"VRK1",-0.0628928563780349,5.37432048238665,0.011744091467035,0.914922038402223,0.992183229538499,"Not_Significant"
"RPS14",0.0615658282916976,7.59525212329219,0.0117610157658033,0.914933415908418,0.992183229538499,"Not_Significant"
"CDC40",-0.0486807803525459,5.94931110647304,0.0117419984489336,0.914976920863038,0.992183229538499,"Not_Significant"
"ATP5ME",-0.0565889291091483,6.91604425700258,0.0117162090409056,0.915094634052142,0.992183229538499,"Not_Significant"
"SLC25A17",0.0529892163199967,5.671973501126,0.0116372128171846,0.91533277402683,0.992183229538499,"Not_Significant"
"SCAF8",-0.0385784086498643,7.40367960537433,0.0116300401009528,0.915406884587917,0.992183229538499,"Not_Significant"
"NXPE3",0.0477371752876225,6.25191758573041,0.011535957775274,0.915733862709813,0.992183229538499,"Not_Significant"
"ATG12",-0.0532015281120528,6.03534398338451,0.0114274788459808,0.916123220619965,0.992183229538499,"Not_Significant"
"NOL4L",-0.0552040867659229,6.62026940230923,0.0114226394690975,0.916157727375982,0.992183229538499,"Not_Significant"
"MVD",-0.0761282096837933,5.46417601887569,0.0113402642563108,0.916401936413215,0.992183229538499,"Not_Significant"
"CYP20A1",-0.0659402669338898,6.06087002098371,0.0113460850090102,0.916422641159767,0.992183229538499,"Not_Significant"
"RABGAP1L",0.0307182783373476,8.93928620594973,0.0113274032831603,0.916507247798601,0.992183229538499,"Not_Significant"
"HMGXB4",-0.0690707264355957,5.58159412486067,0.0113098479809023,0.916524729921022,0.992183229538499,"Not_Significant"
"WDSUB1",0.0521885783510716,6.41229722078963,0.0112630123411118,0.916737412308409,0.992183229538499,"Not_Significant"
"MIER1",0.03738046224939,6.63253925261634,0.0112299222313698,0.916864199442792,0.992183229538499,"Not_Significant"
"TSC2",0.0509874771753313,6.05554790495105,0.0112078743079318,0.916927763272077,0.992183229538499,"Not_Significant"
"STAG1",0.031461649080656,8.91292491471706,0.0112091152663482,0.91694262828369,0.992183229538499,"Not_Significant"
"CDK18",0.0644797364996942,7.68506178904056,0.0111462533969518,0.917177399555371,0.992183229538499,"Not_Significant"
"ZNF337",-0.0759536958017223,5.23892556566308,0.0110894408303631,0.917301936213569,0.992183229538499,"Not_Significant"
"ATG7",0.0394084324375444,8.86431157484421,0.0110564142372959,0.917508148825983,0.992183229538499,"Not_Significant"
"MIAT",-0.0905974882206066,5.57847053624433,0.0109517498718616,0.917852293784252,0.992183229538499,"Not_Significant"
"NR2F1-AS1",0.0735806241889858,6.37517031303394,0.010917612179073,0.918017552422207,0.992183229538499,"Not_Significant"
"WDFY2",0.0369747458604403,8.25834417858914,0.0109117421985125,0.918048537030772,0.992183229538499,"Not_Significant"
"RIC1",-0.0354595573037442,7.3134024910799,0.0109103111474669,0.918055882476565,0.992183229538499,"Not_Significant"
"TTF1",-0.0379117289683119,6.60710112853325,0.0109032113593734,0.918078360874664,0.992183229538499,"Not_Significant"
"WBP1L",-0.0650083743885024,6.17103351004999,0.0108302616785832,0.918341669877771,0.992183229538499,"Not_Significant"
"ANP32B",0.0594380064752365,5.46182753587473,0.0107976706243538,0.918412460209773,0.992183229538499,"Not_Significant"
"TRA2A",0.0362800440969214,8.14313304295652,0.0107995978263569,0.918469394167059,0.992183229538499,"Not_Significant"
"CDH9",0.09227602836971,5.98061340995212,0.0107852709194992,0.91849769986711,0.992183229538499,"Not_Significant"
"FAAP20",-0.0868243232341469,5.30355058495247,0.010767073961353,0.918516282527872,0.992183229538499,"Not_Significant"
"PYROXD1",0.0656787801138018,5.33947623518549,0.0106604296062877,0.918916947390918,0.992183229538499,"Not_Significant"
"KLF13",-0.0637944815982398,5.37411655827994,0.0106511181856408,0.918962015483766,0.992183229538499,"Not_Significant"
"PRKCZ",0.0649281816746151,5.78371235635004,0.0106575520290837,0.918968887319868,0.992183229538499,"Not_Significant"
"CCDC97",0.0706794557381766,5.59752705806376,0.010648168025671,0.918989655753252,0.992183229538499,"Not_Significant"
"TBXAS1",-0.0405268989685824,9.47058193182541,0.0106450699607022,0.919050886200534,0.992183229538499,"Not_Significant"
"DDAH1",-0.073579875749223,6.02156734570669,0.0105755284974406,0.919298137148157,0.992183229538499,"Not_Significant"
"RNF144A",-0.063177152993751,7.07886232862743,0.0105378829537598,0.919461212411984,0.992183229538499,"Not_Significant"
"ZNF718",0.0483441742377487,6.50026188628769,0.0105248154999807,0.919503875765039,0.992183229538499,"Not_Significant"
"MTMR1",-0.0547099184075188,5.69437205243641,0.0104321857024485,0.919825125455102,0.992183229538499,"Not_Significant"
"NVL",0.0512744309589821,6.14925815112667,0.0104353117270649,0.91983507925532,0.992183229538499,"Not_Significant"
"SLC12A5",-0.0684120133448956,5.57424594349239,0.010422283075668,0.919853912484607,0.992183229538499,"Not_Significant"
"GALNT18",-0.0727180723649907,5.68209711933108,0.0104147083693367,0.919891752163791,0.992183229538499,"Not_Significant"
"G2E3",-0.0456015068699358,6.15724322059306,0.010414144474878,0.919918884438072,0.992183229538499,"Not_Significant"
"AC025043.1",0.0502044605074857,6.09795896748628,0.0103458048844511,0.920176268127775,0.992183229538499,"Not_Significant"
"ASH1L",0.0299188505545445,8.80459887420377,0.0102690946126041,0.920488505411466,0.992183229538499,"Not_Significant"
"CDKN1C",-0.0584768872200426,5.58900165323297,0.010229060899024,0.920598497387015,0.992183229538499,"Not_Significant"
"ALOX5",-0.0437678315058541,7.59032526559111,0.0102358398540837,0.920619352014236,0.992183229538499,"Not_Significant"
"PSME1",0.0794920716264805,5.11115993638396,0.0102044372350513,0.920634813605019,0.992183229538499,"Not_Significant"
"GDAP2",0.051454212688305,6.11564687317353,0.0102143482029332,0.920683945449565,0.992183229538499,"Not_Significant"
"MRPS6",-0.053476482014915,5.85757153765418,0.0101999800607032,0.920729850039575,0.992183229538499,"Not_Significant"
"TMEM50A",-0.0440423292415945,5.87439950155083,0.0101262156221699,0.92101663450094,0.992183229538499,"Not_Significant"
"GAS7",0.0372043962089505,7.67728522717187,0.0101179790710077,0.921075849946411,0.992183229538499,"Not_Significant"
"RPL27A",0.0461928890718229,8.09999607117317,0.0101101324289147,0.921105359699146,0.992183229538499,"Not_Significant"
"AC068724.3",-0.0569696141469912,5.99720953386508,0.0101022805438402,0.921116487895784,0.992183229538499,"Not_Significant"
"NMD3",0.062699683868,6.01907235472934,0.0100748944771435,0.921220698543252,0.992183229538499,"Not_Significant"
"AKAP12",-0.0759146091961037,5.58312045254366,0.0100574008362106,0.921265360260695,0.992183229538499,"Not_Significant"
"NOSIP",0.0591346858189018,5.68637533308115,0.00997481102890057,0.921591294900074,0.992183229538499,"Not_Significant"
"GALM",-0.0631628316081191,5.85235054370422,0.00982967973478797,0.922176882846508,0.992183229538499,"Not_Significant"
"RING1",0.0439028344435643,6.09223229621887,0.00978044060095181,0.922380193654608,0.992183229538499,"Not_Significant"
"CCM2",0.0414123142789331,7.1681982620378,0.00978326487611243,0.922387868024952,0.992183229538499,"Not_Significant"
"ZNF326",0.040385627570341,6.42791247659684,0.00977865624717913,0.922398142607311,0.992183229538499,"Not_Significant"
"ARIH2",-0.032994909177933,7.01060144307902,0.00969630950667608,0.922732280682225,0.992183229538499,"Not_Significant"
"SLC37A1",-0.0622811375274855,5.47382732688009,0.00955960132259147,0.923221744233644,0.992183229538499,"Not_Significant"
"TDRD3",0.0328270439728378,7.03159351300588,0.0095569177396968,0.923287501048387,0.992183229538499,"Not_Significant"
"ZC3H6",-0.0403069228731001,6.66392248026294,0.00954387697742247,0.923337372556574,0.992183229538499,"Not_Significant"
"FZD3",-0.0631068976655121,6.04804831581119,0.00942591586662414,0.923796109646341,0.992183229538499,"Not_Significant"
"NSMCE2",0.0305033494485806,8.63997576590484,0.00941691210275724,0.923847843267764,0.992183229538499,"Not_Significant"
"ISPD",0.0715189549511968,5.37468483989234,0.00938900416482521,0.923892446692277,0.992183229538499,"Not_Significant"
"BCO2",0.0671090697359078,6.02161042453939,0.00939701388121288,0.923908087381318,0.992183229538499,"Not_Significant"
"TUBGCP2",0.0446914527604753,5.85741404066716,0.0092916415043136,0.924326575488811,0.992183229538499,"Not_Significant"
"MOB3B",-0.050808359984843,7.38179578922625,0.00929900687613173,0.924326999605861,0.992183229538499,"Not_Significant"
"YWHAB",-0.0432434474448246,7.17968915270856,0.00927731023607122,0.924415030440496,0.992183229538499,"Not_Significant"
"ZNF430",0.056176768152751,5.93906045406926,0.00927086808063039,0.924415122945129,0.992183229538499,"Not_Significant"
"IPO7",0.0396685062763058,6.33698463784634,0.00923503821957517,0.924576532623461,0.992183229538499,"Not_Significant"
"RNF24",0.0457872959891175,6.70593623635449,0.00920151584587601,0.924719998915459,0.992183229538499,"Not_Significant"
"VPS35",-0.0359516016118531,6.94150930313792,0.00919549889314174,0.924747245829402,0.992183229538499,"Not_Significant"
"THRA",0.0669026967111534,5.68744279785301,0.00899059355373312,0.925546848826639,0.992183229538499,"Not_Significant"
"FAM49B",-0.0311042027953623,9.70662763331203,0.008988269839053,0.925594816412159,0.992183229538499,"Not_Significant"
"AGPAT3",0.053854784822337,5.96159769595648,0.00895057162316925,0.925729088455618,0.992183229538499,"Not_Significant"
"WNK2",0.0620975716008127,5.57941038360528,0.00893009306622141,0.925788780925384,0.992183229538499,"Not_Significant"
"RAP1GAP",-0.0521771056670754,5.6961034010432,0.00891711211751976,0.925855603258415,0.992183229538499,"Not_Significant"
"UBA3",0.0397427713661462,6.99498257253315,0.00891132917782913,0.925915213813332,0.992183229538499,"Not_Significant"
"GALNT13",0.0672186496214059,6.72631953507573,0.00884907704894532,0.926171147288991,0.992183229538499,"Not_Significant"
"MTX2",0.0427511561143397,6.4328736760178,0.00883098162371125,0.926241925757321,0.992183229538499,"Not_Significant"
"TUSC3",-0.0864552230833555,5.13296137829175,0.00880883602346363,0.926253278081498,0.992183229538499,"Not_Significant"
"ARID4B",0.0317684670297557,8.26503900512779,0.00870814082217845,0.926761191591685,0.992183229538499,"Not_Significant"
"CD276",0.0579146829743298,5.46071272112425,0.00864084139583091,0.926986732384199,0.992183229538499,"Not_Significant"
"SLC9A6",0.0400881040076106,6.0901412227131,0.0086451253092011,0.927009558838161,0.992183229538499,"Not_Significant"
"CD22",0.0644661910593831,6.39543282998091,0.00859492340105671,0.927230143323794,0.992183229538499,"Not_Significant"
"CPD",0.0403330875029587,6.54866692834323,0.00858192891968576,0.927288550323528,0.992183229538499,"Not_Significant"
"MIOS",0.0483158790769709,5.87305156638174,0.00857180047987974,0.927308459164801,0.992183229538499,"Not_Significant"
"ACTN4",0.0533968375333458,6.47052608818803,0.00857617489828766,0.927311185000115,0.992183229538499,"Not_Significant"
"EIF3E",-0.0326641831102741,6.74471990623214,0.00857159154673374,0.927335614086522,0.992183229538499,"Not_Significant"
"PPP2R5C",-0.0320807651907477,7.52683040304116,0.00852391357281748,0.927539251783036,0.992183229538499,"Not_Significant"
"ZNF331",-0.0640568891396878,6.01295873681892,0.00851097328213481,0.927575736989633,0.992183229538499,"Not_Significant"
"TIMMDC1",0.0516514796703473,5.5707265977306,0.00846172835240216,0.92775491558708,0.992183229538499,"Not_Significant"
"HSPA12A",-0.0545284864884441,6.24094796591131,0.00844902785523485,0.927846673807211,0.992183229538499,"Not_Significant"
"EIF5A",0.0650130362668758,5.58109665124905,0.00842087430390128,0.927929293733283,0.992183229538499,"Not_Significant"
"MR1",0.0585831938026817,5.57700071692202,0.00841723027409729,0.927944726878543,0.992183229538499,"Not_Significant"
"ZNHIT1",-0.0488843572863018,5.3845303423836,0.00840901209435973,0.927966932699694,0.992183229538499,"Not_Significant"
"KLF12",0.0392466786072059,6.73516654205902,0.00835679952545292,0.928248277336912,0.992183229538499,"Not_Significant"
"HLCS",-0.0303390694027002,6.83033732824187,0.0083234674409728,0.928392584776406,0.992183229538499,"Not_Significant"
"MED31",0.0574453674926558,5.58804493454808,0.00831192627580482,0.928396557448666,0.992183229538499,"Not_Significant"
"WAC",0.0292491747110931,8.14339434832682,0.0083100647736831,0.92844997863153,0.992183229538499,"Not_Significant"
"FAM120B",0.0306230965821239,7.06524421344351,0.0083061736181542,0.928467618016295,0.992183229538499,"Not_Significant"
"NEK9",0.035268971272167,6.42576482215283,0.00825415677174899,0.928684222177878,0.992183229538499,"Not_Significant"
"NT5C",-0.0594208264367449,5.99642993277389,0.00825118964155419,0.92868571123996,0.992183229538499,"Not_Significant"
"LMF1",-0.0444110893819961,6.3609046945345,0.0082348686458391,0.928767223381373,0.992183229538499,"Not_Significant"
"ADK",-0.0291571614160939,8.36492591448071,0.00822583316380444,0.928812008451905,0.992183229538499,"Not_Significant"
"RNASE6",-0.0616207145696708,5.93668354980515,0.0081532372034173,0.92910654839936,0.992183229538499,"Not_Significant"
"CYBA",0.0588401226475529,8.10871248149031,0.00813121204099102,0.929221986034831,0.992183229538499,"Not_Significant"
"MAPRE3",0.0608626841441354,5.67780764324386,0.00811069608248449,0.929272443982486,0.992183229538499,"Not_Significant"
"NTRK2",-0.0469932424649926,8.20716783441218,0.00808541186435626,0.929420755631059,0.992183229538499,"Not_Significant"
"GRAMD2B",-0.0668537643383431,6.73478898750313,0.0080754692263469,0.929463915647617,0.992183229538499,"Not_Significant"
"TSC1",0.0502361089589448,5.77321094273162,0.00804841489581908,0.929550361864802,0.992183229538499,"Not_Significant"
"ARHGAP44",0.0598512401232343,6.09081985093435,0.0080463950636297,0.929574480104298,0.992183229538499,"Not_Significant"
"LPAR6",0.0483611618148949,9.17210813011675,0.00803040183728083,0.929659452762025,0.992183229538499,"Not_Significant"
"FAIM2",0.0464159374961677,7.00781543820339,0.0080274648138304,0.929674192123971,0.992183229538499,"Not_Significant"
"SGCD",0.0596797882739773,7.37979602585683,0.00802697938978414,0.929676985575939,0.992183229538499,"Not_Significant"
"BTBD2",-0.0599001434347593,5.48993736197485,0.00795946113193613,0.929923255142141,0.992183229538499,"Not_Significant"
"GTF2A1",-0.0424192878250103,5.70351068242197,0.00791812071162842,0.930120029328443,0.992183229538499,"Not_Significant"
"FAM219B",-0.0587440012918955,5.35204905105962,0.00790675588438668,0.930142309395155,0.992183229538499,"Not_Significant"
"CUX2",0.0886074141742706,5.98764242393155,0.0078460419268156,0.930449280953109,0.992183229538499,"Not_Significant"
"SUGP2",-0.0396687063714511,6.61979967685829,0.00782597095276307,0.930557514045028,0.992183229538499,"Not_Significant"
"PHACTR1",-0.0452951064680963,8.48728902936877,0.00780716024559103,0.93064197869835,0.992183229538499,"Not_Significant"
"TRIM44",-0.0282486332933225,7.4996593435979,0.00778384692121017,0.930747263549201,0.992183229538499,"Not_Significant"
"SEMA6D",0.0521640210822236,6.67014658529567,0.00777912518989099,0.930764680069484,0.992183229538499,"Not_Significant"
"RPS6KA1",0.0423280262466537,6.37097601372419,0.0077637994574366,0.930827750485219,0.992183229538499,"Not_Significant"
"CTSL",-0.0403434481855721,5.87771353930757,0.00773602752926786,0.930935692964849,0.992183229538499,"Not_Significant"
"SPOP",0.0385870215588661,6.4562006127911,0.00765034696684128,0.931335502620311,0.992466150873664,"Not_Significant"
"DOCK10",0.0280284411864382,9.91237171492397,0.0075477132102467,0.931800148327584,0.992775170036405,"Not_Significant"
"LRP1",-0.0331759183107255,7.5622945992011,0.00752184032264463,0.931919524784852,0.992775170036405,"Not_Significant"
"RNF2",-0.0711291498710735,5.24399915608656,0.00748207213482697,0.932028672560237,0.992775170036405,"Not_Significant"
"DHX35",0.0479636515545661,5.42867588637885,0.00740552454920457,0.932389824951145,0.99279496412201,"Not_Significant"
"LITAF",-0.0357634957505699,6.49590979331114,0.00735062843373084,0.932692084794695,0.99279496412201,"Not_Significant"
"METTL7A",0.0423896784611438,7.19730374835953,0.00735052036524624,0.932697261027756,0.99279496412201,"Not_Significant"
"PACS1",0.0290399638401877,8.1204491940393,0.00726432700821565,0.933090917567202,0.99279496412201,"Not_Significant"
"EFCAB14",0.0339122284404713,6.42257203012316,0.0072627292290471,0.933092450212855,0.99279496412201,"Not_Significant"
"GABPA",-0.0472662831756491,5.60961856358816,0.00723716284995242,0.933178437953164,0.99279496412201,"Not_Significant"
"CDC14B",-0.028770565569628,7.3966076038453,0.00719451576222203,0.933413684372057,0.99279496412201,"Not_Significant"
"AL592183.1",0.0630011938767766,5.9547867739937,0.00717947575719548,0.933460744607663,0.99279496412201,"Not_Significant"
"TMEM87A",0.0292460983412182,7.44546835426249,0.00712238004151528,0.933747370645692,0.99279496412201,"Not_Significant"
"SMARCD2",0.0618059998953741,5.13819709228314,0.00708781801617253,0.933823022810603,0.99279496412201,"Not_Significant"
"ING3",0.064090075629311,5.48627747630978,0.0070690830984844,0.933943990222531,0.99279496412201,"Not_Significant"
"SALL1",-0.0536294133501917,5.95640748322732,0.00692947532841792,0.934629695603255,0.99279496412201,"Not_Significant"
"GPC1",0.064148104073192,5.19514946465894,0.00687378222548932,0.934833674989373,0.99279496412201,"Not_Significant"
"PTTG1IP",-0.0452350626659738,6.07456821310001,0.00687316063184931,0.934899329940602,0.99279496412201,"Not_Significant"
"MTERF4",0.0545547779076121,5.6854344482497,0.00677408155760354,0.935347970010343,0.99279496412201,"Not_Significant"
"RPS12",-0.0461996821076878,6.60984687638407,0.00676162914792201,0.935440030589224,0.99279496412201,"Not_Significant"
"MRPL55",-0.0515364886498598,5.50928393091112,0.00674738250683035,0.935466584379122,0.99279496412201,"Not_Significant"
"LASP1",0.0349640908130298,6.02661639705408,0.00671397043952738,0.935652364313101,0.99279496412201,"Not_Significant"
"OSBP",0.05239039902425,5.57116673820557,0.0066946081951804,0.935719932843711,0.99279496412201,"Not_Significant"
"PSAT1",-0.0642898257368338,5.34746654843362,0.00669070926812769,0.935724568642075,0.99279496412201,"Not_Significant"
"ZNF445",-0.0490450638620888,5.29095225715245,0.00667695578663018,0.935784695481948,0.99279496412201,"Not_Significant"
"BRINP1",-0.0662617952669086,5.98526292547784,0.00668291717882239,0.935801674367719,0.99279496412201,"Not_Significant"
"F3",-0.149168757018194,4.45817715537898,0.00663403796786493,0.935889267202937,0.99279496412201,"Not_Significant"
"RFC1",-0.0302573347430527,6.66754880480047,0.00663368710592657,0.936052764998215,0.99279496412201,"Not_Significant"
"RABEP2",-0.0579958359869864,5.21282169187292,0.00659804573081433,0.936156957301017,0.99279496412201,"Not_Significant"
"PRPF19",0.0518274002927449,5.36133398089084,0.00657916287531097,0.936258590487917,0.99279496412201,"Not_Significant"
"GPR75-ASB3",0.0314174170591818,7.42345000780763,0.00657407195525131,0.936342481441883,0.99279496412201,"Not_Significant"
"RNF115",-0.0295929878827424,7.0721084291048,0.00656824720668379,0.936370547028027,0.99279496412201,"Not_Significant"
"RARS",0.035837098441052,6.15539968936568,0.00649695210841102,0.936702828649521,0.99279496412201,"Not_Significant"
"ADNP",0.0254868553431118,7.48908034284121,0.00647394863665569,0.936827936115822,0.99279496412201,"Not_Significant"
"HDAC1",0.0511311803478009,5.36106435994146,0.00646093009090609,0.93683258773805,0.99279496412201,"Not_Significant"
"DYNC1LI2",0.0414367918084242,6.55741641209735,0.00642758467142979,0.937049564020801,0.99279496412201,"Not_Significant"
"AC005480.1",-0.0471046774322782,5.79066527829814,0.00641764832024936,0.937076714050701,0.99279496412201,"Not_Significant"
"VAV3",0.0712605859219213,5.41585427472678,0.00639210058674199,0.937172870044472,0.99279496412201,"Not_Significant"
"LRRK1",0.0297088761294579,8.06804751571632,0.00637939008956204,0.93728895115003,0.99279496412201,"Not_Significant"
"PIK3CG",-0.0446705626912356,5.59925677150356,0.00626249363361707,0.937829268576951,0.99279496412201,"Not_Significant"
"RBM26",0.0279950695559271,7.99321843525092,0.00625834139643415,0.937885583428691,0.99279496412201,"Not_Significant"
"PTPRZ1",0.0568804994437074,6.51790806546829,0.00624132631436468,0.937965530905482,0.99279496412201,"Not_Significant"
"LMNA",-0.0656646763455508,5.10745090755642,0.00618994138945454,0.938147624632765,0.99279496412201,"Not_Significant"
"SYF2",-0.0493948129944026,5.25877354920084,0.00615055885235399,0.938359152581712,0.99279496412201,"Not_Significant"
"TLR7",0.0588361090169707,5.77852337200703,0.00613536671284684,0.938469620145013,0.99279496412201,"Not_Significant"
"PDK1",-0.0430798274841139,5.70310178388794,0.0061214386774435,0.938538113859358,0.99279496412201,"Not_Significant"
"APC",0.0254303316229099,7.2428214346866,0.00610684745914759,0.938641204218132,0.99279496412201,"Not_Significant"
"PLB1",0.0490228705098031,5.4754093905174,0.00608966549943208,0.938679655226307,0.99279496412201,"Not_Significant"
"WASF3",0.0463858659964065,5.85513080961443,0.00607933122400803,0.938754748084911,0.99279496412201,"Not_Significant"
"INTS12",-0.0466194633454296,5.59796534035382,0.00601381013925685,0.939073475592619,0.99279496412201,"Not_Significant"
"AGPS",-0.0385359666885051,6.44420320840905,0.00601686708660229,0.939088870917319,0.99279496412201,"Not_Significant"
"MTO1",0.0509266252135418,5.47675179260943,0.00600600381172428,0.939101471065569,0.99279496412201,"Not_Significant"
"TCEAL9",0.06685617601648,5.10490548270559,0.00597044954289775,0.939247277870457,0.99279496412201,"Not_Significant"
"MFSD14C",-0.0278124746568371,7.53000120100772,0.00593366395638499,0.939515606706699,0.99279496412201,"Not_Significant"
"TOM1L1",-0.0443255394891854,6.41513935048208,0.00592095134732945,0.939574815349221,0.99279496412201,"Not_Significant"
"CPQ",-0.0245887508770601,8.32880473745015,0.00587103574671854,0.939833572882645,0.99279496412201,"Not_Significant"
"EPB41L1",0.0461576162612033,6.07882180034765,0.00586079664138898,0.939872177295735,0.99279496412201,"Not_Significant"
"EXOSC10",-0.0481391050315328,5.60850855874696,0.00583953956983576,0.939961639290415,0.99279496412201,"Not_Significant"
"PPP1R12B",0.0323381391420034,7.96933109540529,0.00583414381934858,0.940023176492632,0.99279496412201,"Not_Significant"
"UBE4B",-0.0312282002853245,7.32071410873092,0.0058151309403317,0.94012171419419,0.99279496412201,"Not_Significant"
"ELMOD1",-0.0584757875147458,5.25155788253742,0.00578029364178622,0.940239183841325,0.99279496412201,"Not_Significant"
"WDR45B",0.0496122781450618,5.99825738754647,0.00577448765276957,0.940312701375912,0.99279496412201,"Not_Significant"
"RPL30",0.0371878230493053,7.13238213494682,0.00571370392504883,0.940644819793143,0.99279496412201,"Not_Significant"
"PLCB2",-0.0398908433408776,6.20812708413832,0.00569996668673634,0.940706621420957,0.99279496412201,"Not_Significant"
"DROSHA",-0.0380915206740326,5.87852149487683,0.00565082714187783,0.940951329421216,0.99279496412201,"Not_Significant"
"C1orf21",-0.0403720666696631,5.95472053174041,0.00561395159392122,0.94114699458719,0.99279496412201,"Not_Significant"
"CWF19L2",-0.0275023395154957,7.30295647626738,0.00560083043214933,0.94123316787904,0.99279496412201,"Not_Significant"
"SAMD12",0.0302839327978077,8.4548922144571,0.00557079670805978,0.941388944142955,0.99279496412201,"Not_Significant"
"FAM117B",0.03402502318765,6.30501133650127,0.00554461094435665,0.941519689739175,0.99279496412201,"Not_Significant"
"LY86-AS1",0.0566926719039583,5.68688063030153,0.00553048694959989,0.941570314041332,0.99279496412201,"Not_Significant"
"SRRM3",-0.0549898873806471,5.78007325875348,0.00553154829837508,0.941572533697541,0.99279496412201,"Not_Significant"
"TRPC1",-0.0310540446483132,6.59437934652209,0.00552954146786562,0.94160450011108,0.99279496412201,"Not_Significant"
"ALDH1L1",-0.0740147806755901,4.8634949764505,0.00550640730822614,0.941628840350757,0.99279496412201,"Not_Significant"
"BHLHE41",-0.035300465878548,8.24058826969395,0.00551996644857352,0.94165669237592,0.99279496412201,"Not_Significant"
"ZBTB20-AS5",0.0297059087858695,6.17047380427638,0.00551777280112045,0.941657873362076,0.99279496412201,"Not_Significant"
"PNMA2",-0.051725092556703,5.50902209506917,0.00547940287472706,0.941832492020959,0.99279496412201,"Not_Significant"
"ADGRB1",-0.0595565025334721,5.11063849174149,0.00542137997370013,0.942107176421014,0.99279496412201,"Not_Significant"
"ULK3",-0.0425172029432929,5.41039810754796,0.00541451967565793,0.942169861301055,0.99279496412201,"Not_Significant"
"TWSG1",-0.0386026104223949,5.50574061926815,0.00538950823239127,0.942310049299989,0.99279496412201,"Not_Significant"
"ZNF791",0.0358073218178845,6.2816893065311,0.00535782400109275,0.942510729766515,0.99279496412201,"Not_Significant"
"RORA-AS1",0.0468890856198571,5.55341546651207,0.00534619309613241,0.942542431077966,0.99279496412201,"Not_Significant"
"SMARCC2",-0.0362360749320426,6.28455241739677,0.00534015365705518,0.942606576728949,0.99279496412201,"Not_Significant"
"CCT5",-0.0385813868900336,5.50573811871185,0.00531162454423951,0.942727622384967,0.99279496412201,"Not_Significant"
"NXPH1",0.0576241517180861,5.48184010442302,0.0052975168899187,0.942799062314323,0.99279496412201,"Not_Significant"
"HSPD1",-0.0477196853454506,5.88169101847339,0.00526342478129447,0.943007814881252,0.992873250930417,"Not_Significant"
"CST3",0.030834003610661,8.93735501140898,0.00523172953501656,0.943196753827795,0.992930657050865,"Not_Significant"
"SAP30L-AS1",-0.0495277811724392,5.28949630315246,0.00516651519250866,0.94349805019343,0.993106311880716,"Not_Significant"
"GAA",0.0306955195277965,6.36077684776853,0.00507954992304986,0.944022556867286,0.993242181958777,"Not_Significant"
"PAK3",-0.0352687488762732,6.5456342101587,0.00507436125319261,0.944054603643128,0.993242181958777,"Not_Significant"
"NALCN",-0.0284685235506749,7.54458759632192,0.00502285422421797,0.944342062510416,0.993242181958777,"Not_Significant"
"USP40",0.028112158916452,6.63793177267108,0.005019108733977,0.944359940892922,0.993242181958777,"Not_Significant"
"CENPP",-0.0383976073667594,6.86561097960716,0.00496519751393336,0.944661199606798,0.993242181958777,"Not_Significant"
"MAP1S",-0.0432615943836119,5.60659758718236,0.00495482245983033,0.944687508360568,0.993242181958777,"Not_Significant"
"TBC1D32",0.0339897686819579,6.3976491697376,0.00495692441698522,0.944701692052089,0.993242181958777,"Not_Significant"
"SYT1",0.0384297058632847,9.78511669994368,0.00488193566391363,0.945124836580686,0.993242181958777,"Not_Significant"
"GAK",0.0268866046275964,6.62495933474301,0.00486383119062065,0.945225742242368,0.993242181958777,"Not_Significant"
"MUC20-OT1",-0.0347635673901021,7.66201788327516,0.0048640067594881,0.94522752612344,0.993242181958777,"Not_Significant"
"STRAP",0.0355101745517707,5.85713582274229,0.00481936990872326,0.945457745157288,0.993242181958777,"Not_Significant"
"CABIN1",0.0345073957592352,6.08447892666622,0.0047377344147324,0.945928921561052,0.993242181958777,"Not_Significant"
"MAPKAP1",0.0219201629467443,7.3487463331318,0.00472829000958305,0.945996027390596,0.993242181958777,"Not_Significant"
"CEP57",0.0344326271171062,7.0724676671341,0.00471235211338463,0.946086640006974,0.993242181958777,"Not_Significant"
"MIRLET7BHG",-0.0306528643658639,6.29076712637863,0.004702263284663,0.946137375499163,0.993242181958777,"Not_Significant"
"MALAT1",0.0329488462169312,16.4073607166605,0.00469748990045466,0.946169570173597,0.993242181958777,"Not_Significant"
"CEP192",0.0255292218148541,6.91482812885753,0.00466318788206424,0.946367636285118,0.993242181958777,"Not_Significant"
"PPFIA1",-0.0267624906601587,6.87112946455645,0.00454765795043877,0.947035174795189,0.993242181958777,"Not_Significant"
"HECA",0.0321869445324275,5.84765654069587,0.00453626260148745,0.947081086863301,0.993242181958777,"Not_Significant"
"PSMA1",-0.0327916428434213,7.39594173829854,0.00453621093643216,0.947102575975682,0.993242181958777,"Not_Significant"
"NMNAT2",-0.0406809869654768,5.88941185759314,0.00440277545079741,0.947867352426649,0.993242181958777,"Not_Significant"
"ARL14EP",-0.0387997376765778,5.41266969101541,0.00438915841188437,0.947923411306798,0.993242181958777,"Not_Significant"
"RPL32",-0.0283390520069684,7.9110658370273,0.00435946237918424,0.948141035712623,0.993242181958777,"Not_Significant"
"HLA-DPA1",0.0441016496199295,7.70137349868109,0.00433998761879288,0.948257150756726,0.993242181958777,"Not_Significant"
"RPL8",0.0320708848555702,7.77672954334176,0.00432866774169909,0.948324458201004,0.993242181958777,"Not_Significant"
"NRGN",-0.0376174968893799,7.64230764594751,0.00429945289991703,0.9484990888591,0.993242181958777,"Not_Significant"
"SMAP1",-0.0238235217005757,6.95209266371158,0.00425829809004635,0.948745585041459,0.993242181958777,"Not_Significant"
"TM2D3",-0.0265907145125218,6.19357725294886,0.00424934995382731,0.94879094509248,0.993242181958777,"Not_Significant"
"SPRED1",-0.0228166860329248,8.35593039612595,0.00423407015080852,0.948890502883101,0.993242181958777,"Not_Significant"
"SLC39A14",-0.076495847943765,4.65160260136958,0.00421073690478131,0.948922322482498,0.993242181958777,"Not_Significant"
"IRF3",0.0414005982598406,5.84738688743325,0.00417118827715026,0.949251775229208,0.993242181958777,"Not_Significant"
"HACE1",-0.0360899784947829,6.50259864473247,0.00409100318791562,0.949757936578909,0.993242181958777,"Not_Significant"
"FAM118B",0.0405986838997817,5.42329009513871,0.0040747400329358,0.949818946400423,0.993242181958777,"Not_Significant"
"SCGB2B2",-0.0392565125295949,5.60985125569938,0.00406200156387666,0.949910467173984,0.993242181958777,"Not_Significant"
"USP34",-0.0178698608349514,8.61956683549953,0.0040285655987498,0.950144158571046,0.993242181958777,"Not_Significant"
"LGR5",-0.0535404371290188,5.35456233402495,0.00396143227602623,0.950518672363567,0.993242181958777,"Not_Significant"
"ZFP90",-0.0453968905483519,5.51349744148451,0.0039488428879196,0.950607068704378,0.993242181958777,"Not_Significant"
"RNASE10",0.0430564173332714,6.57392043247417,0.00392900696592728,0.950761357104493,0.993242181958777,"Not_Significant"
"FRRS1L",-0.0453110430573036,5.78571846237,0.00391522360368643,0.950830591600512,0.993242181958777,"Not_Significant"
"LIMS1",-0.0196564438622374,7.76141977960833,0.00390751232158499,0.950899027705671,0.993242181958777,"Not_Significant"
"CUL5",0.0250189525236391,6.76310374945084,0.0039067213857968,0.950902783945407,0.993242181958777,"Not_Significant"
"KIAA0319",-0.0419311200216062,5.60811783559234,0.00388958437481673,0.950983533816306,0.993242181958777,"Not_Significant"
"WLS",-0.0287042092937854,5.97869326179314,0.00388770885766093,0.951009841005594,0.993242181958777,"Not_Significant"
"SLC24A2",0.0321174076421285,9.40997296133365,0.00387894963898304,0.95107700320214,0.993242181958777,"Not_Significant"
"CRK",-0.0289131313544951,6.20993473296306,0.00387734491431598,0.951080911832551,0.993242181958777,"Not_Significant"
"CXXC5",-0.0358221581257856,5.89032256432136,0.00387359555166774,0.951096051534644,0.993242181958777,"Not_Significant"
"RTF2",-0.0359021458959827,5.39304300569751,0.00380627595483438,0.951498106573555,0.993242181958777,"Not_Significant"
"CDC14A",0.0268390948004424,6.36199136514095,0.00380280776681745,0.95155482999065,0.993242181958777,"Not_Significant"
"PFDN1",-0.0243026993940622,6.32003641331846,0.00379695487632863,0.951592022009681,0.993242181958777,"Not_Significant"
"MXI1",-0.0261760484970364,6.98348159901985,0.00378644944282422,0.95166468066339,0.993242181958777,"Not_Significant"
"PTPRJ",-0.0207704986897213,9.13623146048837,0.00378088341047994,0.951698636187523,0.993242181958777,"Not_Significant"
"TUT4",-0.0203746197933999,8.00746298660004,0.00372688993277888,0.95204538186883,0.993242181958777,"Not_Significant"
"AC053527.1",-0.0369480936469847,6.25341587476519,0.00371752432458185,0.95209928328109,0.993242181958777,"Not_Significant"
"CHST15",0.0265200284894299,6.69461937021229,0.00371028356575417,0.952150904562071,0.993242181958777,"Not_Significant"
"PRKN",-0.0200073716530032,8.95045809850344,0.0036813790765747,0.952337722666302,0.993242181958777,"Not_Significant"
"UBASH3B",-0.0219389637239402,6.53701177355286,0.00367536068545438,0.952375285476172,0.993242181958777,"Not_Significant"
"PIH1D1",0.0372577849277054,5.46698199771243,0.00366162587407878,0.952430107936341,0.993242181958777,"Not_Significant"
"CHN1",-0.0307386149837507,8.73997558258294,0.0036568988953412,0.952496383741124,0.993242181958777,"Not_Significant"
"KPNA1",-0.0250733951655237,6.99023238926373,0.00360573895776135,0.952830711826602,0.993242181958777,"Not_Significant"
"PPM1K",-0.0232624898787204,6.67357322607815,0.0035908197533485,0.952926732531359,0.993242181958777,"Not_Significant"
"UQCRC2",0.0343992425142899,6.19930285394344,0.0035843727940811,0.952961851761748,0.993242181958777,"Not_Significant"
"REXO4",-0.0385769541527888,5.36552505375819,0.00357921716158209,0.952963433669797,0.993242181958777,"Not_Significant"
"DENND4A",-0.0205553688806563,8.46797637703943,0.00358150576022835,0.952988233461428,0.993242181958777,"Not_Significant"
"FARSB",0.0407208205805539,5.46951360867618,0.00353622730835726,0.95325079828422,0.993242181958777,"Not_Significant"
"TTC33",-0.0337895779434423,5.71050503658603,0.00351456389430981,0.953407786855858,0.993242181958777,"Not_Significant"
"PKP4",-0.0267459042189329,7.96882091801426,0.00350953756029311,0.953463015559923,0.993242181958777,"Not_Significant"
"AGTPBP1",0.0206418614206989,8.00204694984205,0.00345255272939616,0.953841878892074,0.993242181958777,"Not_Significant"
"CALCOCO1",0.0273152819074566,6.00542220415462,0.00341315210448224,0.954093142372904,0.993242181958777,"Not_Significant"
"LATS1",0.0220119735377968,6.70993539805785,0.00341058114891709,0.954121843979629,0.993242181958777,"Not_Significant"
"METAP1",0.0352532719692333,5.27974906760743,0.0033948738317949,0.95418150950579,0.993242181958777,"Not_Significant"
"SLC44A1",-0.0307964066752233,9.82329445882849,0.00340055747620169,0.95418913168334,0.993242181958777,"Not_Significant"
"IFT20",-0.0307351180240717,5.51138445446205,0.0033911686957572,0.954222513353667,0.993242181958777,"Not_Significant"
"RASSF8",0.0214605420261513,8.60931550987893,0.00338309367776018,0.954307269117273,0.993242181958777,"Not_Significant"
"ACTB",-0.0245357350068483,9.49466044600328,0.00337375890769944,0.954369841000194,0.993242181958777,"Not_Significant"
"RPL39",-0.0583626169656364,5.28753280438513,0.00332142777207918,0.954682032680042,0.993242181958777,"Not_Significant"
"EIF4E",-0.0211262774185616,6.6191186814215,0.00324132541932694,0.955272994365875,0.993242181958777,"Not_Significant"
"MLLT10",0.0176048867539451,8.03334814390357,0.00323161776910678,0.955341372859504,0.993242181958777,"Not_Significant"
"NSUN5",-0.0291764914101834,5.7132710485976,0.00318655753170586,0.955632671050887,0.993242181958777,"Not_Significant"
"NRXN2",0.0370545062921154,5.57364875576499,0.00315836843006723,0.955821511112373,0.993242181958777,"Not_Significant"
"KXD1",-0.033438806276348,5.50944999534818,0.00315512647964198,0.955842538872424,0.993242181958777,"Not_Significant"
"AC007566.1",-0.029586950737613,5.80345745364024,0.00314218493930316,0.955945661926819,0.993242181958777,"Not_Significant"
"SLC25A6",0.0298442753545398,6.50375071429183,0.00312626667489328,0.956071652983994,0.993242181958777,"Not_Significant"
"PRNP",0.0198501842181867,8.08119352031914,0.00312442922104567,0.956087361072361,0.993242181958777,"Not_Significant"
"OSBPL6",0.0240316229554976,7.08570668381373,0.00311509045580441,0.956153510825377,0.993242181958777,"Not_Significant"
"H3F3A",-0.0350836136982941,5.50826582330228,0.00310882142532112,0.956167386426586,0.993242181958777,"Not_Significant"
"SECISBP2L",0.0231755246722399,7.55379990484674,0.00309329577836209,0.956307104365477,0.993242181958777,"Not_Significant"
"FCGRT",-0.0354077923623179,6.58454443011768,0.0030814040134823,0.956388927800136,0.993242181958777,"Not_Significant"
"SEPT6",-0.0239741719473215,6.9105405645375,0.00307378780872408,0.956444568588912,0.993242181958777,"Not_Significant"
"UPF3B",-0.0311556860993814,6.58536310136727,0.00306460388337525,0.956507793678037,0.993242181958777,"Not_Significant"
"CFAP97",0.0263743917292454,5.94984353710782,0.00306033681842873,0.956526283895065,0.993242181958777,"Not_Significant"
"MAP4K2",0.0307388485719823,5.44122581623779,0.00305656000554605,0.956531847756678,0.993242181958777,"Not_Significant"
"IARS",0.0271297813539312,6.32814711457398,0.00305438657727896,0.956576712421373,0.993242181958777,"Not_Significant"
"MBIP",0.034933874065603,5.31776680430402,0.00302321890228877,0.956761889707607,0.993242181958777,"Not_Significant"
"NDUFAF8",0.0243448487802104,6.21087285199718,0.00301301947774417,0.956869498103443,0.993242181958777,"Not_Significant"
"IL4R",0.0322924052528124,6.55725427946963,0.00296464695215598,0.957221493662128,0.993242181958777,"Not_Significant"
"HNRNPH3",0.0208586300079969,6.55382284899431,0.00293275958048542,0.957451973297468,0.993242181958777,"Not_Significant"
"WWP2",0.0270741328554977,6.57856850364567,0.00293089573572336,0.957465641538362,0.993242181958777,"Not_Significant"
"STPG2",-0.0237149336400177,6.87421353137754,0.00292164629506924,0.957534900302872,0.993242181958777,"Not_Significant"
"TNPO3",-0.020620249470852,6.35507705382521,0.00288857194025023,0.95777145302516,0.993242181958777,"Not_Significant"
"DCUN1D1",0.0212500696381519,6.56977445963424,0.00285399094190117,0.958026820789324,0.993242181958777,"Not_Significant"
"ATXN2L",0.0307386746945611,5.93876248471781,0.00280647550775565,0.958366253839952,0.993242181958777,"Not_Significant"
"PTPN4",0.0217539057230918,6.87343179334858,0.00280023759661481,0.958425485740179,0.993242181958777,"Not_Significant"
"AAMDC",0.0231748678979269,6.03330536492,0.00279513898168401,0.958452873580838,0.993242181958777,"Not_Significant"
"SPATA7",0.0289361594817042,5.66097280587907,0.00277842349389171,0.958565045341588,0.993242181958777,"Not_Significant"
"HIPK3",-0.0185099893541314,7.02497339685175,0.00277043919983987,0.958647664758209,0.993242181958777,"Not_Significant"
"VCL",0.0341112648235953,5.65137620837675,0.00273120727712024,0.958917733778599,0.993242181958777,"Not_Significant"
"SDC2",0.0494270346762851,4.72981661745276,0.00266492134235706,0.959360704648621,0.993242181958777,"Not_Significant"
"ANKS1B",0.024863513962797,9.38295790500698,0.00264500780498433,0.959592311531817,0.993242181958777,"Not_Significant"
"RAB10",-0.0173302143029644,8.02525339145845,0.00264490329931206,0.959594057493024,0.993242181958777,"Not_Significant"
"DENND1A",-0.0159581515107234,8.33729295969291,0.002643353878091,0.959605524747948,0.993242181958777,"Not_Significant"
"BCL2L13",0.0213399599456247,6.27190036235827,0.00259959993195178,0.959935716502824,0.993242181958777,"Not_Significant"
"CDK5RAP1",-0.0359460734755112,5.81862502875783,0.00256663516533939,0.960180802727368,0.993242181958777,"Not_Significant"
"SLC46A3",-0.0304816540958256,5.39721577212229,0.00255862530795246,0.960225350109568,0.993242181958777,"Not_Significant"
"ACAP2",-0.0148635242902221,8.30925364164097,0.0025545148476621,0.960289529942958,0.993242181958777,"Not_Significant"
"EXOG",-0.0282704361812893,5.61768788969018,0.00253544295636555,0.960416023487319,0.993242181958777,"Not_Significant"
"SCAMP2",-0.024573172374694,6.37924083175083,0.00253774563040416,0.960416735121878,0.993242181958777,"Not_Significant"
"SCRG1",-0.0337352273329644,5.91824605917291,0.0025315539023906,0.960456467430534,0.993242181958777,"Not_Significant"
"DNAJC2",0.0262621277383606,5.65242179260009,0.00250067681641297,0.960688383526701,0.993242181958777,"Not_Significant"
"TNFAIP8",-0.0280636843883235,6.26915668440151,0.00249570730935319,0.960744191733679,0.993242181958777,"Not_Significant"
"DIXDC1",-0.0277996096005536,5.95261223222731,0.00248760056698695,0.960801718064315,0.993242181958777,"Not_Significant"
"KCNC2",0.0332998853819067,6.37425004546777,0.00247906590656555,0.960875996632233,0.993242181958777,"Not_Significant"
"PEX6",-0.0278207178158165,5.39868988440569,0.00247520155250854,0.960878624264212,0.993242181958777,"Not_Significant"
"CALD1",0.0248833292307721,6.98390393830358,0.00247602961899249,0.960904315487741,0.993242181958777,"Not_Significant"
"PTPN9",-0.0231616806156037,6.4893611871448,0.0024714325087893,0.960938030146647,0.993242181958777,"Not_Significant"
"PRR16",-0.0340292399121538,5.39409860560198,0.00245892988198734,0.961007217750287,0.993242181958777,"Not_Significant"
"GOLGA3",0.0312346994357666,5.66649640038437,0.00243919857874234,0.961174726108518,0.993242181958777,"Not_Significant"
"CAMK4",0.0280724915490774,5.93011081040446,0.00243804700892572,0.961192350679447,0.993242181958777,"Not_Significant"
"DTNB",0.0164367618807026,8.31337885083949,0.00241069980041444,0.96142256895219,0.993242181958777,"Not_Significant"
"NRCAM",0.0221052028833041,7.68455789321308,0.00236874647459715,0.961760145361251,0.993242181958777,"Not_Significant"
"UPF3A",-0.0215773568818403,6.80052287785485,0.0023439175989037,0.961960283091242,0.993242181958777,"Not_Significant"
"SIL1",-0.0173486252915543,7.26316096627602,0.00230670000986402,0.962264133490958,0.993242181958777,"Not_Significant"
"ADCY5",0.0334432146282723,5.57087154459902,0.00229566099374871,0.962329638007981,0.993242181958777,"Not_Significant"
"CIR1",-0.0291014439486771,5.71417573180313,0.00227764681604542,0.962484134953046,0.993242181958777,"Not_Significant"
"IQGAP1",-0.021026071769582,6.982769314465,0.00226876007949066,0.962575205225092,0.993242181958777,"Not_Significant"
"PFDN2",0.0218589328588152,6.60208636973362,0.00226525159806887,0.96260221531776,0.993242181958777,"Not_Significant"
"NETO2",-0.0268876249253448,5.52689086971724,0.00225108125346695,0.962696220671781,0.993242181958777,"Not_Significant"
"CDC42SE2",-0.0151819409420085,7.96587544194705,0.00222306871450892,0.962953401353212,0.993242181958777,"Not_Significant"
"PCNP",0.0221512159072767,6.23564362777834,0.0022198749492568,0.962974210077647,0.993242181958777,"Not_Significant"
"WTAP",-0.0204707628396017,6.32249375431701,0.00220662149193983,0.963086519545828,0.993242181958777,"Not_Significant"
"ZNF131",-0.0186008247773543,7.09917075922352,0.00219634453265681,0.963177038712995,0.993242181958777,"Not_Significant"
"KNDC1",0.0328140053565414,5.31488006245131,0.00216936832363689,0.963367719262374,0.993242181958777,"Not_Significant"
"HAVCR2",-0.0182154833966974,7.59907937079173,0.00217062113780766,0.96339308639526,0.993242181958777,"Not_Significant"
"RNF11",-0.0193984637458049,5.81014774112584,0.00213065630467859,0.963716745680025,0.993242181958777,"Not_Significant"
"GTPBP10",-0.0274994155930696,5.71518142135233,0.00211919388812971,0.96381161041208,0.993242181958777,"Not_Significant"
"CRLS1",-0.0217683649885596,5.62271901066165,0.00207998253941724,0.964144447074847,0.993242181958777,"Not_Significant"
"KMT5B",0.0170652951963254,6.98635163875374,0.00203242482011973,0.964576475241583,0.993242181958777,"Not_Significant"
"DCC",0.0274752522114145,6.91865793358473,0.00201763297019096,0.964705303852733,0.993242181958777,"Not_Significant"
"CAMK2G",-0.0190368899697655,6.8060462254944,0.00201049122249508,0.964767567238766,0.993242181958777,"Not_Significant"
"PDXK",-0.0205083115833984,6.72273938104072,0.00199184520469978,0.964930854912766,0.993242181958777,"Not_Significant"
"CA11",0.0230701550579225,5.65607585814307,0.0019621961851901,0.965174131320609,0.993242181958777,"Not_Significant"
"BACH2",-0.026333652463823,6.91278344274138,0.00195927126841721,0.965219320703016,0.993242181958777,"Not_Significant"
"LRRC37A3",-0.0268301940530056,7.06693583003083,0.00195221961756528,0.965282224330299,0.993242181958777,"Not_Significant"
"LINC00513",-0.0236008218143598,7.61083935820959,0.00192747447148482,0.965502772972746,0.993242181958777,"Not_Significant"
"PLOD3",0.0262439821057282,5.6636849300379,0.00191805189572481,0.965568062780243,0.993242181958777,"Not_Significant"
"GOLGA8B",0.0394895745302019,5.22346064537196,0.00190144504719585,0.965697948969817,0.993242181958777,"Not_Significant"
"DDB1",-0.0174874619175959,5.97205302733439,0.00189697933986104,0.965766668646479,0.993242181958777,"Not_Significant"
"SH3PXD2A",-0.0266850445780047,6.13165927348701,0.00188578998933582,0.965870756688318,0.993242181958777,"Not_Significant"
"KCNMB2-AS1",-0.0166887408108039,7.02375075391167,0.00187035186901728,0.966017404472812,0.993242181958777,"Not_Significant"
"MERTK",-0.0209002472446758,7.66511361888269,0.00185373524732619,0.966168588336779,0.993242181958777,"Not_Significant"
"RGS7",-0.026429405312454,8.00242624324529,0.00183234819289084,0.966363850741727,0.993242181958777,"Not_Significant"
"CTTNBP2",-0.0150240024894333,8.43736506902369,0.00180669271607931,0.966599597852739,0.993242181958777,"Not_Significant"
"RXRA",0.0225610773103621,5.5500113468023,0.00179932565443897,0.966646099056412,0.993242181958777,"Not_Significant"
"PDCD6IP",0.0175677448921408,7.29772677326756,0.00179516226928097,0.966707196090193,0.993242181958777,"Not_Significant"
"PACRG",0.0245105784481073,5.66229584732241,0.00179101984862924,0.966727043985942,0.993242181958777,"Not_Significant"
"GSTK1",-0.0180027127553776,6.35666630734437,0.00179024662621621,0.966748966679985,0.993242181958777,"Not_Significant"
"PACS2",0.0177159257095664,7.09464373082166,0.00178389524110298,0.966811634905823,0.993242181958777,"Not_Significant"
"TRPC4AP",-0.0140320299045655,7.41099272505844,0.00174172214121378,0.967206189995354,0.993242181958777,"Not_Significant"
"DNM2",0.0157903512702285,7.27981081788114,0.00172167152838686,0.967395367867079,0.993242181958777,"Not_Significant"
"ZBTB40",-0.0248018533799138,5.52845193062371,0.00170720937175405,0.967510585412343,0.993242181958777,"Not_Significant"
"UVRAG",0.0145464988730849,8.51234779973458,0.00170434061338838,0.967558859318965,0.993242181958777,"Not_Significant"
"PLA2G4C",0.0348331257716577,6.34510650964536,0.00169615685585159,0.967633427843315,0.993242181958777,"Not_Significant"
"MIR646HG",-0.0174752567035522,7.71515565746822,0.00168885614407402,0.967707198206039,0.993242181958777,"Not_Significant"
"AKT2",0.0230990742147307,5.6557004362776,0.00168022538437186,0.967771794805161,0.993242181958777,"Not_Significant"
"NCF4",0.0289351426155971,5.55456860768222,0.00167320621581613,0.967835609159921,0.993242181958777,"Not_Significant"
"PATL1",0.0281961465417233,5.75729115385896,0.00166045067021225,0.967964828376978,0.993242181958777,"Not_Significant"
"STX3",-0.021090534660579,5.62833861146341,0.00165631617560135,0.968001617547837,0.993242181958777,"Not_Significant"
"CKAP5",-0.0158887525337541,6.32628545185192,0.00165662168245886,0.968012900740261,0.993242181958777,"Not_Significant"
"BRWD3",-0.0222418194392191,6.64208222878902,0.0016568848409788,0.968012948214548,0.993242181958777,"Not_Significant"
"UBC",0.0179365191614369,8.14981568546205,0.00165109950842768,0.968069575440638,0.993242181958777,"Not_Significant"
"UNC79",-0.0211313777908706,6.98314418596545,0.00164243360172003,0.968153832856194,0.993242181958777,"Not_Significant"
"POLR2B",0.0165086319254782,6.51661015186885,0.0016320661137544,0.968252243685904,0.993242181958777,"Not_Significant"
"VPS4B",-0.0223174830313649,5.8080361959664,0.00163005150299903,0.968261328556488,0.993242181958777,"Not_Significant"
"BTBD8",-0.0172783401842703,6.52191269725837,0.00162597446374836,0.968311762586078,0.993242181958777,"Not_Significant"
"KIAA1549L",0.0245288841990726,6.49638774358882,0.00162021333619377,0.968367428518629,0.993242181958777,"Not_Significant"
"AP000787.1",-0.0267530553512109,5.87930124959641,0.00157064687775857,0.968846415255157,0.993452208538544,"Not_Significant"
"ABHD12",-0.0150110163733327,7.19084241306568,0.00156861527019624,0.968877535930921,0.993452208538544,"Not_Significant"
"ZMYM5",-0.019611517260082,6.59328581761945,0.00155856767317913,0.968975654869394,0.993452208538544,"Not_Significant"
"OTUD4",0.0222905657071753,6.13703272471371,0.00153615413765091,0.969194428059309,0.99352550058993,"Not_Significant"
"ZNF346",-0.020977219986528,5.6168442422663,0.00152291588417261,0.969316134120972,0.99352550058993,"Not_Significant"
"FILIP1L",-0.0193357323159592,6.80617995127534,0.00150184909942589,0.969546045458205,0.993577197074421,"Not_Significant"
"DAZAP2",0.0197967467824314,6.38358347611186,0.00149275169300338,0.969635577867809,0.993577197074421,"Not_Significant"
"SRGAP2-AS1",0.0259895571580546,6.29736163413914,0.00146344162730649,0.96993406786627,0.993745209338161,"Not_Significant"
"ZNF706",-0.0138327273063559,6.83901796121366,0.00144481732435638,0.970129681501609,0.993807787720481,"Not_Significant"
"LINC00623",-0.0152528393504939,7.36783680881291,0.00143124766244302,0.97027078358824,0.993814514471205,"Not_Significant"
"DLG2",-0.016994885825466,10.6990317371886,0.00140836113910791,0.970508023381589,0.993862992215154,"Not_Significant"
"ZNF439",-0.0215712727011045,5.71971986336581,0.00139957376450079,0.970587197216748,0.993862992215154,"Not_Significant"
"ABI2",0.0128145992458846,7.38094928426324,0.00136551491260117,0.970961132395805,0.993937044262417,"Not_Significant"
"ACADM",0.0168203996136795,6.090037314689,0.00136400392154343,0.970970314031008,0.993937044262417,"Not_Significant"
"RPL7L1",-0.0191983024932952,5.51977031618725,0.00135406406698761,0.971063171577347,0.993937044262417,"Not_Significant"
"SPG21",0.0250617028116805,5.34272337868574,0.00133902792961865,0.971216961222013,0.993956732134526,"Not_Significant"
"UBE2N",0.0163447520822665,5.74742553529892,0.0013015639015376,0.971635480971319,0.99403291809559,"Not_Significant"
"AP001021.2",-0.0235858528720851,5.71886320219278,0.00129254200092474,0.971733689129942,0.99403291809559,"Not_Significant"
"CERS5",-0.0161147103264743,6.35553624906748,0.00129223616836425,0.971747435223234,0.99403291809559,"Not_Significant"
"VPS9D1",0.0268484299298479,5.56535866621757,0.00127928543395322,0.971873976266378,0.99403291809559,"Not_Significant"
"ANKS3",0.0177866589227594,5.83885721766156,0.00127174372885293,0.971964230053398,0.99403291809559,"Not_Significant"
"AHI1",-0.0169373169948902,8.20664093593454,0.00125093386157655,0.972204991563204,0.994054759873183,"Not_Significant"
"BMT2",0.0152498401678982,6.31909874739929,0.00123994679712634,0.97232412162931,0.994054759873183,"Not_Significant"
"IMMT",-0.0140395018576194,5.97532730715801,0.00122314191328094,0.972507910765534,0.994054759873183,"Not_Significant"
"POLR2J",0.0290617200622723,5.34601208658932,0.00122014364357648,0.972523859429199,0.994054759873183,"Not_Significant"
"NPRL3",0.015996683008015,6.20786926503301,0.00116575355848914,0.973163328748066,0.994570767772823,"Not_Significant"
"NRDC",-0.0103517749875116,7.89558791478757,0.00111577618448594,0.97374908987907,0.995014344980946,"Not_Significant"
"UBAP1L",0.0172434264729131,5.7499140488018,0.00109953200529389,0.973928748089658,0.995014344980946,"Not_Significant"
"TMOD3",-0.0133099900821184,6.67287259545498,0.00109322455084801,0.974014895419439,0.995014344980946,"Not_Significant"
"ATP11C",0.0166588452077785,6.46305897500517,0.00108293452373993,0.974136150386111,0.995014344980946,"Not_Significant"
"ABR",0.0142432813179726,9.26702345254843,0.00104846455526949,0.974552244765345,0.995179613808837,"Not_Significant"
"MRPS11",-0.0302632238133722,5.45919470304294,0.0010361984089908,0.974683296516323,0.995179613808837,"Not_Significant"
"ACVR1",-0.0192866046406576,5.62974340535791,0.00103504927683521,0.974702112617698,0.995179613808837,"Not_Significant"
"MED15",-0.0140881622529896,6.26927892788512,0.000993465211862978,0.975225786787215,0.995356976585159,"Not_Significant"
"CSRP1",-0.0200743309026908,6.78081154209873,0.000982683789108164,0.975363556658227,0.995356976585159,"Not_Significant"
"PLEKHM2",0.0175963849229218,6.14171854951061,0.000971584143658384,0.975498456873518,0.995356976585159,"Not_Significant"
"PKD1",-0.0138480472139216,6.38636496401915,0.000970770630418788,0.975511271319189,0.995356976585159,"Not_Significant"
"EDC3",0.0190767702362838,5.8608060314664,0.00096719791587783,0.975549547918851,0.995356976585159,"Not_Significant"
"CTNND1",-0.0163834629810885,6.15953997913168,0.00092623492883821,0.976077354956194,0.995623000311367,"Not_Significant"
"NLGN4X",-0.0238032774568883,6.17903628682872,0.000926062650975624,0.97607983866995,0.995623000311367,"Not_Significant"
"HSCB",0.0181181764307156,5.55947269852421,0.000909949468790658,0.976277386916335,0.995664220016698,"Not_Significant"
"RAB29",-0.0195053429987521,5.61043336349652,0.000901472533611918,0.976389821280758,0.995664220016698,"Not_Significant"
"KALRN",0.0198936253436515,8.02191241284519,0.000883619004596904,0.976638125356939,0.995779963010587,"Not_Significant"
"SLC25A13",-0.0107788050855734,7.55980307384302,0.000862870710433887,0.97691425548643,0.99586262239771,"Not_Significant"
"THRAP3",0.0110218717222943,7.0067861236618,0.000849282086780772,0.977096577662561,0.99586262239771,"Not_Significant"
"PHKB",0.0110557786100148,7.43414011942511,0.000847288344061734,0.977123634376418,0.99586262239771,"Not_Significant"
"FAM221A",-0.0210979352910664,5.18575709604518,0.000747429300023432,0.978488684680524,0.996877101513332,"Not_Significant"
"LIPC",-0.0139983052851705,5.62795159404252,0.000746063343908353,0.978520918300524,0.996877101513332,"Not_Significant"
"SLK",0.0124772094031984,6.15663982151237,0.000738779508222801,0.978633946347325,0.996877101513332,"Not_Significant"
"PARG",0.0112069931275999,7.06574936277626,0.000737349049159583,0.97865882498642,0.996877101513332,"Not_Significant"
"BICRAL",0.0100406820346207,7.40402729249889,0.000697483784503777,0.979243706821188,0.997011449445093,"Not_Significant"
"TRIM25",-0.0192415263951674,5.04379839710773,0.000694695638889668,0.979256219396519,0.997011449445093,"Not_Significant"
"ATP6V0D1",0.013174411516853,5.92648083229191,0.000669733646004833,0.979653931883139,0.997011449445093,"Not_Significant"
"KIDINS220",-0.00902848672539572,7.76782956268786,0.00066992135018171,0.979657693187508,0.997011449445093,"Not_Significant"
"SELENOM",0.0175543808524467,5.54626939839824,0.000664367546732061,0.979728613142842,0.997011449445093,"Not_Significant"
"SESTD1",-0.0120647364843606,6.7265383814143,0.000660817666340612,0.979795859919789,0.997011449445093,"Not_Significant"
"TENM4",0.0101944407800152,7.64715558401037,0.000642303566505702,0.980081388022684,0.997011449445093,"Not_Significant"
"CARS2",-0.0155739834239952,5.72384416191744,0.000640466888567544,0.980100395100292,0.997011449445093,"Not_Significant"
"ZFYVE9",-0.0106795941817826,6.30678480884363,0.000633549709911686,0.980215003084434,0.997011449445093,"Not_Significant"
"ASAH1",0.0129294048556339,7.68077339906626,0.000627575430333138,0.980311007776969,0.997011449445093,"Not_Significant"
"TTYH3",0.0154736145207717,5.64943807998338,0.000617273059558075,0.980462310207495,0.997011449445093,"Not_Significant"
"AF127577.4",0.0218887679220309,5.00812565298809,0.000604047406278618,0.980654925292846,0.997011449445093,"Not_Significant"
"GULP1",-0.0197794372491163,5.50464402556617,0.000593100295659348,0.980845914070691,0.997011449445093,"Not_Significant"
"TMEM178B",0.0149727606860401,6.87398436891035,0.000586320456836077,0.980968768037061,0.997011449445093,"Not_Significant"
"KLHL28",0.0108044271483839,6.32150134394061,0.00056885886556203,0.981252100129015,0.997011449445093,"Not_Significant"
"SLF1",0.015943964781058,5.908975995803,0.000559336243908207,0.981405682806306,0.997011449445093,"Not_Significant"
"PTPRE",-0.00755191763232515,8.66588935800221,0.000550512093291104,0.981558711355971,0.997011449445093,"Not_Significant"
"SHTN1",-0.00730932522502337,9.23707103343507,0.000543312438383286,0.981679550402819,0.997011449445093,"Not_Significant"
"SLC30A1",-0.0247362032722816,4.90506058639986,0.000536707346509079,0.981761364773562,0.997011449445093,"Not_Significant"
"SRPK2",0.00782628183145192,8.33581304588955,0.000527905028380787,0.981941390244987,0.997011449445093,"Not_Significant"
"MBNL3",-0.0144588757529774,5.62770635885229,0.000524633759234642,0.981987542643995,0.997011449445093,"Not_Significant"
"IVD",0.0133932739168882,6.18143588587248,0.000515435512452468,0.982152949659297,0.997011449445093,"Not_Significant"
"RBM12B",0.0150210805770753,5.7456680095457,0.000514952547734834,0.982156230869257,0.997011449445093,"Not_Significant"
"MTCH2",-0.00927482313090422,6.18606226715903,0.000512009928666237,0.982212491815797,0.997011449445093,"Not_Significant"
"CHCHD6",0.0118778217221682,5.74507097684537,0.000504773351872063,0.982333432453413,0.997011449445093,"Not_Significant"
"GPM6B",-0.0116267928926407,9.72208869121805,0.000495817205160828,0.982498436559652,0.997011449445093,"Not_Significant"
"PFKFB3",0.00801909492508771,6.97418884173014,0.000495448111442231,0.982505500742296,0.997011449445093,"Not_Significant"
"RGL3",0.0114023898926485,5.8334085453437,0.000483114381531605,0.982717820297512,0.997011449445093,"Not_Significant"
"TPD52L2",0.0131153411092175,5.54317741425577,0.000479228949156663,0.982782682447842,0.997011449445093,"Not_Significant"
"ADAM9",0.00923338058983753,6.64376408720152,0.000473513949399723,0.982896407698571,0.997011449445093,"Not_Significant"
"HMGCR",0.0113778209262273,5.52742387425453,0.000468578520650832,0.982974737553623,0.997011449445093,"Not_Significant"
"SEL1L",-0.00746351330888749,6.59735326678391,0.000437860895874671,0.98355270547516,0.997460713254394,"Not_Significant"
"SOGA1",-0.00862554810604636,6.46801607298102,0.000424176845887245,0.983811240218599,0.997585948043211,"Not_Significant"
"CARMIL1",-0.00871921498221379,7.71526391181572,0.000401302507165742,0.98425494769106,0.997898888085899,"Not_Significant"
"LSM8",-0.00878549738537021,5.72872462095433,0.000368911732133099,0.984896503956602,0.998215142635739,"Not_Significant"
"ARSB",-0.00705505614189231,6.99654782446163,0.000367306372592344,0.98493651919696,0.998215142635739,"Not_Significant"
"OXNAD1",0.0108271807599731,6.04980956408227,0.000365382620251193,0.984972272190591,0.998215142635739,"Not_Significant"
"KCNAB2",0.0139515417134293,5.45018760263997,0.000350733543089068,0.985268717661347,0.998378603204989,"Not_Significant"
"PRDX3",-0.0115816439089455,5.28542016417554,0.000342333665101872,0.985443017053985,0.998418264569715,"Not_Significant"
"AC009403.1",-0.0108707336633293,5.63113102713161,0.000330700411661835,0.985698664981278,0.998540323397792,"Not_Significant"
"CREBL2",0.00923002178872455,6.60673103559818,0.000319131193112675,0.985958283042375,0.998625557585563,"Not_Significant"
"TOP1",0.00755514339657185,7.23838496012749,0.000305260223556102,0.986267553653145,0.998625557585563,"Not_Significant"
"SDC4",-0.0218575362534202,4.68965700093123,0.000297931372031676,0.986405000819047,0.998625557585563,"Not_Significant"
"EPHA5",0.0122422583806538,5.64289213419024,0.000297066618049349,0.986445325392677,0.998625557585563,"Not_Significant"
"CLEC5A",-0.0211048779256702,4.59029927949554,0.000295467726753928,0.986458737471484,0.998625557585563,"Not_Significant"
"FKBP8",-0.00822330616657068,6.44452225857218,0.000288095107735304,0.986657998479138,0.99863144754015,"Not_Significant"
"EXOC6",-0.0055824393320963,7.55817494587533,0.000277225831055935,0.986913218682141,0.99863144754015,"Not_Significant"
"CHIC1",0.00799107915841776,6.15618454153111,0.000275780983705255,0.986944766479537,0.99863144754015,"Not_Significant"
"DUSP6",-0.0136616038256524,4.71624735412383,0.000272223637324062,0.98700530641541,0.99863144754015,"Not_Significant"
"FTCDNL1",0.00621907892415839,6.34438872847062,0.000259891563673713,0.987327387346227,0.998677514125258,"Not_Significant"
"PCMTD1",0.00582692281314567,7.30908609342576,0.000257992940166511,0.987375326599894,0.998677514125258,"Not_Significant"
"ASPH",0.0058599206588251,7.21461294172306,0.000254688617282992,0.987456418460929,0.998677514125258,"Not_Significant"
"XXYLT1",-0.0075429560681911,5.81879033960002,0.000242746702154628,0.987749045034482,0.998813502425975,"Not_Significant"
"RAB20",0.0114613203941014,6.08417352031058,0.000238397749543984,0.98786130346882,0.998813502425975,"Not_Significant"
"SNRPD2",0.00754220420353229,6.26175994912577,0.000230845182929263,0.988056095672129,0.998852472829052,"Not_Significant"
"AC093152.1",0.00791472816637126,6.80832375429647,0.000219811533850641,0.988346537547285,0.998852472829052,"Not_Significant"
"PTGR1",-0.00704727439754463,5.81853748568759,0.000218572576253759,0.988375000519474,0.998852472829052,"Not_Significant"
"DGKI",0.00810860941458705,7.07402347671099,0.000216281128370799,0.988440716986648,0.998852472829052,"Not_Significant"
"CLMN",-0.0101672370120729,7.57406414568364,0.000198271592024034,0.988932426374416,0.999077791344832,"Not_Significant"
"ABCC4",-0.00505210271174535,8.42062643285932,0.000198199119705581,0.988934183066659,0.999077791344832,"Not_Significant"
"FAM189A1",-0.00934247534905886,5.43314504959468,0.0001727494278944,0.989661025575587,0.999255187329854,"Not_Significant"
"SPSB3",0.00670359050864941,6.25898499056911,0.000172608754363421,0.989671867549551,0.999255187329854,"Not_Significant"
"NDE1",-0.00680498043975391,6.12329550753128,0.000168170352113284,0.989804930352861,0.999255187329854,"Not_Significant"
"AP4S1",-0.0104044703674693,5.24653848962067,0.000165652730386205,0.989872902006147,0.999255187329854,"Not_Significant"
"MEIS2",0.00685557413944861,7.19549990234123,0.000164465774617419,0.989919973878433,0.999255187329854,"Not_Significant"
"NEK11",-0.00688052210277254,6.16565783698378,0.000158378447517107,0.990106378428695,0.999255187329854,"Not_Significant"
"ERCC6L2",0.00424991013615497,6.93474251223093,0.000151114680583622,0.990337640781765,0.999255187329854,"Not_Significant"
"SPART",0.00505776351834447,6.73526526469201,0.000145922213190533,0.990504882173491,0.999255187329854,"Not_Significant"
"ARFGEF3",0.00633071249525075,7.37621607771526,0.000140566594974869,0.990681062762892,0.999255187329854,"Not_Significant"
"DOCK3",0.00487729453590181,8.56532018637129,0.000140089010904021,0.990696626011403,0.999255187329854,"Not_Significant"
"PRKD1",-0.00692553093394679,6.61892840967051,0.00012970568122082,0.991047841856522,0.999255187329854,"Not_Significant"
"USP54",-0.00744757959210306,7.46528734825469,0.000127862715697337,0.991112112299267,0.999255187329854,"Not_Significant"
"CNTLN",-0.00501266941493204,6.63476309479645,0.000119166646535791,0.991419247243776,0.999255187329854,"Not_Significant"
"TARBP1",0.00526431956805057,6.15453282545175,0.00011744833919141,0.991480028720921,0.999255187329854,"Not_Significant"
"PDE6D",0.00504567902522605,5.53737689555218,0.000112309909176348,0.991664491036766,0.999255187329854,"Not_Significant"
"SIRPA",0.00456775416063608,6.96780755324939,0.000110087190979567,0.991752917640875,0.999255187329854,"Not_Significant"
"CEP57L1",0.0049558515454322,5.39784170006491,0.000102265166523721,0.99204457201685,0.999255187329854,"Not_Significant"
"MGLL",-0.00694411758367967,6.09206344154458,0.000101798494430129,0.992067717188182,0.999255187329854,"Not_Significant"
"TMEM123",-0.00410472081551043,6.21116279998344,0.000101138813429506,0.992093907259781,0.999255187329854,"Not_Significant"
"SCPEP1",-0.0058907451000372,6.18772757669997,9.80821615599346e-05,0.992214211581719,0.999255187329854,"Not_Significant"
"GPATCH11",-0.00599027208568534,5.6277526288744,9.16863087315953e-05,0.992469353699156,0.999255187329854,"Not_Significant"
"DOCK4",0.00370011993199638,11.4807551443004,9.05033899735075e-05,0.992522085011043,0.999255187329854,"Not_Significant"
"MARCKS",0.00572964177895516,7.15538501235747,8.91637205324628e-05,0.99257794687014,0.999255187329854,"Not_Significant"
"MRPS25",0.00365109071251303,5.52190870177937,8.46951536229169e-05,0.99276127208329,0.999255187329854,"Not_Significant"
"KRT10",-0.00497847444827609,5.90324994854879,8.03707795726296e-05,0.992950994759101,0.999255187329854,"Not_Significant"
"SFXN1",-0.00415889917857819,6.21327026814691,7.59263114600359e-05,0.993149834612498,0.999255187329854,"Not_Significant"
"PLK3",0.00556098018790784,5.53756057035242,7.51979318453512e-05,0.99317930116284,0.999255187329854,"Not_Significant"
"PHGDH",0.00617384383668978,5.5379669089229,7.47093725901881e-05,0.993201494715424,0.999255187329854,"Not_Significant"
"PEA15",0.00438023570460795,6.69466181530822,7.27044804622375e-05,0.993297633815982,0.999255187329854,"Not_Significant"
"ANKFY1",0.0033687803542304,6.695850603001,7.01633923930342e-05,0.993415799603285,0.999255187329854,"Not_Significant"
"TMEM131",0.0028732046974603,7.40992812128431,6.84706050914792e-05,0.993495962502798,0.999255187329854,"Not_Significant"
"FAM213A",0.00462401676278312,5.64221470810575,6.2280674275859e-05,0.993793385505934,0.999255187329854,"Not_Significant"
"ARNTL",-0.00617203404493595,5.51463498632523,6.11727492254706e-05,0.993848016503456,0.999255187329854,"Not_Significant"
"BBIP1",0.00375972824369157,6.21885871344664,6.03490857306607e-05,0.993892811863337,0.999255187329854,"Not_Significant"
"BANP",-0.00339066079688124,6.33652507815317,5.68677408272845e-05,0.994071856333785,0.999255187329854,"Not_Significant"
"KHDC4",0.00388287595998106,5.82740741838251,5.62730125959257e-05,0.994101292822625,0.999255187329854,"Not_Significant"
"EYA3",0.00247647219257911,7.075992208277,5.13545907319543e-05,0.994367209754975,0.999255187329854,"Not_Significant"
"NAV3",0.00247462257501203,10.2940594570568,5.02442686135836e-05,0.994428218194504,0.999255187329854,"Not_Significant"
"MON2",-0.00195839576671431,7.93253593562074,4.86970687233268e-05,0.99451483698127,0.999255187329854,"Not_Significant"
"HBS1L",0.00359511263281889,6.62131280455642,4.67492314614788e-05,0.994625443941871,0.999255187329854,"Not_Significant"
"TMEM135",-0.00320421457760307,6.58737003156522,4.41643107389913e-05,0.99477611521521,0.999255187329854,"Not_Significant"
"ICK",-0.00662136762652123,5.14479037202748,4.38070751297433e-05,0.994791207205056,0.999255187329854,"Not_Significant"
"ATN1",0.00533221161370063,5.64729711979253,4.00295554644232e-05,0.995024145642222,0.999353278566838,"Not_Significant"
"EIF4A2",0.00296485925388245,7.80052223120011,3.26002327239578e-05,0.995512050752454,0.999590937632429,"Not_Significant"
"CUTA",0.00312750761715156,6.07761617139878,3.23047859149593e-05,0.99553141033732,0.999590937632429,"Not_Significant"
"GABRA2",-0.00733404271387447,6.07297660743813,2.34076068785525e-05,0.996196211971466,0.999821718715191,"Not_Significant"
"UBE2I",-0.00236887791574123,5.99908335395556,2.20278332050074e-05,0.996309859931693,0.999821718715191,"Not_Significant"
"CARD19",0.00185437917422352,5.73631132404772,1.9489203440113e-05,0.996528324857254,0.999821718715191,"Not_Significant"
"OGFOD1",0.00547842372567657,5.20274735555405,1.81262942154047e-05,0.996649688202472,0.999821718715191,"Not_Significant"
"LYPLA1",-0.00204879683679168,6.21452295973321,1.70024965280156e-05,0.996758352917144,0.999821718715191,"Not_Significant"
"GABRG2",0.00310321528346925,6.31679611334708,1.6458569930364e-05,0.996810747923247,0.999821718715191,"Not_Significant"
"LRP3",0.00117225901741915,5.09792940104118,1.5134095951884e-05,0.996938135306778,0.999821718715191,"Not_Significant"
"SMAP2",0.00168993737999669,8.1773213966607,1.26806706278167e-05,0.997200920065466,0.999821718715191,"Not_Significant"
"MEGF10",0.00183055257442969,6.59072539577091,1.23986703516253e-05,0.997232116054354,0.999821718715191,"Not_Significant"
"MTMR9",0.00158492446329432,6.45580867336964,1.2371098563495e-05,0.997235107123117,0.999821718715191,"Not_Significant"
"ZNF589",0.00270629712010709,5.15398933693206,1.15944039056466e-05,0.997320279845673,0.999821718715191,"Not_Significant"
"BRF1",-0.00034424487901826,5.81788608822829,1.10553519027389e-05,0.997385439990828,0.999821718715191,"Not_Significant"
"SLC30A7",0.0010080840124243,6.36987964674761,9.14453025276072e-06,0.997622799133865,0.999923964342179,"Not_Significant"
"ARFGAP1",-0.00151423905719783,5.51787133149615,4.07671049260119e-06,0.998411837403182,0.999979969923346,"Not_Significant"
"AC058791.1",0.000979895124982423,5.63979305802448,2.75318508034464e-06,0.998695029346227,0.999979969923346,"Not_Significant"
"EFHC1",-0.000287355807869862,5.63253875195114,2.744671925837e-06,0.998697039190503,0.999979969923346,"Not_Significant"
"ATP13A3",-0.00129231259289189,6.84052300514065,1.91857287029736e-06,0.998911236502683,0.999979969923346,"Not_Significant"
"WASHC1",0.00101827485956409,7.17712345990863,1.79492883332348e-06,0.998946923247959,0.999979969923346,"Not_Significant"
"TCHP",-0.000499760862345385,6.31646446053858,1.71409049684758e-06,0.998970773784229,0.999979969923346,"Not_Significant"
"NETO1",0.000527809692028765,5.63964758746644,1.25881900202489e-06,0.99911760135472,0.999979969923346,"Not_Significant"
"AC005258.1",-0.000315122330077575,5.63210876610011,8.68717575487784e-07,0.999266963460997,0.999979969923346,"Not_Significant"
"GALNT17",-0.000681345223640874,6.60786578477365,6.98171601821485e-07,0.999343188057704,0.999979969923346,"Not_Significant"
"UBA6-AS1",0.000149961882749526,7.18136975630182,6.16612120818956e-07,0.999382776473085,0.999979969923346,"Not_Significant"
"SOAT1",-0.00036768891386115,7.11170343027318,4.508568872159e-07,0.999472215607647,0.999979969923346,"Not_Significant"
"RPS20",0.000263429609132986,7.85158057081787,2.81475857202313e-07,0.999582975729415,0.999979969923346,"Not_Significant"
"NXN",0.000145977616360967,6.07622215995751,2.29262970573696e-07,0.999623550644938,0.999979969923346,"Not_Significant"
"TM2D1",0.000220543430742419,6.14766919879678,1.73452998219527e-07,0.999672572821165,0.999979969923346,"Not_Significant"
"GPR34",0.00033186878086316,7.53610005251427,3.60270596706387e-08,0.999850805971351,0.999979969923346,"Not_Significant"
"RCBTB1",0.00225738601235982,5.73402231681217,3.16279406566466e-08,0.999860144620893,0.999979969923346,"Not_Significant"
"EZR",-0.000819284868949687,5.51845647156678,6.48462488186241e-10,0.999979969923346,0.999979969923346,"Not_Significant"
