"","1","2","8","9","10","11","12","13","14","15"
"AL627309.1",2,8,2,4,15,7,1,7,4,6
"AC114498.1",1,2,0,1,0,0,0,1,0,1
"AL669831.5",8,25,21,59,99,23,11,36,20,39
"FAM87B",0,0,0,0,0,0,0,0,0,0
"LINC00115",1,3,2,3,2,4,1,8,2,7
"FAM41C",0,1,0,2,1,0,1,0,0,1
"AL645608.7",0,0,1,1,0,0,0,1,0,3
"AL645608.1",0,0,2,2,1,0,0,0,0,0
"SAMD11",5,5,7,14,9,10,9,15,12,4
"NOC2L",8,32,48,67,41,21,14,20,11,31
"KLHL17",2,4,8,17,8,10,5,12,10,3
"PLEKHN1",0,0,0,0,0,0,0,0,0,0
"PERM1",0,2,0,0,1,0,0,0,0,0
"AL645608.8",1,3,1,4,0,0,0,1,0,0
"HES4",10,35,10,22,15,11,11,12,2,7
"ISG15",5,21,13,18,9,7,2,13,3,8
"AL645608.2",0,0,0,0,0,0,0,0,1,0
"AGRN",13,28,41,89,58,45,23,37,34,32
"C1orf159",10,36,59,73,82,16,18,25,15,57
"LINC01342",0,1,0,0,3,1,0,0,0,1
"TTLL10",0,1,0,2,2,0,0,1,0,1
"TNFRSF18",1,0,1,0,1,0,0,0,0,0
"TNFRSF4",1,0,1,0,0,0,0,0,0,0
"SDF4",9,46,36,57,52,35,18,39,14,29
"B3GALT6",3,7,5,18,6,3,5,8,1,3
"C1QTNF12",0,4,1,6,0,1,1,2,2,0
"UBE2J2",10,55,37,57,63,19,12,39,14,45
"LINC01786",1,0,3,1,5,2,1,1,0,6
"SCNN1D",12,7,24,32,24,10,6,20,20,10
"ACAP3",15,64,81,206,135,44,27,59,31,50
"PUSL1",3,8,8,7,5,4,1,10,0,2
"INTS11",28,80,77,140,86,51,31,92,34,70
"CPTP",3,16,16,25,21,8,9,20,8,11
"TAS1R3",0,0,0,0,0,1,0,1,0,0
"DVL1",11,24,39,53,36,13,10,34,10,19
"MXRA8",4,15,12,15,14,13,9,9,8,12
"AURKAIP1",25,66,53,82,49,22,16,50,9,30
"CCNL2",36,98,162,198,178,87,65,136,61,137
"MRPL20",25,84,66,87,70,30,29,40,11,39
"AL391244.3",1,1,5,10,3,2,1,4,0,1
"ANKRD65",1,35,24,42,18,9,10,8,6,7
"TMEM88B",0,0,0,1,0,0,0,0,0,0
"VWA1",16,77,69,104,80,32,20,40,26,22
"ATAD3C",1,4,7,13,14,7,6,8,5,4
"ATAD3B",12,18,37,46,19,11,8,19,18,10
"ATAD3A",3,12,22,41,17,8,6,9,6,13
"TMEM240",0,9,5,9,7,6,2,11,5,6
"SSU72",9,64,60,102,55,31,19,51,7,53
"AL645728.1",2,2,11,2,3,2,1,2,0,6
"FNDC10",2,2,16,30,7,4,4,2,2,5
"AL691432.2",4,21,13,24,20,5,4,5,1,13
"MIB2",15,31,24,55,43,20,20,30,24,17
"MMP23B",2,0,3,3,0,0,1,0,2,1
"CDK11B",14,76,69,71,93,24,12,68,16,48
"FO704657.1",1,1,3,3,1,0,1,0,1,5
"SLC35E2B",6,28,17,52,40,33,22,31,3,50
"CDK11A",4,37,56,83,73,14,12,33,7,35
"SLC35E2A",10,31,33,97,62,15,14,32,26,40
"NADK",5,27,19,76,40,18,11,25,13,24
"GNB1",43,185,141,320,227,48,44,86,27,164
"AL109917.1",0,0,2,0,0,1,1,1,0,0
"CALML6",0,0,0,0,0,0,0,1,0,0
"TMEM52",2,2,0,2,2,4,1,2,1,0
"CFAP74",1,4,15,14,8,1,3,3,1,4
"AL391845.2",0,0,0,0,0,0,1,0,0,0
"GABRD",10,40,32,57,15,2,5,6,4,5
"PRKCZ",14,55,51,96,61,10,7,9,8,44
"AL590822.2",0,5,1,0,1,1,0,0,1,0
"PRKCZ-AS1",1,1,2,4,2,1,1,2,0,2
"FAAP20",11,35,36,70,37,42,27,59,18,41
"AL590822.1",0,5,1,5,0,1,0,0,0,5
"SKI",14,51,55,103,100,20,18,63,17,31
"MORN1",10,22,24,40,27,5,8,10,6,12
"RER1",14,64,49,62,67,28,26,44,14,36
"PEX10",7,32,22,20,27,10,10,26,6,16
"PLCH2",5,8,12,20,21,6,6,12,6,7
"AL139246.1",0,0,0,0,0,0,0,0,0,0
"PANK4",0,3,7,11,9,7,7,9,1,18
"HES5",11,16,22,92,34,3,5,7,6,7
"AL139246.5",1,6,8,10,5,0,0,1,2,3
"TNFRSF14-AS1",0,0,1,0,0,1,0,1,0,0
"TNFRSF14",4,1,6,11,15,4,6,3,2,2
"AL139246.3",0,1,1,0,2,0,0,0,0,0
"FAM213B",2,7,20,22,17,5,5,13,3,9
"MMEL1",0,0,4,5,10,5,3,1,0,3
"AL831784.1",0,0,0,0,0,0,0,0,0,0
"TTC34",1,8,17,7,15,1,3,8,2,13
"AL589702.1",0,0,0,0,0,0,0,0,0,0
"LINC00982",30,99,107,208,180,43,55,82,41,143
"PRDM16",55,293,275,677,422,75,122,227,81,413
"AL590438.1",0,1,0,0,0,1,1,2,0,1
"ARHGEF16",1,3,0,8,4,3,5,5,0,7
"MEGF6",0,1,3,4,4,3,0,2,0,3
"AL513320.1",2,1,1,2,1,0,0,1,0,2
"TPRG1L",2,34,38,44,24,12,8,17,11,8
"WRAP73",5,9,17,25,15,6,5,14,5,19
"TP73",0,0,1,1,1,0,0,0,0,3
"AL136528.2",0,0,0,0,0,0,0,0,0,0
"CCDC27",0,1,2,0,1,1,0,0,0,0
"SMIM1",1,1,0,4,1,0,0,0,1,2
"LRRC47",10,27,23,52,26,17,10,22,7,18
"CEP104",12,30,34,53,51,13,15,33,7,48
"DFFB",1,6,10,23,24,2,4,12,3,14
"C1orf174",7,5,13,12,11,2,5,7,5,11
"LINC01134",1,5,2,4,3,0,0,0,5,1
"LINC01346",0,1,0,0,0,0,0,1,0,0
"LINC01345",0,0,0,0,0,0,0,0,0,0
"AL805961.1",0,1,2,0,2,0,0,1,0,0
"AL805961.2",0,0,1,0,0,0,0,0,0,1
"AL355602.1",0,0,0,0,0,0,0,0,0,0
"AJAP1",3,14,35,110,46,13,8,12,4,14
"BX005132.1",0,0,0,0,0,0,1,0,0,0
"Z98259.3",0,0,0,0,0,0,0,0,0,0
"AL365255.1",0,5,5,8,1,1,2,0,0,7
"NPHP4",9,42,49,60,64,12,12,19,13,46
"KCNAB2",10,45,46,64,40,13,5,10,6,13
"CHD5",10,56,95,160,111,21,10,23,9,17
"RPL22",9,33,29,42,48,20,9,23,9,16
"RNF207",1,3,5,12,12,5,2,5,2,7
"ICMT",8,9,8,33,18,4,7,15,4,7
"GPR153",0,2,3,6,5,1,2,2,0,0
"ACOT7",9,51,41,81,52,17,10,24,7,24
"AL031848.2",0,0,0,1,0,0,0,0,0,0
"HES2",0,1,0,1,0,0,0,0,0,3
"ESPN",1,2,1,1,2,0,0,1,1,2
"TNFRSF25",3,13,32,41,35,7,4,11,4,9
"PLEKHG5",1,17,21,33,11,4,1,3,3,8
"NOL9",5,27,33,47,37,15,12,17,8,30
"TAS1R1",2,5,8,8,2,1,3,2,2,3
"ZBTB48",6,18,15,18,12,4,7,9,7,21
"KLHL21",13,45,31,80,68,29,36,67,19,68
"PHF13",3,14,11,21,17,9,5,12,3,17
"THAP3",5,18,14,26,16,5,8,13,4,14
"DNAJC11",12,41,49,62,54,12,6,22,7,45
"LINC01672",0,0,1,0,0,0,0,0,0,0
"AL591163.1",0,1,0,0,1,0,0,0,0,0
"CAMTA1-DT",2,1,17,5,12,2,6,8,3,13
"CAMTA1",133,938,570,848,890,291,215,484,126,782
"AL512330.1",3,35,30,20,14,2,3,1,2,24
"Z97987.1",0,1,0,0,0,0,0,0,0,2
"AL359881.3",1,1,0,1,5,0,0,1,0,0
"AL359881.2",1,0,0,0,0,1,0,0,0,0
"AL359881.1",1,3,0,4,1,0,0,0,0,0
"VAMP3",5,28,16,32,31,14,8,23,8,18
"PER3",38,215,222,253,336,116,109,127,64,309
"Z98884.1",0,6,3,3,4,1,2,1,1,7
"UTS2",0,1,1,1,0,0,0,0,0,6
"TNFRSF9",0,0,1,1,0,0,0,0,0,0
"PARK7",30,140,90,99,95,58,23,58,13,59
"AL034417.4",1,0,2,8,4,1,1,4,1,4
"AL034417.3",0,1,3,9,3,1,1,3,1,1
"ERRFI1",10,71,50,67,54,27,20,35,20,35
"AL034417.2",2,11,7,11,24,5,2,5,5,15
"LINC01714",0,0,0,0,0,0,0,0,0,0
"SLC45A1",6,15,16,24,18,7,13,10,7,10
"RERE",154,653,564,979,871,163,194,301,152,494
"AL096855.1",3,18,16,4,11,3,2,5,1,16
"ENO1",64,378,285,311,249,214,121,263,101,176
"ENO1-AS1",1,2,0,2,0,0,0,2,0,1
"CA6",0,1,1,1,3,1,0,2,0,1
"SLC2A7",0,0,0,0,2,2,1,1,0,0
"SLC2A5",1,9,3,6,12,1,1,2,1,2
"GPR157",1,2,3,7,4,1,1,1,0,3
"MIR34AHG",1,9,16,17,13,1,4,4,0,5
"LINC01759",1,0,1,4,5,0,0,5,2,1
"H6PD",11,49,21,53,50,18,19,16,15,38
"SPSB1",5,16,9,13,12,3,4,4,3,9
"BX323043.1",0,1,0,0,1,0,0,0,0,0
"AL928921.2",0,3,4,4,2,2,2,3,1,6
"SLC25A33",24,143,68,87,103,30,24,49,23,95
"TMEM201",7,5,8,24,17,3,3,6,2,8
"PIK3CD",5,12,15,16,23,7,2,10,8,11
"PIK3CD-AS2",0,1,0,0,4,0,1,0,0,0
"CLSTN1",84,276,355,477,330,115,84,138,66,148
"CTNNBIP1",18,48,73,58,62,12,22,18,11,55
"AL357140.1",0,0,0,3,2,0,1,0,0,0
"LZIC",12,30,25,51,44,12,11,20,3,32
"NMNAT1",7,26,32,52,39,4,7,7,4,35
"RBP7",4,18,18,17,8,2,2,2,1,6
"UBE4B",36,175,185,302,229,54,57,72,36,174
"KIF1B",193,929,811,1364,1329,273,289,447,195,1079
"AL139424.3",3,7,6,14,8,0,1,3,4,6
"AL139424.2",2,5,17,35,13,3,3,3,0,7
"PGD",10,29,34,83,48,11,17,124,13,24
"CENPS-CORT",0,0,2,3,4,0,1,1,0,4
"DFFA",6,20,25,40,26,15,7,17,8,26
"AL354956.1",0,1,0,0,0,0,0,0,0,1
"PEX14",18,81,82,112,123,30,19,56,8,98
"CASZ1",0,9,1,3,4,5,2,1,4,5
"AL139423.1",0,4,0,2,1,0,0,1,0,1
"C1orf127",0,1,0,0,0,0,0,0,0,0
"TARDBP",0,3,3,6,1,0,0,1,1,1
"AL109811.4",0,5,0,3,2,0,1,0,0,1
"MASP2",4,27,18,13,23,7,10,13,6,57
"SRM",12,45,34,44,56,11,15,37,5,43
"EXOSC10",23,75,73,89,79,69,63,67,27,68
"AL109811.1",4,29,41,32,41,19,13,37,3,36
"AL109811.2",0,0,0,0,2,2,0,0,0,0
"MTOR",15,100,85,118,103,30,32,48,15,79
"MTOR-AS1",1,3,1,3,1,0,0,0,0,1
"ANGPTL7",1,1,0,8,0,0,0,0,0,3
"UBIAD1",2,18,11,17,21,6,6,6,4,14
"AL031291.1",0,3,0,2,2,0,0,1,0,0
"DISP3",14,33,23,43,52,12,19,23,15,26
"AL031731.1",1,5,16,79,22,3,2,12,0,17
"FBXO2",26,116,180,508,165,114,76,131,39,110
"FBXO44",20,74,112,144,80,33,37,51,15,59
"FBXO6",1,9,12,14,8,2,4,12,3,12
"MAD2L2",4,23,21,13,17,16,3,15,4,15
"DRAXIN",0,1,0,4,6,0,1,2,2,2
"AGTRAP",4,25,21,31,24,22,17,19,3,20
"C1orf167",0,0,1,1,0,0,1,1,0,0
"MTHFR",3,26,29,41,42,10,7,8,6,11
"CLCN6",6,22,22,25,29,3,6,14,4,41
"NPPA-AS1",0,0,1,2,1,0,0,0,0,0
"NPPA",0,3,2,3,3,0,0,0,0,2
"NPPB",0,0,0,0,0,0,0,0,0,0
"KIAA2013",12,28,30,69,37,17,16,27,13,19
"PLOD1",6,11,17,46,46,26,16,61,11,27
"MFN2",8,46,43,49,39,25,9,20,10,28
"MIIP",10,15,16,38,21,24,20,39,10,18
"TNFRSF8",2,1,4,2,3,1,0,0,0,2
"TNFRSF1B",1,2,3,4,5,1,0,1,1,0
"VPS13D",44,322,251,410,340,70,94,115,60,230
"DHRS3",14,56,41,114,59,25,28,28,25,47
"AADACL4",0,0,0,0,0,0,0,0,0,0
"C1orf158",0,1,0,1,0,0,0,0,0,0
"PRAMEF20",0,0,0,0,0,0,0,0,0,0
"LRRC38",0,1,1,4,1,0,0,1,1,2
"PDPN",0,7,11,12,13,4,4,1,1,14
"PRDM2",19,136,136,203,180,44,37,54,27,98
"KAZN",83,384,590,864,636,66,43,75,56,134
"KAZN-AS1",0,2,2,4,1,1,0,1,1,4
"TMEM51-AS1",7,7,12,6,14,3,1,4,1,9
"TMEM51",9,20,26,48,46,10,9,11,3,41
"C1orf195",0,0,1,1,2,0,1,2,0,5
"FHAD1",4,6,11,62,10,4,5,4,0,16
"AL031283.2",0,1,1,0,0,0,0,0,0,0
"AL031283.1",0,0,0,0,1,0,0,0,0,0
"EFHD2",2,12,20,31,27,9,4,15,2,10
"CTRC",0,0,0,1,0,0,0,0,0,1
"CELA2A",1,2,0,0,0,0,0,0,0,3
"CELA2B",0,3,11,5,2,0,0,0,0,8
"CASP9",11,25,13,17,25,6,12,12,5,28
"DNAJC16",14,75,50,96,96,35,27,48,18,60
"AL121992.3",0,0,0,0,1,0,0,0,0,0
"AGMAT",1,1,3,3,2,2,0,1,0,3
"AL121992.1",2,0,1,2,2,3,1,4,0,8
"DDI2",10,37,34,51,54,9,21,19,9,39
"PLEKHM2",30,75,88,113,104,29,29,56,26,47
"AL450998.3",0,3,0,3,2,0,0,1,0,2
"SLC25A34",4,6,8,11,11,6,3,3,3,4
"SLC25A34-AS1",0,0,1,0,1,1,0,1,0,0
"TMEM82",0,1,0,0,0,0,0,0,0,0
"FBLIM1",1,3,3,1,4,0,3,2,0,1
"UQCRHL",2,7,13,24,25,8,4,2,4,8
"AL450998.2",3,25,25,33,36,4,7,13,2,36
"SPEN",39,149,133,255,202,89,80,108,52,158
"ZBTB17",5,22,21,44,26,9,10,16,10,17
"SRARP",0,0,1,0,1,0,0,0,0,0
"HSPB7",0,4,3,1,2,1,3,4,4,1
"CLCNKA",0,1,4,5,0,0,0,1,0,2
"CLCNKB",0,0,0,3,1,0,0,0,0,0
"FAM131C",6,7,10,13,6,7,5,8,4,10
"EPHA2",0,4,6,14,2,4,2,8,1,7
"AL451042.2",0,0,0,2,0,0,0,0,0,0
"AL451042.1",0,0,1,2,3,0,0,0,0,0
"ARHGEF19",3,1,2,3,1,1,0,2,2,1
"CPLANE2",0,3,0,3,3,1,1,1,2,3
"FBXO42",31,123,118,291,173,27,32,57,24,172
"SZRD1",9,42,35,49,28,12,13,17,9,35
"SPATA21",6,16,16,45,17,3,1,8,4,16
"NECAP2",3,24,25,17,28,10,12,21,5,27
"LINC01772",0,3,14,10,6,0,1,0,1,4
"AL137802.2",1,7,2,2,1,0,1,5,0,4
"NBPF1",10,55,39,60,87,37,23,68,29,88
"CROCC",11,33,58,123,73,39,29,143,32,64
"BX284668.5",1,8,1,5,7,7,6,12,2,7
"BX284668.6",0,0,2,3,0,1,0,1,0,5
"AL049569.1",6,38,25,29,15,4,2,5,2,18
"ATP13A2",18,60,84,114,65,28,15,38,9,43
"SDHB",10,70,72,56,71,14,26,35,19,73
"PADI2",39,106,154,218,122,30,30,59,30,101
"PADI1",0,0,0,0,1,0,0,0,0,0
"PADI3",0,0,1,2,1,0,0,1,0,1
"PADI4",0,5,4,6,2,0,3,3,0,2
"PADI6",0,0,0,1,0,0,0,0,0,0
"RCC2",6,12,25,65,37,21,11,34,9,20
"ARHGEF10L",38,178,206,381,198,34,43,113,28,184
"AL136529.1",0,1,1,1,0,0,0,0,0,1
"ACTL8",0,0,0,1,0,0,0,0,0,0
"AL357509.1",0,0,0,0,0,0,0,0,0,1
"LINC01654",0,0,0,2,1,0,0,1,1,2
"IGSF21",7,29,35,38,28,2,3,11,2,7
"IGSF21-AS1",0,1,0,0,1,0,0,0,0,0
"AL591896.1",0,0,0,0,0,0,0,0,0,0
"PAX7",2,1,1,1,1,0,0,0,1,0
"AL080251.1",0,0,0,0,0,1,0,1,1,1
"IFFO2",2,20,27,56,27,2,3,6,2,14
"UBR4",40,162,134,282,171,50,60,76,48,115
"AL035413.1",8,87,71,60,98,22,19,72,11,99
"EMC1",4,26,22,55,45,12,12,25,7,28
"MRTO4",9,17,20,33,18,2,3,5,2,16
"AKR7A3",0,1,0,8,2,0,1,0,3,1
"AKR7A2",3,31,19,18,21,20,12,19,10,23
"PQLC2",1,13,12,25,16,2,4,14,9,17
"CAPZB",32,154,123,193,160,57,54,78,29,109
"AL031727.2",0,6,2,1,4,3,3,1,1,9
"NBL1",14,32,39,79,48,11,12,38,6,23
"HTR6",0,0,1,0,1,0,0,0,0,0
"TMCO4",4,16,26,22,24,7,6,20,4,24
"OTUD3",5,34,23,41,35,8,11,28,7,29
"PLA2G5",7,15,11,7,17,10,10,20,12,21
"PLA2G2D",0,0,0,0,0,0,0,0,0,0
"PLA2G2C",0,1,1,1,0,0,0,0,0,0
"UBXN10-AS1",0,2,0,2,0,3,0,1,0,0
"UBXN10",3,5,0,1,1,0,1,1,0,2
"VWA5B1",0,2,3,3,2,0,2,2,1,3
"AL020998.1",0,0,0,0,1,2,0,1,1,0
"LINC01141",1,4,4,5,7,0,1,1,0,5
"CAMK2N1",54,166,203,555,315,99,80,96,64,97
"MUL1",9,28,27,41,36,30,13,34,13,17
"FAM43B",4,20,10,44,17,2,6,19,2,9
"CDA",0,1,1,1,3,3,1,0,1,1
"PINK1",19,82,81,92,70,19,25,27,8,28
"PINK1-AS",1,4,4,5,7,2,4,1,1,6
"DDOST",10,32,30,30,41,12,12,14,10,24
"KIF17",3,7,5,7,7,2,4,2,0,4
"SH2D5",1,9,5,7,6,0,1,2,2,1
"AL663074.1",0,0,0,0,0,0,0,0,0,0
"HP1BP3",31,160,159,573,458,208,173,334,109,264
"EIF4G3",104,458,453,941,805,173,228,299,121,605
"ECE1",36,118,175,289,201,60,36,111,42,147
"NBPF3",1,6,16,15,27,5,7,17,8,23
"ALPL",2,2,2,3,3,0,0,5,1,3
"AL359815.1",0,0,0,0,0,0,0,0,0,0
"RAP1GAP",12,56,59,102,56,12,9,16,8,10
"USP48",30,95,90,152,140,28,35,51,16,100
"LDLRAD2",0,1,0,0,1,0,0,0,0,1
"HSPG2",2,6,11,12,9,7,2,10,6,8
"CELA3B",0,2,1,4,1,0,0,0,1,1
"CELA3A",0,0,0,1,0,0,0,1,0,0
"LINC01635",0,0,0,0,0,0,0,0,0,0
"CDC42",22,87,92,158,103,49,32,64,24,98
"AL031281.2",0,1,0,1,0,0,0,0,0,0
"WNT4",0,0,0,2,2,0,0,0,0,0
"ZBTB40",8,23,33,49,51,11,12,11,11,46
"EPHA8",0,0,0,0,2,0,0,0,0,0
"C1QA",1,0,12,10,11,4,0,4,1,2
"C1QC",1,0,2,2,7,1,1,2,0,1
"C1QB",1,3,25,10,29,1,1,9,3,2
"EPHB2",7,20,28,34,44,11,4,19,12,19
"LACTBL1",0,0,0,0,0,0,0,1,0,1
"TEX46",2,2,5,3,1,0,0,3,0,8
"KDM1A",9,66,50,108,70,15,22,43,19,42
"AL031428.1",7,42,31,53,40,14,10,18,5,41
"LUZP1",23,134,127,181,201,46,59,81,29,204
"HTR1D",0,0,0,0,0,0,0,0,0,0
"LINC01355",4,11,14,58,21,10,8,13,4,27
"AL109936.6",3,2,13,13,10,1,0,5,0,9
"HNRNPR",15,99,69,142,113,29,33,58,15,79
"ZNF436",2,14,4,16,10,5,4,10,6,7
"ZNF436-AS1",12,39,51,21,35,7,11,17,1,51
"AL109936.2",0,0,0,2,0,1,0,1,0,0
"TCEA3",4,13,21,40,16,9,7,10,6,18
"ASAP3",19,218,67,149,92,27,38,49,21,63
"E2F2",0,0,0,1,0,0,0,0,0,0
"AL021154.1",0,0,0,1,1,1,0,1,0,1
"ID3",15,42,54,20,99,131,180,164,56,108
"MDS2",0,4,1,2,2,3,1,0,1,2
"RPL11",39,103,121,95,196,81,42,78,32,77
"ELOA",6,38,26,58,63,14,10,25,7,32
"ELOA-AS1",16,56,72,77,83,14,23,32,9,74
"PITHD1",12,63,50,82,38,21,15,24,5,29
"LYPLA2",1,13,15,34,14,7,3,10,7,6
"GALE",4,13,19,18,17,8,11,17,5,16
"HMGCL",13,41,43,35,53,10,14,26,11,59
"FUCA1",2,10,17,14,24,4,5,5,1,7
"CNR2",0,2,2,3,11,0,2,1,0,2
"PNRC2",3,24,21,26,24,18,12,32,5,27
"SRSF10",22,132,103,161,188,51,56,89,24,143
"AL591178.1",0,0,0,0,1,0,0,0,0,0
"MYOM3",0,0,0,0,3,0,0,0,0,4
"IL22RA1",0,0,0,0,1,1,0,1,0,0
"IFNLR1",1,19,8,1,15,3,3,8,4,7
"AL590683.1",0,0,0,1,2,0,0,1,0,1
"AL138902.1",0,1,0,0,0,0,0,0,0,0
"GRHL3",0,2,0,0,1,0,0,0,0,0
"STPG1",4,12,30,31,30,13,14,17,7,26
"NIPAL3",10,47,62,70,74,18,11,16,8,28
"RCAN3",2,10,14,13,10,4,8,1,6,9
"AL445686.2",0,2,0,0,0,0,0,0,1,1
"NCMAP",0,2,3,8,4,2,0,1,1,3
"SRRM1",34,214,186,246,241,50,59,85,31,118
"AL445648.1",0,0,3,1,0,0,0,1,0,0
"CLIC4",23,240,94,191,120,65,53,83,24,101
"RUNX3",0,0,0,0,0,0,0,0,0,0
"AL050344.1",0,0,0,0,1,0,0,0,0,1
"SYF2",11,61,35,26,40,17,15,34,7,33
"AL031432.5",0,0,0,0,1,0,0,2,0,0
"RSRP1",82,349,373,537,470,86,141,160,93,433
"AL031432.3",0,0,3,1,2,2,1,3,1,1
"RHD",2,43,64,40,31,8,11,18,1,19
"TMEM50A",24,71,64,64,67,46,35,48,18,50
"RHCE",4,9,12,2,10,2,2,1,2,12
"MACO1",16,57,55,121,98,26,18,41,16,61
"LDLRAP1",6,14,15,29,27,9,12,23,14,15
"AL606491.1",2,1,1,2,2,0,0,0,0,0
"MAN1C1",10,48,59,70,67,10,15,23,10,19
"AL031280.1",1,27,32,41,10,2,6,4,3,3
"SELENON",1,5,2,8,4,1,0,5,0,2
"AL020996.2",0,0,1,2,0,1,0,2,1,0
"AL020996.1",0,0,0,0,1,1,1,1,0,3
"MTFR1L",14,35,37,91,61,14,19,29,12,37
"AUNIP",1,4,1,6,3,0,1,5,0,9
"AL033528.2",3,8,10,8,12,5,11,8,2,21
"PAQR7",7,9,6,25,15,4,6,11,5,12
"STMN1",136,390,299,355,196,77,65,75,34,67
"PAFAH2",3,17,6,17,21,4,5,13,2,16
"EXTL1",4,9,10,15,14,3,1,5,5,4
"SLC30A2",0,1,0,2,1,0,0,0,0,0
"TRIM63",0,3,0,0,0,0,0,0,0,2
"PDIK1L",1,13,21,18,24,6,9,11,5,18
"FAM110D",0,3,1,6,3,0,1,3,0,3
"C1orf232",0,0,0,0,2,0,0,0,0,0
"AL391650.1",0,0,0,0,0,0,0,0,0,0
"ZNF593",5,23,8,34,10,2,2,8,4,5
"CNKSR1",0,6,12,12,7,1,3,7,3,4
"CATSPER4",0,0,0,0,0,0,0,0,0,0
"CEP85",4,9,25,19,21,5,5,8,5,12
"SH3BGRL3",19,38,43,83,46,33,21,22,10,20
"UBXN11",9,13,15,15,6,5,7,7,3,16
"CD52",1,0,4,0,19,1,0,0,0,3
"CRYBG2",0,2,2,0,1,1,0,1,0,2
"ZNF683",0,1,0,2,0,0,0,0,0,0
"LIN28A",0,0,0,1,1,0,0,0,0,0
"DHDDS",7,36,20,33,32,11,6,10,6,23
"AL513365.2",0,11,16,30,10,5,3,10,4,12
"HMGN2",18,134,39,26,88,38,20,45,21,47
"RPS6KA1",2,4,9,12,9,2,2,3,2,4
"AL512408.1",0,0,0,0,0,0,0,1,0,0
"ARID1A",58,292,179,431,338,80,97,125,57,247
"PIGV",6,10,9,13,18,8,4,11,8,11
"ZDHHC18",3,22,21,47,33,9,7,19,8,25
"SFN",0,5,0,2,1,0,0,1,0,0
"AL034380.1",0,1,1,0,0,0,0,0,0,2
"GPN2",2,26,12,25,25,7,6,5,4,17
"GPATCH3",0,7,11,12,3,5,4,5,4,7
"NUDC",27,87,54,102,72,45,22,75,20,43
"KDF1",0,0,1,3,0,0,0,0,0,1
"TRNP1",1,6,4,15,2,0,1,3,0,3
"TENT5B",0,1,1,0,3,0,1,1,1,3
"SLC9A1",3,26,18,30,23,7,6,6,2,12
"AL590640.1",0,0,0,0,0,0,2,1,0,1
"WDTC1",15,32,43,76,65,15,30,28,18,48
"TMEM222",16,58,50,64,51,19,12,31,21,15
"SYTL1",1,1,2,3,4,2,0,0,0,0
"MAP3K6",1,26,23,36,24,14,17,24,11,12
"FCN3",0,0,0,0,0,0,0,0,0,0
"CD164L2",0,0,0,0,0,0,0,0,0,1
"GPR3",0,5,1,6,1,2,1,3,0,5
"WASF2",29,238,116,215,172,43,72,83,31,160
"FO393419.2",2,5,6,7,7,0,3,1,0,10
"BX293535.1",0,0,1,3,0,0,0,0,0,0
"AHDC1",17,95,89,195,101,45,31,76,23,77
"FGR",0,5,0,2,5,1,1,2,1,2
"LINC02574",0,0,0,0,0,0,0,0,0,0
"IFI6",7,31,25,26,37,33,9,21,5,52
"AL445490.1",1,2,1,3,1,0,1,1,1,2
"FAM76A",7,14,26,34,30,9,10,14,11,43
"STX12",17,106,82,131,116,27,27,33,18,76
"PPP1R8",8,31,24,37,26,6,12,16,7,29
"THEMIS2",5,6,9,12,10,1,4,1,2,3
"RPA2",7,34,27,37,50,9,7,21,6,24
"SMPDL3B",0,2,1,2,1,1,0,0,0,0
"AL512288.1",0,2,1,3,3,1,0,1,0,1
"XKR8",2,9,13,33,18,7,5,15,10,11
"EYA3",33,102,104,172,167,38,44,58,36,120
"PTAFR",0,4,7,3,11,1,3,4,0,5
"DNAJC8",11,54,44,81,51,21,20,43,14,26
"ATP5IF1",57,162,126,135,91,30,24,30,21,80
"AL353622.1",0,4,1,0,5,1,1,1,0,3
"SESN2",1,23,15,32,24,9,3,12,2,13
"MED18",1,5,3,2,4,2,1,1,0,5
"PHACTR4",52,223,171,299,301,54,66,124,47,244
"RCC1",4,36,37,34,65,21,19,38,8,38
"TRNAU1AP",13,72,84,110,111,25,25,37,16,89
"SNHG12",3,10,17,27,21,20,6,16,2,14
"TAF12",11,15,38,54,56,16,6,26,6,27
"RAB42",0,1,0,1,0,0,0,0,0,1
"LINC01715",1,7,4,2,4,1,1,0,1,7
"AL360012.1",0,0,0,0,0,0,0,0,0,0
"GMEB1",4,16,41,34,48,14,6,21,7,25
"YTHDF2",11,83,51,100,60,16,13,35,13,43
"OPRD1",0,6,15,17,17,1,1,3,2,2
"AL009181.1",0,0,0,0,1,0,0,0,0,1
"EPB41",10,115,92,147,115,33,33,52,23,121
"TMEM200B",0,1,2,2,0,2,0,1,1,1
"AL357500.1",0,0,3,2,2,1,0,0,0,0
"SRSF4",26,124,113,201,124,47,35,52,25,112
"MECR",5,48,31,35,19,8,13,20,2,41
"PTPRU",0,10,14,18,22,6,2,6,5,2
"LINC01756",1,1,1,1,0,0,0,0,0,0
"AL645944.2",0,0,0,0,0,1,0,0,0,1
"LINC01648",0,0,0,0,0,0,0,0,0,0
"MATN1",1,2,1,0,1,0,1,0,0,1
"MATN1-AS1",0,2,1,8,2,1,1,1,0,2
"LAPTM5",2,2,7,18,23,2,0,5,1,1
"AL137027.1",0,0,0,0,0,0,1,0,0,0
"LINC01778",0,0,0,0,0,0,0,1,0,0
"SDC3",13,23,25,41,38,22,7,21,7,13
"PUM1",28,253,162,368,303,64,75,109,56,182
"NKAIN1",8,16,17,39,25,3,3,6,3,7
"SNRNP40",5,49,38,36,48,12,14,14,10,36
"ZCCHC17",11,81,50,72,50,13,9,23,8,49
"AL451070.1",0,17,17,27,9,1,2,3,1,8
"FABP3",3,12,6,19,4,3,0,1,1,3
"SERINC2",0,0,2,3,1,1,1,0,1,1
"TINAGL1",0,0,0,1,1,0,0,0,0,1
"HCRTR1",1,0,0,0,1,1,0,0,0,0
"PEF1",5,45,24,41,31,12,9,21,8,18
"AC114488.2",0,1,5,3,2,0,1,1,1,1
"COL16A1",113,151,208,516,192,87,118,133,52,198
"ADGRB2",20,40,52,116,71,13,13,38,17,25
"SPOCD1",0,2,5,0,2,0,0,0,0,3
"AL354919.1",0,1,1,2,1,0,0,0,0,1
"AL136115.2",0,2,1,6,11,2,0,6,2,8
"PTP4A2",6,22,16,32,25,4,5,11,4,23
"AL136115.1",0,0,0,0,0,0,0,0,0,1
"AL136115.3",1,1,0,3,1,0,1,1,0,0
"KHDRBS1",36,133,83,154,167,26,25,53,20,73
"AL445248.1",2,15,17,20,21,2,5,4,1,27
"TMEM39B",9,24,23,37,33,7,6,13,6,11
"KPNA6",29,115,114,151,152,39,29,49,19,112
"TXLNA",7,22,17,66,27,13,8,24,4,24
"CCDC28B",1,15,11,16,10,8,5,8,3,6
"AL049795.1",1,1,2,4,2,1,2,1,2,4
"IQCC",1,4,8,3,4,2,1,3,0,6
"DCDC2B",1,8,9,8,9,0,0,2,0,10
"TMEM234",2,16,11,21,12,7,5,11,7,11
"EIF3I",5,34,27,31,27,16,9,16,4,22
"FAM167B",1,1,0,1,1,1,0,3,0,0
"LCK",1,0,2,0,2,0,0,0,0,1
"HDAC1",11,48,51,85,56,38,17,45,17,46
"MARCKSL1",32,215,128,178,142,100,116,115,41,125
"AL109945.1",0,1,1,0,0,0,0,0,0,0
"TSSK3",2,3,6,13,7,2,0,1,1,6
"FAM229A",1,6,5,19,15,3,4,13,3,4
"BSDC1",8,67,58,88,101,34,22,47,23,73
"AL033529.1",2,19,24,30,39,9,4,11,4,27
"ZBTB8A",6,21,35,23,29,5,4,4,2,34
"ZBTB8OS",34,97,115,163,168,40,28,54,26,138
"RBBP4",27,114,99,118,135,37,40,61,30,120
"SYNC",11,82,92,193,142,43,23,87,15,104
"AC114489.1",0,0,0,2,1,0,0,0,0,0
"KIAA1522",1,10,9,17,11,8,6,9,1,14
"YARS",16,67,78,132,94,37,22,52,12,86
"S100PBP",24,93,85,147,136,21,39,40,18,100
"FNDC5",4,8,9,17,11,1,5,11,6,6
"HPCA",13,49,39,60,28,9,5,15,1,2
"TMEM54",6,7,4,8,15,12,14,11,7,4
"RNF19B",4,37,19,35,27,10,21,33,3,25
"AL020995.1",4,35,17,29,28,2,7,14,1,16
"AK2",14,42,42,48,43,8,12,20,12,30
"AZIN2",7,27,27,32,43,12,8,31,7,18
"TRIM62",6,26,19,23,35,2,6,3,4,20
"AL662907.3",0,9,6,4,9,1,3,5,0,6
"ZNF362",3,33,24,32,45,10,10,25,10,23
"A3GALT2",1,7,4,9,3,9,0,7,2,1
"AL513327.1",3,28,33,51,43,3,9,8,2,26
"PHC2",10,105,83,143,139,15,28,35,15,64
"AL513327.2",0,4,1,6,4,0,1,1,0,4
"ZSCAN20",3,3,3,3,1,1,2,1,1,7
"CSMD2",18,58,78,110,96,12,12,14,9,47
"C1orf94",0,1,2,1,0,0,0,0,0,0
"SMIM12",9,84,42,59,52,16,11,37,5,50
"GJB5",0,1,0,0,0,0,0,0,0,0
"GJB3",0,0,2,1,0,0,0,0,0,1
"GJA4",0,0,0,0,0,1,0,0,0,0
"DLGAP3",2,12,20,33,12,0,3,2,1,9
"AC114490.3",3,7,10,9,6,2,4,5,2,18
"ZMYM6",0,0,0,0,0,0,0,0,1,0
"ZMYM1",8,22,17,37,42,3,18,21,8,42
"AL590434.1",2,2,4,7,5,2,0,1,0,2
"SFPQ",25,203,124,261,213,108,94,123,45,156
"ZMYM4",30,194,157,320,297,70,69,151,41,212
"ZMYM4-AS1",3,8,11,5,12,9,12,17,0,27
"KIAA0319L",67,200,198,298,272,77,67,132,47,228
"NCDN",20,91,101,163,91,28,38,47,13,41
"AC004865.2",0,2,0,3,1,3,0,5,0,2
"TFAP2E",7,28,30,30,31,2,11,8,4,32
"PSMB2",9,62,37,64,43,21,15,26,9,33
"C1orf216",8,22,18,35,21,9,8,7,3,21
"CLSPN",0,4,2,4,2,1,0,0,0,6
"AL354864.1",0,0,0,0,0,0,0,0,0,0
"AGO4",23,181,127,185,203,51,59,78,35,139
"AGO1",11,33,41,57,41,16,11,17,6,27
"AL139286.2",0,1,0,0,1,1,1,0,0,1
"AGO3",49,234,223,386,332,75,56,149,46,251
"AL138787.2",3,25,39,73,32,3,1,5,0,21
"TEKT2",0,1,0,6,1,1,1,1,0,0
"ADPRHL2",10,25,42,68,35,16,14,29,4,17
"COL8A2",0,2,2,3,0,0,1,1,0,0
"TRAPPC3",17,42,48,53,51,17,8,27,11,30
"MAP7D1",24,77,80,108,55,39,20,50,18,47
"THRAP3",27,148,91,173,145,38,54,76,22,124
"SH3D21",0,0,4,1,2,0,0,0,0,0
"EVA1B",1,4,2,9,6,1,1,4,6,1
"AL591845.1",1,2,4,3,7,1,0,1,1,3
"STK40",10,46,24,38,39,11,5,18,4,32
"LSM10",5,26,30,20,28,14,15,15,5,15
"OSCP1",5,18,21,17,23,11,11,12,6,10
"MRPS15",9,25,23,17,22,17,7,8,6,19
"CSF3R",0,3,4,6,3,1,0,2,0,1
"AL596257.1",0,0,0,0,0,0,0,0,0,0
"GRIK3",6,14,15,42,27,12,2,25,10,10
"AL031430.1",0,0,0,0,0,0,0,1,0,0
"AL353604.1",1,1,7,1,6,2,2,1,1,2
"LINC01137",0,11,8,10,7,1,3,4,0,7
"ZC3H12A",0,2,2,5,5,2,1,6,0,2
"MEAF6",12,64,66,72,69,28,26,35,14,68
"SNIP1",3,6,13,15,13,6,4,7,3,2
"DNALI1",2,14,8,19,12,18,22,16,7,7
"GNL2",5,14,13,13,15,5,2,15,0,15
"RSPO1",0,0,0,0,0,0,0,0,0,0
"C1orf109",1,14,9,10,17,3,5,6,2,10
"CDCA8",0,2,5,6,4,2,2,2,0,3
"EPHA10",2,15,20,18,22,1,4,7,1,7
"MANEAL",2,7,5,9,5,1,1,2,2,1
"YRDC",1,5,9,12,4,6,2,4,3,2
"C1orf122",38,84,70,98,94,52,42,88,24,90
"MTF1",8,20,25,41,38,6,7,20,10,23
"AL929472.2",2,18,42,69,39,4,8,35,3,33
"INPP5B",25,77,86,124,98,13,36,52,19,120
"SF3A3",9,38,38,62,55,16,15,33,10,32
"FHL3",1,5,3,4,7,1,2,3,1,4
"UTP11",5,19,6,15,15,11,5,12,4,11
"POU3F1",0,7,2,5,12,1,9,6,0,7
"AL139158.2",1,22,10,15,26,3,11,9,3,20
"AL139158.3",0,3,0,1,4,0,0,2,0,3
"LINC01685",0,2,1,0,0,0,0,1,0,1
"AL354702.2",0,0,0,1,3,0,0,0,0,0
"RRAGC",3,31,20,39,30,21,9,19,5,16
"AL139260.1",25,119,178,398,347,43,39,103,37,241
"MYCBP",1,0,1,1,1,0,0,1,1,0
"AL139260.3",0,0,1,1,3,0,0,0,0,0
"RHBDL2",14,59,116,149,107,10,21,22,11,128
"AKIRIN1",11,88,42,77,94,11,21,43,9,48
"NDUFS5",65,197,153,193,119,70,40,72,9,66
"MACF1",431,3218,1725,3235,2911,743,853,1402,503,2295
"AL442071.1",3,67,28,46,25,5,7,24,0,48
"BMP8A",0,1,0,3,3,1,1,0,0,0
"PABPC4",5,33,25,61,40,32,13,51,30,14
"AL365277.1",0,3,1,0,0,0,0,2,0,1
"HEYL",0,3,3,5,4,2,0,1,0,5
"NT5C1A",0,0,2,1,0,0,0,0,0,0
"HPCAL4",7,32,19,60,17,4,4,6,3,10
"PPIE",21,54,40,85,92,15,24,49,11,41
"BMP8B",0,2,1,2,3,0,2,1,1,1
"AL033527.3",0,0,2,0,0,1,0,0,0,0
"AL033527.5",3,4,3,2,7,4,0,6,4,7
"AL033527.4",0,2,3,2,2,0,1,0,0,1
"TRIT1",11,48,38,59,60,10,12,26,10,37
"MYCL",0,1,2,0,1,0,0,0,2,0
"MFSD2A",6,4,10,14,7,5,1,9,1,6
"CAP1",10,51,38,89,67,15,19,35,12,39
"PPT1",18,73,85,57,85,32,28,48,9,68
"RLF",20,142,165,264,174,31,46,77,30,118
"TMCO2",0,1,1,4,2,0,1,0,0,2
"AL050341.2",3,16,28,20,19,12,5,22,5,24
"ZMPSTE24",8,38,44,56,56,29,26,23,15,51
"COL9A2",27,49,73,75,71,20,22,15,13,54
"SMAP2",6,28,31,50,54,9,6,15,4,22
"AL031985.4",1,0,3,7,3,1,0,2,1,2
"ZFP69B",1,6,6,1,3,2,2,2,0,1
"ZFP69",1,3,3,5,4,1,2,5,0,7
"AL603839.3",5,25,43,33,54,7,9,19,3,69
"EXO5",1,6,4,5,8,1,1,6,1,7
"ZNF684",11,32,28,41,47,13,12,22,2,59
"RIMS3",9,27,23,58,28,8,5,12,6,8
"AL031289.1",0,1,1,2,1,2,1,0,1,0
"NFYC-AS1",0,2,4,5,3,0,1,0,0,1
"NFYC",26,93,103,201,139,36,31,53,38,128
"KCNQ4",1,7,11,9,6,0,0,1,1,3
"CITED4",2,3,4,2,3,2,3,5,1,5
"AC119677.1",0,0,1,0,2,0,0,0,0,1
"CTPS1",2,7,15,46,23,3,5,9,3,16
"SLFNL1-AS1",0,18,9,15,14,3,3,0,1,21
"SLFNL1",2,11,12,31,16,9,0,12,1,12
"SCMH1",51,292,203,400,398,105,100,150,67,271
"AC093151.3",1,19,14,14,7,4,5,2,0,20
"FOXO6",1,1,2,2,2,3,2,1,1,1
"HIVEP3",42,199,188,354,296,70,59,99,43,165
"FOXJ3",41,281,165,302,281,70,106,116,46,235
"RIMKLA",0,11,24,27,23,3,2,6,3,6
"ZMYND12",4,9,10,4,11,2,1,4,3,13
"PPCS",10,21,12,17,23,6,8,14,3,14
"CCDC30",20,66,92,163,194,56,43,95,30,111
"PPIH",4,17,15,20,16,5,3,10,0,14
"AC098484.2",0,0,1,3,2,0,2,0,0,0
"YBX1",10,50,42,46,54,25,30,52,10,32
"P3H1",3,18,21,37,24,8,7,16,2,22
"AC098484.3",0,5,4,7,4,1,1,1,0,6
"TMEM269",0,1,1,1,3,1,0,2,0,0
"SVBP",0,11,8,7,8,12,7,12,5,5
"ERMAP",8,23,30,43,39,6,8,4,5,13
"AL512353.1",0,1,1,2,1,1,3,1,0,0
"ZNF691",5,12,14,14,11,4,10,13,8,8
"SLC2A1",8,33,31,70,33,16,17,37,8,23
"SLC2A1-AS1",4,18,15,23,18,5,6,11,3,25
"FAM183A",0,0,0,0,0,0,0,0,0,0
"EBNA1BP2",4,18,11,16,13,7,3,6,3,9
"CFAP57",1,7,8,10,6,4,2,5,0,4
"TMEM125",13,26,25,20,16,6,5,2,6,11
"TIE1",0,2,1,4,1,1,1,1,0,0
"MPL",0,0,3,0,1,0,1,0,0,0
"AL139289.2",0,4,2,2,8,1,1,1,1,3
"CDC20",1,0,0,4,0,1,1,0,0,0
"ELOVL1",17,45,67,85,67,47,29,41,35,20
"MED8",5,23,18,18,16,10,7,12,7,19
"AL139289.1",1,0,0,0,1,1,0,1,1,0
"SZT2",19,36,45,78,62,15,26,29,13,35
"SZT2-AS1",0,0,0,0,0,0,0,1,0,0
"HYI",4,9,12,36,20,17,8,13,10,8
"PTPRF",40,167,122,172,149,56,58,89,48,82
"AL451062.3",0,0,0,1,0,0,0,1,0,0
"KDM4A-AS1",2,15,15,12,14,4,5,9,1,24
"ST3GAL3",3,7,9,18,8,4,2,11,2,4
"AL451062.1",1,10,13,21,18,5,4,4,2,10
"ARTN",0,0,0,1,0,0,0,0,0,0
"AL357079.1",2,5,17,18,13,1,4,2,0,12
"IPO13",15,36,51,86,49,28,26,20,25,27
"DPH2",3,13,7,13,5,3,1,6,5,7
"ATP6V0B",67,149,191,342,149,66,34,96,38,66
"B4GALT2",6,22,26,60,34,7,4,17,7,13
"CCDC24",6,48,37,43,40,16,14,20,12,64
"SLC6A9",8,16,31,83,33,10,10,37,6,22
"AL139220.2",2,7,10,14,20,4,5,4,6,18
"KLF17",0,2,0,3,0,0,0,3,0,1
"DMAP1",8,26,28,54,25,21,9,19,13,19
"ERI3",50,223,194,273,259,53,55,82,27,165
"RNF220",229,611,626,1144,919,103,130,149,91,458
"TMEM53",8,34,35,29,44,7,9,15,9,25
"ARMH1",26,132,76,101,107,14,22,35,24,197
"KIF2C",1,7,5,2,2,4,1,1,2,2
"AL592166.1",0,2,5,3,3,0,1,2,0,7
"RPS8",81,169,184,101,230,80,67,91,32,84
"BEST4",0,1,2,1,1,1,1,1,0,1
"PLK3",2,7,6,9,13,2,5,8,2,6
"BTBD19",0,5,1,2,0,0,0,1,0,2
"PTCH2",12,30,71,91,105,40,37,59,20,78
"EIF2B3",20,90,77,110,117,18,25,33,12,97
"HECTD3",5,14,13,21,21,4,6,9,5,8
"UROD",11,45,32,51,45,12,17,28,5,22
"ZSWIM5",49,193,214,428,397,97,101,162,79,280
"LINC01144",0,1,0,3,1,0,1,0,0,2
"HPDL",0,3,1,1,1,1,0,1,0,1
"MUTYH",16,36,54,47,69,25,19,58,15,81
"TOE1",5,8,12,15,7,2,1,6,1,3
"TESK2",65,149,167,205,221,40,62,56,44,222
"CCDC163",2,10,8,22,1,4,3,2,1,19
"MMACHC",4,11,14,8,14,3,3,5,0,13
"PRDX1",47,324,230,210,294,256,129,304,68,166
"AKR1A1",11,23,33,28,25,7,11,13,7,30
"NASP",59,138,164,224,212,64,77,125,62,214
"CCDC17",0,1,1,10,1,0,1,1,0,0
"GPBP1L1",23,151,128,224,202,64,68,93,33,165
"TMEM69",4,13,24,22,36,12,16,28,10,26
"IPP",6,37,32,24,43,7,7,31,8,25
"MAST2",17,95,72,126,95,27,26,42,18,93
"PIK3R3",2,6,8,14,5,2,0,2,2,2
"AL358075.4",0,3,1,1,1,2,3,0,0,0
"AL358075.1",0,0,0,0,0,0,0,0,0,0
"AL358075.2",0,3,1,0,0,1,0,0,0,0
"TSPAN1",0,0,4,6,3,2,0,0,0,1
"POMGNT1",13,49,49,69,47,14,15,29,12,55
"LURAP1",2,12,8,22,26,2,3,8,3,12
"RAD54L",0,3,2,2,6,4,0,1,0,0
"LRRC41",9,65,47,89,73,25,23,32,14,43
"UQCRH",43,111,123,143,110,48,47,58,20,50
"NSUN4",8,26,22,22,25,5,5,8,4,23
"FAAH",12,28,35,64,26,12,17,11,9,15
"AL136373.1",0,0,0,1,0,0,0,0,0,0
"MKNK1-AS1",0,10,10,9,8,1,1,7,0,22
"KNCN",0,0,0,0,0,0,0,0,0,0
"MKNK1",23,81,92,124,111,35,42,46,30,97
"ATPAF1",12,87,55,95,95,43,34,49,38,78
"TEX38",0,0,0,0,0,0,0,0,0,0
"EFCAB14-AS1",0,6,6,3,4,1,1,2,0,9
"EFCAB14",8,72,62,102,99,35,39,72,38,69
"CYP4B1",2,6,2,4,2,5,2,1,1,6
"CYP4A11",0,0,0,0,0,0,0,0,0,0
"CYP4X1",2,8,8,11,6,0,3,1,0,4
"CYP4Z1",1,2,7,6,6,0,0,1,0,2
"CYP4A22-AS1",4,10,8,6,7,1,1,2,0,4
"CYP4A22",0,1,0,0,0,0,0,0,0,0
"LINC00853",2,4,5,0,0,0,0,1,0,3
"TAL1",0,0,0,1,3,0,0,0,0,0
"STIL",1,8,3,13,11,2,0,3,1,6
"CMPK1",7,29,39,52,45,15,15,22,8,31
"LINC01389",1,17,20,35,15,1,3,9,0,12
"FOXE3",0,0,0,0,0,0,0,0,0,0
"FOXD2",0,0,0,0,1,0,0,0,0,0
"TRABD2B",0,1,2,7,4,0,1,1,0,1
"AL356289.1",2,2,5,2,2,0,1,1,0,0
"AL109659.1",0,0,5,3,0,4,0,3,6,0
"SLC5A9",1,12,26,46,17,2,5,3,0,12
"AL109659.2",0,0,0,2,0,0,0,1,1,0
"SPATA6",84,310,194,269,326,94,143,179,72,324
"AGBL4",118,642,467,572,702,103,203,161,124,320
"AC099788.1",1,7,6,2,3,2,1,1,0,2
"AL590432.1",0,1,0,4,2,0,1,0,0,3
"ELAVL4",11,47,64,115,75,12,4,13,5,13
"AL592182.2",0,0,0,0,0,0,0,0,0,0
"AL592182.1",0,0,0,0,0,0,0,0,0,0
"AL596275.2",0,1,1,0,0,0,0,1,0,0
"DMRTA2",0,1,0,1,0,0,0,0,0,0
"FAF1",109,464,391,770,642,129,187,291,99,498
"AL049637.1",0,3,0,0,0,0,0,0,0,2
"CDKN2C",1,15,5,16,12,15,3,20,4,4
"C1orf185",0,0,2,5,2,1,0,0,0,3
"LINC01562",1,4,0,6,6,2,3,1,0,3
"RNF11",16,86,47,125,89,37,22,51,13,67
"AL162430.2",0,0,0,0,0,0,0,0,0,1
"TTC39A",3,2,5,13,4,0,0,4,1,5
"TTC39A-AS1",0,0,1,0,1,0,1,0,0,0
"EPS15",85,371,266,517,526,158,189,263,121,466
"AC104170.2",0,2,0,3,0,0,1,0,1,0
"AC104170.1",6,7,9,4,10,2,4,8,2,20
"OSBPL9",51,243,166,265,270,54,97,107,53,221
"NRDC",53,237,205,291,259,68,92,149,39,262
"AL050343.1",0,0,0,1,1,0,0,0,0,0
"AL050343.2",0,0,2,1,0,0,0,1,0,1
"RAB3B",0,8,6,11,9,0,2,0,2,1
"TXNDC12",7,55,32,34,49,17,13,22,11,37
"AL445685.1",0,1,2,5,1,1,4,0,0,2
"BTF3L4",13,53,44,45,64,11,13,28,9,46
"ZFYVE9",24,162,129,207,190,57,37,85,20,153
"CC2D1B",2,8,16,22,27,6,2,15,5,20
"AL513218.1",0,0,1,1,0,1,0,0,0,0
"ORC1",0,2,1,3,6,0,1,2,0,2
"PRPF38A",6,35,25,28,38,10,15,15,2,24
"TUT4",84,400,261,468,528,146,165,259,94,428
"GPX7",4,5,8,3,8,2,3,10,6,7
"SHISAL2A",1,2,3,2,7,1,0,3,1,5
"COA7",4,9,10,8,11,0,3,4,2,3
"ZYG11B",21,89,92,168,149,33,25,65,23,75
"ZYG11A",0,2,8,2,4,3,1,8,1,11
"ECHDC2",94,327,291,382,466,126,218,196,82,554
"SCP2",18,117,115,126,158,54,54,70,35,134
"PODN",0,1,0,9,0,1,3,1,1,2
"SLC1A7",0,0,0,0,0,0,0,1,0,0
"CPT2",1,17,7,7,22,6,6,8,2,13
"AL606760.2",1,8,8,10,7,2,0,7,0,12
"C1orf123",10,42,49,53,60,39,24,40,6,35
"AL606760.3",0,0,0,1,0,1,0,0,0,2
"MAGOH",4,30,29,23,38,19,23,36,17,37
"AL606760.1",0,1,2,3,0,0,2,1,0,2
"LRP8",13,31,66,82,50,14,7,32,14,44
"LINC01771",1,4,5,4,5,0,1,1,0,3
"AC119428.2",0,0,2,0,0,0,0,0,0,0
"GLIS1",2,8,23,20,16,0,3,4,2,7
"NDC1",3,26,24,39,36,6,8,11,5,25
"YIPF1",3,46,34,50,46,6,10,24,3,30
"DIO1",0,3,4,6,5,0,0,0,1,5
"HSPB11",10,43,40,79,58,26,12,35,13,49
"LRRC42",1,10,5,14,17,12,3,10,2,15
"LDLRAD1",0,0,0,1,0,0,0,0,0,1
"TMEM59",29,227,190,155,222,141,75,119,35,176
"TCEANC2",6,16,28,32,38,7,3,24,9,24
"AL357673.1",0,0,1,2,1,0,0,2,0,1
"MRPL37",2,17,15,18,9,7,7,8,2,6
"SSBP3",23,115,137,289,190,51,57,82,29,112
"SSBP3-AS1",0,0,1,1,0,1,0,0,0,0
"AL035415.1",0,0,0,0,0,0,0,0,0,0
"ACOT11",92,321,262,551,323,89,113,168,69,625
"FAM151A",5,21,31,40,29,2,10,22,3,136
"MROH7-TTC4",23,84,80,184,52,28,25,29,21,82
"TTC4",3,0,3,9,8,6,1,8,2,3
"PARS2",1,4,2,2,2,0,1,0,1,2
"TTC22",0,1,3,1,0,2,1,1,0,1
"LEXM",0,1,1,0,0,0,0,0,0,0
"DHCR24",15,46,48,192,41,12,8,6,14,12
"AC096536.1",0,0,0,0,0,0,0,0,0,0
"TMEM61",0,0,1,0,1,0,0,0,0,0
"AL590440.1",0,0,0,0,0,0,0,0,0,0
"BSND",0,0,0,0,0,0,0,0,0,0
"PCSK9",0,0,0,0,1,0,0,0,0,0
"USP24",35,211,168,348,294,68,72,117,24,180
"MIR4422HG",0,1,3,1,1,0,1,1,1,0
"AL603840.1",1,7,6,6,6,4,4,11,0,12
"LINC01753",0,0,0,0,0,0,0,0,0,1
"AC119674.1",0,3,2,6,8,0,3,1,0,7
"AC119674.2",4,11,18,26,25,5,7,16,7,29
"PLPP3",59,316,205,329,377,96,102,140,88,348
"PRKAA2",13,85,59,89,76,16,22,47,16,53
"FYB2",0,0,0,3,4,2,0,0,0,0
"C8A",0,0,0,0,0,0,0,0,0,0
"C8B",0,0,0,0,0,0,0,0,0,0
"AL161740.1",0,0,0,1,0,0,0,0,0,0
"DAB1",50,151,286,699,384,52,59,88,24,201
"DAB1-AS1",0,0,0,0,0,0,0,0,0,0
"AL445193.2",0,0,0,0,0,0,0,0,0,0
"TACSTD2",0,0,0,0,0,0,0,0,0,0
"MYSM1",12,90,62,119,81,29,28,53,20,84
"AL136985.3",0,2,2,3,2,1,0,2,0,2
"JUN",16,152,81,76,86,29,20,45,13,57
"LINC01135",13,38,51,80,63,11,14,29,15,56
"AL136985.1",0,1,1,0,1,2,0,0,0,2
"AC105277.1",0,2,4,11,1,1,0,1,3,4
"LINC01358",3,23,15,19,30,3,3,5,3,17
"AL592431.1",0,2,0,0,0,0,0,0,0,0
"AC093424.1",0,1,0,1,0,0,0,0,0,0
"FGGY",48,188,111,165,213,47,79,65,33,200
"AL035416.1",0,4,3,1,2,0,0,0,0,4
"HOOK1",4,13,17,33,23,3,1,7,0,3
"CYP2J2",18,59,58,83,78,29,38,52,16,65
"C1orf87",1,6,11,13,13,6,12,1,3,16
"AC097066.1",0,1,0,0,0,0,2,0,0,0
"LINC01748",53,257,231,370,473,94,155,150,95,459
"AC099792.1",64,243,153,240,325,61,145,145,60,355
"NFIA",371,3134,1361,3177,2811,766,1293,1317,512,2092
"NFIA-AS2",4,7,4,8,6,1,1,6,2,8
"AC099791.3",1,3,3,1,1,0,0,0,0,5
"TM2D1",23,116,99,156,136,46,35,77,27,138
"AC099791.2",3,9,12,13,5,6,3,8,1,10
"PATJ",24,141,145,198,210,51,38,93,37,144
"L1TD1",1,5,0,0,2,0,0,2,1,1
"KANK4",4,5,9,6,2,1,0,3,0,6
"USP1",4,30,23,41,41,10,10,21,7,20
"DOCK7",86,532,427,1203,855,333,376,478,142,750
"AC103923.1",9,60,36,119,96,30,33,24,18,52
"ATG4C",49,148,129,401,265,65,77,68,43,134
"AC099794.1",0,0,0,0,0,0,0,0,0,0
"LINC01739",0,2,3,4,8,5,2,8,1,7
"AC096543.1",0,0,0,1,0,0,0,1,0,1
"FOXD3-AS1",0,0,1,0,0,0,0,0,0,0
"ALG6",3,25,25,17,21,14,12,14,1,25
"ITGB3BP",27,94,62,70,88,28,50,79,20,142
"EFCAB7",12,56,38,74,104,39,37,55,19,73
"PGM1",20,147,119,149,134,33,49,63,23,123
"ROR1",23,168,94,126,181,37,56,104,39,155
"ROR1-AS1",3,7,3,7,3,1,0,8,0,9
"UBE2U",0,2,1,2,3,0,0,2,0,1
"CACHD1",103,740,383,786,662,138,238,286,85,403
"RAVER2",31,93,89,180,181,45,70,75,27,167
"JAK1",16,183,150,221,193,56,86,83,57,153
"AL357078.3",1,3,3,1,3,0,2,2,1,1
"AL357078.1",0,0,1,0,0,0,0,1,0,0
"AK4",19,72,57,228,151,33,31,52,22,118
"DNAJC6",89,261,284,471,282,56,100,79,51,239
"AL139294.1",17,30,55,36,56,4,4,7,3,47
"LEPR",25,27,54,73,76,32,31,63,35,149
"PDE4B",380,1396,966,2025,1827,342,470,737,300,1095
"AL590783.1",0,0,1,1,0,0,0,0,0,0
"SGIP1",114,682,527,1003,902,204,258,485,168,744
"AL139147.1",4,6,69,43,24,10,15,20,2,99
"TCTEX1D1",0,9,3,3,2,1,0,2,3,2
"INSL5",0,0,0,1,0,0,0,0,0,0
"WDR78",9,44,42,81,98,30,45,66,23,69
"MIER1",8,132,76,141,127,36,53,58,22,110
"SLC35D1",12,60,51,84,104,26,35,63,20,62
"C1orf141",2,6,3,5,5,0,2,5,1,5
"IL23R",0,0,1,0,0,0,0,2,0,2
"IL12RB2",3,14,17,27,16,1,2,6,3,7
"SERBP1",14,81,60,114,86,23,16,52,13,37
"GADD45A",2,32,9,14,10,9,16,10,6,10
"GNG12",14,65,64,98,90,34,35,56,22,81
"GNG12-AS1",26,375,200,225,182,33,50,61,21,179
"DIRAS3",1,7,1,12,11,1,6,7,1,7
"WLS",69,671,348,689,623,319,241,318,155,310
"RPE65",0,6,1,1,2,0,0,0,0,2
"DEPDC1",0,0,0,0,2,0,0,0,0,0
"AL138789.1",0,0,0,0,0,0,0,0,0,0
"DEPDC1-AS1",0,0,3,0,0,0,0,0,0,1
"AL033530.1",0,4,3,4,6,12,1,11,0,6
"AL691520.1",0,0,0,1,1,1,0,1,0,1
"LINC01707",0,0,2,2,2,1,0,2,0,2
"LRRC7",78,553,479,641,616,69,77,100,43,196
"AL158840.1",7,68,11,3,37,5,24,13,5,18
"LRRC40",6,32,30,52,40,10,23,29,8,47
"SRSF11",57,352,302,693,445,114,146,201,103,231
"AL353771.1",0,0,0,0,2,0,0,0,0,0
"ANKRD13C",22,128,100,154,148,38,40,55,26,136
"HHLA3",3,22,21,26,27,11,6,12,3,22
"CTH",1,23,7,14,28,12,19,10,9,25
"AL354872.2",1,1,2,1,1,0,1,4,1,3
"LINC01788",0,2,1,1,1,0,1,0,0,0
"PTGER3",0,2,2,3,3,0,0,2,0,5
"ZRANB2-AS1",0,4,2,7,3,0,1,0,0,0
"ZRANB2",37,222,182,327,284,104,100,163,52,270
"NEGR1",83,500,662,1077,1137,139,150,168,82,282
"AL354949.1",0,1,2,5,1,1,1,2,0,3
"AL583808.1",1,3,3,7,6,3,0,5,2,0
"AL583808.2",1,4,9,2,7,0,1,1,0,2
"LINC01360",0,0,0,0,0,0,0,0,0,0
"LINC02238",0,0,0,0,1,0,0,0,0,0
"LRRIQ3",3,1,5,3,3,3,2,5,2,5
"FPGT-TNNI3K",0,0,0,0,0,0,0,0,0,0
"TNNI3K",0,0,2,4,3,2,1,1,1,0
"AC093158.1",0,1,0,0,1,0,0,1,1,1
"LRRC53",1,0,4,3,1,1,1,0,0,2
"ERICH3",6,17,24,30,31,6,1,1,0,9
"ERICH3-AS1",0,2,4,2,0,0,0,0,0,2
"AC135803.1",0,0,2,3,2,1,1,3,1,2
"CRYZ",3,7,13,10,24,12,14,20,5,16
"TYW3",8,35,19,46,47,22,13,31,9,51
"SLC44A5",20,51,72,102,98,20,21,16,11,39
"AL357314.1",0,0,1,1,1,0,1,0,1,2
"ACADM",14,77,53,90,103,28,32,35,22,82
"RABGGTB",5,22,18,23,21,12,14,10,11,15
"MSH4",2,8,16,25,30,8,8,14,1,13
"ASB17",0,1,0,3,4,0,1,0,1,1
"AC092813.1",0,1,1,2,2,1,1,3,0,4
"AC092813.2",0,0,1,2,1,0,1,1,0,0
"ST6GALNAC3",78,180,175,319,292,66,125,108,73,168
"AC104458.1",0,0,1,0,1,0,0,0,0,0
"LINC02567",1,2,0,2,4,0,0,0,0,2
"ST6GALNAC5",42,112,217,280,391,65,45,66,32,81
"AL035409.1",0,5,5,2,6,1,2,4,1,2
"PIGK",10,55,47,93,85,30,18,50,17,39
"AK5",78,117,217,311,335,36,44,33,25,84
"AC095030.1",1,1,1,0,0,0,0,0,1,0
"AC118549.1",38,201,164,331,292,59,83,89,38,180
"USP33",36,208,191,286,238,61,74,95,45,161
"MIGA1",21,124,95,171,163,38,45,55,28,89
"NEXN-AS1",1,2,3,8,4,0,1,0,1,3
"NEXN",2,10,20,29,23,5,6,8,5,19
"FUBP1",17,126,90,148,163,43,64,81,24,127
"DNAJB4",0,1,0,1,0,0,0,1,0,0
"GIPC2",6,37,31,86,65,18,13,22,15,39
"AC103591.3",1,12,4,1,9,6,1,2,0,3
"PTGFR",0,1,1,3,4,0,1,3,1,2
"IFI44L",2,9,4,4,11,1,2,3,0,15
"IFI44",3,13,5,12,16,9,7,12,4,15
"ADGRL4",0,2,0,1,1,0,1,2,2,3
"AC099671.1",0,0,1,0,0,0,1,0,1,0
"AL136234.1",1,0,0,1,0,0,1,0,0,0
"LINC01781",1,0,0,0,1,0,0,0,0,0
"ADGRL2",19,114,211,262,213,34,14,29,9,62
"AL138799.4",1,5,4,4,2,1,1,1,0,7
"AC117944.1",1,4,6,2,3,1,0,1,0,3
"AC093580.1",0,0,0,0,0,0,0,1,0,0
"LINC01362",2,5,13,2,7,4,4,1,0,4
"LINC01361",0,4,1,1,1,0,0,0,0,1
"LINC01725",12,35,33,45,73,6,9,5,8,33
"AL035706.1",0,0,0,0,0,1,0,0,0,0
"TTLL7",141,344,499,637,682,213,194,165,125,213
"AC104454.2",0,0,0,0,2,0,0,0,0,1
"AL359504.2",12,20,58,26,21,8,17,7,3,42
"PRKACB",97,399,361,592,573,151,165,240,97,342
"SAMD13",3,13,16,7,17,3,4,6,4,12
"DNASE2B",0,0,0,0,1,0,0,0,0,0
"RPF1",8,54,45,55,54,19,24,42,9,25
"GNG5",4,45,31,25,50,33,24,35,19,24
"SPATA1",7,60,31,45,63,10,27,30,10,69
"CTBS",2,50,14,22,30,17,19,14,14,31
"LINC01555",0,0,0,0,0,0,0,0,0,0
"SSX2IP",9,100,69,212,142,39,38,38,10,66
"LPAR3",4,25,17,9,11,8,18,17,5,21
"MCOLN2",0,6,2,5,8,2,2,1,0,6
"WDR63",6,15,3,11,15,8,5,10,1,5
"MCOLN3",0,0,0,2,0,0,0,0,0,0
"SYDE2",2,14,12,16,24,5,8,11,2,10
"C1orf52",25,108,86,88,90,45,40,90,25,88
"BCL10",0,10,8,4,11,5,4,3,5,10
"AL078459.1",18,113,75,124,122,23,41,33,7,112
"DDAH1",69,529,393,857,843,212,227,335,132,570
"AL360219.1",0,1,1,2,0,0,0,0,0,0
"AC092807.2",0,1,0,2,1,0,0,0,0,0
"CYR61",5,51,22,38,37,11,11,23,6,23
"ZNHIT6",12,56,49,132,111,12,21,72,15,60
"COL24A1",5,19,32,17,29,3,6,8,2,7
"AL136382.1",0,4,6,4,3,0,0,0,1,1
"ODF2L",16,46,55,110,119,37,43,64,16,61
"CLCA2",0,0,1,1,0,1,0,0,0,0
"CLCA1",0,0,2,2,2,0,0,1,1,0
"CLCA4",1,5,2,7,15,5,3,0,2,11
"AL356270.1",4,42,33,26,50,19,7,23,5,52
"AL049597.2",0,0,0,1,1,0,0,1,0,1
"SH3GLB1",10,109,70,131,134,39,37,52,27,99
"AL355981.1",0,0,0,0,0,0,0,0,0,0
"SELENOF",21,86,72,116,119,48,43,65,20,91
"HS2ST1",27,170,158,359,252,47,56,89,19,228
"AL121989.1",3,0,1,4,2,0,0,1,0,2
"AC093155.3",0,0,1,6,2,0,1,1,2,0
"AC099062.1",0,0,0,1,1,1,0,0,0,0
"LMO4",37,191,182,218,188,48,49,70,27,67
"LINC01364",0,1,0,2,2,0,0,1,0,0
"PKN2-AS1",23,75,68,79,59,19,21,33,14,72
"PKN2",47,250,234,322,390,140,142,224,69,352
"GTF2B",7,39,25,39,55,17,16,16,5,29
"KYAT3",17,98,39,67,69,11,22,27,13,53
"GBP3",0,7,6,2,1,1,1,2,0,2
"GBP1",1,7,4,1,7,5,4,2,2,6
"GBP2",1,6,3,6,10,1,0,2,1,1
"GBP7",0,1,2,0,3,0,0,1,0,2
"GBP4",0,2,2,6,2,0,0,3,0,2
"AC099063.4",0,0,0,1,0,0,0,0,0,1
"GBP5",0,0,1,0,0,0,0,0,0,0
"AC099063.1",0,0,0,0,0,1,0,2,1,0
"GBP6",0,0,0,0,0,1,0,0,1,0
"LRRC8B",20,99,95,100,75,15,13,25,10,61
"LRRC8C-DT",10,18,23,25,30,7,9,11,3,35
"AC093423.3",0,5,10,2,3,0,1,0,1,4
"AC099568.2",0,1,0,0,0,0,0,0,0,0
"LRRC8D",0,14,13,45,13,3,8,8,2,12
"AL391497.1",0,0,0,0,0,1,1,1,0,0
"ZNF326",21,88,76,97,113,38,43,56,18,94
"LINC01763",1,0,1,0,1,0,0,0,0,0
"ZNF644",54,325,178,424,338,81,103,158,64,229
"HFM1",8,77,27,57,71,17,28,33,20,62
"CDC7",1,40,14,35,25,3,11,10,3,8
"TGFBR3",29,207,129,333,250,74,121,182,72,234
"BRDT",1,2,5,7,7,7,3,6,6,13
"EPHX4",3,14,21,20,15,2,3,9,3,3
"SETSIP",0,0,0,1,1,0,0,0,0,1
"BTBD8",42,146,150,153,220,81,88,101,51,118
"AC104836.1",2,3,3,11,8,5,5,5,1,3
"C1orf146",0,2,5,3,2,2,0,2,1,6
"GLMN",9,82,95,95,90,24,25,35,12,75
"RPAP2",23,183,163,213,275,57,45,113,31,165
"GFI1",0,1,0,0,0,0,0,0,0,0
"EVI5",30,188,168,303,318,69,82,141,49,146
"RPL5",33,100,93,123,125,43,31,74,28,61
"FAM69A",53,181,138,286,242,60,63,91,44,147
"MTF2",32,172,101,154,120,24,40,47,21,96
"TMED5",8,32,46,50,68,30,23,64,20,59
"CCDC18",6,26,35,55,53,12,14,23,9,67
"DR1",2,25,12,26,26,11,12,12,4,19
"FNBP1L",13,66,75,155,128,54,40,63,29,100
"BCAR3",41,210,107,153,203,54,77,180,52,191
"AL109613.1",0,3,0,1,1,1,0,0,0,1
"DNTTIP2",7,24,13,19,27,14,3,12,1,6
"GCLM",6,54,21,33,37,27,29,149,10,44
"ABCA4",0,3,6,16,9,1,1,3,0,6
"ARHGAP29",9,110,94,156,106,34,45,93,25,122
"AC097059.1",0,1,2,1,1,2,0,1,0,1
"ABCD3",26,123,89,205,140,52,42,77,34,104
"F3",53,502,211,395,323,117,164,237,42,385
"AC093117.1",0,0,0,1,0,0,0,1,0,0
"SLC44A3",9,226,48,100,99,27,31,50,17,52
"CNN3",15,403,91,262,199,134,144,196,59,172
"AC105942.1",4,52,31,63,31,4,17,11,7,23
"ALG14",14,107,63,139,86,17,23,32,12,63
"AC095033.1",0,0,0,1,0,1,0,0,1,0
"TMEM56-RWDD3",1,20,19,24,18,7,3,7,4,31
"AC092802.1",14,57,39,40,41,15,28,23,6,84
"AC092802.2",0,7,4,5,3,3,5,3,0,13
"AL445218.1",0,0,0,0,3,0,0,0,0,0
"AL356479.1",0,2,7,5,3,0,3,2,1,2
"AC099566.1",0,0,0,0,0,0,0,0,0,0
"LINC01787",1,1,2,2,0,0,0,0,0,0
"PTBP2",80,353,281,596,487,136,198,248,101,413
"DPYD",106,389,304,476,440,82,129,67,69,222
"DPYD-AS1",3,32,29,30,23,6,3,3,0,15
"MIR137HG",4,29,43,102,102,6,7,5,7,18
"LINC01776",0,1,0,3,2,0,1,0,1,0
"SNX7",6,21,31,56,63,21,20,35,14,50
"PLPPR5",7,13,31,41,21,4,4,5,1,3
"AL445433.2",5,17,16,23,22,3,3,6,1,6
"PLPPR4",9,24,33,29,26,3,8,8,2,5
"LINC01708",0,0,1,3,2,2,0,0,0,1
"PALMD",0,3,1,4,2,0,0,2,2,3
"FRRS1",0,1,1,1,3,0,0,1,0,3
"AGL",25,85,87,168,179,58,50,98,43,110
"AC118553.1",1,3,0,1,1,0,3,1,0,1
"AC118553.2",0,3,0,2,2,0,0,1,0,0
"MFSD14A",4,3,5,3,11,8,4,5,2,4
"AC093019.2",2,14,28,15,16,3,1,10,1,16
"SASS6",5,15,22,21,28,5,9,14,5,22
"TRMT13",23,64,68,134,136,48,49,102,35,86
"LRRC39",3,30,37,27,26,3,4,7,1,29
"DBT",5,95,54,71,96,28,23,44,18,80
"RTCA-AS1",0,0,1,2,3,0,3,1,2,3
"RTCA",8,28,26,26,40,15,22,20,8,30
"CDC14A",36,210,163,225,347,118,156,198,84,382
"AL589990.1",1,1,1,2,2,0,0,0,0,3
"GPR88",0,3,3,4,4,0,0,0,0,0
"LINC01349",0,0,2,0,1,0,0,0,1,0
"VCAM1",0,0,1,2,5,0,0,1,1,4
"EXTL2",23,52,87,85,79,18,27,40,14,55
"AC104506.1",0,4,2,5,2,1,1,0,0,2
"SLC30A7",9,82,49,110,99,35,42,48,10,70
"DPH5",9,43,31,47,46,16,8,24,12,42
"AC093157.1",6,27,21,59,70,24,19,37,14,54
"AL109741.1",0,0,5,3,3,2,2,0,0,4
"S1PR1",14,48,40,51,99,70,36,82,32,81
"LINC01307",0,0,0,0,0,0,1,0,0,1
"LINC01709",0,0,2,1,1,0,0,1,1,1
"OLFM3",19,69,108,171,194,15,6,11,3,51
"AC114485.1",1,1,1,2,2,1,0,0,0,4
"AC099567.1",1,0,2,0,1,0,0,0,0,0
"COL11A1",10,109,81,244,136,48,49,57,21,89
"AC095032.2",0,1,0,4,1,1,1,2,1,1
"RNPC3",84,286,300,506,372,125,129,219,74,326
"AMY2B",16,86,63,131,90,35,34,29,6,99
"AMY2A",0,0,1,2,2,0,0,0,0,0
"AMY1A",0,0,0,0,0,0,0,0,0,0
"LINC01676",1,0,0,1,4,0,0,0,0,0
"LINC01677",0,0,0,1,0,0,0,0,0,1
"AL355306.2",1,1,3,1,1,0,4,0,2,6
"PRMT6",1,2,3,4,3,1,0,2,2,3
"NTNG1",9,44,65,75,82,10,8,25,1,41
"VAV3",58,259,253,978,684,93,117,352,81,580
"VAV3-AS1",0,5,13,24,16,1,2,4,1,14
"AL390036.1",3,3,6,30,13,2,2,3,1,11
"SLC25A24",5,14,23,30,50,9,6,12,7,37
"AL359258.2",1,0,1,1,0,0,0,0,0,0
"FAM102B",1,13,20,25,31,10,4,10,5,7
"HENMT1",1,1,4,5,1,0,1,0,0,2
"PRPF38B",26,121,90,201,185,44,60,79,26,98
"FNDC7",0,3,3,3,8,2,4,4,1,5
"STXBP3",26,111,80,127,141,67,65,70,24,110
"AKNAD1",3,10,10,5,6,5,2,0,1,11
"AL449266.1",12,72,81,122,124,38,30,63,16,101
"SPATA42",0,1,0,0,0,0,0,1,0,0
"GPSM2",16,137,131,170,208,40,44,80,23,154
"WDR47",6,52,46,83,100,24,25,30,14,60
"TAF13",5,18,19,40,28,10,6,11,4,24
"AL356488.3",1,13,6,5,12,6,7,5,1,16
"TMEM167B",6,24,26,29,33,15,11,27,10,28
"AL356488.2",0,1,0,3,4,1,1,0,0,3
"C1orf194",1,2,5,3,3,6,2,7,2,4
"KIAA1324",7,19,27,47,31,6,4,2,1,9
"SARS",14,78,59,94,50,16,13,53,5,38
"CELSR2",11,35,42,59,48,20,5,13,11,20
"PSRC1",7,47,35,46,43,10,18,26,5,46
"MYBPHL",0,1,2,2,1,2,1,1,0,1
"SORT1",49,197,199,417,324,65,88,102,51,240
"PSMA5",5,24,24,30,22,8,9,14,6,21
"SYPL2",1,11,16,27,25,5,6,8,1,14
"ATXN7L2",3,9,6,23,7,14,7,8,8,9
"CYB561D1",5,6,28,39,34,7,4,21,6,29
"AMIGO1",2,16,12,37,13,4,3,9,4,8
"GPR61",2,3,1,0,0,0,0,0,0,0
"AL355310.3",0,1,0,1,0,0,0,0,0,0
"GNAI3",9,61,40,108,92,32,35,41,11,54
"GNAT2",0,0,0,0,0,1,0,0,0,0
"AMPD2",16,22,46,132,56,20,19,36,11,18
"AL355310.2",0,1,0,1,1,0,0,1,0,0
"GSTM4",5,27,26,29,35,28,8,31,8,42
"GSTM2",1,6,5,9,40,21,2,23,11,13
"AC000032.1",0,0,0,1,0,1,0,1,0,0
"GSTM5",24,19,5,21,17,33,47,42,18,37
"GSTM3",20,73,49,61,85,70,32,59,34,74
"LINC01768",1,2,2,3,4,0,1,0,1,3
"CSF1",8,32,43,77,41,58,21,83,17,40
"AHCYL1",142,2016,591,1001,1013,435,497,708,271,621
"STRIP1",4,36,31,78,34,21,21,31,6,35
"ALX3",1,0,0,0,0,0,0,0,0,0
"LINC01397",0,0,1,1,0,0,1,0,0,0
"SLC6A17",11,42,58,67,36,4,4,7,6,1
"AL355990.1",0,0,0,0,0,0,0,0,0,0
"KCNC4",6,23,19,38,38,7,4,23,7,23
"RBM15-AS1",5,7,15,19,25,7,9,7,3,12
"RBM15",2,12,13,37,20,6,10,20,2,11
"SLC16A4",2,7,22,23,14,7,4,13,0,27
"AL355488.1",3,2,12,22,8,12,7,12,6,13
"LAMTOR5",20,83,62,53,74,43,31,50,18,43
"PROK1",0,0,0,1,0,0,0,0,0,0
"KCNA2",13,41,54,99,70,20,13,47,18,36
"AL365361.1",1,8,5,15,6,3,2,1,0,0
"KCNA3",0,0,0,1,0,0,0,0,0,0
"CD53",3,3,9,8,15,0,0,0,2,4
"AL360270.1",0,1,2,0,2,0,0,0,0,0
"LRIF1",8,41,26,31,47,23,14,21,12,37
"AL360270.3",0,0,0,2,0,0,0,2,0,0
"DRAM2",5,37,37,43,55,15,25,43,20,41
"CEPT1",5,65,37,85,87,23,49,47,16,63
"AL355816.2",1,3,1,1,0,3,6,14,3,8
"DENND2D",0,0,0,0,3,0,0,0,0,0
"CHI3L2",1,2,0,2,3,0,0,2,2,1
"CHIA",0,0,0,0,0,1,0,0,0,0
"PIFO",3,6,6,5,6,4,5,13,1,8
"OVGP1",1,4,15,4,4,2,3,1,0,3
"WDR77",7,15,10,16,4,2,6,7,6,8
"ATP5PB",11,89,57,59,55,21,17,31,13,50
"C1orf162",2,4,13,18,12,2,1,8,3,5
"TMIGD3",0,64,24,6,7,1,1,4,2,6
"RAP1A",20,149,89,214,212,76,36,94,37,105
"LINC01160",0,0,0,2,0,0,0,0,0,0
"INKA2",5,31,11,20,16,3,3,1,0,22
"AL049557.1",0,1,1,1,2,0,2,0,0,1
"DDX20",3,11,18,15,13,5,11,7,1,12
"KCND3",18,186,96,195,187,44,83,88,38,139
"LINC01750",0,6,3,15,8,2,3,6,0,3
"AL445426.1",8,66,33,106,116,34,66,23,31,140
"CTTNBP2NL",6,62,37,59,55,11,13,32,9,31
"WNT2B",5,19,20,35,40,7,7,14,1,16
"AL354760.1",0,0,1,6,4,1,0,4,1,0
"ST7L",16,79,81,106,120,36,36,63,25,93
"CAPZA1",29,257,131,166,179,74,85,116,32,228
"MOV10",12,48,53,73,48,17,21,41,13,42
"AL603832.1",4,10,9,13,8,2,6,13,0,9
"RHOC",2,43,42,39,38,50,33,46,20,28
"FAM19A3",0,1,1,0,0,0,0,3,0,0
"LINC01356",1,4,0,2,1,0,2,0,0,1
"AL390729.1",1,3,9,13,4,2,1,1,0,3
"SLC16A1",5,15,17,32,22,10,16,13,5,14
"SLC16A1-AS1",35,115,140,241,228,27,34,50,27,140
"AL357055.3",12,13,63,46,52,11,7,12,6,45
"LRIG2",15,72,61,105,87,28,29,44,21,54
"MAGI3",41,270,181,290,325,116,124,165,55,258
"PHTF1",13,61,56,127,90,26,37,50,13,43
"RSBN1",9,63,56,117,106,24,34,36,14,62
"AL137856.1",0,1,0,0,0,0,0,0,0,0
"PTPN22",1,6,14,7,8,2,1,1,1,5
"AP4B1-AS1",4,6,13,17,14,0,4,4,1,9
"BCL2L15",0,1,1,4,6,1,0,1,0,2
"AP4B1",3,9,10,22,22,7,7,7,2,8
"DCLRE1B",0,2,1,7,4,2,0,3,4,3
"HIPK1-AS1",1,12,4,4,8,2,2,11,1,19
"HIPK1",13,70,36,76,64,24,24,31,11,30
"OLFML3",0,2,2,4,2,1,1,1,1,2
"SYT6",0,4,2,4,2,0,1,1,1,0
"AL121999.1",0,0,0,0,0,0,0,0,0,0
"TRIM33",42,192,133,264,252,60,68,84,41,176
"BCAS2",14,43,35,30,64,17,22,27,8,24
"DENND2C",0,13,8,12,12,1,9,15,1,12
"AMPD1",1,0,6,15,4,4,0,1,2,1
"NRAS",1,3,9,19,11,7,10,11,4,11
"CSDE1",26,126,103,216,174,58,56,86,32,95
"SIKE1",3,37,24,42,48,19,12,36,5,44
"SYCP1",0,1,2,1,4,0,0,0,0,1
"TSPAN2",0,0,0,0,0,0,0,0,0,0
"LINC01765",0,0,0,0,0,0,0,0,0,0
"AL512638.2",0,0,0,0,1,0,0,1,0,1
"NGF",1,0,2,0,3,2,2,1,1,0
"VANGL1",2,4,3,6,15,2,0,5,2,3
"CASQ2",0,1,1,0,1,0,0,1,0,1
"NHLH2",3,1,1,2,3,1,1,0,0,4
"LINC01649",0,0,0,1,1,1,0,1,0,0
"SLC22A15",33,141,112,192,174,38,62,81,40,98
"AL365318.1",1,0,6,1,1,1,0,0,0,6
"MAB21L3",0,1,0,1,1,0,0,0,0,0
"ATP1A1",41,131,125,190,106,17,24,29,11,48
"LINC01762",0,0,0,5,4,3,3,3,0,1
"AL390066.1",0,1,0,3,0,0,0,0,0,1
"CD58",2,22,18,32,43,24,9,38,7,25
"IGSF3",3,4,5,15,6,0,1,2,0,2
"C1orf137",0,1,0,1,0,0,1,0,0,0
"CD2",0,1,0,0,0,0,0,0,0,0
"AL157904.1",0,0,2,0,1,0,0,1,0,0
"PTGFRN",4,26,13,38,34,9,7,17,3,28
"CD101",2,0,2,5,3,1,0,1,0,2
"AL445231.1",0,0,2,2,1,0,0,0,0,0
"TTF2",4,16,26,35,33,8,16,17,4,28
"TRIM45",6,1,4,9,11,6,1,7,2,6
"VTCN1",0,0,1,2,3,0,1,1,0,2
"LINC01525",0,0,0,1,0,0,0,1,0,0
"AL358072.1",1,1,1,3,6,0,0,3,2,9
"MAN1A2",32,159,147,290,263,50,65,104,48,133
"TENT5C",0,0,0,0,0,0,0,2,0,1
"GDAP2",8,62,27,76,68,15,17,27,12,52
"WDR3",1,23,14,22,18,7,4,9,6,13
"SPAG17",0,0,4,5,3,1,0,3,0,0
"TBX15",0,0,2,2,1,0,0,0,0,0
"WARS2",9,58,33,40,57,7,18,20,9,49
"WARS2-IT1",0,3,0,0,0,0,0,0,0,1
"AL359915.2",12,48,82,128,170,58,49,109,34,94
"AL359915.1",0,1,2,5,3,0,1,2,0,2
"LINC01780",1,2,2,0,1,0,0,0,0,3
"HAO2",0,0,0,0,0,0,0,1,1,1
"HSD3B1",0,0,0,0,0,0,0,0,0,0
"ZNF697",1,6,4,10,1,2,2,0,0,1
"PHGDH",31,119,84,94,98,78,33,120,29,85
"HMGCS2",0,0,0,0,0,0,0,1,0,0
"NOTCH2",51,275,243,403,496,156,166,215,87,466
"AC245008.1",0,0,0,0,0,1,2,0,0,1
"SEC22B",7,47,36,64,66,21,25,33,13,64
"NBPF26",12,4,27,10,237,5,48,48,23,248
"LINC00623",17,155,111,103,246,43,76,80,27,180
"FCGR1B",0,0,1,5,0,0,0,1,0,1
"AC244453.3",3,6,5,6,26,8,12,17,7,16
"AC244453.1",1,3,1,3,5,3,1,1,2,4
"FAM72B",0,0,0,0,0,2,0,0,0,0
"SRGAP2C",8,24,20,39,37,14,6,14,5,24
"SRGAP2-AS1",1,6,4,1,4,2,1,2,1,2
"AC244021.1",0,19,15,60,54,21,4,19,14,11
"AL592494.1",0,0,0,0,0,0,0,0,0,0
"AL592494.3",0,2,0,0,0,0,0,0,0,0
"AC239800.2",0,0,0,0,0,0,0,2,0,2
"AC239800.3",0,1,2,6,3,0,0,1,0,0
"AC239798.2",0,0,0,1,0,0,1,0,0,1
"AC246680.1",0,3,1,1,0,3,0,1,2,0
"FAM72C",0,0,0,0,0,0,0,0,0,0
"AC245595.1",0,0,1,1,0,2,1,1,1,0
"AC246785.3",0,2,2,0,1,1,0,5,1,2
"NBPF15",7,15,16,31,35,18,11,28,19,14
"LINC01632",1,19,14,17,19,0,1,1,2,4
"FP700111.1",8,57,136,135,160,29,18,53,15,59
"SRGAP2B",7,20,29,24,20,11,4,19,3,17
"FAM72D",0,0,0,1,0,0,0,0,0,0
"AC245014.3",2,3,0,0,0,0,0,0,0,1
"AC245014.1",0,2,0,0,1,0,0,1,0,0
"NBPF20",2,5,10,13,11,2,9,13,2,5
"GPR89A",8,30,29,40,44,12,14,27,7,16
"PDZK1",1,26,24,28,24,2,3,11,0,10
"CD160",1,2,0,0,3,0,0,1,0,4
"RNF115",52,216,201,336,305,57,63,119,45,189
"POLR3C",2,26,15,22,43,7,8,10,3,28
"NUDT17",3,7,4,7,8,2,0,7,5,3
"PIAS3",10,37,27,47,39,21,19,22,11,29
"ANKRD35",6,25,13,22,19,25,9,32,7,21
"ITGA10",1,1,2,9,7,0,2,3,0,1
"PEX11B",8,40,23,39,38,5,5,18,4,37
"RBM8A",11,57,48,52,34,13,18,27,4,25
"AC243547.3",0,2,0,0,0,1,0,0,0,0
"LIX1L",6,21,20,41,31,9,10,12,3,12
"ANKRD34A",0,5,11,9,4,2,1,4,1,1
"POLR3GL",11,16,16,20,18,9,2,13,4,19
"TXNIP",9,141,46,24,84,128,95,140,123,74
"HJV",0,0,1,2,2,0,0,1,2,4
"LINC01719",0,0,4,17,5,7,5,6,6,5
"NBPF10",1,6,4,9,7,0,2,1,5,10
"AC239799.2",3,2,1,2,7,7,1,7,1,5
"AC245407.2",0,0,0,0,1,0,0,0,0,0
"NBPF12",19,48,65,57,128,24,22,53,17,67
"PRKAB2",5,37,37,54,38,17,16,24,6,30
"AC242426.2",9,51,45,60,101,31,20,34,9,64
"FMO5",3,38,35,33,43,10,19,20,4,44
"CHD1L",16,79,61,131,114,20,25,32,15,86
"LINC00624",4,16,19,23,7,2,6,11,0,23
"BCL9",17,63,64,106,115,24,38,47,26,97
"ACP6",32,100,72,126,148,31,45,63,19,103
"GJA5",0,0,0,1,0,0,0,0,0,0
"GPR89B",9,28,29,34,47,13,16,18,9,38
"AC239803.2",2,1,2,0,2,0,1,2,0,0
"AC239803.3",0,0,0,0,1,0,0,0,0,1
"NBPF11",6,40,31,40,48,30,11,34,18,41
"AC239809.3",36,68,108,65,99,21,28,47,15,124
"AC239803.1",0,2,4,2,1,1,0,1,0,6
"LINC01731",0,2,0,2,1,0,0,0,0,0
"AC245100.1",0,4,0,5,2,0,0,0,0,2
"AC245100.7",1,1,4,5,3,1,0,2,0,0
"PPIAL4G",0,1,1,0,1,0,1,1,0,1
"NBPF14",7,71,48,85,180,43,32,60,17,134
"NUDT4B",0,0,0,1,0,0,0,0,0,2
"PDE4DIP",147,712,1115,2260,2029,543,505,858,368,1766
"AC239802.1",0,0,2,0,2,0,2,1,0,1
"AC239802.2",0,11,9,3,10,1,1,1,0,23
"AC239804.1",0,1,2,14,6,2,1,2,0,4
"NBPF9",6,13,19,23,47,12,19,28,5,36
"AC245297.3",66,364,649,1345,1310,187,266,515,159,1020
"AC245297.2",0,2,3,11,4,4,1,5,4,5
"NBPF19",34,192,135,309,221,153,107,98,115,395
"FCGR1A",0,0,2,4,3,0,0,1,0,0
"HIST2H2BF",6,5,4,11,19,6,7,19,5,11
"HIST2H4A",0,0,0,1,1,1,0,2,1,1
"AC239868.3",0,0,1,5,3,10,3,9,3,1
"HIST2H2AA4",0,0,1,0,1,0,0,0,0,0
"HIST2H4B",0,0,0,0,1,1,0,3,1,1
"AC239868.2",0,2,3,5,7,2,2,6,1,4
"HIST2H2BE",4,12,9,14,20,24,12,41,6,16
"HIST2H2AC",0,1,0,0,1,0,0,0,0,0
"BOLA1",3,11,16,17,18,9,8,15,9,15
"SV2A",38,60,100,122,88,17,19,20,5,31
"SF3B4",3,13,17,38,15,9,7,8,7,13
"MTMR11",1,5,7,4,3,2,6,4,3,4
"OTUD7B",43,360,150,380,325,139,201,160,108,227
"VPS45",25,169,177,275,232,48,69,97,48,195
"PLEKHO1",12,77,52,84,73,57,40,55,34,52
"ANP32E",6,45,28,31,22,17,12,19,7,25
"AC242988.1",0,1,2,0,0,0,0,0,0,1
"CA14",2,6,4,5,8,1,2,1,3,7
"APH1A",9,42,49,67,32,17,15,20,14,33
"C1orf54",12,139,52,52,68,23,26,39,9,96
"CIART",3,14,21,13,18,8,6,8,1,28
"MRPS21",40,115,119,130,102,58,54,86,21,84
"PRPF3",24,70,44,58,52,23,16,38,14,63
"RPRD2",50,309,240,441,366,68,86,117,50,264
"TARS2",2,19,12,19,18,9,4,14,5,29
"ECM1",1,5,13,16,14,1,2,14,2,7
"FALEC",5,16,26,15,27,8,5,14,3,28
"AL356356.1",0,7,0,5,1,1,0,0,0,2
"ADAMTSL4",0,4,0,6,1,1,1,7,5,4
"MCL1",8,84,25,49,45,25,26,39,10,38
"ENSA",50,207,197,269,194,39,34,45,35,162
"GOLPH3L",4,22,32,40,48,19,13,16,12,41
"HORMAD1",0,4,1,2,2,1,0,0,0,2
"CTSS",2,3,6,13,19,2,0,3,1,2
"CTSK",1,2,6,10,11,5,4,0,1,8
"ARNT",16,68,74,112,99,26,47,52,18,80
"CTXND2",0,2,1,2,0,2,1,0,0,1
"SETDB1",15,74,50,89,69,14,24,28,12,75
"CERS2",5,23,18,40,19,20,16,23,10,25
"AL590133.2",1,0,0,0,0,0,0,0,0,0
"AL590133.1",0,0,0,0,0,0,0,0,0,0
"ANXA9",0,1,0,1,2,0,1,0,0,2
"MINDY1",5,24,18,17,18,11,12,17,12,12
"PRUNE1",3,11,12,25,20,7,8,14,6,13
"BNIPL",1,1,6,9,17,4,5,4,0,3
"C1orf56",19,48,41,32,51,33,72,37,15,138
"CDC42SE1",10,33,46,47,48,22,49,34,16,94
"MLLT11",40,64,80,66,33,4,13,15,4,18
"GABPB2",21,40,54,84,77,24,17,31,11,60
"SEMA6C",4,9,13,26,11,7,8,11,5,6
"SCNM1",12,59,80,38,62,12,19,27,6,82
"LYSMD1",1,9,5,6,7,4,5,4,1,5
"VPS72",5,20,17,33,28,12,11,15,7,13
"PIP5K1A",22,162,82,135,92,22,23,32,10,126
"PSMD4",9,81,70,104,77,23,20,30,11,46
"AL391069.2",0,0,0,0,0,0,0,0,0,0
"ZNF687",3,19,17,22,13,5,4,14,6,8
"PI4KB",13,60,70,142,88,25,24,42,16,64
"AL391069.4",1,0,2,1,2,0,0,4,2,5
"RFX5",1,4,7,9,8,2,2,3,0,11
"AL391069.3",1,0,4,1,5,2,0,2,0,1
"SELENBP1",24,109,104,91,106,43,61,49,22,107
"PSMB4",5,14,15,33,32,17,15,28,16,15
"POGZ",118,337,358,604,499,151,162,210,98,375
"CGN",1,3,4,10,8,2,2,9,0,7
"TUFT1",1,3,8,8,6,2,3,1,1,2
"SNX27",19,74,87,178,139,21,35,60,21,67
"AL391335.1",1,0,1,1,0,0,0,0,0,1
"AL589765.1",0,0,1,0,1,0,0,0,0,1
"CELF3",3,1,13,25,12,0,0,5,5,1
"RIIAD1",1,5,2,0,1,0,0,0,0,2
"AL589765.7",1,2,4,1,1,1,0,0,0,2
"MRPL9",5,23,15,26,19,11,10,13,0,18
"OAZ3",0,1,0,3,2,0,0,1,1,0
"AL589765.4",1,0,0,1,0,0,1,0,0,1
"TDRKH",2,6,6,6,7,2,1,1,1,8
"TDRKH-AS1",1,3,2,3,2,3,0,0,0,2
"AL589765.6",1,0,3,3,1,1,0,0,2,0
"LINGO4",0,0,0,0,0,0,0,0,0,0
"RORC",0,0,1,0,0,0,0,0,0,1
"C2CD4D",1,2,0,2,2,1,0,0,0,1
"AL450992.2",0,2,0,1,3,0,0,0,0,0
"THEM5",0,0,0,0,0,0,0,0,0,0
"THEM4",18,68,59,57,101,9,28,23,5,66
"S100A10",1,3,6,3,18,5,5,15,5,7
"AL450992.1",0,0,0,0,0,0,0,0,1,1
"S100A11",0,0,5,4,8,6,0,3,1,0
"TCHH",0,1,0,0,0,0,0,0,0,0
"AL589986.1",0,0,0,0,0,0,0,0,0,0
"FLG-AS1",15,27,73,105,76,45,45,79,29,118
"HRNR",0,1,0,1,0,0,0,0,0,0
"FLG",0,0,0,0,0,0,0,0,0,0
"FLG2",0,1,0,1,0,0,1,0,0,1
"LCE5A",0,0,0,0,0,0,0,0,0,0
"LINC01527",0,0,1,0,0,0,0,0,0,1
"LOR",0,1,2,2,0,0,0,0,0,0
"S100A9",0,2,4,3,5,5,0,0,1,1
"S100A12",0,0,0,0,2,2,0,1,0,0
"S100A8",0,8,3,4,1,5,2,1,3,3
"S100A7",0,0,0,0,1,0,0,1,0,1
"BX470102.1",0,0,0,1,1,0,0,1,0,0
"S100A6",24,70,122,340,115,84,51,63,24,60
"S100A5",0,1,0,0,0,0,0,0,0,0
"S100A4",2,3,3,7,20,1,0,3,0,0
"S100A2",1,5,1,4,1,1,2,2,0,7
"S100A16",8,55,26,24,18,22,17,28,8,24
"S100A14",3,5,4,2,2,2,1,1,1,1
"S100A13",50,82,64,103,104,92,73,57,32,86
"S100A1",66,75,111,141,93,92,85,120,39,95
"AL162258.2",4,13,8,22,12,12,3,8,7,24
"CHTOP",17,70,39,129,63,20,35,41,21,33
"SNAPIN",8,45,32,40,41,20,22,32,11,48
"ILF2",9,25,18,26,21,19,12,12,7,20
"NPR1",0,0,0,0,1,0,0,0,0,0
"INTS3",7,35,37,58,51,25,16,26,16,56
"AL513523.4",0,0,1,0,0,0,0,0,0,0
"SLC27A3",4,14,16,52,18,8,4,7,5,11
"GATAD2B",27,186,132,264,194,36,43,66,28,115
"AL358472.5",3,6,2,3,5,1,0,1,2,6
"DENND4B",10,38,52,139,64,21,12,44,16,37
"CRTC2",5,11,8,11,10,7,8,18,7,16
"SLC39A1",9,30,39,46,31,15,19,23,13,21
"AL358472.4",2,4,2,0,0,2,0,1,0,2
"AL358472.3",0,0,0,3,0,0,0,1,0,1
"CREB3L4",1,7,5,17,5,4,3,3,2,6
"JTB",19,70,75,117,92,62,41,88,20,74
"AL358472.2",1,2,2,1,3,2,1,0,0,5
"RAB13",2,34,17,14,21,9,14,14,4,11
"RPS27",63,64,136,60,191,33,26,55,9,35
"NUP210L",9,37,57,172,139,25,12,46,10,100
"TPM3",13,75,36,55,44,17,14,24,9,34
"C1orf189",0,1,0,1,0,0,0,0,1,1
"C1orf43",21,79,75,96,97,23,31,43,15,71
"UBAP2L",10,50,30,53,45,12,10,27,13,43
"HAX1",10,86,62,41,43,26,25,32,4,59
"AQP10",0,0,0,3,2,0,0,1,0,0
"ATP8B2",12,34,43,125,51,16,20,34,13,41
"IL6R-AS1",0,2,2,1,0,0,6,0,0,4
"IL6R",11,93,12,38,35,10,25,26,14,47
"SHE",1,2,1,6,3,4,1,6,2,13
"TDRD10",2,4,8,5,9,1,3,5,3,9
"UBE2Q1",7,18,23,52,27,8,9,17,9,17
"CHRNB2",4,2,7,10,4,0,0,0,0,1
"ADAR",25,108,96,163,156,39,33,66,22,92
"KCNN3",96,316,402,831,683,103,107,214,90,455
"PMVK",9,72,43,59,43,18,19,36,11,45
"AL451085.1",0,1,0,0,2,0,1,0,0,0
"PBXIP1",45,160,161,319,185,154,124,263,103,157
"PYGO2",2,22,16,40,29,14,4,14,7,17
"AL451085.2",0,1,5,1,4,2,1,2,0,5
"SHC1",0,0,0,0,0,0,0,0,0,2
"CKS1B",1,5,4,4,8,3,2,7,0,4
"FLAD1",6,21,20,31,22,8,11,19,13,23
"ZBTB7B",5,20,16,31,10,10,10,22,6,18
"DCST2",0,2,5,3,5,0,1,2,0,3
"DCST1",0,3,3,1,3,0,0,2,0,1
"DCST1-AS1",0,0,0,0,0,0,0,0,0,0
"ADAM15",12,28,24,28,26,12,14,20,14,18
"EFNA3",1,3,9,9,5,2,2,1,0,1
"EFNA1",5,82,36,30,30,18,21,32,5,11
"SLC50A1",3,7,8,8,8,5,4,5,4,10
"DPM3",14,38,30,52,46,21,18,30,7,24
"KRTCAP2",0,1,1,7,1,16,1,13,5,1
"AL713999.1",0,1,3,2,0,0,0,1,1,2
"TRIM46",2,9,10,17,12,4,3,1,5,6
"AC234582.1",34,83,78,89,65,33,26,33,15,99
"THBS3",8,14,12,12,15,7,6,9,3,14
"MTX1",5,19,18,39,24,19,9,21,11,21
"AC234582.2",0,0,0,0,0,0,0,0,0,0
"GBA",17,21,39,71,39,16,17,16,16,16
"FAM189B",11,17,29,40,36,7,14,14,5,25
"SCAMP3",9,52,56,71,71,35,19,43,19,54
"CLK2",8,17,17,55,29,13,18,24,12,24
"HCN3",0,7,5,13,17,1,3,8,2,3
"PKLR",0,0,0,0,1,0,0,1,0,0
"FDPS",30,97,105,122,104,26,32,33,12,66
"RUSC1-AS1",2,5,3,10,4,3,2,0,1,7
"RUSC1",6,23,30,37,18,6,8,14,5,9
"ASH1L",117,637,415,735,664,143,184,250,102,479
"ASH1L-AS1",0,6,4,4,1,2,1,1,1,4
"AL353807.2",0,0,0,0,0,0,0,0,0,0
"MSTO1",2,11,7,14,7,6,9,11,6,4
"YY1AP1",29,145,82,188,136,36,31,48,21,75
"DAP3",28,101,133,149,122,36,26,45,10,102
"AL162734.1",0,1,1,1,2,0,0,0,0,2
"GON4L",35,165,111,156,143,17,29,50,9,134
"SYT11",57,269,225,367,307,96,78,159,90,129
"RIT1",5,23,18,24,26,15,14,41,4,35
"KHDC4",10,93,42,41,70,17,20,41,9,59
"ARHGEF2",16,52,44,92,62,9,10,15,7,23
"AL355388.2",1,0,1,1,0,0,1,0,1,0
"AL355388.1",0,2,0,1,0,0,0,0,0,1
"SSR2",9,49,67,45,48,33,28,30,8,39
"UBQLN4",5,17,26,47,17,17,14,24,7,12
"LAMTOR2",10,17,29,41,39,14,7,24,7,22
"RAB25",0,0,1,0,1,0,1,0,0,1
"MEX3A",0,1,1,4,6,1,0,4,0,4
"LMNA",15,114,80,117,82,27,29,88,30,78
"SEMA4A",18,31,36,71,44,13,11,11,9,47
"SLC25A44",2,21,22,37,21,6,3,12,4,9
"PMF1-BGLAP",0,3,1,3,2,0,0,1,0,2
"PAQR6",49,74,82,82,86,24,30,29,24,78
"SMG5",17,59,64,102,74,19,18,40,25,60
"TMEM79",4,9,15,17,26,2,10,13,6,28
"GLMP",5,10,16,19,14,11,9,11,7,9
"CCT3",17,80,70,91,115,50,34,110,22,81
"TSACC",0,4,3,1,1,6,2,4,4,2
"RHBG",0,1,0,1,0,0,1,0,0,0
"AL139130.1",0,0,2,1,0,0,0,0,0,0
"C1orf61",293,484,496,709,674,201,198,210,123,435
"AL139412.1",1,6,6,11,8,0,1,4,0,4
"MEF2D",13,68,50,105,73,16,28,36,11,50
"AL365181.1",1,0,0,0,0,0,0,1,0,0
"IQGAP3",0,0,1,1,3,0,0,1,0,0
"TTC24",0,0,0,0,0,0,0,0,0,0
"NAXE",4,30,33,42,36,23,19,18,10,24
"GPATCH4",3,13,13,14,23,0,3,6,2,10
"AL365181.4",0,2,0,1,0,1,0,0,0,0
"HAPLN2",9,42,32,35,27,8,7,3,15,14
"AL365181.2",1,0,5,4,9,1,0,2,0,16
"BCAN",60,171,210,349,287,145,67,201,80,147
"AL365181.3",12,12,31,37,35,8,13,10,5,19
"AL590666.2",0,3,4,3,0,3,0,1,0,0
"NES",1,3,4,14,10,1,3,4,0,6
"AL590666.3",0,0,0,0,0,0,0,0,0,1
"CRABP2",1,1,5,10,2,1,1,2,0,0
"ISG20L2",0,20,21,23,20,1,6,11,3,8
"RRNAD1",11,24,44,42,32,12,14,30,9,24
"MRPL24",7,35,33,25,37,17,13,22,11,23
"HDGF",13,45,30,56,54,18,11,36,15,29
"PRCC",18,42,37,62,43,21,15,29,12,36
"SH2D2A",0,1,0,0,0,0,0,0,0,0
"NTRK1",0,4,2,3,0,0,0,0,0,1
"INSRR",0,0,1,0,0,0,0,2,0,0
"PEAR1",0,0,0,0,1,0,0,0,0,0
"ARHGEF11",21,197,134,219,202,33,58,87,18,142
"ETV3L",0,1,0,0,0,0,0,0,0,1
"ETV3",2,14,4,16,7,2,5,4,1,11
"FCRL5",0,1,0,0,2,0,0,0,0,0
"FCRL4",0,0,0,0,0,0,0,0,0,0
"FCRL3",0,0,0,0,0,0,0,0,0,0
"FCRL2",0,1,1,0,4,0,0,0,0,1
"FCRL1",0,0,0,0,2,0,0,0,0,1
"CD5L",0,0,0,0,2,0,0,1,0,0
"KIRREL1",0,3,1,3,0,0,2,2,1,3
"LINC01704",0,2,2,0,0,1,0,0,0,1
"CD1D",0,0,0,0,0,0,0,0,0,0
"AL138899.1",0,0,0,0,0,0,0,0,0,0
"OR10K1",0,0,0,0,0,0,0,0,0,0
"OR10R2",0,0,0,0,1,0,0,0,0,0
"SPTA1",0,0,0,1,1,0,0,0,0,1
"OR6N1",0,0,0,0,0,0,0,0,0,0
"MNDA",1,0,0,0,3,1,0,0,0,0
"PYHIN1",4,4,2,8,13,4,4,6,8,1
"IFI16",8,30,22,27,50,9,25,14,13,15
"AIM2",0,2,0,2,3,1,1,0,1,0
"CADM3",30,83,95,107,121,59,21,36,23,62
"CADM3-AS1",0,0,1,0,1,0,0,1,0,0
"ACKR1",1,5,7,7,8,2,0,3,3,3
"FCER1A",0,1,0,0,0,0,0,0,0,0
"AL513323.1",0,1,0,2,0,1,0,0,0,1
"AL663023.1",0,0,1,0,0,0,0,0,0,0
"DUSP23",5,10,14,15,8,9,5,11,5,7
"FCRL6",0,1,0,0,0,0,0,0,0,0
"SLAMF8",0,0,1,0,1,0,0,0,0,0
"AL590560.1",2,0,0,0,0,3,2,3,2,2
"AL590560.2",4,4,2,16,4,2,3,3,6,18
"CFAP45",0,0,1,1,0,1,0,2,0,0
"TAGLN2",0,7,3,5,9,5,5,5,1,4
"IGSF9",1,2,2,0,2,0,0,0,2,0
"LINC01133",0,1,2,0,1,0,0,0,0,1
"KCNJ10",50,125,279,685,353,165,119,241,60,220
"AL121987.1",1,9,18,17,17,1,3,4,1,29
"KCNJ9",6,18,23,41,17,4,4,6,2,6
"IGSF8",23,60,65,99,62,25,17,29,11,29
"ATP1A2",195,1152,1405,2024,1878,513,424,933,328,1884
"ATP1A4",1,4,1,5,13,6,2,6,0,9
"CASQ1",0,5,7,5,3,2,1,4,3,5
"AL121987.2",0,1,0,0,1,0,0,0,0,0
"PEA15",29,121,93,210,119,69,44,85,35,48
"DCAF8",20,44,38,82,46,25,28,47,23,36
"AL139011.2",3,12,11,21,27,0,2,11,0,18
"AL139011.1",0,0,2,1,0,0,0,2,0,0
"PEX19",0,0,0,0,0,0,0,0,0,0
"COPA",36,162,122,307,159,58,37,63,34,112
"NCSTN",3,41,45,62,32,32,21,39,10,29
"NHLH1",0,1,1,0,1,0,0,0,0,0
"VANGL2",2,16,8,16,14,9,10,11,10,9
"SLAMF6",0,0,0,0,2,0,0,0,0,0
"AL138930.1",0,0,4,0,0,0,0,1,0,0
"CD84",1,0,4,0,2,0,0,0,0,1
"SLAMF1",0,0,0,0,1,0,0,0,1,0
"AL121985.1",0,3,4,10,4,4,2,1,1,2
"CD48",0,0,0,0,3,0,0,0,0,1
"SLAMF7",0,0,0,0,0,0,0,0,0,0
"LY9",0,0,0,1,3,0,0,1,0,0
"CD244",0,1,3,0,1,0,0,0,0,0
"AL354714.1",0,0,1,0,1,0,0,1,1,1
"ITLN2",0,0,0,1,0,0,0,0,1,0
"F11R",0,0,2,2,3,0,0,1,1,0
"AL591806.3",0,2,2,2,1,1,0,2,2,0
"TSTD1",0,0,0,0,0,0,0,0,0,0
"USF1",1,8,6,7,7,0,3,2,2,6
"ARHGAP30",0,3,2,2,3,1,0,0,0,3
"NECTIN4",0,0,0,1,0,1,0,0,0,0
"KLHDC9",11,14,17,17,16,6,18,7,2,11
"PFDN2",25,66,63,162,61,36,25,51,15,39
"NIT1",13,77,67,66,54,13,26,34,8,59
"DEDD",5,30,15,23,18,8,6,17,8,21
"UFC1",14,43,57,31,43,23,14,27,6,35
"AL590714.1",1,2,3,3,1,0,1,2,0,0
"USP21",4,9,16,32,12,9,9,19,4,7
"PPOX",11,26,24,33,19,7,6,20,10,24
"B4GALT3",2,11,14,27,11,5,5,12,5,13
"ADAMTS4",4,13,11,32,12,3,1,2,3,2
"NDUFS2",17,104,129,173,138,41,45,60,21,159
"FCER1G",1,0,3,2,9,2,1,3,0,1
"TOMM40L",5,11,8,15,10,3,2,5,3,7
"NR1I3",0,1,3,1,0,1,0,1,0,0
"PCP4L1",3,5,7,9,4,4,1,1,2,5
"MPZ",0,4,4,3,7,1,2,1,1,4
"SDHC",15,102,61,102,80,33,21,42,12,69
"CFAP126",0,4,0,0,1,2,3,4,0,2
"AL592295.4",4,24,13,21,15,5,8,8,4,21
"AL592295.3",1,29,19,10,15,3,1,7,3,16
"FCGR2A",0,0,3,4,2,3,0,0,0,0
"HSPA6",0,20,0,1,1,0,0,0,0,0
"FCGR3A",0,0,2,8,4,1,0,1,0,0
"FCGR3B",0,0,0,0,0,0,0,0,0,0
"FCGR2B",0,0,0,0,1,0,0,0,0,0
"FCRLA",0,0,1,3,5,0,0,0,0,0
"FCRLB",1,3,6,3,1,0,0,2,0,1
"DUSP12",3,16,15,32,27,10,5,14,7,14
"AL359541.1",0,0,0,0,0,0,4,3,1,1
"ATF6",17,179,91,235,184,37,64,91,37,152
"OLFML2B",3,1,5,2,2,2,1,0,0,0
"NOS1AP",6,30,46,66,57,2,2,12,8,22
"C1orf226",0,0,3,4,0,0,0,1,1,0
"SH2D1B",0,0,1,1,1,0,2,0,1,1
"UHMK1",10,55,41,95,71,12,33,38,15,38
"AL596325.1",0,0,0,0,1,0,0,0,0,0
"UAP1",3,23,16,40,21,9,4,11,4,19
"DDR2",21,104,73,242,117,57,43,74,20,130
"HSD17B7",14,71,52,94,63,13,28,15,9,59
"CCDC190",2,22,16,24,27,6,9,19,10,27
"RGS4",15,67,52,77,28,4,7,4,2,8
"RGS5",2,15,13,29,28,8,20,25,6,45
"AL499616.1",3,11,10,10,9,3,3,13,5,30
"NUF2",2,19,30,47,31,2,7,13,2,31
"PBX1",178,497,511,1006,1093,207,276,504,190,783
"AL357568.1",0,1,0,0,0,0,0,0,0,2
"LMX1A",0,2,0,1,1,1,0,0,0,0
"RXRG",7,23,6,11,22,14,14,10,6,15
"AL157714.2",0,0,0,0,2,0,0,1,0,2
"LRRC52",0,0,0,0,2,0,0,1,0,0
"AL356441.1",0,2,2,1,1,0,1,0,1,2
"MGST3",46,145,171,142,168,91,66,82,26,127
"ALDH9A1",10,51,35,65,67,27,20,36,14,23
"AL451074.6",0,0,0,0,0,0,0,0,0,0
"TMCO1",18,135,124,143,134,66,54,132,21,106
"AL451074.2",3,4,5,5,9,3,2,5,2,10
"UCK2",4,18,36,33,35,5,6,11,3,27
"FAM78B",4,18,28,85,36,8,7,11,3,15
"AL626787.1",0,0,0,0,0,0,0,0,0,0
"AL390115.1",0,0,0,0,0,0,0,0,0,0
"AL583804.1",1,0,1,0,1,0,0,0,0,0
"LINC01675",0,0,0,1,0,0,0,0,0,0
"POGK",3,39,40,97,62,17,13,34,9,45
"TADA1",3,21,20,26,22,11,6,8,4,7
"ILDR2",13,50,60,116,113,21,21,52,15,68
"MAEL",2,15,8,22,17,1,3,5,7,12
"GPA33",0,2,2,1,3,0,0,1,0,1
"DUSP27",0,1,0,1,0,0,0,0,0,0
"LINC01363",0,1,0,0,0,0,0,0,0,1
"AL451050.2",2,0,2,1,5,0,1,1,0,4
"POU2F1",78,451,397,744,632,126,177,240,120,512
"CD247",5,2,4,9,9,4,1,4,0,10
"CREG1",6,20,19,18,24,22,12,12,3,36
"AL031733.2",0,0,0,0,1,0,0,0,0,0
"RCSD1",0,3,10,5,22,2,2,1,0,6
"MPZL1",12,88,49,86,87,27,36,41,15,72
"ADCY10",0,2,12,6,11,6,2,7,2,12
"MPC2",6,38,26,34,23,18,10,14,7,20
"DCAF6",18,198,156,267,254,80,109,128,53,227
"GPR161",8,30,10,13,24,10,13,23,13,32
"TIPRL",10,49,26,49,44,17,16,28,5,39
"SFT2D2",10,23,33,59,49,18,19,20,10,31
"TBX19",0,6,8,15,25,1,3,0,0,11
"AL023755.1",0,4,1,5,2,4,2,1,0,4
"XCL1",0,0,0,0,0,0,0,0,0,0
"DPT",3,0,1,4,5,1,0,1,1,0
"AL031275.1",0,1,4,1,1,0,0,0,0,0
"LINC00626",2,3,7,2,6,1,0,0,0,5
"LINC00970",1,28,19,43,26,5,4,5,3,18
"ATP1B1",177,270,294,428,262,107,108,70,38,97
"NME7",29,137,136,251,230,71,84,135,39,131
"Z99758.1",0,3,1,5,1,0,1,3,0,3
"BLZF1",13,60,42,67,113,35,31,61,13,73
"CCDC181",4,19,24,26,26,4,14,12,3,17
"SLC19A2",3,29,14,34,19,5,5,11,10,23
"AL021068.1",0,0,0,0,0,0,0,0,0,1
"F5",0,6,3,3,2,1,4,2,1,1
"SELP",0,0,1,1,0,0,0,0,1,0
"C1orf112",2,35,28,29,47,10,15,25,7,57
"SELL",1,0,1,1,3,0,2,2,2,0
"SELE",0,1,0,0,1,0,0,1,0,0
"METTL18",2,3,5,3,6,10,3,17,1,9
"SCYL3",3,39,20,45,37,13,16,13,12,28
"KIFAP3",25,132,159,186,199,63,75,100,42,102
"METTL11B",0,0,0,1,2,0,0,0,0,0
"LINC01681",0,0,1,1,0,0,0,0,1,0
"AL354732.1",0,1,4,7,4,0,0,3,0,7
"GORAB",3,14,15,14,25,11,4,26,3,12
"AL162399.1",0,0,0,1,1,0,0,0,0,0
"AL023495.1",0,0,0,3,0,0,0,0,0,0
"PRRX1",27,216,144,306,268,69,105,117,38,5
"MROH9",0,4,7,6,17,1,0,1,0,4
"FMO3",0,0,0,1,1,0,1,0,1,0
"FMO2",0,1,0,2,1,1,1,0,0,0
"AL021026.1",0,0,0,0,0,0,0,0,0,0
"AL445673.1",0,0,0,0,0,0,0,0,0,0
"FMO1",1,0,1,1,1,0,0,0,1,0
"FMO4",4,8,8,8,16,6,11,2,3,15
"PRRC2C",44,194,176,293,281,79,90,159,94,203
"MYOCOS",1,3,3,3,1,1,1,2,0,1
"MYOC",0,0,0,0,0,0,0,0,0,0
"VAMP4",6,28,27,50,34,10,13,18,13,17
"METTL13",4,13,8,22,15,7,3,9,4,8
"DNM3",241,1411,854,2375,1928,373,534,739,212,1223
"DNM3OS",0,0,1,3,3,0,0,0,0,0
"PIGC",21,121,126,173,287,51,86,136,25,212
"C1orf105",1,0,1,2,4,1,0,3,1,2
"SUCO",13,75,63,89,111,34,31,67,22,55
"AL031599.1",1,8,20,12,21,1,3,2,3,9
"TNFSF18",0,0,0,0,1,0,0,0,0,1
"AL022310.1",0,0,0,1,0,0,0,1,0,0
"TNFSF4",1,1,3,5,8,3,2,2,0,2
"AL645568.1",38,104,125,135,200,57,78,79,53,214
"PRDX6",33,174,83,142,208,102,87,202,111,144
"SLC9C2",11,17,25,65,57,16,25,47,16,21
"AL139142.1",0,3,5,5,4,0,0,4,1,4
"ANKRD45",4,10,12,11,24,15,8,31,5,21
"KLHL20",14,86,61,122,158,38,30,51,15,83
"CENPL",1,5,2,5,8,1,1,3,1,7
"DARS2",6,21,17,23,24,6,5,8,7,24
"GAS5-AS1",0,0,0,1,0,0,0,0,0,0
"ZBTB37",5,44,54,81,71,13,22,29,15,53
"SERPINC1",0,0,2,2,0,0,0,2,0,1
"RC3H1",43,152,101,170,192,45,58,98,24,140
"AL121983.2",3,5,1,2,5,0,0,2,1,5
"RABGAP1L",75,319,412,677,641,110,153,228,83,389
"Z99127.1",2,5,7,12,11,3,0,3,0,16
"CACYBP",9,57,45,48,63,39,21,97,11,33
"MRPS14",11,30,24,35,43,17,11,19,9,36
"TNN",0,1,1,1,3,0,0,2,0,1
"KIAA0040",0,3,0,0,5,0,1,0,0,0
"Z94057.1",1,0,1,1,0,0,1,0,0,0
"TNR",20,65,75,84,114,12,12,17,15,24
"AL513329.1",0,9,5,35,11,9,5,7,3,11
"COP1",50,254,202,387,369,64,75,166,67,233
"AL590723.1",0,0,0,0,0,0,0,0,0,0
"AL359265.3",5,16,16,15,31,3,0,10,1,16
"PAPPA2",13,21,30,39,41,7,7,5,7,27
"ASTN1",55,287,251,453,439,98,112,199,78,315
"BRINP2",46,122,170,147,238,32,30,48,28,181
"AL122019.1",1,7,3,7,7,3,1,4,1,4
"SEC16B",1,5,14,17,30,2,6,7,3,15
"RASAL2-AS1",0,1,1,1,1,1,0,0,0,0
"RASAL2",39,187,212,366,316,51,57,107,32,144
"CLEC20A",0,7,6,9,5,0,0,5,0,1
"TEX35",0,0,1,0,1,0,0,1,0,0
"C1orf220",0,1,2,0,1,1,0,0,0,0
"RALGPS2",8,51,47,74,112,20,16,49,7,62
"ANGPTL1",7,50,56,40,96,28,25,29,9,71
"FAM20B",5,31,39,83,69,21,17,22,7,43
"TOR3A",7,23,30,24,23,3,16,23,4,42
"ABL2",25,149,127,221,183,32,50,72,30,117
"SOAT1",2,61,43,100,38,14,17,25,5,39
"AXDND1",2,10,7,8,17,5,11,9,3,9
"NPHS2",0,0,1,0,0,1,0,1,0,1
"TDRD5",1,3,3,4,5,1,0,0,1,3
"AL359853.3",0,0,0,1,1,1,0,1,1,1
"FAM163A",0,4,1,4,2,1,0,2,1,2
"AL359853.2",0,0,1,6,1,1,0,1,1,6
"TOR1AIP2",7,48,44,94,61,31,29,47,10,70
"AL353708.3",0,1,9,0,5,5,2,0,1,9
"TOR1AIP1",4,59,25,71,72,21,18,33,11,61
"AL353708.2",0,3,2,1,2,0,1,0,1,1
"AL353708.1",0,0,3,1,2,2,4,2,1,3
"CEP350",50,392,271,482,450,191,310,243,152,339
"AL390718.1",0,0,1,0,0,0,0,0,0,0
"QSOX1",9,40,23,89,32,22,17,24,14,19
"LHX4",0,0,0,2,0,0,0,0,0,3
"ACBD6",46,187,171,301,271,64,76,107,40,178
"OVAAL",0,1,0,0,0,0,0,0,0,0
"XPR1",35,134,89,170,199,64,92,107,39,172
"KIAA1614",9,23,26,46,26,12,5,19,12,30
"AL162431.2",0,0,1,12,5,1,0,0,0,4
"STX6",11,33,53,78,45,6,13,13,6,59
"MR1",1,23,13,15,23,7,9,12,5,20
"IER5",2,7,19,37,15,8,5,26,4,6
"LINC01732",0,0,0,1,0,0,0,1,0,0
"CACNA1E",11,36,73,104,94,11,5,14,11,21
"AL161734.1",0,0,0,0,0,0,0,0,0,0
"ZNF648",0,0,0,1,0,0,0,0,0,0
"AL355482.1",0,1,0,0,1,0,0,0,0,0
"LINC01344",4,18,12,38,15,4,6,2,0,16
"GLUL",171,2181,1182,1894,1502,795,786,703,436,1105
"RGSL1",0,0,2,2,0,4,1,1,0,2
"RNASEL",2,18,12,5,9,4,7,12,2,16
"RGS16",1,74,15,49,11,0,7,17,3,13
"LINC01686",0,2,0,0,0,0,0,0,0,0
"RGS8",1,0,0,0,0,0,0,1,0,0
"NPL",68,521,209,429,432,181,239,221,184,298
"DHX9",22,117,83,164,174,60,38,60,17,89
"SHCBP1L",0,2,4,1,1,3,1,3,1,0
"LAMC1",13,55,63,131,101,32,36,89,18,81
"LAMC2",1,0,2,0,2,1,0,0,1,0
"NMNAT2",12,55,81,106,64,12,10,9,4,18
"SMG7",29,116,93,275,166,49,57,88,45,120
"NCF2",1,2,0,2,0,0,0,0,0,0
"ARPC5",10,52,33,63,38,26,16,26,14,26
"RGL1",40,621,272,641,459,76,136,171,48,269
"APOBEC4",0,2,0,1,3,0,0,0,0,1
"COLGALT2",48,132,128,289,305,44,68,85,45,167
"TSEN15",13,59,77,151,116,26,22,49,16,110
"AL445228.2",0,6,4,2,3,0,1,1,0,2
"C1orf21",64,445,345,649,501,92,169,242,75,530
"EDEM3",13,126,69,209,135,31,36,103,26,114
"FAM129A",0,17,8,7,12,2,0,4,1,6
"LINC01633",0,1,1,5,7,3,1,1,1,2
"RNF2",2,15,20,36,20,5,6,11,9,19
"TRMT1L",12,37,48,82,60,23,29,43,18,47
"SWT1",18,53,92,141,159,36,39,62,28,113
"IVNS1ABP",11,34,37,76,42,21,14,24,9,17
"AL078644.2",0,0,0,0,0,0,0,0,0,0
"LINC01350",0,1,0,0,1,1,1,0,0,0
"HMCN1",0,2,2,4,3,1,0,0,1,3
"PRG4",0,0,0,0,0,0,0,0,0,0
"TPR",28,131,96,162,157,66,68,105,49,87
"ODR4",20,89,76,154,160,38,48,68,18,114
"AL596220.1",11,31,40,79,65,5,13,23,7,56
"PDC",0,0,1,3,6,2,1,4,2,23
"AL096803.3",1,0,0,1,1,0,1,0,0,0
"PTGS2",0,0,1,3,2,0,0,1,0,0
"PACERR",0,1,1,0,0,0,0,0,0,1
"PLA2G4A",0,2,6,9,5,1,0,2,0,2
"ERVMER61-1",9,39,23,23,17,11,12,19,10,35
"AL929288.1",0,0,0,0,0,0,0,0,0,0
"LINC01035",0,0,0,0,0,1,1,1,0,1
"LINC01701",1,0,0,0,0,0,0,0,0,0
"BRINP3",60,339,428,867,880,177,258,369,132,520
"AL354771.1",6,16,14,65,56,5,6,24,2,65
"LINC01351",0,0,1,1,5,2,2,0,1,7
"AL391645.1",4,5,7,17,19,18,4,13,2,26
"LINC01720",0,0,1,0,1,1,0,2,0,2
"LINC01680",0,1,0,3,1,0,0,0,0,0
"AL359081.1",0,0,0,0,0,0,0,0,0,0
"AL954650.1",0,0,0,1,0,1,0,1,1,1
"RGS18",0,0,0,1,1,0,0,0,0,0
"AL390957.1",2,7,15,21,12,3,1,6,1,12
"RGS21",0,0,0,0,1,0,0,0,0,0
"AL136987.1",0,0,0,0,0,0,0,0,0,0
"RGS1",0,0,1,2,0,0,0,3,0,1
"RGS13",0,0,4,0,0,0,0,1,0,0
"AL136454.1",1,9,13,12,12,0,2,6,0,1
"RGS2",1,3,5,5,3,3,2,0,0,3
"UCHL5",5,30,25,31,44,18,13,31,12,31
"TROVE2",15,153,102,141,163,51,57,74,34,100
"GLRX2",5,17,15,19,21,9,6,9,2,8
"CDC73",22,117,106,251,165,45,75,91,21,129
"B3GALT2",12,9,38,25,30,3,3,5,2,6
"LINC01031",0,1,3,3,3,0,1,2,0,1
"AL357793.1",1,0,2,2,0,0,0,1,0,1
"AL356272.1",0,2,0,2,0,0,0,0,0,1
"KCNT2",11,39,33,59,50,4,9,6,4,12
"CFH",0,0,0,1,0,2,0,0,0,1
"BX248415.1",0,0,0,0,0,0,0,1,1,0
"CFHR5",0,1,0,0,0,0,0,0,0,0
"ASPM",0,1,5,3,3,0,0,0,0,2
"ZBTB41",6,34,42,66,51,29,20,43,13,30
"CRB1",145,878,569,871,1175,256,338,447,165,979
"AL136322.1",6,136,107,46,90,23,30,33,6,155
"DENND1B",18,173,99,141,161,33,67,75,26,210
"AL365258.1",0,0,0,1,0,0,0,0,0,0
"C1orf53",1,3,3,4,4,2,3,4,2,3
"NEK7",23,172,87,177,181,66,110,92,41,124
"PTPRC",2,1,8,6,21,3,0,2,1,2
"AL157402.2",0,0,0,0,0,0,0,0,0,0
"MIR181A1HG",41,118,64,153,165,41,32,42,36,68
"LINC01222",1,3,2,1,1,0,0,0,0,0
"LINC01221",2,6,2,1,7,1,2,3,0,1
"AC099673.1",0,0,0,0,1,0,0,0,1,0
"NR5A2",0,5,4,2,4,1,0,2,1,1
"LINC00862",6,33,42,101,71,14,20,46,10,37
"AC104461.1",7,19,27,50,31,8,6,13,4,21
"ZNF281",12,34,47,131,80,28,28,51,7,41
"AL359834.1",0,0,2,1,0,0,0,0,0,0
"KIF14",3,3,3,4,1,0,0,2,1,9
"DDX59",3,28,21,30,19,12,11,12,7,20
"AL445483.1",3,20,19,5,14,1,6,7,2,27
"CAMSAP2",54,322,277,500,424,73,90,141,42,298
"INAVA",0,1,0,0,2,2,1,1,1,3
"KIF21B",10,18,28,30,32,7,5,16,14,33
"AL358473.1",0,1,0,0,0,0,0,0,0,0
"AL358473.2",0,0,0,0,0,0,0,0,0,1
"CACNA1S",0,0,1,0,2,1,0,1,1,1
"ASCL5",0,0,0,0,0,0,0,0,0,0
"TMEM9",17,77,65,99,67,47,38,38,21,49
"IGFN1",10,7,7,18,4,0,0,1,0,2
"PKP1",0,1,3,0,1,1,0,0,0,0
"TNNT2",1,7,11,20,13,1,1,1,1,2
"TNNI1",0,0,0,1,0,0,0,0,0,0
"PHLDA3",8,27,22,68,29,14,17,30,9,21
"CSRP1",46,271,210,683,296,228,146,250,147,161
"AC096677.1",10,30,27,37,49,12,21,28,12,50
"NAV1",110,480,319,536,485,66,110,131,50,282
"IPO9-AS1",44,261,145,259,172,27,59,50,6,178
"IPO9",32,112,126,153,142,35,32,47,21,106
"SHISA4",24,82,84,82,69,30,24,60,19,68
"AL513217.1",35,36,43,14,22,3,14,27,16,65
"LMOD1",2,82,8,7,12,2,10,3,5,18
"TIMM17A",8,65,32,38,32,11,8,13,5,27
"RNPEP",3,26,18,30,30,7,8,12,3,14
"ELF3-AS1",0,0,1,0,0,0,0,2,0,1
"ELF3",0,1,0,0,0,0,0,0,0,0
"GPR37L1",59,290,312,701,340,242,180,227,164,356
"ARL8A",11,71,47,140,79,30,25,45,17,38
"PTPN7",21,67,80,60,56,9,22,16,9,60
"LGR6",4,4,1,20,5,0,3,8,3,11
"UBE2T",0,3,4,14,2,4,1,1,0,7
"PPP1R12B",89,382,299,481,453,123,135,170,91,380
"SYT2",8,14,32,27,34,1,4,4,0,30
"AC104463.2",0,2,2,4,3,2,2,0,0,3
"KDM5B",33,177,132,212,180,61,77,95,38,146
"PCAT6",4,6,22,17,12,5,7,4,2,15
"RABIF",11,11,16,28,18,5,11,11,6,12
"KLHL12",9,21,24,48,33,13,11,22,8,25
"ADIPOR1",4,14,17,33,26,9,21,28,5,30
"CYB5R1",7,26,49,53,32,17,22,24,10,42
"TMEM183A",2,14,8,16,17,8,7,13,3,5
"PPFIA4",7,23,55,77,36,9,11,12,3,15
"ADORA1",26,64,88,174,91,26,18,18,14,34
"AC105940.1",0,2,0,1,0,0,0,0,0,0
"MYBPH",0,1,1,3,2,0,2,0,1,0
"CHI3L1",20,198,702,840,184,33,76,22,15,102
"CHIT1",0,2,2,5,2,0,0,0,0,0
"LINC01353",0,0,0,1,0,0,0,0,0,0
"LINC01136",0,0,0,0,0,0,0,1,1,0
"BTG2",5,35,21,10,22,4,8,17,5,21
"FMOD",0,0,1,0,0,0,0,0,0,0
"PRELP",1,9,19,75,46,21,13,15,9,19
"OPTC",0,0,0,1,0,0,0,0,0,1
"ATP2B4",58,369,331,638,552,153,151,317,94,374
"LAX1",0,4,0,0,1,0,1,0,0,0
"SNRPE",7,29,27,24,40,15,10,30,7,10
"LINC00303",0,0,0,1,0,0,0,0,0,0
"SOX13",11,25,29,103,77,29,25,46,30,60
"ETNK2",1,2,8,14,12,2,3,2,4,9
"REN",1,11,10,4,9,0,4,6,1,4
"KISS1",0,0,0,0,0,0,0,0,0,0
"GOLT1A",0,1,2,2,3,0,0,1,0,2
"PLEKHA6",87,109,274,313,315,95,50,103,60,219
"AL606489.1",1,8,18,12,11,0,3,4,0,7
"PPP1R15B",3,25,17,36,37,20,25,25,10,24
"PIK3C2B",29,45,55,75,84,7,9,12,13,57
"MDM4",53,191,163,458,310,84,125,116,59,292
"AL512306.3",0,2,14,21,12,0,1,1,0,9
"LRRN2",9,42,48,108,65,9,13,36,6,40
"AL512306.2",0,0,0,1,0,0,0,0,0,0
"NFASC",42,142,169,239,208,43,44,43,37,66
"CNTN2",27,156,145,326,143,34,44,22,39,43
"TMEM81",0,7,6,13,4,3,1,4,3,3
"RBBP5",9,41,28,48,51,6,23,28,4,40
"DSTYK",17,98,84,121,99,24,18,40,21,62
"TMCC2",7,66,34,82,45,18,26,21,9,22
"AC093422.2",0,0,1,0,0,0,0,0,0,0
"NUAK2",0,9,1,0,4,1,1,8,2,14
"KLHDC8A",1,1,3,2,3,3,1,6,0,1
"LEMD1-AS1",0,0,0,1,0,0,0,0,0,0
"LEMD1",0,5,4,2,5,2,2,2,2,4
"AC098936.1",0,0,1,2,0,0,0,1,0,0
"CDK18",70,124,249,244,163,35,38,34,17,112
"MFSD4A",8,16,25,24,23,3,3,12,2,9
"ELK4",6,23,14,35,26,12,13,24,4,15
"SLC45A3",2,3,4,19,12,0,3,1,2,6
"NUCKS1",38,316,206,436,301,86,114,142,57,208
"RAB29",1,21,37,55,50,15,15,25,0,37
"SLC41A1",9,39,35,67,70,26,26,36,12,38
"PM20D1",1,1,0,13,9,2,5,1,1,11
"SLC26A9",0,1,3,2,4,2,1,0,0,2
"RAB7B",0,1,2,6,4,0,0,1,0,3
"CTSE",0,0,0,0,0,0,0,0,0,0
"RHEX",2,0,4,6,1,1,2,0,0,4
"AC244035.1",0,3,1,1,1,0,0,0,0,0
"FAM72A",0,0,0,0,0,0,0,1,0,1
"SRGAP2",13,34,50,64,62,14,10,23,11,44
"IKBKE",1,1,9,2,6,1,1,17,0,9
"C1orf147",0,0,3,1,3,0,3,10,1,4
"AC244034.2",0,0,1,0,0,0,0,0,0,0
"RASSF5",2,5,10,10,12,2,2,1,1,3
"EIF2D",6,25,17,33,33,15,12,22,5,31
"DYRK3",3,11,11,31,22,14,11,14,7,20
"MAPKAPK2",4,54,35,66,47,16,15,31,19,43
"IL10",0,0,0,0,0,0,0,0,0,0
"IL19",0,0,0,0,1,0,0,0,0,0
"FCMR",0,0,0,0,7,0,0,0,0,0
"C1orf116",0,1,0,0,0,0,0,0,0,0
"PFKFB2",15,32,106,187,79,10,25,39,11,79
"YOD1",9,16,23,44,32,12,15,25,16,12
"C4BPB",0,0,1,0,0,0,0,0,0,1
"C4BPA",0,0,2,1,2,0,0,1,0,2
"AL445493.3",0,0,1,1,0,0,0,0,0,0
"AL445493.2",0,0,0,0,0,0,0,0,0,0
"AL596218.1",0,8,6,10,7,0,2,7,0,6
"CD55",10,39,34,43,23,10,18,12,10,22
"AL391597.1",0,0,0,0,0,0,0,0,0,0
"CR2",0,0,0,0,0,0,1,1,0,0
"CR1",6,0,13,6,4,5,1,0,1,2
"AL137789.1",0,0,1,0,0,0,0,0,0,0
"CR1L",2,3,3,4,4,3,2,3,0,4
"CD46",33,107,101,239,139,55,60,64,26,132
"MIR29B2CHG",24,109,83,168,141,27,38,54,26,112
"CD34",0,0,1,4,1,0,0,2,0,0
"AL356275.1",0,1,4,6,5,4,3,6,5,3
"PLXNA2",39,145,164,255,246,69,30,100,32,198
"LINC01717",0,4,1,0,4,3,1,0,0,3
"AC092810.3",0,0,1,0,1,0,0,0,0,0
"AL023754.1",0,0,0,0,0,0,0,0,0,0
"CAMK1G",3,7,9,16,13,1,0,2,0,0
"LAMB3",2,3,1,5,3,1,3,2,0,0
"AL031316.1",1,7,6,7,10,2,5,2,2,5
"G0S2",2,0,18,13,41,12,4,27,4,39
"HSD11B1",3,18,23,17,22,5,4,13,1,14
"TRAF3IP3",0,1,0,4,8,0,0,1,0,1
"C1orf74",1,1,0,0,1,0,0,0,1,0
"IRF6",0,0,0,0,0,0,0,0,0,0
"UTP25",2,10,12,13,22,6,4,14,4,9
"SYT14",25,99,102,132,155,26,33,47,17,60
"SERTAD4-AS1",5,5,3,4,5,5,5,3,2,2
"SERTAD4",1,2,7,5,7,0,1,1,3,2
"HHAT",16,44,50,56,66,12,16,8,3,27
"KCNH1",9,26,48,82,54,4,12,4,4,17
"AC092017.3",0,1,0,1,0,0,0,1,0,0
"RCOR3",30,145,86,194,179,44,56,51,34,125
"TRAF5",3,9,11,11,15,3,3,12,6,9
"LINC00467",20,62,33,43,59,14,13,32,19,48
"SLC30A1",7,32,37,108,88,77,50,216,50,43
"AL356310.1",0,0,2,0,0,0,0,0,0,1
"LINC01693",0,0,1,0,0,0,0,0,1,0
"NEK2",0,0,0,1,0,0,0,0,0,0
"AC096637.2",0,0,1,4,2,0,0,1,0,1
"AC096637.1",0,3,2,3,8,9,2,8,4,1
"LPGAT1",46,158,114,207,166,30,47,54,26,99
"AL445488.1",0,0,0,0,1,0,0,0,0,0
"INTS7",6,14,28,52,48,13,11,18,2,25
"DTL",0,3,1,4,1,0,0,0,0,1
"AL606468.1",0,2,0,0,0,0,0,0,0,0
"AL451060.1",1,3,0,3,0,0,1,0,0,0
"PPP2R5A",21,113,102,159,138,35,43,66,24,136
"AL360091.3",17,46,82,87,83,26,26,38,6,64
"TMEM206",14,18,32,34,44,14,10,12,4,28
"NENF",45,151,131,108,128,38,38,45,21,42
"LINC01740",1,0,1,0,0,0,0,0,0,1
"AC092803.2",1,1,8,3,3,3,2,3,2,5
"ATF3",2,12,6,11,7,5,9,4,2,9
"BATF3",0,4,4,4,2,3,0,3,1,1
"NSL1",17,68,71,85,101,30,21,49,17,99
"TATDN3",13,72,44,44,41,11,10,16,11,41
"SPATA45",1,2,1,2,2,1,1,2,0,1
"FLVCR1-DT",5,11,13,15,15,2,1,6,0,5
"FLVCR1",7,43,47,49,48,9,12,20,4,27
"VASH2",0,4,3,8,4,1,1,1,0,4
"ANGEL2",6,56,36,62,61,29,28,34,14,54
"RPS6KC1",28,197,197,267,288,56,76,120,43,185
"AL592402.1",0,0,1,1,0,0,0,0,0,0
"AC096639.1",0,0,1,0,0,0,0,1,0,1
"LINC00538",0,0,0,0,0,0,0,0,0,0
"PROX1",4,20,19,52,20,3,3,3,4,10
"AC011700.1",0,0,0,0,0,0,0,0,0,0
"AL592287.1",1,4,3,6,2,1,0,4,1,2
"SMYD2",12,16,15,24,18,4,5,2,2,13
"PTPN14",11,53,52,72,87,13,18,39,13,56
"CENPF",0,1,1,0,1,1,0,0,0,0
"KCNK2",0,5,7,14,12,3,0,4,0,6
"KCTD3",12,201,57,130,102,55,69,52,37,76
"USH2A",3,18,16,28,17,8,2,8,1,10
"AL358452.1",0,0,0,0,0,0,0,0,0,0
"ESRRG",103,594,501,806,824,189,270,330,126,832
"GPATCH2",27,110,92,122,111,27,26,47,24,86
"SPATA17",4,26,19,21,26,13,7,28,14,25
"LINC00210",0,1,0,2,0,0,0,0,0,0
"LINC01653",0,0,1,0,0,0,0,0,0,0
"RRP15",5,21,19,43,34,10,7,18,7,16
"TGFB2-AS1",0,0,1,1,1,1,0,3,1,4
"TGFB2",41,419,243,636,543,123,133,227,65,336
"C1orf143",0,1,2,1,2,0,0,2,0,0
"LINC01710",0,0,1,0,0,0,0,0,0,0
"LYPLAL1-DT",6,12,12,22,30,2,13,13,4,21
"LYPLAL1",54,182,157,254,285,85,119,168,61,207
"AC096642.1",1,1,3,10,10,3,3,8,4,16
"AL513283.1",2,6,4,2,14,2,1,1,1,11
"ZC3H11B",5,11,6,19,18,8,1,16,6,3
"SLC30A10",30,81,68,119,146,55,82,96,27,132
"EPRS",15,93,82,178,110,38,40,113,24,81
"BPNT1",1,15,13,5,18,5,9,3,3,9
"IARS2",3,41,31,76,59,26,28,29,8,39
"RAB3GAP2",22,137,140,213,167,42,58,89,25,116
"MARK1",22,186,127,155,151,63,66,90,31,148
"C1orf115",4,17,13,44,13,2,1,9,1,7
"MARC2",10,80,96,165,84,28,36,36,22,120
"MARC1",2,14,38,59,33,14,9,23,4,41
"RNU6ATAC35P",0,0,2,2,2,0,0,0,0,0
"AL445423.1",0,0,1,0,0,0,0,0,0,0
"LINC01352",0,0,2,2,0,0,0,1,0,1
"HLX-AS1",0,4,5,0,0,2,3,1,2,7
"HLX",0,0,0,2,0,1,0,0,0,0
"AL445470.1",0,1,0,0,0,0,0,0,0,0
"AL360013.2",0,0,0,0,0,0,0,0,0,0
"DUSP10",3,13,10,20,15,5,2,3,3,7
"LINC01655",0,1,0,0,1,0,1,0,0,0
"LINC02257",0,0,0,2,1,1,0,0,1,2
"LINC02474",0,0,0,0,0,0,0,0,0,0
"LINC01705",0,1,0,0,0,0,0,1,0,1
"AL356108.1",0,1,4,10,7,1,5,4,0,5
"AL513314.2",5,27,12,27,14,8,7,12,6,14
"HHIPL2",0,0,0,0,2,1,0,0,0,1
"TAF1A",0,6,5,6,11,5,5,7,2,5
"TAF1A-AS1",1,5,1,2,3,2,0,2,2,1
"MIA3",15,81,71,98,124,44,36,96,20,99
"AL592148.3",0,6,2,3,2,3,1,1,1,6
"AIDA",1,16,9,18,18,11,8,11,8,13
"BROX",6,38,31,49,41,28,29,22,17,30
"FAM177B",0,0,8,6,2,1,0,2,3,2
"AC093152.1",4,23,20,24,28,8,12,8,11,21
"DISP1",1,4,3,5,1,3,2,2,0,4
"TLR5",0,0,0,1,0,0,1,0,0,0
"AL359979.1",0,0,0,0,0,0,0,0,0,0
"SUSD4",5,16,29,38,50,8,10,8,6,13
"CAPN8",0,4,2,8,4,2,0,0,0,7
"CAPN2",27,125,197,374,197,82,75,106,35,231
"TP53BP2",24,181,115,219,215,92,86,146,65,119
"AC138393.3",0,0,0,2,1,0,0,0,0,0
"FBXO28",10,101,81,118,113,36,24,30,15,81
"DEGS1",6,30,32,41,42,27,14,30,9,19
"AC092809.4",2,1,1,4,4,1,1,2,0,2
"NVL",17,81,67,113,108,15,27,40,7,50
"CNIH4",10,36,41,55,52,19,22,28,4,26
"WDR26",16,103,102,177,140,48,56,103,40,106
"CNIH3",29,93,117,177,115,21,18,28,10,101
"AL596330.1",0,0,1,0,0,0,0,0,0,0
"AL391811.1",1,1,1,0,1,0,0,0,0,2
"DNAH14",3,16,29,27,30,4,5,8,2,6
"LBR",9,33,24,53,51,27,25,41,21,32
"AC092811.2",0,0,1,1,1,0,0,1,0,1
"ENAH",34,186,170,358,323,114,129,160,51,237
"AC099066.2",2,8,4,4,5,2,1,1,2,10
"SRP9",20,109,62,89,67,62,32,78,23,93
"EPHX1",30,174,139,257,203,183,118,290,85,145
"AL591895.1",15,22,32,45,23,8,7,12,6,19
"TMEM63A",33,73,80,87,100,15,29,31,8,74
"LEFTY1",1,3,2,2,0,0,0,0,0,0
"AL117348.2",7,10,7,8,7,4,2,3,0,1
"LEFTY2",0,1,0,0,0,1,0,1,0,1
"SDE2",2,12,8,10,12,3,1,3,4,9
"AL512343.2",1,0,0,0,0,0,0,0,0,0
"H3F3A",2,16,22,25,22,2,10,14,3,22
"LINC01703",1,4,6,3,7,0,7,9,1,9
"ACBD3",17,69,44,64,58,19,13,25,12,44
"ACBD3-AS1",0,0,0,0,0,1,0,0,0,0
"MIXL1",0,0,0,0,0,0,0,0,0,0
"LIN9",5,12,19,19,16,5,6,9,4,16
"PARP1",13,77,74,76,65,35,21,44,13,40
"STUM",6,35,17,37,16,1,3,1,1,17
"ITPKB",82,980,599,1593,1082,208,340,436,224,646
"ITPKB-AS1",15,238,206,151,173,20,59,88,7,298
"PSEN2",3,12,6,10,10,3,6,5,2,11
"COQ8A",8,21,42,83,50,22,17,26,13,28
"CDC42BPA",169,703,563,1022,1014,307,446,503,195,594
"AL451047.1",2,7,7,5,7,3,5,3,3,13
"LINC01641",0,2,0,0,1,0,0,0,0,1
"ZNF678",11,49,30,55,65,17,32,33,14,50
"SNAP47",2,34,34,49,33,12,5,22,5,28
"JMJD4",1,14,13,12,8,0,7,9,2,6
"PRSS38",0,1,0,0,0,0,0,2,0,2
"WNT9A",1,2,1,3,2,0,1,0,1,1
"WNT3A",0,1,0,0,1,0,0,0,0,2
"AL136379.1",0,0,0,0,1,0,0,0,0,0
"ARF1",14,90,93,100,104,44,25,51,19,44
"C1orf35",16,57,58,58,55,30,14,39,15,41
"MRPL55",18,48,57,80,38,6,8,17,9,33
"GUK1",43,153,144,167,154,53,64,85,31,81
"GJC2",1,6,9,36,12,6,1,1,3,2
"IBA57-DT",1,0,1,0,1,0,1,1,0,0
"IBA57",2,7,6,4,7,3,0,2,1,16
"OBSCN-AS1",0,0,0,0,0,0,0,1,0,0
"OBSCN",5,5,2,8,7,2,2,3,2,4
"AL353593.1",0,0,0,0,0,0,0,0,0,0
"AL670729.3",0,0,0,1,0,1,2,1,0,0
"TRIM11",3,9,14,19,15,4,0,5,2,8
"AL670729.1",0,0,0,0,1,0,0,0,0,0
"TRIM17",1,4,2,1,3,0,0,0,0,2
"HIST3H2A",3,7,11,7,4,3,1,3,0,6
"HIST3H2BB",0,0,1,0,0,0,0,0,0,0
"RNF187",12,84,55,132,46,20,24,55,19,16
"RHOU",13,125,46,108,74,29,22,22,33,54
"AL137793.2",0,0,0,0,0,0,0,0,0,1
"RAB4A",18,167,56,82,108,61,45,74,22,99
"AL117350.1",1,6,3,8,5,3,3,2,2,10
"CCSAP",5,58,36,74,50,23,23,22,7,26
"ACTA1",0,0,0,2,0,0,0,0,0,0
"NUP133",16,97,63,109,103,30,30,50,26,76
"AL121990.1",1,0,0,1,1,0,0,0,0,0
"ABCB10",11,34,36,52,44,15,20,17,5,49
"TAF5L",3,26,25,30,39,10,9,7,7,18
"URB2",2,13,12,18,9,2,1,2,2,10
"LINC01736",1,0,2,4,8,0,0,1,1,4
"GALNT2",21,196,105,243,215,54,56,151,30,168
"AL136988.2",0,4,6,8,0,0,1,5,1,3
"PGBD5",10,53,71,88,81,11,10,16,10,53
"AL133516.1",0,2,2,2,6,0,0,0,0,1
"COG2",9,43,40,79,88,24,23,39,14,49
"AGT",75,580,248,280,378,309,182,240,128,236
"AL512328.1",1,3,6,12,3,0,1,2,1,9
"CAPN9",2,19,12,0,6,1,2,3,3,6
"C1orf198",19,149,98,179,133,62,64,119,35,93
"AL118511.1",0,0,1,0,2,0,0,1,0,0
"TTC13",21,59,63,100,99,23,22,58,18,70
"ARV1",11,36,29,35,54,25,15,37,7,36
"FAM89A",3,12,6,5,4,0,3,9,3,3
"TRIM67",0,0,0,0,3,1,0,1,1,0
"C1orf131",6,31,63,34,61,10,16,21,12,42
"GNPAT",12,53,55,60,61,18,28,40,14,56
"EXOC8",1,11,9,8,7,7,5,2,6,10
"SPRTN",1,20,8,18,16,8,7,11,2,14
"EGLN1",15,94,75,171,124,26,44,49,19,86
"AL445524.1",1,0,1,4,7,1,1,1,0,4
"TSNAX-DISC1",1,11,6,12,10,7,3,6,4,6
"LINC00582",0,0,1,2,4,0,0,1,1,1
"DISC1",1,32,29,23,27,3,10,10,6,29
"AL353052.1",0,0,0,0,0,0,0,0,0,0
"SIPA1L2",1,85,23,77,40,6,12,15,2,18
"LINC01744",0,1,0,0,0,0,2,2,1,2
"MAP10",1,2,2,2,2,3,1,3,2,3
"NTPCR",13,33,43,52,54,16,17,34,9,46
"PCNX2",23,129,117,154,142,42,56,56,27,71
"MAP3K21",1,8,12,20,15,2,2,3,1,3
"KCNK1",4,25,49,80,55,11,12,11,7,20
"SLC35F3",11,70,140,178,156,11,7,13,5,17
"AL122008.4",0,0,1,0,0,0,0,0,0,0
"AL355472.3",0,5,15,8,15,0,1,0,1,4
"AL355472.4",0,0,6,5,3,0,0,0,0,1
"AL355472.1",7,58,36,31,21,20,12,40,4,50
"COA6",11,14,17,12,20,13,2,12,2,15
"TARBP1",25,96,122,155,104,13,18,36,14,59
"LINC01354",0,5,8,5,10,0,3,6,3,15
"AL161640.1",0,0,0,1,0,0,0,0,0,1
"IRF2BP2",11,90,47,126,115,59,46,66,45,62
"AL160408.2",0,0,1,1,1,0,2,0,0,0
"LINC00184",0,0,0,1,0,0,0,0,0,1
"AL160408.1",0,0,0,1,2,0,2,0,1,2
"AL160408.3",0,0,0,0,0,0,0,0,0,0
"AL160408.6",0,0,0,0,0,0,0,0,0,1
"LINC01132",0,1,1,1,1,0,0,0,0,0
"AL391832.2",0,0,0,0,2,0,0,0,0,0
"LINC01348",0,0,0,0,0,0,0,0,0,0
"AL732292.2",0,0,2,3,2,0,0,1,1,2
"TOMM20",25,107,93,179,101,37,32,43,18,44
"RBM34",0,1,0,1,1,1,1,1,1,1
"ARID4B",81,366,255,537,436,98,148,164,92,325
"GGPS1",0,0,0,1,0,0,0,0,0,0
"TBCE",3,21,37,41,28,4,2,12,0,31
"AL357556.4",1,0,0,0,0,0,1,1,0,0
"TBCE-1",1,3,4,8,3,1,1,4,2,5
"B3GALNT2",7,93,59,58,88,13,26,24,11,71
"GNG4",2,8,6,13,8,2,2,6,2,11
"LYST",33,167,141,234,271,67,72,116,50,137
"AL139161.1",0,0,0,0,1,0,1,1,0,0
"NID1",4,31,10,20,22,6,9,16,2,20
"GPR137B",16,77,70,75,102,43,36,63,18,82
"ERO1B",10,61,54,73,108,13,34,40,12,66
"EDARADD",6,17,23,42,30,54,4,45,39,18
"LGALS8",3,29,35,32,37,11,12,18,11,18
"LGALS8-AS1",0,0,0,0,0,0,0,0,0,0
"AL359921.2",0,0,0,6,2,0,0,2,0,1
"AL359921.1",3,9,8,23,25,4,6,6,4,6
"HEATR1",8,29,25,56,44,13,15,29,9,28
"ACTN2",8,35,41,35,35,5,6,7,5,50
"MTR",24,122,74,112,109,20,30,46,17,84
"MT1HL1",0,0,0,0,1,0,0,3,1,0
"RYR2",40,262,372,519,553,61,30,55,26,112
"AL359924.1",0,1,1,2,1,1,0,0,0,0
"MTRNR2L11",0,0,0,0,0,0,0,0,0,0
"AL356010.2",0,1,0,1,0,0,0,0,0,0
"AL359551.1",0,2,0,1,2,0,1,0,0,0
"AC093426.1",0,0,1,0,0,0,0,0,0,1
"CHRM3",35,129,247,344,309,30,21,23,19,64
"CHRM3-AS2",2,5,13,13,3,0,1,0,0,1
"FMN2",272,2318,1173,2954,2127,461,635,974,384,1733
"AL359918.2",0,3,4,2,2,0,0,0,0,2
"AL590490.1",0,0,0,0,0,0,0,1,0,0
"GREM2",2,7,14,13,6,9,2,4,0,5
"AL365184.2",0,0,0,0,0,0,0,0,0,0
"AL365184.1",0,0,0,0,0,0,0,0,0,0
"RGS7",124,453,571,759,753,131,165,271,96,563
"AL359764.1",0,2,5,4,1,1,0,0,0,1
"FH",3,18,14,12,16,4,5,15,2,17
"KMO",1,1,2,1,3,0,0,0,0,1
"OPN3",4,11,23,14,29,6,1,11,2,11
"WDR64",2,9,11,10,10,4,3,1,3,12
"EXO1",0,0,0,1,0,0,0,0,2,2
"MAP1LC3C",0,1,0,0,0,0,0,1,0,0
"PLD5",26,45,179,178,479,134,80,179,12,32
"AL591686.2",6,10,69,6,221,79,67,101,1,5
"AL591686.1",0,0,0,0,7,4,1,4,0,0
"CEP170",41,203,155,393,256,63,93,147,52,149
"AL606534.1",1,1,3,3,1,1,0,4,0,0
"AL606534.2",1,0,0,0,1,0,0,0,0,1
"SDCCAG8",77,345,375,534,569,124,146,194,72,406
"AKT3",162,1313,790,1419,1391,414,680,618,329,993
"AL591721.1",0,0,2,0,0,0,0,0,0,0
"AL591885.1",4,13,6,13,27,0,2,5,0,11
"ZBTB18",13,62,55,124,100,56,29,57,27,46
"AL590483.1",1,1,0,1,0,2,0,0,1,2
"C1orf100",1,2,3,3,3,3,3,2,1,2
"AL645465.1",1,17,10,20,30,9,6,8,3,8
"ADSS",9,25,16,61,34,4,14,9,6,19
"CATSPERE",21,52,54,45,73,8,15,8,12,51
"DESI2",11,31,30,56,62,17,10,18,14,43
"AL451007.3",0,0,3,1,0,0,2,0,0,1
"AL451007.2",0,0,0,0,0,0,0,0,0,0
"COX20",34,60,89,135,113,91,40,99,25,66
"HNRNPU",37,261,194,404,282,89,81,143,52,208
"BX323046.1",0,1,0,0,0,1,0,0,0,0
"AL356512.1",2,1,0,1,0,2,0,1,1,0
"EFCAB2",27,145,212,361,322,56,41,133,55,233
"KIF26B",7,42,64,102,53,12,13,18,10,43
"KIF26B-AS1",1,3,1,5,2,0,1,0,0,4
"SMYD3",169,664,729,1404,1126,274,346,463,194,1001
"AC118555.1",0,0,2,1,2,0,0,2,0,2
"AC092801.1",0,0,0,0,0,0,0,0,0,0
"TFB2M",3,9,4,16,8,4,5,4,4,5
"CNST",14,59,72,116,95,21,25,17,11,43
"AL591848.3",0,0,1,0,0,0,0,0,0,0
"AL591848.2",0,0,2,2,1,0,0,0,0,0
"SCCPDH",16,66,39,50,75,32,23,32,15,52
"AL591848.4",0,1,0,1,1,0,0,0,0,0
"AHCTF1",11,196,84,196,140,51,62,95,28,135
"ZNF670-ZNF695",0,6,6,3,5,1,4,3,0,1
"ZNF669",1,4,7,3,6,2,3,4,1,4
"C1orf229",0,2,0,0,0,0,1,0,0,0
"ZNF124",2,9,17,23,22,2,5,14,4,23
"AL390728.6",2,9,8,43,14,16,8,9,5,18
"AL390728.5",0,2,5,3,5,1,1,1,2,0
"ZNF496",5,32,26,44,29,2,11,10,2,16
"NLRP3",1,1,4,1,1,0,0,0,0,0
"OR2B11",0,0,0,0,0,0,0,0,0,0
"GCSAML",0,0,2,1,1,0,1,0,1,2
"AL606804.1",0,0,0,0,0,0,0,0,0,0
"AL390860.1",0,2,5,3,4,7,3,10,2,7
"TRIM58",0,0,1,4,3,0,0,1,0,4
"OR2AJ1",0,0,0,1,0,0,0,0,0,3
"OR2L8",0,0,0,0,0,0,0,0,0,0
"OR2AK2",0,0,0,1,0,0,0,0,0,0
"OR2L5",0,0,5,1,3,0,0,3,0,0
"OR2L2",0,4,6,1,5,0,0,3,2,1
"OR2L3",0,5,6,6,7,0,0,3,2,1
"OR2L13",0,6,3,1,3,1,0,2,1,5
"OR2M2",0,1,0,0,1,0,0,0,0,0
"OR2M3",0,0,2,1,1,0,0,0,0,0
"OR2M4",0,2,3,2,1,0,0,1,1,0
"OR2T12",1,0,3,1,5,0,1,1,1,2
"OR2T6",0,0,0,1,1,0,0,1,0,0
"OR2G6",0,0,1,0,0,1,0,0,0,0
"AC098483.1",0,0,0,0,0,0,0,0,0,0
"OR2T10",0,0,1,0,0,0,0,0,0,0
"OR2T11",0,0,0,0,0,0,0,0,0,0
"OR2T27",0,0,0,0,0,0,0,0,0,0
"OR14I1",0,0,1,0,0,0,0,0,0,0
"LYPD8",1,3,2,8,8,0,0,3,0,0
"SH3BP5L",2,13,7,35,17,8,7,10,5,7
"ZNF672",1,21,14,23,7,5,2,17,6,9
"ZNF692",29,33,112,154,133,34,32,60,31,57
"AL672291.1",0,0,0,0,0,0,0,1,0,0
"PGBD2",0,1,2,1,4,1,1,2,2,6
"FAM110C",0,5,0,7,3,0,3,2,0,3
"SH3YL1",12,42,71,129,127,35,44,79,21,64
"ACP1",9,25,22,20,33,16,9,26,6,27
"ALKAL2",0,0,1,0,0,0,0,0,0,0
"LINC01865",0,1,2,1,2,0,0,0,0,3
"AC105393.2",0,0,0,0,0,1,1,0,0,1
"AC093326.1",0,0,0,0,0,0,0,0,0,0
"TMEM18",5,14,20,16,15,2,7,7,5,8
"AC092159.2",0,1,1,0,0,0,0,0,0,2
"AC092159.1",0,0,0,0,0,0,0,0,0,0
"LINC01115",0,0,0,1,0,3,1,0,0,0
"AC116614.1",0,0,0,0,0,0,0,0,0,0
"SNTG2",2,8,9,7,4,1,4,6,0,5
"TPO",0,1,1,2,1,1,1,1,1,0
"AC141930.1",0,0,0,1,0,0,0,0,0,0
"AC144450.1",0,0,0,0,0,0,0,1,0,0
"PXDN",4,15,3,16,10,2,0,2,1,8
"MYT1L",25,129,175,312,213,20,25,30,5,45
"AC093390.2",0,0,0,0,1,0,0,0,0,0
"AC093390.1",0,0,0,0,0,0,0,0,0,0
"MYT1L-AS1",0,0,0,1,0,0,0,0,0,0
"AC018685.2",0,0,0,0,1,0,0,0,0,0
"AC011995.2",0,1,0,0,0,0,0,0,0,0
"LINC01250",12,31,48,79,87,7,2,8,5,11
"AC019118.2",2,2,5,10,15,0,3,4,1,3
"EIPR1",7,48,43,62,68,17,14,22,22,35
"TRAPPC12",44,122,110,151,158,36,27,68,25,116
"TRAPPC12-AS1",0,2,0,1,3,0,0,2,0,1
"AC114810.1",0,0,0,0,0,0,0,0,0,0
"ADI1",10,46,48,88,59,23,37,40,16,67
"AC231981.1",1,8,22,14,30,4,10,12,2,26
"AC108488.1",0,0,1,1,0,0,1,0,0,0
"AC108488.2",0,13,10,24,11,2,5,6,0,8
"RNASEH1",0,3,1,1,4,1,0,0,0,4
"RNASEH1-AS1",5,13,20,11,9,3,6,6,2,21
"RPS7",10,64,57,44,101,56,27,70,17,45
"COLEC11",0,2,4,4,3,2,0,0,1,1
"ALLC",0,0,1,0,4,0,0,0,0,0
"DCDC2C",0,3,3,0,1,0,0,0,1,1
"LINC01304",0,0,2,1,1,0,0,0,0,2
"LINC01249",0,0,1,0,0,0,0,1,0,1
"AC107057.1",0,0,0,0,0,0,0,0,0,0
"LINC01248",0,2,1,1,1,1,0,1,1,0
"SOX11",1,4,0,5,1,0,0,0,1,1
"AC010729.1",0,1,0,0,1,0,0,1,0,0
"LINC00487",0,0,0,0,0,0,0,0,0,1
"NRIR",0,2,2,3,1,1,1,1,0,4
"CMPK2",1,4,3,6,0,1,1,3,0,0
"RSAD2",1,9,4,9,12,3,0,2,5,6
"AC017076.1",0,0,1,0,0,0,1,0,0,0
"RNF144A",39,100,100,251,196,41,39,57,26,87
"AC068481.1",0,4,1,1,0,0,0,0,0,0
"AC010904.2",0,0,0,0,0,0,0,0,0,0
"LINC01871",0,1,0,0,1,0,1,0,0,0
"AC007463.1",0,0,0,1,3,1,2,2,0,2
"LINC00298",10,73,57,131,101,37,39,69,21,100
"LINC00299",129,315,558,829,850,119,182,236,91,792
"AC011747.2",5,6,1,3,3,1,0,3,0,1
"AC011747.1",0,0,0,1,2,0,0,0,0,0
"ID2-AS1",4,15,2,9,9,5,4,5,3,5
"ID2",88,252,229,333,283,100,78,213,40,212
"KIDINS220",54,236,226,436,413,128,124,231,90,204
"MBOAT2",68,285,172,248,244,66,97,120,55,188
"AC093904.1",0,0,0,0,0,0,0,1,0,0
"ASAP2",45,186,202,382,280,73,56,114,36,257
"ITGB1BP1",15,64,70,62,97,15,28,31,17,64
"CPSF3",3,17,15,32,26,14,8,16,3,26
"IAH1",12,44,42,56,67,23,29,38,11,85
"ADAM17",19,105,94,123,127,25,46,67,17,144
"AC080162.1",2,7,7,13,7,2,6,5,1,6
"AC073195.1",1,7,19,6,7,1,5,11,1,14
"YWHAQ",43,165,107,196,145,57,44,54,29,59
"AC082651.1",1,0,4,2,2,0,0,2,0,2
"AC082651.4",0,1,0,0,1,1,2,0,0,2
"AC082651.3",0,0,0,1,0,0,0,1,0,0
"TAF1B",8,33,43,96,81,29,28,30,9,41
"AC010969.2",0,3,1,2,5,1,0,5,0,2
"GRHL1",1,5,6,10,14,2,3,4,0,9
"AC104794.2",2,0,3,2,2,1,0,0,0,0
"KLF11",0,2,1,2,1,0,0,2,2,2
"AC104794.4",0,0,0,1,0,0,0,0,0,0
"CYS1",4,6,5,6,12,5,7,3,0,7
"AC104794.1",0,1,0,0,0,0,0,0,0,0
"RRM2",0,0,0,0,0,0,0,0,0,0
"AC007240.1",0,0,1,0,0,0,0,0,0,0
"C2orf48",0,3,0,0,0,1,0,0,0,0
"HPCAL1",16,53,55,70,57,30,15,45,8,43
"ODC1",1,22,8,9,8,7,6,11,1,6
"AC007249.2",0,1,0,1,0,0,0,1,0,0
"NOL10",13,88,76,125,110,20,24,62,21,79
"AC007314.1",0,1,1,1,1,0,0,1,0,2
"RN7SL832P",3,2,2,2,4,1,2,2,0,7
"ATP6V1C2",1,19,12,19,13,4,2,5,0,9
"AC092687.3",0,0,0,0,0,0,0,0,0,0
"PDIA6",13,83,48,83,99,67,26,89,22,63
"AC092687.1",0,0,0,0,1,0,0,0,0,1
"LINC01954",0,2,6,3,8,4,2,5,0,0
"KCNF1",0,15,9,21,8,2,0,3,2,2
"AC062028.1",0,4,7,6,4,0,0,1,0,0
"C2orf50",0,3,6,5,3,1,0,5,1,4
"PQLC3",5,12,20,18,40,18,7,14,4,22
"ROCK2",33,128,194,344,283,64,63,100,40,161
"AC099344.1",0,3,0,2,1,1,1,2,0,3
"LINC00570",0,1,0,0,0,0,0,0,0,0
"E2F6",5,16,20,40,30,6,7,19,12,11
"GREB1",5,87,50,86,84,30,31,61,19,74
"NTSR2",14,60,49,35,87,39,21,71,20,77
"LPIN1",86,476,313,400,424,137,229,297,118,462
"MIR3681HG",2,13,20,16,15,1,6,7,3,15
"AC096559.1",0,0,0,0,1,0,0,0,0,0
"TRIB2",19,32,39,106,54,29,25,55,13,46
"AC073062.1",0,1,1,0,0,0,0,1,1,2
"LINC00276",5,28,29,45,24,15,11,24,11,20
"AC016730.1",0,0,0,0,0,0,0,0,0,0
"AC011897.1",0,0,0,0,0,0,0,0,0,1
"FAM84A",3,21,20,19,16,4,5,3,0,2
"AC068286.1",0,6,3,3,2,0,0,0,1,1
"NBAS",45,213,197,351,284,53,79,145,50,195
"AC008278.2",0,0,1,1,0,0,0,0,0,0
"DDX1",11,91,63,74,93,28,25,47,10,51
"AC008278.1",0,1,1,1,0,1,0,0,0,0
"LINC01804",0,3,1,1,2,0,0,1,0,1
"MYCNUT",0,0,0,0,1,0,0,0,0,0
"MYCNOS",0,0,1,0,0,0,0,1,0,1
"MYCN",0,3,1,2,4,3,1,0,0,1
"AC010145.1",0,6,3,2,3,0,0,1,0,2
"GACAT3",1,1,3,1,1,0,0,1,0,0
"AC130710.1",0,0,1,1,0,0,0,0,0,0
"AC010745.2",0,2,1,0,0,1,0,1,0,1
"AC010745.5",0,0,0,0,0,0,0,0,0,0
"AC010880.1",1,0,0,0,1,0,0,0,0,0
"FAM49A",38,147,167,206,236,59,50,108,43,164
"AC008164.1",0,1,0,0,0,0,0,0,0,0
"RAD51AP2",0,2,1,0,2,0,0,0,0,1
"VSNL1",73,172,153,206,142,36,33,35,9,40
"SMC6",14,62,47,88,102,31,26,51,30,67
"GEN1",2,17,12,16,47,2,4,8,3,15
"KCNS3",2,7,10,21,11,2,4,3,2,6
"AC079148.1",0,2,4,1,0,0,0,0,1,0
"RDH14",6,21,10,19,28,18,12,19,6,8
"LINC01376",24,99,66,74,76,6,15,12,14,80
"OSR1",0,0,0,1,0,0,0,0,0,0
"AC010096.1",2,1,2,4,2,0,1,1,1,2
"LINC01808",0,0,0,3,2,0,0,0,0,0
"LINC00954",0,0,1,4,1,0,0,0,0,1
"TTC32",6,14,17,39,37,14,7,14,9,16
"AC013400.1",0,0,3,1,0,1,0,1,0,0
"WDR35",14,67,32,69,88,38,38,56,22,74
"AC079145.1",1,4,2,1,6,0,2,2,1,3
"MATN3",0,0,0,2,1,0,0,1,0,0
"LAPTM4A",29,234,166,228,206,125,89,139,25,152
"AC098828.2",1,0,0,0,0,1,0,2,0,4
"AC098828.3",0,0,0,0,0,0,1,0,0,0
"SDC1",0,0,2,0,1,0,0,0,0,1
"PUM2",56,231,175,418,323,107,105,131,65,262
"RHOB",22,218,71,355,109,133,127,136,90,112
"AC023137.1",0,1,0,1,0,1,0,0,0,0
"HS1BP3",4,26,22,33,18,8,8,12,3,16
"GDF7",0,0,1,1,3,0,0,0,0,0
"AC012065.4",0,1,1,0,0,0,0,0,1,0
"LDAH",23,69,60,88,106,30,38,47,25,81
"APOB",0,2,0,0,1,1,1,0,0,0
"TDRD15",0,0,0,0,0,0,0,0,0,0
"AC018742.1",1,4,3,3,4,0,0,1,1,2
"LINC01830",2,4,12,11,6,1,0,0,1,7
"AC096570.1",0,0,1,1,1,1,0,0,0,0
"AC018467.1",0,3,5,4,2,1,0,3,1,2
"AC012506.2",0,0,0,0,0,0,0,0,0,0
"AC012506.4",0,0,0,0,0,0,0,0,0,0
"KLHL29",7,27,40,71,51,6,4,10,2,17
"AC011239.1",1,0,0,0,0,0,0,0,0,0
"AC009242.1",0,2,2,3,1,1,0,3,1,2
"ATAD2B",44,207,147,302,297,81,87,138,67,189
"UBXN2A",26,123,128,172,179,32,44,68,20,175
"MFSD2B",3,2,9,6,10,0,1,5,3,9
"WDCP",0,7,6,6,12,2,3,3,2,5
"FKBP1B",3,7,8,6,9,0,1,2,2,5
"SF3B6",15,38,23,38,33,31,16,30,15,29
"FAM228B",23,95,74,97,104,28,29,43,18,91
"TP53I3",2,6,12,9,9,5,5,17,6,11
"PFN4",2,3,4,2,2,0,0,2,1,3
"AC008073.3",0,6,9,6,8,3,1,2,2,6
"AC008073.2",0,0,1,1,1,0,0,0,0,1
"FAM228A",3,3,2,0,0,0,1,0,0,0
"ITSN2",39,184,174,256,267,79,77,129,38,190
"AC009228.1",2,7,18,15,11,1,1,1,1,15
"NCOA1",200,1501,866,1840,1593,439,578,795,253,1342
"PTRHD1",7,26,23,22,20,10,14,11,5,10
"CENPO",2,18,13,33,24,35,9,20,6,27
"ADCY3",8,72,59,123,78,36,51,59,21,71
"AC012073.1",0,0,0,0,0,0,0,0,0,0
"DNAJC27",17,68,41,52,47,16,27,32,13,47
"DNAJC27-AS1",14,57,47,62,86,15,19,25,7,73
"EFR3B",61,199,215,295,264,51,72,112,52,274
"POMC",0,2,0,0,1,2,1,1,1,1
"LINC01381",0,0,1,0,0,0,0,0,1,2
"DNMT3A",41,92,97,107,143,27,36,53,25,115
"AC012074.1",0,0,5,3,3,1,2,1,0,1
"DTNB",67,216,231,340,304,56,61,108,57,204
"AC104699.1",2,2,1,2,4,0,0,0,0,5
"ASXL2",26,114,99,224,195,56,43,101,20,167
"KIF3C",8,40,37,93,74,15,22,17,7,27
"RAB10",35,217,162,281,233,110,86,143,50,195
"GAREM2",22,33,76,147,96,27,31,49,22,54
"HADHA",20,114,113,101,139,44,36,58,27,110
"HADHB",21,162,101,125,146,37,42,71,30,149
"ADGRF3",2,12,13,12,26,13,16,15,6,30
"SELENOI",17,79,73,92,90,26,22,52,17,85
"DRC1",1,3,11,9,16,7,7,7,5,6
"OTOF",0,4,4,6,7,1,1,3,3,2
"C2orf70",0,0,0,0,1,2,0,0,0,0
"CIB4",0,0,0,1,0,1,1,1,0,0
"KCNK3",2,7,7,7,6,0,0,2,0,1
"CENPA",0,8,5,10,10,4,3,5,2,2
"DPYSL5",30,78,88,134,59,18,17,40,32,39
"AC013472.2",1,18,8,15,14,2,2,7,1,16
"MAPRE3",24,77,87,164,101,24,34,53,26,80
"TMEM214",3,14,22,55,20,9,14,18,4,11
"AGBL5",6,58,71,95,74,12,18,37,1,69
"AGBL5-AS1",0,0,0,0,0,0,0,0,0,0
"AC013472.3",0,0,2,4,1,1,0,0,0,0
"AC013403.2",0,1,2,0,0,0,0,0,0,0
"OST4",13,51,54,49,52,33,24,35,11,31
"EMILIN1",4,13,24,32,24,10,6,14,6,15
"KHK",2,8,16,10,10,5,3,0,2,8
"CGREF1",0,9,14,13,7,3,2,2,0,5
"ABHD1",8,7,7,5,14,3,2,8,3,17
"PREB",3,18,30,30,26,8,5,23,4,22
"TCF23",0,0,0,0,0,0,0,0,0,1
"SLC5A6",3,11,30,53,30,10,5,10,3,21
"ATRAID",5,37,60,39,42,33,14,37,7,32
"CAD",5,22,32,73,28,10,9,25,11,36
"SLC30A3",1,13,21,20,9,1,1,0,1,2
"DNAJC5G",1,4,5,3,3,1,0,1,0,0
"TRIM54",0,4,4,0,3,0,0,2,1,1
"UCN",5,6,16,15,17,14,7,9,9,20
"MPV17",14,18,37,35,41,13,11,37,4,47
"GTF3C2",12,46,36,64,46,8,6,19,7,30
"GTF3C2-AS1",0,3,1,1,1,0,0,0,0,2
"AC074117.1",3,19,27,48,37,6,3,28,10,21
"EIF2B4",11,59,37,60,49,14,10,28,14,24
"SNX17",6,41,28,41,31,13,13,26,13,17
"ZNF513",4,13,9,19,13,5,2,10,8,11
"PPM1G",11,83,58,72,61,27,19,44,12,44
"NRBP1",13,68,53,95,76,23,15,34,12,49
"KRTCAP3",2,2,3,6,2,2,3,1,1,0
"IFT172",29,96,134,235,186,62,51,100,29,153
"FNDC4",7,46,29,32,26,12,11,19,3,24
"GCKR",2,8,6,5,3,0,1,0,1,1
"C2orf16",0,2,4,6,2,2,1,2,0,3
"ZNF512",7,38,19,38,49,8,15,18,5,28
"CCDC121",0,3,10,3,11,5,3,9,1,2
"GPN1",3,7,16,11,10,9,6,9,0,9
"SUPT7L",14,44,38,64,54,30,22,46,12,53
"SLC4A1AP",4,45,29,55,45,17,14,24,6,28
"LINC01460",0,0,1,0,1,0,0,0,0,0
"MRPL33",12,103,93,74,84,43,36,39,15,78
"RBKS",6,49,37,75,52,3,11,21,5,37
"BABAM2",65,278,229,339,318,76,97,149,63,259
"AC093690.1",0,0,0,0,0,0,0,0,0,0
"AC104695.2",0,0,1,0,0,1,0,1,0,0
"FOSL2",3,29,14,31,6,3,8,8,5,8
"AC104695.3",0,1,0,1,0,0,0,0,1,0
"PLB1",1,3,9,9,6,0,3,3,0,4
"AC074011.1",1,3,0,2,3,1,0,0,0,0
"AC092164.1",6,17,12,19,11,7,6,5,6,10
"PPP1CB",4,69,36,77,94,13,15,28,9,63
"SPDYA",4,16,30,82,59,12,12,19,4,62
"AC097724.1",0,0,0,5,2,0,0,2,0,0
"TRMT61B",9,45,45,77,65,18,18,31,11,59
"WDR43",11,47,39,69,62,11,14,29,10,45
"TOGARAM2",12,60,35,46,100,71,25,44,21,43
"C2orf71",0,0,2,1,0,1,0,1,0,1
"CLIP4",40,304,224,415,315,100,140,231,68,241
"ALK",17,148,154,305,363,51,73,77,54,259
"AC106870.1",0,1,0,0,0,0,0,0,0,1
"AC016907.2",5,14,18,16,20,2,7,6,2,29
"YPEL5",12,53,45,72,52,16,15,34,16,23
"LBH",1,2,3,4,2,2,1,2,0,4
"LINC01936",0,1,0,0,0,0,0,0,0,0
"LCLAT1",14,80,58,99,112,23,39,54,10,56
"CAPN13",1,3,1,1,1,2,0,0,0,1
"GALNT14",3,6,7,27,13,1,4,4,1,10
"CAPN14",0,0,0,1,1,0,1,0,0,2
"EHD3",3,14,26,29,27,2,3,8,2,2
"XDH",0,0,3,2,1,0,0,0,0,0
"SRD5A2",0,0,0,0,2,0,0,0,0,0
"AL133247.1",0,1,0,0,0,0,0,0,0,0
"AL121652.1",0,2,0,3,2,1,1,1,0,2
"MEMO1",7,30,46,137,74,22,17,55,11,41
"DPY30",22,51,47,66,76,28,20,57,12,42
"AL121655.1",0,0,0,0,1,0,0,1,0,1
"SPAST",14,82,72,120,93,35,30,19,21,72
"AL121658.1",0,3,1,2,6,0,4,2,0,2
"SLC30A6",6,41,48,60,61,25,15,33,13,48
"NLRC4",1,5,8,5,3,3,1,2,1,3
"YIPF4",22,105,98,134,127,33,46,80,24,98
"AL133245.1",1,2,3,6,2,1,0,0,0,0
"BIRC6",131,724,477,973,776,198,235,364,140,470
"BIRC6-AS1",0,1,1,0,0,0,0,0,0,0
"TTC27",6,37,40,67,75,22,27,39,12,57
"LINC00486",9,15,10,14,18,4,3,5,10,21
"AL121656.1",0,0,1,0,1,0,0,0,0,0
"LTBP1",28,194,120,282,268,85,46,48,29,207
"RASGRP3",27,41,37,63,78,18,12,16,12,33
"AC020594.1",1,3,2,15,7,0,1,7,1,16
"FAM98A",8,21,24,38,29,18,5,10,6,12
"LINC01317",11,16,21,28,21,20,1,21,11,24
"AC068599.1",2,11,13,8,14,16,7,4,7,20
"LINC01320",0,1,0,1,0,2,0,0,0,3
"AC073218.2",0,0,1,0,0,0,0,0,0,0
"AC012593.1",95,309,259,226,348,55,89,127,61,206
"AC009414.2",6,13,11,11,16,4,4,3,2,5
"CRIM1",27,198,136,252,196,61,119,96,51,141
"AC007378.1",0,0,0,0,0,0,0,0,0,0
"FEZ2",29,215,137,255,201,45,94,99,23,189
"VIT",0,3,2,7,6,1,1,3,1,3
"STRN",25,100,91,103,117,35,36,56,31,95
"HEATR5B",22,85,95,124,173,33,41,63,19,96
"GPATCH11",0,17,15,16,15,11,15,18,5,23
"EIF2AK2",16,73,72,93,123,27,53,45,15,71
"SULT6B1",0,3,0,2,1,1,0,2,1,1
"CEBPZOS",21,69,63,75,82,47,22,46,22,94
"CEBPZ",11,79,47,65,70,23,17,43,10,63
"NDUFAF7",1,32,27,28,42,26,15,21,5,33
"PRKD3",13,40,41,84,91,16,38,25,14,87
"QPCT",4,5,6,16,8,0,3,1,1,0
"AC006369.1",0,0,1,1,3,0,0,1,0,1
"CDC42EP3",3,3,11,9,8,0,2,1,1,4
"AC006369.2",0,0,0,0,0,0,0,0,0,1
"LINC00211",0,0,1,1,1,0,0,0,0,0
"RMDN2",7,60,41,55,62,15,19,30,7,46
"RMDN2-AS1",1,10,18,20,12,6,5,7,2,9
"CYP1B1",2,6,5,17,9,1,0,2,0,5
"CYP1B1-AS1",2,17,30,26,31,3,2,2,5,14
"AC009229.2",0,0,1,1,0,0,0,0,0,1
"AC009229.1",0,0,0,0,0,0,0,0,0,0
"ATL2",32,112,65,159,141,43,50,63,18,127
"AC011247.1",0,4,8,8,19,1,2,1,1,3
"LINC01883",0,0,0,0,0,0,0,0,0,0
"HNRNPLL",5,64,66,135,116,33,48,56,15,78
"GALM",7,22,43,57,66,13,7,21,5,70
"SRSF7",23,148,120,118,167,53,53,79,17,141
"GEMIN6",4,6,11,5,2,4,5,5,0,7
"DHX57",16,79,57,79,74,13,25,38,12,47
"MORN2",4,13,14,12,11,4,5,9,2,8
"ARHGEF33",1,2,8,15,25,4,4,9,2,12
"AC019171.1",1,0,0,1,0,0,0,0,0,0
"SOS1",59,216,198,373,376,100,137,205,68,232
"CDKL4",2,2,5,10,8,4,1,2,1,5
"MAP4K3",48,287,213,373,326,89,120,162,53,311
"AC007388.1",17,123,117,131,150,27,35,37,11,115
"TMEM178A",7,27,36,65,39,8,2,8,7,12
"THUMPD2",12,58,58,48,78,22,21,37,12,67
"SLC8A1-AS1",3,34,41,33,18,2,2,5,0,14
"SLC8A1",40,186,305,492,358,54,32,49,30,101
"LINC01794",0,1,0,0,1,0,0,0,0,0
"LINC01913",0,0,0,0,1,0,0,0,0,0
"C2orf91",0,0,2,0,1,0,1,1,0,0
"AC013480.1",0,0,0,2,1,0,0,0,0,0
"PKDCC",1,3,12,51,15,9,7,11,8,6
"AC083949.1",0,2,4,6,4,1,0,0,0,2
"EML4",14,85,86,128,112,28,36,49,21,78
"COX7A2L",20,63,57,94,68,14,14,27,22,38
"KCNG3",0,2,8,4,7,2,0,1,0,2
"MTA3",34,148,119,229,176,41,59,78,36,122
"OXER1",0,1,1,0,0,0,0,1,1,0
"HAAO",0,7,7,12,12,2,4,5,2,4
"AC016735.1",1,0,3,1,0,0,0,0,0,0
"LINC01819",1,0,2,1,3,2,0,1,1,1
"LINC02580",0,0,0,0,0,0,0,0,0,0
"ZFP36L2",19,78,48,129,100,26,20,41,20,85
"AC010883.1",1,2,2,2,1,1,1,0,0,0
"THADA",40,130,117,281,244,39,81,87,38,156
"PLEKHH2",9,56,25,28,36,27,18,35,11,32
"C1GALT1C1L",1,0,3,0,2,2,1,1,0,3
"DYNC2LI1",27,126,91,151,163,60,62,87,32,142
"ABCG5",0,1,3,3,4,0,1,2,0,8
"ABCG8",0,1,2,3,4,1,1,1,0,1
"LRPPRC",26,122,67,120,126,31,27,69,21,100
"AC019129.2",0,1,3,2,3,2,2,1,0,2
"PPM1B",46,313,155,429,315,94,159,162,49,251
"SLC3A1",1,18,14,11,10,7,5,8,1,16
"PREPL",60,384,276,528,305,80,80,124,45,151
"CAMKMT",77,259,291,471,430,127,156,240,73,458
"LINC01833",3,15,5,7,19,29,19,25,4,2
"SIX3-AS1",1,5,1,0,4,1,2,3,0,1
"SIX3",1,7,2,1,4,3,1,4,0,1
"AC012354.1",0,2,0,0,0,0,0,1,0,0
"AC093833.1",0,0,0,0,0,0,0,0,0,0
"SRBD1",12,48,46,92,75,18,31,30,11,71
"PRKCE",32,182,245,431,320,64,65,123,45,143
"EPAS1",10,44,22,59,45,14,16,19,7,34
"ATP6V1E2",7,23,29,21,35,12,6,17,3,57
"RHOQ",14,96,155,247,215,66,48,97,28,225
"AC018682.1",19,126,283,326,230,26,43,82,4,320
"PIGF",13,57,50,65,93,32,23,54,17,67
"CRIPT",7,17,23,28,43,21,18,22,7,28
"SOCS5",11,33,39,100,62,17,18,30,5,42
"AC016722.3",0,1,6,5,2,0,1,0,0,1
"LINC01119",1,5,3,4,2,0,0,1,0,3
"AC016722.2",2,21,22,9,20,0,6,12,1,25
"MCFD2",13,93,60,76,89,35,26,43,12,96
"TTC7A",25,101,94,138,144,30,22,50,25,143
"AC093732.1",0,0,0,0,0,0,0,0,0,2
"STPG4",1,9,22,26,13,1,1,9,0,12
"AC073283.3",0,4,1,4,3,1,2,1,1,8
"CALM2",4,26,9,15,10,2,1,8,1,1
"AC106869.1",5,48,36,21,82,21,21,17,14,60
"AC073283.2",0,0,0,0,0,0,0,0,0,1
"EPCAM",4,5,7,3,5,4,2,3,3,6
"MSH2",10,47,47,67,88,20,16,20,6,59
"KCNK12",4,16,11,16,9,1,1,1,1,5
"MSH6",3,41,25,45,35,24,12,19,6,35
"FBXO11",49,328,300,447,507,130,114,179,81,300
"AC079807.1",0,2,3,4,3,3,2,3,0,3
"AC092650.1",3,9,3,6,10,2,2,4,2,7
"FOXN2",46,151,126,273,282,44,69,130,35,158
"AC093635.1",5,6,9,7,11,6,3,4,3,6
"PPP1R21",47,148,124,252,219,61,68,89,33,149
"STON1-GTF2A1L",1,3,1,3,2,5,4,2,0,1
"AC073082.1",2,0,0,1,0,0,1,0,0,0
"AC009975.1",2,9,7,12,16,8,0,4,1,8
"FSHR",2,8,8,8,5,1,3,10,0,9
"AC009975.2",0,2,2,3,1,2,0,2,0,1
"AC009971.1",0,1,0,0,1,0,0,0,0,0
"NRXN1",1210,5365,4698,8065,9130,1974,2691,3221,1371,8500
"AC009234.1",0,0,1,2,0,0,0,0,0,0
"AC007402.1",10,67,44,62,64,15,12,21,15,56
"AC010967.1",0,4,6,6,5,2,2,3,2,9
"ASB3",7,49,40,80,65,41,28,42,20,55
"GPR75-ASB3",90,672,471,742,889,236,277,333,170,826
"CHAC2",3,55,34,15,67,15,27,42,4,104
"ERLEC1",20,122,98,125,109,32,34,52,15,121
"PSME4",36,200,134,276,248,54,75,84,42,154
"ACYP2",107,452,336,667,608,131,141,252,116,504
"TSPYL6",1,0,0,0,0,0,0,0,0,0
"C2orf73",5,20,10,9,15,3,12,15,5,29
"SPTBN1",118,435,379,619,596,189,238,318,137,491
"AC092839.1",4,55,48,59,40,7,10,22,2,84
"AC093110.1",1,4,4,4,2,0,1,4,0,4
"EML6",34,262,251,342,359,59,72,127,37,362
"AC104781.1",0,0,3,1,3,0,0,0,0,0
"RTN4",273,1006,781,1404,1055,297,293,397,159,447
"CLHC1",12,34,31,62,64,18,18,43,4,45
"RPS27A",74,169,202,182,263,92,63,96,34,104
"MTIF2",6,22,12,34,40,15,7,19,6,26
"AC012358.3",10,80,66,90,47,14,10,32,5,54
"CCDC88A",134,602,468,887,820,203,205,328,177,485
"CFAP36",16,65,52,65,48,19,15,22,5,43
"PPP4R3B",25,130,72,147,147,30,55,64,27,114
"AC015982.1",2,3,9,4,3,2,2,1,1,5
"PNPT1",12,62,74,89,121,51,39,73,19,89
"EFEMP1",106,573,225,194,640,133,319,160,106,393
"AC011306.1",1,2,1,5,5,2,0,0,1,1
"MIR217HG",0,0,0,1,1,3,0,1,1,1
"LINC01813",0,0,1,1,0,0,0,0,0,1
"AC007743.1",0,2,1,1,3,1,0,0,0,0
"CCDC85A",6,39,59,87,72,12,7,7,6,19
"VRK2",37,77,57,88,141,29,26,11,25,38
"FANCL",19,51,44,94,77,28,25,40,20,66
"AC007250.1",0,0,0,1,1,2,0,1,0,1
"LINC01122",13,61,87,123,101,9,4,6,11,26
"LINC01793",0,4,2,6,8,0,2,0,1,0
"AC007100.1",3,2,3,6,3,0,1,6,1,7
"AC007179.1",0,0,0,0,0,1,0,0,1,0
"MIR4432HG",0,2,0,0,0,0,0,0,0,0
"BCL11A",15,40,47,86,74,6,5,7,2,17
"PAPOLG",8,31,21,32,38,16,13,12,5,36
"LINC01185",5,15,4,9,16,5,5,8,3,10
"REL",6,31,35,36,39,10,10,18,10,25
"PUS10",7,25,25,32,44,10,11,25,12,35
"PEX13",4,27,30,34,52,17,14,25,7,24
"KIAA1841",18,61,73,67,103,16,33,36,13,53
"C2orf74",14,21,23,27,34,18,15,25,5,19
"AC016747.2",0,0,2,0,1,0,0,1,0,2
"USP34",89,428,432,911,751,194,225,348,120,511
"AC016727.1",3,7,12,12,20,7,8,7,7,16
"XPO1",57,308,213,469,354,134,125,256,78,267
"FAM161A",6,29,26,68,59,15,17,30,13,33
"CCT4",19,74,55,71,66,48,42,96,21,60
"AC107081.2",1,4,4,4,3,1,1,0,0,7
"COMMD1",59,215,189,410,404,61,58,107,47,243
"AC018462.1",8,19,27,33,26,6,7,7,1,29
"B3GNT2",2,3,7,9,12,0,4,4,3,4
"AC093159.1",0,0,0,0,0,0,0,1,2,0
"TMEM17",1,7,18,2,4,1,0,6,1,3
"AC092155.1",2,0,3,3,4,1,3,3,1,2
"EHBP1",83,430,399,630,688,171,227,342,127,495
"AC092567.1",4,21,23,18,23,4,11,23,5,27
"AC009501.1",7,17,25,27,37,5,17,25,5,40
"OTX1",3,11,10,6,6,6,4,10,7,7
"WDPCP",95,364,336,403,384,118,144,196,72,325
"MDH1",35,154,85,111,71,37,37,56,12,89
"UGP2",53,388,211,269,366,135,185,190,80,350
"VPS54",31,168,108,192,208,49,64,101,28,159
"AC012368.2",0,0,0,0,0,0,0,0,0,0
"PELI1",8,12,20,41,32,8,4,6,7,9
"AC012368.1",3,7,7,0,4,1,2,3,1,3
"LINC00309",1,0,0,0,0,0,0,1,0,0
"AC008074.1",2,14,19,15,15,1,4,0,1,6
"LGALSL",0,4,3,12,4,3,0,3,1,4
"LINC01805",0,0,0,0,0,0,0,0,0,0
"AC008074.3",0,1,0,1,1,2,0,1,0,1
"AFTPH",21,109,105,199,164,47,41,82,27,121
"LINC02579",0,0,0,0,0,0,0,0,0,0
"SERTAD2",7,54,58,54,60,21,23,23,8,40
"AC007365.1",0,1,1,1,0,0,2,2,0,0
"LINC01800",0,2,0,1,0,1,0,0,0,1
"LINC02245",0,1,1,1,3,0,0,1,0,0
"SLC1A4",39,249,162,325,262,123,84,168,51,140
"LINC02576",4,14,26,43,26,6,5,7,2,21
"CEP68",14,61,44,41,57,17,13,15,7,41
"RAB1A",37,266,170,231,220,66,66,87,23,217
"ACTR2",16,148,107,165,152,40,52,57,15,95
"SPRED2",52,242,185,310,350,66,78,138,56,319
"AC012370.2",3,22,17,24,15,9,3,10,0,19
"AC007389.3",7,33,18,44,49,8,15,21,11,48
"AC007389.5",1,12,6,8,10,2,7,3,1,8
"LINC01873",0,0,0,1,0,0,0,0,0,0
"MEIS1-AS3",0,1,3,2,1,0,0,2,0,3
"MEIS1",22,151,76,150,201,45,48,76,31,125
"MEIS1-AS2",0,2,1,1,1,0,0,1,0,2
"LINC01798",1,3,4,5,2,2,0,4,1,7
"LINC01799",0,0,0,1,0,0,0,1,0,0
"LINC01828",2,2,2,0,2,0,0,3,0,6
"LINC01829",0,1,2,2,3,0,1,0,0,0
"ETAA1",4,19,19,56,31,16,24,31,8,31
"AC007422.2",0,0,0,0,0,0,0,0,0,1
"C1D",9,61,37,74,59,21,27,43,18,42
"WDR92",2,20,18,18,23,3,8,9,4,19
"AC017083.3",5,12,6,12,12,5,3,5,1,19
"PNO1",1,4,13,16,12,5,3,10,5,11
"AC017083.2",0,0,0,1,0,0,0,0,0,0
"AC017083.1",5,17,36,17,44,20,19,23,8,71
"CNRIP1",18,40,34,44,42,17,20,28,7,24
"AC015969.1",0,0,0,0,0,0,0,0,0,0
"PLEK",0,3,1,3,4,0,0,0,1,0
"FBXO48",1,2,3,9,3,4,0,7,1,1
"APLF",8,26,57,88,100,32,24,44,21,54
"ARHGAP25",2,3,1,6,8,0,1,3,0,3
"ANTXR1",29,228,111,152,177,37,58,90,46,124
"GFPT1",11,35,42,94,87,14,22,18,4,52
"NFU1",5,43,36,40,42,20,8,19,8,32
"AAK1",77,333,363,460,385,86,99,176,44,299
"ANXA4",30,80,95,107,131,38,44,35,27,126
"AC092431.1",2,10,6,3,3,1,0,1,1,6
"GMCL1",16,53,58,93,84,13,23,19,9,58
"SNRNP27",1,6,6,5,15,3,4,8,2,3
"MXD1",9,37,49,63,73,20,26,33,10,84
"ASPRV1",2,7,5,14,8,8,1,9,1,4
"PCBP1",9,101,57,118,82,41,21,81,28,40
"AC016700.3",0,1,0,1,0,1,0,2,0,1
"LINC01816",0,2,0,0,0,0,0,0,0,1
"C2orf42",6,18,24,53,37,9,10,17,7,18
"TIA1",0,0,0,0,0,0,0,0,0,0
"PCYOX1",10,54,58,62,84,38,19,48,13,37
"SNRPG",19,57,33,39,48,44,20,46,15,27
"FAM136A",3,14,21,14,17,1,2,8,2,10
"AC022201.1",0,0,0,0,0,0,0,0,0,0
"TGFA",0,10,4,17,12,4,3,3,2,5
"ADD2",7,36,41,75,50,5,6,10,5,13
"AC005234.1",0,0,0,0,0,0,0,0,0,0
"FIGLA",1,0,1,1,0,0,0,0,0,0
"CLEC4F",0,0,0,0,0,1,0,1,0,0
"VAX2",0,1,4,2,4,1,0,3,0,4
"ATP6V1B1",0,0,0,0,0,0,0,0,0,1
"AC007040.2",3,9,21,24,20,3,4,6,8,22
"ANKRD53",0,2,3,6,4,1,0,1,0,2
"AC007040.1",0,0,0,0,0,1,0,1,0,0
"AC007881.2",0,0,0,1,0,1,0,0,0,0
"NAGK",9,20,69,65,62,34,19,28,12,35
"AC007881.3",1,1,4,1,3,1,2,0,0,2
"MCEE",4,25,17,39,37,6,9,14,7,32
"MPHOSPH10",8,63,26,34,49,7,18,13,4,37
"PAIP2B",3,13,14,15,22,10,4,19,8,30
"ZNF638",111,567,415,681,711,233,241,343,136,540
"DYSF",9,46,47,58,48,20,17,11,16,16
"CYP26B1",1,3,1,4,7,1,0,1,1,0
"EXOC6B",165,559,477,911,860,206,230,357,158,590
"SPR",1,4,4,8,7,9,2,17,1,7
"EMX1",2,5,11,11,4,2,2,5,1,2
"SFXN5",218,653,763,1015,1253,243,212,543,150,1121
"RAB11FIP5",0,11,4,4,7,2,3,3,1,6
"NOTO",0,1,0,0,0,0,0,1,0,0
"SMYD5",2,8,15,32,17,9,0,4,7,0
"PRADC1",4,20,34,16,30,14,7,26,3,30
"CCT7",12,44,44,53,37,22,15,29,10,15
"FBXO41",2,13,12,18,11,6,3,9,7,5
"EGR4",1,1,2,3,1,0,1,0,0,0
"ALMS1",14,98,115,164,177,35,38,63,28,125
"TPRKB",4,5,10,15,21,19,6,12,7,26
"AC092653.1",0,0,0,0,1,0,0,0,0,0
"DUSP11",1,17,16,16,21,4,7,12,6,16
"C2orf78",0,0,0,0,0,0,0,0,0,0
"STAMBP",14,56,52,76,60,27,24,30,13,58
"ACTG2",0,0,0,0,1,0,0,0,0,2
"DGUOK",13,62,41,59,46,14,12,22,4,25
"DGUOK-AS1",5,11,6,19,9,3,7,3,2,11
"TET3",25,116,65,69,103,20,17,37,18,73
"AC073263.1",0,0,4,0,1,0,0,5,1,0
"BOLA3",11,17,20,9,25,36,8,31,2,20
"BOLA3-AS1",0,4,7,11,15,1,1,9,1,7
"MOB1A",6,20,26,44,30,23,17,25,4,30
"MTHFD2",0,7,2,12,4,1,2,4,0,5
"AC006030.1",7,60,42,64,52,6,16,19,8,48
"DCTN1",1,9,5,3,6,1,2,2,0,6
"DCTN1-AS1",0,5,3,2,2,0,1,0,0,0
"AC005041.1",0,2,2,0,0,0,1,0,0,0
"WDR54",3,7,11,10,6,1,2,0,0,3
"RTKN",13,38,18,39,28,10,25,24,13,15
"INO80B",1,1,3,2,7,0,0,1,0,1
"INO80B-WBP1",0,0,1,0,0,0,0,0,0,0
"WBP1",0,0,0,0,0,4,0,1,2,1
"MOGS",5,28,23,17,24,11,6,21,10,14
"MRPL53",0,1,2,0,0,1,0,0,1,1
"CCDC142",4,14,14,17,14,6,3,13,2,8
"TTC31",6,11,22,19,12,6,4,8,2,13
"AC005041.3",0,0,1,3,0,1,0,0,0,1
"LBX2-AS1",0,0,0,0,0,0,0,0,0,0
"PCGF1",4,5,4,5,9,7,4,6,3,6
"TLX2",0,0,0,0,0,0,0,0,0,0
"DQX1",0,0,0,1,0,0,0,2,0,0
"AUP1",23,81,85,97,109,108,62,140,48,82
"HTRA2",5,10,12,14,19,10,8,19,4,12
"LOXL3",11,27,17,25,30,8,16,23,5,22
"DOK1",2,6,12,6,17,4,5,14,2,8
"M1AP",0,0,4,2,2,0,1,2,1,4
"SEMA4F",2,13,16,12,15,6,7,9,4,6
"HK2",0,1,4,11,1,2,1,3,1,2
"LINC01291",0,0,0,1,0,0,0,0,0,2
"AC104135.1",1,3,4,0,2,0,0,0,0,0
"POLE4",8,18,18,32,27,10,9,13,4,16
"TACR1",0,5,3,16,6,4,1,2,2,3
"AC007681.1",2,2,0,14,8,1,1,1,0,3
"EVA1A",0,1,2,3,3,0,1,2,1,3
"AC007099.1",0,2,4,9,3,0,0,1,0,3
"MRPL19",22,114,113,134,123,25,33,59,15,113
"GCFC2",24,84,90,166,157,42,47,73,28,162
"AC005034.2",1,0,0,1,0,0,0,0,0,0
"AC005034.4",0,1,0,0,1,0,2,2,0,0
"LRRTM4",199,870,1343,2021,1610,170,137,310,179,609
"AC079117.1",0,0,0,13,3,0,0,0,0,1
"AC084149.1",0,0,0,0,0,0,0,0,0,0
"AC012494.1",0,4,7,6,5,3,2,2,1,2
"CTNNA2",1632,8984,6557,12304,11479,3366,3276,5252,2257,11985
"AC010975.1",0,1,3,5,0,1,2,3,0,0
"AC016716.2",106,740,660,289,812,349,194,635,89,719
"LRRTM1",1,4,10,11,6,1,0,4,0,7
"AC008067.1",11,80,136,62,196,65,20,87,6,114
"AC012355.1",1,2,2,1,1,0,2,0,0,1
"AC079896.1",0,0,0,0,0,0,0,0,0,0
"AC010105.1",0,0,0,1,1,0,1,1,0,0
"AC106874.1",1,0,0,0,0,0,0,0,0,0
"SUCLG1",13,81,56,64,75,23,23,42,12,67
"DNAH6",12,31,44,69,69,18,10,17,3,38
"TRABD2A",1,3,3,1,6,1,2,0,2,1
"TMSB10",166,322,386,568,301,54,86,62,21,80
"KCMF1",11,92,75,137,114,22,19,46,19,80
"TCF7L1",22,122,113,138,135,24,35,72,18,121
"TGOLN2",15,58,56,119,96,41,21,48,25,50
"RETSAT",1,19,21,27,18,4,7,7,3,18
"ELMOD3",30,91,113,137,150,28,40,67,23,122
"CAPG",2,13,3,4,5,6,3,9,3,5
"SH2D6",4,1,6,11,10,3,2,5,0,11
"MAT2A",38,182,228,581,270,113,78,178,83,218
"GGCX",3,24,43,59,46,14,9,8,1,14
"VAMP8",6,27,18,16,29,5,7,19,7,22
"VAMP5",5,12,14,19,21,11,12,7,14,21
"RNF181",4,16,19,32,15,7,11,13,4,7
"TMEM150A",7,12,22,22,16,10,21,37,9,28
"USP39",82,684,697,1395,909,259,231,511,156,399
"C2orf68",9,28,31,28,31,6,17,19,7,41
"SFTPB",1,0,1,2,0,0,0,0,0,0
"GNLY",0,2,2,3,1,0,1,1,0,2
"ATOH8",4,11,14,45,32,18,27,34,19,17
"AC105053.1",0,1,2,7,2,0,0,0,0,2
"ST3GAL5",40,145,190,299,257,49,40,121,52,142
"ST3GAL5-AS1",1,5,4,2,0,0,0,0,0,2
"AC012511.1",0,1,0,0,3,0,0,0,0,0
"POLR1A",13,39,31,40,38,5,11,17,7,24
"PTCD3",23,146,130,175,157,38,38,59,15,104
"IMMT",19,78,50,88,73,26,21,29,14,64
"AC009309.1",1,1,3,4,2,0,0,2,1,2
"MRPL35",4,20,21,49,21,14,10,15,5,15
"REEP1",11,40,35,62,38,9,5,8,4,14
"KDM3A",19,62,52,139,118,44,54,50,33,69
"CHMP3",4,21,13,22,28,5,2,13,3,11
"RNF103-CHMP3",6,12,12,24,23,6,9,19,3,23
"AC015971.1",1,16,25,25,30,9,9,8,2,40
"RMND5A",9,48,32,106,89,31,22,60,15,64
"CD8A",2,0,2,3,5,0,0,4,0,3
"CD8B",0,0,3,1,4,0,0,0,0,1
"RGPD1",1,2,7,4,7,1,1,3,0,3
"PLGLB1",11,18,30,48,66,14,14,35,9,54
"LINC01943",0,0,0,0,0,0,0,0,0,0
"CYTOR",0,6,6,12,8,0,1,1,0,1
"PLGLB2",0,0,0,1,0,1,0,3,2,0
"RGPD2",0,2,1,3,4,2,0,0,0,1
"KRCC1",14,76,68,107,105,52,49,62,19,69
"SMYD1",0,3,0,1,2,0,0,1,0,3
"FABP1",0,2,1,1,0,0,0,0,2,1
"THNSL2",1,43,29,44,10,3,5,12,18,39
"AC104134.1",1,1,2,1,1,1,0,1,1,2
"EIF2AK3",2,44,45,59,58,15,16,25,8,32
"AC062029.1",0,0,0,1,0,0,0,2,0,1
"RPIA",6,23,13,27,26,14,7,18,10,17
"IGKC",0,4,0,2,0,2,1,0,0,3
"AC233263.6",0,0,0,1,0,2,0,2,0,0
"AC233266.2",0,0,1,2,1,0,0,2,1,2
"AL845331.2",0,5,0,0,5,0,0,0,1,4
"ANKRD20A8P",2,1,1,5,1,2,1,2,1,3
"TEKT4",0,0,1,0,0,2,0,2,6,1
"AC103563.7",0,0,0,1,0,1,0,0,0,0
"MAL",63,179,96,177,157,77,62,59,43,81
"AC103563.2",0,0,0,0,0,0,0,0,0,0
"MRPS5",36,146,144,229,216,63,60,115,35,130
"ZNF514",5,11,12,13,13,7,9,8,5,13
"ZNF2",3,21,13,10,8,2,3,8,5,18
"AC092835.1",4,33,36,51,43,18,15,27,3,48
"PROM2",0,0,5,3,1,1,0,2,3,0
"KCNIP3",8,25,27,47,40,6,8,11,6,16
"FAHD2A",9,49,48,53,56,25,25,23,19,32
"AC009237.14",0,0,1,1,0,0,0,2,0,0
"AC009237.15",0,0,1,1,0,0,0,0,0,0
"LINC00342",5,6,7,21,17,8,3,12,8,9
"ANKRD36C",48,190,194,321,338,139,106,205,88,212
"GPAT2",0,1,1,4,1,0,1,2,0,2
"ADRA2B",0,0,0,1,0,0,0,0,1,1
"ASTL",0,0,1,0,2,0,0,0,0,2
"DUSP2",2,2,5,2,3,0,0,1,0,1
"STARD7",21,63,68,154,104,24,23,49,13,36
"TMEM127",9,19,23,52,35,11,13,17,8,18
"CIAO1",13,47,40,41,42,9,8,14,6,39
"SNRNP200",16,91,72,93,91,37,24,46,12,63
"AC021188.1",2,0,1,2,2,0,1,0,0,0
"ITPRIPL1",0,4,3,0,1,0,0,1,0,2
"NCAPH",0,4,0,0,1,0,0,1,0,1
"NEURL3",0,0,0,1,1,0,1,1,0,0
"AC013270.1",0,0,0,0,0,0,0,0,0,0
"ARID5A",1,29,6,25,13,6,6,12,4,6
"KANSL3",11,66,48,79,60,20,20,34,18,35
"FER1L5",1,7,7,9,7,1,4,6,4,12
"LMAN2L",7,29,28,46,28,13,15,28,6,35
"CNNM4",3,32,21,30,20,6,9,8,7,15
"CNNM3-DT",0,1,0,0,0,0,0,1,0,0
"CNNM3",5,4,8,16,10,4,3,7,4,4
"ANKRD23",10,58,70,79,108,22,30,49,13,76
"ANKRD39",0,0,0,0,0,0,0,0,0,0
"SEMA4C",16,42,40,69,42,6,9,13,9,19
"FAM178B",6,27,26,23,10,2,3,6,1,13
"FAHD2B",12,30,31,30,27,11,8,16,10,28
"ANKRD36",43,175,134,179,287,49,88,128,48,197
"AC159540.2",0,0,1,0,0,0,0,1,0,0
"AC159540.1",0,0,0,0,0,0,0,0,0,0
"AC092683.1",17,67,120,150,190,47,45,52,41,59
"AC092683.2",5,17,21,25,26,9,9,9,2,17
"ANKRD36B",13,68,85,181,100,47,28,69,18,63
"COX5B",62,258,211,166,167,61,67,91,30,123
"ACTR1B",13,45,58,49,52,15,13,26,10,46
"C2orf92",2,20,31,40,30,3,10,6,5,21
"ZAP70",2,2,0,3,3,0,0,0,0,0
"TMEM131",26,170,150,235,229,64,84,124,45,180
"VWA3B",15,20,24,22,34,21,16,38,15,44
"AC092675.1",0,0,2,0,0,0,0,0,0,0
"CNGA3",0,0,0,1,2,1,0,1,0,1
"INPP4A",10,126,151,152,167,65,73,105,23,114
"COA5",4,15,22,26,20,19,16,23,8,12
"UNC50",8,27,23,26,27,25,24,49,7,33
"MGAT4A",8,56,52,120,86,26,17,25,11,56
"AC109826.1",0,0,2,2,0,0,0,0,0,1
"KIAA1211L",3,55,71,84,62,4,6,8,8,11
"TSGA10",27,51,64,115,159,44,49,72,21,104
"AC079447.1",21,63,93,191,183,31,35,82,29,140
"MITD1",11,40,94,126,125,59,38,63,28,69
"LYG2",1,9,16,22,14,3,5,4,1,18
"LYG1",2,6,21,28,10,4,3,8,2,19
"TXNDC9",1,15,23,19,28,3,10,15,5,21
"EIF5B",39,211,177,307,230,50,43,98,34,73
"REV1",21,128,99,143,189,65,42,73,31,114
"AC018690.1",0,0,0,0,0,0,0,0,0,0
"AFF3",31,130,178,240,280,27,28,53,18,64
"AC092667.1",0,0,0,0,0,0,0,0,0,0
"LINC01104",0,0,0,1,0,0,0,0,0,0
"LONRF2",21,104,110,220,138,41,41,56,23,95
"CHST10",12,48,45,87,71,21,19,32,10,38
"NMS",0,0,0,0,0,0,0,0,0,0
"PDCL3",0,5,5,6,7,3,2,7,3,0
"LINC01849",0,0,0,0,0,0,0,0,0,0
"LINC01868",0,2,0,0,0,0,0,0,0,0
"AC092168.1",0,0,0,1,0,0,0,0,0,0
"NPAS2",70,209,247,851,396,77,51,151,48,261
"AC016738.2",0,0,0,0,1,0,0,0,0,1
"AC016738.1",0,1,0,0,0,0,0,0,0,0
"RPL31",45,104,162,89,175,143,55,120,53,84
"TBC1D8",14,40,62,113,105,32,29,43,11,78
"TBC1D8-AS1",0,0,0,3,1,1,0,0,0,2
"CNOT11",9,32,25,48,37,20,19,21,8,28
"RNF149",32,126,102,171,165,53,64,72,18,124
"CREG2",12,59,67,104,58,8,7,4,3,11
"RFX8",4,9,5,3,7,1,2,1,1,3
"LINC01870",0,0,0,1,0,0,0,0,0,0
"MAP4K4",189,1028,607,1198,1267,303,388,573,184,677
"LINC01127",0,0,0,0,0,1,0,1,1,3
"IL1R2",0,2,0,0,0,0,0,1,0,0
"IL1R1",1,14,9,18,11,3,11,20,5,10
"AC007271.1",1,1,0,0,1,0,0,1,0,1
"IL1RL2",2,4,1,2,4,0,3,1,0,1
"IL18R1",0,3,2,2,0,0,1,0,1,6
"IL18RAP",0,0,0,0,0,1,0,0,0,0
"SLC9A2",0,7,4,5,4,0,1,4,1,4
"MFSD9",0,3,1,3,2,0,1,0,0,3
"TMEM182",3,8,11,16,18,9,9,19,6,22
"LINC01796",1,2,1,0,0,1,1,2,4,0
"AC073987.1",0,4,0,1,2,1,0,4,0,0
"LINC01965",3,20,16,37,33,10,10,16,10,15
"AC096554.1",0,0,0,0,0,0,0,0,0,0
"AC068535.1",1,1,2,1,0,0,1,2,0,0
"LINC01831",0,1,1,0,0,0,1,0,0,0
"LINC01102",9,32,24,20,33,3,12,8,7,18
"LINC01103",4,17,28,16,16,1,5,2,1,9
"AC013402.1",0,3,1,1,1,0,1,2,0,2
"LINC01114",4,23,6,13,18,6,5,8,3,21
"POU3F3",23,51,48,136,107,45,37,76,34,61
"AC018730.1",0,1,0,0,0,0,0,0,0,2
"AC010884.1",3,3,6,14,21,8,6,6,2,14
"MRPS9",16,87,55,118,110,39,31,59,17,94
"AC104655.1",0,0,0,0,0,0,0,0,0,0
"LINC01918",0,0,1,1,1,0,0,1,0,0
"AC012360.2",0,0,1,1,2,0,0,0,1,0
"TGFBRAP1",1,18,20,37,26,5,6,17,11,14
"AC012360.1",0,0,0,1,1,0,1,0,0,1
"AC012360.3",4,19,10,11,30,3,3,3,0,20
"C2orf49",4,18,23,26,32,18,6,19,3,21
"FHL2",3,6,13,10,18,0,4,2,1,4
"AC108058.1",0,1,0,4,2,0,0,1,1,0
"NCK2",9,53,66,127,104,19,23,39,12,56
"AC010978.1",1,5,8,14,4,3,1,0,0,3
"C2orf40",0,3,3,2,5,2,1,1,1,3
"UXS1",5,41,43,66,45,23,13,21,10,47
"AC018878.1",0,2,3,3,4,1,0,1,0,0
"RGPD3",0,2,2,8,1,2,1,2,0,1
"CD8B2",0,1,1,1,2,1,0,0,0,0
"AC108868.1",0,1,0,0,2,1,0,0,1,0
"ST6GAL2",8,29,27,26,51,3,7,9,10,35
"AC016994.1",1,0,1,0,1,0,0,0,0,2
"LINC01789",0,0,0,0,1,0,1,0,0,0
"AC096669.1",0,1,0,0,0,0,1,0,0,1
"LINC01885",0,4,3,2,3,0,1,0,1,1
"LINC01886",0,1,0,0,0,0,1,0,0,0
"GACAT1",0,0,0,1,0,0,0,0,0,0
"RGPD4-AS1",0,0,1,0,1,0,0,0,0,0
"RGPD4",0,1,0,2,2,1,1,0,0,4
"SLC5A7",0,1,0,1,0,0,0,0,0,0
"LINC01594",0,0,4,1,5,2,0,1,0,3
"SULT1C2",0,5,1,4,2,0,0,0,0,1
"SULT1C4",2,30,4,4,11,1,13,12,1,22
"GCC2",24,166,109,136,180,68,85,115,40,97
"GCC2-AS1",1,18,7,13,16,2,7,9,1,21
"LIMS1",28,231,86,161,166,34,53,65,25,105
"RANBP2",14,129,115,152,164,46,41,109,32,93
"CCDC138",13,38,55,99,79,30,28,29,12,53
"EDAR",0,1,0,3,2,0,1,3,0,1
"SH3RF3-AS1",0,0,0,0,0,0,0,0,0,0
"SH3RF3",22,97,100,164,149,23,29,123,23,94
"SEPT10",7,67,40,62,64,19,22,22,11,58
"SOWAHC",1,5,1,9,6,5,2,6,1,3
"AC074387.1",0,0,1,0,0,1,0,0,0,0
"RGPD5",0,4,0,0,0,0,0,0,0,0
"AC013271.1",0,0,0,0,0,0,0,0,0,0
"LINC01123",0,0,1,2,0,0,1,0,0,0
"MALL",0,1,0,0,0,0,0,0,0,0
"NPHP1",10,59,33,63,82,39,25,47,21,57
"SMIM37",9,17,28,43,35,19,20,31,15,28
"LINC01106",3,9,0,5,10,3,3,4,3,3
"AC112229.3",0,1,0,0,2,0,0,0,0,0
"AC112229.2",0,0,0,0,0,0,0,0,0,0
"RGPD6",0,1,0,2,0,0,1,0,0,1
"BUB1",0,0,0,0,0,0,0,0,0,3
"ACOXL",0,14,6,18,13,9,7,11,3,21
"MIR4435-2HG",6,41,43,29,32,6,7,9,9,35
"BCL2L11",1,11,3,6,1,5,3,4,3,5
"AC108463.2",0,0,0,0,0,0,0,0,0,0
"AC068491.2",0,1,0,0,0,0,0,1,1,1
"AC017002.5",0,1,14,7,4,0,1,1,0,10
"ANAPC1",8,50,89,88,95,20,29,55,23,75
"MERTK",33,182,154,248,359,152,146,186,108,302
"TMEM87B",13,45,51,62,54,18,15,21,11,41
"FBLN7",1,4,10,7,3,0,1,0,0,1
"ZC3H8",13,79,76,107,92,22,27,43,8,67
"ZC3H6",25,120,109,188,162,35,32,31,31,95
"RGPD8",1,9,7,8,20,5,3,6,6,3
"TTL",17,101,59,155,90,21,16,27,9,50
"POLR1B",1,8,14,14,19,5,6,13,2,10
"CHCHD5",2,14,14,13,9,4,3,9,4,7
"AC012442.1",0,0,0,0,0,0,0,0,0,0
"AC079922.2",2,10,19,16,12,5,4,7,1,25
"SLC20A1",26,75,56,127,104,15,37,45,13,63
"NT5DC4",1,0,0,0,1,0,0,0,0,1
"CKAP2L",0,0,0,0,2,0,0,0,1,0
"IL1A",0,0,0,0,0,0,0,0,0,0
"IL1B",1,0,0,1,1,0,0,1,0,0
"IL36B",0,0,0,0,0,0,0,0,0,1
"IL1RN",0,0,1,0,0,0,0,0,0,2
"PSD4",1,7,14,24,15,1,3,4,6,16
"PAX8",0,1,5,4,8,0,1,3,0,8
"AC016745.1",0,0,0,1,0,0,0,0,0,0
"AC016745.2",0,0,5,6,12,5,5,2,0,3
"CBWD2",3,25,28,35,46,25,16,31,1,52
"FOXD4L1",1,0,0,0,0,0,0,0,0,0
"LINC01961",0,0,0,0,0,0,0,0,0,0
"PGM5P4-AS1",0,0,0,1,0,1,0,0,0,0
"FAM138B",0,0,0,0,1,1,0,1,0,1
"RABL2A",6,22,39,53,47,15,17,27,12,36
"AC017074.2",0,0,0,0,0,0,0,0,0,0
"AC017074.1",1,0,6,15,7,1,1,1,1,4
"SLC35F5",17,103,84,104,121,33,43,100,24,93
"AC104653.2",0,0,0,0,1,0,0,0,0,0
"AC104653.1",0,1,4,3,2,1,1,2,2,1
"AC110769.2",0,4,4,4,5,1,0,2,0,11
"ACTR3",19,73,56,92,97,24,19,43,17,68
"LINC01191",0,0,1,3,0,0,3,0,0,2
"DPP10",1341,6461,3043,5100,4508,1100,1856,1311,1491,4385
"DPP10-AS3",9,31,22,31,20,7,12,3,0,25
"DPP10-AS2",0,0,2,0,0,0,0,0,0,0
"DPP10-AS1",1,10,12,10,9,2,3,3,0,7
"AC009312.1",1,0,1,2,0,0,0,2,0,1
"DDX18",31,154,169,174,167,30,37,59,19,95
"AC009404.1",4,7,13,14,8,4,3,7,0,8
"CCDC93",14,90,85,158,107,36,21,65,22,77
"AC009303.2",0,2,8,4,3,2,0,5,0,9
"INSIG2",3,32,27,45,50,15,12,32,8,36
"AC093901.1",1,6,1,3,1,1,0,2,0,1
"EN1",0,0,0,0,0,0,0,0,0,0
"MARCO",0,0,0,0,0,0,0,0,0,0
"C1QL2",1,11,16,29,21,8,6,7,7,12
"STEAP3",0,3,3,7,4,0,2,6,0,3
"STEAP3-AS1",0,1,0,0,0,0,0,0,0,0
"C2orf76",11,46,33,45,53,27,17,35,8,83
"DBI",40,122,155,231,197,148,58,121,31,106
"TMEM37",1,0,0,0,1,0,0,0,0,0
"SCTR",0,0,2,2,0,0,0,2,0,0
"AC013275.1",0,0,1,0,0,0,0,0,0,0
"CFAP221",12,92,41,54,65,9,19,26,10,26
"TMEM177",3,6,11,6,7,1,2,5,3,3
"PTPN4",32,184,200,364,381,98,127,167,57,338
"EPB41L5",30,128,117,153,127,31,49,83,28,144
"AC012363.1",3,5,4,15,14,0,3,7,0,12
"TMEM185B",0,6,4,9,7,6,2,9,1,8
"RALB",8,19,18,22,20,5,5,8,4,20
"AC012363.2",0,1,0,0,0,0,0,0,0,0
"INHBB",11,11,22,70,26,17,17,29,9,26
"AC018866.1",0,0,0,0,0,0,0,2,0,0
"GLI2",13,192,63,155,124,57,55,96,46,91
"AC017033.1",0,0,3,1,1,1,3,1,0,0
"AC067960.1",0,1,0,2,0,1,0,1,0,1
"TFCP2L1",0,30,11,27,7,2,5,6,8,29
"CLASP1",84,416,344,682,561,133,186,276,120,430
"AC012447.1",0,7,4,9,14,9,4,25,8,2
"NIFK-AS1",21,75,86,103,118,31,23,57,14,119
"NIFK",3,16,6,19,17,12,6,10,1,8
"TSN",9,65,41,63,62,19,29,31,9,37
"LINC01823",0,0,0,0,1,0,0,0,0,0
"LINC01826",1,1,1,3,3,0,1,0,0,3
"AC079154.1",0,0,2,1,0,0,0,0,0,0
"CNTNAP5",10,159,220,298,212,23,17,35,12,62
"LINC01889",0,1,0,3,2,1,1,1,0,1
"AC023347.1",0,1,0,0,0,0,0,0,0,0
"GYPC",1,5,3,4,7,1,0,3,0,2
"TEX51",1,0,0,0,0,0,0,0,0,0
"AC012508.2",0,0,0,0,0,0,0,0,0,1
"AC012508.1",0,1,1,2,2,2,0,2,0,1
"BIN1",43,128,99,221,155,57,52,63,42,65
"CYP27C1",0,2,0,2,2,1,1,2,0,3
"ERCC3",11,43,53,63,52,17,12,23,17,48
"MAP3K2",23,258,144,256,229,39,67,84,41,153
"AC068282.1",2,4,6,11,10,2,7,7,4,5
"PROC",0,0,0,1,2,0,0,0,0,1
"IWS1",21,123,117,160,134,41,36,86,30,121
"AC010976.1",3,20,26,19,15,2,1,2,0,13
"MYO7B",0,0,0,1,2,0,0,1,0,1
"LIMS2",0,2,2,1,4,0,0,1,0,2
"GPR17",0,2,2,9,0,1,0,3,1,1
"WDR33",27,114,99,222,172,37,44,75,31,110
"SFT2D3",2,4,5,7,13,2,4,2,1,5
"POLR2D",1,18,7,29,19,8,8,10,0,14
"AMMECR1L",6,14,17,38,19,13,10,6,8,15
"AC012306.2",1,3,1,4,6,0,1,1,0,2
"SAP130",14,73,57,69,103,32,25,43,25,79
"UGGT1",8,76,54,93,80,17,22,44,15,54
"HS6ST1",24,82,62,150,120,34,35,60,23,74
"LINC01854",0,0,0,0,0,0,0,0,0,0
"LINC02572",1,3,1,5,1,0,0,0,1,3
"LINC01856",1,3,1,1,0,0,0,1,0,1
"RAB6C",0,0,0,1,1,1,0,0,2,1
"POTEF",0,0,0,0,0,1,0,0,0,0
"CCDC74B",0,1,3,2,7,2,4,2,0,1
"SMPD4",12,38,42,79,76,34,19,48,19,40
"MZT2B",48,98,95,139,103,37,39,61,18,48
"CCDC115",6,31,16,23,15,9,5,21,5,15
"IMP4",5,29,36,32,23,7,6,24,8,19
"PTPN18",4,23,20,35,40,10,12,25,9,30
"POTEI",0,0,0,0,0,0,0,0,0,0
"AC013269.2",0,0,0,0,0,1,2,0,1,0
"AC013269.1",0,0,0,0,1,0,0,1,0,0
"AC140481.2",1,1,0,2,1,1,0,0,0,0
"CFC1",0,0,1,0,0,0,0,0,0,1
"POTEJ",0,0,0,0,0,0,0,0,0,0
"AC140481.1",0,0,0,0,0,0,0,0,0,1
"AMER3",1,7,10,13,2,2,0,1,1,2
"AC133785.1",1,1,1,1,4,1,1,5,0,4
"ARHGEF4",155,479,434,771,849,261,320,432,248,800
"FAM168B",18,75,61,106,92,26,25,39,15,56
"PLEKHB2",11,66,45,85,52,20,22,41,9,31
"RAB6D",0,0,0,0,0,0,1,0,0,0
"AC073869.5",0,0,0,0,0,0,0,0,0,1
"AC073869.3",0,0,0,1,0,0,1,1,0,0
"MZT2A",19,39,75,100,52,17,18,31,14,26
"TUBA3D",0,0,0,2,0,0,1,0,0,0
"CCDC74A",0,3,3,4,10,4,1,4,1,1
"LINC01087",0,0,0,0,0,0,0,0,0,0
"C2orf27B",1,1,4,0,1,0,0,0,0,0
"AJ239322.2",1,1,1,0,1,0,0,0,0,0
"AJ239322.1",0,0,2,5,3,1,1,0,0,0
"LINC01945",0,0,1,0,1,0,0,0,0,0
"ANKRD30BL",16,32,58,83,79,12,3,12,7,12
"AC097532.2",1,3,11,9,9,5,2,7,3,3
"GPR39",3,22,13,35,25,1,9,2,9,28
"LYPD1",3,10,18,24,17,5,8,22,9,37
"AC010974.1",0,0,0,2,2,0,0,0,0,1
"NCKAP5",220,860,955,1437,1338,320,305,391,234,991
"AC016909.2",3,23,17,17,17,2,1,6,0,27
"AC010890.1",6,3,10,14,13,2,3,7,4,11
"MGAT5",45,203,183,404,257,41,59,70,33,138
"TMEM163",3,19,25,26,21,8,2,5,3,11
"CCNT2-AS1",4,15,18,26,27,8,3,6,5,11
"ACMSD",0,4,4,3,6,2,1,3,1,5
"CCNT2",22,87,82,131,112,48,49,61,14,102
"MAP3K19",1,13,20,18,12,10,5,20,7,8
"RAB3GAP1",25,184,177,351,344,97,120,179,47,226
"ZRANB3",29,138,119,174,135,34,22,48,25,111
"R3HDM1",76,437,493,676,637,105,113,184,60,295
"UBXN4",23,213,146,148,188,52,58,104,32,157
"LCT",0,1,1,0,1,1,0,1,0,2
"MCM6",2,13,6,7,14,1,3,4,1,7
"DARS",28,178,120,367,206,79,79,121,51,142
"DARS-AS1",0,3,7,7,3,1,1,0,0,0
"CXCR4",2,13,15,52,48,6,3,4,3,11
"THSD7B",3,7,14,31,19,5,4,6,2,8
"HNMT",7,16,20,19,28,18,12,9,15,8
"LINC01832",0,0,0,0,0,0,0,0,0,0
"AC114763.1",7,12,17,19,42,16,8,31,5,30
"SPOPL",15,62,52,86,87,24,33,35,24,50
"AC092620.3",0,0,0,0,0,0,0,0,0,0
"AC092620.1",0,0,0,0,3,0,0,1,0,0
"NXPH2",4,1,9,13,5,0,0,0,1,1
"AC062021.1",1,0,0,1,0,0,0,0,0,1
"AC016710.1",0,0,0,0,0,0,0,0,0,0
"LINC01853",0,1,0,0,1,0,0,0,0,0
"LRP1B",773,4467,3980,7312,8488,1886,3853,5023,1694,4999
"KYNU",1,2,3,3,4,1,0,1,1,3
"ARHGAP15",6,14,20,23,69,10,4,18,3,18
"AC013437.1",0,0,0,0,0,0,0,0,0,0
"AC096558.2",0,2,0,2,3,0,1,0,1,2
"AC079793.1",1,2,0,5,3,3,4,5,1,2
"AC092652.1",0,1,1,1,0,0,0,0,0,0
"AC092652.2",0,0,4,2,3,0,0,2,0,0
"AC079584.2",0,0,0,0,0,0,0,0,0,0
"AC079584.1",0,0,6,0,2,1,0,0,0,3
"AC016910.1",0,2,6,1,1,1,1,2,0,3
"GTDC1",55,189,222,403,308,44,62,101,36,166
"ZEB2",184,486,443,851,886,169,163,249,138,387
"AC009951.2",2,10,6,1,8,1,1,1,0,6
"ZEB2-AS1",2,4,1,0,4,0,0,1,0,4
"LINC01412",0,0,1,0,0,0,0,0,0,0
"TEX41",3,7,11,10,6,3,1,2,0,9
"AC096666.1",0,0,0,0,0,0,0,0,0,0
"AC092484.1",0,0,0,0,0,0,0,0,0,0
"ACVR2A",6,63,65,115,110,22,25,31,19,62
"AC009480.1",1,1,0,0,0,0,0,0,0,0
"ORC4",28,115,99,221,199,56,75,86,41,151
"MBD5",176,719,514,1022,1066,298,411,528,228,782
"EPC2",16,105,91,171,176,45,71,70,45,108
"AC105402.3",2,105,23,27,20,94,2,148,53,13
"KIF5C",29,120,160,188,172,29,24,40,14,64
"LYPD6B",0,7,7,20,5,0,1,1,3,6
"LYPD6",13,46,51,92,103,36,54,68,31,97
"MMADHC",4,39,23,34,22,12,13,17,7,21
"AC007364.1",9,77,41,57,101,18,38,43,21,59
"LINC01931",2,10,10,11,6,2,5,5,1,10
"LINC01818",0,0,4,1,0,0,1,1,1,0
"LINC01817",0,0,0,0,0,0,0,0,0,0
"RND3",1,15,2,11,10,1,2,11,0,7
"AC104777.3",0,0,0,0,0,0,0,0,0,0
"AC104777.2",0,1,1,0,1,0,0,0,0,1
"AC104777.1",0,0,0,0,0,0,1,1,1,1
"AC023469.2",0,0,0,0,2,0,0,0,0,0
"AC023469.1",0,0,1,0,0,0,0,0,0,0
"AC018731.1",0,1,0,0,0,0,0,0,0,0
"RBM43",0,10,7,8,11,2,4,9,1,4
"NMI",0,15,8,10,15,5,6,16,4,4
"TNFAIP6",2,13,7,38,11,7,0,12,5,5
"RIF1",30,88,116,214,168,54,39,78,31,107
"NEB",5,21,11,26,39,19,4,13,9,18
"ARL5A",13,53,39,90,95,24,27,43,21,90
"AC068547.1",0,2,0,0,0,0,0,1,0,1
"CACNB4",6,40,52,84,64,7,9,13,5,27
"AC079790.1",1,2,3,4,8,2,2,6,0,10
"STAM2",15,83,58,112,111,30,35,51,22,100
"FMNL2",496,1371,1328,3408,2215,466,574,732,344,1306
"PRPF40A",21,109,95,297,186,63,52,76,27,65
"ARL6IP6",23,79,59,134,128,42,47,65,29,90
"AC079150.1",0,0,0,0,0,0,0,1,0,1
"LINC01850",0,0,0,0,0,0,0,0,0,0
"RPRM",1,8,8,18,6,3,0,2,0,6
"GALNT13",32,103,80,146,150,24,14,26,32,33
"AC009227.1",0,0,0,1,2,0,0,0,0,0
"AC061961.1",0,0,0,0,0,0,0,0,0,0
"KCNJ3",8,66,94,166,168,24,23,28,9,37
"LINC01876",3,2,8,12,2,14,34,2,8,3
"AC074099.1",0,0,0,0,0,0,0,0,0,0
"NR4A2",10,21,21,25,29,15,13,17,9,32
"GPD2",62,417,243,384,481,119,205,299,75,393
"LINC01958",0,1,2,0,0,0,0,0,0,0
"GALNT5",0,0,0,0,0,0,0,0,0,0
"ERMN",38,127,105,125,108,50,22,19,26,27
"CYTIP",0,0,2,0,4,0,0,0,0,0
"ACVR1C",8,24,35,67,57,36,15,14,22,47
"AC019186.1",0,1,2,3,7,0,1,2,1,4
"ACVR1",5,61,49,92,78,14,22,33,9,41
"UPP2",31,71,94,109,202,33,60,47,24,140
"CCDC148-AS1",1,1,2,4,2,1,1,1,1,2
"CCDC148",6,16,42,29,40,11,20,20,8,24
"PKP4",76,248,216,335,323,54,65,73,24,130
"PKP4-AS1",2,8,3,5,2,0,0,0,0,2
"AC005042.2",0,0,0,1,0,0,0,0,0,0
"DAPL1",0,3,7,4,5,2,0,3,1,3
"TANC1",35,161,116,246,163,36,53,50,25,156
"WDSUB1",20,83,123,164,120,54,51,64,9,99
"BAZ2B",160,666,563,1040,1070,352,523,629,274,747
"AC008277.1",0,2,1,0,0,0,0,0,0,3
"AC009506.1",0,2,1,3,3,1,3,6,1,6
"AC009961.1",4,35,25,26,45,9,9,7,11,25
"MARCH7",20,156,103,222,201,63,98,90,46,111
"CD302",4,9,9,11,24,9,15,12,3,14
"LY75-CD302",0,0,0,0,1,0,1,0,1,2
"PLA2R1",1,29,26,24,34,7,2,9,5,12
"ITGB6",0,1,2,4,1,0,0,1,0,0
"LINC02478",0,0,1,1,1,0,1,2,0,3
"RBMS1",4,26,26,49,26,4,3,7,4,7
"AC009313.1",0,1,7,2,4,0,1,0,0,3
"TANK",23,188,75,175,181,50,99,109,46,150
"AC009299.3",1,11,5,1,12,2,2,9,2,16
"PSMD14",17,124,81,147,96,47,48,73,32,78
"TBR1",0,3,5,3,2,0,0,0,0,0
"AC009487.1",0,0,1,0,0,0,0,0,0,0
"SLC4A10",20,116,206,263,207,21,15,16,5,46
"DPP4",0,2,3,1,0,0,0,0,0,0
"AC007750.1",0,1,0,1,0,0,0,0,0,0
"FAP",2,12,14,20,41,45,38,19,31,21
"IFIH1",2,8,4,6,10,8,1,7,2,9
"GCA",6,29,27,38,35,18,19,6,6,14
"KCNH7",15,100,132,303,236,18,27,40,9,56
"AC011900.1",3,1,3,4,2,0,0,0,0,1
"FIGN",53,494,284,536,477,228,250,316,131,305
"AC016766.1",4,6,8,8,17,6,5,6,3,17
"GRB14",1,7,8,10,10,1,6,10,0,11
"COBLL1",4,23,9,21,14,4,4,6,0,5
"AC019197.1",0,2,11,16,12,1,0,5,3,6
"SLC38A11",0,10,29,21,23,4,1,2,3,7
"SCN3A",9,46,73,120,103,10,12,16,6,25
"SCN2A",32,107,137,199,136,24,19,33,6,30
"CSRNP3",37,222,209,349,333,84,98,144,64,178
"GALNT3",0,4,5,11,13,2,1,0,1,7
"AC009495.3",1,0,0,0,0,0,0,0,0,0
"AC009495.1",1,2,2,12,9,2,0,5,0,1
"TTC21B",9,103,78,96,102,27,41,40,18,84
"AC010127.1",4,17,32,46,21,7,2,5,5,11
"SCN1A",21,75,118,151,140,25,13,21,6,41
"SCN9A",5,10,14,21,18,2,0,0,2,3
"SCN7A",0,1,3,3,3,2,0,0,0,1
"XIRP2",0,3,2,16,13,0,3,5,1,6
"AC073050.1",141,638,604,985,1415,349,360,825,224,1094
"AC016723.1",6,81,81,114,79,54,19,108,19,63
"B3GALT1",4,20,16,33,32,10,4,21,8,11
"STK39",33,106,89,216,150,32,33,72,16,95
"CERS6",29,112,195,272,243,59,47,66,27,115
"NOSTRIN",0,1,0,0,2,0,0,1,0,2
"SPC25",0,3,1,5,2,0,0,2,0,4
"G6PC2",0,0,0,0,0,0,0,0,0,0
"ABCB11",0,2,0,0,2,0,1,0,0,3
"DHRS9",0,0,0,0,1,0,0,0,0,3
"LRP2",20,56,58,86,70,17,23,17,24,39
"AC093899.2",0,1,1,0,1,0,0,2,0,0
"KLHL41",0,5,1,3,2,0,2,1,0,4
"FASTKD1",14,51,93,163,115,24,40,50,17,96
"PPIG",34,150,148,258,211,66,62,124,45,108
"CCDC173",3,14,11,34,36,13,6,34,4,13
"KLHL23",19,88,87,133,127,42,40,64,22,99
"SSB",14,47,49,74,83,59,34,82,18,72
"METTL5",3,18,31,24,33,20,12,21,2,35
"UBR3",68,338,285,536,458,107,119,191,77,314
"MYO3B",3,9,13,13,15,4,3,4,3,12
"AC012594.1",0,2,0,2,2,0,1,1,1,4
"AC007277.1",3,0,3,4,1,3,1,2,4,8
"SP5",1,1,0,0,0,0,0,0,0,0
"AC007405.1",0,8,9,21,15,2,3,9,1,18
"AC007405.3",0,6,4,5,3,2,2,3,1,8
"ERICH2",1,5,6,13,4,3,1,4,3,4
"GAD1",9,20,21,65,16,4,2,7,1,16
"GORASP2",3,41,30,53,47,8,23,29,13,35
"TLK1",42,271,237,346,342,97,133,211,58,327
"METTL8",6,58,73,76,123,12,14,52,11,57
"DCAF17",11,42,33,53,63,16,13,29,7,33
"CYBRD1",13,66,50,97,112,76,48,79,44,85
"DYNC1I2",32,286,253,331,265,66,46,78,31,63
"SLC25A12",41,281,209,289,242,44,67,112,44,214
"HAT1",10,63,43,79,77,27,25,41,7,52
"METAP1D",20,44,42,31,81,12,32,26,7,75
"DLX1",2,3,3,6,5,0,0,1,0,1
"DLX2",0,0,0,2,0,0,0,0,0,0
"AC104088.1",3,4,3,3,2,2,4,1,4,4
"ITGA6",29,125,125,252,160,90,91,116,27,184
"AC078883.3",0,0,0,0,0,0,0,0,0,0
"AC078883.1",1,10,4,21,6,0,0,1,1,11
"PDK1",2,17,18,97,18,9,7,10,1,11
"RAPGEF4-AS1",0,5,3,16,5,2,0,1,0,1
"RAPGEF4",22,58,102,233,128,19,14,25,11,34
"MAP3K20",11,63,53,69,101,19,30,51,24,115
"MAP3K20-AS1",0,5,4,6,12,1,0,4,1,16
"CDCA7",1,0,0,4,4,0,0,5,1,2
"AC106900.1",0,0,0,0,0,0,0,0,0,1
"SP3",24,100,75,202,165,39,50,75,31,114
"AC016737.1",0,0,0,3,1,0,0,0,1,0
"OLA1",30,157,147,268,227,49,60,124,41,183
"LINC01305",0,0,0,2,0,0,0,0,0,0
"SP9",0,1,1,3,2,0,0,0,1,0
"CIR1",12,87,65,101,99,42,52,71,22,61
"SCRN3",9,43,39,43,57,10,21,39,9,38
"GPR155",18,146,102,130,111,20,30,47,6,62
"AC010894.2",0,0,4,1,0,4,0,1,0,1
"AC010894.3",16,109,87,68,84,55,18,45,16,42
"WIPF1",24,137,55,116,108,28,27,39,18,50
"CHRNA1",2,1,1,1,1,0,0,0,1,1
"CHN1",138,937,771,1432,1049,215,232,504,68,405
"ATF2",12,136,87,199,170,43,63,71,28,120
"ATP5MC3",22,81,65,86,60,29,30,33,10,77
"AC093459.1",0,0,1,2,6,2,0,2,2,3
"AC016751.2",1,1,1,1,1,1,0,0,2,0
"LNPK",12,84,61,88,104,26,33,47,10,48
"HAGLR",0,2,3,6,5,3,1,3,1,1
"HAGLROS",1,0,0,0,0,0,0,1,0,1
"HOXD1",3,0,4,1,1,0,1,3,0,4
"MTX2",24,144,111,204,163,60,60,92,42,172
"AC017048.1",0,0,0,0,0,0,0,0,0,0
"AC017048.2",0,0,0,0,0,0,0,0,0,0
"AC017048.3",0,0,0,0,1,0,0,0,0,0
"LINC01116",0,0,0,0,0,0,0,0,0,1
"LINC01117",1,1,1,0,2,0,0,0,0,1
"AC092162.2",3,1,0,2,1,0,0,0,0,2
"AC074286.1",4,29,13,22,17,4,3,6,0,25
"AC079305.3",3,23,16,33,22,4,2,5,5,33
"HNRNPA3",41,166,95,313,223,73,64,119,44,143
"NFE2L2",60,510,272,481,482,162,198,293,115,392
"AC079305.1",0,2,1,0,0,0,0,0,0,0
"AC019080.4",0,5,4,1,2,0,0,0,0,2
"AGPS",13,58,66,100,96,30,26,40,9,74
"TTC30B",3,9,5,8,6,5,3,6,2,6
"AC073834.1",0,0,1,0,0,0,1,2,0,2
"TTC30A",2,5,3,6,5,3,3,1,3,4
"PDE11A",0,1,2,5,2,0,0,4,1,1
"PDE11A-1",0,0,0,4,1,2,1,0,0,1
"AC012499.1",0,0,0,0,0,0,0,0,0,0
"RBM45",5,20,21,40,45,18,18,23,7,32
"OSBPL6",84,408,328,562,489,94,126,217,73,354
"AC009948.1",2,9,6,22,20,13,12,13,5,10
"PRKRA",21,76,78,129,112,37,28,59,14,55
"PJVK",5,17,20,32,36,5,7,8,4,36
"FKBP7",1,10,7,11,7,3,3,3,2,7
"PLEKHA3",9,32,28,46,32,8,20,14,7,26
"TTN-AS1",40,181,136,238,263,68,129,114,73,256
"TTN",9,34,31,35,63,11,13,21,7,52
"CCDC141",1,2,2,1,4,1,0,1,0,2
"SESTD1",40,203,119,231,229,60,74,99,41,162
"AC093911.1",0,0,0,1,0,0,0,0,0,0
"ZNF385B",11,91,129,223,200,17,21,22,8,44
"CWC22",8,48,40,84,84,24,26,34,9,53
"AC009478.1",0,4,3,2,6,1,2,2,1,2
"SCHLAP1",2,32,28,24,32,12,15,9,15,53
"UBE2E3",37,243,159,334,323,113,118,151,50,164
"AC068196.1",0,1,0,1,3,1,0,1,0,4
"LINC01934",0,8,4,11,17,12,5,5,5,8
"ITGA4",1,2,3,1,4,4,0,2,2,3
"CERKL",0,1,3,3,3,0,1,1,0,0
"AC009962.1",1,3,1,2,2,2,1,0,2,1
"SSFA2",12,70,82,147,139,59,86,92,36,163
"PPP1R1C",0,1,4,2,4,3,0,3,2,5
"PDE1A",63,249,215,244,241,28,42,38,42,95
"DNAJC10",22,64,54,89,84,19,29,24,5,48
"FRZB",0,4,5,6,6,0,1,1,0,8
"NCKAP1",49,353,281,505,406,103,146,210,75,308
"DUSP19",2,5,5,9,7,2,1,2,0,2
"AC064871.1",0,3,3,0,2,0,1,0,0,1
"NUP35",3,16,11,24,15,9,7,10,2,8
"AC021851.1",0,0,1,2,1,0,0,0,0,0
"AC093639.1",0,1,0,0,1,1,1,1,0,0
"AC096667.1",0,2,1,0,0,0,0,0,0,1
"ZNF804A",6,35,72,130,123,9,13,11,11,16
"AC007966.1",2,3,15,31,21,4,11,8,4,10
"FSIP2",4,22,21,48,18,11,9,4,1,10
"FSIP2-AS1",10,21,19,36,39,12,12,14,5,42
"LINC01473",26,119,60,124,135,39,41,51,18,123
"AC017071.1",0,5,4,10,10,3,3,4,0,7
"ZC3H15",21,124,87,128,96,23,32,58,17,64
"ITGAV",47,676,253,379,420,146,232,384,91,326
"AC017101.1",4,182,53,53,51,12,23,64,7,109
"FAM171B",99,351,454,861,852,331,314,414,223,608
"ZSWIM2",0,0,0,0,1,0,0,0,0,1
"AC007319.1",6,31,18,24,38,9,9,17,12,21
"CALCRL",2,4,13,14,8,2,6,2,6,9
"TFPI",0,2,2,1,3,1,2,0,0,1
"LINC01090",2,19,19,13,11,4,3,10,2,11
"GULP1",3,31,44,68,52,7,3,6,7,20
"DIRC1",0,0,0,0,0,0,0,0,0,0
"COL3A1",0,0,0,0,1,0,0,0,0,0
"COL5A2",9,28,41,45,44,19,15,9,6,26
"WDR75",10,57,24,47,54,15,20,21,12,34
"SLC40A1",0,10,8,5,4,2,6,10,1,8
"ASNSD1",9,29,14,27,32,15,19,29,2,25
"ANKAR",30,174,136,213,226,49,80,110,42,187
"OSGEPL1",5,17,28,37,25,9,15,18,4,20
"OSGEPL1-AS1",1,6,10,7,5,1,4,7,2,3
"AC013468.1",0,0,0,4,3,0,0,1,0,2
"ORMDL1",25,65,76,91,90,35,35,28,12,77
"PMS1",27,99,78,157,158,43,42,111,29,142
"C2orf88",10,62,89,136,110,24,18,25,9,105
"MSTN",1,0,1,5,1,0,3,3,1,3
"HIBCH",86,327,286,466,548,200,165,260,84,492
"INPP1",18,102,78,120,98,25,16,51,16,78
"MFSD6",15,38,62,102,61,15,10,18,9,18
"AC093388.1",0,0,0,0,0,0,0,0,0,0
"NEMP2",0,6,4,5,13,3,2,1,3,5
"AC108047.1",11,46,44,39,57,13,18,31,14,43
"NAB1",16,29,27,63,43,21,15,22,15,25
"AC006460.1",1,4,1,3,3,0,3,0,0,6
"GLS",23,131,159,291,193,45,40,77,14,96
"STAT1",7,58,27,55,48,14,18,33,4,22
"STAT4",5,36,38,32,29,2,3,2,3,11
"AC092614.1",0,0,0,0,0,0,0,0,0,0
"MYO1B",3,11,16,23,5,6,1,0,1,1
"NABP1",1,3,2,3,6,0,2,2,2,7
"AC098872.1",0,1,0,0,0,0,0,0,0,0
"CAVIN2",0,1,0,0,0,0,0,0,0,0
"AC098617.1",0,11,16,11,15,3,0,2,0,6
"TMEFF2",113,186,254,415,356,57,52,42,32,105
"LINC01821",0,3,3,2,4,1,1,3,0,0
"LINC01790",0,0,3,1,0,2,1,6,0,4
"AC010983.1",0,0,0,1,0,0,0,0,0,0
"AC104823.1",0,0,0,1,0,0,0,0,0,0
"AC064834.1",0,1,0,1,3,1,1,0,0,2
"LINC01827",0,2,0,1,0,0,0,1,0,1
"SLC39A10",28,132,126,185,177,37,34,50,23,79
"DNAH7",47,326,224,494,406,223,537,285,293,584
"STK17B",9,96,52,53,90,65,92,85,41,157
"AC114760.2",18,59,49,39,157,48,77,139,16,99
"HECW2",48,146,161,268,225,26,37,34,13,61
"AC020571.1",0,0,1,0,2,0,0,0,1,0
"CCDC150",4,10,5,17,18,2,6,4,1,7
"GTF3C3",8,29,32,51,41,13,9,35,7,25
"C2orf66",1,1,0,0,1,0,0,1,0,0
"PGAP1",15,73,50,120,105,20,41,29,12,73
"ANKRD44",53,250,167,310,347,83,90,184,52,226
"AC013264.1",0,0,1,0,0,0,0,0,0,0
"AC010746.1",0,0,0,0,0,0,0,0,0,0
"SF3B1",44,184,156,319,244,105,92,109,56,175
"COQ10B",9,52,34,45,42,9,8,10,5,30
"HSPD1",14,111,60,102,85,45,26,101,14,76
"HSPE1",0,0,3,0,1,0,0,1,0,1
"HSPE1-MOB4",0,5,4,7,5,4,4,3,4,3
"MOB4",9,28,39,21,29,27,14,38,6,24
"RFTN2",94,324,330,479,677,296,347,336,169,617
"AC011997.1",6,18,42,68,53,17,22,26,8,38
"BOLL",0,0,1,0,0,0,0,0,0,0
"PLCL1",137,305,351,666,534,134,180,122,114,282
"AC020719.1",0,0,0,0,0,0,0,0,0,0
"LINC01923",0,1,4,2,7,0,0,0,0,0
"AC019330.1",2,1,12,0,4,2,3,5,2,12
"AC020718.1",1,0,1,3,0,1,0,0,3,1
"SATB2",15,94,133,172,165,22,24,50,14,62
"AC016746.1",0,0,0,4,0,0,0,0,0,0
"SATB2-AS1",4,4,7,7,9,1,1,0,2,2
"LINC01877",12,9,6,6,9,0,2,0,1,7
"FTCDNL1",26,68,50,83,93,19,38,46,17,77
"C2orf69",10,41,64,87,52,38,12,32,10,46
"TYW5",8,38,23,30,39,15,18,24,9,45
"MAIP1",7,27,27,45,45,17,12,19,12,31
"SPATS2L",45,174,202,316,329,72,64,149,42,210
"KCTD18",3,15,17,25,20,6,7,11,8,28
"SGO2",7,11,14,29,43,9,18,22,10,29
"AOX1",1,5,6,2,5,0,1,1,1,2
"LINC01792",3,11,14,23,21,3,3,4,6,2
"AC007163.1",0,2,21,10,16,0,2,7,1,8
"BZW1",14,35,13,27,25,16,12,16,9,18
"CLK1",40,71,145,327,214,122,76,103,49,160
"PPIL3",5,46,38,32,33,15,13,13,4,35
"NIF3L1",0,25,9,10,18,1,0,11,3,13
"ORC2",23,106,96,143,115,19,26,46,19,78
"AC005037.1",3,34,33,38,62,6,7,15,6,42
"FAM126B",24,120,111,193,182,68,54,74,27,116
"NDUFB3",20,35,26,19,39,61,21,47,14,43
"AC007272.1",0,0,1,0,0,0,0,0,1,0
"CFLAR",17,107,74,120,105,32,42,68,38,63
"CFLAR-AS1",1,23,16,13,4,3,3,2,0,11
"CASP10",2,2,0,3,2,0,0,1,3,2
"CASP8",1,4,7,3,5,2,0,4,0,5
"ALS2CR12",7,15,9,39,43,13,6,30,5,37
"TRAK2",22,79,75,157,151,27,38,65,23,104
"STRADB",4,50,47,34,48,18,14,28,8,64
"C2CD6",14,25,35,49,38,21,10,30,15,38
"TMEM237",4,16,18,30,25,10,15,16,5,26
"MPP4",1,0,2,3,0,0,0,0,0,2
"ALS2",13,47,49,93,88,21,29,37,13,59
"CDK15",0,6,7,5,9,4,1,1,1,5
"AC069148.1",0,2,3,4,3,2,3,3,2,4
"FZD7",0,8,10,15,8,20,12,18,5,10
"KIAA2012",0,7,22,26,17,3,3,7,2,18
"AC079354.1",0,0,0,2,0,0,0,0,0,0
"AC079354.3",0,0,0,0,1,0,0,0,0,0
"SUMO1",21,80,69,62,87,48,29,67,14,81
"NOP58",10,71,53,85,67,26,21,31,11,42
"AC064836.2",0,0,0,0,0,0,1,0,0,0
"AC064836.3",0,2,4,1,0,0,2,1,0,1
"BMPR2",49,354,252,393,342,63,102,124,42,279
"FAM117B",8,26,40,62,68,10,22,21,7,33
"ICA1L",39,178,162,211,213,47,57,80,22,163
"WDR12",7,45,69,71,83,17,16,21,8,60
"CARF",16,59,62,78,91,21,28,30,17,106
"NBEAL1",56,196,226,331,371,118,139,119,58,266
"CYP20A1",15,53,54,124,112,20,20,31,10,81
"ABI2",60,302,254,470,431,83,107,129,62,306
"RAPH1",39,388,396,739,360,48,81,115,15,257
"CD28",0,0,0,2,0,0,0,0,0,0
"CTLA4",0,0,0,1,1,0,0,0,0,0
"ICOS",0,0,0,0,0,1,0,0,0,0
"AC016903.2",0,0,0,0,0,0,0,0,0,0
"PARD3B",157,1045,675,1435,1430,380,536,612,282,1113
"NRP2",4,24,7,8,10,7,3,6,2,3
"AC007679.1",3,7,7,4,6,1,2,4,1,13
"INO80D",20,78,91,214,154,53,52,94,37,83
"AC007383.2",0,1,3,1,1,2,0,1,0,0
"NDUFS1",26,175,150,225,160,45,40,82,30,134
"AC007383.3",3,2,10,18,2,1,1,4,0,6
"EEF1B2",10,22,31,26,35,15,14,19,4,25
"GPR1",0,2,1,2,7,1,4,5,0,3
"ZDBF2",7,31,38,56,59,11,12,26,9,33
"ADAM23",21,159,175,198,204,37,43,107,26,119
"AC010731.2",0,0,0,0,0,0,0,0,0,0
"FAM237A",0,0,0,0,2,0,0,0,0,0
"DYTN",0,2,2,2,4,0,0,0,0,3
"MDH1B",4,8,5,6,8,1,1,6,2,8
"FASTKD2",3,28,29,21,23,4,10,14,3,34
"AC008269.1",0,2,2,7,4,1,2,1,1,1
"CPO",1,6,5,16,20,6,0,3,4,8
"KLF7",36,255,100,350,240,90,88,157,83,133
"AC007879.1",2,13,9,10,5,7,1,2,3,6
"AC007879.3",0,6,2,1,2,0,0,0,0,1
"AC009226.1",0,7,11,15,6,2,0,4,1,5
"LINC01802",0,0,0,5,1,0,0,3,0,0
"CREB1",24,111,90,108,140,38,74,71,15,108
"METTL21A",4,39,48,52,68,20,12,37,9,58
"LINC01857",0,0,0,0,2,0,0,0,0,0
"CCNYL1",4,45,40,41,58,13,9,13,6,30
"AC096772.1",1,0,1,1,1,0,1,0,1,0
"FZD5",2,8,2,8,2,2,5,7,1,2
"PLEKHM3",19,82,67,105,115,25,32,40,17,77
"CRYGD",0,0,0,0,0,0,0,1,0,1
"CRYGB",0,0,2,0,0,1,1,0,0,0
"CRYGA",0,0,0,0,0,0,0,1,0,0
"C2orf80",5,15,10,11,7,0,3,2,0,5
"IDH1",17,117,58,92,134,34,53,48,23,92
"IDH1-AS1",1,1,4,6,3,2,0,1,0,3
"PIKFYVE",26,121,79,177,170,32,45,97,36,126
"PTH2R",2,8,17,17,25,7,4,6,4,11
"MAP2",52,232,297,455,393,83,75,88,80,142
"UNC80",20,145,99,178,145,28,51,53,32,42
"RPE",6,26,27,31,21,2,6,24,6,30
"KANSL1L",53,215,267,454,447,138,174,212,107,336
"AC007038.2",1,6,5,17,10,1,7,8,1,12
"AC007038.1",16,49,93,142,126,33,35,42,14,126
"ACADL",0,4,3,4,11,3,2,4,2,6
"LANCL1-AS1",0,9,23,28,13,10,2,1,5,20
"LANCL1",61,166,175,302,231,49,46,53,43,104
"CPS1",2,6,8,8,22,1,4,12,5,15
"ERBB4",634,2869,2699,7199,5723,1439,2497,2896,1313,4828
"LINC01878",0,1,3,4,0,0,0,0,1,0
"AC108066.1",0,0,0,0,0,0,0,0,0,1
"IKZF2",20,215,93,282,278,99,149,153,62,158
"AC079610.2",0,2,1,2,2,0,2,6,0,2
"AC079610.3",0,1,0,1,2,1,0,0,0,0
"AC079610.1",0,0,0,3,1,2,0,2,2,2
"SPAG16",34,161,202,379,344,97,87,142,44,254
"AC068051.1",5,24,40,24,28,8,7,6,5,55
"VWC2L",6,22,40,74,54,7,8,14,4,20
"BARD1",4,88,55,104,82,17,20,44,15,54
"AC016708.1",6,22,15,64,20,4,10,14,6,76
"ABCA12",0,15,11,16,7,2,5,5,2,10
"AC072062.1",0,7,5,10,3,4,2,1,0,9
"AC073284.1",0,1,1,0,0,0,0,0,0,1
"ATIC",8,51,54,73,74,26,32,45,13,54
"FN1",13,184,97,175,111,38,23,56,14,127
"AC012462.1",0,0,0,0,0,0,0,0,0,0
"AC012668.2",0,0,0,2,0,0,1,0,1,0
"AC012668.3",1,6,1,5,2,2,1,1,0,6
"LINC00607",0,4,1,3,3,2,2,3,0,1
"AC093382.1",0,0,0,2,1,0,0,0,1,0
"MREG",1,20,12,20,11,4,5,3,0,19
"PECR",4,13,12,20,13,6,8,5,0,15
"TMEM169",2,7,11,11,14,0,1,2,1,3
"XRCC5",35,254,152,210,210,62,64,102,41,166
"LINC01963",1,8,8,27,7,2,3,0,1,2
"MARCH4",4,10,10,17,15,1,0,3,1,5
"AC012513.1",0,0,0,0,0,0,0,0,0,0
"AC069155.1",0,0,2,2,0,0,0,0,0,0
"AC098820.2",0,1,0,0,0,0,0,0,0,0
"SMARCAL1",9,41,44,68,76,13,25,31,8,48
"AC098820.3",0,0,0,2,2,2,0,1,0,2
"RPL37A",65,135,164,209,198,116,38,129,46,90
"LINC01280",0,0,0,0,2,0,0,0,0,0
"AC073321.1",0,1,0,0,0,0,0,0,0,0
"IGFBP2",2,10,5,6,5,0,0,0,0,1
"IGFBP5",5,12,34,55,41,10,7,19,2,15
"AC007563.2",10,50,71,66,63,2,6,6,7,25
"DIRC3-AS1",0,9,6,6,2,0,1,0,0,5
"DIRC3",12,36,44,71,91,13,8,21,10,32
"TNS1",17,74,58,41,73,13,25,24,12,78
"AC010136.1",0,0,0,2,0,2,0,0,0,1
"RUFY4",0,5,3,1,5,2,7,5,0,7
"CXCR2",0,0,1,0,2,0,0,0,0,0
"ARPC2",15,72,54,48,69,25,15,42,8,47
"AAMP",13,50,35,48,32,16,11,29,4,32
"PNKD",20,145,146,164,108,47,66,81,23,96
"TMBIM1",24,169,71,129,92,58,72,74,29,87
"CATIP-AS2",3,3,3,5,5,2,0,5,4,6
"CATIP",3,3,3,4,5,1,0,1,1,8
"SLC11A1",2,4,17,8,8,1,3,3,2,7
"CTDSP1",11,34,36,42,36,11,17,9,8,41
"AC021016.3",0,1,0,1,0,1,0,0,0,1
"VIL1",0,1,2,4,3,1,0,0,1,5
"USP37",21,68,83,106,98,23,28,41,22,77
"CNOT9",10,44,26,41,28,13,14,17,4,42
"PLCD4",1,12,19,23,21,3,6,5,3,13
"AC012510.1",0,0,2,3,1,0,0,0,2,0
"ZNF142",3,18,19,26,26,5,9,15,5,12
"BCS1L",2,13,18,16,17,10,5,14,2,15
"RNF25",3,15,15,18,12,8,6,11,11,6
"STK36",9,15,36,93,38,17,14,24,16,17
"TTLL4",20,77,50,50,49,12,16,82,9,69
"CYP27A1",27,83,83,86,94,21,37,67,28,88
"AC009974.1",0,0,2,0,3,0,1,1,1,0
"PRKAG3",0,0,0,0,0,0,0,0,0,0
"WNT6",0,0,0,0,0,0,0,0,0,0
"WNT10A",0,0,0,0,1,0,0,0,0,0
"LINC01494",0,1,2,3,1,0,0,0,0,0
"AC097468.2",0,0,0,2,0,0,0,0,0,1
"CDK5R2",1,15,14,38,17,2,0,4,1,5
"LINC00608",1,0,0,0,0,0,0,0,0,0
"FEV",0,0,0,0,0,0,0,0,0,0
"CRYBA2",0,0,0,0,0,1,0,0,0,0
"AC097468.1",0,0,0,0,0,0,0,0,0,0
"CFAP65",0,2,2,2,1,1,0,0,0,0
"IHH",0,0,0,0,1,0,0,0,0,0
"AC097468.3",0,0,1,3,1,0,0,0,1,0
"NHEJ1",0,0,0,0,0,0,0,2,0,0
"CNPPD1",10,33,28,32,31,18,14,29,9,15
"RETREG2",21,59,69,153,70,28,23,45,14,37
"ZFAND2B",7,20,39,48,35,22,21,23,8,43
"ABCB6",0,0,1,1,0,2,0,2,3,0
"ATG9A",1,5,2,4,3,1,2,0,0,3
"ANKZF1",17,40,51,84,58,37,40,60,31,42
"GLB1L",4,7,7,4,6,0,1,3,1,10
"STK16",1,14,12,14,17,12,8,14,1,11
"TUBA4A",18,90,78,123,57,12,9,28,11,24
"TUBA4B",0,0,0,1,1,0,0,0,0,0
"DNAJB2",51,154,146,293,149,73,58,164,56,127
"PTPRN",11,47,60,123,48,2,5,10,0,9
"AC114803.1",0,1,0,0,0,0,0,0,0,0
"RESP18",0,0,0,0,1,0,0,0,0,0
"DNPEP",4,24,16,36,39,12,10,19,7,47
"AC053503.2",0,0,1,1,2,1,3,0,0,0
"DES",0,0,0,0,0,0,0,0,0,0
"SPEG",15,35,52,85,64,32,21,67,21,48
"AC053503.1",1,0,1,0,1,1,0,1,0,1
"GMPPA",9,8,13,20,25,13,7,12,10,3
"ASIC4",2,5,5,11,0,0,0,1,0,1
"CHPF",11,45,49,43,39,27,27,41,20,27
"TMEM198",2,14,6,9,8,3,0,7,3,8
"AC009955.3",0,0,0,1,0,0,0,0,0,0
"OBSL1",26,38,54,91,75,25,27,52,34,56
"AC009955.4",0,0,0,4,4,1,0,3,0,1
"INHA",5,3,18,9,4,0,1,1,4,2
"STK11IP",11,10,14,50,23,10,11,30,9,20
"AC009955.1",0,1,0,1,0,1,0,0,0,0
"SLC4A3",9,19,39,43,37,21,21,33,12,15
"AC009955.2",0,0,0,0,1,0,0,0,0,0
"AC009502.1",0,4,2,1,1,0,0,1,1,0
"AC019211.1",5,26,61,50,77,2,3,5,1,8
"AC067956.1",3,22,50,44,48,3,3,2,2,6
"AC093843.1",0,1,1,0,1,0,0,0,0,0
"EPHA4",22,157,184,315,250,75,53,70,45,153
"AC079834.2",0,1,1,7,1,0,0,1,1,0
"AC068489.1",0,0,0,0,0,0,0,0,0,0
"PAX3",0,0,0,0,0,0,0,0,0,0
"AC010980.2",1,0,1,2,0,1,1,0,0,0
"SGPP2",0,7,13,19,17,1,1,4,1,3
"AC097461.1",1,4,2,4,1,0,1,0,0,1
"FARSB",10,66,35,78,63,13,23,28,13,44
"MOGAT1",3,13,7,22,31,7,9,14,6,22
"ACSL3",55,533,279,565,487,135,176,257,100,347
"KCNE4",2,3,24,95,112,32,5,77,3,18
"SCG2",15,28,25,46,12,9,7,7,1,4
"AP1S3",5,15,18,39,44,9,2,18,3,26
"WDFY1",12,61,57,126,108,22,20,33,18,82
"MRPL44",2,19,7,13,33,11,7,12,5,15
"AC073641.1",0,0,0,0,3,0,0,0,0,0
"SERPINE2",102,572,348,620,539,257,179,337,153,365
"FAM124B",0,1,0,1,0,0,0,0,0,1
"AC073052.2",0,2,0,5,2,0,2,1,1,4
"CUL3",27,230,182,288,284,73,85,175,42,171
"CCDC195",0,0,0,0,0,0,1,0,1,0
"DOCK10",143,240,270,416,479,102,79,93,63,162
"NYAP2",4,15,28,35,24,5,1,6,2,3
"AC016717.2",0,0,2,5,5,1,0,2,0,1
"IRS1",2,22,19,49,40,13,11,34,4,22
"AC010735.2",1,3,3,6,2,2,1,4,0,4
"RHBDD1",37,143,90,223,233,67,60,167,43,215
"COL4A4",1,10,7,2,9,2,1,5,3,5
"COL4A3",1,23,34,35,26,3,5,10,1,50
"AC097662.1",3,16,15,24,25,9,8,7,4,17
"MFF",28,194,148,222,253,65,72,124,36,162
"TM4SF20",0,1,1,8,3,1,0,1,0,3
"AGFG1",16,119,132,224,175,30,43,83,19,101
"C2orf83",0,1,1,0,0,0,0,0,0,2
"SCYGR4",0,0,0,0,0,0,0,0,0,0
"SLC19A3",0,4,3,8,7,3,1,0,0,6
"CCL20",0,0,0,0,0,0,0,0,0,0
"DAW1",0,4,7,8,2,3,0,0,0,1
"SPHKAP",15,10,16,18,14,2,1,3,2,2
"LINC01807",0,0,0,6,2,0,0,1,0,3
"PID1",36,133,140,231,167,44,40,47,28,157
"DNER",66,276,177,345,301,77,90,133,65,133
"TRIP12",48,321,180,476,362,95,115,159,56,254
"FBXO36",4,29,25,37,32,6,5,15,5,18
"SLC16A14",3,17,9,23,14,2,6,7,0,3
"AC009950.1",8,44,52,33,66,12,13,17,3,16
"SP110",12,54,28,41,67,32,36,33,12,42
"SP140",2,13,6,6,8,0,3,2,0,8
"SP140L",0,2,4,2,5,0,1,0,0,5
"SP100",1,4,2,10,11,1,1,3,1,6
"AC010149.1",0,1,1,3,1,3,2,2,2,0
"LINC01907",0,0,1,0,0,0,0,0,0,0
"CAB39",14,121,89,147,132,23,33,68,21,81
"ITM2C",60,417,450,407,507,447,310,389,147,388
"AC012507.2",0,0,2,5,3,1,1,2,0,2
"GPR55",1,2,1,3,2,0,0,1,1,3
"AC012507.4",0,0,0,0,0,0,0,0,0,0
"SPATA3-AS1",0,0,1,0,0,0,1,1,0,1
"SPATA3",1,2,3,4,5,1,1,1,1,3
"C2orf72",58,143,147,333,165,36,37,60,38,83
"PSMD1",36,209,143,278,248,68,100,134,55,143
"HTR2B",0,2,0,3,2,0,0,1,1,1
"ARMC9",21,108,97,146,146,35,36,61,28,68
"B3GNT7",0,1,1,3,1,0,1,0,2,2
"NCL",15,88,65,85,69,11,12,15,5,12
"LINC00471",1,5,9,0,9,0,6,3,0,6
"NMUR1",0,0,0,0,0,0,0,0,0,0
"PTMA",87,430,326,578,442,300,148,325,93,183
"PDE6D",5,54,52,68,85,27,11,25,5,52
"COPS7B",10,42,35,65,38,8,10,13,6,41
"NPPC",0,0,1,6,0,0,1,0,0,1
"DIS3L2",43,144,137,247,194,52,50,104,34,132
"AC019130.1",5,25,27,37,30,8,8,15,2,33
"ECEL1",0,2,0,0,0,0,0,1,0,0
"PRSS56",0,0,0,0,0,0,0,1,0,0
"CHRND",0,0,1,2,1,1,0,3,0,1
"CHRNG",0,1,1,0,1,0,0,0,0,0
"TIGD1",6,20,14,6,18,2,7,13,3,18
"EIF4E2",15,28,29,48,51,10,11,20,5,30
"AC073254.1",1,4,2,3,3,0,0,2,1,0
"EFHD1",34,151,115,216,146,73,68,58,50,97
"GIGYF2",51,268,220,395,332,45,87,129,44,259
"KCNJ13",0,3,0,1,0,2,3,0,0,7
"SNORC",16,76,41,61,47,27,25,24,21,59
"NGEF",8,40,37,44,38,19,9,9,4,22
"INPP5D",8,4,28,74,46,13,7,28,5,19
"ATG16L1",5,16,24,25,16,3,9,7,12,18
"SAG",0,0,1,0,0,0,0,1,0,1
"AC013726.1",0,0,0,0,1,0,0,0,1,0
"DGKD",17,61,41,84,69,17,10,48,20,66
"USP40",41,145,169,248,203,56,80,109,53,156
"AC114812.2",0,0,0,0,3,2,0,0,0,0
"MROH2A",0,0,0,1,0,0,0,1,0,0
"HJURP",0,0,0,0,0,0,0,1,0,2
"TRPM8",1,0,2,1,0,0,0,0,0,0
"SPP2",0,0,1,1,1,0,0,0,0,0
"AC097713.1",0,0,1,1,0,1,0,1,0,0
"LINC01891",0,2,1,0,1,0,0,1,0,3
"ARL4C",9,25,45,56,49,20,9,17,15,37
"LINC01173",0,0,0,0,0,0,0,0,0,0
"SH3BP4",4,17,16,31,29,5,6,11,4,26
"AGAP1",122,461,514,991,728,102,115,185,62,345
"AC064874.1",0,0,0,0,0,0,1,0,0,0
"AC019068.1",0,1,1,3,6,1,0,0,2,2
"ASB18",0,4,1,0,2,0,0,0,1,0
"IQCA1",93,459,197,330,260,164,150,221,88,307
"IQCA1-AS1",0,3,0,1,2,0,0,0,0,0
"ACKR3",4,38,22,49,51,36,41,73,19,64
"AC084030.1",0,0,0,1,0,0,0,0,0,0
"AC105760.1",0,0,0,0,1,0,2,1,0,2
"AC105760.2",0,10,21,14,22,2,2,7,3,12
"COPS8",13,90,59,48,59,20,11,41,6,55
"COL6A3",0,0,1,0,0,2,0,0,1,2
"AC112721.2",0,0,0,0,0,0,0,0,0,0
"MLPH",0,0,0,0,0,0,0,0,0,0
"RAB17",0,0,0,1,0,0,0,0,0,0
"AC104667.2",1,1,1,0,0,0,0,0,0,0
"AC104667.1",1,0,0,2,4,0,0,1,0,0
"LRRFIP1",27,107,142,179,175,43,40,69,20,114
"RBM44",0,0,1,8,3,0,1,2,0,6
"RAMP1",53,418,369,577,519,271,234,296,103,335
"UBE2F-SCLY",2,26,9,16,15,3,4,5,2,12
"SCLY",0,0,0,0,0,0,1,0,0,0
"ESPNL",0,0,0,0,1,1,0,0,0,0
"ERFE",0,0,0,1,1,0,0,0,0,0
"ILKAP",29,114,91,123,133,36,29,68,19,99
"HES6",20,84,114,51,126,36,47,57,34,139
"PER2",8,76,45,46,65,22,12,14,4,55
"AC012485.3",3,3,1,0,1,0,0,0,0,2
"AC012485.2",0,0,0,1,1,0,1,0,0,0
"TRAF3IP1",8,55,43,73,75,14,16,34,9,44
"ASB1",6,17,15,27,23,8,2,7,5,10
"LINC01107",0,0,0,3,0,0,0,3,0,4
"TWIST2",0,0,0,0,1,0,1,1,0,2
"HDAC4",37,232,136,225,205,34,68,79,26,124
"AC062017.1",8,29,22,19,12,5,8,9,6,25
"AC079612.1",0,0,0,1,0,0,0,0,0,0
"AC093802.1",1,1,1,0,1,2,0,1,0,1
"NDUFA10",21,134,100,188,99,38,36,59,33,75
"COPS9",33,156,137,232,188,141,68,110,43,77
"OTOS",0,7,6,6,12,7,2,5,1,8
"GPC1",49,101,127,252,106,28,34,88,44,42
"ANKMY1",26,34,53,67,90,11,28,36,10,60
"DUSP28",3,6,6,4,7,4,0,2,0,0
"RNPEPL1",8,13,21,54,29,15,10,25,12,12
"CAPN10-DT",4,10,13,6,13,1,8,5,0,11
"CAPN10",14,23,24,58,25,11,12,24,7,20
"GPR35",4,2,5,2,5,2,4,3,3,7
"KIF1A",42,155,185,284,191,79,45,133,44,95
"CROCC2",0,2,2,1,1,1,0,0,0,1
"SNED1",26,110,80,153,157,91,58,84,58,72
"AC005237.1",1,38,30,35,21,7,3,20,5,29
"MTERF4",20,95,83,94,96,18,25,57,24,81
"PASK",2,4,11,13,10,3,3,10,4,4
"PPP1R7",15,63,68,79,72,18,19,28,6,50
"ANO7",1,3,5,7,10,1,2,3,0,7
"HDLBP",22,104,112,204,157,44,32,57,19,81
"SEPT2",54,307,197,184,225,83,96,85,62,190
"FARP2",23,101,85,130,105,21,31,56,14,79
"STK25",15,56,66,98,64,27,34,38,22,38
"BOK-AS1",0,3,2,1,3,3,0,2,3,3
"BOK",8,37,23,124,56,29,13,20,11,12
"AC133528.1",0,0,1,0,1,2,0,2,0,0
"THAP4",5,42,29,64,59,18,20,40,14,47
"ATG4B",30,150,194,349,166,82,82,109,33,220
"DTYMK",2,11,17,27,18,14,12,24,10,11
"ING5",18,46,68,104,77,24,25,44,20,102
"D2HGDH",25,76,83,155,85,12,26,42,22,55
"AC114730.2",0,2,0,1,1,0,0,0,0,2
"GAL3ST2",0,0,0,3,3,0,0,0,0,0
"AC131097.3",0,0,1,2,11,1,0,4,0,0
"NEU4",2,4,2,12,9,3,0,1,0,0
"RTP5",0,1,0,5,2,1,0,0,0,1
"AC131097.2",0,1,4,1,1,7,3,1,0,0
"LINC01238",1,1,5,3,6,1,3,3,1,3
"LINC01880",0,0,1,1,0,0,0,0,1,0
"LINC01238-1",0,0,2,4,0,0,0,0,0,3
"CHL1",79,380,428,629,388,207,180,237,80,612
"CHL1-AS1",0,1,1,7,1,0,0,1,0,0
"LINC01266",17,65,58,71,91,48,52,32,37,146
"AC087430.1",0,1,0,1,1,0,0,0,0,2
"CNTN6",4,26,28,52,29,7,7,4,3,26
"CNTN4",22,116,207,316,259,21,19,39,12,60
"CNTN4-AS2",0,1,0,1,0,0,0,0,0,0
"CNTN4-AS1",1,1,1,0,1,0,0,1,0,1
"IL5RA",0,2,3,1,0,0,0,1,0,5
"TRNT1",6,60,41,44,49,15,15,25,3,36
"CRBN",20,118,99,136,141,41,40,72,20,95
"AC024060.1",4,12,3,21,7,6,2,6,1,4
"AC034195.1",19,35,53,103,30,13,23,16,12,28
"SUMF1",79,308,272,468,276,84,134,153,70,245
"LRRN1",16,52,92,140,198,44,36,91,28,161
"SETMAR",4,17,13,35,20,7,8,8,2,17
"ITPR1-DT",0,0,8,9,1,1,0,0,0,1
"ITPR1",19,83,122,230,154,24,18,25,12,70
"EGOT",0,1,0,1,1,0,0,0,0,0
"AC018816.1",6,50,60,51,55,8,22,18,8,45
"BHLHE40-AS1",4,23,5,25,19,6,4,9,1,11
"BHLHE40",10,110,78,200,68,15,33,47,6,83
"ARL8B",21,138,118,197,164,73,40,100,28,93
"AC026202.2",19,129,156,162,154,37,50,55,11,161
"AC026202.3",0,2,2,0,1,0,0,0,0,0
"EDEM1",2,15,10,20,12,6,3,4,6,12
"AC087857.1",1,1,8,16,6,3,0,2,1,5
"AC026167.1",2,6,10,31,11,1,0,1,0,7
"AC069277.1",0,2,3,3,2,0,0,1,0,1
"GRM7-AS3",1,7,7,11,10,4,2,7,2,3
"GRM7",50,207,330,423,359,43,45,87,30,148
"GRM7-AS1",0,7,13,4,7,1,1,4,2,7
"AC068313.1",1,1,3,2,4,3,0,1,2,1
"LMCD1-AS1",118,444,300,487,773,175,210,326,162,506
"AC018832.1",1,3,4,4,1,1,0,1,0,2
"LMCD1",1,8,6,5,12,3,3,1,2,4
"SSUH2",0,2,2,9,4,4,2,2,2,1
"CAV3",5,5,15,26,13,1,3,4,3,26
"OXTR",1,18,0,29,22,6,3,3,4,3
"RAD18",7,14,43,49,66,9,16,19,1,36
"SRGAP3",131,328,346,603,538,80,89,147,52,344
"SRGAP3-AS4",0,0,0,0,0,1,1,0,0,0
"THUMPD3-AS1",35,195,249,198,292,86,64,125,34,251
"THUMPD3",2,28,11,26,38,7,11,12,8,22
"SETD5",69,501,362,546,503,106,159,234,86,481
"LHFPL4",3,25,28,45,40,3,5,2,3,8
"MTMR14",6,21,41,62,38,19,11,24,8,43
"CPNE9",1,25,34,41,29,7,3,30,5,21
"BRPF1",1,12,9,6,10,5,3,7,1,8
"OGG1",15,33,45,46,55,7,10,24,4,46
"CAMK1",18,57,66,87,53,18,17,21,7,67
"TADA3",17,87,42,92,79,24,20,43,12,47
"TTLL3",8,17,21,31,31,11,13,16,15,20
"AC022382.1",0,1,1,1,0,0,1,0,0,3
"RPUSD3",9,24,29,24,19,9,13,14,5,20
"CIDEC",0,2,0,0,2,1,0,0,0,0
"JAGN1",1,23,21,17,17,22,22,22,5,15
"IL17RE",1,13,17,17,13,2,3,7,2,23
"IL17RC",13,26,37,69,45,15,14,15,15,46
"CRELD1",20,57,97,186,145,95,52,117,35,144
"PRRT3",3,19,18,24,11,5,9,12,4,12
"PRRT3-AS1",4,7,20,25,19,4,7,13,1,19
"AC018809.2",0,1,4,2,1,1,0,0,0,2
"EMC3",19,96,89,102,94,29,35,55,11,82
"FANCD2",1,9,11,8,9,1,2,3,4,3
"FANCD2OS",1,3,6,4,7,0,1,0,1,1
"BRK1",23,86,69,81,75,21,23,41,6,40
"VHL",1,17,16,19,22,3,5,6,3,23
"IRAK2",9,30,34,60,23,10,6,14,6,27
"AC022384.1",0,1,0,0,0,0,0,0,0,1
"GHRL",2,12,10,11,10,4,6,15,1,21
"GHRLOS",0,0,4,1,4,1,8,1,0,4
"SEC13",7,56,48,73,57,16,17,37,7,73
"ATP2B2",40,420,256,436,352,74,100,114,62,196
"LINC00606",1,0,0,0,1,0,0,0,0,0
"SLC6A11",58,512,176,350,407,100,100,231,68,333
"SLC6A1",77,358,221,331,324,105,133,130,89,307
"SLC6A1-AS1",144,537,1024,1147,595,11,63,273,52,317
"HRH1",17,101,111,198,178,52,55,52,23,151
"ATG7",84,580,339,684,540,87,132,192,89,447
"VGLL4",52,308,208,400,325,70,88,162,66,222
"AC022001.2",0,1,1,2,1,0,0,1,0,2
"TAMM41",12,70,46,81,83,15,20,28,0,64
"SYN2",29,130,151,270,158,20,17,22,10,35
"TIMP4",0,0,1,2,3,0,0,0,0,0
"PPARG",1,25,17,22,30,5,4,2,2,3
"TSEN2",13,88,62,58,75,19,17,24,9,73
"MKRN2OS",4,17,21,21,20,5,3,5,2,24
"MKRN2",4,24,15,16,26,8,12,9,4,16
"RAF1",28,143,117,253,193,39,47,77,35,156
"TMEM40",0,1,3,2,3,0,1,0,1,2
"CAND2",2,20,19,21,21,6,8,13,6,13
"AC034198.2",0,0,0,0,0,0,0,1,0,0
"RPL32",97,171,187,155,253,162,67,115,50,72
"LINC02022",0,0,0,0,0,0,0,0,0,0
"IQSEC1",36,129,103,170,165,39,41,68,33,100
"NUP210",14,45,48,41,39,10,8,21,8,36
"HDAC11-AS1",0,1,1,2,1,0,0,0,0,3
"HDAC11",16,65,33,71,46,25,16,20,10,36
"FBLN2",0,0,7,1,2,0,0,1,0,2
"LINC00620",1,3,4,9,3,2,0,5,5,0
"WNT7A",2,3,7,33,24,14,5,27,2,26
"CHCHD4",5,9,6,13,11,3,3,1,0,2
"TMEM43",6,24,17,11,15,1,4,8,2,27
"AC090004.1",0,0,3,0,1,2,0,1,1,2
"AC093495.1",0,3,0,1,1,0,2,2,0,2
"XPC",7,59,59,63,63,10,21,28,9,46
"LSM3",13,32,33,36,37,35,20,39,8,12
"AC093496.1",0,1,0,1,0,0,0,0,0,0
"SLC6A6",2,6,17,31,16,2,3,5,1,5
"GRIP2",5,3,3,10,6,3,2,4,1,1
"AC090952.2",1,2,0,0,0,1,0,1,0,1
"CCDC174",13,54,39,55,57,12,4,25,7,44
"C3orf20",2,8,6,8,12,1,2,4,1,4
"FGD5",0,4,2,6,4,0,1,3,0,2
"FGD5-AS1",12,39,29,47,53,30,14,35,13,26
"NR2C2",17,109,128,174,143,32,52,60,24,92
"MRPS25",18,78,68,95,88,21,20,31,6,86
"RBSN",9,57,39,58,44,11,14,31,7,48
"CAPN7",20,105,105,181,157,43,61,89,36,151
"SH3BP5-AS1",1,8,4,13,6,2,1,3,2,4
"SH3BP5",4,34,30,45,33,3,4,9,4,11
"METTL6",11,54,51,57,55,9,18,21,8,39
"EAF1",5,20,13,27,21,6,13,3,3,12
"EAF1-AS1",2,3,4,2,2,2,3,4,0,2
"COLQ",14,25,43,37,28,2,6,6,0,34
"HACL1",19,54,54,97,91,21,25,31,10,66
"BTD",9,39,44,42,48,15,7,18,13,31
"ANKRD28",41,276,141,290,234,63,92,97,52,178
"GALNT15",10,29,24,27,37,18,4,22,8,27
"DPH3",2,12,13,15,21,3,7,9,4,11
"OXNAD1",14,84,76,141,102,24,22,34,15,99
"RFTN1",7,45,30,85,53,6,8,26,2,21
"DAZL",0,0,1,1,1,0,0,1,0,1
"AC091493.1",0,0,0,0,0,0,0,0,0,0
"PLCL2",9,37,67,89,69,13,11,20,8,18
"TBC1D5",121,396,546,1188,961,214,265,431,154,664
"AC132807.2",0,0,1,1,2,0,0,0,0,0
"KCNH8",75,221,103,173,158,30,31,27,36,92
"EFHB",4,27,28,18,19,1,4,1,1,21
"RAB5A",18,135,64,103,86,24,35,52,21,73
"PP2D1",0,0,2,3,4,1,0,1,1,0
"KAT2B",59,223,235,366,454,99,95,131,85,391
"SGO1",0,0,0,2,4,1,0,0,0,2
"AC116096.1",0,2,0,0,2,0,0,0,0,1
"AC099753.1",0,3,3,7,5,3,0,3,2,4
"ZNF385D",16,58,72,187,116,23,8,21,7,12
"ZNF385D-AS1",0,1,0,0,1,0,0,0,0,0
"ZNF385D-AS2",0,0,1,1,1,0,0,0,0,0
"UBE2E2-AS1",0,0,0,1,1,0,0,0,0,2
"UBE2E2",115,456,446,747,684,175,163,276,86,358
"UBE2E1",29,176,114,146,197,41,54,81,27,173
"NKIRAS1",2,29,31,38,29,21,15,21,8,36
"RPL15",60,243,192,148,247,90,83,145,32,116
"NR1D2",20,146,142,187,188,38,60,64,28,165
"LINC00691",0,3,3,1,1,1,1,0,0,1
"THRB",68,304,386,780,713,159,166,236,94,363
"AC012087.1",0,0,0,1,0,0,0,0,0,0
"AC092422.1",0,7,19,44,26,11,5,8,1,13
"RARB",12,49,69,172,130,35,31,67,28,64
"TOP2B",39,135,70,173,167,55,68,86,32,128
"NGLY1",9,48,63,105,83,20,33,50,15,84
"OXSM",3,13,19,19,24,5,4,8,1,10
"AC099754.1",0,2,0,1,0,0,0,0,0,0
"LRRC3B",57,347,215,711,500,94,139,171,55,176
"AC114877.1",0,2,0,2,1,0,0,0,0,0
"NEK10",5,35,18,33,39,13,5,14,3,13
"SLC4A7",12,48,26,65,58,9,7,19,2,33
"EOMES",0,0,0,0,0,0,0,0,0,0
"LINC01980",0,0,1,1,0,0,1,0,0,0
"LINC01967",0,1,2,3,0,2,0,1,0,2
"CMC1",16,68,39,104,109,25,32,42,14,82
"AZI2",11,71,41,80,45,24,22,33,9,48
"AC098650.1",1,9,17,23,37,10,6,10,5,16
"RBMS3",25,187,102,276,212,72,105,90,51,159
"RBMS3-AS3",11,146,88,187,134,41,66,80,14,150
"RBMS3-AS2",5,38,26,52,57,16,17,16,12,61
"RBMS3-AS1",0,6,1,1,1,0,0,3,0,6
"LINC01985",0,0,1,0,0,0,0,1,0,1
"TGFBR2",0,2,4,9,18,2,2,3,1,2
"GADL1",0,1,1,0,0,0,0,0,0,0
"STT3B",22,78,67,154,130,43,33,45,21,79
"OSBPL10",6,19,36,51,70,3,3,3,1,9
"OSBPL10-AS1",0,1,2,1,6,0,0,0,0,0
"ZNF860",0,0,0,0,0,0,0,0,0,0
"GPD1L",9,8,20,38,22,7,2,3,1,10
"CMTM8",3,2,1,8,6,1,0,5,1,5
"CMTM7",3,17,15,32,42,6,8,8,1,43
"CMTM6",7,51,52,118,95,16,20,49,12,53
"DYNC1LI1",5,62,36,63,50,13,19,24,8,62
"CNOT10",11,81,64,92,95,22,16,23,9,54
"CNOT10-AS1",0,2,1,0,0,0,0,0,0,1
"TRIM71",1,6,2,0,4,0,0,1,0,1
"GLB1",11,104,110,180,143,46,47,98,17,102
"CRTAP",3,34,44,98,58,23,13,28,8,56
"AC112211.1",0,1,2,5,0,1,0,0,0,3
"SUSD5",0,4,9,3,11,1,0,0,0,1
"FBXL2",15,74,63,95,129,16,39,26,20,56
"UBP1",19,62,62,108,85,16,25,32,9,35
"CLASP2",219,962,957,1193,1149,289,352,418,161,879
"AC112220.3",0,1,1,0,1,0,1,0,0,1
"AC112220.4",1,0,3,1,0,2,2,1,0,7
"AC112220.2",0,0,0,0,2,0,0,0,0,0
"PDCD6IP",43,153,141,205,234,53,82,104,26,166
"LINC01811",2,5,7,7,14,1,2,2,0,5
"AC018359.1",0,0,0,0,0,0,0,0,0,0
"ARPP21",26,114,206,264,309,26,21,40,17,70
"STAC",0,3,1,2,0,1,0,0,0,1
"DCLK3",0,2,0,2,0,0,0,1,0,0
"LINC02033",0,0,1,0,0,0,0,0,0,0
"TRANK1",5,44,35,40,34,4,10,12,6,35
"AC011816.2",0,0,1,2,0,0,0,0,0,0
"EPM2AIP1",23,132,105,211,169,54,48,72,37,114
"MLH1",10,43,43,37,48,17,13,21,6,40
"LRRFIP2",44,324,240,375,323,73,86,193,40,255
"AC126118.1",1,2,3,7,2,0,1,4,0,1
"AC097359.3",0,0,1,3,3,3,1,2,0,3
"AC097359.2",0,0,0,3,0,0,0,0,0,1
"GOLGA4",63,457,332,618,499,75,129,204,72,308
"ITGA9",41,251,210,362,248,44,56,111,17,345
"CTDSPL",65,381,294,686,492,163,177,244,104,495
"VILL",4,15,15,46,22,3,9,20,0,25
"PLCD1",15,146,52,80,85,34,36,70,20,70
"DLEC1",2,8,7,13,13,13,9,13,6,12
"ACAA1",29,94,123,155,123,50,51,108,23,109
"MYD88",0,5,3,2,4,2,3,6,1,6
"OXSR1",16,76,86,184,119,42,45,63,22,84
"SLC22A13",0,1,0,3,3,1,0,0,1,1
"SLC22A14",0,0,5,6,7,2,1,2,1,1
"XYLB",8,13,19,24,21,7,3,10,3,26
"ACVR2B-AS1",0,0,0,0,0,0,0,0,0,0
"ACVR2B",2,18,20,37,34,10,8,11,14,21
"EXOG",12,61,47,61,65,22,19,25,4,55
"SCN5A",0,3,1,2,2,2,0,1,0,2
"SCN10A",1,4,1,7,0,2,0,0,0,3
"SCN11A",2,11,8,6,11,3,2,3,0,4
"WDR48",12,124,99,130,157,40,43,50,33,90
"GORASP1",9,27,26,43,41,13,23,32,10,24
"TTC21A",12,21,31,52,48,10,13,18,7,26
"CSRNP1",2,22,12,71,18,4,7,15,6,9
"AC092053.3",1,6,3,8,5,1,2,1,0,1
"CX3CR1",2,2,3,10,8,2,1,3,0,2
"SLC25A38",7,22,10,38,24,7,14,24,5,11
"RPSA",28,74,56,66,96,39,20,42,25,41
"MOBP",82,99,71,223,233,49,52,28,46,99
"MYRIP",18,95,163,225,183,33,25,30,13,108
"EIF1B",25,87,66,60,62,28,25,59,7,38
"ENTPD3-AS1",27,56,52,75,112,19,38,37,22,115
"ENTPD3",5,20,25,21,28,1,7,6,2,19
"RPL14",31,136,127,97,174,49,44,70,11,65
"ZNF619",0,3,0,3,0,2,1,1,0,2
"ZNF620",2,9,2,6,8,5,4,1,1,7
"ZNF621",6,57,71,101,71,18,16,28,5,61
"AC099560.1",0,2,0,2,0,0,1,0,0,0
"CTNNB1",33,167,115,317,190,70,89,98,38,191
"ULK4",19,164,106,188,165,37,52,108,25,141
"TRAK1",79,365,285,584,606,151,181,220,83,455
"CCK",130,181,183,156,102,19,25,18,3,45
"AC018358.1",0,5,1,3,1,0,2,0,0,1
"LYZL4",0,1,0,1,0,0,0,0,0,0
"VIPR1",0,14,10,18,13,0,1,2,2,4
"VIPR1-AS1",1,2,2,2,1,0,0,1,0,1
"SEC22C",7,43,45,65,79,28,29,32,9,55
"SS18L2",8,19,40,41,36,29,10,29,5,22
"NKTR",128,437,440,671,567,152,168,301,126,502
"AC006059.1",49,142,158,153,213,37,46,49,53,294
"ZBTB47",2,4,3,5,2,1,3,2,2,1
"CCDC13",2,7,12,6,15,5,2,5,0,12
"HHATL-AS1",0,0,0,0,0,0,0,1,0,1
"CCDC13-AS1",0,3,1,2,1,1,1,0,1,1
"AC099329.3",2,9,12,10,4,2,2,9,2,9
"LINC02158",0,3,8,4,4,2,0,2,0,2
"AC099329.1",2,8,5,5,8,1,2,6,1,6
"ACKR2",0,2,2,6,5,2,2,2,0,4
"AC092042.3",0,11,8,10,16,3,2,3,3,14
"CYP8B1",1,4,0,4,5,0,0,1,0,1
"FAM198A",3,18,14,16,14,3,5,9,5,20
"POMGNT2",8,27,22,10,36,9,10,25,3,15
"SNRK",25,90,71,88,112,21,17,41,15,72
"AC104184.1",0,0,0,0,3,0,0,0,0,0
"SNRK-AS1",0,0,0,0,1,0,0,0,1,0
"ANO10",25,172,145,195,215,53,50,91,30,144
"ABHD5",7,51,29,39,43,14,21,25,15,38
"AC006058.2",0,0,0,0,0,0,0,0,0,0
"AC006058.3",0,1,1,2,0,0,0,0,0,0
"AC006058.1",1,2,8,13,15,1,1,2,1,2
"TOPAZ1",0,3,0,1,1,2,0,1,0,0
"AC104187.1",3,2,5,3,2,1,1,3,1,0
"TCAIM",21,58,72,131,162,32,44,63,18,103
"ZNF445",10,31,41,67,48,8,15,13,9,29
"ZNF852",3,9,20,16,20,7,8,20,6,22
"ZKSCAN7",2,17,20,11,17,2,5,3,2,17
"AC099669.1",20,170,97,119,118,24,44,70,20,169
"ZNF197",20,136,60,89,104,13,34,49,13,101
"ZNF35",3,19,12,37,38,14,3,19,6,19
"AC124045.1",0,0,2,4,3,2,2,3,1,2
"ZNF502",1,11,8,2,5,1,2,7,3,8
"ZNF501",0,8,6,7,15,6,4,6,0,10
"KIAA1143",3,47,17,19,34,5,4,16,7,9
"KIF15",0,7,11,7,13,7,2,11,4,6
"TGM4",0,2,1,0,0,0,0,0,0,2
"ZDHHC3",7,23,13,29,36,7,13,9,4,20
"EXOSC7",2,21,12,27,25,4,6,4,1,15
"CDCP1",0,3,1,2,4,0,0,1,1,2
"TMEM158",4,9,6,29,19,4,2,7,3,5
"LARS2",16,71,55,86,74,13,23,38,26,77
"LARS2-AS1",0,4,3,3,2,1,1,1,0,6
"LIMD1",10,34,25,62,79,9,8,17,5,59
"SACM1L",13,109,58,91,69,18,38,35,9,70
"SLC6A20",0,0,2,0,2,0,0,1,0,0
"LZTFL1",4,9,28,36,21,9,7,14,10,17
"CCR9",0,1,3,1,1,0,0,0,0,1
"FYCO1",3,21,12,43,34,4,10,8,8,18
"CXCR6",0,0,0,0,2,0,0,0,0,0
"CCR3",0,1,0,0,1,1,1,1,0,1
"CCR1",0,0,0,2,1,0,0,1,0,0
"AC098613.1",0,2,1,1,0,0,0,0,0,3
"CCR5",0,0,0,0,0,0,0,0,0,1
"CCRL2",0,2,0,0,0,0,0,0,0,0
"LINC02009",0,1,3,8,4,0,0,0,0,0
"LTF",0,0,0,3,2,0,0,1,0,0
"LRRC2",4,2,12,10,10,0,1,0,1,2
"TDGF1",0,1,1,0,0,0,0,1,0,0
"AC104304.1",0,0,1,1,0,0,0,1,0,1
"ALS2CL",1,3,8,4,7,4,1,5,1,3
"TMIE",2,1,3,4,2,3,0,5,1,3
"PRSS50-1",0,2,1,3,2,1,0,1,1,3
"MYL3",1,2,1,7,2,3,1,3,2,2
"PTH1R",6,20,23,44,33,18,14,14,9,17
"CCDC12",12,58,63,79,85,22,17,28,10,62
"NBEAL2",3,8,15,21,20,17,7,12,6,12
"SETD2",39,219,188,336,323,83,87,139,43,226
"KIF9-AS1",51,230,224,335,243,27,41,64,24,265
"KIF9",9,38,37,49,31,5,11,14,5,58
"KLHL18",8,38,26,45,52,9,7,16,7,30
"AC099778.1",6,8,23,11,10,2,6,3,2,23
"PTPN23",11,22,27,42,28,19,7,24,14,26
"SCAP",25,70,91,131,92,29,24,55,22,83
"ELP6",6,43,47,35,40,11,9,13,4,25
"CSPG5",23,85,60,262,111,36,29,59,17,85
"SMARCC1",38,102,120,248,192,35,33,65,27,153
"DHX30",20,82,86,177,108,40,27,70,30,66
"MAP4",73,561,307,582,442,99,106,216,72,447
"CDC25A",0,1,0,3,1,1,0,2,1,2
"ZNF589",9,17,47,75,49,13,10,16,11,40
"NME6",3,15,13,5,23,4,3,11,4,12
"SPINK8",1,0,4,0,3,1,1,1,0,4
"FBXW12",2,1,5,5,2,0,0,2,0,4
"PLXNB1",100,192,365,575,358,280,160,329,178,216
"CCDC51",2,7,5,10,7,1,2,5,1,1
"TMA7",44,130,136,125,172,152,56,157,45,84
"AC134772.1",1,3,1,5,3,1,3,1,0,7
"ATRIP",1,14,14,13,15,1,4,5,4,16
"SHISA5",17,118,85,122,83,24,24,54,11,63
"PFKFB4",8,17,26,38,27,4,7,14,8,22
"COL7A1",10,14,21,40,18,14,9,17,10,16
"UQCRC1",12,91,73,89,73,32,24,40,21,53
"SLC26A6",7,7,16,34,20,11,4,13,5,8
"CELSR3",2,11,10,28,8,6,2,11,1,2
"LINC02585",0,0,4,3,1,1,0,1,0,2
"AC141002.1",0,0,0,1,0,0,0,0,0,0
"NCKIPSD",5,30,28,66,28,17,10,9,7,9
"IP6K2",19,85,119,217,121,35,30,33,14,156
"PRKAR2A",28,143,158,321,190,43,33,89,27,142
"PRKAR2A-AS1",0,1,2,1,2,0,0,0,0,0
"SLC25A20",8,20,32,50,54,24,14,26,9,31
"ARIH2OS",2,10,2,5,4,0,5,6,1,11
"ARIH2",40,127,144,223,183,52,51,70,23,113
"AC137630.2",0,3,0,2,0,0,0,1,0,0
"AC137630.1",0,2,0,1,0,0,2,0,1,2
"P4HTM",30,97,145,112,109,37,42,58,18,103
"WDR6",51,102,108,301,198,103,93,125,79,135
"DALRD3",5,28,17,15,24,7,10,24,6,28
"NDUFAF3",5,55,55,51,28,18,23,28,7,22
"IMPDH2",1,14,7,12,12,5,10,8,5,9
"AC137630.3",0,0,2,3,3,0,0,1,0,1
"QRICH1",12,50,57,82,59,13,12,24,7,52
"QARS",15,29,34,56,28,19,17,28,16,24
"USP19",2,13,14,22,14,16,8,23,11,17
"LAMB2",16,32,69,133,80,54,31,60,43,30
"CCDC71",2,10,8,8,8,3,1,9,2,8
"KLHDC8B",6,10,11,16,19,6,7,13,5,15
"C3orf84",0,0,1,0,2,1,1,1,0,1
"CCDC36",3,5,3,9,9,3,2,5,3,16
"AC121247.1",0,0,0,0,1,0,0,1,0,0
"C3orf62",7,17,16,52,48,11,11,19,7,31
"USP4",20,77,71,135,120,23,36,50,20,90
"RHOA",17,100,65,150,112,63,33,68,22,65
"TCTA",13,20,38,25,31,16,15,19,4,32
"AC104452.1",0,0,0,0,0,1,0,0,0,0
"DAG1",15,83,92,150,112,50,41,61,33,55
"BSN-DT",1,1,3,0,0,0,0,2,0,6
"BSN",12,47,48,75,61,8,10,14,3,19
"APEH",5,22,12,30,26,10,6,5,11,4
"MST1",12,8,20,33,12,4,3,24,6,7
"RNF123",2,24,26,48,33,20,8,18,6,27
"GMPPB",3,9,13,6,8,2,4,6,1,9
"IP6K1",16,64,47,113,91,19,22,30,6,70
"CDHR4",1,0,0,0,0,0,0,0,0,0
"INKA1",0,1,4,6,4,1,0,3,1,0
"UBA7",6,5,13,16,10,12,8,12,9,10
"TRAIP",1,2,3,2,3,1,2,3,0,2
"CAMKV",7,40,50,127,28,15,4,17,9,11
"MST1R",0,0,0,2,5,0,1,1,0,1
"AC105935.1",0,0,0,0,2,0,0,0,0,0
"MON1A",4,13,21,26,20,7,5,14,2,8
"RBM6",109,307,364,794,520,194,258,304,96,674
"RBM5",47,204,137,268,212,82,68,87,44,175
"RBM5-AS1",0,0,2,3,0,0,0,0,0,1
"SEMA3F-AS1",0,1,2,2,3,0,0,0,0,0
"SEMA3F",1,1,2,7,2,1,2,2,0,0
"GNAT1",1,0,0,0,1,0,0,1,0,0
"SLC38A3",4,28,43,108,33,19,20,36,15,22
"GNAI2",11,63,66,129,87,39,34,50,23,47
"U73166.1",1,1,8,3,7,0,1,3,3,1
"SEMA3B-AS1",2,0,22,4,15,0,2,2,1,2
"SEMA3B",64,145,145,102,118,57,78,38,54,114
"LSMEM2",0,4,3,8,6,5,2,5,5,1
"IFRD2",6,24,23,27,28,11,11,23,6,22
"HYAL3",2,3,5,4,2,0,0,0,0,0
"HYAL1",2,19,36,26,29,5,2,12,4,16
"HYAL2",3,10,8,5,10,6,6,7,0,8
"TUSC2",6,33,18,37,28,11,10,20,7,17
"RASSF1",2,16,20,23,13,5,0,7,2,16
"RASSF1-AS1",0,0,2,0,2,1,0,0,0,1
"ZMYND10",1,1,5,13,4,1,1,1,1,2
"NPRL2",5,17,34,33,21,22,10,16,3,24
"Z84492.1",0,0,1,1,2,1,0,0,1,1
"TMEM115",3,24,9,45,18,16,12,20,12,12
"CACNA2D2",3,9,10,22,7,6,3,11,2,5
"CYB561D2-1",1,0,8,8,2,0,0,0,2,1
"C3orf18",7,15,16,25,16,6,3,12,7,9
"HEMK1",6,24,23,26,30,4,7,15,7,21
"CISH",0,2,1,2,0,0,0,0,0,0
"MAPKAPK3",0,12,17,26,19,3,3,5,2,15
"LINC02019",0,3,2,9,7,3,0,2,1,6
"DOCK3",158,570,597,1055,1052,245,206,473,165,585
"MANF",9,14,17,21,33,27,9,17,4,35
"RBM15B",3,13,7,31,8,7,2,6,5,6
"DCAF1",10,33,33,50,44,11,10,16,6,31
"RAD54L2",13,63,47,78,63,11,13,26,6,47
"TEX264",8,48,46,66,42,44,16,26,10,40
"GRM2",1,2,3,6,5,5,2,2,0,0
"IQCF3",0,0,0,1,0,0,0,0,0,0
"IQCF2",0,0,0,0,0,0,1,1,0,0
"IQCF1",0,1,0,0,0,0,0,0,0,1
"RRP9",2,6,6,5,7,4,0,4,0,5
"PARP3",7,6,10,14,17,6,3,8,3,14
"GPR62",5,2,12,19,13,4,3,1,2,4
"PCBP4",35,94,83,181,97,20,30,76,38,46
"ABHD14B",1,4,7,13,3,0,2,3,0,11
"ABHD14A",1,1,2,4,3,0,0,0,0,1
"ABHD14A-ACY1",1,2,7,6,8,3,0,0,1,6
"ACY1",1,1,0,0,0,0,0,0,1,1
"RPL29",38,164,182,117,202,59,46,88,26,66
"DUSP7",0,5,2,10,7,6,4,3,3,5
"POC1A",0,2,4,5,6,1,0,3,0,0
"ALAS1",1,22,6,9,16,4,9,12,3,5
"TWF2",0,0,1,0,0,0,0,0,0,0
"PPM1M",2,4,2,7,10,5,1,6,3,6
"WDR82",9,84,44,139,77,26,20,41,10,27
"GLYCTK",0,2,1,2,3,0,0,0,0,0
"DNAH1",9,18,20,18,14,3,5,8,2,12
"BAP1",5,15,18,44,25,10,5,20,5,13
"PHF7",3,43,32,48,35,4,6,9,1,22
"SEMA3G",0,0,1,0,0,0,0,0,0,0
"TNNC1",1,1,0,0,0,0,0,0,0,0
"NISCH",24,92,132,165,133,39,29,57,37,49
"STAB1",0,0,2,10,4,1,1,3,1,1
"NT5DC2",4,6,7,24,7,8,1,5,3,8
"SMIM4",14,46,58,111,93,18,12,40,10,75
"PBRM1",60,232,218,351,340,75,89,161,64,275
"GNL3",8,55,45,43,58,10,14,36,9,61
"GLT8D1",6,23,25,38,32,13,11,21,9,17
"SPCS1",33,109,92,92,74,28,40,51,11,74
"NEK4",8,33,57,79,64,26,20,34,15,54
"ITIH4",2,4,5,3,1,1,2,4,0,1
"AC006254.1",1,0,0,0,1,0,1,0,0,0
"SFMBT1",8,45,35,56,55,21,22,32,10,53
"AC096887.1",2,10,4,13,10,0,3,6,4,14
"RFT1",1,4,8,2,4,0,1,2,3,6
"PRKCD",1,3,3,2,4,4,3,1,0,3
"TKT",26,138,145,207,174,64,77,305,64,107
"DCP1A",17,98,83,121,130,16,36,63,18,84
"CACNA1D",10,48,85,270,99,8,8,25,2,31
"CHDH",13,43,87,228,116,34,35,41,26,85
"IL17RB",17,84,169,325,220,109,107,155,49,217
"AC012467.2",1,5,6,10,6,3,3,4,0,4
"ACTR8",2,11,12,16,8,3,4,8,2,11
"SELENOK",19,80,58,42,81,57,34,68,14,41
"CACNA2D3",69,438,344,491,548,119,107,150,200,488
"CACNA2D3-AS1",2,13,13,10,6,1,4,3,1,2
"LRTM1",7,53,40,50,49,8,6,11,18,54
"LINC02017",0,0,0,1,1,1,0,0,0,0
"WNT5A",0,4,5,7,6,1,0,2,0,1
"WNT5A-AS1",0,0,0,0,0,0,0,0,0,0
"AC121764.1",0,0,1,1,0,0,0,0,0,0
"ERC2",46,156,233,353,249,20,16,42,11,93
"CCDC66",21,169,162,167,200,59,72,131,27,157
"FAM208A",15,64,59,163,109,37,47,87,35,87
"ARHGEF3",31,484,135,222,182,30,51,72,23,76
"ARHGEF3-AS1",0,3,1,2,2,0,1,0,0,1
"SPATA12",0,7,2,5,3,0,1,1,0,2
"AC097358.2",0,2,1,0,0,0,0,0,0,0
"IL17RD",3,20,7,16,13,5,7,8,2,10
"HESX1",3,8,6,5,3,1,2,4,3,5
"APPL1",14,77,63,100,98,27,28,45,14,77
"ASB14",3,14,19,30,29,10,7,9,2,20
"DNAH12",8,15,28,34,39,17,7,28,13,32
"PDE12",5,26,11,44,22,8,9,21,9,10
"ARF4",11,79,67,66,106,20,28,53,14,71
"ARF4-AS1",3,11,9,6,5,2,1,2,2,3
"DENND6A",11,72,73,124,99,24,25,49,21,80
"DENND6A-AS1",9,60,59,82,57,13,19,41,11,58
"DENND6A-DT",0,0,0,0,0,0,0,0,0,0
"SLMAP",35,202,156,281,304,78,62,125,34,232
"FLNB",7,22,23,38,47,23,11,30,7,16
"DNASE1L3",1,0,2,0,0,1,0,0,0,1
"ABHD6",15,53,62,101,87,21,20,34,18,51
"RPP14",2,9,4,19,10,3,4,13,3,9
"AC098479.1",0,1,0,0,0,0,0,0,1,0
"PXK",61,191,169,256,233,47,51,56,35,121
"PDHB",10,20,22,26,33,21,13,12,7,23
"AC135507.1",0,6,1,12,6,1,2,3,1,3
"AC116036.2",0,1,0,1,0,0,0,0,0,0
"KCTD6",0,39,22,67,39,27,16,35,11,36
"ACOX2",2,14,7,16,14,15,7,21,5,24
"FAM107A",70,501,282,1028,451,229,267,321,160,595
"FAM3D-AS1",3,44,44,200,56,8,16,40,3,62
"FAM3D",0,2,0,0,0,0,0,1,0,0
"C3orf67",2,4,6,12,17,10,3,10,3,4
"C3orf67-AS1",2,6,16,24,27,5,7,4,2,10
"AC114400.1",0,0,2,0,1,1,0,0,0,0
"AC126121.2",0,1,0,1,0,0,2,0,0,2
"FHIT",247,1153,868,1462,1790,408,569,737,348,1437
"PTPRG",104,616,531,1013,735,132,199,305,93,594
"C3orf14",16,38,43,41,68,19,13,29,8,36
"FEZF2",6,8,17,14,17,4,1,8,8,9
"CADPS",49,365,321,391,401,40,43,92,28,125
"LINC00698",0,7,1,0,1,0,1,0,1,1
"SYNPR",14,53,92,133,100,9,11,19,4,23
"SYNPR-AS1",0,1,1,0,1,1,0,0,0,1
"SNTN",0,0,4,0,1,1,0,0,0,0
"C3orf49",1,10,9,8,8,0,1,0,0,11
"THOC7",7,40,35,44,46,27,20,29,12,18
"ATXN7",2,20,18,39,34,7,10,11,3,24
"PSMD6-AS2",3,27,47,72,66,18,20,22,7,62
"AC012557.1",0,0,0,0,0,0,0,0,1,0
"PSMD6",9,29,22,36,18,23,12,33,17,18
"PSMD6-AS1",1,0,3,6,9,1,3,3,0,4
"AC012557.2",0,1,2,6,2,0,1,2,1,1
"AC092040.1",1,15,6,9,14,4,6,9,3,8
"LINC00994",1,0,0,0,2,0,0,0,0,1
"PRICKLE2",27,250,122,277,243,78,84,86,73,191
"PRICKLE2-AS2",0,2,0,0,1,0,0,1,0,1
"PRICKLE2-AS3",0,3,1,5,1,0,0,0,1,3
"ADAMTS9",15,28,18,32,53,4,9,18,8,44
"ADAMTS9-AS1",1,4,5,3,1,0,2,1,0,9
"ADAMTS9-AS2",13,307,75,87,98,32,46,79,23,110
"LINC02040",0,1,0,0,0,0,0,0,0,0
"MAGI1",108,522,436,1319,874,134,134,265,95,506
"MAGI1-AS1",0,2,5,4,4,1,0,1,0,6
"SLC25A26",31,185,135,252,115,49,62,153,14,184
"LRIG1",154,888,539,943,815,192,315,396,133,476
"KBTBD8",0,2,0,3,6,1,1,1,0,1
"AC114401.1",0,0,1,0,1,0,0,2,0,0
"SUCLG2",14,115,103,147,174,37,45,59,30,125
"SUCLG2-AS1",61,123,98,180,430,102,96,208,82,298
"FAM19A1",42,198,312,327,353,52,54,73,24,228
"FAM19A4",3,10,12,21,12,3,4,4,3,8
"EOGT",5,46,23,38,28,11,15,24,11,22
"AC109587.1",1,9,10,6,11,2,3,1,2,8
"TMF1",7,71,39,89,89,24,28,38,25,41
"UBA3",24,117,85,128,114,61,52,61,23,136
"ARL6IP5",40,182,142,182,132,58,72,98,32,74
"LMOD3",1,16,1,11,7,7,4,7,0,2
"FRMD4B",118,218,249,349,293,39,57,34,42,120
"MITF",18,85,57,153,135,28,36,59,14,100
"SAMMSON",1,6,11,20,14,2,0,1,5,5
"MDFIC2",0,1,1,0,0,0,0,1,2,0
"FOXP1",73,423,343,539,604,197,269,205,135,351
"FOXP1-AS1",0,0,0,0,1,0,1,1,0,0
"AC097634.2",0,0,0,0,0,0,0,0,0,0
"AC097634.3",1,8,8,14,15,7,6,4,2,5
"EIF4E3",3,34,28,33,25,6,7,7,10,20
"GPR27",0,2,5,6,7,2,0,4,0,2
"PROK2",0,1,0,0,0,0,1,0,0,0
"LINC00877",3,17,14,26,21,1,4,3,1,9
"LINC00870",6,15,10,17,13,0,6,1,1,7
"AC112219.2",0,1,0,0,0,0,1,0,0,0
"RYBP",45,167,96,274,202,38,64,92,37,107
"AC104435.2",0,1,2,2,0,0,0,0,0,0
"SHQ1",5,29,21,36,38,5,17,21,3,23
"GXYLT2",6,42,27,59,48,11,14,11,3,19
"PPP4R2",16,107,115,178,165,54,50,58,22,90
"PDZRN3",76,473,399,1160,844,160,202,274,130,608
"PDZRN3-AS1",0,0,0,1,0,0,0,1,0,0
"LINC02005",0,0,0,1,0,0,0,0,0,0
"LINC02047",0,1,0,1,3,0,0,0,0,0
"CNTN3",8,28,66,88,76,8,12,9,7,17
"LINC02018",1,8,8,18,20,2,6,4,2,2
"LINC00960",0,0,0,0,1,0,0,1,0,3
"ZNF717",15,89,62,113,96,20,26,37,14,102
"ROBO2",81,357,532,839,756,54,66,110,54,210
"LINC02077",0,0,0,1,1,0,0,1,0,0
"AC108752.1",0,2,0,0,2,0,0,0,0,0
"ROBO1",59,303,235,532,429,82,109,134,59,193
"AC068756.1",0,0,1,0,0,0,0,0,0,0
"LINC02050",0,0,0,1,1,0,1,0,0,0
"LINC02027",2,1,2,0,0,0,0,1,1,0
"AC099542.1",0,1,1,2,1,0,2,0,0,0
"GBE1",13,60,45,122,79,19,19,28,10,38
"AC129807.1",0,0,0,1,0,1,1,0,0,1
"LINC02008",2,5,9,9,10,3,1,7,3,4
"LINC00971",2,2,3,4,4,1,0,0,1,2
"LINC02025",0,0,0,1,0,0,0,0,0,0
"CADM2",731,4014,3546,7409,7175,2030,3471,3181,1582,5134
"CADM2-AS2",1,6,6,10,5,5,2,9,0,13
"CADM2-AS1",0,10,7,3,6,2,2,1,0,10
"VGLL3",0,1,1,0,0,1,0,2,0,0
"AC107204.1",5,7,16,18,29,2,7,9,2,16
"CHMP2B",8,30,20,49,38,16,20,33,14,31
"AC117513.1",0,1,4,5,4,1,0,1,0,2
"HTR1F",0,4,6,5,4,0,2,1,0,0
"CGGBP1",30,116,140,183,188,75,87,112,25,188
"ZNF654",27,135,145,285,237,67,101,115,38,168
"C3orf38",12,69,52,67,63,24,19,49,17,72
"CSNKA2IP",1,4,6,5,4,0,1,3,0,5
"EPHA3",4,32,40,55,39,7,1,7,1,20
"PROS1",9,129,25,31,39,12,27,29,11,30
"ARL13B",13,103,66,102,97,27,46,59,22,91
"STX19",0,4,5,3,8,0,1,0,2,7
"DHFR2",6,17,14,27,29,9,8,8,7,25
"NSUN3",21,103,46,96,111,22,38,46,10,75
"LINC00879",0,2,1,1,0,3,0,0,0,3
"MTRNR2L12",0,5,1,24,9,3,1,8,1,5
"EPHA6",109,514,539,787,946,197,375,290,166,699
"AC110491.1",0,4,6,6,7,3,2,0,0,6
"ARL6",7,48,55,83,98,20,38,39,12,44
"AC110491.3",1,2,2,3,1,1,0,1,1,0
"CRYBG3",20,76,61,142,114,40,45,50,25,84
"AC110491.2",0,2,2,1,0,0,0,0,0,0
"RIOX2",2,16,20,23,37,7,6,13,3,22
"GABRR3",0,2,1,0,0,2,1,1,0,0
"AC117460.1",0,0,0,0,0,0,0,0,0,0
"AC117473.1",0,4,3,0,6,0,0,2,1,2
"CLDND1",45,112,117,268,179,134,83,70,61,91
"CPOX",16,33,40,91,54,42,19,23,12,32
"AC021660.2",0,0,1,0,1,0,0,0,0,0
"ST3GAL6-AS1",0,7,3,3,6,1,0,0,0,1
"ST3GAL6",7,20,33,70,53,10,6,3,4,8
"DCBLD2",7,48,43,85,90,22,29,31,17,49
"AC091212.1",1,5,1,10,4,1,1,7,1,7
"AC107029.1",0,0,0,0,0,0,0,0,0,0
"AC107029.2",0,1,1,1,2,0,1,1,1,0
"COL8A1",0,0,3,1,6,1,2,1,0,2
"AC069222.1",0,0,0,1,2,0,0,1,0,0
"CMSS1",34,155,141,215,206,42,65,75,27,109
"FILIP1L",14,63,132,77,75,5,21,33,9,77
"TBC1D23",13,62,65,75,79,22,15,39,16,55
"NIT2",5,11,18,20,31,14,3,14,6,14
"TOMM70",12,45,55,69,67,24,16,27,11,62
"LNP1",0,8,16,17,15,3,3,3,3,13
"TMEM45A",0,2,7,8,8,5,2,2,2,6
"ADGRG7",0,0,1,0,2,1,0,0,0,0
"TFG",12,74,59,92,94,34,27,51,15,67
"ABI3BP",2,25,44,42,57,6,22,8,18,42
"IMPG2",1,4,8,25,13,4,7,0,2,5
"SENP7",26,152,103,153,188,53,96,94,39,147
"TRMT10C",11,30,30,38,41,17,10,24,4,29
"PCNP",26,92,58,93,96,36,28,56,18,63
"ZBTB11",10,37,27,46,52,16,4,13,5,18
"ZBTB11-AS1",1,1,0,2,1,0,0,1,0,0
"RPL24",18,66,49,43,77,20,16,23,14,48
"CEP97",6,50,33,105,68,33,26,35,12,54
"NXPE3",19,57,57,103,68,8,24,30,15,42
"AC020651.1",0,2,1,0,0,0,0,0,0,0
"NFKBIZ",5,77,53,133,62,35,28,23,14,46
"LINC02085",0,0,0,0,0,0,0,0,0,0
"ZPLD1",0,1,5,6,0,4,2,5,0,4
"ALCAM",141,316,370,860,694,240,215,355,134,518
"CBLB",27,116,104,174,186,49,55,102,47,122
"LINC00882",54,186,277,334,364,80,101,146,59,315
"DUBR",24,62,80,101,153,43,31,73,30,60
"AC063944.1",13,36,62,37,66,10,14,13,7,28
"AC063944.3",1,2,5,7,9,10,6,7,3,4
"CCDC54",0,0,0,0,0,0,0,0,0,0
"LINC01990",1,2,2,1,3,1,0,1,0,3
"BBX",51,290,200,406,381,109,119,181,61,210
"LINC00635",0,0,0,0,0,0,0,0,0,0
"LINC00636",3,4,5,6,7,3,2,3,1,3
"CD47",43,266,177,226,176,93,113,113,35,218
"LINC01215",0,0,0,0,4,0,0,0,0,0
"IFT57",5,34,29,38,39,13,27,22,11,43
"HHLA2",2,4,3,2,1,0,0,1,0,1
"MYH15",4,14,9,10,9,2,4,7,3,10
"CIP2A",2,12,8,14,6,5,5,7,1,4
"DZIP3",38,197,127,147,205,63,88,133,35,177
"RETNLB",0,0,0,0,1,0,0,0,0,0
"TRAT1",0,1,4,1,0,1,1,1,2,0
"GUCA1C",0,1,0,0,0,1,1,5,1,2
"MORC1",1,2,2,2,2,5,0,0,0,1
"MORC1-AS1",0,0,0,0,0,0,0,0,0,0
"C3orf85",0,2,3,3,2,2,5,4,5,4
"LINC00488",0,0,0,0,0,1,0,0,1,0
"DPPA2",0,0,0,5,1,0,0,1,0,1
"DPPA4",0,2,2,0,1,0,0,1,0,0
"LINC01205",0,0,0,0,1,1,0,0,0,0
"AC078980.1",0,2,5,5,2,0,0,0,0,2
"AC117402.1",0,1,0,0,0,0,1,0,0,0
"NECTIN3-AS1",7,25,21,25,21,2,3,4,2,27
"NECTIN3",17,83,90,202,136,40,46,73,25,89
"CD96",3,8,8,4,8,5,6,10,5,7
"PLCXD2",2,7,8,12,7,0,4,0,2,4
"PHLDB2",0,4,8,3,2,0,0,1,2,1
"ABHD10",3,25,24,35,27,14,10,13,6,14
"TAGLN3",21,76,56,106,59,8,19,18,3,19
"TMPRSS7",0,1,1,0,1,0,0,0,0,0
"C3orf52",0,0,1,2,0,0,0,1,0,2
"AC128688.2",0,0,0,0,0,0,0,0,0,0
"SLC9C1",0,2,3,3,0,1,2,2,1,4
"AC112487.1",0,2,0,4,0,0,0,0,0,0
"CD200",4,39,30,52,33,7,9,11,5,12
"BTLA",2,7,1,2,4,0,0,1,0,4
"ATG3",10,37,17,37,24,12,15,24,10,12
"SLC35A5",9,34,36,60,50,23,25,35,8,44
"CCDC80",5,19,10,18,9,2,5,10,4,6
"LINC02042",0,0,0,0,0,0,1,0,0,1
"CD200R1L",0,0,0,2,0,0,0,0,0,0
"CD200R1",1,3,1,5,10,1,0,0,0,1
"AC074044.1",1,1,1,4,2,0,1,3,0,2
"GTPBP8",4,13,23,31,13,9,10,15,1,22
"NEPRO",12,54,38,75,57,15,13,24,8,32
"AC078785.1",11,48,41,65,51,11,8,27,4,55
"AC078785.2",1,0,0,0,0,0,1,0,0,0
"LINC02044",0,0,0,0,0,1,0,0,0,0
"BOC",13,74,77,157,144,50,67,44,28,94
"CFAP44",12,33,51,85,75,17,28,53,11,53
"CFAP44-AS1",3,7,9,2,10,17,13,11,1,13
"SPICE1",11,24,36,49,51,18,13,22,9,27
"SIDT1",5,35,30,36,34,4,3,7,6,11
"SIDT1-AS1",1,5,4,0,3,0,0,0,0,2
"USF3",10,57,56,109,120,18,27,46,13,68
"NAA50",9,92,59,83,80,31,34,35,11,76
"AC108693.2",0,0,0,0,0,0,0,2,0,0
"ATP6V1A",36,160,137,174,163,32,50,59,26,115
"GRAMD1C",45,462,337,624,675,238,348,336,179,835
"AC128687.2",0,0,1,0,0,0,0,0,0,1
"ZDHHC23",5,8,13,13,9,1,2,2,0,4
"CCDC191",19,58,51,95,98,29,17,49,25,61
"QTRT2",3,18,16,16,26,3,3,8,6,14
"DRD3",1,10,5,2,7,4,0,3,1,4
"AC093010.2",0,0,0,0,3,0,0,0,0,0
"TIGIT",0,3,0,0,4,0,1,2,1,0
"ZBTB20",675,3665,2617,6719,5747,1912,2338,3201,1267,4454
"ZBTB20-AS1",1,37,13,10,25,4,6,14,0,37
"ZBTB20-AS5",29,244,280,447,289,145,98,271,44,324
"ZBTB20-AS2",1,10,18,16,13,3,3,1,0,10
"ZBTB20-AS3",1,6,8,1,8,0,4,0,0,11
"ZBTB20-AS4",1,0,0,1,1,0,0,0,0,1
"AC046136.1",2,4,3,3,8,1,1,1,0,8
"GAP43",46,104,123,96,81,7,10,11,1,14
"LSAMP",1887,10320,7766,16310,15248,3890,5463,8010,3065,12280
"LSAMP-AS1",26,381,168,203,549,119,430,573,48,1073
"LINC00903",6,99,187,72,102,39,41,63,1,255
"TUSC7",0,7,4,1,6,0,0,1,0,2
"LINC00901",2,5,8,11,4,2,1,5,2,3
"AC092691.1",471,2620,2137,4516,3947,1026,1354,2356,690,3057
"AC068633.1",1,6,12,17,8,6,3,8,2,5
"IGSF11",40,257,237,517,471,128,129,182,92,386
"IGSF11-AS1",0,0,1,1,1,0,0,0,0,0
"AC083800.1",0,0,2,1,1,0,0,0,0,0
"UPK1B",0,0,1,4,0,0,1,1,0,0
"B4GALT4",3,22,23,24,32,12,11,9,3,19
"B4GALT4-AS1",3,7,17,7,11,2,3,1,0,11
"ARHGAP31",43,313,218,518,398,119,161,230,88,446
"ARHGAP31-AS1",0,5,0,2,4,3,1,1,0,5
"TMEM39A",2,29,18,31,32,7,13,17,12,31
"POGLUT1",16,30,56,83,49,13,24,35,6,45
"AC073352.1",0,0,2,0,0,1,0,2,1,3
"TIMMDC1",11,38,45,70,63,23,19,53,12,53
"CD80",0,2,2,0,2,0,1,0,0,1
"AC073352.2",1,0,0,0,0,0,0,0,1,0
"ADPRH",0,0,1,1,0,0,1,0,1,0
"PLA1A",0,0,2,0,0,0,0,0,0,0
"POPDC2",0,2,0,2,2,2,0,0,0,4
"COX17",5,12,18,35,17,11,12,13,7,16
"MAATS1",1,26,23,23,60,7,7,22,9,24
"NR1I2",0,1,0,2,1,0,0,0,0,2
"GSK3B",54,209,231,468,386,68,82,156,57,255
"AC092910.3",3,9,24,23,36,3,5,14,8,19
"GPR156",1,21,15,5,18,9,9,14,4,20
"LRRC58",9,32,32,75,71,25,20,44,17,44
"FSTL1",15,96,71,148,111,48,42,99,17,92
"NDUFB4",21,63,50,55,66,133,47,165,21,77
"HGD",1,0,1,2,1,0,0,2,0,3
"RABL3",8,49,30,43,55,17,21,24,11,40
"GTF2E1",3,6,12,17,11,6,4,17,5,14
"STXBP5L",45,313,488,456,575,33,47,64,41,119
"POLQ",0,7,6,9,6,2,2,4,0,2
"ARGFX",0,0,0,1,1,1,0,0,0,2
"FBXO40",1,1,2,1,2,0,1,3,0,0
"HCLS1",2,0,3,13,5,1,0,0,0,0
"GOLGB1",43,176,251,433,306,83,78,133,55,149
"IQCB1",21,86,115,153,172,42,37,78,19,103
"EAF2",15,37,47,139,151,52,46,69,30,198
"SLC15A2",51,143,160,385,369,133,117,134,73,375
"ILDR1",0,2,2,0,1,0,0,0,1,0
"CD86",2,0,2,3,2,1,0,0,1,3
"CASR",0,0,0,1,0,1,0,0,0,1
"CSTA",1,0,0,0,0,0,0,1,0,0
"CCDC58",2,20,18,22,19,7,14,26,3,27
"FAM162A",18,75,62,153,81,18,37,48,14,89
"WDR5B",2,4,12,6,13,4,4,4,1,5
"AC083798.2",15,79,43,86,100,23,32,43,22,82
"KPNA1",24,145,99,167,173,45,39,83,27,117
"PARP9",14,41,24,64,57,26,17,57,10,48
"DTX3L",0,14,2,29,16,5,7,11,3,3
"PARP15",0,0,0,2,2,0,0,0,1,1
"PARP14",4,63,37,35,52,19,29,37,12,26
"HSPBAP1",6,31,29,56,44,14,14,22,7,21
"DIRC2",11,87,33,71,68,22,25,35,22,54
"LINC02035",2,7,7,14,9,3,3,2,1,6
"SEMA5B",6,12,21,28,25,7,1,5,3,8
"PDIA5",0,2,12,12,18,4,2,3,1,4
"SEC22A",11,86,52,106,128,28,34,46,21,75
"AC112503.2",0,0,1,2,0,0,0,0,0,0
"ADCY5",17,32,40,86,68,10,11,17,8,17
"AC112503.1",1,3,1,1,4,1,0,3,1,1
"HACD2",11,55,71,82,102,28,26,35,18,66
"MYLK-AS1",2,14,32,33,47,11,10,28,6,35
"MYLK",18,108,104,73,70,22,26,35,20,82
"MYLK-AS2",0,0,1,1,0,0,0,0,0,2
"AC020634.1",0,0,0,0,0,0,1,1,0,0
"CCDC14",20,75,72,94,112,50,42,58,24,114
"KALRN",92,790,591,715,722,127,151,260,82,333
"UMPS",3,27,16,24,33,10,6,19,3,21
"ITGB5",29,64,71,183,138,61,43,54,28,91
"ITGB5-AS1",4,27,33,56,44,8,20,31,4,92
"MUC13",0,2,0,0,0,1,0,2,0,0
"HEG1",10,32,62,44,93,12,11,31,12,34
"SLC12A8",2,10,13,19,14,2,6,4,4,16
"ZNF148",36,226,188,385,350,79,112,138,38,256
"SNX4",15,74,56,132,74,20,26,31,18,53
"OSBPL11",21,284,190,204,163,63,95,96,52,210
"AC092902.3",5,36,84,77,72,25,24,31,7,66
"AC092903.2",0,5,1,2,2,0,0,1,0,1
"ALG1L",0,1,0,1,0,0,1,1,0,0
"ROPN1B",0,3,0,0,0,0,0,1,0,3
"SLC41A3",3,45,38,39,44,11,15,38,8,22
"AC079848.1",0,1,2,0,1,1,0,1,0,3
"ALDH1L1",40,759,263,480,338,117,145,408,112,353
"ALDH1L1-AS1",0,0,0,0,0,0,0,0,0,0
"ALDH1L1-AS2",5,15,14,32,45,10,13,8,4,20
"AC016924.1",3,5,7,7,7,2,2,4,0,3
"AC063919.1",2,38,1,1,3,0,0,0,0,1
"KLF15",5,31,25,47,38,39,30,57,30,27
"CFAP100",7,27,25,11,54,12,9,22,7,52
"ZXDC",34,181,173,266,303,56,73,154,46,136
"UROC1",0,1,0,0,0,0,1,0,0,0
"CHST13",0,0,1,0,0,0,0,0,0,0
"C3orf22",0,0,0,3,1,0,0,2,0,1
"TXNRD3NB",2,24,23,36,49,9,14,20,10,27
"TXNRD3",3,16,20,15,28,5,6,15,7,21
"CHCHD6",12,36,40,58,44,10,15,27,14,38
"PLXNA1",12,10,23,62,42,31,9,57,13,11
"LINC02016",0,0,0,0,0,0,0,0,0,0
"LINC01471",0,0,0,0,0,0,0,0,0,1
"AC084035.1",0,0,0,0,0,1,0,0,0,0
"TPRA1",8,16,30,41,31,13,16,30,7,24
"MCM2",0,3,0,2,1,0,0,2,0,1
"PODXL2",14,53,43,55,54,13,7,28,8,21
"ABTB1",11,31,21,46,30,28,20,28,19,26
"MGLL",40,318,202,753,324,77,80,138,45,324
"KBTBD12",21,142,67,235,189,27,37,50,20,132
"SEC61A1",11,63,73,205,107,47,27,74,33,50
"RUVBL1",15,54,97,124,87,25,32,89,9,83
"EEFSEC",17,60,45,97,93,16,17,41,13,42
"GATA2",0,0,0,0,0,0,1,0,0,0
"GATA2-AS1",0,1,2,1,0,0,0,0,0,1
"RPN1",10,84,53,74,60,34,21,25,20,55
"RAB7A",48,215,137,271,255,73,75,148,41,182
"AC112484.3",1,2,0,2,2,2,0,2,0,4
"AC112484.1",0,1,8,2,3,1,2,4,1,6
"ACAD9",13,40,50,42,42,14,17,20,11,40
"KIAA1257",3,27,33,15,30,6,8,13,5,21
"EFCC1",0,0,0,0,0,0,0,0,0,0
"ISY1-RAB43",0,2,1,3,3,0,0,2,2,0
"ISY1",0,0,0,0,2,0,0,0,0,0
"AC108673.3",1,6,7,15,9,5,4,9,4,10
"CNBP",10,73,49,67,77,38,29,59,18,63
"COPG1",10,32,20,21,23,3,8,11,1,16
"HMCES",6,33,30,30,38,18,11,19,4,29
"H1FX",7,61,31,86,32,33,19,37,30,22
"H1FX-AS1",1,8,10,10,14,4,7,2,2,11
"EFCAB12",0,3,2,4,3,1,1,0,0,4
"MBD4",7,53,46,41,40,21,20,33,8,45
"IFT122",19,71,48,71,94,31,32,45,21,85
"RHO",0,0,1,0,1,0,0,0,0,0
"H1FOO",0,0,0,0,0,0,0,0,0,0
"PLXND1",7,32,33,81,37,28,16,31,17,25
"TMCC1",57,388,281,515,449,110,145,257,80,302
"TMCC1-AS1",3,10,12,7,13,8,5,11,1,11
"AC083906.3",0,1,2,0,3,0,1,1,1,1
"TRH",0,0,0,0,0,0,0,0,0,0
"ALG1L2",0,5,3,2,4,0,2,1,1,0
"LINC02014",0,0,0,1,0,0,0,0,0,0
"LINC02021",1,10,8,4,4,3,3,9,3,16
"COL6A5",0,0,0,3,0,0,1,0,0,1
"COL6A6",2,13,14,13,23,5,3,10,2,46
"PIK3R4",5,52,47,85,70,17,18,39,12,42
"ATP2C1",60,310,235,481,470,132,145,240,62,284
"AC055733.2",3,19,12,6,13,6,7,8,1,28
"ASTE1",5,21,18,21,30,7,10,13,1,28
"NEK11",27,105,128,183,198,60,70,131,52,146
"AC116424.1",0,2,0,0,0,0,0,1,0,2
"NUDT16",10,19,12,8,12,7,5,11,1,8
"MRPL3",8,51,31,85,60,15,23,23,5,44
"AC107027.1",0,0,0,0,1,0,0,0,0,1
"CPNE4",10,63,75,75,105,27,18,37,4,38
"ACPP",0,2,1,2,5,0,0,1,0,3
"DNAJC13",9,53,57,109,87,43,34,72,17,85
"ACAD11",1,1,0,0,1,1,0,0,3,0
"NPHP3-ACAD11",0,11,7,15,13,4,1,6,6,11
"ACKR4",2,2,5,4,2,1,1,0,0,2
"UBA5",11,51,32,60,70,29,37,43,17,51
"NPHP3-AS1",1,3,1,1,3,0,3,0,1,2
"AC079942.1",0,1,1,1,0,0,0,1,0,0
"TMEM108",73,485,317,493,605,110,94,169,112,428
"TMEM108-AS1",0,2,0,0,0,0,0,0,0,0
"BFSP2",0,0,2,1,0,0,0,0,0,2
"BFSP2-AS1",0,1,0,1,0,0,0,0,0,0
"AC022296.3",0,1,1,3,2,0,0,1,0,0
"CDV3",3,19,15,40,19,11,4,16,1,14
"TOPBP1",7,36,22,45,51,12,12,26,5,22
"TF",89,292,252,430,230,62,97,58,68,140
"SRPRB",5,28,31,59,52,14,23,36,8,33
"RAB6B",20,81,82,175,80,20,15,33,13,48
"SLCO2A1",0,2,1,2,1,1,0,2,0,3
"RYK",15,93,77,192,146,41,44,82,25,62
"LINC02004",1,0,1,0,1,0,0,4,0,2
"AC010207.1",0,0,0,0,0,0,0,1,0,0
"AMOTL2",1,7,16,37,25,10,7,10,4,18
"ANAPC13",5,19,18,24,16,13,8,15,12,11
"CEP63",20,105,98,157,162,33,56,80,32,87
"EPHB1",107,233,330,577,465,109,76,253,54,345
"KY",2,6,17,34,27,11,15,19,10,23
"PPP2R3A",30,144,145,195,218,62,83,96,60,151
"AC072039.2",0,0,0,1,1,1,1,0,0,1
"MSL2",13,44,41,97,88,14,22,43,11,47
"PCCB",19,67,48,67,67,11,20,20,11,55
"STAG1",69,258,278,484,525,97,109,155,77,304
"AC117382.2",0,0,0,0,0,0,0,0,0,0
"SLC35G2",17,81,73,88,128,61,75,124,53,116
"AC096992.2",0,1,4,4,9,0,2,4,0,1
"NCK1-DT",3,4,10,12,13,5,5,5,1,6
"NCK1",3,47,46,68,83,19,28,41,15,55
"IL20RB",0,2,5,7,9,3,0,4,0,1
"IL20RB-AS1",0,4,4,5,2,4,6,4,1,3
"CLDN18",0,2,1,0,3,0,1,1,0,0
"AC016252.1",0,0,0,0,0,1,0,3,0,0
"DZIP1L",1,3,4,12,8,2,7,2,2,10
"DBR1",2,7,7,19,19,5,7,5,7,10
"ARMC8",26,153,116,223,191,46,59,81,34,164
"NME9",8,51,88,84,116,33,25,50,12,105
"MRAS",38,128,234,515,371,146,126,170,77,213
"ESYT3",4,4,10,14,16,7,3,14,3,10
"CEP70",10,91,60,76,92,31,43,66,18,74
"FAIM",3,18,15,10,16,4,7,14,2,17
"PIK3CB",25,104,97,157,147,34,39,55,21,92
"FOXL2",0,0,0,0,0,1,0,0,0,0
"MRPS22",4,24,14,9,15,9,7,15,7,14
"AC024933.1",0,0,0,0,0,0,0,0,0,0
"COPB2",13,88,52,50,81,21,19,27,9,63
"AC097103.2",62,265,199,285,286,61,55,127,53,208
"RBP2",0,5,4,0,1,0,0,1,0,4
"RBP1",8,48,26,15,25,2,3,7,5,9
"NMNAT3",6,41,38,64,86,18,26,36,16,61
"AC016933.1",0,0,1,2,2,1,0,0,1,0
"CLSTN2",15,59,136,191,169,10,10,23,8,44
"AC010181.1",0,0,0,0,0,0,0,0,0,0
"SLC25A36",44,186,164,296,211,56,54,79,44,125
"SPSB4",0,1,1,5,3,1,0,1,0,13
"AC108727.2",0,0,1,0,0,0,0,0,0,1
"PXYLP1",8,42,37,78,47,12,14,21,26,21
"AC117383.1",3,13,10,4,6,0,3,5,0,12
"ZBTB38",21,140,128,187,153,39,36,77,16,116
"RASA2",32,149,165,270,271,56,63,101,35,153
"RNF7",9,25,24,27,28,25,14,29,6,12
"GRK7",0,1,5,6,11,1,0,3,0,2
"ATP1B3",22,124,226,376,234,54,38,79,16,118
"ATP1B3-AS1",0,0,0,1,1,0,0,0,0,1
"TFDP2",38,171,243,387,283,77,80,111,50,234
"GK5",5,46,46,105,70,9,14,17,14,52
"XRN1",26,164,147,269,265,86,87,116,59,183
"ATR",19,118,95,135,145,33,34,74,31,103
"PLS1",1,8,6,9,10,1,1,2,0,9
"PLS1-AS1",0,0,0,0,1,0,0,0,0,0
"TRPC1",40,238,170,245,311,62,100,99,57,182
"PCOLCE2",0,4,3,5,3,0,3,2,3,3
"AC021074.3",0,0,0,0,0,0,0,0,0,0
"PAQR9",0,0,2,4,4,0,1,0,0,2
"PAQR9-AS1",0,0,1,1,0,0,0,0,0,0
"U2SURP",58,250,193,307,313,103,106,173,57,194
"AC026304.1",1,4,4,0,6,4,1,3,1,5
"CHST2",3,2,7,10,3,1,5,5,4,8
"SLC9A9",75,557,346,622,649,175,284,225,94,420
"SLC9A9-AS1",0,2,0,0,1,0,0,0,0,1
"C3orf58",19,143,87,151,134,47,66,47,26,100
"AC055758.2",0,0,1,3,14,0,2,0,0,7
"AC107021.1",2,65,66,63,44,2,21,20,0,57
"LNCSRLR",2,9,2,36,20,10,11,4,3,18
"PLOD2",20,232,183,898,337,103,143,211,59,258
"PLSCR4",18,537,134,297,347,153,217,275,108,249
"PLSCR2",0,5,5,4,5,3,0,5,1,6
"PLSCR1",0,100,27,76,31,8,22,28,12,21
"PLSCR5",0,0,0,0,0,0,0,0,0,0
"AC092957.1",4,11,8,5,12,3,8,6,1,9
"ZIC4",5,24,16,19,15,5,2,8,7,0
"ZIC1",38,328,110,224,254,46,63,99,39,9
"AC092958.1",4,27,14,11,24,2,4,4,0,5
"AC025566.1",0,1,0,1,1,0,0,0,0,1
"LINC02045",0,0,0,0,1,0,0,1,1,0
"LINC02046",0,0,1,2,0,0,0,1,0,2
"AGTR1",0,0,0,0,0,0,0,1,0,1
"CPB1",4,13,4,6,9,4,3,1,4,8
"AC092979.1",0,1,1,2,0,0,0,1,0,1
"CPA3",0,0,0,0,0,0,1,0,0,1
"GYG1",9,55,30,50,60,28,32,38,10,33
"HLTF",21,88,78,97,113,28,43,62,27,103
"HLTF-AS1",0,0,0,0,0,1,0,0,0,0
"HPS3",5,30,26,52,41,22,19,41,15,41
"CP",1,11,9,19,17,8,7,7,4,12
"AC093001.1",0,1,0,0,3,0,0,0,0,0
"TM4SF18",1,0,1,0,1,0,0,0,0,0
"TM4SF1",0,0,1,3,1,0,2,2,0,0
"TM4SF1-AS1",1,12,11,16,4,1,4,10,2,10
"TM4SF4",0,0,0,0,1,0,0,0,0,0
"WWTR1",22,202,83,210,154,36,47,94,29,113
"WWTR1-AS1",0,2,0,0,0,0,2,1,1,2
"COMMD2",9,37,23,20,35,16,17,30,10,35
"ANKUB1",19,114,131,171,130,24,27,48,11,112
"RNF13",58,228,202,334,298,106,107,113,60,235
"PFN2",2,9,6,8,5,0,0,1,0,2
"AC117395.1",0,1,3,3,0,1,0,0,0,0
"AC117386.2",1,6,22,4,1,1,2,1,1,0
"LINC01998",0,0,0,0,2,0,0,0,0,4
"AC117386.1",0,1,2,1,1,0,1,0,0,0
"LINC01214",1,1,2,1,1,0,0,0,0,1
"TSC22D2",28,204,175,268,302,86,91,154,46,281
"SERP1",38,122,135,175,190,50,62,130,35,252
"EIF2A",8,30,32,32,41,17,14,23,5,28
"SELENOT",25,107,102,115,102,69,48,94,24,90
"ERICH6",0,5,7,7,1,3,0,2,2,4
"ERICH6-AS1",8,16,5,18,20,1,3,10,3,13
"SIAH2",2,26,22,25,17,12,8,10,1,20
"CLRN1-AS1",0,2,3,3,2,1,0,0,0,7
"MINDY4B",0,2,1,1,0,0,0,0,0,2
"AC020636.2",0,0,0,0,0,0,0,0,0,0
"CLRN1",0,2,0,1,0,0,0,2,1,1
"MED12L",129,813,463,1341,887,282,422,578,199,744
"GPR171",1,1,24,1,5,1,0,0,0,4
"P2RY14",43,187,87,377,369,44,192,415,16,270
"GPR87",0,2,0,1,1,0,0,0,1,1
"P2RY13",1,0,2,0,2,0,1,0,0,2
"P2RY12",0,11,16,12,12,2,0,7,1,12
"IGSF10",8,122,223,270,227,51,52,167,11,126
"LINC02066",0,1,0,0,0,0,1,0,0,1
"AADACL2-AS1",0,3,1,4,3,5,2,1,2,1
"SUCNR1",0,0,0,0,0,0,0,0,0,0
"AC108718.1",0,0,0,0,0,0,0,0,0,0
"MBNL1",81,519,394,1080,884,209,279,342,121,510
"MBNL1-AS1",0,3,1,2,0,0,1,0,0,1
"AC026347.1",1,7,5,6,10,3,1,4,0,12
"P2RY1",6,35,22,31,49,20,24,42,18,78
"AC117394.2",0,0,1,0,0,0,0,0,0,0
"RAP2B",2,7,6,7,8,2,4,7,2,4
"AC078788.1",0,1,0,0,4,0,3,0,2,1
"LINC02083",0,0,1,1,0,0,0,0,0,1
"C3orf79",0,3,4,3,6,0,1,0,0,1
"AC068985.1",0,1,4,3,4,2,1,2,0,8
"ARHGEF26",75,473,293,491,503,135,204,257,82,503
"DHX36",28,166,112,174,172,41,41,70,23,107
"GPR149",0,2,1,6,2,1,0,0,0,0
"AC092994.1",0,0,1,0,0,0,0,0,0,0
"AC073359.2",0,0,0,0,0,0,0,0,0,0
"MME",0,6,4,6,1,0,3,2,2,10
"MME-AS1",0,0,0,0,1,0,0,0,0,0
"DWORF",0,0,0,0,2,0,0,0,0,0
"PLCH1",21,90,91,300,231,43,42,92,35,171
"PLCH1-AS1",0,0,1,0,1,0,0,0,0,1
"C3orf33",1,7,6,3,14,5,5,5,2,7
"AC104472.3",0,1,0,9,5,1,0,5,1,6
"GMPS",9,49,48,78,83,25,17,43,11,53
"KCNAB1",23,131,75,200,105,36,8,22,32,58
"KCNAB1-AS2",0,0,0,0,1,0,0,0,0,0
"KCNAB1-AS1",0,0,0,0,0,0,0,0,0,0
"AC084036.1",4,4,5,20,4,2,0,1,0,2
"SSR3",15,68,49,77,72,26,25,42,19,51
"TIPARP-AS1",1,0,3,2,1,1,1,0,0,5
"TIPARP",13,84,32,64,61,22,40,23,13,40
"LINC00886",9,16,24,39,36,4,11,11,14,31
"LEKR1",6,22,13,24,29,8,12,14,1,27
"LINC00880",3,2,3,3,5,1,2,0,0,0
"LINC02029",0,0,0,0,0,0,0,0,0,2
"LINC00881",0,0,0,1,0,1,0,0,0,0
"CCNL1",25,150,61,119,96,29,48,76,20,77
"AC104411.1",0,1,1,2,0,0,1,1,0,0
"VEPH1",0,4,5,4,5,1,3,3,1,12
"PTX3",1,0,0,3,1,0,0,0,0,1
"PQLC2L",0,0,1,0,0,0,0,0,0,0
"AC079943.2",0,2,3,4,1,1,1,1,0,1
"RSRC1",33,167,137,206,246,60,81,99,40,128
"AC106707.1",2,4,8,14,5,5,5,5,1,8
"MLF1",8,37,14,27,46,17,19,40,8,20
"GFM1",8,42,48,59,56,20,13,30,8,42
"LXN",3,21,17,18,10,3,2,4,0,13
"AC080013.6",0,0,0,0,1,0,0,1,0,0
"RARRES1",3,23,46,71,46,12,12,16,4,36
"MFSD1",6,27,32,75,70,5,8,23,12,34
"AC080013.5",1,1,6,1,2,0,0,0,0,5
"IQCJ-SCHIP1",43,313,409,592,693,112,67,89,51,265
"IQCJ-SCHIP1-AS1",0,0,0,0,0,0,0,0,0,0
"IL12A-AS1",0,9,19,24,20,5,5,4,2,8
"IL12A",1,4,0,5,0,1,1,0,0,10
"LINC01100",0,0,0,2,0,1,0,0,0,0
"C3orf80",2,3,4,3,4,1,0,1,1,1
"AC079594.2",3,8,15,43,31,6,7,2,8,18
"SMC4",4,11,16,54,24,7,11,12,4,7
"TRIM59",6,6,7,3,14,3,0,1,1,3
"KPNA4",15,113,82,149,118,35,38,61,26,88
"AC069224.1",0,8,2,0,6,2,1,1,0,6
"PPM1L",59,271,242,377,402,82,104,198,86,261
"B3GALNT1",5,29,23,19,17,8,10,11,8,29
"NMD3",28,119,109,136,167,44,48,93,38,134
"SPTSSB",3,9,8,9,5,1,3,1,2,6
"LINC02067",0,0,2,1,1,0,0,0,0,0
"OTOL1",0,0,0,0,0,0,0,0,0,0
"AC128685.1",0,0,2,1,4,0,0,2,0,0
"LINC01192",1,1,2,3,5,0,0,1,1,3
"LINC01323",0,0,0,0,0,0,0,0,0,0
"LINC01324",0,0,0,1,0,0,0,0,1,0
"SI",0,0,2,1,1,0,0,2,0,0
"LINC02023",1,2,0,1,0,0,0,0,0,0
"SLITRK3",0,3,9,6,4,2,1,0,1,0
"LINC01322",16,75,95,149,124,29,30,58,20,112
"BCHE",2,3,2,8,7,5,3,1,2,5
"AC069439.2",0,0,0,0,0,0,0,0,0,0
"ZBBX",3,18,13,18,19,4,3,10,6,5
"LINC01327",0,0,1,0,1,0,0,0,0,0
"SERPINI2",8,24,34,61,63,27,24,22,23,46
"WDR49",7,86,51,73,106,46,55,50,69,49
"PDCD10",10,74,43,60,65,21,26,41,16,46
"SERPINI1",37,135,160,261,194,42,31,74,24,75
"AC026353.1",0,0,0,0,0,0,0,0,0,0
"GOLIM4",30,258,160,208,278,110,154,153,53,296
"AC124893.1",0,0,0,0,0,0,0,0,0,0
"LINC02082",0,3,5,1,3,0,0,0,0,1
"AC092954.1",0,1,0,1,0,0,0,0,0,0
"AC092954.2",0,0,0,1,0,0,0,0,0,0
"MECOM",17,32,36,25,49,26,16,31,9,20
"AC074033.1",0,0,0,0,0,0,0,0,0,0
"ACTRT3",0,3,0,1,0,0,0,0,0,0
"AC078802.1",0,2,1,1,0,0,0,1,0,1
"MYNN",4,27,23,31,41,13,20,12,5,23
"AC078795.1",0,2,2,4,2,2,1,3,0,0
"LRRC34",2,10,14,17,23,8,8,11,2,29
"AC078795.3",0,0,1,1,1,0,0,1,0,0
"AC078795.2",0,1,1,2,0,1,1,0,0,0
"LRRIQ4",0,2,5,4,8,0,0,4,1,3
"LRRC31",1,2,1,1,2,0,0,0,0,0
"SAMD7",0,9,18,36,15,2,1,5,1,9
"AC008040.1",0,5,3,4,5,1,1,3,0,5
"SEC62",75,365,188,346,298,147,114,189,79,201
"SEC62-AS1",0,2,2,0,0,0,0,1,0,0
"GPR160",1,4,1,8,4,1,0,2,3,3
"PHC3",29,199,152,245,229,42,81,111,30,191
"AC008040.5",1,0,1,1,1,0,0,0,0,1
"PRKCI",5,88,54,115,99,28,20,37,10,53
"AC073288.1",0,0,1,0,0,0,0,0,0,1
"SKIL",6,37,28,58,43,13,22,28,9,51
"AC073288.2",0,0,0,0,0,0,0,0,0,0
"AC026316.5",65,245,218,50,286,57,112,33,40,138
"SLC7A14",25,83,67,46,89,10,15,6,5,32
"AC026316.2",0,0,2,1,0,1,1,0,0,1
"RPL22L1",4,12,11,14,15,13,10,7,1,17
"EIF5A2",3,18,22,22,37,10,14,10,1,16
"SLC2A2",0,0,3,0,0,0,0,0,0,0
"TNIK",502,2635,1485,2793,2410,882,1202,1071,585,2240
"PLD1",33,104,92,145,103,19,24,23,15,51
"TMEM212",1,0,1,1,1,5,0,1,0,0
"TMEM212-AS1",0,1,0,0,0,0,0,0,0,0
"FNDC3B",33,290,170,585,273,70,96,110,43,275
"TNFSF10",0,0,0,1,3,2,2,2,0,0
"LINC02068",1,3,3,3,0,0,0,0,0,0
"NCEH1",16,75,86,129,119,23,28,56,13,81
"ECT2",2,11,7,17,12,1,2,3,0,5
"SPATA16",0,2,5,4,5,0,0,2,0,1
"AC068759.1",1,2,7,3,0,1,1,0,1,2
"NLGN1",104,454,538,1150,860,115,99,142,92,245
"NLGN1-AS1",0,0,4,2,3,0,0,0,0,0
"NAALADL2",158,564,481,784,805,161,312,313,228,663
"NAALADL2-AS2",1,3,1,3,2,1,0,4,1,8
"NAALADL2-AS1",0,1,0,1,1,0,0,1,0,0
"LINC01208",0,0,0,1,1,0,0,0,0,0
"AC092920.1",2,6,5,11,3,1,2,4,3,1
"TBL1XR1",53,300,213,466,426,101,153,209,80,273
"TBL1XR1-AS1",0,0,0,0,0,0,0,0,0,0
"LINC00501",3,0,2,0,6,0,0,0,0,6
"AC117465.1",0,4,6,2,1,3,0,4,1,4
"LINC00578",0,5,6,12,6,0,2,6,0,5
"LINC02015",0,3,1,1,3,1,1,2,0,0
"AC007953.2",0,0,0,0,1,0,0,0,0,1
"AC109779.1",3,5,7,3,2,0,0,1,0,5
"KCNMB2",3,3,1,7,5,0,0,2,1,3
"KCNMB2-AS1",34,144,287,685,474,37,78,57,43,461
"ZMAT3",16,110,116,237,172,47,49,90,22,126
"AC076966.1",3,13,9,10,20,4,10,7,6,17
"PIK3CA",27,102,112,225,267,98,91,138,53,159
"KCNMB3",4,23,34,35,69,21,27,51,7,41
"ZNF639",5,26,22,26,27,15,13,9,4,18
"AC007823.1",0,0,1,0,0,0,0,1,0,0
"MFN1",14,77,76,90,102,28,38,47,18,113
"GNB4",9,51,34,43,36,14,16,11,8,26
"AC007620.2",0,1,2,0,1,1,3,1,1,0
"AC007620.3",0,0,0,1,0,0,0,0,0,0
"ACTL6A",3,13,20,19,28,10,9,13,1,19
"AC090425.2",0,0,0,0,0,0,0,0,0,1
"MRPL47",6,23,19,16,29,17,8,13,7,14
"NDUFB5",13,76,41,46,55,30,19,56,17,45
"USP13",10,32,42,36,52,18,9,13,13,50
"PEX5L",135,454,513,1285,794,127,125,149,95,310
"AC007687.1",0,0,1,2,0,1,0,0,0,0
"PEX5L-AS1",0,1,3,1,1,0,0,1,0,1
"PEX5L-AS2",1,1,5,4,1,1,0,0,1,1
"AC125618.1",3,11,4,6,6,1,4,6,2,10
"TTC14",79,300,277,469,422,115,167,202,76,341
"CCDC39",1,5,4,0,7,0,0,0,0,9
"CCDC39-1",0,1,1,0,1,0,1,0,2,0
"CCDC39-AS1",0,0,0,1,0,0,0,0,0,0
"FXR1",16,119,126,244,217,76,70,144,38,178
"DNAJC19",14,31,36,25,43,16,11,21,9,55
"AC022294.1",11,52,2,22,22,0,3,16,12,38
"AC125613.1",43,298,136,107,183,54,86,73,39,197
"SOX2",59,280,271,245,408,171,138,207,89,417
"LINC01206",0,3,0,2,0,0,0,1,1,1
"AC012081.1",1,1,0,0,0,1,0,0,0,0
"LINC01994",5,11,6,12,18,5,3,7,2,14
"LINC01995",0,0,1,0,0,0,1,0,0,2
"AC069431.1",1,2,1,1,0,1,0,0,0,2
"ATP11B",14,110,86,140,161,37,52,50,30,90
"AC092953.2",0,1,3,4,1,1,1,0,0,0
"DCUN1D1",18,162,89,243,213,85,94,118,59,208
"MCCC1",26,105,111,118,143,39,53,85,30,129
"MCCC1-AS1",0,1,0,0,0,0,0,0,0,0
"LAMP3",0,2,2,2,1,1,1,0,0,4
"MCF2L2",25,197,131,194,180,58,54,59,22,155
"B3GNT5",1,18,8,15,20,8,7,13,3,19
"KLHL6",0,2,0,1,1,0,0,0,0,2
"KLHL6-AS1",0,1,1,1,0,2,0,0,0,0
"KLHL24",50,227,243,417,376,125,130,166,91,260
"YEATS2",22,93,85,145,105,34,28,49,18,96
"YEATS2-AS1",1,3,1,8,3,2,0,0,1,1
"AC131160.1",0,0,0,0,0,0,0,0,0,0
"ABCC5",24,48,90,157,115,35,29,77,29,68
"ABCC5-AS1",0,0,3,0,0,0,0,1,0,2
"HTR3C",0,1,0,0,1,1,0,1,0,3
"HTR3E-AS1",0,0,0,2,0,0,0,0,0,1
"HTR3E",1,5,3,10,5,2,3,0,2,13
"AC131235.4",0,0,0,1,0,1,0,1,0,0
"AC131235.3",0,1,2,0,0,0,0,0,0,2
"EIF2B5",9,22,50,50,35,19,13,27,8,26
"DVL3",13,40,36,56,53,20,16,31,9,39
"AP2M1",43,147,163,203,132,72,60,79,16,93
"ABCF3",7,23,18,29,20,15,9,10,13,19
"VWA5B2",0,11,14,9,5,0,1,0,1,4
"ALG3",2,24,10,23,17,9,2,6,4,9
"EEF1AKMT4-ECE2",1,0,0,3,2,0,0,0,0,2
"CAMK2N2",1,9,7,15,5,0,2,1,1,3
"PSMD2",12,62,75,65,47,24,15,41,18,35
"EIF4G1",8,67,54,72,71,29,31,47,17,43
"FAM131A",9,52,59,68,53,20,18,22,14,56
"CLCN2",3,15,14,16,24,11,8,15,13,26
"POLR2H",10,61,56,84,60,31,28,49,15,57
"THPO",1,1,2,2,0,0,0,2,0,1
"CHRD",10,29,25,28,34,17,13,26,6,15
"LINC02054",0,2,3,4,7,1,1,7,0,2
"LINC01840",0,4,1,6,0,1,0,3,2,3
"EPHB3",4,6,10,12,19,12,3,12,5,9
"MAGEF1",3,43,24,33,36,11,13,16,7,34
"AC107294.2",0,1,1,0,0,0,0,0,2,0
"AC107294.3",0,0,0,1,0,0,1,0,0,0
"AC107294.1",0,1,1,2,1,1,1,1,0,3
"LINC02069",0,1,0,0,0,0,0,0,1,2
"VPS8",33,145,186,374,271,66,78,121,37,196
"C3orf70",11,209,43,142,104,28,70,51,18,95
"EHHADH-AS1",0,1,1,1,2,0,0,0,0,2
"EHHADH",9,54,19,32,36,16,27,55,12,49
"MAP3K13",43,278,194,306,328,95,83,184,52,242
"TMEM41A",5,38,31,63,47,14,11,15,6,19
"LIPH",2,4,19,29,17,2,4,2,1,11
"SENP2",16,67,54,84,84,20,37,31,13,90
"IGF2BP2",2,16,6,7,5,8,2,4,4,4
"IGF2BP2-AS1",0,1,0,0,0,0,0,1,0,1
"TRA2B",28,188,135,232,236,57,56,112,46,123
"ETV5",8,37,45,108,86,6,7,28,9,50
"ETV5-AS1",0,0,0,0,1,0,0,0,0,0
"DGKG",75,1716,538,1014,1054,254,459,465,201,1317
"CRYGS",2,2,10,21,12,4,3,9,3,14
"TBCCD1",3,18,12,9,22,5,6,10,3,20
"DNAJB11",2,11,9,9,20,0,4,7,6,12
"AC068631.1",1,5,8,7,6,0,1,4,1,6
"AC068631.2",2,23,15,35,14,4,4,10,2,7
"AHSG",0,1,1,1,1,1,0,0,0,0
"FETUB",0,0,0,0,0,0,0,0,0,0
"HRG",0,0,0,0,0,0,0,1,0,0
"KNG1",0,4,1,1,2,0,1,2,0,3
"AC112907.3",3,0,2,1,1,0,0,0,0,1
"EIF4A2",66,236,191,210,222,96,102,151,37,132
"RFC4",4,8,5,10,12,6,3,20,1,10
"AC112907.1",1,4,5,2,4,0,0,2,0,2
"LINC02043",2,6,7,14,8,9,2,6,2,2
"ADIPOQ",0,0,0,0,1,0,0,0,0,0
"ST6GAL1",5,32,42,53,141,6,20,14,7,51
"RPL39L",6,8,1,7,5,4,1,3,3,3
"AC007920.1",0,0,2,1,0,0,0,0,0,1
"RTP1",0,1,2,1,1,0,0,0,0,0
"MASP1",3,41,20,11,23,7,9,7,9,20
"AC007920.2",1,6,6,9,8,1,4,2,1,10
"RTP4",2,2,0,0,4,0,2,0,0,1
"SST",11,4,3,1,4,0,0,0,0,0
"AC072022.1",0,4,6,5,4,0,0,4,0,0
"BCL6",31,299,337,623,299,101,121,180,76,232
"AC022498.1",0,1,1,0,1,0,0,0,0,0
"LPP-AS2",0,1,1,1,2,1,0,0,0,4
"LPP",149,1125,669,1616,1178,323,475,516,237,906
"LPP-AS1",0,1,0,0,0,0,0,0,0,0
"TPRG1-AS1",0,0,0,0,1,0,2,0,1,0
"TPRG1",4,25,19,70,33,4,7,15,6,11
"TP63",0,2,3,5,7,2,1,1,1,3
"P3H2",3,26,33,69,80,27,12,29,15,35
"P3H2-AS1",1,3,7,7,7,4,1,3,1,4
"CLDN1",0,0,0,0,1,0,0,0,0,0
"CLDN16",1,4,3,3,2,0,0,1,0,1
"TMEM207",1,0,0,0,0,0,0,0,0,0
"IL1RAP",4,30,21,40,33,5,7,10,4,10
"GMNC",0,0,1,2,9,10,4,7,8,3
"OSTN",0,0,7,6,7,4,6,1,5,4
"OSTN-AS1",0,0,0,0,1,0,0,0,0,0
"UTS2B",1,2,1,2,2,0,0,1,0,0
"CCDC50",13,42,41,78,56,23,25,33,15,60
"AC073365.1",3,28,25,26,27,3,11,0,1,14
"AC026320.1",0,0,0,0,0,0,0,0,0,0
"FGF12",56,233,415,645,559,50,45,48,27,123
"FGF12-AS1",0,2,8,7,3,0,0,0,0,1
"FGF12-AS3",0,0,0,2,0,0,0,0,0,0
"MB21D2",10,25,33,61,57,10,11,20,8,26
"AC092966.1",0,0,0,1,0,0,0,0,0,0
"HRASLS",2,5,5,5,1,0,2,5,0,5
"ATP13A5",10,38,44,75,95,26,27,53,29,90
"ATP13A5-AS1",0,0,2,0,0,1,0,0,0,1
"ATP13A4",82,316,317,614,566,133,177,216,101,640
"ATP13A4-AS1",0,2,0,3,1,2,1,1,0,1
"OPA1",25,165,104,238,188,56,84,81,45,156
"OPA1-AS1",5,14,9,3,8,0,3,2,2,4
"LINC02026",1,0,2,0,4,1,1,0,1,1
"AC024559.1",0,0,0,0,1,0,0,0,0,0
"AC024559.2",0,0,0,0,0,0,0,0,0,0
"AC080129.1",0,0,0,0,0,0,0,0,0,0
"AC080129.2",0,0,3,2,1,0,0,0,0,2
"HES1",42,266,153,240,132,14,17,69,10,85
"LINC02036",0,0,0,0,1,0,0,0,0,1
"LINC00887",0,2,0,4,1,0,0,0,1,1
"CPN2",0,2,1,0,1,0,0,0,0,3
"LRRC15",0,0,0,2,0,0,0,0,0,0
"ATP13A3",14,93,69,165,116,27,35,65,18,82
"LINC00884",4,12,36,31,34,5,6,11,2,26
"TMEM44-AS1",8,39,25,19,34,10,16,22,5,40
"TMEM44",0,9,9,14,9,4,4,5,1,4
"AC046143.1",1,3,0,3,4,3,0,2,2,1
"AC046143.2",0,0,0,3,1,0,0,0,1,0
"LSG1",9,31,29,35,29,9,8,21,3,20
"FAM43A",1,1,1,6,4,1,0,0,0,1
"LINC01968",0,1,0,1,4,0,0,1,0,1
"LINC01972",0,0,0,0,0,0,0,0,0,0
"AC090505.2",0,0,0,0,0,0,0,0,0,0
"XXYLT1",7,43,40,57,55,13,20,28,12,31
"XXYLT1-AS2",0,0,0,0,2,0,0,0,0,1
"ACAP2",74,514,253,448,376,103,139,301,123,393
"PPP1R2",12,74,37,44,49,11,12,21,4,35
"AC069213.1",0,1,2,0,0,0,0,0,0,0
"APOD",46,257,154,255,195,124,49,53,37,24
"AC233280.1",1,8,12,8,30,9,9,30,1,29
"MUC20-OT1",73,423,419,235,528,145,130,349,54,254
"MUC20",0,0,2,9,3,2,3,5,1,0
"MUC4",0,2,1,2,2,0,0,1,0,2
"LINC01983",0,0,1,2,2,1,0,1,0,0
"TNK2",38,73,96,207,124,53,37,86,47,65
"AC124944.1",0,1,0,0,0,0,0,1,0,2
"TFRC",18,150,76,113,84,21,29,28,24,101
"LINC00885",0,0,1,0,0,1,0,0,1,0
"ZDHHC19",0,5,2,3,3,2,0,1,0,1
"SLC51A",2,23,21,30,15,1,2,8,0,6
"PCYT1A",10,40,30,57,38,8,5,23,13,18
"AC069257.3",0,1,1,10,5,0,2,3,1,2
"TM4SF19-AS1",1,4,0,2,1,0,0,0,0,0
"UBXN7",22,96,67,136,125,40,31,57,23,81
"RNF168",13,56,60,61,63,10,11,19,3,43
"AC117490.2",0,0,0,0,1,2,0,0,0,0
"SMCO1",0,0,0,0,2,0,0,0,0,2
"WDR53",2,16,8,13,25,1,6,5,3,13
"FBXO45",4,12,12,34,31,3,7,9,3,18
"LINC01063",0,1,0,1,1,2,2,3,1,4
"PIGX",4,42,45,78,50,12,24,30,10,50
"CEP19",0,7,17,15,14,4,3,12,0,13
"PAK2",20,125,110,175,162,34,50,87,23,92
"SENP5",24,183,112,166,140,36,32,60,20,122
"NCBP2",6,35,24,40,28,10,6,20,6,22
"NCBP2-AS1",0,0,0,0,1,0,0,0,0,0
"NCBP2-AS2",11,25,43,33,39,12,11,25,8,34
"PIGZ",6,40,36,49,38,9,26,29,17,52
"MELTF",1,6,6,13,7,2,5,2,0,4
"MELTF-AS1",13,15,19,46,18,25,16,17,19,16
"DLG1",151,389,470,902,660,167,176,277,144,434
"DLG1-AS1",0,2,2,1,1,2,0,1,3,2
"AC128709.2",0,0,1,0,0,0,1,0,0,0
"AC128709.3",0,0,0,0,0,0,0,0,0,0
"LINC02012",0,0,1,0,1,1,0,2,0,1
"BDH1",11,45,54,69,55,9,11,30,8,48
"AC024560.3",0,1,0,4,2,1,0,0,0,0
"AC024560.1",0,1,9,0,7,3,4,20,0,1
"RUBCN",27,64,65,98,77,21,24,46,28,69
"FYTTD1",6,40,34,90,65,26,15,30,9,37
"AC055764.2",0,0,0,2,1,0,0,2,0,0
"LRCH3",42,191,189,330,298,71,59,112,40,180
"IQCG",8,58,70,46,71,11,22,35,11,80
"RPL35A",46,152,126,91,189,110,54,104,32,64
"LMLN",10,35,31,73,41,13,23,21,10,27
"LMLN-AS1",0,0,0,0,0,0,0,0,0,0
"ZNF595",4,23,30,55,40,7,8,11,8,25
"ZNF718",11,86,77,167,148,38,35,59,22,79
"ZNF732",0,1,2,0,2,0,1,1,1,1
"ZNF141",14,43,43,72,75,19,11,21,16,45
"AC092574.2",7,28,15,25,29,2,3,8,1,17
"AC092574.1",0,1,1,0,0,0,0,0,0,0
"ZNF721",32,249,164,313,283,33,47,68,43,175
"PIGG",9,47,41,72,48,17,23,26,17,38
"AC116565.1",3,3,6,6,3,3,3,0,0,1
"AC116565.2",3,2,4,15,6,2,1,0,1,0
"PDE6B",8,30,39,33,38,5,4,7,3,25
"AC107464.1",2,8,14,17,10,2,2,3,1,8
"AC107464.3",2,5,6,4,2,1,2,1,1,8
"ATP5ME",51,122,142,265,140,94,35,135,44,59
"MYL5",3,6,8,16,12,5,3,4,3,4
"SLC49A3",0,2,7,8,4,2,2,0,1,4
"PCGF3",7,46,35,76,57,20,16,28,16,63
"AC139887.4",2,2,2,0,2,0,0,0,0,3
"AC139887.2",16,81,57,102,116,35,25,29,14,89
"CPLX1",11,32,39,57,26,4,3,5,5,12
"GAK",27,74,77,114,79,31,34,38,19,56
"TMEM175",26,77,51,116,85,29,33,41,18,79
"DGKQ",4,10,19,39,22,3,4,16,11,9
"SLC26A1",0,0,2,3,0,0,0,0,1,1
"IDUA",3,3,10,28,7,5,7,6,6,12
"FGFRL1",11,43,71,103,63,33,26,67,26,33
"RNF212",2,6,4,6,1,3,3,2,3,6
"AC092535.3",4,5,4,9,9,5,15,12,16,29
"AC092535.1",0,0,1,0,0,0,0,0,2,0
"SPON2",1,4,8,6,6,0,2,1,0,7
"AC092535.4",1,0,0,0,0,0,0,0,0,0
"CTBP1-AS",0,17,20,4,36,4,7,20,0,23
"CTBP1",8,41,47,104,76,38,24,62,32,45
"CTBP1-DT",1,16,20,33,35,4,9,19,4,22
"MAEA",19,54,43,66,42,22,23,34,15,34
"UVSSA",28,47,53,107,68,18,23,39,17,33
"AC147067.1",2,0,0,0,0,0,0,0,0,0
"FAM53A",3,5,6,9,14,4,0,2,1,8
"SLBP",5,28,19,35,27,15,6,8,2,17
"AC016773.1",1,3,7,4,2,0,1,1,4,3
"TMEM129",12,23,36,58,47,8,21,13,8,38
"TACC3",1,1,2,7,5,0,2,4,2,2
"FGFR3",249,467,576,813,562,240,226,220,244,332
"LETM1",7,49,39,61,50,28,21,26,7,39
"NSD2",28,134,120,178,182,33,29,66,14,119
"NELFA",15,84,106,216,137,42,41,73,21,81
"C4orf48",32,60,74,183,47,56,21,37,24,22
"NAT8L",105,273,389,732,394,152,131,206,135,165
"POLN",5,25,67,162,95,23,21,38,12,80
"AL136360.2",0,0,2,0,0,0,0,0,0,0
"MXD4",22,67,71,159,104,48,35,70,32,61
"ZFYVE28",21,428,118,249,227,47,68,124,41,145
"AL158068.2",2,29,22,23,22,0,2,6,1,18
"CFAP99",0,2,1,2,3,0,0,2,0,1
"RNF4",8,66,41,79,39,14,13,17,18,32
"FAM193A",33,145,150,295,205,40,31,70,34,157
"TNIP2",3,14,7,24,17,12,8,16,5,14
"SH3BP2",20,70,43,157,88,13,24,43,17,37
"ADD1",53,395,272,589,379,104,114,191,79,288
"MFSD10",15,42,52,90,65,47,39,73,19,51
"NOP14-AS1",3,7,4,7,12,4,5,8,6,10
"NOP14",6,12,4,11,9,3,2,6,1,4
"GRK4",19,91,109,132,131,15,23,41,12,96
"HTT-AS",0,3,3,3,3,0,0,2,2,3
"HTT",16,162,125,191,152,43,42,69,25,107
"MSANTD1",2,7,6,13,4,4,4,7,0,5
"RGS12",43,113,113,144,175,50,47,78,35,138
"HGFAC",1,3,2,0,4,0,1,6,0,2
"DOK7",0,2,0,3,1,4,1,4,8,2
"LRPAP1",21,83,116,38,93,67,55,83,25,70
"AL590235.2",0,0,0,2,1,0,0,0,0,0
"AC141928.1",0,0,0,0,0,1,0,0,0,0
"ADRA2C",1,0,0,3,1,1,0,4,0,0
"OTOP1",0,0,0,0,0,1,0,0,0,0
"TMEM128",6,20,19,25,26,7,15,11,9,35
"LYAR",1,11,10,13,13,8,3,8,1,14
"ZBTB49",2,12,11,20,14,1,4,6,4,6
"AC105415.1",0,1,0,1,0,0,0,1,0,1
"NSG1",7,40,19,34,16,2,3,8,1,5
"STX18",20,109,64,141,110,34,60,67,17,97
"STX18-AS1",32,118,116,157,148,25,29,34,21,129
"LINC01396",1,2,3,6,6,0,2,1,3,3
"MSX1",5,11,18,15,24,27,6,12,9,20
"CYTL1",0,0,0,0,1,1,0,2,0,0
"STK32B",0,6,3,10,17,6,2,10,0,8
"EVC2",7,15,12,18,36,9,12,17,9,37
"EVC",6,23,16,23,32,8,6,11,4,29
"CRMP1",25,93,74,129,123,24,32,41,25,58
"C4orf50",4,5,19,15,19,5,3,6,2,10
"JAKMIP1",14,29,53,76,66,11,11,32,8,46
"AC113615.1",0,1,1,1,0,0,0,0,0,1
"WFS1",27,97,175,483,173,96,69,125,103,92
"PPP2R2C",48,123,136,201,195,38,31,65,21,105
"MAN2B2",5,23,20,68,57,9,10,26,10,29
"MRFAP1",21,96,67,99,78,34,30,53,18,36
"LINC02482",5,15,30,20,34,10,7,17,5,36
"AC093323.1",1,4,8,14,9,0,1,1,3,6
"LINC002481",0,1,3,5,0,1,0,0,0,0
"S100P",0,1,0,0,0,0,0,0,0,0
"MRFAP1L1",12,26,17,42,24,20,11,24,8,19
"BLOC1S4",4,20,18,23,13,13,8,21,7,17
"KIAA0232",30,262,178,330,331,75,88,191,48,209
"TBC1D14",8,42,54,115,89,17,14,34,10,60
"AC097382.2",1,1,2,3,6,3,0,3,0,3
"TADA2B",4,14,9,7,8,10,4,6,1,8
"GRPEL1",7,28,13,17,14,9,11,11,1,14
"LINC02447",0,5,6,3,7,3,4,7,2,5
"SORCS2",64,306,203,335,312,54,103,184,79,322
"AFAP1-AS1",0,1,0,0,0,1,0,0,0,0
"AFAP1",6,30,14,30,30,4,7,43,1,15
"ABLIM2",10,37,67,99,90,17,15,46,11,47
"AC097381.3",0,0,0,0,0,0,0,0,0,0
"SH3TC1",3,9,7,14,15,2,5,17,1,11
"HTRA3",0,0,0,0,0,0,0,1,0,0
"AC104825.1",1,3,12,24,18,5,1,4,5,5
"ACOX3",12,24,34,28,44,8,13,16,5,30
"TRMT44",7,20,19,26,23,8,4,4,4,15
"AC105345.1",3,6,6,17,8,3,1,6,1,2
"GPR78",0,0,1,0,0,0,0,0,0,0
"HMX1",0,2,3,1,2,0,0,0,0,0
"FAM90A26",1,3,5,2,8,0,0,3,1,1
"DEFB131A",0,0,1,2,1,0,0,0,1,0
"SLC2A9",5,5,13,29,32,10,11,17,4,20
"DRD5",0,3,0,1,2,0,0,0,1,0
"WDR1",9,62,22,41,33,19,17,20,13,16
"ZNF518B",2,9,7,14,14,6,5,14,3,6
"CLNK",4,8,14,12,42,7,7,7,3,16
"HS3ST1",1,3,6,9,7,0,0,0,2,1
"AC025539.1",0,2,0,0,0,0,0,0,0,0
"AC005699.1",0,6,10,5,4,0,4,2,0,6
"LINC02360",0,1,4,0,3,0,0,0,1,0
"LINC02270",0,3,2,4,1,0,0,0,0,1
"AC007370.2",0,0,0,1,9,3,1,2,0,1
"AC007370.1",0,1,0,5,1,1,0,0,0,0
"RAB28",27,149,120,256,254,52,79,132,40,166
"BOD1L1",15,113,95,159,174,66,58,87,53,72
"LINC01182",9,51,38,52,43,17,22,15,14,59
"AC007126.1",0,0,1,2,1,0,0,0,0,0
"AC073848.1",0,1,1,1,0,0,0,1,1,3
"AC092546.1",3,18,15,7,18,3,10,3,3,24
"AC006296.2",0,0,0,0,0,0,0,0,0,0
"AC006296.1",0,1,0,0,0,0,0,0,0,1
"LINC00504",6,18,18,15,8,7,5,10,3,17
"CPEB2-DT",6,23,8,31,24,7,10,21,7,16
"CPEB2",24,119,66,220,176,71,78,205,59,120
"AC098829.1",41,221,141,109,55,19,78,74,27,112
"C1QTNF7",2,25,22,13,1,2,17,6,2,8
"CC2D2A",21,111,98,117,134,49,27,63,16,112
"AC116651.1",0,0,0,1,0,0,0,0,0,0
"FBXL5",40,193,120,263,226,60,85,102,50,199
"FAM200B",22,52,43,73,79,76,35,72,17,46
"BST1",0,0,3,1,2,0,0,2,0,1
"CD38",25,96,18,36,65,7,23,19,12,52
"FGFBP2",1,0,0,0,1,0,0,0,0,0
"PROM1",1,1,1,3,2,1,0,1,0,0
"TAPT1",13,107,73,181,158,43,40,70,19,91
"TAPT1-AS1",59,165,284,639,596,107,129,183,93,351
"AC097515.1",17,28,32,123,70,9,12,9,1,29
"LDB2",37,126,257,362,317,33,19,35,14,75
"AC106894.1",2,4,5,3,5,2,0,0,0,2
"LINC02493",0,3,0,0,1,0,0,0,0,1
"QDPR",68,369,380,1213,410,109,76,105,69,124
"CLRN2",0,0,1,2,2,0,0,0,0,0
"LAP3",6,51,25,34,28,14,10,34,15,29
"AC006160.1",6,33,20,27,28,3,2,13,3,28
"MED28",7,45,30,50,42,16,14,31,16,48
"FAM184B",8,108,59,103,74,17,16,32,9,68
"DCAF16",7,35,35,80,60,10,15,31,12,38
"NCAPG",0,0,2,0,0,0,0,1,0,1
"LCORL",32,99,166,335,315,64,71,129,41,189
"LINC02438",0,3,1,1,3,1,1,2,0,4
"AC024230.1",12,26,16,19,49,17,23,25,9,29
"SLIT2",12,70,90,198,142,13,6,17,7,31
"PACRGL",17,113,59,128,101,27,29,56,12,59
"KCNIP4",178,1655,2704,2854,2758,199,213,237,86,525
"AC097505.1",0,0,0,1,2,0,0,1,1,0
"AC110296.1",0,0,1,1,0,0,0,1,1,0
"AC096576.3",2,8,5,1,5,0,0,1,0,1
"AC096576.2",0,2,4,3,3,1,0,0,0,1
"AC096719.1",1,2,7,6,8,2,2,2,2,5
"ADGRA3",75,361,244,421,407,94,127,203,81,355
"AC097512.1",0,0,1,0,2,0,0,0,0,0
"AC114912.1",1,0,0,0,1,0,0,0,0,1
"AC092440.1",0,2,0,1,0,0,0,0,0,3
"AC093607.1",3,10,23,18,12,0,2,2,2,8
"ERVH-1",0,0,0,0,0,0,0,0,0,0
"PPARGC1A",29,100,126,251,199,47,61,94,48,245
"AC092834.1",0,0,0,0,0,0,0,0,0,0
"DHX15",23,107,68,166,124,58,49,68,23,82
"LINC02473",3,3,2,8,4,1,4,0,2,2
"SOD3",1,38,41,25,31,43,31,29,12,54
"CCDC149",9,44,34,58,53,18,17,28,13,47
"LGI2",1,0,2,2,0,0,0,1,0,0
"SEPSECS",3,35,13,30,23,4,15,19,11,11
"AC104662.2",8,39,25,44,80,18,15,23,2,51
"PI4K2B",1,2,6,9,11,3,1,4,0,4
"ZCCHC4",2,15,16,19,19,7,4,16,3,20
"ANAPC4",9,34,51,86,67,31,18,32,20,41
"AC092436.2",1,1,0,1,1,0,0,1,1,0
"SLC34A2",0,0,0,0,1,1,0,0,0,0
"SEL1L3",23,79,74,189,98,21,34,44,18,73
"AC092436.4",0,0,1,5,0,0,0,0,0,0
"SMIM20",11,41,23,47,32,20,18,37,17,23
"LINC02357",0,0,0,0,0,0,0,0,0,1
"RBPJ",64,283,208,428,339,74,91,110,52,204
"CCKAR",0,0,0,0,0,0,0,0,0,0
"TBC1D19",24,117,109,150,185,48,68,96,21,149
"STIM2",61,183,218,482,487,90,92,219,56,271
"AC106047.1",1,1,1,1,3,0,2,5,1,0
"LINC02261",1,0,1,0,1,0,1,1,0,1
"AC007106.1",0,0,0,0,0,0,0,0,0,0
"AC109588.1",1,0,0,0,0,0,0,0,0,0
"AC097480.1",1,2,2,9,7,1,1,1,3,4
"LINC02364",0,0,2,0,2,0,0,0,0,0
"AC068944.1",0,0,0,0,0,0,0,0,0,0
"AC109349.1",0,0,1,0,0,0,1,1,0,0
"LINC02472",0,0,0,0,0,1,0,0,0,0
"PCDH7",109,663,666,1349,1151,228,194,329,174,699
"AC097716.1",1,12,10,6,11,3,0,5,0,22
"LINC02497",0,4,2,7,6,0,1,0,2,4
"LINC02506",2,0,2,4,6,0,12,2,1,14
"AC016687.3",0,2,5,4,2,1,0,2,2,3
"AC016687.2",1,25,29,84,35,6,1,5,2,25
"LINC02484",0,2,1,1,1,0,0,0,0,2
"AC093689.1",0,0,0,0,0,0,0,1,0,0
"ARAP2",137,713,481,1181,1283,395,409,688,275,851
"AC104078.1",3,15,11,2,13,4,2,4,3,7
"DTHD1",0,4,4,5,7,4,4,2,2,3
"AC104078.2",0,1,2,2,6,0,0,1,2,3
"LINC02505",0,4,0,0,2,1,0,0,0,1
"AL136537.1",0,1,1,3,2,0,1,0,0,0
"NWD2",5,14,38,50,49,4,5,7,4,9
"C4orf19",16,292,129,240,143,32,44,102,22,145
"RELL1",6,94,59,123,67,26,35,23,16,64
"PGM2",0,11,12,10,10,8,5,9,2,20
"TBC1D1",16,84,113,192,165,76,50,68,17,202
"LINC02513",0,0,0,0,0,0,0,0,0,0
"LINC01258",3,3,4,5,7,7,4,1,4,1
"LINC01259",0,0,0,0,0,0,0,0,0,0
"LINC02278",0,0,0,0,0,0,0,0,0,0
"AC021860.1",0,1,1,0,1,0,0,0,0,0
"KLF3",8,27,43,58,47,15,4,18,9,29
"TLR10",0,0,0,1,1,0,0,0,1,0
"TLR1",1,6,2,9,6,2,1,0,1,0
"FAM114A1",4,29,7,23,21,4,7,7,5,20
"TMEM156",0,0,7,4,4,0,1,2,0,2
"KLHL5",23,107,80,184,133,41,41,56,36,85
"AC079921.1",0,2,2,0,0,0,0,0,0,0
"AC079921.2",1,0,1,1,0,0,0,0,0,1
"WDR19",15,62,73,91,103,31,50,45,28,61
"RFC1",27,100,97,110,125,53,54,71,27,69
"KLB",0,0,1,2,2,0,0,0,1,3
"RPL9",3,4,7,5,5,3,4,2,2,4
"LIAS",7,30,29,32,50,14,15,18,6,57
"UGDH",5,24,21,17,24,6,3,3,2,13
"UGDH-AS1",13,71,82,132,103,20,23,36,14,110
"SMIM14",37,106,116,171,198,26,44,57,19,124
"AC108471.2",3,9,7,9,6,4,4,5,5,9
"UBE2K",49,224,199,347,256,75,51,117,41,227
"PDS5A",37,160,162,257,298,88,75,128,34,238
"N4BP2",3,19,20,48,44,23,22,23,2,25
"RHOH",0,1,2,2,9,0,0,2,0,1
"LINC02265",1,4,1,2,2,0,0,2,0,1
"CHRNA9",0,0,0,1,0,0,0,0,0,0
"RBM47",2,5,9,16,20,3,2,3,3,9
"NSUN7",3,0,2,4,6,3,6,3,0,6
"APBB2",65,195,192,361,278,54,40,34,30,123
"AC131953.1",0,1,1,1,1,0,0,0,0,1
"UCHL1-AS1",0,0,1,2,2,0,0,0,0,2
"UCHL1",72,163,209,246,184,30,30,41,13,29
"LIMCH1",173,941,661,1177,1044,218,233,302,129,634
"AC105389.2",0,1,0,0,1,0,0,0,0,0
"AC105389.3",0,0,0,1,1,1,0,0,0,0
"LINC00682",0,0,0,0,0,0,0,0,0,0
"AC108210.1",0,0,1,0,0,0,0,0,0,0
"TMEM33",13,41,45,67,67,32,29,41,23,55
"DCAF4L1",0,1,3,7,8,2,0,2,0,2
"AC106052.1",0,1,1,1,2,0,1,1,0,3
"SLC30A9",29,121,105,136,123,26,39,74,28,119
"BEND4",0,0,0,1,4,0,1,0,0,0
"AC111006.1",0,3,7,10,1,2,0,5,0,3
"AC024022.1",0,1,0,0,2,2,0,0,0,3
"SHISA3",0,0,0,0,0,0,0,0,0,0
"ATP8A1",119,388,361,654,584,174,134,193,79,318
"GRXCR1",1,0,0,1,2,0,2,0,0,0
"AC111198.1",0,0,0,0,0,0,0,1,1,0
"LINC02383",0,0,0,1,0,0,0,0,0,0
"AC110799.1",0,0,0,0,0,0,0,0,0,0
"LINC02475",0,0,2,7,7,3,5,4,0,11
"KCTD8",44,327,260,538,417,82,116,260,95,353
"YIPF7",2,8,10,9,9,7,2,7,4,9
"GUF1",7,15,22,38,22,8,12,14,10,28
"GNPDA2",5,26,30,60,62,20,12,34,8,41
"AC096586.1",0,0,0,2,0,0,1,1,0,1
"AC108467.1",0,0,0,0,1,1,0,0,0,0
"GABRG1",35,161,127,190,317,197,191,224,121,285
"GABRA2",150,717,397,596,723,180,259,393,94,597
"AC095060.1",8,10,7,4,6,3,4,8,7,4
"COX7B2",0,2,3,2,1,3,3,2,0,2
"GABRA4",3,38,41,54,46,8,12,9,7,18
"GABRB1",302,1762,955,1584,1955,631,1063,806,556,1774
"COMMD8",2,6,12,6,9,10,10,14,4,9
"ATP10D",16,61,51,104,94,33,36,68,26,96
"CORIN",0,7,8,9,12,0,2,2,1,9
"AC107068.2",5,27,34,34,32,7,5,12,1,38
"AC107068.1",1,3,3,5,4,1,0,2,1,2
"NFXL1",7,43,43,91,79,16,32,47,4,39
"NIPAL1",0,2,3,7,4,0,2,1,1,2
"CNGA1",0,1,2,1,1,0,1,0,0,0
"TXK",1,2,3,7,3,0,0,1,0,2
"TEC",0,3,1,4,10,0,1,4,1,1
"SLAIN2",12,79,42,88,96,29,35,68,14,74
"SLC10A4",1,1,1,2,1,0,0,1,0,1
"ZAR1",0,0,0,0,0,0,0,0,0,0
"FRYL",106,356,293,799,563,138,146,140,91,329
"OCIAD1",67,209,183,226,269,113,105,153,40,194
"OCIAD1-AS1",0,10,9,11,7,1,2,1,0,6
"OCIAD2",1,4,9,11,7,0,2,4,1,4
"CWH43",0,0,0,1,0,1,0,1,0,0
"DCUN1D4",48,206,219,416,298,74,101,171,67,184
"AC027271.1",0,2,1,3,2,0,1,1,0,0
"LRRC66",1,2,4,19,13,3,2,4,2,4
"SGCB",10,53,17,47,57,24,22,22,14,37
"SPATA18",0,0,2,0,1,0,0,0,0,2
"USP46",9,36,54,72,48,18,12,9,10,49
"USP46-AS1",1,1,2,0,1,0,0,0,0,1
"AC104066.2",1,2,0,1,0,0,0,0,0,0
"ERVMER34-1",1,0,2,5,1,0,3,0,0,0
"LINC01618",0,7,3,2,2,1,0,5,0,5
"RASL11B",2,8,9,6,5,0,1,2,0,1
"SCFD2",35,114,127,216,208,66,36,103,42,125
"AC023154.1",0,0,0,1,3,0,0,0,0,2
"FIP1L1",1,2,0,0,0,0,0,0,0,0
"AC058822.1",4,46,34,59,55,13,8,28,6,46
"LNX1",5,17,47,64,40,8,5,4,3,11
"AC110792.3",0,0,0,2,3,0,2,0,0,1
"CHIC2",16,57,54,72,91,24,21,51,18,58
"PDGFRA",1,1,0,5,3,1,1,0,3,0
"LINC02283",0,1,1,4,1,0,0,1,0,0
"KIT",3,5,6,16,16,2,5,1,2,0
"LINC02358",0,0,0,0,0,0,0,0,0,0
"AC111194.2",1,0,0,1,1,1,0,0,1,2
"KDR",0,1,0,2,0,1,0,0,1,1
"SRD5A3",5,23,13,13,22,5,2,5,5,9
"AC069200.1",0,0,1,1,1,0,0,0,0,0
"TMEM165",88,493,315,432,369,77,101,119,65,195
"CLOCK",37,133,170,227,261,41,50,72,28,129
"AC024243.1",0,0,0,0,2,0,0,0,0,2
"PDCL2",0,0,2,4,3,0,0,3,2,1
"NMU",4,3,1,2,3,0,0,0,0,1
"EXOC1L",0,0,0,0,0,0,0,0,0,0
"EXOC1",26,190,154,234,217,68,78,110,38,131
"CEP135",4,19,11,33,29,19,14,22,8,27
"KIAA1211",17,97,58,142,118,28,69,78,22,125
"AASDH",31,106,132,185,236,119,85,135,60,243
"AC068620.1",1,0,0,1,1,0,1,1,0,0
"PPAT",5,38,37,40,44,20,18,25,15,38
"AC068620.2",0,3,1,5,4,2,1,3,4,4
"PAICS",12,52,42,75,78,15,23,40,15,61
"SRP72",10,37,40,60,52,16,16,26,11,41
"ARL9",0,7,6,5,7,1,1,5,0,5
"THEGL",0,2,1,1,0,0,1,2,1,1
"HOPX",21,194,77,66,107,86,77,79,26,93
"SPINK2",0,0,0,0,0,0,0,0,0,0
"REST",12,49,26,65,66,23,34,52,10,61
"AC069307.1",0,0,0,0,0,0,0,0,0,0
"NOA1",5,13,8,8,15,4,3,10,1,16
"POLR2B",14,108,80,112,108,42,48,77,38,76
"IGFBP7",44,576,318,608,222,232,209,373,26,203
"IGFBP7-AS1",5,16,4,3,1,2,1,2,1,3
"LINC02380",0,0,0,0,0,1,0,0,0,0
"AC093725.2",0,2,3,2,1,2,0,1,3,2
"LINC02494",0,0,0,1,0,0,1,0,0,1
"AC017091.1",0,1,0,2,0,1,0,1,1,0
"LINC02429",0,0,0,0,0,0,0,0,0,1
"AC108517.1",0,0,0,0,0,0,0,0,0,0
"AC096588.1",0,1,0,3,0,0,0,1,0,1
"LINC02496",0,0,0,1,0,0,0,0,0,0
"LINC02271",0,0,0,0,1,0,0,0,1,1
"ADGRL3",322,1504,1602,3316,3146,733,1109,1597,525,2279
"AC020741.1",1,13,15,21,22,7,7,9,2,18
"ADGRL3-AS1",0,8,5,2,5,4,3,4,2,2
"AC097491.1",0,0,0,0,0,0,0,0,0,0
"AC093730.1",0,0,0,0,0,0,0,0,0,0
"TECRL",0,0,1,0,0,1,0,0,0,2
"LINC02232",7,8,22,33,24,1,5,0,2,10
"EPHA5",6,40,47,59,79,5,6,12,4,27
"EPHA5-AS1",0,0,2,6,3,1,1,1,1,4
"AC104137.1",0,1,0,0,0,0,0,0,0,0
"AC116049.2",1,8,1,1,0,3,1,7,4,4
"AC104806.2",4,26,41,105,74,25,17,23,8,42
"CENPC",13,114,70,113,132,66,59,62,37,77
"STAP1",0,0,1,0,3,1,2,0,0,0
"UBA6",33,138,114,186,171,62,77,82,33,130
"UBA6-AS1",79,139,393,666,380,101,95,214,49,381
"GNRHR",0,0,1,3,0,0,1,1,0,2
"TMPRSS11D",0,0,8,5,5,1,1,0,0,6
"TMPRSS11A",0,9,16,2,5,0,0,3,1,8
"TMPRSS11F",1,1,1,2,0,0,0,0,1,1
"YTHDC1",29,143,82,193,177,62,63,71,40,93
"TMPRSS11E",0,0,0,1,1,0,0,0,0,0
"UGT2B17",0,1,1,0,1,0,0,0,0,0
"UGT2B15",0,0,0,0,0,0,0,0,0,0
"UGT2B7",4,13,6,16,13,7,5,7,3,6
"UGT2B4",0,0,0,0,0,0,0,0,0,0
"SULT1B1",0,1,0,0,0,0,0,0,0,0
"PRR27",0,0,0,0,0,0,0,0,0,0
"SMR3B",0,2,0,0,1,1,0,1,0,0
"MUC7",0,0,1,1,0,1,0,1,1,2
"AMTN",0,0,0,0,0,1,0,0,0,0
"AMBN",0,2,1,0,1,0,1,0,0,1
"ENAM",0,1,1,0,0,0,0,0,0,1
"JCHAIN",0,3,1,2,1,0,1,2,1,2
"UTP3",1,23,3,37,19,10,5,16,6,6
"AC009570.1",0,3,3,1,0,0,0,1,0,0
"RUFY3",93,519,378,765,650,173,230,339,138,386
"GRSF1",8,56,47,81,68,35,22,39,15,47
"MOB1B",12,50,49,120,119,55,36,68,21,119
"DCK",2,1,8,15,13,18,3,8,5,7
"SLC4A4",223,1176,657,1746,1718,327,390,779,249,1332
"GC",0,1,1,0,1,0,0,1,0,1
"NPFFR2",0,1,0,6,4,0,0,1,0,3
"ADAMTS3",4,22,12,38,32,4,10,10,2,4
"AC095056.1",0,0,0,0,0,0,0,0,0,0
"COX18",3,22,13,25,19,8,6,10,4,23
"ANKRD17",71,445,347,879,746,207,239,398,144,499
"AC053527.1",53,178,194,255,260,46,60,86,66,232
"ALB",0,1,0,3,0,0,1,0,0,0
"AFP",0,1,1,3,0,0,1,1,2,2
"LINC02499",0,0,0,1,0,0,0,0,0,1
"RASSF6",1,0,1,0,1,0,0,0,0,1
"CXCL8",0,0,0,0,0,0,0,0,0,0
"CXCL6",0,0,0,0,0,0,0,0,0,0
"CXCL1",0,0,0,0,0,0,0,0,0,1
"PPBP",0,0,0,0,0,0,0,1,0,0
"CXCL5",0,1,0,0,1,0,0,1,0,1
"CXCL3",1,1,0,2,2,2,1,1,1,1
"CXCL2",1,0,2,3,1,1,0,6,0,2
"MTHFD2L",25,103,82,178,173,30,32,57,16,127
"AC093677.2",0,3,0,1,0,0,1,0,0,1
"EPGN",0,0,1,0,1,0,1,0,0,1
"EREG",2,0,1,1,0,0,0,0,0,1
"AREG",0,0,0,0,1,0,0,0,0,0
"AC239584.1",0,0,1,0,1,0,0,0,0,0
"BTC",0,0,3,1,5,0,0,0,0,0
"PARM1",4,19,21,35,32,4,4,3,1,5
"AC110760.2",0,0,0,0,0,0,0,0,0,0
"AC110760.1",0,0,0,1,0,0,0,0,0,0
"AC025244.1",0,6,3,4,2,0,2,0,1,0
"AC096759.1",0,0,5,2,0,0,1,1,0,1
"AC096759.2",0,4,1,1,1,4,0,1,2,4
"RCHY1",8,34,26,56,43,16,22,38,11,37
"THAP6",16,66,72,76,89,13,29,29,14,55
"ODAPH",1,0,2,3,1,3,0,2,0,1
"CDKL2",4,14,25,25,23,5,10,10,4,17
"G3BP2",16,118,122,186,103,21,19,44,16,41
"USO1",25,146,110,209,172,51,46,73,29,134
"AC110615.1",0,0,1,0,0,0,0,0,0,0
"PPEF2",0,1,1,2,4,0,0,0,0,0
"NAAA",4,16,24,16,24,4,6,10,1,18
"SDAD1",13,27,45,59,62,19,19,42,10,42
"AC112719.2",0,1,3,0,1,0,1,0,0,6
"ART3",7,10,23,24,36,7,4,6,3,5
"CXCL10",0,6,0,0,2,0,0,0,1,0
"CXCL11",0,0,0,0,0,0,0,0,0,0
"NUP54",10,54,49,87,82,35,34,37,15,59
"SCARB2",40,175,119,271,234,66,86,94,63,105
"FAM47E",0,1,3,2,1,0,2,1,2,5
"FAM47E-STBD1",1,6,7,7,13,2,3,2,4,6
"STBD1",0,0,0,0,0,0,0,1,0,0
"CCDC158",0,5,7,4,5,2,3,3,2,0
"SHROOM3",148,764,404,541,822,162,203,502,110,630
"AC107072.2",0,0,0,0,0,0,0,0,0,0
"AC107072.1",0,9,3,6,13,2,1,4,3,14
"SOWAHB",0,0,0,0,0,0,0,0,0,0
"SEPT11",35,291,135,230,271,45,60,91,17,136
"CCNI",51,231,167,309,292,99,85,120,45,227
"CCNG2",5,34,30,51,37,22,39,30,19,38
"AC092674.1",0,1,0,1,0,0,0,2,0,0
"CXCL13",1,3,4,5,4,2,0,5,0,7
"CNOT6L",11,89,63,144,101,28,39,49,21,78
"MRPL1",13,57,45,80,103,21,27,49,26,52
"FRAS1",7,27,77,82,56,11,10,11,7,20
"ANXA3",0,0,0,1,0,0,0,0,0,1
"LINC01094",10,54,91,124,153,34,14,75,26,137
"AC098818.2",0,2,4,5,4,1,1,2,1,8
"BMP2K",52,305,253,582,433,112,144,259,96,399
"PAQR3",18,81,124,154,130,29,41,69,9,152
"LINC01088",6,14,43,39,69,23,52,44,23,73
"NAA11",1,0,1,0,1,1,3,3,1,3
"LINC00989",0,0,1,0,1,0,0,1,0,1
"PCAT4",0,0,0,0,0,0,0,0,0,0
"ANTXR2",5,26,21,37,44,21,16,29,9,46
"AC021127.1",0,0,0,1,0,0,0,0,0,1
"PRDM8",3,13,13,29,10,3,1,7,0,5
"FGF5",1,0,5,7,1,1,1,2,0,0
"CFAP299",0,15,19,17,13,5,3,11,4,6
"BMP3",0,0,0,0,0,0,0,0,0,0
"PRKG2",1,4,17,10,7,2,1,0,0,4
"AC139722.1",0,0,0,0,2,0,0,0,0,0
"RASGEF1B",149,590,444,1215,895,2739,1278,2133,2857,1783
"AC124016.2",2,8,9,18,4,2,3,4,4,1
"HNRNPD",30,143,111,235,183,64,56,57,22,79
"AC124016.1",1,17,11,8,27,6,11,15,1,19
"HNRNPDL",88,264,434,523,415,174,158,255,78,578
"ENOPH1",8,43,49,59,45,14,9,25,8,27
"TMEM150C",31,152,88,106,142,33,60,67,22,131
"LINC00575",0,3,0,0,0,0,0,0,0,0
"SCD5",140,759,534,1090,989,344,275,508,198,667
"SEC31A",22,158,96,186,161,52,44,92,33,122
"THAP9",6,6,5,18,20,8,8,16,3,18
"LIN54",10,58,44,59,71,16,16,36,8,41
"COPS4",11,77,43,69,57,19,15,33,13,43
"PLAC8",0,0,1,4,10,0,0,4,1,1
"AC114781.2",1,5,4,8,6,1,3,0,2,6
"COQ2",0,1,12,6,7,3,1,6,4,10
"HPSE",0,0,1,3,1,0,1,0,0,1
"HELQ",6,23,36,48,50,11,10,26,8,33
"MRPS18C",9,64,37,31,40,15,17,37,8,48
"ABRAXAS1",3,22,11,9,18,5,4,9,6,20
"GPAT3",1,3,3,1,5,1,0,2,0,4
"AC021192.1",0,1,0,0,3,0,0,0,0,0
"CDS1",18,128,92,145,137,53,49,101,29,103
"WDFY3",80,510,372,698,715,193,252,344,151,492
"WDFY3-AS1",0,2,4,5,5,0,0,0,0,2
"ARHGAP24",139,819,565,799,966,325,501,621,270,1104
"MAPK10",322,1972,1486,3172,3009,745,1052,1317,580,2084
"AC104827.1",24,261,113,259,273,95,121,177,26,379
"PTPN13",62,454,236,621,568,185,282,294,118,471
"SLC10A6",0,1,3,4,4,1,1,2,2,0
"C4orf36",1,1,4,6,9,1,2,5,1,9
"AC093827.5",2,31,18,26,30,6,8,19,3,25
"AFF1",66,399,202,503,400,154,224,190,104,332
"KLHL8",14,94,54,83,117,29,22,35,19,60
"HSD17B13",0,2,4,2,10,7,2,3,2,5
"HSD17B11",9,35,33,22,45,23,19,16,15,34
"NUDT9",14,48,31,46,67,24,21,46,5,45
"AC112250.2",0,2,0,6,0,0,0,0,0,1
"SPARCL1",619,3800,2959,2560,2921,1590,1077,1595,587,2072
"AC093895.1",1,7,2,7,3,1,4,4,1,6
"IBSP",0,0,0,0,0,0,0,0,0,0
"MEPE",0,1,2,3,0,0,0,0,0,0
"SPP1",68,207,286,745,214,98,55,85,80,82
"PKD2",40,276,160,215,261,43,65,105,36,144
"ABCG2",1,1,3,3,4,1,0,0,1,1
"PPM1K",34,188,162,210,285,136,162,157,72,245
"AC107067.1",3,34,13,9,13,13,5,20,2,39
"HERC6",1,18,20,18,34,14,9,10,8,24
"HERC5",3,6,6,8,9,5,2,5,3,9
"PYURF",12,42,27,18,36,18,15,25,8,21
"AC098582.1",6,37,43,39,33,1,13,14,2,67
"HERC3",5,45,44,110,88,24,18,36,20,52
"NAP1L5",15,34,20,27,9,3,2,7,3,12
"FAM13A-AS1",5,20,27,82,41,8,7,8,5,27
"FAM13A",27,113,155,206,216,60,102,117,59,206
"TIGD2",0,1,0,0,2,0,1,0,0,1
"AC104785.1",0,2,0,0,0,0,1,2,0,1
"GPRIN3",0,8,5,12,14,1,1,0,1,4
"AC097478.1",14,40,50,35,53,7,5,10,2,6
"SNCA",36,92,115,150,147,22,24,29,6,41
"AC097478.4",0,0,1,0,0,0,0,0,0,0
"SNCA-AS1",0,0,0,0,0,0,0,1,0,0
"MMRN1",0,0,0,3,0,1,0,0,0,0
"CCSER1",39,267,362,471,430,41,57,54,40,108
"AC004054.1",0,0,0,0,0,0,0,0,0,0
"AC112695.1",0,0,0,0,0,0,0,0,0,0
"GRID2",28,137,171,344,372,91,48,57,50,67
"AC096746.1",0,1,2,10,6,0,1,1,1,4
"SMARCAD1",19,125,99,253,212,93,86,90,36,159
"HPGDS",2,2,4,2,2,3,1,4,0,2
"PDLIM5",54,523,237,569,496,147,202,292,106,387
"AC108067.1",0,1,1,1,1,0,0,0,0,1
"BMPR1B-DT",1,1,3,1,0,0,1,3,0,3
"BMPR1B",164,1296,482,1186,1195,350,467,691,272,857
"UNC5C",152,669,432,869,827,158,255,301,118,525
"AC106881.1",1,7,5,9,6,1,0,2,5,5
"LINC02267",2,4,5,7,9,4,4,2,4,9
"STPG2",35,129,121,256,297,94,140,92,63,178
"STPG2-AS1",1,2,3,3,4,4,0,2,0,4
"AC019077.1",0,1,4,3,5,0,1,1,0,3
"RAP1GDS1",49,256,238,430,393,105,118,188,54,219
"TSPAN5",119,336,396,618,563,92,153,166,77,312
"AC108159.1",0,1,3,1,1,0,0,1,0,1
"AC114811.2",2,3,3,11,4,2,2,4,2,4
"EIF4E",14,87,85,156,125,26,20,44,10,68
"AC019131.1",3,17,24,18,26,1,8,4,3,34
"METAP1",6,20,19,54,43,15,8,17,6,26
"AC019131.2",0,0,0,1,0,0,0,0,0,0
"ADH5",7,50,40,63,70,31,20,29,9,31
"AP002026.1",7,10,10,24,37,11,18,29,8,36
"ADH4",1,0,0,1,1,1,0,2,0,2
"ADH6",0,3,0,2,2,1,1,0,0,5
"ADH1B",0,0,0,0,0,0,0,0,0,0
"ADH7",0,0,0,0,0,0,0,0,0,0
"C4orf17",0,0,1,1,1,0,1,0,0,1
"TRMT10A",4,12,14,21,27,7,5,12,5,15
"MTTP",4,9,11,16,19,8,9,4,4,23
"AC083902.1",0,0,2,0,4,1,1,1,0,4
"C4orf54",0,0,0,0,1,1,0,0,0,0
"DAPP1",0,0,1,1,2,1,0,0,0,1
"LAMTOR3",3,18,15,15,20,13,11,30,1,19
"DNAJB14",28,165,126,274,213,67,78,164,57,137
"H2AFZ",27,56,73,65,64,43,33,100,9,38
"AC097460.1",5,19,21,12,20,2,6,5,1,24
"DDIT4L",0,8,14,43,27,10,8,20,2,14
"AP001961.1",0,1,0,1,0,0,0,3,0,1
"EMCN",1,7,3,4,3,1,1,6,2,5
"PPP3CA",118,1008,624,1316,1109,298,349,417,167,577
"AP001816.1",3,10,10,11,12,1,10,7,4,10
"BANK1",2,21,10,17,39,4,12,7,6,18
"AP002075.1",1,9,30,57,23,1,2,3,0,0
"SLC39A8",4,16,21,19,15,9,10,14,5,20
"AC098487.1",1,1,0,1,0,1,0,0,0,3
"AF213884.3",0,0,4,2,3,0,0,0,1,3
"NFKB1",17,120,98,229,182,35,60,72,35,104
"MANBA",20,43,59,98,84,25,30,35,18,58
"UBE2D3",44,264,193,334,315,100,115,150,40,249
"AC018797.2",9,37,22,56,38,14,17,18,6,20
"CISD2",19,38,54,52,50,18,20,35,10,59
"SLC9B1",15,62,26,29,37,5,7,9,4,28
"SLC9B2",7,71,50,105,80,19,22,48,12,28
"BDH2",1,11,14,22,10,4,7,6,1,20
"CENPE",0,4,4,7,8,2,1,3,0,1
"LINC02428",0,2,1,4,2,0,0,1,2,2
"AC105460.2",0,1,0,1,1,0,0,0,0,0
"TACR3",2,3,5,6,8,4,0,2,1,4
"LINC02503",0,2,0,0,1,3,0,1,0,0
"AC004052.1",2,2,5,8,11,1,2,1,3,2
"CXXC4",1,24,24,60,49,30,13,23,11,17
"CXXC4-AS1",7,29,46,48,47,7,7,13,1,21
"AC004053.1",0,6,12,6,4,3,1,1,0,6
"AC096577.1",0,5,2,5,7,3,0,2,1,4
"AC004069.1",0,0,0,1,1,0,0,0,2,3
"TET2",22,106,102,158,156,37,49,73,26,117
"TET2-AS1",0,0,0,0,0,0,0,0,0,2
"PPA2",40,170,179,421,327,85,102,147,52,280
"AC004066.2",0,0,0,0,0,0,0,0,0,0
"ARHGEF38",4,7,20,9,13,2,5,7,1,25
"INTS12",6,62,52,117,86,20,34,35,6,81
"GSTCD",15,61,57,94,76,16,30,32,12,50
"NPNT",3,1,23,88,45,7,20,7,3,52
"AC109361.1",1,10,9,15,7,3,4,5,3,8
"TBCK",59,240,233,391,388,105,135,258,93,265
"AIMP1",8,72,50,60,84,22,22,43,18,49
"DKK2",3,6,9,9,13,4,1,3,3,10
"AC104663.1",0,0,1,0,1,0,0,0,0,0
"PAPSS1",19,70,88,170,160,51,47,60,30,83
"SGMS2",2,11,15,15,15,7,5,6,4,5
"AC096564.1",25,38,69,64,79,20,22,14,13,36
"CYP2U1",5,14,31,50,40,11,21,24,7,14
"HADH",9,44,31,35,33,13,12,17,6,24
"LEF1",0,0,1,6,8,2,0,2,0,3
"RPL34-AS1",6,50,47,51,74,11,15,28,8,66
"RPL34",84,152,183,134,193,182,89,120,59,81
"OSTC",11,29,31,25,39,23,20,29,5,40
"ETNPPL",45,450,139,224,274,181,201,98,111,345
"COL25A1",6,23,28,29,31,8,4,8,3,31
"SEC24B-AS1",5,17,17,33,36,11,8,9,7,28
"SEC24B",24,145,116,224,197,51,57,90,29,114
"MCUB",2,8,13,9,15,3,5,6,4,9
"CASP6",1,6,16,12,22,5,6,10,2,27
"AC004067.1",0,0,0,0,0,0,0,0,0,0
"PLA2G12A",3,19,21,34,54,16,13,29,9,26
"AC126283.2",0,0,0,5,0,1,2,0,0,0
"AC126283.1",1,2,2,6,2,1,1,2,0,2
"GAR1",7,16,14,33,28,8,7,9,11,10
"RRH",0,6,4,26,18,3,3,5,1,3
"LRIT3",1,0,1,4,4,0,0,2,1,1
"EGF",0,5,30,36,37,17,16,47,10,16
"ELOVL6",20,87,90,112,139,30,25,76,22,105
"ENPEP",0,4,5,6,3,3,0,1,1,5
"AC083795.2",0,0,1,0,0,0,0,1,0,0
"AC139718.2",0,0,0,0,0,0,0,0,0,0
"AC004704.1",0,2,1,0,2,0,1,1,0,1
"FAM241A",4,8,9,12,13,3,2,4,2,7
"AC109347.1",0,2,3,1,6,2,0,3,0,4
"AP1AR",3,18,20,41,22,6,11,13,3,14
"AC109347.2",0,0,0,0,0,0,1,1,0,0
"TIFA",0,0,0,4,3,0,0,0,0,2
"ALPK1",1,5,9,20,9,5,6,2,4,3
"NEUROG2",0,0,0,0,0,0,0,0,0,0
"AC023886.1",0,1,4,2,1,0,0,0,1,3
"ZGRF1",8,24,37,33,40,16,10,14,8,28
"LARP7",29,125,129,251,291,129,58,164,37,120
"AC106864.1",0,1,0,0,0,0,0,0,0,0
"AC106864.2",0,1,0,1,0,0,0,0,0,0
"ANK2",478,2541,2020,4157,3818,890,1164,1413,737,2611
"AC017007.5",1,1,6,7,8,1,3,2,1,1
"AC093879.1",5,104,90,82,81,10,30,59,2,164
"CAMK2D",54,208,186,324,357,77,116,166,74,224
"ARSJ",9,49,55,82,64,24,22,39,16,77
"UGT8",51,94,104,220,158,32,35,19,25,56
"NDST4",0,2,4,6,6,3,1,1,0,5
"TRAM1L1",3,11,6,1,10,2,3,2,3,5
"LINC02262",0,1,1,4,1,2,0,2,0,0
"LINC02263",1,2,2,0,4,0,0,0,0,1
"LINC01378",7,34,61,60,94,5,8,7,4,26
"LINC02264",0,0,0,0,1,0,0,0,0,0
"NDST3",7,38,66,96,63,8,6,15,6,18
"SNHG8",20,33,40,19,53,28,10,24,5,11
"PRSS12",1,5,5,3,2,0,0,0,0,2
"AC110079.2",2,6,19,8,8,5,2,7,1,14
"METTL14",4,52,29,48,58,17,16,32,12,38
"SEC24D",3,28,24,27,37,9,2,12,8,16
"SYNPO2",8,31,45,58,74,12,14,12,7,24
"MYOZ2",0,2,0,2,2,1,0,2,1,2
"USP53",12,245,98,148,180,58,88,80,39,151
"C4orf3",11,40,36,49,36,27,14,41,6,39
"AC093752.3",0,2,2,0,0,0,0,0,0,0
"AC093752.2",0,0,0,1,0,0,0,0,0,0
"PDE5A",45,310,359,477,470,91,113,205,34,375
"LINC02502",0,1,0,0,1,0,1,0,1,0
"MAD2L1",1,7,5,2,3,1,0,2,0,3
"AC108866.1",56,273,264,382,399,45,132,83,48,376
"AC025741.1",0,0,0,1,0,0,0,0,0,1
"PRDM5",9,88,65,137,114,26,46,74,9,90
"NDNF",1,0,0,7,5,1,6,4,4,1
"TNIP3",0,0,1,2,0,0,0,0,1,0
"QRFPR",0,1,2,1,0,0,0,0,0,0
"ANXA5",5,45,19,47,35,28,22,31,12,28
"AC079341.3",0,0,0,0,0,0,0,0,0,0
"AC079341.1",0,0,0,1,0,0,0,0,0,0
"EXOSC9",4,17,10,10,13,9,9,4,3,5
"CCNA2",1,1,4,7,5,7,3,12,3,5
"BBS7",13,44,40,42,37,8,14,24,2,51
"TRPC3",2,5,3,3,3,0,1,1,0,2
"KIAA1109",74,378,313,617,550,220,255,255,140,340
"ADAD1",0,0,1,0,0,0,0,0,0,0
"IL21",0,0,0,0,0,0,0,0,0,0
"IL21-AS1",0,0,0,2,0,0,0,0,0,1
"BBS12",1,8,4,1,7,1,2,2,1,4
"FGF2",34,366,133,402,249,85,126,123,69,194
"AC021205.3",0,0,3,0,0,1,2,0,0,1
"NUDT6",6,79,30,27,35,13,27,24,11,85
"SPATA5",26,49,93,193,116,40,63,92,31,85
"SPRY1",4,16,28,17,29,11,4,16,2,26
"AC093821.1",0,0,0,1,0,1,0,0,0,0
"LINC02435",0,1,0,0,0,0,0,0,0,0
"LINC01091",0,11,5,7,8,5,1,5,3,5
"AC121154.1",0,3,0,4,5,1,0,6,0,5
"LINC02516",0,0,0,0,1,0,0,0,0,2
"ANKRD50",4,14,14,38,33,9,10,13,4,14
"FAT4",16,29,22,35,35,13,8,17,8,13
"AC105919.1",1,1,1,3,2,0,0,0,1,2
"AC096773.1",0,1,0,0,0,1,0,3,1,1
"AC093772.1",0,3,2,1,0,1,0,2,2,2
"INTU",84,357,222,417,422,116,154,233,85,378
"SLC25A31",0,1,4,2,4,0,0,0,0,2
"HSPA4L",8,89,58,64,99,40,24,82,7,57
"AC093591.2",0,1,0,0,1,0,1,1,0,0
"PLK4",0,1,2,0,4,1,0,1,1,2
"MFSD8",8,51,42,67,68,11,21,16,8,41
"ABHD18",37,148,123,154,161,52,46,54,31,154
"LARP1B",24,111,120,194,188,46,27,74,37,90
"PGRMC2",6,38,42,84,67,21,19,26,13,38
"AC108062.1",13,43,74,115,113,33,34,52,14,119
"AC110609.1",0,0,0,0,0,0,0,0,0,0
"AC078850.2",1,3,0,1,1,0,0,0,0,0
"JADRR",0,0,0,0,0,0,0,0,0,0
"JADE1",10,66,45,92,64,35,20,51,17,46
"SCLT1",45,171,149,197,246,53,56,80,50,172
"C4orf33",2,13,11,8,14,4,5,4,2,20
"LINC02466",0,0,0,0,0,0,0,1,0,0
"LINC02465",1,2,0,6,1,2,1,1,1,1
"LINC02479",0,0,0,0,0,0,0,0,0,1
"LINC02377",0,0,1,0,1,2,0,0,0,0
"SNHG27",0,1,3,4,1,1,1,3,1,3
"AC096711.2",13,73,56,210,125,41,25,78,29,111
"AC096711.3",1,3,0,1,2,0,1,0,0,1
"LINC01256",1,4,1,2,1,1,1,4,1,5
"AC115622.1",24,63,106,119,111,29,36,47,23,105
"AC110751.1",0,0,2,3,2,0,1,1,0,0
"AC105383.1",11,71,53,69,96,29,35,50,16,86
"PCDH10",20,80,70,150,157,54,41,83,31,87
"AC079380.1",0,0,2,1,2,0,0,0,0,0
"AC109830.1",1,0,0,0,0,0,0,0,0,0
"LINC02462",0,0,0,0,0,0,0,0,1,0
"AC093722.1",0,1,0,0,0,0,0,0,0,1
"AC107463.1",0,3,2,2,2,3,6,3,1,3
"LINC02485",0,0,0,0,0,0,0,0,0,0
"LINC00613",0,0,0,3,0,0,0,1,0,2
"AC018680.1",0,0,1,2,6,2,5,2,2,0
"LINC02511",3,7,5,1,2,2,1,3,0,2
"PCDH18",0,0,1,2,0,1,1,0,0,0
"LINC02172",0,0,0,0,1,0,0,0,0,0
"AC131956.2",0,0,1,2,0,0,0,0,0,0
"LINC00616",0,17,16,44,11,2,4,3,1,26
"SLC7A11",91,363,465,876,821,262,235,815,189,902
"LINC00498",0,9,28,26,11,0,1,1,0,2
"LINC00499",302,1164,761,2219,1943,346,182,340,206,661
"LINC00500",19,75,56,210,155,28,9,12,15,30
"AC093766.1",0,1,4,1,0,1,0,0,0,3
"AC109927.1",8,19,64,78,78,15,10,27,11,54
"NOCT",7,56,24,21,27,3,5,8,4,33
"ELF2",35,362,229,448,393,109,125,165,73,238
"MGARP",0,2,1,2,4,3,3,1,3,5
"NDUFC1",12,45,53,63,40,51,22,52,19,38
"NAA15",16,126,141,154,205,44,45,75,16,118
"AC097376.2",30,185,160,209,323,55,67,138,47,214
"RAB33B",4,11,5,10,8,6,6,8,3,14
"SETD7",4,37,17,40,24,10,8,16,6,23
"AC112236.2",0,0,0,0,0,0,0,0,1,0
"AC112236.1",0,0,0,0,0,0,0,0,1,1
"MGST2",2,11,11,21,24,11,11,14,5,15
"MAML3",11,109,70,67,122,37,21,64,20,119
"AC131182.1",0,0,0,0,0,0,0,0,0,0
"SCOC",20,84,62,90,71,27,23,54,26,49
"SCOC-AS1",3,12,9,19,10,8,3,0,2,13
"CLGN",0,5,6,3,7,4,0,4,0,6
"MGAT4D",0,0,2,2,0,0,1,1,0,1
"ELMOD2",11,24,29,60,59,20,22,28,10,48
"UCP1",0,0,0,0,0,0,0,0,0,0
"TBC1D9",4,16,16,20,32,6,2,3,0,6
"AC096733.1",0,0,0,0,0,0,0,0,0,0
"AC096733.2",1,0,0,2,2,0,0,0,0,0
"RNF150",19,270,105,174,213,73,89,80,33,219
"ZNF330",4,17,28,27,21,7,9,16,6,16
"AC107220.1",0,0,0,0,0,0,0,0,0,0
"LINC02432",0,0,0,1,0,0,0,0,0,0
"IL15",0,0,3,6,10,1,1,7,0,3
"INPP4B",50,189,266,697,352,81,97,91,47,328
"AC139720.2",0,0,0,0,0,0,0,0,0,0
"AC139720.1",3,29,27,37,18,4,4,5,1,26
"AC104596.1",49,210,148,226,275,78,103,121,77,343
"USP38",0,19,18,33,30,10,11,17,5,21
"AC097658.2",1,14,5,2,8,2,2,4,0,2
"GAB1",82,353,310,578,579,150,190,182,78,256
"SMARCA5",15,81,54,73,98,39,31,58,13,53
"FREM3",0,6,2,7,2,3,1,3,1,4
"GYPE",0,1,1,3,3,0,0,1,0,3
"GYPB",0,1,3,0,0,0,0,0,0,2
"GYPA",0,0,0,2,1,0,0,0,0,0
"HHIP-AS1",1,12,13,19,18,4,4,5,4,12
"HHIP",33,160,117,256,144,41,25,42,21,86
"ANAPC10",20,101,87,173,152,33,39,58,30,83
"AC109811.1",0,0,2,2,1,0,0,0,0,0
"ABCE1",6,42,25,54,45,17,13,30,4,46
"OTUD4",5,61,52,120,82,26,20,41,19,49
"LINC02266",1,2,0,1,1,0,1,0,0,0
"SMAD1",16,217,94,222,205,88,103,99,40,136
"SMAD1-AS2",0,1,0,0,0,0,0,1,0,0
"SMAD1-AS1",0,1,1,0,0,0,0,0,0,0
"MMAA",2,10,6,10,21,9,5,16,7,12
"AC093864.1",0,3,0,3,1,0,0,0,0,1
"C4orf51",2,10,6,6,5,3,3,4,1,14
"ZNF827",33,161,124,223,241,40,74,85,42,157
"LSM6",15,78,34,70,51,29,26,46,7,39
"REELD1",1,3,0,1,1,0,0,0,0,0
"SLC10A7",16,96,74,109,126,30,50,57,33,95
"TTC29",1,5,6,7,18,6,10,6,2,27
"AC092435.1",0,0,0,0,0,0,0,0,0,1
"EDNRA",2,2,6,5,1,1,1,3,0,9
"LINC02507",0,2,0,0,1,0,0,0,0,0
"AC093835.1",3,2,1,3,4,1,1,2,1,10
"TMEM184C",7,44,39,37,57,17,17,31,14,47
"PRMT9",6,52,54,53,67,8,20,27,5,65
"ARHGAP10",2,11,11,19,22,5,3,2,6,10
"NR3C2",93,434,304,455,528,152,190,269,115,448
"AC069272.1",1,4,6,4,6,1,4,5,1,12
"AC108935.1",2,4,3,9,7,3,3,1,1,4
"AC108156.1",0,2,2,1,0,0,0,2,0,2
"LINC02355",6,22,17,20,23,1,3,14,5,20
"IQCM",1,4,6,9,8,8,10,46,3,14
"AC093893.1",0,1,3,0,0,0,1,0,0,2
"DCLK2",209,717,453,1000,907,159,190,352,128,511
"LRBA",66,208,250,631,527,126,136,225,90,363
"RPS3A",13,37,26,20,36,18,12,10,5,22
"SH3D19",51,219,172,254,231,33,46,67,35,107
"AC095055.1",0,0,0,1,0,1,0,0,0,0
"PRSS48",1,4,4,7,9,0,3,3,0,6
"AC104819.3",0,0,0,1,0,0,0,0,1,0
"FAM160A1",2,8,8,19,12,3,1,6,2,6
"AC092611.2",1,1,2,3,1,1,0,0,1,0
"GATB",9,44,33,50,42,11,10,19,15,25
"AC092611.1",0,0,0,0,0,0,0,0,0,0
"AC097375.2",0,0,1,0,0,0,1,0,0,0
"AC097375.1",0,0,0,0,0,0,0,0,0,0
"LINC02273",0,0,1,0,0,1,0,1,0,1
"AC079340.1",0,0,2,1,1,0,1,2,0,0
"AC079340.2",0,0,0,0,0,0,0,0,0,0
"AC080078.2",0,0,0,0,0,0,0,0,0,0
"FBXW7",54,206,253,373,328,73,89,130,45,191
"TMEM154",0,2,3,5,3,0,1,0,2,0
"TIGD4",4,13,21,29,27,7,6,8,4,30
"ARFIP1",28,111,68,165,142,39,35,69,20,95
"FHDC1",0,0,3,4,2,1,1,7,0,3
"AC093599.1",0,0,0,0,0,1,0,0,0,0
"TRIM2",167,582,420,764,711,150,172,186,135,355
"MND1",1,6,11,19,17,7,7,5,1,15
"TMEM131L",9,20,23,39,53,6,6,18,3,18
"TLR2",0,0,3,7,0,3,2,1,0,1
"RNF175",4,12,28,22,32,5,5,12,2,3
"AC020703.1",0,0,1,0,0,0,0,0,0,0
"SFRP2",3,0,3,1,2,0,0,3,0,2
"AC079298.3",1,10,8,8,12,1,1,2,1,3
"DCHS2",38,63,28,147,87,27,28,39,9,85
"PLRG1",11,23,36,42,37,9,18,18,7,24
"LRAT",2,3,5,5,6,4,4,11,1,4
"AC009567.1",0,0,1,0,0,0,0,0,0,0
"RBM46",0,1,1,0,1,3,0,1,0,1
"AC097467.3",0,10,7,1,6,2,0,2,0,2
"AC104407.1",0,0,0,0,0,0,0,0,0,0
"MAP9",12,75,42,66,75,18,16,45,14,36
"AC107208.1",0,0,0,1,0,0,0,1,0,0
"GUCY1A1",5,16,21,14,27,12,3,11,3,9
"GUCY1B1",5,51,29,62,66,15,18,16,8,21
"TDO2",1,4,5,1,5,2,2,4,0,3
"CTSO",10,21,17,16,26,2,8,4,12,16
"AC096736.1",0,0,0,0,0,0,0,0,0,0
"PDGFC",36,115,125,243,240,31,69,90,51,185
"AC092608.1",0,0,0,0,0,0,0,1,0,0
"GLRB",10,49,46,65,77,21,21,21,7,22
"GRIA2",155,758,770,1189,942,166,237,337,114,673
"LINC02433",0,1,1,0,1,0,0,0,0,0
"AC093817.1",0,0,0,0,0,0,0,0,0,0
"FAM198B",23,41,40,49,79,31,32,45,14,75
"FAM198B-AS1",45,163,62,133,191,78,95,326,92,404
"AC098679.1",0,0,0,0,0,0,0,0,0,0
"TMEM144",167,378,311,430,533,118,157,208,125,330
"RXFP1",6,32,34,40,39,3,1,6,3,10
"AC121161.2",0,0,0,0,1,1,1,0,0,0
"C4orf46",1,2,1,4,2,0,1,2,1,6
"ETFDH",36,219,120,136,181,47,62,70,33,150
"PPID",4,28,24,55,63,14,16,47,12,29
"FNIP2",24,103,137,274,173,19,39,52,19,65
"C4orf45",3,6,13,17,14,2,2,4,1,17
"RAPGEF2",43,229,290,589,481,99,137,193,71,293
"LINC02233",1,3,1,3,2,2,2,0,0,3
"LINC02477",0,0,0,1,1,1,0,1,0,1
"AC104793.1",0,0,0,0,0,0,0,0,0,0
"FSTL5",14,78,88,181,109,28,24,23,26,109
"AC023136.1",0,0,1,1,1,0,0,0,0,0
"AC005150.1",1,0,0,0,0,0,0,0,0,0
"AC022272.1",0,0,2,0,2,0,0,0,0,1
"NAF1",2,42,34,62,53,15,12,44,15,39
"NPY1R",1,9,19,29,21,5,0,1,1,8
"NPY5R",0,0,0,1,1,0,0,0,0,0
"TKTL2",1,0,1,0,0,0,0,0,0,0
"TMA16",3,27,21,8,18,7,7,12,2,9
"MARCH1",94,397,322,687,580,113,126,96,56,249
"AC093788.1",1,2,0,0,2,0,0,3,1,0
"SMIM31",1,1,4,1,5,1,1,3,0,3
"APELA",0,0,0,1,0,0,0,1,0,0
"TRIM61",0,6,5,2,5,1,2,1,1,9
"FAM218A",2,4,2,1,5,1,5,4,1,8
"TRIM60",0,2,0,0,0,1,0,0,0,0
"TMEM192",13,76,85,103,95,16,23,33,13,71
"KLHL2",19,113,71,150,128,22,34,38,10,49
"GK3P",2,3,3,0,0,1,2,1,1,2
"MSMO1",21,126,101,150,92,18,35,31,21,78
"CPE",309,1606,1141,2610,2260,1355,1056,1547,580,1245
"LINC01179",0,0,1,1,1,0,0,0,0,0
"TLL1",1,4,6,14,12,0,0,4,1,8
"AC097487.1",0,0,2,1,1,0,1,0,2,2
"SPOCK3",150,271,326,863,526,81,99,87,79,163
"AC116634.1",0,0,0,2,1,1,0,0,0,0
"ANXA10",0,2,1,1,2,3,0,3,0,8
"DDX60",2,22,8,16,18,5,9,13,6,16
"DDX60L",2,14,10,6,17,6,8,21,7,21
"PALLD",41,440,259,552,469,235,276,496,110,469
"AC080188.1",0,0,2,0,1,0,0,0,1,0
"CBR4",44,251,261,264,287,80,104,124,28,305
"SH3RF1",42,244,191,384,308,81,108,121,56,291
"AC096741.1",0,5,8,5,7,1,4,1,0,10
"NEK1",55,249,251,257,319,124,143,253,85,290
"CLCN3",24,155,127,223,189,74,78,121,37,129
"HPF1",9,48,47,42,50,28,25,35,8,29
"LINC02275",2,11,2,8,5,1,1,3,2,4
"AC084866.2",0,2,2,0,0,1,1,0,0,0
"AC084866.1",2,6,7,12,7,0,0,3,0,0
"MFAP3L",41,247,94,220,229,55,87,132,49,126
"AADAT",1,21,16,18,18,5,6,14,4,21
"LINC01612",0,0,0,0,0,0,0,0,0,0
"LINC02512",0,0,0,0,1,0,0,0,0,0
"LINC02504",0,0,1,0,1,0,0,0,0,1
"LINC02174",0,0,0,0,1,0,0,0,0,0
"GALNTL6",26,98,126,249,169,29,34,33,15,55
"AC105285.1",3,27,33,72,89,12,26,43,17,69
"GALNT7",24,122,113,249,240,50,73,84,51,141
"AC097534.1",0,6,7,7,5,4,3,2,0,3
"HMGB2",2,44,9,15,14,24,14,41,13,18
"AC097534.2",5,26,33,34,33,15,22,17,6,50
"SAP30",3,16,18,12,25,15,13,24,9,28
"SCRG1",37,282,122,152,214,239,144,285,39,364
"HAND2-AS1",0,5,7,9,4,6,3,4,2,2
"LINC02269",0,3,0,2,5,1,0,4,0,2
"AC106895.2",0,1,0,0,1,0,0,1,0,0
"LINC02268",0,1,2,1,2,0,0,0,2,0
"FBXO8",2,20,12,17,25,17,14,21,5,19
"CEP44",11,31,26,45,36,22,21,36,11,34
"AC116616.1",0,1,0,1,1,0,0,0,1,4
"HPGD",0,0,0,1,0,0,1,1,0,0
"GLRA3",3,9,22,16,16,3,3,5,3,2
"ADAM29",1,6,3,5,0,0,1,3,2,1
"AC105914.2",0,0,0,0,0,0,0,0,0,0
"AC095050.1",0,0,5,1,2,0,0,2,0,2
"GPM6A",1448,5712,4508,8792,10237,3141,3906,5892,2167,8422
"AC097537.1",0,10,17,7,14,2,1,6,0,20
"WDR17",44,188,161,270,335,94,135,199,70,187
"SPATA4",0,2,3,1,2,0,0,2,0,3
"ASB5",0,1,2,1,2,0,1,1,0,1
"AC019163.1",0,5,3,10,13,1,1,3,1,11
"SPCS3",11,35,36,57,47,14,17,22,17,38
"AC093801.1",0,3,3,3,4,2,0,3,0,2
"VEGFC",2,17,9,13,18,3,7,8,6,29
"AC092673.1",2,5,5,5,13,2,0,2,2,12
"AC097518.1",0,1,2,5,7,0,0,2,1,2
"NEIL3",0,0,0,0,0,1,1,0,0,0
"AC027627.1",1,1,1,1,0,0,1,0,0,3
"AGA",3,22,13,38,25,10,8,8,6,14
"AC078881.1",23,56,72,101,118,11,25,25,12,66
"AC103879.1",0,0,3,1,1,0,0,0,0,1
"LINC01098",15,14,30,56,14,4,0,4,5,8
"LINC01099",11,6,28,52,18,5,1,4,4,21
"AC020551.1",0,1,0,2,0,0,0,1,0,2
"AC104803.1",0,3,1,2,3,0,0,1,0,1
"LINC00290",0,7,5,9,8,5,0,6,0,0
"TEMN3-AS1",0,0,0,0,0,0,0,0,0,0
"AC098864.1",5,9,12,21,27,2,3,2,1,9
"TENM3",36,109,120,241,201,24,26,33,17,63
"AC079226.2",3,6,6,4,5,0,4,4,0,7
"AC079766.1",0,1,0,0,0,0,0,1,0,0
"DCTD",2,12,20,28,25,7,5,17,2,22
"WWC2-AS2",0,0,0,0,0,0,0,0,0,0
"WWC2",4,52,45,98,68,21,17,37,16,45
"WWC2-AS1",0,0,0,0,0,0,0,0,0,0
"CDKN2AIP",0,21,6,14,13,10,13,10,4,7
"AC107214.1",4,21,18,26,43,6,13,23,6,37
"ING2",2,22,17,16,24,8,8,12,1,11
"AC107214.2",0,0,0,1,1,1,0,2,0,3
"RWDD4",13,22,9,49,26,8,9,13,8,19
"TRAPPC11",9,77,51,75,79,22,21,37,17,48
"STOX2",25,120,105,195,159,27,18,40,24,76
"ENPP6",3,14,13,11,8,7,4,8,6,8
"LINC02363",0,1,0,5,0,0,0,0,0,0
"LINC02362",0,10,7,8,7,3,4,1,3,4
"IRF2",20,162,101,139,142,36,40,55,26,109
"LINC02427",9,36,17,14,20,7,9,15,4,38
"LINC02365",1,0,0,2,3,1,0,0,0,1
"CASP3",7,26,39,43,38,8,10,21,5,20
"PRIMPOL",14,55,55,44,68,13,25,33,14,59
"CENPU",0,0,0,2,0,0,0,1,0,0
"ACSL1",9,31,37,30,47,10,11,13,15,29
"AC084871.2",0,0,1,1,1,0,0,0,0,2
"MIR3945HG",0,1,0,2,0,0,0,2,0,0
"LINC02437",0,0,0,0,2,0,1,0,0,0
"LINC02436",0,1,1,3,2,1,1,2,0,2
"SLC25A4",17,58,64,46,43,27,16,19,9,31
"CFAP97",10,46,47,61,66,16,22,30,14,63
"SNX25",17,62,57,145,121,27,34,40,14,91
"LRP2BP",13,115,80,133,104,38,34,70,12,128
"AC112722.1",1,26,17,26,48,3,5,13,4,32
"ANKRD37",2,7,10,31,18,12,20,9,2,19
"UFSP2",10,64,45,72,70,31,18,28,5,48
"C4orf47",8,21,46,98,70,21,31,49,8,48
"CCDC110",0,3,4,8,9,2,1,1,1,2
"AC106897.1",1,0,0,0,0,0,1,0,0,0
"PDLIM3",11,113,41,50,57,23,24,44,17,53
"SORBS2",14,82,176,169,175,35,19,30,15,48
"AC093797.1",0,0,0,0,0,0,0,0,0,1
"AC108472.1",0,0,1,0,0,0,0,0,0,0
"TLR3",0,4,1,1,4,3,3,3,1,4
"FAM149A",3,17,15,17,21,5,5,6,1,18
"CYP4V2",11,53,26,29,48,14,23,22,7,63
"KLKB1",17,23,55,126,147,44,20,25,18,83
"F11",0,4,4,16,9,0,1,1,0,2
"F11-AS1",47,321,160,418,317,56,120,128,59,301
"AC018709.1",1,15,11,23,10,0,2,4,1,14
"FAT1",10,82,75,154,140,43,42,67,22,73
"AC110772.1",0,1,1,1,1,0,0,0,1,0
"LINC02492",0,2,1,5,2,0,0,1,0,1
"AC097521.1",1,2,2,3,3,2,2,4,1,2
"TRIML2",0,2,1,2,3,4,1,2,1,3
"TRIML1",0,2,0,0,2,0,0,0,0,0
"AC138781.1",0,0,0,0,1,0,0,0,0,0
"LINC01060",2,10,4,18,7,8,5,11,5,10
"AC093909.2",0,0,0,0,0,0,0,1,0,2
"LINC02508",0,0,0,0,1,0,0,0,0,0
"AC093909.4",0,1,2,0,0,0,0,1,1,0
"AC122138.1",0,0,0,0,1,0,2,0,0,0
"AF250324.1",0,0,0,1,0,0,0,0,0,0
"FRG1-DT",9,27,51,108,115,26,14,58,19,74
"FRG1",8,76,67,55,52,23,20,40,6,29
"DUX4",0,0,0,0,0,0,0,0,0,1
"PLEKHG4B",0,3,1,2,9,6,4,18,0,8
"CCDC127",4,20,19,24,20,14,11,18,4,17
"SDHA",18,71,56,105,74,25,27,45,21,61
"AC021087.1",0,1,3,1,2,1,3,0,0,2
"PDCD6",8,29,29,48,46,22,13,18,4,19
"AHRR",0,1,2,3,4,1,0,1,0,1
"EXOC3-AS1",0,9,8,6,10,3,3,5,2,16
"EXOC3",16,48,56,90,53,15,18,18,13,36
"SLC9A3",1,6,11,9,9,10,2,6,5,12
"AC106772.1",0,0,0,0,0,1,1,0,0,0
"CEP72",0,3,5,4,2,1,2,1,1,1
"TPPP",14,61,54,168,99,35,25,38,21,28
"AC026740.1",0,0,0,0,0,0,0,0,0,0
"ZDHHC11B",17,73,28,94,145,11,15,22,17,27
"ZDHHC11",10,11,8,24,48,10,5,16,9,22
"BRD9",20,67,102,104,125,19,13,51,15,30
"TRIP13",1,1,0,0,2,3,0,1,1,3
"AC116351.1",0,0,0,0,0,0,0,0,0,0
"AC116351.2",0,0,0,0,0,0,0,0,0,0
"NKD2",1,3,3,1,1,1,1,1,0,2
"SLC12A7",4,8,11,31,15,16,8,15,5,10
"SLC6A18",0,0,0,0,0,0,0,0,0,0
"TERT",0,1,0,0,0,0,0,1,0,0
"CLPTM1L",2,21,19,53,32,14,9,13,7,12
"LINC01511",0,2,0,1,0,0,0,1,0,0
"SLC6A3",0,0,0,0,0,0,0,0,0,0
"LPCAT1",8,28,16,56,54,29,25,33,10,26
"AC091849.2",0,2,3,0,1,0,0,1,0,0
"AC026412.3",0,2,9,2,5,4,4,4,1,1
"MRPL36",4,24,26,18,24,20,15,20,5,16
"NDUFS6",30,97,67,64,48,19,20,30,20,32
"IRX4",0,0,1,0,0,0,0,0,0,1
"AC126768.2",0,4,3,4,6,2,2,4,2,1
"AC126768.3",0,0,0,0,0,0,0,0,0,0
"AC091891.2",0,0,0,1,0,0,0,1,0,0
"IRX2",0,0,0,0,1,0,0,0,1,0
"C5orf38",0,1,0,0,0,0,0,1,0,1
"LINC01019",0,2,1,0,0,0,0,0,0,0
"AC106799.2",0,7,4,7,5,5,2,5,0,7
"LINC01020",0,0,0,0,1,1,1,0,0,0
"AC022424.1",0,0,2,1,1,0,0,1,0,1
"ADAMTS16",2,8,21,20,16,2,0,5,4,17
"AC022424.2",0,0,1,1,1,0,1,2,0,0
"ICE1",20,91,58,122,119,35,39,84,29,56
"AC010266.2",0,0,0,4,0,0,0,0,0,0
"LINC02145",0,5,1,6,3,1,2,4,1,4
"MED10",9,61,62,33,53,31,7,27,4,48
"UBE2QL1",3,18,19,33,26,5,2,3,1,5
"LINC01018",0,0,1,1,1,2,2,3,0,0
"NSUN2",16,53,24,34,43,12,12,25,8,29
"SRD5A1",2,17,17,12,28,2,5,13,3,21
"LINC02102",1,1,3,6,8,1,5,1,1,6
"TENT4A",4,53,36,81,48,11,11,27,5,32
"AC122710.2",0,0,0,0,0,1,0,0,0,0
"AC122710.3",0,0,0,0,1,0,0,0,0,0
"LINC02236",0,1,1,5,0,0,0,1,0,0
"AC122710.1",0,1,0,0,0,0,0,1,0,0
"LINC02196",6,7,9,6,5,3,4,9,2,7
"LINC02123",3,7,12,3,4,5,3,16,2,10
"ADCY2",234,2483,974,2137,2115,896,1091,1147,667,1732
"AC093305.1",4,56,19,31,23,5,6,9,6,31
"C5orf49",1,40,6,11,13,18,10,20,4,5
"MTRR",6,74,46,80,73,23,22,18,11,41
"FASTKD3",1,8,7,6,17,4,2,7,1,13
"AC025174.1",0,0,0,0,0,0,0,0,0,0
"LINC02226",5,18,9,12,9,1,1,2,2,16
"MIR4458HG",4,8,29,32,32,52,12,60,24,24
"AC091932.1",0,1,1,0,0,0,0,2,0,0
"LINC02199",1,4,2,12,8,3,0,2,1,2
"AC021088.1",1,1,0,3,1,0,0,0,0,5
"SEMA5A",27,36,48,50,53,16,12,21,5,28
"AC091906.1",0,0,2,0,1,0,0,0,0,0
"SNHG18",1,2,7,4,2,7,2,6,0,4
"TAS2R1",0,0,0,1,3,0,0,1,0,4
"LINC02112",3,8,21,18,22,3,7,11,2,18
"LINC02221",0,1,1,0,1,0,0,0,0,0
"AC034229.1",0,1,0,0,2,0,1,0,0,0
"AC034229.4",0,0,1,0,1,0,0,2,0,0
"FAM173B",11,33,39,44,66,14,15,22,10,40
"AC012640.1",1,2,2,2,5,1,0,2,0,3
"CCT5",9,33,24,62,48,24,19,38,7,19
"AC012640.4",0,0,0,2,0,0,0,2,0,3
"CMBL",0,13,16,15,20,8,10,23,4,11
"AC012640.2",0,0,1,0,1,0,0,1,0,1
"MARCH6",55,322,314,750,421,167,184,279,85,391
"ROPN1L",1,2,1,6,2,1,1,3,1,2
"LINC01513",0,1,0,0,1,0,0,1,0,0
"LINC02212",1,0,1,0,0,0,0,0,0,0
"LINC02213",0,0,2,0,0,0,0,0,0,0
"ANKRD33B",6,25,27,40,19,7,7,12,4,21
"DAP",3,16,17,20,27,5,7,12,7,22
"AC012629.2",0,0,0,0,0,0,0,0,0,0
"CTNND2",756,3599,2985,6997,6753,1102,1506,2624,974,4323
"AC106771.1",0,0,0,0,0,0,0,0,0,0
"LINC01194",0,3,2,1,1,1,3,0,0,2
"LINC02220",0,1,4,1,2,2,1,0,0,2
"DNAH5",1,8,8,12,24,3,7,10,0,4
"AC016576.1",1,0,2,4,2,0,2,1,2,5
"TRIO",84,800,473,1003,748,165,200,320,110,547
"OTULINL",1,3,4,5,8,0,0,0,0,0
"AC010491.1",0,5,3,8,9,1,4,1,0,6
"OTULIN",4,33,29,30,48,7,5,15,4,29
"ANKH",29,138,147,316,181,52,57,72,31,106
"AC016575.1",1,1,0,4,1,0,0,3,0,2
"LINC02149",0,1,6,2,5,1,5,0,1,4
"FBXL7",306,1396,1111,2329,2005,423,644,819,333,1616
"AC010638.1",0,1,2,0,1,0,0,0,0,1
"MARCH11",1,12,16,12,16,5,4,8,6,13
"AC016650.1",0,0,0,0,0,0,0,0,0,0
"AC092335.1",0,0,0,0,0,0,1,0,0,0
"LINC02150",1,1,8,11,4,2,1,5,0,2
"ZNF622",3,14,19,7,15,2,3,5,2,4
"RETREG1",50,109,98,166,130,21,32,30,14,58
"AC022113.1",0,1,0,1,1,0,1,0,0,0
"MYO10",60,309,255,470,472,120,102,224,84,295
"BASP1",45,178,197,327,213,41,29,32,10,41
"AC026790.1",0,1,0,2,0,1,0,0,0,0
"BASP1-AS1",8,31,33,67,69,7,1,4,3,18
"AC026785.2",1,2,0,1,0,0,0,1,0,0
"AC026785.3",0,0,0,0,0,0,0,0,0,0
"LINC02217",4,12,21,14,28,2,1,1,1,1
"LINC02218",0,1,2,0,2,0,0,0,0,1
"LINC02223",5,15,20,30,35,3,4,3,4,12
"LINC02100",1,1,2,2,0,0,1,2,0,1
"AC106744.1",0,1,1,3,1,0,0,1,0,4
"CDH18",17,120,223,285,264,33,34,33,16,78
"CDH18-AS1",1,1,1,1,2,0,0,1,1,0
"LINC02241",7,41,36,85,46,25,21,32,10,37
"AC093274.1",0,4,3,4,7,1,1,6,1,7
"AC091946.2",3,0,0,4,2,1,0,1,2,0
"AC091946.1",4,14,22,12,16,0,7,3,4,15
"CDH12",19,137,253,227,269,35,32,47,14,109
"PRDM9",0,1,1,1,1,0,1,1,0,0
"C5orf17",1,4,16,6,7,6,4,25,4,21
"CDH10",59,265,242,317,413,124,135,145,68,289
"AC091885.2",16,55,86,28,108,28,41,28,1,169
"LINC02228",0,2,2,1,7,0,2,1,1,1
"LINC02211",0,1,0,5,1,1,1,2,0,1
"AC099499.1",0,0,1,0,0,1,0,1,0,1
"AC022140.1",0,1,0,2,2,0,0,0,1,0
"AC113347.4",1,2,0,0,1,0,0,1,0,0
"CDH9",17,52,78,98,85,7,11,6,2,14
"AC113355.1",0,0,0,0,0,0,0,0,0,0
"PURPL",0,0,0,0,0,0,0,0,0,0
"AC008825.1",0,2,0,0,1,0,0,0,1,0
"LINC02109",0,1,2,0,0,0,0,0,3,0
"AC113386.1",1,2,3,2,6,1,1,2,0,2
"CDH6",4,13,16,13,24,0,0,0,1,2
"DROSHA",21,72,63,124,110,23,33,57,16,88
"C5orf22",12,37,40,33,36,7,12,25,7,33
"PDZD2",58,200,249,343,284,49,50,67,25,138
"AC022447.1",0,0,0,0,0,0,0,0,0,0
"AC025178.1",2,10,8,9,14,3,5,4,1,14
"GOLPH3",11,99,44,165,129,35,40,41,18,78
"AC025181.2",0,7,7,2,5,1,5,4,0,4
"MTMR12",9,53,42,88,80,19,26,26,17,39
"ZFR",44,267,181,294,270,83,97,151,66,218
"SUB1",34,79,84,99,104,43,31,47,18,60
"NPR3",1,1,1,4,3,1,0,0,0,4
"AC010343.3",3,4,7,3,2,3,3,8,0,16
"AC034223.1",0,0,0,1,0,0,0,1,0,0
"AC034231.1",0,5,4,0,2,0,1,0,0,2
"TARS",6,28,29,49,45,17,15,56,5,36
"ADAMTS12",0,7,6,0,5,0,1,2,0,2
"SLC45A2",1,3,4,6,7,1,1,5,2,8
"AMACR",0,2,1,1,0,0,0,0,1,2
"C1QTNF3-AMACR",20,119,113,168,172,50,66,75,38,114
"AC139792.1",0,0,0,1,0,0,0,0,0,1
"RAI14",11,44,51,71,82,11,18,17,11,73
"AC026801.2",0,0,2,2,1,0,2,1,0,1
"TTC23L",7,22,23,42,24,8,16,16,7,23
"RAD1",5,9,20,33,19,4,5,7,2,16
"BRIX1",3,26,51,45,41,13,8,16,7,47
"DNAJC21",10,28,27,68,57,14,23,31,21,45
"AGXT2",0,1,1,0,0,0,1,2,0,0
"PRLR",1,4,2,3,7,2,0,2,0,3
"SPEF2",7,50,28,62,57,17,17,23,14,38
"AC137810.1",1,4,4,0,7,1,1,2,0,2
"IL7R",1,1,0,0,1,0,0,0,0,0
"CAPSL",0,1,0,0,0,3,1,0,0,0
"UGT3A1",0,1,0,0,0,0,0,0,0,0
"UGT3A2",0,0,0,1,0,1,0,0,0,1
"LMBRD2",11,68,80,172,120,29,17,69,22,82
"SKP2",4,9,15,14,15,11,4,16,4,20
"NADK2",25,125,112,153,213,59,68,114,34,207
"RANBP3L",108,734,926,3089,1763,540,485,725,319,1304
"SLC1A3",768,9011,3081,6292,5738,1531,1668,2594,801,3892
"AC008957.2",40,844,294,314,258,34,54,76,8,227
"AC008957.1",0,35,20,12,17,4,3,6,0,9
"AC026741.1",0,1,1,6,2,0,0,0,0,1
"NIPBL",66,392,284,562,564,169,221,276,129,346
"CPLANE1",52,188,208,313,267,69,53,132,45,218
"NUP155",2,33,27,29,38,6,15,17,6,32
"WDR70",45,222,231,416,382,85,92,191,55,238
"GDNF-AS1",0,8,5,3,4,0,1,2,1,2
"GDNF",2,2,0,2,1,0,0,0,0,2
"LINC02117",1,0,2,0,1,0,0,0,0,1
"AC034226.1",0,0,0,0,0,0,0,0,0,0
"LINC02107",0,2,1,1,0,1,0,1,0,1
"EGFLAM",0,2,3,1,3,2,1,4,1,5
"LIFR",118,779,370,912,813,318,491,530,201,820
"LIFR-AS1",4,48,26,23,21,9,12,7,6,32
"AC010425.1",0,1,0,0,0,0,0,0,0,0
"OSMR-AS1",13,210,55,149,144,21,41,50,14,84
"OSMR",4,227,39,202,95,28,51,57,14,40
"RICTOR",45,228,182,401,308,91,110,132,55,218
"FYB1",2,22,16,17,23,13,3,7,4,9
"C9",0,1,0,0,0,0,1,0,0,0
"DAB2",0,4,5,3,5,3,1,2,0,1
"LINC00603",0,0,0,2,2,1,1,1,1,4
"LINC00604",0,0,0,0,0,0,0,0,0,0
"TTC33",5,43,40,86,55,17,24,31,6,40
"PTGER4",0,0,0,2,1,0,0,0,0,0
"PRKAA1",16,89,51,74,73,17,10,35,14,58
"RPL37",26,73,76,85,100,66,24,52,30,42
"CARD6",0,0,0,0,1,0,0,0,0,0
"C7",0,0,0,3,2,2,0,0,0,0
"MROH2B",0,0,0,4,1,0,0,0,0,0
"C6",4,12,9,21,13,15,18,21,4,22
"PLCXD3",2,22,35,51,27,9,5,5,2,12
"OXCT1",7,68,70,91,83,17,23,25,13,49
"C5orf51",2,26,25,35,44,11,20,28,9,39
"FBXO4",2,20,6,24,19,8,6,9,2,9
"GHR",6,36,39,50,58,17,12,8,8,30
"CCDC152",2,10,10,19,14,14,8,10,4,11
"SELENOP",56,184,194,288,187,198,169,113,80,138
"AC008945.1",0,0,0,0,1,0,0,0,0,3
"AC008875.1",1,1,0,1,2,0,0,1,0,0
"AC025171.3",0,0,1,0,1,0,0,0,0,0
"ANXA2R",0,0,1,0,0,0,0,0,0,0
"AC025171.2",0,0,0,0,2,0,0,1,0,0
"AC025171.4",0,2,0,3,1,0,2,1,1,1
"ZNF131",43,182,149,221,233,42,35,112,40,181
"NIM1K",24,86,84,180,161,33,40,32,23,96
"AC114947.2",0,4,8,3,10,1,0,1,0,4
"HMGCS1",23,67,61,73,48,10,12,11,4,48
"CCL28",2,2,3,0,2,0,4,2,1,3
"TMEM267",19,64,87,83,86,21,19,58,12,91
"C5orf34",0,7,7,4,3,0,2,1,1,7
"AC114956.2",0,1,2,7,3,1,0,1,2,1
"AC114956.1",2,1,3,4,3,2,0,2,0,2
"PAIP1",1,42,36,57,57,21,18,17,6,38
"NNT-AS1",12,89,111,125,131,26,33,53,30,62
"NNT",28,156,91,185,144,28,48,84,34,134
"AC104119.1",0,0,0,0,0,0,0,0,0,0
"FGF10",0,2,2,1,6,1,0,2,0,1
"FGF10-AS1",0,1,0,1,0,0,1,0,0,0
"LINC02224",0,1,0,0,0,0,0,0,0,0
"AC093292.1",0,0,0,0,0,0,0,0,0,0
"MRPS30-DT",13,42,53,50,81,13,16,22,12,39
"AC093297.1",0,3,2,1,0,0,0,0,0,1
"MRPS30",2,22,20,26,35,7,6,20,4,27
"AC093297.2",1,9,7,22,16,8,7,13,5,15
"AC114954.1",0,0,0,0,1,0,0,0,0,0
"HCN1",11,56,142,152,159,13,15,11,7,31
"AC122694.1",0,4,2,4,1,2,1,5,0,3
"EMB",0,2,7,17,11,0,0,0,0,1
"PARP8",11,51,100,128,126,28,25,36,13,44
"LINC02118",1,0,0,0,0,1,0,0,0,0
"AC022126.1",0,4,2,4,4,1,1,1,0,1
"ITGA1",0,10,6,12,14,3,4,4,0,15
"AC025180.1",2,1,1,3,2,3,2,4,1,3
"ITGA2",31,46,51,63,47,7,17,7,9,30
"AC008966.2",0,0,0,4,0,0,1,2,1,0
"MOCS2",12,19,17,25,29,17,17,14,4,15
"AC008966.1",1,1,1,2,6,5,3,5,1,5
"FST",0,1,0,0,0,0,0,0,0,0
"NDUFS4",31,121,88,127,112,39,40,72,29,102
"LINC02105",0,1,1,1,0,0,0,2,1,3
"AC025175.1",0,0,0,2,0,0,0,0,1,0
"ARL15",27,97,143,237,200,38,44,50,23,100
"LINC01033",0,5,4,7,0,1,0,3,6,4
"HSPB3",1,2,3,0,3,0,0,0,0,0
"SNX18",6,17,20,23,28,9,13,11,12,24
"ESM1",0,2,0,1,1,1,1,1,0,0
"GZMK",0,0,0,0,1,0,0,0,0,1
"GZMA",1,0,0,0,1,1,0,0,0,0
"CDC20B",0,1,1,0,0,0,0,0,0,1
"GPX8",0,0,0,0,2,0,0,0,0,0
"CCNO",1,3,1,0,0,1,0,2,0,0
"AC026704.1",4,19,17,15,21,2,6,13,1,22
"DHX29",20,105,104,135,148,42,36,94,15,104
"MTREX",34,124,99,151,149,41,41,46,30,127
"PLPP1",57,299,368,999,615,123,127,228,91,522
"SLC38A9",17,95,83,111,153,34,44,51,23,76
"DDX4",0,5,7,1,5,0,0,1,3,5
"IL31RA",0,1,0,3,2,0,0,1,0,0
"IL6ST",26,249,143,328,256,132,132,187,62,199
"AC008914.1",0,7,1,6,1,0,0,3,0,0
"AC008892.1",2,29,38,54,19,12,6,19,5,47
"ANKRD55",6,9,5,8,8,0,1,4,0,10
"AC034245.1",0,0,0,0,0,0,0,0,0,0
"LINC01948",0,1,0,3,0,0,1,0,1,0
"C5orf67",1,1,1,3,1,1,0,0,0,0
"MAP3K1",7,24,26,59,49,15,12,24,6,38
"AC008937.2",2,1,4,1,3,2,1,4,1,7
"AC008937.1",0,0,0,0,0,0,0,1,0,0
"SETD9",3,7,8,8,0,4,2,4,0,6
"MIER3",3,19,11,27,31,14,13,16,9,16
"AC008937.3",0,1,1,0,0,0,0,0,0,0
"AC016644.1",0,3,1,3,0,2,0,1,0,1
"GPBP1",83,261,223,475,357,140,152,209,70,349
"AC025470.2",1,1,1,1,1,0,0,0,0,0
"AC008780.1",0,2,0,3,3,0,2,2,1,3
"AC008780.2",5,6,4,2,2,1,1,0,0,0
"PLK2",3,19,20,23,19,5,2,10,2,9
"GAPT",0,0,0,0,0,0,0,1,0,0
"LINC02108",0,1,1,2,0,2,0,0,0,1
"RAB3C",7,39,37,101,69,16,9,17,3,15
"AC016642.1",0,1,1,0,3,0,0,1,0,0
"AC008852.1",0,0,0,1,1,0,0,0,0,0
"PDE4D",400,1441,1437,2641,2483,496,604,915,348,1199
"AC092343.1",2,15,18,28,21,0,0,2,1,8
"AC034234.1",0,0,0,0,0,0,0,1,0,1
"PART1",2,25,28,27,24,4,3,2,0,6
"DEPDC1B",0,7,2,5,5,0,4,1,1,1
"ELOVL7",4,20,21,27,25,5,8,3,8,17
"AC104113.1",0,0,0,0,2,0,0,2,0,2
"ERCC8",14,50,48,76,90,34,28,57,20,72
"NDUFAF2",13,101,71,95,99,23,21,36,13,71
"SMIM15",1,12,7,8,9,6,2,9,1,12
"SMIM15-AS1",8,18,25,15,34,5,13,11,9,34
"LINC02057",0,0,0,0,0,0,0,0,0,1
"ZSWIM6",217,852,759,1683,1458,373,453,468,252,1289
"AC026746.1",1,2,4,4,10,0,0,2,0,3
"KIF2A",33,139,141,320,305,86,67,110,61,194
"DIMT1",2,13,22,27,23,12,10,16,5,19
"IPO11",8,44,48,82,60,15,24,38,12,51
"HTR1A",0,0,0,0,0,0,0,0,0,0
"RNF180",20,124,74,119,134,35,41,75,26,91
"RGS7BP",6,19,29,59,33,6,1,5,2,9
"SHISAL2B",0,0,0,0,0,0,0,0,0,0
"SREK1IP1",8,59,28,77,105,23,24,52,12,40
"CWC27",28,148,129,209,242,72,81,142,50,173
"AC092354.2",0,0,0,0,0,0,0,1,0,0
"AC092354.1",0,0,0,0,0,1,0,0,0,0
"ADAMTS6",3,14,24,23,37,2,5,4,3,8
"CENPK",1,2,2,3,1,0,0,0,0,4
"PPWD1",13,71,48,61,76,23,28,42,12,60
"TRIM23",10,79,46,77,93,18,29,30,13,39
"TRAPPC13",27,116,91,107,119,25,41,60,20,117
"SGTB",0,33,28,36,24,13,7,18,6,21
"NLN",9,63,53,72,57,13,28,34,13,40
"AC010359.1",0,1,5,2,1,0,2,2,0,0
"ERBIN",122,1370,764,2222,1395,457,713,843,249,1004
"SREK1",26,130,123,382,226,72,91,128,46,172
"AC113378.1",0,0,0,1,0,0,0,1,0,1
"MAST4",146,831,649,1130,1043,263,349,466,178,784
"MAST4-AS1",0,0,1,0,0,0,2,1,0,3
"CD180",0,1,1,0,3,2,0,1,0,0
"AC112206.2",3,18,24,25,62,16,13,12,16,54
"LINC02242",1,0,0,0,0,1,0,0,0,0
"AC106798.1",0,5,1,3,6,1,0,4,0,1
"LINC02219",0,0,1,0,0,0,0,0,0,0
"PIK3R1",68,262,316,646,501,78,87,171,72,299
"AC010280.2",0,1,2,1,3,0,1,0,1,1
"AC010280.3",0,0,0,0,0,0,0,0,0,0
"AC010280.1",0,0,0,1,1,0,0,0,0,0
"AC093523.1",1,22,21,32,38,14,16,39,10,42
"LINC02198",3,8,17,32,29,9,10,25,6,23
"AC010273.2",5,9,10,9,34,24,16,36,10,15
"SLC30A5",15,53,64,66,64,8,15,40,9,55
"AC010273.1",2,4,10,5,2,1,1,4,0,6
"CCNB1",0,2,4,5,5,2,1,3,0,1
"CENPH",0,2,3,2,2,1,0,3,0,0
"MRPS36",8,63,46,20,53,47,20,55,10,64
"CDK7",4,28,27,30,32,13,9,15,5,27
"CCDC125",7,19,54,52,43,8,14,16,9,73
"AK6",13,36,36,63,42,28,18,47,7,44
"RAD17",12,42,26,52,43,15,18,27,8,51
"MARVELD2",1,3,2,1,1,3,0,4,0,3
"AC145146.1",0,3,0,2,1,0,0,2,0,3
"OCLN",3,7,17,30,11,24,23,17,9,32
"GTF2H2C",9,23,32,70,74,61,40,56,18,87
"SERF1B",1,1,1,3,1,1,2,2,0,1
"SMN2",1,1,2,3,2,1,0,0,1,3
"AC146944.4",0,0,3,2,1,1,0,1,0,2
"SERF1A",0,0,0,1,1,0,0,0,0,3
"SMN1",0,2,0,1,1,1,0,4,1,1
"NAIP",34,194,142,351,352,62,55,149,63,149
"GTF2H2",4,30,34,69,59,44,40,50,17,147
"LINC02197",1,2,6,7,1,1,1,1,0,2
"BDP1",33,123,113,179,190,35,46,103,31,95
"MCCC2",11,67,47,70,83,14,27,31,10,68
"CARTPT",3,13,1,6,10,1,0,1,0,0
"MAP1B",96,346,449,571,468,66,72,104,59,110
"MRPS27",21,81,67,104,99,22,31,44,17,68
"PTCD2",9,18,25,42,45,8,10,11,7,36
"ZNF366",0,0,1,0,1,1,0,0,0,0
"LINC02056",1,2,0,2,5,1,2,0,2,5
"AC063979.2",7,5,1,5,14,4,8,5,2,11
"AC035140.1",3,0,7,2,5,6,3,6,5,5
"TNPO1",19,127,112,183,180,35,41,68,28,95
"AC008972.1",0,0,1,0,0,0,0,1,0,0
"AC008972.2",1,0,0,0,0,0,0,0,0,0
"FCHO2",18,63,66,94,105,45,41,50,27,63
"TMEM171",0,5,1,3,3,0,0,0,0,0
"AC116345.1",0,1,1,0,0,0,0,0,0,0
"FOXD1",0,0,0,0,1,0,0,0,0,0
"LINC01386",0,1,1,0,0,0,1,1,0,0
"AC099522.2",3,9,10,3,8,2,3,4,1,7
"BTF3",14,70,41,20,62,29,20,33,13,32
"ANKRA2",12,36,52,50,59,14,9,37,10,41
"UTP15",3,3,8,6,14,2,1,3,2,4
"ARHGEF28",2,19,27,37,38,2,6,9,2,13
"AC091868.2",0,0,1,0,1,0,0,0,0,0
"LINC02122",1,1,0,0,1,1,0,0,0,0
"LINC01335",0,2,0,0,1,0,0,0,0,0
"AC106732.1",0,0,0,1,0,0,0,1,0,0
"LINC01332",0,0,0,1,2,0,0,0,0,0
"LINC01331",1,3,6,3,1,0,0,2,0,4
"ENC1",24,92,115,220,120,15,16,17,5,18
"HEXB",8,34,31,29,40,14,11,28,9,37
"GFM2",6,25,35,48,61,23,24,31,9,46
"NSA2",11,38,42,55,70,40,14,41,15,35
"FAM169A",24,115,54,143,120,34,40,54,31,91
"AC010501.1",0,2,3,0,1,0,1,1,0,0
"AC116337.3",1,5,4,6,4,0,1,3,0,3
"GCNT4",0,2,4,5,7,0,2,3,1,4
"LINC01336",0,0,2,0,0,0,0,0,2,0
"ANKRD31",1,8,3,11,10,2,3,1,5,6
"AC008897.2",0,1,0,0,0,0,0,0,0,0
"HMGCR",8,39,66,74,53,10,17,21,15,27
"COL4A3BP",26,135,102,209,169,64,69,90,34,137
"AC008897.3",2,1,0,0,3,1,0,0,0,1
"POLK",33,171,115,203,270,80,90,124,48,164
"AC010245.1",0,0,0,1,1,0,1,1,0,0
"AC010245.2",0,2,4,5,7,0,3,3,1,3
"ANKDD1B",1,6,9,11,11,6,5,15,2,14
"POC5",4,20,17,26,20,11,5,10,7,12
"AC026774.1",0,0,1,0,0,0,0,0,0,0
"SV2C",1,15,7,22,15,4,3,21,3,8
"AC113404.1",0,0,0,0,0,0,0,0,0,0
"IQGAP2",1,3,5,10,12,0,3,4,3,5
"F2RL2",0,0,0,0,0,0,1,1,0,0
"AC025188.1",0,0,0,1,0,0,0,0,0,1
"F2R",0,5,3,5,3,7,3,6,2,6
"F2RL1",0,1,0,1,4,3,0,1,0,4
"S100Z",1,0,3,9,3,1,0,2,1,2
"CRHBP",1,11,4,13,7,1,2,0,1,0
"AGGF1",0,1,0,0,0,0,0,0,0,2
"AC008581.2",2,11,5,31,21,6,4,11,5,20
"ZBED3",4,34,22,51,31,9,4,7,3,22
"AC022414.1",3,19,15,50,27,5,0,3,3,11
"PDE8B",4,30,19,69,35,9,22,10,7,9
"WDR41",27,199,102,144,214,37,57,94,40,147
"OTP",0,0,0,0,1,0,0,0,0,0
"TBCA",45,211,174,278,245,97,71,163,46,110
"AP3B1",42,307,132,289,298,78,93,144,62,245
"SCAMP1-AS1",1,6,8,4,4,3,3,3,5,7
"SCAMP1",29,101,100,171,137,54,49,58,27,59
"LHFPL2",13,20,38,107,104,16,14,31,8,44
"ARSB",21,88,54,100,113,21,20,57,16,97
"DMGDH",27,73,69,92,110,22,51,71,22,89
"BHMT2",2,16,26,14,25,5,10,18,7,31
"BHMT",0,2,8,5,4,1,2,8,0,3
"JMY",15,63,52,94,92,25,26,40,17,61
"HOMER1",16,44,56,100,80,13,16,33,5,27
"TENT2",48,337,200,374,332,92,107,190,68,318
"CMYA5",18,95,94,122,142,37,50,95,38,125
"AC008496.2",0,3,3,3,0,0,1,0,0,3
"LINC01455",0,1,0,1,1,0,0,2,0,1
"MTX3",7,32,34,52,64,19,9,24,8,45
"THBS4",17,61,49,77,95,30,41,68,26,82
"AC012636.1",1,24,12,15,23,4,7,14,0,16
"SERINC5",42,165,132,417,277,66,66,131,51,203
"AC010260.1",18,78,74,197,111,62,15,49,19,82
"ZFYVE16",86,251,211,361,316,98,105,135,47,281
"AC008771.1",2,5,4,4,5,0,1,2,0,4
"FAM151B",4,12,16,51,54,15,7,18,4,16
"ANKRD34B",0,0,0,2,0,0,0,0,0,0
"LINC01337",0,0,1,2,0,0,0,0,0,0
"DHFR",8,26,40,155,92,53,9,68,20,32
"MSH3",26,132,115,186,174,38,50,70,31,122
"RASGRF2-AS1",0,0,0,2,1,0,1,0,0,1
"RASGRF2",28,100,145,108,119,19,19,15,23,58
"CKMT2-AS1",19,103,87,103,124,26,26,43,11,122
"CKMT2",14,54,52,43,53,21,27,26,15,154
"ZCCHC9",6,24,25,33,51,10,11,26,5,29
"ACOT12",0,5,1,0,3,0,1,0,0,0
"SSBP2",101,635,430,1618,882,245,363,466,177,507
"AC026726.1",1,3,6,10,17,10,6,9,7,2
"ATG10",29,129,142,168,185,36,58,76,34,135
"RPS23",55,156,187,166,207,93,46,84,36,65
"ATP6AP1L",32,110,142,148,163,18,41,72,20,235
"LINC01338",0,3,10,4,22,16,14,27,6,35
"AC104118.1",0,0,0,5,1,0,0,2,0,1
"TMEM167A",11,38,37,44,62,30,30,45,12,44
"XRCC4",10,79,79,113,114,43,52,94,33,83
"VCAN",31,76,143,299,321,80,128,79,78,173
"VCAN-AS1",0,2,2,3,3,0,1,1,0,3
"HAPLN1",2,3,4,3,6,1,0,0,2,0
"EDIL3",166,416,386,977,573,144,143,116,119,211
"AC113383.1",3,28,13,30,27,4,3,6,1,4
"AC114928.1",0,0,1,1,0,0,0,0,0,0
"COX7C",66,182,172,217,243,161,73,162,49,71
"AC109492.1",0,61,15,10,17,2,8,28,10,12
"LINC01949",0,3,1,0,2,0,0,1,0,3
"RASA1",41,240,202,340,317,91,118,155,39,218
"CCNH",77,699,424,765,777,203,243,348,161,554
"AC018754.1",7,5,7,21,12,2,7,8,1,8
"LINC02488",0,0,0,1,0,0,0,0,0,0
"LINC02144",1,2,6,1,2,2,0,0,0,7
"TMEM161B",14,75,47,113,98,32,37,61,30,55
"TMEM161B-AS1",167,774,894,1833,1392,442,417,845,269,1542
"LINC02060",24,117,48,72,112,23,37,38,13,94
"AC091826.2",53,426,223,305,351,86,129,129,75,265
"LINC00461",115,686,522,698,848,195,264,412,152,700
"MEF2C-AS2",3,23,16,13,22,4,7,7,2,26
"AC008525.1",0,2,1,7,3,0,1,0,0,1
"MEF2C",106,584,718,1098,856,158,189,294,96,399
"MEF2C-AS1",86,431,436,674,807,190,207,353,155,814
"LINC02161",0,0,1,1,1,2,1,3,0,2
"AC099554.1",0,0,0,0,0,0,0,0,0,0
"CETN3",8,52,43,87,81,44,27,88,27,30
"MBLAC2",1,9,15,16,16,6,6,12,4,12
"POLR3G",9,15,24,32,28,4,7,17,4,20
"LYSMD3",4,24,25,36,47,23,17,23,14,40
"ADGRV1",723,3392,2228,4900,4390,1331,1552,2310,849,3816
"AC123595.1",0,0,0,1,0,0,0,1,0,0
"LUCAT1",0,2,3,2,6,2,2,18,0,2
"ARRDC3",4,51,10,24,22,10,12,21,10,17
"ARRDC3-AS1",1,8,6,5,8,2,1,2,0,11
"AC114316.2",2,4,7,8,7,5,2,4,0,9
"AC124854.1",4,8,15,34,45,15,5,7,8,12
"AC026780.1",0,0,0,0,0,0,1,0,0,0
"AC026780.2",0,0,1,1,2,0,0,0,0,3
"LINC02058",0,0,0,1,1,0,0,0,2,0
"AC012625.1",0,0,0,1,1,1,0,0,0,0
"NR2F1-AS1",66,247,364,503,583,206,195,340,149,460
"NR2F1",23,96,119,190,272,149,99,170,85,266
"FAM172A",69,347,365,651,638,155,173,306,89,407
"AC108102.1",0,0,0,0,0,0,0,0,0,0
"KIAA0825",23,98,122,156,175,45,51,47,31,92
"SLF1",19,31,57,40,78,16,13,30,5,28
"MCTP1",23,69,158,188,202,22,16,29,16,44
"AC008534.1",0,0,2,4,0,0,0,0,0,0
"FAM81B",0,0,1,3,0,1,0,0,0,1
"TTC37",40,146,149,255,222,76,80,133,42,180
"ARSK",3,23,11,28,38,13,14,5,8,18
"GPR150",1,1,0,0,2,0,0,0,0,0
"RFESD",3,6,5,6,2,1,6,3,2,5
"SPATA9",2,9,7,10,14,4,6,8,1,12
"AC008840.1",1,8,3,2,9,1,4,4,1,3
"RHOBTB3",78,633,343,795,724,276,384,435,213,793
"GLRX",6,88,58,133,64,19,19,28,8,84
"AC008592.4",0,7,0,1,2,0,1,3,0,3
"AC008592.5",0,1,0,0,0,0,0,0,0,0
"LINC01554",1,1,3,4,2,1,0,3,1,1
"ELL2",28,214,92,196,145,26,73,36,43,81
"AC104123.1",18,76,47,65,74,25,42,58,27,53
"AC008592.2",0,0,1,0,2,0,0,1,0,0
"PCSK1",8,4,9,2,8,2,0,1,1,1
"CAST",21,136,91,134,159,40,57,88,22,126
"AC020900.1",0,1,0,1,0,0,0,0,0,0
"ERAP1",11,32,41,45,53,12,13,18,10,39
"AC008906.1",0,0,0,1,2,0,0,0,0,0
"AC008906.2",0,0,1,1,2,0,1,2,0,3
"AC009126.1",14,39,37,39,60,14,20,11,15,40
"ERAP2",3,16,13,18,34,11,7,21,5,14
"LNPEP",33,117,110,321,242,74,93,119,58,172
"LIX1-AS1",28,75,77,124,158,32,46,35,15,132
"LIX1",8,38,21,18,29,25,20,20,12,25
"RIOK2",3,26,17,15,22,7,9,13,4,13
"AC008883.1",3,5,10,3,6,0,0,1,1,9
"LINC01340",3,15,5,10,15,1,0,1,1,20
"LINC02234",2,5,1,3,4,0,1,0,1,2
"LINC01846",1,0,1,1,0,0,1,0,0,0
"RGMB",5,24,18,40,40,14,13,17,8,14
"RGMB-AS1",0,0,1,2,0,0,0,0,0,0
"AC008522.1",0,0,2,1,3,0,0,0,0,1
"CHD1",7,99,67,151,135,33,33,80,25,75
"LINC02062",34,190,117,172,162,50,76,101,49,195
"LINC02113",0,2,1,0,0,0,0,0,0,1
"AC113385.1",1,6,3,1,0,0,0,0,0,2
"AC021086.1",4,12,13,9,29,11,16,10,6,14
"FAM174A",9,42,34,37,49,8,10,27,8,33
"ST8SIA4",1,8,6,15,14,4,1,5,1,0
"AC008948.1",0,0,0,0,0,0,0,0,0,0
"SLCO4C1",2,5,1,3,8,0,0,0,0,0
"SLCO6A1",0,0,1,0,2,0,1,1,1,0
"LINC00492",0,0,0,0,0,0,0,0,0,0
"LINC00491",0,1,0,2,1,1,0,1,0,0
"PAM",25,158,145,262,147,52,71,70,39,94
"GIN1",2,21,16,24,30,13,8,17,6,27
"PPIP5K2",26,76,80,129,125,37,46,76,31,104
"C5orf30",16,24,28,45,44,21,19,32,12,34
"LINC02115",0,6,2,2,4,0,0,2,0,3
"NUDT12",2,22,13,27,36,13,12,11,1,25
"AC099520.1",2,22,6,20,32,7,9,26,4,21
"LINC01950",4,22,24,27,36,6,7,7,4,20
"EFNA5",98,429,440,851,818,185,259,298,90,511
"FBXL17",117,564,626,1265,958,180,253,381,106,657
"LINC01023",4,8,22,19,14,7,5,3,4,13
"FER",77,346,367,767,674,173,233,373,115,455
"AC008871.1",4,9,12,19,10,2,1,4,0,12
"AC008467.1",0,2,3,5,7,2,0,1,2,2
"PJA2",42,327,138,302,234,65,85,138,36,157
"AC012603.1",1,1,0,0,1,0,0,0,0,0
"MAN2A1",126,358,360,858,661,181,195,240,154,399
"TMEM232",58,234,243,398,488,114,148,169,107,343
"SLC25A46",35,133,81,197,163,44,50,88,24,81
"AC010395.1",0,1,0,0,0,0,0,0,0,2
"TSLP",0,0,0,1,0,0,0,3,0,0
"AC008572.1",1,4,0,5,6,1,3,3,2,3
"WDR36",5,21,20,41,35,8,6,18,9,22
"CAMK4",22,81,110,138,212,52,54,31,9,118
"AC010275.1",0,7,8,7,5,1,0,0,1,5
"STARD4",1,15,17,26,14,7,7,3,1,9
"STARD4-AS1",4,22,38,32,23,6,7,7,3,24
"NREP",19,67,64,99,70,24,16,26,11,30
"NREP-AS1",1,1,1,2,1,2,1,0,0,2
"EPB41L4A",8,85,14,23,56,9,9,20,8,59
"EPB41L4A-AS1",7,17,15,14,17,5,10,4,0,9
"AC010261.2",1,3,1,1,1,2,0,1,0,1
"AC104126.1",8,20,10,18,23,7,10,22,6,30
"EPB41L4A-DT",0,0,0,0,0,0,0,0,0,0
"LINC02200",0,1,1,0,0,0,0,1,0,0
"APC",116,922,534,873,1210,256,404,423,161,853
"AC008575.1",1,4,3,11,10,2,3,4,4,8
"SRP19",13,71,78,104,85,32,32,48,20,64
"REEP5",41,111,104,137,112,35,42,55,20,74
"DCP2",6,56,28,61,61,9,15,28,16,31
"MCC",83,207,170,362,472,90,124,209,94,251
"AC079465.1",1,11,17,21,19,6,4,23,0,25
"YTHDC2",16,131,112,233,185,40,56,95,30,114
"KCNN2",19,13,45,76,50,5,8,11,6,31
"AC010230.1",0,0,2,2,3,0,0,1,1,2
"TRIM36",2,8,13,14,9,1,3,4,1,8
"PGGT1B",7,53,41,48,66,23,25,27,17,55
"AC008494.3",0,0,0,0,0,0,0,0,0,0
"CCDC112",13,45,39,40,44,16,12,25,10,13
"FEM1C",4,40,30,53,62,27,27,37,16,40
"TMED7-TICAM2",2,31,36,31,49,23,20,18,20,25
"AC010226.1",7,17,22,14,28,9,21,12,13,28
"TMED7",0,0,0,0,0,0,0,0,0,0
"CDO1",7,22,16,14,23,11,9,13,3,17
"ATG12",11,29,48,80,77,19,27,31,16,46
"AP3S1",22,62,67,117,134,44,38,70,21,73
"LVRN",1,2,2,3,5,1,1,1,0,3
"ARL14EPL",1,2,8,9,5,2,1,1,0,1
"AC034236.3",0,0,1,1,1,0,0,0,0,0
"AC034236.2",5,7,9,5,9,5,8,4,0,10
"COMMD10",71,174,161,346,298,71,88,146,40,183
"AC018752.1",3,8,17,7,9,1,1,7,0,13
"SEMA6A",39,118,108,165,157,41,46,33,38,109
"SEMA6A-AS1",17,72,88,99,95,15,19,25,6,54
"SEMA6A-AS2",0,2,1,3,8,2,0,1,0,0
"LINC02214",0,0,0,0,0,0,0,0,0,1
"AC010267.1",0,0,0,0,0,0,0,0,0,0
"LINC00992",2,0,0,1,6,1,0,1,2,3
"LINC02147",0,4,6,2,5,2,1,5,3,6
"LINC02148",0,0,0,0,1,0,0,0,0,0
"LINC02208",2,1,3,1,2,0,2,1,0,1
"LINC02215",0,0,0,0,0,0,0,1,0,0
"AC093206.1",0,0,3,6,7,1,1,3,1,2
"DTWD2",17,65,69,118,94,14,18,26,10,71
"AC008629.1",15,48,48,40,68,11,11,28,8,53
"DMXL1",52,202,181,273,261,84,89,154,58,204
"TNFAIP8",1,4,3,6,15,1,1,1,1,1
"HSD17B4",22,121,101,179,179,51,54,90,42,118
"AC008574.1",2,13,4,23,23,2,5,6,1,5
"AC113418.1",0,0,0,0,1,0,0,0,0,0
"PRR16",4,20,21,51,42,7,8,5,4,5
"AC114284.1",0,1,0,2,0,0,0,0,0,0
"AC008568.1",0,0,1,2,2,0,1,3,0,2
"SRFBP1",19,62,59,112,124,36,37,81,11,81
"LOX",1,0,0,0,1,0,0,1,0,0
"AC010255.1",0,1,3,3,1,1,1,3,0,0
"AC010255.3",0,1,1,2,2,1,0,5,1,1
"AC113349.2",0,1,0,2,3,0,0,0,2,3
"SNCAIP",15,102,91,130,141,34,51,61,28,130
"AC119150.1",1,16,32,40,36,2,3,11,4,10
"AC022101.1",0,17,20,5,14,2,5,6,0,28
"LINC02201",1,4,6,5,10,0,2,3,2,2
"SNX2",18,95,78,92,138,36,40,61,18,114
"SNX24",14,78,62,151,123,20,34,84,22,79
"PPIC",2,12,16,11,19,10,8,22,4,22
"AC106786.2",0,1,0,0,0,1,1,1,1,3
"PRDM6",2,15,8,29,10,1,3,11,3,13
"CEP120",6,29,30,39,41,4,12,15,5,18
"CSNK1G3",18,77,67,139,107,33,46,55,18,74
"LINC01170",29,44,48,111,80,14,15,10,16,40
"AC025465.1",0,0,2,3,2,1,0,1,0,6
"ZNF608",48,408,169,333,327,111,122,143,68,259
"AC112196.1",13,143,56,73,84,23,44,51,6,132
"LINC02240",4,10,8,27,13,14,5,14,3,13
"AC010235.1",1,3,0,2,3,0,0,0,0,2
"LINC02039",0,0,0,0,0,0,0,0,0,0
"GRAMD2B",168,719,682,1526,1397,483,454,645,317,988
"AC093535.1",3,49,50,28,37,5,9,19,3,75
"ALDH7A1",36,158,148,217,238,94,96,111,57,346
"PHAX",7,37,26,26,46,8,18,14,3,25
"TEX43",1,0,0,1,0,0,0,0,0,0
"LMNB1-DT",1,3,6,13,6,1,1,0,0,4
"LMNB1",0,15,8,3,10,0,2,3,1,3
"MARCH3",32,163,105,263,176,53,47,84,46,145
"C5orf63",11,24,21,33,34,15,20,32,9,29
"AC011416.3",1,11,16,34,34,3,7,8,2,25
"MEGF10",80,311,306,638,522,96,139,241,102,509
"AC010424.2",0,0,0,1,0,0,0,0,0,0
"PRRC1",3,30,32,43,46,20,17,18,6,22
"AC010424.3",0,0,0,0,0,0,0,0,0,0
"CTXN3",0,0,4,1,2,0,0,1,0,1
"AC022118.1",0,0,1,1,0,0,1,0,1,0
"CCDC192",2,7,17,10,9,1,5,3,1,10
"AC068658.1",0,4,4,2,2,0,0,0,0,1
"LINC01184",31,168,182,274,218,28,46,72,32,134
"SLC12A2",44,126,133,221,164,42,35,43,33,90
"FBN2",5,10,6,8,5,4,2,6,3,8
"SLC27A6",3,7,5,12,9,0,3,4,2,10
"ISOC1",1,12,8,13,11,11,3,10,5,19
"ADAMTS19",9,26,15,52,38,5,12,12,3,16
"AC008591.1",7,21,24,18,4,2,1,2,3,4
"KIAA1024L",0,1,2,0,1,0,0,0,0,0
"CHSY3",24,78,129,346,270,29,33,41,12,41
"HINT1",80,196,132,116,123,44,38,44,8,51
"LYRM7",5,44,42,67,74,28,20,23,10,80
"CDC42SE2",39,157,151,273,226,54,66,70,43,150
"RAPGEF6",2,9,7,20,21,4,4,13,1,5
"AC008695.1",0,1,0,2,3,2,2,4,0,1
"MEIKIN",0,1,0,4,0,0,2,1,0,2
"AC026398.1",0,3,5,16,12,2,0,1,1,5
"AC034228.3",1,15,6,1,12,0,0,2,0,4
"ACSL6",2,7,2,3,4,0,0,0,0,2
"AC034228.1",2,12,5,7,13,7,4,10,1,7
"AC063976.1",0,0,0,1,0,0,0,0,0,0
"P4HA2-AS1",0,9,4,12,12,0,1,2,0,3
"P4HA2",5,22,22,29,78,15,12,16,4,29
"PDLIM4",0,29,13,19,16,8,5,23,4,15
"SLC22A4",1,28,17,10,20,3,2,1,2,15
"SLC22A5",7,55,39,44,34,32,33,47,22,60
"AC116366.3",29,184,123,177,137,30,54,66,47,115
"AC116366.2",0,0,0,2,1,0,0,0,0,0
"IRF1",1,26,14,15,24,1,5,5,2,19
"IL5",2,1,4,5,4,0,0,0,0,4
"RAD50",2,2,1,2,3,3,1,2,0,0
"TH2LCRR",2,33,35,28,23,2,2,15,3,13
"IL13",0,1,0,0,0,0,0,0,0,0
"AC004039.1",3,21,24,11,21,2,3,4,2,12
"KIF3A",34,171,118,281,228,66,69,100,47,112
"CCNI2",0,2,3,1,2,0,0,0,0,1
"SEPT8",39,119,168,389,231,107,95,112,41,123
"SOWAHA",2,8,18,41,10,12,5,11,8,7
"AC004775.1",0,0,0,0,0,0,0,0,0,0
"SHROOM1",21,29,31,77,55,31,29,49,20,56
"GDF9",1,1,2,2,4,2,2,1,0,3
"UQCRQ",54,110,101,95,95,61,48,54,12,52
"LEAP2",0,13,11,15,8,3,6,4,2,13
"AFF4",36,270,185,310,246,56,63,80,32,184
"AC010240.3",0,0,0,1,0,0,0,0,0,0
"ZCCHC10",7,49,44,63,64,10,14,16,7,25
"HSPA4",13,55,52,82,78,42,19,51,8,59
"AC010307.2",2,1,2,1,0,0,0,2,0,1
"FSTL4",9,64,86,88,89,11,11,23,5,34
"AC010307.3",0,0,0,0,0,0,0,0,0,0
"AC010307.4",1,1,4,1,0,1,0,2,0,0
"C5orf15",8,27,37,54,49,24,24,42,19,42
"VDAC1",12,87,86,67,66,28,35,35,13,40
"AC008608.2",1,4,8,3,0,0,1,6,0,3
"TCF7",7,38,32,28,30,2,11,11,3,33
"SKP1",60,222,141,180,180,107,50,122,35,85
"AC104109.3",1,10,7,16,7,1,1,4,2,7
"PPP2CA",0,0,0,0,0,0,0,0,0,0
"AC104109.2",0,0,0,0,0,0,1,0,0,0
"CDKL3",18,107,122,133,153,47,33,84,26,156
"UBE2B",27,242,113,152,169,79,97,119,43,154
"AC109454.2",2,4,5,13,5,1,3,1,0,5
"CDKN2AIPNL",3,9,12,15,5,5,2,11,1,13
"AC109454.3",0,1,0,0,0,0,0,0,0,0
"AC005355.1",0,3,3,2,0,2,0,0,1,3
"LINC01843",0,0,0,0,0,0,0,0,0,0
"JADE2",7,16,26,47,25,15,6,11,4,10
"SAR1B",24,77,53,96,88,40,53,53,16,73
"SEC24A",8,51,52,59,48,7,12,21,4,43
"CAMLG",19,92,50,76,61,31,24,42,17,41
"DDX46",29,133,153,313,243,58,45,105,38,124
"C5orf24",13,35,38,87,67,27,16,31,15,36
"TXNDC15",10,61,26,71,73,30,19,27,13,29
"PCBD2",11,66,54,64,50,12,16,32,5,46
"CATSPER3",0,0,0,4,2,1,1,0,0,1
"PITX1",0,1,3,0,0,0,0,0,0,0
"C5orf66",0,10,17,7,8,3,5,8,0,15
"H2AFY",17,81,52,135,93,34,39,57,18,51
"AC026691.1",0,1,0,0,1,1,2,0,0,2
"TIFAB",0,0,1,0,0,0,0,0,0,0
"AC034206.1",0,5,1,3,5,0,1,1,0,1
"CXCL14",21,133,138,114,113,45,32,107,18,90
"SLC25A48",31,96,129,284,166,41,46,70,18,102
"AC002428.2",8,0,16,50,11,2,2,2,1,5
"AC002428.1",0,0,0,0,0,0,0,0,0,0
"LECT2",0,1,1,0,1,0,0,0,1,0
"TGFBI",0,0,0,2,1,0,0,1,0,2
"SMAD5-AS1",0,0,0,0,0,0,0,0,0,0
"SMAD5",21,108,72,182,141,48,54,81,28,69
"SMIM32",0,1,4,2,1,0,0,0,0,1
"TRPC7",1,0,1,1,1,0,0,0,0,1
"TRPC7-AS1",0,2,0,0,0,0,0,0,0,0
"AC112178.1",0,0,0,0,2,0,1,0,0,1
"AC109439.2",2,0,0,0,1,0,0,0,0,0
"SPOCK1",125,549,480,967,780,155,153,220,146,387
"KLHL3",11,51,77,133,100,17,22,23,24,48
"HNRNPA0",6,51,36,51,50,15,22,28,9,30
"AC106791.1",20,75,68,138,94,24,28,32,24,73
"MYOT",3,21,30,79,20,7,6,3,5,24
"PKD2L2",2,25,26,67,36,5,8,9,5,23
"FAM13B",50,190,154,378,246,81,90,105,47,204
"AC113382.1",0,0,0,0,0,1,0,0,1,0
"AC113382.2",0,0,0,0,0,0,0,0,0,0
"WNT8A",0,4,4,5,6,1,0,1,0,3
"NME5",8,59,50,97,76,15,25,43,15,66
"BRD8",25,70,95,145,119,51,41,57,23,79
"CDC23",3,27,30,29,32,11,7,28,7,23
"GFRA3",0,0,1,1,2,1,0,0,0,1
"CDC25C",0,4,3,4,6,1,3,2,1,2
"FAM53C",11,45,58,34,72,20,28,41,9,107
"AC104116.1",0,0,0,0,0,0,0,0,0,0
"KDM3B",25,126,82,137,156,36,40,69,26,118
"REEP2",15,43,59,126,79,25,26,37,13,57
"EGR1",7,20,6,8,6,0,5,1,0,6
"ETF1",9,36,26,54,37,9,10,13,4,25
"HSPA9",13,125,109,206,137,46,34,100,26,101
"CTNNA1",50,283,170,330,282,82,94,136,57,194
"AC034243.1",0,0,1,0,2,1,1,0,1,5
"LRRTM2",6,30,20,20,15,0,12,3,0,5
"SIL1",46,181,209,341,228,54,56,110,51,197
"AC011405.1",2,11,19,13,15,4,5,2,2,25
"MATR3",1,2,3,3,6,1,2,2,0,3
"PAIP2",21,114,96,78,92,49,38,50,12,93
"AC135457.1",1,0,0,1,0,0,0,0,0,1
"SLC23A1",0,1,1,2,3,1,0,0,0,1
"MZB1",0,0,1,0,6,0,0,0,1,0
"PROB1",0,6,5,1,4,2,1,4,0,2
"SPATA24",1,4,6,4,8,3,0,0,0,5
"DNAJC18",6,52,46,34,52,15,16,33,7,48
"AC142391.1",0,0,0,0,0,1,0,2,0,0
"TMEM173",0,0,0,4,2,0,0,0,0,1
"UBE2D2",35,125,123,189,151,35,35,50,28,104
"AC113361.1",0,0,0,0,0,0,0,1,0,0
"CXXC5",17,72,43,132,97,34,24,65,26,36
"CXXC5-AS1",0,0,0,0,0,0,0,0,0,0
"AC008667.1",2,4,10,8,6,5,2,5,3,9
"AC008667.3",0,0,0,0,0,0,0,0,0,0
"AC008667.4",0,1,0,0,0,1,0,0,0,0
"PSD2",60,150,290,402,351,124,112,170,65,357
"NRG2",34,136,135,219,203,33,75,82,30,183
"AC008667.2",0,0,0,1,1,0,0,0,0,0
"MALINC1",0,1,4,8,6,0,1,4,1,3
"PURA",29,178,150,341,233,42,63,105,34,129
"IGIP",3,26,31,68,55,9,14,18,7,46
"CYSTM1",23,221,200,452,270,86,72,116,39,224
"PFDN1",11,80,51,91,104,31,39,61,13,90
"HBEGF",2,11,3,12,8,3,3,5,4,6
"AC008438.2",0,2,0,3,4,1,2,2,0,5
"SLC4A9",0,6,9,4,2,0,0,2,0,4
"AC008438.1",7,45,58,41,50,12,13,17,6,61
"ANKHD1-EIF4EBP3",5,16,17,17,27,1,6,3,3,23
"SRA1",9,54,32,45,43,13,13,25,3,28
"EIF4EBP3",0,1,1,0,1,0,0,2,1,0
"APBB3",12,25,30,39,32,16,17,38,17,35
"SLC35A4",0,19,17,29,17,12,5,18,3,13
"CD14",2,2,6,3,10,4,1,5,1,5
"NDUFA2",18,63,38,60,57,14,22,33,10,43
"TMCO6",2,5,6,9,4,7,4,1,2,6
"IK",8,34,20,39,31,11,12,30,9,13
"WDR55",3,9,13,19,18,6,7,11,3,8
"DND1",3,21,3,9,7,5,7,11,1,4
"HARS",15,54,74,86,70,18,18,31,18,73
"HARS2",0,25,18,3,16,2,7,7,0,19
"ZMAT2",10,33,39,51,33,9,5,19,4,11
"PCDHA1",0,1,0,0,2,2,0,0,0,1
"AC005609.5",4,7,12,8,13,4,5,5,1,7
"AC005609.4",0,0,0,1,0,0,1,0,0,0
"AC005609.1",0,0,0,1,1,0,0,1,0,1
"AC244517.5",0,8,9,13,15,3,2,3,1,8
"PCDHB1",0,0,0,3,0,0,1,0,0,0
"AC244517.9",0,1,1,0,1,0,1,1,0,0
"PCDHB2",0,1,3,3,4,1,0,0,0,3
"AC244517.2",1,8,5,7,9,3,6,6,3,9
"PCDHB3",0,0,2,1,0,0,1,0,0,0
"AC244517.1",0,0,1,1,1,0,0,1,0,1
"PCDHB4",2,11,22,14,21,15,6,19,5,8
"PCDHB5",2,3,5,10,6,5,4,2,1,8
"AC244517.11",5,48,32,28,37,10,12,15,5,29
"PCDHB6",1,4,2,4,6,2,3,5,1,0
"AC244517.12",0,2,0,3,1,0,1,0,0,0
"PCDHB7",0,5,5,2,4,5,1,4,2,1
"PCDHB8",0,0,0,0,0,0,0,0,0,1
"PCDHB16",0,0,4,7,4,0,2,2,0,3
"AC244517.6",1,1,1,4,2,2,1,2,4,2
"PCDHB9",7,20,17,17,19,15,7,16,1,9
"PCDHB10",1,7,6,9,9,1,3,6,2,5
"PCDHB11",0,2,1,2,1,2,1,4,2,4
"PCDHB12",0,1,4,14,3,2,2,3,0,0
"PCDHB13",0,4,6,5,3,4,5,1,0,1
"PCDHB14",1,13,7,11,19,4,7,4,1,7
"AC244517.10",4,49,16,47,42,5,32,20,11,30
"PCDHB15",1,5,6,4,6,7,0,3,3,4
"TAF7",9,122,80,81,100,43,47,80,7,72
"AC005618.1",1,3,0,1,3,1,1,1,0,3
"PCDHGA1",2,7,7,14,28,6,9,14,8,7
"DIAPH1",6,25,49,60,50,11,9,23,6,41
"AC008781.2",0,0,0,0,0,4,0,2,0,0
"AC008781.1",1,6,16,12,5,2,2,3,1,10
"HDAC3",8,41,30,65,65,15,26,24,11,34
"RELL2",8,9,27,52,22,8,7,12,6,11
"FCHSD1",5,7,17,33,13,13,8,27,9,11
"ARAP3",1,4,5,2,0,1,1,1,0,0
"AC005753.1",0,0,0,0,0,0,0,0,0,1
"PCDH1",2,24,13,36,35,3,3,24,1,12
"DELE1",4,36,33,58,48,9,10,14,6,20
"PCDH12",0,0,1,2,3,1,0,3,0,1
"AC005740.4",0,0,0,0,0,1,0,0,0,0
"RNF14",5,34,25,56,32,10,17,18,7,30
"AC005740.3",0,23,3,2,2,0,9,6,0,5
"GNPDA1",11,35,30,67,44,7,9,27,10,32
"NDFIP1",75,327,243,359,354,105,96,147,45,268
"SPRY4",0,7,14,21,21,4,0,11,1,12
"SPRY4-AS1",20,139,171,266,166,30,32,61,14,176
"FGF1",24,135,105,169,148,40,42,65,26,89
"AC005592.1",0,0,0,0,0,0,0,0,0,0
"LINC01844",0,1,2,0,3,0,0,0,0,0
"ARHGAP26",111,816,644,1263,1065,272,327,331,233,1033
"ARHGAP26-AS1",10,76,81,98,101,15,37,30,8,117
"NR3C1",69,155,205,343,328,96,74,123,40,170
"AC016598.1",0,1,3,7,5,0,0,4,0,4
"HMHB1",0,0,0,0,1,0,0,1,0,0
"YIPF5",6,22,15,34,32,14,13,26,14,26
"KCTD16",36,151,242,348,311,41,45,37,16,112
"AC132803.1",0,0,0,2,0,0,0,1,0,0
"AC137770.1",1,6,5,14,12,3,9,7,2,9
"AC008700.1",1,0,1,1,1,0,1,0,0,0
"PRELID2",23,39,54,104,113,15,35,53,15,67
"GRXCR2",0,0,0,1,1,1,1,0,0,1
"SH3RF2",2,4,2,5,4,1,1,3,1,5
"PLAC8L1",4,7,8,12,13,4,0,5,2,10
"AC091887.1",6,17,58,46,38,14,10,9,7,32
"LARS",6,54,59,109,119,41,33,72,14,71
"AC091959.3",1,9,3,12,7,5,0,7,5,5
"AC011396.2",0,1,1,3,1,1,0,1,0,2
"POU4F3",0,0,0,1,0,0,0,0,0,0
"TCERG1",17,126,107,180,160,44,54,81,23,94
"GPR151",0,0,0,0,0,0,0,0,0,0
"AC008728.1",2,8,10,4,9,3,1,10,0,9
"PPP2R2B",933,5283,2535,5658,5254,1164,1357,2474,905,3485
"STK32A-AS1",0,1,0,1,2,2,1,2,0,3
"STK32A",1,12,6,12,25,11,5,7,8,12
"DPYSL3",27,61,58,123,131,44,49,60,26,73
"AC011373.1",0,0,0,0,0,0,0,0,0,0
"JAKMIP2-AS1",23,121,127,126,124,33,30,25,15,91
"JAKMIP2",76,421,289,530,576,133,171,177,98,299
"SCGB3A2",0,0,0,0,1,0,0,0,0,0
"SPINK5",0,2,8,5,4,0,1,1,0,7
"SPINK14",0,0,0,0,0,0,0,0,0,0
"MARCOL",0,0,2,3,3,4,1,0,1,1
"SPINK13",0,1,2,0,3,1,0,1,0,4
"AC091948.1",26,77,93,190,234,53,52,102,27,219
"SPINK9",0,0,1,3,0,0,0,1,1,0
"FBXO38",5,68,33,72,59,17,21,27,11,55
"AC114939.1",0,0,1,0,1,0,0,0,0,3
"HTR4",2,8,13,20,14,2,3,5,3,6
"ADRB2",1,13,3,2,5,5,3,3,2,11
"SH3TC2",17,32,64,101,55,14,7,7,7,38
"AC116312.1",0,0,1,1,2,4,1,0,3,1
"SH3TC2-DT",8,27,24,16,12,2,3,5,5,7
"ABLIM3",16,8,30,40,42,9,11,24,5,33
"AC012613.1",0,2,2,0,1,0,0,0,0,0
"AFAP1L1",0,1,3,1,3,0,0,3,0,6
"GRPEL2",0,12,5,10,6,8,6,6,2,4
"GRPEL2-AS1",0,9,5,2,7,1,1,2,0,12
"PCYOX1L",4,8,6,10,5,2,5,4,2,4
"IL17B",0,0,0,1,0,0,0,0,0,0
"AC131025.1",0,0,0,0,0,0,0,0,0,0
"CARMN",0,1,2,1,2,0,0,0,0,1
"AC131025.2",1,0,0,1,0,0,0,0,0,0
"CSNK1A1",73,489,330,560,543,186,179,328,108,466
"ARHGEF37",8,19,27,23,34,14,8,12,15,23
"PPARGC1B",1,3,18,17,7,1,1,4,1,7
"PDE6A",0,3,4,4,2,2,2,3,0,1
"SLC26A2",5,25,13,49,24,9,8,21,6,25
"TIGD6",3,14,7,6,14,2,5,4,5,11
"HMGXB3",14,51,37,71,40,18,14,26,5,27
"CSF1R",1,4,5,18,19,2,2,4,2,8
"PDGFRB",49,284,340,522,301,62,66,104,55,301
"CDX1",0,0,1,0,0,0,0,0,0,0
"SLC6A7",3,15,31,41,36,2,6,5,1,10
"CAMK2A",23,86,158,156,134,41,15,44,9,52
"ARSI",1,7,11,7,10,6,2,3,3,7
"TCOF1",3,14,19,35,26,3,6,10,1,16
"CD74",8,1,17,8,94,6,2,6,0,17
"RPS14",40,126,162,125,157,77,47,78,39,65
"NDST1-AS1",1,9,6,6,8,2,3,3,1,5
"NDST1",23,44,63,105,53,21,22,22,8,66
"SYNPO",7,27,28,47,35,7,7,15,3,4
"AC011383.1",0,1,0,0,0,0,0,0,0,0
"MYOZ3",0,2,5,5,0,1,0,0,0,2
"RBM22",9,40,30,34,38,22,14,31,9,18
"DCTN4",24,121,66,154,104,50,44,87,26,75
"SMIM3",0,6,5,8,6,2,3,6,0,5
"IRGM",0,1,3,1,0,0,0,0,0,0
"ZNF300",1,2,0,9,4,0,0,3,0,1
"GPX3",6,15,9,8,9,1,3,4,1,2
"TNIP1",4,20,28,32,27,4,4,11,6,13
"ANXA6",16,65,63,98,52,15,13,27,10,34
"CCDC69",1,1,3,6,4,1,5,1,0,4
"GM2A",4,22,21,25,20,7,9,4,6,14
"SLC36A3",0,5,0,1,1,0,0,0,0,2
"SLC36A2",0,1,0,1,0,0,0,0,0,0
"SLC36A1",4,11,21,21,20,6,6,8,5,20
"FAT2",1,5,10,2,1,0,0,3,0,0
"AC011337.1",0,0,0,3,0,0,0,1,0,2
"AC011374.1",1,0,3,1,1,0,0,0,0,0
"SPARC",12,23,17,30,31,5,6,10,5,11
"CLMAT3",0,4,0,1,2,0,2,0,0,7
"AC011374.2",0,1,0,3,3,0,0,1,0,0
"ATOX1",20,61,48,76,59,29,18,22,16,32
"AC091982.1",0,1,1,1,2,0,0,0,0,1
"G3BP1",8,115,75,163,140,64,33,76,28,87
"GLRA1",0,28,8,64,8,1,9,3,0,4
"LINC01933",2,7,7,25,11,4,6,4,3,12
"NMUR2",0,0,9,7,14,3,3,0,0,3
"LINC01470",9,30,50,28,43,27,6,27,13,20
"GRIA1",31,90,156,229,177,27,12,34,15,34
"LINC01861",0,0,0,0,0,0,0,0,0,0
"FAM114A2",6,34,11,36,37,14,11,21,5,26
"MFAP3",15,64,57,59,87,7,31,33,8,70
"GALNT10",14,84,57,98,76,12,17,40,12,51
"SAP30L-AS1",6,30,26,26,14,3,7,10,3,18
"SAP30L",2,24,18,28,29,3,4,18,12,6
"LARP1",39,97,159,257,194,52,46,96,39,149
"FAXDC2",41,146,144,141,144,51,49,54,38,120
"CNOT8",3,23,24,44,33,16,10,25,6,15
"GEMIN5",1,24,17,33,40,9,15,15,4,30
"MRPL22",10,34,27,25,31,10,18,22,6,9
"KIF4B",0,1,0,0,1,0,0,0,0,0
"SGCD",162,841,1008,3144,1697,259,265,573,161,1068
"AC025434.1",0,7,2,10,3,0,0,1,0,2
"PPP1R2B",0,0,0,0,0,0,0,0,0,0
"TIMD4",0,2,0,0,0,0,0,0,0,0
"HAVCR1",0,1,3,2,3,0,0,0,0,0
"HAVCR2",7,24,59,97,86,12,7,16,10,31
"AC011377.1",0,0,1,0,1,0,0,1,0,0
"MED7",0,4,2,8,4,3,1,1,1,1
"ITK",0,2,0,2,3,3,0,1,0,3
"FAM71B",0,0,0,0,0,0,0,0,0,0
"AC010609.1",2,0,6,0,6,1,1,1,0,2
"AC009185.1",0,2,0,0,0,1,2,1,1,5
"CYFIP2",63,292,223,289,265,60,76,117,48,238
"FNDC9",2,1,4,2,1,0,2,4,0,2
"AC008676.1",0,2,2,1,1,0,1,1,0,0
"ADAM19",6,20,28,35,28,0,2,4,1,9
"NIPAL4",3,1,2,5,4,1,0,3,4,1
"AC106801.1",0,2,1,1,0,0,0,0,2,1
"SOX30",0,0,2,3,2,1,0,0,0,4
"C5orf52",0,1,1,1,0,2,0,1,1,1
"THG1L",2,4,6,8,6,2,1,2,0,8
"LSM11",2,1,5,13,12,2,5,2,2,3
"CLINT1",14,66,56,93,70,20,20,31,5,47
"AC025437.4",0,0,0,0,1,0,0,1,2,1
"LINC02227",0,3,0,3,1,1,0,0,0,0
"AC091979.1",0,1,0,0,0,0,0,0,0,0
"AC091939.1",1,4,1,1,3,1,1,2,0,1
"EBF1",0,8,4,24,7,4,0,8,3,5
"LINC02202",0,2,1,0,0,0,0,1,0,0
"RNF145",13,94,111,201,151,32,35,61,18,92
"AC134043.1",0,0,1,0,1,0,0,1,0,0
"UBLCP1",8,48,23,90,52,22,20,29,15,27
"AC008691.1",4,5,25,21,13,9,2,8,5,11
"AC008703.1",0,0,0,0,0,0,0,0,0,0
"LINC01847",1,1,1,4,1,0,0,0,0,5
"ADRA1B",1,9,14,16,25,3,0,13,1,29
"TTC1",28,115,137,229,146,52,43,87,24,105
"PWWP2A",24,67,85,176,170,66,55,97,23,153
"FABP6",2,0,5,6,3,0,1,3,0,0
"AC008609.1",2,1,0,1,2,0,0,0,1,1
"CCNJL",1,12,14,35,19,8,6,12,2,46
"C1QTNF2",0,1,1,1,2,1,0,0,0,0
"ZBED8",0,6,7,14,15,4,6,1,7,16
"SLU7",7,35,19,34,34,12,6,10,8,11
"PTTG1",0,1,3,3,2,0,1,1,0,0
"MIR3142HG",0,0,0,0,1,0,0,0,0,0
"ATP10B",58,141,216,334,372,100,78,97,80,314
"AC008456.1",1,2,5,1,1,0,0,0,0,1
"AC011363.1",0,2,1,0,2,0,0,0,0,0
"GABRB2",35,161,225,329,247,25,20,27,14,35
"GABRA6",1,9,5,5,8,1,1,2,3,2
"AC091944.1",0,0,0,0,0,0,0,0,0,0
"GABRA1",19,63,72,104,73,15,13,13,2,22
"LINC01202",3,9,8,18,10,0,0,0,0,4
"GABRG2",21,60,93,111,107,10,10,19,3,25
"AC113414.1",33,74,81,144,173,40,42,56,22,136
"CCNG1",4,28,13,19,44,20,16,19,7,36
"NUDCD2",5,40,28,24,35,26,17,28,9,40
"HMMR",1,3,0,1,3,0,0,0,0,0
"MAT2B",2,18,5,27,28,15,18,23,3,15
"AC008662.1",0,1,3,0,0,0,0,0,0,1
"AC109466.1",4,53,81,73,124,6,1,9,3,18
"LINC02143",0,1,2,0,2,0,0,0,2,1
"LINC01938",0,0,0,0,0,0,0,0,0,0
"AC008415.1",4,32,39,19,70,6,3,11,10,20
"AC114321.1",1,1,3,1,0,2,1,8,0,4
"LINC01947",0,2,0,1,0,0,0,0,0,0
"AC091819.2",0,1,0,0,1,0,0,0,0,0
"TENM2",241,1485,1557,1998,2550,324,278,173,190,1431
"AC091820.2",2,1,2,3,3,0,1,0,0,6
"AC008708.2",1,6,11,5,10,0,0,1,0,3
"AC008464.1",0,0,0,0,0,0,0,0,0,1
"AC011369.1",3,28,20,14,17,2,2,2,1,23
"AC008637.1",0,2,2,0,1,2,2,1,1,2
"WWC1",76,322,280,401,404,71,80,119,47,334
"RARS",15,87,69,79,99,20,26,39,15,70
"FBLL1",0,6,10,16,9,3,0,1,4,1
"PANK3",6,40,33,64,50,21,15,29,12,31
"AC011365.2",0,0,1,0,0,0,0,0,0,0
"SLIT3",1,22,45,64,68,9,6,10,5,8
"AC011365.1",0,0,0,0,0,0,0,0,0,0
"AC011389.2",0,0,0,0,0,0,0,0,0,0
"AC011389.1",0,1,1,0,2,0,0,0,0,0
"SPDL1",3,13,12,17,19,9,7,13,3,4
"DOCK2",5,31,47,37,34,5,1,11,0,12
"FAM196B",8,36,17,27,43,0,4,4,3,15
"C5orf58",0,1,1,0,0,0,0,0,0,0
"LCP2",0,1,0,5,4,1,0,1,0,0
"KCNIP1",22,264,117,162,91,6,18,34,10,110
"KCNMB1",0,0,3,5,5,0,0,1,0,1
"AC008619.1",0,0,3,0,2,0,0,0,0,2
"AC027312.1",0,14,1,5,0,0,1,0,0,7
"AC008514.1",0,0,0,0,0,0,0,0,1,0
"GABRP",0,0,1,1,0,0,0,0,0,0
"RANBP17",24,65,51,57,50,8,21,37,7,56
"NPM1",9,63,37,29,39,28,25,41,14,24
"FGF18",1,2,2,1,4,1,0,2,1,5
"SMIM23",0,0,0,0,0,0,0,0,1,0
"FBXW11",36,195,136,323,265,56,68,94,35,177
"STK10",7,14,20,18,24,6,4,11,3,19
"EFCAB9",0,1,0,0,2,1,1,0,0,0
"UBTD2",4,46,30,71,54,11,14,17,9,51
"SH3PXD2B",45,229,202,424,348,59,63,138,40,360
"NEURL1B",1,13,8,15,12,3,2,3,0,5
"AC022217.2",0,0,0,2,0,0,0,0,0,0
"AC022217.3",0,1,4,4,1,2,0,1,0,4
"DUSP1",3,8,16,134,25,7,3,11,5,18
"AC110011.1",0,0,0,0,0,0,0,0,0,0
"ERGIC1",19,69,84,137,118,16,18,40,16,86
"AC008429.1",0,2,2,1,3,0,0,1,1,1
"AC008429.3",0,0,0,0,0,0,0,0,0,2
"RPL26L1",3,13,11,10,4,10,2,15,0,10
"ATP6V0E1",22,149,149,124,173,69,65,151,25,126
"CREBRF",13,97,89,269,152,49,41,63,32,74
"BNIP1",4,8,8,24,16,12,7,10,4,9
"STC2",1,0,0,0,0,0,0,0,0,0
"AC016573.1",0,0,0,1,0,0,0,0,0,0
"AC008632.1",0,0,0,0,0,0,0,0,0,0
"AC008663.1",0,0,1,0,0,0,0,0,0,0
"BOD1",6,18,20,43,26,10,17,25,4,18
"LINC01863",0,0,0,0,1,0,0,0,0,0
"LINC01942",0,1,0,0,0,0,0,0,0,0
"LINC01484",0,2,6,6,9,0,1,2,0,2
"LINC01485",0,0,5,2,2,2,2,0,4,2
"CPEB4",109,751,426,1164,917,217,336,442,130,639
"C5orf47",0,2,1,2,1,1,1,0,0,3
"NSG2",26,61,69,101,48,5,10,11,2,13
"AC113423.2",0,0,0,1,0,0,0,0,0,0
"LINC01411",32,34,24,33,37,10,14,8,17,15
"AC108112.1",0,1,0,0,0,0,0,0,0,0
"MSX2",1,3,1,0,0,0,0,0,0,0
"AC113346.2",1,1,2,2,1,1,0,0,0,0
"LINC01951",0,1,4,12,6,1,3,1,0,5
"DRD1",0,5,6,13,4,0,1,5,1,0
"SFXN1",25,108,100,176,144,38,28,63,25,156
"HRH2",8,12,23,22,20,3,0,3,0,6
"CPLX2",14,22,51,68,51,8,10,14,2,18
"THOC3",7,18,18,24,28,11,12,8,7,21
"AC138965.1",0,0,0,0,0,0,0,0,0,0
"AC139491.1",1,3,1,3,1,0,0,0,1,0
"FAM153B",1,13,17,7,7,3,2,0,0,6
"AC139491.7",0,10,17,21,24,4,0,0,1,4
"AC139491.4",0,0,1,0,1,0,0,0,0,0
"SIMC1",14,94,48,90,118,54,44,90,48,129
"KIAA1191",9,26,25,30,28,11,22,16,5,25
"AC138956.1",0,7,0,9,2,1,0,0,0,4
"AC138956.2",0,0,0,2,0,0,0,0,0,0
"ARL10",3,29,42,55,41,12,7,30,8,38
"NOP16",1,5,6,9,6,0,5,1,2,4
"CLTB",9,97,70,144,60,15,16,22,5,23
"FAF2",18,135,69,99,111,31,32,58,21,80
"RNF44",3,22,27,58,35,21,10,31,13,25
"CDHR2",0,4,13,14,9,1,1,4,1,10
"GPRIN1",0,11,16,16,13,2,1,4,3,10
"SNCB",18,90,76,116,41,8,15,13,7,20
"EIF4E1B",0,4,10,16,8,2,1,1,0,2
"TSPAN17",7,26,19,30,27,12,5,20,4,9
"AC113391.1",0,1,0,0,1,0,0,0,0,0
"AC113391.2",2,0,0,0,0,0,0,0,0,1
"LINC01574",0,4,5,4,3,1,0,0,0,1
"UNC5A",5,11,20,34,10,3,4,7,1,4
"HK3",0,2,4,1,0,0,0,1,1,0
"UIMC1",14,73,70,122,98,23,25,38,18,78
"ZNF346",22,86,102,145,108,21,15,33,10,91
"FGFR4",2,0,1,10,3,1,0,1,0,1
"NSD1",54,232,188,332,403,69,101,169,51,238
"RAB24",0,5,6,14,12,35,7,24,17,10
"MXD3",5,11,10,11,9,2,5,5,2,6
"PRELID1",14,29,41,24,36,16,16,22,7,18
"LMAN2",17,34,51,54,51,31,17,45,12,32
"RGS14",4,4,2,5,8,8,1,3,3,6
"SLC34A1",0,1,0,0,0,0,0,0,0,0
"PFN3",0,0,0,0,0,0,0,0,0,0
"F12",2,4,6,7,3,0,1,0,0,2
"GRK6",3,10,15,14,16,4,2,6,2,10
"PRR7-AS1",1,0,4,7,9,0,0,4,1,3
"PRR7",13,22,28,39,21,4,8,22,7,10
"DBN1",1,16,14,29,27,19,13,35,6,14
"PDLIM7",7,25,40,52,40,16,18,26,16,24
"AC145098.1",0,0,0,0,0,0,0,0,0,0
"DOK3",0,1,1,4,8,1,0,2,0,2
"DDX41",2,25,22,39,18,11,7,21,6,12
"FAM193B",13,57,108,123,125,29,32,61,26,63
"AC139795.3",1,0,4,3,6,4,1,2,0,3
"TMED9",13,68,90,62,72,36,28,51,14,61
"B4GALT7",3,13,18,27,17,6,6,10,9,6
"AC139795.2",0,1,5,9,4,1,1,7,2,10
"AC138819.1",0,5,5,10,6,1,0,0,1,3
"FAM153A",3,40,52,58,42,9,8,20,2,37
"AC140125.2",1,2,2,1,0,0,0,0,0,5
"AC140125.3",0,0,1,0,0,0,0,0,0,0
"AC106795.3",1,7,10,13,19,3,1,11,0,9
"PROP1",0,0,0,0,0,0,0,0,0,0
"FAM153C",1,30,40,27,46,4,5,8,2,47
"N4BP3",0,4,3,4,1,0,0,0,0,0
"RMND5B",8,52,44,48,36,5,13,18,8,36
"NHP2",13,68,67,42,26,20,18,20,5,22
"HNRNPAB",5,20,13,39,11,8,6,27,8,9
"PHYKPL",31,112,117,93,166,25,29,55,22,182
"COL23A1",14,66,53,180,116,47,25,83,39,70
"CLK4",18,95,69,137,110,33,44,43,18,115
"ZNF354A",4,21,25,48,39,15,15,29,10,36
"ZNF354B",2,16,13,28,19,11,7,21,4,22
"ZFP2",5,30,14,45,44,7,8,23,12,44
"AC104117.5",0,0,0,0,0,0,0,0,0,0
"ZNF454",2,4,3,3,6,1,1,6,1,9
"AC104117.3",2,3,11,13,13,4,4,8,1,10
"GRM6",0,0,0,0,2,0,0,1,0,1
"ZNF879",1,8,8,17,9,4,6,15,1,12
"ZNF354C",6,23,10,12,18,5,7,10,2,26
"ADAMTS2",1,8,14,27,18,1,1,7,1,11
"AC136628.4",1,1,0,0,0,0,1,2,1,0
"RUFY1",11,77,76,97,101,26,14,36,20,110
"AC136604.2",7,65,71,171,74,14,13,38,14,51
"HNRNPH1",33,72,65,227,123,106,99,121,53,253
"AC136604.3",0,1,1,2,0,1,0,0,0,1
"CBY3",1,3,7,15,11,2,1,2,0,11
"CANX",39,155,164,224,208,96,59,102,40,128
"MAML1",7,35,21,51,47,12,11,14,6,37
"LTC4S",2,2,3,3,4,0,4,0,1,0
"MGAT4B",9,13,16,26,24,11,8,30,7,6
"SQSTM1",26,211,125,168,204,119,84,245,55,166
"MRNIP",19,77,72,99,80,24,22,29,11,51
"AC008393.1",0,3,10,3,3,6,3,3,0,7
"TBC1D9B",15,50,62,80,71,19,20,27,11,41
"RNF130",99,312,294,575,479,130,140,235,99,310
"RASGEF1C",2,14,15,16,14,5,3,8,2,12
"MAPK9",17,48,43,76,63,13,21,20,8,36
"AC008610.1",3,8,22,18,18,4,3,9,3,13
"GFPT2",11,29,41,50,32,15,10,30,8,50
"CNOT6",9,37,40,69,46,6,14,22,12,26
"SCGB3A1",0,2,1,0,0,0,0,0,0,0
"FLT4",0,0,0,1,0,0,0,0,0,1
"MGAT1",5,15,26,59,36,13,12,23,10,34
"LINC00847",3,8,8,3,11,5,5,7,3,3
"ZFP62",5,8,13,11,21,13,3,12,5,18
"BTNL8",0,0,0,0,2,1,0,1,2,0
"BTNL3",0,1,1,1,1,2,0,0,0,3
"BTNL9",0,0,0,2,1,0,1,0,0,0
"OR2V2",0,0,0,0,0,0,0,0,0,0
"AC008443.5",6,10,13,11,22,11,5,13,4,9
"TRIM7",0,0,2,2,0,0,0,1,0,0
"AC008443.6",0,0,0,0,0,0,0,0,0,2
"AC008443.4",0,1,0,0,0,0,0,0,0,0
"TRIM41",5,25,18,42,31,6,6,24,10,13
"AC008443.2",0,0,0,0,0,0,0,0,0,0
"RACK1",11,70,50,69,86,56,24,59,35,35
"TRIM52",4,24,29,52,49,9,19,23,10,21
"AC138035.1",1,9,6,2,6,0,0,0,0,9
"AC138035.2",1,4,0,5,6,2,2,6,3,2
"AL035696.3",0,0,1,0,0,0,0,0,0,0
"DUSP22",6,32,16,38,28,3,8,9,5,15
"IRF4",0,0,1,0,5,0,0,0,0,0
"EXOC2",17,98,83,200,144,20,44,83,22,102
"AL357054.4",0,0,0,0,0,1,0,0,0,0
"AL357054.2",3,7,9,7,8,0,1,4,0,10
"AL357054.3",3,1,6,3,1,1,0,2,3,9
"AL356130.2",0,0,0,1,0,0,0,0,0,0
"AL033381.1",0,1,0,2,1,0,1,1,0,1
"FOXQ1",0,0,0,0,0,1,0,0,0,0
"LINC01394",0,0,0,0,0,0,0,0,0,0
"FOXF2",0,2,1,1,0,0,0,0,0,1
"AL512329.2",1,2,0,2,1,0,0,0,0,2
"FOXC1",0,0,0,1,0,0,0,0,1,0
"GMDS",23,93,95,163,166,32,40,88,25,102
"GMDS-DT",80,405,292,430,451,112,134,243,110,296
"LINC01600",4,8,10,21,25,10,7,12,5,24
"MYLK4",0,3,5,3,3,0,2,4,1,5
"WRNIP1",5,31,29,77,32,14,12,28,12,15
"SERPINB1",1,33,14,17,12,5,8,5,2,6
"SERPINB9P1",0,6,3,3,2,1,1,3,0,4
"SERPINB9",2,195,32,48,75,38,40,48,19,106
"SERPINB6",24,100,78,134,97,34,30,76,28,64
"LINC01011",0,2,4,0,1,0,0,0,0,0
"NQO2",16,79,82,67,85,26,18,40,21,56
"AL133351.1",0,2,1,3,3,0,0,0,0,3
"RIPK1",12,79,37,50,52,13,15,29,8,44
"AL031963.3",0,3,4,6,5,2,1,3,0,6
"BPHL",4,19,18,13,28,4,11,12,2,16
"AL031963.1",2,10,6,31,14,6,5,11,0,15
"TUBB2A",47,205,80,92,96,58,53,89,34,53
"LINC02525",0,10,4,2,1,0,1,7,1,11
"TUBB2B",33,755,164,197,277,216,165,397,125,250
"PSMG4",8,131,64,115,109,17,32,79,12,76
"SLC22A23",37,212,144,358,217,58,77,101,51,134
"AL445309.1",0,0,0,1,0,0,0,0,0,0
"AL138881.1",8,0,36,25,14,7,9,9,4,16
"PXDC1",3,18,10,29,15,9,7,17,6,9
"AL391422.3",0,6,2,2,1,0,4,3,1,1
"FAM50B",3,16,10,12,10,7,8,9,3,5
"AL590004.4",0,0,0,0,0,0,0,0,0,0
"AL138831.2",0,0,0,1,0,0,0,0,0,0
"AL138831.1",3,14,3,3,16,2,5,6,3,12
"PRPF4B",23,182,172,285,260,65,35,129,40,121
"FAM217A",1,8,6,4,9,1,2,2,3,8
"C6orf201",0,1,4,1,0,0,0,0,0,1
"ECI2",9,47,42,69,43,22,30,51,11,34
"AL136309.2",0,0,0,1,0,0,0,0,0,2
"AL162718.1",2,1,1,1,0,0,2,0,0,3
"LINC02533",0,0,0,0,0,0,0,0,0,0
"AL034376.2",0,0,0,0,0,0,0,0,0,0
"CDYL",17,143,67,151,122,33,50,53,24,63
"AL356747.1",0,0,0,0,0,0,0,0,0,0
"RPP40",1,3,6,6,4,2,1,5,0,8
"AL359643.3",0,0,2,0,2,1,0,1,1,1
"AL359643.2",0,8,16,22,16,2,2,6,4,5
"PPP1R3G",0,6,6,9,14,5,5,6,3,4
"LYRM4",11,60,62,99,110,19,15,56,8,71
"FARS2",29,142,195,384,373,86,106,143,57,211
"AL021328.1",1,0,0,0,1,0,0,0,0,0
"AL022097.1",1,5,6,8,2,0,1,2,1,6
"AL136307.1",0,2,5,0,3,0,0,0,2,2
"NRN1",11,14,23,12,9,2,1,1,0,6
"F13A1",0,3,9,6,8,4,4,6,3,3
"LY86-AS1",6,31,63,46,64,8,8,4,3,7
"LY86",1,0,6,7,10,1,2,1,0,4
"AL031123.1",0,0,1,1,0,0,0,1,0,0
"AL158817.1",0,0,2,1,0,0,0,0,0,0
"RREB1",15,152,76,155,116,24,26,46,15,88
"SSR1",24,108,111,190,201,50,57,86,31,104
"AL139095.4",7,35,44,18,41,4,12,16,2,53
"CAGE1",1,3,1,10,6,0,0,0,0,4
"RIOK1",2,11,10,17,27,9,4,12,3,8
"AL031058.1",0,0,0,0,0,0,0,0,0,1
"DSP",0,1,1,4,2,1,0,1,0,1
"SNRNP48",1,13,20,39,45,14,12,31,2,43
"BMP6",2,3,2,5,3,0,0,1,1,0
"TXNDC5",0,0,1,0,0,1,0,0,0,0
"BLOC1S5-TXNDC5",1,27,14,25,17,3,4,10,4,14
"EEF1E1-BLOC1S5",0,1,0,1,2,0,0,1,0,0
"EEF1E1",0,0,0,0,0,0,0,0,0,0
"SLC35B3",12,30,41,61,46,13,19,33,8,61
"AL137220.1",0,0,0,1,0,0,0,0,0,0
"TFAP2A",0,0,0,0,0,0,0,0,0,0
"AL138885.3",0,0,0,0,0,0,1,0,3,0
"LINC00518",1,1,2,3,0,1,0,1,1,0
"MIR5689HG",0,0,1,0,0,0,0,0,0,0
"GCNT2",0,6,5,13,10,2,1,1,0,3
"AL139039.3",0,0,1,0,0,0,0,0,0,0
"C6orf52",2,2,5,10,7,1,0,2,0,4
"PAK1IP1",5,24,13,30,23,20,9,22,6,17
"TMEM14C",13,38,46,61,44,37,18,36,6,36
"AL024498.1",2,4,7,5,9,2,3,6,3,5
"TMEM14B",0,1,0,0,1,0,0,2,0,0
"AL024498.2",8,35,42,73,67,3,7,11,3,50
"MAK",12,82,227,325,193,36,22,50,12,274
"GCM2",0,2,0,5,0,1,1,2,0,2
"SYCP2L",9,40,47,49,56,8,4,4,6,45
"ELOVL2",26,138,88,172,234,58,64,102,27,172
"ELOVL2-AS1",0,5,6,7,8,1,0,3,0,6
"SMIM13",4,34,29,56,52,17,14,12,7,19
"AL139807.1",5,28,29,52,23,3,3,10,6,35
"NEDD9",5,54,41,100,53,6,9,21,12,59
"AL445430.1",0,3,0,0,1,0,0,1,0,5
"AL445430.2",0,0,0,2,0,0,0,0,0,1
"TMEM170B",13,49,34,84,103,32,40,45,13,59
"ADTRP",2,3,1,4,3,1,1,0,0,2
"AL157373.2",1,0,0,0,0,0,0,0,0,0
"HIVEP1",32,140,149,262,247,55,80,129,39,185
"EDN1",1,2,2,5,3,0,0,0,0,0
"PHACTR1",122,591,658,892,786,103,148,216,80,356
"AL008729.1",0,0,0,0,0,0,0,0,0,0
"TBC1D7",4,9,16,14,10,5,6,9,6,15
"GFOD1",22,64,103,148,141,21,23,44,16,96
"SIRT5",20,48,48,99,66,19,23,36,13,61
"AL441883.1",1,3,1,2,0,0,0,0,0,1
"NOL7",10,56,33,43,61,36,25,51,16,65
"RANBP9",23,285,162,292,229,65,88,94,43,158
"MCUR1",7,64,42,34,56,15,25,25,8,61
"AL023583.1",0,1,0,1,2,0,0,1,0,0
"RNF182",20,113,85,146,194,67,74,124,44,142
"CD83",7,11,22,30,16,3,3,5,1,14
"AL080313.1",0,0,1,1,0,0,0,0,0,0
"AL138720.1",4,13,7,11,12,3,2,11,2,20
"AL136162.1",0,1,0,0,0,0,0,0,0,0
"JARID2",77,620,345,855,532,113,177,172,86,399
"DTNBP1",18,155,81,133,158,27,46,57,11,113
"MYLIP",9,18,34,41,41,10,7,16,5,10
"GMPR",14,51,42,55,81,53,60,41,23,45
"AL009031.1",0,0,0,0,0,0,0,0,0,0
"ATXN1",104,451,434,710,796,173,214,285,117,438
"AL137003.1",0,1,0,0,1,0,0,0,0,0
"AL137003.2",1,1,2,6,4,1,0,1,1,2
"STMND1",0,1,0,1,1,0,0,0,0,2
"RBM24",0,1,3,3,5,2,0,1,1,0
"CAP2",19,72,73,156,118,37,12,51,9,70
"FAM8A1",3,28,26,43,50,24,20,29,13,27
"NUP153",22,93,71,135,121,31,43,98,21,104
"AL138724.1",0,2,1,0,0,0,0,1,0,0
"KIF13A",76,334,312,563,506,76,119,186,63,403
"NHLRC1",0,2,1,1,0,0,1,1,0,1
"TPMT",4,20,18,25,34,5,8,7,5,29
"KDM1B",12,37,28,51,58,21,11,30,7,54
"DEK",8,54,49,73,74,39,32,33,14,53
"RNF144B",5,29,23,24,30,5,9,8,4,37
"MIR548A1HG",0,2,1,3,2,1,2,1,1,2
"AL357052.1",1,13,10,17,53,3,9,1,1,18
"AL022068.1",24,212,122,178,696,29,47,66,49,171
"ID4",24,188,75,167,124,113,119,192,63,185
"MBOAT1",3,1,4,9,3,1,2,6,2,5
"AL158198.1",1,2,3,4,5,2,1,0,1,2
"E2F3",21,72,65,104,84,17,16,23,11,59
"CDKAL1",72,281,268,484,427,106,147,229,78,312
"AL513188.1",4,14,26,12,20,5,8,29,3,26
"LINC00581",0,0,0,3,1,1,1,0,0,1
"AL512380.1",0,0,1,0,2,0,0,0,0,0
"AL512380.2",2,6,2,4,7,1,0,1,2,3
"SOX4",0,4,16,16,19,4,0,3,1,4
"CASC15",8,33,30,46,31,9,7,7,6,23
"NBAT1",1,2,3,3,1,0,0,1,0,3
"AL035401.1",2,10,12,14,14,4,4,9,3,10
"NRSN1",9,25,28,35,26,3,5,12,1,6
"DCDC2",1,8,8,14,8,2,3,2,1,19
"MRS2",3,40,34,42,42,8,13,21,12,44
"GPLD1",8,52,45,69,56,16,33,29,7,55
"ALDH5A1",5,36,29,34,46,11,15,20,12,42
"KIAA0319",52,199,184,431,395,116,150,221,95,347
"TDP2",8,57,38,72,70,28,27,31,13,36
"ACOT13",6,45,29,46,50,12,25,23,16,46
"AL031775.1",0,0,0,4,0,0,0,2,0,2
"C6orf62",23,106,63,142,127,103,84,123,88,101
"AL031775.2",0,0,0,2,0,0,0,1,0,0
"AL133264.2",0,2,1,1,0,0,1,1,0,0
"GMNN",1,46,18,23,18,21,26,22,28,31
"AL512428.1",0,2,0,1,3,2,2,1,1,0
"RIPOR2",21,135,86,99,151,45,46,46,45,87
"AL133268.3",0,0,0,0,0,1,1,0,0,1
"CARMIL1",209,1210,755,1808,1554,297,455,582,214,1332
"SCGN",0,2,1,2,2,2,1,1,0,0
"SLC17A4",0,0,0,0,0,0,0,0,0,0
"SLC17A1",0,0,0,0,0,0,0,0,0,0
"SLC17A3",0,0,0,0,0,0,0,0,0,0
"TRIM38",0,0,1,0,4,0,0,0,0,1
"U91328.2",0,2,1,5,5,0,0,0,0,1
"U91328.1",0,2,2,1,2,1,0,1,1,1
"U91328.3",1,2,0,0,0,2,1,0,1,1
"HIST1H1C",2,15,8,2,21,12,5,21,6,7
"HFE",4,7,27,23,29,8,6,17,5,22
"HIST1H4C",7,52,17,18,46,12,8,12,10,14
"HIST1H2BC",1,1,1,10,15,1,4,4,3,4
"HIST1H2AC",11,17,27,49,78,49,23,70,21,47
"HIST1H1E",0,1,1,0,1,0,0,0,0,0
"HIST1H2BD",0,3,2,11,15,2,4,9,2,15
"AL353759.1",2,1,3,5,5,5,0,3,3,6
"HIST1H2BE",0,2,3,10,6,2,5,10,3,4
"AL031777.3",1,0,3,1,0,1,0,0,0,1
"HIST1H2BF",0,0,0,0,0,0,0,0,0,0
"HIST1H4E",1,1,2,3,6,8,1,4,0,4
"HIST1H2BG",0,1,2,0,2,1,1,0,1,1
"HIST1H2AE",0,2,1,0,0,2,0,0,0,0
"HIST1H3E",0,0,1,0,2,1,0,1,0,0
"HIST1H1D",0,0,2,1,0,0,0,0,0,0
"HIST1H2BH",0,0,0,0,0,1,0,1,0,0
"HIST1H4H",0,7,4,5,6,9,1,2,1,13
"BTN3A2",0,1,4,4,4,1,0,1,0,1
"BTN2A2",2,5,2,0,6,3,4,5,2,1
"BTN3A1",4,1,4,4,7,4,2,8,1,5
"BTN3A3",0,3,2,9,3,3,3,1,0,2
"BTN2A1",3,9,24,18,32,8,11,12,5,17
"BTN1A1",0,1,0,0,0,0,0,0,0,2
"HCG11",2,1,5,6,7,1,6,2,2,12
"HMGN4",2,14,6,2,7,2,3,6,3,10
"AL121936.1",0,0,0,0,0,0,0,0,0,0
"ABT1",1,9,8,13,9,4,4,9,2,8
"AL513548.3",0,0,0,0,2,0,0,0,0,0
"ZNF322",5,29,13,19,28,6,11,10,5,24
"AL513548.1",3,2,10,11,11,9,3,7,3,6
"LINC00240",6,44,40,63,57,9,16,29,10,49
"AL133255.1",0,0,2,0,1,0,0,1,1,0
"AL021807.1",0,0,0,0,0,0,1,0,0,0
"HIST1H2BJ",0,1,1,0,5,0,0,1,1,2
"HIST1H2AG",0,0,0,0,0,1,0,0,0,0
"HIST1H4I",0,0,0,0,0,0,0,0,0,0
"PRSS16",0,0,0,0,0,0,0,0,0,0
"POM121L2",0,1,2,1,0,0,0,0,0,0
"ZNF391",0,12,4,3,8,1,0,4,0,3
"AL031118.1",0,0,0,0,2,0,0,0,0,0
"ZNF184",1,8,12,20,10,4,2,10,1,11
"AL009179.1",1,1,0,2,1,0,0,1,0,0
"HIST1H3H",0,0,1,0,1,0,0,0,0,0
"HIST1H4J",0,0,1,0,0,0,0,0,1,0
"HIST1H2BN",1,2,2,2,1,1,1,2,0,2
"HIST1H3J",0,0,0,0,1,0,0,0,0,0
"AL121944.1",3,21,28,11,27,6,3,5,5,17
"ZNF165",0,2,2,1,3,0,1,0,0,0
"ZSCAN16-AS1",11,61,61,66,71,21,23,35,7,49
"ZSCAN16",1,2,3,1,6,0,1,2,1,2
"AL358933.1",1,0,0,0,0,0,0,0,0,0
"ZKSCAN8",8,19,21,21,26,5,8,9,4,16
"ZSCAN9",4,12,5,13,7,9,6,15,4,10
"ZKSCAN4",1,8,5,3,3,2,3,6,0,6
"NKAPL",2,19,17,30,44,10,14,19,3,31
"ZSCAN26",0,0,0,0,0,0,0,0,0,0
"AL021997.3",0,3,0,1,7,1,3,2,0,4
"PGBD1",5,47,42,51,69,8,14,22,5,35
"ZSCAN31",3,170,34,13,58,11,24,187,31,19
"ZKSCAN3",1,14,5,5,7,6,3,7,0,5
"ZSCAN12",2,15,16,14,11,4,5,14,1,13
"ZSCAN23",2,18,19,17,36,10,21,22,4,48
"GPX5",0,0,0,0,0,1,0,0,0,0
"ZBED9",1,1,2,1,1,0,1,0,0,1
"AL049543.1",0,0,0,0,0,0,0,0,0,0
"LINC01623",0,0,0,0,0,0,0,0,0,0
"HCG14",0,0,1,0,0,0,0,1,0,1
"TRIM27",12,24,30,54,40,12,8,21,7,29
"LINC01556",0,1,0,0,0,0,0,0,2,0
"AL662791.1",0,0,3,1,0,1,0,0,0,3
"ZNF311",2,0,0,2,1,1,2,2,1,7
"AL662791.2",0,0,2,0,0,0,0,0,0,2
"AL645937.2",0,0,0,0,0,0,0,0,0,0
"AL645937.4",0,0,0,0,0,0,0,0,0,0
"OR5V1",0,1,0,1,4,1,2,4,1,3
"OR11A1",1,0,1,0,1,0,1,0,0,0
"OR2I1P",0,0,0,0,0,0,0,0,0,0
"GABBR1",125,199,278,483,405,95,109,216,98,304
"OR2H2",0,11,12,18,26,15,6,24,1,36
"MOG",37,106,56,60,68,20,22,19,18,50
"ZFP57",0,0,0,0,0,0,0,0,0,0
"HLA-F",1,9,8,28,12,2,5,13,0,5
"AL645939.4",0,0,1,0,0,0,0,0,0,0
"HLA-A",31,192,142,221,222,76,51,150,34,129
"HCG9",0,2,0,1,0,1,0,1,0,3
"ZNRD1",0,9,11,11,9,5,3,9,2,11
"PPP1R11",5,31,11,31,29,4,6,21,6,13
"TRIM31-AS1",0,0,0,1,0,0,0,0,0,0
"TRIM26",11,49,30,73,50,14,16,17,9,33
"HCG17",42,160,203,394,316,50,67,116,50,235
"HCG18",0,0,0,1,0,0,0,1,0,1
"TRIM39",0,0,0,0,0,0,0,1,0,1
"TRIM39-RPP21",0,0,1,0,0,0,0,1,0,0
"RPP21",1,0,1,4,2,7,3,2,2,1
"HLA-E",13,51,25,27,70,26,9,25,9,19
"GNL1",13,67,53,58,37,12,6,25,13,29
"PRR3",6,39,19,12,23,6,7,22,10,25
"ABCF1",9,47,45,70,54,12,7,17,3,32
"PPP1R10",6,42,58,172,74,16,13,39,13,91
"MRPS18B",7,62,38,30,28,10,16,27,6,25
"ATAT1",14,62,54,83,68,20,18,26,15,51
"C6orf136",9,42,50,59,29,14,19,21,12,48
"DHX16",4,11,11,14,10,4,7,15,6,9
"PPP1R18",3,12,4,12,8,1,2,5,1,6
"NRM",0,1,1,0,1,0,1,1,1,0
"MDC1",6,49,27,23,37,8,18,15,8,36
"MDC1-AS1",4,38,15,9,13,7,5,13,1,25
"TUBB",21,122,76,178,77,44,21,61,24,31
"AL662797.1",0,1,0,0,0,0,1,0,0,0
"FLOT1",19,158,133,216,167,64,44,90,18,92
"IER3-AS1",0,3,1,0,1,0,1,0,0,0
"IER3",3,10,12,12,5,3,2,4,3,6
"HCG20",0,0,2,1,0,1,0,1,1,2
"LINC00243",1,1,2,0,1,0,0,2,1,1
"LINC02570",0,1,0,0,2,0,0,0,0,2
"DDR1-DT",0,1,1,0,0,1,0,0,0,0
"DDR1",30,139,116,254,250,113,76,105,65,142
"VARS2",9,31,45,90,62,26,19,38,25,25
"SFTA2",0,2,5,1,0,1,0,1,0,1
"MUCL3",0,0,1,0,1,0,0,0,0,0
"MUC21",0,1,0,0,0,0,0,0,0,0
"MUC22",0,0,0,1,0,0,0,0,0,0
"HCG22",0,0,1,0,0,0,3,1,0,0
"PSORS1C1",1,2,8,19,3,8,0,10,0,12
"CDSN",0,3,5,6,0,3,0,0,1,9
"CCHCR1",4,9,13,36,27,14,8,28,8,11
"TCF19",1,2,2,3,4,1,2,3,2,1
"POU5F1",1,0,2,23,2,2,0,3,2,2
"AL662844.4",3,4,7,1,2,2,6,3,0,10
"HCG27",1,6,11,4,8,1,1,1,5,3
"AL662844.3",0,1,0,0,0,0,0,0,0,0
"HLA-C",16,92,15,44,81,2,25,19,8,58
"HLA-B",8,29,73,38,116,57,17,48,4,22
"AL645933.2",0,3,1,0,0,0,2,4,0,3
"MICA",15,80,29,36,48,3,25,20,4,38
"LINC01149",0,0,0,0,0,0,0,0,0,0
"MICB",0,0,0,1,0,0,1,0,0,0
"ATP6V1G2-DDX39B",0,0,0,0,0,1,0,0,1,1
"DDX39B-AS1",0,0,0,0,0,0,0,0,0,0
"ATP6V1G2",4,4,5,6,10,1,4,3,0,6
"NFKBIL1",8,26,24,21,14,4,10,14,6,15
"LTA",1,0,0,0,1,0,0,1,0,0
"TNF",1,0,0,1,0,0,0,0,0,0
"LTB",0,5,13,4,10,0,2,4,1,3
"LST1",3,0,4,3,7,1,0,0,0,2
"NCR3",1,0,0,0,0,0,0,0,0,0
"AIF1",2,0,6,1,4,1,0,3,0,1
"PRRC2A",16,54,54,81,59,25,30,46,27,53
"BAG6",13,24,39,74,30,23,11,28,21,23
"APOM",0,3,3,2,2,1,1,0,1,0
"C6orf47",4,14,15,12,13,5,2,11,5,9
"C6orf47-AS1",0,0,0,0,0,0,0,0,0,0
"GPANK1",3,68,48,45,35,11,14,28,7,35
"CSNK2B",0,1,0,0,0,0,0,1,0,0
"LY6G5B",0,0,1,1,3,0,0,0,0,1
"LY6G5C",3,1,3,3,4,0,1,4,1,3
"ABHD16A",0,1,1,1,0,6,1,3,2,0
"AL662899.1",0,0,1,2,3,0,0,0,0,1
"LY6G6F-LY6G6D",0,1,0,0,2,0,0,0,0,0
"MPIG6B",0,1,0,1,0,3,0,0,0,0
"LY6G6C",0,1,2,0,1,0,0,1,2,1
"DDAH2",15,36,50,50,53,25,19,32,11,53
"CLIC1",0,0,3,2,7,2,3,1,0,1
"SAPCD1-AS1",0,2,0,2,3,2,0,0,0,1
"VWA7",1,0,0,0,1,0,0,0,1,1
"VARS",6,11,20,19,18,3,3,12,4,9
"LSM2",8,41,41,49,34,9,6,12,3,23
"HSPA1L",0,3,5,5,2,3,0,2,1,4
"HSPA1A",6,177,39,96,196,311,76,784,45,99
"HSPA1B",0,10,6,6,6,31,2,25,5,5
"C6orf48",17,33,38,30,26,19,20,20,6,26
"NEU1",6,40,28,38,32,11,13,19,3,22
"SLC44A4",0,1,0,1,0,0,0,0,0,0
"EHMT2-AS1",3,9,11,13,10,2,3,7,0,10
"EHMT2",25,33,44,87,42,15,13,28,11,30
"C2",1,6,4,7,8,2,3,3,1,5
"ZBTB12",0,1,0,0,0,0,0,0,0,0
"C2-AS1",0,0,1,1,0,0,0,0,0,0
"CFB",0,0,0,1,0,0,0,0,0,0
"NELFE",7,24,43,50,53,21,18,21,6,21
"SKIV2L",10,13,24,45,25,13,18,26,9,16
"DXO",9,18,20,24,26,14,12,28,10,22
"STK19",6,46,29,54,44,19,16,28,6,39
"C4A",0,0,0,0,0,1,0,0,0,0
"C4B",0,0,0,0,1,1,0,1,1,0
"CYP21A2",1,0,2,10,7,9,2,5,0,0
"TNXB",4,10,28,36,24,8,1,8,8,13
"ATF6B",19,158,106,125,146,40,48,91,29,229
"FKBPL",0,3,4,0,2,0,0,2,2,2
"PRRT1",11,30,33,59,26,9,6,20,5,8
"AL662884.4",1,3,5,0,3,0,0,2,0,3
"PPT2-EGFL8",0,0,0,0,2,1,0,2,0,1
"AGPAT1",11,32,14,61,47,16,16,21,6,26
"RNF5",8,28,11,8,19,11,9,8,5,12
"AGER",5,6,4,12,14,5,3,9,2,6
"PBX2",9,18,27,58,40,14,15,18,8,21
"GPSM3",1,1,2,1,4,0,1,1,0,0
"NOTCH4",0,1,2,0,1,0,0,0,1,1
"AL662796.1",6,26,33,34,51,14,31,32,24,68
"C6orf10",2,2,3,3,4,2,2,3,2,4
"BTNL2",0,0,0,0,0,0,0,0,0,1
"HLA-DRA",3,3,5,9,44,3,1,1,20,3
"HLA-DRB5",0,0,0,7,3,2,0,0,0,1
"HLA-DRB1",1,0,2,2,13,4,0,0,7,5
"HLA-DQA1",1,0,0,1,3,0,1,0,0,0
"HLA-DQB1",1,2,1,0,11,1,0,1,0,2
"HLA-DQA2",0,0,0,0,2,0,0,1,0,0
"HLA-DOB",0,1,5,0,0,0,0,0,1,0
"AL669918.1",0,0,0,1,0,0,0,0,0,0
"PSMB8",0,5,7,3,9,6,4,7,2,5
"PSMB9",5,19,14,13,24,5,2,13,3,11
"TAP1",3,24,24,31,21,7,8,14,8,21
"HLA-DMB",0,0,0,0,7,0,0,0,0,0
"AL645941.2",0,1,1,0,2,1,0,0,0,1
"HLA-DMA",2,4,6,7,9,1,0,2,1,6
"BRD2",20,73,59,118,87,39,40,68,26,69
"HLA-DOA",0,0,0,1,3,0,0,0,0,0
"HLA-DPA1",7,2,8,3,21,0,1,1,0,2
"HLA-DPB1",0,5,3,5,22,3,4,2,2,5
"HCG24",0,0,0,1,0,0,1,0,0,0
"COL11A2",5,5,13,13,10,1,1,1,0,2
"RXRB",11,41,35,34,30,10,13,21,8,23
"SLC39A7",9,22,13,23,23,7,10,11,3,12
"HSD17B8",4,8,16,3,8,1,7,4,1,4
"RING1",19,96,125,245,104,32,39,65,27,63
"AL645940.1",0,0,1,3,0,2,0,1,0,1
"HCG25",4,14,13,16,19,1,1,4,1,14
"VPS52",9,40,56,84,73,12,17,39,15,46
"RPS18",14,72,45,30,57,49,13,36,27,36
"B3GALT4",2,6,8,6,13,2,2,3,2,4
"WDR46",8,15,20,35,14,8,7,14,5,7
"PFDN6",17,44,33,53,42,16,11,35,5,17
"RGL2",23,57,84,195,135,64,83,136,37,98
"TAPBP",18,86,79,181,104,42,38,77,39,70
"ZBTB22",0,8,3,14,13,4,5,7,1,3
"DAXX",3,10,7,13,10,8,2,7,2,5
"AL662820.1",0,0,1,0,0,1,0,1,1,0
"KIFC1",1,0,0,1,1,0,0,0,0,0
"PHF1",16,47,52,80,70,44,31,73,19,51
"CUTA",32,82,117,113,70,56,20,51,14,39
"SYNGAP1",16,31,62,136,89,34,34,74,28,67
"SYNGAP1-AS1",6,16,40,39,37,10,15,21,2,45
"ZBTB9",0,0,1,0,0,0,0,1,0,1
"BAK1",2,7,9,10,9,8,0,9,4,1
"LINC00336",0,0,0,1,0,0,0,0,0,0
"ITPR3",0,3,2,1,2,1,2,3,0,5
"UQCC2",16,46,41,71,56,10,19,20,9,30
"IP6K3",3,13,8,5,6,2,2,1,2,1
"LEMD2",11,56,43,52,48,20,20,25,7,26
"MLN",0,2,0,0,0,1,0,0,0,4
"LINC01016",0,0,0,0,0,0,0,0,1,0
"GRM4",0,4,4,11,10,1,0,2,0,3
"HMGA1",4,14,6,31,14,8,3,13,3,12
"SMIM29",12,75,83,105,73,54,36,105,16,74
"NUDT3",21,183,157,346,157,39,31,71,23,89
"RPS10-NUDT3",1,10,14,16,13,3,4,4,1,17
"PACSIN1",13,20,22,40,22,5,9,6,2,6
"SPDEF",0,0,1,1,1,0,0,0,0,0
"C6orf106",12,68,64,124,83,15,24,34,15,61
"AL451165.2",2,9,24,19,26,8,16,14,5,16
"SNRPC",9,37,24,34,33,10,12,24,7,20
"UHRF1BP1",4,50,54,83,68,16,21,30,10,51
"TAF11",11,62,49,52,56,13,18,34,12,53
"ANKS1A",28,92,108,203,163,34,38,73,20,97
"TCP11",0,0,0,0,0,0,0,0,0,0
"SCUBE3",5,25,32,26,33,2,2,7,0,24
"Z97832.2",0,1,3,5,5,0,0,4,0,1
"ZNF76",12,53,71,80,77,37,20,25,14,68
"DEF6",0,1,2,2,5,0,1,0,0,2
"PPARD",12,29,31,40,53,12,17,20,12,33
"FANCE",0,3,4,3,3,2,1,1,0,2
"RPL10A",32,108,104,50,122,39,49,62,21,77
"TEAD3",3,33,22,18,8,1,7,11,1,20
"TULP1",0,1,1,1,0,0,1,1,2,0
"FKBP5",22,497,183,612,324,183,267,187,130,518
"AL157823.2",1,0,0,2,0,1,1,0,0,2
"ARMC12",2,3,4,6,6,6,5,8,4,6
"CLPSL2",0,0,0,0,0,0,0,0,0,0
"CLPSL1",1,1,4,1,1,0,0,0,0,0
"CLPS",0,0,1,0,0,0,0,0,0,0
"LHFPL5",0,6,6,7,13,1,2,0,1,4
"SRPK1",4,53,68,88,99,17,20,29,6,37
"SLC26A8",3,11,12,15,16,0,3,1,0,13
"MAPK14",21,129,99,120,151,28,33,57,29,81
"MAPK13",2,5,11,10,9,0,4,2,1,6
"Z84485.1",7,16,29,21,26,8,6,11,3,35
"BRPF3",3,12,17,33,29,6,4,11,6,11
"PNPLA1",1,0,2,6,4,1,3,0,2,0
"C6orf222",0,0,0,0,0,0,0,0,0,0
"ETV7",0,2,0,1,0,1,1,0,1,0
"Z84484.1",0,0,0,0,1,0,1,0,0,0
"PXT1",1,3,0,6,4,0,0,2,1,3
"KCTD20",10,65,45,40,77,13,16,22,5,40
"STK38",12,62,57,108,105,26,34,31,19,83
"SRSF3",34,76,69,134,95,67,69,100,16,83
"CDKN1A",1,12,2,7,6,5,2,4,2,1
"RAB44",0,0,1,1,0,0,0,0,0,0
"CPNE5",6,13,18,49,30,6,3,2,3,3
"PPIL1",2,12,6,6,8,5,5,4,1,5
"C6orf89",23,98,74,131,103,24,25,49,19,70
"AL122034.1",0,0,0,0,0,0,0,0,0,1
"PI16",8,27,29,39,39,28,17,5,12,38
"MTCH1",54,249,189,195,157,62,51,95,41,111
"FGD2",0,0,2,2,6,0,1,1,1,1
"PIM1",1,19,10,40,10,4,0,33,3,5
"TMEM217",2,13,11,16,13,4,4,4,2,10
"TBC1D22B",7,58,33,98,48,10,12,14,12,45
"RNF8",10,59,39,72,34,13,12,32,4,31
"CMTR1",8,38,28,53,40,11,5,17,8,27
"CCDC167",4,19,18,22,20,12,5,17,7,17
"LINC02520",0,0,0,1,1,0,0,0,0,0
"MDGA1",14,19,40,38,36,18,18,35,8,22
"AL121574.1",0,2,2,1,5,0,1,3,1,4
"ZFAND3",124,607,532,1136,896,211,285,395,126,670
"BTBD9",90,396,387,609,654,134,167,251,86,489
"GLO1",18,97,54,83,81,29,30,51,20,56
"DNAH8",1,2,9,12,6,3,1,1,1,3
"AL034345.2",0,2,0,0,0,0,0,0,0,0
"GLP1R",0,0,0,1,3,0,0,0,0,1
"SAYSD1",0,4,10,14,17,10,7,18,4,11
"KCNK5",1,0,0,2,0,0,0,0,0,0
"KCNK17",0,1,1,0,0,1,0,0,0,0
"KIF6",25,62,46,90,114,35,32,26,24,72
"DAAM2",162,221,238,318,356,76,105,170,90,295
"AL590999.1",1,5,6,5,4,0,1,1,0,7
"MOCS1",6,15,14,19,14,4,2,15,6,13
"AL139275.2",0,0,0,0,0,0,0,0,0,0
"TDRG1",0,1,0,0,1,1,1,0,0,1
"LINC00951",0,1,1,8,7,2,1,1,1,0
"AL139275.1",1,0,0,0,1,0,0,0,0,1
"LRFN2",17,52,68,69,79,7,8,23,1,39
"UNC5CL",2,5,7,12,3,0,2,0,3,4
"OARD1",17,67,72,101,98,30,29,34,22,86
"APOBEC2",2,7,10,7,8,1,0,6,2,14
"NFYA",1,9,5,14,22,12,6,9,2,16
"TREML1",0,0,1,0,0,0,0,0,0,0
"TREM2",0,0,4,2,9,1,0,0,0,3
"TREML2",0,0,0,0,0,0,0,0,0,1
"TREML4",0,0,0,0,0,0,0,0,0,0
"TREM1",0,0,0,0,0,0,0,0,0,0
"FOXP4-AS1",0,2,4,1,2,1,0,2,0,3
"LINC01276",0,2,1,0,3,0,0,0,0,0
"FOXP4",3,11,11,18,16,8,4,8,7,4
"MDFI",1,2,0,2,0,1,0,0,0,1
"TFEB",13,85,54,111,81,19,18,30,23,50
"AL035588.1",1,2,0,3,0,0,0,0,1,0
"PGC",0,1,0,0,0,0,0,0,0,0
"AL365205.3",1,0,0,1,0,0,0,0,1,0
"FRS3",2,7,10,13,11,6,5,8,3,11
"AL365205.1",1,4,1,3,5,2,2,1,0,6
"USP49",7,60,56,112,79,22,13,27,8,69
"AL160163.1",0,0,0,1,0,0,0,1,0,0
"MED20",2,2,5,8,7,2,3,5,2,6
"BYSL",1,5,3,6,3,1,1,2,1,2
"CCND3",19,128,91,148,191,53,68,69,42,186
"TAF8",4,37,34,41,54,11,10,21,10,49
"AL512274.1",0,0,0,0,0,0,0,0,0,1
"C6orf132",1,4,4,5,3,2,1,1,0,2
"GUCA1A",0,0,0,0,0,0,0,0,0,1
"GUCA1B",2,23,8,17,4,5,2,5,1,18
"MRPS10",5,35,19,40,21,14,6,14,6,28
"TRERF1",18,65,108,127,147,19,28,53,12,87
"UBR2",38,339,226,332,331,67,112,161,66,259
"PRPH2",0,5,3,6,6,1,0,0,0,1
"TBCC",6,25,15,23,21,10,15,6,1,13
"BICRAL",43,172,150,213,235,55,62,88,48,207
"RPL7L1",8,50,28,43,44,13,14,26,7,38
"C6orf226",13,27,19,37,18,11,13,20,4,14
"PTCRA",0,0,0,1,0,0,0,1,0,1
"CNPY3",6,15,16,38,22,5,11,10,5,9
"AL035587.1",1,10,14,20,26,4,1,5,2,13
"GNMT",0,1,3,5,6,0,1,1,0,0
"PEX6",12,45,55,78,65,15,18,43,20,54
"PPP2R5D",4,24,22,50,18,9,6,14,3,8
"MEA1",5,26,20,17,12,6,3,8,5,7
"KLHDC3",9,47,47,62,58,32,16,39,13,33
"RRP36",3,30,32,43,32,7,8,19,8,24
"AL136304.1",0,1,1,3,1,0,0,1,1,1
"CUL7",4,13,20,35,30,5,5,12,5,13
"KLC4",25,52,79,151,90,39,24,58,17,95
"MRPL2",8,37,21,21,23,15,11,18,3,13
"PTK7",6,31,20,43,26,2,10,19,9,21
"SRF",3,17,19,25,12,4,2,6,6,5
"CUL9",12,32,45,70,42,19,8,36,15,24
"AL133375.1",0,1,1,1,0,0,0,0,0,0
"DNPH1",7,34,23,34,32,8,13,18,3,14
"TTBK1",8,11,27,38,37,8,5,18,6,24
"SLC22A7",0,1,0,0,1,0,1,0,0,0
"CRIP3",4,1,12,15,17,2,4,6,3,4
"ZNF318",11,41,52,98,92,23,31,39,12,68
"ABCC10",8,19,22,61,37,13,12,24,5,25
"DLK2",2,2,2,0,0,1,0,0,0,0
"TJAP1",14,46,38,63,62,29,28,32,15,39
"LRRC73",2,13,4,14,10,0,1,4,1,3
"POLR1C",12,42,64,72,61,27,14,34,8,74
"YIPF3",12,43,42,43,51,36,34,36,16,39
"AL355802.2",0,0,0,2,0,0,0,1,0,0
"XPO5",18,71,62,90,96,20,23,45,6,67
"POLH",4,13,20,25,31,5,5,11,1,25
"POLH-AS1",0,1,3,3,2,0,1,0,0,1
"GTPBP2",8,17,24,27,46,2,6,24,5,35
"MAD2L1BP",2,4,3,2,3,4,1,7,0,10
"RSPH9",0,6,3,5,4,2,0,3,1,2
"MRPS18A",3,30,13,8,18,17,12,12,2,14
"VEGFA",23,63,94,496,92,38,62,161,19,59
"AL136131.3",0,0,1,0,0,0,0,4,0,1
"AL157371.2",0,0,0,2,0,0,0,1,0,2
"AL109615.3",1,6,13,27,4,0,2,1,0,4
"C6orf223",0,2,0,2,0,0,0,1,0,0
"MRPL14",7,17,23,16,32,6,7,5,3,13
"TMEM63B",11,39,61,93,93,27,16,50,11,38
"CAPN11",0,0,2,0,1,0,0,0,0,0
"SLC29A1",1,6,6,14,4,2,1,0,0,3
"HSP90AB1",80,335,264,401,352,219,116,383,57,92
"SLC35B2",7,24,17,31,29,13,10,18,12,24
"NFKBIE",0,5,5,6,2,6,1,8,1,1
"TMEM151B",0,0,0,0,0,0,0,0,0,0
"AL353588.1",0,2,0,5,2,3,0,1,0,1
"TCTE1",1,2,0,3,2,0,0,0,1,1
"AARS2",0,3,4,6,7,7,2,8,1,6
"CDC5L",9,58,33,64,55,21,15,33,8,44
"SUPT3H",60,207,229,429,388,73,90,146,46,203
"RUNX2",5,14,20,25,12,5,5,3,0,7
"AL096865.1",0,0,0,1,1,0,0,0,0,1
"CLIC5",0,9,11,17,16,0,5,6,1,18
"AL035701.1",1,18,15,16,14,2,11,4,2,9
"ENPP4",15,51,63,121,64,41,42,33,14,49
"ENPP5",9,58,51,33,44,23,36,32,9,118
"RCAN2",28,96,137,171,132,27,22,36,18,65
"AL359633.2",0,4,3,4,4,3,0,1,0,0
"CYP39A1",1,4,4,13,16,16,13,16,5,13
"SLC25A27",16,96,85,93,135,58,36,83,44,145
"AL591242.1",1,2,4,3,8,1,0,3,0,3
"TDRD6",5,6,10,53,23,4,9,15,2,11
"PLA2G7",1,2,3,2,5,0,0,1,0,0
"MEP1A",0,1,0,0,0,0,0,0,0,0
"ADGRF5",0,2,4,5,3,0,3,2,0,3
"ADGRF1",0,0,1,0,0,0,0,1,0,0
"TNFRSF21",3,18,20,32,20,1,4,4,3,2
"AL355353.1",3,3,3,7,5,0,3,1,0,3
"CD2AP",9,50,48,84,85,27,34,43,21,59
"ADGRF4",0,1,0,0,0,0,0,0,0,0
"OPN5",0,0,0,0,1,0,1,0,0,0
"PTCHD4",5,27,36,60,46,4,2,11,3,12
"MUT",7,58,27,61,50,19,24,23,12,31
"CENPQ",5,19,8,18,21,20,7,18,10,11
"GLYATL3",0,1,3,0,0,0,1,1,0,2
"C6orf141",1,0,0,0,2,0,0,0,0,0
"RHAG",0,1,1,1,4,0,0,1,0,4
"CRISP1",0,1,1,5,1,0,3,0,0,2
"AL138826.1",1,0,2,5,2,0,2,1,1,3
"AL360175.1",1,0,1,0,0,0,0,0,0,2
"AL135908.1",0,1,1,0,0,0,0,0,0,0
"TFAP2D",0,1,1,0,1,0,0,0,0,0
"PKHD1",1,7,6,4,6,7,3,6,4,6
"MCM3",1,14,9,17,16,3,3,7,3,7
"EFHC1",20,58,77,153,124,23,41,65,22,110
"TRAM2",2,7,14,18,12,9,3,4,1,12
"TRAM2-AS1",0,5,6,1,4,1,2,1,0,3
"TMEM14A",15,39,49,45,49,27,26,34,14,39
"GSTA2",1,1,0,0,0,1,0,0,0,0
"GSTA1",0,0,1,1,0,0,0,0,0,0
"GSTA4",13,54,59,66,93,20,18,34,17,49
"ICK",8,34,30,39,52,11,11,19,6,23
"FBXO9",17,89,92,141,100,31,38,60,36,73
"GCM1",0,0,0,1,0,0,1,0,0,1
"ELOVL5",38,262,153,286,251,101,106,123,39,127
"GCLC",23,90,73,129,119,49,54,70,39,101
"AL033397.2",0,0,0,0,0,0,1,0,0,0
"KLHL31",1,0,0,2,0,0,0,1,0,0
"AL590652.1",0,1,0,3,0,0,1,0,0,2
"AL513211.1",2,2,7,8,2,0,2,3,1,7
"LRRC1",36,166,148,375,212,67,71,94,53,167
"AL033384.2",10,44,70,133,54,19,32,34,5,77
"MLIP",7,43,83,70,72,6,4,10,6,14
"MLIP-AS1",0,1,0,1,0,1,1,0,0,2
"TINAG",0,2,1,2,0,0,0,0,0,0
"FAM83B",0,0,0,1,0,0,0,1,0,0
"HCRTR2",0,1,2,2,4,0,0,1,1,3
"GFRAL",1,1,1,3,2,1,0,1,0,5
"HMGCLL1",11,53,54,75,102,31,78,9,28,68
"BMP5",0,0,0,0,0,0,0,0,0,1
"COL21A1",17,14,136,114,154,80,59,51,118,133
"DST",447,2811,1537,3293,2619,965,1120,1741,697,1654
"AL512422.1",20,422,198,244,214,39,68,108,10,220
"BEND6",10,73,42,77,86,19,23,37,13,33
"KIAA1586",1,28,29,15,30,7,5,15,3,22
"ZNF451",37,199,192,318,297,60,76,118,48,242
"ZNF451-AS1",15,65,54,29,57,10,10,16,4,52
"BAG2",3,8,14,23,21,11,6,18,2,13
"RAB23",4,8,14,24,23,9,7,7,3,13
"PRIM2",11,36,55,109,104,29,27,62,20,50
"AL021368.3",6,2,5,21,14,3,2,7,2,1
"AL021368.1",0,2,3,1,3,1,1,0,1,2
"AL021368.2",0,23,15,38,29,13,18,12,9,23
"AL445250.1",4,35,83,74,60,14,5,22,6,40
"KHDRBS2",28,225,356,495,533,41,49,59,21,86
"FKBP1C",0,0,1,0,0,0,0,1,0,0
"LGSN",0,0,0,0,0,0,0,0,0,0
"PTP4A1",6,15,11,39,18,4,4,12,7,7
"AL135905.1",0,0,2,0,0,0,0,0,0,0
"PHF3",25,161,179,325,355,86,110,139,59,174
"EYS",7,30,44,82,18,8,9,15,6,18
"AL354719.2",0,0,0,0,1,0,0,0,0,0
"AL357375.1",0,1,1,0,0,2,2,1,0,3
"AL646090.1",0,0,0,0,3,1,0,0,0,1
"LINC02549",0,0,0,0,4,0,0,0,0,0
"AL391807.1",81,162,207,160,225,76,86,81,30,296
"ADGRB3",612,3248,2793,6152,6066,1449,1945,2578,1010,4520
"LMBRD1",53,246,157,287,288,115,101,140,59,202
"COL19A1",12,59,65,146,104,21,22,48,22,24
"COL9A1",2,4,1,16,9,3,5,5,3,4
"AL160262.1",1,2,1,1,0,0,1,2,0,0
"AL365226.1",2,4,5,0,3,3,2,3,3,3
"FAM135A",37,263,150,343,270,60,88,150,50,181
"SDHAF4",2,13,12,17,23,7,4,3,2,8
"AL583856.2",0,0,3,1,1,1,0,1,2,1
"SMAP1",31,155,135,275,214,51,69,92,24,124
"B3GAT2",30,99,95,102,82,46,31,86,16,110
"OGFRL1",37,241,174,256,226,81,113,157,44,219
"AL136164.2",6,21,28,102,78,24,18,33,13,101
"LINC00472",0,7,12,4,10,1,3,2,2,22
"RIMS1",24,381,186,1155,413,52,148,198,58,147
"KCNQ5",47,349,557,781,760,65,68,60,27,145
"KCNQ5-AS1",0,0,0,0,0,0,0,0,0,0
"AL365232.1",3,2,2,1,2,0,1,1,0,5
"KHDC1",5,20,24,21,17,1,3,6,1,11
"AC019205.1",15,40,44,41,41,12,9,27,12,35
"KHDC3L",0,0,0,1,0,0,0,0,0,0
"OOEP",14,58,70,86,133,44,23,57,17,26
"OOEP-AS1",0,0,1,0,2,1,0,1,0,1
"DDX43",0,3,2,0,4,4,0,1,2,2
"CGAS",0,3,2,2,2,1,3,4,2,2
"MTO1",13,38,25,45,42,8,11,14,9,34
"AL603910.1",0,0,0,0,0,0,0,0,0,0
"EEF1A1",41,150,89,186,182,139,74,185,76,95
"AL121972.1",1,7,4,4,1,0,0,1,0,6
"SLC17A5",15,43,103,202,124,21,26,29,8,62
"AL590428.1",0,5,3,2,9,2,4,5,4,9
"CD109",8,63,50,76,89,41,37,54,20,90
"AL357507.1",1,8,10,11,17,7,5,8,7,25
"AL356277.3",0,2,4,3,2,3,2,0,0,5
"COL12A1",3,9,21,12,21,0,1,2,2,9
"COX7A2",82,177,139,147,129,49,41,61,18,55
"TMEM30A",24,81,87,140,108,30,31,54,15,48
"AL080250.1",3,20,14,17,30,3,7,18,0,29
"FILIP1",3,20,24,34,28,5,1,9,5,28
"AL445465.1",0,0,0,0,0,0,0,0,0,0
"SENP6",65,294,203,368,367,102,120,173,74,326
"MYO6",145,510,362,618,631,207,291,363,125,462
"IMPG1",0,0,0,1,2,0,0,0,0,2
"LINC02540",0,1,0,1,1,0,0,0,0,1
"HTR1B",0,0,0,0,0,0,0,0,0,0
"MEI4",2,6,10,8,10,2,1,3,2,12
"AL450327.1",0,0,0,0,0,1,0,0,1,1
"IRAK1BP1",20,117,137,242,254,66,69,104,32,179
"PHIP",73,467,307,601,607,169,157,256,123,370
"HMGN3",50,324,507,722,549,149,143,248,59,701
"HMGN3-AS1",0,2,5,1,2,0,1,1,0,3
"AL078601.2",0,0,0,0,0,0,0,0,0,0
"LCA5",9,49,25,60,69,30,30,34,25,42
"AL451064.1",0,1,1,2,0,1,1,0,0,3
"SH3BGRL2",10,49,58,101,67,10,16,26,19,40
"AL132875.2",0,0,0,0,0,0,0,0,0,0
"ELOVL4",7,18,20,41,31,7,10,18,9,13
"TTK",0,0,0,0,1,0,0,0,0,1
"BCKDHB",68,292,330,628,677,157,275,457,172,553
"AL359715.3",1,0,3,1,3,0,0,1,1,3
"AL359715.1",5,8,7,16,10,4,7,9,4,25
"AL359715.2",2,2,8,6,9,3,2,2,1,11
"TENT5A",13,59,32,20,26,3,5,4,2,32
"LINC02542",0,0,1,0,1,0,1,0,0,0
"IBTK",37,158,147,179,167,38,50,66,38,137
"TPBG",0,2,6,6,2,1,0,2,0,0
"UBE3D",18,69,88,156,132,18,26,62,15,100
"AL355613.1",0,1,0,0,0,0,0,0,0,0
"DOPEY1",27,133,141,225,223,37,64,80,33,117
"PGM3",7,32,18,31,37,13,27,25,9,28
"RWDD2A",2,9,7,18,10,7,6,9,2,10
"ME1",56,241,121,290,208,88,115,239,51,146
"PRSS35",1,12,5,9,11,7,8,5,3,8
"SNAP91",33,168,173,273,247,64,56,120,39,167
"RIPPLY2",3,4,4,7,2,5,4,6,3,8
"CYB5R4",14,64,72,121,93,40,27,45,19,96
"AL034347.1",0,2,2,5,3,1,1,1,0,1
"AL161621.1",0,0,0,0,0,0,0,0,0,0
"MRAP2",1,11,13,7,13,1,2,3,2,1
"CEP162",18,63,72,136,149,51,59,114,28,110
"LINC01611",0,0,1,0,1,0,0,0,0,1
"TBX18",0,0,0,0,0,0,1,0,0,0
"TBX18-AS1",0,2,0,0,0,0,0,0,0,0
"NT5E",4,30,38,31,58,19,17,27,13,56
"SNX14",20,109,112,204,183,56,48,79,27,152
"AL589666.1",2,8,6,20,18,3,4,2,4,11
"SYNCRIP",1,26,20,36,32,11,9,16,6,23
"HTR1E",5,30,51,67,64,9,5,14,2,16
"CGA",0,0,0,0,0,0,0,0,0,0
"AL139274.2",0,5,4,4,5,2,1,1,0,4
"ZNF292",77,336,317,842,614,128,211,266,87,294
"GJB7",0,2,1,1,2,1,0,0,0,1
"SMIM8",21,83,70,60,101,21,27,40,12,68
"AL049697.1",0,0,0,1,1,1,0,0,0,0
"SLC35A1",4,12,16,16,31,9,11,10,7,5
"RARS2",7,72,46,61,71,10,24,34,11,76
"ORC3",14,111,78,69,66,18,23,42,10,61
"AKIRIN2",4,9,10,27,23,13,4,31,3,25
"SPACA1",0,0,0,1,0,1,0,0,0,0
"CNR1",7,8,18,26,27,2,4,4,1,5
"AL139042.1",0,0,0,0,0,0,0,0,0,1
"RNGTT",25,131,124,205,164,38,57,78,21,112
"PNRC1",10,56,60,59,111,98,60,89,30,72
"SRSF12",7,25,16,51,27,13,6,9,4,20
"PM20D2",2,28,17,46,33,8,18,20,4,13
"GABRR1",1,1,1,1,2,2,3,2,0,1
"GABRR2",0,1,3,2,2,3,0,2,0,3
"UBE2J1",10,50,45,68,68,23,28,35,14,71
"RRAGD",6,15,10,23,28,5,1,10,4,8
"ANKRD6",23,83,66,129,116,43,40,63,20,74
"AL159174.1",0,1,0,3,1,0,0,0,0,1
"LYRM2",19,67,63,82,83,25,26,54,13,94
"MDN1",26,108,100,160,139,35,41,57,24,79
"CASP8AP2",16,59,71,90,88,23,31,68,17,63
"GJA10",0,0,0,0,0,0,0,0,0,1
"BACH2",51,308,203,332,384,73,126,133,68,201
"AL132996.1",0,0,1,1,1,1,0,0,0,1
"MAP3K7",34,132,134,274,238,76,72,124,32,109
"CASC6",0,0,0,3,1,0,0,0,0,0
"AL138731.1",0,1,0,0,0,0,0,0,0,0
"EPHA7",3,16,31,64,43,7,4,6,2,10
"AL157378.1",0,1,0,0,3,0,0,0,0,1
"MANEA-DT",0,3,2,6,8,1,5,5,1,18
"MANEA",5,11,14,29,26,11,4,7,10,27
"FUT9",233,822,907,1728,2121,571,638,897,360,1584
"UFL1-AS1",38,75,74,101,102,24,25,41,14,146
"UFL1",20,172,106,146,151,64,59,116,43,130
"FHL5",0,0,0,0,0,0,0,0,0,1
"AL033379.1",0,1,1,0,3,0,0,0,0,0
"GPR63",3,10,12,13,13,1,2,4,0,4
"NDUFAF4",4,30,36,42,46,18,14,42,2,30
"KLHL32",106,451,243,423,361,95,129,145,79,267
"MMS22L",7,41,36,49,67,17,29,32,17,47
"AL589740.1",256,1593,1421,2355,2073,578,740,961,367,2394
"AL080316.1",0,1,0,0,0,0,0,0,0,2
"AL590727.1",0,0,3,1,1,0,0,0,0,1
"AL589826.2",0,0,0,1,1,0,0,1,1,1
"POU3F2",13,29,65,124,96,44,24,60,18,82
"FBXL4",22,94,67,118,137,46,69,89,38,121
"FAXC",6,23,23,44,25,8,5,5,3,15
"COQ3",2,20,12,10,26,8,6,12,5,18
"PNISR",195,869,1096,1629,1726,515,484,928,238,1366
"AL513550.1",5,20,23,18,28,4,4,17,4,28
"USP45",14,92,90,132,125,33,30,53,17,131
"TSTD3",1,17,14,16,22,5,5,7,4,22
"CCNC",12,69,60,57,79,23,31,45,15,74
"AL137784.2",0,0,1,3,3,2,2,0,0,2
"MCHR2",4,16,12,15,13,2,3,2,6,2
"MCHR2-AS1",0,2,1,2,0,1,1,1,3,0
"SIM1",0,0,0,0,0,0,0,0,0,1
"Z86062.2",0,0,1,0,0,0,0,0,0,0
"ASCC3",27,122,111,318,323,59,62,165,35,149
"AL133338.1",1,2,6,1,8,0,2,3,0,4
"GRIK2",54,194,244,440,293,24,25,31,18,98
"HACE1",16,84,72,139,134,26,41,68,23,94
"LIN28B-AS1",0,4,7,1,5,2,1,1,1,2
"LIN28B",0,1,4,7,9,2,0,0,0,1
"BVES",0,3,2,2,5,3,1,2,0,1
"BVES-AS1",2,3,7,4,3,2,2,5,0,14
"POPDC3",1,2,5,3,5,6,1,3,0,0
"AL133406.3",0,0,1,0,2,0,0,0,0,0
"PREP",4,52,37,71,54,18,22,32,9,32
"AL133406.2",0,1,0,0,0,1,0,0,0,0
"Z97206.2",0,0,0,0,0,0,0,0,0,1
"AL591518.1",6,5,14,7,16,6,7,10,3,7
"ATG5",15,69,58,97,75,29,21,37,17,62
"PRDM1",0,3,2,4,2,0,1,0,0,0
"AL356859.1",0,0,0,0,0,0,0,0,1,0
"CRYBG1",3,11,16,21,18,3,0,6,1,8
"RTN4IP1",2,39,18,31,27,9,10,26,5,36
"QRSL1",8,46,35,35,65,11,15,36,9,49
"LINC02526",0,0,2,0,1,0,0,1,0,3
"LINC02532",0,1,1,1,1,1,0,0,0,3
"CD24",3,2,1,6,5,0,0,0,0,0
"C6orf203",7,18,32,39,31,16,12,18,10,24
"BEND3",0,2,5,9,4,0,0,3,1,7
"PDSS2",26,121,109,246,199,47,48,89,29,146
"SOBP",87,322,232,494,477,103,104,194,89,243
"SCML4",0,2,0,0,6,1,1,0,0,2
"SEC63",34,124,73,139,117,35,38,45,27,95
"AL024507.2",0,1,0,0,1,0,0,0,0,0
"Z98200.1",0,0,0,1,1,1,0,2,0,0
"OSTM1",21,67,91,121,114,25,27,60,10,89
"OSTM1-AS1",1,8,20,33,22,2,3,6,1,23
"NR2E1",4,45,29,60,45,20,15,29,6,39
"SNX3",25,81,79,103,102,51,40,110,25,77
"AFG1L",18,116,78,206,170,35,34,64,32,163
"FOXO3",68,379,278,600,521,151,222,212,110,405
"LINC00222",4,6,9,10,11,0,0,3,1,11
"ARMC2",30,128,105,162,201,51,66,109,24,146
"ARMC2-AS1",0,1,0,0,2,0,0,0,0,2
"SESN1",30,256,233,760,397,108,142,155,69,251
"AL390208.1",4,5,4,6,8,2,1,4,0,3
"CEP57L1",3,40,32,54,58,15,18,25,12,39
"CD164",15,56,50,52,73,52,51,51,21,54
"AL359711.2",1,0,2,1,1,0,0,0,0,1
"PPIL6",4,24,22,35,54,9,17,33,11,43
"SMPD2",0,1,2,5,5,0,5,4,1,4
"MICAL1",2,5,11,17,16,9,3,10,4,5
"ZBTB24",0,7,9,7,6,2,2,4,1,6
"AL109947.1",0,0,1,0,1,1,0,0,0,0
"AK9",16,36,77,109,143,33,36,56,15,76
"FIG4",14,45,40,67,76,13,17,29,16,52
"AL512303.1",0,0,1,0,1,0,0,0,0,0
"GPR6",0,0,1,0,1,0,0,0,0,0
"WASF1",16,60,97,165,89,18,23,23,13,31
"CDC40",8,57,63,78,73,22,20,34,13,55
"METTL24",6,45,40,78,39,5,12,14,23,42
"DDO",2,9,6,11,12,1,4,7,4,6
"SLC22A16",1,0,0,1,0,0,0,0,0,0
"CDK19",65,188,183,369,283,74,73,95,46,159
"AMD1",23,91,79,149,122,46,25,54,18,36
"GTF3C6",9,33,43,48,29,32,19,36,14,28
"RPF2",9,34,33,34,33,9,11,10,3,31
"SLC16A10",1,9,13,16,10,2,0,2,3,3
"AL360227.1",0,1,1,1,1,1,1,1,0,0
"MFSD4B",2,7,10,16,15,6,2,5,1,7
"AL080317.1",0,6,8,7,8,2,1,4,3,5
"AL080317.2",0,0,1,2,0,1,0,1,1,3
"REV3L",107,584,535,891,1051,283,326,494,226,983
"AL080317.3",0,4,1,1,6,1,1,2,0,2
"TRAF3IP2-AS1",67,388,333,500,592,144,175,237,77,397
"TRAF3IP2",9,101,73,161,134,30,44,55,29,114
"Z97989.1",2,5,4,10,10,6,6,9,3,6
"FYN",173,1033,629,1475,1314,532,704,710,379,937
"WISP3",0,1,0,1,0,0,0,0,0,0
"TUBE1",8,52,57,80,76,19,32,47,13,54
"FAM229B",22,55,51,43,63,16,20,40,9,70
"LAMA4",12,18,28,36,40,12,10,19,10,43
"Z99289.1",0,0,0,0,1,0,0,0,0,0
"AL365214.3",0,0,0,2,0,0,0,0,1,2
"AL357514.1",0,0,0,0,0,0,0,0,0,0
"LINC02518",0,1,1,0,2,0,0,0,1,1
"AL513123.1",0,3,1,2,2,0,0,0,0,0
"LINC02541",1,0,0,1,1,0,0,0,0,0
"FO393415.3",0,0,0,0,0,0,0,0,0,1
"MARCKS",17,114,63,133,115,93,46,128,48,81
"LINC01268",0,0,0,2,2,0,0,0,0,0
"FO393415.1",0,0,0,0,2,0,0,0,0,3
"HDAC2",10,44,46,61,56,16,16,30,11,39
"HDAC2-AS2",44,118,110,299,286,41,47,46,36,154
"HS3ST5",40,153,192,239,379,54,77,137,37,305
"AL138830.2",0,0,0,1,0,0,0,0,0,0
"FRK",3,11,16,21,25,3,3,7,6,14
"NT5DC1",33,135,141,213,211,53,60,81,31,135
"COL10A1",0,1,7,6,14,2,0,1,1,2
"TSPYL4",8,35,36,84,50,14,13,31,5,11
"DSE",29,129,116,151,158,49,65,76,27,133
"TSPYL1",17,96,60,189,94,32,32,47,11,34
"Z84488.2",0,1,1,7,5,1,1,2,0,1
"CALHM6",0,0,0,1,0,0,0,2,1,1
"TRAPPC3L",0,0,0,0,0,0,0,0,0,0
"CALHM5",0,0,0,0,0,0,0,0,0,1
"CALHM4",0,0,0,1,0,0,0,0,0,1
"RWDD1",10,57,39,64,62,40,16,47,15,30
"RSPH4A",0,2,0,1,0,0,0,1,0,0
"ZUP1",4,36,29,32,35,11,13,24,6,28
"KPNA5",19,147,114,231,193,57,70,89,45,119
"FAM162B",0,2,6,6,9,0,1,1,0,4
"GPRC6A",0,0,0,1,0,0,0,0,0,0
"RFX6",0,0,0,0,0,0,0,0,0,0
"ROS1",0,0,1,0,1,0,1,0,0,0
"AL132671.2",0,2,5,3,3,2,1,2,2,3
"DCBLD1",7,13,19,23,18,3,3,8,2,20
"GOPC",13,63,34,63,61,24,28,28,9,62
"NUS1",14,53,47,67,81,29,27,31,14,68
"SLC35F1",113,654,649,1277,1027,205,306,531,140,727
"CEP85L",91,286,322,862,571,124,178,259,77,378
"PLN",1,1,5,4,8,0,3,4,1,6
"MCM9",8,61,40,76,68,12,16,33,6,65
"ASF1A",3,20,15,10,17,14,17,45,8,18
"AL365275.1",2,31,18,19,26,2,5,11,1,46
"FAM184A",57,468,283,509,454,154,164,254,92,405
"MAN1A1",6,51,40,102,85,22,25,32,15,30
"TBC1D32",35,117,141,218,217,91,79,139,51,123
"GJA1",134,1038,957,2002,1561,1488,970,1188,764,1073
"HSF2",7,34,24,93,66,9,16,22,11,28
"SERINC1",49,156,125,202,172,59,60,64,25,88
"PKIB",9,12,15,12,31,3,11,14,5,11
"FABP7",11,24,19,52,72,86,29,105,24,43
"SMPDL3A",1,14,10,18,9,3,2,14,2,10
"CLVS2",8,67,36,78,83,27,45,55,24,42
"TRDN",2,20,26,43,36,18,40,26,13,76
"TRDN-AS1",2,5,6,8,8,5,1,4,0,11
"NKAIN2",241,628,687,1147,1385,244,373,179,191,724
"RNF217-AS1",6,32,20,19,15,5,4,3,2,12
"RNF217",16,95,89,170,154,39,80,79,33,121
"TPD52L1",116,1277,995,1982,1444,708,796,1247,449,2133
"HDDC2",19,69,79,76,116,92,41,87,13,82
"AL450332.1",0,13,3,3,2,0,1,0,2,9
"AL365259.1",0,41,16,7,5,2,2,4,2,23
"LINC02523",0,1,0,0,0,0,0,0,0,0
"HEY2",5,25,17,29,29,16,9,29,4,27
"NCOA7",63,165,231,434,276,47,54,59,44,84
"NCOA7-AS1",2,4,8,10,13,1,2,1,0,3
"HINT3",2,31,21,40,36,16,11,11,10,28
"TRMT11",3,69,38,63,57,18,27,26,16,46
"AC020559.1",3,2,10,17,19,6,1,5,2,6
"CENPW",1,3,1,2,3,1,0,0,0,0
"RSPO3",3,4,11,13,18,1,10,2,1,19
"RNF146",24,90,50,144,115,41,35,76,22,70
"ECHDC1",21,81,73,115,108,25,31,43,19,92
"AL096711.2",1,12,7,14,14,6,3,5,2,7
"C6orf58",2,2,1,7,2,1,0,3,2,1
"LINC02536",0,0,0,0,0,0,0,0,0,1
"THEMIS",2,9,28,23,25,1,1,6,0,3
"PTPRK",128,484,488,1103,905,237,271,353,144,515
"AL590006.1",1,3,7,3,7,1,3,2,1,0
"AL034349.1",0,0,2,0,0,1,0,0,0,0
"LAMA2",26,98,72,140,140,62,76,24,27,82
"AL356124.2",0,0,0,0,0,0,0,0,0,0
"AL356124.1",0,0,1,3,1,1,0,1,0,2
"ARHGAP18",0,6,8,15,16,3,3,2,1,5
"TMEM244",0,3,4,1,2,0,0,2,0,1
"L3MBTL3",2,8,17,35,20,7,3,12,3,8
"AL355581.1",0,0,1,0,1,1,0,1,0,1
"SAMD3",2,7,6,12,13,4,5,7,2,8
"TMEM200A",1,3,0,2,2,4,2,2,0,4
"EPB41L2",65,401,268,430,415,105,140,148,62,245
"AKAP7",27,161,116,155,227,43,65,97,38,154
"ARG1",0,1,0,1,2,0,0,0,0,0
"MED23",12,77,43,112,101,23,28,41,22,64
"ENPP3",1,3,11,7,13,3,1,2,3,12
"ENPP1",1,4,3,4,6,1,2,5,4,10
"AL117378.1",0,0,0,0,1,0,0,0,0,0
"CTGF",2,4,4,3,8,8,0,13,0,2
"AL133346.1",1,17,10,25,38,11,20,21,17,32
"AL021408.1",0,2,1,1,4,0,0,0,3,1
"LINC01013",0,0,0,0,2,0,0,1,0,1
"MOXD1",7,79,53,62,105,36,31,65,29,146
"STX7",6,68,82,122,124,43,63,83,31,122
"TAAR2",0,1,0,0,0,0,0,0,0,0
"VNN1",0,0,0,0,1,0,0,0,0,1
"VNN3",0,0,0,0,0,0,0,0,0,0
"VNN2",0,0,1,0,2,1,0,0,0,0
"AL032821.1",0,0,0,0,0,0,0,0,0,0
"SLC18B1",31,295,228,447,237,89,100,110,68,288
"RPS12",25,64,56,50,111,38,30,51,18,47
"LINC00326",0,0,1,3,1,2,0,0,0,0
"EYA4",4,12,17,20,19,0,4,5,2,9
"TARID",5,6,1,6,4,3,3,3,1,5
"AL450270.1",0,0,0,0,0,0,0,0,0,0
"LINC01312",0,1,2,1,1,0,0,0,0,0
"TBPL1",4,35,28,49,50,18,15,23,6,32
"SLC2A12",9,36,26,43,49,18,32,42,13,42
"SGK1",55,223,167,473,324,61,70,48,56,123
"AL078590.2",4,11,13,8,12,3,3,3,5,5
"LINC01010",2,10,14,10,10,1,2,1,3,5
"AL078590.3",8,31,22,15,24,4,4,3,7,15
"AL596188.1",0,1,0,0,1,0,0,0,0,0
"ALDH8A1",4,10,14,9,11,1,4,2,0,20
"AL445190.1",0,0,0,0,0,0,0,0,0,0
"HBS1L",21,125,94,130,132,29,49,64,20,103
"AL353596.1",0,0,1,1,1,1,0,0,0,0
"MYB",0,2,1,4,0,0,1,1,0,1
"AHI1",112,644,721,846,746,152,168,265,104,387
"AL049552.1",0,2,2,3,0,0,0,0,0,1
"LINC00271",23,89,81,112,102,20,21,25,21,79
"PDE7B",131,382,414,1023,774,238,296,378,172,593
"AL138828.1",33,122,193,249,212,75,76,116,18,270
"MTFR2",0,1,0,4,3,2,0,1,0,1
"BCLAF1",36,295,129,271,253,61,59,114,55,111
"AL023284.4",1,10,21,31,28,16,14,15,9,10
"MAP7",187,575,608,786,815,198,223,262,126,466
"AL024508.2",2,0,9,7,21,9,13,12,3,67
"MAP3K5",90,1038,438,1032,804,181,262,343,133,729
"AL024508.1",5,42,27,19,19,2,8,15,1,49
"PEX7",5,32,16,34,46,5,5,16,2,17
"AL135902.1",0,0,1,0,0,0,0,0,0,0
"IL20RA",1,17,9,29,15,5,10,12,3,29
"IL22RA2",0,0,1,0,0,0,0,1,1,0
"IFNGR1",11,65,49,59,59,38,28,38,12,55
"AL356234.2",1,0,0,3,0,0,0,1,0,0
"LINC02539",0,1,0,1,1,0,0,1,0,1
"AL357060.1",0,5,6,5,3,0,3,1,0,5
"TNFAIP3",2,4,3,3,3,1,2,5,1,0
"LINC02528",0,0,1,0,1,0,0,0,0,0
"PERP",1,0,2,2,6,1,1,3,1,1
"ARFGEF3",58,136,161,320,243,45,38,58,36,114
"PBOV1",0,0,0,0,0,0,0,0,0,0
"SMIM28",0,1,0,0,0,0,0,0,0,0
"HEBP2",1,10,10,11,24,12,10,22,5,10
"NHSL1",132,454,394,852,1025,241,373,563,207,1016
"AL590617.2",28,31,68,114,36,19,21,26,13,37
"GVQW2",3,6,5,5,5,1,2,1,0,5
"CCDC28A",9,31,29,46,48,13,20,37,15,36
"ECT2L",3,15,16,28,21,5,3,4,1,23
"REPS1",89,587,322,481,452,121,203,217,95,540
"ABRACL",4,2,12,12,6,2,4,5,0,8
"HECA",3,21,19,29,23,8,5,13,4,13
"AL031772.1",3,14,11,18,17,3,10,11,4,21
"TXLNB",1,3,1,6,8,4,5,3,0,8
"AL158850.1",1,2,1,0,4,1,0,0,0,0
"CITED2",0,9,5,10,10,4,6,5,4,12
"LINC01625",1,0,0,1,1,0,0,0,1,2
"FILNC1",1,1,1,0,4,0,0,1,0,2
"AL050338.1",0,2,0,0,1,0,0,0,0,2
"AL138737.1",0,0,0,0,1,0,0,1,0,0
"AL035446.1",0,0,0,0,0,0,1,0,0,0
"AL355596.1",0,0,0,0,0,0,0,0,0,0
"NMBR",0,3,2,3,6,2,5,2,0,6
"VTA1",17,58,50,100,85,31,22,55,22,61
"ADGRG6",0,1,2,0,1,1,0,0,0,1
"AL359313.1",0,0,0,2,0,0,0,1,1,0
"AL023584.1",0,0,0,0,0,0,0,0,0,0
"HIVEP2",29,246,136,299,249,67,73,82,27,153
"AL023584.2",0,3,2,3,0,0,1,3,0,3
"AL355304.1",0,4,1,6,0,0,1,1,0,3
"LINC01277",1,14,22,34,27,6,3,11,1,12
"AL023581.2",0,1,1,2,2,0,0,1,0,3
"AIG1",56,269,215,282,295,70,74,150,47,230
"AL023581.1",1,13,10,1,8,4,2,1,0,7
"ADAT2",3,7,12,25,7,1,9,8,0,14
"PEX3",14,68,73,69,90,30,39,43,10,71
"FUCA2",5,36,43,25,38,11,8,9,3,19
"PHACTR2",10,55,54,85,95,22,21,51,13,67
"PHACTR2-AS1",0,0,0,2,2,0,0,2,0,6
"AL049844.1",0,0,0,1,0,0,0,0,0,0
"LTV1",0,1,1,3,4,0,2,0,0,0
"AL049844.3",0,0,0,2,0,0,0,1,0,0
"PLAGL1",11,38,30,52,54,13,3,25,12,38
"SF3B5",12,46,32,52,41,19,11,24,7,21
"STX11",0,1,0,0,0,1,0,0,0,0
"UTRN",36,163,156,349,278,67,90,133,45,210
"AL024474.2",0,9,5,15,7,2,1,3,0,9
"EPM2A",28,114,53,150,153,18,39,43,25,115
"AL023806.1",2,3,1,0,1,2,2,3,0,2
"AL023806.2",0,0,1,0,0,0,0,0,0,0
"FBXO30",4,19,7,33,22,14,17,43,12,21
"AL356599.1",29,100,88,69,97,31,31,44,25,106
"SHPRH",51,247,252,460,443,125,116,245,72,281
"GRM1",14,31,64,129,109,10,7,11,3,40
"RAB32",2,9,20,10,27,7,8,9,2,26
"ADGB",0,1,1,2,2,1,0,0,0,1
"STXBP5-AS1",11,86,68,110,101,28,21,42,9,65
"LUADT1",0,1,0,0,0,0,0,0,0,0
"STXBP5",121,771,582,1124,1038,375,528,662,254,686
"SAMD5",1,14,21,31,20,9,1,5,2,11
"AL033504.1",3,11,20,26,16,5,2,1,2,10
"AL359382.1",0,0,0,0,0,0,0,0,0,0
"AL513164.1",1,4,2,11,2,0,2,1,0,3
"SASH1",140,863,895,2599,1360,349,359,535,225,1187
"UST",44,125,87,163,188,45,31,41,22,142
"UST-AS1",0,1,0,1,0,0,0,0,0,1
"AL357992.1",0,1,0,0,1,0,0,0,0,2
"AL031056.1",3,14,9,3,10,3,29,15,1,2
"TAB2",48,336,215,390,451,186,223,264,86,251
"TAB2-AS1",1,1,2,2,2,0,4,2,0,3
"ZC3H12D",0,2,1,2,5,0,0,2,0,1
"PPIL4",8,86,46,61,85,31,39,53,18,72
"AL078581.2",0,3,0,0,1,0,0,0,0,1
"GINM1",12,78,61,99,80,24,24,36,16,57
"AL078581.3",1,8,13,4,17,2,1,5,0,21
"AL078581.1",0,1,3,1,1,1,0,1,1,1
"KATNA1",3,30,20,37,36,15,14,18,2,30
"LATS1",19,116,75,135,116,38,31,46,23,100
"AL358852.1",1,1,1,2,1,1,0,1,0,1
"NUP43",8,38,39,74,41,8,10,16,12,16
"PCMT1",36,122,109,187,117,37,37,57,10,69
"AL355312.2",0,4,12,20,14,7,1,8,3,15
"LRP11",5,24,25,35,28,3,8,7,3,26
"AL355312.3",1,10,8,21,19,6,0,4,6,14
"RAET1E",0,0,1,4,0,0,1,0,0,0
"RAET1G",0,1,0,1,0,0,0,0,0,0
"ULBP2",1,1,0,1,1,0,1,0,0,0
"ULBP1",0,0,1,0,0,0,0,0,0,0
"PPP1R14C",4,25,30,36,26,13,11,18,7,46
"IYD",0,0,0,2,1,0,0,0,3,0
"PLEKHG1",41,257,196,296,280,90,99,135,74,368
"MTHFD1L",13,113,160,324,193,43,32,71,20,111
"AL133260.2",0,0,0,0,0,0,0,1,0,0
"AL138733.1",4,24,31,40,31,11,12,26,4,24
"AKAP12",23,238,194,291,172,50,48,137,16,171
"ZBTB2",1,18,11,17,17,8,10,10,1,13
"RMND1",5,41,40,49,40,14,11,14,6,49
"ARMT1",1,16,12,35,9,10,10,15,3,10
"CCDC170",2,19,6,13,12,7,19,13,2,6
"ESR1",5,18,13,24,15,9,11,5,4,10
"SYNE1",155,939,847,1239,922,262,273,610,199,696
"MYCT1",1,0,0,1,0,0,0,0,0,0
"VIP",4,2,0,5,2,0,1,3,0,0
"AL160162.1",0,0,1,0,0,0,0,1,0,0
"FBXO5",0,1,1,6,3,2,0,3,0,1
"AL080276.2",6,17,18,14,13,1,3,5,1,31
"MTRF1L",2,30,24,31,28,9,18,12,7,26
"RGS17",1,36,33,41,56,2,10,12,9,33
"AL590867.1",10,39,28,12,17,3,3,1,0,31
"OPRM1",5,10,24,28,33,5,5,5,2,12
"IPCEF1",17,42,44,79,37,5,7,12,4,17
"CNKSR3",12,32,49,79,84,5,10,22,6,42
"SCAF8",40,213,157,275,277,57,81,87,41,208
"TIAM2",35,174,150,320,270,70,75,122,35,219
"AL596202.1",1,4,1,5,3,0,0,0,1,1
"TFB1M",14,53,42,70,80,14,27,45,13,67
"CLDN20",0,3,2,4,5,2,0,2,0,4
"NOX3",0,0,1,1,1,1,2,3,1,2
"AL512658.1",0,2,1,0,1,0,0,0,0,0
"AL355297.3",1,0,1,3,0,0,1,0,0,2
"AL355297.4",0,1,2,1,1,0,0,0,0,0
"ARID1B",117,748,533,1033,942,245,307,408,155,698
"AL049820.1",0,1,0,1,1,1,0,0,0,1
"TMEM242",5,39,24,43,21,13,17,18,3,33
"AL390955.2",0,0,0,0,0,0,0,0,0,0
"ZDHHC14",35,104,125,238,248,43,34,100,38,123
"SNX9",24,137,113,153,191,33,51,79,18,92
"AL391863.1",0,0,0,0,0,0,0,0,0,0
"AL035634.1",0,8,2,2,6,0,3,2,0,3
"SYNJ2",48,123,203,290,140,16,29,21,12,50
"SERAC1",4,21,25,21,24,6,13,15,5,23
"GTF2H5",13,29,47,52,64,26,23,37,11,53
"TULP4",69,174,187,419,317,65,63,71,40,133
"TMEM181",8,77,78,167,108,33,14,46,19,64
"DYNLT1",6,45,37,40,41,20,18,37,8,50
"SYTL3",2,7,8,12,14,3,2,9,2,10
"EZR",40,198,174,441,269,99,76,166,49,148
"AL627422.2",0,0,1,2,1,0,0,0,0,1
"C6orf99",1,6,14,20,12,2,2,5,2,10
"RSPH3",12,41,43,68,91,18,18,48,13,55
"AL035530.2",10,67,66,97,107,13,25,37,11,53
"TAGAP",3,1,3,3,5,0,1,2,0,2
"AL356417.3",0,1,2,2,3,1,3,2,0,3
"AL356417.1",0,1,0,1,2,0,0,0,0,0
"FNDC1",0,0,0,3,0,1,0,0,1,0
"AL078604.2",0,0,1,0,2,0,0,1,0,0
"SOD2",0,4,6,9,1,0,0,2,1,2
"SOD2-1",8,78,44,70,50,22,33,31,5,76
"WTAP",10,132,70,110,98,38,42,63,13,88
"ACAT2",11,64,56,32,38,8,12,17,1,20
"TCP1",10,36,37,36,45,35,18,33,5,35
"MRPL18",13,29,25,25,48,22,22,34,8,27
"PNLDC1",0,1,2,3,3,1,1,3,0,3
"AL035691.1",0,0,2,0,0,0,0,0,0,0
"MAS1",0,2,2,1,2,0,2,1,0,3
"IGF2R",16,47,79,135,119,27,38,60,16,95
"AIRN",0,0,0,1,0,0,0,0,0,1
"SLC22A1",0,0,4,7,9,1,1,1,1,2
"SLC22A2",1,1,0,1,2,3,0,3,3,3
"SLC22A3",1,8,1,4,5,2,4,7,4,5
"LPA",0,2,0,4,1,0,0,1,0,1
"AL109933.1",0,0,0,0,1,0,0,0,1,0
"PLG",1,1,4,4,0,0,0,0,2,0
"AL391361.2",0,0,2,3,2,1,0,2,0,0
"AL139393.1",3,2,6,4,7,1,1,4,1,4
"AL139393.2",0,3,1,1,3,1,1,2,1,1
"MAP3K4",15,75,75,125,103,31,35,60,22,72
"AGPAT4",40,111,72,114,72,13,15,13,10,40
"PRKN",147,792,744,1353,1172,215,333,404,206,947
"PACRG",26,154,84,163,179,49,85,85,48,146
"PACRG-AS2",0,0,2,1,1,0,0,0,0,0
"PACRG-AS3",3,15,7,28,22,5,3,5,5,14
"PACRG-AS1",2,1,5,0,1,0,1,0,1,4
"CAHM",10,37,21,29,11,2,11,7,10,15
"QKI",592,2760,1609,4314,4032,998,1351,1920,703,2459
"AL445307.1",0,0,0,1,1,0,0,0,0,1
"AL137005.1",0,1,0,0,0,0,0,0,0,0
"Z97205.2",0,5,3,1,4,0,0,2,2,1
"AL450345.1",0,0,1,0,0,0,0,1,0,0
"C6orf118",0,0,6,12,21,18,8,18,14,21
"PDE10A",19,59,68,82,49,5,6,16,1,23
"AL590302.2",0,1,0,0,0,0,0,0,0,0
"LINC00473",0,0,0,0,0,0,0,0,0,0
"LINC00602",0,0,0,0,0,0,0,0,0,0
"AL627443.1",0,0,0,0,0,0,0,0,0,0
"AL121956.1",0,1,0,1,0,0,0,0,0,0
"AL121956.4",3,3,7,12,13,1,0,5,0,15
"PRR18",7,19,13,37,21,9,10,15,7,14
"SFT2D1",19,53,45,50,71,54,31,55,11,75
"MPC1",26,163,111,88,125,58,53,111,21,149
"AL022069.1",0,6,8,5,5,0,1,3,2,9
"RPS6KA2",177,583,721,1503,1280,265,325,486,221,1084
"AL159163.1",1,7,19,38,10,3,7,10,6,9
"RNASET2",0,0,0,0,0,0,0,0,0,0
"Z94721.1",4,14,15,16,21,5,4,10,1,10
"FGFR1OP",11,37,39,48,57,14,17,45,13,55
"CCR6",0,3,2,3,2,0,0,0,0,1
"AL121935.1",0,0,3,1,0,0,0,0,1,4
"TCP10L2",1,0,0,0,1,0,0,0,0,0
"AL353747.4",0,0,0,0,0,0,0,0,0,0
"UNC93A",0,0,2,0,0,0,1,0,0,1
"TTLL2",0,1,0,1,0,1,1,1,0,0
"TCP10",0,2,0,0,0,0,0,0,0,0
"LINC02538",0,0,0,1,0,0,0,0,0,0
"LINC02487",0,0,0,0,0,0,0,0,0,0
"LINC01558",0,0,0,1,0,0,0,0,0,0
"AL009178.3",0,4,0,1,1,1,0,3,0,2
"AFDN-DT",0,6,1,1,2,1,0,2,1,8
"AFDN",50,308,191,432,323,135,118,192,85,236
"KIF25-AS1",0,2,1,1,0,0,0,0,0,2
"KIF25",1,5,4,4,2,3,0,0,0,2
"DACT2",0,1,0,1,1,0,0,1,0,0
"SMOC2",0,3,0,2,1,1,0,0,0,2
"LINC01615",0,0,0,0,0,0,0,0,0,0
"BX322234.1",3,6,14,13,27,11,10,13,6,13
"THBS2",3,29,23,60,33,8,8,3,9,6
"LINC02519",0,7,4,1,3,0,0,0,0,1
"AL009176.1",0,0,1,0,0,0,0,0,0,0
"WDR27",11,45,55,78,98,31,30,54,19,54
"C6orf120",3,12,8,6,16,13,6,13,2,16
"PHF10",6,23,39,65,45,24,17,31,5,28
"AL354892.2",0,0,0,0,0,0,0,0,0,0
"AL354892.1",2,4,4,11,6,3,2,1,0,6
"TCTE3",5,12,10,11,13,4,9,6,1,12
"ERMARD",7,43,30,55,33,13,17,15,6,14
"LINC00242",0,0,0,0,0,0,0,0,0,1
"LINC00574",1,1,2,0,1,0,1,0,0,5
"AL596442.2",0,0,0,0,1,0,0,0,0,0
"AL109910.1",0,0,0,1,0,0,1,0,0,0
"AL109910.2",0,0,0,0,0,0,0,0,0,0
"LINC01624",0,0,0,2,2,0,0,1,1,2
"DLL1",11,47,42,65,81,48,59,64,30,56
"FAM120B",49,197,168,218,245,79,67,152,48,171
"PSMB1",22,142,98,90,79,45,43,66,26,46
"TBP",8,23,17,22,32,6,3,12,1,22
"PDCD2",6,20,19,21,25,5,5,19,3,10
"AL731661.1",0,0,2,1,0,0,0,0,0,0
"AL731684.1",0,0,0,1,0,1,0,0,0,0
"AC215522.3",0,0,0,0,0,0,0,0,0,0
"AC093627.1",0,1,0,0,0,0,0,0,0,0
"AC093627.5",4,3,3,5,6,3,5,2,1,11
"AC093627.4",0,0,1,3,0,0,0,5,0,0
"AC093627.3",0,2,5,4,2,1,2,4,1,3
"FAM20C",8,108,46,110,56,13,21,35,8,25
"AC147651.3",0,0,0,0,0,0,0,1,0,0
"PDGFA",9,18,23,39,45,14,30,27,6,65
"AC147651.1",1,2,4,8,4,3,4,5,1,1
"PRKAR1B",14,110,102,209,117,30,25,33,20,43
"AC147651.2",0,0,0,0,0,0,0,0,0,0
"AC147651.4",0,0,0,0,0,0,0,0,0,0
"DNAAF5",2,14,21,22,23,7,8,11,7,22
"SUN1",31,104,92,250,140,50,39,46,22,126
"GET4",0,0,0,0,0,1,0,2,2,0
"AC073957.3",2,3,4,3,1,0,1,1,0,0
"ADAP1",2,24,30,52,17,9,5,18,6,8
"COX19",13,30,48,47,64,31,15,36,8,46
"C7orf50",25,113,72,109,107,22,21,60,21,46
"AC073957.1",0,17,9,14,23,3,10,20,8,20
"GPR146",2,33,12,13,19,19,10,8,6,10
"AC091729.1",0,0,0,0,0,0,0,0,0,0
"AC091729.2",0,0,0,0,0,0,0,0,0,0
"GPER1",2,4,14,16,6,2,3,10,0,8
"ZFAND2A",11,31,19,13,20,4,8,10,1,14
"AC091729.3",3,10,6,18,6,13,5,26,4,10
"MICALL2",73,125,217,221,172,85,66,166,101,157
"AC102953.1",0,0,0,0,0,0,0,0,0,0
"AC102953.2",1,1,3,7,7,4,1,5,1,1
"INTS1",14,55,62,124,41,30,26,35,42,26
"MAFK",4,10,5,10,7,3,2,4,0,4
"TMEM184A",0,0,0,1,0,0,0,0,0,0
"PSMG3",5,24,22,39,22,7,5,9,1,10
"PSMG3-AS1",6,12,10,25,12,4,4,6,2,12
"ELFN1",1,2,1,3,3,2,0,3,0,2
"MAD1L1",18,34,47,79,82,16,11,35,11,38
"AC104129.1",0,2,0,0,0,0,0,0,0,0
"MRM2",1,13,5,8,16,6,4,10,7,10
"NUDT1",5,9,10,7,7,4,5,1,1,2
"SNX8",10,22,21,61,42,11,8,11,3,33
"EIF3B",22,51,57,154,72,28,14,39,17,46
"CHST12",15,49,64,102,97,12,26,27,5,102
"LFNG",15,40,40,110,46,11,17,19,14,29
"BRAT1",12,48,44,95,62,17,18,29,22,53
"IQCE",8,52,52,85,54,18,9,18,14,39
"TTYH3",31,63,50,79,72,32,17,44,22,56
"AMZ1",6,81,48,65,44,5,10,24,6,53
"GNA12",21,241,93,205,153,44,53,93,28,155
"CARD11",3,2,9,10,22,0,2,0,1,3
"AC073316.1",0,1,0,0,2,0,0,0,0,1
"AC073316.3",0,1,0,2,1,1,0,1,1,1
"SDK1",38,82,98,210,184,90,30,169,27,109
"FOXK1",21,106,84,125,120,23,26,40,25,75
"AP5Z1",8,34,29,74,26,12,10,33,11,38
"RADIL",1,36,18,24,36,8,18,22,13,19
"MMD2",146,203,184,272,267,15,33,46,22,288
"RBAK-RBAKDN",18,113,111,110,107,28,26,46,17,94
"WIPI2",12,68,47,55,63,31,32,43,13,38
"SLC29A4",19,31,22,111,34,13,23,18,9,31
"TNRC18",12,98,97,135,116,35,30,65,29,110
"AC092171.1",0,0,1,0,0,0,0,0,0,0
"AC092171.4",2,11,10,9,10,5,7,9,2,26
"AC092171.3",7,10,9,4,2,2,1,0,0,8
"AC092171.5",0,3,1,0,0,0,0,0,0,2
"FBXL18",9,48,47,84,60,10,9,12,3,43
"AC092171.2",0,0,1,0,0,0,0,0,0,0
"ACTB",134,804,423,839,487,268,191,296,125,269
"FSCN1",15,47,25,77,48,16,4,14,15,16
"RNF216",27,126,114,144,182,29,20,65,21,155
"OCM",0,2,5,2,3,1,0,1,1,0
"CCZ1",13,33,35,33,35,19,14,12,5,42
"RSPH10B",0,1,0,3,1,0,0,0,0,2
"PMS2",4,20,20,25,25,6,5,15,3,27
"AIMP2",7,44,23,20,19,8,17,30,5,26
"EIF2AK1",6,63,36,44,37,14,15,18,11,38
"ANKRD61",0,0,0,0,0,0,0,0,0,0
"AC004895.1",0,0,0,1,1,0,0,1,0,0
"USP42",14,64,45,65,70,13,13,34,9,56
"CYTH3",9,51,51,99,71,12,16,16,11,50
"FAM220A",1,6,5,19,9,7,4,6,2,7
"RAC1",17,124,119,138,116,46,40,63,21,47
"DAGLB",7,28,20,52,33,9,8,21,4,28
"GRID2IP",2,7,17,9,7,2,10,1,1,9
"ZDHHC4",4,26,14,19,15,5,6,9,2,14
"AC079742.1",0,0,0,0,2,0,0,0,0,1
"C7orf26",8,21,24,40,34,6,7,32,6,20
"ZNF853",2,3,5,11,5,2,3,6,0,5
"ZNF316",16,21,30,69,32,6,5,14,7,14
"AC073343.2",20,92,106,203,100,22,22,58,13,77
"ZNF12",10,28,21,43,43,8,9,21,8,25
"RSPH10B2",0,1,1,0,2,0,1,0,0,2
"CCZ1B",8,49,22,23,39,12,7,24,8,27
"C1GALT1",19,34,60,89,74,26,27,33,17,60
"COL28A1",12,28,37,56,44,11,14,11,10,39
"AC004982.1",2,4,6,9,5,5,3,1,2,6
"AC004982.2",2,11,7,16,14,2,5,3,2,17
"MIOS",4,31,25,35,57,16,15,23,7,38
"AC004948.1",0,0,1,3,1,0,0,0,0,1
"RPA3",6,19,11,13,19,15,9,12,4,10
"UMAD1",26,147,174,258,261,89,97,149,33,212
"AC006042.4",0,2,0,0,0,0,0,0,0,0
"AC006042.2",0,1,5,4,3,1,1,1,0,4
"GLCCI1",27,177,233,245,336,106,127,142,69,316
"ICA1",8,32,51,49,27,3,2,2,4,11
"AC006042.1",0,0,0,0,0,0,0,0,0,0
"AC007128.1",0,0,1,10,3,1,0,2,0,0
"NXPH1",6,50,47,154,58,8,3,13,7,11
"AC004852.2",1,7,3,14,14,3,0,2,4,0
"AC060834.2",0,0,1,0,0,0,0,0,0,0
"AC004936.1",0,0,0,0,0,0,0,0,0,0
"AC004949.1",2,9,3,13,12,4,1,2,0,6
"NDUFA4",98,200,170,155,135,89,63,119,28,98
"AC007029.1",0,0,1,3,1,0,1,0,3,0
"PHF14",56,290,276,445,458,135,181,313,74,460
"THSD7A",45,265,248,384,401,112,165,193,93,327
"AC004160.2",0,1,0,0,1,0,0,0,0,0
"TMEM106B",16,93,98,142,135,74,64,84,29,96
"VWDE",0,0,2,2,2,3,0,1,0,0
"AC013470.2",2,4,2,4,4,2,2,8,1,3
"SCIN",0,0,1,3,4,2,0,2,0,1
"ARL4A",4,12,25,31,23,12,14,10,2,1
"AC011287.1",16,98,123,102,155,17,20,12,12,51
"AC011287.2",0,1,0,1,1,0,0,0,0,0
"ETV1",20,140,101,376,211,56,60,114,53,169
"DGKB",74,334,213,273,341,23,35,78,66,436
"AC006150.1",0,0,0,0,0,0,0,0,0,0
"AGMO",4,19,10,26,31,7,17,5,15,13
"MEOX2",1,1,4,6,15,1,1,3,1,9
"AC005550.2",0,0,0,3,0,0,0,0,0,2
"LINC02587",0,0,0,0,0,0,0,0,0,0
"AC006041.1",0,0,0,0,0,0,0,0,0,0
"ISPD",21,64,91,157,180,26,36,62,24,107
"ISPD-AS1",0,0,1,1,5,1,0,0,1,5
"SOSTDC1",1,2,5,1,3,0,1,1,0,0
"LRRC72",0,0,1,0,1,0,0,0,0,0
"AC005014.2",1,0,1,2,3,0,0,0,1,2
"ANKMY2",3,43,35,59,73,12,16,23,11,53
"BZW2",4,25,30,45,31,9,9,9,5,9
"AC073333.1",0,7,5,19,7,4,0,5,2,5
"TSPAN13",5,26,28,53,30,5,13,8,4,12
"AGR2",1,0,0,0,1,0,0,0,0,0
"AGR3",0,0,0,0,1,1,0,0,0,0
"AHR",2,8,11,6,9,3,0,4,2,2
"AC073332.1",9,20,21,30,17,4,2,5,3,11
"AC019117.3",0,1,1,0,0,0,0,1,1,0
"AC019117.1",1,1,1,2,4,2,1,1,2,3
"SNX13",23,122,85,147,178,64,91,79,27,130
"HDAC9",27,106,143,196,238,34,42,38,23,83
"AC010082.1",0,0,0,0,0,0,0,0,0,0
"TWIST1",0,2,3,0,1,2,0,0,0,0
"AC003986.3",0,0,0,0,0,0,0,0,0,0
"AC003986.1",0,0,0,0,0,0,0,0,0,0
"AC007091.1",1,7,12,5,16,3,5,3,2,18
"TWISTNB",2,15,16,12,21,6,9,7,1,7
"TMEM196",2,8,8,11,6,3,0,4,0,5
"AC004543.1",0,0,0,0,0,0,0,0,0,0
"AC007001.1",0,1,0,0,0,0,0,0,0,0
"MACC1",0,5,2,3,3,2,2,3,1,10
"MACC1-AS1",0,0,0,1,0,0,0,0,0,0
"AC099342.1",0,1,0,2,0,0,1,0,0,2
"AC004130.1",2,7,7,4,4,3,1,7,1,9
"ITGB8",36,198,184,406,313,179,162,230,111,348
"ABCB5",0,4,4,5,7,3,2,3,5,7
"SP8",0,0,0,0,0,0,0,0,0,0
"LINC01162",0,2,1,2,3,0,0,0,1,0
"SP4",9,54,41,99,91,28,25,22,18,62
"DNAH11",5,15,40,34,50,30,20,44,6,44
"CDCA7L",3,3,4,12,14,4,5,3,1,4
"RAPGEF5",60,241,246,422,259,40,38,31,33,86
"STEAP1B",10,24,37,39,51,23,17,24,17,23
"AC002480.2",0,0,0,0,0,0,0,0,0,0
"AC002480.3",0,0,0,0,0,0,0,0,0,0
"AC002480.4",1,0,1,0,0,0,0,0,0,0
"IL6",0,0,0,1,0,0,0,0,0,0
"TOMM7",91,155,191,152,183,56,43,67,29,74
"FAM126A",8,72,51,61,69,21,33,37,17,37
"KLHL7-DT",0,1,1,1,0,0,0,0,0,4
"KLHL7",23,108,87,144,140,32,42,57,14,86
"NUPL2",23,82,59,99,119,27,23,68,19,96
"AC005082.1",0,0,0,2,0,0,0,0,0,0
"GPNMB",3,7,5,4,11,5,3,10,0,0
"MALSU1",18,52,36,50,59,20,17,24,5,31
"IGF2BP3",1,6,4,10,11,2,1,6,0,8
"TRA2A",71,254,241,404,424,149,205,219,98,436
"CCDC126",4,39,40,42,56,10,20,30,6,41
"FAM221A",8,49,13,29,33,17,18,31,12,34
"STK31",3,3,5,8,0,1,3,3,1,3
"AC004485.1",3,3,1,7,3,0,1,2,1,2
"NPY",8,0,13,7,21,0,2,2,0,0
"MPP6",20,171,124,240,251,82,57,114,41,143
"GSDME",0,17,3,8,27,5,4,8,5,18
"OSBPL3",19,131,79,162,149,42,34,65,27,121
"CYCS",26,91,57,61,54,42,22,65,16,55
"C7orf31",2,7,7,12,10,5,3,4,4,11
"AC005165.1",1,1,2,6,8,1,5,1,1,2
"AC010719.1",0,0,0,0,1,0,0,0,0,0
"NFE2L3",3,14,22,14,20,5,7,7,0,21
"AC004520.1",0,1,0,3,2,0,0,0,0,1
"HNRNPA2B1",73,298,263,425,397,180,188,313,103,344
"CBX3",7,70,63,80,87,27,14,33,10,44
"SNX10",15,35,41,60,35,5,1,7,3,8
"AC004540.2",0,3,5,3,4,5,2,7,2,5
"AC004540.1",4,12,13,14,26,5,10,7,6,25
"C7orf71",0,0,0,0,0,0,0,0,0,0
"SKAP2",5,28,31,48,52,9,6,14,4,38
"HOTAIRM1",0,0,0,0,1,0,0,0,0,0
"AC004009.1",0,1,1,1,1,0,0,0,0,1
"HIBADH",23,128,100,135,153,66,70,99,44,123
"AC005091.1",0,3,4,1,5,0,0,4,1,3
"TAX1BP1",28,218,177,301,258,86,91,118,54,158
"JAZF1",43,157,179,274,276,40,69,87,33,118
"JAZF1-AS1",5,5,13,17,18,2,1,8,3,5
"CREB5",68,307,209,530,339,54,53,50,58,176
"TRIL",28,98,117,175,154,61,74,120,58,144
"AC005013.1",0,0,0,0,0,0,0,0,0,0
"AC005162.3",36,68,111,122,168,59,85,107,92,165
"CPVL",2,9,9,20,8,9,6,4,0,19
"AC005162.1",0,0,0,1,1,0,0,0,0,1
"AC004593.3",0,0,0,4,2,0,0,1,0,2
"AC004593.1",0,1,1,0,1,0,0,0,0,0
"AC007255.1",1,2,9,11,13,0,3,4,0,3
"PRR15",0,0,0,0,0,0,1,0,0,0
"WIPF3",5,29,55,69,32,6,4,32,5,19
"SCRN1",19,124,100,146,132,62,59,86,45,121
"AC007285.1",2,13,13,21,19,8,7,10,9,10
"FKBP14",5,35,23,24,27,11,7,23,5,23
"PLEKHA8",11,62,69,129,98,32,32,33,18,69
"AC007285.2",0,0,2,4,2,0,0,0,0,4
"MTURN",27,87,60,134,77,32,33,37,13,39
"AC007036.1",0,0,0,0,0,0,0,0,0,0
"ZNRF2",9,80,45,117,88,18,27,35,10,62
"AC006978.2",5,62,48,88,89,21,14,22,10,40
"NOD1",4,46,16,16,27,11,18,17,4,17
"GGCT",8,12,30,28,16,7,7,16,4,14
"AC005154.6",20,77,107,135,152,44,60,82,31,140
"AC005154.5",1,7,2,6,4,4,3,1,0,17
"AC005154.4",0,0,1,0,0,0,0,0,0,0
"GARS",5,38,39,51,40,15,19,34,8,20
"CRHR2",1,2,2,1,2,1,0,0,0,1
"INMT",0,1,0,0,1,0,0,0,0,0
"INMT-MINDY4",0,0,0,0,0,0,0,0,0,0
"AC004691.1",0,2,1,1,1,2,0,1,0,0
"AC004691.2",0,0,0,0,0,1,0,0,0,0
"AQP1",8,56,50,194,70,41,28,18,22,32
"GHRHR",1,2,2,2,4,2,1,0,0,2
"ADCYAP1R1",36,100,92,200,117,47,41,91,22,91
"NEUROD6",4,14,10,6,6,0,0,2,1,0
"CCDC129",0,4,3,3,3,0,3,0,0,1
"PPP1R17",1,0,4,1,0,1,0,0,0,1
"PDE1C",72,170,203,512,291,56,62,30,42,100
"LSM5",15,52,41,49,52,29,16,42,10,53
"AVL9",38,247,196,307,235,58,70,109,42,194
"AC018645.2",0,2,0,3,2,0,1,1,0,0
"LINC00997",0,3,3,5,4,1,0,1,1,2
"AC018648.1",0,1,4,2,0,2,0,0,0,1
"KBTBD2",11,44,37,86,78,29,31,32,18,41
"FKBP9",14,63,44,81,61,17,20,29,11,36
"NT5C3A",14,68,90,133,104,21,37,48,16,88
"RP9",5,21,11,29,29,7,5,17,7,18
"BBS9",66,142,237,439,456,88,111,198,82,264
"AC008080.1",0,1,0,0,0,1,0,0,0,0
"AC008080.4",0,0,0,0,1,0,0,0,0,1
"AC008080.3",0,0,0,2,1,0,0,1,0,0
"BMPER",20,126,104,129,131,13,28,67,15,39
"AC009262.1",1,0,2,0,1,0,0,0,0,0
"NPSR1",1,3,3,6,3,2,2,1,2,5
"DPY19L1",13,161,100,192,167,26,64,95,24,115
"TBX20",0,0,1,0,0,0,0,0,0,1
"HERPUD2",15,124,60,96,128,54,74,84,36,113
"AC018647.2",0,2,6,1,6,1,4,6,1,9
"AC018647.1",22,23,46,43,32,6,11,4,2,21
"SEPT7-AS1",12,33,44,40,64,10,18,29,13,69
"SEPT7",201,889,613,1538,1179,378,432,527,153,628
"AC083864.2",1,1,3,1,2,0,0,1,0,0
"EEPD1",25,100,62,126,82,6,12,13,8,52
"AC006960.3",0,0,0,3,0,1,0,0,0,0
"KIAA0895",2,18,8,20,30,3,13,12,2,19
"ANLN",20,43,61,200,102,55,54,23,42,44
"AC006960.2",0,0,0,0,0,0,0,0,0,0
"AOAH",3,14,26,28,26,1,6,4,4,9
"AC007349.4",0,0,0,0,0,0,0,0,0,0
"AC007349.1",0,0,0,0,0,0,0,0,0,0
"ELMO1",97,303,279,751,501,75,75,52,68,194
"ELMO1-AS1",15,89,119,259,92,8,9,7,11,12
"EPDR1",8,24,33,33,41,22,20,36,9,32
"SFRP4",0,1,4,6,4,2,1,8,3,9
"STARD3NL",14,38,28,37,50,23,20,33,7,30
"TRGC2",0,1,0,1,1,2,0,1,0,2
"TRGC1",0,0,0,0,0,0,0,0,0,0
"AC006033.2",0,0,0,0,0,0,0,0,0,0
"TRG-AS1",0,0,0,0,0,1,0,0,0,0
"AMPH",21,75,118,142,115,8,11,21,6,48
"VPS41",28,103,121,236,229,37,53,88,26,108
"POU6F2",44,135,184,353,421,92,99,161,53,200
"POU6F2-AS2",0,2,1,1,2,0,0,0,1,3
"AC011290.1",2,3,3,5,5,0,3,2,1,14
"YAE1D1",11,44,47,76,96,47,25,66,9,70
"RALA",16,82,38,91,84,20,35,40,20,67
"AC004837.2",0,0,0,1,2,0,0,2,0,0
"LINC00265",2,25,7,16,17,4,4,5,3,7
"AC072061.1",1,1,1,1,1,0,2,0,0,2
"CDK13",54,326,252,452,456,96,118,206,59,349
"MPLKIP",7,31,27,81,66,12,14,29,4,52
"SUGCT",24,109,99,162,129,36,32,73,29,151
"AC004988.1",0,1,2,3,3,0,0,1,0,1
"LINC01449",1,2,1,6,0,1,0,0,1,1
"INHBA",1,1,1,2,3,2,0,1,0,0
"INHBA-AS1",0,3,1,3,4,1,1,2,0,2
"GLI3",68,231,258,464,479,107,129,208,90,359
"LINC01448",0,0,0,0,0,0,0,0,0,0
"AC010132.1",0,0,0,0,0,0,0,0,0,0
"AC010132.4",0,0,1,4,0,0,1,0,0,0
"C7orf25",0,0,1,0,2,1,0,4,0,6
"AC010132.3",0,2,1,3,1,0,0,0,0,2
"PSMA2",0,0,1,0,0,0,0,0,0,0
"MRPL32",7,24,22,21,18,19,18,19,5,20
"AC005537.1",3,13,21,22,16,3,1,1,0,4
"HECW1",14,96,181,181,165,20,13,25,6,36
"AC004692.2",1,1,2,2,0,0,0,0,0,0
"LUARIS",0,2,1,2,0,0,0,0,0,0
"STK17A",10,65,56,59,109,40,28,56,13,84
"COA1",30,138,88,118,137,43,39,73,30,99
"BLVRA",6,27,12,24,36,5,7,13,10,24
"URGCP-MRPS24",0,1,0,0,1,0,0,0,0,1
"URGCP",24,36,47,61,83,13,10,19,5,96
"UBE2D4",4,17,12,24,18,8,11,13,4,28
"SPDYE1",22,78,72,190,83,12,8,28,13,62
"AC004951.1",6,17,7,13,11,2,1,3,2,20
"LINC00957",3,3,3,4,2,1,1,1,1,1
"DBNL",15,39,25,48,26,11,7,12,7,15
"PGAM2",0,15,17,7,18,16,14,27,4,20
"POLM",11,48,51,40,31,4,8,10,5,53
"AEBP1",33,106,201,160,243,156,105,360,107,106
"POLD2",8,35,30,43,44,14,15,15,8,21
"MYL7",0,0,0,6,0,1,2,4,0,3
"GCK",1,5,6,13,5,7,5,9,4,8
"YKT6",3,28,25,64,27,15,15,13,13,28
"CAMK2B",36,150,173,313,255,82,67,121,90,209
"NUDCD3",34,164,159,266,172,37,49,68,30,104
"NPC1L1",0,0,1,0,0,3,2,4,0,1
"DDX56",5,37,31,56,51,19,16,26,15,33
"TMED4",5,58,55,59,41,23,18,23,16,55
"OGDH",28,137,130,189,150,26,42,61,22,132
"ZMIZ2",18,41,70,84,54,24,21,29,16,38
"AC013436.1",0,0,0,0,1,0,0,0,0,0
"PPIA",74,247,238,401,210,81,66,127,34,63
"H2AFV",16,64,49,110,89,40,23,53,30,49
"LINC01952",0,0,2,1,1,1,0,2,0,0
"PURB",8,59,51,96,73,21,20,36,8,36
"AC004854.2",0,1,0,0,2,0,0,0,1,0
"MYO1G",0,0,0,5,0,0,0,0,0,0
"SNHG15",5,10,21,19,13,5,9,27,4,26
"CCM2",14,73,71,168,97,16,18,34,23,70
"NACAD",7,24,15,39,18,11,6,18,6,9
"TBRG4",9,37,22,35,24,18,10,26,9,10
"RAMP3",0,5,6,8,3,0,0,2,1,3
"AC073325.1",0,2,2,1,1,0,1,0,0,1
"ADCY1",17,56,63,79,97,13,30,34,13,48
"IGFBP1",0,0,0,0,0,0,0,0,0,0
"IGFBP3",0,1,3,4,3,0,2,0,0,0
"AC073115.1",0,0,0,0,0,0,0,0,0,0
"AC023669.2",0,0,0,0,0,0,0,0,0,0
"AC011294.1",0,0,0,1,0,0,0,0,0,0
"AC004870.4",0,3,0,0,2,0,2,0,0,1
"AC004870.3",0,0,1,0,0,0,0,0,0,0
"TNS3",33,141,95,239,259,75,63,99,63,170
"LINC01447",1,0,0,0,0,0,0,0,0,0
"C7orf65",0,1,1,0,1,0,0,0,0,0
"HUS1",16,45,25,65,34,19,13,23,8,33
"LINC00525",0,0,0,0,0,0,0,0,0,0
"C7orf69",0,0,1,2,1,0,0,0,0,0
"SUN3",0,2,0,3,0,1,0,0,0,2
"C7orf57",0,0,0,0,0,0,0,0,0,2
"UPP1",10,12,20,25,22,7,8,10,3,7
"ABCA13",1,0,3,4,8,0,2,2,0,3
"VWC2",7,23,31,40,21,2,2,3,0,3
"ZPBP",2,10,11,15,16,5,4,13,1,15
"SPATA48",0,2,0,2,1,1,2,0,1,0
"AC020743.1",0,0,0,0,0,0,0,0,0,0
"AC020743.2",0,0,0,0,1,0,0,0,0,0
"IKZF1",1,0,3,4,11,0,0,1,0,1
"AC124014.1",0,0,0,0,0,0,0,0,0,0
"FIGNL1",3,4,10,11,9,5,7,8,3,13
"DDC",0,0,0,0,0,1,0,0,0,1
"GRB10",10,27,41,80,36,7,7,17,2,32
"AC004830.1",2,10,13,21,27,4,0,1,3,16
"COBL",70,407,210,409,374,100,90,100,58,206
"AC005999.1",0,1,1,1,1,1,0,1,0,0
"LINC01446",0,1,0,0,0,1,8,1,0,0
"AC073521.1",0,0,0,0,0,0,0,0,0,0
"LINC01445",0,0,4,0,3,1,3,2,2,3
"VSTM2A",10,27,34,64,27,5,6,3,2,6
"SEC61G",4,9,15,24,20,47,10,42,10,10
"AC074351.1",2,8,2,1,6,0,2,4,0,9
"EGFR",53,262,305,583,418,145,110,205,108,503
"ELDR",1,4,5,10,4,6,2,7,0,8
"LANCL2",19,84,72,107,100,29,32,41,23,79
"VOPP1",23,97,115,255,189,49,51,123,27,129
"AC099681.1",0,0,0,0,1,0,0,0,0,0
"SEPT14",3,1,4,2,6,0,0,3,1,3
"AC092647.5",4,9,12,23,11,0,3,11,6,11
"NIPSNAP2",31,237,173,205,198,35,45,58,39,152
"PSPH",4,13,25,62,38,18,13,24,7,34
"CCT6A",6,72,43,77,39,20,14,46,11,41
"SUMF2",20,98,86,77,76,17,35,29,12,75
"PHKG1",22,124,52,45,102,14,51,33,13,113
"CHCHD2",55,188,154,107,105,53,44,83,19,103
"NUPR2",2,0,1,2,0,1,0,0,1,0
"AC118758.3",0,1,0,0,0,0,0,0,0,1
"ZNF479",0,1,1,0,1,0,0,0,0,0
"AC237221.1",0,0,0,1,1,1,0,0,0,0
"ZNF716",0,0,0,1,0,0,0,0,0,0
"AC069285.1",0,0,0,1,0,0,0,0,0,0
"AC092634.5",0,1,4,0,4,0,1,1,0,4
"AC092634.3",2,0,0,0,6,2,3,2,1,2
"AC115220.1",0,0,0,0,0,0,0,0,0,0
"ZNF727",0,8,4,3,21,4,5,5,1,5
"AC091685.1",0,0,1,0,0,0,0,0,0,0
"ZNF735",0,0,1,0,0,0,0,0,0,0
"ZNF679",0,0,0,1,0,0,0,0,0,0
"ZNF736",11,62,33,61,69,19,16,25,8,41
"ZNF680",16,123,78,126,125,50,67,106,19,127
"ZNF107",4,41,22,30,27,8,12,13,4,40
"ZNF138",12,33,23,44,46,6,10,20,4,32
"ZNF273",10,29,42,83,65,29,20,30,16,47
"AC073349.1",0,4,1,2,2,0,2,0,1,0
"ZNF117",11,23,24,31,59,24,31,37,22,26
"ERV3-1",0,0,0,0,1,0,0,0,0,0
"AC104073.4",0,2,0,1,0,0,0,1,0,3
"ZNF92",1,7,9,12,15,7,4,10,4,9
"VKORC1L1",10,66,43,60,50,7,15,23,6,38
"GUSB",9,19,35,50,33,8,6,14,6,19
"ASL",5,14,15,8,13,2,0,5,2,9
"AC068533.4",4,16,23,25,14,3,6,8,2,14
"CRCP",3,7,12,16,12,4,8,10,3,9
"AC068533.3",1,18,21,28,24,1,3,10,3,31
"TPST1",40,830,237,528,312,61,152,127,34,265
"AC008267.5",5,6,5,14,7,2,4,2,3,8
"AC027644.4",34,119,115,150,123,14,22,31,9,136
"RABGEF1",6,14,12,20,12,3,6,9,3,8
"AC027644.3",11,19,25,13,30,7,10,16,10,16
"AC073335.2",2,6,1,4,7,1,1,3,3,3
"TMEM248",13,120,61,138,88,25,29,37,22,58
"SBDS",10,44,28,33,31,33,14,42,18,33
"TYW1",29,149,117,156,156,28,25,46,10,125
"AC006480.2",6,16,18,14,15,13,1,21,3,17
"LINC01372",0,5,4,9,5,0,0,2,0,6
"AC005482.1",0,0,3,0,1,0,0,0,0,0
"AC092637.1",0,0,0,0,0,0,0,0,0,0
"AC006013.1",0,0,2,1,0,1,0,1,0,0
"AC093655.1",2,4,3,3,5,2,2,5,0,2
"AC104688.1",0,0,0,1,1,1,0,0,0,1
"AC092100.1",1,9,7,12,14,3,4,4,0,10
"AC006012.1",1,1,2,0,3,0,0,2,0,0
"AUTS2",282,1142,907,1859,1726,353,369,626,239,1053
"GALNT17",29,86,171,206,186,17,11,18,9,33
"CALN1",15,227,154,177,131,13,31,62,16,68
"TYW1B",13,81,88,115,123,16,17,47,17,88
"POM121",16,69,75,166,121,17,26,38,20,56
"AC211476.2",0,6,6,6,5,1,2,3,0,6
"TRIM74",0,0,0,0,0,0,0,0,0,0
"NSUN5",10,26,29,71,48,23,21,39,11,32
"TRIM50",0,1,0,0,0,0,1,1,0,0
"FKBP6",1,4,2,5,1,1,2,3,2,5
"FZD9",2,3,17,34,15,4,6,6,2,9
"BAZ1B",22,132,97,182,176,27,37,58,22,85
"BCL7B",3,23,12,26,21,10,14,19,6,19
"TBL2",2,11,11,15,16,4,8,8,3,7
"MLXIPL",2,7,21,37,33,5,6,11,1,5
"VPS37D",1,2,7,12,5,2,2,4,0,1
"DNAJC30",8,27,26,15,13,3,5,9,2,9
"BUD23",6,32,36,48,38,15,22,30,10,19
"STX1A",13,30,32,53,44,10,11,10,3,14
"ABHD11",4,23,15,8,12,1,4,8,3,20
"CLDN3",0,0,0,0,0,0,0,0,0,0
"CLDN4",2,4,6,4,11,0,1,2,0,7
"METTL27",0,4,5,2,8,1,2,5,1,3
"TMEM270",0,0,0,1,1,0,0,0,0,0
"ELN",26,35,53,74,61,16,17,19,12,49
"ELN-AS1",0,0,1,1,1,0,0,0,0,1
"LIMK1",1,18,34,35,25,7,3,16,5,23
"EIF4H",22,71,40,76,57,23,20,30,11,36
"LAT2",2,13,14,40,15,4,2,8,2,6
"RFC2",1,10,1,20,8,1,3,6,1,6
"CLIP2",44,128,168,615,160,32,39,46,17,98
"GTF2IRD1",39,115,97,150,135,23,39,50,17,129
"AC211433.2",0,0,1,1,0,0,0,0,0,0
"GTF2I",99,509,443,737,672,254,228,348,149,448
"NCF1",0,0,0,4,6,1,0,0,0,0
"GTF2IRD2",16,37,45,50,42,11,14,12,20,38
"CASTOR2",8,25,41,58,54,6,11,11,7,49
"RCC1L",5,32,37,51,36,10,16,16,9,34
"GTF2IRD2B",19,65,54,86,92,14,19,23,14,77
"AC211486.5",4,24,42,32,26,5,4,5,3,26
"TRIM73",1,10,2,4,5,0,1,1,1,3
"POM121C",17,94,106,210,141,39,26,62,22,73
"SPDYE5",31,181,113,220,126,29,24,55,19,88
"HIP1",99,138,187,407,371,66,71,84,46,204
"CCL26",0,0,1,1,0,0,0,0,0,2
"CCL24",0,0,0,0,0,0,0,0,1,1
"RHBDD2",25,104,111,213,109,62,41,68,32,44
"POR",9,90,73,151,103,31,27,73,26,55
"TMEM120A",11,42,50,94,52,25,17,33,20,30
"STYXL1",13,49,51,73,63,16,15,27,10,64
"MDH2",5,44,25,32,20,12,9,23,4,19
"SRRM3",6,47,90,84,59,16,7,15,4,20
"HSPB1",20,523,239,386,334,500,212,1751,133,366
"YWHAG",40,153,179,343,128,38,32,49,15,47
"SSC4D",2,3,5,6,1,1,0,0,0,3
"ZP3",0,9,4,21,8,2,0,5,2,4
"DTX2",1,8,19,19,28,9,8,9,4,17
"AC005522.1",0,1,1,1,0,0,0,0,0,0
"UPK3B",1,0,0,3,0,0,0,0,0,0
"SPDYE16",17,29,53,63,68,29,19,56,7,64
"POMZP3",3,19,34,34,22,5,2,4,3,10
"AC114737.1",0,2,2,0,0,0,0,0,1,1
"CCDC146",23,71,80,124,129,39,54,96,23,71
"FGL2",0,1,1,0,1,0,0,0,0,1
"AC098851.1",0,0,0,1,0,0,0,0,0,2
"GSAP",14,36,66,64,87,8,16,48,25,61
"PTPN12",12,107,58,138,98,36,53,52,23,81
"APTR",5,40,35,43,65,13,14,14,5,41
"RSBN1L",28,92,96,156,141,44,37,68,21,106
"TMEM60",5,14,14,21,26,16,10,8,2,8
"PHTF2",10,100,98,135,102,23,30,42,12,73
"AC004990.1",1,2,0,4,2,0,0,0,0,1
"MAGI2",861,3678,2983,4895,5329,1347,1904,2558,1277,3999
"MAGI2-AS2",0,0,1,0,0,0,0,0,0,0
"AC006355.2",4,31,28,22,62,11,20,43,4,38
"GNAI1",25,75,63,159,162,45,35,24,19,34
"AC003988.1",0,0,1,0,1,1,0,0,0,0
"AC004862.1",0,1,0,1,0,0,0,0,0,0
"CD36",0,3,5,11,9,2,6,7,2,3
"GNAT3",0,0,0,1,0,1,0,0,0,1
"SEMA3C",12,30,52,137,33,11,13,4,8,29
"HGF",3,182,152,496,141,68,62,194,21,141
"CACNA2D1",78,396,327,646,599,119,166,192,98,301
"AC006145.1",0,2,2,1,1,0,0,0,0,3
"PCLO",33,209,252,393,339,43,66,87,29,141
"AC079799.1",0,0,0,0,0,0,0,1,0,1
"SEMA3E",4,22,20,30,51,2,5,9,9,11
"SEMA3A",25,85,117,147,178,52,31,95,29,92
"AC003984.1",0,1,0,0,2,0,0,0,0,0
"AC074183.1",0,0,0,0,0,0,0,0,0,0
"SEMA3D",6,11,21,100,104,28,36,52,22,62
"LINC00972",1,4,0,1,0,0,0,0,0,0
"GRM3",167,453,350,753,769,167,257,354,115,523
"AC005009.1",0,0,0,0,0,0,0,0,0,0
"AC005009.2",22,37,93,159,120,28,29,71,10,56
"KIAA1324L",33,91,61,89,83,26,29,34,32,52
"AC004023.1",1,0,0,1,1,0,0,0,0,0
"AC005076.1",0,6,2,2,2,0,3,1,1,1
"DMTF1",29,114,92,226,197,78,74,135,52,138
"TMEM243",5,19,20,23,49,12,16,23,7,22
"TP53TG1",3,7,7,11,10,4,4,12,2,8
"CROT",8,39,25,32,47,19,13,39,5,27
"ABCB4",0,0,0,0,1,0,1,0,0,1
"ABCB1",1,5,8,7,8,2,0,1,3,7
"RUNDC3B",4,32,44,63,66,15,5,5,7,16
"SLC25A40",7,25,28,72,55,23,17,43,18,45
"DBF4",0,5,19,15,13,1,1,10,3,10
"ADAM22",31,80,117,211,171,24,39,64,22,87
"SRI",23,180,136,145,171,107,75,161,59,176
"AC003991.2",1,1,0,0,1,0,1,1,0,0
"AC003991.1",12,31,86,116,186,55,37,245,45,150
"STEAP4",0,0,4,4,2,1,0,3,0,9
"AC002127.2",0,8,24,25,39,7,7,12,4,32
"ZNF804B",19,80,190,261,341,51,70,70,60,235
"AC002383.1",0,2,4,2,5,0,1,2,1,4
"AC004969.1",0,0,0,0,0,0,0,0,0,0
"STEAP1",1,1,3,7,2,1,1,2,0,3
"STEAP2",7,33,43,71,65,19,34,29,9,40
"CFAP69",5,44,35,35,72,19,24,35,19,45
"AC002064.1",0,3,6,1,2,0,0,2,1,2
"FAM237B",0,0,1,0,0,0,0,0,0,0
"GTPBP10",7,46,37,41,53,13,10,25,8,57
"CLDN12",10,61,56,82,92,40,31,59,20,78
"CDK14",42,302,245,318,361,82,96,122,36,198
"AC002456.1",0,1,0,1,0,0,2,6,0,1
"FZD1",0,4,3,12,8,9,4,10,5,5
"AC079760.2",3,15,21,9,10,0,2,3,1,12
"AC079760.1",16,66,68,144,93,14,15,24,15,103
"AC000058.1",0,1,0,2,1,0,0,0,0,2
"MTERF1",25,147,120,152,149,42,34,62,17,155
"AKAP9",93,488,489,623,808,190,262,302,119,366
"CYP51A1",0,1,3,2,0,2,0,2,6,2
"LRRD1",0,2,12,14,8,3,1,1,3,5
"CYP51A1-AS1",0,13,7,7,7,1,3,4,0,9
"KRIT1",22,150,126,167,213,45,54,81,22,131
"ANKIB1",86,260,235,363,401,96,125,152,86,283
"GATAD1",10,37,51,42,51,6,8,9,3,36
"AC007566.1",16,71,59,72,84,15,14,28,10,54
"ERVW-1",0,1,0,0,0,0,0,0,0,0
"PEX1",13,62,37,68,79,22,21,45,15,53
"RBM48",6,22,51,49,62,17,20,22,16,34
"FAM133B",17,101,98,146,111,51,42,76,19,77
"CDK6",18,64,75,159,106,9,9,21,13,35
"AC002454.1",0,0,2,1,0,0,0,0,0,1
"SAMD9",0,0,2,3,6,4,3,7,1,3
"SAMD9L",2,11,14,11,22,17,20,25,17,23
"HEPACAM2",1,0,0,1,1,0,0,1,0,1
"VPS50",34,111,81,138,176,50,72,96,45,131
"CALCR",0,1,2,1,1,0,0,0,0,1
"GNGT1",0,4,9,8,12,0,1,7,3,0
"TFPI2",0,0,0,0,0,0,0,0,0,0
"GNG11",0,3,1,1,1,2,3,0,3,1
"BET1",4,29,24,48,49,20,15,23,6,42
"AC006378.1",0,3,1,0,1,0,1,1,0,1
"AC003092.1",0,0,1,0,0,0,1,0,0,0
"AC002074.1",0,7,3,0,3,3,0,0,1,0
"COL1A2",0,0,0,0,1,2,0,0,0,2
"CASD1",27,123,112,230,179,59,79,93,42,146
"SGCE",21,140,119,213,169,111,79,114,45,152
"PEG10",10,47,52,91,43,19,19,20,4,18
"PPP1R9A",107,634,561,908,878,273,389,418,204,726
"AC002429.2",202,1028,611,401,670,113,150,167,83,953
"PON1",6,10,9,15,7,5,1,3,4,3
"PON3",5,23,14,12,19,7,21,5,4,14
"PON2",99,623,517,754,890,389,465,462,231,995
"ASB4",3,12,1,3,13,2,5,2,1,11
"PDK4",24,121,101,172,185,130,128,104,87,286
"AC002451.1",2,13,8,18,10,6,4,6,2,19
"DYNC1I1",36,154,192,268,218,31,33,27,14,87
"SLC25A13",58,152,176,232,230,50,50,73,38,191
"SEM1",36,156,148,282,352,183,92,218,65,288
"DLX6-AS1",10,11,9,16,6,2,1,1,0,1
"DLX6",0,3,1,0,1,1,0,1,0,0
"DLX5",1,2,0,2,2,0,0,0,0,0
"SDHAF3",4,29,16,18,24,7,12,14,9,26
"TAC1",6,5,1,10,3,0,0,1,1,0
"ASNS",8,34,55,58,58,21,12,65,3,36
"OCM2",0,0,1,0,0,0,1,1,0,0
"LMTK2",8,76,66,107,100,22,20,30,14,49
"TECPR1",18,32,43,79,50,28,13,33,13,27
"BRI3",15,70,56,67,69,19,9,34,12,73
"BAIAP2L1",21,84,80,59,131,33,37,57,12,65
"AC093799.1",0,0,0,2,0,0,0,2,0,0
"NPTX2",2,8,9,16,11,6,6,4,7,3
"TMEM130",16,60,66,100,54,6,6,19,2,3
"TRRAP",23,115,101,176,183,51,56,83,36,140
"SMURF1",29,196,120,265,225,48,42,84,35,150
"KPNA7",0,1,0,0,2,1,1,1,0,1
"AC004834.1",3,5,5,7,6,2,0,2,0,10
"AC004922.1",0,1,1,4,6,0,1,2,1,0
"ARPC1B",2,3,2,11,11,0,2,5,3,6
"PDAP1",13,41,36,36,40,10,12,22,6,28
"BUD31",11,22,17,39,15,11,15,27,7,13
"PTCD1",3,7,10,13,2,7,5,2,4,10
"CPSF4",9,21,31,34,33,9,13,13,4,24
"ZNF789",14,39,38,72,51,10,10,26,11,56
"ZNF394",4,17,16,31,20,9,13,11,4,18
"ZKSCAN5",7,19,18,39,21,10,5,19,9,20
"FAM200A",14,35,56,51,53,20,25,26,8,59
"AC005020.2",0,3,4,3,1,0,1,3,0,1
"TMEM225B",0,2,5,3,5,2,0,3,0,2
"ZSCAN25",2,10,6,14,14,8,2,5,0,7
"CYP3A5",4,26,31,11,38,8,4,16,4,41
"CYP3A4",0,1,4,2,2,0,0,1,0,1
"AC069294.1",1,0,0,4,4,0,0,0,2,0
"CYP3A43",0,14,7,9,6,2,2,4,1,8
"TRIM4",15,70,31,71,66,18,23,50,10,40
"GJC3",0,1,0,2,0,0,0,0,0,0
"AC004522.2",1,5,5,7,3,0,0,1,0,5
"AZGP1",1,0,13,24,20,13,14,6,2,5
"ZKSCAN1",65,217,217,292,274,50,70,85,27,178
"ZSCAN21",3,17,10,16,18,9,7,16,3,15
"ZNF3",13,34,34,30,43,9,8,15,6,17
"COPS6",21,99,104,100,121,37,35,54,14,84
"MCM7",4,11,24,23,17,9,10,17,5,12
"AP4M1",17,43,75,47,50,14,25,26,7,88
"TAF6",8,16,16,32,19,18,15,16,5,15
"AC073842.2",1,5,3,3,5,0,0,2,1,7
"CNPY4",1,14,11,16,20,8,6,10,4,13
"MBLAC1",3,5,1,9,1,2,0,4,1,2
"AC073842.1",1,2,1,6,3,1,0,0,0,6
"LAMTOR4",32,83,91,143,90,36,31,47,22,34
"C7orf43",0,2,6,10,12,1,1,9,1,1
"GAL3ST4",2,7,9,10,15,6,4,8,4,15
"GPC2",4,2,2,5,0,1,1,1,0,3
"STAG3",6,48,47,36,41,5,6,16,3,34
"CASTOR3",39,121,95,171,171,49,59,70,41,101
"SPDYE3",19,190,168,151,153,16,15,48,11,166
"PILRB",18,35,119,54,70,18,27,73,14,35
"PILRA",15,22,57,47,34,23,19,39,17,25
"ZCWPW1",13,26,67,61,38,8,7,35,13,54
"MEPCE",5,15,15,38,23,9,4,11,8,8
"PPP1R35",6,8,15,22,14,6,7,14,7,9
"C7orf61",10,17,22,58,53,19,9,38,11,61
"TSC22D4",69,408,220,285,331,172,217,299,138,435
"NYAP1",9,9,16,36,28,4,10,11,2,22
"AC069281.1",0,1,2,5,5,1,0,3,1,6
"AGFG2",8,53,44,126,69,10,15,37,20,71
"SAP25",7,16,20,35,16,19,12,35,16,16
"LRCH4",9,33,44,126,60,19,18,25,14,46
"FBXO24",4,4,2,4,3,0,0,0,0,3
"PCOLCE-AS1",3,5,3,0,5,2,1,3,0,4
"PCOLCE",0,6,13,18,11,10,4,5,0,9
"MOSPD3",8,19,12,15,20,7,10,6,2,24
"TFR2",1,7,16,19,23,0,0,12,2,16
"ACTL6B",0,15,20,29,28,6,1,6,2,8
"GNB2",7,73,41,86,50,63,40,77,37,39
"GIGYF1",15,26,31,88,50,29,33,29,35,50
"POP7",10,31,28,37,14,11,9,24,7,12
"EPO",1,0,0,1,0,0,0,0,0,0
"ZAN",2,3,3,6,5,1,2,4,0,9
"EPHB4",1,4,5,7,4,2,3,5,3,3
"SLC12A9",14,36,45,104,72,32,40,50,36,49
"SLC12A9-AS1",0,2,4,3,1,1,1,5,0,2
"TRIP6",10,34,36,60,54,20,24,42,20,43
"SRRT",8,31,40,53,39,23,17,36,20,20
"UFSP1",1,1,0,0,0,0,0,0,0,2
"ACHE",6,8,10,20,12,0,1,9,4,3
"MUC3A",0,0,2,0,1,2,0,0,1,0
"AC254629.1",0,0,0,0,0,0,0,0,0,0
"MUC12",1,0,2,2,1,0,1,2,1,0
"AC105446.1",0,2,1,4,1,1,0,2,0,0
"MUC17",0,1,0,2,0,0,0,0,0,5
"TRIM56",4,49,51,45,51,14,13,22,6,34
"SERPINE1",3,0,0,0,1,0,0,0,0,0
"AP1S1",14,39,22,53,27,8,9,16,5,12
"VGF",8,15,9,8,5,0,1,0,0,1
"NAT16",0,0,0,1,1,0,0,1,0,0
"MOGAT3",0,0,0,0,0,0,1,0,0,0
"PLOD3",11,29,50,65,56,48,21,67,17,40
"ZNHIT1",24,58,37,85,40,21,24,31,11,17
"CLDN15",4,5,18,23,20,7,3,17,6,13
"FIS1",42,114,115,75,70,34,32,26,16,36
"AC006329.1",0,0,0,0,1,0,0,0,0,0
"IFT22",4,17,17,17,26,13,10,14,0,16
"COL26A1",3,17,42,40,33,8,7,7,4,26
"LINC01007",1,3,1,0,1,0,0,0,0,0
"MYL10",0,0,0,0,0,0,0,0,0,0
"CUX1",63,271,279,448,372,56,84,114,51,271
"AC005096.1",0,0,0,1,0,0,0,0,0,0
"SH2B2",4,10,5,22,18,3,5,9,0,13
"SPDYE6",2,7,9,9,2,6,1,10,6,5
"PRKRIP1",53,152,155,196,164,35,27,55,35,126
"AC073517.1",0,0,0,1,0,0,0,0,0,1
"ORAI2",4,14,25,46,16,5,3,8,1,12
"ALKBH4",5,30,28,33,30,6,8,12,5,22
"LRWD1",5,10,16,33,19,8,8,20,9,10
"POLR2J",28,41,43,51,40,32,17,34,12,32
"AC093668.2",11,22,16,26,28,13,4,16,18,30
"AC093668.1",0,4,7,11,11,6,2,10,2,9
"SPDYE2",64,244,279,166,245,37,23,122,12,401
"AC105052.1",9,24,23,26,23,8,3,8,3,49
"AC105052.3",29,84,79,36,38,24,17,50,14,124
"SPDYE2B",0,4,12,3,0,1,1,2,1,12
"FAM185A",22,105,88,189,143,50,35,90,19,132
"FBXL13",17,83,64,108,78,21,34,59,13,86
"LRRC17",1,9,11,14,14,1,1,4,1,7
"NFE4",0,1,1,1,3,0,0,0,0,1
"ARMC10",13,45,28,54,41,17,13,28,13,27
"NAPEPLD",31,139,139,192,176,47,53,39,36,122
"PMPCB",13,55,71,121,111,38,38,73,17,109
"DNAJC2",7,36,40,66,59,24,6,28,6,53
"PSMC2",10,109,64,85,93,38,40,44,13,83
"SLC26A5",6,20,33,27,31,6,8,13,4,26
"AC005064.1",0,1,4,7,9,1,4,2,0,4
"RELN",28,23,11,25,17,9,6,8,6,16
"ORC5",15,56,52,89,69,28,25,49,14,56
"LHFPL3",6,43,47,112,92,12,4,25,10,11
"AC007384.1",0,2,1,2,2,0,1,1,0,1
"LINC01004",17,107,108,260,215,49,57,80,44,170
"KMT2E-AS1",5,11,19,30,11,3,2,13,1,4
"KMT2E",54,307,259,466,410,134,146,198,91,280
"AC005070.3",2,11,9,11,11,8,8,4,0,13
"SRPK2",104,388,325,701,568,122,121,198,75,378
"AC004884.2",0,0,1,0,1,1,0,0,1,1
"PUS7",7,20,28,59,37,7,5,23,5,26
"RINT1",7,20,20,38,48,12,10,12,1,23
"EFCAB10",0,13,11,7,9,5,1,9,2,17
"AC073073.2",0,2,1,1,1,1,0,1,0,1
"ATXN7L1",32,187,135,217,199,35,56,49,33,126
"CDHR3",93,394,234,369,386,61,98,156,44,258
"SYPL1",21,71,41,76,69,33,33,50,19,44
"NAMPT",11,71,21,56,52,14,12,24,7,28
"AC007032.1",0,2,2,1,1,0,0,0,0,1
"AC005050.1",0,0,0,1,0,0,0,0,0,0
"CCDC71L",1,3,0,0,2,1,0,0,1,0
"PIK3CG",0,1,0,1,4,0,0,0,0,0
"PRKAR2B",10,74,69,89,92,17,19,27,5,16
"HBP1",16,65,51,92,80,37,29,53,23,63
"AC004492.1",0,0,1,0,0,1,0,1,0,1
"COG5",59,380,221,426,403,88,120,156,60,318
"GPR22",6,17,34,23,26,6,3,0,0,5
"DUS4L",0,9,12,9,11,3,1,1,2,7
"AC004839.1",2,1,6,3,6,0,1,3,2,5
"BCAP29",22,93,68,120,142,39,40,56,23,67
"SLC26A4-AS1",5,6,9,11,7,2,2,4,3,2
"SLC26A4",3,10,11,16,16,2,2,1,2,4
"AC002467.1",4,1,2,2,1,1,0,0,0,7
"CBLL1",5,28,8,22,27,12,10,17,6,16
"SLC26A3",358,1080,1003,3658,3272,11962,1612,7783,16911,1280
"DLD",8,65,37,52,55,18,16,33,9,46
"LAMB1",0,31,18,21,29,6,4,8,2,9
"AC005046.1",0,0,0,4,1,0,1,0,1,0
"LAMB4",2,3,10,16,8,1,2,1,1,4
"NRCAM",245,1605,951,1643,1633,468,542,1027,270,1025
"PNPLA8",26,280,99,249,213,81,125,116,53,170
"THAP5",0,2,2,1,0,0,1,0,0,0
"DNAJB9",9,51,33,20,47,31,24,28,6,23
"AC005487.1",0,0,0,2,0,0,0,0,0,0
"AC004014.1",0,1,0,0,0,1,0,0,0,0
"AC073071.1",0,0,2,0,0,0,1,0,0,0
"AC092167.1",0,4,2,0,2,1,2,0,0,2
"IMMP2L",98,423,412,669,830,159,285,277,128,634
"LRRN3",25,95,113,213,206,49,46,77,37,76
"DOCK4",303,2038,1281,2547,2315,580,849,875,467,1633
"DOCK4-AS1",0,6,3,3,2,0,0,1,0,2
"ZNF277",24,137,103,146,161,51,91,84,37,155
"AC004112.1",3,20,11,15,18,1,1,7,1,11
"IFRD1",11,75,82,299,154,61,47,179,47,98
"LSMEM1",0,5,6,48,17,8,4,9,2,16
"AC002463.1",1,1,7,3,2,2,0,0,0,3
"TMEM168",23,97,71,103,110,40,40,61,31,128
"BMT2",12,74,68,151,163,42,42,68,30,106
"AC018464.1",0,0,0,0,0,0,0,0,0,0
"GPR85",1,8,10,13,8,2,2,3,0,3
"SMIM30",5,17,12,15,36,36,23,36,10,40
"PPP1R3A",0,1,1,1,1,0,1,1,0,1
"FOXP2",7,64,55,103,78,10,6,17,6,20
"AC073626.1",0,0,0,0,0,0,0,0,0,0
"MDFIC",11,55,24,40,66,18,24,22,21,30
"LINC01392",0,1,1,1,3,0,0,2,0,0
"LINC01393",0,2,0,0,0,0,0,0,0,0
"AC092590.1",0,0,0,0,0,0,0,0,0,0
"TFEC",0,3,4,4,5,0,1,7,4,5
"TES",0,0,1,1,1,1,0,0,0,1
"AC002066.1",0,1,8,6,6,1,3,1,3,1
"CAV2",1,4,2,6,5,3,3,9,3,8
"CAV1",0,2,3,4,17,0,1,1,0,2
"AC006159.2",0,0,0,0,0,0,0,0,0,0
"LINC01510",0,0,2,2,0,1,0,0,0,0
"MET",2,11,16,2,23,1,5,4,0,1
"CAPZA2",22,158,124,206,143,61,57,77,33,123
"ST7-AS1",1,2,3,1,0,0,1,0,0,0
"ST7",71,315,265,415,492,88,132,160,78,356
"AC106873.1",2,3,6,1,2,0,1,0,0,3
"ST7-AS2",4,27,65,40,70,1,13,21,1,44
"WNT2",0,0,0,2,1,1,0,0,0,1
"AC002465.1",0,0,0,0,0,0,0,0,0,0
"ASZ1",1,0,2,1,1,0,1,1,0,0
"CFTR",42,51,68,37,21,6,0,5,2,31
"AC000061.1",0,0,0,0,1,1,2,0,0,0
"CTTNBP2",28,112,122,183,155,20,22,42,25,52
"AC003084.1",2,0,0,0,2,0,0,2,3,1
"LSM8",13,33,26,35,55,13,15,22,8,43
"ANKRD7",3,10,25,23,25,5,8,9,9,19
"LINC02476",0,0,2,4,3,0,0,1,0,3
"AC004946.1",0,0,0,2,2,0,1,0,0,0
"KCND2",29,140,284,384,318,43,42,59,22,219
"TSPAN12",5,20,23,51,37,8,16,12,2,31
"ING3",13,45,52,116,83,13,29,35,15,63
"CPED1",4,22,5,20,50,6,27,21,10,17
"WNT16",0,0,0,1,4,0,0,0,0,0
"FAM3C",11,54,56,77,55,23,18,16,7,30
"PTPRZ1",157,1788,850,1757,1699,509,553,839,274,1421
"AASS",30,133,74,141,131,42,61,63,39,170
"AC015983.2",8,12,11,16,20,4,14,13,7,14
"FEZF1-AS1",0,0,1,2,2,0,0,0,0,1
"CADPS2",29,341,363,495,466,66,80,117,26,213
"AC004594.1",0,44,51,61,46,4,7,1,0,55
"AC073311.1",0,0,0,0,0,0,0,0,0,0
"SLC13A1",0,1,0,0,0,0,0,0,0,0
"IQUB",2,30,27,35,63,20,13,21,8,33
"NDUFA5",31,108,81,88,75,45,37,59,12,71
"ASB15",0,1,1,4,1,1,2,1,0,0
"AC006333.1",1,0,0,1,0,1,0,2,1,0
"LMOD2",0,1,0,2,0,0,1,3,0,0
"WASL",15,111,72,134,140,23,45,53,15,56
"AC006333.2",5,5,5,4,6,1,5,6,1,7
"HYAL4",0,0,0,0,0,0,1,0,0,0
"SPAM1",1,0,0,1,0,0,0,0,0,0
"AC004690.2",8,15,10,11,26,6,8,8,6,6
"TMEM229A",4,9,10,19,28,9,10,21,6,17
"AC006148.1",49,77,213,452,324,55,65,130,32,235
"AC006148.2",1,0,0,1,0,0,0,0,0,0
"AC004930.1",1,0,3,6,2,1,0,0,0,1
"GPR37",35,109,109,201,129,36,32,35,39,52
"C7orf77",0,0,1,1,1,0,1,0,0,1
"POT1",16,67,51,85,103,33,40,53,14,82
"POT1-AS1",21,70,76,213,184,58,51,70,24,141
"AC010099.4",16,81,89,122,126,19,46,52,42,83
"AC019155.2",1,1,3,3,2,0,0,0,0,1
"AC073486.1",0,1,3,6,4,0,1,1,0,2
"AC000372.1",0,0,0,1,3,0,1,0,0,0
"GRM8",7,24,42,86,63,14,14,21,12,30
"AC000099.1",0,1,0,0,0,0,0,0,0,0
"ZNF800",14,64,65,102,117,35,28,53,29,102
"AC000124.1",0,0,1,0,0,0,0,0,0,0
"GCC1",3,6,2,10,8,3,3,2,0,1
"ARF5",1,12,10,11,5,2,3,12,1,5
"FSCN3",0,2,1,0,2,0,0,1,1,2
"AC073934.1",0,1,1,0,0,1,1,0,0,2
"SND1",36,195,146,235,227,52,76,92,26,160
"LRRC4",4,9,14,18,17,4,3,4,5,8
"LEP",0,0,2,1,0,0,0,0,1,0
"AC018635.2",0,1,3,3,1,1,0,1,0,0
"RBM28",26,79,109,164,117,32,35,62,20,98
"PRRT4",0,0,1,5,3,4,1,9,1,4
"IMPDH1",6,11,14,12,17,10,5,12,3,12
"HILPDA",1,110,40,193,28,9,39,19,3,27
"METTL2B",9,32,28,146,35,10,10,11,3,29
"AC090114.2",1,14,22,23,18,0,3,6,4,12
"AC018638.7",2,7,3,9,5,3,6,8,4,5
"FAM71F2",7,20,9,16,13,3,4,5,5,11
"AC018638.6",1,1,3,11,4,4,5,5,0,7
"FAM71F1",1,0,0,1,5,0,0,0,0,1
"CALU",11,85,48,128,73,17,17,43,15,57
"OPN1SW",0,1,0,1,0,0,0,0,0,0
"CCDC136",11,27,27,62,50,10,18,35,10,23
"FLNC",1,3,1,5,1,0,0,2,1,1
"FLNC-AS1",0,5,6,2,3,0,0,0,0,6
"KCP",2,2,5,3,4,1,0,0,0,2
"ATP6V1F",30,101,108,78,81,16,32,34,12,32
"ATP6V1FNB",0,3,1,0,1,0,0,1,0,1
"IRF5",0,2,1,1,2,0,1,0,0,2
"TNPO3",17,88,64,91,119,28,43,52,18,103
"AC011005.1",0,0,0,0,0,1,0,1,1,0
"TSPAN33",1,10,13,15,23,5,8,12,3,8
"SMO",9,33,29,74,51,25,15,42,12,44
"AHCYL2",226,1329,700,1657,1423,424,540,835,310,1601
"STRIP2",12,23,27,50,33,7,13,19,7,37
"SMKR1",0,2,3,4,3,1,0,1,0,1
"AC078846.1",6,15,25,12,20,5,6,8,0,22
"NRF1",52,232,210,526,385,69,91,151,55,242
"UBE2H",52,331,186,493,309,69,113,109,61,176
"AC073320.1",4,14,18,23,19,6,7,10,1,13
"ZC3HC1",10,32,26,45,41,12,17,23,4,50
"KLHDC10",33,140,127,204,210,47,42,78,33,84
"TMEM209",7,27,23,46,29,16,10,19,4,28
"AC087071.2",4,19,23,14,26,6,1,8,2,38
"SSMEM1",0,3,0,2,0,1,0,0,0,1
"CPA2",0,3,3,0,0,0,0,0,0,1
"CPA4",0,2,1,0,0,1,0,1,0,0
"CPA5",0,0,0,0,0,0,0,0,0,0
"CPA1",0,0,0,0,1,0,0,0,0,1
"CEP41",6,27,25,29,28,9,13,14,11,20
"AC007938.1",0,0,0,1,0,0,0,0,0,0
"MESTIT1",0,0,0,0,0,0,0,0,0,0
"MEST",7,16,25,38,28,13,11,29,9,34
"AC007938.2",0,0,2,0,2,0,0,0,0,0
"COPG2",19,59,58,92,99,14,39,45,13,91
"AC007938.3",0,8,3,10,13,3,1,3,1,4
"TSGA13",0,0,4,5,1,3,1,0,0,0
"AC016831.6",0,0,1,0,0,0,0,0,0,0
"AC016831.7",168,1242,969,2129,1592,425,626,632,279,1254
"LINC00513",41,575,395,632,406,147,130,244,43,428
"AC058791.1",8,90,62,80,66,29,32,35,7,154
"MKLN1",188,1218,866,2397,1564,548,684,922,400,1337
"AC008264.2",0,0,0,0,0,0,0,0,0,0
"PODXL",0,5,6,5,10,1,6,1,2,4
"AC009518.1",0,1,0,0,0,0,0,1,0,0
"PLXNA4",7,20,67,94,57,9,5,4,3,17
"AC018643.1",0,0,0,0,0,0,0,0,0,1
"AC011625.1",0,0,0,0,0,0,0,0,0,0
"AC009365.1",0,0,3,2,1,1,1,0,1,0
"CHCHD3",36,270,224,429,367,87,97,160,49,258
"AC009365.3",0,3,2,3,4,2,0,0,1,1
"EXOC4",102,347,463,846,803,174,293,340,125,549
"LRGUK",3,9,21,37,36,9,14,22,7,26
"SLC35B4",13,36,42,69,58,17,13,34,12,65
"AC008154.1",0,1,0,0,0,0,0,0,0,0
"AC009275.1",0,1,1,1,1,0,0,0,0,0
"AKR1B1",8,22,30,32,23,12,12,13,2,11
"AKR1B10",0,0,0,0,0,0,0,0,0,0
"AKR1B15",0,0,0,0,0,0,0,0,0,0
"BPGM",2,16,13,11,9,6,5,6,2,8
"AC009276.1",0,0,0,0,0,0,0,0,0,0
"CALD1",45,147,175,256,252,66,97,101,39,109
"AGBL3",12,67,52,98,80,21,17,30,14,64
"CYREN",10,32,47,81,51,20,15,43,12,31
"TMEM140",0,8,11,12,10,0,3,6,1,4
"AC083862.2",0,1,1,1,1,0,0,0,0,0
"WDR91",10,30,18,39,29,15,16,15,8,21
"AC009542.1",0,10,5,0,2,0,2,3,0,12
"STRA8",1,0,0,0,1,0,0,0,2,0
"CNOT4",50,242,189,311,293,78,99,147,44,232
"NUP205",5,51,40,75,64,15,18,22,16,47
"STMP1",13,82,60,152,104,59,29,64,20,101
"SLC13A4",4,6,3,28,24,0,2,4,0,35
"AC091736.1",0,0,1,4,1,0,0,1,0,2
"FAM180A",0,3,2,0,0,1,0,2,0,1
"AC015987.1",0,1,1,2,0,0,1,0,1,1
"MTPN",12,65,59,126,70,26,33,31,17,45
"AC024084.1",0,3,0,1,0,0,1,0,0,2
"AC078845.1",2,3,6,3,4,2,1,1,1,4
"AC009264.1",3,12,12,15,18,5,3,3,1,11
"CHRM2",1,7,10,13,18,2,2,6,0,2
"PTN",123,838,767,895,914,353,369,525,122,646
"AC078842.2",6,12,0,1,18,4,0,22,1,4
"AC078842.1",0,0,0,0,0,0,0,0,0,0
"DGKI",28,113,159,212,205,14,15,17,8,44
"CREB3L2",15,59,45,57,88,15,17,26,14,20
"AKR1D1",2,2,2,0,4,1,2,3,0,2
"TRIM24",9,65,67,111,114,31,35,36,16,84
"SVOPL",2,9,4,5,4,3,2,5,0,9
"ATP6V0A4",0,3,1,5,4,4,1,3,0,3
"TMEM213",0,1,1,2,3,2,0,3,1,1
"KIAA1549",7,25,38,42,44,18,7,17,7,16
"ZC3HAV1L",0,0,0,1,1,0,0,0,0,0
"ZC3HAV1",3,31,11,31,39,18,9,22,9,31
"TTC26",6,22,33,50,56,19,19,39,11,28
"UBN2",28,152,100,223,234,50,46,101,39,99
"LUC7L2",23,68,52,117,73,26,26,55,15,48
"AC083880.1",0,1,2,3,0,0,0,0,0,0
"KLRG2",0,1,0,1,2,2,0,0,1,0
"CLEC2L",2,6,22,18,14,5,2,3,0,4
"HIPK2",52,270,197,503,345,69,87,112,40,207
"TBXAS1",5,16,10,28,19,4,6,8,4,11
"PARP12",3,6,3,6,14,1,0,8,0,3
"KDM7A",12,69,43,77,76,33,21,36,14,63
"SLC37A3",12,60,58,90,65,12,14,20,11,50
"RAB19",0,3,3,3,2,0,1,3,0,3
"MKRN1",10,50,36,53,48,13,20,21,8,20
"DENND2A",19,102,81,94,113,19,33,51,22,74
"ADCK2",1,2,4,6,3,0,0,1,1,2
"NDUFB2",38,88,61,74,70,44,20,48,14,36
"NDUFB2-AS1",1,2,1,0,0,0,1,0,1,2
"BRAF",71,427,322,511,563,146,182,235,123,432
"MRPS33",8,30,34,56,60,12,20,26,5,28
"TMEM178B",75,277,319,541,484,72,68,170,66,366
"AC073878.2",0,0,0,0,0,0,2,0,0,1
"AC073878.1",2,9,7,3,8,6,2,13,3,30
"AGK",10,46,51,59,69,19,32,42,10,57
"AC004918.1",7,20,27,114,55,15,19,21,14,38
"KIAA1147",15,51,46,191,100,13,16,25,13,46
"WEE2-AS1",14,27,30,49,55,23,14,17,15,39
"WEE2",0,1,0,0,3,1,1,1,0,3
"SSBP1",12,63,45,77,88,29,37,68,13,66
"TAS2R5",0,0,0,0,0,0,0,0,0,1
"MGAM",1,11,37,58,70,7,6,10,8,66
"CLEC5A",0,8,13,8,8,1,0,0,0,8
"MGAM2",0,1,2,4,7,2,0,1,5,6
"TRBVB",0,0,0,0,0,0,0,0,0,0
"TRBC1",0,0,0,0,1,0,0,0,0,0
"TRBC2",0,0,2,2,1,0,0,1,0,0
"EPHB6",6,40,61,87,48,20,17,27,4,7
"TRPV6",0,3,1,0,2,0,0,0,0,0
"AC245427.1",0,0,0,0,1,1,0,1,0,1
"TRPV5",3,3,3,6,1,0,0,1,0,1
"KEL",2,4,8,2,7,1,1,3,0,7
"PIP",0,0,1,0,0,0,0,0,0,0
"AC073342.2",0,0,0,0,1,0,0,0,0,0
"GSTK1",30,65,90,95,117,18,35,44,15,94
"AC073342.1",11,27,30,39,35,4,3,5,1,31
"TMEM139",5,4,1,2,3,0,0,4,2,0
"CASP2",5,11,10,7,16,10,5,8,1,15
"CLCN1",0,4,1,1,1,0,0,1,0,0
"FAM131B",1,17,25,39,23,7,4,5,6,4
"AC093673.2",1,4,2,1,4,0,2,0,0,0
"AC093673.1",0,4,3,7,4,2,4,11,3,7
"ZYX",5,25,16,32,25,13,12,23,11,18
"EPHA1",0,1,2,2,1,0,0,0,0,1
"EPHA1-AS1",1,4,3,8,4,4,4,5,1,4
"TCAF2",1,21,8,23,13,3,7,3,1,3
"TCAF2C",0,0,0,0,0,0,0,0,0,0
"TCAF1",13,99,88,138,158,38,46,52,24,75
"OR2F1",0,1,0,0,0,0,1,0,0,2
"OR2A14",0,0,0,0,0,0,0,0,0,1
"AC004889.1",0,0,1,3,5,0,2,1,2,1
"AC074386.1",0,0,0,1,2,0,1,1,0,1
"ARHGEF5",0,0,0,1,1,0,0,0,0,0
"NOBOX",0,0,0,1,0,0,0,0,1,0
"TPK1",22,79,111,141,144,34,47,62,21,107
"CNTNAP2",195,706,1286,1906,1592,175,121,233,100,366
"AC006004.1",0,2,5,0,3,0,1,0,0,1
"AC006974.1",0,0,2,4,0,0,1,1,0,0
"AC006974.2",0,1,0,1,0,0,0,0,0,0
"C7orf33",0,1,0,0,0,0,0,1,0,0
"AC005229.4",0,1,1,1,0,0,2,1,0,3
"CUL1",9,152,112,193,173,33,38,50,17,98
"EZH2",2,8,3,11,11,5,2,7,2,8
"GHET1",1,1,0,0,0,0,1,0,0,0
"PDIA4",6,18,28,35,49,43,17,34,7,18
"ZNF786",4,16,14,18,18,3,4,6,6,22
"ZNF425",7,32,23,19,23,6,5,9,7,35
"ZNF398",5,49,48,79,68,11,10,27,14,58
"ZNF282",6,17,15,28,24,2,3,9,9,10
"ZNF212",3,15,18,9,18,6,10,9,6,21
"ZNF783",24,33,45,66,48,20,18,43,14,44
"AC004941.1",0,0,0,0,0,0,0,0,0,0
"AC073314.1",0,0,0,0,0,0,0,1,0,0
"ZNF777",2,4,7,12,10,2,5,4,2,5
"ZNF746",2,17,13,20,19,8,5,10,1,14
"KRBA1",4,24,16,41,8,1,7,11,4,14
"ZNF467",4,4,4,10,4,3,1,5,1,7
"SSPO",11,11,20,50,24,13,5,12,5,33
"ZNF862",30,71,97,205,124,66,49,86,42,93
"AC004877.1",0,0,1,1,1,0,0,1,0,0
"ATP6V0E2-AS1",8,5,20,11,14,3,3,4,1,21
"ATP6V0E2",46,106,128,97,111,32,27,24,16,63
"AC093458.1",1,0,1,0,0,0,0,0,0,1
"AC092681.3",0,1,1,3,4,0,0,1,0,0
"AC092681.2",1,0,1,0,0,0,0,0,0,0
"AC092666.1",0,4,5,5,9,0,0,2,3,6
"ACTR3C",2,15,3,13,23,10,3,6,1,21
"LRRC61",1,4,2,12,11,4,5,12,0,12
"RARRES2",6,33,15,23,34,18,9,20,16,33
"AC005586.1",0,1,1,0,0,0,0,0,1,0
"AC073111.3",1,5,3,3,2,2,0,0,0,5
"ZNF775",3,12,12,9,17,3,2,5,3,4
"AC073111.5",5,5,10,25,16,7,7,17,2,12
"LINC00996",0,0,0,0,1,0,0,0,0,0
"GIMAP8",0,0,0,2,0,0,0,0,0,0
"GIMAP7",0,1,0,0,1,1,0,0,0,0
"GIMAP4",0,1,1,0,3,1,0,0,0,0
"GIMAP6",0,0,0,2,1,1,0,0,0,0
"GIMAP2",1,1,1,1,6,2,0,2,1,3
"TMEM176B",7,64,57,52,66,36,24,35,5,46
"TMEM176A",8,15,17,23,28,14,7,16,1,20
"AOC1",0,0,1,3,0,0,1,0,0,1
"KCNH2",0,7,7,16,27,7,3,22,3,5
"NOS3",0,0,1,1,0,0,0,2,0,4
"ATG9B",0,2,0,4,3,0,0,3,0,4
"ABCB8",12,25,45,42,28,5,5,20,9,22
"AC010973.1",0,0,1,0,0,0,0,0,0,1
"ASIC3",2,5,10,20,12,4,6,4,5,9
"CDK5",7,23,15,44,9,7,2,3,3,4
"SLC4A2",8,9,19,42,26,20,9,29,15,19
"FASTK",10,33,36,63,38,34,30,52,20,33
"TMUB1",6,23,17,61,48,15,14,29,10,13
"AGAP3",20,49,85,167,97,38,33,42,20,39
"GBX1",0,0,1,0,1,0,0,0,1,0
"ASB10",0,1,0,0,0,0,0,0,0,0
"ABCF2",0,3,0,0,1,0,0,1,1,0
"CHPF2",2,12,14,19,20,10,8,13,5,9
"SMARCD3",22,48,69,155,103,42,25,81,33,61
"AC021097.1",5,19,17,19,16,3,5,7,6,6
"AC005486.1",0,0,0,1,1,0,0,0,1,1
"NUB1",7,38,32,42,43,19,12,24,7,34
"WDR86",3,4,1,5,4,0,0,0,0,2
"AC005996.1",0,0,0,0,0,0,0,0,0,0
"CRYGN",1,0,1,0,0,0,0,0,0,0
"RHEB",32,200,140,166,203,119,96,169,41,158
"PRKAG2",22,57,96,115,139,16,39,40,15,103
"PRKAG2-AS1",1,9,27,28,16,8,7,8,1,11
"GALNTL5",0,1,2,4,1,0,1,0,0,1
"GALNT11",20,69,92,133,105,27,33,39,21,87
"AC006017.1",0,0,1,1,0,0,0,0,0,0
"KMT2C",131,536,419,813,773,213,234,344,128,566
"LINC01003",6,15,10,8,11,11,4,11,3,22
"XRCC2",1,5,5,8,9,3,0,4,0,5
"ACTR3B",21,86,53,111,84,16,15,38,10,53
"DPP6",98,316,538,539,601,76,75,124,82,232
"AC006019.3",0,0,1,1,0,0,0,2,0,0
"AC006019.1",0,0,0,0,0,0,0,0,0,0
"AC073336.1",0,0,0,1,0,0,0,0,0,0
"PAXIP1-AS2",7,22,15,48,64,14,21,29,11,45
"PAXIP1",10,33,41,55,59,16,19,27,8,51
"AC093726.2",0,0,1,6,5,0,2,4,2,4
"PAXIP1-AS1",6,22,44,24,29,11,15,20,5,39
"HTR5A-AS1",0,1,0,0,1,0,0,0,0,0
"HTR5A",1,3,2,4,3,0,1,0,0,1
"AC144652.1",2,2,2,3,6,0,0,1,2,3
"INSIG1",12,99,70,106,58,15,22,25,8,25
"BLACE",0,1,1,3,5,2,1,14,3,0
"AC008060.1",0,0,1,0,1,0,1,0,1,0
"AC008060.3",0,0,0,0,0,0,0,0,0,0
"EN2",0,1,0,1,0,0,0,1,0,0
"CNPY1",4,14,17,14,27,1,5,4,5,29
"AC008060.2",0,0,0,0,0,0,0,0,0,0
"AC009403.1",20,75,92,133,162,36,29,103,26,99
"RBM33",24,169,127,247,207,63,68,73,39,129
"SHH",0,0,0,1,0,0,0,0,0,0
"AC073133.1",0,0,0,0,0,0,0,0,0,0
"AC073133.2",0,0,0,0,0,0,0,0,0,0
"LINC01006",4,23,17,16,20,3,14,12,2,14
"RNF32",0,6,5,10,11,8,8,7,0,9
"AC005534.1",0,1,0,2,1,0,2,0,1,1
"LMBR1",24,120,103,216,182,33,42,70,23,115
"NOM1",6,25,19,33,22,1,4,18,3,13
"MNX1",1,2,0,1,4,0,2,1,0,1
"MNX1-AS2",0,1,1,0,0,0,0,0,0,0
"UBE3C",36,170,139,225,192,35,55,66,29,127
"DNAJB6",29,109,117,217,178,80,74,111,30,100
"AC006372.3",0,1,0,0,0,1,0,0,0,2
"PTPRN2",32,89,170,191,161,29,22,39,24,60
"AC011899.2",0,0,0,0,0,0,0,0,0,0
"NCAPG2",4,8,5,12,13,5,2,7,2,7
"ESYT2",32,176,112,207,162,36,41,45,30,127
"WDR60",48,293,389,514,392,112,72,177,64,224
"VIPR2",3,0,9,8,8,1,0,2,2,8
"PLCXD1",5,14,20,21,31,12,6,16,5,18
"GTPBP6",16,34,41,76,48,25,23,25,6,36
"LINC00685",54,70,206,100,242,96,50,96,83,229
"PPP2R3B",5,9,25,39,28,15,4,21,17,17
"AL732314.6",1,3,3,2,6,1,2,2,2,2
"AL732314.4",1,2,2,1,1,0,0,0,0,0
"SHOX",0,2,2,2,2,0,1,1,0,0
"AL672277.1",1,3,1,0,0,0,0,0,1,3
"CRLF2",0,3,2,7,3,0,0,0,1,2
"CSF2RA",3,2,8,3,5,1,0,1,2,1
"IL3RA",17,187,117,196,151,15,42,104,12,352
"SLC25A6",15,87,92,66,84,14,28,44,12,60
"LINC00106",11,26,36,54,29,6,4,5,1,38
"ASMTL-AS1",5,7,20,32,8,2,9,4,1,5
"ASMTL",5,48,33,43,38,11,6,23,3,35
"P2RY8",0,3,4,6,11,4,0,0,1,2
"AKAP17A",13,29,41,66,53,7,13,18,6,31
"ASMT",0,1,2,1,1,0,0,2,0,2
"AL683807.1",2,2,6,2,8,0,2,1,0,5
"DHRSX",41,226,173,347,287,61,65,126,44,265
"CD99",11,137,73,108,132,93,72,99,29,79
"XG",1,3,4,7,5,2,1,5,0,5
"GYG2",1,62,16,41,43,8,18,23,3,20
"ARSD",4,36,31,22,40,5,11,14,9,32
"ARSD-AS1",0,0,0,0,0,0,1,0,0,0
"ARSE",1,9,5,17,10,3,0,5,2,10
"ARSH",0,3,1,1,2,0,2,0,0,3
"ARSF",1,13,13,20,27,2,3,4,6,19
"LINC01546",0,1,0,0,0,0,0,0,0,0
"MXRA5",0,0,0,2,2,2,1,1,0,3
"PRKX",5,97,37,75,63,40,35,66,26,84
"PRKX-AS1",0,9,3,7,3,0,1,0,0,2
"BX890604.1",3,3,6,9,6,3,2,0,0,4
"FAM239A",0,0,0,0,0,0,0,0,0,0
"FAM239B",0,0,0,1,0,1,0,2,0,0
"AC110995.1",0,1,2,0,10,1,0,3,0,4
"NLGN4X",28,281,188,435,341,97,85,132,56,256
"VCX3A",0,0,0,1,1,0,0,0,0,0
"AC097347.1",1,11,7,17,17,1,5,6,3,11
"PUDP",7,20,25,48,42,10,1,12,3,23
"STS",4,19,13,33,22,2,1,8,2,7
"VCX",0,0,0,2,0,0,0,0,0,0
"PNPLA4",1,14,5,8,11,3,3,4,1,17
"AC078960.1",1,3,1,6,3,0,0,1,0,1
"VCX3B",0,0,0,0,0,0,1,0,0,0
"ANOS1",33,162,92,419,219,54,50,97,36,101
"FAM9B",0,2,1,2,0,0,0,0,1,1
"AC003684.1",0,1,0,1,2,0,0,0,0,0
"TBL1X",65,426,247,404,433,82,121,180,67,362
"GPR143",6,24,21,24,27,5,9,17,4,29
"SHROOM2",17,34,45,77,66,20,22,28,18,59
"CLDN34",0,0,0,0,0,0,0,0,0,0
"WWC3",8,38,39,84,61,23,16,17,10,34
"WWC3-AS1",1,2,3,12,3,1,2,2,0,4
"CLCN4",18,53,76,209,73,20,10,19,21,29
"AC003666.1",1,2,1,4,6,0,2,0,1,0
"MID1",33,167,126,285,210,56,83,105,58,257
"AC073529.1",7,26,27,29,72,21,23,37,11,37
"HCCS",1,6,3,6,5,2,4,2,3,6
"ARHGAP6",4,13,11,24,24,10,6,6,9,52
"AC004554.2",0,2,0,3,2,4,1,0,1,3
"MSL3",2,20,18,29,16,5,6,10,1,9
"FRMPD4",38,161,366,420,395,54,44,52,41,152
"PRPS2",4,7,9,8,14,3,2,0,1,2
"TLR7",1,1,3,1,2,1,0,0,1,0
"TLR8-AS1",0,0,0,0,0,0,0,0,0,0
"TLR8",0,0,0,0,1,0,0,0,1,0
"TMSB4X",189,445,445,494,441,150,97,133,58,202
"FAM9C",0,0,1,0,0,0,0,0,0,0
"LINC02154",0,0,0,0,0,0,0,1,0,0
"LINC01203",0,3,0,0,0,0,0,1,0,0
"AC135371.1",0,0,0,1,1,1,0,0,0,0
"EGFL6",0,0,2,0,0,0,0,0,0,3
"TCEANC",3,6,6,9,7,8,2,18,6,10
"RAB9A",7,50,61,68,81,39,27,40,17,76
"TRAPPC2",7,27,31,28,45,14,12,29,3,30
"OFD1",24,115,112,135,150,79,64,139,42,155
"GPM6B",405,1583,1421,3514,2787,985,767,1144,585,1715
"AC003035.2",0,1,2,4,1,0,0,0,0,3
"AC003035.1",0,0,1,1,2,0,0,0,0,1
"GEMIN8",14,62,31,27,48,6,16,14,8,42
"GLRA2",5,11,18,17,19,0,2,1,3,4
"FANCB",4,5,16,19,21,2,0,2,0,1
"MOSPD2",10,75,34,105,67,21,17,27,16,30
"ASB9",0,1,0,1,1,0,1,0,0,1
"ASB11",1,1,0,1,0,0,0,1,0,1
"PIGA",4,30,15,25,12,5,9,9,1,9
"VEGFD",2,24,17,19,47,7,13,41,10,36
"PIR",18,191,76,94,212,30,76,245,32,164
"BMX",1,18,5,4,13,0,6,11,1,16
"ACE2",0,0,1,0,3,0,0,0,0,1
"AC097625.1",0,3,3,1,0,0,0,0,0,1
"CLTRN",0,5,0,0,0,0,0,0,0,0
"CA5B",17,60,50,79,79,11,11,40,9,101
"INE2",0,0,1,1,0,0,1,1,0,0
"ZRSR2",4,27,34,46,41,10,10,15,6,31
"AP1S2",22,63,67,182,126,31,29,56,14,60
"GRPR",0,1,0,0,0,0,0,0,0,0
"AC078993.1",0,0,0,1,0,0,0,0,0,0
"CTPS2",14,47,52,62,80,15,21,40,8,49
"SYAP1",10,57,41,54,34,9,14,17,9,25
"TXLNG",15,29,51,66,48,16,8,20,8,42
"RBBP7",10,47,34,68,51,23,20,28,8,58
"REPS2",9,58,57,84,69,12,11,12,12,22
"NHS",14,130,56,98,138,52,39,52,27,80
"SCML1",14,198,68,114,95,40,23,47,13,107
"RAI2",1,14,8,9,7,6,2,4,0,4
"LINC01456",0,0,2,1,0,0,0,1,0,0
"BEND2",1,0,0,0,1,0,0,0,0,0
"SCML2",3,8,9,26,18,4,8,7,2,8
"CDKL5",29,129,113,249,171,24,40,57,21,79
"RS1",0,2,5,0,1,0,1,3,0,1
"PPEF1",3,7,6,10,4,5,1,7,2,6
"PPEF1-AS1",0,1,1,1,1,0,0,0,1,1
"PHKA2-AS1",0,0,0,0,0,0,0,0,0,0
"PHKA2",5,47,45,107,73,23,11,31,18,36
"ADGRG2",2,42,64,37,32,6,5,17,1,35
"PDHA1",11,40,35,55,41,16,5,16,5,30
"MAP3K15",0,5,6,10,6,2,4,1,3,6
"SH3KBP1",13,66,61,133,103,11,12,14,6,30
"BCLAF3",17,65,52,66,84,13,24,57,13,62
"MAP7D2",2,40,44,61,31,4,2,7,1,7
"EIF1AX",14,130,69,126,66,40,32,32,24,43
"RPS6KA3",16,83,108,205,153,23,30,43,12,97
"AL807740.1",1,0,0,1,1,1,0,0,0,0
"BX088723.1",0,0,0,0,0,0,0,0,0,1
"CNKSR2",43,230,198,498,374,95,111,117,79,177
"KLHL34",0,7,1,22,7,2,2,1,1,3
"SMPX",0,0,3,2,1,0,0,0,0,0
"MBTPS2",8,61,51,49,58,9,21,22,7,48
"SMS",23,101,71,110,123,57,48,76,40,91
"PHEX",6,13,16,25,36,4,8,14,6,18
"PHEX-AS1",0,4,8,7,11,0,2,1,0,4
"PTCHD1-AS",133,781,718,1148,942,215,339,466,299,832
"AC092832.2",6,17,11,33,22,3,5,11,2,20
"AC004470.1",0,20,54,6,21,6,9,12,1,80
"DDX53",0,0,2,1,0,0,0,0,0,0
"PTCHD1",27,350,174,550,363,93,161,177,93,150
"PRDX4",3,14,9,12,10,13,7,9,6,9
"ACOT9",2,23,23,77,36,12,9,13,9,33
"AC131011.1",1,2,0,4,2,0,0,1,2,2
"SAT1",55,207,202,282,363,121,125,106,59,237
"APOO",70,225,217,241,274,78,65,107,38,104
"CXorf58",1,6,2,7,4,1,2,1,0,1
"KLHL15",2,23,10,17,11,8,6,7,6,19
"EIF2S3",15,55,56,74,100,21,31,91,13,112
"ZFX-AS1",0,0,1,1,1,0,1,1,1,1
"ZFX",7,63,42,113,92,32,36,38,15,81
"PDK3",6,40,68,99,71,12,16,30,7,49
"PCYT1B",15,59,41,77,78,28,27,50,21,65
"PCYT1B-AS1",3,7,9,6,7,2,1,1,0,10
"POLA1",18,83,76,140,119,28,25,58,19,92
"ARX",7,43,26,75,49,13,22,55,8,33
"AC121342.1",0,2,0,6,4,0,2,3,1,0
"AC112493.1",0,4,4,4,4,2,1,1,0,4
"AC107419.1",1,3,0,3,0,0,1,2,0,6
"DCAF8L2",0,0,1,2,0,0,0,0,0,1
"AC112495.1",0,0,0,0,0,0,0,0,0,0
"IL1RAPL1",562,1169,1336,2433,2204,334,442,274,301,671
"MAGEB3",0,0,0,0,0,0,0,0,0,0
"NR0B1",0,0,0,0,2,0,0,1,0,0
"CXorf21",1,0,0,0,2,0,0,0,0,1
"GK",4,60,43,40,38,10,19,31,13,61
"GK-AS1",1,3,0,18,12,2,0,4,1,13
"TAB3",5,31,28,45,43,10,13,26,11,31
"DMD",131,482,567,782,875,134,153,146,90,413
"AL591501.1",0,9,15,18,24,1,3,2,1,8
"AL592043.1",1,6,8,11,14,1,2,1,1,4
"TMEM47",34,150,128,294,239,182,94,248,80,190
"CFAP47",4,120,28,52,90,74,69,105,60,46
"AL606516.1",0,0,2,1,6,1,0,3,0,4
"PRRG1",0,3,1,2,1,1,0,0,0,1
"AF241726.2",5,35,31,55,35,11,7,15,4,34
"DYNLT3",11,11,17,20,10,6,7,5,1,10
"SRPX",1,8,9,10,19,1,5,14,7,9
"RPGR",6,57,38,60,97,40,47,97,24,67
"TSPAN7",95,289,232,240,236,154,127,150,31,148
"AF241728.1",0,0,0,0,0,0,0,0,0,0
"MID1IP1",10,51,35,123,50,50,19,52,19,31
"MID1IP1-AS1",0,2,0,0,0,0,1,0,0,0
"AC108879.1",0,0,0,0,3,0,0,0,0,0
"LINC01282",0,1,0,0,0,0,0,0,0,0
"AC091808.1",0,0,0,0,0,0,0,0,0,0
"BCOR",12,38,32,67,52,59,21,56,52,36
"AC091806.1",0,1,3,4,0,0,0,0,0,0
"ATP6AP2",32,139,128,139,129,58,47,72,38,60
"CXorf38",10,54,71,88,44,5,8,21,9,39
"MED14",14,62,38,64,84,14,25,39,18,56
"MED14OS",0,1,0,0,1,0,0,0,0,0
"USP9X",21,137,89,184,164,38,40,67,25,104
"AL109797.1",0,1,1,0,1,0,0,0,0,1
"DDX3X",35,143,104,169,155,69,56,75,49,122
"NYX",0,1,0,2,1,0,0,1,0,3
"CASK",34,116,135,213,237,45,50,92,40,135
"GPR34",5,4,8,19,7,0,0,3,0,8
"GPR82",0,7,10,5,9,1,1,5,0,9
"Z93403.1",0,2,1,4,4,3,2,2,0,8
"PINCR",0,1,0,1,0,0,0,0,0,0
"MAOA",15,73,50,44,59,21,32,40,16,82
"MAOB",21,373,125,382,216,58,103,160,36,139
"NDP",8,42,39,100,86,16,32,52,13,45
"NDP-AS1",0,4,8,38,8,2,2,7,0,6
"EFHC2",4,65,30,71,73,18,34,39,19,72
"FUNDC1",3,21,7,18,15,14,12,9,3,24
"KDM6A",34,221,121,226,218,52,70,80,43,167
"CXorf36",3,5,8,21,9,11,8,4,1,15
"AC136489.1",0,5,3,2,4,1,0,0,1,2
"LINC01204",1,0,1,0,0,0,1,1,0,0
"MIR222HG",0,3,8,12,11,0,1,3,0,2
"AC234772.2",0,1,1,2,0,0,0,1,0,0
"KRBOX4",20,59,73,113,135,50,40,49,18,133
"ZNF674",5,20,10,14,24,6,11,12,4,21
"ZNF674-AS1",1,4,4,4,6,0,3,7,1,4
"CHST7",10,47,27,43,74,17,10,35,11,42
"SLC9A7",4,43,55,58,55,6,6,11,9,26
"RP2",1,9,9,6,14,6,5,8,1,5
"LINC01545",0,0,1,0,2,0,0,0,1,2
"JADE3",2,9,14,21,24,7,6,10,4,11
"RGN",16,29,34,110,55,20,14,45,12,142
"NDUFB11",31,93,97,122,47,52,23,35,14,30
"RBM10",15,46,55,85,62,27,23,43,20,48
"UBA1",22,87,80,168,161,72,63,111,38,70
"CDK16",4,18,16,67,32,25,5,19,6,17
"USP11",37,136,101,111,80,41,29,44,13,62
"ZNF157",4,5,3,3,11,0,2,4,1,4
"ZNF41",4,17,15,26,22,6,6,14,2,19
"LINC01560",2,11,11,19,22,6,7,7,3,20
"ARAF",8,35,27,30,17,9,10,16,2,33
"SYN1",13,62,90,137,68,24,15,41,11,14
"TIMP1",2,15,38,31,33,22,16,12,6,25
"CFP",0,1,4,1,3,2,0,1,2,2
"ELK1",1,12,11,58,23,8,7,16,2,14
"UXT",2,10,18,17,24,9,6,20,8,16
"ZNF81",15,82,76,156,160,23,38,65,20,92
"ZNF182",3,5,13,11,6,4,5,3,2,7
"ZNF630",5,26,19,26,40,12,15,16,9,35
"SPACA5",0,1,4,1,1,0,0,1,0,0
"ZNF630-AS1",0,2,2,0,0,0,0,0,0,0
"SLC38A5",0,1,2,2,0,0,0,1,0,0
"FTSJ1",1,6,4,8,14,4,2,5,2,10
"AF196972.1",0,1,2,0,3,1,0,1,0,5
"PORCN",3,8,10,20,10,9,10,18,7,12
"EBP",10,25,23,32,16,1,3,6,4,7
"TBC1D25",4,14,18,34,20,4,6,4,5,10
"AC115618.1",0,8,1,2,2,0,0,1,0,1
"RBM3",12,40,17,23,28,6,20,11,16,14
"AC115618.2",0,1,0,0,1,1,0,1,0,1
"WDR13",17,41,61,102,63,28,29,30,33,42
"WAS",1,1,4,1,5,2,1,1,0,5
"SUV39H1",1,4,4,10,1,1,1,3,1,1
"AC231533.1",1,12,8,17,24,1,6,7,2,6
"GLOD5",0,11,4,2,2,0,0,1,0,8
"GATA1",0,4,3,1,0,0,1,0,0,2
"HDAC6",13,43,53,83,61,22,21,38,13,34
"ERAS",0,1,0,3,1,1,0,3,0,3
"PCSK1N",59,165,163,260,100,13,17,24,9,44
"TIMM17B",13,30,23,39,18,12,12,17,1,12
"PQBP1",8,31,25,45,23,13,13,26,9,16
"SLC35A2",6,9,17,17,16,10,4,4,2,6
"PIM2",0,3,0,7,5,2,3,3,0,5
"OTUD5",15,56,49,84,50,21,20,36,12,37
"KCND1",0,0,2,0,3,0,0,1,0,0
"GRIPAP1",12,54,56,69,57,15,21,29,17,47
"TFE3",8,27,26,46,37,17,12,44,16,21
"CCDC120",2,7,10,14,17,6,5,13,3,6
"PRAF2",7,36,30,60,39,32,20,16,10,18
"WDR45",12,52,42,70,50,24,23,44,20,49
"GPKOW",0,23,17,33,26,7,12,14,4,19
"MAGIX",1,1,3,5,7,1,0,3,2,4
"PLP2",0,5,13,9,3,6,3,6,2,10
"PRICKLE3",1,1,6,9,4,2,2,3,1,6
"SYP",58,159,152,203,185,23,30,40,10,89
"SYP-AS1",1,0,0,2,0,0,0,0,0,0
"CACNA1F",0,1,0,1,2,0,0,3,1,0
"CCDC22",3,11,11,12,13,6,5,18,1,3
"FOXP3",0,2,0,0,0,2,1,1,0,0
"PPP1R3F",14,26,20,48,37,6,7,15,10,35
"GAGE10",0,1,0,4,4,4,2,2,1,9
"USP27X-AS1",1,0,1,0,1,0,1,0,0,2
"USP27X",0,8,7,8,9,0,2,2,2,0
"CLCN5",6,39,30,76,54,10,15,29,7,46
"CCNB3",0,5,2,5,4,1,4,1,0,4
"DGKK",0,7,3,5,1,4,2,7,1,3
"SHROOM4",39,80,79,124,126,18,17,23,20,50
"LINC01284",1,8,13,18,21,2,1,7,1,5
"NUDT10",0,6,4,2,2,2,1,0,1,1
"AC233976.1",1,2,1,1,2,0,2,0,0,1
"AL158055.1",2,14,21,21,25,9,6,8,5,15
"NUDT11",1,3,6,4,5,3,1,1,0,1
"LINC01496",0,0,0,0,0,0,0,0,0,0
"CENPVL3",0,0,1,0,0,0,0,0,0,0
"GSPT2",0,13,13,10,8,6,1,5,3,19
"MAGED1",35,176,152,232,209,110,99,175,59,212
"AC239585.2",0,0,0,0,0,1,0,0,0,0
"SSX2B",0,0,0,0,0,0,0,0,1,0
"FAM156B",0,1,0,0,0,0,0,0,1,0
"FAM156A",5,32,30,46,39,13,6,12,6,26
"GPR173",23,60,74,132,139,36,36,44,20,96
"TSPYL2",16,82,94,160,73,18,21,34,9,38
"KANTR",39,168,211,274,284,73,75,105,38,192
"KDM5C",7,31,31,56,44,20,7,29,11,21
"IQSEC2",11,41,54,81,64,15,13,28,4,28
"SMC1A",2,46,32,60,66,10,17,27,10,38
"RIBC1",1,1,3,6,2,3,0,3,1,4
"HSD17B10",8,22,29,27,23,14,7,20,4,23
"HUWE1",30,162,111,196,181,42,51,75,34,129
"PHF8",8,47,58,110,75,20,20,32,13,61
"FAM120C",10,69,48,80,103,23,25,27,17,73
"WNK3",12,53,49,101,97,15,25,37,12,83
"TSR2",8,16,19,15,14,4,7,5,4,10
"FGD1",7,23,26,26,29,2,4,9,0,17
"GNL3L",5,7,15,8,15,5,6,2,2,15
"ITIH6",1,2,2,4,4,2,0,1,2,1
"MAGED2",16,59,65,63,65,36,22,62,17,49
"TRO",7,14,19,53,31,22,8,19,11,21
"PFKFB1",0,2,4,2,3,1,0,3,1,6
"APEX2",3,4,10,10,10,0,2,4,1,6
"ALAS2",0,0,0,1,0,0,0,0,0,0
"PAGE2B",0,0,0,0,1,0,0,1,0,0
"FAM104B",3,13,11,24,25,12,14,18,5,21
"MTRNR2L10",0,0,0,1,0,0,0,1,0,0
"MAGEH1",9,37,30,42,32,18,11,25,7,17
"USP51",2,19,5,12,3,5,0,8,3,7
"RRAGB",16,70,69,69,62,46,16,32,36,89
"AL445472.1",17,55,47,59,103,15,31,40,16,49
"KLF8",0,4,4,6,12,5,1,4,4,8
"UBQLN2",4,34,23,77,39,16,16,30,6,21
"AL354793.1",1,1,0,1,0,0,0,0,0,0
"NBDY",36,89,120,166,180,28,38,85,39,96
"SPIN3",6,37,32,61,56,18,15,22,14,33
"AL139397.1",0,0,1,0,1,0,0,0,0,0
"SPIN2B",2,5,14,9,6,7,3,18,2,7
"AL022157.1",0,1,0,1,0,0,0,1,1,0
"SPIN2A",0,0,0,0,0,0,0,0,0,0
"FAAH2",8,33,25,53,60,15,25,16,18,37
"ZXDB",1,2,1,4,6,2,2,8,1,2
"NLRP2B",0,0,0,1,1,0,0,1,0,0
"ZXDA",0,0,1,1,0,1,2,0,1,0
"SPIN4",0,2,3,9,9,0,2,1,2,3
"SPIN4-AS1",0,0,0,0,0,0,0,0,0,0
"ARHGEF9",34,106,118,120,158,26,42,63,32,121
"AMER1",0,6,2,2,2,0,1,1,1,2
"ASB12",0,0,0,0,0,0,0,0,0,0
"MTMR8",3,5,13,23,25,4,7,13,3,12
"ZC4H2",11,19,57,67,84,23,32,47,23,58
"ZC3H12B",11,29,35,52,60,17,10,10,7,52
"LAS1L",13,20,33,52,42,10,12,17,8,26
"MSN",12,89,34,41,63,12,18,29,9,37
"AL034397.3",0,0,1,5,0,0,0,0,0,0
"VSIG4",0,0,1,1,5,0,0,0,0,1
"HEPH",29,172,131,284,184,55,78,115,45,157
"EDA2R",1,2,0,3,6,1,2,0,0,3
"AR",9,17,15,7,25,25,16,54,12,56
"AL157700.1",6,13,10,24,12,2,3,1,0,4
"OPHN1",177,1202,600,1615,962,288,464,473,180,792
"YIPF6",10,65,49,96,100,17,27,35,17,32
"STARD8",0,1,0,1,2,0,0,0,0,3
"EFNB1",0,12,3,23,14,7,3,16,2,5
"PJA1",1,23,16,28,19,3,1,15,3,5
"LINC00269",0,0,0,1,0,1,0,1,0,0
"FAM155B",0,0,2,5,4,1,1,3,0,2
"EDA",12,41,42,55,71,24,27,41,26,70
"AWAT2",0,0,0,0,0,0,0,0,0,0
"OTUD6A",0,0,0,0,0,0,0,0,0,0
"IGBP1",8,57,61,56,78,14,22,25,10,57
"IGBP1-AS2",0,0,1,0,0,1,0,0,0,1
"IGBP1-AS1",0,0,0,0,1,0,0,0,0,0
"DGAT2L6",0,1,6,2,2,0,1,2,0,5
"AWAT1",0,2,4,5,4,1,0,0,0,6
"ARR3",0,1,0,1,0,0,0,0,0,0
"PDZD11",6,10,17,18,14,4,6,7,2,6
"KIF4A",1,7,6,7,1,1,4,4,0,5
"GDPD2",14,24,27,38,45,41,22,48,18,55
"AL139398.1",0,0,2,0,0,0,1,2,1,0
"DLG3",8,19,18,42,26,9,6,8,3,14
"TEX11",1,10,4,8,10,2,5,11,3,6
"SLC7A3",0,1,2,0,0,0,0,0,0,0
"SNX12",0,5,16,15,23,5,5,12,0,14
"FOXO4",0,4,5,11,7,3,3,1,4,2
"AL590764.2",0,0,0,1,0,0,0,0,0,0
"MED12",8,10,12,18,25,14,13,21,13,11
"NLGN3",6,30,29,45,54,16,12,21,17,43
"AL590764.1",0,2,2,2,4,1,0,1,0,3
"GJB1",7,18,26,39,28,4,2,3,1,5
"ZMYM3",3,50,63,140,91,49,31,61,22,27
"NONO",10,53,48,103,77,36,24,38,19,50
"ITGB1BP2",0,0,0,0,3,1,0,0,0,0
"TAF1",22,115,96,165,125,25,41,76,26,129
"OGT",30,82,91,192,137,61,79,113,59,110
"GCNA",3,6,25,62,58,7,8,14,3,33
"BX276092.9",0,0,0,3,0,0,0,0,0,0
"LINC00891",1,8,0,9,1,0,0,1,0,0
"NHSL2",14,24,21,26,42,13,5,17,8,17
"RTL5",3,9,6,19,8,8,1,7,9,4
"PIN4",20,57,60,51,61,29,24,37,6,51
"ERCC6L",1,5,3,3,1,2,1,3,0,5
"RPS4X",42,102,102,86,129,46,25,51,18,44
"CITED1",1,4,1,0,0,0,0,0,0,0
"HDAC8",63,307,245,373,385,77,125,181,63,258
"PHKA1",15,91,74,209,129,29,49,80,25,138
"PHKA1-AS1",1,6,13,16,8,4,8,3,1,10
"DMRTC1B",0,0,1,4,5,0,0,1,0,1
"DMRTC1",0,0,0,2,0,1,0,0,0,1
"PABPC1L2B",0,0,2,1,1,0,0,0,0,0
"PABPC1L2A",0,3,0,3,0,0,0,0,0,0
"NAP1L2",9,39,34,66,35,8,20,13,5,12
"CHIC1",24,101,95,218,150,40,42,48,34,140
"TSIX",0,1,0,2,0,0,0,0,0,0
"XIST",1,1,1,0,2,0,0,0,1,0
"JPX",60,354,255,411,405,112,122,203,70,387
"FTX",292,1295,1431,2023,2111,413,623,856,319,1308
"SLC16A2",7,47,37,56,56,17,18,28,9,35
"RLIM",9,58,25,57,32,14,16,15,7,35
"NEXMIF",10,64,61,131,85,10,18,37,14,60
"ABCB7",11,148,82,167,126,39,81,65,23,98
"UPRT",2,7,8,39,17,6,4,8,3,15
"ZDHHC15",6,22,29,40,51,14,13,21,10,40
"MAGEE2",0,1,0,0,0,0,0,0,0,0
"PBDC1",5,11,4,7,8,3,3,5,4,2
"MAGEE1",5,14,18,20,10,8,6,7,3,8
"AC233296.1",17,48,58,69,48,10,14,7,12,61
"FGF16",0,0,0,0,0,0,0,0,1,0
"ATRX",93,403,346,750,593,222,219,281,153,436
"MAGT1",9,45,45,67,54,16,14,30,7,37
"COX7B",37,132,109,121,101,88,41,86,18,89
"ATP7A",0,0,1,3,2,0,0,0,0,1
"PGK1",18,124,75,222,72,28,30,56,13,63
"TAF9B",5,16,9,16,11,9,3,9,6,13
"CYSLTR1",0,0,0,2,2,0,0,0,0,1
"LPAR4",2,4,8,20,22,5,8,10,7,14
"P2RY10",0,0,0,0,0,0,0,0,0,0
"GPR174",0,0,0,0,0,0,0,0,0,0
"ITM2A",3,23,21,42,15,1,0,2,4,8
"TBX22",0,0,0,0,0,0,0,0,0,0
"TENT5D",1,2,3,1,5,3,0,2,1,2
"BRWD3",11,87,66,114,125,23,46,55,13,76
"AL391294.1",0,0,0,0,0,0,0,0,0,0
"HMGN5",10,57,47,71,60,9,28,22,13,62
"SH3BGRL",32,107,171,274,229,88,65,105,67,148
"POU3F4",1,9,7,19,24,6,6,15,6,21
"CYLC1",0,0,0,2,0,0,0,2,0,3
"RPS6KA6",5,15,24,33,26,3,7,3,3,8
"HDX",5,37,29,71,62,23,14,30,12,24
"APOOL",9,60,44,79,86,21,26,57,15,73
"SATL1",1,9,13,10,21,1,1,2,0,4
"ZNF711",4,13,15,25,15,5,5,6,4,5
"POF1B",0,5,4,0,4,2,1,3,0,5
"CHM",19,101,82,147,134,43,37,50,15,98
"DACH2",1,12,24,28,14,6,7,14,3,19
"KLHL4",19,69,48,131,87,26,16,36,17,37
"Z83818.2",0,0,0,3,0,0,0,0,0,0
"AL121872.1",1,0,1,1,0,0,0,0,0,1
"PABPC5-AS1",0,0,2,1,1,1,0,0,0,0
"PABPC5",0,2,3,2,1,2,1,3,1,3
"PCDH11X",8,50,69,103,103,9,3,17,10,31
"NAP1L3",14,45,35,58,40,8,17,24,6,12
"FAM133A",6,16,11,22,16,2,1,4,3,4
"DIAPH2",20,70,91,165,169,24,49,52,36,108
"DIAPH2-AS1",3,9,14,10,22,3,2,9,6,10
"AL157778.1",0,0,1,1,2,2,0,2,2,5
"PCDH19",2,36,48,136,61,10,20,17,9,40
"TNMD",0,2,0,0,0,0,0,0,0,0
"TSPAN6",5,30,24,33,21,13,11,23,4,10
"SRPX2",14,130,95,190,48,15,23,7,5,6
"SYTL4",16,93,54,205,41,44,50,33,27,22
"CSTF2",3,18,9,12,15,6,5,8,6,19
"NOX1",0,2,1,2,0,0,0,0,1,1
"XKRX",0,3,5,9,12,0,1,2,2,5
"ARL13A",0,1,0,1,0,0,0,1,0,1
"TRMT2B",4,14,23,23,29,5,5,12,5,31
"TMEM35A",3,24,22,33,19,11,7,20,6,13
"CENPI",1,2,4,4,7,2,5,3,0,5
"DRP2",3,12,17,20,12,2,1,3,0,1
"TAF7L",0,2,1,5,5,1,0,1,1,0
"TIMM8A",0,3,1,2,2,0,0,2,0,1
"BTK",1,0,1,1,1,0,0,1,0,1
"RPL36A-HNRNPH2",1,3,0,5,5,1,0,1,0,2
"GLA",1,17,11,10,12,9,10,14,2,11
"HNRNPH2",3,51,32,46,37,22,9,21,12,20
"ARMCX4",30,111,116,152,177,37,38,66,33,108
"ARMCX1",3,18,15,28,24,10,8,12,4,13
"ARMCX6",2,9,17,32,14,7,4,13,6,10
"ARMCX3",17,90,69,145,79,25,16,25,8,47
"ARMCX3-AS1",0,0,0,0,0,0,0,1,0,1
"ARMCX2",4,22,23,32,33,12,8,13,5,10
"NXF5",0,2,3,6,4,0,1,0,0,3
"ZMAT1",110,251,210,385,385,134,193,172,88,235
"TCEAL2",12,99,59,64,39,13,14,8,4,13
"TCEAL6",8,19,16,15,7,1,4,4,0,2
"BEX5",36,80,72,95,32,5,8,8,0,3
"NXF2",0,0,1,0,0,0,0,0,0,1
"AC235565.2",0,0,1,0,0,0,0,0,1,0
"TMSB15A",0,0,0,0,0,1,0,0,0,0
"ARMCX5",0,6,4,8,2,2,1,3,2,2
"AL035427.1",1,4,3,1,5,2,3,1,1,4
"GPRASP1",10,33,31,52,37,7,13,23,6,14
"GPRASP2",4,18,29,25,18,6,5,12,4,10
"BHLHB9",5,28,24,55,61,16,10,17,9,37
"LINC00630",15,34,22,39,53,12,10,17,4,36
"Z68871.1",1,4,10,12,12,3,6,7,0,12
"RAB40AL",0,0,0,0,0,0,0,0,0,0
"Z95624.1",0,0,0,0,0,0,0,0,0,0
"BEX1",73,171,142,202,81,11,21,12,6,20
"NXF3",0,0,0,0,1,0,0,0,0,0
"BEX4",32,99,76,68,71,24,22,35,10,46
"TCEAL8",14,50,48,46,35,25,15,35,12,27
"TCEAL5",13,44,23,32,19,1,6,5,1,10
"BEX2",35,145,98,77,75,6,11,20,9,28
"TCEAL7",17,37,38,32,26,4,11,11,2,6
"TCEAL9",3,46,21,50,39,42,14,64,9,27
"BEX3",82,291,203,262,155,72,62,84,17,91
"Z69733.1",0,0,0,0,0,0,0,0,0,0
"RAB40A",1,5,5,9,7,2,4,2,0,9
"TCEAL4",30,114,78,112,81,29,41,44,17,52
"TCEAL3",8,50,56,54,40,13,18,20,4,28
"TCEAL3-AS1",0,0,0,1,0,0,0,0,0,0
"TCEAL1",14,33,56,42,55,31,24,25,8,60
"MORF4L2",36,105,110,126,117,50,56,84,33,57
"MORF4L2-AS1",1,1,4,4,1,1,1,3,1,1
"GLRA4",0,1,1,1,0,0,0,1,0,2
"TMEM31",0,0,1,1,2,1,1,6,0,6
"PLP1",500,914,767,1623,1086,485,328,187,314,376
"RAB9B",0,19,24,26,32,8,7,16,4,28
"TMSB15B-AS1",0,0,0,0,0,0,0,0,1,0
"TMSB15B",0,0,2,2,3,1,0,2,2,2
"H2BFM",0,0,0,0,0,0,0,0,0,0
"TMSB15B-1",0,0,4,3,5,2,0,2,1,1
"SLC25A53",8,58,63,64,79,29,17,39,19,64
"ZCCHC18",2,2,3,5,12,3,2,3,0,5
"FAM199X",10,71,30,83,69,33,40,44,25,54
"IL1RAPL2",5,79,61,89,74,7,12,17,5,23
"NRK",0,4,4,3,4,6,0,2,1,3
"MUM1L1",0,9,3,11,4,3,4,2,1,3
"CXorf57",0,6,3,17,11,4,1,4,2,2
"RNF128",7,15,16,16,18,4,5,5,6,24
"TBC1D8B",3,9,9,17,11,6,2,4,2,1
"MORC4",7,19,20,30,21,13,11,17,6,17
"CLDN2",0,1,1,0,0,0,1,0,0,1
"RBM41",19,59,68,92,108,28,35,60,28,75
"NUP62CL",0,1,2,2,4,0,0,0,0,2
"PIH1D3",0,0,0,0,1,0,0,0,0,0
"FRMPD3-AS1",0,1,1,0,0,0,1,0,0,1
"FRMPD3",1,16,3,19,13,0,4,2,2,9
"PRPS1",4,38,13,54,22,3,9,17,6,8
"TSC22D3",9,53,44,83,66,58,40,30,8,41
"NCBP2L",0,0,1,0,0,0,0,1,0,0
"MID2",1,10,8,16,26,5,7,8,4,13
"AL034399.2",1,1,6,8,2,0,0,0,1,1
"VSIG1",1,1,1,2,0,0,0,0,0,0
"PSMD10",4,16,17,24,19,10,7,16,4,10
"ATG4A",2,11,17,12,18,3,4,11,3,10
"COL4A6",1,1,5,4,4,4,1,2,2,5
"COL4A5",60,165,131,296,240,82,123,158,72,181
"AL035425.2",0,1,0,2,0,0,1,0,1,0
"AL035425.1",0,0,0,0,2,0,0,0,0,0
"GUCY2F",0,1,4,2,0,0,0,0,0,0
"NXT2",1,5,5,0,1,1,3,3,4,4
"KCNE5",2,2,1,1,1,1,1,0,0,2
"ACSL4",21,92,84,111,105,21,20,31,20,49
"TMEM164",40,382,142,221,203,43,73,105,32,176
"AMMECR1",4,67,86,110,50,19,23,22,6,80
"RTL9",1,3,12,21,14,1,3,1,2,10
"CHRDL1",12,73,74,67,72,22,25,52,11,72
"PAK3",14,98,141,233,142,11,11,19,10,37
"DCX",4,6,13,30,21,2,0,0,0,2
"ALG13",19,68,52,94,94,20,28,27,20,75
"ALG13-AS1",0,8,3,2,4,0,0,1,2,3
"TRPC5",6,13,27,41,30,4,1,11,2,10
"TRPC5OS",0,7,2,0,2,1,1,0,0,4
"LHFPL1",0,6,3,5,2,1,1,0,2,6
"AMOT",13,96,69,128,98,19,33,46,28,139
"XACT",0,6,6,5,4,2,1,6,2,3
"HTR2C",2,9,8,10,4,6,1,3,1,4
"IL13RA2",0,0,0,0,0,0,0,0,0,0
"LRCH2",9,36,28,59,64,14,23,36,11,39
"PLS3-AS1",3,11,14,11,6,3,4,8,3,13
"PLS3",13,74,71,117,75,15,23,39,15,55
"DANT2",96,405,434,464,687,128,192,284,130,598
"KLHL13",10,31,39,88,46,19,18,39,13,36
"WDR44",11,75,65,67,80,20,16,28,10,53
"DOCK11",7,15,11,34,35,5,16,15,2,16
"IL13RA1",1,27,6,25,8,3,4,9,2,7
"ZCCHC12",0,3,0,2,3,2,0,1,0,0
"LINC01285",12,40,42,48,43,10,11,22,8,58
"LONRF3",2,25,17,21,29,13,19,26,11,33
"KIAA1210",0,0,1,1,0,0,0,1,0,0
"PGRMC1",34,61,74,192,62,21,22,20,9,23
"AC004835.1",0,1,1,1,0,0,0,1,0,0
"AC004973.1",0,1,1,1,2,0,1,1,0,0
"SLC25A43",16,99,82,156,108,23,25,45,11,82
"SLC25A5",14,84,43,26,64,34,33,47,12,64
"CXorf56",5,18,12,18,9,6,5,9,0,8
"UBE2A",5,21,15,23,31,17,19,17,6,21
"NKRF",1,21,14,12,35,4,6,11,1,9
"SEPT6",0,23,27,30,41,9,9,12,4,25
"SOWAHD",0,0,0,0,1,0,0,0,0,0
"RPL39",3,8,9,18,14,35,3,15,21,4
"UPF3B",22,113,125,170,149,34,38,63,19,134
"RNF113A",4,11,8,14,6,4,4,3,2,5
"NDUFA1",37,70,75,69,76,61,27,60,19,50
"AKAP14",0,3,0,2,2,0,2,4,0,3
"NKAP",6,30,19,45,31,19,10,18,7,23
"RHOXF1-AS1",5,36,39,36,48,8,10,16,7,36
"RHOXF1",1,0,5,7,0,0,1,2,0,7
"LINC01402",0,0,1,0,0,0,0,0,0,2
"ZBTB33",1,17,14,33,17,11,9,21,3,17
"TMEM255A",2,6,7,7,8,1,2,4,3,3
"LAMP2",74,241,271,568,385,156,151,196,110,205
"CUL4B",6,45,40,78,46,20,16,27,9,30
"MCTS1",11,45,57,96,65,33,14,40,11,54
"C1GALT1C1",5,8,7,19,10,7,2,9,6,6
"GLUD2",0,6,3,3,2,1,2,2,0,2
"AL359851.1",0,3,2,4,5,1,0,1,0,1
"GRIA3",34,96,147,215,214,14,18,11,8,33
"THOC2",41,206,173,339,291,85,74,150,62,207
"XIAP",19,111,84,161,135,46,44,54,26,94
"XIAP-AS1",0,1,0,1,3,0,0,0,0,0
"AL121601.1",1,4,3,7,4,0,0,3,1,3
"STAG2",29,152,100,202,157,66,66,107,29,133
"TENM1",7,19,47,59,42,13,7,9,10,22
"DCAF12L2",0,1,1,3,0,0,0,0,0,0
"AL442647.1",1,7,14,17,7,1,1,1,0,2
"SMARCA1",7,124,54,154,75,31,37,34,9,47
"OCRL",8,16,25,51,38,8,13,20,8,17
"APLN",5,9,17,66,22,4,5,11,2,14
"XPNPEP2",0,0,0,0,0,0,0,0,0,3
"SASH3",0,2,2,1,1,0,3,0,0,0
"ZDHHC9",18,54,62,75,54,11,6,11,8,23
"AL034405.1",6,18,25,67,36,7,1,7,4,12
"UTP14A",5,15,24,24,17,3,4,7,3,10
"BCORL1",1,11,18,23,22,5,7,10,7,27
"ELF4",1,0,2,2,3,2,0,0,0,2
"AIFM1",5,38,40,45,33,10,9,10,10,31
"RAB33A",11,21,13,19,9,5,2,2,2,2
"ZNF280C",1,20,14,29,31,4,7,17,2,25
"SLC25A14",4,20,17,24,15,7,3,11,3,7
"RBMX2",4,30,17,25,30,7,4,23,4,11
"ENOX2",19,80,81,163,128,37,45,56,28,87
"LINC01201",0,1,0,0,0,0,1,0,1,0
"ARHGAP36",0,2,1,0,0,0,0,0,1,0
"IGSF1",3,4,9,12,6,2,2,5,1,5
"FIRRE",31,63,59,71,69,9,10,43,14,98
"STK26",0,0,0,0,2,0,0,0,0,0
"FRMD7",0,0,0,0,0,0,0,0,0,0
"RAP2C",1,16,19,24,16,8,4,12,3,12
"RAP2C-AS1",18,91,30,48,61,14,31,24,10,48
"MBNL3",11,15,22,25,32,5,14,17,6,27
"HS6ST2",3,8,10,16,17,2,1,5,1,3
"USP26",0,1,0,1,0,0,1,2,1,1
"GPC4",13,77,35,98,72,40,64,48,41,60
"GPC3",1,9,9,13,13,0,1,7,1,9
"CCDC160",1,13,4,24,11,8,5,11,2,10
"PHF6",4,39,34,58,65,17,18,37,13,30
"HPRT1",29,62,73,94,75,16,19,24,11,37
"MIR503HG",0,0,0,2,0,0,0,0,0,0
"LINC00629",0,0,0,2,0,0,1,0,0,0
"PLAC1",0,2,5,5,5,3,0,3,0,5
"AL672032.1",0,1,0,2,0,0,0,0,0,0
"FAM122B",3,10,15,23,27,14,10,6,6,18
"FAM122C",4,21,31,44,39,12,15,20,12,42
"MOSPD1",3,6,7,15,16,4,5,11,4,7
"LINC02243",0,0,0,0,1,0,1,0,0,0
"SMIM10",1,1,1,3,7,2,1,3,0,5
"RTL8B",1,5,2,3,4,0,3,6,2,5
"RTL8C",22,72,89,124,74,43,25,46,18,56
"RTL8A",10,32,37,43,38,18,22,32,10,27
"SMIM10L2B-AS1",1,3,1,1,0,0,0,0,0,0
"SMIM10L2B",1,7,4,13,6,1,1,0,1,1
"CT55",0,0,0,1,0,0,0,0,0,0
"ZNF75D",15,54,37,42,48,8,10,20,9,36
"ZNF449",5,29,8,20,14,9,3,6,1,13
"SMIM10L2A",3,8,7,16,8,2,1,1,2,4
"INTS6L",10,59,48,49,64,8,18,21,9,38
"SAGE1",0,0,0,0,0,0,0,1,0,0
"MMGT1",2,18,19,29,20,10,13,16,6,13
"SLC9A6",19,63,108,144,108,35,34,51,24,58
"FHL1",11,69,55,104,81,26,26,36,17,43
"MAP7D3",1,10,13,23,22,7,6,15,8,23
"ADGRG4",0,0,0,0,0,0,0,0,0,1
"HTATSF1",6,35,19,38,32,10,8,14,5,14
"ARHGEF6",19,63,63,143,117,37,38,35,27,109
"AL683813.1",21,114,77,94,78,12,16,23,16,108
"RBMX",101,303,240,899,575,165,76,144,82,211
"ZIC3",0,4,0,4,1,0,3,1,0,0
"Z96074.1",2,10,10,3,12,6,3,7,1,5
"FGF13",7,33,39,57,33,4,8,7,3,13
"FGF13-AS1",0,0,0,0,0,0,0,0,0,0
"F9",2,1,2,3,1,2,0,1,0,3
"MCF2",4,10,9,18,16,2,2,5,0,11
"ATP11C",3,28,46,73,99,24,21,39,9,47
"SOX3",1,1,5,1,2,1,1,1,0,2
"AL844175.1",0,0,0,1,1,0,1,0,0,1
"LINC00632",46,106,150,119,172,11,26,18,10,55
"CDR1",0,11,8,13,5,1,0,12,3,2
"AL078639.1",5,20,20,56,27,8,1,30,11,6
"AL451048.1",1,1,1,2,2,0,1,3,0,2
"AC234778.2",0,0,0,0,0,0,0,0,0,0
"LDOC1",6,11,21,13,14,15,16,10,1,12
"SPANXA2-OT1",5,10,9,20,12,3,3,5,1,13
"MAGEC3",1,10,14,5,18,11,10,2,0,4
"AC239727.1",0,3,2,1,2,0,0,1,0,0
"SLITRK4",2,40,31,64,36,10,7,9,1,6
"AL500522.1",0,0,1,1,3,0,0,0,0,1
"SLITRK2",24,88,71,101,134,79,72,110,33,200
"AL589669.1",2,9,13,9,6,3,4,3,4,8
"L29074.1",0,1,0,0,2,0,1,1,0,4
"FMR1",10,69,47,70,67,20,38,33,18,47
"FMR1NB",0,0,2,1,3,0,0,0,1,1
"AFF2",1,6,22,22,16,3,2,6,1,6
"IDS",35,191,196,346,267,58,61,140,51,78
"AC244197.3",0,0,0,0,0,0,1,0,0,0
"LINC00893",3,2,6,4,1,0,0,0,0,0
"CXorf40A",0,0,0,3,1,2,0,0,0,0
"TMEM185A",3,17,10,29,29,9,14,13,3,23
"LINC00850",0,0,0,0,1,0,0,1,0,0
"CXorf40B",0,2,2,3,3,0,1,0,0,0
"LINC00894",40,121,171,283,352,84,87,112,68,221
"MAMLD1",20,57,47,88,90,13,24,21,7,49
"MTM1",25,211,104,219,192,43,65,73,34,134
"MTMR1",28,236,116,176,156,35,52,69,30,116
"CD99L2",21,78,71,94,77,26,28,40,10,59
"HMGB3",2,10,4,5,8,5,4,4,4,4
"VMA21",3,24,23,72,35,17,11,27,10,13
"BX546450.2",0,0,1,0,0,0,0,0,0,0
"PASD1",0,0,1,3,0,0,0,0,0,2
"PRRG3",1,8,6,13,6,4,0,2,0,2
"FATE1",0,0,0,1,0,0,0,0,0,0
"GABRE",0,0,1,1,1,2,2,0,0,0
"AC116666.1",0,1,0,2,0,0,0,0,0,1
"GABRA3",3,28,28,34,35,4,11,7,4,13
"GABRQ",0,0,1,1,1,0,0,0,0,0
"CSAG1",0,0,0,0,0,0,0,0,0,0
"CETN2",4,15,16,32,18,8,4,20,3,8
"NSDHL",3,11,14,8,9,3,4,7,6,1
"ZNF185",2,4,6,2,3,0,0,0,0,1
"PNMA5",1,3,3,3,2,2,2,1,0,0
"PNMA3",8,37,40,72,25,4,2,8,2,4
"PNMA6A",2,21,27,43,13,4,6,5,2,8
"PNMA6F",0,3,3,6,6,1,0,0,0,3
"ZNF275",2,19,14,30,18,8,4,10,2,7
"ZFP92",1,2,0,3,2,1,1,1,0,1
"TREX2",0,0,1,0,0,2,0,0,0,0
"HAUS7",1,1,0,4,3,0,0,1,0,0
"BGN",0,9,17,30,35,14,6,8,4,13
"ATP2B3",4,11,14,23,12,0,3,4,1,5
"CCNQ",6,14,15,26,14,7,9,10,6,7
"DUSP9",1,3,3,3,7,2,6,7,2,11
"PNCK",5,42,42,64,56,7,13,25,12,50
"SLC6A8",16,78,81,157,86,37,44,56,39,56
"BCAP31",12,78,70,119,59,37,21,47,9,28
"ABCD1",3,4,8,6,10,5,1,5,2,8
"U52111.1",2,4,4,7,6,5,2,1,1,2
"PLXNB3",1,4,5,0,0,0,0,0,1,1
"SRPK3",6,6,13,14,19,15,8,13,22,13
"IDH3G",9,25,26,48,29,18,13,13,8,9
"SSR4",20,52,61,43,37,33,24,42,9,29
"PDZD4",15,32,41,82,41,24,13,41,32,12
"L1CAM",3,7,18,15,9,0,3,2,0,5
"U52112.2",0,1,0,1,0,0,0,0,0,0
"ARHGAP4",1,6,2,2,3,2,1,1,0,1
"NAA10",0,0,0,0,0,0,0,0,0,0
"RENBP",3,12,50,38,59,11,6,19,1,35
"HCFC1",5,28,18,55,29,19,14,25,13,15
"HCFC1-AS1",0,1,0,1,1,0,0,0,0,1
"TMEM187",1,6,13,18,16,10,3,9,2,12
"IRAK1",5,9,17,27,22,9,4,24,7,11
"MECP2",13,123,112,165,145,37,37,68,20,74
"TEX28",0,1,0,0,0,0,0,0,0,0
"TKTL1",0,0,0,3,1,1,0,2,0,3
"FLNA",12,72,45,81,78,48,33,103,29,70
"AC245140.3",0,0,6,1,1,1,1,0,1,3
"EMD",4,36,18,42,17,10,7,9,3,8
"RPL10",117,399,282,124,395,152,129,185,73,90
"AC245140.2",1,3,2,4,2,0,1,1,0,3
"DNASE1L1",4,14,3,7,8,1,5,5,2,5
"TAZ",30,99,115,131,110,42,49,86,20,119
"AC244090.1",3,16,14,19,19,7,6,7,0,21
"ATP6AP1",30,128,100,200,96,35,26,53,21,43
"GDI1",48,184,177,239,209,98,62,122,54,90
"FAM50A",25,64,56,120,52,27,18,41,18,15
"PLXNA3",3,19,22,58,46,40,15,42,24,21
"LAGE3",13,37,40,40,21,11,14,13,1,15
"UBL4A",4,22,22,31,22,12,11,11,4,15
"SLC10A3",0,3,4,6,5,0,2,2,1,2
"FAM3A",11,24,30,50,35,20,14,34,20,23
"G6PD",8,10,18,23,23,6,5,22,11,9
"IKBKG",5,21,17,28,10,8,3,14,2,12
"CTAG2",0,0,0,5,0,0,0,4,0,1
"GAB3",0,1,4,3,3,1,0,1,0,2
"DKC1",7,21,15,18,28,9,8,13,2,23
"MPP1",8,26,33,29,23,5,5,14,7,9
"SMIM9",0,1,0,0,1,0,0,0,0,0
"F8",15,26,27,25,45,9,5,7,10,39
"F8A1",1,5,5,9,3,0,2,0,2,5
"FUNDC2",10,34,28,35,23,13,10,18,2,19
"MTCP1",3,57,42,35,40,7,22,14,1,42
"BRCC3",11,50,33,46,66,17,22,31,10,66
"VBP1",4,40,18,29,29,16,15,22,9,19
"RAB39B",3,9,11,18,14,4,4,10,4,9
"CLIC2",2,1,9,12,7,5,5,4,1,4
"AC234781.1",0,1,0,0,0,0,0,0,0,1
"F8A3",0,0,2,0,3,0,0,0,0,0
"TMLHE-AS1",4,24,23,40,54,4,6,10,10,17
"TMLHE",15,74,44,79,83,64,32,56,38,81
"SPRY3",1,6,8,15,19,5,2,6,0,3
"VAMP7",2,32,23,43,28,18,9,9,8,29
"IL9R",0,0,0,0,0,0,0,0,0,0
"WASIR1",0,0,1,0,0,0,0,0,0,0
"ZNF596",5,15,15,20,30,14,7,16,4,25
"AC004908.1",0,0,0,0,0,0,0,0,0,0
"AC136777.1",0,1,3,4,2,1,2,2,0,3
"FAM87A",0,0,0,0,0,0,0,0,0,0
"FBXO25",15,48,49,59,71,22,17,29,14,47
"AC083964.1",1,0,0,1,1,0,0,0,0,0
"TDRP",11,35,59,94,70,23,33,36,22,48
"ERICH1",5,39,35,59,63,16,25,37,12,43
"DLGAP2",31,151,288,334,347,26,17,44,14,75
"AF067845.1",0,0,0,0,0,0,0,0,0,0
"DLGAP2-AS1",0,0,3,0,1,0,0,0,0,0
"CLN8",0,1,0,0,0,0,0,0,0,0
"AC100810.3",0,1,0,0,0,0,0,1,0,0
"AC100810.1",5,17,12,25,11,3,7,11,2,10
"AC019257.8",0,9,10,15,12,3,1,4,2,8
"ARHGEF10",0,2,1,2,1,8,2,3,5,0
"KBTBD11-OT1",0,1,5,3,2,0,1,1,0,2
"AC019257.1",0,1,2,4,2,1,0,2,0,1
"KBTBD11",14,75,52,83,69,26,37,42,10,52
"AC245164.1",0,1,0,0,0,0,0,0,0,0
"MYOM2",15,36,26,69,54,19,17,23,8,53
"AC245519.1",1,6,1,2,8,1,2,5,0,7
"AC245187.2",3,14,2,8,8,1,11,9,2,10
"AC245187.1",1,1,4,0,4,0,5,2,1,7
"AC245123.1",4,13,5,5,5,1,13,4,1,16
"AC246817.2",7,13,9,20,34,4,2,24,6,10
"AC246817.1",9,20,28,29,88,8,3,29,11,21
"CSMD1",113,809,1259,1660,1716,132,127,208,81,328
"AC009435.1",1,7,3,9,7,1,0,2,0,6
"AC016065.1",2,1,5,3,1,2,0,8,4,7
"MCPH1",24,114,203,306,293,67,48,104,40,225
"ANGPT2",11,32,76,63,53,16,22,18,11,54
"AF287957.1",0,1,1,0,3,0,2,0,0,1
"MCPH1-AS1",9,55,87,136,121,24,36,59,21,80
"AGPAT5",13,82,75,139,137,41,57,57,24,65
"XKR5",0,1,0,0,2,0,2,0,0,0
"AF233439.1",0,1,0,0,1,0,2,0,0,0
"DEFB1",0,0,0,0,0,0,0,0,0,0
"DEFA5",0,0,0,0,0,0,0,0,0,0
"FAM66B",9,22,10,28,24,6,10,16,7,26
"ZNF705G",0,2,0,1,0,0,0,0,0,0
"FAM66E",0,1,4,0,2,0,0,0,0,4
"FAM85B",19,122,125,122,152,21,35,39,11,172
"PRAG1",9,51,33,47,64,9,10,20,5,34
"AC103957.1",0,0,0,0,0,0,0,0,0,0
"AC114550.3",0,0,2,0,0,0,0,0,0,1
"AC114550.1",0,0,0,0,0,0,0,0,0,0
"CLDN23",0,1,0,0,0,0,3,1,0,0
"AC087269.1",0,9,2,4,2,1,0,0,0,2
"MFHAS1",42,967,184,613,385,67,152,125,56,253
"ERI1",7,49,28,71,70,19,28,28,12,46
"PPP1R3B",0,0,0,2,3,0,2,4,0,0
"AC022784.7",0,2,0,2,0,1,0,0,0,1
"AC022784.3",0,1,0,2,0,0,0,1,0,1
"AC022784.1",0,0,2,0,1,1,0,0,0,0
"AC022784.6",1,2,1,3,5,3,0,2,0,3
"AC022784.4",0,0,0,0,0,0,0,0,0,0
"AC021736.1",0,1,0,1,1,0,0,1,0,0
"AC021242.2",0,0,4,6,5,0,3,5,2,1
"AC021242.3",0,0,1,0,1,0,0,0,0,0
"TNKS",62,395,319,585,439,111,145,225,95,320
"LINC00599",11,36,58,100,44,9,6,16,2,17
"AC034111.1",0,2,0,3,5,2,1,1,2,6
"MSRA",80,409,363,915,598,69,77,204,55,328
"AC104964.1",2,15,10,19,12,2,2,4,1,17
"AC104964.2",0,0,0,0,0,0,0,0,0,0
"PRSS51",3,9,8,5,8,1,1,0,0,7
"AC104964.4",3,6,7,20,7,2,3,6,1,6
"PRSS55",0,1,3,7,2,1,0,0,0,0
"RP1L1",0,0,1,2,0,0,0,0,0,1
"C8orf74",0,0,0,1,1,0,0,0,0,1
"SOX7",0,3,3,3,4,0,0,4,0,0
"PINX1",4,4,2,11,12,3,1,4,0,1
"AC105001.1",0,1,5,2,1,0,0,0,0,1
"PINX1-1",0,0,1,0,0,0,0,0,0,0
"AC011008.1",0,0,0,2,1,0,1,2,0,0
"XKR6",50,178,209,291,219,70,81,93,24,175
"AF131215.7",0,0,0,0,0,0,0,0,0,0
"LINC00529",1,9,5,1,0,0,0,0,0,1
"AF131216.4",1,0,0,0,1,0,0,0,0,0
"MTMR9",14,97,76,143,128,31,27,64,17,92
"AF131216.1",1,0,1,3,0,0,1,0,1,0
"SLC35G5",0,0,2,3,1,0,0,2,1,1
"AF131216.3",0,0,0,0,1,0,1,0,1,0
"FAM167A-AS1",7,90,63,99,65,10,11,17,6,55
"FAM167A",11,68,28,60,26,7,16,17,17,43
"BLK",0,0,3,0,11,0,0,0,0,1
"AC022239.1",0,0,0,1,0,0,0,0,0,0
"GATA4",0,0,0,1,0,0,0,0,0,0
"NEIL2",2,21,14,24,19,6,2,13,4,12
"FDFT1",38,198,166,274,194,99,78,102,62,140
"AC069185.1",0,10,7,4,4,0,2,1,1,9
"CTSB",16,74,71,132,77,45,31,50,24,46
"DEFB135",0,0,0,0,0,0,0,0,0,1
"DEFB134",0,0,0,0,0,0,0,0,0,0
"FAM66D",38,140,131,142,155,46,83,80,42,170
"FAM86B1",0,1,2,4,4,0,0,1,1,2
"AC145124.1",2,4,6,2,12,2,1,2,1,13
"FAM66A",4,21,19,13,34,2,1,8,1,11
"FAM86B2",0,0,0,0,0,0,0,0,0,0
"AC130352.1",0,0,1,0,0,0,0,0,0,1
"LONRF1",9,91,49,109,95,28,27,38,19,66
"AC123777.1",0,0,1,0,1,0,0,0,0,1
"LINC00681",0,0,1,0,1,1,0,0,0,0
"TRMT9B",10,110,49,69,109,9,12,19,6,46
"DLC1",224,2051,2163,3773,3372,867,730,1480,370,2795
"AC019270.1",4,17,9,30,35,10,6,17,5,20
"C8orf48",1,1,3,1,1,0,0,0,0,3
"SGCZ",31,125,172,386,192,23,15,58,18,74
"AC022039.1",0,4,2,7,4,2,5,5,0,6
"TUSC3",10,28,54,82,75,11,15,4,11,33
"AC018437.2",0,0,0,0,0,0,0,1,0,1
"MSR1",2,4,21,17,15,6,1,3,2,9
"AC011586.1",1,0,0,3,2,0,0,1,1,1
"AC068992.1",4,1,0,3,4,3,2,2,0,2
"FGF20",0,1,1,3,0,0,0,0,0,0
"MICU3",21,135,86,174,160,42,42,63,31,92
"AC079193.2",1,3,8,12,13,1,1,4,1,12
"ZDHHC2",13,110,71,111,138,50,66,88,18,106
"CNOT7",17,117,107,155,151,53,49,71,22,109
"VPS37A",5,47,39,50,63,14,23,37,16,46
"MTMR7",13,51,32,51,63,13,1,9,8,26
"SLC7A2",18,214,132,546,329,82,84,161,47,245
"PDGFRL",1,10,12,11,14,5,2,1,2,7
"MTUS1",71,319,291,693,475,111,123,171,62,350
"AC124069.1",0,2,2,1,2,0,1,0,0,0
"AC027117.2",45,319,318,636,500,79,110,87,119,619
"FGL1",3,35,50,61,64,15,39,39,27,91
"AC087273.2",0,2,6,9,4,1,0,0,1,5
"PCM1",73,481,309,608,583,177,210,350,119,491
"ASAH1",17,67,104,73,114,29,33,47,17,62
"AC124242.1",0,1,2,3,8,0,2,1,1,3
"NAT1",1,1,2,2,0,0,0,1,0,0
"NAT2",0,0,0,0,0,0,0,1,1,0
"PSD3",251,1515,1102,2190,2321,505,584,776,335,1761
"AC100800.1",7,46,41,50,33,8,8,11,2,125
"AC009884.1",0,1,3,1,3,0,0,0,0,2
"AC100849.1",0,6,4,11,5,5,1,4,1,5
"SH2D4A",3,20,18,19,28,8,6,12,1,27
"CSGALNACT1",162,1092,648,932,936,245,354,349,145,946
"AC090541.1",0,6,7,1,5,0,0,0,0,2
"INTS10",33,314,184,380,222,49,58,98,32,195
"LPL",0,1,6,2,2,0,1,2,0,3
"AC100802.1",0,1,2,1,2,1,0,0,0,0
"SLC18A1",0,0,0,0,0,0,0,0,0,0
"ATP6V1B2",11,87,76,145,82,19,15,30,11,36
"LZTS1",1,9,14,15,11,0,1,7,3,1
"LZTS1-AS1",1,0,4,1,2,1,0,0,0,2
"AC023403.1",1,0,0,1,0,0,0,0,0,0
"AC018541.1",0,1,1,0,0,0,1,0,1,0
"AC015468.4",0,0,1,0,0,1,0,0,0,0
"AC015468.3",2,0,3,3,3,0,0,1,0,0
"LINC02153",1,3,10,2,0,0,0,2,0,4
"AC103719.1",0,0,0,0,0,0,0,0,0,0
"GFRA2",6,10,19,15,24,3,3,5,1,5
"DOK2",1,2,1,0,1,0,0,0,0,0
"XPO7",21,74,67,134,114,24,41,55,15,81
"NPM2",1,9,15,17,15,3,1,1,2,4
"FGF17",0,4,4,22,20,7,5,11,4,2
"DMTN",8,45,51,103,39,19,9,16,11,20
"FAM160B2",15,28,50,62,31,16,17,37,18,20
"NUDT18",1,4,2,5,6,2,0,2,1,1
"HR",5,11,9,9,5,2,0,2,5,1
"REEP4",1,3,6,5,9,5,3,5,3,7
"LGI3",25,35,61,84,39,13,8,7,9,16
"SFTPC",4,10,7,10,10,0,3,4,2,2
"BMP1",10,15,28,35,35,10,9,21,8,20
"PHYHIP",16,104,130,203,98,39,14,40,18,16
"POLR3D",1,9,10,8,14,1,3,7,1,9
"AC105206.2",2,27,10,20,13,2,2,4,0,18
"PIWIL2",3,6,6,11,11,1,4,5,2,6
"SLC39A14",4,60,26,75,39,9,32,33,9,31
"PPP3CC",30,341,263,234,272,70,80,109,40,323
"AC037459.2",0,60,34,42,53,13,15,30,7,96
"SORBS3",16,61,51,69,82,37,31,58,25,55
"PDLIM2",0,1,0,1,0,0,0,1,0,0
"C8orf58",0,2,4,7,3,9,5,11,1,2
"CCAR2",6,16,12,17,14,11,5,10,8,11
"AC037459.3",0,3,2,0,1,0,3,0,2,1
"BIN3",7,30,30,46,49,12,17,25,3,33
"EGR3",4,4,3,9,5,0,1,0,0,2
"PEBP4",14,40,20,99,26,5,8,11,9,22
"AC037441.1",0,0,1,0,1,0,1,1,0,0
"AC107959.1",0,5,2,6,2,1,2,0,1,4
"RHOBTB2",10,43,47,95,58,10,9,15,3,26
"TNFRSF10B",3,22,11,32,34,6,9,21,5,18
"AC107959.2",0,0,0,1,0,0,0,0,0,0
"AC107959.3",0,0,0,0,0,0,0,0,0,0
"TNFRSF10D",0,3,1,3,2,0,1,3,0,1
"TNFRSF10A",0,1,3,3,5,2,5,0,1,0
"AC100861.2",0,1,0,0,0,0,0,0,0,1
"CHMP7",6,16,19,30,19,10,4,13,7,24
"R3HCC1",4,9,16,18,12,10,4,10,5,13
"LOXL2",1,27,14,30,24,3,11,15,5,19
"ENTPD4",6,45,48,50,45,4,18,17,10,46
"AC104561.1",0,2,0,1,2,0,0,1,2,0
"SLC25A37",27,152,100,108,171,64,79,115,48,242
"NKX3-1",0,1,0,1,1,1,1,0,0,0
"AC012574.1",0,0,0,0,2,1,1,0,0,1
"AC012574.2",0,2,1,0,0,0,0,0,0,0
"STC1",0,0,0,0,0,0,0,1,0,0
"AC023202.1",0,0,1,1,2,0,0,0,0,0
"ADAM28",0,3,3,15,12,2,1,3,0,1
"AC120193.1",4,24,62,80,77,5,5,11,9,15
"ADAM7",0,0,2,1,0,0,2,2,0,1
"AF106564.1",0,3,3,2,2,2,1,2,2,0
"NEFM",15,34,83,53,49,2,2,5,1,5
"NEFL",30,75,108,94,69,7,10,16,4,9
"AC107373.2",1,3,1,3,2,0,0,1,0,0
"AC107373.1",0,0,0,2,1,0,0,1,1,1
"DOCK5",82,319,273,669,460,127,106,115,86,382
"GNRH1",2,6,5,12,14,6,4,6,1,4
"KCTD9",4,47,31,61,43,17,19,23,6,30
"CDCA2",0,1,1,1,0,0,1,0,0,1
"AC090103.1",0,0,0,0,0,0,0,0,0,0
"EBF2",0,0,3,1,3,2,1,0,0,2
"PPP2R2A",38,163,135,263,193,43,44,67,36,113
"BNIP3L",28,142,154,343,208,57,50,71,24,152
"PNMA2",12,69,86,87,76,26,23,23,9,41
"DPYSL2",133,1245,684,1549,984,413,319,477,236,521
"ADRA1A",31,159,188,260,211,114,66,195,76,178
"AC090150.1",0,0,0,0,0,0,0,0,0,1
"STMN4",44,185,240,223,91,9,13,22,13,52
"TRIM35",1,24,12,24,18,5,2,13,3,17
"PTK2B",13,51,91,98,98,16,17,16,11,37
"CHRNA2",1,0,0,2,0,0,0,0,2,0
"EPHX2",1,33,41,35,41,16,4,19,7,56
"CLU",661,5589,5529,5479,4580,4238,1925,4319,1258,1963
"SCARA3",30,249,101,232,129,36,61,73,31,89
"CCDC25",13,42,32,51,49,7,12,21,7,23
"AC013643.2",10,53,60,84,45,11,16,31,9,43
"ESCO2",1,1,0,2,2,1,0,1,0,1
"PBK",0,0,1,1,1,0,0,1,0,0
"SCARA5",0,1,1,0,3,0,0,3,0,2
"NUGGC",0,0,1,1,4,0,1,1,1,2
"ELP3",5,91,72,119,92,16,33,44,21,63
"AC021678.2",1,3,2,2,6,1,0,1,3,2
"PNOC",0,4,0,4,4,0,0,0,0,0
"ZNF395",3,29,18,55,24,36,17,25,13,16
"FBXO16",11,37,47,47,64,10,15,26,6,32
"AC025871.1",1,3,0,2,3,1,1,1,1,3
"FZD3",34,142,121,384,264,80,75,104,58,143
"EXTL3",10,46,59,116,51,19,18,40,17,48
"EXTL3-AS1",1,2,1,8,3,3,1,1,1,3
"INTS9",14,97,58,105,93,26,25,42,18,73
"INTS9-AS1",0,2,0,0,0,0,1,0,0,0
"HMBOX1",31,333,256,543,394,70,153,137,70,299
"KIF13B",27,109,107,206,162,32,35,43,29,85
"AC108449.1",1,16,10,15,13,0,2,7,0,6
"DUSP4",0,0,1,1,1,0,1,0,0,0
"AC084026.1",0,0,0,0,1,0,1,0,0,1
"LINC00589",1,3,1,3,1,0,0,4,0,1
"LINC02099",0,1,1,0,3,0,0,1,1,0
"AC131254.1",0,0,0,0,0,0,0,0,0,0
"LINC02209",0,0,0,0,0,0,0,1,1,0
"SARAF",75,353,279,341,365,232,160,237,88,262
"AC044849.1",1,4,1,1,0,1,0,0,0,1
"LEPROTL1",10,43,38,45,48,22,20,32,7,41
"MBOAT4",0,0,1,0,0,0,0,1,1,1
"AC026979.2",10,46,57,69,41,29,18,48,6,27
"DCTN6",10,40,21,35,43,18,15,24,10,21
"AC026979.1",0,0,0,0,0,0,0,0,0,1
"AC026979.3",0,2,0,3,0,0,0,1,0,0
"RBPMS-AS1",0,1,1,0,0,0,0,0,0,1
"RBPMS",8,125,56,75,74,26,44,45,19,77
"GTF2E2",7,46,30,47,51,14,18,22,7,48
"SMIM18",0,10,1,6,3,1,0,0,1,0
"GSR",9,21,27,52,28,5,6,18,5,29
"UBXN8",3,19,30,23,17,10,4,15,5,23
"PPP2CB",18,183,129,177,177,57,43,98,41,143
"TEX15",7,30,24,43,35,12,13,59,14,44
"PURG",13,107,116,347,185,47,62,112,40,107
"WRN",31,237,142,299,236,61,80,148,33,203
"AC009563.1",0,0,1,1,0,0,0,0,0,0
"AC068672.2",0,0,0,0,0,1,1,0,0,0
"NRG1",19,174,324,286,289,20,8,23,21,57
"AC090204.1",3,16,13,16,28,8,14,18,4,20
"AC067838.1",1,10,6,10,6,6,4,6,1,10
"FUT10",29,79,87,138,134,17,47,52,21,136
"TTI2",7,31,31,41,36,9,16,19,2,28
"MAK16",3,8,10,11,12,5,8,9,1,3
"RNF122",0,7,4,12,8,2,0,6,2,2
"DUSP26",8,19,20,29,18,7,3,11,3,10
"AF279873.3",73,227,252,448,589,119,171,184,81,266
"AF279873.4",2,16,15,9,20,1,2,7,1,17
"AC087855.2",1,7,6,6,12,3,0,4,2,11
"AC090993.1",13,44,35,79,92,14,18,17,10,40
"AC087855.1",4,32,30,36,39,11,11,15,3,19
"LINC01288",0,0,0,0,0,0,0,0,0,0
"UNC5D",49,238,320,379,332,37,32,76,29,195
"AC100818.1",3,1,2,3,3,0,0,0,0,1
"AC124290.1",0,0,0,1,2,0,0,0,0,1
"AC090809.1",0,3,0,2,1,1,1,3,0,1
"KCNU1",1,1,3,1,0,1,0,1,0,3
"LINC01605",0,4,3,2,4,3,2,4,2,3
"AC137579.2",0,1,0,0,1,0,0,1,0,0
"AC137579.1",0,2,2,2,1,1,0,1,0,0
"ZNF703",5,39,28,76,31,21,20,37,16,17
"AC138356.3",1,1,0,0,1,1,0,0,1,1
"AC138356.1",0,0,0,0,1,0,0,0,0,0
"ERLIN2",13,48,36,86,51,23,24,52,15,49
"PLPBP",10,42,31,41,35,14,23,37,6,36
"ADGRA2",0,3,1,6,4,0,0,2,1,2
"BRF2",0,6,9,4,6,2,3,11,0,2
"RAB11FIP1",0,4,4,8,8,1,2,3,0,1
"GOT1L1",0,0,1,0,0,0,0,0,0,0
"ADRB3",0,0,0,0,0,0,0,1,0,0
"EIF4EBP1",1,4,5,5,12,3,2,21,1,4
"AP006545.2",0,2,0,0,2,0,0,0,0,1
"ASH2L",10,70,53,73,53,9,15,30,8,48
"STAR",0,3,5,0,1,0,0,0,0,0
"AC084024.3",1,1,0,1,1,1,0,1,0,0
"LSM1",6,36,19,29,20,15,13,31,10,14
"BAG4",10,34,41,60,53,20,15,29,11,33
"DDHD2",10,88,71,81,74,17,23,42,10,54
"PLPP5",7,40,38,55,64,32,46,32,14,97
"NSD3",54,306,258,459,453,102,139,158,72,261
"AC087362.2",0,0,0,1,3,0,0,0,0,1
"AC087362.1",0,1,1,0,0,0,0,0,0,1
"AC087623.3",1,1,4,1,0,0,3,2,0,5
"LETM2",1,15,8,7,6,2,0,2,2,5
"AC087623.1",0,2,0,1,0,1,0,0,0,0
"AC087623.4",0,0,1,5,7,6,3,5,1,0
"FGFR1",27,109,120,229,204,52,60,114,29,141
"AC087623.2",2,12,28,13,27,8,10,21,3,63
"C8orf86",0,1,2,4,0,1,0,1,0,1
"AC069120.1",1,10,9,16,9,2,1,7,3,5
"TACC1",38,242,148,295,261,64,75,126,50,162
"AC067817.2",1,1,3,2,1,0,0,0,0,0
"PLEKHA2",7,33,31,73,66,17,9,14,11,45
"AC108863.1",1,0,2,3,0,0,0,0,0,1
"HTRA4",0,3,2,0,0,1,0,0,0,0
"TM2D2",5,26,20,27,27,11,14,19,3,13
"ADAM9",5,39,31,72,66,7,17,20,6,33
"ADAM32",1,14,32,69,44,10,9,19,1,35
"ADAM18",1,5,2,2,1,1,1,1,0,1
"ADAM2",0,0,1,0,0,0,0,0,0,0
"IDO1",1,9,3,1,5,3,2,6,4,7
"AC007991.3",0,3,2,4,3,2,2,2,0,3
"IDO2",0,0,0,2,2,0,0,0,0,2
"TCIM",0,4,2,0,1,2,2,0,1,0
"AC105999.2",1,2,0,0,0,1,0,0,1,1
"AC105999.1",0,1,0,3,1,0,2,5,1,0
"AC010857.1",0,1,2,2,0,0,0,0,0,0
"ZMAT4",7,60,70,111,86,7,1,8,3,14
"SFRP1",3,20,11,19,11,4,12,3,2,2
"GOLGA7",9,60,42,95,78,37,22,51,21,50
"GINS4",0,5,0,4,4,0,0,0,1,3
"AC009630.1",1,8,14,22,13,3,0,7,4,4
"GPAT4",15,39,33,72,37,6,8,21,11,27
"AC009630.3",0,0,0,1,0,0,0,0,0,0
"NKX6-3",0,0,0,1,0,0,0,0,0,0
"ANK1",4,15,16,27,15,1,4,6,1,4
"AC113133.1",0,0,0,0,1,0,0,0,0,0
"KAT6A",30,199,167,324,295,66,74,112,38,178
"AC103724.4",0,0,0,0,0,0,1,1,0,1
"AP3M2",3,37,42,53,48,17,12,29,8,31
"PLAT",0,2,6,5,1,1,1,3,0,6
"AC083973.1",0,1,2,2,2,0,1,0,0,2
"IKBKB",15,45,48,86,68,24,21,34,18,60
"POLB",2,20,19,23,34,10,11,14,5,29
"VDAC3",37,194,169,146,120,38,42,70,17,194
"SLC20A2",49,396,190,529,311,68,79,159,40,219
"SMIM19",13,29,29,18,21,12,5,11,4,33
"CHRNB3",0,4,2,4,4,2,1,1,0,5
"AC103843.1",0,0,2,0,2,0,0,0,0,2
"CHRNA6",0,3,4,5,8,2,4,0,1,0
"THAP1",1,5,4,6,12,4,5,4,2,7
"RNF170",26,95,98,128,142,25,33,49,23,108
"HOOK3",39,184,118,216,231,40,69,106,33,201
"AC110275.1",0,0,0,0,0,1,0,0,0,0
"FNTA",7,56,38,38,63,37,24,34,9,28
"POMK",0,11,5,6,10,2,1,3,2,8
"HGSNAT",26,104,95,87,94,34,29,52,21,105
"LINC00293",0,0,0,0,0,1,0,0,0,0
"AC120036.4",0,3,3,7,3,4,2,0,1,3
"SPIDR",78,213,290,458,459,113,117,188,69,321
"CEBPD",10,103,15,35,31,36,84,101,14,52
"PRKDC",14,111,107,193,183,37,40,84,33,110
"MCM4",4,6,9,5,5,1,4,5,2,5
"UBE2V2",25,67,56,81,57,25,26,40,9,47
"AC022915.2",1,6,4,6,4,1,1,5,3,6
"AC026904.4",0,0,0,0,0,0,0,0,0,0
"EFCAB1",0,1,0,3,2,0,1,1,0,0
"SNAI2",0,0,0,2,0,1,0,1,1,0
"PPDPFL",1,0,0,0,0,0,0,0,0,0
"AC022568.1",0,0,0,0,0,1,0,1,0,0
"AC090155.2",0,0,0,0,0,0,0,0,0,0
"AC023762.1",0,0,0,0,0,1,0,0,0,0
"SNTG1",34,232,385,617,653,77,52,115,42,137
"AC012413.1",0,0,0,0,0,0,0,0,0,0
"PXDNL",4,26,19,44,32,9,14,22,7,21
"AC090186.1",0,0,0,1,0,1,0,0,0,0
"PCMTD1",33,172,158,236,227,77,94,94,49,190
"AC064807.1",5,21,15,24,30,6,5,4,1,17
"AC064807.4",1,1,0,0,0,0,0,2,0,2
"AC064807.2",0,1,5,4,4,1,0,0,0,1
"AC064807.3",0,1,0,0,0,0,0,0,0,0
"ST18",223,445,582,883,816,127,149,121,115,381
"AC021915.2",0,1,1,1,1,0,0,0,0,0
"AC021915.1",0,0,2,0,0,0,0,0,0,0
"AC103831.1",0,1,0,0,2,0,0,0,0,0
"ALKAL1",0,2,0,0,0,0,0,0,0,1
"RB1CC1",34,189,145,241,232,78,96,136,71,134
"AC009646.2",0,2,1,0,2,1,0,0,0,0
"OPRK1",0,2,2,5,8,1,0,4,0,0
"AC022034.2",0,1,0,1,0,1,0,0,1,0
"ATP6V1H",34,223,150,300,231,69,93,136,42,173
"RGS20",96,621,243,382,579,159,296,278,99,423
"TCEA1",9,56,33,77,56,24,14,43,11,57
"AC100821.2",0,1,2,2,0,0,0,0,0,1
"LYPLA1",7,37,34,64,58,15,16,26,11,50
"MRPL15",8,47,15,19,17,10,8,14,3,26
"SOX17",0,0,0,0,0,0,0,0,0,0
"RP1",0,5,1,5,6,0,0,3,1,9
"XKR4",20,77,106,178,122,12,12,12,15,22
"AC022679.2",0,1,0,0,1,0,0,0,0,0
"TMEM68",14,27,27,34,48,7,15,22,5,51
"TGS1",6,52,54,50,66,14,19,27,11,49
"LYN",10,64,41,92,113,11,15,43,12,53
"RPS20",44,143,166,201,207,54,57,82,14,66
"PLAG1",7,16,14,12,12,5,7,10,1,11
"CHCHD7",5,13,14,15,13,3,8,8,3,17
"AC107952.2",0,3,4,6,5,0,1,4,0,4
"SDR16C5",0,1,0,2,7,0,1,1,0,1
"PENK",2,0,1,3,0,0,0,0,0,0
"AC012349.1",0,0,1,0,1,0,0,0,0,2
"LINC00968",0,0,2,3,1,0,1,0,0,1
"IMPAD1",7,36,38,72,37,11,10,16,4,17
"LINC01606",1,2,0,3,0,1,0,1,0,1
"LINC00588",0,0,0,0,0,0,0,0,0,1
"AC090796.1",0,0,1,1,0,1,0,0,0,0
"AC104051.1",0,0,1,0,1,0,1,2,1,3
"AC104051.2",0,0,0,1,0,0,0,0,0,0
"FAM110B",22,78,72,108,109,27,20,52,16,78
"AC027698.1",1,15,8,7,6,2,3,3,0,17
"UBXN2B",8,75,47,61,48,27,15,24,17,51
"CYP7A1",0,0,0,0,0,0,0,0,0,0
"SDCBP",8,41,43,58,63,31,23,50,20,36
"NSMAF",23,135,118,205,217,42,55,97,40,177
"TOX",100,443,416,765,789,206,290,384,172,654
"AC090152.1",1,8,4,9,3,5,7,11,4,9
"AC087664.1",0,0,0,0,1,0,0,0,0,0
"AC087664.2",0,0,0,0,0,0,0,0,0,0
"CA8",30,93,124,169,175,63,76,140,31,256
"LINC01301",7,25,74,84,135,25,16,27,8,114
"RAB2A",43,213,189,283,260,62,72,92,38,160
"AC068389.4",0,0,1,2,1,0,0,0,0,5
"AC068389.3",1,0,0,1,1,0,0,0,0,0
"CHD7",29,139,100,236,261,55,63,88,28,145
"AC022182.1",5,3,2,2,4,1,1,3,3,3
"AC022182.2",0,0,0,0,1,2,0,0,1,0
"CLVS1",3,22,40,49,62,5,10,9,2,18
"AC023866.2",1,2,2,1,3,0,0,1,0,1
"ASPH",125,1182,531,1206,1047,349,523,568,231,1103
"AC025524.2",0,1,3,0,1,0,1,1,0,0
"AC025524.1",0,0,1,0,0,0,0,0,0,0
"NKAIN3",411,1203,1112,2184,2010,565,644,1420,368,1477
"AC120042.1",0,2,0,0,0,0,0,0,0,0
"GGH",1,16,24,19,19,14,11,15,1,10
"AC120042.2",0,2,1,0,0,0,1,0,0,2
"TTPA",10,45,37,40,58,18,27,30,16,80
"YTHDF3-AS1",3,7,4,2,2,1,1,1,0,5
"YTHDF3",16,82,55,114,95,28,31,38,25,64
"AC011978.2",0,1,2,2,1,1,1,0,0,1
"AC011124.1",0,0,1,0,2,0,0,0,0,0
"AC011124.2",0,0,1,0,0,0,0,0,0,0
"AC022639.1",7,126,72,116,85,11,34,55,20,83
"AC069133.1",2,4,7,5,10,1,0,0,0,4
"LINC01289",0,1,2,1,2,0,1,1,0,1
"MIR124-2HG",6,35,39,78,58,13,15,22,6,34
"AC090136.3",0,0,0,0,0,0,0,0,0,0
"BHLHE22",0,1,1,1,1,0,0,0,0,0
"CYP7B1",38,199,86,140,225,65,66,126,61,191
"LINC00251",0,0,0,0,0,0,0,0,0,0
"LINC01299",4,6,7,4,11,2,2,1,1,4
"AC100814.1",1,4,7,9,4,2,2,7,2,5
"ARMC1",13,55,38,120,92,30,22,34,20,30
"MTFR1",13,31,37,71,78,22,18,38,8,61
"AC055822.1",0,1,2,3,2,0,1,1,1,1
"PDE7A",16,108,117,182,183,38,36,62,15,106
"AC100812.1",0,0,0,0,0,0,0,0,0,0
"DNAJC5B",0,2,1,3,0,0,0,0,0,2
"AC084082.1",0,0,0,0,0,1,1,2,2,0
"TRIM55",0,0,0,0,0,0,0,0,0,0
"CRH",6,5,0,3,0,1,0,0,0,0
"LINC00967",0,0,0,1,1,0,0,0,0,0
"RRS1-AS1",0,7,5,9,8,2,0,2,1,11
"RRS1",0,0,1,0,0,0,0,3,0,1
"ADHFE1",27,146,88,78,96,18,55,34,25,180
"VXN",18,83,76,151,113,35,22,27,25,85
"MYBL1",0,10,7,24,4,6,6,9,10,5
"VCPIP1",7,41,22,61,57,20,27,22,13,22
"SGK3",110,341,319,593,542,117,155,172,70,612
"MCMDC2",6,27,52,46,41,17,17,39,6,45
"TCF24",3,2,7,3,7,3,1,1,0,4
"PPP1R42",10,24,30,57,68,26,28,44,23,47
"COPS5",0,11,2,5,13,3,1,5,1,9
"CSPP1",31,158,181,359,312,86,98,156,57,205
"ARFGEF1",44,221,165,326,316,82,98,106,54,211
"AC021321.1",1,1,0,2,0,2,0,0,0,1
"CPA6",1,5,11,10,9,2,0,2,3,6
"AC022874.1",0,0,1,0,0,1,0,1,0,0
"PREX2",193,1182,597,1350,1207,338,470,548,239,1036
"AC011853.2",0,1,1,0,1,0,0,1,0,0
"C8orf34-AS1",1,0,2,2,0,0,0,0,1,0
"C8orf34",10,58,49,56,55,17,10,28,8,40
"LINC01592",1,3,2,3,2,0,0,1,0,0
"LINC01603",0,0,0,0,0,0,0,0,0,2
"SULF1",1,79,7,29,23,4,15,3,2,3
"SLCO5A1",1,2,8,6,5,3,1,2,0,7
"AC079089.1",0,2,3,1,1,1,2,2,0,2
"PRDM14",0,0,0,1,1,0,0,0,0,2
"NCOA2",79,310,310,739,630,168,245,293,98,503
"AC022730.3",0,0,0,0,0,0,0,0,0,0
"AC022730.4",2,0,2,1,0,0,1,1,0,2
"TRAM1",10,43,37,137,93,37,33,63,10,58
"LACTB2-AS1",0,4,6,10,12,3,4,3,1,5
"LACTB2",2,14,34,12,27,8,11,13,4,37
"XKR9",2,18,33,21,40,11,9,11,10,23
"AC022858.1",3,4,9,7,7,0,3,1,0,2
"EYA1",50,191,137,276,349,112,131,197,92,314
"AC009446.1",0,0,0,0,0,0,0,0,0,0
"AC104012.1",2,1,1,1,3,5,1,3,3,4
"MSC-AS1",2,15,14,32,21,1,0,4,1,10
"MSC",0,0,0,0,0,0,0,0,0,0
"TRPA1",0,1,0,0,0,0,0,0,0,0
"AC078906.1",0,0,0,0,0,0,0,0,0,0
"KCNB2",14,41,93,130,146,4,12,8,3,17
"AC090735.1",2,2,3,0,1,16,3,7,2,7
"AC022893.2",0,2,0,0,2,0,0,1,0,0
"TERF1",22,80,75,94,124,40,49,55,26,87
"AC022893.1",2,12,16,35,40,13,15,23,3,43
"SBSPON",0,0,0,2,3,0,1,1,0,1
"C8orf89",0,1,0,1,0,0,0,1,0,1
"RPL7",41,175,148,155,221,72,61,89,12,96
"RDH10",3,11,14,41,21,2,12,13,2,6
"RDH10-AS1",0,8,19,18,7,3,4,3,1,3
"STAU2-AS1",0,1,1,1,0,0,0,0,0,2
"STAU2",29,141,173,269,260,70,76,120,51,147
"AC027018.1",2,43,51,48,49,12,21,43,7,95
"AC022826.2",1,1,3,4,7,1,0,5,4,3
"ELOC",9,64,33,43,49,40,15,38,14,37
"TMEM70",5,6,12,15,25,8,5,10,4,10
"LY96",0,3,1,3,4,2,0,0,0,0
"AC087672.2",0,1,0,1,0,0,0,0,0,2
"AC087627.1",0,0,0,0,0,0,0,0,0,0
"JPH1",5,8,21,27,22,6,3,3,2,11
"GDAP1",60,187,193,351,372,71,87,127,59,261
"AC103952.1",0,0,2,1,1,0,0,0,0,0
"MIR2052HG",21,109,77,145,182,29,24,41,19,99
"AC115837.2",0,0,1,1,1,0,0,0,0,1
"AC011632.1",0,1,7,4,3,0,1,1,0,3
"PI15",4,5,1,5,5,0,2,1,1,4
"CRISPLD1",4,60,8,33,28,4,29,24,5,17
"CASC9",0,0,1,0,1,2,0,0,0,0
"HNF4G",10,30,57,70,81,19,42,28,21,77
"AC067773.1",0,2,2,2,4,1,1,2,2,1
"LINC01109",1,0,1,1,3,1,1,2,0,3
"LINC01111",0,5,4,3,3,0,6,0,1,10
"ZFHX4-AS1",10,45,33,26,40,14,20,20,2,22
"ZFHX4",88,389,287,643,639,152,194,327,125,391
"PEX2",13,80,64,143,120,50,53,78,19,88
"AC062004.1",0,2,0,0,1,1,3,0,1,3
"PKIA-AS1",1,11,4,6,15,4,3,5,2,9
"PKIA",16,232,105,246,283,108,150,115,68,189
"ZC2HC1A",26,174,103,179,220,88,132,84,58,149
"IL7",6,19,26,35,49,15,16,20,16,26
"AC083837.1",0,0,0,0,0,0,0,0,0,0
"AC138646.1",0,0,0,0,0,0,0,0,0,0
"STMN2",54,91,127,104,80,7,10,7,7,17
"HEY1",3,31,14,26,10,11,15,12,4,12
"LINC01607",0,4,6,3,2,0,1,3,2,5
"AC036214.1",4,47,28,26,48,5,18,19,18,79
"MRPS28",1,17,6,10,10,16,12,11,4,8
"AC036214.3",0,0,0,1,0,0,0,0,0,0
"TPD52",12,41,33,66,83,4,14,11,6,45
"AC009686.1",0,0,0,0,0,0,0,0,0,0
"AC034114.2",2,17,8,10,11,7,0,6,3,15
"AC009812.1",0,6,9,9,3,3,4,5,1,3
"ZBTB10",3,27,20,43,38,20,8,22,11,26
"AC009812.3",0,1,1,1,0,0,0,0,0,1
"AC009812.4",0,4,1,5,2,0,0,1,0,1
"ZNF704",33,130,135,271,245,61,69,105,55,101
"PAG1",22,82,93,149,118,27,28,45,24,61
"AC022778.1",0,0,0,0,0,0,0,0,0,0
"AC079209.2",0,0,0,2,2,0,0,0,0,0
"AC079209.1",0,1,0,0,0,0,0,0,0,0
"AC009902.3",2,1,0,4,2,1,2,1,0,5
"AC009902.2",0,0,2,3,2,0,0,0,1,1
"FABP5",8,96,33,31,38,22,30,58,9,28
"AC018616.1",0,27,6,6,7,5,3,1,0,6
"PMP2",27,184,162,233,150,60,63,103,20,150
"FABP9",0,0,0,0,0,0,0,0,0,0
"FABP4",0,1,0,0,0,0,0,0,0,0
"AC023644.1",0,2,0,1,2,0,0,0,0,0
"FABP12",0,1,0,0,0,0,0,0,0,1
"IMPA1",7,35,15,35,38,16,13,25,5,37
"SLC10A5",0,0,0,1,0,0,0,0,0,1
"ZFAND1",6,34,35,43,43,12,17,27,6,41
"CHMP4C",0,0,0,0,0,0,0,0,0,1
"AC132219.1",0,2,1,6,0,2,0,0,0,1
"SNX16",5,19,21,48,41,7,9,17,5,12
"LINC02235",0,0,2,2,3,0,2,0,0,2
"AC027701.1",0,1,1,4,2,0,0,0,0,0
"AC060765.1",0,6,4,6,6,2,1,2,1,0
"AC105031.2",3,0,2,2,1,1,1,2,1,1
"AC105031.3",0,1,0,0,1,0,0,0,0,0
"AC015522.1",0,2,1,0,2,1,0,2,0,2
"RALYL",50,294,582,816,888,76,67,106,39,200
"LRRCC1",0,11,12,22,15,6,16,14,2,15
"AC011773.4",0,1,0,1,2,0,0,1,0,4
"E2F5",3,10,12,34,24,11,13,19,4,18
"C8orf59",8,37,50,76,48,34,19,46,10,59
"CA13",6,32,16,35,26,8,11,15,2,24
"AC011773.3",0,1,0,0,1,0,2,1,0,3
"CA1",5,52,29,41,41,12,29,20,1,68
"CA3",1,28,19,24,44,5,23,23,10,20
"CA3-AS1",0,6,5,5,4,2,1,3,1,4
"CA2",17,61,49,116,132,37,41,56,35,73
"AC100801.1",3,4,4,14,4,1,1,0,1,0
"ATP6V0D2",0,1,4,5,6,2,1,2,2,3
"PSKH2",0,0,1,0,0,0,0,2,0,0
"AC023194.3",0,0,2,0,1,1,0,1,0,0
"AC084128.1",0,0,0,0,1,0,0,0,0,0
"SLC7A13",1,0,1,3,2,1,1,2,0,1
"WWP1",14,96,87,158,129,37,52,69,24,110
"RMDN1",19,97,70,126,122,39,46,53,38,114
"CPNE3",6,67,45,87,97,37,38,50,21,65
"CNGB3",0,8,7,11,17,9,1,4,1,8
"AC090572.3",0,7,0,1,2,0,0,0,1,3
"AC090572.2",0,1,1,1,1,0,0,1,0,1
"CNBD1",0,13,8,10,11,1,3,8,3,7
"AF121898.1",2,1,5,5,5,3,1,4,2,7
"DCAF4L2",0,0,0,0,0,0,0,0,0,0
"AC037450.1",0,1,0,2,2,0,0,0,0,0
"MMP16",14,94,143,197,232,25,16,24,11,77
"AC090568.2",3,36,51,97,122,11,6,28,10,43
"AC090578.1",0,0,0,0,0,0,0,0,0,0
"AF117829.1",71,172,139,247,293,72,89,90,61,335
"RIPK2",7,25,12,25,31,4,10,10,14,35
"OSGIN2",17,41,33,50,68,14,26,15,14,44
"NBN",11,58,60,75,58,24,44,29,11,43
"DECR1",25,184,91,94,162,63,89,111,32,240
"CALB1",1,5,2,8,0,0,0,0,1,1
"LINC00534",9,36,32,53,31,8,9,8,4,46
"AB015752.1",2,2,4,7,12,2,2,1,3,10
"TMEM64",10,30,44,45,48,11,17,13,6,30
"AC106038.1",0,1,0,1,0,0,2,0,0,0
"NECAB1",44,173,169,240,202,31,40,36,17,61
"AC103770.1",2,11,7,5,7,3,3,5,0,7
"C8orf88",0,3,2,12,5,1,4,5,1,13
"PIP4P2",14,76,51,106,99,50,53,70,17,87
"AC087439.1",0,0,0,0,1,0,0,1,0,0
"OTUD6B-AS1",20,72,71,89,109,47,32,65,16,77
"OTUD6B",1,34,36,40,40,21,15,24,9,47
"LRRC69",7,24,41,83,85,26,15,45,11,80
"SLC26A7",1,4,7,11,18,6,3,5,1,23
"AC103409.1",1,6,3,8,5,1,2,2,0,2
"RUNX1T1",39,279,180,564,322,53,98,159,59,170
"AC022695.2",0,0,0,0,0,0,0,0,0,0
"AC091096.2",0,1,1,1,0,0,0,0,0,1
"AC104211.2",0,0,0,1,0,0,0,0,0,0
"AC104211.3",0,0,0,0,0,0,0,0,0,0
"AC117834.1",5,25,42,31,40,6,16,18,0,32
"TRIQK",8,53,48,83,94,24,40,42,20,65
"C8orf87",0,0,1,0,3,0,0,1,0,0
"LINC00535",6,22,27,45,49,11,14,12,6,32
"AC016885.2",0,0,0,0,0,0,0,0,0,0
"FAM92A",12,33,56,68,110,47,47,59,17,114
"AC120053.1",1,3,6,9,8,2,3,4,4,6
"RBM12B",9,40,50,92,74,27,22,35,15,58
"AC010834.2",0,0,0,0,1,0,0,0,0,1
"TMEM67",6,69,49,75,76,24,28,47,17,65
"AC084346.1",0,0,0,1,0,0,0,0,0,1
"PDP1",16,51,40,105,59,11,11,21,9,21
"AC084346.2",0,2,0,0,0,1,0,1,0,0
"CDH17",0,1,0,1,0,1,0,0,0,2
"GEM",3,36,54,154,35,14,15,14,5,39
"RAD54B",4,5,2,17,12,2,3,12,2,6
"VIRMA",13,97,46,81,81,18,29,39,10,71
"AC023632.2",4,22,19,16,19,2,4,4,1,23
"AC108860.2",0,0,1,0,0,0,0,0,0,1
"ESRP1",0,1,5,3,3,2,0,0,0,1
"DPY19L4",14,44,39,88,63,24,22,35,14,37
"AP003692.1",0,0,0,1,0,0,0,0,0,0
"INTS8",9,78,52,71,113,29,32,36,15,80
"CCNE2",5,13,12,11,14,2,1,6,1,18
"AC087752.4",1,0,1,0,2,2,0,1,1,1
"NDUFAF6",26,79,94,132,156,28,29,51,28,90
"TP53INP1",7,20,18,57,30,9,8,14,3,9
"AC068189.1",1,2,6,10,3,0,2,5,0,6
"PLEKHF2",2,25,7,11,17,10,6,12,4,12
"C8orf37-AS1",18,96,62,63,57,17,11,20,14,80
"C8orf37",1,21,29,25,23,8,8,20,6,30
"AC012339.1",0,0,0,0,0,0,0,0,1,2
"GDF6",0,1,1,0,0,0,0,0,0,0
"UQCRB",92,174,190,184,218,185,94,193,49,113
"AP003465.1",0,0,0,0,0,0,0,0,0,0
"MTERF3",4,19,18,25,30,7,5,8,7,18
"PTDSS1",9,53,47,72,51,11,13,27,14,22
"SDC2",38,221,105,205,209,107,96,162,43,186
"CPQ",67,303,333,630,609,197,215,351,148,432
"AP003115.1",0,0,0,0,0,0,0,0,0,0
"TSPYL5",3,6,4,6,10,1,3,2,3,4
"MTDH",50,249,193,289,265,86,97,136,44,186
"LAPTM4B",5,54,29,59,49,15,12,18,9,37
"MATN2",9,66,32,53,66,8,7,12,11,41
"RPL30",25,92,68,79,143,67,49,59,22,52
"AP003352.1",0,1,1,3,3,2,1,2,1,1
"ERICH5",1,3,1,3,2,0,0,1,2,5
"RIDA",8,74,47,61,52,34,63,48,22,93
"POP1",5,29,24,35,36,7,8,16,6,30
"NIPAL2",4,28,49,44,53,7,6,11,6,25
"AP003438.1",0,2,4,8,5,0,1,2,0,2
"STK3",50,459,215,501,415,123,209,230,82,381
"KCNS2",0,2,1,4,0,1,0,0,0,2
"AP003355.2",0,3,1,2,0,0,0,0,0,0
"AP003467.1",0,1,0,0,0,0,0,1,0,0
"AC016877.1",0,1,0,0,0,0,0,0,0,0
"AC104986.2",8,44,55,64,80,52,22,55,17,58
"VPS13B",63,316,287,454,496,122,178,212,83,343
"AC107909.2",0,0,0,0,0,0,0,0,1,0
"AC018442.2",0,1,1,0,0,0,0,0,0,1
"COX6C",39,133,83,119,91,66,33,72,23,61
"RGS22",15,39,39,28,42,12,24,48,7,28
"FBXO43",0,6,3,4,1,1,1,0,0,3
"POLR2K",17,42,35,16,39,30,12,36,5,19
"SPAG1",7,87,55,98,119,29,59,63,20,49
"RNF19A",38,454,225,408,385,241,441,390,172,269
"AP001574.1",0,0,0,0,2,0,0,9,2,0
"AP003472.1",0,1,0,0,0,0,1,0,0,0
"AP003472.2",0,0,0,0,0,0,0,0,0,0
"AP000424.1",1,0,2,3,0,2,0,2,0,1
"ANKRD46",7,51,38,54,62,16,31,16,7,43
"SNX31",0,15,5,11,25,3,7,1,3,5
"PABPC1",20,149,105,184,175,127,34,145,95,88
"YWHAZ",38,164,122,197,149,56,46,83,25,93
"AC018781.1",0,0,0,1,0,0,0,0,1,0
"AP003469.2",0,0,1,0,2,0,0,0,0,0
"AP003469.4",2,9,20,36,31,14,5,17,9,26
"ZNF706",24,118,113,178,210,47,41,79,32,147
"AP001330.5",0,0,0,2,1,0,0,0,0,0
"AP001330.1",0,0,0,0,0,0,0,0,0,0
"AP001208.2",1,0,0,1,0,0,0,0,0,1
"AP001207.3",0,0,0,0,2,1,1,0,0,0
"GRHL2",0,3,3,2,1,1,0,1,0,2
"NCALD",21,75,118,192,112,10,10,39,9,16
"AP000426.1",0,0,0,1,1,0,1,0,0,0
"RRM2B",4,26,24,20,27,15,13,20,6,21
"UBR5-AS1",1,12,7,11,10,4,1,5,2,7
"UBR5",56,398,313,686,549,151,184,257,100,445
"AP002907.1",0,0,1,1,1,0,1,0,0,0
"AP002852.1",1,2,2,4,3,0,1,0,0,2
"ODF1",0,0,0,0,0,0,0,0,0,0
"KLF10",0,8,2,4,6,2,5,3,2,6
"GASAL1",0,0,0,0,0,0,0,0,0,0
"AZIN1",15,105,65,103,104,26,35,42,15,63
"AZIN1-AS1",27,125,94,122,136,14,23,25,20,105
"AP003354.2",6,30,16,38,50,3,8,2,2,34
"ATP6V1C1",16,64,74,106,91,33,36,53,9,58
"BAALC-AS2",0,23,1,2,0,1,3,2,1,9
"BAALC",71,635,242,448,274,74,166,157,43,260
"BAALC-AS1",14,531,60,90,87,22,41,58,7,101
"FZD6",3,52,30,34,38,17,14,10,10,33
"CTHRC1",0,1,1,0,2,0,0,0,0,1
"AC012213.3",1,0,0,1,0,0,1,0,0,1
"SLC25A32",7,25,24,37,39,21,11,20,2,49
"DCAF13",4,19,12,20,20,10,8,15,6,11
"AC012213.2",0,0,0,0,0,0,0,0,0,0
"AC012213.4",1,0,0,0,3,1,1,0,0,0
"AC012213.1",2,1,2,1,2,1,0,1,0,2
"RIMS2",46,260,422,589,537,50,28,44,23,89
"DPYS",0,2,7,4,5,0,0,1,0,1
"DCSTAMP",0,0,0,0,1,1,0,0,0,0
"LRP12",6,63,63,116,72,22,19,32,12,58
"ZFPM2",38,265,217,389,397,102,112,174,87,326
"AC012564.1",0,0,0,0,0,0,0,0,0,0
"AC021546.1",0,0,0,0,0,0,0,1,0,1
"AC103853.1",0,7,7,6,8,1,0,2,1,5
"AC090802.1",0,0,0,1,0,0,0,0,0,0
"AC027031.2",8,12,20,23,12,5,4,19,2,17
"OXR1",67,345,527,1008,752,113,166,209,95,378
"AC090579.1",5,46,77,83,68,10,19,18,5,78
"ABRA",0,0,0,0,0,0,0,0,0,0
"ANGPT1",6,32,66,98,157,14,23,29,16,55
"RSPO2",2,18,37,34,28,4,8,10,4,10
"EIF3E",50,127,116,190,232,79,82,124,49,256
"EMC2",24,173,102,149,156,86,65,104,39,164
"AC022634.2",0,0,0,0,0,0,0,0,0,0
"TMEM74",3,14,12,21,16,8,9,10,5,18
"AC104248.1",0,1,1,6,1,2,2,0,0,1
"TRHR",0,0,1,0,0,0,0,0,0,0
"NUDCD1",4,15,17,23,26,4,9,18,12,8
"AC021237.1",0,0,0,2,3,0,0,0,0,0
"ENY2",16,45,60,54,70,39,24,33,13,55
"PKHD1L1",0,2,0,1,1,0,0,0,0,1
"EBAG9",4,33,16,33,36,13,17,23,7,37
"SYBU",12,117,102,173,125,54,42,31,33,109
"AC079061.1",0,0,0,0,0,0,0,0,0,0
"KCNV1",0,10,15,10,13,0,0,0,0,1
"AC073023.1",0,0,0,0,1,0,0,0,0,0
"AC025366.1",0,3,2,0,1,0,0,0,0,0
"AP005357.1",0,0,0,0,0,0,0,0,0,0
"LINC01608",54,113,74,204,148,15,17,33,32,67
"LINC01609",3,17,3,12,8,4,1,2,1,9
"LINC02237",0,2,9,5,4,3,1,5,1,3
"CSMD3",26,204,216,385,310,47,32,60,27,59
"AC103993.1",0,1,0,0,0,0,1,0,0,0
"TRPS1",212,919,803,2128,2102,678,886,1193,554,1578
"LINC00536",0,6,2,5,6,6,5,5,1,4
"EIF3H",19,92,75,135,133,44,47,82,26,73
"UTP23",12,52,67,133,119,41,38,66,22,140
"RAD21",18,99,84,128,141,58,50,76,32,55
"RAD21-AS1",0,0,0,0,0,1,1,1,0,0
"AARD",0,0,2,1,0,0,0,0,0,0
"SLC30A8",1,7,9,5,4,1,1,2,1,6
"MED30",4,15,10,16,19,9,6,8,4,21
"EXT1",53,274,235,366,493,70,114,139,72,251
"SAMD12",61,208,317,485,403,42,77,166,40,211
"AC023590.1",21,64,40,32,33,9,4,11,0,51
"SAMD12-AS1",1,5,5,6,10,0,1,0,0,8
"TNFRSF11B",1,27,13,67,41,12,20,27,9,17
"COLEC10",0,1,2,1,4,0,0,0,0,1
"MAL2",8,15,20,23,12,0,1,4,1,5
"MAL2-AS1",0,1,1,0,4,0,1,1,0,1
"NOV",2,4,3,1,3,0,1,0,0,2
"AC021733.1",1,1,0,1,1,0,0,1,0,1
"ENPP2",97,186,188,202,208,55,44,27,34,76
"TAF2",12,85,59,116,121,20,24,41,20,87
"DSCC1",2,13,5,4,14,1,5,5,1,6
"AP005717.1",0,0,1,0,1,0,0,2,0,2
"DEPTOR",15,31,39,70,80,11,8,11,8,36
"AC091563.1",2,3,5,7,6,2,1,0,3,4
"COL14A1",0,9,5,7,8,3,1,8,2,5
"MRPL13",5,28,18,28,28,15,16,18,3,23
"MTBP",4,10,23,41,22,10,10,18,4,16
"SNTB1",25,73,49,65,113,42,19,68,24,56
"AC104958.1",0,0,0,0,1,0,0,0,0,0
"AC068413.1",2,1,2,3,3,1,2,4,0,1
"HAS2",0,1,0,0,1,0,1,0,1,0
"HAS2-AS1",0,0,0,0,0,0,0,0,0,0
"AC104233.1",0,2,1,0,0,0,0,0,0,0
"AC104036.1",0,1,1,2,1,0,0,0,0,0
"AC037486.1",0,5,4,3,4,0,0,3,0,5
"SMILR",0,0,0,0,0,0,0,0,0,0
"AC108136.1",0,0,0,0,0,0,0,0,0,0
"AC100872.1",0,1,0,1,1,0,0,0,0,0
"AC016405.3",1,0,1,1,4,1,2,5,1,3
"ZHX2",115,346,344,490,610,105,140,232,112,543
"AC104316.2",0,0,0,0,1,0,0,0,0,0
"AC104316.1",6,62,35,49,42,0,4,8,2,32
"DERL1",7,22,15,69,34,18,12,32,10,23
"TBC1D31",6,43,22,50,58,16,24,33,12,56
"FAM83A",0,3,2,0,3,0,0,2,0,1
"C8orf76",4,15,15,20,13,8,6,9,3,6
"ZHX1-C8orf76",1,8,5,10,8,0,2,1,1,5
"ATAD2",5,36,33,22,40,9,5,13,6,45
"WDYHV1",3,34,18,38,26,8,4,11,5,34
"FBXO32",10,48,73,125,94,27,25,24,10,43
"AC090193.2",0,1,1,0,0,0,0,0,0,0
"AC090193.1",0,0,2,0,3,0,0,0,0,2
"ANXA13",0,2,1,1,2,3,1,2,0,2
"FAM91A1",3,37,29,57,82,13,15,20,6,36
"FER1L6",1,4,1,2,4,0,0,0,0,3
"FER1L6-AS1",0,2,3,1,0,0,0,0,0,1
"FER1L6-AS2",1,2,1,6,6,1,1,0,1,3
"AC090921.1",0,4,7,5,6,3,1,2,1,5
"AC090192.2",0,0,0,0,0,0,0,0,0,0
"TMEM65",12,68,72,119,107,26,28,42,12,69
"TRMT12",2,7,11,22,16,3,4,7,4,7
"RNF139-AS1",4,5,10,7,14,7,3,8,1,12
"RNF139",2,42,25,44,38,27,8,22,13,20
"TATDN1",15,61,50,62,68,15,23,34,16,53
"AC090198.1",0,1,3,1,3,1,0,1,0,0
"NDUFB9",33,98,89,89,83,26,28,48,12,47
"MTSS1",34,48,63,148,138,25,16,48,10,56
"AC090922.1",0,1,0,0,1,0,0,0,0,1
"AC100858.3",0,2,0,0,0,0,0,2,0,0
"LINC00964",0,1,0,7,2,1,3,1,0,3
"ZNF572",0,3,1,3,1,0,2,1,0,1
"SQLE",12,58,48,67,50,16,16,12,10,11
"WASHC5",22,57,48,84,99,27,34,40,12,57
"WASHC5-AS1",0,0,0,0,0,0,0,0,0,1
"NSMCE2",90,372,309,574,525,121,127,191,84,364
"TRIB1",6,15,14,16,22,6,6,8,1,14
"AC091114.1",0,3,0,0,1,0,0,0,0,1
"LINC00861",0,2,1,0,1,1,0,0,0,0
"AC024681.2",0,0,0,0,0,0,0,0,0,0
"AC084116.2",0,0,0,0,0,0,0,0,0,0
"FAM84B",3,7,8,21,6,0,5,2,2,4
"PCAT1",7,43,39,56,62,49,56,84,24,62
"AC024382.1",0,0,0,0,0,0,0,0,0,0
"CASC8",0,0,2,8,3,3,1,1,0,4
"CASC11",1,0,2,3,2,0,0,1,1,2
"MYC",0,5,3,0,3,1,1,2,0,3
"PVT1",2,32,23,38,37,12,3,28,8,31
"CCDC26",5,15,22,35,35,8,30,36,5,14
"AC022973.4",0,0,0,1,0,0,0,0,0,0
"FAM49B",40,127,181,214,189,34,38,43,25,101
"AC022973.3",0,1,1,1,0,0,2,0,0,0
"AC022973.2",0,1,3,4,4,0,0,1,0,0
"ASAP1",94,489,405,871,664,147,145,273,86,465
"AC090987.1",0,1,0,0,0,0,0,0,0,2
"ADCY8",43,161,177,547,259,92,93,125,85,182
"AC103726.2",3,13,26,51,16,4,1,6,0,8
"AC104257.1",0,0,1,0,0,0,0,0,0,0
"EFR3A",30,265,169,364,292,100,110,183,53,244
"HHLA1",0,1,0,1,2,0,0,0,0,0
"KCNQ3",43,459,225,330,274,49,112,84,25,173
"LRRC6",13,53,50,71,69,27,20,37,14,48
"TMEM71",0,0,1,0,1,0,0,0,2,2
"PHF20L1",19,141,113,247,233,69,73,125,38,136
"AF230666.1",0,0,0,0,0,0,0,0,0,0
"TG",0,1,3,6,7,3,0,0,1,3
"SLA",3,3,6,4,20,2,2,0,0,4
"WISP1",0,0,3,2,2,0,1,0,0,1
"NDRG1",31,295,117,437,166,97,75,85,52,96
"ST3GAL1",12,115,50,59,69,7,24,38,8,59
"AC103706.1",0,15,17,12,15,5,6,9,3,17
"AC133634.1",0,0,0,0,1,0,0,0,0,3
"AC110741.1",0,1,0,0,0,0,0,0,0,0
"AC105180.1",0,0,2,1,5,0,0,0,0,1
"ZFAT",3,23,18,51,37,7,4,15,8,25
"AC083843.3",0,5,3,6,3,2,6,4,1,3
"AC083843.1",1,2,0,3,7,2,1,0,0,2
"AC103764.1",0,1,0,0,0,0,0,0,0,1
"LINC01591",1,6,3,5,5,2,3,7,2,7
"KHDRBS3",19,158,189,317,213,32,19,42,13,50
"AC079098.1",0,0,1,4,2,0,1,0,0,1
"AC013546.1",0,0,0,0,2,0,0,0,0,0
"LINC02055",2,23,56,45,40,9,1,13,2,6
"AC046195.1",1,11,6,20,11,9,3,9,6,14
"AC046195.2",0,0,1,2,0,0,0,0,0,2
"AC079015.1",2,0,0,1,0,0,0,1,0,0
"FAM135B",20,102,108,289,159,32,31,65,18,99
"COL22A1",1,2,5,7,3,2,0,0,1,2
"AC087354.1",0,0,0,0,0,0,0,0,0,0
"KCNK9",2,6,7,3,9,0,0,0,2,2
"TRAPPC9",51,212,230,359,341,66,80,131,64,186
"AC107375.1",8,10,23,26,29,9,10,8,6,32
"CHRAC1",3,9,9,13,10,9,8,9,8,13
"AGO2",36,183,121,241,197,48,56,98,48,149
"ERICD",0,0,1,1,0,0,1,0,0,0
"PTK2",197,877,736,1209,1021,198,282,389,151,792
"DENND3",1,19,17,19,13,2,2,9,3,8
"AC040970.1",0,1,0,0,1,0,0,0,0,1
"SLC45A4",3,17,17,24,25,7,3,18,10,14
"AC011676.2",0,0,0,0,0,0,0,0,0,0
"AC011676.3",0,0,0,0,1,0,1,0,0,1
"GPR20",0,0,1,0,0,0,0,0,0,0
"PTP4A3",3,15,22,26,15,8,3,3,4,8
"AC100803.3",0,1,0,0,1,0,0,0,0,0
"AC138647.1",1,4,3,6,1,0,0,0,0,0
"AC104417.2",2,8,13,8,8,1,3,1,2,1
"LINC00051",1,5,1,4,1,2,0,0,1,1
"TSNARE1",6,20,49,63,65,19,30,22,17,42
"AC134682.1",0,0,0,0,0,0,0,0,0,0
"ADGRB1",31,48,81,124,90,44,44,97,27,74
"ARC",4,9,7,5,6,0,0,2,0,6
"AC108002.3",0,0,0,0,0,0,0,0,0,0
"JRK",3,11,27,28,33,4,9,15,6,12
"PSCA",2,0,2,1,0,0,0,0,0,0
"LY6K",0,2,3,0,0,0,2,1,0,0
"AC108002.1",3,2,5,4,3,0,1,0,0,5
"THEM6",4,13,22,17,14,5,2,11,5,8
"AC083841.1",0,1,0,0,0,0,0,0,0,0
"LYNX1-SLURP2",0,0,0,0,0,0,0,0,0,0
"LY6D",1,0,0,0,1,0,0,0,0,0
"AC083841.2",0,0,0,0,0,0,0,0,0,0
"GML",0,3,3,3,2,2,0,2,0,3
"LY6E-DT",4,13,11,9,21,5,15,16,7,15
"LY6E",16,37,38,48,21,21,17,16,8,17
"LY6H",32,92,79,140,68,15,13,17,9,11
"GPIHBP1",8,5,19,16,11,3,3,0,2,10
"AC138696.1",1,1,2,3,5,2,0,2,0,2
"GLI4",7,19,27,49,28,8,4,21,7,23
"MINCR",7,10,16,22,19,14,12,18,2,18
"ZNF696",0,2,5,7,3,0,3,4,1,3
"AC138696.2",0,0,1,1,0,0,0,0,0,2
"TOP1MT",3,13,9,32,43,2,4,12,0,17
"RHPN1-AS1",0,1,0,0,0,0,0,0,0,0
"RHPN1",32,32,100,213,104,105,83,132,90,69
"MAFA",0,0,0,0,0,0,0,0,0,0
"ZC3H3",7,35,23,69,39,14,6,21,3,24
"AC067930.4",0,1,1,1,0,0,0,0,0,3
"GSDMD",1,16,10,13,19,10,10,8,10,13
"MROH6",1,2,7,5,2,6,3,12,3,5
"AC067930.5",0,0,0,0,0,0,0,0,0,0
"NAPRT",5,19,21,20,7,15,13,16,9,6
"AC067930.2",0,0,0,0,0,0,0,0,0,0
"EEF1D",39,80,82,191,174,63,43,103,45,99
"TIGD5",0,9,5,14,7,5,0,6,0,3
"PYCR3",0,11,11,4,2,1,2,2,2,3
"TSTA3",8,11,21,27,19,12,9,15,3,11
"ZNF623",5,20,22,51,40,8,4,23,4,24
"ZNF707",7,4,10,9,10,3,1,5,1,5
"CCDC166",0,1,0,0,0,0,0,0,0,0
"MAPK15",1,1,0,0,0,0,0,0,0,2
"FAM83H",1,2,3,3,2,0,1,3,0,0
"IQANK1",0,2,1,2,2,0,1,4,3,5
"AC105219.4",0,0,1,0,0,0,1,0,0,1
"SCRIB",13,29,36,93,43,27,15,52,18,34
"PUF60",10,67,57,70,49,25,24,40,19,28
"NRBP2",72,138,106,85,167,66,84,70,58,139
"EPPK1",0,0,0,1,1,1,2,1,0,0
"PLEC",47,143,167,376,274,200,163,187,163,107
"PARP10",9,11,18,43,30,18,14,25,12,20
"GRINA",63,177,148,134,191,133,93,172,94,92
"SPATC1",6,72,85,167,97,13,6,34,13,111
"OPLAH",10,7,18,26,16,6,9,17,6,7
"AC109322.1",1,2,11,3,4,5,1,9,5,12
"EXOSC4",7,27,9,19,13,4,7,11,0,9
"GPAA1",14,37,50,72,40,22,14,28,20,30
"CYC1",25,104,102,65,88,47,26,51,20,75
"SHARPIN",12,38,46,37,40,21,21,42,9,53
"MAF1",10,45,16,41,33,24,14,25,8,17
"WDR97",3,4,4,15,1,1,1,1,1,3
"HGH1",2,6,9,4,3,0,6,5,1,11
"MROH1",23,54,61,117,83,17,21,41,22,47
"BOP1",4,9,14,34,12,2,6,16,7,9
"SCX",2,2,2,8,5,2,5,3,0,4
"HSF1",9,66,35,49,62,12,19,61,14,38
"DGAT1",9,19,40,67,21,15,7,18,12,12
"SCRT1",3,4,4,11,10,1,1,3,0,3
"TMEM249",1,0,0,1,1,1,1,0,1,2
"SLC52A2",2,10,15,21,7,8,3,9,3,6
"FBXL6",3,9,4,12,9,11,2,23,5,5
"ADCK5",7,13,8,21,13,9,8,14,3,15
"CPSF1",9,11,12,41,31,25,5,45,12,14
"AC233992.3",1,0,1,3,0,0,0,0,0,2
"SLC39A4",2,2,3,2,2,2,1,3,0,4
"VPS28",29,96,87,136,101,38,37,54,22,60
"TONSL",2,1,4,11,12,3,0,6,1,3
"CYHR1",52,100,135,228,149,80,83,130,57,109
"AC084125.1",0,0,0,0,0,0,0,0,0,0
"KIFC2",21,30,101,156,89,68,28,82,39,30
"FOXH1",1,1,0,0,2,0,0,0,0,0
"PPP1R16A",13,64,85,91,94,50,39,78,21,94
"GPT",12,15,31,34,23,21,7,20,22,33
"MFSD3",3,8,16,16,8,3,6,7,5,5
"RECQL4",0,2,3,10,5,8,4,8,7,2
"AC084125.4",2,3,2,8,6,0,1,4,1,4
"LRRC14",3,12,15,22,15,14,7,10,6,13
"LRRC24",4,8,9,14,9,5,6,10,2,7
"C8orf82",0,0,0,0,0,0,1,0,0,0
"ARHGAP39",11,64,31,127,56,24,27,33,19,50
"AF186192.1",0,1,1,2,1,0,1,0,0,2
"ZNF251",23,55,73,117,140,46,36,75,29,96
"ZNF34",3,13,12,13,14,4,6,8,1,11
"RPL8",49,180,149,161,136,65,47,84,31,67
"ZNF517",2,5,3,6,6,0,2,4,0,7
"ZNF7",10,38,50,60,68,15,16,21,3,53
"COMMD5",5,13,10,26,13,3,6,18,3,10
"ZNF250",5,26,17,23,26,4,6,12,2,30
"ZNF16",4,20,11,10,19,6,12,9,2,26
"AF235103.1",0,0,2,1,0,0,0,0,0,2
"ZNF252P-AS1",0,1,1,0,1,1,1,2,0,2
"C8orf33",7,49,26,37,30,7,9,22,7,9
"WASHC1",42,124,148,195,212,79,58,143,43,150
"AL928970.1",0,0,2,1,1,0,0,0,0,0
"PGM5P3-AS1",0,1,0,0,0,0,0,0,0,0
"FOXD4",0,0,0,0,1,1,0,0,0,0
"CBWD1",1,18,15,33,28,7,20,20,8,39
"C9orf66",0,0,0,0,0,0,0,0,0,0
"DOCK8",4,5,15,29,32,1,4,3,3,10
"AL158832.1",0,0,0,1,0,0,0,0,0,0
"AL161725.1",1,3,2,3,3,1,0,1,0,0
"KANK1",142,514,467,922,935,247,307,389,146,590
"AL136979.1",1,8,3,5,3,0,0,1,0,1
"DMRT1",1,0,0,1,2,0,1,0,0,0
"DMRT3",0,0,0,0,0,0,0,0,0,0
"DMRT2",1,1,1,1,1,0,1,1,0,2
"SMARCA2",101,397,293,594,543,142,192,264,106,464
"AL359076.1",0,1,4,2,0,0,0,0,0,2
"VLDLR-AS1",10,18,29,57,42,6,5,6,6,10
"VLDLR",3,7,8,26,14,5,3,5,5,5
"KCNV2",3,6,13,30,15,2,2,2,1,12
"PUM3",34,121,136,211,199,24,41,66,25,85
"LINC01231",0,1,3,5,2,1,1,1,0,1
"RFX3",128,613,480,1114,1000,300,478,548,228,745
"RFX3-AS1",65,242,230,349,291,35,69,43,49,259
"AL354977.1",1,1,3,2,1,0,0,0,1,1
"GLIS3",185,2154,932,2274,1741,480,688,811,315,1616
"GLIS3-AS1",0,3,0,3,0,1,0,0,2,3
"AL162419.1",0,1,0,0,0,0,0,0,0,0
"SLC1A1",4,19,29,46,33,7,11,22,2,19
"SPATA6L",8,32,26,45,51,20,25,33,11,42
"PLPP6",0,4,9,12,6,1,1,2,3,7
"CDC37L1-DT",3,4,5,5,6,0,3,2,3,5
"CDC37L1",15,71,43,82,89,28,37,46,11,83
"AK3",34,195,127,333,382,142,158,182,76,289
"RCL1",9,64,52,99,85,9,26,32,6,71
"JAK2",9,93,90,110,139,21,33,50,25,77
"INSL6",0,0,0,0,1,0,0,1,0,0
"RLN1",0,0,0,0,0,0,0,0,0,0
"AL135786.2",0,1,0,0,2,0,0,0,0,1
"PLGRKT",5,41,21,31,47,15,11,25,12,37
"CD274",0,1,3,4,0,0,0,0,1,2
"PDCD1LG2",0,6,14,21,17,1,3,6,0,19
"AL162253.1",0,1,0,1,0,0,0,0,0,0
"RIC1",21,169,122,190,196,43,45,55,25,155
"AL136980.1",0,1,2,5,2,0,0,2,0,2
"ERMP1",14,60,47,87,61,13,18,25,22,49
"KIAA2026",54,190,230,505,409,113,115,169,77,259
"MLANA",0,1,4,1,4,2,1,1,0,1
"RANBP6",5,28,27,54,32,16,15,18,5,21
"AL162384.1",0,0,0,0,1,0,0,0,0,0
"IL33",16,47,34,29,47,19,9,31,10,57
"UHRF2",15,58,48,93,89,19,35,44,16,55
"AL133480.1",2,13,23,14,20,1,3,2,1,17
"GLDC",7,46,24,50,44,9,14,7,5,33
"AL162411.1",3,11,16,20,13,6,4,4,1,12
"AL354707.2",1,5,3,2,1,0,0,1,0,2
"AL354707.1",0,1,2,1,3,0,0,1,0,8
"KDM4C",52,381,256,631,423,104,101,173,83,277
"AL354694.1",1,0,0,0,0,0,0,0,0,1
"DMAC1",14,59,26,38,48,16,17,21,9,29
"AL135923.1",0,1,3,1,0,0,1,0,0,0
"PTPRD",359,1347,1517,2137,2128,262,253,305,181,695
"PTPRD-AS1",3,2,4,2,4,2,2,3,1,4
"AL596451.1",0,22,19,25,14,1,0,2,1,1
"PTPRD-AS2",2,1,2,1,0,0,0,2,0,0
"AL589678.1",0,0,0,0,0,0,0,0,0,0
"TYRP1",0,1,0,1,1,0,0,0,0,1
"LURAP1L-AS1",1,43,3,8,56,0,16,15,15,35
"LURAP1L",2,17,11,7,12,3,5,2,2,7
"MPDZ",57,190,196,458,365,123,156,226,87,258
"LINC01235",0,0,0,0,0,0,0,0,1,0
"AL583785.1",0,1,0,0,0,0,0,0,0,1
"AL360089.1",0,0,0,0,0,0,0,0,0,0
"NFIB",160,782,872,1920,1807,453,472,907,271,1419
"AL136366.1",34,65,67,89,136,35,28,77,28,104
"AL159169.3",0,0,0,1,1,1,0,2,1,2
"AL159169.2",2,5,5,14,3,2,7,8,2,1
"ZDHHC21",19,151,189,314,240,89,135,184,58,239
"CER1",0,0,0,0,0,0,0,0,0,0
"FREM1",7,17,12,16,21,5,4,10,5,16
"TTC39B",5,60,54,73,49,18,14,34,6,42
"SNAPC3",16,93,63,103,116,28,37,53,16,130
"PSIP1",16,99,73,165,91,32,38,62,22,86
"CCDC171",28,95,132,184,233,42,56,85,35,156
"C9orf92",1,2,7,7,6,0,2,1,2,10
"BNC2",8,48,42,104,70,22,23,52,8,28
"AL449983.1",0,0,0,0,0,0,0,0,0,0
"AL162725.2",1,15,3,6,9,4,4,8,1,9
"CNTLN",13,82,68,121,154,49,53,98,43,109
"SH3GL2",17,117,146,145,143,18,16,30,8,45
"ADAMTSL1",5,24,45,20,38,15,9,12,7,14
"SAXO1",0,11,9,6,3,2,2,5,0,4
"RRAGA",10,60,43,54,49,22,30,37,7,32
"HAUS6",6,15,10,25,24,12,9,9,4,8
"PLIN2",9,54,22,31,34,17,11,28,7,38
"DENND4C",36,220,176,265,303,63,67,112,40,227
"AL391834.1",0,1,1,2,1,0,1,0,0,2
"AL391834.2",0,1,4,3,1,2,1,1,2,2
"RPS6",43,125,90,80,153,70,51,89,33,92
"ACER2",1,7,7,14,11,6,1,2,1,7
"SLC24A2",201,407,574,932,885,140,129,125,140,234
"AL591222.1",1,1,2,3,2,1,0,0,0,1
"MLLT3",66,199,294,736,495,129,152,171,64,276
"FOCAD",25,220,230,326,292,50,77,104,34,198
"FOCAD-AS1",1,0,0,0,0,0,0,0,0,0
"HACD4",2,2,2,5,3,4,1,0,0,5
"KLHL9",2,34,42,63,65,25,22,35,16,39
"IFNA6",0,0,0,0,0,0,0,0,0,0
"IFNA13",0,1,0,0,0,0,0,0,0,0
"IFNA2",0,0,0,1,0,1,0,0,0,0
"AL353732.1",0,3,0,2,1,0,0,0,0,0
"IFNE",0,0,1,0,0,0,0,0,0,0
"MTAP",0,1,0,0,0,0,0,0,0,0
"AL359922.1",1,4,5,8,3,0,1,3,0,4
"AL359922.2",0,0,0,0,1,0,0,0,0,0
"CDKN2A",2,9,8,11,17,5,3,6,1,2
"CDKN2B-AS1",0,8,6,8,6,2,1,1,0,1
"CDKN2B",1,1,2,1,3,3,2,5,0,2
"AL157937.1",0,1,3,5,2,0,0,2,0,0
"DMRTA1",1,5,3,2,6,2,1,3,0,3
"LINC01239",6,10,27,22,27,4,10,12,5,27
"AL391117.1",0,8,22,14,14,3,3,3,1,10
"AL445623.2",0,13,10,26,11,3,1,3,3,3
"ELAVL2",11,38,58,81,56,8,3,14,6,6
"AL365204.1",0,0,0,0,0,0,0,0,0,1
"IZUMO3",0,2,1,1,4,0,0,0,0,0
"AL353811.1",0,2,0,1,2,0,0,0,0,1
"TUSC1",0,7,4,6,4,0,3,6,2,4
"LINC01241",0,0,0,0,1,0,0,0,0,2
"AL353753.1",2,1,10,3,6,2,6,3,3,21
"AL451137.1",0,0,0,0,0,0,0,1,0,0
"CAAP1",13,75,63,95,98,28,36,41,15,68
"PLAA",13,52,52,54,76,15,19,21,7,44
"IFT74",16,51,53,86,104,41,32,42,18,55
"IFT74-AS1",0,0,0,1,1,0,0,0,0,0
"LRRC19",1,2,11,3,9,0,2,2,0,6
"AL355432.1",0,0,1,3,1,0,0,1,0,1
"TEK",1,5,4,11,8,3,3,9,0,11
"EQTN",0,2,0,1,3,2,3,1,1,0
"MOB3B",38,188,92,184,174,50,138,47,37,99
"C9orf72",6,99,58,61,57,37,42,50,15,53
"LINGO2",29,153,255,337,291,37,11,48,9,115
"LINC01242",2,4,8,17,9,1,5,1,1,9
"LINC01243",0,0,0,0,0,1,0,1,0,2
"ACO1",12,126,61,106,82,31,42,60,16,57
"DDX58",9,94,39,67,87,18,35,36,12,66
"TOPORS",11,42,41,84,92,25,25,42,13,57
"SMIM27",4,20,20,21,21,3,9,6,3,13
"NDUFB6",19,62,63,80,54,33,23,54,16,66
"TAF1L",0,1,0,0,1,0,0,0,0,0
"AL589642.1",0,0,0,0,0,0,0,0,0,0
"AL589642.2",0,0,0,1,1,0,0,0,0,0
"TMEM215",0,0,0,0,0,0,0,0,0,0
"AL157884.2",2,3,1,7,3,0,2,0,1,1
"APTX",16,72,62,100,106,36,42,75,7,103
"DNAJA1",16,67,70,65,92,74,37,122,21,44
"SMU1",6,38,28,46,51,15,8,33,8,23
"B4GALT1",2,11,7,14,31,5,9,6,1,17
"B4GALT1-AS1",0,0,0,2,0,1,0,3,0,3
"SPINK4",0,0,0,1,0,0,0,0,0,0
"BAG1",5,24,20,15,30,7,8,8,7,6
"CHMP5",15,62,40,50,61,18,23,42,11,23
"NFX1",26,138,119,131,135,28,29,45,10,100
"AQP7",1,0,1,2,0,0,0,0,0,0
"AL356218.1",0,0,0,0,0,0,0,0,0,0
"AQP3",0,1,1,1,0,0,0,0,0,0
"NOL6",1,9,18,21,17,2,7,6,5,7
"ANKRD18B",0,6,9,7,12,2,5,0,1,3
"CYP4F26P",0,2,3,3,1,0,0,1,0,1
"AL356489.3",0,4,5,5,14,4,3,2,1,12
"AL356489.2",0,1,0,2,6,1,1,0,1,1
"LINC01251",0,0,0,0,0,0,0,0,0,0
"PRSS3",5,18,24,16,17,3,0,7,0,6
"UBE2R2-AS1",3,6,2,5,6,1,1,3,2,1
"UBE2R2",38,162,145,334,219,36,53,69,37,115
"UBAP2",28,180,118,279,209,49,53,93,32,191
"AL354989.1",1,7,5,6,7,1,2,0,1,10
"DCAF12",3,25,21,28,27,7,10,8,6,17
"UBAP1",37,175,122,192,170,58,64,107,37,156
"KIF24",3,56,11,15,22,4,5,10,2,29
"NUDT2",10,80,45,39,36,8,9,17,4,38
"MYORG",7,62,67,84,69,27,26,48,18,52
"C9orf24",10,29,29,38,61,14,14,27,6,46
"FAM219A",16,59,70,113,51,14,15,28,14,49
"DNAI1",1,7,5,10,12,7,11,5,1,14
"ENHO",12,164,93,146,139,121,158,139,97,188
"CNTFR",20,101,98,102,111,74,80,114,55,123
"CNTFR-AS1",0,0,3,2,2,0,0,5,0,4
"RPP25L",7,15,18,35,26,9,12,18,4,19
"DCTN3",17,54,29,20,37,19,15,31,4,18
"SIGMAR1",7,14,26,20,20,14,12,18,8,26
"GALT",3,24,11,2,17,3,3,8,2,23
"IL11RA",10,23,37,54,45,25,17,19,12,25
"CCL27",0,0,1,4,2,1,0,4,1,1
"AL162231.1",8,22,26,38,24,15,12,12,7,11
"AL162231.2",1,4,3,4,8,3,7,1,3,9
"PHF24",3,16,23,36,12,6,6,7,1,4
"DNAJB5-DT",0,0,0,0,1,0,0,0,0,0
"DNAJB5",4,5,5,18,10,8,3,3,2,10
"C9orf131",0,0,0,0,0,0,0,0,0,0
"VCP",23,88,82,117,140,36,25,63,28,91
"FANCG",1,2,3,22,8,4,4,3,1,5
"PIGO",1,7,5,14,6,3,8,9,4,11
"AL353795.2",0,0,1,0,1,0,1,0,0,1
"STOML2",7,51,45,56,30,29,19,45,7,24
"FAM214B",8,35,30,42,29,29,21,27,19,42
"UNC13B",23,71,70,86,96,14,31,61,14,64
"RUSC2",14,75,92,122,92,33,29,45,17,76
"FAM166B",0,0,0,1,1,0,0,0,0,0
"TESK1",3,22,9,41,26,13,6,11,6,9
"CD72",2,7,13,16,10,3,4,2,3,15
"AL357874.1",0,0,0,0,1,0,0,0,0,1
"SIT1",0,0,0,0,0,0,0,0,0,0
"RMRP",0,2,0,4,3,1,0,1,0,0
"CCDC107",7,49,69,64,56,28,16,38,10,33
"ARHGEF39",0,1,4,0,2,1,0,1,0,0
"CA9",0,0,0,4,0,0,2,0,0,0
"TPM2",11,4,12,52,27,41,12,39,22,18
"TLN1",6,45,32,38,37,16,15,30,7,16
"CREB3",3,24,24,32,21,18,5,11,7,12
"GBA2",24,88,88,71,81,25,31,50,22,76
"RGP1",3,24,20,74,34,8,12,19,12,29
"MSMP",0,0,0,0,0,0,0,0,0,0
"AL133410.2",0,1,0,0,0,0,0,0,0,0
"AL133410.1",2,14,31,26,18,7,6,11,2,24
"NPR2",4,3,12,6,12,9,8,7,6,12
"SPAG8",8,14,24,17,12,8,13,14,5,26
"HINT2",10,25,19,21,21,13,8,15,4,10
"TMEM8B",8,27,29,53,34,18,12,19,9,27
"FAM221B",0,1,4,0,4,0,0,1,0,4
"HRCT1",0,0,0,0,0,0,1,0,0,0
"SPAAR",0,0,0,1,2,0,0,0,0,0
"RECK",28,155,125,125,127,34,44,71,23,116
"GLIPR2",9,34,23,22,18,4,6,5,6,14
"CCIN",0,0,0,0,0,0,0,0,0,0
"CLTA",30,103,99,157,122,37,25,39,20,57
"GNE",7,28,42,37,41,10,9,15,7,32
"RNF38",33,167,125,262,241,49,49,89,35,172
"MELK",1,4,2,2,1,2,3,3,2,2
"PAX5",0,0,2,1,6,0,1,1,0,0
"AL450267.1",0,0,0,0,0,0,0,0,0,0
"AL161781.2",0,0,0,0,1,0,0,0,0,0
"AL512604.3",0,0,0,0,0,0,0,0,0,0
"EBLN3P",12,45,41,64,46,10,30,28,13,34
"ZCCHC7",70,362,302,540,505,137,142,231,89,355
"GRHPR",12,75,50,118,81,25,28,39,11,52
"ZBTB5",6,29,20,41,37,12,5,7,6,22
"POLR1E",3,1,6,8,7,1,1,1,1,1
"AL513165.1",0,2,1,5,1,0,0,4,1,1
"FBXO10",0,3,5,14,10,3,2,14,4,5
"AL513165.2",0,0,1,5,6,2,0,1,0,2
"AL138752.2",11,92,94,99,103,20,28,37,12,113
"FRMPD1",7,11,19,18,29,10,12,12,6,22
"TRMT10B",28,119,80,93,136,40,44,50,17,181
"DCAF10",16,146,126,219,250,43,53,104,32,165
"ALDH1B1",1,4,2,3,2,3,0,1,0,2
"IGFBPL1",0,0,0,1,0,0,0,0,0,0
"FAM95C",11,13,11,23,8,1,4,2,2,7
"ANKRD18A",3,24,17,20,8,6,14,6,4,16
"FAM201A",1,3,2,1,2,2,1,1,1,1
"AL591543.1",0,0,1,0,0,0,0,0,0,1
"FAM240B",0,1,0,1,1,0,0,0,0,0
"AL845311.1",1,1,0,4,1,2,1,1,0,1
"CNTNAP3",12,100,50,174,106,48,59,140,33,60
"BX005214.1",0,0,0,0,0,0,0,1,0,0
"GLIDR",18,59,38,73,80,8,19,34,20,58
"ANKRD20A2",0,0,2,0,0,0,0,0,0,0
"FAM95B1",8,7,16,8,21,8,6,6,6,5
"BMS1P14",1,5,5,11,18,0,1,4,0,23
"FP325318.1",1,9,6,9,15,1,3,6,0,18
"AL353626.1",10,27,39,34,31,3,4,3,0,77
"BX255923.1",0,0,0,0,0,0,0,0,0,1
"BX255923.2",0,0,3,0,3,1,0,0,0,0
"CBWD6",4,12,4,16,18,10,4,9,6,13
"AL845472.1",1,2,1,1,3,0,1,1,0,0
"AL354718.2",0,0,0,0,0,0,0,0,0,0
"AL591926.2",2,9,3,6,9,0,1,2,0,4
"CNTNAP3B",32,220,117,315,446,126,291,276,99,157
"AL445584.2",3,1,7,6,13,1,2,2,1,9
"BX088651.4",1,0,1,0,5,0,1,0,0,1
"AL591441.2",0,0,1,0,0,0,0,0,0,0
"AL591441.1",0,0,0,0,2,0,0,0,0,3
"AL590491.2",0,0,0,1,1,0,1,0,0,1
"BX088645.1",1,20,5,10,14,4,12,4,1,8
"AL935212.1",1,0,1,1,1,0,1,1,0,0
"FAM27C",1,7,2,3,1,0,0,2,0,0
"AL391987.2",3,4,2,13,9,0,1,5,1,13
"AL391987.3",0,2,2,1,0,0,1,5,0,5
"CR769775.2",0,2,1,6,5,2,0,0,0,5
"AL590399.3",2,1,1,4,0,0,0,3,1,1
"AL590399.1",0,0,2,2,1,1,0,1,0,0
"LINC01410",0,1,4,2,3,0,1,3,1,2
"AL512625.2",0,0,0,0,0,0,0,0,0,0
"AL512625.3",5,25,43,24,28,9,11,10,5,54
"AL512625.1",0,4,3,8,6,1,1,1,0,6
"AL772155.1",0,1,0,0,0,0,0,0,0,0
"CR786580.1",0,0,1,0,0,0,0,0,0,0
"ANKRD20A4",0,1,1,0,8,0,2,1,0,1
"FOXD4L5",0,0,0,0,1,0,0,0,0,0
"CBWD5",2,53,73,107,87,31,14,49,13,62
"AL136317.2",2,11,20,26,27,2,5,4,1,7
"ANKRD20A3",1,0,1,1,2,0,2,2,0,0
"AL513478.2",0,1,0,0,0,0,0,1,0,0
"ZNF658",2,32,29,34,37,7,12,22,6,24
"ANKRD20A1",0,0,2,4,3,2,0,1,0,2
"AL353608.2",0,0,0,0,1,1,1,0,0,1
"CBWD3",2,8,11,17,15,7,6,8,1,11
"AL353608.3",0,0,0,0,2,0,0,0,0,0
"PGM5",1,17,28,24,17,6,2,4,1,15
"AL161457.2",3,18,9,36,16,15,3,8,5,8
"AL353616.2",0,1,2,1,6,0,1,1,1,3
"PIP5K1B",17,63,85,75,91,13,19,41,17,59
"AL354794.1",1,1,3,2,2,0,0,2,0,3
"TJP2",1,2,2,3,3,15,2,6,14,4
"BANCR",0,3,0,1,0,0,0,0,0,0
"FAM189A2",52,1103,195,711,381,104,151,184,84,295
"APBA1",31,119,138,318,265,42,46,76,28,167
"AL353693.1",2,1,5,3,4,0,0,3,1,3
"AL162412.1",1,1,1,2,2,0,1,0,0,2
"PTAR1",28,255,159,460,390,130,116,205,43,262
"C9orf135",0,1,1,0,0,1,0,2,0,0
"MAMDC2-AS1",3,7,35,21,35,12,8,10,4,21
"MAMDC2",36,144,127,92,144,51,42,63,16,83
"SMC5-AS1",2,19,26,28,50,31,10,24,10,34
"SMC5",19,170,130,223,229,72,76,112,29,138
"KLF9",13,110,37,94,50,20,23,30,14,56
"TRPM3",291,1109,1593,2096,1782,363,610,1368,606,2717
"CEMIP2",15,37,39,62,66,7,7,22,6,57
"ABHD17B",17,74,40,92,111,28,25,34,27,49
"C9orf85",17,87,72,97,121,19,21,38,23,88
"C9orf57",0,2,1,1,2,0,0,2,0,3
"GDA",4,28,30,58,35,9,7,7,1,13
"AL135924.2",0,0,0,0,0,0,0,0,0,0
"LINC01504",0,1,1,1,1,0,0,1,0,2
"ZFAND5",28,209,114,245,139,91,98,116,71,115
"TMC1",5,41,39,72,80,17,30,25,37,54
"LINC01474",0,1,2,0,1,0,0,1,1,0
"ALDH1A1",82,245,136,137,224,20,45,264,34,200
"ANXA1",0,5,3,4,2,3,2,0,6,3
"RORB-AS1",4,30,28,24,30,4,4,20,3,29
"RORB",94,533,491,772,1051,212,219,339,155,581
"TRPM6",4,13,5,13,17,3,2,5,1,12
"C9orf40",2,4,4,7,12,2,3,3,3,4
"C9orf41-AS1",2,7,13,18,15,0,3,6,0,11
"CARNMT1",11,39,34,72,57,11,17,25,10,39
"NMRK1",4,32,20,33,26,10,9,25,6,15
"OSTF1",5,55,31,37,41,7,10,14,7,12
"PCSK5",60,393,312,717,548,127,133,235,73,376
"RFK",3,19,12,16,22,7,8,11,2,7
"GCNT1",1,4,4,6,9,0,0,2,0,2
"PRUNE2",115,273,327,428,382,76,76,76,50,149
"PCA3",12,36,52,39,50,4,6,7,2,12
"VPS13A",23,195,180,335,270,65,89,92,38,185
"GNA14",71,917,277,907,473,132,255,232,153,440
"GNA14-AS1",16,504,226,301,218,31,74,78,22,248
"GNAQ",217,1247,783,1629,1530,302,468,550,266,888
"CEP78",13,68,51,72,82,25,40,58,17,69
"PSAT1",24,214,114,291,208,87,60,182,35,168
"AL512634.1",0,0,0,1,1,0,0,1,0,2
"AL358975.1",0,0,0,0,0,0,0,0,0,0
"TLE4",73,230,267,462,516,165,158,153,120,255
"AL161912.2",0,0,0,0,0,0,0,0,0,0
"AL161782.1",0,0,0,0,0,0,0,0,0,0
"TLE1",33,130,168,398,280,95,92,130,78,253
"AL591368.1",1,13,8,14,17,8,2,10,5,16
"AL158154.2",0,0,2,4,2,2,0,0,1,0
"RASEF",0,3,2,6,2,0,1,3,0,4
"AL137847.1",0,2,0,0,0,0,0,0,0,0
"FRMD3",6,19,35,66,55,9,13,14,9,21
"AL137847.2",0,3,2,0,1,0,0,0,0,0
"IDNK",16,44,29,45,37,9,10,20,11,32
"UBQLN1",17,112,87,148,128,34,45,56,23,69
"AL354920.1",1,1,1,2,2,2,0,4,0,1
"GKAP1",18,94,94,175,159,45,70,81,35,119
"AL354733.1",0,2,1,1,2,1,1,0,1,1
"AL354733.2",1,16,9,14,8,4,5,6,1,12
"KIF27",12,113,67,164,138,50,49,68,31,89
"C9orf64",0,10,5,20,11,4,5,8,6,11
"HNRNPK",33,194,111,266,174,86,73,114,55,109
"AL354733.3",0,24,12,10,9,0,1,3,0,1
"RMI1",5,30,22,20,26,16,25,21,13,37
"AL390838.1",0,1,0,0,0,0,0,1,0,2
"SLC28A3",0,3,4,3,5,0,2,1,1,9
"AL356134.1",0,2,0,0,0,0,0,0,0,0
"NTRK2",403,2063,1426,2756,2882,877,895,1096,553,2346
"AGTPBP1",38,152,182,321,268,66,77,96,43,145
"AL157882.1",0,0,1,0,0,0,0,0,0,0
"AL353743.2",0,4,2,12,6,5,5,3,6,21
"NAA35",26,102,104,181,139,39,36,71,35,95
"GOLM1",12,65,90,146,138,36,35,76,16,117
"C9orf153",3,8,36,40,38,13,5,24,9,58
"ISCA1",11,41,26,50,40,18,17,24,8,21
"TUT7",22,73,82,122,99,30,34,33,19,67
"AL353613.1",1,0,0,3,1,1,0,1,0,0
"GAS1",0,2,4,7,10,3,3,9,4,9
"GAS1RR",3,10,10,9,22,6,2,4,4,6
"AL513318.2",0,0,0,0,0,0,0,0,0,0
"C9orf170",0,0,0,0,1,0,2,0,0,1
"DAPK1",50,182,152,377,370,133,136,143,97,218
"CTSL",10,62,46,68,54,35,22,47,14,54
"AL772337.2",0,0,0,0,0,0,0,0,0,1
"CDK20",2,3,6,13,14,4,4,9,1,7
"SPIN1",55,277,265,460,422,106,121,230,58,294
"NXNL2",0,2,5,3,4,2,0,0,0,4
"AL592486.1",0,1,0,2,0,0,0,0,0,2
"AL772202.1",0,0,0,0,0,0,0,0,0,0
"S1PR3",0,1,1,4,2,7,2,13,2,7
"SHC3",11,46,102,140,112,7,11,18,3,44
"CKS2",0,1,4,5,2,1,2,3,0,2
"SECISBP2",33,152,79,127,120,22,43,70,21,73
"SEMA4D",59,185,162,262,205,58,59,60,40,108
"GADD45G",6,71,37,94,62,56,170,95,48,182
"AL606807.1",0,3,2,4,8,3,8,1,11,15
"AL161629.1",0,0,0,0,0,0,0,0,0,1
"MIR4290HG",0,0,0,0,0,0,0,0,0,0
"LINC01508",0,3,5,3,2,2,2,4,0,3
"LINC01501",0,0,0,2,1,1,0,1,0,1
"DIRAS2",14,41,34,53,50,5,9,11,3,15
"SYK",0,1,1,5,15,0,0,2,0,1
"AL355607.1",0,0,0,2,0,1,0,0,0,0
"AL158071.3",0,0,0,1,0,1,0,0,0,1
"AL158071.1",2,4,10,12,11,0,1,2,1,7
"AL158071.4",6,10,14,41,39,7,6,9,5,33
"AL158071.5",0,1,1,3,2,0,0,1,0,1
"AUH",26,299,156,221,260,43,77,103,56,202
"NFIL3",1,18,7,21,11,4,2,4,0,2
"AL353764.1",0,0,0,0,0,0,0,0,0,0
"ROR2",2,8,10,9,9,6,3,7,0,8
"SPTLC1",10,81,65,127,112,52,46,58,21,58
"AL136097.2",0,0,0,0,0,0,0,0,0,0
"IARS",12,75,64,115,87,21,33,72,10,64
"NOL8",7,27,31,45,55,20,22,39,18,42
"CENPP",22,42,67,112,156,26,16,12,6,49
"OGN",1,2,1,2,4,0,1,0,0,2
"OMD",0,1,2,5,4,0,0,0,0,0
"ASPN",0,3,4,1,11,1,1,1,0,1
"ECM2",2,3,9,2,12,8,3,1,1,6
"IPPK",13,31,24,46,47,8,13,31,8,31
"BICD2",7,32,32,86,55,18,27,45,9,37
"ZNF484",6,23,20,37,30,4,6,12,2,12
"FGD3",2,2,1,3,4,0,0,1,0,4
"SUSD3",1,1,1,0,3,0,0,0,0,0
"CARD19",15,91,68,56,83,47,37,76,26,87
"NINJ1",1,30,34,46,39,26,21,28,12,26
"WNK2",16,74,108,218,182,38,48,114,38,97
"C9orf129",6,5,8,16,16,2,3,5,1,4
"AL583839.1",2,5,4,5,10,2,2,3,0,3
"FAM120AOS",10,35,48,40,44,15,13,27,6,75
"FAM120A",32,149,116,264,239,59,64,151,43,148
"PHF2",5,31,28,50,40,17,13,28,8,26
"PTPDC1",11,63,39,42,49,7,10,17,10,31
"AL158152.2",9,27,39,58,54,8,9,14,1,41
"MIRLET7DHG",0,5,3,7,7,2,0,2,0,11
"ZNF169",6,16,20,28,26,5,3,7,3,21
"NUTM2F",0,0,0,4,0,0,0,0,0,1
"AL691447.2",1,3,1,0,3,2,0,1,0,2
"MFSD14B",11,45,35,85,60,20,30,34,14,43
"PCAT7",1,2,5,2,6,2,0,2,0,3
"FBP2",0,1,1,0,1,2,1,0,1,0
"FBP1",0,1,3,15,5,2,1,7,5,8
"C9orf3",81,375,311,501,471,92,126,166,73,290
"AL353768.1",2,8,15,10,5,1,1,2,1,6
"FANCC",13,35,55,173,117,28,25,36,12,54
"PTCH1",23,100,69,177,113,39,43,60,31,77
"AL161729.2",0,0,0,0,0,0,0,0,0,0
"AL161729.4",0,1,0,3,1,2,0,0,1,0
"AL392185.1",0,0,0,0,0,0,0,0,0,0
"AL354861.2",0,3,1,1,0,2,1,3,1,2
"LINC00476",26,115,82,139,220,50,49,70,35,112
"ERCC6L2",31,200,163,250,285,91,68,170,54,214
"LINC00092",3,12,5,9,14,5,5,3,3,11
"AL449403.1",1,5,0,0,2,0,0,0,0,2
"AL449403.2",3,6,4,12,14,3,6,5,3,17
"HSD17B3",1,3,1,5,0,0,0,0,0,3
"AL160269.1",4,8,4,9,14,4,3,2,4,5
"SLC35D2",3,29,16,26,23,5,5,11,5,27
"ZNF367",4,16,20,9,22,4,5,9,1,15
"HABP4",10,77,56,99,54,12,13,32,14,36
"CDC14B",48,232,194,340,326,71,97,126,39,218
"AAED1",4,5,6,13,13,5,1,5,0,9
"AL589843.1",3,17,29,30,40,7,7,26,10,23
"ZNF510",6,28,27,41,50,15,16,23,10,23
"ZNF782",21,76,88,144,144,28,37,81,15,105
"MFSD14C",32,128,127,185,176,33,54,51,28,133
"NUTM2G",1,2,2,1,1,0,0,0,0,3
"CTSV",0,1,1,1,0,0,0,0,1,0
"AL590705.3",0,0,0,3,1,0,0,2,1,0
"AL590705.1",2,14,27,12,29,5,15,11,2,27
"AL590705.2",0,1,0,0,0,0,0,0,0,0
"CCDC180",4,16,18,27,37,8,12,21,9,21
"TDRD7",3,19,19,24,34,14,10,15,3,16
"TMOD1",4,42,30,48,36,8,7,8,5,22
"AL162385.1",0,0,1,0,0,0,0,0,0,0
"TSTD2",12,92,55,56,51,19,21,24,10,58
"NCBP1",11,68,46,82,75,30,27,41,20,54
"AL162385.2",1,3,4,5,6,0,0,1,0,0
"XPA",14,108,95,160,130,27,33,54,22,95
"PTCSC2",0,0,1,1,0,0,0,0,0,0
"TRMO",1,15,7,6,15,2,3,6,2,10
"HEMGN",1,0,1,0,1,0,0,0,0,1
"ANP32B",6,33,30,40,38,12,6,15,8,22
"NANS",2,19,14,7,11,1,1,8,0,9
"TRIM14",2,9,20,38,32,6,3,8,0,21
"CORO2A",0,4,6,13,11,1,7,3,0,10
"TBC1D2",9,29,33,40,33,3,12,15,4,47
"GABBR2",22,86,152,185,136,18,10,37,13,39
"ANKS6",20,45,46,61,65,12,15,36,5,52
"GALNT12",3,5,3,12,9,2,0,2,4,1
"AL136084.2",1,1,0,1,2,0,1,0,1,0
"COL15A1",0,0,0,2,4,0,0,0,0,0
"TGFBR1",9,30,14,60,62,11,11,23,7,32
"ALG2",3,19,18,34,30,16,11,22,5,8
"SEC61B",16,65,60,74,72,27,12,24,4,56
"AL137067.1",1,3,7,5,7,1,1,0,0,10
"AL359710.1",15,77,56,70,112,21,34,24,13,100
"NR4A3",3,24,4,4,7,0,2,1,2,8
"STX17-AS1",1,1,1,1,6,0,3,2,2,9
"STX17",12,65,47,53,98,27,33,50,18,98
"AL358937.1",0,3,2,4,5,4,1,0,2,2
"ERP44",25,94,90,170,140,36,43,71,29,105
"INVS",57,268,223,385,355,82,82,178,87,240
"TEX10",6,26,29,31,50,8,10,21,9,42
"MSANTD3",2,6,4,11,8,0,0,1,1,3
"MSANTD3-TMEFF1",2,8,10,25,7,2,2,3,2,5
"CAVIN4",3,6,4,14,20,4,6,6,3,9
"PLPPR1",25,40,47,92,73,17,13,7,11,16
"BAAT",0,1,3,8,4,0,0,2,1,3
"MRPL50",9,18,15,19,25,12,11,15,3,14
"ZNF189",14,74,52,69,65,12,19,33,7,58
"ALDOB",0,0,0,0,1,0,0,1,0,0
"TMEM246-AS1",3,6,12,8,11,1,10,0,4,5
"TMEM246",9,24,38,59,31,8,14,7,3,13
"RNF20",5,47,25,59,42,10,10,14,6,23
"GRIN3A",7,11,14,23,13,3,3,5,1,10
"LINC00587",0,1,0,1,0,0,0,0,0,0
"LINC01492",2,3,1,0,4,0,1,3,0,2
"AL390962.1",0,0,1,0,0,0,0,1,0,1
"SMC2-AS1",0,2,6,2,1,0,1,0,0,1
"SMC2",3,12,16,36,26,8,10,4,6,5
"AL450426.1",0,0,1,0,1,0,0,0,0,0
"NIPSNAP3A",3,12,15,18,15,5,5,5,6,12
"NIPSNAP3B",4,5,5,7,5,0,3,2,2,5
"ABCA1",16,158,77,227,218,94,95,120,39,174
"SLC44A1",249,545,760,1841,1033,223,219,275,161,493
"FSD1L",12,59,65,129,115,50,46,67,18,71
"FKTN",24,77,50,69,90,17,20,49,14,52
"TAL2",0,0,0,1,0,2,0,0,1,0
"TMEM38B",8,37,35,39,33,8,10,17,5,18
"LINC01505",16,77,81,123,115,30,38,82,26,83
"AL732323.1",0,0,1,0,0,0,0,1,0,0
"ZNF462",53,226,188,353,385,115,153,141,102,302
"AL807761.4",2,17,19,14,19,15,9,11,8,63
"RAD23B",16,100,74,131,142,36,45,67,21,88
"LINC01509",0,0,0,0,2,0,0,0,0,1
"KLF4",0,3,2,12,2,3,1,3,0,7
"AL353742.1",0,0,0,0,0,0,0,0,0,0
"ELP1",10,60,55,70,71,32,34,52,10,75
"FAM206A",4,34,17,21,29,8,7,18,4,28
"CTNNAL1",7,45,42,52,60,11,15,21,9,41
"TMEM245",24,117,153,263,233,65,81,115,31,154
"FRRS1L",14,36,71,80,67,26,9,18,8,27
"EPB41L4B",6,18,44,49,28,3,4,4,3,8
"PTPN3",0,9,6,6,12,1,1,1,0,3
"PALM2",28,165,70,118,121,13,17,16,15,49
"AL158829.1",0,0,1,1,1,0,0,0,0,0
"PALM2-AKAP2",8,83,35,81,61,10,12,7,15,13
"C9orf152",0,2,1,3,0,0,0,1,0,3
"TXN",18,29,25,27,23,36,17,51,5,23
"TXNDC8",0,1,1,0,0,1,0,0,0,3
"SVEP1",7,94,42,61,47,5,12,16,12,26
"MUSK",11,7,18,10,9,2,4,4,0,13
"LPAR1",38,87,94,179,153,28,28,20,11,74
"AL162414.1",0,2,0,5,3,1,0,2,1,1
"ECPAS",42,211,166,300,264,59,70,127,43,187
"ZNF483",24,108,91,142,91,19,27,47,18,72
"PTGR1",18,94,66,91,68,14,11,56,3,75
"DNAJC25-GNG10",0,1,1,0,1,0,0,0,0,0
"GNG10",0,3,0,2,0,1,0,0,0,0
"C9orf84",12,52,72,68,106,30,23,65,6,119
"UGCG",9,63,42,68,63,17,20,35,7,39
"SUSD1",3,9,12,27,9,2,2,5,2,11
"PTBP3",7,38,29,63,74,19,22,38,7,39
"HSDL2",24,122,97,202,193,37,37,70,27,171
"C9orf147",6,15,17,32,39,14,13,10,6,46
"KIAA1958",68,278,253,439,469,137,174,223,90,362
"INIP",11,55,43,62,45,8,9,22,10,28
"AL390067.1",0,4,1,3,2,1,1,0,0,2
"SNX30",8,54,39,86,58,14,25,28,13,42
"SLC46A2",1,0,0,0,0,0,0,0,0,1
"AL139041.1",1,1,0,1,0,0,0,0,0,0
"ZNF883",11,61,48,81,53,13,27,35,8,111
"ZFP37",3,15,11,11,15,2,3,7,0,26
"FAM225B",0,0,0,0,1,0,1,0,0,0
"FAM225A",0,1,0,0,0,1,0,0,0,0
"SLC31A2",20,48,54,18,42,14,8,14,5,16
"FKBP15",19,51,49,62,54,22,16,39,7,60
"SLC31A1",4,33,32,33,34,7,8,8,4,28
"CDC26",5,20,21,14,30,13,8,12,6,16
"PRPF4",4,15,8,28,17,4,5,11,3,9
"RNF183",0,0,2,3,0,1,0,3,1,1
"WDR31",5,38,27,30,39,9,19,19,8,36
"BSPRY",0,4,0,7,5,0,1,3,0,5
"HDHD3",10,88,58,44,81,29,31,57,13,130
"ALAD",12,39,38,35,59,13,17,25,7,82
"POLE3",2,10,7,8,4,8,4,5,1,1
"C9orf43",1,1,2,2,6,5,2,3,0,6
"RGS3",13,33,66,84,98,24,27,74,19,79
"AL162727.2",0,3,1,0,0,0,0,1,0,0
"AL157702.2",0,0,0,1,0,0,0,0,0,1
"ZNF618",3,8,13,32,37,15,6,20,6,15
"AMBP",0,1,0,0,4,0,0,1,1,1
"KIF12",0,1,0,0,1,0,1,0,0,0
"COL27A1",22,41,82,352,204,108,42,97,64,117
"AKNA",0,8,3,22,16,3,5,12,4,12
"WHRN",5,53,32,58,74,26,27,46,19,29
"ATP6V1G1",21,74,60,61,73,26,22,62,7,34
"TMEM268",2,14,16,41,37,6,5,6,7,13
"TEX53",0,0,3,5,3,0,0,3,0,3
"TEX48",1,1,3,3,3,0,0,1,0,1
"TNFSF15",0,0,0,0,0,0,0,0,0,1
"TNFSF8",0,0,0,1,2,1,0,1,0,1
"TNC",45,40,66,81,191,5,13,49,11,11
"AL162425.1",0,0,0,0,0,0,0,0,0,0
"DEC1",1,6,4,1,5,2,0,1,3,7
"AL691420.1",3,6,6,3,4,2,4,9,5,1
"LINC00474",0,0,1,0,0,0,0,1,0,0
"PAPPA",3,21,24,40,23,2,3,11,3,24
"PAPPA-AS2",0,0,0,0,0,0,0,0,0,0
"AL137024.1",0,6,5,15,9,1,1,3,4,7
"PAPPA-AS1",0,1,0,1,0,0,1,2,1,1
"ASTN2",132,645,615,1432,1270,212,244,546,184,868
"ASTN2-AS1",1,15,31,35,25,3,6,12,3,36
"AL133284.1",0,1,0,0,4,2,0,0,0,0
"TRIM32",1,8,9,12,20,3,9,11,3,6
"AL161630.1",0,3,0,0,0,0,0,2,1,5
"AL160272.2",45,69,100,124,179,24,43,177,24,163
"AL160272.1",7,7,19,13,26,9,1,29,5,8
"AL354754.1",1,5,4,2,8,0,3,4,1,6
"AL355592.1",0,0,0,0,3,0,0,0,0,1
"BRINP1",68,472,336,569,549,142,136,268,69,341
"AC006288.1",0,0,1,0,0,0,0,0,0,1
"CDK5RAP2",32,173,129,238,207,60,39,112,36,117
"MEGF9",67,324,272,523,481,169,209,375,145,417
"FBXW2",18,39,43,48,35,8,13,13,8,28
"B3GNT10",0,2,2,3,3,0,0,1,0,1
"PSMD5",12,108,61,79,77,21,30,43,7,96
"PHF19",3,12,17,30,16,12,6,23,7,11
"TRAF1",7,14,20,33,20,21,14,15,11,22
"C5",7,29,28,31,47,7,17,19,5,32
"CNTRL",21,108,63,146,147,52,54,126,39,86
"RAB14",13,78,59,103,91,22,32,52,22,49
"GSN",76,194,250,676,364,121,137,144,112,242
"GSN-AS1",1,5,3,7,5,0,1,1,0,5
"STOM",12,120,63,160,120,93,131,82,40,121
"AL359644.1",8,25,20,28,32,7,18,13,9,46
"DAB2IP",14,77,58,108,74,11,19,25,12,40
"TTLL11",18,43,66,128,106,12,10,27,8,40
"NDUFA8",22,61,56,70,47,31,22,38,13,28
"MORN5",1,4,3,4,5,1,0,3,0,5
"LHX6",1,3,0,6,2,0,1,0,0,3
"RBM18",6,16,5,22,19,8,2,12,6,9
"MRRF",13,68,64,99,77,20,29,40,11,95
"PTGS1",0,1,0,2,1,1,0,3,0,1
"AL359636.3",0,1,0,0,0,0,0,0,0,0
"AL359636.1",0,0,0,2,0,0,1,1,0,3
"OR1L8",0,2,1,0,2,0,0,1,0,2
"AL162254.1",0,5,6,5,2,0,1,0,0,1
"OR1L6",0,0,0,1,0,0,0,0,0,0
"PDCL",3,27,16,28,32,8,4,17,6,17
"RC3H2",11,86,62,75,94,33,24,38,26,61
"ZBTB6",0,10,11,22,17,4,2,6,1,3
"ZBTB26",9,20,27,32,38,11,9,13,7,24
"RABGAP1",60,257,241,416,300,77,102,119,55,255
"STRBP",34,193,195,320,317,71,93,148,51,170
"CRB2",39,98,130,240,142,111,62,151,64,153
"DENND1A",79,503,346,748,697,158,246,273,116,538
"AL390774.2",2,10,21,14,13,1,3,4,0,9
"LHX2",20,163,98,145,186,89,86,137,89,182
"AC006450.3",1,7,5,5,5,1,1,4,1,3
"AC006450.2",0,1,2,1,1,1,3,1,0,4
"NEK6",21,169,67,118,110,37,22,57,14,95
"AL162724.2",0,2,2,3,1,0,2,0,0,3
"PSMB7",23,118,78,94,109,23,40,56,22,86
"ADGRD2",0,1,0,1,0,0,0,2,0,0
"NR5A1",0,0,0,0,0,0,0,0,0,0
"AL354979.1",0,0,0,2,1,0,0,0,0,0
"NR6A1",32,190,147,259,226,55,77,68,32,148
"MIR181A2HG",21,76,70,87,88,17,25,28,5,63
"OLFML2A",0,2,1,5,3,0,0,0,0,1
"RPL35",69,153,159,228,222,93,47,94,37,53
"ARPC5L",19,43,25,30,25,12,13,11,10,17
"GOLGA1",12,79,60,72,72,20,19,41,6,121
"SCAI",18,86,139,170,171,22,27,49,14,73
"PPP6C",12,84,75,87,93,24,23,30,18,71
"RABEPK",11,42,61,57,46,4,14,18,6,45
"HSPA5",46,141,96,158,252,154,82,105,41,101
"AL354710.2",1,2,1,5,5,1,1,0,0,2
"GAPVD1",24,117,95,177,124,38,28,52,25,93
"MAPKAP1",21,140,105,194,175,35,50,71,32,124
"AL162584.1",0,1,0,0,0,0,0,0,0,0
"PBX3",17,42,52,82,81,15,22,43,20,50
"AL589923.1",0,0,1,1,1,0,1,0,0,0
"AL162391.1",1,1,0,0,2,0,1,0,0,1
"MVB12B",49,181,191,358,323,63,78,115,50,196
"AL161908.1",0,0,0,1,0,0,0,0,0,0
"LMX1B",2,2,10,3,1,0,1,12,0,0
"ZBTB43",13,123,111,126,123,40,41,51,21,162
"ZBTB34",4,15,11,28,24,11,5,9,5,8
"RALGPS1",41,157,179,248,237,54,67,100,39,194
"ANGPTL2",1,3,3,2,5,1,2,1,2,3
"AL450263.1",0,0,2,1,2,0,0,0,0,1
"GARNL3",55,230,198,276,248,54,42,77,39,236
"SLC2A8",8,33,20,58,30,11,10,33,10,23
"ZNF79",2,6,7,10,7,5,1,3,0,5
"RPL12",14,27,41,53,71,21,14,18,10,28
"LRSAM1",29,82,107,116,100,29,37,63,13,93
"FAM129B",1,4,8,15,12,3,4,6,2,4
"STXBP1",32,114,144,218,141,41,33,47,11,73
"AL162426.1",0,0,2,6,7,1,0,2,2,5
"PTRH1",7,23,21,27,18,5,3,5,1,19
"CFAP157",1,3,3,4,6,2,0,2,1,1
"TTC16",1,2,3,1,2,1,0,0,0,4
"TOR2A",3,6,11,18,17,6,5,7,1,13
"SH2D3C",2,15,9,17,13,2,7,7,0,10
"CDK9",8,18,29,78,49,17,14,20,11,21
"FPGS",9,33,41,61,32,5,20,13,5,33
"ENG",5,13,14,33,24,9,5,41,25,14
"AL162586.1",2,5,2,9,9,0,1,2,3,6
"AK1",6,17,17,27,34,46,21,42,22,31
"AL157935.2",0,2,3,3,3,1,0,1,0,2
"ST6GALNAC4",2,10,12,12,17,2,5,10,1,13
"PIP5KL1",0,1,3,0,1,0,0,0,0,3
"AL157935.1",0,0,0,0,0,0,0,0,0,1
"DPM2",6,27,26,26,28,9,9,19,3,22
"FAM102A",37,76,68,130,94,26,34,47,20,62
"AL360268.2",0,2,1,0,0,0,0,0,0,0
"NAIF1",0,3,3,10,7,4,2,4,1,6
"SLC25A25",19,72,55,51,39,10,12,17,5,49
"AL360268.1",0,1,0,0,0,0,0,2,0,1
"SLC25A25-AS1",3,6,11,18,15,9,3,13,6,6
"PTGES2",5,50,39,49,32,10,10,17,5,22
"AL590708.1",0,1,1,2,2,0,0,4,2,4
"C9orf16",27,59,69,99,49,24,23,28,2,40
"CIZ1",10,34,52,79,49,27,16,60,17,44
"DNM1",33,157,176,278,173,42,22,47,22,61
"GOLGA2",13,56,52,89,73,15,24,47,8,21
"SWI5",6,22,18,24,22,9,4,3,2,25
"TRUB2",4,17,16,29,14,5,6,8,3,21
"AL359091.4",0,1,2,5,1,3,1,4,0,2
"COQ4",28,53,53,107,63,20,13,38,14,35
"SLC27A4",16,41,47,76,45,10,14,18,9,26
"URM1",22,80,72,60,57,15,21,30,14,46
"AL359091.1",89,221,158,56,128,20,44,16,32,106
"CERCAM",68,125,106,293,186,18,34,23,35,47
"ODF2",5,25,39,52,53,13,6,21,13,25
"ODF2-AS1",0,1,1,0,0,0,0,0,0,0
"GLE1",4,32,53,63,73,19,24,28,11,43
"AL356481.1",1,8,6,8,16,0,4,4,2,14
"SPTAN1",46,264,223,349,338,87,90,139,54,226
"AL356481.3",0,0,0,0,0,0,0,0,0,1
"WDR34",6,14,15,40,26,8,6,15,7,17
"HMGA1P4",0,1,1,0,0,0,1,0,0,0
"SET",23,72,42,95,68,29,31,30,15,48
"PKN3",0,2,2,2,3,2,2,1,3,3
"ZDHHC12",0,9,6,2,6,3,5,7,3,4
"AL441992.1",0,0,0,0,2,0,0,3,0,1
"ZER1",42,117,120,166,156,41,36,56,23,95
"TBC1D13",14,27,35,98,39,19,15,19,7,22
"ENDOG",9,19,18,49,20,11,3,12,6,5
"SPOUT1",14,21,49,112,61,35,39,62,19,35
"KYAT1",14,70,80,72,75,12,26,31,14,71
"LRRC8A",26,148,108,142,117,80,68,89,74,149
"PHYHD1",22,82,76,114,97,28,35,28,17,156
"AL672142.1",0,2,4,5,7,0,3,2,1,11
"DOLK",0,12,10,25,13,5,2,7,2,7
"NUP188",6,36,34,75,73,34,33,35,28,44
"AL592211.1",0,1,1,0,0,0,0,3,0,0
"SH3GLB2",27,58,73,202,105,40,31,28,22,31
"MIGA2",14,28,50,86,48,24,16,23,12,36
"DOLPP1",1,7,12,16,21,4,4,10,2,11
"CRAT",5,25,21,21,29,11,7,15,8,8
"PTPA",15,92,80,155,70,27,28,62,20,61
"AL158151.4",1,1,2,2,1,1,0,1,1,2
"IER5L",8,39,38,43,34,7,12,42,4,34
"AL158151.3",0,1,5,0,2,1,0,1,0,0
"AL158151.1",3,6,12,4,5,0,2,1,1,2
"AL161785.3",0,1,1,2,2,0,1,0,0,2
"C9orf106",0,1,1,1,1,0,0,0,0,0
"LINC01503",5,24,9,16,12,4,2,3,1,2
"AL353803.2",0,1,1,1,1,1,1,1,0,4
"AL391056.1",1,0,0,0,0,0,0,0,0,0
"NTMT1",5,37,24,26,25,6,8,8,0,19
"C9orf50",1,5,9,2,5,1,1,1,2,6
"ASB6",11,40,39,62,37,14,25,22,12,23
"PRRX2",0,1,0,0,0,2,1,0,3,1
"PRRX2-AS1",0,0,0,1,0,0,0,0,0,0
"PTGES",0,1,0,2,1,2,0,2,0,1
"TOR1B",1,23,21,27,28,4,5,9,2,21
"TOR1A",4,15,25,18,11,2,2,5,2,7
"C9orf78",9,35,19,39,37,14,9,27,4,23
"USP20",4,57,33,70,57,14,13,29,9,42
"FNBP1",199,960,631,1033,823,186,205,290,121,731
"AL158207.2",0,0,0,3,1,0,0,0,0,1
"AL136141.1",0,1,0,0,0,0,1,1,1,0
"GPR107",30,133,107,172,130,33,34,65,27,105
"NCS1",16,64,57,97,60,15,14,30,23,45
"HMCN2",7,26,15,38,24,73,17,133,40,4
"ASS1",2,8,4,15,17,1,3,2,1,5
"FUBP3",8,93,52,103,89,20,15,47,6,65
"PRDM12",1,1,2,1,0,0,0,0,0,0
"EXOSC2",1,17,12,20,11,4,1,6,5,12
"ABL1",31,146,106,224,211,50,51,94,52,172
"FIBCD1",0,1,0,1,0,0,0,0,0,0
"LAMC3",0,5,2,5,3,3,2,8,2,6
"AIF1L",6,27,37,42,27,5,6,3,5,6
"NUP214",20,119,64,134,131,32,20,48,19,73
"AL157938.2",1,47,51,47,35,9,18,17,0,49
"AL157938.3",12,94,67,101,72,13,11,22,3,31
"FAM78A",1,0,3,3,2,0,2,2,0,2
"PLPP7",8,21,15,34,31,4,5,11,7,16
"PRRC2B",26,206,113,250,184,56,51,124,30,126
"AL358781.1",0,0,1,0,0,0,0,0,0,0
"POMT1",14,58,45,73,57,29,17,37,11,32
"AL358781.2",0,0,1,0,2,1,0,0,0,3
"UCK1",4,14,11,29,25,10,15,24,11,22
"RAPGEF1",14,93,71,113,110,30,18,50,12,70
"MED27",31,176,134,211,176,26,49,79,15,132
"NTNG2",33,51,34,88,58,33,16,23,51,24
"SETX",43,167,139,224,251,71,69,86,27,161
"TTF1",19,76,56,82,104,28,27,43,10,64
"CFAP77",0,9,5,9,5,5,2,9,4,4
"DDX31",4,69,37,41,35,7,10,18,5,25
"GTF3C4",6,23,16,27,31,19,10,7,5,14
"AK8",6,17,16,29,25,6,4,9,1,17
"SPACA9",5,19,14,16,17,6,11,7,6,19
"TSC1",20,74,64,99,77,21,29,45,16,58
"GFI1B",0,0,2,0,3,0,1,0,1,4
"GTF3C5",6,39,46,74,36,10,9,18,8,23
"CEL",0,1,6,6,3,2,0,0,0,3
"RALGDS",37,308,111,363,180,56,80,93,36,94
"AL162417.1",0,4,3,3,3,0,1,0,2,6
"ABO",0,0,0,2,5,0,0,0,0,0
"SURF6",4,31,21,30,29,5,6,12,1,16
"MED22",5,19,22,35,18,6,6,8,6,19
"RPL7A",29,79,67,71,91,55,32,75,27,52
"SURF1",12,15,30,31,12,13,13,27,7,15
"SURF2",5,9,11,10,5,5,0,6,0,5
"SURF4",15,60,59,117,97,41,22,64,20,47
"STKLD1",4,7,9,13,9,4,1,2,3,11
"REXO4",7,32,49,47,53,7,10,19,1,17
"ADAMTS13",10,10,32,30,22,16,14,28,14,20
"CACFD1",3,21,8,29,21,8,6,10,6,14
"SLC2A6",4,20,25,35,25,4,6,13,4,17
"MYMK",0,0,0,0,0,0,0,0,0,0
"ADAMTSL2",0,12,9,11,7,0,4,2,1,9
"FAM163B",1,0,0,1,2,0,0,1,0,1
"AC002101.1",0,1,1,2,1,0,0,1,0,1
"DBH",0,0,0,0,0,0,0,0,0,0
"DBH-AS1",3,2,6,3,6,3,4,4,4,2
"SARDH",2,8,6,6,17,4,7,9,2,10
"VAV2",23,52,39,65,57,16,19,25,6,34
"BRD3OS",6,15,19,21,25,9,16,16,7,15
"BRD3",8,41,31,61,50,12,10,27,11,42
"BX649632.1",0,1,2,1,3,0,2,0,2,0
"WDR5",5,39,38,66,38,15,9,24,15,22
"BX649601.1",1,0,0,0,0,0,0,0,1,1
"RXRA",36,77,78,137,117,53,59,87,35,74
"AL669970.1",0,1,0,2,1,0,0,1,0,2
"AL669970.3",1,0,1,0,1,1,0,0,0,0
"COL5A1",2,3,10,20,12,10,1,4,1,10
"FCN1",0,0,0,0,0,0,0,0,0,0
"AL353611.1",0,0,0,0,1,0,0,0,0,0
"OLFM1",44,144,131,247,120,56,25,55,13,40
"AL390778.1",0,0,1,0,0,1,0,0,1,0
"AL390778.2",0,0,0,0,0,0,0,0,0,0
"PPP1R26-AS1",3,10,10,10,15,1,4,4,2,6
"PPP1R26",2,18,19,23,20,5,7,10,5,15
"C9orf116",3,3,5,5,5,1,0,2,1,0
"MRPS2",2,17,25,32,19,17,10,23,6,15
"AL161452.1",0,0,0,0,1,0,1,0,0,1
"LCN1",0,0,0,0,0,0,0,0,0,0
"LINC01502",0,0,0,1,2,0,0,2,0,0
"AL354761.1",0,0,0,0,0,0,0,0,0,0
"GLT6D1",0,2,0,0,2,0,0,1,0,1
"SOHLH1",1,5,2,12,6,0,2,2,1,0
"KCNT1",3,22,38,54,50,8,4,6,5,12
"CAMSAP1",16,50,78,113,85,18,19,29,9,44
"AL355574.1",1,2,2,15,9,1,1,1,0,7
"UBAC1",7,58,28,48,46,13,16,30,8,43
"NACC2",23,143,89,186,203,220,159,195,103,190
"AL138781.1",0,1,0,1,0,0,0,0,0,0
"TMEM250",3,13,16,24,6,1,3,8,8,5
"AL138781.2",0,0,0,0,1,1,0,1,0,0
"QSOX2",2,20,11,38,24,10,4,17,10,21
"CCDC187",0,0,0,1,0,1,0,0,0,2
"CR392000.2",1,0,0,0,0,0,0,0,0,0
"AC174065.1",0,1,1,3,0,0,0,0,1,1
"GPSM1",14,27,38,61,56,11,16,25,17,17
"DNLZ",0,1,2,1,2,2,0,1,2,1
"CARD9",2,2,6,5,5,0,1,1,1,3
"SNAPC4",5,14,25,45,33,12,11,27,10,14
"ENTR1",9,15,26,60,41,13,11,26,18,26
"PMPCA",8,29,27,41,41,17,20,28,12,25
"INPP5E",5,10,20,43,29,25,19,43,9,25
"SEC16A",12,45,40,65,58,15,10,28,16,32
"C9orf163",1,0,1,1,1,0,1,0,0,1
"NOTCH1",22,41,60,92,99,31,26,86,22,73
"NALT1",1,0,1,0,2,0,2,0,0,3
"AL590226.1",0,1,1,0,0,1,0,2,0,0
"EGFL7",7,16,17,27,14,4,1,2,4,2
"AGPAT2",0,8,19,18,11,5,3,20,7,7
"FAM69B",6,19,18,31,17,10,6,9,6,7
"SNHG7",10,40,31,52,51,25,23,34,10,34
"LCN8",1,0,0,2,2,0,0,0,0,0
"LCN15",0,0,2,0,0,1,1,1,0,0
"AL355987.3",0,0,0,2,0,0,0,0,1,0
"CCDC183",1,7,7,9,10,6,2,1,3,5
"CCDC183-AS1",0,2,3,0,1,2,1,1,0,1
"RABL6",29,79,87,194,119,35,26,46,33,68
"AJM1",1,8,22,39,21,10,6,17,10,12
"PHPT1",33,73,88,104,92,43,30,48,19,40
"MAMDC4",10,11,15,18,9,10,7,12,8,12
"EDF1",46,179,131,173,134,39,41,82,34,68
"TRAF2",6,20,22,43,26,13,12,26,5,22
"FBXW5",14,59,41,98,75,31,27,59,24,41
"C8G",0,1,3,2,4,4,0,2,3,1
"LCN12",19,57,78,84,29,5,11,5,6,83
"PTGDS",2,7,9,2,7,3,1,7,1,0
"AL807752.7",1,10,10,12,4,14,0,9,7,2
"LCNL1",61,179,234,288,171,76,25,64,32,172
"PAXX",20,41,55,104,87,55,35,102,40,70
"CLIC3",0,0,1,0,1,0,0,0,0,0
"ABCA2",66,145,168,306,240,70,65,73,65,86
"C9orf139",0,2,3,1,0,0,0,0,0,1
"FUT7",0,0,0,0,2,0,0,0,0,1
"AL807752.6",10,10,21,22,18,44,10,15,31,10
"NPDC1",2,9,10,5,4,0,3,2,2,7
"ENTPD2",15,19,26,55,50,40,24,33,30,45
"AL807752.2",1,0,6,3,5,3,0,0,0,4
"SAPCD2",0,1,2,3,2,0,2,0,1,3
"UAP1L1",10,8,30,51,28,8,8,20,10,21
"MAN1B1-DT",3,4,7,4,12,2,2,2,0,3
"MAN1B1",17,40,49,79,52,17,14,25,21,33
"DPP7",40,94,170,198,142,77,48,103,56,107
"GRIN1",29,111,209,384,176,41,15,43,26,23
"LRRC26",0,0,2,0,0,0,0,0,0,0
"ANAPC2",6,20,25,48,20,10,5,21,6,16
"SSNA1",18,50,47,97,67,33,21,49,16,37
"TPRN",8,28,33,67,62,11,7,15,9,21
"TMEM203",3,18,19,23,17,13,13,25,3,17
"NDOR1",0,13,16,15,7,4,2,8,2,19
"BX255925.3",5,10,14,31,24,10,5,11,7,3
"RNF208",4,22,28,63,28,5,3,17,3,15
"CYSRT1",0,0,1,0,1,0,1,0,0,1
"TUBB4B",19,133,77,88,60,33,23,42,14,33
"FAM166A",0,0,1,2,0,0,0,0,0,0
"STPG3-AS1",1,0,3,2,1,0,1,1,0,2
"NELFB",14,38,29,52,48,17,7,27,14,19
"TOR4A",0,0,1,0,0,0,0,0,0,0
"NRARP",1,1,2,0,1,2,1,0,0,1
"EXD3",14,52,53,84,65,11,13,29,17,44
"NOXA1",8,16,23,19,17,6,7,8,10,8
"NSMF",73,126,156,341,165,82,64,121,97,86
"PNPLA7",47,72,106,156,138,52,43,49,39,121
"MRPL41",43,97,149,248,128,60,31,64,26,61
"DPH7",9,40,55,57,45,18,12,40,10,54
"ZMYND19",2,5,5,23,7,2,4,11,3,6
"ARRDC1",4,10,19,34,18,10,8,9,4,15
"ARRDC1-AS1",8,22,17,35,24,13,12,20,10,24
"EHMT1",45,255,258,450,404,84,84,195,65,244
"AL772363.1",0,0,1,0,0,0,0,0,0,0
"CACNA1B",47,131,259,340,373,57,60,141,38,142
"AC069287.1",0,0,0,1,0,1,1,1,0,1
"LINC01001",1,6,6,7,7,4,2,2,4,2
"AC069287.3",3,34,7,17,25,9,13,17,7,33
"BET1L",2,24,8,26,25,6,13,10,2,22
"AC069287.2",0,0,0,0,0,0,0,0,0,0
"RIC8A",7,30,18,44,28,20,12,25,3,14
"SIRT3",7,50,54,32,55,15,15,24,9,39
"PSMD13",17,57,57,70,51,20,17,35,12,40
"PGGHG",7,9,19,79,15,24,28,31,13,11
"IFITM2",3,10,20,50,12,79,26,16,3,20
"AC136475.1",0,4,9,11,8,1,3,6,2,4
"IFITM3",25,240,230,221,154,139,104,211,58,99
"AC136475.5",1,2,0,2,10,4,4,2,0,1
"B4GALNT4",51,100,189,605,251,131,123,249,77,112
"PKP3",1,0,1,0,0,0,1,0,1,1
"SIGIRR",14,44,48,94,63,54,26,53,16,71
"ANO9",0,0,2,3,1,0,1,2,0,1
"PTDSS2",13,57,70,92,72,42,32,48,31,46
"AC138230.1",0,0,0,0,2,1,0,0,0,2
"RNH1",34,115,98,49,66,24,15,37,10,52
"HRAS",10,25,26,29,30,14,15,16,5,14
"LRRC56",0,1,4,6,4,4,1,4,4,4
"LMNTD2",0,0,1,2,0,1,0,1,0,0
"AP006284.1",0,0,0,1,2,1,0,1,1,0
"RASSF7",2,4,3,19,9,3,6,5,3,14
"MIR210HG",2,2,4,27,8,0,8,3,1,1
"PHRF1",8,25,16,46,27,9,11,21,2,17
"IRF7",1,13,7,32,25,31,11,20,5,18
"CDHR5",0,1,1,2,0,0,1,0,1,0
"SCT",0,0,0,0,0,0,0,1,0,0
"DRD4",2,6,2,2,3,1,0,0,0,2
"DEAF1",9,70,69,150,107,19,24,39,22,85
"AC131934.1",5,17,30,37,47,3,15,7,2,37
"EPS8L2",9,12,6,12,17,7,7,11,5,9
"AP006621.4",0,2,2,8,4,1,1,2,1,4
"TALDO1",23,56,59,58,72,30,20,55,11,38
"GATD1",22,41,41,76,49,28,16,28,13,39
"AP006621.3",20,66,60,57,61,19,21,32,9,58
"CEND1",34,84,62,129,58,14,17,23,11,44
"SLC25A22",6,20,18,30,21,10,7,11,5,10
"PANO1",0,2,2,2,0,2,0,1,1,0
"PIDD1",16,36,60,87,71,37,32,49,26,48
"RPLP2",59,127,151,218,241,112,51,102,65,69
"PNPLA2",9,44,15,39,41,38,21,59,23,24
"AP006621.1",0,0,0,0,1,0,0,0,0,1
"CRACR2B",3,0,4,4,11,7,2,7,2,13
"CD151",13,48,70,70,42,59,27,87,12,54
"POLR2L",33,71,74,78,82,41,25,49,15,47
"TSPAN4",5,17,24,19,21,14,8,17,6,10
"AP006623.1",2,11,4,5,10,2,1,3,1,11
"CHID1",17,28,43,52,33,16,10,20,7,18
"AP2A2",27,118,159,163,162,36,31,47,23,60
"MUC6",0,13,12,18,17,2,1,0,0,4
"AC139749.1",0,0,0,0,0,0,0,0,0,0
"MUC5AC",0,0,0,1,1,0,0,0,0,0
"MUC5B",0,1,1,0,1,0,0,0,0,0
"TOLLIP",18,56,48,69,52,24,18,42,17,36
"TOLLIP-AS1",4,7,4,7,2,2,0,11,1,10
"BRSK2",14,46,46,111,57,20,14,34,15,32
"MOB2",4,27,28,70,39,21,11,29,15,24
"DUSP8",2,8,10,36,13,8,1,11,6,5
"KRTAP5-AS1",0,6,11,11,13,4,1,7,1,5
"KRTAP5-1",0,0,0,0,0,0,0,0,0,0
"KRTAP5-2",0,0,0,0,0,0,0,0,0,0
"IFITM10",0,3,0,1,0,1,1,0,3,1
"TNNI2",0,0,0,0,0,0,0,0,0,0
"LSP1",0,0,0,0,3,0,0,0,0,0
"LINC01150",0,0,0,0,0,0,0,0,0,0
"TNNT3",0,0,0,0,0,0,0,0,1,0
"MRPL23",7,11,8,17,13,4,3,3,1,13
"MRPL23-AS1",0,1,0,0,0,0,0,0,0,0
"LINC01219",0,0,1,0,0,0,0,0,0,1
"TH",0,0,0,0,0,0,0,0,0,0
"ASCL2",0,0,0,0,0,0,0,0,0,0
"C11orf21",0,0,0,0,0,0,0,0,0,0
"TSPAN32",1,1,1,1,1,0,0,1,0,3
"CD81-AS1",2,12,4,10,12,4,1,4,6,10
"CD81",51,292,308,501,362,225,163,209,171,165
"TSSC4",7,37,18,46,24,14,10,19,7,24
"KCNQ1",10,40,34,35,44,10,10,9,4,31
"KCNQ1OT1",19,71,73,69,97,25,21,27,10,46
"KCNQ1-AS1",0,0,0,0,0,0,0,0,0,0
"KCNQ1DN",2,0,0,2,1,0,0,0,0,0
"CDKN1C",5,30,27,62,29,6,9,13,14,5
"SLC22A18AS",0,0,0,1,0,0,0,0,0,0
"SLC22A18",1,4,4,5,6,3,0,6,0,14
"PHLDA2",2,0,3,4,1,1,1,0,0,0
"NAP1L4",46,172,169,209,170,58,82,72,77,150
"CARS",10,61,60,79,62,19,18,53,6,48
"CARS-AS1",0,0,2,3,0,0,0,0,0,0
"OSBPL5",4,48,33,52,56,8,19,25,13,25
"ZNF195",11,21,34,55,45,10,9,27,10,25
"AC127526.1",3,13,23,28,20,6,4,18,8,23
"ART5",0,0,0,1,0,0,0,0,0,1
"ART1",0,0,0,0,0,0,0,0,0,1
"CHRNA10",2,1,6,2,5,1,0,1,1,0
"NUP98",15,92,55,107,89,33,34,37,13,90
"PGAP2",15,17,23,20,30,12,4,6,3,16
"RHOG",11,37,26,56,27,16,11,26,11,12
"STIM1",33,138,117,186,168,42,64,99,31,153
"RRM1",4,13,15,23,17,5,7,13,3,10
"AC015689.1",1,0,0,0,0,0,0,0,0,0
"TRIM21",0,0,1,3,1,0,0,2,0,2
"OR52K1",0,0,0,0,0,0,0,0,0,0
"OR52I1",0,2,2,0,1,0,1,1,1,0
"TRIM68",4,12,4,14,5,4,6,11,1,3
"OR51E2",0,0,1,0,0,0,0,0,0,0
"MMP26",1,0,2,5,4,4,1,2,3,4
"OR52A5",0,0,0,2,0,0,0,0,0,0
"OR52A1",0,0,0,0,0,0,0,0,0,0
"HBB",22,276,192,21,475,10,16,20,3,55
"HBD",0,1,1,0,2,0,1,0,0,0
"AC104389.4",6,18,17,38,87,21,31,46,6,60
"OR51M1",0,0,0,0,0,0,0,0,0,0
"OR51I2",0,1,2,0,3,1,3,1,1,4
"TRIM6-TRIM34",0,0,0,2,0,0,0,0,0,0
"TRIM5",3,1,4,4,26,7,44,41,8,12
"TRIM22",4,12,7,6,21,4,2,4,2,4
"OR56B1",0,0,0,0,0,0,0,0,0,0
"OR52E5",0,0,1,0,2,2,0,0,3,1
"OR56A3",0,0,0,0,0,0,0,1,0,0
"OR56A1",0,0,0,0,0,0,0,0,0,0
"AC022762.2",1,2,6,5,8,5,1,6,2,2
"C11orf42",0,0,1,1,3,0,0,1,0,0
"FAM160A2",16,36,29,66,60,10,25,34,10,49
"CNGA4",4,30,21,5,21,3,8,7,1,48
"CCKBR",1,5,8,3,5,0,2,0,0,4
"CAVIN3",0,0,2,0,1,0,0,1,0,1
"SMPD1",13,57,56,80,36,29,24,36,27,28
"APBB1",26,169,114,265,139,57,47,83,43,80
"HPX",1,0,1,0,0,0,1,2,2,0
"TRIM3",8,12,29,32,16,6,3,11,9,10
"ARFIP2",8,33,22,35,27,14,15,44,9,19
"AC084337.2",5,47,34,79,35,6,8,12,3,29
"DNHD1",47,150,135,235,176,33,30,56,33,123
"RRP8",6,31,23,17,25,6,10,13,2,24
"ILK",24,140,81,75,87,53,32,89,28,130
"TAF10",4,9,14,16,8,5,5,8,8,5
"TPP1",29,161,126,209,202,92,67,129,70,108
"AC091564.6",0,1,0,0,0,0,0,0,0,0
"DCHS1",4,27,17,38,17,13,9,13,5,15
"AC091564.5",0,0,0,0,0,0,0,0,0,0
"MRPL17",4,17,11,17,12,5,2,10,0,3
"OR2AG2",1,1,1,0,0,0,0,0,0,0
"OR2AG1",0,0,1,0,0,0,0,0,0,0
"OR6A2",1,1,0,1,0,0,1,1,0,1
"AC087280.2",2,8,19,32,16,2,2,2,1,15
"OR10A2",0,0,0,0,0,0,0,0,0,0
"ZNF215",0,4,1,5,3,1,1,1,0,3
"ZNF214",3,12,1,8,11,3,7,6,0,8
"NLRP14",0,2,0,1,2,1,2,2,0,3
"SYT9",28,141,108,107,138,37,50,73,27,118
"AC107884.1",4,21,11,26,22,7,5,11,6,16
"OLFML1",0,0,1,1,0,0,0,0,0,0
"PPFIBP2",5,26,30,76,23,4,7,9,5,22
"CYB5R2",3,6,10,14,8,1,0,0,0,1
"OVCH2",0,1,2,0,3,0,0,0,0,1
"AC044810.3",0,5,1,0,1,0,0,0,0,3
"AC104237.1",1,0,0,0,0,0,0,0,0,0
"NLRP10",0,0,0,0,2,0,1,1,0,2
"EIF3F",9,49,33,52,60,13,24,37,12,43
"TUB",3,23,25,32,41,13,13,15,10,21
"RIC3",33,171,124,225,170,44,53,91,34,127
"AC091013.1",0,0,1,0,1,0,0,0,0,1
"LMO1",1,7,5,6,3,1,0,1,0,7
"STK33",54,378,166,395,430,148,164,489,139,298
"TRIM66",32,75,37,76,80,11,12,18,10,73
"RPL27A",56,197,196,194,272,86,53,110,39,90
"ST5",41,188,116,136,170,19,35,58,22,118
"AC026894.1",3,13,13,8,9,1,1,3,0,10
"AKIP1",7,23,20,14,19,10,5,20,6,11
"C11orf16",0,0,0,3,0,1,0,0,0,0
"TMEM9B",16,72,71,66,59,22,24,36,9,71
"TMEM9B-AS1",6,17,19,45,61,9,9,8,9,25
"NRIP3",5,6,10,20,10,1,1,2,0,3
"AC079296.1",0,3,3,3,5,1,0,4,1,1
"SCUBE2",2,8,10,19,18,8,3,12,3,5
"DENND5A",42,105,116,196,176,38,40,74,26,133
"TMEM41B",15,131,69,104,107,21,27,36,14,65
"IPO7",12,68,63,130,81,22,21,61,18,36
"AC132192.1",0,8,7,9,7,1,0,5,0,5
"AC132192.2",4,17,25,7,29,7,13,14,4,49
"ZNF143",2,31,11,32,29,11,9,14,8,28
"WEE1",0,4,4,1,2,3,1,2,1,2
"SWAP70",9,67,42,104,142,31,32,57,20,102
"AC026250.1",0,0,0,1,1,0,0,0,0,0
"SBF2-AS1",6,30,43,53,57,14,16,25,6,49
"SBF2",108,530,440,739,725,176,306,358,130,553
"AC011092.2",15,74,69,93,80,17,27,38,10,91
"AC100763.1",2,24,21,18,19,4,7,6,0,23
"ADM",0,4,10,32,10,2,2,12,0,8
"AMPD3",8,35,22,47,29,14,18,16,7,24
"MTRNR2L8",0,9,5,21,15,3,0,15,4,1
"RNF141",10,32,24,37,31,23,17,19,8,31
"MRVI1-AS1",2,15,19,24,27,8,7,8,2,21
"LYVE1",9,52,31,104,100,32,13,25,8,56
"MRVI1",34,345,102,285,167,25,57,79,27,256
"CTR9",6,66,37,65,48,16,18,27,8,30
"EIF4G2",22,93,77,137,92,58,37,80,24,53
"AC116535.1",3,9,10,12,16,5,7,10,3,16
"ZBED5",22,104,108,201,151,42,38,77,39,86
"ZBED5-AS1",7,17,14,20,34,8,7,17,6,26
"AC069360.1",0,0,0,0,1,0,0,0,0,1
"AC111188.1",1,1,1,0,0,0,0,0,0,0
"GALNT18",50,401,192,574,337,85,76,180,62,208
"AC023946.1",0,0,0,0,0,0,0,0,0,0
"USP47",77,390,283,462,489,168,148,266,99,280
"DKK3",79,538,555,895,599,251,230,373,175,340
"LINC02547",0,0,0,0,0,0,0,0,0,0
"AC124276.1",0,0,0,0,0,0,0,0,0,0
"MICAL2",8,48,56,94,66,10,14,14,5,41
"PARVA",12,80,76,206,134,49,35,60,29,93
"TEAD1",77,392,339,575,525,181,234,203,131,337
"AC013549.1",0,1,2,1,1,0,1,0,0,1
"LINC00958",0,1,2,1,9,0,1,7,2,4
"AC084859.1",0,2,0,0,0,0,1,3,0,3
"RASSF10",0,1,0,1,0,0,0,2,0,1
"AC013762.1",0,1,0,1,0,0,0,0,0,0
"ARNTL",19,66,68,121,114,15,35,51,11,100
"BTBD10",21,62,73,121,131,34,41,55,19,72
"PTH",0,0,1,1,0,4,2,3,2,1
"FAR1",49,163,132,219,235,71,94,130,52,143
"LINC02548",0,0,3,3,0,0,0,0,0,0
"AC027779.1",0,4,3,1,1,5,0,2,0,7
"SPON1",143,395,384,943,702,177,232,334,141,484
"SPON1-AS1",0,3,1,4,3,1,1,4,0,6
"RRAS2",8,40,30,48,65,17,33,33,13,39
"COPB1",13,97,68,129,125,47,33,67,32,68
"AC018523.2",3,2,1,5,3,1,1,2,0,4
"PSMA1",10,66,84,112,123,38,47,78,28,95
"PDE3B",66,240,374,531,477,106,186,208,82,315
"CYP2R1",2,17,28,34,40,11,9,16,7,31
"CALCB",6,13,26,44,38,9,9,20,7,39
"INSC",1,0,1,1,0,0,0,1,1,1
"AC073172.2",0,0,2,0,0,0,0,0,0,1
"AC073172.1",0,0,0,0,1,0,0,1,0,0
"AC087379.2",0,0,3,2,1,2,2,6,0,0
"AC087379.1",0,1,0,1,3,0,0,0,0,2
"AC009869.1",0,0,0,0,0,0,0,0,0,0
"SOX6",129,537,477,988,1000,236,395,582,208,797
"AC103794.1",0,2,0,0,0,0,0,0,0,0
"C11orf58",27,277,122,141,203,67,70,113,31,145
"PLEKHA7",81,254,338,371,463,134,113,152,66,236
"RPS13",19,62,51,45,94,58,32,67,18,66
"PIK3C2A",61,481,237,228,307,74,119,184,61,422
"NUCB2",10,40,37,41,75,20,24,38,10,59
"NCR3LG1",2,4,10,5,6,1,1,5,1,2
"AC124798.1",2,5,5,10,4,2,1,1,0,2
"KCNJ11",0,0,4,8,3,3,1,1,1,2
"ABCC8",19,35,45,48,52,7,5,10,1,17
"USH1C",7,6,5,5,4,2,4,5,3,4
"OTOG",1,0,0,0,1,0,0,1,0,0
"MYOD1",0,0,0,0,0,0,0,0,0,0
"KCNC1",6,40,60,80,43,10,12,17,0,35
"SERGEF",15,92,113,259,157,30,43,54,15,81
"TPH1",1,3,1,1,0,0,0,2,0,1
"SAAL1",1,13,11,18,30,9,8,20,4,11
"MRGPRX3",0,0,0,0,1,1,0,0,0,0
"AC090099.4",0,0,0,0,0,0,0,0,0,0
"SAA2-SAA4",0,0,0,0,0,0,0,0,0,0
"SAA1",0,3,0,0,2,1,1,1,0,2
"HPS5",8,66,29,52,62,13,19,32,8,48
"GTF2H1",12,58,36,75,83,17,31,32,9,53
"LDHA",18,70,61,65,28,20,11,29,4,15
"LDHC",0,1,2,1,4,1,1,4,1,1
"LDHAL6A",1,4,5,4,3,1,0,2,0,4
"TSG101",14,110,74,97,101,38,22,46,21,59
"UEVLD",9,77,41,70,78,18,23,43,10,59
"SPTY2D1OS",8,16,18,26,21,4,5,10,3,11
"SPTY2D1",3,14,11,18,20,11,8,18,1,15
"TMEM86A",1,0,0,2,0,1,1,0,1,1
"IGSF22",1,4,2,4,1,0,0,1,1,0
"AC103974.1",3,6,13,11,12,3,1,4,1,5
"PTPN5",4,21,43,21,28,3,4,3,1,7
"MRGPRX2",0,0,1,0,0,1,0,0,0,0
"ZDHHC13",8,43,33,63,74,18,24,38,10,54
"CSRP3",0,1,0,1,0,0,0,0,0,1
"AC009652.2",0,3,2,3,2,0,1,1,0,2
"E2F8",0,1,1,0,1,0,0,1,0,0
"NAV2",238,1518,1004,2443,1297,192,386,483,171,840
"NAV2-AS4",0,0,0,0,0,0,0,1,0,0
"AC009549.1",0,1,2,2,1,0,0,1,0,0
"NAV2-AS3",0,45,7,11,4,0,2,3,0,6
"NAV2-AS2",0,4,2,1,0,0,0,0,0,1
"NAV2-AS1",0,0,0,2,1,0,0,0,0,0
"HTATIP2",14,15,19,31,24,12,10,26,5,16
"PRMT3",18,56,70,170,126,35,28,53,12,108
"SLC6A5",0,0,1,0,0,0,0,0,0,0
"NELL1",13,60,105,92,115,13,9,19,7,31
"AC090857.2",0,0,0,0,1,0,0,0,0,0
"ANO5",25,193,112,178,185,31,60,84,25,138
"AC104009.1",0,5,10,14,8,2,6,9,0,20
"SLC17A6",0,11,8,6,4,1,3,1,0,3
"LINC01495",0,1,1,0,1,3,2,2,0,1
"FANCF",1,9,4,8,5,1,5,4,3,10
"GAS2",9,44,66,95,76,9,21,19,7,72
"SVIP",11,74,74,80,82,26,22,33,12,31
"AC006299.1",2,10,13,11,28,1,1,6,2,7
"CCDC179",0,0,0,0,1,0,1,0,0,0
"AC090092.1",1,1,8,2,2,0,1,0,1,1
"AC100768.2",0,3,3,2,6,0,0,0,0,3
"AC100768.1",0,0,2,2,0,0,0,0,0,0
"LUZP2",7,22,50,103,104,11,3,13,6,16
"AC090592.1",0,1,1,1,0,0,0,1,0,0
"AC099687.1",0,0,0,0,0,0,0,0,0,0
"ANO3",8,28,43,43,56,12,8,3,3,9
"MUC15",0,0,0,0,0,0,0,0,0,0
"SLC5A12",0,2,2,1,3,1,1,0,0,2
"FIBIN",9,52,50,32,41,18,23,32,11,49
"BBOX1",23,145,123,270,246,111,94,130,42,142
"BBOX1-AS1",1,35,22,24,28,4,13,9,1,16
"CCDC34",5,9,11,17,29,8,6,8,7,12
"LGR4",69,530,330,515,465,94,194,166,84,508
"AC100771.2",0,5,9,21,15,1,2,3,0,9
"LIN7C",3,19,23,33,22,13,7,29,7,16
"BDNF-AS",47,163,120,148,256,69,80,114,40,149
"LINC00678",0,1,0,0,0,0,0,0,0,0
"BDNF",2,6,5,3,3,1,0,0,0,1
"AC090159.1",0,0,0,1,0,0,0,0,0,1
"KIF18A",0,0,0,2,2,1,1,2,0,3
"METTL15",52,275,243,367,323,91,126,168,64,260
"AC090833.1",5,9,7,27,5,0,1,2,1,5
"AC090791.1",0,0,1,1,1,0,0,0,0,0
"AC090124.1",2,3,4,4,4,1,3,1,0,4
"AC110058.1",0,1,0,0,1,0,0,0,0,0
"LINC02546",0,0,0,0,0,0,0,0,0,1
"AC107973.1",0,0,3,1,1,3,1,0,0,5
"LINC01616",0,3,2,4,3,0,0,0,0,0
"KCNA4",0,4,2,6,4,0,1,1,0,2
"AC124657.1",1,1,2,2,5,4,2,1,2,9
"ARL14EP",8,32,30,40,35,11,18,21,6,27
"MPPED2",45,175,133,229,239,50,93,100,53,143
"AL136088.1",1,7,4,7,1,3,1,5,2,3
"DCDC1",8,37,27,34,49,49,26,35,9,38
"DNAJC24",9,45,37,76,61,19,28,39,12,62
"IMMP1L",15,95,60,137,163,56,46,74,34,70
"ELP4",69,273,242,620,548,172,169,242,104,376
"AC131571.1",27,96,57,82,97,32,26,50,19,113
"PAX6",24,83,72,158,143,84,45,92,31,108
"AL035078.4",16,86,52,52,60,21,34,37,16,86
"AL035078.1",0,8,4,8,3,1,0,0,0,3
"RCN1",6,33,26,26,29,22,10,40,7,19
"AL078612.1",3,1,4,15,8,2,3,15,3,7
"AL078612.2",0,1,2,0,2,0,0,0,0,0
"WT1",0,0,0,1,0,0,0,1,0,0
"EIF3M",10,78,50,60,79,25,34,47,15,60
"CCDC73",1,15,24,25,20,4,2,6,2,14
"PRRG4",0,2,4,3,4,2,0,2,0,1
"QSER1",12,62,80,132,118,24,27,47,8,71
"DEPDC7",0,1,1,2,5,0,0,1,0,2
"TCP11L1",6,47,29,49,47,17,18,19,8,32
"CSTF3",18,83,105,165,170,56,74,93,27,121
"CSTF3-DT",2,4,3,7,3,5,2,4,0,5
"HIPK3",13,208,91,204,146,52,87,75,30,118
"KIAA1549L",18,85,123,185,160,20,24,22,12,47
"AL049629.1",1,3,0,5,0,0,0,0,0,0
"AL049629.2",0,0,0,1,0,0,0,0,0,0
"CD59",0,2,2,4,9,0,2,1,1,11
"FBXO3",11,63,50,94,82,25,34,50,25,64
"LMO2",2,56,14,33,6,3,6,19,3,21
"CAPRIN1",20,88,66,119,125,29,46,59,28,92
"NAT10",8,28,26,42,46,6,9,16,7,32
"ABTB2",9,64,43,99,70,4,9,27,11,38
"CAT",22,114,79,134,138,57,64,70,34,103
"ELF5",0,0,1,0,1,0,0,0,0,0
"AL137224.1",0,2,0,0,1,2,0,2,1,1
"EHF",0,1,0,3,1,0,0,0,0,0
"APIP",12,104,29,41,81,18,9,27,10,63
"PDHX",12,119,49,144,100,25,47,57,18,91
"CD44",5,153,75,181,138,33,52,74,16,37
"CD44-AS1",0,0,0,0,0,0,0,0,0,0
"SLC1A2",1444,7988,5055,8908,7885,2134,2867,2839,1368,7415
"AC090625.2",1,1,2,1,4,1,4,0,1,5
"PAMR1",139,823,462,440,399,105,171,167,107,471
"AL135934.1",0,0,0,0,0,0,0,1,0,2
"FJX1",1,26,18,38,24,4,4,4,4,5
"AL138812.1",0,1,0,0,0,0,0,0,0,0
"TRIM44",31,197,192,306,254,34,54,91,34,167
"AC090692.1",0,0,0,0,3,0,0,0,1,1
"LDLRAD3",31,198,155,265,288,49,77,103,40,167
"COMMD9",5,29,11,30,14,14,6,15,1,17
"PRR5L",19,37,30,65,81,7,7,21,7,45
"TRAF6",4,30,13,27,29,9,17,18,8,31
"RAG1",0,1,0,3,1,0,1,1,0,0
"RAG2",0,2,0,1,1,0,1,0,0,0
"C11orf74",1,16,21,21,42,15,10,23,8,18
"AC103798.1",0,0,0,0,0,0,0,1,0,0
"AC022796.1",0,1,0,1,0,0,0,0,1,0
"LRRC4C",240,1060,726,1477,1418,349,425,525,227,999
"AC090138.1",1,2,3,6,6,0,4,1,1,6
"AC021006.2",0,1,4,1,8,1,0,2,0,0
"LINC01499",0,0,1,2,3,1,1,2,0,6
"AC079917.1",3,6,0,10,30,4,9,3,3,25
"AC090458.1",2,19,6,9,10,3,5,3,0,9
"API5",8,89,56,112,92,22,32,57,17,72
"AC087276.2",1,9,5,4,3,3,2,4,0,10
"TTC17",74,342,296,608,480,154,169,297,87,370
"AC087276.3",0,0,0,0,0,0,0,0,0,2
"AC068205.1",4,9,16,24,24,6,7,14,6,20
"HSD17B12",50,303,175,307,267,69,87,130,48,231
"AC087521.2",0,7,6,3,3,1,2,2,0,8
"ALKBH3",3,58,33,54,47,4,14,31,8,24
"ALKBH3-AS1",0,1,1,1,0,0,0,0,0,0
"C11orf96",0,11,1,3,3,0,1,1,1,2
"AC087521.1",0,0,0,0,0,0,0,0,0,0
"ACCSL",0,0,1,1,0,0,0,0,0,0
"ACCS",9,5,12,13,6,5,2,5,7,4
"EXT2",20,64,76,153,91,29,27,59,15,88
"ALX4",0,1,1,2,4,1,1,0,0,2
"CD82",17,55,60,94,51,18,26,16,14,29
"AC104241.1",0,1,0,0,0,0,0,0,0,0
"TSPAN18",2,9,4,3,8,2,1,4,1,13
"TP53I11",2,5,6,8,6,0,0,1,0,2
"PRDM11",2,27,19,39,37,6,4,12,9,13
"AC103681.2",0,2,3,0,0,0,0,1,0,0
"SYT13",8,25,28,48,35,6,5,5,1,4
"AC103736.1",5,9,10,19,23,7,13,11,10,12
"AC018716.2",0,2,0,0,0,0,0,1,0,2
"AC103855.3",4,19,20,20,23,3,5,8,2,15
"CHST1",31,107,71,162,88,21,25,45,20,43
"AC044839.1",1,3,4,0,1,0,0,1,1,1
"SLC35C1",1,8,12,12,9,3,3,7,3,4
"AC044839.5",0,1,0,0,0,1,2,1,0,0
"CRY2",29,189,64,106,76,15,21,22,18,67
"MAPK8IP1",11,68,46,119,45,21,18,18,20,31
"AC068385.1",0,0,0,2,0,0,0,0,0,1
"C11orf94",0,0,1,0,0,0,0,0,0,0
"PEX16",8,15,21,18,18,10,6,11,5,15
"LARGE2",0,0,1,0,1,0,1,0,0,3
"PHF21A",72,363,279,699,580,157,191,283,112,393
"AC024475.1",0,0,0,0,0,0,0,0,0,1
"AC024475.4",0,1,3,4,4,2,1,1,1,5
"AC024475.3",0,0,0,0,0,0,1,0,0,0
"CREB3L1",0,1,1,3,3,6,1,1,0,4
"DGKZ",44,163,133,416,219,87,74,140,55,189
"MDK",4,34,3,20,16,11,13,18,7,31
"AMBRA1",59,261,203,351,334,86,68,111,48,160
"HARBI1",3,5,3,13,10,3,3,4,1,10
"ATG13",16,82,67,157,82,19,25,34,9,58
"ARHGAP1",21,90,75,140,83,26,21,38,21,63
"ZNF408",4,4,10,18,7,4,4,8,2,6
"F2",1,0,0,0,1,0,0,0,1,1
"CKAP5",16,87,71,104,118,49,48,63,21,82
"LRP4-AS1",15,203,152,135,160,50,101,103,12,345
"LRP4",69,552,512,975,536,256,245,552,171,428
"C11orf49",63,341,298,524,480,115,166,235,91,479
"AC090589.2",0,7,9,10,7,0,3,3,0,8
"ARFGAP2",24,67,60,103,73,30,22,44,28,62
"PACSIN3",5,21,12,21,21,2,9,12,6,15
"DDB2",9,33,57,43,64,16,12,19,10,49
"AC018410.2",0,0,0,1,0,0,0,0,0,1
"ACP2",3,22,14,27,22,5,8,5,3,15
"NR1H3",9,23,46,65,33,10,6,24,9,55
"MADD",13,50,45,80,73,24,13,46,20,27
"AC018410.1",0,0,0,0,2,0,0,0,0,0
"MYBPC3",1,0,1,0,1,0,1,1,0,0
"SPI1",4,23,37,26,28,4,4,11,4,26
"AC090559.1",5,5,24,24,15,0,1,2,2,6
"SLC39A13",7,16,34,46,31,15,19,20,7,15
"PSMC3",8,41,49,56,36,16,11,23,9,20
"RAPSN",0,1,1,0,2,1,1,1,1,1
"CELF1",57,251,226,514,384,78,93,164,67,208
"NDUFS3",18,98,59,89,76,33,36,46,12,69
"KBTBD4",3,17,13,21,15,6,4,3,1,17
"FAM180B",1,1,1,1,0,0,0,0,1,0
"C1QTNF4",9,46,27,26,16,2,4,10,5,5
"MTCH2",22,121,106,150,122,19,32,48,17,120
"AGBL2",2,9,5,5,8,2,1,8,4,8
"FNBP4",40,249,173,263,235,43,50,87,29,182
"NUP160",10,118,88,112,98,34,24,42,10,95
"PTPRJ",35,212,164,473,297,79,63,142,59,371
"PTPRJ-AS1",0,2,0,0,1,0,0,0,0,0
"FOLH1",24,62,51,66,73,18,15,15,21,12
"TRIM48",0,0,0,0,0,0,0,0,0,0
"LRRC55",0,1,1,2,1,0,0,0,0,0
"APLNR",2,11,6,13,12,9,2,3,0,1
"TNKS1BP1",7,19,28,48,35,11,11,17,12,29
"AP000781.1",0,0,1,0,0,0,0,0,0,0
"SSRP1",8,34,34,55,41,13,14,23,9,20
"P2RX3",0,0,0,0,0,0,0,0,0,1
"RTN4RL2",0,3,3,4,4,2,0,1,1,2
"SLC43A1",0,2,4,9,6,2,2,2,2,0
"TIMM10",6,9,13,30,13,13,5,8,5,6
"SMTNL1",0,1,2,0,0,0,0,0,0,2
"UBE2L6",6,23,10,14,16,6,13,21,4,18
"SERPING1",2,87,24,44,29,23,22,21,6,16
"YPEL4",2,16,11,13,12,3,5,5,0,6
"CLP1",0,5,8,1,8,7,2,2,0,3
"ZDHHC5",7,27,25,29,43,14,9,27,7,28
"MED19",7,30,27,42,42,14,10,17,4,30
"BTBD18",1,7,5,1,4,0,0,0,0,3
"CTNND1",18,73,69,119,97,43,28,66,22,66
"OR9Q1",2,3,5,2,3,1,2,2,2,2
"AP004247.2",0,0,0,0,0,0,0,0,0,0
"AP003557.1",0,2,0,1,0,0,0,0,0,2
"LPXN",12,55,35,74,67,17,19,25,14,49
"ZFP91-CNTF",0,0,2,4,4,1,1,4,0,3
"CNTF",0,0,0,0,0,0,0,0,0,0
"GLYAT",0,2,3,2,3,2,1,0,0,5
"GLYATL2",1,2,6,12,7,0,1,0,2,1
"GLYATL1",2,5,1,2,2,0,0,1,2,0
"AP001636.3",0,0,1,2,6,0,1,0,0,0
"FAM111B",0,0,0,0,0,0,0,1,0,0
"FAM111A-DT",0,2,2,2,5,2,2,5,1,2
"FAM111A",3,11,12,28,34,8,6,13,4,16
"DTX4",8,13,17,28,31,2,1,11,2,5
"MPEG1",0,0,0,0,0,0,0,0,0,0
"OR4D10",0,1,2,0,0,0,0,2,0,3
"OR4D9",0,0,0,0,1,0,0,0,0,0
"AP000442.1",0,1,1,0,0,0,0,0,0,0
"OSBP",9,54,36,53,60,13,16,12,8,29
"AP000442.2",0,5,6,3,9,2,0,1,0,6
"PATL1",6,14,30,57,36,10,8,15,7,24
"STX3",3,22,33,33,25,2,7,4,3,10
"AP000640.1",0,0,0,0,0,0,0,0,0,0
"MRPL16",6,42,14,14,20,19,13,11,2,25
"GIF",0,0,1,5,2,0,0,1,1,3
"TCN1",0,0,0,0,0,0,0,0,0,0
"AP002347.1",0,6,11,35,6,0,0,0,0,1
"AP000790.3",1,0,0,1,0,0,0,1,0,0
"AP000790.4",0,0,0,0,0,0,0,0,0,0
"AP000790.2",0,0,1,0,0,0,0,0,0,0
"MS4A3",0,0,0,0,0,1,0,0,1,2
"MS4A2",0,0,0,0,0,0,0,0,0,0
"MS4A6A",0,1,0,6,5,1,0,0,0,1
"MS4A4E",0,2,1,1,1,1,0,1,0,3
"MS4A4A",0,0,0,2,3,1,0,1,0,0
"MS4A6E",0,1,0,0,0,0,0,0,0,0
"MS4A14",0,0,0,1,1,0,0,0,0,0
"MS4A5",4,12,13,28,18,3,3,12,4,13
"MS4A1",0,0,0,0,3,0,0,0,0,0
"MS4A12",0,1,1,0,1,0,0,0,0,0
"MS4A13",2,3,1,4,3,4,2,2,2,6
"MS4A8",0,0,0,0,2,0,1,0,0,3
"MS4A18",0,1,0,0,2,0,0,0,0,1
"MS4A15",0,0,0,0,0,0,0,0,0,1
"AP000777.3",0,0,0,1,0,0,0,2,0,0
"CCDC86",1,3,3,2,3,2,0,2,2,1
"PTGDR2",0,0,0,0,0,0,0,0,0,0
"ZP1",0,0,0,0,0,0,0,1,0,0
"PRPF19",8,43,46,83,33,21,8,28,10,15
"AP003721.4",0,0,0,0,2,0,0,0,0,0
"AP003721.3",0,0,0,0,0,0,0,0,0,0
"TMEM109",2,22,19,27,21,11,6,18,2,11
"AP003721.1",2,2,4,1,0,0,0,0,0,1
"TMEM132A",37,120,193,229,157,102,61,223,70,110
"SLC15A3",0,1,4,1,4,0,0,2,0,3
"CD6",0,6,0,2,0,0,2,0,0,5
"AP003721.2",0,0,0,0,0,0,0,0,0,0
"CD5",1,2,1,2,1,0,1,1,0,2
"VPS37C",5,26,8,21,25,3,2,10,2,11
"VWCE",14,26,34,36,21,1,2,7,3,16
"DDB1",20,112,95,110,126,31,37,57,30,73
"TKFC",7,9,7,11,4,1,2,4,0,8
"CYB561A3",4,15,21,31,23,7,11,19,5,18
"TMEM138",6,19,19,31,22,6,6,16,4,20
"TMEM216",1,14,15,24,32,28,14,32,5,31
"CPSF7",20,76,79,276,124,26,33,89,38,126
"AP003108.2",17,81,46,82,62,18,10,20,5,61
"PPP1R32",8,7,13,9,11,2,3,5,1,11
"AP003108.1",0,3,0,1,0,0,0,0,0,3
"LRRC10B",0,0,0,1,2,0,1,1,0,0
"SYT7",4,17,30,26,34,12,3,5,3,2
"AP002754.1",0,0,0,0,0,0,0,0,0,0
"DAGLA",8,16,38,41,30,11,8,23,4,29
"DKFZP434K028",0,1,0,0,1,0,0,0,0,1
"MYRF",31,82,60,175,107,8,12,20,17,28
"TMEM258",33,76,77,66,109,41,26,32,22,46
"FADS2",46,186,130,199,105,34,57,58,17,98
"FADS1",17,124,89,115,58,16,27,24,9,51
"FADS3",41,109,98,102,117,73,68,113,30,87
"RAB3IL1",0,1,4,6,8,0,0,5,2,2
"BEST1",14,29,39,21,16,9,18,35,10,25
"FTH1",631,2077,1887,1101,1899,1505,935,2010,408,838
"AP003733.3",0,0,1,0,1,0,1,3,0,5
"INCENP",0,5,7,6,7,0,2,3,2,2
"AP003306.1",0,3,2,2,1,4,1,6,1,11
"SCGB1D2",0,1,0,0,3,0,1,0,1,0
"AP003306.2",0,2,0,0,2,0,0,0,0,0
"ASRGL1",38,335,151,248,201,51,100,161,19,226
"AP003064.1",0,1,0,1,0,1,0,0,0,0
"SCGB1A1",0,1,2,7,1,0,1,0,0,3
"AP003064.2",0,0,0,0,0,0,0,0,0,0
"AHNAK",20,92,97,497,167,100,70,97,80,96
"AP001363.2",0,2,2,7,0,0,2,1,2,1
"EEF1G",0,1,0,0,0,0,0,0,0,0
"MTA2",8,15,3,10,20,11,11,21,11,18
"EML3",23,40,27,77,43,14,29,26,15,25
"ROM1",3,30,33,40,31,21,19,27,4,27
"B3GAT3",27,69,64,114,69,21,29,62,35,45
"GANAB",15,69,68,118,94,24,33,52,25,41
"INTS5",2,11,6,19,5,3,4,4,3,2
"AP001458.2",0,2,1,0,1,1,3,0,1,0
"LBHD1",0,2,0,1,1,1,0,0,0,2
"CSKMT",2,13,14,20,16,6,4,9,3,9
"UQCC3",13,39,57,43,36,23,17,36,5,18
"UBXN1",9,32,34,34,33,16,10,24,7,28
"LRRN4CL",0,1,0,1,1,0,0,0,0,0
"HNRNPUL2-BSCL2",0,1,0,0,0,0,0,1,1,0
"GNG3",33,82,50,83,29,7,3,9,3,13
"TTC9C",9,29,34,46,46,10,6,10,4,38
"ZBTB3",4,5,8,12,12,1,6,5,1,10
"POLR2G",12,39,20,54,27,19,10,23,3,23
"AP001160.2",2,4,8,13,11,3,5,28,2,8
"TAF6L",5,20,25,26,18,2,4,11,1,22
"TMEM223",6,30,43,27,21,6,4,14,2,28
"TMEM179B",17,65,59,44,72,37,34,52,11,66
"NXF1",12,29,18,44,44,14,6,24,5,23
"STX5",10,69,62,83,95,17,20,24,15,58
"AP001160.1",2,12,8,7,19,5,4,6,1,23
"WDR74",5,19,12,24,16,7,4,14,5,10
"SLC3A2",43,259,268,304,267,163,109,385,64,306
"CHRM1",4,9,12,20,10,3,2,3,3,0
"AP000438.1",0,0,1,3,1,1,0,1,0,2
"SLC22A6",8,13,15,14,7,4,2,9,2,10
"SLC22A8",0,1,2,2,0,2,1,2,0,0
"SLC22A24",0,6,10,15,7,1,6,3,1,2
"SLC22A10",2,36,33,43,53,3,5,5,2,20
"SLC22A25",0,2,0,4,6,0,1,0,1,4
"SLC22A9",0,5,3,10,5,0,1,0,0,0
"HRASLS5",0,3,3,7,12,3,3,4,0,8
"LGALS12",0,0,0,1,0,1,1,0,0,0
"RARRES3",4,20,12,17,27,19,7,18,6,16
"HRASLS2",0,1,0,2,0,0,0,0,0,1
"PLA2G16",42,192,149,231,203,48,51,79,54,132
"AP000753.1",0,0,0,1,0,0,0,0,0,0
"ATL3",9,44,37,41,56,27,15,40,18,32
"AP000753.2",0,5,2,3,4,0,0,0,0,1
"RTN3",110,291,331,659,427,187,122,231,73,232
"C11orf95",4,16,8,20,7,5,1,6,2,5
"SPINDOC",2,11,14,27,19,6,7,6,7,12
"MARK2",15,73,82,138,137,19,26,41,13,81
"RCOR2",3,5,2,10,4,2,1,5,1,2
"NAA40",9,22,16,36,21,4,9,14,8,28
"COX8A",1,0,2,0,0,0,0,1,0,0
"AP000721.1",0,5,3,2,2,1,0,2,0,2
"OTUB1",14,64,69,120,52,25,21,37,9,26
"MACROD1",7,15,34,41,32,15,8,22,8,14
"AP000721.2",11,17,33,36,29,8,6,17,4,15
"FLRT1",3,6,7,4,7,1,1,5,2,4
"STIP1",10,32,49,67,61,35,24,60,12,39
"FERMT3",3,6,8,19,14,3,1,3,1,7
"TRPT1",5,12,12,18,12,13,18,20,8,28
"NUDT22",3,16,21,35,16,7,5,6,5,14
"AP001453.1",4,19,31,33,32,3,4,6,5,39
"DNAJC4",5,15,18,17,26,8,7,19,9,10
"VEGFB",15,44,47,37,31,20,13,28,10,38
"FKBP2",37,73,75,97,112,81,37,77,22,83
"PPP1R14B",2,1,5,14,18,2,2,10,6,8
"AP001453.2",0,0,0,0,0,0,1,1,0,0
"PLCB3",2,9,14,43,17,12,5,18,4,21
"BAD",11,33,35,65,42,28,19,38,4,15
"GPR137",16,22,60,66,47,17,15,31,6,43
"KCNK4",4,5,10,8,3,0,1,2,1,3
"CATSPERZ",1,1,1,10,2,1,1,0,0,1
"ESRRA",7,70,60,149,78,52,16,110,35,47
"TRMT112",23,59,49,45,54,36,24,55,14,30
"PRDX5",30,81,89,106,62,31,24,49,10,34
"AP003774.4",0,1,0,0,1,0,0,1,0,1
"CCDC88B",6,14,32,38,23,13,6,43,15,35
"RPS6KA4",4,20,22,54,23,11,5,8,5,11
"AP003774.3",0,0,1,0,1,0,0,0,0,0
"AP003774.2",0,0,0,2,1,0,0,1,0,0
"AP003774.1",0,0,0,0,0,0,0,0,0,0
"SLC22A11",0,0,0,0,1,0,0,0,0,0
"NRXN2",19,66,51,143,104,27,24,61,14,36
"AP001092.1",1,2,0,1,2,0,0,2,0,1
"RASGRP2",8,6,6,15,20,11,9,9,0,9
"PYGM",6,13,17,58,49,37,9,65,31,32
"SF1",29,225,163,165,228,67,70,137,61,212
"AP001462.1",2,8,7,2,13,0,3,1,1,11
"MAP4K2",9,31,41,68,64,18,6,30,4,29
"MEN1",4,15,14,33,32,9,11,16,5,13
"CDC42BPG",0,0,1,0,0,0,0,0,0,0
"EHD1",7,19,20,40,28,11,6,15,9,9
"MIR194-2HG",0,2,0,0,1,1,0,1,0,0
"ATG2A",9,38,48,59,35,13,12,28,11,19
"PPP2R5B",12,47,60,81,60,33,23,48,19,37
"MAJIN",0,2,1,5,2,1,3,1,0,4
"BATF2",0,0,1,0,3,1,1,4,1,10
"ARL2",0,0,0,0,0,0,0,0,0,0
"ARL2-SNX15",1,1,2,1,1,0,1,0,0,2
"SNX15",0,0,0,0,0,0,0,1,3,2
"SAC3D1",2,11,17,15,16,9,9,22,1,9
"NAALADL1",1,1,0,1,0,0,0,0,0,1
"CDCA5",0,1,3,1,4,2,0,4,1,3
"ZFPL1",16,26,45,33,35,16,12,30,4,32
"TMEM262",0,0,0,0,1,1,0,0,0,0
"VPS51",18,83,79,92,81,21,26,38,14,80
"AP003068.1",0,0,0,0,0,0,0,0,0,0
"TM7SF2",26,59,88,84,62,21,28,34,12,35
"ZNHIT2",1,14,5,8,8,4,1,3,1,6
"FAU",54,150,147,167,162,74,60,89,24,65
"SYVN1",8,30,26,45,47,26,18,32,6,20
"MRPL49",0,14,9,5,6,6,2,7,4,2
"AP003068.2",2,1,1,5,5,2,2,3,1,6
"CAPN1",3,29,36,39,41,15,13,29,11,32
"POLA2",4,21,17,21,17,3,7,7,1,7
"CDC42EP2",2,13,10,8,8,4,2,3,1,1
"DPF2",14,89,57,67,81,13,14,43,9,74
"TIGD3",1,1,0,2,1,0,0,2,0,0
"AP000944.1",0,0,1,0,2,0,0,0,0,0
"SLC25A45",1,5,8,2,1,1,1,2,0,4
"FRMD8",7,12,15,21,22,5,2,4,5,13
"NEAT1",460,7763,8993,15445,11323,2798,3287,5828,1365,6747
"MALAT1",20822,218624,188180,399177,278053,80973,97234,276232,35261,259209
"AP000769.2",0,2,0,0,0,2,0,0,0,1
"SCYL1",13,41,37,57,42,16,17,23,5,36
"LTBP3",36,64,88,223,105,66,33,95,48,67
"SSSCA1",3,10,2,5,4,0,2,1,4,2
"FAM89B",5,19,17,37,25,15,8,27,4,19
"EHBP1L1",7,8,17,58,28,10,8,6,1,5
"KCNK7",0,2,1,6,2,0,1,2,1,0
"MAP3K11",10,42,29,68,39,9,15,22,6,15
"PCNX3",0,0,1,2,1,0,0,1,0,2
"SIPA1",2,5,8,31,17,11,5,20,10,11
"RELA",6,17,29,55,26,12,4,37,12,30
"KAT5",10,39,51,46,72,13,23,31,3,42
"RNASEH2C",7,17,29,64,41,10,12,19,7,34
"AP001266.2",6,45,49,39,58,14,26,41,11,66
"AP5B1",1,3,4,2,5,1,0,0,0,2
"OVOL1",0,0,0,0,0,0,0,0,0,1
"OVOL1-AS1",0,0,0,0,0,0,0,0,0,0
"AP001266.1",1,0,1,1,0,0,0,1,0,0
"CFL1",65,226,159,259,150,106,61,116,31,90
"SNX32",17,60,81,73,93,21,24,32,20,80
"MUS81",7,42,44,45,63,15,20,37,9,38
"EFEMP2",20,34,32,52,28,19,21,25,17,25
"CTSW",0,0,0,0,0,0,0,0,0,0
"FIBP",5,15,25,10,15,13,5,13,7,14
"CCDC85B",31,106,77,159,86,24,26,45,15,30
"FOSL1",0,3,1,2,5,0,0,6,1,1
"C11orf68",6,21,20,45,22,9,13,16,5,8
"DRAP1",23,58,55,101,52,49,39,47,9,41
"TSGA10IP",0,0,0,0,1,0,0,2,0,1
"SART1",2,11,19,28,26,6,5,12,7,18
"EIF1AD",2,8,5,15,6,5,3,2,3,6
"BANF1",5,29,53,60,67,27,16,39,8,29
"CST6",0,0,0,0,0,0,0,0,0,0
"CATSPER1",0,1,0,0,0,0,0,1,0,0
"GAL3ST3",0,4,7,4,3,1,3,6,1,1
"SF3B2",30,99,194,239,145,33,39,61,12,152
"AP006287.2",0,1,0,0,0,0,0,0,0,0
"PACS1",70,306,328,541,548,104,116,330,56,421
"AP000759.1",0,0,0,2,0,0,1,0,0,0
"KLC2",8,28,36,66,35,16,9,37,12,15
"AP001107.4",1,5,1,5,0,1,0,1,1,0
"AP001107.7",0,0,0,0,0,0,0,0,0,0
"RAB1B",6,38,16,50,28,15,8,22,10,18
"AP001107.1",0,0,0,4,2,0,0,0,0,2
"CNIH2",5,13,11,26,9,2,2,4,2,4
"YIF1A",17,30,36,40,23,18,23,20,7,14
"TMEM151A",11,33,40,60,40,10,7,12,12,9
"CD248",0,2,2,1,2,7,1,2,3,1
"RIN1",0,8,11,15,14,0,3,8,2,4
"AP001107.6",0,0,0,0,0,0,0,0,0,0
"BRMS1",6,27,22,20,9,7,4,17,5,9
"B4GAT1",34,150,125,152,121,57,42,77,36,59
"AP001107.9",1,4,1,4,3,4,4,4,0,7
"SLC29A2",4,14,20,33,19,7,2,15,5,12
"NPAS4",0,0,0,1,1,0,0,0,0,0
"MRPL11",3,14,24,25,30,12,7,17,2,15
"PELI3",3,17,16,24,8,0,4,9,3,7
"AP002748.3",2,5,6,2,5,2,4,1,1,6
"DPP3",2,5,4,9,3,2,2,5,1,9
"AP002748.4",0,1,3,2,2,1,1,2,0,4
"BBS1",0,0,0,0,0,0,0,1,0,0
"ZDHHC24",6,22,28,44,30,12,6,11,3,18
"ACTN3",1,0,1,1,1,0,0,2,0,0
"AP002748.1",1,0,0,0,0,0,0,0,0,1
"CTSF",39,110,116,225,113,78,65,62,49,79
"CCDC87",0,0,0,0,2,0,0,1,0,1
"CCS",48,75,82,99,97,31,51,69,19,79
"RBM14-RBM4",9,30,34,100,89,22,11,32,8,24
"RBM4",2,12,17,12,13,2,2,5,1,15
"RBM4B",7,64,58,87,77,19,25,38,10,71
"AP001157.1",0,10,3,11,9,2,3,7,1,5
"SPTBN2",3,14,23,35,31,5,2,14,7,6
"C11orf80",13,46,79,92,111,22,23,44,15,45
"RCE1",3,7,13,1,12,5,5,11,3,7
"PC",14,57,38,75,68,20,19,35,21,62
"LRFN4",7,17,12,49,31,16,6,35,10,17
"SYT12",10,20,39,58,37,6,5,17,6,9
"RHOD",1,4,1,8,1,8,3,1,2,4
"KDM2A",41,216,170,435,287,47,54,104,38,210
"GRK2",8,29,28,52,44,19,13,30,5,19
"ANKRD13D",20,46,41,74,73,26,25,36,11,42
"SSH3",3,15,17,16,20,10,7,23,3,16
"RAD9A",29,67,118,168,171,35,25,67,20,114
"POLD4",3,3,9,0,4,9,3,5,8,3
"AP003419.1",0,1,2,7,3,1,0,1,0,0
"CLCF1",1,11,3,0,0,0,0,1,0,1
"PPP1CA",15,34,32,48,26,27,18,24,7,22
"TBC1D10C",0,0,1,0,3,0,0,0,0,0
"CARNS1",44,98,53,108,62,7,8,3,9,27
"RPS6KB2",12,34,30,54,34,12,12,36,15,12
"RPS6KB2-AS1",0,0,0,0,0,0,0,0,0,0
"CORO1B",0,15,15,25,18,14,9,19,3,16
"CABP4",0,2,4,1,1,0,1,1,0,0
"TMEM134",19,39,49,60,48,13,13,27,11,34
"AIP",8,35,33,44,25,11,11,12,5,15
"PITPNM1",0,5,7,23,13,5,3,10,6,2
"CDK2AP2",3,26,20,29,37,37,20,46,16,33
"GSTP1",19,159,118,158,137,85,50,113,30,74
"C11orf72",0,0,0,0,0,0,0,0,0,0
"NDUFV1",37,160,134,77,115,24,38,70,24,138
"NUDT8",4,13,10,10,11,7,5,12,1,10
"TBX10",0,3,2,1,1,0,0,0,0,2
"ACY3",0,0,0,0,0,1,0,0,0,0
"ALDH3B2",0,1,0,0,0,1,0,0,0,1
"AP003716.1",1,3,5,2,4,2,2,4,2,8
"UNC93B1",4,10,14,28,14,8,9,17,7,13
"ALDH3B1",1,0,6,7,6,1,1,1,0,2
"AC004923.4",1,0,0,0,1,0,0,1,0,0
"NDUFS8",25,78,86,111,79,39,21,56,21,65
"TCIRG1",0,0,1,2,0,0,0,1,0,0
"AP002807.1",0,0,0,1,1,0,0,1,0,0
"CHKA",87,322,257,603,293,81,112,182,65,350
"AP002992.1",1,1,0,1,0,0,0,0,0,0
"KMT5B",36,152,134,256,236,55,68,102,48,139
"C11orf24",6,13,9,23,9,1,3,6,2,3
"LRP5",4,23,20,34,24,7,8,25,7,29
"PPP6R3",62,386,277,581,505,135,158,232,82,361
"AP003096.1",0,0,0,1,2,1,0,2,2,9
"GAL",0,1,0,0,1,0,0,1,0,0
"TESMIN",0,0,1,1,3,0,0,1,0,1
"CPT1A",13,98,79,146,139,40,43,72,30,102
"MRPL21",6,11,18,11,18,10,7,12,2,14
"IGHMBP2",5,17,19,23,29,14,7,15,3,12
"MRGPRF",2,1,4,23,4,7,1,9,3,2
"MRGPRF-AS1",0,0,1,1,0,0,0,0,0,0
"TPCN2",7,42,42,74,33,6,9,17,3,30
"AP003071.2",0,3,3,7,0,0,0,1,0,4
"MYEOV",0,1,0,2,0,0,0,0,0,1
"AP000439.3",0,0,1,0,0,0,0,0,0,0
"CCND1",0,0,1,5,3,1,0,1,0,0
"ORAOV1",8,37,50,55,57,10,12,33,9,40
"AP003555.3",0,1,2,1,1,0,0,1,0,0
"AP003555.2",0,0,0,0,0,0,0,0,0,0
"AP003555.1",0,0,0,0,0,0,0,0,0,0
"ANO1",0,6,2,6,7,1,1,4,0,3
"FADD",0,11,4,3,6,3,1,10,2,4
"PPFIA1",46,335,237,440,286,78,90,187,47,209
"AP002336.2",44,532,319,680,285,45,87,163,32,217
"AP000487.1",3,16,20,44,29,1,4,7,9,31
"CTTN",37,117,139,259,169,68,69,121,39,218
"SHANK2",18,69,102,99,128,12,13,22,8,52
"SHANK2-AS1",0,2,1,2,0,0,1,0,0,0
"DHCR7",4,37,39,54,20,5,10,8,5,12
"AP002387.2",2,10,20,12,9,6,5,7,3,8
"NADSYN1",18,40,48,76,54,16,17,26,16,31
"KRTAP5-7",0,0,0,0,0,0,0,0,0,0
"KRTAP5-8",0,0,0,0,1,0,0,0,1,0
"KRTAP5-9",0,0,0,0,2,0,0,0,0,1
"KRTAP5-10",0,0,1,4,2,1,0,1,0,2
"KRTAP5-11",0,1,1,9,2,0,0,1,0,2
"AP003498.1",0,1,0,2,2,0,0,1,0,6
"FAM86C1",0,6,2,12,6,1,1,1,0,6
"ZNF705E",0,0,0,0,1,0,0,0,0,0
"AP002495.2",18,27,29,40,82,16,23,43,12,71
"DEFB131B",0,1,0,1,0,0,1,3,0,2
"RNF121",13,46,31,38,45,6,13,9,4,37
"IL18BP",0,0,5,1,2,0,0,0,1,1
"NUMA1",29,118,101,250,129,43,48,89,48,73
"AP002490.1",0,0,1,1,0,0,0,1,0,0
"LAMTOR1",12,57,60,54,68,39,29,43,17,34
"ANAPC15",12,18,27,26,15,5,2,9,3,8
"FOLR3",0,2,1,0,1,0,0,0,0,0
"AP000812.1",0,5,1,2,3,0,2,0,0,1
"FOLR1",0,2,1,1,0,0,0,1,0,0
"FOLR2",1,0,1,1,1,1,0,0,0,0
"INPPL1",33,54,76,184,95,40,36,77,29,40
"PHOX2A",0,0,0,1,0,0,0,0,0,0
"CLPB",2,48,37,101,55,9,10,24,12,28
"AP002892.2",0,1,1,0,0,0,0,0,0,0
"AP002892.1",1,11,13,18,8,2,1,2,0,7
"LINC01537",0,0,0,0,0,0,1,0,0,0
"PDE2A",11,30,49,71,48,9,6,6,4,12
"AP005019.1",0,0,0,0,0,0,0,0,0,0
"ARAP1",13,28,47,142,72,40,32,72,24,63
"ARAP1-AS1",0,0,2,0,0,0,0,1,0,1
"ARAP1-AS2",0,0,1,0,2,0,0,0,0,0
"STARD10",2,14,21,16,20,2,5,6,2,5
"ATG16L2",6,25,42,88,70,15,15,21,12,51
"FCHSD2",73,288,239,555,458,122,106,173,98,256
"AP002761.2",0,0,1,0,1,0,0,0,0,0
"P2RY2",0,0,0,3,2,1,3,0,1,0
"P2RY6",1,4,0,4,3,0,0,1,0,0
"AP002761.3",0,2,0,0,0,0,0,0,0,1
"ARHGEF17",24,75,71,210,101,43,43,69,26,60
"RELT",1,11,13,11,7,7,4,10,1,11
"FAM168A",62,328,346,833,555,126,159,184,79,444
"AP000763.3",3,2,6,5,4,0,2,2,0,5
"PLEKHB1",32,122,174,187,167,67,40,58,45,122
"RAB6A",48,259,212,305,255,66,88,86,33,236
"AP002770.1",0,0,0,0,0,0,0,0,0,0
"MRPL48",9,45,47,53,64,12,21,21,6,51
"COA4",1,27,27,17,23,10,10,18,9,13
"PAAF1",40,75,86,80,93,14,33,38,15,124
"DNAJB13",2,3,1,7,5,0,1,0,0,6
"AP003717.1",0,1,2,1,2,0,0,0,0,4
"UCP2",0,0,2,2,5,0,1,0,1,3
"UCP3",0,0,1,3,8,2,1,5,0,3
"C2CD3",12,48,65,86,82,16,23,38,17,69
"PPME1",28,75,69,127,118,24,34,25,11,73
"P4HA3",4,28,32,24,24,3,4,16,9,21
"PGM2L1",18,41,58,76,46,4,10,15,4,21
"AP001372.1",0,0,2,1,6,1,2,2,1,4
"KCNE3",0,0,0,0,1,0,0,0,0,2
"LIPT2",1,3,0,0,1,1,2,0,0,0
"POLD3",15,61,86,108,109,20,27,52,26,75
"CHRDL2",0,2,0,2,1,1,1,1,0,0
"RNF169",22,119,90,145,191,51,53,86,26,117
"XRRA1",38,203,141,197,367,82,67,155,15,174
"SPCS2",43,151,102,137,150,77,48,93,26,95
"NEU3",2,16,19,23,25,9,8,9,6,19
"OR2AT4",0,0,0,0,0,0,0,0,1,0
"AP001972.4",0,0,1,0,0,0,0,0,0,0
"SLCO2B1",0,1,3,15,10,0,0,5,0,3
"AP001972.3",0,1,1,1,2,0,0,0,0,0
"TPBGL",0,1,0,0,0,0,0,0,0,0
"AP001972.1",0,0,0,0,0,0,0,0,0,0
"ARRB1",26,95,107,235,202,33,41,43,37,181
"RPS3",42,146,106,91,166,38,31,65,16,61
"KLHL35",2,6,8,7,6,0,1,2,0,2
"GDPD5",1,5,7,18,8,9,1,3,2,3
"SERPINH1",3,19,8,16,28,20,11,20,4,17
"AP001922.5",0,0,1,1,3,0,0,0,0,1
"MAP6",14,42,64,98,79,16,19,28,11,39
"MOGAT2",0,0,0,1,0,0,0,0,0,0
"AP001922.1",0,0,0,0,0,0,0,0,0,0
"DGAT2",0,8,1,6,1,1,4,0,0,1
"AP003031.2",0,1,1,1,1,1,0,0,0,3
"UVRAG",54,176,172,262,300,56,55,103,36,169
"WNT11",0,0,0,0,0,0,0,0,0,1
"AP000785.2",0,0,0,2,1,0,1,0,0,1
"THAP12",8,9,21,40,24,8,11,18,3,19
"GVQW3",0,9,12,28,22,0,5,4,2,10
"AP002360.1",7,22,12,17,14,7,7,15,3,26
"EMSY",8,106,80,199,183,59,50,97,34,132
"LRRC32",0,0,0,0,1,0,0,0,0,0
"TSKU",0,4,2,3,0,2,1,2,0,0
"ACER3",65,162,157,484,303,68,87,110,31,124
"AP002498.1",2,1,5,14,11,1,1,2,0,5
"B3GNT6",0,1,1,1,1,0,0,0,0,0
"CAPN5",3,8,14,11,8,3,2,11,2,6
"MYO7A",0,0,1,4,4,0,0,0,0,0
"GDPD4",0,3,1,3,1,1,1,1,1,2
"PAK1",30,98,126,139,137,16,22,26,9,51
"AP003680.1",0,0,0,0,1,0,0,0,0,0
"CLNS1A",16,112,81,97,131,28,34,49,26,90
"AQP11",6,21,15,23,27,5,2,10,1,29
"RSF1",46,251,206,410,411,109,102,191,60,254
"AAMDC",21,61,96,97,101,36,32,48,22,106
"AP002812.2",18,75,83,75,86,15,16,37,6,102
"INTS4",8,40,33,69,56,12,17,27,7,44
"KCTD14",0,0,0,2,0,0,0,0,0,0
"NDUFC2-KCTD14",1,2,5,10,7,1,2,0,0,8
"AP003032.1",0,1,0,0,0,0,0,0,0,0
"THRSP",0,0,1,1,0,0,0,0,0,1
"NDUFC2",0,0,0,0,0,0,0,1,0,0
"ALG8",4,37,29,51,39,16,6,23,2,45
"KCTD21-AS1",5,9,14,10,18,6,10,8,3,9
"KCTD21",2,11,5,20,11,4,1,7,1,7
"USP35",4,6,4,12,6,5,5,15,6,8
"GAB2",54,330,163,404,296,66,79,76,43,148
"AP003086.2",39,219,161,235,181,16,34,42,7,74
"AP003086.1",0,0,1,3,1,0,0,0,0,1
"NARS2",11,47,70,104,89,13,29,44,18,78
"AP003110.1",0,8,14,10,5,1,3,5,2,8
"TENM4",26,370,230,253,334,45,73,181,37,205
"AP001547.1",0,3,4,6,3,1,1,2,2,0
"AP001978.1",0,2,3,9,14,1,0,2,0,0
"AP006295.1",2,0,0,8,7,1,2,0,0,0
"AP002759.1",0,1,1,5,17,0,4,1,1,3
"MIR4300HG",56,202,374,534,1651,100,542,249,122,458
"AP002802.1",0,1,0,0,3,0,2,0,0,0
"FAM181B",23,113,48,116,122,42,48,85,37,81
"AP001646.3",0,1,0,0,1,0,0,0,0,0
"PRCP",35,186,135,338,268,132,97,210,62,192
"DDIAS",0,1,0,7,0,0,0,0,0,3
"RAB30",56,184,140,238,252,108,110,103,75,199
"RAB30-AS1",23,138,116,123,119,21,35,65,20,106
"AP001767.3",3,12,17,11,12,2,5,2,0,14
"PCF11",17,106,100,157,172,45,55,95,36,132
"PCF11-AS1",2,7,8,10,14,3,0,11,2,9
"ANKRD42",3,25,20,28,37,12,9,12,3,18
"AP000873.3",0,1,1,0,0,0,0,0,0,0
"CCDC90B",8,31,33,38,67,35,27,44,7,51
"AP000446.1",6,44,23,36,69,15,23,25,11,43
"DLG2",608,2109,2334,3911,3717,707,990,844,509,1793
"AP002370.2",54,110,193,131,117,18,11,16,5,61
"AP001825.1",17,117,175,306,200,30,41,37,33,80
"AP000857.2",0,4,3,1,6,0,1,0,0,8
"TMEM126B",12,53,44,17,51,40,19,33,19,48
"TMEM126A",3,19,17,19,21,30,12,36,4,19
"CREBZF",14,81,83,142,127,33,44,60,42,93
"CCDC89",0,0,0,0,0,0,0,1,0,0
"SYTL2",18,48,56,63,54,7,12,27,7,18
"CCDC83",0,1,4,3,1,0,0,0,0,5
"AP003128.1",0,0,0,0,0,0,0,0,0,0
"PICALM",83,377,299,630,451,121,142,193,78,332
"EED",3,51,34,49,58,17,17,24,11,41
"HIKESHI",7,42,44,40,52,24,14,27,11,62
"CCDC81",0,4,9,3,6,5,5,2,3,5
"AP001831.1",11,58,63,80,61,19,17,18,12,49
"ME3",14,62,79,116,124,22,17,48,10,75
"AP003059.1",3,14,9,6,21,3,3,4,6,7
"AP003059.2",1,5,8,16,36,6,4,3,4,18
"PRSS23",3,70,51,37,45,5,6,10,1,45
"AP001528.2",5,87,22,19,27,6,12,13,5,31
"FZD4",5,41,11,18,19,14,7,11,2,20
"AP001528.1",1,7,3,4,7,1,1,3,0,13
"TMEM135",48,198,178,431,341,75,104,130,57,249
"AP005436.3",0,1,0,0,1,0,0,0,0,0
"AP005436.1",0,0,0,0,0,0,0,0,0,0
"AP005436.2",0,0,1,0,0,0,0,0,0,0
"RAB38",0,0,0,1,1,1,1,0,0,1
"CTSC",2,1,6,12,6,0,0,3,0,2
"GRM5-AS1",0,2,3,1,0,0,0,1,0,0
"GRM5",37,196,339,492,416,31,42,49,12,82
"TYR",1,0,3,0,0,1,0,0,0,2
"NOX4",0,1,6,3,6,1,2,0,2,1
"AP003400.1",0,0,1,0,1,1,1,0,0,0
"TRIM77",0,0,0,0,0,0,0,0,0,0
"NAALAD2",9,22,36,75,49,4,0,5,3,11
"CHORDC1",6,19,22,32,35,48,24,57,14,47
"FAT3",42,474,263,507,229,35,153,183,106,284
"AP000722.1",0,5,6,8,4,0,0,1,0,5
"AP003718.1",3,4,2,0,0,0,0,1,0,1
"SLC36A4",20,86,75,132,139,41,51,67,26,93
"DEUP1",0,3,1,3,5,4,1,1,0,6
"SMCO4",0,6,12,8,3,0,3,2,0,2
"CEP295",12,62,59,91,100,24,24,41,11,59
"TAF1D",47,230,223,257,234,81,80,100,34,220
"C11orf54",0,0,0,0,0,0,0,0,0,0
"AP001273.2",1,4,7,12,6,3,2,4,3,3
"MED17",0,1,1,3,5,6,1,7,3,4
"VSTM5",0,3,0,7,3,0,0,5,0,4
"HEPHL1",2,1,5,3,3,4,2,4,3,3
"PANX1",1,5,5,12,14,2,0,3,2,4
"AP002784.1",0,0,1,2,1,0,0,1,0,0
"GPR83",0,5,3,15,8,2,0,0,0,1
"MRE11",5,16,23,46,41,12,7,17,6,22
"ANKRD49",18,46,54,130,103,58,38,93,24,40
"C11orf97",1,1,2,1,5,0,0,1,0,0
"PIWIL4",6,18,15,28,29,10,4,15,2,26
"AP000943.3",6,9,19,18,33,2,3,4,3,11
"AP000943.2",0,0,0,1,0,0,0,0,0,0
"AMOTL1",6,39,21,49,39,13,18,31,11,32
"AP002383.2",0,1,0,0,0,0,0,0,0,0
"CWC15",16,50,44,44,69,36,15,37,13,38
"KDM4D",1,7,2,5,5,1,4,5,5,7
"SRSF8",6,35,31,45,38,16,10,18,6,39
"ENDOD1",23,109,95,109,88,20,41,47,25,71
"AP000787.1",6,52,59,43,87,22,35,40,10,139
"SESN3",25,140,98,200,261,149,151,159,106,205
"AP001790.1",1,2,1,4,5,1,0,3,4,3
"FAM76B",5,20,23,37,28,5,13,8,8,18
"CEP57",39,142,179,281,152,43,49,65,19,105
"MTMR2",26,91,98,243,120,28,42,47,36,80
"MAML2",228,1649,768,2736,1872,517,675,796,415,1349
"CCDC82",23,125,85,88,96,31,44,52,19,79
"JRKL",6,18,6,23,24,7,4,14,4,15
"JRKL-AS1",1,0,2,3,0,0,1,0,0,0
"AP003781.1",1,0,3,1,1,0,0,0,0,1
"AP003066.1",1,8,11,10,4,1,1,0,1,3
"LINC02553",0,1,0,0,0,0,0,0,1,0
"AP003730.2",0,0,1,0,1,0,0,0,0,1
"AP002428.1",0,0,0,0,0,0,0,0,0,0
"CNTN5",31,276,289,535,372,63,33,78,31,124
"AP001351.1",0,2,0,0,0,1,0,0,0,2
"ARHGAP42",44,158,115,308,304,84,113,226,74,278
"PGR",0,1,1,1,2,1,1,1,3,1
"TRPC6",2,12,14,11,8,3,1,6,2,4
"ANGPTL5",2,4,3,2,2,1,0,0,0,2
"CEP126",18,81,132,148,169,66,57,106,32,102
"CFAP300",2,5,6,9,8,2,4,9,0,5
"AP001527.1",0,0,0,0,0,1,1,0,0,0
"AP001527.2",0,0,2,1,2,0,0,1,0,2
"YAP1",47,366,199,429,395,130,151,218,92,268
"BIRC3",2,3,2,4,5,0,2,1,3,2
"BIRC2",10,44,32,58,68,31,39,40,15,45
"TMEM123",25,77,51,125,94,33,41,87,37,75
"AP001830.1",3,2,3,6,10,4,4,2,0,5
"AP001830.2",0,0,1,1,0,0,0,0,0,0
"MMP20",0,3,3,3,1,2,0,2,2,3
"MMP1",0,0,0,0,3,1,0,0,1,0
"MMP3",0,0,0,0,0,0,0,0,0,0
"MMP12",0,0,1,0,1,0,0,0,0,0
"DCUN1D5",2,43,38,59,56,30,19,39,8,47
"DYNC2H1",55,192,175,366,341,126,144,204,89,212
"AP002989.1",3,4,3,6,5,2,0,3,2,3
"PDGFD",5,10,5,11,15,4,0,3,1,5
"LINC02552",1,5,4,9,5,1,1,0,0,2
"CASP4",0,0,0,3,4,1,0,2,0,0
"CASP5",0,0,0,0,0,0,0,0,0,0
"CASP1",0,0,0,1,1,0,0,0,0,0
"CARD16",0,4,0,1,4,0,1,0,0,0
"AP003181.1",6,16,29,59,48,7,9,17,8,74
"GRIA4",37,269,381,714,514,71,67,66,39,288
"MSANTD4",11,81,49,74,88,25,25,56,14,79
"KBTBD3",8,42,31,32,52,29,25,34,11,39
"AASDHPPT",15,48,35,73,53,29,34,51,16,42
"AP001001.1",0,1,0,0,1,0,0,0,0,1
"AP001001.2",0,0,0,0,0,0,0,0,0,0
"GUCY1A2",11,64,83,197,146,16,19,25,14,33
"AP000766.1",5,7,10,28,9,5,2,3,3,5
"CWF19L2",39,168,190,287,201,80,50,133,39,125
"ALKBH8",3,11,12,22,18,2,7,6,2,21
"ELMOD1",12,80,53,90,54,10,14,27,4,39
"SLN",0,1,0,0,0,1,0,0,1,0
"SLC35F2",0,5,8,5,11,1,3,5,1,15
"RAB39A",1,4,3,3,2,2,0,2,1,4
"CUL5",24,172,125,190,217,55,52,99,37,145
"AP002433.1",0,6,3,3,1,4,0,1,0,9
"ACAT1",18,96,113,150,135,35,30,55,23,114
"NPAT",12,48,41,48,41,19,15,35,12,45
"ATM",47,127,145,236,236,62,61,104,38,169
"C11orf65",26,71,52,42,70,19,27,40,21,69
"KDELC2",1,9,14,11,16,8,2,13,4,16
"EXPH5",1,24,24,43,35,7,6,15,5,47
"DDX10",22,53,69,121,100,23,26,32,13,68
"AP003123.1",0,1,0,0,1,0,0,1,0,0
"AP003049.2",5,33,4,115,24,5,8,2,5,17
"C11orf87",3,14,15,26,22,7,1,0,5,6
"AP002444.1",0,3,3,3,8,1,4,4,3,9
"RDX",62,390,317,562,451,143,135,188,93,266
"ZC3H12C",21,245,141,201,243,81,136,126,75,219
"AP000924.1",0,1,4,2,1,0,0,2,0,2
"FDX1",9,35,37,37,55,23,12,34,11,44
"ARHGAP20",3,19,27,88,27,2,3,9,1,8
"LINC02550",0,0,3,6,2,0,0,2,0,0
"C11orf53",0,0,0,1,0,0,1,0,0,0
"COLCA1",1,6,2,12,5,1,2,1,2,6
"COLCA2",9,24,18,36,47,36,16,37,18,44
"POU2AF1",4,4,2,6,13,1,0,1,0,2
"BTG4",1,1,0,1,0,0,0,0,0,0
"AP002008.1",0,0,0,0,0,0,0,0,0,0
"C11orf88",0,1,0,0,0,1,0,0,0,0
"LAYN",3,7,6,16,6,3,1,3,3,0
"SIK2",71,302,258,458,456,91,120,151,69,384
"PPP2R1B",18,67,77,248,129,35,37,62,25,100
"AP001781.1",0,2,0,0,0,0,0,4,0,0
"ALG9",6,7,10,12,6,3,5,6,4,7
"AP001781.2",0,0,0,1,0,0,0,0,0,0
"C11orf1",2,18,14,10,16,7,4,10,1,28
"CRYAB",145,615,524,497,675,660,272,1152,206,304
"HSPB2-C11orf52",0,0,0,1,3,2,0,0,0,0
"DIXDC1",24,103,93,162,137,40,47,51,21,109
"DLAT",5,43,29,46,41,10,13,11,9,35
"PIH1D2",3,2,6,9,14,5,3,8,4,10
"NKAPD1",3,25,13,18,25,3,7,11,3,23
"TIMM8B",11,48,43,25,48,17,15,21,2,31
"AP002884.3",1,10,14,27,11,2,1,8,2,11
"IL18",2,6,19,6,11,1,3,2,0,14
"AP002884.2",0,0,0,0,0,0,0,0,0,0
"BCO2",4,12,19,28,36,30,30,30,4,34
"PTS",16,72,93,81,68,14,18,31,12,64
"PLET1",5,38,22,18,10,5,0,5,6,4
"AP002884.1",3,16,34,36,24,12,2,11,2,26
"AP003063.1",2,4,5,8,15,4,1,1,1,3
"AP003063.2",0,0,0,0,0,0,0,1,0,0
"AP003100.1",0,0,0,0,0,0,0,0,0,0
"AP000802.1",1,4,7,2,4,3,2,1,1,3
"NCAM1",309,1046,1104,2221,1736,534,529,762,336,1202
"NCAM1-AS1",0,0,1,1,0,0,0,0,0,1
"AP000880.1",1,2,4,3,6,3,2,1,1,3
"TTC12",17,64,37,93,70,28,17,24,13,52
"ANKK1",1,0,1,1,0,0,0,1,0,1
"AP002840.1",0,0,0,0,0,0,0,0,0,0
"DRD2",0,4,1,5,3,0,0,0,0,2
"TMPRSS5",20,53,55,159,103,37,46,31,36,82
"ZW10",2,30,21,28,20,12,7,14,8,26
"USP28",6,43,47,69,46,8,11,26,7,43
"AP003170.3",0,3,2,1,0,0,0,0,0,2
"HTR3B",0,1,5,2,4,1,0,1,0,1
"HTR3A",1,0,1,0,2,0,0,1,0,0
"ZBTB16",32,314,205,391,294,69,107,78,72,275
"AP002518.2",0,15,6,8,7,0,0,0,2,6
"NNMT",0,8,1,7,4,0,1,0,1,7
"AP002518.1",0,0,0,0,0,0,0,0,0,0
"C11orf71",8,9,19,19,21,4,6,5,7,18
"AP002373.1",1,5,2,14,8,1,1,3,2,6
"REXO2",12,39,31,54,43,25,18,28,10,40
"NXPE1",0,2,3,5,10,1,1,1,0,9
"NXPE2",1,1,0,1,6,0,0,0,1,3
"CADM1",387,3167,1589,4970,3746,1171,1592,2128,699,3455
"AP000462.3",0,1,1,1,0,1,0,1,0,2
"AP000462.1",27,432,224,332,248,149,241,244,24,822
"AP003174.1",0,0,1,1,4,2,1,0,2,16
"AP002991.1",8,79,40,47,40,17,16,21,10,74
"LINC00900",1,2,0,3,5,2,4,3,1,6
"AP000797.3",0,1,0,1,1,2,0,0,0,1
"LINC02151",0,0,0,0,0,0,0,0,0,0
"AP000770.1",0,2,0,0,0,0,2,0,0,1
"BUD13",1,21,15,30,21,6,8,9,4,27
"AP006216.1",0,0,0,0,0,0,0,0,0,0
"ZPR1",2,5,5,14,7,7,2,7,1,2
"APOA1",1,1,3,1,0,0,2,0,0,0
"APOA1-AS",3,19,31,7,8,2,2,9,0,8
"SIK3",418,1456,1067,1625,1707,409,470,600,286,973
"AP000936.1",0,2,0,0,0,0,0,0,0,2
"PAFAH1B2",24,114,81,140,83,29,25,47,14,57
"SIDT2",9,58,36,38,37,18,16,21,14,24
"TAGLN",6,10,13,22,23,8,3,12,6,10
"PCSK7",29,93,101,139,140,31,27,65,10,105
"RNF214",8,41,44,71,59,9,15,25,8,56
"BACE1",25,97,89,97,103,22,22,36,9,66
"BACE1-AS",0,5,3,11,8,2,6,12,3,6
"CEP164",20,51,90,104,103,25,23,29,15,75
"AP000892.1",9,38,72,98,75,10,7,14,4,49
"DSCAML1",26,123,133,181,180,17,16,12,15,59
"FXYD2",0,0,0,0,0,0,0,0,0,0
"FXYD6-FXYD2",1,0,0,0,1,0,0,0,0,0
"AP000757.1",0,2,5,1,3,0,1,0,0,1
"FXYD6",0,0,0,0,0,0,0,0,0,0
"TMPRSS13",0,0,0,0,1,0,0,0,0,0
"IL10RA",0,1,0,3,4,0,0,1,0,1
"SMIM35",0,2,2,3,8,1,1,3,0,6
"TMPRSS4",0,1,0,1,1,0,0,0,0,0
"SCN4B",2,5,16,10,8,2,1,3,1,1
"SCN2B",6,34,28,43,21,3,2,11,5,11
"JAML",0,1,2,0,0,0,0,0,0,3
"MPZL3",0,1,1,1,2,1,0,0,0,1
"MPZL2",0,0,0,0,0,0,0,0,0,0
"CD3E",0,0,1,0,2,0,0,0,0,0
"CD3D",0,1,1,0,0,0,0,0,0,0
"CD3G",0,0,0,1,0,0,0,0,0,0
"UBE4A",21,103,111,178,171,48,63,71,27,113
"AP001267.1",0,0,0,0,1,1,0,0,1,1
"ATP5MG",45,184,124,189,147,65,37,98,19,127
"AP001267.2",0,3,3,6,3,1,0,3,0,5
"KMT2A",48,233,211,366,349,75,90,118,60,177
"AP001267.3",5,14,25,34,13,3,4,8,5,17
"TTC36",0,0,2,4,1,1,0,0,0,1
"TMEM25",6,24,40,60,34,12,15,26,9,33
"IFT46",2,19,26,22,25,10,4,11,1,19
"ARCN1",1,38,31,34,29,16,16,27,11,34
"PHLDB1",41,192,152,240,217,58,57,81,53,126
"TREH",1,0,5,3,1,0,1,0,0,2
"AP002954.1",6,50,35,127,38,20,19,37,8,41
"DDX6",21,151,100,179,161,38,39,86,29,123
"AP004609.3",3,4,16,11,13,5,5,7,3,2
"CXCR5",0,0,2,0,4,0,0,0,0,0
"BCL9L",4,3,5,22,8,7,3,6,2,4
"UPK2",0,2,0,2,2,1,1,0,1,1
"FOXR1",0,0,1,0,0,0,0,0,0,0
"AP003392.4",1,3,1,3,0,0,0,2,0,4
"CCDC84",11,76,67,102,68,18,21,28,15,44
"AP003392.1",2,7,3,6,2,0,0,0,0,3
"RPS25",34,87,104,83,128,87,63,86,30,70
"TRAPPC4",10,59,21,20,29,17,10,16,9,23
"SLC37A4",1,6,19,26,13,5,11,9,5,12
"AP003392.3",0,0,0,0,1,0,0,0,0,0
"HYOU1",3,8,12,20,19,12,4,14,6,8
"AP003392.5",0,0,0,0,0,0,0,1,0,0
"AP003392.6",1,14,14,8,7,1,3,3,1,5
"VPS11",3,27,19,34,18,9,6,18,3,16
"HMBS",4,14,22,18,17,10,8,13,8,18
"H2AFX",6,24,25,41,32,26,17,32,12,22
"DPAGT1",8,12,25,37,23,15,7,29,1,31
"C2CD2L",6,22,39,35,54,7,10,25,4,15
"HINFP",10,19,14,19,27,6,21,21,4,26
"ABCG4",2,7,3,6,8,1,1,5,0,1
"NLRX1",5,36,17,8,22,4,3,12,4,23
"PDZD3",0,1,0,1,0,0,0,0,0,0
"CCDC153",1,1,1,0,1,0,0,2,0,1
"CBL",7,52,45,104,94,17,20,27,12,101
"MCAM",2,12,19,16,6,0,3,4,4,7
"RNF26",5,9,14,17,8,6,5,10,4,9
"C1QTNF5",0,0,0,0,0,0,0,0,1,0
"USP2",3,33,22,49,35,21,8,23,9,32
"AP003396.3",0,1,1,2,0,0,0,0,0,0
"USP2-AS1",4,10,9,9,13,1,3,3,0,9
"THY1",68,109,113,208,88,20,13,14,9,31
"AP003393.1",0,7,1,3,2,0,0,0,1,1
"NECTIN1",3,22,25,42,29,5,3,9,2,7
"AP003390.2",1,0,3,1,0,0,1,1,0,1
"AP003390.1",0,0,0,0,0,0,0,0,0,0
"AP001360.1",0,0,0,1,0,0,0,0,0,0
"TRIM29",0,9,9,6,12,2,4,13,2,15
"AP000679.1",0,0,0,0,0,0,0,1,0,1
"OAF",44,205,139,145,223,59,79,179,42,180
"POU2F3",0,2,1,2,11,1,0,0,0,1
"AP001150.1",0,1,2,0,1,0,0,0,0,1
"TMEM136",13,51,30,46,59,12,19,22,12,54
"ARHGEF12",73,524,434,900,744,165,220,370,101,713
"GRIK4",46,166,103,145,134,37,43,90,22,127
"AP004147.1",12,23,34,34,33,3,5,21,0,40
"TBCEL",0,0,0,2,0,0,0,0,0,0
"AP000646.1",0,3,1,4,2,1,0,1,0,1
"TECTA",0,12,3,17,7,2,1,3,1,7
"SC5D",7,39,34,46,38,17,15,12,6,27
"AP000977.1",0,0,0,0,0,0,0,0,0,0
"SORL1",75,225,268,594,417,107,84,176,69,240
"BLID",0,0,0,0,5,2,0,2,2,1
"AP000755.1",0,1,0,0,0,0,0,0,0,0
"AP000755.2",1,1,6,0,0,1,0,0,0,1
"UBASH3B",3,87,56,133,63,7,11,32,4,33
"CRTAM",0,0,1,0,0,0,0,0,1,0
"JHY",2,10,8,23,24,5,1,8,2,8
"BSX",0,0,0,0,0,0,0,0,0,0
"HSPA8",36,176,45,38,119,110,78,171,19,66
"CLMP",4,27,24,26,19,5,4,8,3,23
"AP001970.1",1,0,0,0,0,2,1,0,0,0
"GRAMD1B",46,150,176,171,212,50,63,100,49,200
"SCN3B",17,53,40,97,55,8,6,10,8,9
"ZNF202",5,3,8,14,24,10,7,7,3,8
"OR8D4",0,0,0,0,0,0,0,1,0,0
"VWA5A",3,46,8,26,22,16,18,27,10,14
"OR8A1",0,0,1,1,1,3,0,1,2,1
"PANX3",0,0,0,1,0,0,0,0,0,1
"TBRG1",30,118,122,154,138,52,52,73,13,133
"SIAE",4,21,25,29,21,10,18,22,7,28
"SPA17",2,10,6,9,2,5,8,11,1,3
"NRGN",69,265,253,597,193,54,28,89,14,49
"AP000866.5",1,1,0,0,0,0,0,0,0,0
"VSIG2",0,0,0,0,0,0,0,0,0,0
"ESAM",1,1,0,2,0,2,0,2,0,1
"AP000866.2",0,2,0,4,3,0,0,1,0,2
"MSANTD2",6,38,44,76,58,17,20,46,13,43
"AP000866.1",8,8,7,16,19,6,7,9,6,17
"ROBO3",50,55,56,48,64,59,58,108,41,90
"AP003501.1",0,0,0,0,0,1,0,0,0,0
"ROBO4",0,0,4,2,5,3,2,7,2,6
"HEPACAM",93,419,361,516,452,289,270,400,158,610
"HEPN1",67,827,770,190,614,245,297,407,57,838
"CCDC15",1,17,6,9,10,5,1,3,6,8
"SLC37A2",0,1,0,0,1,0,0,0,0,1
"TMEM218",3,13,16,25,19,9,6,17,4,11
"AP001007.2",0,0,1,3,1,1,0,0,0,1
"PKNOX2-AS1",0,1,0,2,0,0,0,0,0,0
"PKNOX2",12,142,93,102,88,16,17,28,10,56
"AP001007.1",0,2,2,0,2,0,0,0,0,0
"FEZ1",60,183,156,237,167,87,66,121,28,98
"EI24",14,49,51,87,66,19,13,36,19,38
"STT3A-AS1",2,33,25,17,23,7,5,11,1,27
"STT3A",8,34,22,50,23,13,6,18,7,18
"CHEK1",0,5,2,12,4,1,5,6,0,2
"ACRV1",0,1,0,3,1,3,0,0,0,1
"PATE2",0,0,2,0,0,0,1,0,0,0
"AP000842.3",0,0,0,0,0,0,0,0,0,0
"HYLS1",3,7,13,15,17,2,6,9,1,9
"PUS3",2,7,8,7,11,4,1,4,0,3
"AP000842.2",1,6,4,4,7,0,1,0,0,7
"DDX25",6,27,33,53,44,8,9,9,5,24
"AP000842.1",0,0,0,0,0,0,0,0,0,0
"VSIG10L2",0,0,0,0,0,0,0,1,0,0
"CDON",4,19,23,36,47,6,16,14,8,12
"AP001893.3",0,1,0,1,0,0,1,0,0,1
"RPUSD4",2,12,10,22,18,1,6,11,5,7
"FAM118B",6,41,30,39,49,12,10,21,3,39
"SRPRA",7,22,19,17,13,6,8,28,7,18
"FOXRED1",20,62,51,71,71,25,13,28,11,63
"TIRAP",0,6,23,18,20,2,5,4,0,8
"AP001318.2",1,0,8,10,7,0,2,1,1,4
"DCPS",5,18,19,12,24,3,0,15,1,10
"GSEC",0,1,2,3,2,1,1,4,1,4
"ST3GAL4",21,53,36,58,44,11,15,26,11,48
"KIRREL3",54,184,217,482,315,29,30,39,20,80
"KIRREL3-AS1",1,2,2,4,2,0,0,0,0,0
"AP001783.1",2,8,11,33,12,1,2,1,1,0
"AP002833.2",0,0,0,0,0,0,0,0,0,0
"AP001993.1",2,1,1,4,2,0,0,0,2,0
"AP003121.1",0,1,0,0,0,0,0,0,0,0
"AP003481.1",0,5,2,1,2,0,0,0,0,5
"LINC02098",0,0,1,2,0,0,0,1,1,0
"ETS1",3,6,6,3,10,2,4,4,2,7
"FLI1",1,2,2,5,18,0,0,2,0,2
"SENCR",0,0,0,1,0,0,0,0,0,0
"KCNJ1",0,0,1,0,0,0,0,0,0,1
"KCNJ5",0,0,0,0,2,0,0,0,0,0
"C11orf45",0,1,0,0,1,0,0,0,0,0
"TP53AIP1",0,0,1,1,1,1,0,0,0,1
"ARHGAP32",77,438,487,870,749,191,224,334,131,485
"BARX2",1,0,2,1,2,0,0,1,0,0
"TMEM45B",1,2,1,0,4,2,3,4,0,1
"NFRKB",9,38,47,50,47,14,18,25,6,56
"PRDM10",4,21,31,41,39,9,7,10,7,26
"LINC00167",0,0,0,0,0,0,0,0,0,0
"APLP2",39,112,102,179,145,55,48,76,31,93
"ST14",0,2,0,2,3,1,0,0,0,1
"ZBTB44",22,66,69,181,158,53,55,59,39,84
"AP002986.1",2,6,7,8,11,0,6,2,2,15
"ADAMTS8",2,4,6,7,7,2,0,1,1,8
"ADAMTS15",1,1,3,3,0,0,0,0,0,0
"C11orf44",0,0,0,0,0,0,0,0,0,0
"LINC02551",0,2,0,2,3,0,0,0,0,2
"AP003486.1",1,2,8,17,13,6,4,3,3,1
"SNX19",20,69,118,162,102,53,30,88,28,93
"AP002856.4",0,0,0,0,0,0,0,1,0,0
"AP002856.2",0,0,1,0,0,0,0,1,0,1
"NTM",1469,5495,3327,6345,6425,1395,1321,3200,957,4729
"AP003025.2",21,115,96,90,103,9,24,49,8,134
"AP003025.1",28,154,104,95,120,8,25,33,4,119
"NTM-AS1",5,9,9,9,8,7,6,4,4,4
"AP000844.2",1,17,9,10,17,0,9,11,0,48
"AP000844.1",0,7,1,2,5,0,0,0,0,2
"OPCML",76,463,824,1175,926,68,55,90,54,170
"AP001979.2",0,0,2,3,1,0,1,1,0,0
"IGSF9B",3,9,6,13,13,2,3,9,4,5
"AP000911.1",3,3,2,5,1,0,0,0,3,2
"JAM3",33,116,87,120,108,23,35,52,19,54
"NCAPD3",7,26,26,50,44,8,5,24,5,20
"AP001775.2",0,0,0,0,1,0,0,0,0,0
"VPS26B",11,31,36,44,52,18,18,27,12,18
"THYN1",11,30,31,30,25,16,17,18,2,27
"ACAD8",2,20,24,39,29,15,11,26,9,25
"GLB1L3",2,8,8,11,12,0,2,3,0,2
"GLB1L2",0,5,1,1,0,0,1,1,0,1
"B3GAT1",16,63,86,131,96,23,36,53,29,56
"AP004550.1",0,0,0,0,0,0,0,0,0,0
"AP001999.1",0,0,2,1,1,0,0,0,0,0
"AP005135.1",0,0,0,1,1,0,0,0,0,0
"AC215217.1",2,0,1,0,0,0,0,0,0,0
"TUBB8",1,2,3,1,7,1,0,3,1,3
"ZMYND11",28,214,184,384,333,79,81,146,45,169
"DIP2C",68,542,379,758,602,120,150,232,94,407
"AL669841.1",0,1,1,0,0,0,0,0,0,0
"AL358216.1",4,13,5,6,6,2,8,2,1,3
"PRR26",0,1,1,5,2,2,0,0,1,1
"LARP4B",37,159,124,214,185,37,60,79,22,139
"AL359878.2",0,0,1,1,0,0,0,0,0,1
"GTPBP4",4,32,22,30,37,12,12,25,4,17
"IDI2",0,0,0,1,1,0,0,0,0,1
"IDI2-AS1",13,33,65,69,92,14,24,52,17,96
"IDI1",26,91,60,68,54,19,27,17,9,36
"WDR37",20,139,89,132,130,29,44,44,28,95
"LINC00200",0,0,0,0,0,0,0,0,0,1
"ADARB2",41,119,125,243,279,121,43,143,57,113
"ADARB2-AS1",0,3,5,1,17,3,2,0,1,0
"LINC00701",0,0,0,0,0,0,0,0,0,0
"AC024908.1",0,0,0,0,0,0,0,0,0,0
"AL713851.1",0,0,3,2,3,0,1,1,0,1
"AL731533.2",2,0,2,3,1,1,2,1,2,1
"PFKP",13,45,90,225,89,16,16,32,19,75
"AL451164.3",0,1,0,2,2,1,0,1,1,1
"PITRM1",13,22,27,40,29,9,11,15,8,20
"PITRM1-AS1",1,18,12,29,20,3,1,6,2,10
"AL451164.2",1,0,0,0,0,0,0,0,0,2
"AL451164.1",0,0,0,1,0,0,0,1,0,0
"AL357833.1",0,1,1,0,2,0,0,0,0,0
"AL357833.2",0,0,0,0,1,0,0,0,0,0
"AL450322.2",0,0,0,0,0,0,0,1,0,0
"AL450322.1",0,0,0,0,1,0,0,0,0,0
"KLF6",5,56,27,83,59,56,43,56,26,34
"AC025822.1",0,1,0,0,0,1,0,0,0,1
"AC025822.2",0,0,0,0,3,0,0,0,0,0
"LINC00702",0,0,0,0,0,0,0,0,0,1
"AC022535.1",0,0,0,0,0,0,0,0,0,0
"MANCR",0,0,1,0,1,0,0,0,0,0
"AKR1E2",1,5,8,5,10,1,0,0,0,0
"AKR1C1",1,0,6,4,2,1,1,2,0,1
"AKR1C2",0,0,0,1,0,0,0,0,0,1
"AL391427.1",0,0,0,0,0,0,0,0,0,0
"AKR1C3",4,26,22,11,33,12,13,104,7,38
"AL355303.1",3,6,3,2,7,23,5,20,4,9
"NET1",2,2,3,5,3,2,0,0,0,0
"CALML3-AS1",0,0,0,0,0,0,0,0,0,0
"CALML3",0,0,0,0,0,0,0,0,0,0
"ASB13",2,17,16,18,23,0,1,8,6,11
"FAM208B",31,121,104,211,224,66,76,117,33,116
"AL365356.1",10,60,55,61,75,15,23,38,5,64
"GDI2",19,107,75,91,93,39,41,47,15,78
"AL596094.1",0,0,1,0,0,0,0,1,0,0
"ANKRD16",4,27,29,53,36,7,13,15,7,27
"FBH1",12,54,37,71,56,13,11,39,10,28
"AL137186.2",0,3,0,2,0,0,0,0,0,0
"IL15RA",2,10,6,5,7,2,0,2,0,5
"IL2RA",1,0,5,7,12,6,0,37,5,3
"AL137186.1",0,1,2,0,0,0,0,0,0,1
"RBM17",12,100,53,194,102,40,32,62,24,63
"PFKFB3",53,393,245,542,287,64,90,125,52,164
"AL157395.1",1,14,25,25,14,4,3,4,2,13
"AL137145.2",7,313,69,97,63,3,9,26,3,78
"AL137145.1",1,25,3,8,6,0,1,3,0,5
"PRKCQ",9,102,65,76,51,10,8,7,4,30
"AL158210.1",0,2,0,1,1,0,0,0,1,0
"AL590637.1",1,5,6,7,4,5,2,5,1,4
"LINC00707",0,3,3,5,0,1,0,4,1,17
"AL392086.1",4,35,8,29,39,14,10,13,10,40
"SFMBT2",105,454,273,546,479,99,143,191,73,426
"AL139125.1",2,1,1,1,1,0,0,0,0,0
"ITIH5",3,2,2,34,8,5,2,6,0,4
"ITIH2",3,6,5,7,7,0,1,1,0,5
"KIN",4,44,31,47,52,11,11,22,6,20
"ATP5F1C",10,132,78,90,82,33,19,41,17,117
"TAF3",23,113,92,169,177,42,41,75,20,110
"GATA3",0,0,0,1,0,0,0,1,0,0
"AC025946.1",0,1,0,1,0,0,0,0,0,0
"LINC00709",0,0,0,0,0,1,0,1,0,0
"AL138775.1",0,0,0,0,0,0,0,0,0,0
"AL583859.1",0,0,1,0,0,0,0,0,0,0
"AL583859.2",2,4,5,8,5,1,1,3,0,1
"SFTA1P",1,3,2,2,4,1,1,0,1,3
"CELF2",304,1513,1246,2826,2245,497,542,775,350,1157
"AL136369.1",0,0,0,0,0,0,0,0,0,0
"CELF2-AS2",8,15,40,24,29,2,8,7,0,66
"CELF2-AS1",0,0,0,0,0,0,0,0,0,0
"USP6NL",8,47,32,70,80,18,9,25,7,68
"ECHDC3",0,0,1,1,5,1,0,1,1,3
"PROSER2",0,3,6,2,7,1,2,6,2,3
"PROSER2-AS1",3,5,2,3,2,7,7,4,1,3
"UPF2",30,221,209,393,364,48,67,147,23,123
"DHTKD1",10,56,54,79,72,11,8,29,11,63
"SEC61A2",15,53,45,84,59,12,18,31,13,47
"NUDT5",10,50,39,59,74,21,14,25,9,43
"CDC123",12,57,51,49,55,16,17,17,11,32
"AL512770.1",0,2,1,1,2,1,1,0,0,1
"CAMK1D",81,379,384,562,521,104,98,149,61,273
"CCDC3",6,36,68,119,117,30,24,24,17,54
"OPTN",11,59,80,102,69,26,17,28,11,39
"MCM10",1,3,1,2,0,0,0,0,0,0
"UCMA",0,0,0,0,0,0,0,0,0,1
"PHYH",4,35,38,32,27,6,6,24,9,21
"SEPHS1",3,18,9,21,23,7,6,16,4,15
"BEND7",6,39,33,56,77,22,33,70,24,49
"PRPF18",3,20,25,23,18,7,8,9,1,22
"AL157392.5",1,13,13,17,32,4,5,10,6,21
"FRMD4A",136,556,720,990,981,74,100,174,61,390
"AL157392.4",0,0,0,0,0,0,0,0,0,0
"AL157392.1",0,0,0,0,0,0,0,0,0,0
"AL157392.2",0,4,4,11,6,0,1,2,0,2
"AC044781.1",0,4,9,4,9,1,0,0,1,1
"AL157896.1",0,0,0,0,0,0,0,2,0,0
"FAM107B",36,181,129,268,176,45,36,30,34,76
"CDNF",1,8,1,4,3,0,1,2,2,5
"HSPA14-1",2,11,14,21,26,11,1,13,2,6
"AC069544.1",3,6,2,1,5,2,7,5,0,6
"SUV39H2",2,5,7,8,13,2,1,8,0,10
"DCLRE1C",19,80,97,161,118,35,31,65,26,122
"MEIG1",0,3,2,1,8,3,4,4,3,15
"OLAH",0,5,5,8,6,1,0,2,0,20
"ACBD7",1,6,7,12,10,13,3,6,3,19
"RPP38",13,50,81,115,83,14,32,48,14,100
"NMT2",28,122,112,217,174,34,33,47,13,100
"FAM171A1",132,297,450,1102,623,170,128,302,110,536
"AL607028.1",0,0,0,3,1,0,1,0,0,1
"ITGA8",3,12,12,16,14,1,3,2,3,5
"MINDY3",13,91,53,81,89,14,23,35,17,43
"AL355339.1",0,0,0,0,0,0,0,0,0,1
"PTER",0,1,4,15,6,4,4,12,1,6
"C1QL3",0,4,4,12,4,0,1,1,0,1
"RSU1",22,62,84,114,122,14,29,47,18,73
"CUBN",11,27,41,73,67,9,16,26,8,59
"AC067747.1",0,0,1,0,0,0,0,0,1,1
"TRDMT1",7,45,34,58,64,10,28,15,6,42
"VIM-AS1",0,1,1,4,4,1,1,3,1,3
"VIM",15,145,106,144,224,184,101,251,77,130
"AL133415.1",0,2,1,0,1,1,0,1,0,1
"ST8SIA6",0,4,1,6,5,0,1,4,0,3
"ST8SIA6-AS1",0,0,0,1,2,1,2,1,0,1
"HACD1",5,20,16,32,16,8,4,7,0,19
"STAM-AS1",2,15,14,3,10,3,4,4,1,14
"STAM",7,49,36,62,57,12,17,21,12,28
"AC069542.1",0,0,0,0,0,0,0,0,0,0
"TMEM236",1,1,1,1,1,0,0,0,0,2
"MRC1",1,3,3,3,5,0,1,0,0,2
"AC069023.1",0,0,0,0,0,0,0,0,0,1
"SLC39A12",40,182,260,786,467,200,233,309,105,360
"SLC39A12-AS1",0,0,2,4,2,0,0,0,0,1
"CACNB2",374,2030,1633,5466,2404,334,929,949,338,1567
"AL450384.2",19,204,128,115,127,34,46,50,18,139
"NSUN6",33,171,187,207,255,74,73,130,50,237
"ARL5B",2,24,19,36,18,15,10,9,4,18
"MALRD1",19,89,35,72,113,33,61,48,30,85
"AL157895.1",1,0,2,0,2,0,6,1,1,5
"PLXDC2",108,373,365,641,834,186,205,241,90,358
"AC069549.1",0,0,0,1,1,0,0,0,0,0
"NEBL",324,1573,1685,3671,2906,800,877,1422,520,2371
"NEBL-AS1",2,2,3,1,11,2,2,3,0,6
"AL158209.1",0,1,0,0,0,0,0,0,0,0
"CASC10",1,7,9,15,21,20,14,14,9,16
"SKIDA1",2,7,8,24,13,5,6,6,2,8
"MLLT10",82,269,300,675,497,122,193,259,87,487
"DNAJC1",27,267,174,305,301,106,114,166,54,212
"AL158211.1",0,0,3,2,0,1,1,2,2,3
"COMMD3-BMI1",1,1,0,0,0,0,0,0,1,0
"BMI1",6,17,23,65,30,13,7,10,8,10
"AL158211.4",0,0,0,0,0,0,0,0,0,0
"AL158211.2",0,1,0,0,0,0,0,0,0,0
"SPAG6",1,10,8,7,6,1,0,7,1,11
"AL513128.2",1,0,0,0,0,0,1,1,1,0
"PIP4K2A",128,730,440,1037,718,161,239,189,146,409
"ARMC3",4,48,14,19,39,21,23,44,19,46
"MSRB2",15,50,33,64,46,27,20,29,16,34
"PTF1A",0,2,1,0,0,0,0,0,0,0
"C10orf67",0,3,6,8,5,2,0,2,3,4
"AL606469.1",0,0,0,0,1,0,0,0,0,0
"OTUD1",3,6,7,20,11,4,6,3,5,5
"KIAA1217",16,96,188,263,201,13,9,15,16,44
"ARHGAP21",114,475,386,621,554,199,219,246,95,610
"PRTFDC1",33,191,138,132,167,54,53,112,47,189
"AL512598.1",2,1,4,1,1,4,2,4,0,3
"ENKUR",3,25,20,20,42,31,19,54,14,31
"THNSL1",3,8,6,6,9,3,3,2,0,6
"LINC01516",0,0,1,1,0,0,0,0,1,0
"GPR158-AS1",2,2,2,1,0,0,0,0,0,1
"GPR158",14,58,79,119,107,7,11,12,9,23
"LINC00836",0,3,12,10,10,0,6,0,4,4
"AL358612.1",0,1,0,0,0,0,0,0,0,0
"MYO3A",3,6,3,3,3,3,1,4,2,7
"GAD2",8,23,13,44,8,2,1,3,2,3
"APBB1IP",2,5,20,21,20,4,1,3,0,7
"PDSS1",5,32,39,25,46,9,6,9,1,41
"ABI1",79,484,260,371,390,108,215,223,72,378
"ANKRD26",41,204,215,317,344,104,116,204,62,281
"YME1L1",27,174,96,135,133,33,49,69,20,93
"MASTL",1,20,8,10,14,2,1,4,0,12
"ACBD5",5,48,36,59,59,19,19,25,11,34
"AL160291.1",0,0,0,1,3,0,1,0,0,0
"RAB18",18,134,96,141,127,42,44,98,29,104
"MKX",2,7,5,7,10,1,1,2,1,2
"MKX-AS1",0,0,0,0,0,0,0,0,0,0
"ARMC4",0,7,2,5,11,6,7,14,5,15
"AL390866.1",1,1,1,1,1,0,0,1,1,1
"MPP7",4,31,29,33,27,16,12,14,8,22
"AC022021.1",0,0,0,0,0,0,0,0,0,0
"AL358234.1",1,6,12,4,2,4,0,4,0,11
"WAC-AS1",21,52,62,55,74,19,22,27,11,55
"WAC",44,260,207,385,344,93,102,158,45,266
"BAMBI",5,9,8,10,13,10,9,6,6,14
"LYZL1",0,1,1,0,0,0,0,0,0,0
"SVIL",3,17,17,8,13,1,3,4,3,20
"JCAD",2,9,11,16,9,2,1,7,2,5
"MTPAP",3,14,20,31,37,7,17,20,4,18
"MAP3K8",4,25,11,29,23,4,10,11,4,30
"ZNF438",32,194,194,289,321,99,119,163,61,348
"AL356258.1",4,6,14,20,26,2,4,8,4,9
"ZEB1-AS1",6,25,51,91,92,33,21,52,14,61
"ZEB1",60,267,239,559,573,148,194,262,98,411
"AL161935.1",0,0,1,0,2,0,0,0,0,1
"AL161935.3",0,0,0,0,2,0,0,2,1,0
"ARHGAP12",19,77,97,216,173,44,48,62,25,101
"KIF5B",29,170,97,167,177,59,65,111,39,122
"EPC1",47,319,274,585,580,152,178,228,105,393
"AL158834.1",0,0,0,0,1,0,0,0,0,1
"AL391839.1",3,19,36,64,54,7,18,31,2,41
"CCDC7",40,92,126,177,201,44,65,76,29,162
"AL365203.2",0,0,1,1,2,0,0,0,0,0
"ITGB1",17,130,73,169,137,30,49,59,24,94
"ITGB1-DT",1,13,11,12,14,7,6,7,2,10
"AL121748.1",0,0,0,0,1,1,0,1,0,0
"NRP1",29,571,125,337,233,42,106,148,29,174
"AL121748.2",0,3,0,0,0,0,0,0,0,0
"AC018980.1",0,0,0,0,0,0,1,0,0,0
"PARD3",176,1567,843,2434,1970,726,1028,886,446,2037
"PARD3-AS1",1,2,2,4,3,1,2,0,1,5
"CUL2",12,41,44,60,54,12,22,24,9,33
"AL392046.1",1,4,3,2,6,2,1,1,0,4
"CREM",14,127,71,121,95,35,32,62,14,113
"AL117336.1",0,0,3,8,0,0,1,5,0,1
"CCNY",60,221,278,495,319,71,79,136,42,310
"AL117336.3",4,32,24,43,42,7,7,15,2,46
"AL121749.1",1,0,2,0,1,0,0,1,0,0
"GJD4",0,0,0,0,0,0,0,0,0,1
"FZD8",2,12,20,121,33,21,17,10,9,21
"PCAT5",0,0,0,0,0,0,0,0,0,0
"AL365500.1",0,0,0,0,0,0,0,0,0,1
"AL390061.1",0,0,1,0,0,0,0,0,0,0
"ANKRD30A",0,2,3,2,4,0,0,1,1,4
"AL132657.1",0,0,2,2,1,0,0,1,0,2
"ZNF248",46,167,210,362,365,58,77,128,50,269
"AL135791.1",0,0,0,1,2,0,0,0,0,1
"ZNF25",6,47,42,62,53,16,22,23,10,36
"AL117337.1",0,0,1,0,1,0,1,0,0,0
"ZNF33A",24,66,96,173,165,33,38,59,20,132
"AL117339.5",15,123,83,89,70,9,23,29,6,96
"AL133216.1",0,1,1,0,1,3,1,1,0,1
"LINC00839",4,2,13,9,14,1,2,13,0,13
"ZNF33B",6,26,19,32,54,8,18,19,8,23
"AL022344.1",0,0,0,0,1,0,0,0,0,0
"BMS1",6,44,32,49,52,15,16,20,9,34
"RET",0,4,8,6,5,0,1,0,1,1
"AC010864.1",0,2,9,1,0,1,2,3,1,3
"CSGALNACT2",19,108,56,109,77,30,30,63,21,70
"RASGEF1A",3,19,30,69,28,6,6,22,1,9
"AC068707.1",0,0,0,0,0,0,0,1,0,0
"FXYD4",1,1,2,0,0,0,0,0,0,2
"HNRNPF",8,38,33,70,32,25,18,32,17,28
"AL450326.1",1,2,5,3,3,0,0,0,0,2
"ZNF487",5,26,32,25,29,10,10,26,4,32
"ZNF239",2,3,2,7,2,3,1,2,1,1
"ZNF485",0,1,2,1,5,0,1,3,0,3
"ZNF32-AS3",1,3,3,1,1,1,3,1,1,2
"AL645634.2",0,0,0,0,0,0,0,0,0,0
"ZNF32",7,19,18,28,30,23,17,27,10,28
"LINC00840",0,0,0,0,0,0,0,0,0,0
"AL137026.1",0,0,1,0,0,1,0,1,1,1
"C10orf142",0,0,2,0,2,0,1,2,0,2
"CXCL12",0,3,0,10,9,11,3,14,3,6
"AL356157.1",0,3,1,3,2,0,0,1,0,1
"TMEM72-AS1",9,143,37,50,51,9,11,7,1,62
"TMEM72",0,0,0,0,0,0,0,0,0,0
"AL353801.1",0,10,0,0,1,0,0,1,0,1
"RASSF4",47,218,217,451,176,38,60,93,55,117
"DEPP1",0,80,5,17,2,35,99,50,15,2
"C10orf25",0,1,1,0,0,0,0,2,1,1
"ZNF22",2,21,17,20,30,12,14,17,7,15
"AL358394.1",0,2,0,0,1,0,0,0,0,2
"OR13A1",0,0,0,0,0,0,0,0,0,1
"ALOX5",0,2,4,7,10,3,2,2,1,5
"AL731567.1",0,2,2,0,2,1,2,4,1,1
"MARCH8",6,38,33,89,66,19,22,19,13,48
"ZFAND4",8,44,43,31,53,11,18,23,10,45
"WASHC2C",10,30,29,63,38,24,16,25,20,30
"AGAP4",13,32,53,47,50,16,15,40,14,56
"TIMM23",10,56,34,53,44,10,13,13,7,49
"NCOA4",7,60,50,51,77,29,13,40,13,60
"MSMB",0,0,0,2,0,0,0,0,0,0
"ANTXRL",0,0,0,0,0,0,0,0,1,0
"LINC00842",1,0,0,0,2,0,1,0,0,2
"GPRIN2",0,0,0,3,2,0,0,0,0,1
"SYT15",0,0,1,0,0,0,0,0,0,0
"AL356056.2",3,20,25,39,29,6,2,10,6,11
"AL356056.1",2,1,9,11,4,1,1,3,1,4
"AL356056.3",0,0,1,0,1,0,0,0,0,0
"PTPN20",7,18,33,35,35,6,12,21,11,44
"GDF10",0,5,2,3,1,4,10,6,5,6
"ZNF488",3,8,10,17,6,4,2,4,2,3
"ANXA8",0,6,1,0,2,1,0,2,1,2
"FAM25G",1,1,0,1,0,0,1,0,0,0
"AL591684.1",2,0,2,1,2,2,1,1,0,5
"AGAP9",7,24,46,26,42,13,8,9,5,51
"BX547991.1",2,7,0,0,0,0,0,0,0,3
"FO681492.1",0,0,2,1,0,0,0,0,0,1
"AC245041.2",0,1,2,2,3,0,1,1,0,3
"FAM25C",0,0,1,0,2,0,0,1,1,1
"FRMPD2",21,66,25,18,38,9,9,11,18,43
"MAPK8",75,313,262,411,417,109,119,159,60,277
"ARHGAP22",9,32,40,62,46,9,6,6,6,39
"AC068898.1",0,1,3,1,0,0,0,2,0,2
"WDFY4",0,1,4,4,6,1,0,3,0,0
"AC060234.1",0,2,1,1,0,0,0,1,1,1
"VSTM4",14,38,44,41,57,13,19,37,14,41
"TMEM273",1,1,10,5,8,1,1,0,2,4
"DRGX",0,0,1,0,0,0,0,0,0,0
"AL138760.1",0,10,17,17,7,0,0,2,2,7
"ERCC6",7,30,41,48,54,15,14,15,6,43
"CHAT",0,0,0,1,0,0,0,0,1,0
"C10orf53",0,0,0,0,0,0,0,0,0,0
"OGDHL",7,43,26,39,20,14,13,12,14,17
"PARG",23,154,122,219,176,46,44,79,30,133
"TIMM23B",37,169,148,329,177,35,45,75,47,128
"LINC00843",6,26,22,28,24,2,5,18,5,22
"AGAP6",10,29,47,85,63,13,10,25,11,35
"WASHC2A",9,21,19,58,34,14,6,23,8,21
"ASAH2",0,1,2,1,1,0,0,0,0,0
"SGMS1",48,292,243,294,394,103,109,142,79,310
"SGMS1-AS1",4,15,4,6,9,1,3,2,2,13
"ASAH2B",0,7,5,5,5,4,2,6,2,4
"A1CF",0,1,2,1,3,0,0,0,0,0
"PRKG1",413,1757,1286,2193,2751,847,924,1384,468,1281
"AL731537.1",0,1,0,2,1,2,2,3,1,2
"CSTF2T",3,18,15,23,20,12,8,15,4,5
"PRKG1-AS1",0,4,6,2,8,0,1,1,1,8
"DKK1",0,0,0,1,2,2,0,0,1,5
"LINC01468",0,0,0,0,0,0,0,0,0,0
"AC074327.1",2,2,5,16,11,2,2,0,1,7
"PCDH15",25,54,68,185,168,19,6,25,10,37
"AL353784.1",1,2,3,4,3,4,0,1,0,2
"ZWINT",0,1,1,1,3,0,0,0,0,1
"IPMK",13,25,23,62,35,10,12,17,8,43
"CISD1",19,96,92,144,107,39,36,52,18,108
"AC016396.1",0,0,0,3,0,0,1,0,0,0
"UBE2D1",5,19,17,14,25,20,18,26,9,18
"TFAM",1,21,9,22,18,9,11,17,5,21
"BICC1",29,204,115,144,210,104,90,129,60,170
"LINC00844",62,193,193,189,213,170,100,86,56,76
"PHYHIPL",112,305,272,467,566,223,213,335,153,467
"FAM13C",55,208,138,275,258,45,116,68,53,143
"AC025038.1",0,11,3,16,13,2,1,1,0,3
"AC026391.1",0,2,0,0,0,0,0,1,0,1
"SLC16A9",31,130,89,180,153,98,151,168,101,180
"MRLN",0,7,4,2,4,4,1,2,2,2
"CCDC6",33,151,127,220,144,50,85,78,36,106
"LINC01553",0,0,1,0,0,0,0,0,0,1
"ANK3",169,530,598,1023,793,112,72,92,70,202
"AL592430.1",1,4,2,2,2,0,1,1,0,0
"CDK1",0,1,0,1,2,0,0,0,0,0
"RHOBTB1",16,50,49,176,96,7,15,17,10,12
"LINC00845",0,1,0,0,1,0,0,0,1,0
"TMEM26",5,0,2,5,5,1,0,0,0,0
"TMEM26-AS1",1,0,0,0,0,1,0,0,0,0
"CABCOCO1",3,17,13,17,18,7,3,3,1,12
"AC022398.1",1,2,1,0,0,0,1,0,0,0
"ARID5B",31,251,218,254,213,50,103,75,47,113
"RTKN2",0,5,4,3,10,1,0,1,0,0
"AC024597.1",1,0,0,0,0,0,0,1,0,2
"ZNF365",17,78,118,195,190,46,70,59,38,63
"AL133417.1",0,0,1,0,0,0,1,0,0,0
"ADO",3,22,9,27,23,11,7,6,9,5
"EGR2",1,0,2,3,1,0,0,0,0,0
"AL590502.1",0,0,0,0,0,0,0,0,0,1
"NRBF2",4,20,16,24,19,7,2,5,1,12
"JMJD1C",128,687,607,931,936,208,251,318,133,578
"JMJD1C-AS1",0,0,0,0,0,0,0,0,0,0
"REEP3",32,144,109,194,163,46,58,73,34,141
"AC022387.1",1,1,10,5,3,3,4,4,1,2
"AC024600.1",2,5,2,0,0,0,1,0,0,0
"LINC01515",3,10,15,12,34,12,24,163,50,30
"CTNNA3",324,710,565,955,1039,193,225,132,164,408
"AC022017.1",0,2,1,0,0,1,0,1,0,0
"LRRTM3",76,235,279,322,315,40,27,39,16,77
"DNAJC12",7,16,11,28,13,4,2,5,1,8
"AL133551.1",0,1,3,2,2,0,0,1,0,2
"SIRT1",6,33,31,71,52,8,14,23,8,38
"HERC4",48,230,256,448,388,99,122,153,54,305
"MYPN",0,3,4,2,2,0,0,3,1,3
"ATOH7",0,0,0,1,0,0,1,0,1,1
"AC016395.1",0,1,0,1,1,0,0,0,0,0
"PBLD",2,21,20,23,19,4,7,2,1,15
"HNRNPH3",12,59,47,138,97,53,43,73,27,57
"RUFY2",34,149,144,177,189,55,68,73,34,153
"DNA2",5,5,27,44,28,14,9,21,6,22
"SLC25A16",13,42,42,77,72,8,13,23,12,46
"TET1",25,64,77,152,175,30,42,42,19,96
"CCAR1",20,205,148,257,254,42,49,82,45,102
"STOX1",21,189,118,179,158,57,81,90,33,236
"DDX50",14,109,70,80,100,23,36,37,13,82
"DDX21",8,64,32,67,73,14,16,29,10,32
"KIF1BP",14,95,48,43,56,24,22,18,8,36
"SRGN",6,2,5,7,6,4,0,3,0,0
"VPS26A",6,67,43,74,66,21,29,45,10,51
"SUPV3L1",4,39,16,55,38,11,11,20,8,27
"AL596223.1",0,1,2,2,1,0,1,0,0,1
"HKDC1",6,13,10,5,15,3,3,14,6,16
"HK1",22,159,131,218,123,32,29,73,14,94
"TACR2",0,1,1,0,0,0,0,0,0,1
"TSPAN15",12,29,32,27,34,10,7,12,9,25
"AL450311.2",0,0,0,0,1,0,0,0,0,1
"FAM241B",6,19,10,13,18,2,6,11,2,13
"AL450311.1",0,0,0,0,0,0,0,0,0,0
"COL13A1",0,3,1,1,1,0,0,1,0,1
"AC024601.1",0,2,1,1,2,0,0,0,0,3
"H2AFY2",2,48,37,36,34,8,14,18,5,43
"AIFM2",2,9,12,20,16,9,5,15,8,15
"TYSND1",1,11,18,40,17,3,0,8,5,8
"SAR1A",4,38,35,46,55,24,34,43,14,23
"PPA1",15,161,86,194,91,45,38,42,14,56
"NPFFR1",1,21,6,32,10,2,5,0,5,21
"LRRC20",4,23,25,31,22,5,5,25,4,21
"EIF4EBP2",5,56,38,61,57,52,31,34,23,45
"NODAL",0,4,3,3,1,0,0,0,0,4
"PALD1",2,7,7,12,15,2,3,5,0,7
"PRF1",1,0,0,0,2,0,0,0,0,0
"ADAMTS14",1,17,9,8,4,1,1,0,2,7
"SGPL1",17,92,75,144,127,69,56,99,21,95
"PCBD1",3,23,26,11,27,17,12,25,6,27
"AC073176.3",0,3,0,0,0,0,1,0,1,0
"UNC5B",11,28,26,37,32,14,7,11,11,24
"UNC5B-AS1",0,1,1,2,1,0,0,1,0,0
"SLC29A3",2,8,5,14,15,10,5,6,6,9
"CDH23",10,56,57,209,69,25,34,41,15,49
"C10orf105",0,2,2,0,6,12,3,0,2,3
"VSIR",11,151,86,136,105,151,123,113,77,86
"PSAP",222,801,880,867,797,442,339,589,235,442
"CHST3",5,74,25,57,48,15,12,16,7,17
"AC022392.1",0,0,0,0,0,0,0,0,0,0
"SPOCK2",43,130,87,157,109,58,40,83,48,70
"ASCC1",30,91,85,184,125,30,37,56,19,113
"ANAPC16",33,115,193,255,249,68,61,133,44,202
"DDIT4",19,83,230,493,165,87,65,115,32,203
"DDIT4-AS1",0,0,0,1,0,0,0,0,0,0
"DNAJB12",4,25,39,40,35,21,11,22,7,29
"MICU1",32,140,156,212,275,54,53,85,37,151
"AL513185.1",0,0,0,0,0,0,0,0,0,0
"MCU",9,54,68,83,137,28,26,41,16,74
"OIT3",0,0,0,2,0,0,0,1,0,1
"PLA2G12B",0,1,2,0,1,1,0,0,1,0
"P4HA1",35,95,171,506,236,63,69,130,27,143
"AL731563.2",0,0,0,2,2,0,0,1,0,0
"AL731563.3",1,1,1,7,4,1,0,1,0,2
"NUDT13",2,13,9,10,13,1,3,3,2,17
"AC016394.2",0,0,0,3,3,1,0,0,0,1
"ECD",12,42,32,42,47,23,21,28,4,51
"FAM149B1",17,39,51,58,58,15,20,26,12,54
"DNAJC9",10,56,96,101,123,38,24,71,15,91
"DNAJC9-AS1",3,7,9,12,6,4,5,17,1,23
"MRPS16",13,34,45,59,50,9,15,38,6,54
"CFAP70",27,88,52,111,152,35,56,52,28,93
"ANXA7",11,118,82,104,76,26,31,49,10,63
"AL512656.1",1,1,2,1,1,0,0,0,0,0
"MSS51",4,3,12,16,11,3,3,4,0,4
"PPP3CB",38,168,141,245,203,52,61,87,27,168
"USP54",53,293,244,419,335,56,78,93,56,276
"AC073389.1",0,3,0,5,2,0,0,1,1,5
"AC073389.3",2,0,0,0,0,0,0,0,1,0
"MYOZ1",0,1,1,3,2,0,0,1,0,3
"SYNPO2L",0,4,3,2,4,0,1,0,0,6
"AC073389.2",13,39,33,34,37,3,6,7,4,32
"AGAP5",9,13,22,24,30,15,4,3,6,17
"AC022400.6",2,8,8,7,11,0,3,3,0,4
"SEC24C",17,33,32,83,39,14,11,21,16,30
"FUT11",6,16,32,142,58,14,6,15,13,22
"CHCHD1",10,23,18,29,26,15,13,13,3,20
"ZSWIM8",37,86,99,257,141,83,68,131,44,98
"AC022400.7",0,0,0,0,0,0,0,0,0,1
"CAMK2G",206,383,501,498,710,190,227,318,134,632
"AC022400.1",1,0,0,0,0,0,0,0,1,0
"AC022400.2",0,3,1,2,1,0,2,0,0,0
"PLAU",0,0,2,4,1,2,1,1,2,6
"C10orf55",0,1,0,1,1,0,0,0,0,1
"VCL",14,131,79,156,137,43,40,58,33,103
"AP3M1",8,46,19,39,35,12,6,21,3,17
"ADK",54,241,253,397,404,71,84,127,56,271
"AC022540.1",0,0,2,1,2,0,0,1,0,0
"AC063962.1",0,0,0,0,1,0,0,0,0,0
"KAT6B",56,191,229,407,327,75,121,148,58,214
"AC018511.2",1,4,1,2,1,1,1,2,0,2
"DUPD1",0,0,0,0,0,0,0,0,0,0
"DUSP13",0,0,0,0,0,2,0,1,0,0
"SAMD8",16,66,53,82,86,25,23,48,13,64
"VDAC2",10,69,51,52,75,25,30,63,17,53
"COMTD1",3,8,9,6,13,12,12,9,2,8
"ZNF503-AS1",0,1,0,1,0,2,1,0,0,2
"AC010997.3",3,8,6,5,1,1,0,8,2,8
"ZNF503-AS2",1,0,2,2,0,0,0,0,0,0
"AC010997.5",0,1,10,5,6,1,1,1,1,12
"AC010997.4",0,0,1,1,0,1,0,0,0,0
"LRMDA",29,204,335,273,345,94,201,92,72,513
"KCNMA1",131,1220,822,1423,1091,219,290,459,151,869
"KCNMA1-AS1",2,18,15,50,13,2,5,3,0,26
"KCNMA1-AS3",0,0,0,2,2,0,0,1,0,1
"AL450306.1",0,0,3,1,2,0,0,0,0,1
"DLG5",14,92,78,110,97,19,24,48,10,52
"POLR3A",11,70,44,52,41,13,8,29,9,43
"RPS24",47,102,92,172,177,138,72,134,47,70
"AC012560.1",0,3,2,2,0,1,0,0,0,2
"ZMIZ1-AS1",2,9,13,12,12,2,3,2,0,7
"ZMIZ1",30,188,104,146,160,49,67,89,47,174
"PPIF",3,19,13,12,14,14,8,11,8,7
"ZCCHC24",15,153,65,181,133,32,37,46,20,79
"AL133481.1",0,6,1,8,2,0,2,2,0,0
"AL133481.3",0,0,0,0,0,0,0,0,0,0
"EIF5AL1",0,1,0,0,1,2,1,1,1,1
"SFTPA2",0,0,0,0,0,0,0,0,0,0
"BX248123.1",0,0,0,2,0,1,0,0,0,1
"AL132656.2",0,3,1,5,4,4,0,5,2,2
"NUTM2B-AS1",37,288,248,577,435,104,83,332,50,247
"AL135925.1",1,12,8,15,14,2,5,21,3,21
"NUTM2E",1,0,0,0,0,0,0,0,0,0
"SFTPD",1,10,15,14,9,6,2,5,1,5
"SFTPD-AS1",1,15,15,48,26,6,8,6,1,19
"TMEM254-AS1",9,28,24,42,25,5,14,9,4,29
"TMEM254",10,49,43,66,71,14,17,28,6,65
"PLAC9",0,9,3,7,9,1,3,0,0,4
"ANXA11",9,58,36,88,35,17,13,19,7,21
"LINC00857",0,0,0,0,0,0,0,0,0,0
"MAT1A",0,0,0,0,0,0,0,0,0,0
"DYDC1",0,1,0,1,1,0,0,1,0,1
"DYDC2",2,2,0,0,0,0,0,1,0,0
"FAM213A",43,222,112,110,138,45,78,65,23,139
"TSPAN14",8,32,29,60,40,14,13,24,13,35
"AC021028.1",0,0,0,0,0,0,0,0,0,0
"SH2D4B",2,4,1,1,0,0,0,0,1,4
"NRG3",1092,5633,4683,9342,8563,2213,3070,4114,1568,7269
"AC010157.1",0,0,1,1,0,0,0,0,0,0
"AC069540.2",0,0,0,0,0,0,0,1,0,0
"AL390786.1",0,0,0,0,0,0,0,0,0,0
"AL603756.1",0,0,0,1,0,2,0,1,0,1
"GHITM",17,108,84,63,45,31,18,57,20,28
"CDHR1",1,10,12,13,10,3,2,5,5,6
"RGR",4,53,6,42,46,31,33,4,5,28
"LINC00858",0,1,1,1,1,0,1,0,2,0
"CCSER2",58,279,233,482,409,81,151,191,87,315
"LINC01520",0,0,0,0,0,0,0,0,0,0
"GRID1-AS1",1,0,7,1,6,1,0,2,0,12
"GRID1",74,495,316,523,471,73,148,149,78,323
"WAPL",17,113,83,150,154,45,55,59,35,83
"AL731569.1",0,3,4,7,6,4,2,7,0,10
"OPN4",0,2,0,0,1,1,0,0,0,1
"LDB3",26,50,59,62,50,5,7,2,4,37
"AC067750.1",1,1,4,6,3,2,2,0,0,2
"BMPR1A",53,365,264,602,497,109,163,192,61,386
"MMRN2",1,7,11,8,7,3,1,4,1,8
"SNCG",36,93,67,167,51,13,7,15,6,31
"ADIRF",6,20,28,61,59,43,23,21,19,35
"AL136982.2",0,5,4,2,3,0,4,1,2,1
"FAM25A",0,0,0,0,0,0,0,0,0,0
"GLUD1",100,590,326,575,634,193,229,309,161,751
"SHLD2",18,115,104,162,130,44,45,76,39,85
"NUTM2A-AS1",61,222,284,421,368,102,51,175,62,275
"NUTM2D",0,1,0,0,0,0,0,0,0,1
"LINC00864",0,1,0,0,0,1,0,0,0,0
"MINPP1",5,10,11,25,19,11,7,13,11,19
"AL138767.3",0,1,2,2,2,0,1,1,0,0
"AL138767.1",0,0,0,0,0,0,1,0,0,0
"PAPSS2",0,10,9,22,8,1,3,2,4,4
"ATAD1",21,130,78,144,147,53,39,73,15,93
"KLLN",0,0,0,0,0,0,0,0,0,0
"PTEN",49,194,149,283,286,81,94,108,45,186
"RNLS",15,83,64,121,121,31,48,63,25,100
"LIPJ",0,0,0,0,1,0,0,0,1,1
"LIPK",0,0,0,0,0,0,0,0,0,0
"ANKRD22",0,0,0,1,1,0,0,0,0,0
"STAMBPL1",4,25,37,42,42,6,6,20,0,20
"ACTA2",2,24,18,21,10,19,5,31,6,11
"FAS",8,65,24,23,4,24,4,18,7,22
"CH25H",0,4,2,0,1,1,0,0,0,0
"LIPA",35,140,133,185,169,46,53,72,39,92
"IFIT2",1,20,14,18,19,8,6,2,3,13
"IFIT3",16,70,96,107,93,18,23,21,11,53
"IFIT1B",0,0,0,0,1,0,0,0,0,0
"IFIT1",4,20,15,28,28,10,9,19,6,10
"IFIT5",4,13,5,20,11,0,2,10,5,7
"SLC16A12",1,1,0,4,1,0,1,0,1,0
"SLC16A12-AS1",0,0,1,0,0,0,0,0,0,0
"PANK1",1,12,12,18,29,4,7,7,0,8
"AL157400.1",0,0,0,0,0,0,0,0,0,0
"AL157400.3",2,4,10,11,9,2,1,7,0,9
"KIF20B",3,9,10,11,17,0,3,10,7,7
"LINC00865",1,4,1,3,4,4,0,0,0,4
"LINC01374",0,0,0,0,0,0,0,0,0,2
"LINC01375",0,0,2,0,0,0,0,0,0,0
"AL391704.2",0,0,2,2,1,0,0,1,0,0
"AL391704.1",0,0,0,1,0,0,0,0,0,0
"HTR7",1,2,2,3,2,0,0,3,0,0
"RPP30",7,23,29,30,46,14,14,31,7,41
"AL365434.1",0,0,0,1,1,0,0,0,0,0
"AL365434.2",1,1,1,0,2,3,1,2,0,3
"LINC00502",0,1,0,1,1,0,1,0,0,0
"PCGF5",52,441,247,554,425,175,182,266,112,267
"HECTD2",11,90,93,141,151,38,61,82,32,122
"PPP1R3C",24,229,71,161,92,17,33,80,11,94
"TNKS2-AS1",0,6,2,0,2,1,1,2,0,2
"TNKS2",28,173,102,224,187,50,72,72,46,137
"FGFBP3",3,3,11,7,7,1,1,0,3,15
"AL359198.1",0,1,0,1,0,0,0,0,0,1
"BTAF1",30,128,112,176,161,25,40,58,20,86
"CPEB3",72,371,386,906,676,151,183,204,100,585
"MARCH5",12,68,53,87,98,25,26,49,14,71
"IDE",6,62,54,87,102,20,24,40,16,105
"KIF11",0,2,4,3,2,1,0,1,0,2
"HHEX",0,0,0,0,1,1,0,0,0,0
"EXOC6",19,101,119,218,226,36,40,62,18,108
"CYP26C1",0,0,0,0,0,0,0,0,0,0
"CYP26A1",1,1,0,0,0,0,0,0,0,0
"MYOF",1,9,8,11,6,1,1,1,0,4
"CEP55",0,1,0,2,1,0,1,0,0,0
"FFAR4",1,0,1,6,2,0,1,0,0,2
"RBP4",2,8,5,6,5,4,2,0,0,3
"PDE6C",4,11,20,11,17,0,2,6,0,21
"FRA10AC1",17,59,57,139,84,24,40,80,13,65
"LGI1",62,397,297,456,576,216,209,401,165,532
"AL358154.1",0,8,1,1,1,0,2,0,1,6
"SLC35G1",4,5,13,6,15,3,4,13,4,13
"PLCE1",8,73,173,231,231,55,57,85,30,144
"PLCE1-AS2",0,1,1,0,2,1,0,0,0,1
"AL389885.1",0,3,4,9,6,0,1,3,2,4
"NOC3L",2,10,16,19,18,12,5,19,3,12
"TBC1D12",25,64,86,137,124,25,28,37,17,105
"HELLS",3,9,14,25,18,3,11,9,4,13
"CYP2C18",0,0,0,0,0,0,0,0,0,0
"AL583836.1",0,0,0,0,0,0,0,0,0,1
"CYP2C8",0,0,4,1,2,1,0,2,1,2
"AL157834.1",1,3,4,2,1,2,2,5,1,6
"ACSM6",0,13,12,6,13,4,10,23,1,19
"AL157834.2",0,1,0,0,0,0,0,2,0,1
"PDLIM1",0,1,3,1,4,0,0,0,0,1
"SORBS1",315,2887,1245,2062,1981,495,666,715,278,1786
"ALDH18A1",9,27,17,35,33,8,8,9,8,19
"TCTN3",9,65,40,62,57,22,19,55,7,49
"ENTPD1",26,153,112,82,127,32,37,71,22,177
"ENTPD1-AS1",98,455,383,532,439,96,187,261,75,530
"AL365273.2",25,130,151,151,141,33,39,65,23,188
"CC2D2B",13,122,109,76,87,12,27,19,16,115
"CCNJ",1,11,4,6,5,2,2,3,2,3
"ZNF518A",85,378,230,389,442,140,182,220,82,457
"BLNK",2,4,10,6,12,1,1,3,2,5
"DNTT",0,0,0,0,0,0,0,0,0,0
"OPALIN",48,94,62,74,88,19,6,11,6,24
"TLL2",1,12,3,5,5,3,1,0,1,4
"TM9SF3",29,122,100,187,149,33,47,61,26,107
"PIK3AP1",0,9,5,13,4,1,1,2,1,3
"LCOR",40,176,220,654,364,97,102,123,64,235
"SLIT1",13,32,46,94,30,7,6,11,2,35
"ARHGAP19-SLIT1",1,5,0,0,4,0,0,0,0,5
"FRAT1",0,3,4,3,3,2,0,0,0,1
"FRAT2",1,6,4,5,7,0,1,3,3,2
"RRP12",4,37,33,50,49,21,9,15,5,21
"AL355490.2",1,1,5,21,5,2,1,4,1,5
"PGAM1",34,171,145,308,156,39,34,61,18,61
"EXOSC1",9,42,44,48,62,11,17,30,5,53
"ZDHHC16",7,16,17,34,19,7,6,13,2,15
"MMS19",17,81,53,103,83,23,27,47,17,73
"UBTD1",4,63,47,58,68,14,14,18,8,58
"ANKRD2",1,3,3,8,5,4,0,5,1,2
"AL355315.1",5,17,20,41,27,6,2,8,4,31
"MORN4",9,29,29,53,39,8,10,8,8,30
"PI4K2A",1,15,12,23,10,3,5,7,2,9
"AVPI1",4,9,10,10,7,3,1,8,3,3
"MARVELD1",3,4,5,7,11,2,1,6,2,6
"ZFYVE27",8,36,41,49,55,10,14,25,13,27
"SFRP5",1,0,0,0,0,0,0,0,0,0
"LINC00866",2,5,4,5,9,1,0,0,3,6
"GOLGA7B",16,20,35,79,65,30,13,32,15,30
"CRTAC1",2,9,12,11,19,2,2,5,1,1
"R3HCC1L",18,91,74,155,105,24,27,34,26,77
"LOXL4",0,2,0,0,0,2,2,3,0,3
"AL139241.1",0,0,0,0,0,0,0,0,0,0
"PYROXD2",12,17,32,41,35,26,14,37,13,39
"HPS1",8,41,52,50,56,15,13,32,16,51
"HPSE2",221,819,720,3821,1368,260,803,717,487,1186
"CNNM1",4,14,42,43,39,2,3,7,2,9
"GOT1",20,109,80,114,93,18,18,43,12,71
"AL391684.1",3,27,26,42,42,4,8,20,8,43
"SLC25A28",13,42,56,62,39,23,28,52,17,38
"AL353719.1",0,1,0,0,0,0,0,0,0,1
"AL133353.1",1,4,1,1,4,1,1,3,0,3
"ENTPD7",1,14,8,4,9,1,3,4,3,4
"CUTC",15,52,51,61,66,32,19,45,10,40
"COX15",10,36,30,48,42,11,7,11,5,18
"ABCC2",1,3,1,9,9,4,0,2,1,7
"DNMBP",6,35,31,41,29,3,12,12,5,17
"DNMBP-AS1",1,5,2,7,8,5,7,3,3,11
"CPN1",0,1,2,1,6,1,0,6,0,2
"ERLIN1",5,16,23,34,35,17,10,16,11,29
"CHUK",11,43,28,35,39,18,11,25,4,39
"AL138921.1",0,0,0,1,0,0,0,0,0,1
"CWF19L1",17,57,34,32,58,6,19,21,5,47
"BLOC1S2",5,21,14,13,25,13,15,8,3,19
"PKD2L1",1,5,2,4,1,0,1,0,0,0
"AL139819.1",1,0,0,1,0,0,0,0,0,1
"SCD",59,290,198,465,215,43,34,28,42,66
"OLMALINC",41,124,173,264,226,54,54,99,24,145
"WNT8B",0,0,0,1,1,0,0,0,0,0
"SEC31B",14,38,45,122,68,26,15,36,8,38
"AL133352.1",0,1,1,5,6,1,2,1,2,1
"NDUFB8",0,0,2,0,0,0,0,0,0,0
"HIF1AN",4,30,30,47,31,3,7,12,3,20
"PAX2",1,2,1,1,1,2,0,0,0,0
"AL138762.1",1,4,2,1,11,3,4,0,1,5
"SLF2",43,134,119,150,149,29,42,69,15,121
"AL133215.3",0,0,0,1,0,0,0,0,0,0
"MRPL43",7,34,50,48,43,32,17,31,11,37
"SEMA4G",6,15,26,28,29,9,7,15,3,25
"TWNK",0,2,1,3,4,3,1,5,1,3
"LZTS2",7,40,30,72,43,30,32,42,25,29
"PDZD7",3,10,17,12,14,7,10,8,1,14
"SFXN3",13,19,17,31,27,12,11,13,4,27
"AL133215.2",0,0,1,0,1,0,0,0,0,1
"KAZALD1",0,1,1,0,0,1,0,0,0,1
"TLX1NB",0,2,1,1,0,2,1,1,1,0
"LINC01514",0,0,0,0,0,0,0,0,0,1
"AL133387.2",0,0,0,1,0,0,0,0,0,0
"BTRC",46,179,188,328,388,97,106,166,52,242
"DPCD",15,15,21,24,18,6,10,8,4,17
"POLL",16,32,21,31,30,7,5,14,14,26
"FBXW4",16,102,71,98,125,30,43,56,25,90
"NPM3",2,4,6,19,1,2,1,5,1,4
"OGA",90,484,227,368,400,174,170,244,126,317
"KCNIP2-AS1",4,15,24,24,13,9,4,8,2,25
"KCNIP2",10,14,22,58,49,8,7,21,5,23
"ARMH3",32,162,127,212,182,36,36,49,18,147
"HPS6",0,3,5,9,9,7,1,4,0,4
"LDB1",2,12,6,11,12,2,2,4,1,4
"PPRC1",5,23,12,16,18,6,4,5,7,12
"NOLC1",6,22,15,16,17,6,6,10,2,8
"ELOVL3",0,0,1,0,0,0,0,0,0,0
"PITX3",0,0,0,0,0,0,1,0,0,0
"GBF1",34,162,135,212,212,45,39,81,36,143
"NFKB2",0,6,9,19,8,9,0,21,4,7
"PSD",4,44,46,75,36,9,10,19,7,24
"FBXL15",6,47,37,45,50,16,27,26,8,34
"CUEDC2",10,53,45,39,47,22,22,31,12,28
"C10orf95",1,3,2,1,0,0,0,0,0,3
"MFSD13A",2,17,27,20,33,8,9,16,3,17
"ACTR1A",11,64,67,108,75,28,24,52,22,42
"AL121928.1",0,0,0,0,0,0,0,1,0,1
"SUFU",16,78,60,125,95,19,19,36,19,80
"TRIM8",23,99,64,137,105,54,50,89,34,100
"AL391121.1",1,10,12,18,14,5,5,8,3,4
"ARL3",32,170,130,157,210,58,74,98,39,172
"SFXN2",3,13,14,9,12,1,7,1,2,13
"WBP1L",21,82,68,107,90,19,16,43,14,68
"CYP17A1",0,0,1,1,1,0,0,0,0,0
"CYP17A1-AS1",0,3,5,4,0,0,0,2,0,3
"AL358790.1",0,1,2,2,1,0,0,0,0,1
"BORCS7-ASMT",2,10,14,11,22,1,3,5,2,16
"AL356608.1",0,0,0,0,1,0,0,0,0,0
"CNNM2",48,162,179,275,283,59,64,79,36,223
"NT5C2",42,409,254,533,461,180,242,337,158,405
"RPEL1",1,0,0,0,0,0,0,0,0,0
"INA",7,36,40,50,40,8,4,12,1,11
"PCGF6",7,36,28,37,33,8,9,10,7,32
"TAF5",1,4,8,21,14,2,2,4,1,12
"ATP5MD",26,84,79,104,93,255,30,166,42,37
"PDCD11",9,29,22,27,35,9,9,15,5,22
"CALHM2",0,1,0,3,0,2,2,1,0,2
"AL139339.2",0,2,1,0,1,1,0,0,0,0
"AL139339.1",0,0,0,3,0,0,0,0,0,2
"CALHM1",1,0,0,1,3,0,0,0,0,0
"CALHM3",1,0,0,0,0,0,0,0,0,0
"NEURL1-AS1",0,3,2,2,2,1,0,1,0,3
"NEURL1",4,23,38,61,23,4,2,9,3,14
"SH3PXD2A",11,66,65,118,110,19,9,51,11,43
"AL121929.2",1,2,1,1,1,1,0,1,0,0
"SH3PXD2A-AS1",2,7,2,2,3,2,0,2,0,12
"STN1",3,21,15,32,17,5,7,8,3,18
"SLK",10,116,64,112,112,31,39,75,20,70
"COL17A1",0,1,1,0,1,0,0,0,0,0
"SFR1",1,11,5,2,4,10,5,9,3,2
"CFAP43",9,44,21,32,37,20,10,33,21,39
"GSTO1",10,66,44,46,49,13,12,34,6,28
"GSTO2",5,25,21,16,31,6,5,8,7,30
"ITPRIP",0,17,14,21,20,4,7,7,13,6
"AL162742.1",0,0,0,0,0,0,0,0,0,0
"CFAP58-DT",0,0,0,0,0,0,0,0,0,0
"CFAP58",1,3,6,3,8,3,3,2,4,6
"SORCS3",5,31,34,72,44,4,1,9,6,8
"AL731574.1",0,0,0,0,0,0,0,0,1,0
"AL353148.1",0,0,0,0,0,0,0,0,0,0
"SORCS1",16,84,131,167,135,18,9,16,13,28
"LINC01435",2,5,6,10,12,0,0,5,2,6
"AL356476.1",0,0,2,0,0,1,0,1,1,0
"XPNPEP1",17,41,38,74,58,20,19,29,19,40
"ADD3",159,814,537,1004,1129,265,382,674,229,748
"MXI1",65,335,290,629,477,199,227,280,147,373
"AL360182.2",1,1,3,2,4,2,0,2,2,0
"SMNDC1",3,15,20,26,29,12,8,18,2,11
"AL355512.1",0,1,4,4,3,0,0,0,1,5
"DUSP5",2,1,0,0,0,1,0,0,0,2
"SMC3",9,63,52,84,92,19,20,53,6,62
"RBM20",1,3,7,7,6,1,3,2,0,2
"PDCD4-AS1",0,0,0,1,0,0,0,1,0,0
"PDCD4",6,30,22,31,53,28,27,24,15,28
"BBIP1",19,88,81,121,124,44,47,67,12,137
"AL158163.2",0,0,0,0,1,0,0,0,0,0
"AL158163.1",0,0,0,0,0,0,0,0,0,0
"SHOC2",11,138,98,160,144,51,47,83,35,72
"ADRA2A",3,2,3,3,5,0,1,0,1,1
"GPAM",17,146,93,200,145,47,65,74,46,116
"TECTB",0,0,2,2,2,0,1,1,1,0
"ACSL5",1,5,8,20,6,1,1,7,0,11
"AL157786.1",0,4,8,12,9,3,1,5,0,6
"ZDHHC6",7,29,16,19,21,10,6,10,6,29
"VTI1A",53,232,258,448,429,87,112,177,69,330
"AL139120.1",0,0,0,0,1,0,0,1,1,0
"TCF7L2",105,794,422,978,726,147,243,286,120,492
"AL158212.2",2,3,1,2,5,1,0,0,1,0
"HABP2",0,0,0,2,1,0,0,0,0,0
"NRAP",1,2,2,4,1,0,0,1,0,1
"CASP7",9,49,39,119,41,13,22,28,12,37
"AL592546.1",0,2,1,0,0,0,0,0,0,0
"PLEKHS1",0,3,1,0,0,0,0,0,0,0
"DCLRE1A",0,3,2,8,12,4,9,6,3,9
"NHLRC2",19,104,96,132,173,62,78,114,44,119
"ADRB1",8,32,16,69,40,24,23,25,14,36
"CCDC186",12,58,69,102,56,30,28,44,15,57
"TDRD1",0,2,1,1,0,0,0,1,0,0
"VWA2",0,1,0,0,1,2,0,0,0,0
"AC005383.1",0,0,0,0,0,0,0,0,0,0
"AFAP1L2",1,4,2,12,2,0,0,5,0,2
"ABLIM1",203,1131,621,1004,1017,292,417,581,281,905
"AL137025.1",3,17,14,16,19,3,6,10,7,12
"FAM160B1",7,57,32,103,63,32,39,55,14,40
"TRUB1",4,16,22,39,21,13,8,7,4,20
"ATRNL1",42,214,498,632,537,41,35,58,27,71
"GFRA1",3,136,29,29,46,12,15,24,8,39
"CCDC172",0,0,0,0,1,0,0,0,0,1
"PNLIPRP3",2,0,2,2,0,0,0,0,0,0
"PNLIP",0,1,0,0,1,0,0,0,0,0
"PNLIPRP1",0,0,0,0,0,0,0,0,0,0
"C10orf82",0,0,0,2,1,0,0,0,0,0
"AC016825.1",0,0,1,1,1,0,0,0,0,0
"HSPA12A",23,108,122,145,156,29,33,70,27,104
"ENO4",11,31,29,27,28,9,7,10,9,26
"SHTN1",115,208,183,465,379,126,95,98,59,162
"VAX1",0,1,0,1,1,0,0,0,0,0
"MIR3663HG",0,0,0,0,0,0,0,0,0,0
"KCNK18",0,1,0,1,1,1,0,0,0,0
"SLC18A2",1,11,15,29,7,5,0,3,2,4
"AL391988.1",0,1,1,1,0,0,0,0,0,1
"PDZD8",13,79,35,69,79,31,23,45,17,39
"AC005871.2",1,26,20,17,11,2,2,3,0,33
"EMX2OS",24,242,166,319,187,92,105,131,60,262
"EMX2",36,336,239,720,461,241,115,332,174,203
"RAB11FIP2",28,199,108,288,230,61,90,112,43,192
"AC022395.1",2,14,12,13,10,0,2,4,0,13
"CASC2",26,106,42,116,163,18,55,61,21,124
"FAM204A",15,77,78,152,112,36,42,46,24,90
"LINC00867",0,0,1,3,2,0,1,0,0,0
"PRLHR",0,0,1,1,0,0,0,0,0,1
"CACUL1",30,130,118,161,166,52,44,93,34,159
"NANOS1",1,3,11,7,12,3,2,10,5,5
"EIF3A",12,92,73,137,103,28,22,39,9,66
"FAM45A",14,86,133,142,116,34,37,65,10,110
"SFXN4",19,66,70,76,79,10,18,18,11,82
"PRDX3",7,43,31,24,39,27,14,27,14,38
"GRK5",3,14,20,36,38,5,8,12,6,28
"AL583824.1",0,2,1,0,0,0,0,0,0,2
"RGS10",0,4,3,3,5,1,2,6,0,6
"TIAL1",10,53,69,105,73,46,36,53,20,75
"BAG3",4,140,22,80,77,99,53,181,36,60
"INPP5F",26,245,112,230,170,34,55,91,18,143
"MCMBP",9,64,38,106,70,23,27,50,10,69
"SEC23IP",18,93,42,100,88,25,15,39,10,48
"PLPP4",6,24,20,23,33,12,6,7,11,27
"LINC01561",0,1,2,1,0,2,1,1,0,0
"WDR11-AS1",19,93,73,96,138,17,35,68,22,139
"WDR11",22,160,90,223,198,47,49,117,39,156
"AC010998.2",0,2,0,0,0,0,0,0,0,1
"AC010998.1",0,0,0,1,1,2,1,1,0,4
"LINC01153",0,0,0,0,1,0,0,0,0,1
"FGFR2",123,706,343,596,521,118,185,206,97,424
"AC009988.1",1,0,1,1,0,0,0,0,0,1
"ATE1",48,187,154,244,226,51,79,125,33,177
"AL731566.2",0,0,1,1,2,1,0,1,0,0
"NSMCE4A",4,18,15,18,33,15,7,21,6,17
"AL731566.1",2,0,1,3,0,0,2,2,0,0
"TACC2",4,46,24,30,24,14,8,23,8,38
"BTBD16",0,2,4,2,5,1,0,0,0,2
"PLEKHA1",22,109,116,203,195,47,34,47,18,72
"ARMS2",0,0,0,1,0,1,0,0,0,0
"HTRA1",101,575,455,989,574,186,180,160,112,294
"DMBT1",1,1,2,0,0,0,0,1,0,1
"CUZD1",0,2,2,1,3,1,1,3,0,2
"FAM24B",1,1,3,1,1,0,1,3,2,4
"C10orf88",3,16,12,23,27,7,9,21,8,14
"PSTK",3,34,43,54,41,17,13,33,3,23
"IKZF5",3,20,14,26,32,9,16,14,11,30
"ACADSB",15,65,49,89,62,21,16,24,11,45
"BUB3",16,46,63,118,87,22,15,32,15,68
"AL160290.2",0,1,5,1,1,0,0,0,1,0
"GPR26",0,1,0,5,0,0,0,0,0,0
"CPXM2",0,3,6,4,2,0,2,0,0,3
"CHST15",0,12,17,22,25,0,1,2,3,5
"OAT",36,97,85,131,158,46,33,49,18,115
"NKX1-2",0,0,0,0,0,0,0,0,0,0
"LHPP",36,93,96,203,104,40,25,51,20,75
"AC068896.1",0,2,1,5,2,0,1,1,0,1
"AL513190.1",0,0,0,1,0,0,0,0,0,0
"FAM53B-AS1",2,5,5,17,4,1,2,1,1,1
"EEF1AKMT2",0,0,0,0,1,0,0,0,0,0
"ABRAXAS2",6,24,31,45,32,16,11,27,9,22
"ZRANB1",19,59,53,137,86,42,37,53,29,71
"AL731577.1",0,1,14,0,17,4,0,0,0,0
"CTBP2",26,144,114,278,228,63,96,96,57,157
"AL731571.1",1,0,1,4,0,0,0,0,0,0
"AL157888.1",0,0,0,0,1,0,0,1,0,1
"TEX36",0,4,1,4,6,4,0,6,4,0
"AL158835.1",0,2,5,5,11,5,1,2,0,5
"EDRF1",7,60,36,73,80,10,26,36,13,44
"EDRF1-AS1",1,1,3,2,0,0,0,0,0,0
"MMP21",0,1,0,3,0,0,0,0,0,0
"UROS",20,55,76,94,47,26,18,17,17,23
"BCCIP",13,49,49,56,67,19,18,39,11,76
"DHX32",22,106,79,142,129,31,40,87,20,100
"FANK1",5,39,21,91,66,24,20,77,15,58
"ADAM12",20,97,119,364,158,48,53,106,28,104
"LINC00601",2,4,4,7,5,1,0,4,1,3
"C10orf90",52,193,149,320,278,29,49,40,30,113
"DOCK1",91,432,356,715,595,87,159,202,81,408
"AL359094.1",3,11,8,11,16,3,3,9,5,30
"FAM196A",27,114,148,142,158,14,32,45,10,151
"CLRN3",0,0,0,0,0,0,0,0,0,0
"PTPRE",32,99,93,198,139,20,16,48,20,115
"AL158166.2",0,0,1,0,1,0,0,1,0,0
"MKI67",0,1,0,0,0,0,0,0,0,0
"AL390763.2",0,0,0,1,0,1,0,0,0,1
"AL390763.1",0,1,0,0,0,1,0,0,0,0
"MGMT",21,108,70,106,103,35,33,52,15,74
"AL157832.1",0,0,0,2,3,0,0,0,0,0
"AL157832.3",10,15,21,46,50,16,10,9,15,21
"EBF3",0,3,2,1,0,0,0,0,0,1
"AL354950.2",0,0,0,0,0,0,0,0,0,1
"AL354950.1",0,0,0,2,1,2,0,1,0,0
"C10orf143",9,26,25,55,46,6,11,12,5,35
"GLRX3",15,62,43,71,52,19,14,35,10,44
"AL355500.1",0,0,0,0,0,0,1,0,1,0
"TCERG1L",4,14,33,51,25,6,2,7,2,9
"LINC01164",0,2,2,0,3,0,0,0,0,0
"PPP2R2D",15,72,65,98,75,16,19,48,16,47
"BNIP3",27,88,67,152,56,47,32,51,17,38
"AL162274.2",0,3,2,1,4,0,1,2,0,0
"AL162274.1",0,0,0,0,0,0,0,0,0,0
"JAKMIP3",11,20,27,48,47,23,13,35,9,41
"AL512622.1",0,1,0,0,4,2,1,1,0,2
"DPYSL4",2,8,10,36,18,9,2,12,2,11
"STK32C",16,35,36,59,53,20,14,22,11,39
"LRRC27",8,29,25,35,29,14,12,24,14,35
"PWWP2B",1,1,7,18,11,4,2,14,0,6
"AL451069.2",0,1,0,0,1,0,0,0,0,0
"AL451069.1",0,0,0,1,0,0,0,0,0,0
"INPP5A",8,48,43,93,54,9,14,33,16,41
"NKX6-2",2,60,49,99,55,15,21,15,16,27
"CFAP46",7,27,15,37,39,4,6,23,2,12
"LINC01166",0,1,1,1,5,0,1,0,0,0
"LINC01168",0,0,0,0,0,0,0,0,0,0
"ADGRA1",4,14,14,36,17,5,0,19,2,11
"ADGRA1-AS1",1,2,3,4,2,0,1,1,1,2
"KNDC1",47,74,115,140,120,45,39,66,35,77
"VENTX",0,0,0,0,1,0,0,0,0,0
"AL592071.1",0,0,0,1,0,0,0,0,0,0
"ADAM8",4,1,3,6,4,6,4,7,2,4
"TUBGCP2",20,71,73,83,78,18,22,33,15,49
"ZNF511",0,1,0,2,0,0,0,1,0,0
"ZNF511-PRAP1",1,3,10,3,5,2,1,1,1,1
"CALY",10,35,39,83,40,12,5,14,8,4
"AL360181.1",0,3,4,0,1,2,0,0,0,2
"PRAP1",0,0,0,0,0,0,0,0,0,0
"FUOM",0,4,2,1,1,0,1,0,0,2
"ECHS1",16,51,63,79,58,23,13,37,20,49
"PAOX",1,11,12,9,6,1,3,5,1,7
"AL360181.3",1,0,1,5,3,0,0,0,0,2
"MTG1",1,2,5,5,3,2,2,5,5,0
"SPRN",4,5,6,21,5,1,2,1,4,0
"SCART1",0,18,16,34,14,2,5,4,0,21
"CYP2E1",0,7,10,25,5,5,4,1,2,10
"AL161645.1",0,0,0,0,0,0,0,0,0,1
"SYCE1",1,7,7,6,11,0,0,3,2,4
"IQSEC3",7,16,32,37,26,4,2,10,2,6
"AC026369.3",1,1,2,1,2,0,0,0,0,0
"AC026369.1",0,0,0,1,0,0,0,0,0,0
"AC007406.3",0,2,1,0,0,0,0,0,0,0
"SLC6A12",2,15,20,16,24,12,6,13,3,15
"AC007406.4",2,3,12,4,7,2,7,5,0,5
"SLC6A13",4,7,3,5,4,1,1,1,4,7
"KDM5A",33,189,90,233,199,49,66,99,32,137
"CCDC77",5,25,13,34,24,11,11,22,4,14
"B4GALNT3",1,5,20,16,15,0,1,4,2,9
"NINJ2",26,36,36,51,28,16,9,5,7,12
"AC021054.1",9,16,8,18,10,2,4,1,1,6
"LINC02455",0,0,0,0,0,0,0,0,0,0
"WNK1",42,209,240,572,381,91,98,144,49,212
"RAD52",5,41,45,85,78,27,23,32,13,86
"AC004803.1",0,0,1,2,2,2,0,3,0,3
"ERC1",75,362,299,528,466,92,169,225,82,363
"AC004672.1",0,3,1,4,1,3,1,3,3,7
"LINC00942",1,1,1,0,0,0,0,0,0,1
"WNT5B",2,22,12,14,16,6,3,11,0,16
"FBXL14",6,18,12,23,20,8,3,20,3,17
"ADIPOR2",33,131,130,305,224,54,71,57,38,110
"CACNA2D4",0,1,0,1,2,0,0,1,0,2
"LRTM2",2,9,7,11,9,0,1,3,1,0
"AC005342.2",0,0,0,0,0,0,0,0,0,0
"LINC00940",1,0,1,0,0,0,1,0,0,1
"DCP1B",10,86,50,121,108,35,57,78,24,127
"CACNA1C",57,243,435,526,473,76,111,185,63,257
"CACNA1C-AS2",0,0,0,1,3,0,1,0,0,2
"CACNA1C-AS1",0,1,3,4,2,0,1,0,1,0
"LINC02371",0,0,0,0,0,0,0,0,0,0
"FKBP4",18,38,43,115,62,46,23,89,11,25
"ITFG2-AS1",2,7,11,10,19,5,6,3,1,19
"ITFG2",20,50,74,75,104,21,19,25,13,73
"NRIP2",0,4,8,36,10,1,0,0,0,1
"TEX52",1,6,6,7,1,0,1,2,0,6
"FOXM1",0,4,5,11,8,0,0,3,0,8
"TULP3",36,239,167,282,300,66,63,97,42,217
"TEAD4",0,2,2,2,2,0,0,1,0,1
"AC125807.2",0,0,0,2,0,0,0,0,0,0
"TSPAN9",4,34,30,37,47,5,10,19,6,18
"AC005865.1",0,0,0,0,0,0,0,0,0,0
"LINC02417",0,0,0,0,0,0,0,0,0,0
"PRMT8",4,9,15,25,11,4,1,5,1,4
"CRACR2A",0,4,6,10,10,2,0,5,1,12
"PARP11",6,58,50,79,86,20,24,17,11,44
"AC005842.1",0,2,2,1,6,0,0,0,0,1
"AC007207.2",0,0,0,0,0,0,0,0,0,0
"CCND2",8,42,52,63,60,25,13,30,4,20
"TIGAR",7,37,37,46,63,13,8,21,6,29
"FGF23",0,3,0,2,2,1,0,1,0,0
"FGF6",0,0,0,0,0,0,0,0,0,0
"C12orf4",9,56,28,75,62,16,39,44,8,48
"RAD51AP1",0,3,4,5,1,0,0,2,2,0
"DYRK4",0,2,1,1,0,0,1,1,0,0
"AC005832.4",1,1,2,13,12,2,1,6,0,5
"AKAP3",0,5,9,11,7,5,4,8,0,9
"AC005833.2",7,23,13,34,34,10,7,28,2,25
"AC005833.1",2,14,7,23,12,2,0,7,1,15
"GALNT8",15,36,38,93,50,22,24,32,8,18
"KCNA1",4,2,11,13,13,1,0,3,2,1
"AC006063.2",0,0,2,1,0,0,0,0,0,1
"KCNA5",1,0,1,2,1,0,0,0,0,0
"AC006206.2",1,0,7,2,0,0,0,1,0,1
"AC007848.1",1,3,2,0,10,0,4,3,0,11
"NTF3",0,0,0,2,0,0,0,0,0,0
"ANO2",2,3,8,3,9,2,3,2,0,5
"VWF",2,7,6,5,7,1,4,2,1,4
"AC005845.1",1,1,0,0,0,1,1,0,0,0
"CD9",63,153,78,51,76,38,36,19,30,34
"PLEKHG6",1,4,3,3,0,2,0,2,0,2
"TNFRSF1A",4,96,43,98,59,41,43,93,27,45
"SCNN1A",0,0,1,1,0,1,1,2,1,1
"LTBR",4,20,9,20,24,13,13,24,3,12
"AC005840.2",2,2,0,3,1,1,1,3,0,0
"CD27",0,3,1,1,12,0,0,0,0,1
"TAPBPL",6,19,17,27,15,13,9,14,2,42
"VAMP1",7,23,47,30,33,9,12,24,6,17
"AC005840.4",0,0,1,2,2,0,0,1,0,2
"MRPL51",19,61,55,44,53,46,29,47,15,37
"NCAPD2",3,18,17,27,24,4,11,10,9,23
"GAPDH",207,1264,734,584,594,422,246,537,216,357
"AC006064.4",2,2,4,0,2,0,2,2,0,0
"IFFO1",12,32,48,48,49,20,28,23,11,25
"AC006064.1",0,0,0,3,1,0,0,0,0,1
"NOP2",2,2,3,3,5,13,3,18,2,3
"AC006064.6",0,0,0,0,0,1,0,0,0,0
"CHD4",2,37,25,32,33,8,8,17,8,28
"AC006064.2",4,39,40,47,30,7,8,12,2,44
"LPAR5",0,6,1,5,3,0,0,1,2,5
"ACRBP",0,0,0,0,1,0,1,1,0,3
"ING4",11,72,66,71,75,32,20,58,6,49
"ZNF384",5,9,12,15,19,7,3,13,6,23
"PIANP",5,12,17,27,13,3,0,5,0,3
"COPS7A",7,21,23,35,25,15,16,15,3,31
"AC125494.2",0,1,1,6,1,1,0,1,0,1
"MLF2",18,55,76,134,92,47,25,42,14,50
"PTMS",15,39,65,140,71,41,20,34,12,32
"LAG3",2,0,1,4,0,1,0,3,0,0
"CD4",0,4,6,9,1,1,1,4,1,4
"GPR162",13,29,67,67,33,22,16,51,6,33
"P3H3",3,15,13,30,13,4,4,7,2,16
"GNB3",0,4,8,13,8,8,5,29,4,9
"CDCA3",0,1,3,2,3,1,0,0,0,2
"USP5",7,50,43,77,51,8,18,22,8,14
"TPI1",61,241,157,259,128,61,61,105,22,58
"SPSB2",2,12,10,7,11,3,4,10,1,5
"LRRC23",14,51,79,53,68,13,17,37,7,50
"ENO2",60,217,286,504,180,36,44,104,17,76
"ATN1",24,113,65,160,124,75,81,153,67,121
"C12orf57",24,44,36,37,45,22,15,27,12,21
"U47924.2",0,1,1,2,1,1,2,1,0,1
"PTPN6",0,2,3,6,8,1,3,1,0,2
"PHB2",8,33,35,66,49,14,18,42,14,25
"EMG1-1",1,57,26,58,32,6,5,26,5,17
"LPCAT3",17,92,55,87,64,12,17,30,9,77
"C1S",16,88,86,93,80,26,48,69,25,69
"C1R",5,31,24,38,40,18,21,23,11,17
"C1RL",4,45,13,24,33,8,14,17,6,27
"C1RL-AS1",0,2,3,2,3,0,0,0,0,0
"RBP5",0,4,1,1,2,0,1,0,0,5
"AC018653.3",0,1,1,1,1,0,0,0,0,0
"CLSTN3",16,47,65,104,61,15,7,19,11,13
"AC018653.1",0,0,0,1,0,0,0,0,0,0
"PEX5",4,12,21,40,29,11,6,14,5,14
"ACSM4",0,0,3,3,1,0,0,0,0,2
"CD163L1",9,34,40,86,57,24,19,29,12,24
"CD163",0,0,1,2,2,1,1,0,0,0
"APOBEC1",0,0,0,2,1,0,0,0,0,0
"GDF3",0,0,0,0,0,0,0,0,0,0
"DPPA3",0,1,0,3,1,0,0,1,0,0
"CLEC4C",0,5,1,1,0,1,3,1,0,3
"NANOGNB",0,0,0,1,0,1,0,0,0,0
"NANOG",2,8,3,12,13,3,2,1,0,2
"SLC2A14",0,3,3,9,1,0,3,4,0,5
"SLC2A3",6,12,34,24,15,1,0,4,0,10
"AC006511.4",0,0,0,4,2,0,1,3,0,1
"FOXJ2",3,18,11,27,12,4,6,13,6,15
"C3AR1",1,1,3,3,6,0,0,0,1,1
"NECAP1",11,38,36,38,37,15,12,18,8,27
"CLEC4A",0,8,2,4,7,1,3,3,0,6
"AC092111.3",0,0,0,0,1,0,0,0,0,1
"FAM66C",17,58,55,64,68,14,21,33,11,44
"AC092111.1",5,1,5,9,3,5,0,3,3,1
"FAM90A1",1,6,5,12,4,0,1,2,0,8
"LINC02449",2,4,8,6,6,1,3,1,2,9
"LINC00937",4,42,72,82,82,17,18,25,8,65
"AC092745.1",1,1,4,9,3,0,2,1,1,7
"CLEC6A",0,1,1,0,0,0,1,0,0,0
"CLEC4D",0,1,1,0,0,0,0,0,0,0
"CLEC4E",0,0,0,0,0,1,0,0,0,0
"AICDA",0,0,0,0,0,0,0,0,0,0
"MFAP5",0,2,2,2,1,0,0,1,0,2
"AC092490.2",0,0,0,0,0,0,0,0,0,0
"RIMKLB",42,113,123,201,232,84,133,168,80,414
"A2ML1-AS1",13,64,115,49,104,54,98,83,10,391
"AC092490.1",0,0,0,2,1,0,0,0,0,1
"A2ML1",9,21,68,107,103,28,13,21,13,136
"AC006581.2",10,31,123,185,128,17,9,31,5,115
"PHC1",17,44,80,140,115,43,31,59,21,71
"M6PR",8,51,39,51,46,23,17,28,11,45
"KLRG1",4,8,26,30,41,10,12,20,8,35
"AC006581.1",0,0,0,0,2,0,0,1,0,1
"A2M-AS1",0,3,1,6,6,1,4,4,4,4
"A2M",1,9,12,13,24,1,9,14,2,13
"PZP",1,16,24,26,18,6,5,9,1,35
"LINC00987",1,4,10,6,12,2,0,2,4,9
"AC010175.1",2,9,7,13,17,3,3,2,3,7
"LINC02367",0,0,0,0,2,0,0,0,0,0
"KLRB1",1,0,0,1,1,0,0,0,0,0
"CLEC2D",6,6,13,22,30,7,15,15,7,23
"CLECL1",1,0,1,2,2,1,0,1,0,1
"CD69",0,0,1,0,2,0,0,0,0,0
"KLRF1",0,0,0,0,0,0,0,0,0,0
"CLEC2B",2,0,0,1,4,1,0,0,0,0
"KLRF2",1,0,0,0,0,0,0,0,0,0
"CLEC2A",1,0,0,1,0,0,0,0,0,1
"LINC02470",2,0,3,1,2,0,0,0,0,0
"CLEC12A",0,2,3,16,9,0,3,10,3,3
"CLEC1B",0,0,0,1,1,0,0,0,0,0
"CLEC12B",0,1,0,0,0,0,0,0,0,0
"AC024224.2",0,0,0,0,0,0,0,0,0,0
"CLEC9A",0,0,0,2,2,1,1,3,0,0
"CLEC1A",0,0,0,0,2,0,0,0,0,0
"CLEC7A",0,1,2,3,1,0,0,0,0,1
"OLR1",1,3,1,2,4,0,1,1,0,1
"TMEM52B",0,2,2,2,2,2,0,0,0,0
"GABARAPL1",23,88,62,120,59,19,20,22,17,31
"KLRD1",2,14,9,23,54,16,10,17,5,49
"AC022075.1",3,9,2,12,5,2,3,4,2,9
"KLRC4-KLRK1",0,2,1,3,0,1,0,0,1,0
"AC068775.1",0,1,0,0,0,0,0,0,0,0
"KLRC2",0,0,0,1,0,0,0,0,0,0
"KLRC1",1,1,0,0,3,0,2,0,0,0
"EIF2S3B",0,6,5,3,4,1,4,4,1,6
"LINC02446",0,0,0,0,0,0,0,0,0,0
"MAGOHB",5,11,16,12,15,3,3,14,3,22
"STYK1",0,4,6,6,5,1,0,1,2,3
"YBX3",4,141,14,95,31,6,28,28,7,33
"TAS2R8",0,0,0,0,0,0,0,0,0,0
"TAS2R9",0,0,0,0,0,0,0,0,0,0
"PRH1",5,18,41,56,72,20,25,33,12,28
"PRH2",0,1,0,0,0,0,1,0,0,0
"SMIM10L1",5,10,12,13,20,2,6,7,5,8
"AC244131.2",18,38,45,58,56,5,1,15,9,25
"PRB1",0,1,2,2,5,0,1,2,0,4
"PRB2",3,26,32,32,44,1,1,9,3,14
"AC007450.1",1,7,12,3,5,0,0,2,0,4
"LINC01252",9,32,53,51,41,4,5,13,8,27
"ETV6",29,427,136,339,220,32,77,88,32,128
"BCL2L14",14,104,71,72,61,14,31,41,9,102
"LRP6",49,150,113,197,205,61,75,88,43,147
"MANSC1",12,28,22,26,25,9,11,12,12,21
"LOH12CR2",0,10,8,5,13,4,3,5,1,15
"BORCS5",20,81,72,100,100,19,23,34,15,105
"DUSP16",13,94,83,171,116,36,27,32,26,88
"AC007619.1",1,14,9,21,21,0,3,7,3,13
"CREBL2",11,57,34,67,70,25,24,38,13,55
"AC008115.4",0,1,0,4,2,0,0,1,0,0
"GPR19",0,17,9,11,21,5,4,10,1,13
"AC008115.2",7,28,16,10,19,2,3,6,0,25
"CDKN1B",12,27,16,26,43,30,24,22,14,20
"AC008115.1",0,0,0,0,0,1,0,0,0,1
"APOLD1",17,54,86,80,73,35,27,44,20,71
"DDX47",0,0,0,1,2,2,0,1,3,0
"GPRC5A",1,1,0,3,3,0,0,1,0,2
"GPRC5D-AS1",0,11,11,11,13,2,3,4,1,12
"GPRC5D",0,0,0,1,1,0,0,0,0,0
"HEBP1",3,41,19,25,24,12,8,18,10,24
"AC023790.2",3,6,9,4,7,2,0,1,2,4
"FAM234B",12,28,36,45,30,14,12,30,7,45
"GSG1",1,5,6,9,2,0,3,2,0,4
"EMP1",4,79,16,19,23,25,32,49,14,36
"LINC01559",0,0,0,0,1,0,0,0,0,0
"GRIN2B",14,95,157,283,168,20,19,24,11,42
"AC007527.2",0,0,0,1,0,0,0,0,0,0
"ATF7IP",31,132,162,185,262,106,104,155,45,164
"PLBD1",1,2,2,3,7,1,0,2,0,1
"PLBD1-AS1",0,0,2,2,7,2,2,5,1,5
"GUCY2C",0,3,3,1,9,0,2,5,1,10
"AC010168.1",8,6,18,14,32,7,7,12,1,24
"HIST4H4",0,0,0,0,0,0,0,0,0,0
"H2AFJ",5,21,15,17,10,5,8,6,3,5
"WBP11",6,36,19,34,37,14,7,15,4,23
"C12orf60",3,41,12,45,37,8,11,15,6,29
"SMCO3",0,2,0,0,1,0,0,0,0,0
"ART4",0,2,2,10,4,1,1,3,0,1
"MGP",1,0,2,3,1,1,0,3,0,4
"ERP27",0,0,0,0,0,0,0,0,0,0
"ARHGDIB",0,0,1,0,11,0,0,3,0,1
"PDE6H",1,0,0,0,1,0,0,0,0,0
"RERG",75,461,99,254,112,119,105,165,42,166
"PTPRO",6,56,70,68,73,12,12,6,2,22
"EPS8",36,172,96,236,202,67,95,175,47,150
"STRAP",10,67,49,61,76,26,23,49,15,44
"DERA",3,58,12,50,40,17,17,20,8,40
"SLC15A5",2,5,2,9,3,4,7,3,1,5
"MGST1",84,747,743,724,844,305,390,612,165,909
"LMO3",71,333,324,571,550,201,205,278,136,386
"AC007529.2",0,21,37,18,22,4,3,5,1,30
"LINC02378",0,2,3,2,2,1,1,2,0,3
"AC087321.1",0,0,0,0,0,0,0,0,0,1
"RERGL",0,7,6,15,8,3,3,8,1,5
"PIK3C2G",3,5,6,17,8,6,4,5,2,11
"PLCZ1",0,0,0,1,0,0,1,0,0,2
"AC087242.1",0,0,0,0,0,0,0,0,0,0
"PLEKHA5",39,380,333,660,641,181,252,178,144,379
"AEBP2",21,166,166,296,210,43,45,42,24,124
"AC024901.1",0,23,39,44,31,2,7,3,3,12
"LINC02398",1,6,18,12,15,2,3,1,0,3
"PDE3A",5,36,73,408,145,57,38,68,16,188
"SLCO1C1",106,385,311,549,456,114,176,199,54,428
"AC011604.2",1,3,0,3,2,1,0,1,1,1
"AC022335.1",0,0,0,0,1,0,0,0,0,0
"SLCO1B1",5,1,3,1,4,0,0,0,0,0
"SLCO1A2",51,96,96,184,164,41,47,19,34,65
"IAPP",0,0,0,1,0,0,0,0,1,1
"PYROXD1",13,42,27,44,33,15,17,33,11,35
"RECQL",6,23,16,38,37,9,5,17,5,12
"GOLT1B",9,61,70,43,42,10,14,21,2,42
"SPX",6,7,9,6,24,12,8,20,5,70
"GYS2",0,3,7,13,12,2,4,16,0,16
"LDHB",36,284,140,183,206,145,87,175,63,134
"AC010197.1",2,1,1,1,1,0,3,3,0,2
"KCNJ8",1,6,4,15,9,4,7,5,3,5
"ABCC9",22,227,122,168,247,71,116,202,45,199
"AC008250.1",4,9,13,10,13,2,0,6,0,7
"CMAS",16,41,38,47,43,19,18,25,8,22
"ST8SIA1",21,354,152,282,316,101,85,164,54,168
"C2CD5",14,162,145,184,213,63,61,66,37,151
"AC087241.1",8,23,10,15,33,6,8,5,2,32
"AC087241.3",0,2,0,4,4,0,1,1,0,2
"ETNK1",24,116,89,233,156,58,53,100,32,98
"AC084816.1",0,18,5,20,27,6,4,12,2,5
"AC087258.1",0,0,0,0,0,0,0,0,0,0
"AC087235.1",1,1,0,0,0,0,0,0,1,0
"SOX5",472,2793,2322,6971,4830,1327,1915,2411,819,3782
"SOX5-AS1",0,8,2,3,5,2,2,0,1,1
"AC023796.1",0,1,0,0,0,0,0,0,0,0
"BCAT1",3,28,13,32,20,5,1,2,0,3
"AC023796.2",0,0,1,0,0,0,0,0,0,0
"AC026310.2",0,1,0,0,0,0,0,0,0,0
"C12orf77",0,0,0,0,0,0,1,2,1,0
"LRMP",0,10,14,12,16,2,1,5,1,10
"AC023510.1",0,1,0,2,0,0,0,0,0,1
"AC023510.2",0,0,0,4,1,0,0,2,0,1
"CASC1",8,16,12,14,26,5,11,19,13,24
"ETFRF1",5,66,47,38,66,22,23,39,14,79
"KRAS",13,58,31,73,62,14,27,26,6,62
"AC092794.1",1,10,10,16,15,3,6,11,3,15
"AC092794.2",0,0,0,0,0,0,1,1,0,1
"AC087239.1",6,7,10,12,6,8,7,15,1,9
"LMNTD1",18,133,49,142,111,50,55,67,60,99
"AC019209.3",0,2,2,3,3,0,0,0,0,1
"RASSF8-AS1",20,115,80,112,129,15,38,39,20,106
"RASSF8",36,280,315,1011,509,144,150,219,81,459
"BHLHE41",13,48,69,106,81,48,22,67,22,66
"SSPN",22,103,96,131,133,42,42,36,22,129
"AC022509.3",0,0,0,0,0,0,0,1,0,0
"AC022509.2",9,20,18,36,37,7,7,12,5,25
"AC024145.1",3,28,21,15,18,2,4,7,1,18
"ITPR2",180,1215,669,1474,1181,275,416,628,212,1100
"AC023051.1",1,52,42,53,20,8,7,11,2,50
"INTS13",2,9,15,19,31,11,3,16,3,22
"FGFR1OP2",22,115,89,162,156,76,78,96,35,117
"AC024896.1",0,0,0,1,0,0,0,1,0,0
"TM7SF3",14,67,54,54,87,15,21,38,9,68
"MED21",5,43,44,35,37,13,16,15,5,34
"AC092747.1",0,2,3,3,3,1,6,0,3,3
"STK38L",16,134,53,77,134,32,50,84,29,120
"ARNTL2",3,10,17,10,23,4,0,6,1,5
"ARNTL2-AS1",0,5,3,2,6,1,0,0,0,1
"SMCO2",0,1,2,3,0,0,0,0,0,3
"PPFIBP1",15,76,74,129,66,13,13,15,7,18
"AC087257.1",0,0,1,1,0,1,0,0,0,0
"AC009509.1",0,1,0,2,0,0,0,0,0,0
"REP15",0,1,1,3,1,1,0,0,0,0
"AC009509.4",0,1,0,0,0,0,0,0,0,0
"AC009509.2",0,0,0,3,0,0,0,0,1,0
"MRPS35",12,33,34,44,56,13,14,17,6,48
"MANSC4",1,1,1,0,1,0,0,0,0,1
"KLHL42",14,77,69,139,110,16,21,51,21,60
"AC009511.1",0,0,1,0,0,0,0,0,0,0
"PTHLH",0,2,2,1,0,2,1,0,0,0
"AC008011.2",1,0,3,0,0,0,0,0,0,1
"CCDC91",64,361,240,477,449,118,204,260,87,386
"AC022364.1",0,2,4,2,5,1,3,3,2,4
"AC012150.1",0,0,0,0,0,0,0,0,0,0
"FAR2",7,38,48,53,47,6,2,5,5,12
"AC012150.2",0,0,0,0,0,0,0,0,0,0
"AC009318.4",1,1,0,6,2,0,0,0,0,0
"AC009318.1",2,14,8,19,10,3,1,2,0,5
"AC009318.3",0,1,1,3,1,0,0,2,0,0
"AC009318.2",0,2,0,4,1,0,0,1,0,0
"ERGIC2",21,64,44,73,91,47,40,59,22,68
"OVCH1-AS1",2,3,6,16,16,3,4,4,1,13
"OVCH1",1,0,6,10,18,7,2,8,3,7
"TMTC1",24,181,138,263,246,78,73,133,61,164
"LINC02386",0,0,0,0,1,0,0,0,0,0
"IPO8",7,50,38,75,81,22,23,46,13,34
"CAPRIN2",23,56,75,114,85,24,35,67,23,65
"AC010198.1",2,26,12,8,11,1,5,7,4,16
"LINC00941",0,0,0,1,0,0,0,0,0,1
"TSPAN11",0,6,6,11,9,4,5,4,3,8
"DDX11-AS1",0,2,5,9,8,3,5,11,1,5
"DDX11",5,13,12,28,45,11,6,11,4,12
"SINHCAF",0,1,0,2,8,1,0,1,0,3
"LINC02387",0,0,0,2,1,0,1,1,0,0
"DENND5B",65,368,303,384,473,94,112,191,59,280
"DENND5B-AS1",1,8,10,12,13,1,1,3,1,6
"ETFBKMT",2,16,10,34,31,3,2,6,3,4
"AMN1",14,64,76,125,138,31,30,42,21,93
"AC023157.3",1,7,5,4,14,3,3,1,1,12
"H3F3C",1,0,0,0,0,0,0,0,0,0
"LINC02422",0,0,0,1,5,1,0,0,0,0
"KIAA1551",10,31,52,67,102,32,36,49,21,42
"AC016957.2",1,0,0,2,3,0,0,1,0,1
"AC048344.1",0,1,0,0,0,1,0,0,0,1
"BICD1",96,510,477,640,766,162,194,410,117,513
"FGD4",80,352,321,610,525,181,225,215,112,562
"DNM1L",46,281,157,260,240,53,67,80,28,167
"AC084824.5",0,2,5,4,4,2,2,2,2,1
"YARS2",8,59,57,76,64,17,24,31,13,59
"PKP2",3,8,3,11,14,3,2,5,3,7
"SYT10",0,2,14,5,8,0,0,1,0,0
"ALG10",0,1,1,7,13,3,2,3,0,3
"AC046130.1",1,2,0,2,0,0,0,2,0,8
"AC046130.2",1,1,1,3,2,1,1,2,0,5
"AC140847.2",0,4,6,3,3,4,0,1,1,3
"ALG10B",1,15,10,30,21,9,10,25,4,22
"AC087897.2",0,1,0,1,4,0,0,0,0,3
"CPNE8",16,412,89,220,212,46,68,87,37,147
"AC067735.1",0,1,0,3,1,1,1,4,0,0
"LINC02406",0,2,4,3,1,0,0,0,0,3
"KIF21A",67,300,258,612,577,157,204,284,92,423
"ABCD2",24,93,77,130,135,35,62,95,32,142
"C12orf40",1,14,22,22,22,6,6,12,5,12
"SLC2A13",20,69,141,188,160,9,18,21,8,35
"LINC02471",2,5,4,4,3,0,1,2,1,2
"AC079630.1",1,3,4,4,7,0,6,5,2,5
"LRRK2",5,40,28,47,86,25,34,27,11,34
"MUC19",0,0,1,1,0,0,0,0,0,0
"AC107023.1",0,0,0,1,2,0,0,1,0,1
"CNTN1",213,810,931,1663,1822,724,919,1079,609,1914
"PDZRN4",18,92,99,180,220,128,79,80,94,72
"AC090531.1",0,4,5,8,8,3,3,2,0,5
"AC090630.1",1,1,7,2,12,0,4,4,1,1
"GXYLT1",9,20,28,44,50,12,12,28,10,35
"YAF2",22,151,120,274,261,76,67,132,42,209
"PPHLN1",27,113,142,223,221,60,67,87,37,190
"ZCRB1",10,42,30,44,52,30,22,24,15,54
"PRICKLE1",8,45,81,93,88,7,1,6,9,25
"AC079601.1",0,0,0,1,1,0,0,0,0,2
"LINC02402",0,0,1,0,0,0,0,1,0,0
"LINC02451",1,1,0,0,0,0,1,0,0,0
"LINC02450",0,0,0,0,1,0,0,0,1,0
"LINC02461",0,0,0,0,0,0,0,0,0,0
"ADAMTS20",1,6,4,5,5,0,0,4,1,3
"PUS7L",23,82,90,70,147,73,71,139,22,154
"IRAK4",3,19,16,17,24,4,7,10,4,7
"TWF1",1,22,13,35,17,14,6,10,6,13
"TMEM117",34,113,136,219,247,39,57,86,27,103
"AC025030.2",0,0,2,0,0,0,0,0,0,0
"AC025253.1",0,1,0,0,1,0,0,1,0,0
"NELL2",44,170,214,265,215,18,24,28,14,48
"DBX2",6,22,13,8,16,4,7,8,5,14
"AC008127.1",11,44,32,31,46,25,42,26,23,25
"ANO6",11,204,78,156,133,47,62,102,26,111
"AC079950.1",2,14,9,28,15,5,4,5,4,4
"AC008124.1",9,41,39,46,49,18,15,22,9,34
"ARID2",41,207,169,294,263,96,134,154,45,237
"SCAF11",47,252,170,284,255,58,83,118,48,199
"SLC38A1",16,49,50,80,78,15,9,30,8,15
"SLC38A2",26,63,179,637,242,98,53,122,40,98
"AC025031.2",0,0,2,1,0,0,1,0,0,0
"AC008014.1",38,128,146,252,224,49,57,43,53,292
"AC025031.1",0,3,2,1,6,0,2,1,0,9
"SLC38A4",1,15,16,7,13,4,8,7,1,14
"AC079906.1",1,1,0,1,0,0,0,1,0,0
"AMIGO2",1,3,4,1,6,1,2,11,3,1
"PCED1B",14,31,51,58,111,10,31,76,29,78
"AC008083.1",1,2,8,3,2,0,1,1,0,5
"AC008083.2",3,4,2,1,2,0,1,2,0,14
"LINC02416",0,0,0,1,1,0,0,0,0,0
"LINC02156",0,0,0,1,1,1,0,1,0,1
"RPAP3",6,48,33,54,62,13,10,26,9,22
"AC004241.1",2,7,15,31,6,10,6,11,3,15
"ENDOU",0,2,2,7,2,0,1,5,4,7
"RAPGEF3",66,136,192,385,160,144,71,129,95,180
"SLC48A1",34,168,118,198,136,63,59,88,50,144
"HDAC7",10,136,94,188,110,47,39,74,23,82
"AC004466.1",3,9,6,20,4,3,1,3,3,3
"AC004466.3",0,0,0,0,0,0,0,0,0,0
"LINC02354",0,0,0,1,0,0,0,0,0,0
"VDR",0,2,2,3,2,2,1,2,2,4
"TMEM106C",3,5,16,19,16,11,7,20,6,11
"COL2A1",0,0,0,0,1,1,0,0,0,0
"AC004801.4",1,0,1,0,1,0,0,0,0,0
"AC004801.3",0,0,0,0,0,0,0,0,0,0
"AC004801.6",0,0,0,0,0,0,0,1,0,0
"SENP1",8,29,23,37,56,13,15,23,6,27
"PFKM",10,62,23,46,46,19,18,32,15,49
"ASB8",6,31,33,42,53,21,16,23,10,32
"CCDC184",3,10,8,20,6,2,1,3,1,1
"AC024257.3",1,3,5,9,5,1,1,0,1,8
"AC024257.1",2,23,4,5,1,0,2,4,1,4
"AC024257.5",0,2,0,2,1,0,0,0,0,0
"ZNF641",5,27,25,51,41,5,16,14,10,30
"AC090115.1",8,47,34,41,53,7,18,27,8,49
"ANP32D",0,0,0,0,0,0,0,0,0,1
"C12orf54",0,4,2,2,3,0,0,1,1,0
"AC089987.2",0,3,2,2,3,6,0,3,0,1
"OR8S1",0,0,1,0,1,0,0,0,0,1
"KANSL2",5,14,11,34,31,12,4,13,6,18
"CCNT1",16,58,39,79,61,10,16,21,12,38
"TEX49",0,4,2,0,0,0,0,1,0,1
"ADCY6",8,18,32,33,39,15,20,20,13,26
"AC117498.2",1,0,1,1,1,2,2,1,0,0
"CACNB3",5,17,26,27,21,3,4,5,0,2
"DDX23",8,30,36,49,31,16,7,23,9,21
"RND1",6,36,13,27,20,10,10,5,5,29
"AC073610.3",7,11,22,38,34,4,8,12,5,17
"CCDC65",7,75,69,107,55,18,14,31,0,48
"ARF3",0,0,1,1,0,1,0,0,0,0
"WNT10B",2,4,9,9,10,0,0,1,0,2
"DDN",0,9,7,13,5,3,2,5,2,3
"DDN-AS1",0,10,8,8,8,3,3,9,1,15
"PRKAG1",6,83,56,46,75,18,14,32,12,47
"KMT2D",7,44,39,52,44,19,11,21,4,21
"RHEBL1",2,3,3,4,6,2,0,2,0,1
"DHH",0,0,0,0,0,0,0,0,0,0
"LMBR1L",8,37,25,42,30,9,18,24,12,22
"AC011603.2",2,10,14,17,12,2,2,6,3,6
"TUBA1B",71,318,270,376,219,45,45,96,24,58
"TUBA1A",76,446,219,607,238,79,73,96,69,74
"TUBA1C",6,33,37,73,58,24,19,53,17,59
"AC010173.1",1,3,1,1,2,0,0,0,1,3
"AC125611.3",0,0,1,0,1,0,0,0,0,0
"AC125611.4",0,1,1,5,3,2,1,3,0,1
"PRPH",0,0,2,0,1,0,0,0,1,1
"TROAP",0,1,1,0,0,0,0,0,0,0
"C1QL4",0,0,0,0,0,0,0,0,0,0
"DNAJC22",1,4,4,4,3,1,0,3,0,4
"SPATS2",28,59,79,160,131,29,31,62,18,107
"KCNH3",6,17,21,50,39,7,8,17,7,16
"MCRS1",6,27,35,42,42,9,13,16,7,23
"PRPF40B",22,90,110,129,121,31,42,56,25,96
"FAM186B",1,1,2,1,0,0,0,1,0,3
"FMNL3",6,79,44,76,59,8,12,15,9,52
"TMBIM6",54,248,252,747,368,244,146,295,134,192
"NCKAP5L",7,31,42,41,45,6,9,10,10,26
"BCDIN3D-AS1",0,2,2,2,1,1,0,2,0,6
"BCDIN3D",2,10,9,15,25,5,12,5,7,24
"AC131157.1",0,2,2,5,1,0,0,1,2,0
"FAIM2",62,150,202,418,205,80,51,126,31,84
"LINC02395",0,0,1,2,1,0,0,0,0,1
"AC025154.2",0,0,2,0,0,0,0,0,0,0
"AQP5",2,1,1,4,2,0,1,0,0,2
"AQP6",3,0,7,15,16,4,2,7,0,2
"RACGAP1",1,9,14,20,13,5,1,6,4,11
"ASIC1",10,27,30,65,41,15,12,19,10,24
"SMARCD1",9,34,28,22,27,13,10,20,5,14
"GPD1",1,3,5,9,2,1,1,0,0,1
"COX14",0,0,1,0,0,0,0,0,0,0
"AC074032.1",21,208,150,274,182,34,36,75,16,163
"CERS5",16,77,90,218,111,21,24,43,22,68
"LIMA1",14,56,68,77,59,17,10,31,16,53
"AC008147.1",0,0,1,0,1,0,1,0,0,0
"FAM186A",1,9,12,18,14,5,2,7,0,15
"LARP4",17,121,71,170,86,18,34,37,12,93
"DIP2B",87,332,333,548,420,74,72,127,61,270
"ATF1",8,34,65,75,61,17,12,19,15,51
"TMPRSS12",1,0,5,3,4,1,0,2,2,4
"METTL7A",52,215,215,437,364,237,181,262,131,254
"AC008121.2",0,0,0,2,0,0,0,0,0,0
"HIGD1C",2,2,22,24,14,1,1,4,0,4
"AC008121.3",0,0,0,2,0,0,0,0,0,0
"SLC11A2",17,97,77,144,85,14,29,33,21,49
"LETMD1",12,56,74,72,53,8,13,22,14,49
"CSRNP2",6,25,25,43,34,9,6,10,7,15
"TFCP2",42,183,119,211,231,40,47,54,32,158
"POU6F1",16,53,58,100,53,22,13,21,7,35
"DAZAP2",9,89,68,124,91,45,33,38,21,54
"SMAGP",1,5,7,5,3,0,5,2,1,5
"BIN2",2,3,6,3,4,2,1,2,0,6
"CELA1",0,2,0,0,0,0,0,3,0,1
"GALNT6",8,31,35,29,16,2,3,2,6,5
"SLC4A8",35,91,108,121,73,11,22,11,14,43
"AC107031.1",2,1,2,2,1,0,0,0,0,0
"SCN8A",14,96,143,168,165,31,20,37,23,46
"AC068987.2",0,1,0,0,0,0,0,0,1,0
"AC068987.5",0,0,0,0,0,0,1,0,0,0
"AC068987.3",0,0,2,1,0,0,0,0,0,1
"FIGNL2",1,1,1,3,1,0,0,1,0,1
"AC068987.1",0,0,1,0,0,0,0,0,0,0
"ANKRD33",0,0,0,0,0,0,0,0,0,0
"ACVRL1",0,0,0,0,2,0,0,0,0,0
"ACVR1B",7,37,34,53,43,9,11,19,10,20
"GRASP",1,11,10,19,7,2,1,3,0,1
"NR4A1",2,22,9,20,11,4,5,6,6,7
"ATG101",2,14,18,34,14,6,11,19,7,14
"AC025259.1",0,2,1,0,1,0,0,0,0,0
"AC078864.2",1,1,0,1,0,0,0,0,0,0
"AC078864.1",0,0,0,0,0,0,0,0,0,0
"LINC00592",0,0,0,1,0,1,0,0,0,0
"KRT80",0,0,0,0,2,0,0,0,0,0
"KRT7",0,0,1,1,1,0,0,0,0,0
"KRT86",0,2,1,1,2,0,0,0,1,0
"AC021066.1",0,1,0,0,0,0,0,0,0,0
"KRT81",0,1,0,0,0,0,0,0,0,0
"AC121757.1",0,0,0,0,0,0,0,0,0,0
"KRT83",0,0,0,0,0,0,0,0,0,0
"AC055736.1",1,1,0,1,1,0,0,1,0,1
"KRT5",0,0,1,0,0,0,0,0,0,0
"KRT8",4,25,21,62,37,18,14,29,6,34
"KRT18",0,0,0,0,0,0,0,0,0,0
"EIF4B",10,67,32,69,46,18,13,28,12,52
"AC068888.1",17,122,86,96,84,8,17,28,6,122
"TNS2",16,55,69,90,75,48,56,37,28,115
"SPRYD3",6,47,28,37,18,4,9,14,6,8
"IGFBP6",2,3,7,12,3,1,0,2,0,3
"SOAT2",0,0,0,0,1,0,0,2,0,2
"CSAD",17,90,51,100,104,30,40,62,22,106
"ZNF740",2,4,6,10,4,4,4,6,3,6
"ITGB7",0,1,7,2,4,2,3,1,0,0
"RARG",6,25,24,36,28,9,5,15,8,21
"MFSD5",2,18,14,39,27,9,6,15,5,12
"ESPL1",0,2,3,1,5,2,1,3,0,1
"PFDN5",50,125,125,197,130,51,39,84,17,66
"AC073611.1",1,0,1,0,0,0,1,0,0,0
"C12orf10",10,24,20,21,12,8,1,10,5,10
"AAAS",12,28,46,49,31,24,24,34,10,73
"SP7",0,0,0,0,0,0,0,0,0,0
"SP1",3,30,33,62,42,10,7,8,10,31
"AMHR2",0,0,1,0,0,0,0,0,0,1
"PRR13",21,42,37,46,32,13,12,15,8,20
"PCBP2",21,135,115,232,210,106,51,116,62,117
"MAP3K12",10,25,27,72,29,15,21,20,13,22
"AC023509.4",0,3,2,2,1,0,0,2,1,4
"TARBP2",4,12,17,16,16,2,2,10,3,8
"AC023509.3",0,0,0,1,1,2,0,2,1,0
"ATF7",0,0,2,1,0,0,0,0,0,1
"AC023509.2",1,0,2,1,1,0,0,0,0,1
"ATP5MC2",41,123,134,204,163,47,70,96,30,116
"CALCOCO1",10,39,68,65,83,47,42,61,32,75
"CISTR",1,0,1,0,0,0,0,0,0,1
"AC076968.1",0,0,0,1,1,0,0,0,0,0
"AC023794.1",0,6,3,12,8,5,1,6,3,1
"AC023794.4",0,0,0,0,2,0,0,0,0,0
"SMUG1",3,11,13,20,15,10,7,12,1,14
"LINC02381",0,0,2,0,0,0,0,1,0,1
"SMUG1-AS1",0,0,0,1,0,0,0,0,0,0
"AC023794.2",0,0,3,0,0,0,1,0,0,0
"CBX5",8,75,64,153,106,24,22,69,34,71
"AC078778.1",4,9,18,23,14,1,2,2,0,13
"HNRNPA1",17,69,46,111,56,50,24,61,21,43
"NFE2",0,0,1,1,2,2,1,0,0,0
"COPZ1",10,51,40,46,52,15,18,29,10,35
"AC079313.2",0,3,2,2,2,0,1,1,0,3
"GPR84",0,0,0,0,0,0,0,0,0,0
"ZNF385A",8,27,24,38,36,12,13,29,10,31
"ITGA5",0,7,3,3,2,1,1,1,1,4
"GTSF1",0,2,0,0,1,0,0,1,0,1
"NCKAP1L",1,2,2,2,9,0,0,2,0,0
"PDE1B",2,15,19,19,11,1,4,8,1,1
"PPP1R1A",2,4,7,14,5,18,10,11,4,3
"MUCL1",0,0,0,0,0,0,0,0,2,1
"TESPA1",12,66,55,78,74,10,13,11,3,10
"OR6C1",0,0,0,0,0,0,0,0,0,0
"OR6C76",0,0,0,0,0,0,0,0,0,0
"AC122685.1",1,1,6,6,3,0,0,3,2,1
"AC009779.5",0,3,5,1,0,2,0,0,1,0
"METTL7B",2,9,20,17,24,15,5,22,2,25
"ITGA7",77,216,180,237,257,153,101,210,96,264
"AC009779.3",0,0,0,0,0,0,0,0,0,1
"RDH5",0,0,0,0,0,0,0,0,0,0
"CD63",38,236,217,244,181,187,75,144,41,125
"AC009779.2",2,6,5,3,11,2,6,6,0,11
"GDF11",12,31,26,46,35,9,2,18,5,36
"SARNP",2,3,3,5,0,2,2,4,2,7
"AC023055.1",0,0,1,0,1,0,0,0,1,0
"ORMDL2",2,16,8,9,12,7,4,9,4,6
"DNAJC14",0,0,0,0,1,0,0,1,0,0
"MMP19",0,2,0,0,0,1,0,1,0,2
"PYM1",7,16,10,15,18,7,6,18,1,14
"DGKA",7,16,15,13,25,5,3,8,4,24
"PMEL",0,3,2,0,3,1,0,1,0,3
"CDK2",0,2,1,4,1,3,2,3,1,0
"RAB5B",5,57,43,89,60,23,19,28,17,31
"SUOX",1,31,20,19,23,10,12,16,4,35
"IKZF4",6,32,34,49,42,14,12,26,10,33
"AC034102.8",0,0,0,0,0,0,0,0,0,0
"AC034102.3",0,1,2,1,1,0,1,2,1,4
"RPS26",5,30,14,17,37,3,7,12,1,18
"ERBB3",12,40,24,22,44,7,9,3,2,17
"AC034102.2",0,0,0,0,1,0,1,0,0,0
"PA2G4",9,30,20,31,34,12,9,22,4,24
"AC034102.4",0,0,1,1,0,0,0,0,1,0
"RPL41",72,245,208,212,365,124,123,171,53,178
"ESYT1",5,24,27,35,30,14,11,17,12,21
"AC034102.6",0,10,11,3,14,1,1,3,1,13
"AC034102.5",7,20,7,12,16,2,2,10,3,41
"MYL6B",10,25,44,71,44,28,9,32,6,26
"MYL6",30,91,91,139,89,52,44,63,26,69
"SMARCC2",15,107,107,89,165,37,50,75,26,152
"RNF41",10,35,39,71,66,9,9,18,8,54
"NABP2",8,21,25,33,23,14,8,8,4,23
"SLC39A5",0,5,2,0,1,1,0,2,0,0
"ANKRD52",6,33,36,49,47,16,10,32,8,58
"COQ10A",5,16,14,23,14,5,7,9,4,22
"AC073896.5",0,0,1,0,0,0,0,1,0,0
"CS",12,68,52,113,65,31,19,42,10,50
"AC073896.1",7,20,21,27,22,3,2,11,2,20
"AC073896.2",4,14,25,26,22,5,4,5,3,13
"PAN2",18,21,34,69,75,46,40,63,20,44
"IL23A",2,1,0,0,0,1,1,0,0,1
"STAT2",38,79,76,144,118,38,32,53,24,60
"APOF",0,0,1,0,0,0,0,0,0,0
"TIMELESS",1,7,5,19,4,3,0,3,2,2
"MIP",0,0,0,1,0,0,0,2,0,0
"SPRYD4",2,9,8,6,7,1,4,3,1,13
"GLS2",4,29,43,47,36,3,5,13,2,30
"RBMS2",13,51,45,73,46,7,18,24,7,66
"BAZ2A",20,82,73,150,99,18,44,48,24,67
"ATP5F1B",28,169,108,96,109,66,39,87,29,70
"PTGES3",28,98,100,177,168,125,64,190,38,146
"NACA",15,66,97,82,96,59,33,76,24,69
"PRIM1",3,2,14,11,23,5,5,13,4,31
"HSD17B6",9,61,40,18,38,13,19,29,6,39
"SDR9C7",1,1,0,0,0,0,0,0,0,1
"RDH16",0,3,1,2,3,0,1,0,0,2
"ZBTB39",0,4,4,3,4,0,1,2,1,5
"TAC3",1,4,0,6,1,1,3,1,1,3
"MYO1A",0,0,1,0,0,0,0,0,0,0
"NEMP1",2,13,11,11,11,4,9,8,4,21
"NAB2",7,13,22,30,28,8,13,15,7,25
"STAT6",9,30,30,33,36,27,10,34,10,39
"LRP1",115,278,333,345,423,170,144,282,97,249
"NXPH4",0,0,1,0,0,0,0,0,0,0
"SHMT2",2,9,13,23,11,11,3,29,4,5
"NDUFA4L2",1,2,3,3,2,2,1,0,0,0
"STAC3",1,5,9,7,15,0,2,4,0,1
"AC137834.1",0,3,2,1,1,1,0,0,0,1
"R3HDM2",40,171,202,385,312,82,80,126,29,251
"AC126614.1",0,0,0,0,1,0,0,0,0,1
"INHBC",3,2,2,0,0,0,0,0,0,0
"INHBE",0,0,1,2,0,0,0,0,0,0
"GLI1",5,10,7,22,13,6,14,1,7,3
"ARHGAP9",0,1,6,2,6,0,1,0,0,3
"MARS",13,45,66,81,75,42,30,94,15,88
"DDIT3",19,65,54,38,63,38,23,57,2,43
"MBD6",12,21,27,51,24,14,11,19,11,19
"DCTN2",18,94,82,106,77,29,27,34,17,48
"KIF5A",15,38,54,87,56,12,10,13,5,30
"PIP4K2C",4,45,38,45,42,13,12,25,11,25
"DTX3",21,58,73,182,115,62,49,103,32,73
"ARHGEF25",7,22,33,50,48,14,20,21,14,13
"AC025165.1",0,2,0,0,0,0,0,0,0,1
"SLC26A10",2,3,2,12,6,2,1,7,1,3
"B4GALNT1",9,14,14,33,15,9,7,15,1,3
"OS9",21,68,56,117,86,40,33,59,24,56
"AC025165.2",4,20,17,31,25,3,4,9,2,17
"AGAP2",5,12,4,16,7,5,1,4,2,4
"AGAP2-AS1",0,0,1,6,2,0,2,0,0,1
"TSPAN31",9,34,37,45,49,22,18,40,10,38
"CDK4",2,19,17,18,18,9,5,27,5,17
"MARCH9",5,17,10,25,22,2,10,14,7,11
"CYP27B1",0,0,0,0,0,0,0,0,0,0
"METTL1",0,0,0,1,1,0,0,0,0,0
"EEF1AKMT3",0,0,0,0,0,0,0,0,0,0
"TSFM",5,15,14,19,10,13,9,7,7,11
"AVIL",8,28,20,24,42,12,11,21,8,27
"AC025165.4",1,0,2,0,0,0,0,0,0,0
"CTDSP2",15,62,58,73,94,35,27,47,30,58
"AC083805.2",0,5,0,1,4,0,1,0,0,0
"AC083805.1",0,0,0,2,2,1,3,0,0,0
"AC083805.3",1,2,1,1,0,0,0,0,0,1
"AC084033.3",7,23,18,20,41,16,21,24,0,26
"ATP23",0,3,12,8,6,3,6,3,2,5
"AC020637.1",2,0,2,2,3,2,0,1,1,1
"LINC02388",2,2,1,8,10,2,13,8,3,7
"LRIG3",2,29,18,26,50,14,10,20,7,33
"AC068305.2",0,7,8,4,14,7,7,2,5,12
"AC108721.1",3,5,2,0,2,2,3,1,0,1
"SLC16A7",10,38,52,90,62,5,3,9,3,20
"FAM19A2",31,171,215,413,304,31,28,50,24,79
"USP15",25,138,112,225,213,42,64,81,34,156
"MON2",54,254,228,365,308,79,107,168,68,222
"AC079035.1",0,0,0,0,0,0,0,0,0,0
"LINC01465",0,0,0,0,0,0,0,0,0,0
"AC048341.1",4,28,18,43,33,7,7,13,5,25
"PPM1H",37,85,105,148,142,23,20,20,8,78
"AVPR1A",0,0,0,0,0,0,0,0,0,0
"AC026116.1",0,1,0,0,1,0,0,0,0,0
"DPY19L2",7,37,62,69,42,22,15,29,13,66
"AC084357.2",2,2,4,5,9,1,0,4,4,7
"RXYLT1",4,38,17,17,30,13,11,13,8,22
"RXYLT1-AS1",1,2,5,2,4,1,3,3,0,6
"SRGAP1",57,269,270,456,493,109,148,229,71,326
"AC020611.2",1,35,64,61,66,13,9,28,2,63
"AC025576.2",0,7,5,5,9,2,0,1,3,11
"C12orf66",1,11,4,11,8,0,0,3,3,4
"C12orf56",8,19,16,19,26,5,4,7,6,50
"XPOT",13,59,34,77,50,25,27,68,20,47
"AC135279.3",0,0,1,0,0,0,0,0,0,0
"TBK1",14,80,70,81,106,13,32,44,19,76
"RASSF3",4,8,17,48,36,6,4,14,9,29
"AC078962.2",0,1,0,0,1,0,0,0,0,0
"AC078962.4",1,0,0,2,0,0,0,1,1,1
"AC078962.3",0,0,1,1,0,0,0,1,0,0
"GNS",5,45,73,113,63,24,23,31,12,26
"AC025262.1",3,8,2,8,17,4,4,4,3,9
"TBC1D30",5,30,17,30,32,6,6,4,4,23
"LINC02389",6,28,43,38,51,6,5,11,1,24
"LINC02231",1,6,7,12,14,3,2,1,0,3
"WIF1",35,267,213,347,393,82,90,84,49,285
"LEMD3",8,83,40,92,93,24,26,41,16,42
"MSRB3",18,113,85,146,208,62,67,116,41,152
"AC025419.1",0,0,0,0,1,1,2,1,0,0
"LINC02454",0,0,0,0,0,1,0,0,0,0
"AC090023.2",0,0,0,1,0,0,0,0,0,0
"HMGA2",3,11,2,9,13,5,7,6,5,13
"AC090673.1",0,2,3,0,1,0,4,0,0,5
"AC090673.2",0,1,1,0,0,0,0,0,0,0
"LLPH",1,10,10,30,18,5,10,20,5,11
"AC078927.1",0,1,1,0,1,0,0,1,1,0
"LLPH-DT",0,0,1,0,1,0,1,1,0,1
"TMBIM4",0,1,0,0,0,0,0,0,0,0
"IRAK3",0,0,2,6,5,0,0,1,0,3
"HELB",3,48,17,52,25,12,14,22,2,15
"GRIP1",32,125,239,438,287,61,54,92,33,185
"AC073530.1",0,0,0,0,0,0,0,0,0,0
"CAND1",27,122,106,167,140,44,46,67,34,137
"LINC02408",0,1,1,0,0,0,0,0,1,1
"DYRK2",3,15,7,21,15,9,6,14,2,8
"AC078777.1",0,1,1,2,0,0,0,0,0,0
"LINC02421",0,0,0,0,0,0,0,0,0,0
"LINC01479",0,0,0,2,0,0,0,0,0,0
"IFNG-AS1",2,13,5,13,10,4,1,4,1,2
"IL26",0,1,1,1,0,0,0,0,0,2
"MDM1",7,11,8,36,27,10,20,23,11,29
"LINC02384",1,0,5,6,1,1,0,0,0,2
"RAP1B",22,157,89,141,148,34,60,84,30,75
"AC090061.1",2,2,1,4,6,1,0,6,2,2
"NUP107",8,61,49,54,44,32,22,41,13,63
"SLC35E3",24,81,119,166,130,24,13,47,20,100
"MDM2",17,61,51,77,113,22,31,46,20,78
"AC025423.4",0,1,0,0,0,0,0,0,0,0
"CPM",40,70,138,254,190,33,33,30,23,115
"AC127894.1",0,0,0,0,0,0,0,0,0,0
"CPSF6",23,137,94,209,151,44,58,81,23,115
"LYZ",0,0,0,0,0,0,0,0,0,1
"AC020656.1",0,1,3,2,3,2,0,1,2,1
"YEATS4",1,17,9,7,17,1,4,7,2,9
"LINC02373",0,2,0,3,2,0,1,0,0,1
"FRS2",42,203,146,293,279,78,92,108,51,221
"CCT2",6,34,29,42,53,20,15,28,8,38
"BEST3",4,2,6,1,3,1,1,2,0,3
"AC025263.1",0,1,1,0,1,1,0,0,0,0
"RAB3IP",4,22,18,21,41,13,12,4,3,25
"AC025263.2",0,0,1,0,2,0,1,0,0,0
"MYRFL",4,19,21,12,29,7,4,11,2,16
"AC025159.1",48,186,169,116,135,39,55,57,31,148
"AC084032.1",5,23,8,14,32,5,2,7,3,7
"CNOT2",37,184,134,367,282,91,75,125,57,231
"KCNMB4",16,108,97,231,119,37,25,17,21,38
"AC025569.1",1,2,6,6,5,0,1,1,1,6
"PTPRB",1,10,24,31,25,1,1,2,1,6
"AC083809.1",0,0,0,1,0,1,1,0,2,0
"PTPRR",11,27,47,79,68,2,5,8,1,11
"AC123905.1",0,0,0,0,0,0,0,0,0,0
"AC025575.1",0,0,0,0,0,0,0,0,0,0
"AC025575.2",0,0,0,1,1,0,0,0,0,0
"TSPAN8",1,3,1,2,4,1,2,4,1,1
"LGR5",12,28,29,43,37,5,7,3,9,18
"ZFC3H1",17,92,90,140,144,25,52,58,26,81
"THAP2",1,14,20,13,15,3,3,5,2,16
"AC073612.1",0,1,1,3,0,1,3,2,1,1
"TMEM19",7,9,23,44,30,9,18,14,7,12
"RAB21",7,91,44,96,79,31,29,39,10,48
"AC089984.1",0,0,1,2,0,0,0,0,0,0
"TBC1D15",12,132,76,142,140,25,50,58,21,87
"TPH2",1,0,0,1,0,0,0,1,0,2
"TRHDE",5,63,72,127,59,9,14,10,8,18
"LINC02444",0,0,0,1,2,0,0,0,0,1
"LINC02445",0,0,0,0,0,0,0,0,0,0
"AC136188.1",0,1,0,0,0,1,0,0,0,0
"LINC02394",1,1,4,0,1,0,0,1,0,0
"AC090502.1",26,55,31,46,41,12,11,2,14,16
"ATXN7L3B",11,47,28,77,49,10,12,15,6,20
"AC073525.1",1,2,1,1,0,0,0,0,0,0
"KCNC2",15,88,126,217,127,7,8,19,2,24
"AC091534.1",0,0,0,1,0,0,1,0,0,0
"CAPS2",31,207,218,355,374,109,171,181,86,292
"GLIPR1L1",1,21,15,10,19,3,8,12,2,31
"GLIPR1L2",3,15,6,36,18,10,11,18,7,21
"GLIPR1",4,3,4,14,5,0,2,1,0,4
"AC121761.1",0,2,2,1,0,0,0,1,0,1
"KRR1",2,42,31,63,48,18,16,30,11,32
"AC078923.1",4,11,4,11,6,3,3,2,1,12
"PHLDA1",4,9,7,21,16,7,1,7,2,1
"AC011611.3",0,0,0,0,0,0,0,0,0,0
"AC011611.4",1,1,3,3,3,1,2,1,2,1
"NAP1L1",35,235,214,412,266,94,88,138,36,160
"LINC02407",0,0,1,0,4,0,2,0,0,2
"BBS10",0,9,5,16,18,14,9,13,4,17
"OSBPL8",22,144,152,233,213,48,51,81,29,125
"AC107032.2",8,19,18,14,14,5,5,5,1,13
"ZDHHC17",28,184,132,226,244,93,89,112,59,192
"CSRP2",2,18,5,4,20,19,12,20,4,11
"E2F7",0,10,2,2,3,1,3,2,1,3
"LINC02464",0,0,0,0,0,0,0,0,0,0
"NAV3",351,1738,1628,2796,2834,866,1103,2314,766,2350
"AC073571.1",0,4,4,10,5,0,1,3,0,13
"LINC02424",0,0,0,1,0,0,0,0,0,0
"AC128707.1",1,1,3,2,5,1,1,1,0,4
"AC130415.1",0,0,0,0,0,0,0,0,0,0
"AC079362.1",0,0,0,1,0,0,0,1,0,0
"AC068993.2",0,0,0,0,0,0,0,0,0,0
"SYT1",268,898,1255,1907,1510,144,128,163,56,280
"AC090709.1",3,12,24,26,13,1,1,4,3,13
"AC027288.3",8,20,31,53,49,3,0,6,9,12
"AC027288.1",0,0,0,0,0,0,0,0,0,0
"PAWR",2,25,11,41,38,11,4,10,10,19
"AC073569.2",1,6,14,14,10,3,3,2,3,5
"PPP1R12A",48,330,276,543,508,144,170,255,82,403
"OTOGL",2,25,15,35,30,3,6,8,2,8
"PTPRQ",1,3,7,14,11,2,3,7,3,6
"AC074031.1",0,2,0,1,2,0,1,1,0,2
"LINC01490",0,0,0,0,0,0,0,0,0,0
"LIN7A",5,86,73,81,65,27,48,37,19,61
"ACSS3",46,534,248,429,390,177,336,260,133,416
"AC078955.1",0,15,4,6,12,1,4,7,1,13
"PPFIA2",77,466,487,1060,763,232,210,284,101,559
"PPFIA2-AS1",4,19,11,41,12,7,4,11,1,17
"AC069228.1",12,52,80,79,90,25,15,44,7,132
"LINC02426",1,1,6,1,0,1,0,1,0,10
"CCDC59",11,63,100,68,87,27,18,50,10,77
"METTL25",27,84,88,163,188,54,48,73,35,106
"AC089998.4",0,1,3,6,3,0,3,0,0,11
"AC089998.1",0,1,0,1,0,0,0,0,0,0
"TMTC2",277,1244,783,1879,1342,300,388,460,193,877
"AC090680.1",0,0,0,0,0,0,0,0,0,0
"AC090679.1",0,1,0,0,1,1,0,1,0,1
"SLC6A15",6,26,31,82,27,5,4,11,5,8
"TSPAN19",0,6,5,17,4,7,5,0,1,3
"LRRIQ1",5,36,32,30,57,60,56,128,17,49
"AC133794.1",0,0,0,0,1,0,0,0,0,0
"AC131532.1",0,0,2,0,1,0,0,0,0,1
"RASSF9",0,2,1,1,3,0,1,1,0,1
"NTS",1,0,1,2,0,0,0,0,0,0
"MGAT4C",235,1087,508,1087,952,355,605,554,314,760
"AC010196.1",0,0,0,0,0,0,0,0,0,0
"C12orf50",0,2,1,1,0,3,0,0,1,2
"C12orf29",4,28,15,15,18,24,19,18,7,18
"CEP290",26,92,116,195,222,105,67,158,48,104
"TMTC3",4,60,36,63,77,20,26,51,15,43
"KITLG",3,21,17,40,41,14,23,21,17,22
"AC024941.2",0,6,3,4,7,2,1,1,0,6
"AC024941.1",0,1,0,0,1,0,0,0,0,1
"LINC02458",0,0,1,1,1,0,0,0,0,0
"AC024909.1",1,9,8,9,6,2,1,5,2,9
"DUSP6",6,8,8,29,13,5,7,6,4,16
"AC024909.2",0,1,0,0,1,0,0,0,0,0
"AC010201.2",0,1,1,2,3,0,1,0,0,1
"AC010201.1",0,0,1,1,2,2,0,0,0,3
"POC1B",22,112,52,95,98,23,25,44,15,80
"POC1B-AS1",10,35,37,48,85,17,11,17,9,33
"AC025034.1",7,17,15,23,42,8,6,8,8,15
"ATP2B1",42,204,286,480,372,72,63,108,32,142
"ATP2B1-AS1",4,9,10,7,8,1,4,4,1,9
"AC084200.1",0,4,2,3,6,0,0,1,0,1
"AC126178.1",0,0,0,2,1,1,0,0,0,1
"LINC02392",0,0,0,0,0,0,1,0,0,0
"AC084365.1",0,0,0,0,0,0,0,0,0,0
"LINC00615",0,0,0,0,0,0,0,0,0,0
"LUM",0,0,0,0,0,0,0,1,0,2
"DCN",1,22,4,4,8,1,2,3,2,14
"BTG1",5,61,55,66,73,39,33,34,13,57
"AC025164.1",1,6,3,3,15,1,6,5,1,8
"LINC02391",1,0,1,0,1,0,1,0,0,0
"AC063949.2",0,1,1,1,3,2,1,1,0,3
"LINC02397",0,0,0,0,1,1,0,1,0,1
"PLEKHG7",0,0,0,0,1,0,0,0,0,1
"EEA1",25,146,107,209,204,54,62,89,44,130
"LINC02413",0,1,1,1,1,1,0,1,0,0
"AC138123.1",9,17,14,71,95,15,11,21,11,67
"AC138123.2",1,1,1,6,6,0,0,0,0,2
"LINC02412",0,0,0,0,7,0,0,0,0,5
"AC124947.1",0,16,11,19,20,4,4,3,3,19
"NUDT4",9,46,45,205,93,44,62,46,15,58
"UBE2N",19,88,51,107,67,24,23,40,9,42
"MRPL42",15,41,35,56,43,17,14,24,14,45
"SOCS2",1,3,3,4,2,0,0,1,0,1
"CRADD",69,239,283,427,573,110,142,227,93,369
"AC012085.2",5,26,35,32,35,3,10,9,0,33
"AC012464.1",0,4,5,12,8,0,2,4,1,14
"AC012464.3",0,0,1,2,1,0,0,0,1,0
"PLXNC1",9,23,32,33,49,7,8,12,5,28
"AC123567.2",0,2,0,0,1,0,0,0,0,0
"AC073655.1",0,0,1,0,1,0,0,0,0,0
"AC073655.2",1,1,0,1,2,1,2,0,0,4
"CEP83",10,44,55,68,89,24,25,53,12,71
"CEP83-DT",0,0,0,0,0,0,0,2,0,1
"AC023161.1",0,0,0,0,0,0,0,0,0,0
"TMCC3",12,26,26,57,35,4,4,7,5,8
"NDUFA12",21,70,63,49,72,59,25,89,15,41
"NR2C1",19,93,83,155,128,34,36,70,17,86
"FGD6",41,114,147,229,251,67,78,124,41,189
"VEZT",50,211,153,205,257,57,91,124,49,218
"METAP2",22,173,117,145,135,44,21,60,20,65
"USP44",0,6,5,8,17,1,3,1,0,3
"NTN4",6,14,14,26,23,3,1,1,3,14
"AC090001.1",0,3,1,5,4,1,2,4,2,7
"LINC02410",0,1,0,5,3,0,1,4,0,0
"SNRPF",9,33,26,32,31,14,9,20,13,27
"CCDC38",1,1,2,2,3,1,1,2,0,6
"AMDHD1",1,2,2,3,1,3,1,2,0,2
"HAL",0,1,0,2,0,0,0,0,0,1
"AC007298.2",0,0,0,0,0,0,0,0,0,1
"LTA4H",10,39,35,41,54,14,19,23,2,30
"LINC02452",0,0,1,0,0,0,0,0,0,0
"ELK3",3,23,5,12,23,2,8,10,3,10
"CDK17",37,143,131,268,210,55,60,63,32,120
"AC007513.1",3,5,5,10,7,3,1,4,2,5
"CFAP54",11,67,25,77,111,52,45,114,39,63
"NEDD1",4,23,17,28,26,11,20,17,8,20
"AC007656.1",1,8,8,5,9,0,0,1,2,0
"AC016152.1",0,7,2,0,5,0,2,2,1,1
"LINC02453",1,0,0,1,2,1,0,1,0,1
"TMPO-AS1",0,1,2,0,1,1,1,1,1,5
"TMPO",2,25,10,27,22,9,3,22,8,15
"SLC25A3",22,132,84,127,78,36,17,51,15,49
"IKBIP",1,1,5,15,20,1,0,2,0,3
"APAF1",5,20,15,17,23,5,14,17,4,14
"ANKS1B",191,787,1124,1451,1461,261,268,365,170,548
"AC069437.1",4,23,48,44,26,2,2,5,0,15
"AC117377.1",0,0,0,0,2,0,0,0,0,1
"UHRF1BP1L",16,77,64,113,91,26,33,54,14,63
"AC010203.2",0,0,0,0,1,0,0,0,0,1
"ACTR6",7,36,35,45,51,18,17,24,5,34
"DEPDC4",4,15,16,14,18,0,3,4,1,16
"SCYL2",12,106,51,121,131,31,40,52,28,108
"SLC17A8",0,2,0,1,0,2,0,1,1,0
"NR1H4",0,4,3,2,3,3,1,2,1,1
"GAS2L3",0,2,2,6,3,1,0,0,3,1
"ANO4",65,179,161,243,244,25,33,28,24,58
"AC063947.1",0,0,1,0,0,0,0,0,0,0
"SLC5A8",0,2,1,4,2,0,1,2,0,0
"UTP20",11,35,54,66,61,20,27,29,17,39
"ARL1",5,20,28,38,40,15,10,25,8,13
"SPIC",0,0,0,0,1,0,0,0,0,0
"MYBPC1",28,125,99,173,173,212,186,169,73,212
"AC010205.1",1,0,1,0,2,2,1,0,2,0
"CHPT1",115,1089,526,1114,980,370,557,758,260,1073
"SYCP3",4,167,37,37,48,35,79,52,3,256
"GNPTAB",23,167,98,109,124,28,38,47,9,128
"DRAM1",6,14,18,23,18,7,6,11,2,22
"AC084398.2",0,1,0,0,0,0,0,0,0,0
"AC079907.2",0,1,1,2,1,0,0,1,0,2
"WASHC3",15,74,62,89,97,29,27,45,18,53
"AC079907.1",0,0,2,0,0,0,0,0,0,0
"NUP37",4,27,21,24,32,14,12,15,9,24
"PARPBP",0,3,8,5,5,1,4,2,6,6
"LINC02456",1,6,2,1,5,8,1,6,0,5
"IGF1",2,5,10,4,9,0,0,0,0,0
"PAH",5,5,12,12,15,3,0,2,2,6
"ASCL1",1,41,37,56,83,35,16,47,10,62
"AC068643.1",3,4,12,9,11,5,4,3,3,22
"AC068643.2",0,1,6,1,6,0,0,1,0,3
"C12orf42",6,2,2,5,13,1,2,0,0,8
"STAB2",1,9,4,31,17,16,5,14,8,9
"AC025265.2",1,5,4,5,3,2,3,5,1,12
"AC025265.1",1,2,3,1,0,0,0,1,0,2
"NT5DC3",5,7,14,17,18,0,2,4,1,6
"HSP90B1",22,114,79,117,124,112,38,84,33,75
"C12orf73",5,22,39,23,40,7,15,30,6,36
"TDG",12,69,52,134,46,21,23,31,6,64
"GLT8D2",5,5,11,5,11,3,2,4,0,7
"HCFC2",4,56,42,70,61,23,17,12,12,51
"NFYB",6,32,13,23,30,10,11,17,1,13
"LINC02385",0,0,0,0,1,0,0,1,0,0
"TXNRD1",54,227,180,183,272,80,82,204,49,129
"AC089983.1",0,3,2,1,1,0,1,2,0,0
"CHST11",51,450,411,962,649,102,113,169,51,451
"SLC41A2",16,60,45,98,108,16,26,32,14,63
"C12orf45",6,27,22,24,42,4,6,20,3,24
"ALDH1L2",3,17,25,26,15,3,2,16,0,19
"AC016257.1",0,3,3,3,1,1,0,3,0,6
"WASHC4",25,108,72,175,184,48,64,118,41,123
"APPL2",48,165,142,192,229,71,80,113,56,213
"C12orf75",1,6,10,12,15,6,4,12,3,8
"AC011313.1",0,0,2,0,0,2,0,0,0,0
"CASC18",0,1,0,1,2,1,0,2,0,1
"AC011595.2",0,0,0,2,0,0,0,0,0,0
"NUAK1",15,74,82,180,105,16,12,21,12,28
"AC011595.1",0,1,0,0,0,0,0,0,0,0
"CKAP4",5,23,17,45,28,12,12,35,8,17
"AC079174.2",5,2,10,11,10,2,4,4,2,9
"TCP11L2",6,40,28,70,61,14,23,19,14,31
"POLR3B",7,29,39,53,60,7,12,22,11,23
"AC079385.1",41,398,271,290,267,73,201,139,27,480
"RFX4",140,1192,579,1148,1057,339,563,576,207,919
"RIC8B",21,137,111,200,201,52,56,90,38,132
"AC007541.1",0,5,5,5,15,1,4,4,0,11
"TMEM263",8,25,17,37,34,15,8,22,7,22
"MTERF2",12,31,37,34,43,20,27,45,6,52
"CRY1",14,73,40,96,60,25,9,16,6,56
"AC078929.1",1,0,0,0,1,0,0,0,0,1
"BTBD11",8,28,36,37,18,9,4,17,4,44
"PWP1",12,67,55,73,86,18,17,33,14,33
"PRDM4",4,19,32,23,35,8,3,15,6,14
"AC007622.2",0,1,1,4,3,0,0,1,0,1
"AC126177.2",0,0,1,0,0,0,0,0,0,0
"AC126177.8",0,0,0,0,0,0,0,0,0,0
"AC126177.4",0,0,2,1,0,0,0,0,0,0
"WSCD2",2,10,12,19,19,4,1,3,2,7
"CMKLR1",0,0,1,0,2,0,0,0,0,1
"LINC01498",0,0,0,3,0,0,0,3,1,0
"FICD",4,8,14,13,11,8,10,13,3,10
"SART3",7,47,31,64,42,13,11,23,5,31
"ISCU",15,56,41,40,33,25,28,42,4,38
"TMEM119",0,0,1,3,1,1,0,3,0,1
"SELPLG",1,0,1,3,2,0,0,2,0,0
"AC007569.1",0,4,3,5,6,0,1,2,0,4
"CORO1C",19,53,66,78,87,19,18,34,18,55
"SSH1",11,40,42,92,59,14,12,24,11,37
"DAO",0,5,6,2,1,0,0,2,0,5
"SVOP",9,27,31,51,28,2,3,2,0,8
"USP30",13,43,34,62,51,15,17,29,17,38
"USP30-AS1",0,0,1,0,0,0,0,0,0,0
"ALKBH2",5,27,10,14,12,2,9,12,5,13
"UNG",5,30,23,54,36,27,22,38,10,41
"ACACB",82,304,230,526,386,77,134,136,83,474
"FOXN4",0,0,1,1,2,0,0,0,0,1
"MYO1H",0,3,5,5,1,2,1,3,1,7
"AC007570.1",0,0,0,0,0,0,0,0,0,0
"KCTD10",4,16,12,18,9,5,2,3,4,7
"UBE3B",14,88,58,121,69,17,30,44,14,49
"MMAB",12,41,48,53,31,7,7,13,3,32
"MVK",6,21,21,15,12,1,6,7,1,6
"FAM222A",12,17,24,25,24,8,5,7,2,17
"FAM222A-AS1",4,19,24,23,25,4,1,3,1,13
"TRPV4",1,1,2,1,2,1,0,0,1,0
"GLTP",26,40,62,110,76,36,29,25,17,34
"AC007834.1",0,0,0,1,0,0,0,1,0,0
"TCHP",14,58,83,85,74,14,21,28,16,58
"GIT2",8,47,76,107,107,23,21,26,17,62
"ANKRD13A",7,29,27,44,40,5,7,11,6,14
"C12orf76",25,79,84,108,130,23,22,42,19,62
"IFT81",11,60,42,64,60,27,29,34,15,58
"ATP2A2",56,187,171,261,245,67,52,84,33,148
"ANAPC7",14,44,55,60,47,21,17,21,16,31
"ARPC3",16,117,70,52,66,31,30,45,11,53
"GPN3",2,14,7,3,7,5,6,6,2,10
"FAM216A",8,21,30,52,34,7,5,16,4,18
"VPS29",22,60,68,67,77,41,29,66,10,53
"RAD9B",1,4,7,4,2,0,0,2,1,4
"PPTC7",4,36,30,61,45,15,7,27,7,43
"TCTN1",9,39,37,47,51,23,21,45,15,71
"HVCN1",2,62,24,28,43,14,26,71,12,27
"PPP1CC",12,84,64,120,90,37,39,108,28,86
"AC002375.1",0,0,0,1,0,0,0,0,0,0
"CCDC63",0,0,0,1,0,1,0,0,1,3
"MYL2",0,1,0,1,0,0,0,0,0,0
"LINC01405",0,0,0,0,0,1,0,0,0,0
"AC002351.1",0,0,0,1,0,0,0,0,0,0
"CUX2",7,35,69,74,48,5,4,6,2,24
"PHETA1",2,2,5,15,7,1,3,6,2,8
"LINC02356",0,2,5,5,4,2,1,4,0,3
"SH2B3",3,26,19,12,15,1,1,5,1,4
"ATXN2",112,407,365,584,528,114,139,239,100,473
"BRAP",17,45,52,61,64,19,18,25,8,58
"ACAD10",11,25,37,62,65,3,14,20,10,46
"AC002996.1",1,5,3,5,7,1,0,2,1,10
"ALDH2",29,97,112,118,162,113,66,121,43,164
"MAPKAPK5-AS1",11,24,44,52,37,8,7,14,11,52
"MAPKAPK5",6,40,31,62,56,10,8,33,6,32
"TMEM116",2,34,24,19,35,10,9,17,3,39
"ERP29",25,77,61,79,63,30,19,39,10,57
"AC073575.2",0,0,1,2,1,1,0,0,0,1
"NAA25",30,157,133,236,148,36,41,71,20,120
"AC073575.1",0,1,0,0,0,0,0,0,0,1
"TRAFD1",9,29,25,32,24,7,10,22,11,27
"HECTD4",32,248,220,394,328,84,99,117,54,221
"AC004217.1",0,1,0,0,0,0,2,0,0,1
"RPL6",37,94,100,73,129,64,42,62,27,69
"PTPN11",12,91,69,97,89,17,33,30,24,63
"RPH3A",17,41,44,37,40,11,7,4,3,8
"OAS1",1,1,0,0,4,0,0,0,0,0
"AC004551.1",1,2,1,3,5,5,0,2,3,0
"OAS3",0,4,2,0,4,1,0,0,0,2
"OAS2",0,1,1,1,0,0,0,0,0,2
"DTX1",27,84,69,162,110,25,29,54,24,97
"RASAL1",3,26,15,30,29,2,4,3,2,5
"CFAP73",0,1,4,2,3,1,0,1,1,4
"DDX54",4,26,19,43,15,2,6,10,2,7
"RITA1",5,17,20,13,15,3,4,10,4,10
"AC089999.1",0,3,3,3,2,1,0,1,1,2
"IQCD",2,4,5,12,10,7,4,12,2,12
"TPCN1",103,196,323,588,429,80,72,134,97,537
"SLC8B1",27,41,36,49,37,11,13,36,13,46
"PLBD2",9,29,34,56,39,14,22,23,12,29
"SDS",9,78,17,7,13,8,32,34,13,32
"SDSL",1,9,2,8,3,2,2,6,1,3
"LINC01234",2,3,2,3,2,0,0,0,1,0
"RBM19",9,24,30,40,30,10,8,17,13,16
"AC073863.1",0,0,0,0,2,0,1,2,0,1
"TBX5",0,5,2,1,5,5,0,1,0,0
"TBX3",0,1,0,0,0,0,0,0,0,0
"AC026765.2",0,0,1,0,3,0,1,0,1,0
"AC078880.1",0,0,0,0,0,0,0,0,0,0
"AC009803.2",0,0,0,0,0,0,1,0,0,0
"AC009803.1",1,0,0,0,2,1,0,0,0,0
"AC009387.1",0,0,1,1,0,0,0,1,0,0
"LINC02463",0,0,0,0,2,0,0,0,0,2
"MED13L",109,901,477,1054,957,253,426,400,180,646
"AC012157.1",0,0,0,0,0,0,0,0,0,0
"AC079384.1",0,0,1,2,0,0,0,0,0,1
"MAP1LC3B2",4,22,12,4,12,2,2,3,2,7
"AC125603.4",0,0,0,0,0,0,0,0,0,0
"AC125603.3",0,0,1,0,0,0,0,0,0,0
"AC125603.2",0,0,2,0,3,2,0,0,2,2
"AC125603.1",0,0,1,0,0,0,0,0,0,0
"C12orf49",6,53,37,48,32,13,25,28,7,31
"RNFT2",7,17,30,38,24,3,10,12,3,22
"HRK",0,1,2,5,8,1,0,3,0,1
"FBXW8",7,44,33,65,68,13,19,31,16,54
"AC083806.2",0,2,0,0,0,0,0,0,0,1
"AC127164.1",0,1,3,1,0,0,2,2,0,4
"TESC",3,16,13,11,6,1,2,4,0,1
"TESC-AS1",4,10,4,17,7,1,1,2,0,3
"FBXO21",15,255,86,205,160,59,60,72,27,108
"NOS1",2,16,24,18,16,3,4,5,4,10
"KSR2",7,54,125,141,111,11,13,22,6,27
"RFC5",2,5,16,8,11,1,9,3,0,6
"AC131159.2",0,0,0,0,1,0,0,0,1,1
"WSB2",13,54,32,51,42,21,28,34,8,26
"VSIG10",22,60,42,75,89,20,17,33,17,81
"AC131238.1",0,0,0,0,0,0,1,0,0,1
"PEBP1",145,479,418,511,358,161,123,189,70,163
"TAOK3",98,323,329,511,576,110,125,199,95,412
"AC026367.1",0,0,0,1,0,0,0,0,1,2
"SUDS3",5,33,29,56,30,11,14,17,6,22
"AC026367.3",0,0,0,2,1,2,0,1,1,3
"AC026367.2",0,3,1,7,2,0,0,1,0,6
"LINC02440",0,1,1,1,0,0,0,0,0,0
"LINC02439",0,1,0,0,0,0,0,0,0,0
"AC087863.1",0,0,0,0,0,0,0,0,0,0
"SRRM4",12,47,76,111,62,8,7,15,2,14
"AC084361.1",0,6,5,8,4,0,1,0,0,1
"HSPB8",9,42,48,76,51,32,25,83,22,44
"AC084880.2",3,1,3,1,3,1,2,1,0,2
"LINC00934",1,2,1,2,4,1,0,0,0,1
"CCDC60",1,3,6,6,4,3,0,1,1,4
"AC002070.1",3,11,13,29,19,3,1,7,3,15
"TMEM233",3,1,0,10,5,0,0,0,0,3
"PRKAB1",1,17,13,14,11,5,4,10,2,8
"CIT",11,61,78,89,86,14,16,15,7,26
"AC002563.1",0,0,0,0,1,0,0,0,0,0
"BICDL1",1,24,37,43,36,3,4,13,5,28
"RAB35",3,19,24,28,16,14,4,13,7,13
"AC004812.2",3,4,4,10,11,2,2,3,1,5
"GCN1",15,25,35,47,45,9,9,21,11,30
"RPLP0",31,99,57,86,101,51,38,48,28,67
"PXN-AS1",5,12,16,13,13,7,6,5,3,17
"PXN",8,34,21,47,46,22,19,26,12,43
"AC004263.1",1,0,0,2,1,0,0,0,0,0
"SIRT4",0,12,14,16,13,3,5,4,3,16
"PLA2G1B",0,0,1,0,1,0,0,1,0,1
"MSI1",3,19,23,42,49,28,22,31,13,58
"AC003982.1",0,0,0,2,0,0,0,1,0,0
"COX6A1",0,2,5,6,1,3,0,4,0,1
"AL021546.1",0,2,0,0,0,1,0,0,1,1
"TRIAP1",4,12,12,7,7,7,5,4,2,5
"GATC",3,19,18,34,23,17,6,18,8,16
"SRSF9",13,43,17,39,31,19,15,40,8,33
"DYNLL1",100,318,300,401,337,216,122,277,94,237
"NRAV",0,4,3,4,2,3,2,6,0,2
"AC063943.1",0,0,0,0,0,0,0,0,0,0
"COQ5",5,32,33,36,31,13,7,11,8,21
"RNF10",20,73,60,134,88,27,30,51,21,76
"POP5",4,25,33,16,27,12,8,17,9,23
"AC125616.1",1,2,6,5,3,1,2,2,1,2
"CABP1",16,95,158,147,131,23,10,25,9,23
"MLEC",27,75,74,90,102,29,22,41,9,67
"AC069234.2",0,0,0,0,0,0,0,0,0,0
"AC069234.4",0,0,0,1,0,0,0,0,0,1
"UNC119B",2,16,9,26,12,8,12,9,4,21
"ACADS",6,16,21,32,35,10,11,15,14,32
"AC069234.1",0,0,3,6,6,1,1,1,0,0
"SPPL3",62,235,175,422,319,66,90,107,46,206
"HNF1A",0,0,0,0,0,0,0,0,0,0
"C12orf43",6,14,24,13,16,3,3,10,5,14
"OASL",0,2,0,1,3,0,1,0,0,0
"P2RX7",42,94,208,200,207,60,64,71,31,114
"AC069209.1",1,0,2,5,6,2,0,1,0,3
"P2RX4",6,13,19,29,23,13,4,7,5,22
"CAMKK2",11,42,37,62,49,10,6,17,3,16
"ANAPC5",43,147,184,323,195,46,54,65,36,127
"AC048337.1",0,2,1,1,1,0,1,0,0,1
"RNF34",5,80,59,88,81,19,26,47,9,48
"KDM2B",29,47,84,124,100,16,14,35,10,58
"AC145422.1",7,17,24,42,36,2,4,12,7,31
"ORAI1",0,5,4,9,5,3,4,9,0,3
"MORN3",0,4,4,8,9,0,2,1,0,5
"TMEM120B",8,33,44,72,41,10,8,14,10,31
"RHOF",1,4,3,8,2,1,1,2,0,7
"AC084018.1",0,0,0,0,0,0,0,1,0,0
"AC084018.2",0,1,2,0,2,0,0,2,0,1
"SETD1B",7,18,9,18,15,13,8,13,6,16
"HPD",1,3,4,7,4,3,4,1,0,6
"WDR66",7,13,36,75,45,12,6,28,8,18
"AC069503.1",0,0,2,1,0,0,0,1,0,2
"BCL7A",7,60,48,39,42,9,12,13,6,37
"MLXIP",19,44,47,74,58,8,14,23,7,49
"LRRC43",2,6,12,9,15,2,1,2,2,9
"IL31",0,0,0,0,1,0,0,0,0,0
"B3GNT4",2,2,6,1,0,0,1,1,0,1
"AC048338.1",0,0,0,0,0,0,0,0,0,0
"VPS33A",0,1,0,0,0,0,0,0,0,0
"CLIP1",56,412,204,363,355,68,77,151,43,299
"CLIP1-AS1",2,11,5,12,6,3,0,6,0,9
"ZCCHC8",9,36,31,91,62,19,12,29,8,44
"AC127002.1",0,0,0,0,0,0,1,0,0,1
"RSRC2",22,185,111,161,148,52,46,95,16,142
"KNTC1",3,7,12,7,11,3,6,4,4,8
"AC026333.4",0,1,1,3,2,0,1,1,0,0
"AC026333.3",1,0,0,3,0,1,2,1,1,5
"HCAR2",0,0,0,0,0,0,0,0,0,0
"HCAR1",1,0,0,0,0,0,0,0,0,0
"DENR",23,81,56,87,91,20,25,43,8,84
"CCDC62",2,11,25,51,29,8,3,5,2,30
"HIP1R",126,208,257,370,269,110,95,142,82,203
"VPS37B",8,61,36,83,85,13,21,35,15,81
"AC027290.1",1,1,2,1,1,1,2,1,0,0
"ABCB9",15,57,80,132,88,18,14,26,14,61
"OGFOD2",6,14,9,16,11,5,7,10,3,8
"ARL6IP4",44,95,117,137,101,56,42,135,36,65
"PITPNM2",18,205,75,239,141,29,25,72,21,103
"MPHOSPH9",18,126,123,232,133,33,30,51,23,147
"C12orf65",6,34,31,59,36,9,9,20,9,25
"AC068768.1",0,2,14,22,17,2,1,4,1,10
"CDK2AP1",0,1,3,3,3,0,1,2,1,1
"SBNO1",14,108,79,173,145,40,44,58,25,98
"AC137767.1",4,17,19,15,12,6,12,10,4,27
"KMT5A",3,27,22,49,50,25,22,27,14,43
"RILPL2",3,22,27,31,19,5,3,7,5,19
"SNRNP35",11,41,42,56,51,17,13,33,11,44
"RILPL1",32,77,101,162,117,20,23,46,16,73
"AC055713.1",0,2,2,3,3,1,2,2,1,6
"TMED2",13,53,45,56,64,29,27,39,12,41
"DDX55",10,15,17,41,38,14,10,19,10,20
"EIF2B1",6,43,30,57,38,8,13,26,8,32
"GTF2H3",6,43,25,44,54,10,18,29,13,59
"TCTN2",4,17,8,19,14,1,12,11,4,16
"AC117503.1",2,8,9,22,8,4,15,8,2,24
"ATP6V0A2",6,33,40,53,47,15,11,26,9,36
"DNAH10",1,15,8,12,10,2,1,2,1,12
"CCDC92",23,116,119,166,156,44,40,52,24,91
"ZNF664",0,1,1,0,1,0,0,0,0,0
"RFLNA",7,44,31,24,13,6,8,9,4,34
"NCOR2",25,144,121,170,194,43,53,50,29,132
"AC073592.1",1,2,4,10,5,0,0,1,1,7
"SCARB1",9,32,36,72,43,11,16,29,17,38
"UBC",82,505,343,561,313,170,114,229,73,153
"DHX37",4,23,16,29,11,2,4,6,3,7
"BRI3BP",7,20,32,44,39,14,9,29,4,24
"THRIL",0,0,0,0,0,0,0,0,0,0
"AACS",17,39,53,90,41,8,6,16,5,31
"AC122688.2",1,0,1,0,0,0,0,0,0,0
"TMEM132B",82,339,240,580,274,51,69,52,45,197
"LINC00939",0,0,0,0,1,0,0,0,0,0
"AC005186.1",0,2,3,5,2,0,0,2,2,7
"LINC02359",1,2,5,2,4,1,0,1,0,1
"AC007368.2",0,0,0,0,0,0,0,0,0,0
"LINC02347",0,1,5,6,4,0,1,0,0,0
"AC006065.4",1,1,1,2,0,1,0,0,0,0
"AC069235.1",0,0,1,0,0,0,0,0,0,1
"LINC00943",1,2,0,8,1,1,0,0,0,0
"LINC00944",0,3,0,0,0,0,0,0,0,0
"LINC02405",0,5,4,12,9,3,2,2,2,3
"AC079949.1",0,0,0,0,0,0,0,0,0,0
"AC079949.2",0,1,0,0,1,0,0,0,1,0
"AC087894.2",0,0,0,0,1,0,0,0,0,0
"LINC02393",0,0,0,2,0,0,0,0,0,0
"LINC00507",4,6,13,6,10,4,1,1,1,2
"LINC00508",3,1,2,1,0,0,0,0,0,0
"LINC02369",1,1,0,0,0,1,0,0,0,0
"TMEM132C",19,196,84,225,223,70,56,78,39,78
"SLC15A4",10,55,33,83,44,9,10,18,11,28
"AC108704.1",0,0,0,0,0,0,0,0,0,0
"GLT1D1",5,21,16,26,22,3,2,4,1,9
"TMEM132D",24,102,172,194,186,18,16,25,6,42
"TMEM132D-AS1",0,0,0,0,0,0,0,0,0,0
"AC055717.2",0,0,0,0,0,0,0,0,0,0
"AC135388.1",0,0,1,0,0,0,0,1,0,0
"FZD10",0,0,0,0,0,1,0,0,0,0
"AC026336.2",0,0,0,0,0,0,0,0,1,0
"PIWIL1",0,4,2,3,2,2,1,3,1,3
"RIMBP2",21,17,46,45,44,6,4,8,2,10
"AC095350.1",0,0,0,0,0,0,0,0,0,0
"STX2",7,37,27,62,57,20,11,15,10,22
"AC073912.1",0,2,1,1,0,0,0,0,0,1
"RAN",19,84,69,76,93,52,20,63,10,37
"ADGRD1",1,2,2,8,1,1,1,3,0,4
"AC078925.1",0,0,0,0,0,0,0,0,0,0
"LINC01257",0,0,0,0,0,0,0,1,0,0
"LINC02415",0,0,0,0,0,0,0,0,0,0
"AC073578.2",3,1,4,3,8,0,0,0,0,0
"AC073578.1",0,0,0,0,0,0,0,0,0,0
"AC117500.1",0,0,0,0,0,0,0,0,0,0
"SFSWAP",21,127,99,202,121,44,39,83,43,77
"MMP17",5,19,33,37,23,6,2,9,3,7
"AC131009.2",0,2,3,1,11,4,1,0,0,2
"ULK1",18,65,52,85,57,14,22,44,16,34
"AC131009.1",0,0,0,5,0,3,1,0,1,2
"PUS1",8,12,15,26,25,10,9,15,7,22
"EP400",26,89,100,133,121,30,34,46,21,106
"DDX51",7,20,24,36,22,12,7,30,6,18
"NOC4L",3,2,9,8,5,3,3,3,5,4
"AC138466.3",0,0,0,0,0,0,1,0,0,0
"LINC02361",1,0,0,0,1,0,0,3,1,0
"GALNT9",10,36,37,41,31,9,11,12,4,17
"AC148477.2",0,0,0,0,1,0,0,0,0,0
"AC148477.1",0,0,0,1,0,0,0,0,0,0
"FBRSL1",12,33,48,85,60,20,21,24,18,36
"AC131212.1",0,1,1,0,0,0,0,0,0,0
"LRCOL1",0,0,1,0,0,3,0,1,0,1
"P2RX2",0,0,0,0,0,0,0,0,0,0
"POLE",3,10,21,36,31,7,6,10,4,11
"PXMP2",0,3,7,3,8,1,2,0,1,1
"AC135586.2",2,5,8,10,11,2,2,9,3,13
"PGAM5",2,5,5,15,8,4,2,5,2,1
"ANKLE2",8,41,39,82,40,15,16,29,9,23
"GOLGA3",7,28,36,90,61,38,18,51,15,29
"CHFR",9,77,81,80,90,17,24,31,14,78
"AC127070.1",0,0,0,0,2,0,0,0,1,0
"AC127070.2",1,1,4,7,3,0,0,0,1,3
"ZNF26",8,20,25,68,52,13,11,24,10,35
"AC073911.1",0,1,1,2,1,2,0,1,0,2
"ZNF84",15,51,44,92,76,21,18,37,15,60
"ZNF140",3,21,15,28,25,9,2,9,4,14
"ZNF891",7,28,31,46,45,9,14,10,2,25
"AC026786.2",0,1,5,7,3,2,0,2,0,1
"ZNF10",0,3,2,3,0,0,1,0,0,1
"AC026786.1",1,11,4,4,5,0,2,2,0,6
"ZNF268",3,27,14,28,24,20,12,24,5,20
"FAM230C",0,1,0,0,0,0,0,1,1,0
"LINC00349",0,1,0,0,0,0,0,0,0,0
"LINC00387",0,0,1,1,0,0,0,0,2,1
"TUBA3C",0,0,0,0,0,0,0,1,0,0
"AL139327.2",0,0,0,0,0,0,0,0,0,0
"TPTE2",3,19,20,9,20,4,3,7,6,26
"MPHOSPH8",51,236,266,440,443,118,137,184,79,304
"PSPC1-AS2",0,0,0,0,1,0,0,0,0,0
"PSPC1",21,177,107,311,278,71,82,139,43,178
"ZMYM5",14,105,88,91,158,42,25,74,13,86
"AL355001.1",3,15,20,17,11,1,1,0,1,14
"AL355001.2",0,1,6,2,1,1,1,1,2,2
"ZMYM2",73,409,259,520,490,125,148,240,72,295
"GJA3",0,0,0,0,0,0,0,0,0,0
"GJB2",0,6,4,4,3,7,3,7,1,3
"GJB6",37,316,182,271,278,198,172,201,126,213
"CRYL1",48,147,111,171,144,32,41,44,40,131
"AL590096.1",2,3,9,5,5,1,3,5,4,10
"IFT88",30,182,105,270,205,60,75,69,52,115
"AL161772.1",1,35,16,29,22,17,11,21,9,22
"IL17D",30,122,67,156,169,59,58,118,38,104
"EEF1AKMT1",10,66,43,62,65,29,20,50,18,95
"XPO4",23,157,125,153,162,37,44,76,25,130
"LATS2",8,25,32,54,45,17,20,25,8,45
"LATS2-AS1",0,6,7,8,2,1,1,2,0,5
"SAP18",14,82,63,57,44,43,23,49,14,24
"SKA3",0,2,4,2,0,1,0,3,0,2
"MRPL57",11,64,41,27,38,11,19,26,6,51
"LINC00539",0,2,7,8,8,1,7,4,3,12
"ZDHHC20",33,136,135,235,195,60,59,73,49,131
"MICU2",39,176,145,223,218,57,69,83,35,148
"FGF9",2,58,17,19,26,4,8,15,2,23
"AL136962.1",0,20,6,8,8,3,3,5,3,19
"LINC00621",3,6,0,7,8,2,1,8,0,12
"AL157931.1",0,3,0,3,2,1,1,4,2,2
"SGCG",0,7,4,6,3,3,1,1,0,11
"SACS",25,96,117,302,168,33,36,75,23,125
"SACS-AS1",0,1,3,1,4,0,0,0,0,1
"LINC00327",0,1,3,3,1,3,1,3,0,3
"TNFRSF19",1,5,12,2,9,1,0,1,2,2
"MIPEP",13,51,34,86,62,15,20,26,15,51
"C1QTNF9B",0,0,1,1,1,0,0,0,0,1
"SPATA13-AS1",0,0,1,0,0,0,0,0,0,1
"C1QTNF9",0,0,0,0,0,0,0,0,0,0
"C1QTNF9-AS1",1,0,0,0,0,1,1,0,0,0
"LINC00566",0,0,1,1,0,0,0,0,0,0
"PARP4",10,54,34,41,58,13,12,22,3,41
"ATP12A",0,6,4,10,7,1,0,3,0,13
"RNF17",0,1,2,0,3,0,0,0,1,0
"CENPJ",2,13,12,13,32,8,2,21,2,10
"PABPC3",0,3,3,6,6,3,2,6,4,2
"AMER2",52,288,217,561,345,100,93,198,78,241
"LINC00463",1,9,14,19,12,1,2,2,2,7
"LINC01076",1,0,2,2,0,0,0,0,0,0
"MTMR6",8,56,41,75,73,11,14,35,7,38
"AL590787.1",0,4,2,0,1,0,1,1,0,1
"NUP58",15,141,74,129,111,49,66,59,22,106
"ATP8A2",26,114,182,237,156,14,11,15,10,36
"SHISA2",0,1,0,0,2,0,0,1,0,0
"RNF6",6,18,19,45,42,22,12,27,9,27
"AL138966.2",1,2,7,1,3,2,0,1,1,4
"CDK8",27,100,132,176,189,32,67,90,27,136
"WASF3",52,213,196,457,432,146,165,209,89,346
"WASF3-AS1",1,8,12,18,11,2,3,4,0,9
"GPR12",0,1,4,6,6,1,0,1,0,1
"AL160035.1",0,2,1,4,1,0,0,1,0,6
"USP12",5,34,26,70,55,29,19,22,8,30
"USP12-AS1",0,1,5,1,5,2,2,0,0,1
"USP12-AS2",0,1,0,2,1,3,0,2,0,4
"LINC02340",33,160,81,67,112,31,44,42,18,136
"RPL21",31,73,67,28,157,85,65,111,20,84
"RASL11A",0,0,1,0,1,0,1,0,0,0
"GTF3A",8,38,78,95,65,29,21,30,5,35
"MTIF3",32,116,87,153,134,76,73,69,32,68
"LNX2",8,27,16,19,28,7,7,5,4,26
"POLR1D",9,34,38,56,47,20,20,23,7,45
"AL136439.1",0,0,0,0,0,0,0,0,0,0
"PLUT",0,1,2,3,2,1,0,1,0,4
"URAD",0,0,0,0,1,0,1,0,0,2
"FLT3",1,31,20,20,20,12,4,14,5,14
"PAN3-AS1",0,5,5,1,6,0,1,4,1,1
"PAN3",48,226,192,344,358,106,135,157,80,212
"FLT1",1,3,7,9,5,3,2,3,0,2
"POMP",25,70,61,88,62,76,28,93,30,34
"SLC46A3",10,27,30,12,42,3,5,19,3,19
"MTUS2",16,81,136,230,185,18,12,32,15,52
"MTUS2-AS2",0,0,2,1,0,0,0,0,0,0
"MTUS2-AS1",0,0,0,3,0,0,0,0,0,0
"SLC7A1",7,16,29,44,24,5,4,22,4,12
"UBL3",19,155,108,236,187,43,50,113,47,121
"LINC00544",0,0,1,1,0,0,0,0,0,0
"LINC00365",0,0,1,0,0,0,0,1,0,0
"LINC00384",0,0,0,0,0,0,0,1,0,1
"KATNAL1",10,70,59,115,104,28,36,40,18,36
"LINC00427",0,0,2,1,0,0,0,1,0,3
"LINC00426",0,0,1,3,2,0,0,2,0,0
"UBE2L5",0,2,5,2,3,2,0,3,0,4
"HMGB1",87,405,342,444,722,411,285,519,125,671
"USPL1",7,49,23,47,46,19,21,22,1,25
"ALOX5AP",0,1,2,3,6,2,0,1,1,0
"LINC00398",0,0,0,0,0,0,0,0,0,0
"TEX26-AS1",1,0,1,0,0,0,0,2,0,1
"LINC00545",0,0,0,0,0,0,0,0,0,0
"MEDAG",0,1,0,0,1,0,0,0,0,0
"TEX26",2,3,5,6,3,6,4,3,5,5
"HSPH1",22,97,73,140,131,74,40,116,19,51
"B3GLCT",17,59,68,156,147,43,48,75,28,96
"RXFP2",0,0,0,1,1,0,0,0,0,1
"FRY",21,96,117,224,220,51,27,46,17,57
"FRY-AS1",2,2,4,2,7,1,0,3,0,2
"ZAR1L",0,2,1,0,0,0,0,0,0,0
"BRCA2",0,2,3,4,2,0,1,2,1,4
"N4BP2L1",21,134,83,114,112,29,49,22,23,103
"N4BP2L2",252,1149,970,1473,1614,684,789,1100,325,1270
"PDS5B",36,173,208,444,326,88,105,148,43,205
"AL138820.1",0,0,0,5,0,0,1,2,0,0
"KL",0,1,1,0,0,0,0,0,0,0
"STARD13",77,465,343,1044,625,143,198,265,97,431
"AL139383.1",20,29,39,51,40,5,11,20,5,22
"RFC3",9,27,18,12,27,9,6,8,3,15
"LINC02343",0,2,6,4,3,2,0,2,1,0
"LINC00457",1,2,0,4,2,1,0,2,1,1
"AL161716.1",0,1,0,0,1,0,1,0,0,1
"AL138690.1",0,0,1,1,1,0,0,1,0,0
"NBEA",62,369,361,651,595,169,160,200,86,298
"MAB21L1",0,1,0,0,1,0,0,1,0,0
"DCLK1",41,205,262,358,345,21,23,40,14,77
"SOHLH2",0,0,0,1,0,0,0,0,1,1
"CCDC169-SOHLH2",0,0,0,0,1,1,0,0,0,0
"SPART",33,130,137,224,239,68,87,147,59,141
"SPART-AS1",2,6,20,25,12,6,3,2,6,8
"CCNA1",0,4,2,5,3,1,0,3,0,0
"SERTM1",0,2,3,2,3,0,0,0,0,0
"RFXAP",7,24,14,50,49,7,10,21,3,35
"SMAD9",11,25,23,28,60,45,77,41,26,43
"ALG5",6,41,31,40,45,14,11,21,3,46
"EXOSC8",7,25,39,29,37,12,13,28,5,39
"SUPT20H",11,84,62,129,124,64,37,70,36,72
"CSNK1A1L",0,0,1,1,0,0,0,0,0,1
"POSTN",1,2,3,4,5,1,0,0,0,0
"TRPC4",1,8,12,24,15,5,0,4,1,6
"LINC02334",0,2,8,5,3,1,1,1,0,1
"LINC00571",1,9,6,9,9,1,1,1,0,4
"UFM1",8,38,36,88,62,29,21,31,17,72
"LINC00437",1,0,0,0,0,0,0,0,0,0
"FREM2",14,27,44,71,43,49,71,77,43,138
"FREM2-AS1",1,3,8,9,5,2,8,9,1,16
"STOML3",1,1,2,2,3,0,0,1,1,2
"PROSER1",4,15,14,21,26,5,8,22,9,23
"NHLRC3",26,72,72,71,79,24,27,31,6,62
"AL354809.1",12,34,25,87,69,11,9,16,12,37
"LHFPL6",71,596,465,1355,666,211,315,518,126,472
"COG6",15,83,88,175,165,44,30,57,23,107
"LINC00598",19,123,77,96,133,43,42,55,27,156
"FOXO1",108,582,369,906,692,157,251,239,116,691
"MRPS31",8,50,56,56,78,29,40,45,19,83
"SLC25A15",2,3,7,4,10,1,1,2,0,6
"ELF1",25,135,109,255,193,43,60,81,18,163
"WBP4",13,110,89,86,95,45,43,55,25,79
"KBTBD6",2,21,18,34,19,3,2,7,4,15
"AL354696.2",4,16,33,34,36,8,8,9,8,38
"KBTBD7",5,22,21,61,40,17,17,33,8,39
"MTRF1",2,12,13,27,24,7,11,11,6,27
"NAA16",10,52,75,122,111,29,42,46,15,77
"RGCC",17,145,86,121,145,160,128,140,64,184
"VWA8",62,223,288,493,508,131,176,315,98,412
"VWA8-AS1",0,1,2,0,1,1,1,1,0,1
"DGKH",5,46,35,64,38,3,5,8,4,26
"AKAP11",28,121,107,183,185,48,60,85,30,98
"LINC02341",2,8,5,8,10,13,3,9,4,10
"TNFSF11",0,0,0,1,1,0,0,0,0,1
"FAM216B",1,2,2,1,0,1,0,0,1,0
"EPSTI1",0,2,4,6,7,1,1,3,1,4
"DNAJC15",13,45,40,64,42,42,21,33,5,57
"ENOX1",115,353,383,670,587,75,108,166,60,309
"ENOX1-AS2",0,2,1,0,0,0,0,0,2,0
"ENOX1-AS1",0,0,0,1,0,1,0,0,0,0
"AL162713.1",0,0,2,0,2,0,0,0,0,3
"CCDC122",7,36,30,20,27,10,11,13,9,11
"LACC1",2,1,2,1,1,0,0,0,0,0
"AL512506.3",0,6,5,6,2,1,8,1,1,4
"LINC00284",0,0,0,0,0,0,0,0,0,0
"LINC00390",0,1,4,0,1,0,0,1,0,1
"SMIM2-AS1",1,6,4,5,11,5,8,6,5,7
"SMIM2",0,0,0,1,0,0,0,0,0,0
"AL589745.1",0,0,0,1,0,0,0,0,0,0
"AL138960.1",1,3,1,0,5,0,1,2,0,4
"SERP2",13,82,63,79,77,23,24,39,5,40
"TUSC8",0,0,0,0,0,0,0,0,0,0
"TSC22D1",67,868,271,436,411,226,224,420,111,277
"TSC22D1-AS1",2,5,5,8,6,2,0,2,0,8
"LINC00407",2,18,15,25,27,6,1,6,4,21
"AL356515.1",1,1,1,2,1,0,0,1,0,4
"NUFIP1",2,17,15,23,25,10,5,10,7,25
"AL359706.1",13,36,60,38,31,11,10,12,3,34
"GPALPP1",14,84,81,143,115,37,30,64,28,86
"GTF2F2",19,78,38,80,103,33,35,39,19,72
"KCTD4",4,2,4,10,11,11,5,2,3,0
"TPT1",43,154,141,183,194,135,63,179,56,71
"AL138963.3",0,0,0,0,0,0,0,0,0,0
"AL138963.1",0,4,1,6,2,2,2,0,0,2
"SLC25A30",1,7,9,13,8,5,2,12,1,11
"SLC25A30-AS1",0,1,1,4,3,1,0,0,0,3
"COG3",9,47,41,62,60,14,14,20,12,41
"ERICH6B",0,1,0,0,0,0,0,0,1,1
"LINC01055",0,0,0,0,0,0,0,0,0,0
"SPERT",0,0,0,1,0,1,0,0,0,0
"SIAH3",2,3,5,9,2,1,0,2,0,2
"ZC3H13",27,134,104,246,207,48,51,96,29,105
"CPB2-AS1",26,84,77,95,128,19,48,42,21,102
"CPB2",8,30,23,16,37,5,8,7,2,18
"LCP1",2,8,9,3,6,0,1,1,0,2
"LRRC63",16,24,30,34,52,16,16,4,13,25
"RUBCNL",9,56,35,38,53,12,59,43,4,48
"LINC01198",0,3,3,0,1,0,2,1,0,0
"AL138686.1",8,29,29,44,29,14,19,19,7,12
"LRCH1",8,43,54,99,60,17,14,28,13,62
"ESD",16,101,63,80,118,70,59,77,25,76
"HTR2A",9,20,18,27,10,4,2,4,1,4
"HTR2A-AS1",0,0,0,0,0,0,0,0,0,0
"SUCLA2",18,65,53,74,78,25,28,33,11,72
"SUCLA2-AS1",0,0,4,6,0,0,1,0,0,1
"NUDT15",0,5,4,4,2,0,2,5,0,2
"AL158196.1",0,0,1,1,1,2,0,1,0,1
"MED4",16,80,74,91,81,18,27,52,18,57
"MED4-AS1",0,0,1,1,0,0,0,0,0,0
"ITM2B",116,519,342,555,562,377,271,362,107,315
"RB1-DT",0,6,0,2,7,0,1,2,0,1
"RB1",28,176,138,319,287,88,77,115,39,199
"LPAR6",6,29,27,24,21,11,11,9,4,32
"RCBTB2",5,9,12,37,29,8,5,12,9,14
"LINC01077",0,0,0,0,0,0,0,0,0,0
"CYSLTR2",0,0,1,0,0,1,0,0,0,0
"AL161421.1",2,0,1,3,2,1,2,0,0,0
"FNDC3A",36,189,145,201,236,48,64,94,41,170
"CDADC1",6,28,32,30,34,2,10,16,4,17
"CAB39L",16,153,139,305,175,124,87,87,59,215
"SETDB2",9,50,36,43,55,16,8,20,9,40
"PHF11",18,62,68,123,93,24,27,43,12,53
"RCBTB1",3,31,18,38,25,13,11,14,6,16
"ARL11",0,0,0,0,0,1,0,0,0,1
"EBPL",7,25,15,27,18,13,10,23,6,29
"KPNA3",39,179,149,256,226,57,67,108,37,147
"SPRYD7",6,32,34,62,59,20,21,61,10,46
"DLEU2",86,368,283,554,527,142,170,205,84,393
"TRIM13",29,174,118,163,182,36,26,45,19,134
"KCNRG",0,1,2,1,1,3,0,0,0,0
"DLEU7",3,15,16,22,9,1,0,1,0,3
"DLEU7-AS1",0,2,5,7,3,2,0,0,0,2
"RNASEH2B-AS1",3,1,4,6,11,1,3,3,0,3
"RNASEH2B",11,46,67,68,66,25,20,25,15,50
"C13orf42",0,0,0,1,0,0,0,0,0,1
"FAM124A",27,66,45,82,52,16,24,19,22,38
"SERPINE3",3,25,21,61,22,0,2,0,0,18
"INTS6",20,164,133,349,224,97,110,102,43,205
"INTS6-AS1",11,18,27,45,64,16,17,36,14,57
"WDFY2",75,301,312,627,452,106,123,181,84,335
"AL162377.3",0,1,7,5,1,0,3,2,2,4
"AL162377.1",2,3,10,6,4,1,4,4,4,5
"ATP7B",2,20,16,22,28,6,5,11,3,21
"ALG11",0,23,15,14,15,4,8,9,2,21
"UTP14C",4,13,12,35,17,7,10,12,4,6
"NEK5",4,41,29,19,20,3,8,4,1,31
"NEK3",18,43,38,37,58,9,17,8,10,30
"THSD1",13,41,55,65,72,22,15,23,5,73
"VPS36",21,93,98,98,116,43,39,56,15,124
"AL359513.1",1,1,4,2,3,1,1,0,1,1
"CKAP2",2,9,17,14,23,16,9,14,2,16
"AL137058.1",0,0,0,1,0,0,0,0,0,0
"HNRNPA1L2",0,3,5,5,5,4,1,3,0,4
"AL139089.1",3,11,13,14,13,4,5,10,2,14
"SUGT1",7,50,51,92,92,40,44,73,19,52
"CNMD",0,9,2,6,2,7,1,4,1,5
"PCDH8",1,9,6,8,5,0,0,1,1,0
"OLFM4",0,0,1,1,1,0,0,0,0,0
"AL450423.1",1,1,2,5,2,0,0,0,1,2
"LINC00558",0,1,0,0,0,0,0,0,1,0
"AL390964.1",0,0,0,0,0,0,0,0,0,1
"LINC02335",0,3,2,2,1,0,1,0,0,1
"AL354821.1",0,0,0,0,0,0,0,0,0,0
"PCDH17",38,210,161,290,374,172,106,245,97,220
"LINC02338",0,0,0,1,1,1,0,2,1,0
"DIAPH3",5,24,21,51,78,40,44,43,28,57
"DIAPH3-AS1",0,1,0,0,1,0,0,0,0,1
"DIAPH3-AS2",0,1,0,0,1,0,0,0,0,0
"TDRD3",56,241,247,429,372,107,155,187,75,426
"LINC00378",0,1,0,0,1,0,0,0,0,1
"LINC01442",0,0,1,2,1,1,1,0,0,0
"PCDH20",0,1,0,0,0,0,0,0,0,0
"LINC01075",0,0,0,0,0,0,0,0,0,0
"LINC00448",0,0,0,0,0,0,0,0,0,0
"AL354810.1",0,0,1,2,1,0,0,1,0,0
"LINC00376",0,0,1,0,0,2,0,0,0,2
"LINC00395",0,1,0,1,0,0,1,1,0,0
"AL445989.1",0,0,1,0,0,0,1,1,0,0
"LINC00355",0,1,0,0,0,0,0,0,0,0
"PCDH9",2197,11438,8107,16772,17389,4745,6987,6426,3876,12589
"PCDH9-AS1",34,116,119,85,115,43,63,41,6,122
"PCDH9-AS2",191,713,968,784,1007,270,293,381,87,1086
"PCDH9-AS3",3,20,11,8,18,3,17,6,0,71
"PCDH9-AS4",1,14,39,27,11,1,3,2,0,7
"LINC00364",0,0,0,0,0,0,0,0,0,0
"LINC00550",0,0,0,0,0,0,0,0,0,0
"KLHL1",2,9,10,12,8,2,5,2,4,5
"ATXN8OS",0,1,0,0,0,0,0,0,0,0
"LINC00348",0,1,1,1,0,1,1,1,0,0
"DACH1",4,27,48,57,83,15,16,12,8,59
"MZT1",3,15,19,27,19,7,8,4,1,8
"BORA",2,6,7,8,13,4,6,11,0,8
"DIS3",8,59,42,51,51,16,16,32,7,35
"PIBF1",47,318,209,351,312,86,123,194,85,276
"KLF5",0,0,4,3,2,1,0,0,0,1
"LINC00393",2,3,3,8,7,8,1,4,5,11
"LINC00392",0,0,0,1,1,0,0,1,0,0
"KLF12",56,209,278,419,493,102,160,221,84,392
"LINC00402",0,0,1,1,1,0,0,0,0,0
"LINC00381",0,1,0,0,10,2,0,4,1,3
"AL355390.2",1,3,4,4,2,0,3,1,1,2
"TBC1D4",10,34,51,88,76,12,9,19,11,98
"COMMD6",14,50,57,53,70,86,23,68,17,52
"UCHL3",7,32,32,45,53,11,12,15,4,32
"LMO7-AS1",2,6,10,17,9,2,2,1,0,13
"LMO7",10,42,58,109,89,12,8,18,7,39
"LMO7DN",0,0,2,0,1,0,0,0,0,0
"AL365394.1",0,0,0,0,1,1,0,0,0,1
"KCTD12",0,1,10,16,9,1,2,2,1,0
"AC000403.1",0,0,0,1,0,0,0,0,0,0
"ACOD1",0,0,0,1,0,1,0,0,1,0
"AC001226.2",10,44,49,50,58,19,19,17,9,98
"FBXL3",14,114,77,142,151,49,39,64,25,112
"MYCBP2",71,330,372,677,576,127,139,198,78,239
"SCEL",0,1,2,2,1,0,1,0,0,2
"SCEL-AS1",0,0,1,0,0,0,0,0,0,0
"SLAIN1",78,351,168,478,289,67,83,72,48,139
"EDNRB-AS1",0,0,0,0,0,0,0,0,0,0
"EDNRB",36,121,98,230,155,71,95,188,43,105
"RNF219-AS1",457,1691,955,2259,1544,225,616,840,247,1038
"POU4F1",0,2,0,2,1,0,1,0,2,2
"RNF219",6,39,22,56,25,19,15,13,4,16
"RBM26",78,345,259,679,488,139,197,289,107,304
"RBM26-AS1",2,17,7,8,8,3,3,8,1,9
"NDFIP2",17,69,68,114,85,35,27,33,21,44
"LINC01068",0,1,0,1,1,1,0,1,0,2
"LINC00382",0,0,1,1,1,0,0,0,0,3
"LINC01080",2,24,15,12,27,1,9,9,1,15
"SPRY2",6,45,37,67,54,35,35,63,14,72
"SLITRK1",4,3,8,13,13,2,2,2,2,3
"LINC00333",0,0,0,0,0,0,0,0,0,0
"LINC00351",4,7,8,6,5,5,3,10,4,8
"SLITRK6",0,0,0,0,0,0,0,0,0,0
"AL354994.1",0,0,0,0,1,0,0,0,0,1
"LINC00430",0,0,0,0,0,0,0,0,0,0
"MIR4500HG",3,10,25,18,33,10,5,2,1,3
"SLITRK5",7,26,36,72,54,8,9,8,4,11
"LINC00397",0,0,0,0,0,0,0,0,0,0
"AL354896.1",0,0,2,1,0,0,0,1,0,1
"LINC01047",0,0,1,0,0,0,0,0,0,0
"LINC00440",0,0,0,0,0,0,0,0,0,0
"LINC01040",0,0,0,0,0,0,0,0,0,0
"LINC00559",0,2,2,0,0,1,0,0,0,0
"LINC01049",2,3,0,0,5,0,1,0,2,7
"LINC00379",0,0,1,0,0,0,0,0,0,1
"GPC5",956,8187,4228,6515,6850,1809,2955,2416,1474,6652
"GPC5-AS1",1,37,15,17,14,5,12,9,1,51
"AL354811.1",0,0,0,0,0,0,0,0,0,0
"GPC6",26,123,141,183,132,20,101,43,26,201
"GPC6-AS2",0,0,0,0,1,0,1,1,0,0
"GPC6-AS1",1,0,1,0,0,0,0,0,0,1
"DCT",2,8,5,11,16,0,5,0,2,10
"TGDS",4,9,13,15,25,6,8,11,6,18
"GPR180",9,35,29,70,71,21,28,34,5,55
"SOX21",7,17,14,25,21,13,9,20,9,19
"SOX21-AS1",4,8,7,11,15,6,5,9,6,19
"ABCC4",8,19,42,74,74,10,26,36,12,34
"CLDN10",34,293,206,250,354,205,159,309,78,331
"CLDN10-AS1",0,6,5,13,5,1,0,3,2,10
"DZIP1",23,100,93,145,151,34,36,69,25,107
"DNAJC3-DT",8,40,27,33,61,11,16,33,7,52
"DNAJC3",17,113,75,170,181,70,76,100,22,143
"UGGT2",55,156,198,333,350,103,116,212,73,221
"HS6ST3",24,172,324,378,304,39,34,31,15,58
"AL353581.1",0,0,0,0,0,0,0,0,0,0
"OXGR1",0,0,1,1,0,0,0,0,0,0
"MBNL2",104,500,388,767,717,244,233,259,123,462
"RAP2A",6,43,41,84,64,17,19,24,8,26
"AL359502.1",0,0,0,1,0,0,0,0,0,1
"AL356580.1",0,1,0,2,0,0,0,2,0,0
"IPO5",13,66,65,77,64,29,34,51,12,69
"FARP1",92,487,284,562,458,142,231,332,108,403
"FARP1-AS1",0,0,0,0,0,0,0,1,0,0
"STK24",10,115,46,125,91,21,35,40,9,41
"STK24-AS1",0,0,1,0,1,0,0,0,0,0
"SLC15A1",0,2,1,0,1,2,1,0,2,1
"DOCK9",40,143,179,322,225,67,50,87,31,120
"DOCK9-AS1",0,0,1,0,0,0,0,0,0,0
"DOCK9-DT",0,0,0,0,1,0,0,0,0,1
"UBAC2-AS1",2,2,1,1,3,1,1,2,2,0
"UBAC2",31,286,143,235,197,39,58,99,28,139
"GPR18",0,1,3,3,0,0,0,0,0,1
"GPR183",1,0,1,1,0,0,0,0,0,1
"TM9SF2",19,93,67,147,92,57,43,71,27,90
"LINC00449",0,0,0,1,0,0,1,0,0,2
"CLYBL",62,330,319,440,492,56,109,108,51,350
"CLYBL-AS1",0,3,0,1,5,0,0,0,0,0
"ZIC5",4,23,20,80,49,42,29,18,26,21
"ZIC2",8,20,23,58,46,49,28,34,34,55
"AL355338.1",4,22,32,15,35,14,7,18,3,50
"PCCA",57,418,241,382,438,98,126,170,82,343
"PCCA-AS1",0,6,6,1,7,1,1,0,0,1
"GGACT",13,22,17,12,31,3,3,11,4,14
"AL136526.1",0,1,0,0,0,0,0,1,0,0
"TMTC4",31,123,98,154,96,27,42,27,13,72
"NALCN-AS1",2,8,6,6,4,0,1,2,1,5
"NALCN",72,268,240,286,322,83,94,152,85,240
"ITGBL1",1,5,2,3,4,0,2,3,1,7
"FGF14",97,441,785,1089,920,80,110,113,60,284
"AL160153.1",0,0,1,0,0,0,0,0,0,0
"FGF14-AS1",0,1,0,0,2,0,2,0,0,2
"FGF14-AS2",0,6,6,4,5,1,5,2,0,0
"AL158063.1",0,0,1,1,3,0,0,1,2,2
"TPP2",20,62,59,115,121,31,36,59,28,71
"METTL21C",0,2,1,0,2,0,0,1,0,0
"CCDC168",1,0,2,3,4,0,0,5,0,0
"TEX30",1,12,6,11,9,9,4,12,1,4
"KDELC1",0,5,3,4,3,3,1,4,1,4
"ERCC5",0,0,0,0,0,2,1,1,0,0
"AL137246.1",0,0,0,0,0,1,0,0,0,0
"AL137246.2",0,0,0,0,1,0,1,0,0,0
"DAOA-AS1",0,0,0,1,0,0,0,0,0,0
"LINC00460",0,0,0,1,0,0,0,0,0,0
"EFNB2",10,52,55,97,125,31,40,53,23,90
"AL138689.2",1,4,5,3,5,3,2,3,3,9
"ARGLU1",103,533,584,715,795,168,250,266,93,572
"LINC00551",0,0,0,1,0,0,0,0,0,0
"LINC00443",0,1,1,4,3,0,0,1,0,0
"AL162574.1",0,0,0,0,0,0,0,0,0,0
"FAM155A",341,2458,1792,2664,3036,618,968,1201,517,1873
"AL136964.1",0,0,0,1,1,0,0,0,0,0
"LIG4",7,14,24,39,42,10,12,20,11,25
"ABHD13",4,24,16,40,34,7,10,20,9,23
"TNFSF13B",2,17,25,25,44,8,16,21,4,34
"AL138694.1",1,1,2,3,3,1,2,1,2,3
"MYO16",4,29,41,85,63,11,6,19,8,17
"MYO16-AS1",0,3,0,0,1,0,0,1,0,1
"IRS2",23,199,114,406,256,144,191,276,86,189
"AL162497.1",0,3,8,19,7,4,7,6,1,12
"AL355974.1",0,1,2,2,3,3,0,1,0,1
"AL355974.2",0,25,58,119,57,47,35,95,30,75
"COL4A1",1,22,6,21,17,3,5,10,0,7
"COL4A2",8,88,42,79,53,16,13,42,14,30
"COL4A2-AS2",0,0,0,0,0,0,0,0,0,0
"COL4A2-AS1",0,1,0,0,0,0,0,0,0,0
"RAB20",0,10,6,16,8,5,3,6,1,13
"AL139385.1",0,0,0,0,0,0,0,0,0,1
"NAXD",11,32,20,47,24,11,17,17,3,22
"CARS2",12,57,63,94,79,17,22,31,15,68
"ING1",0,10,6,18,16,6,7,6,3,3
"LINC00346",0,0,0,0,1,0,0,0,0,0
"ANKRD10",32,174,147,280,238,69,101,120,35,173
"AL442128.2",0,2,2,4,0,1,2,1,1,0
"ARHGEF7-AS2",0,1,0,0,2,2,0,0,0,0
"ARHGEF7",74,237,218,409,336,73,78,118,34,227
"TEX29",5,3,8,4,4,4,2,4,0,3
"AL359649.1",1,0,0,0,0,0,0,0,0,0
"LINC00354",0,0,1,0,0,0,0,0,0,0
"SOX1",3,2,2,3,2,2,1,4,0,2
"AL356961.1",0,1,1,1,1,1,0,0,0,0
"SOX1-OT",0,0,2,3,1,1,0,3,1,1
"LINC01044",0,0,0,0,0,0,0,0,0,0
"SPACA7",0,3,1,0,3,0,0,1,0,1
"TUBGCP3",6,72,32,76,65,15,15,32,19,46
"AL139384.2",0,1,1,0,0,0,0,0,0,0
"ATP11AUN",0,1,1,2,2,0,0,1,0,2
"AL139384.1",0,1,1,1,1,0,0,0,0,2
"ATP11A",17,114,96,108,114,28,29,34,11,61
"ATP11A-AS1",0,2,0,1,0,0,0,0,0,0
"MCF2L",10,40,45,90,72,9,12,15,4,34
"AL356740.1",0,2,0,0,0,0,0,0,0,0
"MCF2L-AS1",1,0,1,1,0,2,0,0,0,0
"F7",0,0,2,1,0,0,0,0,0,0
"F10",4,24,50,36,25,3,7,6,0,42
"F10-AS1",0,0,0,0,0,0,1,0,0,2
"AL137002.2",0,0,0,1,0,0,0,1,0,0
"PROZ",0,0,0,0,0,0,0,0,0,0
"AL137002.1",0,0,0,0,0,0,0,2,0,0
"PCID2",8,37,49,81,66,18,27,44,7,53
"CUL4A",27,116,95,189,161,34,39,59,19,126
"LAMP1",30,120,114,298,148,110,51,85,36,90
"GRTP1",5,22,23,47,36,9,6,17,4,43
"GRTP1-AS1",0,7,2,5,2,0,1,1,2,2
"ADPRHL1",3,3,7,22,16,5,1,10,2,10
"DCUN1D2",15,64,66,98,80,20,19,42,18,63
"DCUN1D2-AS",0,1,3,1,0,0,0,0,0,0
"TMCO3",13,59,52,70,74,11,24,24,8,48
"TFDP1",7,22,20,42,27,6,5,14,9,16
"GRK1",0,0,0,1,0,0,0,0,0,0
"TMEM255B",0,3,5,3,6,1,1,7,2,3
"GAS6-AS1",0,33,35,9,10,7,3,4,0,17
"GAS6",9,37,65,84,40,33,17,51,20,36
"GAS6-DT",1,1,3,1,2,0,3,5,0,1
"LINC00565",0,0,0,0,0,0,0,0,0,0
"C13orf46",0,0,0,0,0,0,0,0,0,0
"RASA3",17,88,32,81,61,28,23,38,17,31
"CFAP97D2",1,2,3,3,4,1,1,6,1,0
"AL160396.1",0,3,0,1,2,1,0,1,0,1
"CDC16",54,119,105,170,168,40,42,83,36,129
"UPF3A",47,144,164,218,382,64,73,56,27,191
"CHAMP1",4,18,11,28,25,5,8,19,6,22
"LINC01054",0,3,1,0,0,0,0,0,0,1
"CR383656.10",0,0,0,0,0,1,0,0,0,2
"AL929601.1",0,1,0,0,1,0,0,0,0,0
"POTEM",0,0,0,0,1,0,0,0,0,1
"AL589743.5",0,0,1,2,0,0,1,0,0,0
"LINC01297",0,0,0,0,1,0,0,2,0,0
"POTEG",0,0,0,1,1,0,1,1,0,0
"OR4N2",1,0,0,0,0,2,0,1,1,3
"OR4K17",0,0,0,1,0,0,0,0,0,0
"OR11G2",0,0,1,0,0,1,0,0,0,1
"OR11H4",0,0,0,0,1,0,0,0,0,0
"TTC5",4,25,22,45,41,6,6,14,3,22
"CCNB1IP1",10,28,31,53,35,26,21,25,19,39
"AL355075.4",0,3,3,5,3,2,4,38,2,1
"PARP2",8,34,39,30,14,6,5,11,7,18
"AL355075.1",0,4,5,0,6,0,0,3,1,0
"TEP1",3,22,13,25,35,11,8,16,7,13
"KLHL33",0,1,1,0,0,0,0,0,0,0
"OSGEP",5,41,40,68,49,12,13,22,14,43
"APEX1",8,33,30,32,28,18,18,31,11,32
"PIP4P1",7,18,17,25,22,15,17,20,7,22
"PNP",0,11,9,5,6,3,2,7,4,3
"RNASE10",4,15,14,56,48,21,19,25,15,67
"AL163195.2",0,0,1,1,2,0,0,1,0,2
"RNASE4",1,0,0,0,0,4,1,1,2,0
"AL163636.1",0,2,0,0,0,0,0,0,0,0
"RNASE6",0,0,0,0,2,1,0,0,0,0
"RNASE1",78,162,109,111,97,31,13,5,22,35
"RNASE3",0,0,1,0,0,0,0,0,0,0
"AL355922.5",1,4,5,1,2,0,1,1,1,3
"AL355922.1",0,0,0,0,0,0,0,0,0,0
"RNASE2",0,1,1,0,0,0,0,0,0,0
"METTL17",8,26,29,56,38,28,18,31,16,59
"AL355922.2",0,1,4,3,1,1,0,0,0,0
"SLC39A2",0,1,0,0,0,0,0,0,0,0
"NDRG2",220,560,608,1040,718,472,351,546,341,533
"TPPP2",0,1,0,1,3,1,0,2,1,2
"ARHGEF40",23,62,103,113,113,42,25,80,21,84
"ZNF219",10,4,31,51,37,8,14,30,7,21
"TMEM253",1,2,0,2,0,0,0,3,0,2
"AL161668.1",0,0,0,0,0,0,0,0,0,0
"HNRNPC",20,188,104,174,198,60,58,97,33,186
"RPGRIP1",0,1,5,7,4,1,1,5,0,8
"SUPT16H",10,62,43,88,75,18,14,38,9,39
"AL135744.1",1,0,2,0,0,1,0,0,0,0
"CHD8",22,88,80,182,107,24,47,58,15,82
"RAB2B",7,39,28,60,31,15,13,14,11,44
"TOX4",11,76,73,58,53,15,18,25,7,53
"METTL3",14,58,59,51,54,24,23,40,3,70
"SALL2",6,31,29,47,50,16,11,22,10,39
"OR10G3",0,0,0,0,2,0,0,0,0,1
"OR4E2",0,0,0,0,0,0,0,0,0,0
"TRAV5",0,0,0,0,0,0,0,0,0,0
"TRDC",0,0,0,0,0,0,0,0,0,0
"TRAC",0,0,1,1,3,0,0,0,0,0
"LINC02332",0,0,0,0,0,0,0,0,0,1
"DAD1",17,51,48,49,46,48,32,34,19,30
"AC243965.2",1,1,2,0,0,0,0,1,0,0
"ABHD4",1,7,6,14,12,7,8,18,3,6
"OR6J1",1,2,2,2,5,0,0,1,0,4
"OXA1L",13,35,41,58,30,11,12,15,2,16
"SLC7A7",0,5,3,14,6,2,1,3,0,6
"MRPL52",16,24,20,43,35,24,18,29,7,20
"MMP14",3,5,6,32,3,3,0,0,2,14
"LRP10",10,54,39,44,48,19,28,47,16,40
"REM2",0,3,1,2,1,0,0,0,0,1
"RBM23",8,39,33,39,62,15,21,29,7,61
"PRMT5-AS1",0,3,4,3,5,0,1,0,0,3
"PRMT5",3,20,17,22,14,9,11,15,6,13
"AL132780.1",4,27,10,13,24,3,8,6,3,33
"HAUS4",0,0,1,1,1,4,1,7,0,2
"AL132780.3",0,3,6,16,12,2,6,5,0,7
"AL132780.2",5,3,8,7,11,3,2,3,2,10
"C14orf93",7,18,22,31,39,7,14,11,8,36
"PSMB5",17,112,75,140,100,49,37,59,30,49
"CDH24",5,5,7,10,13,10,2,18,7,7
"ACIN1",24,103,106,201,206,73,63,104,45,141
"C14orf119",3,15,17,16,20,9,17,20,3,19
"LMLN2",0,1,0,0,0,0,0,0,2,0
"CEBPE",0,1,0,0,0,0,0,0,0,0
"SLC7A8",2,14,13,23,18,3,1,5,1,3
"RNF212B",5,28,17,17,12,1,1,10,2,11
"HOMEZ",2,6,18,17,23,7,15,12,3,15
"PPP1R3E",13,44,80,69,76,9,8,43,5,96
"BCL2L2",0,6,8,7,6,3,1,5,0,4
"BCL2L2-PABPN1",2,32,10,41,34,7,4,13,3,18
"PABPN1",26,32,57,115,78,39,24,67,57,66
"SLC22A17",61,181,210,263,195,98,80,157,53,77
"EFS",12,23,21,28,26,4,10,14,13,24
"CMTM5",37,62,36,26,37,9,7,13,10,44
"MYH6",0,1,0,0,0,1,0,0,1,0
"MYH7",0,0,0,2,0,0,0,0,0,1
"NGDN",9,32,23,28,26,11,6,21,8,20
"ZFHX2",35,100,129,141,136,20,15,54,16,98
"AL135999.2",0,0,0,0,0,0,0,1,0,1
"THTPA",9,25,13,13,25,9,8,16,5,14
"AP1G2",9,13,51,57,61,18,6,26,17,25
"AL135999.1",3,7,13,4,11,4,1,4,6,8
"JPH4",8,28,67,73,105,12,12,12,4,10
"AL135999.3",0,0,0,1,0,0,0,0,0,0
"DHRS2",1,0,0,0,0,0,0,0,0,0
"LINC00596",0,2,0,0,2,0,0,0,0,2
"DHRS4-AS1",12,39,50,75,62,15,11,28,6,68
"DHRS4",1,13,11,12,13,7,5,5,2,16
"DHRS4L2",9,28,36,41,46,22,16,49,12,44
"CARMIL3",2,2,14,23,29,11,6,11,9,17
"CPNE6",12,32,26,107,51,49,22,93,36,36
"NRL",5,11,18,13,14,5,4,12,1,24
"PCK2",0,1,1,5,7,1,0,10,1,8
"DCAF11",0,1,6,3,7,2,4,4,0,6
"AL136295.3",1,1,5,3,3,2,0,2,1,3
"FITM1",1,1,2,2,1,2,0,4,0,3
"PSME1",5,21,20,35,26,18,19,30,9,10
"EMC9",5,22,11,12,20,6,6,10,2,5
"AL136295.2",0,0,1,1,0,1,0,2,1,2
"PSME2",0,6,9,11,7,19,4,32,7,8
"RNF31",0,0,1,0,0,0,0,0,0,0
"AL136295.5",0,4,0,2,5,0,0,2,1,1
"REC8",5,10,21,30,12,7,2,13,5,10
"IPO4",0,2,3,12,3,0,1,3,2,2
"AL136295.1",4,36,62,108,52,12,4,14,8,38
"AL136295.6",1,2,1,1,0,0,0,1,2,2
"CHMP4A",1,1,0,0,1,0,0,1,0,1
"MDP1",0,1,0,1,0,0,0,0,3,1
"NEDD8-MDP1",0,0,0,0,0,0,0,0,0,0
"NEDD8",0,0,0,1,1,1,0,0,1,0
"GMPR2",3,18,23,9,16,3,12,9,3,11
"TINF2",8,25,10,7,17,10,8,20,4,14
"TGM1",2,0,6,6,2,0,0,1,1,1
"RABGGTA",3,6,30,30,18,9,3,16,3,25
"DHRS1",6,30,33,47,41,14,15,15,2,26
"NOP9",0,0,0,0,0,0,0,0,0,0
"CIDEB",0,0,0,1,1,0,0,1,1,0
"LTB4R2",0,0,0,0,0,0,0,0,0,0
"LTB4R",0,2,1,5,1,0,0,1,1,2
"ADCY4",0,0,1,2,1,0,0,0,0,0
"NFATC4",28,45,98,191,79,33,45,43,40,62
"NYNRIN",1,0,1,8,7,10,4,9,3,5
"CBLN3",1,1,2,0,2,0,0,0,0,1
"KHNYN",5,11,7,22,16,5,9,18,11,20
"SDR39U1",11,44,57,80,54,41,17,56,20,51
"AL132800.1",0,0,0,0,1,0,0,0,0,0
"AL136018.1",1,7,1,5,9,1,0,3,2,3
"GZMH",3,0,0,0,0,0,0,0,0,0
"GZMB",2,0,0,0,1,0,0,0,0,0
"STXBP6",75,376,164,418,156,88,96,170,19,229
"LINC02306",6,20,35,24,30,3,6,6,2,5
"NOVA1",115,369,313,559,564,219,301,392,107,473
"LINC02588",2,12,9,17,14,2,2,5,1,13
"LINC02294",0,1,1,3,2,0,0,1,0,1
"LINC02293",0,0,1,1,1,0,0,0,0,0
"AL110292.1",1,12,2,14,9,3,6,3,1,8
"LINC00645",2,2,1,2,3,6,1,3,1,0
"AL139023.1",0,2,2,2,2,0,1,1,2,2
"LINC02300",0,0,2,1,2,0,1,1,0,0
"FOXG1-AS1",8,39,24,39,42,14,29,28,13,45
"FOXG1",43,171,120,248,243,73,97,86,53,120
"LINC01551",7,68,25,56,79,27,42,39,19,35
"LINC02282",0,1,0,3,5,2,2,2,1,3
"LINC02281",3,9,7,10,5,1,4,6,0,8
"AL049777.1",0,0,0,0,1,1,0,0,0,0
"LINC02327",0,2,3,5,5,2,2,2,0,12
"AL138974.1",1,0,1,0,0,0,0,1,0,1
"AL158058.1",7,37,3,11,11,2,6,3,1,4
"PRKD1",72,440,448,877,759,196,287,373,143,513
"AL356756.1",0,0,0,1,0,0,0,0,0,0
"AL133372.3",0,0,3,2,0,0,0,3,0,0
"AL133372.2",1,1,0,0,2,0,0,0,1,0
"G2E3-AS1",1,3,5,9,6,1,1,1,1,2
"G2E3",13,46,51,83,102,24,39,46,15,37
"SCFD1",27,170,152,233,202,69,73,111,44,167
"AL121852.1",1,0,0,1,4,0,0,0,1,3
"COCH",3,19,28,47,38,24,7,39,9,22
"AL049830.3",0,2,1,8,3,2,2,1,0,4
"STRN3",25,178,126,248,238,54,87,107,57,166
"AP4S1",9,41,30,53,40,14,11,17,8,25
"HECTD1",48,226,162,229,232,60,74,105,45,157
"AL136418.1",1,6,6,8,9,0,0,2,1,13
"HEATR5A",9,62,58,90,108,36,42,45,23,89
"AL139353.1",10,23,33,38,60,13,10,21,8,39
"AL139353.2",1,4,5,12,5,4,0,3,1,4
"GPR33",0,0,0,0,0,0,0,0,0,0
"NUBPL",26,127,136,197,261,65,75,121,44,168
"AL163973.2",0,1,0,1,0,0,0,1,0,1
"AL355112.1",0,0,0,0,0,0,0,0,0,0
"LINC02313",0,0,0,1,0,0,0,0,0,1
"AL352984.1",1,3,2,1,3,0,0,0,0,2
"ARHGAP5-AS1",9,16,18,6,28,16,13,26,5,28
"ARHGAP5",147,547,443,823,1034,357,405,776,233,656
"AKAP6",131,499,390,641,609,114,170,148,101,279
"AL136298.1",1,14,16,7,11,1,2,3,0,4
"NPAS3",1305,7444,4337,8921,10072,2785,3590,5786,1954,7990
"EGLN3",38,210,289,456,507,160,165,213,125,272
"EGLN3-AS1",0,1,9,2,3,0,1,0,1,6
"EAPP",17,72,54,71,73,29,20,32,6,63
"SNX6",27,87,84,131,111,49,23,50,34,64
"CFL2",22,63,43,57,40,17,19,16,11,31
"BAZ1A",8,45,66,125,111,27,34,73,17,54
"AL121603.2",0,1,1,1,3,0,3,2,0,1
"SRP54",25,121,63,111,85,38,24,47,29,87
"FAM177A1",30,85,73,107,93,35,24,49,29,55
"PPP2R3C",18,108,117,119,123,53,32,70,22,152
"AL121594.1",0,2,1,2,1,1,2,1,0,2
"PSMA6",0,0,0,0,0,0,0,0,1,0
"NFKBIA",7,108,86,155,119,70,68,54,38,152
"AL133163.3",0,0,0,0,0,0,0,0,0,0
"INSM2",1,0,1,0,0,0,0,0,0,1
"RALGAPA1",72,400,302,453,493,114,181,256,97,368
"AL162311.3",0,4,2,6,6,1,0,5,3,2
"BRMS1L",21,57,51,95,82,16,16,32,20,68
"AL133304.2",0,0,2,0,0,0,0,0,0,0
"LINC00609",115,194,198,139,316,62,99,126,79,317
"PTCSC3",1,5,9,3,8,2,5,9,0,9
"AL162511.1",12,20,24,23,40,2,8,11,4,41
"MBIP",8,49,34,67,48,18,21,41,11,41
"SFTA3",0,7,5,4,4,0,3,1,0,9
"NKX2-1",0,0,0,0,0,0,0,0,0,0
"NKX2-8",0,0,0,0,0,0,0,0,0,0
"SLC25A21",3,13,12,25,26,8,4,11,2,10
"AL162464.2",0,0,2,0,1,0,0,0,1,0
"AL162464.1",0,0,0,0,0,0,0,0,0,0
"SLC25A21-AS1",1,3,2,0,0,0,3,1,0,1
"MIPOL1",19,55,65,121,147,47,50,82,24,113
"AL121790.2",0,1,0,0,0,0,0,0,0,0
"AL121790.1",0,1,1,4,2,0,0,2,0,2
"TTC6",7,13,25,34,21,15,8,22,16,18
"LINC00517",1,0,0,0,0,0,0,0,0,0
"AL359233.1",0,0,2,1,0,0,0,0,0,0
"AL392023.2",5,24,9,39,23,3,9,6,3,7
"AL392023.1",0,0,0,0,0,0,0,0,0,0
"SSTR1",1,0,1,4,2,0,0,0,1,2
"CLEC14A",0,2,0,2,0,0,0,0,0,0
"AL161751.1",0,3,1,1,1,0,0,2,0,1
"LINC00639",21,55,50,113,89,19,15,17,15,27
"SEC23A",17,111,75,148,120,36,44,45,14,127
"GEMIN2",0,8,13,24,16,7,4,10,3,13
"TRAPPC6B",17,56,62,73,76,26,21,26,18,53
"PNN",13,99,100,138,123,35,43,44,17,149
"MIA2",15,93,66,167,119,37,43,67,23,102
"AL132639.2",0,2,1,2,0,0,0,0,0,2
"FBXO33",12,67,52,94,92,21,22,36,15,60
"AL049875.1",8,19,14,36,33,3,6,5,1,20
"AL352977.2",0,0,0,0,0,0,0,0,0,0
"LINC02315",0,0,0,0,0,1,0,0,0,0
"AL121821.1",1,5,1,2,5,2,1,2,0,4
"LRFN5",27,115,216,319,300,60,45,85,19,90
"AL450442.1",0,2,0,1,4,1,0,0,1,1
"LINC02307",1,9,6,15,8,1,2,2,2,5
"AL161752.1",0,0,0,0,0,0,0,0,0,0
"LINC02277",0,1,2,0,0,0,1,0,1,0
"FSCB",0,0,0,0,0,0,0,0,0,0
"AL356022.1",0,0,0,0,0,0,0,0,0,1
"LINC02302",0,1,0,0,1,1,0,0,0,0
"AL049870.2",0,1,3,1,6,1,1,3,0,3
"C14orf28",2,7,2,12,10,2,3,8,2,7
"AL049870.3",1,4,10,2,4,1,1,3,2,6
"KLHL28",20,116,95,112,136,36,34,63,19,99
"TOGARAM1",23,153,136,171,222,47,62,86,42,158
"AL121809.1",0,0,0,0,0,0,0,0,0,0
"PRPF39",15,30,39,63,58,24,21,29,13,58
"FKBP3",18,56,65,118,122,54,31,50,22,40
"FANCM",8,26,11,34,29,5,6,17,8,14
"MIS18BP1",4,21,28,34,27,7,9,21,10,26
"AL162632.3",0,0,0,0,0,0,0,0,0,0
"AL162632.1",0,0,0,0,1,0,0,1,1,0
"LINC00871",4,4,3,9,3,0,0,3,0,9
"MDGA2",24,195,300,492,463,37,21,39,36,97
"LINC00648",0,0,0,3,1,0,0,0,1,1
"AL358335.2",0,0,2,3,7,0,1,5,0,2
"AL110505.1",0,0,0,1,0,0,0,2,0,0
"RPS29",16,96,87,113,120,58,25,74,36,57
"LRR1",1,4,4,4,9,4,0,1,1,2
"RPL36AL",41,105,110,98,107,42,34,42,11,56
"MGAT2",3,11,3,4,8,5,5,15,0,7
"AL139099.1",0,0,0,1,1,0,0,0,0,2
"DNAAF2",3,12,20,11,16,10,3,16,1,22
"POLE2",3,20,98,104,36,15,16,27,6,38
"KLHDC1",18,106,78,183,140,38,30,58,18,107
"AL591767.1",0,10,9,10,8,0,2,1,0,7
"KLHDC2",25,102,162,125,162,103,80,107,29,126
"NEMF",50,210,140,238,248,105,90,185,59,177
"AL627171.2",1,12,9,20,20,19,11,38,7,11
"AL627171.1",1,24,7,6,11,5,13,12,1,28
"ARF6",4,27,15,12,16,7,7,6,3,9
"LINC01588",3,5,14,17,21,5,2,11,2,8
"VCPKMT",8,24,20,30,29,8,7,16,2,9
"SOS2",35,191,143,245,230,59,61,67,42,158
"L2HGDH",9,58,45,69,63,5,12,27,8,45
"ATP5S",11,46,46,45,51,8,4,22,7,50
"AL359397.2",0,1,4,9,10,2,0,3,0,11
"CDKL1",17,76,173,274,191,53,27,73,21,178
"MAP4K5",93,302,349,810,638,135,198,207,112,389
"AL118556.1",0,1,2,1,2,0,0,0,0,0
"ATL1",31,119,114,170,161,60,56,78,38,102
"SAV1",2,23,24,37,35,7,10,10,10,21
"NIN",37,208,167,269,261,67,64,111,50,231
"AL358334.1",0,4,2,1,2,2,1,4,0,3
"PYGL",0,9,10,19,16,6,6,20,4,10
"ABHD12B",1,4,8,11,10,1,4,3,0,5
"AL358334.3",1,0,0,1,0,1,0,0,0,0
"AL358334.2",0,0,0,1,3,0,0,0,0,0
"TRIM9",143,1224,704,1240,1056,185,261,421,153,880
"AL591770.1",0,0,0,0,1,0,0,0,0,0
"TMX1",10,54,52,79,93,39,33,56,20,80
"LINC00519",1,2,5,4,2,0,0,2,0,0
"LINC00640",1,2,9,18,14,5,1,3,0,5
"AL358332.1",0,8,4,11,2,0,1,4,2,6
"FRMD6-AS2",1,2,5,7,3,2,2,6,2,4
"FRMD6",6,26,42,79,57,25,10,26,8,53
"AL122125.1",0,0,3,1,1,0,1,0,0,1
"FRMD6-AS1",1,4,2,3,4,2,0,0,1,3
"AL079307.2",0,0,0,0,0,0,0,0,0,0
"GNG2",2,23,27,31,27,6,5,1,2,5
"AL358333.3",0,0,0,0,0,0,0,0,0,0
"RTRAF",12,42,36,37,31,18,8,21,3,21
"NID2",0,3,2,1,1,1,4,1,0,0
"LINC02319",0,1,0,1,1,0,1,0,0,0
"PTGDR",0,1,0,0,3,0,0,1,0,0
"PTGER2",0,0,1,0,0,0,0,0,0,0
"TXNDC16",17,80,62,103,90,16,30,38,12,40
"GPR137C",25,94,82,147,109,14,40,31,30,82
"ERO1A",7,30,32,71,41,15,20,19,10,41
"AL133453.1",1,13,7,13,10,2,6,4,2,11
"PSMC6",16,85,50,99,87,18,33,42,13,60
"STYX",2,21,18,30,29,4,8,9,5,21
"GNPNAT1",1,22,21,22,23,4,9,11,2,17
"AL139317.3",0,0,1,3,2,0,0,0,1,1
"AL139317.1",2,6,4,2,3,1,2,5,0,6
"FERMT2",36,411,176,303,279,86,116,154,54,209
"DDHD1",33,168,117,200,163,23,40,83,20,90
"AL356020.1",0,3,0,2,0,0,1,3,0,3
"LINC02331",0,0,1,2,0,0,0,1,0,1
"BMP4",0,0,0,0,2,0,1,0,0,0
"CDKN3",0,3,2,3,0,0,2,0,0,0
"CNIH1",13,57,31,57,63,33,26,50,7,44
"GMFB",4,26,28,47,39,12,16,23,9,22
"CGRRF1",14,65,40,73,73,35,33,49,24,55
"SAMD4A",52,1356,650,2125,979,205,373,347,132,798
"GCH1",2,6,4,4,5,1,1,1,0,3
"WDHD1",2,9,7,13,13,6,4,7,2,6
"SOCS4",1,30,24,64,44,11,19,25,6,27
"MAPK1IP1L",11,109,54,140,94,43,32,52,21,75
"LGALS3",10,62,32,25,36,61,46,51,23,42
"DLGAP5",0,1,0,2,0,0,0,2,0,0
"AL139316.1",0,0,2,2,0,0,0,0,0,1
"AL158801.2",0,0,0,0,0,0,0,1,0,0
"FBXO34",2,72,60,100,118,17,28,31,6,45
"AL158801.3",3,18,20,35,25,3,2,8,3,13
"ATG14",11,80,57,58,68,20,31,20,15,55
"TBPL2",1,1,2,2,2,0,1,1,0,0
"KTN1-AS1",5,26,30,28,29,5,13,12,5,30
"KTN1",80,292,275,494,401,161,113,253,79,287
"AL355773.1",0,1,5,15,5,4,0,2,0,7
"LINC00520",0,2,2,3,1,1,0,1,0,0
"AL138995.1",1,2,0,0,0,2,1,2,1,1
"PELI2",28,122,119,148,227,47,55,138,36,155
"AL355073.1",0,1,1,0,2,0,0,0,0,2
"AL355073.2",0,1,2,1,2,0,1,2,0,2
"LINC02284",2,7,3,7,14,3,3,7,4,5
"TMEM260",16,92,80,188,152,40,45,63,21,88
"AL161757.2",0,1,0,0,0,0,0,0,1,1
"AL161757.5",0,11,7,6,5,2,0,3,0,1
"AL161757.3",0,0,0,0,0,0,0,0,0,0
"OTX2-AS1",2,3,0,6,1,2,1,2,2,4
"AL161757.4",0,1,2,2,1,1,0,0,0,1
"AL391152.1",0,1,0,0,1,0,0,0,0,0
"EXOC5",15,110,77,177,134,34,33,65,20,89
"AP5M1",11,53,46,113,74,39,14,35,15,54
"NAA30",4,43,30,69,49,14,11,14,11,34
"CCDC198",1,0,2,0,1,0,1,1,0,1
"SLC35F4",6,9,24,25,16,2,6,6,2,19
"AL161804.1",0,0,0,0,0,0,0,0,0,0
"ARMH4",30,222,172,270,319,85,116,135,56,246
"ACTR10",17,121,72,96,121,40,41,66,27,101
"PSMA3",7,108,87,160,121,26,27,48,16,107
"ARID4A",38,157,159,255,318,135,101,197,71,191
"AL139021.2",0,6,16,18,16,4,1,5,1,6
"TOMM20L",0,0,0,1,0,0,0,0,0,0
"AL139021.1",2,40,26,30,36,7,6,15,5,57
"TIMM9",6,29,27,27,32,19,13,19,8,32
"KIAA0586",12,143,91,143,111,21,38,57,22,86
"DACT1",1,6,4,2,2,1,2,4,2,1
"LINC01500",0,0,2,3,1,0,1,2,1,3
"DAAM1",72,1116,422,853,857,274,287,476,183,721
"GPR135",7,19,45,90,57,9,15,50,12,59
"L3HYPDH",5,19,14,23,32,8,12,30,6,26
"JKAMP",9,39,40,59,73,35,30,51,15,53
"CCDC175",1,7,13,7,15,2,3,5,2,8
"RTN1",83,241,242,332,319,70,69,73,32,69
"LRRC9",3,12,17,12,20,4,7,8,3,11
"AL157911.1",15,20,23,41,47,10,11,18,6,40
"PCNX4",22,126,108,269,218,64,52,87,40,114
"DHRS7",11,42,34,27,38,47,24,40,13,30
"AL157756.1",0,1,4,3,4,0,0,2,3,0
"PPM1A",22,105,65,123,120,36,44,52,25,62
"C14orf39",2,3,3,2,3,1,1,4,0,4
"AL049874.3",0,0,0,0,0,0,0,0,0,1
"SIX1",0,0,0,1,0,0,0,0,0,0
"SIX4",1,3,2,5,2,2,1,3,1,4
"MNAT1",37,254,211,329,309,88,112,174,44,245
"TRMT5",4,7,10,10,7,9,7,4,2,10
"SLC38A6",11,58,72,119,99,31,36,45,18,59
"PRKCH",2,5,12,7,20,3,2,2,0,3
"TMEM30B",0,0,0,1,0,0,0,0,1,0
"AL359220.1",0,1,0,0,1,0,0,0,0,0
"AL355916.3",0,0,0,0,0,0,0,0,0,0
"LINC01303",1,3,0,0,0,0,2,0,0,0
"HIF1A-AS1",0,9,2,15,7,4,3,11,3,7
"HIF1A",27,355,157,404,185,63,94,95,35,211
"HIF1A-AS2",2,102,55,106,39,10,23,29,3,73
"SNAPC1",6,21,19,19,28,17,3,9,4,19
"SYT16",10,53,88,87,57,4,5,5,8,20
"AL390816.1",0,0,1,0,0,0,0,0,0,0
"AL390816.2",1,4,0,2,4,0,0,0,0,1
"KCNH5",8,29,59,67,56,11,10,9,2,20
"AL137191.1",0,0,0,0,0,0,0,0,0,0
"RHOJ",40,231,145,558,304,60,112,116,41,202
"GPHB5",0,0,1,1,1,0,0,0,0,0
"PPP2R5E",29,156,135,267,234,46,42,101,27,127
"AL136038.3",0,1,0,0,2,0,1,3,1,1
"WDR89",0,26,14,25,23,4,5,10,4,10
"AL136038.2",0,0,0,0,0,0,0,0,0,0
"AL136038.5",0,2,1,1,0,0,0,0,0,1
"SGPP1",10,55,64,95,99,25,27,32,16,62
"SYNE2",3,14,17,44,39,16,14,35,11,18
"ESR2",8,32,36,28,40,13,12,25,16,27
"AL161756.3",0,1,1,0,0,0,0,0,1,1
"MTHFD1",15,35,35,40,44,7,5,18,9,43
"AL122035.1",4,35,35,67,59,6,9,14,5,45
"ZBTB25",5,47,44,76,56,19,18,26,9,48
"AKAP5",0,3,10,11,7,3,2,3,2,2
"ZBTB1",16,67,97,194,139,49,40,70,22,96
"AL049869.3",6,19,76,141,90,21,8,25,2,43
"HSPA2",19,100,83,109,112,67,49,39,38,72
"PPP1R36",0,5,9,16,5,0,2,4,0,6
"AL049869.2",2,7,5,13,8,2,0,0,1,5
"PLEKHG3",15,29,61,124,67,10,9,19,9,51
"SPTB",2,10,21,13,15,0,2,4,1,10
"CHURC1",1,14,7,9,6,0,1,3,0,1
"CHURC1-FNTB",5,42,47,45,42,6,7,18,3,40
"GPX2",0,0,5,5,2,0,0,0,0,0
"RAB15",7,18,33,53,32,8,9,12,5,8
"FNTB",6,14,18,32,19,10,6,12,5,12
"AL139022.2",0,2,0,0,0,0,0,0,0,0
"MAX",28,161,214,301,185,46,49,88,29,171
"AL139022.1",3,76,91,55,88,10,5,15,2,56
"LINC02324",0,0,1,2,2,1,0,3,0,2
"AL355076.2",1,6,9,5,10,0,2,2,7,4
"FUT8",145,369,375,774,809,237,215,367,145,476
"FUT8-AS1",0,4,0,1,3,1,0,0,0,1
"AL391261.2",3,2,5,2,2,0,1,0,1,6
"AL359232.1",8,51,40,40,45,5,10,20,12,27
"CCDC196",0,7,8,8,5,0,2,2,1,2
"GPHN",231,1359,967,1557,1506,393,528,828,288,1335
"AL049835.1",0,0,0,0,0,0,0,0,0,2
"FAM71D",3,2,1,8,6,3,1,2,2,9
"MPP5",17,108,77,138,126,32,43,40,20,81
"ATP6V1D",26,113,78,78,79,28,24,48,10,49
"EIF2S1",9,48,36,54,48,14,12,21,10,32
"PLEK2",0,0,0,0,0,0,0,0,1,0
"TMEM229B",5,12,13,23,12,3,0,3,2,4
"PLEKHH1",45,105,86,156,110,16,35,40,23,55
"PIGH",6,51,34,25,38,12,10,19,7,21
"ARG2",11,73,60,88,68,12,11,27,1,55
"VTI1B",6,30,22,33,26,11,15,12,3,13
"AL049779.1",0,0,0,2,1,1,0,0,2,1
"RDH11",3,15,15,19,22,4,2,13,4,23
"RDH12",0,1,1,1,1,0,0,2,1,0
"ZFYVE26",4,35,22,40,51,11,12,23,10,29
"RAD51B",70,234,334,506,605,123,148,294,99,399
"AL133370.1",0,0,2,0,0,0,0,0,0,0
"AL121820.2",0,11,10,23,38,24,13,27,14,12
"ZFP36L1",45,153,137,435,274,219,169,313,213,183
"ACTN1",9,42,61,123,81,21,33,29,10,49
"ACTN1-AS1",0,0,0,1,1,0,0,0,0,0
"DCAF5",34,200,151,308,296,75,95,127,37,207
"AL391262.1",0,1,1,1,1,0,1,0,0,3
"AL359317.2",3,18,33,20,26,2,11,14,4,36
"EXD2",7,38,32,76,58,17,14,24,12,33
"AL359317.1",1,17,18,28,12,4,3,5,0,8
"GALNT16",11,53,45,54,42,3,8,9,4,10
"ERH",20,74,48,60,42,35,23,54,7,32
"SLC39A9",22,77,42,90,96,22,23,49,12,46
"PLEKHD1",1,2,4,10,2,2,0,3,0,3
"CCDC177",0,2,0,1,1,0,0,0,0,0
"SUSD6",11,57,31,55,45,13,11,15,13,43
"SRSF5",109,385,472,345,514,186,240,334,111,860
"SLC10A1",1,14,12,21,14,4,2,11,1,17
"SMOC1",3,25,32,70,30,7,10,13,13,22
"SLC8A3",1,13,23,22,22,4,1,4,2,1
"AL160191.1",1,2,2,2,1,0,0,1,0,0
"AL356804.1",0,0,0,0,0,1,0,1,0,1
"COX16",1,1,1,6,2,0,1,2,3,2
"SYNJ2BP-COX16",1,8,1,9,8,3,1,2,0,5
"AL357153.2",21,130,85,137,159,10,25,45,5,112
"ADAM21",0,0,2,0,1,0,0,0,1,1
"MED6",15,95,46,63,58,15,14,24,6,60
"AL357153.3",0,0,0,1,0,0,0,0,0,0
"TTC9",2,4,5,8,10,3,3,8,2,2
"MAP3K9",5,14,26,41,34,8,8,4,5,13
"AC004816.1",1,5,7,6,10,0,1,1,1,6
"AC004816.2",0,0,0,0,0,0,0,0,0,0
"AC004825.2",1,2,1,0,0,0,1,0,0,2
"PCNX1",47,212,210,334,310,81,121,131,42,199
"AC004817.3",0,1,0,0,0,0,0,0,0,0
"AC004817.1",0,0,0,0,2,0,0,0,0,1
"AC004817.4",0,1,0,0,1,0,0,0,0,0
"AC005476.2",2,5,11,13,9,1,1,5,2,8
"SIPA1L1",84,809,516,1065,828,180,269,434,134,539
"AC005993.1",0,1,0,1,0,0,0,0,0,0
"RGS6",98,522,278,421,327,64,71,157,100,99
"AC004828.1",0,4,3,4,0,0,0,0,0,1
"DPF3",50,190,145,255,241,48,55,108,52,319
"DCAF4",0,7,9,9,4,2,1,6,4,7
"ZFYVE1",10,27,31,61,60,10,12,14,10,32
"AL442663.3",0,0,2,1,1,0,0,0,0,1
"RBM25",55,314,225,427,401,92,104,152,65,179
"PSEN1",50,170,128,237,197,52,65,72,24,94
"PAPLN",37,161,114,163,157,42,87,65,62,193
"AC004846.1",0,0,0,0,0,0,0,0,0,0
"AC004846.2",1,6,3,3,2,0,0,2,0,8
"NUMB",70,456,367,851,573,134,171,194,62,485
"AC005280.2",0,5,1,3,5,0,0,9,0,6
"HEATR4",9,44,104,118,85,19,17,22,17,106
"RIOX1",0,6,3,9,2,2,3,4,0,3
"AC005225.3",2,21,11,29,36,6,4,12,3,36
"ACOT1",0,0,16,6,7,1,3,3,3,8
"ACOT2",2,10,20,22,12,4,4,5,4,8
"ACOT4",1,4,1,1,1,1,1,3,1,1
"ACOT6",2,10,21,24,13,4,4,5,0,24
"AC005225.2",4,16,34,34,31,5,6,12,3,44
"DNAL1",8,34,29,60,43,7,12,25,4,23
"AC006146.1",2,0,2,0,2,0,0,0,0,0
"PNMA1",5,38,27,37,37,20,23,49,9,28
"ELMSAN1",12,47,48,69,59,21,25,36,15,59
"AC005520.2",4,15,2,3,4,0,1,3,1,8
"LINC02274",0,0,0,0,0,0,0,0,0,0
"AC005520.5",0,1,0,0,0,1,0,0,0,0
"ZNF410",0,0,0,0,0,0,0,0,0,0
"AC005480.1",7,93,110,127,120,21,25,45,14,97
"FAM161B",2,9,5,5,10,2,0,2,0,13
"COQ6",4,20,6,21,18,5,8,11,4,8
"ENTPD5",5,26,20,25,33,7,11,7,2,23
"BBOF1",11,61,32,79,72,33,25,41,20,54
"ALDH6A1",9,65,41,50,50,32,29,38,14,60
"LIN52",29,160,93,148,176,35,46,63,32,150
"VSX2",0,1,1,2,0,0,0,1,0,2
"ABCD4",20,139,94,138,134,47,46,69,24,139
"VRTN",1,1,2,6,4,1,0,5,0,1
"SYNDIG1L",0,1,5,4,1,0,0,0,0,2
"AC005479.2",1,0,0,0,0,0,0,0,0,0
"NPC2",26,77,97,92,126,61,52,57,22,82
"ISCA2",6,18,14,14,17,9,10,11,2,17
"LTBP2",1,3,0,13,1,2,0,1,0,3
"AC013451.1",0,1,0,0,0,0,0,0,0,2
"AREL1",11,54,34,81,79,14,30,33,14,41
"FCF1",8,41,36,39,41,9,11,21,6,36
"YLPM1",35,150,147,257,273,73,80,73,46,167
"PROX2",0,3,3,1,3,1,0,0,0,4
"DLST",12,43,40,58,43,23,13,28,11,43
"RPS6KL1",10,27,48,49,31,8,12,34,3,44
"PGF",0,2,3,2,4,0,1,2,1,2
"EIF2B2",4,19,26,14,14,12,4,15,1,20
"AL049780.1",0,13,4,6,17,0,2,2,2,3
"MLH3",27,121,130,183,169,43,52,90,27,123
"ACYP1",12,43,40,96,58,19,27,39,18,55
"ZC2HC1C",4,31,31,39,34,3,8,17,0,20
"NEK9",29,116,99,131,156,38,43,70,23,123
"AL049780.2",0,10,1,4,7,1,3,3,1,10
"TMED10",39,217,180,331,237,117,81,148,61,139
"AL691403.2",0,1,0,0,0,0,1,0,0,0
"AL691403.1",1,3,2,5,9,2,0,5,0,5
"AF111167.1",0,3,1,1,0,0,0,0,0,0
"FOS",12,66,12,131,22,25,21,32,4,12
"LINC01220",0,2,1,1,1,0,0,0,0,1
"AF111167.2",0,1,0,1,2,1,1,1,2,2
"JDP2",8,30,38,60,53,23,17,30,15,37
"BATF",0,0,3,0,1,0,0,1,0,1
"AC007182.1",0,0,0,0,0,0,0,0,0,0
"FLVCR2",0,0,4,7,3,2,0,1,0,0
"TTLL5",35,190,145,258,212,51,57,116,29,130
"ERG28",9,43,39,41,40,13,14,22,9,29
"AF107885.2",2,20,20,33,22,2,3,5,1,10
"IFT43",24,159,124,177,153,41,44,66,16,143
"TGFB3",5,17,7,14,14,5,2,4,1,12
"AC016526.4",0,0,0,0,0,0,0,0,0,0
"GPATCH2L",33,163,116,202,209,45,54,116,37,128
"AC016526.1",0,0,1,1,0,0,0,0,0,3
"ESRRB",2,7,4,11,4,2,0,2,0,4
"AC008050.1",9,14,31,25,40,4,5,13,3,29
"AC007376.2",4,10,22,32,34,8,8,23,15,18
"VASH1",6,14,27,47,26,9,4,5,4,14
"AF111169.3",0,0,2,1,0,0,0,0,0,0
"VASH1-AS1",4,15,18,47,21,14,9,16,9,14
"ANGEL1",15,32,51,102,91,25,24,22,10,39
"LRRC74A",0,2,0,1,0,0,1,2,0,0
"LINC01629",0,1,0,1,0,0,0,0,0,0
"IRF2BPL",4,37,22,54,45,25,26,30,14,31
"AC007686.3",1,1,2,5,3,2,0,4,1,1
"LINC02288",0,2,1,1,2,0,0,0,1,2
"AC007686.2",1,10,9,3,3,2,0,3,0,2
"CIPC",0,1,0,1,0,0,0,0,0,0
"TMEM63C",2,5,7,19,17,2,3,4,4,3
"ZDHHC22",3,13,18,17,18,4,3,9,3,2
"NGB",1,3,8,5,5,2,1,4,0,1
"POMT2",14,42,31,65,55,19,21,31,11,49
"GSTZ1",3,16,11,14,10,1,0,5,2,5
"TMED8",21,128,85,133,144,32,33,57,28,84
"SAMD15",2,5,3,4,8,3,2,7,3,6
"NOXRED1",3,15,16,31,17,5,4,5,5,11
"VIPAS39",6,42,31,43,40,13,8,9,9,25
"AHSA1",13,40,41,67,58,36,24,53,5,44
"ISM2",0,0,0,5,1,0,1,1,0,2
"SPTLC2",28,96,68,138,152,24,34,44,14,77
"ALKBH1",13,37,31,42,36,9,11,22,4,26
"SLIRP",31,117,101,203,139,58,32,79,22,95
"SNW1",14,74,53,98,91,10,20,43,13,50
"C14orf178",2,2,0,7,5,2,3,6,0,11
"ADCK1",3,21,30,67,42,7,9,16,7,25
"NRXN3",216,799,1047,1606,1190,112,104,125,74,284
"AC009396.3",0,0,0,0,0,0,0,0,0,0
"AC026888.1",0,0,0,0,0,0,0,0,1,0
"AC022469.2",0,0,0,0,1,0,0,0,0,0
"AC008056.2",5,6,12,2,4,0,0,1,0,11
"AC008056.1",8,18,19,17,13,5,5,1,0,13
"AF123462.1",3,26,22,16,23,5,6,11,7,31
"DIO2",11,136,71,121,89,9,20,30,5,95
"DIO2-AS1",5,19,8,17,12,4,2,10,4,8
"CEP128",19,61,69,99,142,21,32,55,29,53
"TSHR",2,25,22,33,60,16,7,33,2,63
"AC007262.2",19,42,38,96,179,32,45,117,24,140
"GTF2A1",7,79,53,75,54,19,23,35,14,40
"AL136040.1",3,1,1,2,0,1,0,0,0,3
"STON2",86,456,242,535,585,156,141,227,117,488
"SEL1L",10,64,48,118,79,32,22,44,17,62
"LINC01467",0,0,1,1,0,0,0,0,1,0
"AL355838.1",0,2,3,4,3,0,1,1,0,1
"LINC02301",0,6,3,1,3,1,1,2,2,2
"AL162872.1",0,0,0,0,0,0,0,0,0,0
"AL357172.1",0,1,0,1,0,0,0,0,1,1
"AL049775.2",1,5,2,2,3,0,0,1,0,0
"LINC00911",0,0,0,0,1,0,0,0,0,0
"AL049775.1",0,3,1,3,1,0,0,1,0,1
"AL049775.3",0,0,0,0,0,0,0,0,0,0
"FLRT2",114,527,453,976,1193,539,490,759,387,738
"LINC02328",19,76,49,68,101,42,39,68,27,73
"LINC02316",0,11,9,11,2,2,5,8,0,8
"LINC02309",0,0,0,0,0,1,0,1,0,1
"AL358292.1",0,0,0,0,0,0,0,1,0,0
"AL157688.1",0,0,0,0,0,0,0,0,0,0
"LINC02296",3,23,35,17,12,0,1,3,0,4
"LINC02330",1,0,0,0,0,0,0,0,0,0
"AL359237.1",0,0,2,1,2,0,0,1,0,4
"AL136501.1",0,0,2,0,0,0,0,0,0,0
"GALC",13,47,46,98,79,31,24,46,14,74
"GPR65",0,0,0,1,4,0,0,0,0,0
"AL157955.1",0,0,0,0,0,0,0,0,0,0
"AL157955.2",0,0,0,1,0,1,0,0,0,1
"LINC01146",0,1,0,1,0,0,0,2,0,0
"AL133279.1",0,0,0,0,0,0,0,0,0,0
"KCNK10",2,22,19,30,16,1,2,1,0,5
"SPATA7",13,75,83,122,85,22,30,56,17,76
"PTPN21",6,33,40,57,41,12,9,24,7,36
"AL162171.2",2,5,8,8,9,1,2,1,0,3
"ZC3H14",26,101,140,246,237,63,60,106,48,151
"EML5",7,87,78,108,115,20,28,45,21,73
"AL121768.1",0,1,1,1,0,1,0,1,0,3
"TTC8",14,61,56,78,75,15,25,40,17,54
"AL137785.1",0,0,0,2,0,1,0,0,0,0
"FOXN3",84,310,360,545,623,112,125,251,85,511
"AL357093.2",1,4,3,1,3,0,0,0,0,3
"AL356805.1",4,22,26,23,24,4,8,13,0,35
"FOXN3-AS1",0,0,1,0,0,0,0,0,0,0
"AL137230.1",0,1,0,1,4,0,0,0,0,0
"EFCAB11",19,62,69,105,117,14,24,29,10,92
"TDP1",3,20,13,18,29,8,2,5,0,10
"KCNK13",1,10,7,19,5,1,0,1,0,5
"PSMC1",6,127,89,96,57,18,15,36,9,41
"NRDE2",21,97,88,110,121,17,17,35,11,49
"AL512791.2",1,0,0,0,0,0,0,0,0,1
"CALM1",121,550,492,977,535,252,127,387,136,225
"AL512791.1",0,1,3,2,4,1,0,1,0,0
"LINC02317",0,0,0,0,0,0,1,0,0,0
"LINC00642",0,0,1,1,0,0,0,0,0,0
"TTC7B",34,199,132,311,232,41,46,82,45,154
"AL096869.2",0,1,1,4,0,0,0,0,0,2
"LINC02321",0,0,0,2,1,0,0,0,0,0
"RPS6KA5",54,310,206,374,387,121,151,142,77,269
"DGLUCY",41,143,136,211,184,62,70,74,36,206
"GPR68",0,4,1,3,2,0,0,2,0,0
"AL135818.2",0,0,0,0,0,0,0,0,0,0
"CCDC88C",12,31,32,46,49,9,11,22,9,30
"PPP4R3A",26,85,59,113,132,39,45,53,17,80
"CATSPERB",0,7,8,3,9,2,2,2,1,11
"TC2N",0,5,10,5,3,1,1,1,1,2
"FBLN5",0,4,16,5,4,1,0,1,0,3
"TRIP11",28,147,113,228,220,71,56,116,39,165
"ATXN3",19,89,95,108,138,22,32,30,19,104
"NDUFB1",21,91,88,110,94,49,20,64,21,61
"CPSF2",12,58,50,85,82,22,23,28,9,68
"AL133240.1",0,2,1,2,2,1,1,0,0,1
"SLC24A4",3,38,52,45,33,12,23,19,8,69
"RIN3",7,19,35,39,31,7,9,13,7,21
"LGMN",6,27,37,43,37,4,15,21,8,24
"GOLGA5",6,32,16,35,41,5,16,14,4,26
"LINC02287",0,0,0,0,0,0,0,0,0,0
"CHGA",16,49,76,109,54,13,9,11,3,7
"ITPK1",21,159,159,251,157,49,49,51,37,126
"ITPK1-AS1",1,8,9,7,4,0,1,1,0,6
"MOAP1",15,41,34,45,25,12,7,12,7,14
"AL110118.2",1,7,11,21,15,1,3,13,2,11
"GON7",1,8,7,12,10,2,7,5,1,12
"UBR7",0,20,11,30,25,9,4,13,5,12
"BTBD7",44,184,172,327,352,72,90,102,48,210
"UNC79",57,273,227,312,419,34,38,78,28,185
"PRIMA1",2,13,13,26,24,8,5,5,2,8
"FAM181A-AS1",1,3,5,6,9,4,1,2,6,7
"FAM181A",2,34,32,34,37,25,10,43,8,26
"ASB2",1,3,2,0,0,0,0,3,0,2
"OTUB2",0,1,3,3,3,2,2,2,0,4
"DDX24",50,398,294,251,204,37,50,68,22,85
"IFI27L1",10,43,50,31,33,19,25,27,8,46
"IFI27",1,5,8,13,18,4,3,1,1,17
"IFI27L2",27,59,99,121,112,45,55,61,19,79
"PPP4R4",19,92,111,192,135,43,63,81,36,134
"SERPINA10",0,0,0,1,0,0,1,0,0,0
"SERPINA1",0,0,0,1,1,0,0,0,0,0
"AL132708.1",0,0,0,0,0,0,0,0,0,0
"SERPINA12",0,0,1,1,0,0,0,0,0,0
"SERPINA5",0,0,0,0,0,0,0,0,0,0
"AL049839.2",0,1,0,1,2,2,0,1,0,1
"DICER1",61,251,191,454,356,83,84,143,62,193
"DICER1-AS1",23,39,65,84,72,15,16,23,10,74
"CLMN",41,164,212,341,235,39,58,65,38,129
"SYNE3",8,13,8,11,19,10,8,10,5,7
"AL133467.1",0,0,1,0,0,0,0,0,0,0
"SNHG10",1,15,15,14,21,11,5,19,4,4
"GLRX5",5,23,15,28,21,9,10,11,3,13
"LINC02318",0,1,0,2,0,0,0,0,0,0
"AL133467.2",0,0,0,0,0,0,0,0,0,0
"TCL1B",0,1,1,2,1,0,0,0,0,0
"TCL1A",0,0,0,1,5,0,0,0,0,0
"AL139020.1",0,0,0,0,0,0,1,0,0,0
"TUNAR",0,1,7,7,0,0,1,0,0,0
"C14orf132",6,47,55,56,65,15,16,30,13,30
"AL355102.2",0,0,0,0,0,0,0,0,0,0
"BDKRB1",0,1,0,0,0,0,0,0,0,0
"AL355102.4",0,1,1,0,0,0,1,0,0,0
"ATG2B",12,88,75,103,114,37,46,59,23,67
"GSKIP",12,28,42,27,38,16,15,15,8,30
"AK7",1,4,7,6,6,0,1,5,2,3
"AL163051.1",0,4,3,0,6,0,1,1,1,2
"PAPOLA",15,93,86,177,162,85,69,116,41,146
"AL137786.1",0,1,1,1,1,0,0,0,0,0
"LINC02299",0,0,1,1,0,0,0,0,0,1
"VRK1",9,14,23,26,33,10,6,9,9,9
"LINC02304",0,0,0,0,0,0,0,0,0,0
"LINC02325",0,0,1,2,0,1,0,0,0,0
"LINC02291",0,0,0,0,0,0,0,2,0,0
"LINC01550",11,33,40,48,80,26,27,41,18,65
"AL163932.1",0,0,0,0,1,0,0,1,0,2
"C14orf177",0,0,0,0,1,0,0,0,0,0
"AL132796.2",0,0,0,0,0,0,0,0,0,0
"BCL11B",6,5,9,34,21,1,1,4,1,1
"AL109767.1",0,0,0,0,0,0,0,0,0,0
"SETD3",7,66,57,86,81,23,35,33,19,68
"CCNK",6,49,38,40,52,23,13,28,12,43
"CCDC85C",7,18,32,66,53,12,10,29,6,30
"AL160313.1",3,14,11,11,13,5,8,8,5,15
"HHIPL1",10,23,30,72,60,26,24,35,14,34
"CYP46A1",43,95,111,156,179,57,41,100,40,138
"AL160313.2",0,0,1,0,0,0,0,0,0,0
"EML1",8,46,24,37,62,10,16,21,14,42
"EVL",58,132,137,198,190,31,40,75,32,84
"AL133368.2",0,0,1,1,2,1,0,0,0,0
"AL157912.1",0,5,10,12,3,0,0,0,0,3
"DEGS2",3,7,5,9,5,1,1,1,0,4
"AL133523.1",4,10,17,15,10,8,4,5,3,8
"YY1",17,93,96,143,134,42,32,57,25,61
"SLC25A29",93,149,307,611,220,73,48,135,57,169
"AL157871.1",0,4,3,2,1,0,0,1,0,3
"WARS",4,43,27,37,30,10,3,13,7,14
"AL157871.4",2,22,8,16,8,5,0,1,1,4
"WDR25",7,52,25,55,50,11,15,29,6,31
"BEGAIN",4,14,23,22,32,11,11,28,12,17
"DLK1",0,0,0,0,0,0,0,0,0,0
"MEG3",3,21,25,14,12,1,1,6,0,7
"AL117190.2",6,4,16,12,19,1,1,2,0,5
"AL117190.1",0,4,0,2,3,2,0,0,0,1
"MEG8",5,25,61,74,67,1,0,3,2,13
"MEG9",1,1,0,4,5,0,0,0,0,1
"AL132709.1",0,0,0,0,0,0,0,0,0,0
"AL359682.1",1,1,0,0,1,0,1,1,0,0
"LINC02314",0,0,0,0,0,0,0,0,0,0
"AL049836.2",0,0,0,0,2,0,0,0,0,0
"DIO3OS",0,4,0,1,1,0,3,0,0,1
"DIO3",0,0,1,1,0,0,0,0,0,0
"AL049836.1",0,0,1,1,1,0,1,1,0,1
"LINC02320",2,8,5,5,5,1,0,2,1,3
"PPP2R5C",33,177,128,280,227,41,50,89,45,147
"AL137779.2",1,9,6,6,16,0,1,3,0,14
"AL137779.1",0,5,6,4,2,0,0,2,0,3
"AL118558.3",0,1,1,3,4,0,1,0,0,5
"AL118558.4",0,0,0,4,1,0,0,0,0,2
"DYNC1H1",69,242,202,322,267,72,73,108,46,138
"HSP90AA1",124,647,493,690,824,514,286,1152,131,301
"WDR20",27,131,99,208,179,41,37,53,29,109
"MOK",28,109,98,160,130,33,42,60,26,112
"ZNF839",4,11,18,38,24,10,11,19,11,14
"CINP",14,53,31,25,36,16,12,20,13,37
"TECPR2",57,168,171,294,220,43,57,73,32,148
"ANKRD9",11,44,83,75,65,16,12,45,12,60
"LINC02323",0,0,2,2,0,0,0,0,1,0
"RCOR1",9,81,49,95,87,10,28,17,11,79
"AL132801.1",0,0,1,0,0,0,0,0,0,0
"TRAF3",23,170,100,148,137,31,49,54,15,80
"AMN",1,1,0,0,0,0,0,0,0,0
"CDC42BPB",24,95,97,114,105,41,22,47,23,86
"AL117209.1",2,18,14,18,19,6,8,9,0,24
"LBHD2",0,0,2,0,0,0,1,0,0,0
"TNFAIP2",3,3,9,5,8,1,1,8,3,4
"AL161669.3",1,2,0,0,0,0,0,0,0,1
"AL138976.2",0,1,4,2,0,0,0,2,0,0
"EIF5",35,117,108,191,157,79,36,124,36,102
"MARK3",105,495,382,515,602,116,141,218,84,428
"CKB",226,1405,1075,1678,1210,622,466,830,365,786
"AL133367.1",0,0,4,4,4,0,0,0,0,5
"TRMT61A",2,11,15,19,13,5,0,6,5,7
"AL139300.2",0,0,5,4,5,0,1,0,0,5
"BAG5",2,35,26,68,30,7,10,15,4,16
"KLC1",63,191,242,375,233,103,69,121,60,121
"AL049840.1",4,25,27,8,32,3,4,8,0,21
"AL049840.2",0,0,0,0,0,0,0,0,0,1
"XRCC3",4,5,11,8,7,1,2,9,2,13
"ZFYVE21",38,138,127,99,152,73,74,112,30,208
"PPP1R13B",29,112,103,150,107,35,33,45,19,103
"LINC00637",1,2,3,1,1,1,1,0,0,1
"AL132712.1",0,3,3,3,2,1,1,1,0,8
"AL132712.2",0,0,0,1,0,0,0,0,0,0
"ATP5MPL",90,191,190,183,150,70,54,101,23,97
"TDRD9",0,4,9,6,10,1,2,7,0,6
"ASPG",0,0,0,1,0,0,0,1,0,0
"KIF26A",0,1,0,0,0,0,0,0,0,0
"AL590079.1",1,5,4,2,5,5,1,1,1,3
"TMEM179",1,25,13,18,10,5,2,5,1,7
"LINC02280",0,0,0,0,0,0,0,0,0,0
"AL583722.1",0,0,1,0,0,1,0,0,0,0
"INF2",17,45,38,92,67,20,20,38,28,20
"ADSSL1",1,4,5,1,5,1,1,2,0,1
"SIVA1",13,35,31,37,42,15,10,22,9,23
"AKT1",11,37,20,37,31,29,19,21,13,20
"AL583722.2",0,1,0,1,0,0,0,0,0,0
"ZBTB42",0,0,3,2,0,0,0,1,0,0
"LINC00638",0,2,0,3,2,1,1,1,0,1
"AL583810.2",0,1,0,1,3,1,0,0,1,0
"AL583810.1",0,0,1,1,1,0,0,0,0,1
"CEP170B",7,21,19,40,26,6,6,14,3,10
"PLD4",0,0,0,0,1,0,0,0,0,0
"AHNAK2",4,10,18,15,17,6,5,8,6,16
"CLBA1",3,6,8,12,11,1,3,8,6,3
"CDCA4",1,2,0,1,3,0,1,3,1,2
"GPR132",0,0,1,1,0,0,0,0,0,1
"LINC02298",2,0,1,3,0,0,0,0,0,0
"JAG2",3,8,11,13,7,2,2,1,0,3
"NUDT14",3,19,16,23,9,7,3,9,9,8
"BRF1",13,46,75,106,53,23,18,34,16,40
"BTBD6",4,11,10,12,15,10,6,19,8,9
"PACS2",26,100,127,193,151,53,39,72,29,91
"TEX22",8,11,13,22,22,16,7,23,2,41
"AL928654.1",1,1,7,8,5,3,2,6,0,7
"MTA1",10,41,48,85,64,28,29,46,21,55
"AL928654.2",0,0,0,0,0,0,0,1,0,0
"CRIP2",19,63,65,86,68,60,29,79,17,32
"TEDC1",1,8,9,9,6,3,1,1,1,0
"TMEM121",1,10,7,5,8,4,7,9,2,6
"IGHG4",0,6,1,3,1,0,1,3,0,3
"IGHG2",0,3,1,2,1,2,0,1,0,1
"IGHGP",0,1,0,0,0,0,0,0,0,0
"IGHA1",0,0,2,0,8,0,1,0,0,1
"IGHG1",0,7,2,8,5,6,6,13,0,5
"IGHG3",0,2,1,2,1,1,1,2,1,0
"IGHD",0,0,0,0,3,0,0,0,0,0
"IGHM",0,0,0,0,131,1,0,0,0,2
"LINC00221",0,0,0,0,0,0,0,0,1,0
"AC087386.1",2,6,14,32,32,19,9,22,15,9
"AC026495.1",0,0,1,2,0,0,0,0,0,0
"AC023310.4",0,0,0,0,0,0,0,0,0,0
"AC012414.5",1,7,11,9,13,2,1,9,1,12
"AC012414.3",0,0,3,0,0,0,0,0,0,0
"LINC01193",0,0,0,2,1,0,0,0,0,1
"AC068446.2",0,0,9,5,5,4,3,5,0,3
"AC060814.5",0,0,0,0,0,0,0,0,0,0
"AC060814.3",0,1,0,0,0,0,0,1,0,1
"LINC02203",0,0,0,0,1,2,0,0,0,0
"AC134980.2",0,0,0,0,0,0,0,0,0,0
"AC134980.3",0,0,0,0,0,0,0,0,0,0
"NIPA1",10,48,44,90,79,16,13,27,8,28
"NIPA2",6,24,20,36,25,13,10,10,8,16
"CYFIP1",11,56,51,101,76,22,19,36,12,57
"TUBGCP5",7,42,39,44,51,13,9,13,11,33
"GOLGA8S",0,0,1,0,0,0,0,0,0,0
"GOLGA6L2",0,0,0,0,0,0,0,0,0,0
"MKRN3",33,143,88,192,183,54,52,57,34,118
"MAGEL2",0,0,0,0,1,0,0,0,0,0
"NDN",6,46,32,48,30,11,13,13,6,22
"AC021439.1",1,1,5,2,1,0,0,0,0,1
"PWRN4",1,1,3,1,0,2,0,0,0,1
"PWRN2",1,0,0,0,0,0,0,0,0,0
"AC087463.1",0,0,1,0,0,1,0,0,0,0
"AC087463.4",1,2,2,5,5,1,0,1,0,4
"AC087463.3",0,3,1,1,0,0,0,0,0,0
"PWRN3",0,0,0,1,0,0,3,0,0,2
"PWRN1",3,14,15,24,12,3,10,5,5,10
"NPAP1",0,2,0,0,1,0,0,0,0,0
"SNRPN",9,64,79,94,82,12,14,19,5,32
"AC124312.1",56,268,283,504,390,66,98,130,38,262
"AC124312.2",0,1,0,1,1,0,0,0,0,1
"PWAR6",28,124,181,269,201,40,43,58,23,109
"AC124312.3",0,1,0,2,0,1,0,0,0,0
"UBE3A",53,333,191,314,294,93,114,150,50,294
"LINC02250",4,22,36,28,20,2,2,2,2,28
"ATP10A",0,4,5,6,4,1,1,2,2,4
"AC016266.1",0,0,1,0,0,0,0,0,0,0
"LINC02346",0,1,6,11,2,2,1,2,0,2
"LINC00929",0,0,0,1,1,0,0,3,0,0
"LINC02248",0,1,1,0,0,0,1,1,0,0
"GABRB3",21,136,189,243,215,21,29,43,20,80
"GABRA5",5,13,21,33,26,2,3,3,0,2
"GABRG3",20,61,108,157,154,12,4,7,6,37
"GABRG3-AS1",0,0,0,0,0,0,0,0,0,0
"AC104002.3",0,3,2,2,1,0,0,1,0,0
"AC021979.2",0,0,0,1,0,0,0,0,0,0
"OCA2",0,8,15,15,18,0,1,2,0,2
"HERC2",54,299,246,373,375,100,66,181,73,180
"GOLGA8M",1,11,3,8,14,1,4,3,4,8
"GOLGA6L7",1,2,11,7,2,0,4,3,0,2
"APBA2",54,207,209,491,179,37,41,63,17,155
"AC127522.1",0,0,1,0,0,0,0,0,0,1
"FAM189A1",10,52,55,92,56,11,7,14,8,32
"AC102941.1",0,0,0,0,0,0,0,0,0,0
"AC022613.1",2,2,3,4,2,0,1,2,0,4
"TJP1",189,817,715,1359,1171,241,314,401,186,777
"AC022613.2",0,4,6,9,3,1,0,1,1,3
"AC111152.2",0,0,2,4,1,0,0,0,0,0
"GOLGA8J",0,0,1,0,0,0,0,0,0,0
"GOLGA8T",0,0,0,0,4,0,0,1,0,0
"LINC02249",0,0,0,0,0,0,2,0,0,0
"CHRFAM7A",3,27,15,15,11,5,4,6,0,23
"AC026150.1",0,0,1,0,0,0,0,1,0,0
"GOLGA8H",0,2,0,2,1,1,0,1,0,0
"AC026150.3",0,1,1,0,1,0,0,0,0,0
"AC091057.3",1,1,2,5,4,2,1,1,1,2
"AC091057.2",1,3,5,7,4,0,1,0,1,4
"AC091057.6",0,1,6,6,4,1,2,2,3,3
"FAN1",13,51,66,84,81,42,27,56,16,49
"MTMR10",25,163,118,289,190,59,59,85,36,140
"TRPM1",0,3,3,4,12,0,1,5,1,4
"AC009562.1",1,0,0,0,0,0,1,0,0,0
"LINC02352",4,6,7,9,11,5,1,4,1,5
"AC012236.1",0,0,0,0,0,0,0,1,0,0
"KLF13",8,44,28,57,41,6,10,6,5,22
"OTUD7A",84,523,388,693,606,155,196,263,116,446
"CHRNA7",2,10,16,18,27,8,4,15,2,26
"GOLGA8K",0,0,0,0,1,0,0,0,0,0
"LINC02256",71,385,286,285,404,67,114,100,55,414
"AC123768.3",7,34,28,22,30,4,3,9,1,37
"GOLGA8N",1,5,3,28,15,5,5,2,9,5
"AC123768.2",0,0,0,0,0,0,0,0,0,0
"ARHGAP11A",0,0,2,2,2,0,0,0,0,1
"SCG5",70,94,96,95,53,19,12,13,6,21
"AC123768.1",0,0,0,0,0,0,0,0,0,0
"AC090877.2",0,1,0,0,0,0,0,1,0,0
"GREM1",8,16,14,29,30,0,2,4,3,10
"FMN1",16,69,105,195,127,17,13,24,2,30
"AC055874.1",1,29,11,12,26,8,6,16,5,30
"RYR3",376,3341,1364,2493,2930,724,993,1662,493,2374
"AC010809.3",0,1,3,1,1,0,3,3,2,3
"AC010809.2",0,2,5,5,7,4,1,2,1,3
"AC010809.1",1,6,6,11,13,3,5,7,1,10
"AVEN",8,44,83,100,80,16,15,18,4,55
"CHRM5",17,13,132,250,66,23,32,14,10,49
"EMC7",13,73,75,51,57,36,29,29,15,53
"PGBD4",1,3,13,5,15,3,8,3,2,17
"KATNBL1",49,175,174,192,177,59,72,114,29,329
"EMC4",11,33,37,29,24,15,20,24,3,27
"SLC12A6",18,65,76,127,121,48,56,54,24,89
"AC079203.2",1,0,0,0,0,0,0,0,0,0
"NOP10",8,27,23,36,42,16,18,44,8,20
"NUTM1",0,3,1,4,1,3,0,1,0,3
"LPCAT4",3,13,42,52,40,10,13,18,5,20
"GOLGA8A",10,61,102,213,144,37,29,35,21,53
"GOLGA8B",30,99,187,178,96,22,37,27,8,76
"LINC02252",1,0,0,0,0,0,0,1,0,1
"GJD2",1,1,1,2,0,0,0,0,0,0
"AC087457.1",0,1,1,1,2,0,0,1,1,1
"ACTC1",0,0,0,0,2,0,1,0,2,0
"AQR",21,104,83,187,179,55,42,85,27,119
"ZNF770",7,51,51,125,90,31,38,66,26,58
"AC114546.1",1,3,10,5,3,1,0,0,0,3
"AC021231.1",21,120,108,147,179,13,21,8,15,105
"DPH6",66,244,213,395,412,64,94,99,77,246
"DPH6-DT",37,116,175,364,431,129,156,210,92,470
"AC021351.1",1,8,10,16,20,11,9,13,2,35
"AC040918.1",0,1,1,0,0,0,0,0,1,0
"AC087516.1",0,0,0,0,0,0,0,0,0,0
"AC087516.2",1,0,1,2,0,0,0,0,0,1
"C15orf41",19,61,58,114,147,21,36,57,19,73
"AC013640.1",5,5,15,9,18,6,9,5,1,19
"MEIS2",171,1121,669,1290,1186,375,473,700,200,970
"AC078909.1",2,14,8,15,24,4,6,11,4,11
"AC078909.2",0,1,5,6,8,7,3,5,2,6
"AC068875.1",3,4,5,7,3,3,6,4,1,9
"TMCO5A",0,0,2,0,1,0,0,0,0,0
"LINC02345",0,6,8,4,9,1,1,2,0,10
"LINC01852",0,0,0,1,1,0,0,0,0,1
"AC087473.1",3,6,5,14,3,1,0,2,1,7
"SPRED1",32,276,171,437,369,102,127,192,50,313
"FAM98B",7,50,35,64,56,11,12,29,15,36
"RASGRP1",12,48,59,79,47,10,15,14,4,27
"AC116158.1",0,0,0,0,0,0,0,0,0,0
"AC116158.2",0,1,0,0,0,0,0,0,0,0
"C15orf53",1,9,8,6,5,2,0,3,0,8
"AC022929.2",0,1,0,0,0,0,0,0,0,0
"AC013652.1",4,30,46,55,36,9,16,8,6,40
"AC109630.1",0,1,0,1,0,0,0,0,0,0
"AC022196.1",1,0,1,2,1,0,0,0,0,0
"THBS1",0,0,0,2,1,0,0,0,0,0
"FSIP1",4,27,29,36,41,14,14,9,8,31
"AC023908.3",0,4,4,5,1,1,3,1,1,3
"GPR176",2,15,18,39,27,9,18,8,4,14
"AC012377.1",1,0,0,0,0,0,0,0,0,1
"EIF2AK4",17,77,77,111,113,48,57,67,25,92
"SRP14",75,361,270,223,242,244,187,217,55,176
"SRP14-AS1",2,31,33,16,57,25,19,26,11,50
"AC021755.2",0,1,2,0,1,0,0,0,0,7
"AC021755.3",0,0,0,0,2,0,1,0,0,0
"BMF",0,0,1,1,2,0,0,1,0,2
"BUB1B",0,0,2,2,4,6,0,3,0,0
"BUB1B-PAK6",0,0,0,2,3,0,0,0,0,0
"PAK6",1,4,8,7,6,1,1,2,1,1
"PLCB2",0,1,3,7,6,0,0,0,0,1
"INAFM2",0,5,4,7,11,4,3,11,1,2
"CCDC9B",6,4,15,36,10,6,2,11,4,10
"DISP2",4,13,7,34,15,9,4,1,4,14
"KNSTRN",3,5,2,4,8,5,3,2,0,3
"IVD",15,66,39,68,58,19,24,33,11,45
"BAHD1",3,25,19,49,35,5,9,17,8,15
"CHST14",2,2,1,3,10,3,2,7,1,5
"AC091045.1",2,12,12,13,21,3,2,4,1,13
"CCDC32",4,33,34,45,55,7,10,15,5,25
"RPUSD2",5,15,10,6,10,2,3,4,3,9
"KNL1",0,5,3,7,5,2,1,4,0,9
"RMDN3",22,77,72,79,60,19,18,50,5,37
"GCHFR",1,0,10,10,8,8,3,10,4,4
"DNAJC17",11,52,53,45,64,17,10,23,9,83
"C15orf62",0,0,1,0,1,0,0,0,0,0
"ZFYVE19",7,11,37,56,44,10,11,23,16,21
"PPP1R14D",0,0,1,1,0,0,0,0,0,1
"SPINT1-AS1",0,0,0,0,0,0,0,0,0,0
"SPINT1",1,1,1,2,0,0,0,0,0,1
"RHOV",1,3,0,2,0,0,0,1,0,0
"AC025166.1",0,0,0,0,0,0,0,0,0,0
"VPS18",1,20,9,32,21,8,3,10,5,7
"AC020661.1",0,2,0,0,0,0,0,1,0,0
"DLL4",0,0,0,0,0,0,0,0,0,0
"CHAC1",0,3,0,1,2,0,1,0,1,1
"INO80",15,98,101,167,146,26,40,76,16,106
"AC020661.3",4,44,59,63,44,9,10,21,2,51
"AC020661.2",3,13,10,4,14,2,5,10,0,30
"INO80-AS1",1,12,9,12,11,2,7,4,1,20
"EXD1",0,4,6,7,2,0,7,8,0,2
"CHP1",11,68,47,70,60,13,14,24,9,46
"OIP5",3,15,15,16,11,3,2,0,0,7
"NUSAP1",2,7,3,8,2,1,0,2,0,1
"NDUFAF1",3,28,18,28,35,11,11,12,7,23
"RTF1",25,195,150,214,152,14,19,53,17,74
"ITPKA",3,19,17,32,20,9,8,10,7,9
"LTK",0,2,1,1,0,1,0,1,0,1
"RPAP1",6,24,23,30,34,10,14,15,6,29
"TYRO3",20,87,103,156,106,63,56,55,44,78
"AC016134.1",0,0,1,1,1,1,1,0,0,0
"MGA",31,147,113,211,211,32,56,67,27,163
"AC073657.1",0,0,1,0,0,0,0,0,0,0
"MAPKBP1",14,68,132,277,200,32,36,67,25,77
"AC020659.2",0,1,0,1,0,0,1,0,0,0
"JMJD7-PLA2G4B",0,0,1,0,0,5,0,0,2,1
"SPTBN5",3,7,2,0,12,3,3,9,0,6
"EHD4",0,5,2,13,14,2,5,3,2,9
"EHD4-AS1",0,0,0,0,0,1,0,0,0,1
"PLA2G4E-AS1",0,0,0,1,2,0,2,0,1,1
"PLA2G4E",0,0,1,1,0,1,1,0,0,0
"PLA2G4D",0,0,0,0,1,0,0,0,0,0
"VPS39",23,66,51,110,80,16,25,37,33,71
"AC036103.1",0,1,2,2,1,0,0,1,0,2
"TMEM87A",41,224,142,274,225,76,81,123,51,148
"GANC",19,79,101,162,142,41,40,84,24,128
"AC012651.1",0,0,0,0,0,0,0,0,0,0
"CAPN3",0,0,0,0,0,0,0,0,0,0
"ZNF106",20,97,88,110,130,34,36,61,26,111
"SNAP23",10,95,77,133,135,52,54,101,30,181
"AC018362.1",0,1,2,0,1,0,0,2,0,3
"LRRC57",4,16,17,24,15,14,13,29,11,24
"HAUS2",5,23,18,22,28,8,11,7,8,14
"AC018362.2",0,1,0,1,1,0,1,0,0,2
"STARD9",11,41,45,58,52,11,14,16,8,34
"CDAN1",3,10,14,29,23,7,5,11,8,11
"AC090510.3",0,0,0,0,0,0,0,0,0,0
"AC090510.2",1,0,1,1,0,0,0,1,0,0
"TTBK2",45,208,199,334,329,67,77,135,35,235
"AC090510.1",0,2,0,0,2,2,1,0,0,3
"UBR1",38,246,188,275,250,52,81,114,40,208
"AC068724.3",13,74,49,87,66,35,15,48,31,57
"TMEM62",6,43,38,70,58,18,24,30,9,35
"CCNDBP1",11,30,29,30,47,10,15,23,6,58
"EPB42",0,0,0,0,0,0,0,0,0,0
"TGM5",0,0,0,0,2,2,0,1,0,0
"TGM7",1,0,0,0,2,0,0,0,0,0
"LCMT2",1,9,6,12,5,3,2,5,3,7
"ADAL",11,80,81,101,107,21,28,42,14,104
"ZSCAN29",2,12,12,19,28,5,6,16,5,11
"TUBGCP4",7,40,36,38,51,13,12,26,3,49
"TP53BP1",33,102,96,166,148,42,49,66,26,137
"MAP1A",25,134,144,126,147,23,21,66,9,54
"PPIP5K1",10,36,46,46,51,12,17,25,5,39
"CKMT1B",3,7,28,19,15,6,4,2,4,3
"STRC",0,1,5,5,3,1,0,0,0,2
"AC011330.3",4,19,19,19,31,3,1,9,3,17
"CATSPER2",20,73,123,118,155,23,39,42,28,94
"CKMT1A",1,8,7,12,3,1,1,2,2,3
"PDIA3",27,100,80,125,113,44,36,71,17,72
"AC018512.1",1,5,6,11,4,4,1,3,1,7
"SERF2",61,211,198,340,208,113,81,165,62,123
"SERINC4",0,0,1,1,0,0,0,0,0,0
"HYPK",1,0,0,1,0,0,0,2,0,1
"MFAP1",3,35,18,22,29,5,4,12,1,19
"WDR76",3,4,4,7,11,1,3,5,2,5
"FRMD5",230,675,700,1388,974,155,191,214,158,647
"CASC4",45,250,230,435,385,102,127,145,68,309
"AC090519.2",0,2,1,1,1,0,0,0,0,0
"AC025043.1",13,96,111,141,112,11,21,33,7,130
"CTDSPL2",22,129,102,156,135,28,32,56,13,97
"AC025430.1",0,0,0,0,1,0,0,0,0,2
"EIF3J-DT",8,40,47,53,74,30,27,31,8,79
"EIF3J",14,105,90,121,102,30,23,33,10,53
"SPG11",33,172,156,245,238,60,56,98,25,209
"PATL2",1,4,7,5,14,1,2,9,3,15
"B2M",67,233,281,149,371,177,100,118,33,224
"TRIM69",7,41,40,46,73,20,20,47,8,72
"TERB2",0,0,0,0,1,0,0,0,0,0
"SORD",3,10,11,14,13,5,4,7,4,16
"AC091117.2",0,0,2,0,0,0,0,0,0,0
"DUOX2",0,0,0,1,1,0,0,0,0,0
"DUOXA1",0,0,1,1,0,0,0,0,1,0
"DUOX1",10,31,120,139,78,9,15,30,1,48
"SHF",2,13,17,22,14,2,0,4,2,4
"AC051619.4",2,9,4,7,5,1,2,2,0,2
"AC051619.5",2,8,11,6,3,2,0,2,2,23
"SLC28A2",0,4,8,5,7,0,2,1,0,10
"GATM",24,121,72,158,165,106,70,159,54,128
"AC025580.3",0,8,14,4,23,6,7,12,1,24
"SPATA5L1",1,13,17,16,32,5,5,16,7,17
"C15orf48",0,1,0,0,0,2,0,1,0,1
"AC025580.1",0,1,0,0,0,0,0,0,0,0
"AC025580.2",2,6,20,17,18,9,4,12,0,16
"SLC30A4",8,25,25,32,44,8,8,13,7,33
"AC090527.1",1,3,0,1,3,0,0,0,0,1
"AC090527.3",0,0,1,0,0,1,2,3,1,6
"BLOC1S6",0,0,0,0,0,0,0,0,0,0
"AC090527.2",0,1,1,2,7,0,0,2,0,4
"SQOR",1,0,4,1,10,5,3,14,4,3
"AC068722.1",0,6,2,7,12,3,1,2,3,3
"AC073941.1",31,46,60,20,160,12,86,20,75,221
"SEMA6D",39,167,136,187,206,45,57,70,19,120
"AC023905.1",2,1,1,1,5,1,1,0,0,1
"AC012050.1",0,0,0,1,0,0,0,0,0,0
"LINC01491",0,2,0,0,0,0,0,0,0,0
"AC092078.2",0,1,0,0,0,0,1,0,0,1
"SLC24A5",2,3,6,6,3,0,0,3,0,2
"MYEF2",29,194,145,202,190,43,46,89,40,120
"SLC12A1",1,12,7,9,7,0,1,2,0,7
"AC066612.1",0,0,0,2,0,0,0,0,0,1
"AC066612.2",1,0,0,0,0,0,0,0,0,0
"AC023355.1",1,8,7,3,6,2,0,1,2,6
"DUT",19,62,68,104,116,39,30,77,23,97
"FBN1",26,67,86,136,94,24,37,20,28,64
"AC084757.3",1,0,1,1,2,0,0,1,0,4
"CEP152",3,19,20,48,61,26,22,47,24,42
"SHC4",13,44,49,61,73,45,38,40,17,53
"EID1",41,146,119,160,137,72,42,72,28,82
"SECISBP2L",52,207,162,249,265,74,83,109,51,161
"AC013452.2",0,0,1,1,0,0,0,0,0,0
"COPS2",12,58,32,68,47,25,29,39,10,38
"GALK2",27,76,96,185,154,52,38,57,27,86
"FAM227B",19,66,107,176,142,43,30,58,33,106
"FGF7",0,3,5,7,3,2,3,4,3,4
"DTWD1",15,54,49,90,105,27,29,39,21,54
"ATP8B4",5,8,10,21,11,1,3,0,0,8
"AC025040.1",0,0,0,0,0,0,0,0,0,2
"SLC27A2",0,5,1,1,6,1,2,4,3,3
"HDC",0,1,1,2,0,0,0,0,0,0
"GABPB1",11,72,48,72,88,13,21,39,13,73
"GABPB1-AS1",33,149,245,203,196,30,29,52,19,309
"AC022087.1",0,1,3,0,3,0,0,0,0,4
"USP8",24,91,100,238,188,34,39,63,28,104
"AC012170.3",0,0,0,1,1,0,0,0,0,0
"USP50",0,2,3,7,1,1,2,1,0,5
"TRPM7",25,117,114,215,212,63,70,118,37,174
"AC084756.1",0,1,1,2,0,1,0,0,0,4
"SPPL2A",18,177,74,182,161,47,48,70,31,123
"AC012100.2",0,0,0,0,0,0,0,0,0,0
"AC021752.1",9,44,28,50,47,17,13,33,6,65
"AP4E1",12,45,55,78,51,21,14,39,11,39
"MIR4713HG",4,13,12,10,7,3,6,9,2,11
"TNFAIP8L3",4,13,6,19,16,2,11,6,5,8
"CYP19A1",0,1,1,0,0,0,0,1,0,2
"GLDN",50,84,75,75,73,5,10,4,8,29
"AC066613.2",5,15,7,25,10,4,4,9,7,12
"DMXL2",20,79,92,188,152,31,42,60,25,105
"SCG3",52,372,187,146,253,107,108,174,75,111
"AC020892.1",0,3,1,2,3,0,0,1,1,0
"AC020892.2",4,20,6,9,16,3,5,8,4,6
"LYSMD2",8,33,21,31,37,11,13,28,8,35
"TMOD2",50,160,178,294,265,87,78,150,39,206
"TMOD3",16,79,70,114,113,29,27,78,31,99
"AC090971.2",1,8,5,9,10,1,2,3,0,7
"AC090971.1",0,0,0,0,0,0,0,0,0,0
"LEO1",7,27,19,21,20,7,10,12,5,18
"MAPK6",22,103,105,164,146,36,57,62,30,91
"AC090970.2",2,0,0,2,1,0,0,0,1,1
"AC023906.5",1,1,1,2,2,2,0,1,0,4
"AC023906.2",0,0,0,0,0,0,0,0,0,0
"BCL2L10",0,0,0,0,0,0,0,0,0,0
"GNB5",12,65,48,43,49,11,19,25,14,48
"AC023906.3",1,3,6,4,4,0,0,2,0,1
"AC023906.4",0,8,2,2,5,0,0,0,1,2
"CERNA1",0,5,3,5,2,1,1,0,0,10
"MYO5C",4,16,19,16,26,7,4,12,5,22
"MYO5A",47,188,200,385,334,61,95,109,47,172
"ARPP19",75,196,155,224,158,38,39,75,15,60
"AC025917.1",2,9,9,13,11,3,1,3,0,11
"FAM214A",13,116,76,178,206,92,141,113,66,167
"ONECUT1",0,1,0,0,0,4,1,0,0,0
"AC016044.1",0,0,0,0,0,0,0,0,0,0
"WDR72",1,0,1,2,1,0,0,0,0,0
"AC084759.2",1,0,1,0,0,0,0,1,0,0
"UNC13C",5,27,36,61,50,9,3,9,2,9
"AC025272.1",0,2,2,1,0,0,0,0,1,1
"RSL24D1",5,37,22,40,37,22,10,42,6,25
"RAB27A",7,43,18,59,38,11,11,26,6,33
"PIGBOS1",1,1,0,0,0,0,0,0,0,0
"PIGB",12,40,39,41,41,10,11,15,2,36
"CCPG1",40,190,165,236,197,69,59,105,40,101
"C15orf65",1,8,8,20,20,16,4,15,5,14
"DNAAF4",7,36,48,88,82,14,27,54,21,35
"PYGO1",1,48,38,53,48,27,25,45,17,40
"PRTG",7,30,16,27,21,5,21,17,3,14
"NEDD4",8,53,88,67,78,20,27,32,15,62
"RFX7",45,203,198,369,338,104,134,150,71,203
"TEX9",24,67,70,68,81,31,47,62,19,82
"AC084782.1",0,2,1,3,0,1,0,0,0,2
"AC084782.2",0,1,1,0,0,0,0,0,0,0
"MNS1",3,21,17,19,22,9,11,12,6,15
"AC084782.3",0,1,1,0,2,0,0,1,1,0
"AC090518.1",0,7,13,31,35,15,8,29,8,27
"ZNF280D",63,235,147,315,228,64,94,147,48,261
"AC090517.4",18,69,84,119,118,23,37,40,19,87
"AC010999.2",1,0,1,1,2,1,0,1,0,1
"TCF12",179,655,545,1185,945,186,269,351,137,644
"LINC00926",2,2,7,8,8,3,0,1,2,3
"CGNL1",38,121,91,212,153,45,66,75,35,122
"GCOM1",0,0,1,0,0,0,0,0,0,0
"POLR2M",9,17,21,40,15,11,3,11,7,11
"ALDH1A2",2,11,19,15,13,3,2,4,3,6
"AQP9",0,0,0,0,1,0,0,1,1,0
"LIPC",1,2,8,9,5,1,1,1,0,2
"AC018904.1",0,0,0,0,1,0,1,0,0,1
"ADAM10",35,153,150,305,239,87,117,111,48,178
"AC090515.2",1,0,2,0,2,0,0,2,2,1
"MINDY2",33,118,115,146,157,34,39,62,18,123
"AC090515.4",0,6,3,3,2,2,0,1,1,0
"RNF111",30,152,178,283,234,54,55,69,27,176
"SLTM",57,198,198,250,262,51,50,96,32,191
"CCNB2",0,5,1,1,3,1,1,1,0,1
"AC092757.3",0,2,0,0,1,0,0,0,0,0
"MYO1E",50,161,93,205,175,36,42,49,34,71
"FAM81A",9,44,64,64,62,9,3,19,4,18
"GCNT3",0,1,1,0,2,1,0,0,0,1
"GTF2A2",17,47,39,61,70,38,19,46,11,50
"BNIP2",8,46,36,67,58,23,20,32,13,48
"FOXB1",0,1,1,2,2,2,2,3,3,0
"AC009654.1",0,1,1,0,5,0,0,0,0,0
"ANXA2",0,8,0,6,5,2,3,2,2,2
"ICE2",23,84,59,105,117,43,48,69,19,79
"RORA-AS1",21,251,210,289,231,22,49,43,11,286
"RORA",752,4376,4822,9823,8467,1746,2418,2535,1298,7296
"RORA-AS2",0,0,0,0,0,0,0,0,0,3
"AC012404.1",42,452,509,609,593,86,172,183,27,909
"AC012404.2",0,2,3,9,5,1,0,0,1,3
"AC107905.1",0,0,0,1,0,0,0,0,0,0
"AC104574.2",2,61,101,148,140,24,21,12,24,150
"AC104574.1",1,0,2,1,2,0,1,1,1,2
"AC018618.1",1,19,9,14,12,3,1,8,0,15
"AC009554.1",4,45,37,64,42,7,5,11,1,20
"VPS13C",62,225,256,518,451,162,141,242,94,274
"AC104590.1",0,0,1,0,1,2,0,1,0,0
"C2CD4A",0,2,0,1,0,0,0,0,1,0
"C2CD4B",0,0,0,0,0,0,0,0,0,0
"AC126323.2",0,0,0,1,0,0,0,0,0,0
"AC032011.1",1,2,4,3,0,2,2,1,2,0
"TLN2",36,187,193,374,330,77,73,138,35,276
"AC100839.1",0,3,4,8,6,1,3,6,0,9
"AC100839.2",0,0,0,0,0,0,0,0,0,0
"AC103740.1",0,2,1,0,1,0,0,0,0,4
"TPM1",17,78,65,80,98,39,23,74,15,41
"TPM1-AS",0,0,0,1,0,0,1,0,0,0
"AC087612.1",0,3,4,6,1,6,0,3,2,1
"LACTB",3,23,27,31,33,10,13,12,4,26
"RPS27L",16,72,64,108,109,104,39,134,37,77
"RAB8B",18,57,48,106,86,19,24,30,11,65
"APH1B",9,53,50,72,50,7,15,18,10,38
"CA12",2,34,28,25,17,7,5,8,1,33
"LINC02568",1,2,8,7,5,1,1,1,0,4
"AC007950.1",0,2,0,0,1,0,0,0,0,1
"AC007950.2",0,0,2,2,4,0,2,3,2,2
"USP3",19,197,94,211,174,48,88,73,45,143
"USP3-AS1",11,86,59,89,80,11,16,14,2,66
"FBXL22",2,5,10,5,7,3,4,0,0,2
"HERC1",56,310,283,410,392,93,108,138,66,257
"AC073167.1",7,32,35,17,39,6,6,10,0,30
"DAPK2",15,36,29,26,48,10,8,13,7,26
"AC015914.1",1,4,3,2,2,0,0,0,0,1
"FAM96A",3,18,18,20,32,7,6,16,6,27
"SNX1",20,134,72,178,133,37,44,64,28,96
"SNX22",1,6,0,12,8,0,3,4,2,1
"PPIB",20,59,69,56,125,68,49,51,17,61
"CSNK1G1",7,19,16,29,39,3,8,7,5,7
"AC087632.1",0,0,2,0,0,0,0,0,0,0
"PCLAF",0,0,0,0,1,0,1,2,0,0
"TRIP4",11,46,38,86,58,14,20,28,11,58
"ZNF609",109,346,269,419,492,103,116,168,92,272
"OAZ2",21,112,76,102,80,32,22,48,17,45
"AC100830.3",0,1,1,0,0,0,0,0,0,0
"AC100830.1",1,8,5,9,2,1,0,3,0,1
"RBPMS2",1,4,3,6,2,2,0,2,4,1
"PIF1",3,7,8,27,3,3,2,2,0,9
"AC069368.1",16,140,96,150,84,8,8,29,10,77
"ANKDD1A",66,344,283,432,364,44,50,62,41,309
"AC103691.1",2,1,0,1,0,0,0,0,0,0
"SPG21",12,38,55,82,43,26,9,27,14,34
"MTFMT",11,58,31,51,49,11,20,19,6,34
"SLC51B",0,3,1,5,1,1,1,1,1,2
"AC013553.3",0,0,0,1,1,0,0,0,0,0
"RASL12",3,16,10,19,2,5,13,1,2,11
"AC013553.4",0,0,2,0,2,0,0,1,0,0
"UBAP1L",11,48,57,123,81,10,14,26,14,31
"PDCD7",12,40,46,52,56,18,13,36,11,42
"CLPX",5,32,35,59,46,12,24,34,8,40
"CILP",1,0,0,0,1,0,0,0,0,2
"PARP16",6,25,37,37,33,5,12,10,3,41
"IGDCC3",9,42,52,92,80,12,10,30,3,73
"IGDCC4",9,42,51,38,80,26,21,31,9,74
"DPP8",25,164,152,310,187,55,44,65,26,142
"HACD3",48,257,211,295,282,144,102,147,71,182
"INTS14",9,34,14,26,39,9,16,23,3,28
"SLC24A1",2,9,4,8,8,1,0,0,0,4
"AC011939.3",0,1,0,0,0,0,0,0,0,0
"DENND4A",57,716,322,721,560,138,240,248,110,338
"RAB11A",52,720,401,770,533,118,187,225,46,365
"MEGF11",5,55,27,21,24,3,3,2,2,19
"AC055855.2",0,4,7,9,15,3,3,4,2,15
"DIS3L",7,65,42,75,55,19,18,23,8,47
"AC055855.1",1,8,7,6,3,0,3,2,0,4
"TIPIN",5,31,38,46,48,10,7,19,7,38
"MAP2K1",43,126,165,143,141,55,48,74,16,154
"AC116913.1",0,1,3,4,4,1,2,5,0,1
"SNAPC5",11,30,23,17,27,4,4,10,4,21
"RPL4",21,93,88,69,102,36,35,52,10,47
"ZWILCH",3,6,5,6,6,3,3,2,1,7
"LCTL",1,0,2,6,8,5,0,5,4,9
"LINC01169",0,3,0,2,2,2,0,4,0,1
"SMAD6",2,20,12,22,12,6,12,10,2,9
"AC110048.2",0,0,0,0,0,0,0,2,0,0
"AC093334.1",1,3,7,8,4,2,2,2,0,3
"LINC02206",0,1,10,13,5,0,1,0,0,5
"AC087482.1",8,64,28,39,33,1,7,27,9,26
"SMAD3",13,124,58,111,77,30,29,41,10,83
"AC012568.1",0,0,0,2,1,0,0,1,0,1
"AAGAB",14,86,50,99,71,22,18,41,11,56
"IQCH",8,72,57,49,85,16,20,64,17,87
"IQCH-AS1",8,31,40,51,48,16,18,21,12,52
"C15orf61",6,7,10,24,13,16,8,11,1,17
"AC016355.1",1,0,0,0,1,0,2,0,0,1
"MAP2K5",79,276,256,388,328,67,86,135,54,262
"SKOR1",3,3,3,4,0,2,2,1,0,1
"PIAS1",57,449,253,530,473,134,190,232,107,372
"AC107871.1",1,3,2,2,1,1,0,1,0,2
"CLN6",1,0,1,5,3,0,3,2,2,7
"AC107871.2",1,11,1,1,6,3,1,3,2,7
"FEM1B",9,54,41,83,60,24,21,38,12,29
"ITGA11",1,1,0,6,2,2,0,1,0,5
"CORO2B",36,150,118,229,200,24,38,71,24,103
"ANP32A",6,63,60,122,110,21,26,43,25,50
"SPESP1",10,38,20,72,61,16,22,21,14,48
"NOX5",3,1,2,8,4,0,2,1,0,3
"EWSAT1",0,0,1,2,0,3,0,0,0,3
"AC027088.2",0,0,0,0,0,0,0,0,0,0
"GLCE",20,36,42,55,56,21,18,13,9,20
"AC026992.2",0,0,0,0,0,0,0,0,0,1
"AC026992.1",0,1,0,0,1,0,0,0,2,2
"PAQR5",2,3,1,2,3,0,1,3,2,2
"AC027237.3",0,3,0,3,2,0,0,0,0,2
"KIF23",0,1,1,0,4,0,1,3,0,3
"RPLP1",59,130,123,162,236,113,61,142,54,71
"AC027237.2",1,2,5,4,6,0,0,3,1,5
"DRAIC",13,36,26,34,67,11,16,25,10,64
"TLE3",10,52,22,55,42,31,21,31,20,21
"LINC02204",0,1,0,3,1,2,0,0,1,2
"UACA",21,51,39,56,45,13,31,29,10,36
"AC009269.2",0,1,2,4,1,0,0,0,1,2
"LARP6",21,78,44,113,49,24,18,20,7,20
"LRRC49",34,103,78,103,113,33,53,71,22,75
"THAP10",0,3,8,7,2,3,4,3,0,2
"THSD4",6,50,17,25,32,17,6,18,8,24
"THSD4-AS1",18,74,65,99,101,52,31,117,22,46
"NR2E3",0,0,3,3,0,0,0,0,0,2
"AC104938.1",0,0,1,1,0,0,0,1,0,0
"MYO9A",72,573,323,578,538,167,261,308,130,378
"AC022872.1",2,37,22,18,19,1,2,13,0,21
"SENP8",2,23,13,10,14,6,7,13,3,10
"AC020779.2",1,9,3,3,3,1,1,1,0,5
"GRAMD2A",1,14,2,9,17,4,7,6,4,4
"PKM",84,479,363,486,353,119,111,194,66,220
"PARP6",35,91,120,120,130,28,50,85,28,125
"AC009690.3",1,3,1,3,7,1,0,5,0,4
"AC009690.2",11,32,48,58,69,8,15,15,5,87
"AC009690.1",41,100,136,195,209,44,57,86,48,208
"HEXA",0,0,0,0,0,1,0,0,0,0
"HEXA-AS1",1,0,0,0,1,0,2,3,0,5
"TMEM202",0,0,0,0,0,0,0,1,0,0
"TMEM202-AS1",4,23,27,51,49,12,17,23,14,47
"ARIH1",46,299,186,388,311,55,65,128,40,203
"LINC02259",0,4,2,3,1,0,1,2,0,1
"AC100827.4",0,0,0,1,0,0,0,0,0,0
"HIGD2B",0,0,1,0,1,1,0,1,0,1
"BBS4",11,70,36,69,93,27,24,33,17,74
"ADPGK",12,48,27,43,42,8,14,19,7,30
"ADPGK-AS1",13,161,48,40,45,4,18,20,3,29
"NEO1",95,784,393,838,695,201,362,337,170,587
"HCN4",0,2,1,3,0,0,0,1,0,0
"REC114",0,2,7,6,9,1,2,1,0,8
"NPTN",25,133,121,398,219,68,55,94,47,133
"CD276",6,12,18,22,25,7,6,13,6,11
"C15orf59",3,2,11,6,8,4,1,6,6,5
"C15orf59-AS1",1,0,0,1,1,0,0,0,0,1
"TBC1D21",0,0,0,0,0,0,0,0,0,0
"LOXL1-AS1",0,4,2,3,2,0,0,2,1,1
"LOXL1",1,6,17,18,8,4,5,12,3,16
"STOML1",7,19,29,49,39,13,8,12,3,11
"PML",5,58,23,43,18,14,7,16,7,14
"ISLR2",2,3,9,7,5,0,1,1,0,3
"AC010931.2",1,0,0,1,2,0,2,0,0,0
"AC010931.3",0,1,5,6,1,1,0,0,0,0
"ISLR",3,6,6,9,13,5,1,0,1,0
"STRA6",0,0,0,0,1,0,0,1,0,0
"CCDC33",1,3,1,4,1,0,0,4,1,3
"AC023300.2",0,1,0,0,0,0,0,0,0,0
"CYP11A1",0,3,6,9,15,1,4,8,2,11
"AC090826.1",0,1,1,0,1,0,0,0,1,0
"SEMA7A",4,10,22,51,24,6,2,6,4,4
"UBL7",6,20,14,20,18,12,3,19,3,10
"UBL7-AS1",5,7,17,10,22,1,7,10,5,15
"AC012435.2",4,17,16,24,25,2,10,9,4,13
"ARID3B",9,13,14,21,22,4,8,10,6,11
"CLK3",6,33,38,38,48,30,19,25,9,32
"AC100835.2",0,0,0,0,1,0,0,0,0,0
"AC100835.1",0,0,1,0,0,1,0,0,0,1
"EDC3",20,63,63,101,66,18,21,48,16,67
"CYP1A1",0,0,0,2,0,1,1,0,0,0
"CSK",7,26,22,57,36,19,8,26,9,24
"LMAN1L",0,1,0,0,0,0,0,0,0,0
"CPLX3",0,1,1,8,5,1,3,1,0,0
"ULK3",22,34,61,119,85,45,46,65,33,68
"SCAMP2",11,59,47,70,71,35,20,55,20,45
"MPI",6,20,20,23,18,10,4,25,3,22
"FAM219B",20,46,59,120,66,22,29,39,18,56
"COX5A",15,71,52,79,36,32,17,34,7,36
"RPP25",1,4,4,6,2,2,2,8,1,2
"SCAMP5",26,99,109,174,92,29,12,34,20,49
"PPCDC",15,55,93,123,101,18,20,31,22,86
"C15orf39",0,2,1,8,7,0,1,2,2,3
"COMMD4",10,30,37,61,33,19,18,25,7,38
"AC068338.3",4,8,15,19,20,12,5,8,7,19
"NEIL1",18,39,53,85,66,51,36,49,22,62
"MAN2C1",14,34,58,71,37,19,15,55,20,45
"AC068338.2",0,0,3,1,1,0,1,0,1,4
"SIN3A",6,73,32,59,41,11,18,23,5,45
"PTPN9",33,464,130,409,284,47,90,113,34,204
"SNUPN",9,32,25,43,28,5,8,18,4,23
"AC105020.3",0,1,0,0,0,0,0,0,0,0
"AC105020.2",0,0,0,0,0,0,0,0,0,0
"IMP3",10,39,35,40,29,18,3,22,5,23
"AC105020.6",0,0,0,0,0,0,0,0,0,0
"AC105020.5",0,0,0,1,0,1,1,0,0,1
"SNX33",4,14,14,22,21,11,4,15,3,11
"CSPG4",1,6,1,11,7,1,0,1,4,1
"AC105020.1",0,0,1,0,0,0,0,0,1,0
"ODF3L1",1,0,0,1,1,0,1,0,0,0
"DNM1P35",0,0,3,1,1,1,1,2,1,2
"UBE2Q2",12,73,23,49,44,17,13,25,7,33
"FBXO22",7,66,65,96,83,17,22,51,13,44
"NRG4",1,21,19,36,27,2,3,15,2,12
"TMEM266",3,26,25,31,28,1,1,7,4,11
"AC091100.1",0,0,2,1,0,0,0,0,0,0
"ETFA",31,133,107,143,132,31,42,43,26,86
"ISL2",0,0,0,0,0,0,0,0,1,0
"SCAPER",79,400,398,714,707,199,244,398,118,477
"RCN2",32,132,110,151,145,58,74,125,38,126
"PSTPIP1",1,4,6,3,4,0,3,2,1,1
"TSPAN3",29,129,114,255,152,70,70,107,31,105
"PEAK1",62,253,261,479,402,142,110,201,57,310
"HMG20A",18,95,76,142,149,30,37,48,33,115
"AC046168.1",0,0,0,0,0,0,0,0,0,0
"AC046168.2",1,0,1,3,1,1,0,1,0,3
"LINGO1",57,189,151,333,195,448,162,346,362,310
"LINGO1-AS1",0,0,1,1,0,0,0,0,0,0
"LINGO1-AS2",0,0,0,0,0,0,0,0,0,0
"TBC1D2B",6,37,28,74,61,7,12,11,11,35
"SH2D7",0,1,1,1,0,0,1,0,0,1
"CIB2",0,5,0,8,4,2,3,5,2,7
"IDH3A",11,98,69,106,63,9,22,50,5,66
"ACSBG1",86,589,341,675,571,101,150,192,84,594
"AC090607.3",1,2,0,0,0,1,0,0,0,1
"DNAJA4",6,28,14,22,23,10,4,13,5,14
"WDR61",21,99,71,72,91,19,28,49,11,92
"AC090607.1",0,0,0,1,0,0,0,0,0,0
"AC090607.5",0,1,0,0,0,1,0,1,0,0
"CRABP1",1,3,2,2,2,0,0,0,0,1
"IREB2",16,137,88,146,142,36,42,72,22,95
"AC027228.1",0,0,0,0,0,0,0,0,0,2
"HYKK",2,6,7,10,13,4,10,6,2,4
"PSMA4",14,52,44,63,50,35,11,37,7,32
"CHRNA5",0,2,2,3,2,2,0,7,1,3
"CHRNA3",0,0,0,1,0,0,0,0,0,0
"CHRNB4",1,3,2,14,10,2,4,8,1,5
"ADAMTS7",2,1,4,7,5,2,1,6,2,4
"MORF4L1",26,213,127,208,152,85,64,89,34,116
"CTSH",44,97,146,135,137,70,92,107,21,95
"RASGRF1",15,34,52,48,43,7,3,13,9,53
"AC011944.1",4,1,5,1,7,1,1,1,0,7
"ANKRD34C-AS1",0,13,30,29,41,1,1,2,2,7
"ANKRD34C",0,0,2,1,0,0,0,1,0,0
"TMED3",6,20,28,31,29,14,5,32,7,17
"KIAA1024",1,1,1,7,4,1,1,5,1,3
"MTHFS",1,4,9,11,15,7,7,8,4,5
"ST20-AS1",1,3,0,1,0,0,1,1,0,4
"BCL2A1",1,0,3,0,5,1,0,1,0,0
"ZFAND6",35,177,147,254,270,93,91,150,55,169
"FAH",5,14,9,22,27,10,10,16,5,7
"CTXND1",15,26,50,106,111,37,23,51,14,101
"LINC00927",0,1,1,3,2,1,2,0,2,3
"AC016705.2",5,35,37,66,61,21,17,40,12,40
"ARNT2",93,327,353,605,550,128,159,240,115,434
"AC016705.1",0,0,3,1,0,0,0,0,0,0
"AC108451.1",3,4,6,3,2,0,1,0,0,11
"ABHD17C",13,55,25,67,67,17,24,22,14,43
"AC023302.1",0,0,0,0,0,0,0,0,0,1
"CEMIP",2,29,24,30,30,7,4,7,3,6
"AC027808.1",4,28,20,40,29,5,8,15,10,22
"MESD",23,66,68,68,60,25,20,34,10,39
"AC068870.2",0,0,0,0,0,0,0,0,0,0
"TLNRD1",1,9,12,12,16,4,4,8,4,6
"CFAP161",1,13,15,25,20,8,2,9,2,10
"IL16",5,11,4,6,9,7,6,10,1,13
"STARD5",2,0,1,1,1,1,0,1,0,1
"TMC3-AS1",0,3,6,5,7,5,3,3,2,9
"TMC3",0,1,0,0,2,0,0,1,0,1
"AC060809.1",2,3,2,0,9,3,3,3,0,4
"AC023034.2",0,0,0,0,0,0,0,0,0,0
"AC104041.1",3,4,4,13,6,3,2,5,0,9
"AC025219.1",0,0,0,3,1,0,0,0,0,0
"MEX3B",0,0,0,0,1,0,0,1,1,0
"LINC01583",0,0,1,0,0,0,0,0,1,0
"EFL1",3,40,43,69,72,11,19,32,10,51
"SAXO2",3,22,14,45,57,20,16,53,17,31
"GOLGA6L10",3,2,8,4,18,2,4,10,0,8
"GOLGA6L9",6,10,7,16,18,24,7,35,12,14
"RPS17",15,31,22,22,46,46,10,39,17,13
"AC245033.1",1,2,1,2,4,0,0,2,1,3
"AC245033.2",0,8,15,12,18,10,11,17,5,18
"CPEB1",15,28,58,60,77,12,7,44,7,48
"CPEB1-AS1",4,8,21,15,13,3,7,9,2,12
"AP3B2",19,59,65,66,73,9,12,17,10,43
"AC105339.3",4,40,61,53,32,3,10,10,3,36
"SNHG21",6,13,20,18,23,11,10,19,4,18
"FSD2",2,16,13,19,16,4,3,3,1,12
"WHAMM",11,36,42,65,53,17,13,22,9,43
"HOMER2",8,27,31,71,60,21,10,37,9,63
"AC022558.2",4,26,31,54,38,8,9,11,3,45
"C15orf40",6,31,44,45,54,19,7,16,6,39
"BTBD1",12,54,48,64,60,17,19,24,8,62
"TM6SF1",2,8,10,12,8,2,2,1,0,1
"HDGFL3",18,119,86,131,126,24,40,51,25,73
"AC103876.1",5,40,34,29,30,9,12,13,2,38
"BNC1",0,0,0,0,1,0,0,0,0,1
"SH3GL3",95,155,241,345,217,37,37,31,34,106
"ADAMTSL3",14,22,126,178,89,33,19,35,19,60
"UBE2Q2L",0,5,6,6,13,4,3,4,0,5
"GOLGA6L4",0,12,1,6,6,9,2,6,3,3
"AC048382.5",4,24,23,32,32,5,7,13,4,25
"ZSCAN2",2,6,6,16,4,3,1,2,3,5
"WDR73",16,68,66,68,59,16,30,25,8,66
"NMB",1,10,4,6,4,5,5,10,0,4
"SEC11A",21,75,61,84,76,28,29,52,11,57
"AC115102.1",0,0,0,1,0,0,0,0,0,0
"ZNF592",6,45,30,60,60,11,17,29,8,54
"ALPK3",2,1,0,5,3,2,1,3,1,2
"SLC28A1",0,2,0,2,2,1,0,3,0,3
"PDE8A",109,402,375,603,418,60,73,134,62,301
"AKAP13",17,359,131,300,235,48,87,100,43,191
"AC087286.2",0,36,11,37,16,4,2,5,2,25
"AC021739.4",0,0,0,0,1,0,0,0,0,0
"AC021739.2",2,6,4,20,3,1,1,2,0,2
"AC021739.3",0,1,0,1,0,0,0,0,0,1
"KLHL25",1,12,9,18,16,3,1,6,1,7
"LINC01584",0,1,2,1,2,2,1,0,0,3
"AGBL1",12,60,35,127,115,42,43,26,38,93
"AC016987.1",0,9,2,4,4,0,3,1,1,4
"AC078905.1",0,0,0,1,0,0,0,0,0,0
"AC020687.1",2,3,3,5,2,0,3,1,0,5
"NTRK3",125,778,683,1326,987,228,270,376,190,699
"NTRK3-AS1",1,11,14,10,25,2,5,9,7,25
"MRPL46",3,23,9,16,9,7,8,11,2,5
"MRPS11",10,47,52,42,64,18,14,39,7,40
"DET1",5,27,23,26,25,9,3,14,8,20
"LINC01586",5,12,16,26,20,3,12,5,0,30
"AEN",2,3,6,10,12,4,1,12,1,6
"ISG20",1,2,5,3,15,2,3,2,1,1
"AC103982.1",0,0,0,0,0,0,0,0,0,0
"ACAN",1,0,4,2,1,0,1,2,1,0
"HAPLN3",1,3,10,5,8,3,2,0,2,3
"MFGE8",39,126,140,184,199,83,59,95,54,141
"AC013565.1",0,3,2,3,3,1,0,0,0,1
"AC013565.3",0,1,0,2,0,1,0,0,0,0
"ABHD2",36,312,167,441,243,70,68,138,41,159
"RLBP1",21,38,36,60,91,22,16,37,8,127
"FANCI",1,11,12,17,15,5,1,9,2,13
"POLG",7,44,13,46,43,21,20,31,13,21
"AC124068.2",0,1,0,1,1,0,1,0,0,0
"MIR9-3HG",11,10,10,31,18,4,1,6,4,11
"RHCG",2,12,15,24,21,10,6,22,5,17
"LINC00928",0,0,2,0,0,0,0,0,0,0
"AC013391.3",0,1,1,3,3,4,1,2,3,0
"TICRR",0,1,1,1,3,0,0,0,0,3
"KIF7",5,17,12,17,21,11,16,21,4,28
"PLIN1",4,5,5,6,12,5,3,9,7,6
"PEX11A",3,20,18,22,36,14,13,13,4,42
"WDR93",0,10,12,5,14,2,6,6,5,23
"MESP1",4,15,18,15,15,8,9,12,7,7
"MESP2",0,2,1,0,1,2,1,1,0,0
"ANPEP",0,0,1,2,0,0,0,2,1,1
"AP3S2",5,11,9,21,15,9,11,12,3,9
"C15orf38-AP3S2",0,0,0,0,0,1,0,1,0,0
"ZNF710",23,65,56,88,135,23,30,51,13,68
"ZNF710-AS1",4,32,23,39,12,3,7,6,7,11
"IDH2",64,245,191,139,191,41,98,53,44,204
"IDH2-DT",10,29,10,6,20,14,8,15,8,54
"SEMA4B",29,273,105,193,189,70,89,100,53,122
"CIB1",7,57,35,39,51,18,14,41,19,38
"AC091167.7",0,7,3,11,3,0,0,6,1,4
"AC091167.6",3,33,28,35,34,12,4,17,2,35
"ZNF774",3,6,10,11,10,3,1,3,1,5
"IQGAP1",37,125,129,303,145,39,42,59,26,122
"AC018946.1",1,5,5,2,2,2,0,2,0,4
"CRTC3",19,185,100,167,167,83,55,142,25,116
"AC103739.2",0,0,0,0,0,0,0,0,0,0
"CRTC3-AS1",1,15,13,13,18,2,5,6,2,12
"BLM",3,4,5,9,1,1,2,3,0,2
"FURIN",5,11,12,30,22,8,9,15,5,5
"FES",1,9,6,9,6,2,2,9,4,5
"MAN2A2",16,54,57,84,58,24,32,27,13,51
"AC068831.4",0,0,0,1,0,0,0,0,1,0
"HDDC3",3,17,21,18,21,3,6,17,4,27
"UNC45A",12,46,37,78,44,9,12,28,10,23
"AC068831.1",0,1,1,0,0,0,0,0,0,1
"RCCD1",3,9,17,13,17,13,10,11,1,24
"PRC1",0,2,3,2,1,0,0,1,0,1
"AC068831.7",1,3,4,5,0,0,0,2,1,2
"PRC1-AS1",0,5,7,13,10,2,2,8,1,11
"VPS33B-DT",1,2,0,0,0,0,0,2,0,1
"SV2B",23,67,134,130,112,10,14,20,1,13
"AC104035.1",2,3,6,5,11,4,1,6,0,2
"SLCO3A1",64,153,171,376,295,35,48,72,42,106
"AC116903.2",10,18,27,15,14,7,3,4,5,11
"ST8SIA2",0,1,1,0,0,0,1,0,0,0
"C15orf32",0,1,0,0,0,0,0,0,0,0
"LINC00930",0,0,0,3,1,0,0,0,0,0
"AC091544.5",0,1,1,0,0,1,0,4,0,0
"FAM174B",7,51,39,77,46,12,16,21,19,53
"AC106028.4",0,0,0,0,0,0,0,0,0,0
"AC106028.5",0,0,0,0,0,0,0,0,0,0
"AC013394.1",36,143,97,186,171,60,90,86,37,130
"CHD2",45,304,227,517,394,147,178,180,99,324
"RGMA",76,176,222,736,344,57,104,137,45,216
"AC112693.1",0,2,1,0,0,0,0,0,0,1
"AC091078.1",36,111,91,211,108,5,33,13,14,89
"AC110023.1",25,117,104,299,175,9,42,8,30,129
"LINC01579",4,15,24,29,12,2,2,2,2,24
"LINC02207",0,4,3,10,6,0,2,0,0,2
"AC103996.2",0,2,1,0,1,0,0,0,0,1
"LINC01580",1,5,1,7,1,1,2,0,1,5
"LINC01581",1,0,0,0,0,0,0,0,0,0
"MCTP2",2,3,1,5,19,1,1,4,1,3
"AC087636.1",0,1,2,0,1,0,0,0,0,1
"LINC01197",1,6,31,18,27,3,1,4,3,6
"LINC00924",0,0,1,2,1,0,2,1,0,0
"AC027013.1",0,0,1,1,0,0,0,0,0,0
"AC015574.1",0,2,2,4,2,2,0,1,2,1
"AC012409.2",1,3,6,9,7,2,2,3,1,6
"AC024337.1",0,0,2,1,1,0,0,0,0,1
"AC024337.2",0,0,1,0,0,0,0,0,0,0
"NR2F2-AS1",2,5,7,5,8,0,2,2,2,4
"NR2F2",0,2,3,6,0,1,1,2,0,1
"AC087477.2",0,0,0,1,1,1,1,0,0,0
"AC087477.5",0,0,1,0,0,0,0,0,0,0
"AC020704.1",0,2,5,8,12,1,1,0,1,1
"LINC02253",0,4,6,7,3,0,1,1,1,4
"LINC02254",0,7,13,10,11,1,1,4,3,3
"AC026523.1",0,0,3,1,2,0,0,0,0,2
"LINC00923",3,19,33,17,14,11,7,13,6,25
"ARRDC4",2,3,5,4,4,6,5,3,1,7
"AC024651.1",0,0,0,0,0,0,0,0,0,0
"LINC02251",0,0,2,3,1,0,2,0,0,3
"AC022523.1",1,13,10,19,14,1,4,8,1,23
"AC015722.2",1,0,0,0,0,0,0,0,0,0
"FAM169B",2,5,5,7,7,6,0,8,4,6
"AC118658.1",0,0,0,0,0,0,0,0,0,0
"IGF1R",71,389,283,541,494,166,193,232,134,331
"AC069029.1",0,1,0,1,1,0,0,0,0,2
"AC036108.1",3,19,28,12,18,3,3,4,4,5
"SYNM",11,80,56,147,62,31,32,65,28,23
"AC036108.2",0,1,0,0,0,0,1,0,0,0
"TTC23",8,85,44,100,72,13,20,41,7,58
"AC036108.3",0,6,5,25,7,10,3,14,5,5
"LRRC28",11,90,66,133,140,22,26,27,22,57
"AC015660.3",0,1,1,1,0,0,0,1,0,0
"AC015660.4",0,0,1,0,0,0,0,0,0,1
"MEF2A",56,349,288,468,411,75,121,163,60,280
"LYSMD4",5,15,13,23,34,10,5,20,3,16
"AC090825.1",3,18,31,44,26,30,42,51,17,27
"AC084855.1",0,2,1,2,5,0,0,1,3,3
"ADAMTS17",14,519,150,246,371,48,34,168,38,305
"AC084855.2",0,5,1,0,0,0,1,0,0,3
"AC022710.1",0,3,2,0,2,0,1,0,0,5
"SPATA41",2,0,3,2,3,1,0,2,0,3
"CERS3-AS1",0,3,9,6,4,1,0,3,1,6
"CERS3",3,4,23,6,5,0,1,3,0,6
"AC027020.2",2,10,14,30,29,8,0,12,3,15
"LINS1",11,39,37,66,51,18,11,34,7,44
"ASB7",8,28,34,56,58,14,19,27,14,37
"AC087762.1",0,3,5,10,3,0,0,1,1,4
"AC015712.1",3,1,2,2,5,0,1,0,1,2
"AC015712.4",3,6,9,4,6,0,0,1,0,1
"ALDH1A3",0,2,1,3,5,1,1,0,0,3
"AC015712.7",0,1,0,0,0,0,1,0,0,0
"AC015712.2",0,4,5,9,2,1,0,2,0,3
"LRRK1",2,25,35,42,45,0,3,4,1,16
"AC090907.1",2,1,3,1,1,1,2,1,0,4
"AC090907.2",1,11,19,16,21,7,0,6,0,8
"CHSY1",10,81,40,105,117,29,36,25,17,52
"SELENOS",23,96,87,72,105,44,41,72,11,55
"SNRPA1",9,75,52,57,52,16,16,29,10,46
"AC023024.1",0,18,13,8,10,5,2,3,1,10
"PCSK6",55,144,161,146,130,27,33,25,16,82
"PCSK6-AS1",0,0,0,1,1,0,0,0,0,0
"TM2D3",18,121,84,115,91,35,30,61,16,58
"TARSL2",24,169,191,178,167,43,47,57,27,106
"AC140725.1",0,1,1,0,0,1,1,2,0,1
"WASIR2",0,1,2,1,2,1,0,0,0,2
"POLR3K",5,8,12,11,8,2,4,7,2,8
"SNRNP25",10,42,20,36,28,11,14,19,5,24
"RHBDF1",2,9,17,45,19,15,9,32,8,20
"MPG",10,59,57,68,38,12,19,24,3,46
"NPRL3",24,56,88,131,118,25,22,62,14,117
"Z69720.1",1,0,4,4,1,0,0,1,0,0
"Z69666.1",0,0,1,0,2,0,0,0,0,4
"HBM",0,0,0,0,3,0,0,0,0,0
"HBA2",7,101,26,28,119,1,4,7,1,13
"HBA1",1,46,38,8,71,2,0,9,1,5
"HBQ1",1,2,1,1,1,0,2,0,0,1
"Z69706.1",0,1,2,3,3,2,0,3,0,2
"LUC7L",33,117,135,193,99,24,20,56,22,81
"FAM234A",4,8,13,26,19,1,6,8,3,9
"RGS11",27,29,57,78,53,58,22,52,48,50
"ARHGDIG",16,33,31,87,27,6,3,3,1,7
"PDIA2",5,13,15,41,18,4,5,8,7,1
"AXIN1",10,25,26,54,25,8,7,18,1,9
"MRPL28",12,48,27,51,19,14,6,23,8,9
"TMEM8A",2,8,23,16,17,3,12,12,2,18
"NME4",6,32,32,46,46,20,20,27,7,26
"DECR2",4,10,15,12,10,9,2,10,3,3
"RAB11FIP3",25,93,103,139,139,26,20,40,17,78
"LINC00235",0,0,0,1,0,0,0,0,0,0
"CAPN15",5,15,17,30,31,11,10,29,5,22
"PRR35",0,0,0,0,0,0,0,0,0,0
"PIGQ",10,32,43,54,45,10,20,15,29,36
"RAB40C",15,78,74,124,110,12,16,36,15,59
"WFIKKN1",1,2,2,13,3,3,0,9,4,4
"METTL26",19,47,44,106,48,30,14,40,17,27
"MCRIP2",9,39,51,136,86,29,32,74,26,69
"AL022341.1",0,2,0,1,0,0,0,0,0,0
"WDR90",4,6,9,19,12,10,6,4,5,7
"AL022341.2",5,4,12,16,14,1,7,3,2,5
"RHOT2",30,89,117,191,123,37,37,72,38,96
"RHBDL1",12,31,25,32,54,33,30,39,7,35
"STUB1",28,98,95,116,96,52,42,73,16,44
"JMJD8",7,16,13,20,14,11,5,19,6,8
"WDR24",4,9,15,20,9,5,4,8,5,9
"FBXL16",3,12,17,19,18,13,12,14,2,16
"METRN",38,131,177,360,219,77,71,138,93,188
"FAM173A",20,68,84,130,72,48,24,61,38,57
"CCDC78",6,8,8,8,4,3,1,3,1,11
"HAGHL",29,73,113,188,131,69,53,111,43,134
"NARFL",9,20,26,34,19,9,6,24,4,25
"MSLN",0,0,1,0,0,0,0,0,0,0
"MSLNL",1,1,0,1,0,0,0,0,0,0
"RPUSD1",4,10,14,23,16,9,5,20,3,9
"CHTF18",0,12,6,9,6,4,4,6,3,3
"GNG13",1,2,0,1,1,0,0,0,0,0
"PRR25",2,15,18,21,15,4,6,4,1,17
"AL031008.1",0,0,0,1,1,0,0,0,0,0
"LMF1",22,72,76,112,127,37,34,61,22,77
"LMF1-AS1",0,5,3,5,4,1,0,1,0,1
"SOX8",10,51,31,121,56,15,29,9,15,20
"AC009041.1",0,1,0,1,1,0,0,0,0,0
"C1QTNF8",1,1,1,0,0,0,0,0,1,0
"AC120498.8",0,0,1,0,0,0,0,0,0,0
"CACNA1H",0,1,5,6,0,1,0,3,1,1
"TPSB2",0,4,0,0,0,1,0,0,0,0
"TPSD1",4,1,0,3,0,2,0,3,5,6
"AC120498.4",0,0,1,0,1,0,0,0,0,1
"AC120498.9",0,3,0,1,2,0,0,0,0,0
"UBE2I",18,60,53,82,68,15,18,51,10,65
"AL031714.1",1,3,0,2,2,0,1,0,0,5
"BAIAP3",17,16,60,137,97,109,2,135,40,32
"TSR3",5,15,13,25,13,12,9,25,10,18
"GNPTG",17,50,43,52,56,34,21,35,21,61
"AL031709.1",1,2,0,0,0,0,0,1,0,0
"UNKL",8,40,52,52,48,24,18,53,10,21
"AL032819.1",0,1,2,0,0,0,0,0,1,0
"C16orf91",2,17,6,11,21,10,2,10,1,12
"CCDC154",7,7,15,17,18,2,5,15,5,8
"CLCN7",12,60,66,204,94,38,25,48,43,42
"AL031600.3",0,1,0,0,0,0,1,0,0,0
"TELO2",12,30,29,54,38,13,6,22,10,23
"IFT140",9,35,34,89,61,33,24,34,14,39
"AL031705.1",0,1,0,1,2,0,0,2,0,3
"TMEM204",0,1,0,2,4,0,1,0,0,2
"AL133297.2",2,8,9,5,6,5,2,2,3,8
"CRAMP1",0,4,2,3,3,2,1,1,2,5
"JPT2",2,12,15,14,16,6,3,5,0,4
"MAPK8IP3",52,161,186,345,221,64,50,78,53,114
"AL031710.1",1,1,1,6,8,6,3,16,1,7
"NME3",53,141,161,242,158,104,85,174,32,153
"MRPS34",15,54,38,64,37,25,20,38,7,28
"EME2",10,6,14,22,10,5,5,6,6,9
"SPSB3",28,108,140,90,106,50,61,90,38,123
"NUBP2",7,24,25,37,29,12,18,19,8,24
"HAGH",25,130,124,145,115,32,25,47,18,79
"FAHD1",1,21,14,17,13,5,3,4,1,13
"MEIOB",1,13,6,8,9,1,1,7,0,2
"HS3ST6",0,1,0,1,0,0,0,0,0,0
"MSRB1",1,20,11,13,12,10,7,16,4,12
"RPL3L",0,0,0,1,0,0,0,0,0,0
"NDUFB10",31,76,59,97,57,35,25,38,23,33
"RPS2",34,165,105,107,170,94,76,116,30,63
"SNHG9",14,146,123,189,140,39,26,84,18,27
"AC005363.2",2,6,7,7,4,1,0,9,2,2
"TBL3",2,6,3,11,6,6,6,7,5,1
"NOXO1",0,2,5,0,2,0,0,0,0,0
"GFER",6,10,12,14,11,5,3,9,3,5
"AC005606.2",0,0,0,0,1,0,0,0,0,1
"SYNGR3",7,15,27,34,28,2,3,3,3,7
"ZNF598",5,10,5,33,19,6,3,10,5,14
"NPW",0,0,2,2,1,0,1,1,0,1
"SLC9A3R2",3,10,7,13,10,6,3,7,1,2
"NTHL1",6,20,19,29,10,9,2,10,2,1
"TSC2",32,94,98,146,145,40,32,63,31,99
"PKD1",33,100,170,268,189,102,51,192,69,86
"AC009065.3",0,0,0,0,0,0,1,0,0,0
"RAB26",5,25,64,60,61,12,18,18,5,53
"SNHG19",16,37,56,90,68,31,12,53,9,44
"TRAF7",7,25,26,27,30,19,6,22,8,21
"CASKIN1",24,48,87,131,106,30,23,46,29,61
"MLST8",12,30,30,36,34,17,9,21,14,21
"BRICD5",5,11,10,41,26,15,2,16,8,12
"AC009065.7",1,0,0,0,0,0,0,0,0,0
"PGP",28,57,100,93,90,21,15,39,12,69
"E4F1",10,48,36,28,25,13,11,18,16,15
"AC009065.1",4,3,1,5,1,0,0,1,0,1
"DNASE1L2",0,0,2,3,8,2,1,5,0,3
"ECI1",4,39,29,55,43,14,13,20,14,20
"AC009065.8",0,0,0,2,1,0,0,0,1,5
"RNPS1",17,114,90,114,97,31,27,56,14,74
"AC009065.4",3,2,5,9,6,1,2,1,2,3
"ABCA3",23,118,146,235,164,38,29,47,24,68
"CCNF",4,21,20,15,12,4,5,6,1,17
"AC106820.3",1,2,0,4,1,0,2,1,2,4
"AC106820.5",1,2,2,3,1,0,0,0,2,1
"TEDC2",0,3,3,5,5,0,1,1,0,4
"AC106820.2",0,2,0,3,1,0,2,0,1,1
"TBC1D24",1,5,0,7,5,1,1,4,1,5
"AC093525.2",0,9,1,0,2,0,2,1,0,0
"AC093525.1",2,0,0,0,0,1,0,0,0,0
"AMDHD2",6,15,27,32,30,8,10,12,5,17
"PDPK1",27,91,70,149,116,25,34,44,12,95
"AC093525.6",0,2,1,11,13,4,1,5,5,1
"AC093525.7",0,1,0,2,1,1,1,0,0,0
"AC093525.4",3,18,29,47,72,11,8,10,11,42
"AC093525.3",0,0,0,0,0,0,0,0,0,0
"AC141586.3",0,0,0,0,1,0,1,0,1,0
"KCTD5",4,14,7,15,25,7,7,9,3,17
"PRSS27",2,1,0,5,2,0,1,3,1,3
"SRRM2-AS1",2,6,3,4,6,2,2,3,2,6
"SRRM2",88,282,361,649,395,89,77,150,90,189
"ELOB",40,140,133,149,114,64,35,82,27,40
"AC092117.1",0,3,1,4,0,0,1,1,1,1
"PRSS41",0,0,0,1,0,0,0,0,0,0
"PRSS21",0,1,0,0,1,0,0,0,0,0
"ZG16B",0,0,1,0,0,0,0,0,0,0
"AC003965.2",0,0,0,0,0,0,0,0,0,0
"AC003965.1",0,0,1,1,0,1,0,1,0,2
"FLYWCH2",7,18,16,16,19,6,3,4,1,28
"FLYWCH1",25,91,94,93,76,19,27,34,10,71
"AC004034.1",3,10,14,15,15,1,3,4,0,13
"KREMEN2",0,1,1,2,2,0,0,1,0,2
"PKMYT1",0,2,1,3,0,1,0,0,0,0
"PAQR4",9,28,18,28,26,16,8,16,14,31
"AC004233.4",0,0,0,0,1,0,0,0,0,0
"AC004233.2",0,0,1,0,0,0,0,1,0,0
"AC004233.3",0,2,0,0,3,1,0,1,0,0
"CLDN9",0,0,1,4,1,3,0,0,1,0
"CLDN6",0,0,0,0,0,0,0,0,0,1
"TNFRSF12A",0,6,10,5,7,3,5,27,2,7
"HCFC1R1",21,73,82,111,85,36,22,36,15,35
"THOC6",0,0,2,4,4,2,0,1,0,2
"BICDL2",1,2,1,0,0,0,0,0,0,0
"AC108134.1",0,0,0,0,0,0,0,0,0,0
"MMP25",0,4,12,4,3,0,1,0,0,2
"MMP25-AS1",5,13,21,15,27,9,10,10,6,32
"IL32",0,1,2,0,4,0,0,1,0,0
"AC108134.3",0,1,0,0,0,0,0,0,0,0
"ZSCAN10",0,0,0,0,0,0,0,0,0,0
"ZNF213-AS1",7,36,35,46,39,7,16,17,6,40
"ZNF205",3,14,15,35,11,7,6,11,9,7
"ZNF213",17,92,98,109,69,20,20,40,3,73
"AC108134.2",0,1,0,0,0,0,0,0,0,0
"AJ003147.2",0,2,0,2,1,0,0,0,1,3
"ZNF200",3,10,8,14,11,4,3,4,1,4
"MEFV",0,0,0,0,1,1,0,0,0,0
"ZNF263",13,24,18,35,16,13,6,11,7,19
"TIGD7",4,14,22,26,24,7,10,14,2,36
"ZNF75A",24,103,92,75,111,26,36,39,15,107
"AC004232.2",0,3,2,0,0,0,0,0,0,0
"AC025283.3",10,44,33,34,32,3,6,13,2,28
"MTRNR2L4",0,0,0,1,0,0,0,0,0,1
"ZSCAN32",3,10,16,9,11,3,3,7,3,5
"ZNF597",1,4,8,2,6,1,2,1,1,3
"NAA60",12,22,22,30,23,10,8,24,7,15
"CLUAP1",12,46,45,56,79,13,14,26,16,59
"NLRC3",1,3,14,8,13,2,1,1,0,15
"AC004494.1",2,2,1,4,4,1,0,0,0,2
"AC006111.1",0,0,2,1,0,0,0,1,0,0
"SLX4",4,6,13,16,16,3,6,4,2,11
"DNASE1",31,93,160,262,173,37,47,97,26,145
"TRAP1",11,79,68,122,91,23,18,29,21,54
"AC006111.3",0,0,0,0,0,0,0,0,0,0
"CREBBP",31,225,219,390,360,84,87,153,72,231
"ADCY9",22,173,135,259,182,45,53,79,30,152
"AC005736.3",0,0,0,0,0,1,0,0,0,0
"AC009171.2",0,0,1,0,0,0,0,1,0,0
"SRL",0,0,1,3,3,0,0,0,1,1
"LINC01569",1,2,2,4,5,0,0,0,1,1
"TFAP4",2,2,2,6,7,2,1,4,1,2
"GLIS2",4,28,13,18,13,4,5,6,3,17
"GLIS2-AS1",0,4,1,2,2,0,0,1,2,4
"PAM16",0,5,4,10,0,1,0,1,0,9
"CORO7",1,1,4,5,3,0,0,2,0,3
"VASN",5,38,21,43,34,8,18,23,5,14
"DNAJA3",10,61,45,48,45,11,10,21,11,42
"NMRAL1",19,63,37,43,42,9,16,28,17,45
"HMOX2",12,82,49,58,40,9,9,16,7,40
"CDIP1",22,171,116,235,154,76,64,108,67,224
"C16orf96",3,3,6,11,6,1,1,4,1,12
"AC023830.2",0,0,0,0,0,0,0,0,0,2
"UBALD1",7,23,24,32,18,20,9,13,8,31
"MGRN1",37,83,84,126,113,34,29,55,15,68
"AC023830.1",1,2,1,4,3,0,0,0,0,3
"NUDT16L1",16,37,30,28,46,20,14,60,17,26
"ANKS3",28,52,49,83,68,19,20,36,18,55
"C16orf71",1,9,8,6,4,2,3,7,2,9
"ZNF500",5,17,22,26,19,2,6,4,3,22
"SEPT12",0,0,1,5,0,0,0,0,1,2
"SMIM22",0,2,0,1,2,0,0,2,0,3
"ROGDI",35,76,83,126,98,33,47,47,18,31
"GLYR1",24,87,77,117,97,25,20,46,14,69
"UBN1",10,52,34,79,52,7,14,13,5,49
"PPL",1,28,14,13,13,0,3,6,3,5
"SEC14L5",15,47,30,37,56,5,3,5,2,19
"NAGPA-AS1",0,4,6,3,3,1,1,0,0,0
"NAGPA",9,17,28,34,22,7,9,14,4,11
"ALG1",10,32,48,83,61,19,17,32,8,63
"C16orf89",20,100,80,95,97,32,37,26,13,73
"EEF2KMT",4,6,6,3,12,0,1,3,4,0
"AC026458.2",1,16,18,8,21,5,2,5,3,12
"RBFOX1",206,1154,1944,2289,1871,153,143,140,73,485
"LINC01570",0,0,0,0,1,0,0,0,0,0
"AC018767.3",0,0,1,0,0,0,0,2,0,1
"TMEM114",0,0,1,3,0,1,0,0,0,0
"METTL22",2,20,11,23,18,4,8,6,9,13
"ABAT",29,136,110,141,152,37,70,58,30,175
"TMEM186",2,7,18,9,16,2,3,6,1,11
"PMM2",6,33,32,40,55,9,9,20,6,23
"AC022167.2",1,1,0,3,1,0,0,1,1,4
"CARHSP1",22,72,109,186,131,28,28,46,10,78
"AC022167.4",0,0,0,0,0,0,2,0,1,0
"AC022167.5",0,0,0,0,0,0,0,0,0,0
"USP7",18,83,52,92,73,21,20,34,7,53
"AC022167.3",0,0,0,0,0,0,0,0,0,0
"C16orf72",4,58,35,66,52,25,17,29,12,35
"AC087190.1",0,8,5,9,7,0,2,1,0,8
"LINC02177",3,17,12,4,9,0,0,0,1,1
"LINC01195",0,1,0,0,1,0,0,0,0,1
"AC007221.1",3,8,9,5,7,3,4,1,0,2
"AC007221.2",1,10,13,3,6,1,4,0,0,7
"AC007218.1",0,0,1,1,2,0,0,0,0,0
"GRIN2A",41,168,233,317,254,25,21,26,9,38
"AC007218.2",0,0,1,0,0,0,0,0,0,0
"AC133565.1",1,3,8,11,5,0,0,0,0,1
"ATF7IP2",18,58,47,68,119,21,33,48,9,87
"LINC01290",2,0,0,1,2,1,2,1,0,0
"EMP2",4,19,9,13,23,13,11,9,3,16
"AC027277.1",0,1,0,2,3,0,0,0,1,1
"TEKT5",0,0,2,4,0,0,3,0,0,2
"AC007595.1",0,0,0,0,0,0,0,0,0,0
"NUBP1",6,37,41,17,34,11,9,12,1,36
"TVP23A",2,28,26,37,30,5,9,12,2,23
"AC133065.1",0,0,0,1,2,0,1,1,0,1
"CIITA",1,13,13,15,22,3,3,8,1,10
"DEXI",8,36,23,31,26,15,12,22,7,30
"CLEC16A",57,518,233,283,257,44,96,100,51,318
"AC007014.1",6,57,30,20,25,1,3,9,0,16
"AC007220.1",10,10,7,10,16,1,3,6,2,12
"RMI2",0,9,10,7,5,1,2,6,4,9
"SOCS1",0,0,1,3,1,4,1,4,2,2
"AC009121.2",0,0,0,0,0,0,1,0,0,0
"AC099489.1",1,5,9,9,8,3,1,8,2,7
"AC099489.3",0,0,0,0,1,0,0,0,0,0
"LITAF",9,50,31,43,48,16,13,20,4,24
"SNN",8,30,31,47,40,15,25,43,7,32
"TXNDC11",10,46,27,81,69,17,24,39,10,52
"AC007613.1",0,5,1,4,5,0,0,0,1,3
"ZC3H7A",13,58,61,109,94,34,35,59,13,95
"AC010654.1",1,2,2,1,0,0,0,0,0,0
"BCAR4",0,0,2,1,1,0,1,0,0,0
"RSL1D1",8,32,20,40,31,16,9,22,7,26
"AC007216.4",12,60,63,80,99,14,21,19,19,103
"GSPT1",21,138,114,171,131,47,43,63,23,100
"AC007216.2",1,3,8,8,6,1,0,2,0,3
"NPIPB2",2,4,1,6,15,1,4,5,1,3
"TNFRSF17",0,0,0,0,0,0,0,0,0,0
"SNX29",68,324,195,227,277,30,71,114,46,204
"AC007601.1",0,1,0,0,0,0,0,1,0,0
"AC007598.2",0,0,0,0,2,0,1,0,0,1
"AC010333.1",0,1,0,0,0,0,0,0,0,0
"AC010333.2",2,17,15,15,17,1,3,3,0,14
"AC010333.3",0,1,0,2,0,0,0,0,0,0
"CPPED1",17,38,37,70,41,9,12,10,5,19
"AC109597.1",3,11,9,4,11,1,4,1,2,8
"AC109597.2",0,1,1,0,0,0,0,0,0,1
"SHISA9",15,69,89,152,114,12,8,15,7,28
"AC009134.1",0,1,0,0,0,0,0,0,0,1
"U91319.1",5,31,33,38,36,8,3,15,4,15
"U95743.1",1,0,1,2,1,0,1,0,1,0
"ERCC4",9,53,54,82,75,29,24,50,14,69
"AC010401.1",0,0,0,0,0,0,0,0,0,0
"LINC02185",0,3,0,0,0,0,2,0,0,0
"MKL2",32,273,220,355,368,90,93,168,46,199
"AC130650.1",4,27,48,48,31,5,10,13,2,24
"MIR193BHG",5,40,35,38,38,9,9,25,13,37
"LINC02130",0,0,1,0,2,1,1,0,0,2
"AC040173.1",1,2,0,3,1,1,1,0,0,2
"PARN",31,126,124,180,158,38,52,78,33,120
"BFAR",4,31,22,28,33,11,10,8,5,20
"PLA2G10",0,4,0,7,3,0,0,1,0,3
"NPIPA3",0,0,0,2,1,0,1,3,2,0
"NPIPA2",1,0,3,6,4,14,4,13,11,3
"NOMO1",5,40,28,45,54,9,8,25,12,19
"NPIPA1",13,23,30,44,53,51,30,127,27,55
"PDXDC1",64,398,408,695,521,101,106,195,50,512
"AC138932.5",0,0,0,4,1,2,1,7,2,1
"NTAN1",3,12,19,17,31,14,6,22,5,14
"RRN3",5,57,38,48,58,17,20,36,8,50
"AC126763.1",0,0,0,1,0,0,0,0,0,1
"NPIPA5",2,5,1,13,9,6,4,10,4,6
"AC140504.1",0,2,1,6,5,3,1,0,1,0
"C16orf45",37,156,155,213,169,40,32,64,12,154
"MARF1",17,50,74,87,84,14,23,28,10,44
"NDE1",16,50,57,93,52,11,14,16,13,43
"MYH11",13,14,17,41,17,1,4,4,1,13
"AF001548.2",2,5,1,4,3,0,1,0,0,0
"FOPNL",5,37,27,46,58,22,12,27,16,31
"ABCC1",6,27,16,37,26,8,14,21,2,29
"ABCC6",0,3,11,7,9,4,3,1,2,4
"NOMO3",0,3,8,13,11,2,3,4,2,16
"AC136624.2",1,0,1,2,0,0,0,0,0,0
"AC138969.1",1,1,2,2,0,0,0,2,1,0
"NPIPA7",0,0,0,0,0,0,0,0,0,1
"AC092326.1",0,0,0,0,3,0,1,0,0,0
"XYLT1",26,139,99,122,160,18,18,43,12,96
"AC109446.3",0,3,5,0,5,0,1,0,0,1
"AC010601.1",0,1,0,1,6,1,1,0,0,2
"AC091489.1",0,0,0,0,0,0,0,0,0,0
"NPIPA8",4,5,1,11,21,1,3,6,3,1
"AC126755.2",0,1,0,0,0,7,0,2,4,0
"NOMO2",1,7,8,8,32,5,2,9,0,9
"RPS15A",21,49,41,24,72,56,25,55,20,34
"AC138811.2",0,1,0,0,0,0,0,0,1,2
"ARL6IP1",0,0,0,0,0,0,0,1,0,0
"AC138811.1",0,3,4,8,2,3,2,2,0,4
"SMG1",34,137,135,250,240,60,77,105,46,122
"AC092287.1",0,2,2,3,1,0,0,0,0,4
"TMC7",17,29,38,61,46,9,10,9,5,35
"AC099518.4",0,5,8,5,2,5,0,3,0,5
"AC099518.2",0,0,0,2,0,0,0,0,0,1
"COQ7",2,38,23,26,32,9,7,18,5,40
"AC099518.1",0,0,2,6,5,1,2,0,0,4
"AC099518.3",1,5,5,17,8,0,1,2,1,7
"AC099518.5",0,1,1,5,1,1,0,0,1,3
"SYT17",56,299,173,406,315,91,127,134,67,227
"CLEC19A",0,2,1,1,2,1,0,0,0,0
"AC130456.2",0,1,0,2,0,0,0,0,0,1
"TMC5",0,6,6,12,9,8,1,6,4,8
"AC130456.3",0,0,1,0,0,0,0,1,0,0
"AC130456.5",0,0,0,0,0,0,0,0,0,0
"GDE1",7,29,35,68,40,10,17,22,9,25
"CCP110",23,90,139,232,135,41,35,48,29,80
"VPS35L",43,188,177,225,220,47,46,69,33,192
"AC002550.2",2,0,0,5,2,1,0,2,0,0
"KNOP1",242,268,1106,714,448,37,48,122,57,183
"AC002550.1",2,6,26,14,7,2,1,3,2,6
"IQCK",72,508,367,669,610,232,316,348,106,489
"AC027130.1",3,21,26,45,39,12,13,11,3,22
"GPRC5B",107,461,419,954,818,424,407,489,250,519
"GPR139",0,0,0,0,0,0,1,0,0,0
"GP2",0,0,2,0,0,0,0,0,0,0
"UMOD",0,0,0,0,0,0,0,2,0,0
"PDILT",0,0,1,1,0,0,1,1,0,0
"AC106796.1",0,0,0,0,1,0,0,1,0,0
"ACSM5",0,7,7,3,8,8,8,3,3,1
"AC137056.1",0,0,0,0,0,0,0,0,0,0
"ACSM2A",0,0,2,1,0,1,0,0,0,0
"ACSM2B",0,0,0,1,0,0,0,0,0,0
"AC141273.1",0,0,0,0,0,0,0,0,0,0
"ACSM3",1,18,11,6,15,7,13,10,1,32
"ACSM1",1,1,4,3,0,0,0,1,0,0
"THUMPD1",14,44,44,74,63,23,33,39,22,54
"AC004381.1",1,3,1,3,1,1,0,1,1,2
"ERI2",7,45,32,51,44,17,14,28,8,41
"REXO5",3,6,10,11,9,0,2,5,1,4
"LYRM1",10,20,22,23,32,7,8,13,3,25
"DNAH3",0,7,12,18,24,10,6,11,1,33
"AC008551.1",1,1,1,1,0,0,0,0,0,0
"TMEM159",1,1,2,3,3,3,0,0,0,0
"AF001550.1",0,0,0,0,0,0,0,0,0,0
"ZP2",1,0,0,0,4,1,1,1,0,1
"ANKS4B",0,1,0,1,0,0,0,0,0,0
"CRYM",8,34,28,48,23,3,4,8,1,14
"NPIPB3",4,2,5,10,4,2,0,2,0,5
"AC005632.4",0,0,0,0,0,0,0,0,0,0
"METTL9",15,59,58,130,105,20,20,48,13,64
"IGSF6",0,1,0,3,1,0,0,0,0,2
"OTOA",1,9,6,15,10,4,1,3,0,6
"AC092375.2",0,0,0,3,0,2,4,0,0,0
"NPIPB4",1,9,9,23,16,11,4,7,8,16
"AC092119.2",0,4,5,2,6,1,1,1,2,5
"UQCRC2",38,166,108,114,144,60,55,119,31,197
"PDZD9",0,10,8,14,16,2,1,5,1,14
"AC092119.3",0,0,0,0,1,0,0,0,0,0
"MOSMO",25,144,110,267,226,45,33,67,29,117
"AC009019.1",0,0,0,0,0,0,0,1,0,0
"VWA3A",18,64,48,29,46,7,16,18,9,24
"SDR42E2",1,6,9,2,15,1,0,4,3,11
"EEF2K",20,151,131,305,203,52,45,70,30,222
"AC009034.1",0,2,0,1,2,0,0,0,0,5
"POLR3E",6,34,22,38,39,9,11,19,4,27
"CDR2",25,123,111,276,193,37,30,64,25,161
"AC092338.1",0,0,1,0,1,0,0,0,0,1
"AC092338.2",5,35,71,128,67,5,2,8,0,31
"NPIPB5",7,34,27,80,69,30,11,45,11,30
"AC009021.1",0,2,1,10,5,1,0,3,2,2
"AC130466.1",0,2,0,3,0,0,0,0,0,0
"HS3ST2",0,12,26,25,34,6,0,2,4,4
"AC127459.2",0,0,0,0,0,0,0,0,0,0
"USP31",13,52,76,232,117,23,22,40,13,57
"SCNN1G",0,2,1,0,0,0,1,0,0,1
"AC099482.1",0,0,0,0,0,0,1,0,0,0
"SCNN1B",0,4,2,0,1,1,3,0,1,0
"COG7",14,85,73,117,105,28,30,76,23,94
"AC008915.2",0,2,4,2,3,1,0,4,0,3
"GGA2",22,68,91,155,146,44,42,74,26,95
"EARS2",7,12,7,17,14,2,3,7,0,17
"UBFD1",5,17,18,30,22,3,10,7,3,13
"NDUFAB1",11,47,25,48,27,17,11,26,3,32
"PALB2",2,12,8,20,18,5,5,8,3,16
"AC008870.4",1,1,3,1,2,0,0,0,0,0
"DCTN5",11,57,57,74,67,12,9,36,11,27
"PLK1",2,8,12,20,18,5,4,4,2,7
"ERN2",0,0,0,0,1,0,0,0,0,2
"CHP2",0,1,0,0,0,0,0,0,0,0
"PRKCB",39,188,253,395,370,39,25,29,18,56
"LINC2194",0,0,0,0,0,1,0,0,0,0
"CACNG3",15,29,54,68,66,12,3,8,4,9
"AC008938.1",0,0,0,1,0,0,0,0,0,0
"RBBP6",34,180,147,307,249,91,94,143,45,151
"TNRC6A",282,1220,1501,2476,1794,314,415,724,246,1839
"LINC01567",2,29,57,89,47,7,3,13,6,60
"AC008731.1",9,118,144,153,141,35,32,33,3,156
"SLC5A11",51,224,271,367,189,24,40,23,19,137
"ARHGAP17",12,69,42,106,66,16,23,27,14,44
"LINC02175",0,0,0,0,0,0,0,0,0,1
"LCMT1",14,62,55,84,59,12,14,29,13,42
"LCMT1-AS2",0,0,0,0,0,0,0,1,0,0
"AQP8",0,1,2,1,1,0,0,0,0,2
"ZKSCAN2",2,7,7,8,11,1,1,4,3,10
"AC008741.1",0,0,0,1,0,0,0,1,0,0
"AC008741.2",3,14,13,19,9,1,1,5,1,13
"LINC02191",0,0,1,0,1,1,0,0,0,0
"HS3ST4",6,75,128,186,160,7,4,6,9,30
"AC009158.1",0,1,1,0,1,0,0,0,0,2
"AC009035.1",0,0,1,0,1,0,0,0,0,1
"LINC02129",0,0,0,0,0,0,0,0,0,0
"KDM8",1,14,7,6,9,2,2,3,1,7
"AC109449.1",0,0,0,0,0,0,1,1,0,0
"NSMCE1",5,74,38,41,44,12,15,23,10,29
"AC106739.1",2,17,15,12,21,3,4,9,4,26
"IL4R",1,1,2,7,13,1,0,2,0,1
"IL21R",1,0,3,3,4,0,0,1,0,0
"IL21R-AS1",2,1,1,0,1,0,1,0,0,1
"GTF3C1",9,57,67,140,68,18,24,57,14,42
"KIAA0556",21,71,74,97,120,25,25,41,17,68
"AC016597.1",14,25,20,43,59,14,9,12,12,35
"GSG1L",4,13,15,34,33,9,8,9,8,13
"XPO6",19,69,84,132,105,25,23,36,11,54
"AC138904.3",1,4,3,2,7,1,0,1,0,5
"AC138904.1",0,0,0,1,0,0,0,0,0,1
"SBK1",4,17,7,17,9,3,2,9,1,3
"NPIPB6",2,0,4,0,6,3,2,5,1,5
"EIF3CL",1,2,4,3,2,4,1,1,0,1
"AC138894.1",1,0,4,7,3,0,1,0,1,1
"CLN3",0,0,0,0,0,1,0,0,0,1
"APOBR",0,0,0,2,0,0,0,0,0,0
"IL27",0,2,2,0,0,0,0,0,0,3
"NUPR1",2,23,57,109,50,58,69,157,19,62
"AC020765.2",1,1,10,7,8,5,4,9,2,9
"SGF29",3,17,21,55,26,6,8,12,3,18
"SULT1A2",1,3,5,10,2,1,0,1,1,5
"SULT1A1",12,61,57,60,73,13,10,52,6,86
"NPIPB8",0,0,0,0,1,0,1,1,0,0
"EIF3C",2,1,3,11,4,1,0,3,1,5
"NPIPB9",0,1,0,0,1,1,1,0,0,0
"AC145285.2",1,0,5,2,1,1,0,2,2,4
"AC145285.3",0,0,1,0,0,0,0,1,0,0
"AC145285.6",1,1,2,3,1,0,0,1,0,0
"ATXN2L",14,34,34,74,51,34,16,48,18,75
"AC133550.1",0,0,1,1,2,1,0,0,0,1
"TUFM",33,136,138,161,118,69,71,109,34,73
"SH2B1",41,70,89,149,82,33,32,53,25,84
"AC133550.2",9,30,35,39,35,5,6,7,3,48
"ATP2A1",0,11,12,28,13,3,2,5,0,17
"ATP2A1-AS1",0,1,2,0,1,1,1,3,0,4
"RABEP2",4,14,35,42,34,7,3,9,8,27
"CD19",0,0,0,0,4,0,0,0,0,0
"NFATC2IP",15,58,72,95,64,10,12,26,13,61
"AC109460.2",1,9,7,16,14,3,3,3,0,14
"AC109460.1",0,0,2,3,0,0,0,2,0,0
"SPNS1",3,28,32,48,44,16,7,20,13,31
"LAT",4,2,16,30,24,5,7,8,4,9
"AC009093.2",12,48,32,76,75,13,17,45,17,44
"AC009093.1",0,0,0,0,0,0,0,0,0,0
"AC009093.4",0,0,0,1,1,0,0,0,0,0
"NPIPB11",1,4,4,12,2,2,1,6,4,2
"BOLA2",0,0,0,0,2,0,0,0,1,0
"SLX1B",0,0,0,0,1,0,0,0,0,0
"SULT1A4",0,1,0,2,1,1,0,0,0,0
"NPIPB12",0,9,1,12,8,1,1,2,1,5
"AC009086.2",1,0,3,1,1,0,1,1,0,2
"QPRT",0,21,26,21,25,3,3,13,0,20
"C16orf54",0,0,0,0,1,0,0,0,0,0
"KIF22",6,26,13,36,16,15,9,25,6,18
"AC009133.4",0,0,0,1,0,0,0,1,0,2
"MAZ",10,25,20,51,45,21,14,37,15,18
"AC009133.1",4,23,36,24,20,4,6,5,1,22
"PRRT2",0,1,2,1,3,0,0,0,0,0
"MVP",10,52,39,44,45,21,13,27,7,23
"CDIPT",8,33,41,51,40,27,18,27,8,33
"AC120114.3",0,1,0,0,1,0,1,0,0,0
"SEZ6L2",40,93,114,121,75,10,7,9,6,26
"ASPHD1",15,52,88,82,74,11,14,16,3,53
"KCTD13",14,48,84,131,82,34,22,49,21,80
"AC120114.1",0,2,1,2,4,1,1,1,0,2
"TMEM219",15,51,74,96,97,58,32,57,20,69
"TAOK2",10,22,28,70,38,19,15,25,10,22
"HIRIP3",4,22,13,20,17,4,1,12,5,4
"INO80E",9,28,14,44,21,15,14,27,11,16
"DOC2A",7,29,49,49,48,6,11,20,6,41
"C16orf92",0,0,0,0,0,0,0,0,0,0
"FAM57B",3,8,10,22,14,4,1,4,2,6
"AC093512.2",1,5,1,5,2,0,1,1,0,4
"AC093512.1",0,0,1,0,0,0,0,0,0,0
"PPP4C",2,24,22,43,43,23,19,35,10,25
"TBX6",2,7,17,24,24,10,10,23,1,29
"YPEL3",25,79,124,161,141,62,60,80,45,63
"AC012645.1",1,9,13,10,11,2,3,2,1,2
"GDPD3",2,3,2,7,4,5,1,11,3,7
"AC012645.2",0,1,1,4,3,0,0,1,0,1
"AC012645.4",0,2,0,0,0,0,0,0,0,0
"MAPK3",10,46,40,59,34,12,20,22,21,18
"CORO1A",3,12,13,6,15,2,2,3,2,2
"AC012645.3",0,0,1,0,1,0,0,0,0,0
"SULT1A3",2,0,1,2,2,15,1,7,13,0
"AC106782.1",0,0,0,0,0,0,0,0,0,0
"NPIPB13",0,5,11,14,15,4,0,4,9,10
"CD2BP2",8,31,20,49,22,8,6,9,1,14
"AC106782.2",0,0,1,0,1,0,0,0,0,0
"TBC1D10B",8,23,24,53,24,6,6,20,7,11
"MYLPF",1,10,21,41,22,26,5,26,19,9
"ZNF48",2,11,13,18,15,4,0,6,2,5
"SEPT1",3,25,28,15,25,8,7,11,2,20
"ZNF771",4,29,23,44,40,22,17,26,9,34
"DCTPP1",6,15,9,12,6,3,8,4,4,10
"SEPHS2",4,22,10,17,9,6,5,12,2,14
"ITGAL",2,19,7,13,11,2,2,7,1,8
"AC116348.3",1,2,1,0,1,0,0,2,0,0
"ZNF768",3,21,17,49,21,10,10,16,11,16
"AC002310.5",0,2,0,3,1,0,0,0,0,0
"AC002310.4",0,5,12,19,12,2,2,3,2,7
"AC002310.1",3,8,19,19,14,6,4,11,0,18
"ZNF688",9,39,18,30,29,9,11,19,11,21
"AC002310.2",1,2,4,7,6,1,1,0,0,1
"ZNF785",8,19,23,52,38,5,9,13,5,23
"AC093249.2",3,12,16,14,21,2,2,7,2,16
"ZNF689",3,15,9,9,13,3,4,4,4,11
"PRR14",6,32,29,41,51,16,26,46,12,29
"FBRS",7,32,13,42,31,14,10,30,4,15
"AC093249.6",0,15,25,12,15,3,4,6,2,43
"SRCAP",0,0,0,1,1,0,0,0,0,0
"AC106886.5",0,0,0,5,1,0,0,0,0,0
"PHKG2",12,29,31,31,27,19,18,18,8,9
"CCDC189",4,10,10,16,7,2,6,3,4,1
"RNF40",8,57,35,41,56,13,13,37,15,24
"ZNF629",3,13,11,20,7,2,3,8,2,11
"AC106886.3",0,2,0,0,0,0,1,0,0,0
"BCL7C",17,56,50,71,76,28,9,43,9,65
"MIR762HG",7,46,58,67,51,13,12,23,2,45
"CTF1",0,3,11,7,12,2,1,8,1,18
"FBXL19-AS1",0,3,4,16,10,1,4,6,3,7
"FBXL19",8,14,17,41,20,12,6,14,5,10
"ORAI3",2,13,23,27,15,12,8,12,9,15
"AC135048.3",1,0,1,0,0,0,0,1,0,0
"SETD1A",7,12,31,36,31,14,8,21,4,16
"HSD3B7",1,6,5,15,8,8,4,12,5,4
"STX1B",10,31,23,59,26,7,4,10,4,12
"STX4",13,23,33,54,32,15,13,21,4,15
"AC135050.3",9,8,8,24,30,9,1,8,5,10
"AC135050.1",1,1,3,1,2,3,0,0,0,1
"ZNF668",4,12,18,15,5,5,1,7,2,7
"AC135050.4",0,8,5,1,4,3,0,3,0,9
"ZNF646",2,4,6,11,7,7,0,5,1,12
"PRSS53",0,0,0,0,0,0,0,0,0,0
"AC135050.2",0,1,1,5,4,0,0,0,0,2
"BCKDK",8,24,28,35,17,2,11,18,4,23
"KAT8",8,37,37,57,62,23,12,29,21,31
"PRSS8",0,0,0,0,0,0,0,2,0,0
"PRSS36",0,1,3,1,1,0,0,0,0,0
"FUS",47,237,190,353,328,63,67,79,44,266
"AC009088.2",0,0,0,0,0,0,0,0,0,0
"AC009088.1",0,0,3,0,2,1,0,0,0,1
"PYCARD",2,3,1,2,2,0,1,1,0,0
"PYCARD-AS1",0,1,0,0,0,0,0,0,0,0
"TRIM72",0,2,0,1,1,1,0,0,0,0
"PYDC1",0,2,0,3,1,0,1,0,0,0
"ITGAM",2,1,2,6,5,0,0,7,2,3
"ITGAX",4,0,1,1,5,0,0,1,0,0
"ITGAD",1,1,0,1,2,0,0,0,0,2
"COX6A2",0,1,0,0,0,0,0,0,0,0
"AC026471.5",0,0,0,1,0,0,1,0,1,0
"ZNF843",1,4,4,3,5,3,0,1,0,1
"AC026471.4",7,24,27,17,24,7,11,16,2,33
"AC026471.1",0,0,1,1,1,0,0,0,1,1
"ARMC5",4,18,14,32,15,8,8,21,6,8
"TGFB1I1",0,0,0,1,1,0,0,2,0,4
"SLC5A2",0,0,0,1,0,0,0,0,0,0
"AC026471.3",0,0,0,0,0,0,0,1,0,0
"C16orf58",8,35,34,36,37,5,16,24,9,35
"AC026471.2",0,6,3,1,3,4,2,2,0,6
"AHSP",0,0,0,0,1,0,0,0,0,0
"AC074050.4",0,0,0,0,0,0,0,0,0,0
"ZNF720",3,43,36,97,61,10,24,30,10,78
"ZNF267",3,8,7,10,7,6,4,6,3,3
"AC133485.3",0,0,0,0,0,0,0,0,0,0
"TP53TG3D",0,0,0,0,0,0,0,0,0,0
"AC137761.1",0,0,0,1,0,1,0,0,0,0
"AC145350.2",0,6,0,3,1,0,0,2,0,2
"AC141257.2",0,0,3,0,1,0,1,1,0,0
"AC136944.1",0,1,0,0,6,1,3,1,0,3
"AC136944.2",0,0,0,0,0,1,0,0,0,0
"AC023824.3",0,1,2,4,0,0,0,0,0,0
"LINC01566",0,0,0,0,0,1,0,0,0,1
"SHCBP1",0,0,1,1,2,1,0,0,0,4
"AC092368.3",0,0,0,0,1,0,0,2,1,0
"VPS35",30,114,92,140,108,42,34,57,18,68
"ORC6",2,4,4,1,4,4,0,3,3,7
"MYLK3",2,2,6,5,3,4,2,2,0,6
"C16orf87",5,28,30,41,46,15,21,30,6,32
"GPT2",37,233,165,214,210,75,79,123,37,128
"DNAJA2",3,33,10,19,17,7,4,17,3,12
"AC018845.3",0,1,1,1,5,0,1,0,0,1
"AC018845.1",0,5,3,9,4,2,2,0,0,10
"NETO2",3,26,27,74,26,5,6,5,3,8
"ITFG1-AS1",0,2,1,0,1,0,2,0,0,1
"ITFG1",94,423,359,601,541,148,189,271,125,428
"AC007494.2",0,2,1,1,2,0,0,1,0,2
"AC007533.1",1,10,7,6,6,3,4,3,0,12
"PHKB",25,127,121,211,193,57,69,116,42,167
"LINC02133",1,2,2,8,4,1,0,2,0,3
"LINC02192",0,2,1,0,2,0,0,0,0,0
"LINC02134",0,0,0,0,0,0,0,0,0,0
"ABCC12",1,0,1,2,1,0,0,0,0,0
"ABCC11",1,7,2,3,4,0,2,0,1,2
"LONP2",58,281,262,421,400,93,85,160,56,275
"SIAH1",7,48,44,72,73,19,18,44,13,38
"N4BP1",14,90,60,138,117,46,33,63,13,69
"AC026470.2",0,3,2,2,4,0,1,2,0,0
"AC007611.1",3,4,11,15,16,1,4,5,1,11
"AC044798.1",0,0,0,0,0,0,0,0,0,0
"CBLN1",1,0,1,1,1,0,0,0,1,0
"AC007614.1",0,3,0,5,9,1,1,3,0,3
"C16orf78",0,0,0,1,0,0,0,0,0,0
"AC007861.1",0,0,0,0,0,0,0,0,0,1
"ZNF423",29,90,116,168,185,30,30,82,33,193
"CNEP1R1",3,17,13,16,17,16,6,16,3,22
"AC007610.1",1,3,0,2,5,1,0,1,0,4
"HEATR3",5,13,19,49,34,10,10,14,3,11
"AC007610.2",0,2,3,1,3,0,0,2,0,1
"TENT4B",13,51,47,94,89,6,12,25,15,61
"ADCY7",1,0,3,6,8,0,0,5,0,1
"BRD7",6,49,38,56,87,26,16,37,16,39
"AC007493.1",4,6,7,7,12,7,8,14,2,12
"NKD1",4,14,5,19,16,2,3,5,2,8
"AC007608.3",0,1,1,0,0,1,0,0,0,0
"SNX20",0,0,1,0,0,0,0,0,0,0
"NOD2",0,1,0,0,2,0,0,0,0,0
"AC007728.2",1,0,0,1,0,0,1,0,0,1
"CYLD",25,91,68,135,106,27,32,47,25,63
"AC007728.1",0,2,0,1,1,0,2,1,0,1
"LINC02128",1,1,2,1,0,0,0,1,0,0
"AC025810.1",2,0,0,9,0,0,0,0,0,0
"SALL1",4,36,38,78,75,47,23,65,27,38
"AC087564.1",85,211,273,374,369,65,133,169,105,439
"AC007344.1",8,24,43,26,30,6,5,8,5,43
"HNRNPA1P48",2,4,3,6,4,6,1,1,0,3
"AC007333.2",0,0,0,2,0,0,0,0,0,0
"TOX3",2,12,16,29,14,3,5,4,1,2
"CASC16",0,0,0,0,0,0,0,1,0,0
"AC007906.2",2,1,0,2,0,0,2,0,1,1
"CHD9",233,703,848,1619,1636,432,445,707,219,1127
"RBL2",16,146,90,85,150,41,73,72,36,128
"AKTIP",6,25,23,35,45,18,12,23,9,22
"RPGRIP1L",6,15,31,51,45,11,18,37,12,51
"FTO",85,390,375,721,656,176,177,283,131,429
"AC007496.2",0,0,0,0,1,0,0,0,0,1
"AC007347.1",0,2,4,0,2,0,1,0,1,5
"LINC02169",0,1,3,1,0,0,0,1,0,2
"LINC02183",0,0,1,0,1,0,0,0,1,0
"CRNDE",1,11,7,23,15,2,4,7,1,18
"AC106738.1",0,0,0,1,0,0,0,0,0,0
"AC109462.1",0,0,0,0,0,0,0,0,0,0
"IRX6",0,0,0,0,1,0,0,0,0,0
"MMP2",0,0,0,0,2,0,0,0,1,1
"MMP2-AS1",0,0,1,1,1,1,0,0,0,0
"LPCAT2",9,9,15,15,21,3,2,4,2,7
"SLC6A2",0,0,0,1,0,0,0,0,0,0
"CES1",0,0,2,1,0,0,0,1,0,1
"CES5A",0,2,1,1,1,0,0,0,0,1
"AC007495.1",13,50,37,47,64,22,25,36,17,47
"AC007495.2",3,14,19,18,25,1,3,9,1,13
"GNAO1",99,402,332,704,544,101,118,202,89,272
"DKFZP434H168",0,2,0,2,1,0,0,0,0,0
"AMFR",12,67,39,143,78,42,38,39,20,61
"AC092140.1",3,10,11,12,8,6,4,1,0,27
"NUDT21",6,48,52,66,63,25,19,37,15,58
"OGFOD1",4,48,53,87,84,10,10,29,5,42
"AC092140.2",0,3,4,16,6,4,2,1,9,11
"BBS2",53,297,254,550,491,126,149,163,109,375
"MT4",0,0,0,2,1,0,0,0,0,2
"MT3",225,395,447,959,666,510,353,572,256,436
"MT2A",195,1766,1029,3104,1072,1165,819,4806,770,632
"MT1E",40,664,258,738,389,584,436,2128,468,323
"MT1M",13,411,98,325,131,164,175,700,150,109
"MT1A",1,16,2,5,6,2,2,16,2,4
"MT1F",25,149,104,475,136,258,149,1126,195,67
"MT1G",13,275,159,541,126,189,193,1301,203,89
"MT1H",5,12,4,33,6,6,27,97,8,13
"MT1X",2,412,100,415,121,266,195,1670,163,156
"AC106779.1",2,2,10,18,16,6,5,3,2,6
"NUP93",7,45,41,59,41,15,13,13,6,25
"SLC12A3",1,3,0,8,3,3,0,0,2,2
"HERPUD1",9,49,49,92,82,48,40,45,10,42
"CETP",0,1,2,1,0,0,0,0,0,1
"NLRC5",0,15,18,36,25,10,5,13,3,12
"AC023825.2",0,1,0,0,0,0,0,0,0,0
"CPNE2",8,47,35,42,67,15,14,24,8,34
"FAM192A",12,55,42,80,57,25,22,38,20,32
"RSPRY1",8,68,37,71,71,17,15,16,12,42
"ARL2BP",15,63,36,50,58,19,25,31,7,54
"AC009090.3",4,0,0,2,1,0,1,0,1,0
"PLLP",33,140,87,95,77,23,17,14,12,34
"CCL22",0,0,0,0,0,0,0,0,0,0
"CX3CL1",12,16,21,44,22,13,9,14,8,7
"CCL17",0,0,1,0,0,0,0,2,0,0
"CIAPIN1",12,33,30,27,15,5,9,18,5,16
"COQ9",17,74,68,112,82,25,27,57,18,112
"POLR2C",14,48,44,36,41,14,16,44,11,33
"DOK4",2,5,7,10,7,2,3,2,1,3
"CCDC102A",0,2,1,3,3,1,1,8,0,1
"ADGRG5",1,3,0,2,3,0,0,0,0,1
"ADGRG1",63,301,385,556,366,81,104,170,76,221
"ADGRG3",0,0,0,1,2,0,0,0,0,0
"AC018552.2",0,0,0,1,0,0,0,0,0,0
"DRC7",1,2,5,1,4,2,1,1,1,6
"KATNB1",6,20,27,16,14,7,8,11,3,17
"KIFC3",24,43,58,78,64,18,8,34,6,55
"AC092118.2",0,0,2,9,1,0,0,4,0,1
"AC092118.1",0,0,3,0,1,1,0,0,0,0
"CNGB1",1,5,9,9,11,0,2,0,0,3
"TEPP",0,0,1,0,2,0,0,0,0,0
"ZNF319",2,7,8,8,5,7,0,8,2,2
"USB1",5,15,15,22,20,7,10,7,3,11
"MMP15",2,14,15,18,18,8,9,14,5,3
"CFAP20",3,33,18,29,25,12,10,19,8,19
"AC026771.1",0,0,1,0,0,0,0,0,0,1
"AC009107.2",3,1,8,4,11,2,2,5,1,13
"CSNK2A2",7,33,27,53,43,14,15,23,9,35
"AC009107.1",0,0,3,1,2,0,1,2,1,1
"CCDC113",1,10,6,16,9,6,1,8,5,9
"PRSS54",1,2,0,0,1,1,0,0,0,0
"GINS3",8,7,18,12,10,1,11,10,2,9
"AC009118.2",0,0,1,0,2,0,0,0,1,0
"LINC02137",0,1,1,2,1,0,0,2,0,0
"NDRG4",27,193,112,171,129,40,44,80,39,51
"SETD6",3,9,21,30,15,13,12,10,4,17
"CNOT1",11,66,57,107,103,29,30,46,18,61
"AC009118.3",3,3,6,13,14,6,7,9,2,6
"SLC38A7",1,13,35,34,38,11,7,12,6,21
"GOT2",5,57,53,66,52,15,13,27,8,29
"AC092378.1",7,30,46,64,44,10,9,18,11,38
"AC092378.2",0,0,0,3,0,0,0,0,0,0
"LINC02141",0,2,2,4,1,0,3,1,0,1
"AC018554.1",0,2,0,3,1,1,1,0,0,1
"CDH8",14,45,76,130,138,27,9,20,8,20
"AC012174.1",0,1,1,1,1,0,0,2,1,0
"AC009110.1",0,0,0,0,0,0,0,0,0,0
"AC138305.1",2,12,9,17,8,3,7,6,2,7
"LINC02165",0,3,2,1,0,2,0,3,0,1
"AC092337.1",0,0,1,1,1,0,0,0,0,0
"AC093536.2",0,0,0,0,0,0,0,0,0,0
"AC012322.1",1,2,1,5,4,2,0,2,3,2
"AC092131.1",1,5,3,5,2,1,1,4,2,3
"CDH11",41,133,88,193,210,43,52,70,36,155
"LINC02126",0,0,0,0,0,0,0,0,0,0
"AC009055.2",0,0,0,2,0,0,0,0,0,0
"AC009055.1",0,1,2,2,0,0,1,0,1,2
"LINC00922",0,1,2,3,1,0,2,0,1,1
"AC092138.2",0,0,0,0,0,0,0,0,0,1
"CDH5",0,2,1,0,0,0,0,2,0,2
"LINC00920",0,0,1,0,0,0,0,0,0,0
"BEAN1",5,34,32,28,16,0,3,6,2,21
"AC010542.3",3,33,20,23,10,4,3,6,1,21
"TK2",6,38,21,22,32,2,5,12,4,26
"AC010542.2",0,5,4,3,1,1,1,5,0,1
"AC010542.4",0,1,1,3,1,0,0,0,0,1
"CKLF",0,0,0,0,0,1,0,1,0,0
"AC010542.5",0,0,0,0,1,0,0,0,0,1
"CMTM2",0,2,1,2,0,0,2,0,0,1
"CMTM3",1,2,4,6,5,4,0,5,3,3
"CMTM4",19,148,81,193,170,57,51,65,24,59
"DYNC1LI2",34,128,131,239,168,38,44,47,28,107
"AC018557.1",5,20,11,37,21,5,11,4,5,13
"AC018557.2",0,0,0,0,0,0,0,0,0,0
"AC044802.1",0,0,1,0,0,0,0,2,0,1
"TERB1",1,3,3,3,8,0,1,1,0,2
"NAE1",15,57,60,64,95,37,43,54,19,85
"CA7",0,2,7,5,3,1,1,3,0,2
"PDP2",3,15,14,42,26,10,8,20,6,31
"RRAD",2,3,2,26,7,0,0,2,1,4
"FAM96B",21,80,84,78,79,34,28,45,14,45
"CES2",5,27,28,31,24,4,6,15,5,20
"CES3",0,1,2,6,5,2,1,4,3,2
"CES4A",3,39,39,33,33,3,9,4,3,16
"CBFB",23,149,70,138,147,38,49,60,24,103
"C16orf70",13,35,30,51,47,9,9,18,6,42
"B3GNT9",2,3,5,3,6,3,3,5,1,3
"TRADD",6,11,8,12,19,5,6,2,2,6
"FBXL8",0,1,1,1,1,0,0,0,0,1
"HSF4",39,57,106,99,93,55,32,96,26,106
"NOL3",15,50,34,12,30,12,23,35,6,41
"KIAA0895L",16,38,80,84,61,12,23,35,30,58
"EXOC3L1",0,0,3,1,0,0,1,0,0,0
"E2F4",5,18,25,80,30,15,16,40,10,46
"ELMO3",2,2,2,3,0,1,0,1,1,1
"LRRC29",7,21,16,24,21,3,7,4,3,17
"TMEM208",14,39,37,58,37,16,20,26,4,23
"FHOD1",1,2,15,23,16,9,2,11,6,6
"SLC9A5",4,5,19,28,12,5,7,10,0,6
"PLEKHG4",1,2,3,4,0,2,0,5,1,2
"KCTD19",0,2,0,5,3,1,2,0,0,5
"LRRC36",4,4,1,2,4,0,1,5,0,3
"TPPP3",29,95,38,24,35,20,10,26,10,27
"ZDHHC1",8,16,14,23,23,5,7,9,8,13
"HSD11B2",0,0,2,2,1,2,1,0,0,2
"ATP6V0D1",11,68,47,80,40,19,19,31,9,22
"AC009061.2",18,58,70,75,80,11,12,16,4,93
"AGRP",0,2,0,0,3,0,0,0,0,1
"AC027682.6",3,8,6,7,13,10,5,8,1,11
"RIPOR1",15,55,78,112,77,30,27,41,14,73
"AC027682.2",0,4,1,1,0,0,0,0,0,0
"AC027682.4",1,12,12,23,10,5,4,5,3,2
"CTCF",13,44,40,73,79,19,9,19,9,47
"CARMIL2",1,2,7,7,14,3,2,2,1,1
"ACD",2,9,11,18,18,13,3,11,8,10
"PARD6A",1,6,7,17,7,1,6,6,2,10
"ENKD1",9,11,19,33,20,10,3,10,8,2
"C16orf86",1,9,14,5,8,1,7,5,2,12
"GFOD2",7,20,28,27,28,5,9,14,4,15
"RANBP10",10,39,41,68,43,11,14,24,7,32
"TSNAXIP1",7,12,18,19,17,12,8,16,4,14
"CENPT",16,29,50,69,35,29,17,49,18,33
"THAP11",5,14,12,9,12,5,5,10,3,5
"NUTF2",3,11,7,20,13,10,7,6,6,13
"EDC4",0,0,0,0,0,0,0,0,0,0
"AC040162.3",0,0,0,0,0,1,0,0,1,0
"NRN1L",0,0,1,0,0,1,0,0,0,0
"PSKH1",1,12,10,19,29,3,4,11,5,13
"CTRL",0,1,0,0,0,2,1,0,1,0
"AC040162.1",0,0,0,1,0,0,0,0,0,0
"LCAT",18,10,49,61,72,33,23,34,19,30
"SLC12A4",8,23,27,33,28,11,10,15,9,17
"DPEP3",0,0,0,0,0,2,0,0,1,0
"DPEP2",1,1,0,0,5,0,0,0,0,1
"DUS2",11,28,24,30,37,5,5,13,2,32
"DDX28",2,6,6,10,5,3,0,3,0,1
"NFATC3",28,142,120,222,221,50,40,78,41,137
"AC020978.3",0,1,1,3,4,1,0,0,1,5
"ESRP2",0,0,0,0,0,0,0,0,0,0
"PLA2G15",3,6,12,20,20,3,6,8,6,10
"AC020978.2",0,0,1,1,0,1,0,0,0,0
"SLC7A6",8,69,57,71,69,9,7,19,1,38
"SLC7A6OS",15,60,44,72,45,7,7,29,7,39
"PRMT7",11,36,39,60,53,9,11,20,12,29
"SMPD3",1,6,7,16,13,0,1,0,1,1
"AC099521.1",1,1,0,4,4,0,0,0,0,0
"ZFP90",13,55,48,68,74,17,10,34,14,40
"AC126773.1",1,1,2,0,0,2,0,0,0,1
"AC126773.4",4,6,2,11,9,1,0,3,0,1
"CDH3",5,12,17,18,14,6,7,9,3,23
"AC126773.2",0,0,0,0,0,0,0,0,0,0
"CDH1",5,6,15,23,17,3,1,0,3,5
"AC099314.1",0,0,0,0,0,0,0,0,1,1
"TANGO6",15,93,90,152,137,18,18,34,21,80
"AC009137.1",4,2,7,5,9,0,1,3,0,12
"HAS3",0,1,1,0,0,0,0,2,1,0
"CHTF8",6,25,17,32,23,10,8,17,3,16
"UTP4",3,12,16,30,31,5,2,11,4,11
"SNTB2",5,67,68,127,83,10,14,23,12,44
"AC026464.4",0,1,0,1,0,0,0,0,0,0
"VPS4A",11,72,64,131,47,25,11,41,12,30
"COG8",6,16,20,32,20,11,5,13,5,11
"AC026464.3",0,17,8,16,11,3,1,1,5,11
"NIP7",1,10,3,9,9,7,3,6,2,6
"TERF2",7,30,22,38,45,12,5,11,6,49
"CYB5B",30,511,187,520,316,70,87,151,38,304
"NFAT5",105,1073,556,1014,1008,298,402,599,191,972
"NQO1",1,34,48,36,39,47,31,190,33,49
"AC092115.2",0,0,0,0,0,0,1,2,0,1
"AC092115.3",1,10,5,22,9,3,2,3,5,15
"NOB1",1,15,11,13,14,8,6,6,1,14
"WWP2",21,81,66,101,114,23,19,26,12,60
"CLEC18A",0,0,0,2,1,0,0,2,0,0
"PDPR",20,92,58,163,133,30,28,26,32,46
"AC009060.1",1,11,30,42,9,1,1,2,0,3
"CLEC18C",0,0,0,1,1,0,0,1,0,0
"EXOSC6",9,38,21,88,38,25,12,46,10,14
"AARS",28,78,76,132,87,31,32,76,15,62
"DDX19B",0,1,2,1,3,0,1,1,0,0
"AC012184.2",1,5,11,13,6,2,0,1,0,2
"DDX19A",1,12,16,11,21,4,3,8,1,10
"ST3GAL2",9,29,45,65,70,15,10,22,9,41
"AC012184.1",1,1,12,7,5,0,1,3,1,4
"FUK",14,20,27,58,33,15,14,33,7,22
"COG4",12,34,48,87,65,28,30,47,24,62
"SF3B3",10,66,49,70,53,16,12,28,10,50
"IL34",0,4,5,13,8,4,0,5,4,3
"MTSS1L",83,280,251,668,564,252,159,323,210,448
"VAC14",10,52,47,81,81,12,18,33,4,73
"VAC14-AS1",13,21,31,47,47,44,37,21,25,36
"AC027281.1",0,0,2,0,1,2,0,0,0,0
"HYDIN",32,106,140,155,308,95,86,132,47,139
"AC138625.2",0,0,0,0,0,0,0,0,0,0
"CMTR2",10,18,27,35,61,22,13,25,5,52
"CALB2",2,6,2,15,0,0,1,3,0,3
"LINC02136",0,0,0,0,0,0,0,0,0,0
"ZNF23",0,0,0,0,1,3,0,2,2,0
"AC010547.4",0,0,0,0,0,0,0,0,0,0
"AC010547.1",0,2,2,2,1,0,2,0,2,2
"ZNF19",1,18,16,22,20,8,5,9,13,15
"AC010547.3",1,0,0,2,1,0,1,0,0,0
"CHST4",0,1,2,2,4,0,0,1,0,1
"TAT",0,0,0,0,1,0,0,0,0,0
"TAT-AS1",0,1,2,2,1,1,0,3,0,0
"AC009097.2",0,1,0,3,1,0,0,2,0,0
"MARVELD3",1,3,17,28,17,3,4,4,2,15
"PHLPP2",19,69,64,102,96,31,34,53,17,95
"AC009097.1",4,9,15,21,11,2,4,3,1,13
"AP1G1",22,117,60,155,101,46,48,73,24,100
"IST1",29,116,103,185,120,36,34,54,36,85
"ZNF821",17,54,74,91,75,5,18,15,11,36
"PKD1L3",1,19,20,31,15,2,3,10,1,13
"DHODH",4,25,17,14,18,3,6,8,4,16
"TXNL4B",3,129,34,45,55,6,14,26,4,52
"HP",0,11,6,21,21,0,0,0,0,12
"HPR",1,2,7,8,9,5,11,12,2,9
"AC009087.1",0,2,2,0,1,0,0,0,0,2
"DHX38",10,39,39,70,46,15,11,19,7,17
"PMFBP1",1,4,8,5,4,4,1,0,1,2
"LINC01572",30,172,172,112,156,19,37,18,17,108
"AC004158.1",36,109,98,115,176,26,38,21,16,69
"AC004943.2",8,37,18,23,42,6,27,22,11,35
"ZFHX3",71,395,249,375,438,92,108,157,80,340
"AC004943.1",0,0,0,1,1,0,0,0,1,1
"AC116667.1",0,3,1,1,8,0,1,2,2,2
"HCCAT5",0,1,0,1,0,0,0,0,0,0
"AC116667.2",0,3,0,0,1,0,1,1,0,0
"AC140912.1",1,11,7,6,2,4,4,1,0,3
"LINC01568",0,10,9,6,11,0,0,2,1,18
"AC092114.1",0,1,2,1,3,0,0,0,0,4
"AC087565.2",0,2,0,1,2,0,0,0,0,1
"AC138627.1",34,135,90,132,166,18,27,23,12,181
"AC009120.4",0,7,6,11,7,0,0,2,0,3
"PSMD7",11,72,32,36,45,15,15,32,9,45
"AC009120.3",0,0,0,2,0,0,0,0,0,0
"AC009053.2",0,1,0,0,0,0,1,1,0,1
"NPIPB15",2,6,1,13,3,2,4,15,1,2
"CLEC18B",0,3,0,4,2,10,0,12,3,1
"AC009053.3",3,3,3,6,5,7,4,16,0,12
"GLG1",63,460,272,469,431,106,126,167,73,278
"RFWD3",3,33,21,26,38,0,4,16,3,21
"MLKL",1,1,1,9,8,3,1,2,2,6
"FA2H",46,87,101,128,119,7,17,5,13,47
"WDR59",45,155,153,189,196,70,74,125,47,188
"ZNRF1",4,24,30,79,57,19,11,30,8,40
"AC099508.1",0,3,0,5,3,1,3,2,5,1
"LDHD",8,18,11,13,19,9,18,12,8,19
"AC099508.2",1,2,3,6,6,1,1,1,0,4
"ZFP1",5,10,10,13,10,5,7,6,3,8
"CTRB1",0,0,0,1,0,0,0,0,1,1
"BCAR1",12,47,36,77,57,31,22,46,21,27
"CFDP1",14,69,76,123,110,24,36,53,20,97
"AC009163.4",1,4,5,25,13,5,5,4,1,4
"AC009163.7",3,6,3,5,9,5,0,2,1,3
"TMEM170A",0,1,0,0,1,0,0,1,0,0
"CHST6",2,25,32,80,27,7,7,8,5,20
"AC009163.1",36,186,158,529,147,33,30,67,10,100
"AC009163.6",0,1,0,3,0,1,1,1,0,1
"AC009163.2",0,0,1,0,0,0,0,0,2,0
"TMEM231",1,8,7,7,12,1,2,2,0,6
"AC025287.2",0,1,1,0,2,0,1,1,0,0
"GABARAPL2",36,145,105,113,93,89,40,89,19,63
"AC025287.3",0,1,0,1,4,1,0,3,0,0
"ADAT1",2,13,15,37,23,5,2,7,2,15
"KARS",6,36,28,41,23,9,10,25,5,29
"TERF2IP",42,328,246,342,227,56,75,94,54,194
"AC025287.4",0,3,3,6,2,0,1,2,0,4
"DUXB",0,3,1,3,0,0,0,0,0,1
"CPHXL",3,30,34,11,14,2,3,7,2,24
"AC105430.1",1,13,16,16,9,1,0,0,0,1
"AC099511.1",1,0,2,1,1,0,1,0,0,0
"AC010528.1",5,11,6,11,12,10,5,13,4,3
"CNTNAP4",72,89,121,168,224,23,27,30,36,74
"AC104151.1",3,11,11,25,29,10,3,2,2,13
"AC106729.1",1,6,7,6,3,3,1,4,0,1
"MON1B",1,14,6,2,7,3,0,3,1,4
"SYCE1L",4,2,3,9,5,0,0,1,1,0
"AC009139.2",1,2,2,2,6,2,0,3,0,7
"AC009139.1",1,4,0,0,0,0,0,1,0,0
"ADAMTS18",18,43,42,34,27,2,0,13,1,26
"AC025284.1",0,0,0,0,0,0,0,0,0,0
"LINC02131",0,0,0,0,0,0,0,0,0,0
"NUDT7",4,13,8,10,16,2,5,14,5,14
"VAT1L",6,12,15,33,24,2,7,4,1,11
"AC079414.1",0,0,0,0,0,0,0,0,0,1
"CLEC3A",0,0,2,0,0,0,0,0,0,0
"WWOX",492,2395,2380,3635,4021,835,981,838,648,2762
"WWOX-AS1",0,0,0,4,0,0,1,0,0,2
"AC046158.1",4,16,22,13,29,7,20,9,0,58
"AC092376.2",0,1,1,8,3,2,3,2,0,1
"AC092376.1",1,11,6,11,6,1,1,1,1,5
"AC084064.1",0,1,1,0,0,0,0,1,0,0
"MAF",6,21,33,99,73,70,24,45,17,28
"AC009159.2",0,0,0,1,0,0,0,0,0,0
"AC009159.3",1,1,2,1,0,1,1,1,0,1
"LINC01229",3,8,5,6,15,2,6,4,1,9
"MAFTRR",3,5,4,2,2,2,5,2,0,1
"AC022166.1",0,3,0,2,0,0,0,1,0,1
"AC105411.1",3,23,22,26,17,13,21,17,10,31
"DYNLRB2",0,7,7,7,14,5,14,12,7,13
"LINC01227",0,1,0,1,0,0,0,1,0,0
"CDYL2",4,38,38,81,66,20,14,25,6,27
"AC099313.1",0,0,0,0,0,0,0,0,0,0
"LINC02170",3,6,11,12,6,2,2,1,0,9
"CMC2",21,131,115,164,117,32,47,46,25,88
"CENPN",1,5,3,8,9,1,0,1,3,2
"AC092718.2",0,1,0,0,1,0,0,0,0,0
"AC092718.8",1,1,5,6,5,0,0,1,0,8
"ATMIN",4,24,29,38,32,11,12,24,9,19
"AC092718.5",0,0,2,2,2,0,0,0,0,4
"AC092718.6",1,1,2,1,2,0,0,0,0,1
"AC092718.1",0,0,2,1,0,0,0,1,0,1
"GCSH",0,0,0,0,1,0,0,0,0,0
"BCO1",10,90,31,17,43,5,8,10,4,60
"AC009148.1",0,11,9,14,17,1,2,5,3,8
"GAN",43,526,154,369,295,81,142,140,57,229
"CMIP",33,362,149,391,249,39,64,95,42,146
"PLCG2",2,19,19,31,32,9,4,55,6,19
"HSD17B2",0,1,0,0,0,0,0,1,0,1
"AC092142.1",1,3,13,30,13,5,3,6,2,8
"MPHOSPH6",11,36,32,61,76,31,20,48,9,27
"AC138304.1",0,0,2,1,2,0,2,0,0,0
"CDH13",41,102,167,174,155,28,31,35,10,46
"AC125793.1",0,0,4,1,2,3,1,1,1,5
"AC009142.1",0,0,1,0,0,0,0,0,0,0
"AC009063.3",1,0,0,0,1,0,0,0,1,0
"AC009063.2",18,31,83,160,72,13,23,19,6,37
"AC009119.1",0,0,0,0,2,0,0,0,0,0
"HSBP1",16,60,56,93,78,42,39,59,13,44
"MLYCD",0,10,3,12,13,2,1,1,1,7
"AC009119.2",3,9,6,15,7,2,2,3,1,4
"OSGIN1",1,9,13,12,9,7,0,56,3,7
"NECAB2",1,2,5,19,3,1,1,12,0,3
"SLC38A8",3,2,1,6,2,0,0,1,0,3
"MBTPS1",14,60,69,113,78,20,20,36,11,49
"AC040169.1",1,7,11,11,6,1,3,9,0,5
"HSDL1",8,18,19,42,27,7,2,8,8,17
"DNAAF1",0,7,5,10,7,0,5,2,2,7
"TAF1C",16,26,72,190,82,48,18,67,14,40
"ADAD2",0,0,0,0,0,0,0,0,0,0
"KCNG4",0,0,1,0,0,0,0,0,0,0
"AC010551.3",0,0,0,0,0,0,1,0,0,0
"WFDC1",0,7,32,35,52,9,7,9,0,36
"ATP2C2",2,8,6,14,16,1,2,2,1,26
"ATP2C2-AS1",0,3,2,5,4,0,1,2,1,7
"TLDC1",5,30,25,15,19,6,8,17,4,22
"COTL1",21,56,43,47,53,13,13,41,12,49
"KLHL36",4,17,22,23,31,8,7,21,8,16
"USP10",14,88,64,119,77,17,15,47,16,63
"CRISPLD2",1,12,4,31,21,6,1,7,4,7
"LINC02176",0,5,7,7,3,7,2,4,1,2
"ZDHHC7",13,30,40,82,47,18,13,27,9,18
"KIAA0513",7,33,40,65,46,7,7,9,6,22
"FAM92B",1,1,2,1,0,0,0,0,1,1
"LINC02139",0,1,0,0,1,0,0,0,0,0
"AC026469.1",0,0,0,0,0,0,0,0,0,0
"GSE1",28,124,78,146,126,23,56,88,28,88
"GINS2",0,5,4,4,5,1,0,2,1,5
"C16orf74",8,16,27,25,50,10,9,22,6,29
"AC018695.2",1,2,2,10,1,1,2,2,0,5
"EMC8",5,31,23,38,36,10,7,17,9,22
"AC018695.4",0,1,0,0,0,0,0,0,0,0
"COX4I1",83,307,295,351,234,94,72,133,37,95
"IRF8",1,1,2,4,12,2,0,1,0,0
"AC135012.1",2,1,0,0,1,0,0,0,2,1
"LINC01081",0,0,0,0,0,0,0,0,0,0
"FENDRR",0,0,0,0,0,0,0,0,0,0
"FOXF1",0,0,0,0,0,0,0,0,0,0
"AC009108.3",0,0,0,0,1,0,0,1,1,1
"MTHFSD",2,20,7,19,23,3,7,12,2,14
"FOXC2",0,0,0,0,1,0,0,0,0,0
"AC009154.1",1,0,0,0,0,0,0,0,0,0
"LINC02188",0,0,0,0,0,0,0,0,0,0
"C16orf95",3,8,18,26,21,6,7,11,4,18
"AC136285.1",0,0,0,0,0,0,0,0,1,0
"AC010531.1",1,1,5,5,6,3,2,5,0,4
"AC010531.6",1,8,5,0,3,4,3,4,2,6
"FBXO31",3,24,20,19,20,6,7,12,3,33
"AC010531.5",0,3,0,1,2,0,0,1,0,0
"MAP1LC3B",13,83,62,63,63,41,29,68,21,54
"AC010531.3",0,1,2,0,1,0,0,0,0,0
"ZCCHC14",11,63,70,121,92,19,24,49,18,68
"AC092720.1",2,0,2,3,2,0,0,1,0,2
"AC092720.2",0,1,0,3,1,0,0,0,0,0
"JPH3",3,20,26,40,23,10,4,5,3,6
"AC010536.3",0,0,1,0,2,0,0,0,0,0
"AC010536.1",1,0,2,1,4,0,0,1,0,0
"KLHDC4",12,27,39,58,33,3,5,20,10,21
"AC126696.3",1,0,1,3,1,3,1,6,0,5
"AC126696.1",0,1,1,2,3,1,1,3,1,0
"SLC7A5",2,12,17,51,19,12,6,73,7,24
"CA5A",1,2,4,5,4,0,0,2,0,5
"BANP",14,58,62,120,94,26,30,46,18,72
"AC134312.4",1,1,3,4,1,0,2,1,0,1
"AC134312.1",0,1,1,2,2,0,0,0,0,0
"AC134312.2",0,0,0,0,0,0,0,0,0,0
"AC134312.5",0,0,0,0,0,0,1,0,0,0
"AC134312.6",0,0,0,0,0,0,0,0,0,0
"LINC02182",0,0,0,0,0,0,0,1,0,0
"AC138512.1",1,4,2,1,5,0,1,1,1,4
"ZNF469",0,0,1,4,2,1,2,4,2,0
"ZFPM1",2,16,19,30,14,7,4,9,5,22
"AC116552.1",4,4,2,22,14,0,2,9,4,7
"ZC3H18",10,33,31,45,43,17,13,31,7,36
"CYBA",2,2,4,3,14,2,1,5,0,2
"MVD",10,48,69,96,47,13,16,21,14,23
"SNAI3-AS1",1,11,13,8,24,2,6,3,4,22
"SNAI3",8,46,45,87,62,7,8,18,4,51
"RNF166",0,5,12,27,16,9,1,18,6,8
"AC138028.3",0,0,0,0,0,0,0,0,0,0
"CTU2",0,7,4,10,10,1,2,11,2,5
"PIEZO1",14,21,30,92,50,49,43,57,26,38
"AC138028.4",0,0,0,0,0,0,0,0,0,0
"AC138028.2",0,0,0,1,0,0,0,0,0,0
"AC138028.1",0,3,1,3,0,0,0,1,0,0
"CDT1",0,1,1,1,2,2,0,0,0,1
"APRT",12,25,25,18,18,4,0,10,6,17
"GALNS",2,12,16,37,38,12,7,16,7,24
"TRAPPC2L",5,33,24,44,19,5,3,4,3,7
"PABPN1L",0,0,2,0,0,0,0,0,0,0
"CBFA2T3",0,2,5,10,12,0,1,3,0,0
"AC092384.2",0,0,1,0,0,0,0,0,0,0
"AC092384.1",0,0,0,2,3,0,1,0,0,0
"AC135782.1",3,10,15,14,13,2,1,1,0,3
"ACSF3",3,20,22,26,19,4,2,17,5,15
"LINC00304",0,0,0,0,0,0,0,0,0,0
"LINC02138",0,0,0,0,0,0,0,0,0,0
"CDH15",0,0,2,1,0,0,0,0,0,2
"AC009113.1",5,5,6,17,12,4,1,4,1,13
"ZNF778",3,19,19,24,18,6,6,11,1,17
"ANKRD11",54,244,207,362,334,62,73,149,48,198
"AC137932.3",0,1,9,13,8,2,0,4,0,1
"AC137932.1",0,0,2,0,1,0,1,0,0,1
"SPG7",28,112,133,199,145,37,35,71,37,108
"AC092123.1",2,5,6,16,6,4,1,0,2,11
"RPL13",89,243,206,263,347,138,82,164,66,175
"CPNE7",1,5,8,15,9,0,0,0,1,1
"DPEP1",0,2,3,3,1,1,0,1,0,1
"CHMP1A",7,43,38,47,47,23,11,25,16,22
"SPATA33",5,13,19,15,26,5,5,12,6,24
"CDK10",27,48,91,173,87,44,40,58,20,79
"LINC02166",0,1,1,5,3,0,0,0,0,1
"SPATA2L",4,9,14,19,16,4,6,18,1,27
"VPS9D1",13,41,43,75,79,20,15,41,30,59
"VPS9D1-AS1",1,2,3,2,0,0,0,1,0,1
"ZNF276",14,30,34,59,53,14,18,30,11,37
"FANCA",2,13,12,12,13,7,3,11,1,9
"SPIRE2",10,22,35,45,28,8,7,15,7,30
"TCF25",60,378,325,297,307,54,56,84,25,157
"MC1R",0,1,1,1,1,0,0,0,0,1
"AC092143.2",0,0,0,0,0,0,0,0,0,0
"TUBB3",0,0,0,2,1,0,0,1,1,0
"DEF8",18,47,72,103,84,46,30,70,30,40
"CENPBD1",1,4,10,8,12,3,0,4,0,4
"DBNDD1",3,9,14,32,6,2,2,15,3,10
"GAS8",13,30,31,68,26,7,18,18,13,33
"PRDM7",0,0,2,3,2,1,0,1,0,0
"FAM157C",7,31,19,48,45,16,20,26,13,35
"AC133919.1",1,0,1,2,1,1,0,2,0,2
"AC133919.2",1,16,21,24,16,11,10,21,3,32
"LINC02193",1,12,17,16,16,5,8,11,4,5
"AC240565.2",0,0,0,0,0,1,0,0,0,0
"AC240565.1",4,6,3,13,17,5,3,12,9,9
"DOC2B",1,1,2,10,1,0,1,1,0,1
"LINC02091",0,0,0,0,1,0,0,0,0,0
"RPH3AL",3,7,11,17,17,8,5,13,3,11
"AC129507.2",0,0,0,0,0,0,0,0,0,0
"AC141424.1",0,0,0,0,0,0,0,1,0,1
"C17orf97",1,21,17,22,13,6,4,11,4,9
"RFLNB",1,1,3,5,3,0,1,3,0,0
"AC015853.2",1,2,1,4,1,1,0,1,0,0
"VPS53",30,190,204,317,265,63,54,102,32,190
"AC015853.3",11,29,34,35,23,5,2,11,1,22
"FAM57A",1,3,8,20,9,1,2,3,1,3
"GEMIN4",3,3,6,5,2,5,1,5,2,4
"GLOD4",9,34,31,29,26,25,7,14,9,14
"MRM3",0,6,2,11,9,2,2,12,3,7
"AC087392.5",0,0,0,0,1,0,0,0,0,0
"NXN",7,85,42,106,93,26,18,27,9,57
"AC087392.2",1,1,0,0,1,0,0,0,0,1
"AC087392.1",0,0,0,0,0,0,0,0,0,0
"TIMM22",2,17,21,14,17,12,8,21,1,16
"ABR",107,328,365,485,469,86,107,124,84,388
"AC016292.1",0,0,1,1,0,0,0,0,0,0
"AC144836.1",3,9,7,14,6,21,2,24,26,1
"TRARG1",1,0,0,1,1,1,0,1,0,1
"YWHAE",58,295,191,310,303,126,113,151,62,207
"CRK",12,43,52,55,79,10,16,35,10,51
"AC032044.1",0,0,1,1,0,0,0,0,0,0
"MYO1C",2,11,30,21,15,10,6,19,8,15
"INPP5K",10,31,28,45,34,10,7,16,14,23
"PITPNA-AS1",1,4,6,7,16,8,7,6,4,13
"PITPNA",26,142,74,110,112,22,31,52,26,82
"SLC43A2",12,77,38,42,40,10,12,34,15,15
"SCARF1",3,8,14,23,16,5,2,9,4,14
"RILP",8,20,21,15,20,10,10,9,6,11
"PRPF8",13,96,79,73,90,29,20,59,29,65
"AC130343.2",0,1,0,0,2,1,0,2,0,1
"TLCD2",0,5,8,10,4,4,3,5,0,6
"MIR22HG",2,28,10,12,6,3,4,15,5,11
"WDR81",6,15,21,18,37,8,4,15,9,17
"AC130343.1",0,0,2,0,0,0,0,0,0,0
"SERPINF2",1,2,6,8,9,3,0,4,1,4
"SERPINF1",4,12,8,12,6,1,3,0,0,3
"SMYD4",0,16,17,30,34,6,9,14,5,29
"RPA1",11,41,38,70,46,23,11,25,8,26
"RTN4RL1",5,29,33,31,29,7,3,8,4,9
"AC099684.2",1,0,0,0,1,0,0,0,0,1
"AC099684.1",0,1,0,1,0,0,0,0,0,0
"DPH1",3,28,7,4,23,1,2,3,1,26
"AC090617.3",0,0,0,1,0,0,0,0,0,0
"AC090617.5",0,1,0,1,1,0,0,0,0,0
"HIC1",0,0,1,3,0,0,0,0,0,0
"SMG6",39,135,124,213,180,32,36,45,20,132
"AC090617.4",1,13,10,13,11,0,0,6,2,5
"SRR",4,10,15,20,16,9,6,10,3,16
"TSR1",2,14,14,20,25,3,4,11,3,16
"SGSM2",33,109,111,164,132,44,45,79,34,70
"AC006435.2",0,1,1,1,1,0,0,1,0,0
"MNT",6,18,23,35,34,10,6,12,6,20
"METTL16",25,90,84,102,113,15,22,40,9,93
"PAFAH1B1",70,336,227,383,317,59,80,123,41,275
"AC005696.2",0,2,0,0,0,0,0,0,0,0
"CLUH",15,62,59,133,64,24,18,35,17,24
"AC005696.1",0,1,2,2,1,1,3,1,0,4
"AC005696.4",4,9,5,5,6,4,2,2,4,3
"RAP1GAP2",13,71,88,124,118,18,20,41,13,51
"AC015921.1",0,0,0,1,0,0,0,0,0,0
"OR1D2",0,0,0,0,0,0,0,0,0,0
"AC090282.1",0,0,4,3,5,0,1,4,2,2
"OR1A1",0,0,0,0,0,1,0,1,0,1
"OR3A2",1,25,13,9,10,5,9,19,4,17
"OR3A3",0,4,3,7,3,0,1,3,0,5
"SPATA22",13,25,50,25,38,10,6,8,5,22
"ASPA",64,80,60,80,123,13,25,24,19,54
"TRPV3",1,4,20,8,21,1,1,8,1,25
"TRPV1",7,13,31,23,38,11,6,39,6,26
"CTNS",5,23,72,60,64,11,11,21,5,54
"AC027796.4",1,0,4,7,3,1,1,1,1,1
"TAX1BP3",4,30,21,20,24,25,12,27,12,26
"P2RX5-TAX1BP3",0,0,0,0,1,0,0,0,0,0
"EMC6",6,44,38,31,38,22,21,40,7,35
"ITGAE",10,35,27,43,49,21,17,33,10,39
"AC116914.2",0,0,2,1,1,1,0,2,0,2
"NCBP3",14,56,56,86,94,13,26,45,15,46
"CAMKK1",6,31,53,65,48,14,7,9,10,42
"P2RX1",2,1,0,1,3,0,0,0,1,2
"ATP2A3",0,0,2,2,3,1,0,2,0,0
"LINC01975",0,0,0,0,0,0,0,0,0,0
"ZZEF1",18,122,90,121,114,21,29,52,24,102
"CYB5D2",17,73,91,71,97,22,23,21,15,82
"ANKFY1",10,121,113,160,148,35,40,57,36,104
"AC087742.1",2,3,1,1,1,0,2,1,0,0
"UBE2G1",20,117,104,206,129,35,46,57,16,95
"SPNS3",1,5,2,3,2,0,1,3,0,2
"AC127521.1",0,0,0,0,1,0,0,0,0,0
"AC118754.1",0,0,0,0,0,0,0,0,0,0
"SPNS2",12,24,45,35,38,7,8,28,1,9
"MYBBP1A",6,18,16,23,9,4,2,9,6,9
"GGT6",0,0,0,0,0,0,0,0,0,0
"AC118754.2",0,0,0,0,0,0,0,0,0,0
"SMTNL2",0,0,0,0,1,0,0,1,0,2
"LINC01996",0,0,2,0,1,0,0,0,0,0
"ALOX15",0,0,0,0,0,0,0,0,0,2
"PELP1",9,23,26,75,31,7,4,12,7,13
"AC091153.2",4,7,16,6,19,0,0,5,1,15
"AC091153.3",0,0,0,1,2,1,1,1,0,4
"ARRB2",11,19,25,41,33,8,11,18,4,15
"MED11",2,21,36,11,38,12,19,20,4,41
"CXCL16",1,6,6,5,4,9,2,12,2,3
"ZMYND15",2,1,4,3,2,2,2,5,1,2
"TM4SF5",0,0,0,0,0,0,0,0,1,0
"VMO1",0,1,0,4,2,1,1,1,2,1
"PSMB6",12,53,41,47,41,24,14,45,6,26
"AC233723.1",2,9,5,12,7,6,4,12,0,10
"PLD2",10,39,24,28,44,25,25,35,22,19
"MINK1",39,210,150,271,175,87,61,119,38,129
"CHRNE",0,1,1,5,2,1,0,1,0,1
"C17orf107",0,2,1,2,0,0,0,0,0,0
"GP1BA",0,3,3,1,0,0,0,1,0,1
"SLC25A11",15,73,50,45,63,16,16,52,10,47
"RNF167",16,49,58,77,67,34,35,51,11,50
"PFN1",11,38,27,39,26,32,25,37,12,23
"ENO3",4,1,14,20,10,4,1,5,4,4
"SPAG7",19,59,72,70,47,18,23,30,5,36
"CAMTA2",17,34,54,93,60,15,10,20,12,21
"AC004771.4",0,1,2,1,1,2,1,2,3,3
"AC004771.5",1,0,0,0,0,0,0,0,0,0
"AC004771.3",0,0,1,1,0,0,0,0,0,0
"INCA1",1,1,8,8,1,2,1,1,4,4
"KIF1C",7,21,12,24,28,4,6,18,5,17
"SLC52A1",1,5,8,7,5,2,1,5,0,5
"AC012146.3",0,0,0,0,0,0,0,0,0,0
"ZFP3",2,1,7,8,5,6,3,1,1,1
"ZNF232",0,7,4,7,9,1,2,6,3,5
"USP6",1,15,7,12,13,6,5,9,9,8
"ZNF594",6,26,17,38,31,12,11,18,8,20
"AC087500.1",21,55,59,86,66,13,15,18,10,54
"SCIMP",1,33,38,138,12,3,2,3,14,22
"AC087500.2",0,0,0,0,0,0,0,0,0,0
"RABEP1",51,186,202,294,282,63,51,91,25,179
"NUP88",17,62,89,110,102,32,26,46,17,73
"RPAIN",26,73,73,83,72,24,21,39,10,67
"AC004148.2",3,9,4,4,6,10,5,4,1,2
"C1QBP",4,58,25,33,32,17,17,30,6,23
"DHX33",3,12,5,4,8,3,1,0,0,6
"DERL2",4,37,30,53,45,15,12,28,8,31
"MIS12",12,30,28,23,41,10,11,23,3,35
"NLRP1",20,103,82,100,54,33,27,35,15,37
"AC007846.2",0,3,3,1,1,2,0,1,1,2
"WSCD1",4,25,38,69,53,9,16,29,4,32
"AIPL1",0,1,2,6,4,0,0,3,0,0
"PIMREG",0,0,0,0,0,0,0,0,0,1
"PITPNM3",1,15,11,7,10,3,1,3,0,4
"KIAA0753",10,69,36,59,77,21,22,52,18,48
"TXNDC17",6,8,11,7,11,14,5,10,3,13
"MED31",13,46,38,32,52,30,17,30,9,58
"C17orf100",11,34,65,55,65,8,13,20,1,75
"SLC13A5",20,31,50,116,42,13,9,16,8,55
"XAF1",21,74,98,170,184,35,43,83,22,140
"FBXO39",0,0,0,9,12,4,0,6,1,4
"TEKT1",0,8,4,6,3,10,5,11,5,8
"ALOX12-AS1",58,154,169,370,336,94,102,161,50,296
"AC040977.2",2,1,4,2,3,2,2,3,1,2
"ALOX12",1,5,7,9,1,0,0,3,1,5
"RNASEK",0,2,2,0,1,0,0,0,0,2
"RNASEK-C17orf49",0,3,0,0,0,3,0,0,2,1
"C17orf49",0,0,0,0,0,1,0,0,0,0
"MIR497HG",0,0,0,0,0,1,0,3,0,0
"BCL6B",0,0,0,1,0,0,1,0,0,0
"SLC16A13",0,2,6,5,10,1,2,7,1,17
"SLC16A11",1,7,3,7,3,1,3,1,1,3
"CLEC10A",0,0,0,0,0,0,0,0,0,0
"ASGR2",1,1,0,1,0,0,0,0,0,0
"ASGR1",1,6,12,15,14,11,6,22,0,16
"DLG4",9,39,36,102,61,27,12,33,24,31
"ACADVL",92,225,244,426,317,268,222,255,165,334
"DVL2",16,28,38,58,48,9,11,31,8,46
"PHF23",4,11,10,13,8,5,7,9,2,9
"GABARAP",6,14,8,11,4,38,4,11,12,3
"AC120057.2",0,0,0,0,0,0,0,0,0,0
"CTDNEP1",1,1,0,0,1,0,0,0,1,0
"AC003688.1",0,0,0,2,0,0,0,0,0,1
"ELP5",2,25,28,18,24,11,13,15,8,39
"CLDN7",0,0,0,0,0,0,0,0,0,0
"SLC2A4",3,12,6,14,10,4,9,4,2,18
"YBX2",0,0,5,6,3,1,1,3,1,0
"EIF5A",6,47,38,70,55,21,21,39,10,30
"GPS2",11,55,47,112,20,27,28,16,14,42
"NEURL4",0,1,1,1,4,0,0,1,0,1
"ACAP1",3,10,16,17,8,3,2,4,2,8
"KCTD11",1,5,5,5,2,2,1,10,3,4
"TNK1",0,1,2,3,3,0,1,1,0,0
"PLSCR3",0,0,0,0,0,0,0,1,1,0
"TMEM256-PLSCR3",3,4,4,6,8,0,0,1,3,5
"TMEM256",0,1,0,0,0,1,0,0,0,0
"NLGN2",23,55,82,129,103,74,56,64,30,69
"TMEM102",0,0,0,3,0,0,0,0,0,0
"FGF11",6,11,10,15,11,12,6,13,5,9
"CHRNB1",3,13,8,18,17,12,10,16,1,26
"ZBTB4",24,86,72,175,115,35,26,40,17,59
"SLC35G6",0,0,0,0,0,0,0,0,0,0
"POLR2A",14,81,49,72,66,22,18,33,12,40
"AC016876.3",0,0,1,3,0,1,3,0,2,0
"EIF4A1",17,128,61,88,69,25,28,62,20,33
"CD68",0,2,4,4,1,3,1,3,1,0
"AC016876.1",1,10,8,7,6,4,1,5,1,8
"MPDU1",11,49,48,59,68,31,23,34,16,34
"SOX15",3,14,23,19,24,17,18,26,4,19
"FXR2",10,30,28,74,42,20,17,60,20,16
"SHBG",0,7,5,6,5,3,2,3,0,6
"SAT2",63,175,178,250,192,94,98,188,30,319
"ATP1B2",125,741,550,916,913,427,471,540,230,726
"TP53",15,167,52,121,74,20,16,38,8,59
"WRAP53",3,8,9,21,2,1,3,7,1,6
"EFNB3",3,3,10,14,10,1,1,1,3,2
"DNAH2",1,8,17,11,11,3,0,4,2,6
"KDM6B",1,13,21,21,24,5,2,9,3,10
"TMEM88",1,1,2,2,3,0,0,0,0,0
"NAA38",18,115,109,181,93,35,30,53,14,39
"CYB5D1",1,10,3,14,8,3,5,15,2,11
"CHD3",4,26,34,67,34,6,5,8,3,8
"RNF227",1,2,1,9,2,1,3,2,3,2
"KCNAB3",1,4,5,8,3,2,3,4,1,4
"TRAPPC1",2,5,8,8,4,1,1,7,2,2
"CNTROB",3,7,10,21,21,5,11,8,6,20
"GUCY2D",0,0,0,3,2,0,2,1,0,3
"ALOX15B",0,1,2,2,0,0,0,0,0,0
"ALOX12B",0,0,0,2,2,0,0,3,0,0
"AC129492.1",0,0,0,0,0,0,0,0,0,0
"ALOXE3",0,0,1,0,2,1,1,2,0,1
"HES7",1,2,4,19,4,0,1,0,0,6
"PER1",14,93,81,227,96,72,43,44,38,101
"AC129492.3",1,0,1,0,1,0,0,1,0,0
"TMEM107",4,12,6,9,6,2,4,8,2,7
"AC129492.4",0,1,1,2,1,0,0,1,1,0
"BORCS6",3,13,5,9,12,4,3,11,2,3
"AURKB",1,0,0,0,0,0,0,0,0,0
"LINC00324",0,1,1,1,2,3,2,4,0,0
"CTC1",8,15,21,28,22,6,5,9,6,20
"PFAS",2,4,11,10,10,3,4,2,1,4
"AC135178.5",0,0,1,2,0,2,0,1,0,1
"SLC25A35",4,7,17,15,10,3,4,8,1,8
"RANGRF",11,21,22,21,19,14,11,23,5,30
"ARHGEF15",0,0,0,0,0,0,1,1,0,1
"ODF4",0,0,0,0,2,0,0,0,0,0
"AC135178.3",1,4,13,8,8,3,2,2,0,5
"RNF222",0,1,0,0,1,1,0,1,0,0
"NDEL1",6,65,39,66,50,19,20,27,18,43
"MYH10",20,117,125,139,141,16,37,43,16,107
"CCDC42",0,0,0,1,1,0,0,0,0,0
"PIK3R6",0,1,4,1,3,0,0,1,2,2
"PIK3R5",2,1,9,2,6,1,1,3,3,1
"AC002091.1",0,1,0,0,1,1,0,0,0,0
"NTN1",4,42,36,41,42,6,9,10,1,23
"AC005695.1",0,1,1,0,0,1,0,0,0,1
"AC005695.3",0,1,0,0,0,0,0,0,0,0
"STX8",43,124,159,295,261,59,53,104,30,222
"AC005695.2",2,18,26,29,38,10,8,19,2,48
"AC087501.1",2,2,6,4,2,0,0,4,0,6
"AC087501.3",0,0,0,0,0,0,0,0,0,2
"CFAP52",2,8,10,11,5,5,5,9,1,6
"AC118755.2",0,1,1,1,1,1,1,0,0,0
"USP43",0,9,15,25,22,1,1,6,3,6
"AC027045.2",0,1,0,0,1,1,0,1,0,0
"DHRS7C",0,0,1,0,1,0,0,2,0,0
"GSG1L2",2,0,1,3,1,1,0,1,1,2
"AC027045.3",0,0,0,0,0,0,0,0,0,0
"GLP2R",0,0,2,3,1,0,0,1,0,2
"RCVRN",0,0,0,5,0,0,0,1,0,0
"GAS7",33,155,115,187,122,14,13,27,10,48
"AC005291.2",0,1,1,0,1,1,0,1,0,0
"MYH13",0,6,6,7,2,5,4,7,3,17
"AC005291.1",0,1,1,1,1,0,0,1,0,1
"MYHAS",1,1,1,2,0,0,1,2,0,2
"MYH8",0,0,1,0,0,0,0,0,0,0
"MYH4",1,0,1,0,1,0,0,0,0,0
"MYH1",0,0,0,0,1,0,1,0,0,1
"MYH2",0,2,0,0,1,1,0,1,0,1
"MYH3",0,4,9,14,11,0,4,7,2,7
"SCO1",2,24,26,35,33,13,9,16,1,22
"ADPRM",2,17,23,16,27,4,4,7,3,22
"TMEM220",6,42,37,74,110,14,13,23,18,80
"TMEM220-AS1",19,98,141,222,185,9,24,36,18,128
"AC015908.3",4,14,28,32,27,5,5,4,2,28
"TMEM238L",0,2,2,4,3,0,2,0,1,4
"PIRT",3,7,16,12,11,1,1,0,1,8
"AC015908.2",15,27,18,18,22,1,5,2,5,15
"SHISA6",30,190,82,73,75,14,31,60,28,90
"DNAH9",6,41,49,52,55,14,15,24,8,40
"AC005410.2",1,8,5,7,4,0,2,10,1,12
"ZNF18",6,12,22,37,34,5,6,21,3,18
"MAP2K4",33,224,185,395,256,65,73,104,35,148
"AC005244.2",0,0,0,0,0,1,0,0,0,0
"LINC00670",0,1,4,1,3,2,1,0,0,2
"MYOCD",2,7,10,6,10,5,3,6,3,6
"AC005358.1",1,0,1,3,0,0,0,1,0,2
"AC005358.2",0,1,2,1,0,0,1,0,0,0
"ARHGAP44",19,65,91,100,130,20,29,32,10,61
"AC005277.2",0,0,0,0,0,1,0,0,0,0
"ELAC2",6,27,31,22,30,7,7,10,5,15
"HS3ST3A1",14,40,15,42,23,3,13,15,2,5
"AC005304.2",0,0,0,0,0,0,0,0,0,0
"AC005304.1",0,0,3,1,3,1,0,1,1,0
"AC005304.3",2,1,4,1,3,1,0,5,1,3
"COX10",4,46,30,50,50,11,9,29,9,37
"AC005224.1",0,3,2,12,5,2,0,2,1,3
"HS3ST3B1",1,65,36,40,26,18,18,40,8,21
"AC022816.1",0,2,1,3,1,1,0,3,1,1
"AC005863.1",0,1,0,0,0,0,0,2,0,0
"LINC02096",0,0,0,1,0,0,0,0,0,0
"AC005772.1",0,1,0,1,0,0,0,0,0,0
"PMP22",54,481,225,290,282,181,145,180,65,207
"AC005703.3",0,0,2,0,0,0,0,0,0,0
"AC005703.2",0,0,0,0,0,0,0,0,0,0
"TEKT3",0,1,5,2,2,1,1,4,3,7
"AC005703.4",0,4,3,5,0,0,0,3,2,5
"CDRT4",0,0,1,1,0,0,0,0,0,0
"TVP23C",0,0,0,0,0,0,0,0,0,0
"CDRT1",0,0,1,1,1,0,0,1,0,2
"AC005324.3",0,0,0,1,2,0,0,5,0,1
"TRIM16",12,32,33,37,50,10,8,20,5,46
"AC005324.4",0,1,3,3,6,1,1,0,0,4
"TBC1D26",0,0,1,2,0,0,0,0,1,1
"AC005324.1",0,0,0,0,0,0,1,0,0,0
"AC015922.4",2,3,3,3,4,3,1,5,3,2
"LINC02087",0,0,0,0,2,0,0,0,0,0
"ADORA2B",3,54,24,72,58,12,24,26,5,43
"ZSWIM7",19,82,79,70,65,29,29,23,17,65
"TTC19",45,379,268,424,380,96,94,171,57,240
"AC002553.2",1,1,1,3,4,2,1,2,1,3
"NCOR1",54,417,293,528,438,112,138,213,74,346
"PIGL",24,90,84,120,78,20,20,23,12,74
"CENPV",6,17,11,22,17,7,3,2,1,11
"UBB",74,440,255,196,281,142,89,235,68,112
"AC093484.3",0,1,0,0,0,0,0,0,0,0
"TRPV2",0,4,7,2,3,1,2,1,0,2
"LRRC75A",14,29,18,33,36,6,14,18,3,39
"ZNF287",2,21,11,13,22,6,9,3,3,19
"ZNF624",1,17,12,18,14,1,4,5,3,9
"AC098850.3",28,66,140,235,330,63,58,133,53,122
"AC022596.2",0,0,0,0,0,0,0,0,0,0
"TNFRSF13B",0,1,0,1,1,0,0,0,0,0
"AC104024.2",0,1,2,0,1,0,0,0,0,0
"MPRIP",45,208,186,348,292,102,94,153,48,317
"MPRIP-AS1",0,7,17,13,10,1,4,3,2,29
"AC055811.1",4,6,2,10,5,1,0,4,1,4
"PLD6",3,4,3,5,13,3,2,8,6,5
"AC055811.2",1,3,5,11,12,5,3,4,5,9
"COPS3",2,28,22,45,28,7,3,11,4,14
"NT5M",4,18,18,29,27,4,5,15,4,15
"MED9",5,80,41,60,43,18,15,30,7,33
"RASD1",4,209,34,48,34,33,54,183,11,23
"PEMT",7,30,20,24,20,4,8,19,4,12
"AC020558.1",3,4,4,8,10,6,2,7,2,10
"SMCR2",0,0,0,0,0,0,0,0,0,0
"RAI1",7,37,45,93,67,17,16,39,16,47
"RAI1-AS1",0,2,1,1,3,0,0,0,0,1
"SMCR5",16,62,70,289,98,23,19,70,6,45
"SREBF1",24,151,123,154,104,24,54,57,27,78
"TOM1L2",131,399,354,520,515,117,128,193,70,385
"AC122129.1",0,1,0,1,1,1,0,0,0,4
"DRC3",3,14,21,29,28,9,7,12,6,32
"ATPAF2",6,30,36,33,32,6,8,17,2,33
"GID4",4,14,25,42,23,4,7,11,3,9
"DRG2",4,16,14,49,21,10,9,9,11,22
"MYO15A",3,11,7,9,11,1,0,3,0,2
"AC087164.1",1,2,8,3,3,0,0,0,0,0
"ALKBH5",11,54,39,79,71,18,15,43,8,22
"LLGL1",3,9,10,20,31,17,14,38,13,27
"FLII",4,23,27,44,37,19,13,24,7,14
"MIEF2",4,9,7,11,11,6,6,8,1,12
"AC127537.1",0,0,0,1,0,0,0,1,0,0
"TOP3A",6,32,29,32,17,3,6,4,2,17
"SMCR8",2,8,3,15,5,1,2,6,1,3
"SHMT1",5,19,18,26,20,4,12,10,7,21
"EVPLL",0,0,0,0,0,0,0,0,0,0
"AL353997.2",0,0,0,0,0,0,0,0,0,0
"LINC02076",0,0,0,0,0,0,0,0,0,0
"TBC1D28",0,1,0,0,0,0,0,1,0,0
"ZNF286B",3,13,10,28,21,13,6,18,5,14
"TRIM16L",3,9,17,25,24,4,6,26,2,32
"FBXW10",1,4,1,3,5,0,0,4,0,2
"TVP23B",1,16,20,12,32,4,11,14,3,35
"AC107982.3",0,2,1,1,4,1,0,0,1,0
"PRPSAP2",11,62,59,83,76,20,24,38,9,64
"AC107982.2",0,1,0,0,0,0,0,0,0,0
"SLC5A10",0,1,2,5,5,2,0,3,0,4
"FAM83G",0,0,0,0,0,0,0,0,0,0
"GRAP",0,0,1,0,1,1,0,1,2,0
"AC007952.4",2,4,11,21,10,11,2,5,5,0
"GRAPL",1,5,5,4,11,3,4,0,3,4
"AC007952.6",0,0,2,1,2,0,0,2,0,2
"AC106017.1",0,0,0,0,0,0,0,0,0,0
"EPN2",69,266,251,364,331,74,82,116,61,310
"EPN2-AS1",6,9,18,16,14,4,2,9,0,23
"AC124066.1",0,2,2,6,0,0,1,1,1,1
"B9D1",9,40,25,40,22,11,9,13,8,27
"MAPK7",2,5,7,17,3,7,5,5,4,10
"MFAP4",0,2,3,3,1,1,0,0,0,1
"RNF112",5,9,28,42,19,3,4,11,9,8
"AC004448.3",0,0,0,0,0,0,0,0,0,0
"AC004448.2",1,6,9,7,4,2,1,1,3,9
"LINC02094",0,0,2,1,2,0,1,4,0,1
"SLC47A1",18,21,24,19,31,50,12,45,18,26
"AC025627.1",0,2,5,3,3,1,0,0,1,4
"ALDH3A2",4,46,43,41,46,22,21,42,18,24
"SLC47A2",0,1,5,3,6,2,0,2,1,3
"AC005722.2",0,1,0,1,1,0,0,0,0,0
"ALDH3A1",0,0,1,0,0,0,0,0,0,0
"ULK2",17,115,89,116,102,40,51,46,23,103
"AC015726.1",0,0,1,5,3,1,2,1,0,1
"AKAP10",32,262,154,362,289,98,154,198,72,183
"AC005730.2",0,2,2,0,3,1,0,1,0,1
"SPECC1",36,198,167,372,270,87,124,122,39,216
"AC004702.1",2,5,2,10,5,2,1,0,2,9
"LINC01984",0,0,0,0,0,0,1,1,0,0
"AC015818.2",0,0,0,0,0,0,0,0,0,0
"LINC02088",0,0,1,1,0,0,0,0,0,0
"AC126365.1",0,0,0,0,0,0,0,0,0,0
"CCDC144NL",2,15,9,9,7,12,9,11,0,4
"AC090774.3",0,0,0,1,0,0,1,0,1,0
"CCDC144NL-AS1",6,36,75,25,72,16,12,27,3,56
"USP22",21,115,117,214,132,43,42,80,28,86
"LINC01563",9,13,19,6,27,5,6,10,1,36
"DHRS7B",30,61,75,71,123,21,20,50,6,78
"TMEM11",13,36,20,14,19,10,9,21,5,25
"AC087294.1",1,2,10,8,11,1,0,0,2,6
"NATD1",0,3,5,7,6,3,2,5,3,3
"MAP2K3",1,24,14,29,13,2,4,19,1,8
"KCNJ12",1,0,5,7,3,0,0,0,0,0
"AC068418.2",0,0,0,0,0,0,0,0,0,0
"AC068418.1",0,0,0,1,0,0,0,0,0,0
"C17orf51",6,19,30,47,24,6,5,14,3,24
"AC233702.7",0,0,0,0,0,0,0,0,0,0
"LINC02002",0,0,0,0,0,0,0,0,0,0
"AC138761.3",0,1,2,1,1,0,0,0,0,0
"MTRNR2L1",0,0,0,0,1,1,0,0,0,5
"AC069061.2",0,0,0,0,0,0,0,0,0,0
"WSB1",144,586,499,839,688,156,255,298,130,603
"AC026254.2",1,2,2,2,2,0,0,0,0,1
"KSR1",6,44,40,51,67,6,12,16,14,31
"AC015688.4",0,0,1,0,0,0,0,0,0,0
"LGALS9",2,0,1,9,2,2,3,3,1,6
"NOS2",3,1,4,1,4,1,3,1,0,0
"AC005697.1",3,10,37,24,26,1,5,5,0,29
"AC005697.2",3,22,21,19,13,0,2,4,1,7
"LYRM9",0,0,2,4,0,0,0,1,0,0
"LINC01992",2,2,7,10,4,2,3,1,0,4
"NLK",57,230,230,382,331,55,76,95,35,196
"AC061975.1",0,0,0,1,0,0,0,0,0,0
"TMEM97",4,6,9,10,8,3,1,5,2,6
"IFT20",17,45,75,65,72,23,31,33,7,90
"TNFAIP1",5,25,15,37,29,1,7,8,5,15
"POLDIP2",7,43,28,35,41,15,13,21,9,39
"TMEM199",9,25,25,34,35,20,12,23,8,25
"AC002094.3",0,1,0,0,0,0,0,0,0,0
"SARM1",11,54,61,76,53,15,12,19,10,31
"VTN",0,0,0,0,0,0,0,0,0,0
"SLC46A1",0,6,6,15,10,3,5,8,2,9
"AC015917.2",1,2,0,0,1,1,0,0,0,1
"AC005726.1",7,19,36,58,44,11,6,28,14,22
"SLC13A2",1,0,1,0,0,0,0,0,0,0
"AC005726.4",0,1,0,1,3,0,0,1,0,0
"AC005726.5",19,28,30,28,41,8,12,19,3,49
"KIAA0100",7,31,30,58,28,9,15,17,9,35
"SDF2",11,35,32,30,64,30,31,54,10,53
"SUPT6H",12,98,62,126,71,14,18,34,10,54
"AC010761.3",0,0,2,1,1,0,0,0,0,0
"PROCA1",6,13,15,17,23,4,5,4,3,16
"RAB34",30,205,61,119,93,45,38,64,28,100
"RPL23A",33,92,56,48,90,53,59,74,27,89
"AC010761.1",0,3,0,0,0,0,0,0,0,2
"TLCD1",7,29,18,17,16,5,9,9,3,16
"NEK8",2,19,20,9,25,3,11,10,3,15
"AC010761.2",0,4,0,1,0,0,0,2,0,1
"TRAF4",17,71,34,47,54,16,4,31,16,27
"FAM222B",41,145,114,252,199,28,33,44,21,131
"ERAL1",1,6,12,20,28,7,8,20,10,18
"FLOT2",12,76,40,92,59,22,20,55,13,30
"AC024267.3",0,1,0,0,0,0,0,0,0,1
"AC024267.6",0,0,0,0,0,0,0,0,0,1
"DHRS13",1,12,11,19,15,5,8,5,3,8
"PHF12",15,88,39,93,70,21,30,36,10,38
"AC024267.4",1,3,2,3,2,0,0,0,0,1
"PIPOX",12,47,35,33,35,11,5,32,7,54
"SEZ6",3,25,17,21,16,4,1,5,6,8
"MYO18A",14,84,40,56,76,14,15,14,14,41
"AC024619.3",6,30,27,37,22,0,6,9,1,12
"CRYBA1",0,0,1,1,0,0,0,1,0,0
"NUFIP2",16,158,110,177,213,58,60,111,38,132
"AC068025.2",16,64,31,50,52,16,11,16,9,42
"AC068025.1",1,8,9,7,16,2,4,2,4,10
"TAOK1",50,349,235,481,340,66,89,137,49,245
"ABHD15-AS1",15,51,62,89,83,5,8,16,4,44
"ABHD15",0,3,2,10,17,6,3,7,3,11
"GIT1",16,61,75,123,101,33,17,34,31,65
"CORO6",9,22,34,57,26,7,7,13,8,10
"SSH2",107,277,345,590,532,88,85,151,65,297
"AC023389.1",5,22,29,33,31,2,5,12,2,18
"AC104982.1",0,0,2,0,0,0,0,0,0,1
"EFCAB5",0,7,18,36,33,6,3,4,7,12
"AC104996.1",0,0,1,0,0,0,0,0,0,0
"AC104984.2",0,2,8,2,6,1,3,1,1,7
"NSRP1",27,149,83,252,183,55,57,92,34,120
"AC104984.3",0,26,19,17,15,1,2,3,0,17
"AC104984.6",0,1,0,0,3,1,1,1,0,0
"SLC6A4",0,2,3,2,2,4,1,0,1,2
"AC104984.1",0,0,0,1,0,0,0,0,0,0
"AC104984.4",0,0,0,0,0,0,0,0,0,1
"BLMH",10,42,30,55,55,8,22,35,7,33
"TMIGD1",0,0,0,0,0,0,0,0,0,0
"CPD",31,130,94,147,149,36,39,62,31,94
"GOSR1",23,155,102,151,177,75,33,86,61,93
"TBC1D29",2,0,0,7,1,2,0,0,1,0
"AC127024.3",0,0,0,0,0,0,0,0,0,0
"AC127024.2",4,7,9,7,5,1,1,1,1,2
"CRLF3",40,247,324,348,350,54,68,99,42,400
"AC127024.5",1,2,1,4,3,1,1,0,0,3
"AC127024.6",0,1,5,19,13,4,2,5,2,3
"ATAD5",4,30,37,26,42,6,8,11,1,35
"AC130324.2",9,31,48,34,67,11,4,13,3,36
"AC130324.1",0,0,1,1,1,0,0,0,1,0
"TEFM",10,80,78,76,91,19,18,34,7,81
"AC130324.3",0,0,0,0,1,1,0,0,0,1
"ADAP2",7,13,17,25,28,4,5,12,12,42
"AC138207.5",1,0,1,0,0,0,0,0,0,0
"RNF135",0,23,13,20,20,7,7,13,8,17
"AC138207.7",0,0,1,2,4,2,1,2,0,1
"AC138207.2",0,0,3,1,3,0,0,1,0,4
"NF1",115,552,489,1048,879,221,260,373,145,642
"OMG",31,105,91,93,148,49,54,42,34,99
"EVI2B",0,2,1,5,8,0,1,0,2,4
"AC134669.1",3,0,1,3,6,4,1,2,2,1
"EVI2A",2,9,5,9,8,5,0,1,3,0
"RAB11FIP4",16,61,107,116,105,19,17,32,14,43
"AC003101.2",0,0,0,1,0,0,0,0,0,0
"AC007923.4",0,15,9,26,24,1,3,5,0,20
"COPRS",11,36,33,82,49,26,7,39,13,18
"UTP6",13,37,46,57,49,22,21,26,10,43
"AC004253.1",0,4,6,12,13,2,3,2,0,5
"SUZ12",19,129,98,239,182,49,81,109,38,143
"LRRC37B",28,87,112,160,175,54,43,87,33,118
"AC116407.2",3,6,18,11,15,14,24,12,1,26
"AC116407.1",0,0,0,0,0,0,2,0,0,0
"RHOT1",40,204,184,410,405,156,131,188,71,338
"RHBDL3",14,47,75,101,40,5,14,34,14,50
"C17orf75",11,22,28,64,43,14,15,15,9,17
"AC005899.3",0,0,0,0,1,0,0,0,0,0
"ZNF207",42,228,219,316,323,75,77,145,57,273
"AC005899.6",3,6,2,6,1,0,1,1,2,1
"AC005899.7",1,7,6,6,8,0,0,0,0,6
"AC005899.5",1,5,2,11,4,1,1,1,1,6
"AC005899.8",6,45,44,51,25,1,4,6,2,67
"AC005899.1",0,7,2,14,4,0,0,0,0,6
"PSMD11",17,112,75,118,101,37,27,61,20,80
"CDK5R1",13,31,47,91,54,15,16,8,9,12
"MYO1D",53,159,159,227,237,23,39,40,34,71
"AC079336.5",0,0,0,0,0,1,0,0,0,0
"AC079336.4",6,16,21,33,17,1,0,2,1,9
"AC025211.1",0,4,5,3,2,0,0,0,0,5
"AC084809.1",0,0,0,0,0,0,0,0,0,0
"AC084809.2",0,2,0,0,0,0,0,0,0,0
"TMEM98",26,51,57,54,41,13,21,4,10,32
"SPACA3",0,1,1,0,0,0,0,0,1,1
"ASIC2",23,90,181,211,193,27,21,16,9,53
"AC008133.1",0,0,0,0,1,0,1,0,0,0
"AC011824.4",0,0,0,0,0,0,0,0,0,0
"AC011824.2",0,1,2,2,1,0,0,0,0,0
"AC011824.1",0,0,0,1,0,0,0,1,0,0
"AC024610.1",0,0,0,0,0,0,0,0,0,0
"AC004147.2",0,0,0,0,0,0,0,0,0,0
"LINC01989",0,2,0,3,3,1,3,0,0,2
"CCL2",1,26,25,80,24,21,6,27,0,15
"CCL8",0,0,0,0,0,0,0,0,0,0
"TMEM132E",1,4,6,10,3,0,1,2,1,0
"CCT6B",4,25,14,18,12,1,5,6,0,13
"ZNF830",5,20,25,24,25,8,4,11,2,21
"LIG3",5,12,14,19,25,6,5,11,3,20
"RFFL",2,19,13,59,25,12,12,20,12,12
"AC004223.3",0,0,0,2,2,1,0,0,0,0
"AC004223.4",0,0,0,0,2,0,0,1,0,0
"FNDC8",0,0,0,1,0,0,0,0,0,0
"NLE1",3,3,6,5,3,1,2,5,0,1
"UNC45B",0,0,0,1,0,0,0,0,0,0
"AC022916.1",2,3,1,0,2,0,1,1,1,3
"SLFN5",1,10,12,6,8,0,3,7,0,6
"AC022706.1",0,0,0,0,1,0,0,0,0,0
"SLFN11",0,0,0,4,1,0,0,0,0,0
"AC060766.6",0,0,0,0,1,0,0,1,0,0
"SLFN12",0,0,0,0,0,1,0,2,0,0
"SLFN13",0,2,1,0,2,1,0,1,0,1
"SLFN12L",1,3,1,4,2,3,0,0,1,0
"LINC02001",3,32,34,39,36,11,11,12,5,31
"PEX12",0,11,8,16,13,8,8,16,6,6
"AP2B1",36,227,164,268,251,51,35,88,17,144
"TAF15",46,286,224,382,317,74,81,126,41,281
"GAS2L2",0,0,1,4,1,0,1,2,1,0
"MMP28",30,144,69,84,92,43,32,42,30,92
"AC015849.3",3,37,32,17,31,7,13,5,0,53
"HEATR9",3,2,3,2,1,1,0,2,0,0
"AC015849.1",0,0,1,2,4,0,0,3,0,4
"CCL5",0,3,1,1,6,2,0,1,0,0
"AC015849.5",0,0,0,0,1,0,0,1,1,2
"RDM1",0,2,0,4,0,0,0,1,0,0
"LYZL6",0,1,0,0,1,0,0,0,0,1
"CCL15-CCL14",0,1,0,1,0,0,0,0,0,0
"AC244100.3",0,0,0,0,0,0,0,0,0,0
"CCL18",0,0,1,0,1,0,0,0,0,0
"AC243829.4",0,0,1,0,0,0,0,0,0,0
"CCL3",7,0,0,0,0,1,0,1,0,0
"CCL4",5,2,0,0,1,0,0,0,0,0
"AC243829.2",4,1,0,8,6,0,1,5,1,0
"TBC1D3B",0,0,0,0,0,0,0,0,0,1
"AC243829.1",7,6,10,2,8,3,1,2,1,2
"CCL3L1",8,0,2,0,0,0,0,0,0,0
"CCL4L2",3,0,0,0,2,0,0,1,0,0
"AC243829.5",0,0,0,0,0,0,0,0,0,0
"ZNHIT3",8,23,26,20,39,14,10,26,4,20
"MYO19",12,54,52,61,66,19,11,40,20,64
"PIGW",0,4,2,6,2,2,2,1,0,4
"GGNBP2",25,132,96,178,145,43,50,65,28,83
"DHRS11",0,10,6,17,7,4,2,0,1,5
"MRM1",1,3,5,10,3,2,1,7,1,6
"AC243830.2",1,0,3,4,3,0,1,1,0,0
"AC243830.1",0,0,0,1,0,0,0,0,1,0
"LHX1-DT",0,0,1,1,1,0,0,0,1,1
"LHX1",0,0,0,0,0,0,0,0,0,0
"AATF",12,50,36,65,75,27,18,24,20,45
"AC244093.5",0,2,1,3,1,0,0,3,0,1
"ACACA",83,298,305,528,436,82,117,169,72,267
"C17orf78",0,3,3,5,2,0,0,0,0,1
"TADA2A",7,43,24,38,27,11,8,8,5,27
"AC243654.1",0,1,1,0,0,0,0,0,0,0
"DUSP14",3,8,11,10,11,8,3,3,0,8
"SYNRG",30,136,119,206,173,40,48,71,20,107
"DDX52",14,50,47,58,67,24,11,34,21,41
"AC243585.2",0,1,1,1,0,0,1,1,0,4
"AC243571.2",1,4,2,3,3,1,0,3,2,6
"HNF1B",0,1,1,1,1,1,0,1,0,0
"TBC1D3L",0,1,0,1,0,0,1,1,0,0
"TBC1D3D",10,0,0,0,0,0,0,0,0,12
"MRPL45",9,24,26,30,34,7,15,16,6,27
"GPR179",0,1,0,0,0,0,0,0,0,1
"SOCS7",14,66,47,96,81,16,11,25,10,51
"ARHGAP23",18,58,42,131,82,23,9,28,12,63
"SRCIN1",21,70,74,154,101,24,15,33,24,33
"AC006449.1",0,0,0,1,1,0,0,0,0,0
"EPOP",1,5,4,13,3,0,3,4,0,1
"AC006449.6",2,4,10,16,8,1,3,2,2,12
"AC006449.2",0,0,3,2,0,0,0,0,0,2
"MLLT6",24,56,73,140,97,25,27,63,10,50
"AC006449.3",0,0,0,0,0,0,0,0,0,0
"CISD3",7,18,18,22,23,5,6,6,5,11
"PCGF2",3,5,3,13,9,1,2,2,2,3
"AC006449.5",0,1,0,0,0,0,0,0,0,0
"PSMB3",5,31,17,47,22,18,3,17,5,13
"PIP4K2B",9,50,53,98,78,21,21,33,23,32
"CWC25",10,74,82,67,81,11,25,13,7,54
"C17orf98",0,0,0,0,0,0,0,0,0,0
"RPL23",17,56,44,38,70,50,16,48,17,29
"LASP1",15,34,55,116,76,29,15,48,18,40
"AC006441.1",0,0,1,0,0,0,1,0,0,0
"LINC00672",9,18,24,5,5,1,3,1,1,4
"FBXO47",1,3,4,3,6,2,2,4,1,2
"AC006441.4",0,1,1,0,1,0,0,0,0,1
"PLXDC1",2,9,10,8,8,1,4,2,0,4
"ARL5C",0,2,0,1,1,0,0,1,0,1
"AC004408.1",0,1,3,1,0,0,0,0,0,0
"CACNB1",25,51,49,64,47,11,7,18,10,21
"RPL19",74,166,166,89,219,73,54,84,38,77
"STAC2",2,11,16,21,13,2,0,1,1,5
"FBXL20",36,208,169,325,270,55,57,73,55,167
"AC005288.1",0,0,0,0,0,0,0,1,0,2
"MED1",7,38,38,60,48,16,9,26,7,29
"CDK12",21,164,120,180,173,42,41,60,19,114
"AC009283.1",2,8,8,12,3,3,1,8,4,5
"NEUROD2",4,21,15,16,14,7,2,4,0,5
"AC087491.1",0,2,0,1,0,0,0,0,0,0
"PPP1R1B",13,145,86,146,116,72,96,61,60,142
"STARD3",29,67,68,126,121,93,114,100,35,154
"TCAP",5,5,8,35,20,24,12,43,11,20
"PNMT",4,8,4,6,5,7,7,6,3,6
"PGAP3",2,24,25,17,23,3,8,9,11,9
"ERBB2",6,52,17,50,46,20,17,29,17,23
"MIEN1",18,37,44,52,59,35,29,47,16,36
"GRB7",0,0,0,1,0,0,0,0,0,0
"IKZF3",1,1,0,0,15,0,2,0,2,0
"GSDMB",5,18,18,29,16,10,5,9,2,14
"ORMDL3",2,10,15,18,14,7,6,4,1,12
"AC090844.2",2,26,31,40,39,7,5,11,4,35
"GSDMA",0,1,1,1,0,0,0,1,0,1
"PSMD3",20,60,59,98,58,25,24,36,13,35
"CSF3",0,0,0,0,0,0,0,0,0,0
"MED24",11,36,47,51,46,25,17,33,13,39
"THRA",28,81,96,152,109,46,38,46,27,66
"NR1D1",10,22,34,65,51,34,27,64,18,55
"MSL1",21,81,74,138,101,34,41,44,26,44
"CASC3",21,67,85,115,75,27,22,42,19,86
"RAPGEFL1",10,53,72,101,66,18,19,39,10,66
"WIPF2",27,158,145,266,221,60,58,104,33,192
"CDC6",1,1,2,5,2,0,0,1,0,0
"RARA",3,8,7,15,15,3,1,9,1,9
"RARA-AS1",0,2,4,2,3,2,4,7,0,2
"TOP2A",0,1,1,2,1,2,1,3,0,4
"IGFBP4",2,4,5,7,4,1,1,2,0,1
"TNS4",1,1,1,0,0,0,0,0,0,1
"AC004585.1",0,0,0,2,2,1,1,1,4,5
"CCR7",0,0,0,0,5,0,0,0,0,0
"SMARCE1",0,3,1,10,2,1,0,0,0,0
"AC073508.2",0,1,2,5,0,0,0,0,0,0
"AC073508.3",1,1,0,1,0,0,0,1,0,3
"KRT222",0,2,0,0,1,0,1,0,0,0
"KRT24",0,0,1,0,0,0,0,0,0,0
"KRT26",0,0,0,0,0,0,0,0,0,0
"KRT10",12,34,51,73,67,26,21,45,12,33
"TMEM99",0,6,5,7,11,6,6,3,2,9
"AC004231.3",0,0,1,1,1,0,1,0,0,0
"KRT20",0,1,0,0,0,0,0,0,0,0
"AC004231.1",0,3,6,0,4,1,0,2,1,2
"KRT23",0,2,1,0,0,1,0,2,0,1
"KRT39",0,0,0,0,0,0,0,0,0,0
"KRT40",0,0,0,0,0,1,0,0,0,0
"KRT33B",0,0,0,1,0,0,0,0,0,0
"KRT34",0,0,0,0,0,0,0,0,0,0
"KRT31",0,0,0,0,1,0,0,0,0,0
"KRT15",0,0,1,0,0,0,0,0,1,0
"KRT19",0,2,0,0,0,0,0,0,0,0
"KRT17",2,10,14,27,7,2,2,1,0,2
"EIF1",94,370,266,355,353,177,146,311,102,185
"GAST",0,0,1,0,0,0,0,0,0,0
"HAP1",11,56,120,64,65,13,14,93,16,68
"JUP",5,22,20,33,30,15,12,18,17,16
"P3H4",8,17,34,48,46,22,18,39,10,32
"FKBP10",12,75,121,149,89,45,45,72,38,143
"NT5C3B",12,26,50,36,27,12,15,29,10,37
"KLHL10",0,0,0,0,0,0,0,0,0,1
"KLHL11",1,12,6,5,8,0,1,1,0,6
"ACLY",10,28,55,90,43,16,11,23,13,25
"TTC25",6,18,12,20,23,1,11,13,4,20
"CNP",74,404,213,284,261,107,66,80,83,100
"DNAJC7",38,152,100,182,132,31,28,62,25,127
"NKIRAS2",1,16,15,13,11,7,4,10,1,25
"ZNF385C",1,6,2,4,4,4,1,3,1,3
"DHX58",4,13,18,8,25,6,3,17,6,16
"KAT2A",49,112,218,359,266,178,130,265,84,268
"AC099811.2",0,0,0,0,0,0,0,1,0,1
"HSPB9",1,1,1,2,0,1,0,3,1,3
"AC099811.3",0,2,1,1,0,0,0,0,0,0
"KCNH4",1,13,4,4,5,2,2,1,2,5
"HCRT",1,7,4,11,3,9,4,15,3,2
"GHDC",5,13,17,23,17,8,6,17,8,13
"STAT5B",12,83,72,128,106,25,29,63,13,88
"STAT5A",1,16,14,12,9,0,4,6,6,3
"STAT3",28,283,135,351,215,36,71,88,29,203
"CAVIN1",2,9,7,22,10,5,2,4,4,4
"ATP6V0A1",37,167,172,216,149,55,37,74,23,86
"NAGLU",12,23,48,62,39,6,7,12,3,34
"HSD17B1",1,9,21,24,23,9,8,15,2,21
"AC067852.2",1,5,8,9,3,0,1,2,2,2
"COASY",6,34,47,64,43,27,16,30,19,16
"MLX",4,26,26,20,23,10,7,11,3,23
"PSMC3IP",2,6,2,11,6,6,2,24,4,1
"RETREG3",19,49,62,90,83,31,19,42,13,62
"TUBG1",1,12,12,18,15,9,3,13,3,10
"TUBG2",21,66,65,74,93,32,32,30,21,64
"PLEKHH3",9,35,16,57,43,16,19,30,15,59
"CCR10",2,8,8,8,6,4,2,3,0,3
"AC100793.2",5,6,10,16,12,6,8,9,4,19
"CNTNAP1",3,25,13,33,20,14,9,16,1,13
"AC100793.3",0,12,8,11,5,3,0,1,1,7
"EZH1",26,90,111,157,160,48,33,53,36,106
"AC100793.4",0,1,1,0,0,7,2,0,0,0
"RAMP2-AS1",0,3,2,0,5,0,5,3,2,2
"RAMP2",0,3,1,1,2,6,3,1,1,2
"VPS25",4,15,13,7,15,11,11,20,2,16
"WNK4",1,0,2,0,3,0,0,2,0,2
"COA3",24,57,32,51,32,13,16,24,5,18
"CNTD1",3,7,5,11,6,4,1,7,0,12
"BECN1",5,39,24,59,28,11,11,20,7,20
"PSME3",5,28,24,29,17,12,7,11,5,17
"AOC2",0,1,2,3,2,2,0,3,2,0
"AOC3",0,1,3,2,0,0,0,1,0,0
"LINC00671",0,2,0,3,1,1,0,1,0,1
"G6PC",0,0,0,0,0,0,0,0,0,0
"PTGES3L-AARSD1",0,2,0,0,0,1,0,0,0,0
"RUNDC1",0,18,10,33,19,5,3,13,5,15
"RPL27",22,73,67,64,85,48,19,50,16,34
"IFI35",3,13,5,11,19,6,7,10,5,7
"VAT1",1,10,14,24,16,13,3,9,5,7
"RND2",2,7,4,12,6,0,2,1,2,4
"BRCA1",8,31,44,46,53,19,7,24,10,48
"AC060780.1",0,0,0,0,0,0,0,0,0,0
"NBR1",21,82,67,101,122,27,27,38,22,88
"TMEM106A",3,3,6,11,18,2,3,4,2,6
"LINC00854",38,136,47,118,138,15,17,57,35,47
"LINC00910",1,5,6,12,6,3,2,1,2,6
"ARL4D",1,3,6,7,4,0,1,2,0,1
"MIR2117HG",0,0,0,0,1,0,0,0,0,0
"DHX8",7,40,33,44,39,12,7,25,10,29
"ETV4",4,22,26,40,29,3,4,15,4,22
"AC068675.1",5,23,20,19,23,3,3,10,4,16
"MEOX1",0,4,8,5,6,2,1,2,2,4
"AC004149.1",0,0,0,1,0,0,0,0,0,1
"DUSP3",9,34,26,65,32,14,9,22,5,11
"CFAP97D1",0,0,0,0,0,0,0,0,0,0
"MPP3",2,13,10,10,15,6,3,9,3,10
"CD300LG",0,0,0,0,0,0,1,0,0,1
"MPP2",8,44,58,79,42,8,18,17,10,27
"AC007993.3",0,0,0,0,0,0,0,0,0,0
"AC007993.2",0,0,0,0,0,0,0,0,0,0
"LINC01976",0,1,1,1,0,1,0,3,0,2
"PYY",1,3,4,2,2,1,2,0,0,3
"NAGS",0,3,0,0,0,0,0,0,0,0
"TMEM101",5,17,21,18,20,9,9,18,3,17
"LSM12",6,25,26,45,33,10,14,30,7,15
"G6PC3",4,37,40,28,25,12,17,15,7,24
"HDAC5",11,49,51,85,63,22,20,33,13,55
"AC023855.1",0,0,0,0,0,0,0,0,0,0
"C17orf53",2,3,0,3,1,0,0,2,1,4
"ASB16",0,1,8,15,8,2,0,4,1,8
"ASB16-AS1",1,12,12,21,16,4,6,7,1,22
"TMUB2",12,58,53,71,71,21,26,41,11,80
"ATXN7L3",6,19,31,54,27,11,4,10,4,10
"AC004596.1",1,1,4,1,2,0,1,0,0,1
"UBTF",5,32,36,72,57,20,16,45,11,24
"AC003102.1",2,13,21,22,25,5,5,4,1,23
"SLC4A1",0,2,2,1,2,2,0,0,0,1
"AC003043.2",0,0,1,0,0,0,0,0,0,0
"RUNDC3A-AS1",3,24,21,27,29,6,6,2,0,18
"RUNDC3A",17,73,52,88,63,11,6,23,8,23
"SLC25A39",14,44,56,78,79,69,37,131,24,67
"AC003043.1",0,0,0,0,0,0,0,0,0,0
"GRN",9,47,35,57,61,26,25,40,12,36
"FAM171A2",0,18,22,40,20,12,8,20,11,7
"ITGA2B",0,5,11,12,6,2,1,6,0,9
"GPATCH8",91,442,417,568,590,119,140,205,82,407
"FZD2",0,3,3,7,4,0,3,5,1,1
"MEIOC",4,8,13,15,13,3,5,4,3,9
"CCDC43",3,14,21,28,25,3,7,7,3,18
"DBF4B",11,57,44,31,54,6,14,19,6,64
"ADAM11",10,22,46,78,34,6,7,9,5,11
"AC005180.2",0,0,0,0,0,0,0,0,0,0
"AC005180.1",0,0,0,0,2,0,1,2,0,1
"GJC1",2,6,6,7,9,1,0,1,1,0
"HIGD1B",0,5,5,6,8,1,1,8,2,6
"EFTUD2",6,57,39,71,48,11,8,21,5,27
"GFAP",148,1240,838,1872,1031,525,953,825,263,572
"KIF18B",2,0,1,2,2,0,0,1,0,0
"C1QL1",2,9,6,15,6,3,2,5,3,4
"DCAKD",16,84,55,80,68,23,35,40,19,61
"NMT1",62,375,372,516,514,95,93,207,55,178
"PLCD3",7,27,29,44,24,22,22,33,13,12
"ACBD4",8,21,24,27,32,8,16,13,7,26
"AC142472.1",5,5,8,9,14,0,1,5,1,6
"HEXIM1",3,23,26,64,29,20,13,31,9,15
"AC138150.1",17,70,45,75,34,4,17,9,11,67
"HEXIM2",3,4,10,6,11,1,3,5,2,10
"AC138150.2",0,0,0,1,0,0,1,2,0,1
"AC008105.3",2,9,16,15,15,1,1,1,1,5
"FMNL1",1,7,4,7,9,0,2,9,1,3
"AC008105.1",0,2,2,3,1,3,1,0,0,1
"MAP3K14-AS1",0,0,0,0,1,0,0,1,0,0
"SPATA32",0,1,1,1,0,0,0,0,0,0
"MAP3K14",7,133,33,101,38,8,13,23,8,31
"ARHGAP27",1,4,3,9,7,0,0,2,0,6
"PLEKHM1",12,47,30,52,49,11,11,22,7,26
"AC091132.2",2,11,8,6,4,1,0,1,0,6
"AC091132.1",0,0,0,0,0,0,0,1,0,0
"AC091132.5",3,6,3,24,17,5,0,2,0,9
"LINC02210-CRHR1",14,68,49,67,41,22,19,31,8,38
"CRHR1",0,0,0,1,0,0,0,0,0,0
"MAPT-AS1",5,14,14,22,17,5,4,5,1,12
"MAPT",112,509,416,496,474,74,119,92,56,347
"CR936218.2",0,0,0,0,0,0,0,0,0,0
"KANSL1",93,534,327,531,462,152,197,234,91,538
"KANSL1-AS1",3,8,1,2,4,0,3,3,2,8
"ARL17B",94,309,46,89,76,38,82,29,9,100
"LRRC37A",1,9,1,9,11,9,7,8,3,14
"LRRC37A2",11,55,32,34,41,25,25,38,8,49
"ARL17A",10,35,37,29,44,33,9,57,16,91
"NSF",56,210,210,588,461,64,61,62,20,147
"WNT3",2,8,13,7,15,0,2,3,2,8
"WNT9B",0,0,3,1,1,1,0,0,0,0
"AC005670.1",0,1,3,6,3,1,0,2,2,1
"AC005670.2",8,67,34,61,42,14,16,18,6,22
"RPRML",6,16,17,23,11,3,1,1,0,4
"CDC27",30,202,156,300,290,53,65,108,38,181
"AC002558.2",0,0,0,0,0,1,0,0,0,1
"MYL4",0,1,0,1,0,0,0,0,0,0
"AC068234.1",0,4,12,13,5,0,0,2,0,4
"AC068234.3",1,0,1,2,1,1,0,0,1,1
"AC068234.2",1,8,11,11,8,1,3,0,0,12
"EFCAB13",3,29,32,32,41,5,9,13,2,34
"AC040934.1",4,18,12,42,60,9,18,33,12,45
"NPEPPS",37,231,273,401,331,103,104,143,63,281
"AC025682.1",17,46,50,79,101,14,21,45,11,111
"KPNB1",31,173,137,199,158,45,61,101,29,128
"TBKBP1",8,15,43,83,48,21,20,35,21,21
"TBX21",0,1,0,1,0,0,0,0,0,0
"OSBPL7",7,9,13,27,34,12,10,13,11,11
"MRPL10",5,17,17,20,16,6,8,16,6,12
"LRRC46",0,1,0,0,2,2,0,3,1,2
"SCRN2",12,20,48,69,41,19,29,21,12,52
"AC018521.7",0,0,1,0,0,0,0,0,0,0
"SP2",2,10,14,18,18,5,6,11,5,10
"SP2-AS1",0,21,22,18,16,3,2,7,2,32
"PNPO",4,19,19,31,18,6,11,8,5,10
"AC018521.2",1,3,3,1,2,1,0,0,0,0
"PRR15L",0,1,1,0,0,0,0,0,0,0
"CDK5RAP3",51,146,136,151,172,98,104,125,75,175
"AC018521.4",0,1,2,0,0,0,1,0,0,2
"COPZ2",0,6,4,9,3,5,4,7,5,15
"NFE2L1",18,74,54,116,100,31,34,53,22,37
"AC004477.3",0,0,1,1,0,1,1,0,0,0
"CBX1",7,34,23,46,33,16,9,13,9,13
"SNX11",3,12,14,23,5,4,2,10,2,9
"SKAP1",0,7,11,8,15,3,1,5,0,3
"SKAP1-AS1",0,0,1,4,2,1,0,1,0,0
"AC090627.1",0,0,0,0,1,0,0,0,0,0
"AC036222.1",0,0,0,1,0,0,0,0,0,0
"HOXB2",0,0,0,0,0,0,0,0,0,0
"HOXB-AS1",0,0,0,0,0,0,0,0,0,0
"HOXB-AS3",0,0,0,0,0,0,0,0,0,1
"LINC02086",0,0,1,1,1,0,1,1,0,1
"TTLL6",6,7,5,2,4,3,6,3,1,3
"CALCOCO2",11,91,84,156,131,35,40,51,15,86
"ATP5MC1",30,111,80,106,75,21,14,33,11,30
"UBE2Z",20,70,39,96,61,21,14,40,21,38
"SNF8",10,51,47,52,49,22,17,34,12,26
"AC091133.1",3,10,11,13,8,0,1,4,1,3
"GIP",0,0,1,0,1,0,0,0,0,0
"IGF2BP1",0,2,0,4,0,1,0,0,0,1
"AC091133.3",0,0,1,0,0,0,0,0,0,1
"B4GALNT2",0,4,4,7,6,4,1,7,2,3
"GNGT2",0,0,1,0,1,0,0,0,0,0
"ABI3",0,2,2,1,2,0,1,0,0,2
"PHOSPHO1",0,0,0,1,0,1,0,0,0,0
"ZNF652",30,133,123,307,200,71,79,98,51,164
"AC091180.2",2,3,7,9,3,3,1,4,1,8
"AC091180.5",2,8,8,13,9,5,5,6,2,2
"PHB",12,53,48,36,37,15,16,22,6,29
"NGFR",0,6,2,3,1,2,2,0,1,1
"AC006487.1",2,4,2,0,2,0,3,0,0,0
"NXPH3",6,8,7,8,17,5,7,10,2,14
"SPOP",29,177,126,207,234,38,67,57,32,147
"SLC35B1",3,47,42,55,51,20,12,24,4,33
"AC015795.1",0,0,1,0,1,0,0,1,0,0
"FAM117A",1,15,8,13,17,6,3,9,3,12
"KAT7",6,37,25,39,30,12,10,11,7,20
"AC027801.4",0,0,0,0,1,0,0,0,0,0
"TAC4",2,26,34,37,17,3,4,4,1,16
"FLJ45513",0,0,0,1,0,0,0,0,0,1
"AC027801.1",0,6,5,4,0,0,0,0,0,3
"AC027801.3",0,2,1,0,1,0,0,0,0,1
"DLX4",0,0,1,0,0,0,0,0,0,0
"DLX3",0,0,0,0,0,0,0,0,0,1
"AC009720.2",0,1,0,1,1,0,2,0,0,0
"AC009720.1",0,0,6,0,2,0,0,1,1,2
"ITGA3",6,22,35,62,38,6,4,17,7,34
"AC002401.4",0,0,1,0,0,1,0,0,0,1
"PDK2",14,57,35,49,31,21,19,27,17,39
"SAMD14",3,13,15,26,15,8,5,14,3,22
"PPP1R9B",0,11,8,32,20,9,2,22,5,8
"AC002401.1",0,0,0,0,0,0,0,1,0,0
"AC015909.2",0,2,6,0,1,1,0,1,1,1
"AC015909.3",0,0,0,0,1,0,1,1,0,0
"SGCA",0,0,0,0,0,0,0,0,0,0
"COL1A1",0,2,0,0,2,4,1,3,0,0
"AC015909.1",0,0,0,1,0,0,0,0,0,0
"TMEM92",0,0,0,0,0,0,0,1,0,0
"TMEM92-AS1",0,2,4,0,1,0,0,0,0,0
"XYLT2",9,32,24,42,25,8,13,19,6,45
"MRPL27",18,80,68,64,51,24,18,34,7,53
"EME1",1,0,0,1,0,1,0,0,1,0
"LRRC59",6,18,13,15,10,4,6,9,4,4
"ACSF2",6,32,35,59,54,25,18,31,14,57
"CHAD",0,0,2,2,0,0,1,0,0,2
"RSAD1",11,32,46,75,45,24,12,41,12,50
"AC021491.1",2,7,12,13,12,0,7,8,0,13
"MYCBPAP",6,11,11,10,8,5,5,10,4,10
"EPN3",0,0,1,0,0,0,0,1,0,0
"SPATA20",7,22,31,69,37,23,15,33,12,33
"CACNA1G-AS1",0,0,0,0,0,0,0,0,0,0
"CACNA1G",3,4,7,7,12,0,0,3,0,3
"ABCC3",0,2,6,3,4,1,2,7,0,2
"ANKRD40",9,27,16,66,45,14,33,31,9,29
"AC005921.2",2,45,30,77,38,14,23,26,11,28
"LUC7L3",142,625,814,1442,960,196,199,516,188,617
"LINC00483",1,0,0,1,2,0,0,0,0,0
"WFIKKN2",0,0,0,1,2,3,0,0,0,0
"AC091062.1",0,0,1,1,0,0,0,0,0,0
"TOB1",17,37,39,76,69,65,40,75,23,90
"AC005920.1",0,2,0,1,2,0,1,0,0,3
"SPAG9",74,391,358,591,441,110,145,160,84,384
"AC005920.2",4,31,34,43,35,4,9,15,1,38
"NME1",0,0,0,0,0,0,0,0,0,0
"NME1-NME2",0,1,2,4,1,0,0,0,0,1
"NME2",0,0,0,0,0,0,0,0,0,0
"MBTD1",25,98,113,179,182,50,54,98,42,124
"UTP18",8,29,31,39,37,7,10,12,6,30
"LINC02071",0,1,0,0,1,0,1,0,0,1
"LINC02072",0,0,1,0,0,1,0,1,0,0
"LINC02073",0,1,0,0,0,0,0,0,1,0
"CA10",12,49,70,74,95,6,4,4,4,9
"LINC01982",0,6,9,3,3,3,2,4,1,3
"LINC02089",0,0,0,0,0,0,0,0,0,0
"TOM1L1",27,115,232,308,178,27,36,65,6,142
"COX11",12,35,32,38,39,19,19,22,11,44
"STXBP4",11,66,62,129,130,28,40,63,36,86
"HLF",12,37,64,81,62,21,21,17,16,49
"AC007638.2",0,0,0,1,0,0,0,0,0,0
"AC007638.1",0,1,0,0,0,0,0,0,0,3
"MMD",3,14,25,34,28,9,4,6,4,7
"SMIM36",0,0,5,1,2,0,0,0,0,2
"TMEM100",0,14,1,3,0,3,2,1,1,4
"PCTP",9,133,41,82,54,7,24,20,6,60
"AC090618.1",0,11,7,6,1,0,1,0,2,9
"ANKFN1",45,261,190,210,224,73,97,147,76,177
"NOG",0,3,0,6,2,2,1,7,2,5
"C17orf67",1,8,12,14,8,4,1,6,3,8
"DGKE",3,35,35,50,40,10,11,20,3,30
"TRIM25",5,15,9,30,14,6,10,11,4,16
"AC015912.3",0,1,0,1,0,1,0,1,1,0
"COIL",6,28,31,51,42,11,17,24,9,19
"AC004584.1",0,0,0,1,2,0,1,0,0,1
"SCPEP1",15,58,86,44,62,19,23,21,15,80
"AC007114.1",3,6,4,6,5,0,1,2,0,3
"AKAP1",11,40,39,64,61,13,18,41,17,54
"AC007114.2",3,24,23,31,23,5,5,9,2,31
"MSI2",330,1945,936,1335,1774,340,459,826,414,1596
"AC015845.2",1,4,4,11,6,1,0,3,1,0
"MRPS23",11,26,19,25,24,4,7,9,6,11
"CUEDC1",27,79,80,131,128,17,24,37,20,82
"AC015845.1",1,6,3,1,3,0,0,2,0,0
"AC015813.4",1,0,2,0,1,0,0,0,0,0
"VEZF1",7,79,44,170,85,42,32,59,23,45
"AC015813.2",5,14,15,36,24,10,5,12,2,20
"SRSF1",1,2,6,4,4,2,1,4,0,5
"AC015813.3",0,0,0,0,0,0,0,0,0,0
"DYNLL2",15,60,45,130,55,22,14,30,8,14
"OR4D1",0,0,0,0,0,0,0,0,0,0
"EPX",0,8,5,9,5,3,1,3,0,3
"AC005962.1",2,1,0,3,0,1,0,0,0,0
"MKS1",8,26,18,40,28,17,11,19,5,41
"LPO",0,2,1,1,4,0,0,2,0,1
"MPO",0,2,3,0,1,1,0,0,0,0
"TSPOAP1",28,68,80,81,105,66,50,67,32,87
"TSPOAP1-AS1",0,28,37,21,31,5,4,9,0,27
"AC004687.1",1,0,1,3,3,0,0,0,0,0
"SUPT4H1",8,16,18,19,29,15,9,17,5,17
"RNF43",13,88,41,52,63,21,18,33,12,51
"HSF5",0,8,3,2,3,0,0,2,1,5
"MTMR4",17,65,81,72,92,32,24,32,9,75
"SEPT4-AS1",1,17,13,12,10,6,2,6,3,10
"SEPT4",50,132,81,96,104,57,40,42,43,57
"TEX14",3,14,18,22,19,21,6,64,3,18
"RAD51C",6,33,42,49,60,17,15,31,8,36
"AC025521.1",0,0,0,1,0,0,0,0,0,0
"PPM1E",22,101,119,175,148,44,64,85,17,106
"TRIM37",17,109,81,193,131,25,36,49,17,109
"AC099850.1",5,11,15,18,19,6,9,9,2,32
"SKA2",21,56,49,84,78,34,28,46,7,75
"PRR11",4,8,5,6,9,3,1,2,0,9
"AC099850.2",0,1,6,2,4,1,0,1,0,2
"SMG8",0,0,0,0,1,1,1,3,2,1
"GDPD1",15,80,97,114,110,19,25,34,11,94
"YPEL2",20,43,85,129,102,18,19,17,15,49
"AC091059.1",0,1,0,1,0,0,0,0,0,0
"LINC01476",3,12,18,22,18,6,2,7,1,14
"DHX40",8,37,40,62,58,13,14,23,8,35
"AC091271.1",5,16,17,4,15,3,3,5,2,19
"CLTC",45,239,201,320,252,69,72,134,42,141
"PTRH2",6,55,48,43,61,17,13,25,8,29
"VMP1",35,137,138,214,168,45,43,50,26,150
"TUBD1",6,26,25,32,38,13,7,11,6,26
"RPS6KB1",6,42,30,52,48,11,12,12,3,44
"AC005702.1",0,5,3,11,8,2,4,14,0,17
"RNFT1",2,13,15,24,26,13,10,14,4,18
"RNFT1-DT",3,8,4,11,8,2,4,3,0,8
"HEATR6",4,23,21,36,39,16,13,25,11,21
"AC025048.4",1,4,5,3,14,3,1,3,1,2
"CA4",1,6,6,9,9,1,0,0,0,3
"USP32",57,201,166,394,253,66,45,80,56,186
"C17orf64",1,1,2,4,0,2,1,0,0,2
"APPBP2",42,180,114,229,200,40,57,67,37,148
"AC011921.1",5,8,9,13,11,6,4,2,0,17
"LINC01999",0,0,1,0,0,0,0,1,0,3
"PPM1D",11,40,33,86,84,15,16,21,17,48
"BCAS3",118,616,534,932,884,179,254,298,165,625
"AC005884.1",3,9,18,21,26,5,4,7,3,19
"AC005856.1",0,2,0,4,5,2,1,2,1,9
"AC005746.2",0,7,14,9,5,0,0,4,1,14
"TBX2",1,1,6,6,12,2,0,12,7,21
"C17orf82",1,2,3,1,0,1,0,2,2,2
"TBX4",0,0,0,1,0,0,0,0,0,1
"NACA2",1,11,13,8,15,9,6,9,0,7
"BRIP1",2,3,6,14,7,1,1,6,4,5
"INTS2",8,33,40,59,37,13,21,28,17,43
"MED13",40,300,208,534,387,98,119,172,74,233
"EFCAB3",2,9,14,76,12,3,5,3,1,3
"METTL2A",2,9,9,17,13,6,2,5,4,9
"TLK2",13,139,101,176,151,31,32,71,25,108
"AC080038.2",0,1,0,1,1,0,0,1,0,0
"AC080038.1",0,0,2,0,0,0,0,0,0,0
"MRC2",4,5,6,11,10,2,4,3,1,6
"AC005821.1",0,1,4,7,0,1,0,0,0,1
"MARCH10",2,8,13,15,5,1,2,2,2,3
"AC068512.1",0,1,1,1,0,0,0,0,0,0
"AC005972.4",1,4,3,5,5,1,0,0,0,2
"TANC2",52,279,290,507,391,75,85,124,41,196
"AC006270.1",0,3,3,2,6,0,1,2,0,4
"AC015923.1",2,47,45,53,42,7,8,9,3,22
"AC005828.1",0,0,1,0,0,0,0,0,0,0
"AC005828.3",0,1,4,7,1,2,1,2,0,1
"CYB561",2,18,11,26,26,7,1,12,2,6
"ACE",0,1,1,1,1,0,0,0,0,1
"AC113554.1",0,0,0,0,1,0,0,0,0,0
"KCNH6",0,0,0,0,2,3,1,2,1,2
"DCAF7",18,89,78,114,121,34,20,35,13,79
"TACO1",5,14,15,16,4,12,3,23,2,17
"MAP3K3",10,65,50,97,85,13,14,24,15,48
"STRADA",1,1,2,2,1,2,1,2,7,0
"AC046185.1",0,1,1,0,0,0,0,1,0,0
"CCDC47",4,29,12,20,20,5,6,11,2,15
"DDX42",7,46,38,100,43,15,27,25,12,35
"FTSJ3",5,20,19,29,25,5,3,10,2,6
"PSMC5",11,41,20,57,27,20,14,19,13,24
"SMARCD2",21,51,37,119,45,10,13,25,17,40
"CD79B",0,0,1,0,10,0,0,0,0,0
"SCN4A",0,0,1,0,1,0,0,0,0,0
"AC127029.2",0,0,0,0,0,0,0,0,0,0
"PRR29-AS1",0,0,1,0,0,2,0,3,0,0
"PRR29",0,0,0,0,0,0,0,0,0,0
"ICAM2",0,0,1,1,1,0,0,0,1,0
"ERN1",4,26,24,17,40,11,8,17,9,25
"SNHG25",10,80,81,68,80,45,35,51,29,55
"TEX2",15,87,68,134,105,15,27,31,13,83
"PECAM1",2,3,2,8,14,0,2,2,1,5
"MILR1",0,2,0,0,1,0,0,2,0,1
"POLG2",5,25,16,23,19,9,10,17,3,28
"DDX5",75,616,633,994,817,232,191,366,76,493
"CEP95",13,93,66,67,93,51,53,76,18,108
"SMURF2",35,361,133,353,284,49,83,73,40,200
"LRRC37A3",55,211,137,229,213,58,65,76,40,254
"AC103810.2",3,7,13,19,14,14,2,19,5,21
"AC037487.1",0,3,3,2,3,2,0,5,0,15
"GNA13",19,121,73,189,168,47,78,121,24,165
"AC037487.2",0,1,0,1,1,0,0,0,0,1
"RGS9",18,26,22,29,30,31,25,55,3,29
"AXIN2",2,6,6,19,10,7,6,10,4,12
"AC004805.1",1,13,13,18,24,6,6,5,2,11
"CEP112",28,161,172,336,368,111,130,177,81,227
"APOH",0,0,0,2,2,2,0,1,1,3
"PRKCA",301,2682,950,1923,1873,352,695,695,368,1364
"PRKCA-AS1",31,418,242,265,247,35,111,130,8,292
"CACNG5",1,0,3,2,1,1,0,0,0,1
"CACNG4",1,3,3,11,7,0,0,2,0,3
"AC005544.1",0,0,0,1,0,0,0,0,0,0
"CACNG1",0,0,0,0,0,0,0,0,0,0
"HELZ",28,136,115,314,267,66,92,110,39,187
"AC007448.3",0,2,2,2,2,0,1,2,0,1
"PSMD12",3,52,27,51,34,28,20,28,12,37
"PITPNC1",616,3971,1837,3502,3131,585,1016,1161,483,2509
"NOL11",5,21,20,37,39,13,13,23,6,21
"BPTF",101,396,410,683,670,152,157,241,112,426
"AC134407.1",0,0,0,0,0,0,0,0,0,0
"C17orf58",4,19,7,7,8,7,3,5,4,10
"KPNA2",4,34,16,23,25,6,6,12,8,12
"AC145343.1",0,0,0,0,0,0,0,0,0,1
"AC005332.7",2,11,7,10,11,3,1,3,1,1
"AC005332.4",0,7,1,4,1,1,7,5,4,13
"AC005332.6",3,3,7,13,6,1,4,2,2,2
"AC005332.8",1,7,3,4,7,1,0,1,0,4
"AC005332.3",0,0,1,1,1,1,0,0,0,2
"AC005332.5",4,14,19,26,14,16,14,26,9,40
"AC005332.1",0,0,1,0,0,0,0,0,0,1
"AMZ2",55,152,84,154,133,70,105,106,57,91
"ARSG",8,41,29,34,32,10,8,18,3,38
"SLC16A6",0,3,1,1,2,3,0,1,0,1
"WIPI1",8,40,45,27,39,11,11,7,11,45
"PRKAR1A",25,96,69,156,128,24,23,49,17,87
"FAM20A",0,7,8,20,7,3,4,5,2,14
"AC079210.1",0,1,2,1,0,0,1,0,0,1
"LINC01482",0,3,2,4,4,3,0,0,0,8
"AC011591.1",0,0,0,0,0,0,0,0,0,1
"ABCA8",54,89,97,89,145,33,32,33,35,38
"ABCA9-AS1",0,4,3,3,5,0,1,0,0,1
"ABCA9",1,7,18,9,7,4,0,2,1,3
"ABCA6",3,12,20,23,22,13,14,1,6,10
"ABCA10",3,16,33,27,26,4,2,2,3,3
"ABCA5",10,52,89,92,75,18,21,27,11,26
"MAP2K6",16,19,68,68,84,21,11,56,11,38
"AC002546.1",0,1,1,2,1,0,0,1,1,1
"LINC01483",0,3,7,18,5,1,2,7,1,9
"LINC01497",0,0,0,0,0,0,0,0,0,0
"AC005208.1",1,7,8,6,6,1,1,3,0,5
"KCNJ16",3,36,32,52,51,15,16,38,8,36
"KCNJ2-AS1",0,0,1,3,1,0,0,0,1,1
"KCNJ2",8,9,13,28,17,15,7,9,6,12
"AC011990.1",1,1,3,1,2,2,0,1,3,0
"CASC17",3,48,51,180,70,19,24,31,14,62
"AC005144.1",1,4,0,0,4,1,0,0,0,4
"ROCR",1,6,3,2,4,1,2,6,1,14
"LINC01152",2,6,15,7,7,2,8,4,2,18
"LINC02097",1,3,2,2,3,2,2,2,1,4
"SOX9",11,279,75,221,195,169,137,216,122,114
"LINC00511",110,632,469,1101,769,120,184,260,112,640
"LINC02003",1,0,3,1,0,0,0,0,0,2
"AC007639.1",0,0,1,0,1,0,0,0,0,1
"SLC39A11",122,514,695,2393,1133,250,332,315,169,997
"SSTR2",3,19,17,25,27,4,1,2,1,2
"COG1",12,52,53,37,40,8,6,15,7,31
"AC097641.2",0,0,3,2,3,0,0,1,0,4
"FAM104A",2,27,17,29,30,9,10,15,7,20
"C17orf80",3,17,14,12,21,6,6,12,5,13
"CPSF4L",0,1,0,0,0,0,0,1,0,1
"CDC42EP4",18,157,115,116,145,66,89,119,65,131
"SDK2",9,23,39,43,42,13,5,20,6,27
"AC124804.1",0,1,0,0,0,0,0,0,0,0
"AC125421.1",0,0,0,1,0,0,0,0,0,1
"LINC00469",0,0,0,0,2,1,1,0,0,1
"LINC02092",0,0,0,0,1,0,0,0,0,0
"AC137735.1",0,0,1,0,0,0,1,0,0,0
"LINC02074",0,2,4,4,8,1,0,2,1,2
"RPL38",54,109,132,75,150,70,36,84,30,64
"AC100786.1",8,8,5,4,6,0,9,12,3,5
"TTYH2",56,159,135,191,198,59,62,75,48,123
"AC100786.2",0,0,0,1,1,0,0,1,0,0
"DNAI2",0,9,3,2,3,0,0,2,0,1
"KIF19",1,30,7,34,14,3,10,4,5,1
"BTBD17",2,21,7,42,29,5,5,4,3,7
"GPRC5C",4,32,29,44,36,14,6,14,13,20
"CD300A",0,0,0,1,3,0,0,0,0,0
"CD300LB",0,0,0,0,0,0,0,0,0,0
"CD300C",0,0,0,0,0,0,0,1,0,0
"C17orf77",0,0,0,0,0,0,0,2,0,1
"AC064805.1",0,0,0,0,0,0,0,0,0,0
"CD300E",0,3,1,4,1,1,0,2,0,2
"RAB37",3,17,21,22,18,7,2,9,2,14
"AC064805.2",0,0,0,0,0,0,0,0,0,0
"CD300LF",1,1,4,0,1,0,0,0,0,2
"SLC9A3R1",11,95,52,106,56,30,17,37,19,39
"NAT9",15,40,64,31,88,22,27,40,10,90
"TMEM104",7,24,30,46,33,21,15,14,7,25
"GRIN2C",81,205,153,372,249,87,79,217,59,175
"FDXR",3,10,15,23,20,9,4,19,9,13
"FADS6",1,1,2,5,2,0,0,1,0,1
"OTOP2",0,0,0,0,0,0,0,0,0,0
"OTOP3",0,0,1,0,0,0,0,0,0,1
"HID1",11,49,33,65,42,17,12,10,15,15
"HID1-AS1",0,1,1,0,0,0,0,0,0,2
"CDR2L",3,18,9,23,11,1,5,5,3,5
"MRPL58",6,17,10,11,19,9,5,5,5,15
"KCTD2",12,45,50,81,47,13,16,13,8,21
"ATP5PD",15,39,27,35,41,45,17,36,9,31
"SLC16A5",0,1,1,0,0,0,1,0,0,0
"ARMC7",1,11,2,14,7,8,1,7,6,9
"NT5C",13,51,58,44,42,24,30,53,13,51
"JPT1",4,31,23,39,17,3,8,6,2,11
"SUMO2",7,17,14,17,17,4,5,9,1,13
"NUP85",5,42,33,43,22,13,10,31,11,30
"GGA3",5,22,21,35,36,19,13,19,8,32
"MRPS7",10,53,45,48,47,18,30,29,4,56
"MIF4GD",5,25,12,12,14,6,3,9,1,19
"AC022211.2",0,0,0,0,0,0,0,0,0,1
"SLC25A19",3,7,13,22,9,3,4,6,3,5
"GRB2",13,72,56,94,99,18,12,27,8,44
"AC011933.4",3,40,33,64,48,5,6,10,4,19
"AC011933.3",0,0,0,0,0,1,0,0,0,0
"TMEM94",33,82,115,214,152,66,58,81,41,97
"CASKIN2",9,24,24,49,28,9,10,27,9,21
"TSEN54",10,24,73,47,67,23,20,47,13,62
"LLGL2",10,18,20,22,13,10,7,16,5,23
"MYO15B",28,58,85,101,54,27,24,42,15,61
"RECQL5",9,27,12,40,30,9,7,16,15,17
"SMIM5",1,8,7,10,6,0,2,3,2,3
"SMIM6",1,4,4,5,0,0,0,2,0,2
"SAP30BP",23,112,89,101,70,32,33,60,19,61
"ITGB4",50,292,151,277,193,125,149,176,101,172
"GALK1",1,13,15,10,8,6,9,7,1,5
"H3F3B",55,775,176,224,236,106,79,151,43,140
"UNK",21,71,56,73,98,24,17,41,11,69
"UNC13D",7,3,7,6,21,2,3,11,7,10
"WBP2",35,229,149,116,116,40,59,66,24,103
"TRIM47",16,156,70,230,110,32,39,67,13,53
"AC087289.5",0,0,1,1,0,0,0,1,0,0
"TRIM65",10,20,14,28,22,11,9,21,7,21
"AC087289.2",1,0,1,0,1,0,1,0,0,1
"MRPL38",0,2,0,1,0,5,0,5,3,0
"AC087289.3",1,2,5,16,9,4,2,3,4,6
"FBF1",5,36,31,24,41,4,9,7,1,41
"ACOX1",12,101,57,93,77,24,30,47,16,76
"TEN1",2,5,7,11,11,1,1,2,0,7
"CDK3",5,5,8,22,14,7,6,13,5,13
"EVPL",0,1,0,1,0,0,0,0,0,1
"SRP68",7,35,31,41,29,10,10,19,3,19
"ZACN",0,0,0,0,0,0,0,0,0,1
"EXOC7",39,88,89,127,90,41,25,62,31,87
"FOXJ1",0,1,1,3,2,14,4,11,3,3
"RNF157-AS1",3,3,4,4,5,2,4,1,1,12
"RNF157",25,107,110,165,116,21,27,53,22,92
"UBALD2",2,26,13,37,15,10,10,17,11,10
"QRICH2",5,9,12,40,31,17,7,20,10,27
"PRPSAP1",12,61,63,117,91,19,18,40,21,74
"SPHK1",0,2,2,0,1,0,0,0,0,3
"UBE2O",19,47,70,122,94,31,17,41,12,54
"AANAT",0,1,0,0,0,0,0,0,0,0
"RHBDF2",0,2,14,14,10,5,4,6,0,5
"CYGB",0,8,7,16,12,1,1,1,1,0
"PRCD",5,23,14,7,22,1,4,0,1,8
"AC015802.4",0,5,2,1,4,0,2,2,2,4
"AC015802.6",1,1,0,0,1,1,0,0,1,0
"ST6GALNAC2",1,3,3,6,4,1,0,1,1,4
"ST6GALNAC1",0,0,0,0,0,0,1,0,0,0
"AC005837.1",0,2,4,1,4,1,1,4,0,4
"MXRA7",3,26,22,38,34,6,5,18,10,13
"AC005837.3",0,0,0,0,0,0,0,0,0,0
"JMJD6",10,15,22,31,19,16,11,22,8,15
"METTL23",2,7,11,5,5,0,2,4,0,10
"AC005837.2",0,4,8,11,7,0,1,1,0,2
"SRSF2",47,154,133,170,162,47,60,77,25,150
"MFSD11",28,76,137,157,167,25,32,53,19,193
"LINC02080",0,1,5,2,2,0,0,0,1,2
"LINC00868",0,1,0,0,0,0,0,0,1,0
"MGAT5B",10,28,54,74,48,5,11,25,10,39
"SEC14L1",21,308,114,255,231,86,105,136,58,257
"AC068594.1",0,3,0,1,1,0,1,1,0,1
"SEPT9",15,79,61,127,116,40,38,35,22,78
"AC111182.1",0,1,2,1,1,0,1,0,1,3
"AC111170.1",0,1,0,4,3,0,1,0,0,1
"AC021683.3",2,0,1,1,2,0,0,1,0,2
"AC021683.2",0,2,4,7,5,0,0,0,1,0
"AC021683.1",0,0,0,0,0,0,0,0,0,1
"TNRC6C",62,311,270,444,413,107,105,230,77,224
"TMC6",8,34,32,81,46,10,12,10,5,13
"TMC8",0,3,4,10,9,0,1,2,1,3
"C17orf99",1,0,2,3,2,1,0,1,0,1
"SYNGR2",14,24,39,85,38,17,14,26,11,27
"TK1",0,1,2,0,2,0,0,0,1,0
"AFMID",16,18,29,24,27,7,11,8,4,26
"BIRC5",0,2,1,1,3,1,0,0,0,0
"TMEM235",17,43,36,35,31,2,7,1,5,10
"LINC01993",0,0,2,0,1,0,0,1,1,2
"AC087645.2",1,3,1,5,3,0,1,1,0,0
"SOCS3",0,75,7,27,3,3,11,13,0,6
"AC061992.1",0,3,2,4,3,0,0,1,0,0
"PGS1",7,31,24,72,37,18,12,20,5,14
"DNAH17",13,50,51,30,29,3,6,9,2,21
"LINC02081",0,2,0,0,1,0,0,0,0,2
"CYTH1",25,111,74,144,148,32,31,43,29,81
"USP36",15,48,57,91,55,16,12,32,14,42
"TIMP2",33,62,45,129,73,29,15,26,10,39
"AC100788.1",0,0,0,1,0,0,0,0,0,0
"LGALS3BP",10,62,57,89,72,42,29,40,29,31
"CANT1",2,12,12,17,23,13,4,6,6,15
"C1QTNF1-AS1",0,0,0,0,0,0,0,0,0,1
"C1QTNF1",0,0,1,3,0,1,0,1,1,0
"ENGASE",13,20,33,66,25,20,16,17,13,9
"RBFOX3",9,51,104,123,103,9,9,13,4,25
"LINC02078",0,0,0,0,0,0,1,1,0,0
"CBX2",0,0,0,1,1,1,0,3,0,0
"CBX8",0,2,2,1,1,6,0,2,0,3
"LINC01977",0,0,0,0,0,0,0,1,0,0
"CBX4",3,17,14,26,16,5,6,14,11,6
"LINC01979",0,0,0,0,0,0,0,0,0,0
"LINC01978",0,0,0,0,0,0,0,2,0,0
"TBC1D16",5,32,38,67,43,13,21,28,10,43
"AC100791.3",1,2,1,1,0,1,1,0,0,2
"CCDC40",6,25,27,57,44,16,4,42,12,48
"GAA",13,39,56,81,54,16,18,31,11,31
"EIF4A3",1,11,7,10,13,12,6,8,4,12
"AC087741.2",0,1,2,0,0,2,0,0,0,1
"CARD14",1,0,7,13,16,3,3,14,3,14
"AC087741.1",4,2,14,14,13,6,6,7,6,11
"SGSH",2,9,14,22,5,5,3,0,2,7
"SLC26A11",17,46,52,74,65,23,30,46,15,58
"RNF213",34,134,194,191,180,48,57,91,23,124
"AC124319.3",0,0,0,1,0,0,1,1,0,1
"AC124319.2",11,54,58,75,77,15,21,22,9,54
"ENDOV",11,44,46,52,60,17,13,20,8,52
"AC120024.1",0,1,0,0,0,0,1,0,0,0
"NPTX1",6,24,35,70,45,4,5,0,3,10
"RPTOR",26,106,96,179,157,40,39,71,23,111
"AC127496.1",0,0,1,2,0,0,0,0,0,0
"CHMP6",7,13,18,29,20,6,5,17,5,19
"AC127496.5",0,0,2,5,1,1,0,0,0,0
"AC127496.2",0,0,0,0,1,0,0,0,0,0
"BAIAP2-DT",3,9,13,20,11,5,1,13,2,9
"BAIAP2",12,63,80,127,84,36,17,41,20,53
"AATK",32,116,92,239,133,22,31,26,26,50
"PVALEF",1,3,10,3,4,1,2,0,1,2
"CEP131",6,6,18,15,8,7,8,8,6,10
"TEPSIN",9,8,22,34,12,11,3,13,5,12
"NDUFAF8",16,54,74,109,79,18,29,42,10,63
"SLC38A10",13,35,62,81,72,35,25,50,35,46
"AC027601.4",1,2,1,3,3,0,0,2,1,0
"LINC00482",0,1,2,0,0,0,1,0,0,2
"TMEM105",1,4,1,2,3,2,0,3,0,1
"AC027601.3",1,1,0,0,1,3,1,2,2,1
"AC110285.6",2,13,14,20,13,5,4,9,5,17
"AC110285.3",0,0,3,1,0,0,0,0,0,0
"AC110285.1",6,26,34,26,19,3,3,2,1,8
"AC110285.5",1,0,1,0,0,0,1,0,0,0
"AC110285.2",6,34,10,26,18,0,4,10,6,11
"BAHCC1",6,37,33,47,31,12,27,32,15,26
"LINC01971",0,3,4,1,3,0,0,3,0,0
"ACTG1",80,524,216,319,260,140,133,195,70,185
"AC139149.1",2,2,4,2,2,1,0,2,3,2
"FSCN2",0,0,0,2,0,0,0,0,0,0
"FAAP100",7,10,16,39,11,4,4,4,3,3
"NPLOC4",14,96,72,105,63,16,24,41,12,60
"TSPAN10",0,4,6,3,8,2,6,8,0,4
"PDE6G",0,1,1,1,2,1,0,0,0,0
"OXLD1",9,22,25,27,28,11,13,13,5,18
"CCDC137",5,18,30,33,29,9,5,18,4,30
"ARL16",13,19,23,19,33,9,13,28,5,25
"HGS",19,44,44,97,61,39,24,60,26,35
"AC139530.3",0,1,3,3,3,2,2,3,2,3
"AC139530.1",5,19,16,10,11,3,2,9,1,17
"AC139530.2",0,0,0,2,0,0,0,1,0,0
"SLC25A10",1,3,4,5,1,1,1,2,1,1
"GCGR",0,0,0,0,0,0,1,1,0,1
"MCRIP1",18,55,52,126,67,27,15,47,22,32
"PPP1R27",0,1,0,0,0,0,0,1,0,0
"P4HB",27,85,94,156,138,69,37,62,21,54
"AC145207.3",0,0,0,0,0,0,0,0,0,0
"ARHGDIA",6,53,49,70,45,25,20,44,9,26
"AC145207.2",0,1,0,0,0,0,0,0,0,0
"AC145207.5",0,3,2,1,4,0,3,2,1,1
"AC145207.6",0,0,0,0,0,0,0,0,0,0
"ALYREF",0,2,0,1,0,1,0,0,2,2
"ANAPC11",30,69,68,71,72,38,28,43,12,41
"NPB",2,6,3,4,6,2,1,2,2,0
"PCYT2",14,35,33,61,29,15,15,15,7,28
"SIRT7",7,32,38,89,60,24,14,53,15,57
"MAFG",2,14,18,46,40,11,9,55,9,45
"MAFG-DT",1,8,8,8,12,2,3,3,0,7
"PYCR1",1,10,16,18,14,7,8,30,2,14
"MYADML2",0,2,0,0,0,0,0,0,0,1
"AC145207.1",0,4,5,3,5,0,0,2,0,1
"NOTUM",0,3,6,13,2,5,3,11,1,6
"ASPSCR1",16,47,51,119,75,23,33,38,21,73
"CENPX",7,22,48,36,44,27,18,38,9,20
"LRRC45",4,3,5,22,7,7,2,9,8,4
"RAC3",6,11,8,17,9,9,7,7,11,6
"DCXR",17,97,79,101,104,97,61,100,42,97
"AC137723.1",0,4,3,3,8,6,5,2,2,8
"RFNG",15,38,49,153,74,63,30,86,40,46
"GPS1",23,62,57,106,73,36,23,38,19,43
"DUS1L",15,26,64,64,39,20,10,36,11,13
"FASN",22,62,60,128,47,13,18,24,12,21
"CCDC57",19,37,80,101,69,13,15,32,13,63
"AC129510.2",0,1,0,0,0,0,0,0,0,0
"AC132872.2",0,0,0,2,0,1,0,0,0,0
"SLC16A3",2,15,17,39,5,2,3,4,2,10
"CSNK1D",32,93,80,113,104,41,36,40,24,50
"LINC01970",1,2,1,1,1,1,0,0,0,3
"AC132872.1",3,9,17,34,18,3,3,12,1,9
"CD7",0,0,0,0,0,0,0,0,0,0
"SECTM1",0,0,0,0,1,0,1,0,1,0
"AC132938.1",1,3,6,6,4,1,2,1,7,5
"OGFOD3",8,24,20,22,9,5,7,7,1,17
"HEXDC",6,41,49,88,54,15,12,26,5,33
"CYBC1",6,68,44,58,49,19,27,11,11,31
"AC132938.3",0,0,0,0,0,0,0,1,0,0
"NARF",23,71,89,149,81,29,30,38,24,147
"NARF-AS1",0,0,0,0,0,0,0,0,0,0
"FOXK2",13,157,97,197,129,22,29,48,18,100
"AC124283.1",1,1,13,29,10,1,1,4,0,2
"WDR45B",10,79,61,113,71,24,25,31,11,44
"RAB40B",21,87,82,182,110,28,31,55,26,53
"AC024361.2",0,1,2,2,2,1,1,1,0,3
"FN3KRP",4,23,15,28,30,4,8,11,0,12
"AC024361.3",0,0,0,0,1,0,0,0,0,2
"FN3K",17,58,101,47,71,10,5,39,4,16
"TBCD",34,87,83,165,114,32,34,73,41,77
"ZNF750",0,0,1,1,1,0,0,2,2,1
"B3GNTL1",5,5,11,13,14,2,3,7,1,3
"METRNL",3,10,5,7,11,4,5,12,5,9
"AC130371.2",0,2,0,0,0,0,0,0,0,0
"AC144831.1",0,1,1,0,2,0,0,0,0,1
"AC139099.2",0,0,0,0,0,0,0,0,0,1
"AC139099.3",0,4,1,2,1,0,1,1,0,1
"AP005530.1",0,0,0,0,1,0,0,0,0,0
"AP001005.3",0,1,0,1,0,0,0,0,0,1
"USP14",21,98,77,118,110,35,20,59,19,45
"THOC1",21,99,71,105,115,31,41,79,24,101
"AP000845.1",0,4,0,0,2,0,1,0,0,1
"AP000915.1",0,1,0,1,3,0,1,0,0,1
"COLEC12",21,718,81,536,271,87,143,177,38,102
"LINC01925",0,1,0,0,0,1,0,1,0,3
"CLUL1",1,5,3,3,8,2,2,5,1,0
"AP001178.3",0,0,0,0,0,0,0,1,0,0
"TYMS",6,12,5,2,6,1,3,0,0,4
"ENOSF1",48,143,78,58,106,13,9,25,10,79
"YES1",10,42,30,66,83,19,18,25,8,43
"AP001020.3",0,2,1,2,0,0,0,0,0,0
"AP001020.1",1,2,1,0,0,0,1,0,0,0
"AP000894.4",0,1,1,0,1,0,0,0,0,2
"AP000894.3",0,4,3,1,2,1,2,3,0,4
"ADCYAP1",0,1,5,2,2,0,0,0,0,2
"AP005328.2",0,1,2,0,2,2,0,1,0,0
"AP005328.1",1,5,8,10,9,0,1,1,0,2
"LINC00470",1,2,1,0,11,0,1,2,0,2
"AC008109.1",0,2,2,3,2,1,0,1,1,1
"AC019183.1",0,0,0,1,0,1,1,0,0,0
"AP005230.1",1,10,8,12,12,1,4,3,0,8
"METTL4",4,14,20,36,28,11,14,29,13,43
"NDC80",0,2,0,1,1,3,0,0,0,2
"SMCHD1",25,174,123,224,247,51,56,124,34,150
"AP001011.1",3,30,43,32,35,2,6,6,3,31
"EMILIN2",0,2,1,4,0,2,1,0,1,2
"LPIN2",24,93,95,322,163,44,33,72,31,140
"AP000919.2",1,17,20,23,20,2,10,4,2,11
"AP000919.3",2,2,7,10,5,1,1,2,0,1
"MYOM1",19,89,59,48,100,19,45,50,38,95
"AP005329.2",8,31,32,24,29,7,12,17,1,38
"AP005329.3",0,1,1,1,4,2,0,1,0,2
"MYL12A",2,24,9,8,15,8,12,15,4,21
"AP005329.1",0,2,0,0,2,0,1,1,0,1
"MYL12B",16,41,36,49,28,9,7,27,12,19
"AP001025.1",1,9,5,5,7,8,5,5,1,3
"TGIF1",3,23,10,25,33,14,14,20,17,32
"GAPLINC",0,0,0,1,1,0,0,0,0,0
"DLGAP1",165,571,1223,1516,1429,286,249,417,230,634
"DLGAP1-AS1",3,19,11,12,20,20,21,27,8,23
"DLGAP1-AS2",1,8,6,4,17,5,3,9,2,5
"AP002478.1",0,0,1,0,0,0,0,0,0,0
"DLGAP1-AS3",2,4,8,8,6,2,1,2,0,6
"DLGAP1-AS4",3,11,17,30,26,5,3,3,1,8
"DLGAP1-AS5",1,1,6,3,3,2,0,3,0,3
"AP005203.1",1,8,4,5,6,1,3,6,4,10
"AKAIN1",0,0,0,1,0,0,0,0,0,0
"AP001496.2",0,0,2,0,3,0,2,1,1,3
"LINC00667",11,35,46,60,83,17,29,44,11,40
"ZBTB14",7,4,3,8,6,6,4,3,2,5
"AP001496.1",0,0,0,0,0,0,0,0,0,0
"AP005671.1",0,0,0,2,3,1,0,1,0,0
"EPB41L3",23,83,130,142,107,19,20,10,6,32
"AP005059.2",0,0,1,0,0,0,0,0,0,0
"AP005059.1",1,2,6,1,4,1,0,0,0,1
"MIR3976HG",1,1,6,2,4,1,1,1,0,1
"TMEM200C",1,1,4,6,2,4,1,1,0,1
"AP005433.1",1,2,3,6,2,0,0,2,0,2
"L3MBTL4",19,94,125,185,176,37,35,51,42,82
"AP001021.1",0,2,1,0,0,0,0,0,0,0
"AP001021.2",4,15,26,15,24,4,0,3,0,9
"L3MBTL4-AS1",0,0,1,0,0,0,0,0,0,0
"LINC01387",0,1,1,1,1,0,0,0,1,1
"AP005205.2",1,0,0,0,1,0,0,0,0,0
"ARHGAP28",6,1,11,22,6,5,3,4,1,3
"AP005210.1",0,0,0,0,0,0,0,0,0,0
"LAMA1",33,168,85,239,168,27,31,94,22,99
"AP005062.1",0,0,0,0,0,0,0,0,0,1
"PTPRM",57,278,201,503,448,124,150,247,83,288
"AP000897.2",0,0,2,1,1,0,0,0,0,0
"RAB12",13,83,32,94,81,11,17,37,11,49
"GACAT2",0,1,1,1,0,1,0,0,0,0
"MTCL1",2,24,38,46,38,8,4,12,2,21
"NDUFV2",11,54,26,57,39,25,19,47,22,49
"AP005899.1",0,6,2,6,16,0,2,1,0,3
"NDUFV2-AS1",2,10,11,12,29,12,5,10,3,18
"ANKRD12",115,530,444,881,740,258,280,393,144,515
"AP001033.1",1,0,2,4,3,0,1,2,0,1
"TWSG1",3,44,28,58,62,25,16,32,15,35
"AP005432.2",0,0,0,0,0,0,0,0,0,1
"RALBP1",10,61,34,56,58,19,19,30,11,42
"PPP4R1",13,90,58,134,116,34,39,42,22,88
"AP001381.1",0,0,0,0,0,0,0,0,0,0
"PPP4R1-AS1",0,1,0,4,0,0,1,0,1,3
"RAB31",44,310,232,352,323,120,107,193,61,276
"VAPA",44,170,138,314,203,94,75,130,36,192
"AP005209.1",0,0,0,2,0,0,1,0,0,0
"APCDD1",46,177,125,206,306,99,142,128,93,183
"NAPG",13,88,68,88,92,22,33,36,16,108
"AP001099.1",0,0,2,4,1,0,0,0,0,0
"LINC01887",0,0,1,1,2,0,1,0,0,1
"PIEZO2",31,64,66,220,135,17,25,26,18,42
"AP001180.4",0,0,0,0,0,0,0,0,0,0
"AP005120.1",0,1,1,1,2,1,0,1,0,0
"AP005229.1",0,1,0,1,0,0,0,1,0,0
"AP001109.1",0,0,0,0,1,0,1,1,1,0
"GNAL",5,102,65,109,108,16,20,30,11,52
"CHMP1B-AS1",0,0,0,0,0,0,0,0,0,0
"MPPE1",9,33,39,49,39,13,15,22,7,30
"AP001269.4",2,7,0,6,3,1,1,3,1,2
"AP001269.2",0,0,0,0,3,1,0,0,0,2
"IMPA2",2,30,37,41,34,7,8,28,10,26
"AP001269.1",0,0,0,0,0,0,0,0,0,0
"ANKRD62",0,3,8,3,1,2,1,0,1,0
"AP005264.4",0,0,0,0,0,0,0,0,0,0
"CIDEA",0,5,7,2,3,1,0,1,0,1
"AP005264.1",0,0,0,0,0,0,0,0,0,0
"TUBB6",0,10,6,16,9,2,2,10,3,11
"AFG3L2",13,74,51,60,63,15,17,36,8,52
"PRELID3A",3,21,24,46,32,15,10,14,9,31
"AP001029.1",1,4,2,3,1,1,1,1,0,0
"AP001029.2",3,11,12,13,14,8,4,4,5,21
"SPIRE1",67,282,283,625,423,105,103,167,63,387
"PSMG2",16,86,94,165,167,60,57,87,23,167
"CEP76",2,25,33,63,60,5,11,16,6,60
"AP005482.1",0,0,1,1,1,0,0,0,0,0
"PTPN2",16,78,81,133,116,26,26,42,10,86
"SEH1L",6,18,17,26,15,3,4,5,3,8
"AP002449.1",0,0,0,0,0,0,0,1,0,0
"CEP192",36,137,134,187,177,42,60,99,37,155
"AP001198.1",0,0,0,0,0,0,0,0,0,0
"LDLRAD4",88,335,229,343,377,92,155,180,74,204
"AP002505.1",0,0,0,0,1,0,0,0,0,0
"AP002439.1",0,1,0,0,0,0,0,0,0,0
"LDLRAD4-AS1",0,1,2,1,0,2,3,0,0,0
"AP005131.5",0,2,0,1,1,1,0,0,0,2
"AP005131.1",0,3,4,1,1,1,0,1,0,0
"AP005131.3",0,2,1,0,0,0,0,1,0,1
"AP001010.1",0,0,0,0,0,0,0,0,0,0
"FAM210A",2,32,18,42,38,7,20,15,7,18
"RNMT",46,246,166,268,243,78,76,103,35,133
"MC5R",0,2,0,0,0,0,0,0,0,0
"MC2R",0,0,0,0,0,0,0,0,0,0
"ZNF519",9,23,46,47,78,18,22,31,2,32
"POTEC",0,0,0,0,0,0,0,0,0,0
"ANKRD30B",0,8,13,23,5,3,2,4,1,4
"AP006565.1",0,7,8,23,8,17,2,11,16,2
"LINC01906",0,0,0,0,0,0,0,0,0,0
"AP005121.1",0,0,1,1,0,0,0,0,0,0
"LINC01443",0,0,0,0,1,0,0,1,0,0
"LINC01444",0,0,0,0,0,0,0,0,0,0
"AP005242.1",0,2,1,0,0,0,0,0,0,0
"AP005901.2",0,0,0,3,0,0,0,0,0,0
"ROCK1",35,159,116,231,231,59,67,107,41,146
"AC022809.1",0,0,0,0,0,0,0,0,0,0
"GREB1L",21,86,69,99,93,35,17,42,14,48
"AC015878.1",4,8,11,8,13,1,1,5,1,3
"ESCO1",13,74,41,66,75,19,25,34,14,52
"SNRPD1",15,36,38,44,38,16,9,24,7,25
"ABHD3",14,95,71,67,103,43,47,69,21,128
"AC106037.2",0,1,0,0,0,0,0,0,0,1
"MIB1",40,153,154,307,343,140,113,148,54,278
"MIR133A1HG",0,0,3,1,1,0,0,1,0,1
"AC103987.2",0,0,1,1,0,0,0,0,1,1
"LINC01900",1,3,0,5,2,0,2,1,0,4
"GATA6",0,2,0,0,1,0,0,0,0,0
"AC091588.2",0,0,2,1,0,1,0,1,0,0
"CTAGE1",0,1,0,2,3,1,1,3,0,2
"AC090912.1",1,4,2,3,5,2,2,3,5,10
"RBBP8",2,14,18,33,28,4,4,14,3,21
"CABLES1",113,1232,423,749,571,137,293,266,171,728
"TMEM241",37,827,366,354,297,58,112,118,22,541
"RIOK3",17,57,64,91,80,19,29,28,13,57
"RMC1",11,59,76,90,69,12,15,42,9,48
"NPC1",33,207,173,302,216,34,48,81,31,146
"ANKRD29",6,40,18,15,39,17,21,29,7,76
"LAMA3",4,32,21,42,40,21,17,34,15,45
"AC010754.1",0,3,0,1,2,0,2,2,1,3
"TTC39C",9,73,78,95,101,11,19,29,19,51
"TTC39C-AS1",0,2,0,0,2,5,1,1,1,0
"AC090772.2",0,8,8,4,2,1,1,0,1,5
"AC090772.1",0,2,3,3,1,0,0,3,0,4
"CABYR",2,16,18,29,18,4,3,4,1,25
"AC090772.3",2,5,1,10,1,1,0,3,1,1
"OSBPL1A",88,510,349,570,476,89,111,152,73,476
"AC023983.1",2,16,9,14,4,1,1,2,1,22
"AC023983.2",0,2,5,10,13,0,1,7,1,7
"IMPACT",7,21,11,17,18,8,7,15,9,19
"HRH4",0,0,1,1,1,3,0,0,1,3
"AC007922.3",0,0,1,1,0,0,0,0,0,1
"LINC01915",0,0,0,1,1,0,0,0,0,0
"AC018697.1",0,5,7,1,6,3,0,4,2,1
"LINC01894",0,1,0,1,0,0,0,0,0,0
"ZNF521",35,178,172,302,293,95,105,151,65,257
"SS18",15,97,68,154,134,32,37,67,26,119
"PSMA8",0,3,1,1,1,1,0,1,0,3
"TAF4B",3,20,26,16,36,1,3,8,4,16
"KCTD1",22,99,137,201,263,34,48,108,31,168
"AQP4-AS1",82,409,319,613,755,152,234,360,107,574
"PCAT18",0,0,0,1,0,0,0,0,0,1
"AQP4",183,1263,844,1431,1691,943,763,1155,422,1448
"CHST9",1,40,18,48,58,11,14,27,4,57
"LINC01908",1,0,0,1,1,0,0,1,0,1
"AC090403.1",1,3,5,3,6,1,0,2,0,4
"AC021382.1",0,0,0,2,1,0,0,0,0,0
"AC068408.1",1,0,0,1,0,0,0,1,0,2
"CDH2",67,362,339,917,786,284,265,456,155,527
"AC110015.1",0,1,2,0,2,0,1,0,0,7
"AC074237.1",0,0,1,0,2,0,1,0,0,3
"DSC3",0,0,2,1,0,0,0,0,0,0
"DSC2",1,18,8,8,7,2,8,4,2,6
"DSCAS",4,18,10,13,31,3,14,12,2,25
"DSC1",0,1,2,0,7,1,0,3,1,3
"DSG1",0,0,0,0,2,0,0,0,1,0
"DSG1-AS1",2,1,0,7,3,0,0,3,3,1
"DSG4",0,0,0,0,0,0,0,0,0,0
"DSG3",0,1,4,2,2,5,2,0,3,1
"DSG2",0,0,1,0,1,1,3,1,0,1
"DSG2-AS1",0,0,0,0,0,1,0,1,0,1
"TTR",0,2,1,0,0,0,0,5,0,0
"B4GALT6",11,38,47,50,59,10,6,21,8,27
"AC017100.1",0,0,1,2,0,0,0,0,0,1
"TRAPPC8",10,83,59,146,106,47,35,75,25,92
"AC022960.1",0,1,2,2,1,0,0,0,0,1
"AC009831.1",1,0,5,4,6,3,2,4,1,6
"RNF125",11,31,43,57,39,8,9,6,3,21
"AC011825.4",0,2,0,1,1,0,0,1,2,3
"RNF138",8,38,35,51,56,11,10,11,7,30
"AC011825.2",0,6,2,2,1,0,0,2,1,5
"GAREM1",110,618,475,854,634,175,239,270,152,441
"MEP1B",0,11,9,14,5,1,0,7,1,7
"AC015563.2",0,0,0,0,1,0,1,0,0,1
"AC025887.2",6,16,22,19,15,3,6,5,1,24
"KLHL14",0,1,3,3,11,0,0,1,0,1
"AC090371.2",0,0,0,1,0,0,0,0,0,0
"CCDC178",1,8,7,27,15,4,3,6,5,8
"AC091198.1",0,1,1,1,1,0,0,0,0,0
"ASXL3",11,38,39,94,53,5,3,8,9,14
"NOL4",28,437,246,521,408,87,153,263,81,275
"AC104985.1",0,0,0,0,0,0,0,0,0,0
"AC104985.2",0,0,0,0,0,0,0,1,0,0
"DTNA",616,7901,2967,7205,5744,1585,2513,2910,1181,4208
"AC022601.1",0,19,10,12,3,3,9,1,1,10
"AC068506.1",0,1,0,1,3,0,0,0,0,2
"MAPRE2",56,740,219,412,311,71,176,291,75,178
"AC015967.1",0,5,0,1,5,0,0,2,1,0
"ZNF397",30,106,92,170,180,53,43,88,32,124
"ZSCAN30",13,37,31,37,49,15,20,32,12,30
"AC011815.2",1,2,7,9,16,3,7,9,4,10
"AC116447.1",0,0,2,1,0,1,1,1,0,1
"ZNF24",13,74,63,145,152,40,33,90,22,92
"ZNF396",0,3,0,3,3,1,2,5,2,5
"INO80C",0,0,0,0,0,0,0,0,0,0
"GALNT1",27,121,71,153,125,29,57,61,18,82
"AC090229.1",0,1,0,1,2,0,0,0,0,0
"AC118757.1",1,0,3,0,3,0,0,0,0,1
"C18orf21",2,13,8,12,12,4,4,10,5,6
"RPRD1A",33,213,152,256,224,42,60,99,30,127
"SLC39A6",14,54,42,57,48,12,18,24,8,33
"ELP2",38,102,97,149,141,46,45,84,35,130
"AC023043.1",1,1,0,0,0,0,0,1,0,1
"MOCOS",1,4,5,2,2,2,1,5,0,6
"FHOD3",43,113,160,264,243,55,42,108,50,173
"TPGS2",9,72,40,54,39,16,10,21,6,37
"KIAA1328",42,196,146,237,242,62,75,98,59,161
"AC016493.1",0,3,5,5,5,0,0,0,0,0
"AC015961.1",1,1,0,0,1,0,0,0,0,1
"CELF4",30,82,128,263,210,27,21,46,23,42
"AC015961.2",2,4,1,6,8,1,0,2,1,2
"AC090386.1",0,0,0,0,0,0,0,0,0,0
"AC016205.1",1,12,11,8,6,3,6,7,3,8
"AC011139.1",0,0,0,0,3,1,0,0,0,0
"LINC01901",0,0,1,2,1,0,0,0,0,1
"LINC01902",0,6,6,6,12,3,6,10,1,11
"LINC01477",0,0,0,0,0,0,0,0,0,0
"AC021504.1",1,2,2,2,3,2,0,1,0,1
"PIK3C3",21,127,114,216,148,60,60,62,25,133
"LINC00907",4,15,28,33,29,3,4,8,5,19
"RIT2",3,18,45,52,55,2,7,6,6,9
"SYT4",15,39,48,87,34,3,7,18,1,4
"LINC01478",0,3,4,2,4,0,0,0,0,2
"AC120049.1",0,0,0,0,0,0,0,0,0,0
"SETBP1",40,96,140,161,191,24,32,59,9,77
"AC090376.1",0,0,1,0,0,0,0,0,0,1
"SLC14A2",7,11,9,15,9,1,2,1,2,2
"SLC14A2-AS1",0,1,4,2,0,0,0,0,1,0
"AC023421.2",1,34,15,10,9,2,4,8,0,41
"SLC14A1",90,762,229,359,263,362,400,292,204,588
"SIGLEC15",0,0,0,0,0,0,0,0,0,0
"EPG5",8,55,47,90,69,20,14,35,11,52
"PSTPIP2",2,7,9,9,5,2,1,9,1,5
"ATP5F1A",25,124,87,122,106,49,41,69,34,59
"HAUS1",3,12,18,12,18,3,2,5,1,23
"C18orf25",6,30,24,56,38,14,13,29,6,35
"RNF165",3,15,21,24,18,0,2,1,2,8
"LOXHD1",0,1,4,3,5,1,0,1,0,2
"ST8SIA5",6,30,46,59,53,8,6,13,7,12
"AC090241.3",0,2,2,8,4,2,1,0,0,1
"PIAS2",27,136,139,188,215,39,56,69,34,98
"KATNAL2",23,97,133,187,185,41,42,96,35,193
"AC012254.1",1,7,7,8,7,1,2,0,0,5
"AC012254.3",0,0,0,1,1,0,0,0,0,0
"HDHD2",4,16,19,35,19,11,8,16,6,11
"AC012254.2",0,0,0,0,0,0,0,0,0,0
"SKOR2",0,0,0,0,1,0,0,0,0,1
"MIR4527HG",0,1,2,4,1,2,3,2,0,2
"SMAD2",29,153,138,250,258,77,73,113,61,154
"ZBTB7C",23,139,116,263,165,22,29,59,20,122
"CTIF",48,144,138,305,222,43,55,97,50,165
"AC048380.1",0,3,4,2,3,1,1,1,0,1
"AC093567.1",1,11,2,17,15,0,0,0,0,0
"SMAD7",1,11,4,25,18,2,1,3,0,6
"AC016866.1",0,0,0,0,2,0,0,0,0,0
"DYM",50,256,251,462,391,99,105,182,71,274
"AC016866.2",2,8,8,5,4,3,7,3,0,11
"AC044840.1",1,6,6,3,1,1,0,0,0,6
"C18orf32",4,8,13,14,20,31,10,17,7,16
"RPL17-C18orf32",0,0,0,0,0,0,1,0,0,0
"AC100778.3",0,1,1,0,1,2,2,2,0,3
"LIPG",0,1,2,1,1,0,0,1,0,1
"ACAA2",3,37,21,16,16,28,9,15,11,23
"AC090227.1",0,4,1,0,0,0,0,1,0,1
"SNHG22",10,65,37,69,45,15,21,15,9,38
"MYO5B",1,8,5,24,9,6,4,2,5,6
"CFAP53",4,6,12,20,28,8,6,20,1,17
"MBD1",10,18,24,40,35,19,14,32,4,30
"CXXC1",17,32,58,62,57,32,20,40,16,29
"SKA1",1,0,0,1,0,0,2,3,0,3
"MAPK4",81,639,339,1081,682,130,230,358,130,498
"MRO",7,40,24,24,36,28,23,34,16,56
"ME2",12,100,62,104,112,34,36,64,22,66
"AC091551.1",7,65,43,26,49,11,5,19,8,71
"SMAD4",9,51,42,105,97,28,38,35,21,54
"MEX3C",6,18,8,18,27,14,7,19,6,15
"LINC01630",24,58,31,72,47,12,7,11,10,28
"AC016383.1",0,0,0,0,0,0,0,0,0,0
"DCC",26,134,171,225,184,18,18,18,17,53
"AC103949.1",2,1,2,1,0,1,1,3,1,0
"LINC01919",0,0,0,0,0,0,0,0,0,0
"MBD2",12,45,45,75,80,17,19,34,14,51
"AC093462.1",0,0,0,0,0,0,0,0,0,0
"POLI",11,31,31,41,57,26,19,33,16,46
"STARD6",0,2,2,1,2,1,0,1,3,1
"C18orf54",0,1,0,6,5,0,4,3,2,2
"RAB27B",3,8,24,28,27,5,2,4,1,7
"AC098848.1",0,0,0,1,0,0,0,0,0,0
"CCDC68",1,4,1,3,4,2,2,1,0,2
"TCF4",170,968,857,1931,1786,500,555,793,356,1100
"TCF4-AS1",3,28,39,42,31,5,5,10,0,16
"TCF4-AS2",0,0,1,2,1,0,0,1,0,0
"AC022031.2",0,3,3,1,2,2,0,0,0,2
"LINC01415",0,3,0,1,0,0,0,0,0,0
"LINC01416",0,1,0,1,6,1,0,1,2,0
"AC009271.1",0,3,2,0,4,0,0,0,0,2
"AC006305.1",0,1,1,3,3,1,2,9,0,1
"LINC01905",0,0,1,0,0,0,0,0,0,1
"AC006305.3",0,1,0,0,0,0,0,0,0,0
"TXNL1",21,95,74,140,120,43,32,70,18,96
"WDR7",50,241,228,513,392,68,123,159,60,202
"AC012301.1",0,0,0,0,0,0,0,0,0,0
"LINC-ROR",0,0,0,1,1,1,0,0,0,0
"ST8SIA3",7,28,34,51,37,8,7,13,2,3
"ONECUT2",0,6,6,4,6,3,2,0,1,2
"FECH",5,18,19,36,33,12,16,17,6,15
"AC100847.1",0,1,0,2,0,0,1,1,0,0
"NARS",17,75,80,85,54,18,29,45,10,34
"AC027097.1",0,0,1,3,1,1,0,0,0,1
"AC027097.2",12,20,42,49,71,19,32,43,16,73
"ATP8B1",15,43,100,96,134,11,20,63,10,159
"NEDD4L",39,123,254,671,367,67,80,104,27,230
"AC107896.1",0,0,0,0,0,0,0,0,0,1
"AC090236.1",0,2,1,1,1,0,0,0,0,1
"ALPK2",2,2,1,3,7,0,0,1,2,0
"MALT1",14,52,44,92,76,22,22,36,6,52
"AC104365.1",0,18,12,6,5,3,10,3,0,19
"AC104365.3",0,0,0,0,0,0,0,0,0,0
"LINC01926",0,1,0,0,2,0,0,0,1,0
"ZNF532",63,223,148,260,230,58,63,103,31,121
"SEC11C",18,77,50,39,54,59,38,83,23,82
"GRP",1,0,0,1,0,0,0,0,0,1
"CPLX4",0,0,1,0,1,0,0,1,0,0
"LMAN1",7,54,37,59,52,34,21,45,23,46
"AC016229.2",0,2,1,0,0,0,0,2,0,4
"CCBE1",4,6,13,17,49,1,5,1,12,7
"AC016229.1",0,0,0,0,0,0,0,0,0,1
"AC010776.3",0,0,0,0,0,0,1,0,0,0
"PMAIP1",0,0,0,1,1,0,0,0,0,0
"AC090377.1",0,0,0,0,0,0,0,0,0,0
"AC090771.2",0,2,0,1,0,1,0,0,0,1
"MC4R",0,0,1,1,3,1,0,0,2,0
"AC113137.1",1,0,2,3,2,0,0,0,1,3
"CDH20",406,2801,1447,2648,3305,1374,1670,1704,1286,2949
"AC090409.2",1,0,0,1,0,0,0,0,0,0
"AC105094.2",0,5,2,2,5,0,2,4,0,4
"RNF152",0,6,6,8,3,1,10,2,1,11
"PIGN",30,118,123,137,172,59,68,86,43,143
"KIAA1468",30,165,117,238,216,77,70,108,48,136
"TNFRSF11A",0,1,3,3,2,2,0,0,0,0
"AC100843.1",0,0,0,0,0,0,0,0,0,0
"ZCCHC2",9,78,80,145,127,20,16,41,19,65
"AC064801.1",1,0,0,0,0,0,0,0,0,0
"PHLPP1",304,761,819,1645,1581,334,367,494,252,960
"BCL2",103,1073,451,990,898,169,305,288,178,727
"KDSR",13,58,75,133,122,26,29,62,27,55
"AC036176.1",6,16,17,13,23,12,5,22,5,29
"VPS4B",9,51,42,64,79,18,23,41,9,39
"SERPINB5",0,0,0,0,4,0,0,1,0,0
"SERPINB12",0,0,0,0,0,0,0,0,0,0
"SERPINB13",0,0,0,0,1,0,0,0,0,1
"SERPINB11",0,0,1,0,1,0,0,0,0,0
"SERPINB7",0,0,0,2,0,1,0,0,0,0
"SERPINB2",1,3,3,6,3,5,3,4,2,11
"HMSD",1,3,4,2,3,1,0,1,2,2
"AC009802.1",0,1,0,3,2,1,1,1,0,1
"SERPINB8",0,2,1,3,0,0,0,1,0,3
"LINC00305",0,2,0,0,0,0,0,1,0,0
"LINC01924",0,2,4,4,4,2,2,2,1,0
"LINC01538",0,2,0,1,2,0,0,2,0,1
"AC007948.1",1,0,0,0,0,0,1,0,0,0
"LINC01916",0,1,0,0,0,0,0,1,0,0
"AC090358.1",0,0,0,0,0,0,0,1,0,0
"CDH7",2,13,22,33,17,7,1,2,1,6
"CDH19",13,95,35,103,60,21,23,21,13,22
"AC110597.1",0,0,2,5,3,0,0,3,0,3
"DSEL",7,22,23,59,39,10,12,7,6,11
"AC110597.3",3,13,17,9,16,5,3,5,2,9
"AC114689.3",3,7,13,15,13,4,2,9,4,12
"LINC01903",0,1,0,0,0,0,0,0,0,0
"AC100844.1",0,0,1,0,0,0,0,0,0,0
"AC068112.1",0,1,0,0,0,0,0,0,0,0
"LINC01912",0,0,0,0,0,0,0,0,0,0
"TMX3",16,86,60,127,74,33,27,57,9,76
"CCDC102B",21,53,78,102,93,13,16,33,6,64
"AC090337.1",0,1,0,0,0,0,0,1,0,0
"AC026585.1",0,0,0,0,0,0,0,0,0,0
"DOK6",17,36,56,92,92,11,7,8,9,25
"AC119868.2",1,4,7,3,1,0,0,0,1,3
"AC068254.1",0,0,0,0,0,0,0,0,0,0
"CD226",3,13,17,14,22,3,2,5,0,17
"RTTN",16,70,78,81,100,25,20,36,17,44
"SOCS6",5,45,28,51,57,14,18,33,10,34
"LINC01909",0,9,4,13,9,4,2,6,4,2
"GTSCR1",1,2,1,1,2,0,1,0,0,0
"AC090415.2",1,0,0,0,0,0,0,0,0,0
"AC091691.2",0,0,2,0,0,2,0,1,0,2
"LINC01541",0,0,0,0,1,0,0,0,0,0
"LINC01899",0,2,0,0,2,0,1,2,0,3
"AC069114.1",1,0,0,1,0,0,0,1,0,1
"CBLN2",4,54,103,93,134,19,13,9,4,18
"NETO1",7,34,53,83,67,9,12,7,2,14
"AC091138.1",1,6,8,14,11,2,0,2,1,9
"AC079070.1",0,0,0,0,0,0,0,0,0,0
"AC090125.1",0,1,2,1,18,2,0,1,2,3
"FBXO15",7,8,15,27,34,8,6,16,4,24
"TIMM21",2,16,22,18,25,20,15,25,7,26
"AC090398.1",0,0,1,0,0,0,0,0,0,0
"CYB5A",5,29,13,19,24,18,8,27,8,19
"C18orf63",0,0,0,0,0,0,0,0,0,0
"FAM69C",20,42,22,45,23,10,2,4,5,14
"CNDP2",5,65,54,58,52,25,24,27,11,24
"CNDP1",56,192,146,343,116,8,12,13,11,39
"AC009704.1",0,1,1,2,0,0,0,0,0,1
"LINC00909",9,34,19,14,29,11,8,15,6,29
"ZNF407",26,129,141,239,194,57,60,97,53,134
"AC015819.2",0,0,0,0,0,0,0,0,0,0
"ZADH2",8,36,41,81,66,36,30,30,16,49
"TSHZ1",15,61,58,135,151,30,39,62,16,65
"AC116003.3",0,0,0,0,0,0,0,0,0,0
"AC116003.1",0,0,0,0,1,0,0,0,0,0
"SMIM21",0,0,0,0,1,0,0,0,0,0
"AC090457.1",0,0,0,0,0,0,0,0,0,0
"LINC01893",0,0,0,0,0,0,0,0,0,0
"AC103808.1",0,0,1,0,1,0,0,1,0,3
"AC103808.5",0,0,0,0,0,0,0,0,0,0
"ZNF516",16,117,74,132,195,60,47,98,34,131
"AC009716.1",0,1,2,0,3,0,0,0,0,2
"AC018413.1",0,1,0,2,0,0,0,0,0,1
"C18orf65",1,0,0,1,1,0,0,0,0,0
"LINC00908",4,10,11,12,8,2,1,8,1,9
"LINC00683",0,1,0,1,0,0,0,1,0,0
"LINC01927",0,0,0,0,0,0,0,0,0,0
"ZNF236-DT",3,13,24,26,23,7,2,9,2,16
"ZNF236",23,61,74,106,104,18,16,35,10,63
"AC093330.1",3,6,3,2,9,1,1,3,0,5
"MBP",341,752,787,1035,840,136,182,116,125,327
"AC018529.1",0,0,0,0,0,0,0,0,0,0
"AC100863.1",0,1,4,1,0,0,0,1,2,1
"GALR1",1,2,2,2,2,0,0,0,1,1
"AC124254.1",1,1,4,2,1,0,0,2,1,0
"AC123786.1",0,1,0,1,0,0,0,0,0,0
"AC091027.2",0,0,0,0,0,0,0,0,0,0
"LINC01896",24,62,80,95,102,25,32,56,28,136
"SALL3",8,39,57,98,100,39,50,65,19,72
"ATP9B",56,280,204,327,357,64,85,139,59,201
"AC104423.1",0,0,0,0,0,0,0,0,0,0
"NFATC1",3,25,33,22,25,23,10,17,15,26
"AC068473.4",0,0,0,1,2,0,0,0,1,0
"AC068473.1",1,8,7,15,10,1,1,3,2,3
"CTDP1",1,23,13,21,24,7,4,14,3,8
"AC021594.2",1,2,3,4,2,1,0,1,0,6
"KCNG2",0,0,1,1,1,0,0,2,0,1
"AC114341.1",0,0,0,0,1,0,1,0,1,0
"PQLC1",12,48,53,106,81,16,26,41,11,48
"HSBP1L1",7,24,36,41,38,21,21,36,6,54
"TXNL4A",16,33,46,60,38,17,13,17,16,31
"AC090360.1",0,2,6,10,5,3,0,8,2,5
"ADNP2",6,80,43,85,79,16,18,42,20,49
"PARD6G-AS1",1,9,13,14,27,10,7,11,3,27
"PARD6G",4,19,8,25,26,11,4,20,1,14
"AC139100.1",1,1,1,2,6,4,2,3,3,6
"AL034548.1",1,0,0,0,2,1,0,0,0,0
"C20orf96",7,13,34,40,32,20,10,30,3,39
"ZCCHC3",3,26,28,67,36,12,5,16,5,19
"NRSN2-AS1",11,56,71,147,102,16,7,20,12,80
"SOX12",6,14,15,75,31,17,9,30,13,32
"NRSN2",2,48,40,48,34,17,10,8,6,28
"TRIB3",0,4,3,6,5,1,2,5,0,2
"RBCK1",26,61,54,58,64,35,34,76,33,47
"TBC1D20",13,33,39,48,54,11,11,36,11,43
"CSNK2A1",22,145,127,180,163,34,32,56,29,141
"TCF15",0,0,0,0,0,0,0,0,0,0
"SRXN1",1,0,0,0,0,0,0,3,2,0
"SLC52A3",0,0,0,0,0,0,0,0,0,1
"FAM110A",0,0,1,1,1,1,0,1,0,0
"ANGPT4",0,2,1,0,0,0,0,0,0,0
"RSPO4",4,8,11,18,17,2,4,3,0,13
"PSMF1",11,72,53,68,85,15,17,28,14,51
"AL031665.2",0,0,2,1,0,0,0,0,0,0
"TMEM74B",0,9,9,6,12,1,3,5,0,3
"C20orf202",0,0,0,0,0,0,0,0,0,1
"RAD21L1",0,0,2,1,0,0,1,0,0,3
"SNPH",16,39,41,85,45,19,22,38,16,23
"SDCBP2",4,16,13,10,13,8,2,16,5,16
"AL136531.2",2,30,19,34,22,8,6,13,4,17
"SDCBP2-AS1",14,67,52,70,34,7,12,21,11,51
"FKBP1A",0,0,0,0,0,0,0,0,0,0
"NSFL1C",20,61,68,75,87,19,15,36,15,45
"SIRPB2",1,0,0,1,0,0,0,0,0,0
"AL049634.2",0,0,0,0,0,0,0,0,0,0
"SIRPG",3,1,1,0,1,0,4,0,0,3
"SIRPG-AS1",0,0,0,1,1,2,0,0,0,1
"AL121760.1",19,66,70,85,94,24,26,39,31,69
"AL117335.1",11,27,9,41,31,4,8,9,12,21
"SIRPA",68,235,255,404,319,167,117,216,86,191
"PDYN-AS1",0,2,5,22,15,6,1,5,0,4
"PDYN",0,0,1,1,3,0,1,0,0,0
"STK35",4,43,20,49,32,9,4,18,3,20
"AL121899.1",0,2,1,1,1,0,0,0,0,0
"TGM3",0,0,1,1,0,0,2,0,0,0
"TGM6",1,0,0,5,0,0,1,1,0,0
"SNRPB",5,24,18,18,21,6,5,17,2,8
"AL049650.1",1,15,14,31,15,4,2,7,3,8
"ZNF343",0,1,0,2,2,0,0,1,0,2
"TMC2",1,7,6,9,12,4,1,7,1,4
"NOP56",14,51,60,73,70,27,18,43,14,31
"IDH3B",16,46,47,31,46,21,12,42,17,28
"AL049712.1",0,0,0,1,0,0,0,0,0,0
"EBF4",10,27,47,110,47,9,11,21,11,46
"CPXM1",0,0,0,0,0,0,0,0,0,0
"PCED1A",7,16,26,67,26,24,11,22,21,16
"VPS16",1,5,14,10,8,2,0,5,2,10
"PTPRA",78,262,283,418,403,65,97,160,46,296
"GNRH2",0,0,0,1,0,0,0,0,0,0
"MRPS26",14,51,56,79,54,16,12,32,7,30
"OXT",0,0,0,1,0,0,0,0,0,0
"AVP",0,1,0,0,0,0,0,0,0,0
"UBOX5-AS1",5,34,29,44,43,5,5,17,2,25
"UBOX5",3,25,25,45,25,6,6,10,6,25
"LZTS3",9,33,63,55,51,23,13,41,22,32
"DDRGK1",16,90,160,124,108,35,24,53,13,104
"ITPA",22,42,45,56,54,6,10,18,10,51
"SLC4A11",1,4,8,12,4,6,3,2,3,3
"AL109976.1",1,0,0,1,2,1,1,1,0,1
"C20orf194",108,497,426,589,592,120,148,252,77,463
"ATRN",29,158,153,228,188,41,58,70,30,141
"GFRA4",0,0,0,0,0,0,0,0,0,0
"ADAM33",0,6,56,175,72,89,28,46,38,60
"SIGLEC1",0,1,3,3,5,1,0,3,2,4
"HSPA12B",0,0,1,0,1,0,0,1,0,1
"C20orf27",1,14,15,22,10,2,5,15,4,11
"SPEF1",2,2,11,9,4,1,2,2,3,2
"CENPB",0,9,11,26,11,4,4,6,2,2
"CDC25B",15,34,59,103,51,26,22,45,7,51
"LINC01730",0,0,0,0,0,0,0,0,0,0
"AP5S1",0,8,10,10,12,5,1,3,3,9
"MAVS",10,54,70,89,81,21,21,39,21,69
"AL353194.1",6,3,9,9,17,3,2,2,0,12
"PANK2",20,80,77,164,121,36,24,40,16,77
"AL031670.1",0,1,2,0,0,0,0,0,0,0
"RNF24",20,76,186,594,274,47,34,73,26,170
"SMOX",24,127,83,131,137,34,40,85,20,111
"ADRA1D",0,4,2,3,4,1,0,1,0,4
"AL121781.1",0,1,0,2,0,0,0,0,0,0
"PRNP",97,446,372,921,586,267,204,385,127,291
"PRND",0,0,0,0,0,0,0,0,0,0
"PRNT",0,0,0,0,0,0,0,0,0,0
"AL133396.2",0,0,0,0,0,0,0,0,0,0
"RASSF2",7,27,24,72,38,10,8,11,6,20
"SLC23A2",38,128,93,173,126,27,48,48,20,85
"AL121890.3",0,0,0,0,2,0,0,0,0,1
"AL121890.2",0,1,0,0,1,0,1,0,1,0
"AL121890.5",0,1,2,3,3,0,0,1,0,1
"AL121890.4",0,2,1,0,1,1,0,0,0,0
"TMEM230",25,79,75,119,91,47,32,47,23,70
"PCNA",3,14,14,23,24,10,10,9,3,5
"CDS2",27,99,72,145,110,25,22,60,31,79
"PROKR2",0,0,0,1,1,0,0,0,0,0
"LINC00658",0,8,7,3,6,1,4,5,0,4
"LINC00654",0,2,0,2,0,0,0,0,0,1
"AL109935.2",0,1,0,0,0,0,0,0,0,0
"AL109935.1",0,2,0,3,2,0,0,0,0,0
"GPCPD1",10,93,16,28,43,7,10,26,7,51
"SHLD1",10,34,34,53,64,16,13,19,3,28
"CHGB",16,15,15,7,15,1,2,3,0,8
"TRMT6",2,6,13,18,12,4,5,7,2,7
"MCM8",3,3,6,11,20,4,5,8,1,8
"MCM8-AS1",0,2,2,3,1,1,0,1,0,0
"AL035461.2",0,0,1,3,5,0,0,1,2,1
"CRLS1",11,92,44,94,86,20,16,28,11,48
"LRRN4",0,0,0,0,0,0,0,0,0,0
"AL118505.1",0,0,0,0,0,0,0,0,1,0
"FERMT1",0,5,3,5,5,0,0,2,2,2
"CASC20",0,1,1,3,0,1,0,0,0,1
"BMP2",0,3,3,3,1,0,0,0,0,0
"AL096799.1",0,1,0,0,0,0,0,0,0,0
"LINC01428",0,0,1,1,0,0,1,0,2,0
"HAO1",0,1,0,1,1,0,0,0,0,0
"TMX4",16,77,53,73,81,15,18,18,6,29
"AL021396.1",0,1,0,2,3,0,1,0,1,1
"PLCB1",164,1409,1103,1572,1553,423,506,525,276,1305
"PLCB4",5,19,41,39,55,3,6,6,10,27
"LAMP5-AS1",0,1,0,0,0,0,0,0,0,0
"LAMP5",4,13,17,22,11,2,3,5,0,9
"PAK5",10,46,68,82,89,11,5,14,6,21
"ANKEF1",0,5,2,2,11,2,2,1,0,8
"SNAP25-AS1",20,143,142,213,131,13,20,26,11,37
"AL354824.1",0,1,4,3,3,1,0,1,1,1
"SNAP25",145,485,385,653,422,69,71,81,26,104
"MKKS",7,14,22,31,25,13,9,21,5,11
"SLX4IP",38,76,70,148,168,49,57,81,32,124
"JAG1",1,7,19,30,20,6,8,10,1,20
"AL050403.2",5,19,15,11,10,4,2,11,1,6
"AL050403.1",0,0,1,0,1,0,0,0,0,0
"AL049649.1",0,0,0,0,0,0,0,0,0,0
"AL161938.1",0,0,0,0,0,0,0,1,0,0
"LINC00687",0,2,1,5,3,1,2,4,1,3
"BTBD3",33,106,95,222,191,53,72,88,52,129
"AL035448.1",0,0,0,2,0,1,0,0,0,0
"AL136460.1",0,0,0,1,0,0,0,0,0,1
"LINC01722",0,1,1,1,1,0,0,0,0,0
"SPTLC3",1,9,12,6,9,3,5,2,2,11
"ISM1",1,2,1,3,2,3,4,4,0,3
"TASP1",21,94,79,135,131,34,60,64,20,105
"ESF1",46,130,149,275,254,111,88,155,44,170
"NDUFAF5",9,52,21,47,49,13,15,18,10,41
"SEL1L2",0,8,9,4,14,9,0,12,3,17
"MACROD2",180,1021,1066,2094,1931,311,337,385,206,1232
"FLRT3",3,10,20,18,18,2,1,4,1,5
"MACROD2-AS1",1,8,15,14,11,0,1,0,0,12
"KIF16B",26,86,92,204,142,41,52,69,27,147
"AL049794.1",1,1,0,0,0,0,0,0,0,2
"SNRPB2",11,90,68,67,88,44,15,65,15,49
"AL121892.1",0,0,0,0,0,0,0,0,0,0
"PCSK2",11,65,95,119,92,18,11,5,2,21
"BFSP1",0,1,2,0,3,1,0,1,0,0
"DSTN",56,203,159,188,135,44,28,58,16,53
"RRBP1",18,68,56,125,106,34,17,73,14,47
"BANF2",0,0,0,3,0,0,0,0,0,0
"SNX5",5,36,34,54,47,26,17,36,19,31
"OVOL2",3,16,23,15,13,0,1,10,4,18
"MGME1",4,35,28,26,29,11,15,17,6,30
"AL160411.1",0,0,0,0,1,0,1,0,0,0
"PET117",1,4,3,0,5,2,0,0,0,1
"KAT14",4,13,11,23,28,4,6,5,3,11
"ZNF133",9,27,44,75,69,22,22,38,23,36
"AL049646.1",0,0,1,4,1,0,0,1,0,1
"DZANK1",6,32,28,37,51,15,4,26,10,30
"POLR3F",4,20,29,25,38,5,4,14,7,32
"RBBP9",0,5,6,13,9,4,2,5,2,5
"SEC23B",10,66,34,43,42,15,17,28,10,29
"SMIM26",0,1,3,1,2,3,0,6,2,0
"AL121900.2",0,4,0,4,3,0,0,0,0,2
"DTD1",6,31,21,25,27,3,4,12,1,18
"AL121900.1",0,1,0,0,0,0,0,0,0,5
"LINC00652",0,0,2,0,2,0,0,0,1,1
"AL035563.1",3,5,6,2,8,6,3,4,2,15
"AL135936.1",0,1,1,1,0,0,0,2,0,0
"SLC24A3",65,153,196,224,253,59,46,149,35,251
"AL049647.1",0,1,0,0,0,0,0,0,0,2
"AL121761.2",1,0,1,1,1,0,0,0,0,0
"AL121761.1",5,87,42,65,81,17,18,35,12,45
"RIN2",53,431,253,519,350,128,209,192,73,385
"NAA20",11,45,47,54,47,20,16,44,8,35
"CRNKL1",1,28,28,26,20,16,2,14,3,13
"CFAP61",3,10,8,22,22,4,2,11,2,12
"AL121721.1",0,0,0,0,0,1,0,0,0,0
"INSM1",0,1,1,2,3,1,0,1,0,1
"RALGAPA2",45,471,242,416,399,107,124,172,85,312
"AL133465.1",0,0,0,0,0,0,0,0,0,0
"LINC00237",0,0,1,0,0,0,0,0,0,0
"KIZ",26,103,98,146,169,54,51,77,27,98
"KIZ-AS1",10,22,31,25,26,14,11,13,3,17
"AL117332.1",0,5,0,2,1,1,2,3,0,0
"XRN2",15,81,69,111,97,27,23,45,24,49
"AL133325.3",7,18,15,21,21,6,7,26,8,30
"NKX2-2",9,46,20,26,38,14,20,41,14,37
"NKX2-2-AS1",0,0,0,0,0,0,0,0,0,0
"LINC01727",14,46,29,50,85,3,13,47,2,59
"LINC01726",0,2,3,6,9,1,2,4,0,10
"AL109807.1",0,0,0,0,0,0,0,0,0,0
"LINC01427",0,1,0,0,0,0,0,0,0,0
"AL133464.1",0,0,0,0,0,0,0,0,0,0
"LINC01747",0,3,0,3,0,0,0,0,0,1
"AL158175.1",0,0,3,0,0,1,0,0,0,0
"AL049651.1",0,0,0,0,0,0,0,0,0,0
"THBD",0,0,0,1,1,0,0,0,0,0
"CD93",0,1,0,0,0,0,1,0,0,0
"AL118508.1",0,0,0,0,0,0,0,0,0,0
"AL096677.1",0,0,1,0,0,0,0,0,1,1
"NXT1",1,4,1,3,4,6,1,5,4,3
"LINC01431",1,2,2,3,0,0,2,2,0,3
"GZF1",3,15,11,18,3,7,7,9,3,2
"NAPB",37,115,98,203,117,25,31,55,19,53
"AL109954.1",0,0,0,1,0,0,0,0,0,1
"CST3",337,2961,2459,1295,3542,2029,1216,1644,588,2189
"AL121894.1",0,0,0,0,1,1,0,0,0,1
"AL591074.1",0,1,0,1,0,1,0,1,0,1
"GGTLC1",0,0,0,0,0,0,0,0,0,0
"LINC01721",0,1,1,5,0,0,0,0,0,0
"AL158090.1",0,0,1,0,0,0,0,0,0,0
"SYNDIG1",22,49,74,86,106,18,13,21,13,21
"AL157413.1",0,1,1,0,0,0,0,0,0,0
"CST7",1,2,0,1,1,0,0,0,0,0
"APMAP",18,95,65,80,77,19,30,26,15,44
"ACSS1",178,415,342,429,539,156,188,154,150,454
"AL080312.2",0,2,5,3,2,6,1,3,3,1
"VSX1",0,11,8,7,18,0,11,7,1,12
"AL035252.2",0,0,0,0,0,0,0,0,0,0
"ENTPD6",11,44,51,84,54,19,16,22,12,22
"AL035252.3",0,1,2,3,3,1,0,4,0,0
"AL121772.1",0,1,1,0,0,0,0,1,0,0
"PYGB",33,84,84,158,101,32,31,47,27,71
"AL121772.3",0,0,0,0,1,0,0,0,0,0
"ABHD12",14,76,88,111,80,29,17,37,16,46
"GINS1",2,4,4,3,8,0,1,2,0,2
"NINL",11,59,41,49,102,21,34,41,13,69
"NANP",4,2,2,5,9,1,0,2,1,5
"ZNF337-AS1",12,42,38,27,50,10,14,20,12,58
"ZNF337",17,46,38,56,63,32,22,46,26,42
"AL031673.1",0,0,1,4,2,0,0,1,1,0
"AL390198.1",0,0,1,1,0,1,0,0,2,0
"FAM182B",43,229,307,588,579,94,90,122,40,560
"LINC01733",0,0,1,1,1,1,0,0,0,0
"AL078587.1",0,0,1,0,0,0,0,0,0,0
"AL121904.1",0,0,0,0,1,0,0,1,0,0
"LINC01597",2,0,1,1,3,0,0,1,1,1
"LINC01598",0,1,1,6,3,7,0,1,2,2
"DEFB118",0,0,0,0,0,0,0,0,0,0
"DEFB119",0,0,0,0,1,2,0,1,0,1
"DEFB123",0,1,0,0,1,1,0,0,0,2
"DEFB124",0,0,0,1,1,1,0,1,0,0
"REM1",0,0,0,0,0,0,0,1,0,0
"HM13",17,80,85,77,83,28,18,39,14,63
"HM13-AS1",0,1,0,1,0,1,0,1,0,1
"AL110115.2",0,0,0,0,0,0,0,0,0,0
"ID1",16,51,51,26,54,26,41,34,16,52
"COX4I2",0,0,1,0,1,0,0,0,2,0
"BCL2L1",19,83,85,159,105,19,14,33,25,79
"AL117381.1",3,14,27,40,33,3,3,5,1,23
"ABALON",0,0,1,0,1,0,0,1,0,0
"TPX2",0,1,1,1,2,2,0,1,0,2
"MYLK2",0,0,0,0,0,0,0,0,0,0
"FOXS1",0,0,0,0,0,0,0,1,0,1
"DUSP15",4,19,10,14,9,4,2,2,3,11
"TTLL9",7,35,44,42,48,20,16,20,10,56
"PDRG1",4,22,17,17,19,6,3,14,4,12
"XKR7",2,1,6,7,1,1,0,2,0,3
"CCM2L",0,3,0,4,0,0,0,0,1,3
"AL031658.1",0,0,0,0,0,0,0,0,0,0
"HCK",1,5,5,10,7,2,0,1,0,2
"TM9SF4",19,86,75,85,121,25,21,60,14,91
"PLAGL2",0,5,5,11,10,1,2,3,0,4
"POFUT1",0,13,19,29,25,3,5,8,6,12
"KIF3B",8,38,40,57,60,12,8,17,11,32
"AL121583.1",0,0,3,0,2,0,0,2,0,0
"ASXL1",36,230,173,375,310,73,81,109,54,192
"NOL4L",14,31,37,53,43,13,9,18,7,23
"AL034550.1",0,0,1,1,0,0,0,0,0,0
"AL034550.2",0,0,0,0,1,0,0,0,0,0
"AL133343.2",0,0,0,0,1,0,0,0,0,0
"NOL4L-DT",0,2,0,0,2,0,0,1,0,0
"C20orf203",0,3,2,0,0,0,0,0,0,1
"FO393400.1",5,10,10,30,14,4,1,9,4,7
"DNMT3B",1,5,4,8,4,4,2,7,1,8
"MAPRE1",3,20,16,30,23,10,5,23,8,18
"AL035071.2",5,16,18,35,17,1,4,3,0,25
"AL035071.1",3,15,20,63,24,7,12,14,8,15
"EFCAB8",0,1,1,4,2,1,1,0,0,1
"SUN5",0,0,1,0,0,0,0,1,0,1
"BPIFB4",0,0,1,0,0,0,0,1,2,1
"BPIFA2",0,0,0,0,0,0,0,0,0,0
"AL121901.1",0,0,0,0,0,0,0,0,0,1
"BPIFB1",0,1,1,0,0,0,0,0,0,0
"CDK5RAP1",15,49,59,69,71,25,22,33,18,52
"SNTA1",59,140,115,183,175,99,66,158,82,177
"CBFA2T2",64,258,262,458,416,104,118,243,58,407
"AL121906.2",0,0,0,1,1,0,0,2,0,0
"NECAB3",8,18,20,35,15,10,9,22,5,20
"C20orf144",0,2,0,0,0,0,0,0,0,1
"ACTL10",0,1,3,1,0,0,0,0,0,0
"E2F1",0,3,4,4,6,0,2,0,0,3
"PXMP4",4,16,11,21,21,10,1,12,3,7
"AL050349.1",0,0,0,0,0,0,0,0,0,0
"ZNF341",8,6,18,28,20,9,5,10,6,10
"ZNF341-AS1",2,3,5,3,1,3,2,2,2,2
"CHMP4B",8,72,41,67,47,17,19,25,16,37
"AL034549.1",1,2,2,1,1,1,1,1,0,3
"RALY",17,88,96,114,122,31,20,57,18,79
"AL031668.1",0,0,0,0,1,0,0,0,0,0
"EIF2S2",25,144,108,151,182,38,24,73,6,55
"ASIP",0,16,42,38,36,6,7,27,3,33
"AHCY",2,10,8,16,12,5,6,7,0,2
"ITCH",44,250,234,301,306,55,44,89,37,214
"ITCH-AS1",0,2,1,1,2,0,0,0,0,0
"DYNLRB1",36,121,106,168,128,74,43,97,20,49
"MAP1LC3A",51,118,61,81,63,14,21,27,18,41
"PIGU",21,96,84,112,91,25,28,27,27,65
"NCOA6",27,138,114,199,216,57,36,71,33,126
"TP53INP2",2,10,9,16,7,5,4,3,1,3
"GGT7",23,72,109,109,103,20,27,48,21,100
"ACSS2",13,65,50,72,73,10,26,29,12,32
"GSS",5,28,35,64,27,3,16,15,2,29
"MYH7B",8,18,29,25,29,5,5,6,0,20
"TRPC4AP",46,175,128,191,179,43,52,78,41,146
"EDEM2",2,13,13,14,23,2,4,8,2,18
"PROCR",3,16,41,59,43,8,11,17,1,44
"MMP24OS",5,15,30,82,65,22,28,40,10,60
"MMP24",11,40,68,121,86,15,22,39,7,76
"EIF6",0,1,0,0,2,0,0,2,0,1
"FAM83C-AS1",1,0,0,2,1,1,0,1,0,2
"UQCC1",19,110,91,161,133,25,31,66,24,111
"GDF5",0,1,0,3,3,0,0,0,0,3
"CEP250",4,16,19,32,26,12,8,7,2,16
"FO393401.1",1,4,4,9,4,1,0,1,1,3
"C20orf173",0,0,0,1,0,0,0,0,0,0
"ERGIC3",23,57,77,95,58,33,26,34,10,29
"SPAG4",1,1,0,3,2,2,0,1,2,2
"CPNE1",20,48,51,105,74,24,18,48,18,37
"AL109827.1",0,1,0,0,1,0,0,0,0,0
"NFS1",1,3,4,1,3,0,2,2,2,1
"ROMO1",10,24,36,38,30,11,12,10,8,12
"RBM39",71,386,242,337,356,97,133,170,90,306
"PHF20",22,106,77,148,133,31,21,47,19,89
"SCAND1",12,65,40,138,46,19,22,33,9,29
"CNBD2",8,26,30,26,38,8,21,22,5,34
"NORAD",22,148,122,366,153,53,57,80,27,48
"AL035420.3",0,1,0,1,0,0,0,0,0,0
"AL035420.1",1,0,2,3,4,0,2,2,0,1
"AL035420.2",0,0,0,0,0,0,0,0,0,2
"EPB41L1",26,137,142,154,141,36,51,68,20,86
"AL121895.1",1,2,4,3,5,2,0,2,0,0
"AAR2",4,18,14,42,28,7,6,18,4,18
"DLGAP4",18,83,98,181,126,35,16,62,14,99
"DLGAP4-AS1",4,17,19,12,23,2,6,12,3,36
"MYL9",2,1,1,2,3,2,1,4,1,5
"TGIF2-RAB5IF",1,2,2,2,2,1,0,0,0,1
"RAB5IF",4,26,17,17,18,13,9,20,4,10
"SLA2",0,5,4,19,9,1,1,2,3,5
"NDRG3",12,53,83,115,88,27,20,37,7,42
"DSN1",2,7,10,17,4,5,2,7,2,7
"SOGA1",17,78,70,118,105,22,29,24,17,48
"TLDC2",0,0,2,2,1,0,1,1,0,0
"SAMHD1",2,33,41,77,49,12,30,21,10,75
"RBL1",9,25,40,61,57,17,15,24,10,43
"MROH8",11,52,45,61,66,18,9,19,8,38
"RPN2",15,59,55,104,74,35,31,36,26,49
"GHRH",0,0,1,0,0,0,0,0,0,0
"MANBAL",5,33,22,40,26,15,10,21,6,15
"SRC",3,8,15,13,10,6,9,9,5,7
"BLCAP",26,75,71,125,74,27,30,66,23,63
"NNAT",6,11,15,26,4,1,3,3,0,2
"LINC01746",0,0,0,0,1,0,0,0,0,0
"AL162293.1",0,2,0,0,1,3,0,1,1,0
"CTNNBL1",11,50,61,76,65,13,22,42,7,42
"VSTM2L",8,26,17,41,20,3,4,8,2,6
"TTI1",9,37,35,64,46,13,18,35,14,44
"RPRD1B",12,72,36,65,57,21,20,21,10,46
"TGM2",0,0,0,0,1,0,0,0,0,1
"KIAA1755",33,146,131,188,199,30,60,57,30,170
"AL359555.3",0,0,0,1,0,0,0,0,0,0
"AL359555.1",0,0,0,1,0,0,0,0,0,0
"BPI",0,0,0,1,0,0,1,0,0,1
"LBP",2,1,0,2,1,0,2,0,0,2
"AL391095.2",3,4,9,10,5,1,3,5,1,5
"AL391095.1",2,1,1,5,4,0,2,5,0,7
"AL391095.3",0,1,0,0,0,0,0,0,0,0
"RALGAPB",22,110,118,204,150,58,59,100,23,108
"ADIG",0,0,1,0,0,0,0,0,0,0
"ARHGAP40",0,0,0,1,1,0,0,0,0,0
"SLC32A1",3,4,0,1,0,0,0,0,0,0
"ACTR5",2,2,7,13,5,2,7,7,0,7
"PPP1R16B",24,84,84,104,111,8,15,18,10,34
"FAM83D",1,1,1,5,1,0,0,0,1,1
"AL023803.2",0,0,0,0,0,0,0,0,0,0
"AL023803.1",0,0,1,0,0,1,0,1,0,0
"DHX35",9,39,28,71,52,10,11,24,10,33
"LINC01734",0,0,0,0,0,0,0,0,0,0
"AL118523.1",1,1,1,0,3,0,1,0,0,1
"LINC01370",0,0,0,0,0,0,0,0,0,0
"AL133419.1",0,0,0,0,2,0,0,0,0,0
"MAFB",1,5,3,7,8,4,0,3,3,0
"AL035665.1",0,0,0,1,0,0,0,0,0,0
"TOP1",21,177,166,259,236,43,43,115,39,139
"PLCG1-AS1",9,26,39,31,28,6,3,13,7,55
"PLCG1",50,144,145,188,209,90,68,161,37,191
"ZHX3",201,586,581,1076,1145,343,414,528,304,835
"LPIN3",19,25,17,33,40,43,28,31,33,51
"EMILIN3",0,0,5,5,2,0,0,0,0,1
"CHD6",69,406,354,574,476,94,121,171,85,299
"AL049812.2",0,0,3,0,0,0,0,0,0,0
"AL049812.3",0,0,0,2,1,0,0,0,0,1
"PTPRT",23,125,187,238,199,23,18,28,10,32
"AL021395.1",0,3,3,2,5,0,0,0,0,1
"SRSF6",26,45,64,154,96,64,49,69,21,142
"L3MBTL1",5,36,28,40,35,10,5,12,0,50
"Z98752.3",0,16,8,16,19,5,1,4,4,7
"SGK2",3,13,8,6,8,2,2,1,1,0
"Z98752.4",1,2,1,5,1,3,1,1,2,1
"IFT52",14,35,40,46,54,10,11,18,2,29
"MYBL2",1,0,2,3,5,3,0,2,1,0
"TOX2",3,16,23,24,27,9,1,10,4,12
"JPH2",0,4,3,1,7,1,1,1,0,0
"OSER1",4,25,21,26,27,9,8,22,6,23
"OSER1-DT",7,13,15,24,26,8,11,13,9,24
"GDAP1L1",2,20,24,32,32,4,1,8,1,9
"FITM2",7,17,15,10,23,12,10,13,4,10
"R3HDML",0,0,0,0,0,0,0,1,0,3
"HNF4A",0,1,1,0,2,1,0,2,2,2
"HNF4A-AS1",0,1,1,1,0,0,0,1,0,0
"LINC01620",0,1,0,1,1,2,1,3,0,1
"TTPAL",3,31,21,23,34,6,6,11,3,28
"SERINC3",29,120,110,199,146,35,40,55,19,32
"PKIG",17,118,65,135,111,29,29,44,14,56
"ADA",10,20,14,46,26,6,4,15,0,21
"AL139352.1",2,10,8,6,16,4,0,6,0,9
"KCNK15-AS1",2,17,4,7,5,4,3,7,4,10
"WISP2",0,7,4,2,4,2,2,1,0,3
"KCNK15",0,1,0,0,0,0,0,0,0,0
"RIMS4",3,4,7,21,6,0,2,2,1,4
"YWHAB",44,170,102,205,140,46,34,75,25,64
"PABPC1L",8,13,16,30,23,5,9,12,7,26
"TOMM34",0,14,10,12,19,5,6,5,4,10
"STK4",21,47,62,103,108,29,28,25,11,78
"KCNS1",0,4,8,6,2,2,1,2,0,1
"SLPI",0,0,0,0,0,0,0,0,0,1
"MATN4",1,2,2,2,1,0,0,1,1,0
"RBPJL",0,0,1,0,0,0,0,0,0,0
"SDC4",43,301,200,390,236,200,183,172,119,515
"SYS1-DBNDD2",4,8,8,18,10,1,0,3,0,9
"TP53TG5",14,88,34,66,46,6,7,8,5,28
"PIGT",11,30,44,52,58,21,16,28,9,23
"AL031663.3",0,4,4,6,4,1,0,2,0,3
"WFDC2",1,4,4,9,2,2,1,4,0,3
"WFDC8",0,0,0,0,0,0,0,0,0,0
"WFDC9",0,0,0,0,1,1,0,0,0,0
"WFDC10A",0,0,0,0,0,0,0,0,0,0
"WFDC11",0,2,0,0,0,0,0,0,0,1
"WFDC10B",0,10,3,7,9,6,1,2,1,3
"WFDC13",0,1,3,0,1,0,0,0,0,0
"SPINT4",1,0,0,1,1,0,0,0,0,0
"WFDC3",2,6,5,6,6,1,2,2,0,4
"DNTTIP1",7,47,30,35,40,13,13,24,11,31
"UBE2C",0,0,0,0,0,0,0,0,0,0
"TNNC2",0,1,2,3,0,2,0,4,4,1
"SNX21",13,20,33,31,22,4,7,16,14,24
"ACOT8",5,42,30,50,36,10,18,19,2,22
"ZSWIM3",3,22,19,25,29,2,3,8,4,10
"ZSWIM1",0,2,3,8,3,3,0,4,0,0
"NEURL2",3,14,15,5,8,1,1,5,0,11
"CTSA",22,60,70,134,76,45,52,79,45,55
"PLTP",23,113,119,118,124,81,46,69,37,113
"PCIF1",3,18,19,21,8,5,6,11,6,8
"ZNF335",11,30,38,44,33,11,9,20,6,39
"MMP9",0,1,0,1,0,0,0,0,0,0
"SLC12A5-AS1",0,3,4,4,1,0,0,0,0,0
"SLC12A5",14,52,40,94,57,16,13,6,7,9
"NCOA5",10,33,34,95,92,35,31,36,14,48
"CD40",1,1,8,3,10,9,8,6,3,14
"CDH22",2,24,24,28,28,6,2,7,0,11
"SLC35C2",11,106,56,91,82,14,21,50,22,67
"AL133227.1",9,74,67,45,53,13,7,27,4,65
"ELMO2",15,97,54,95,98,24,26,49,15,68
"ZNF334",9,50,36,51,54,18,31,40,14,57
"OCSTAMP",1,0,0,0,0,0,0,0,0,0
"SLC13A3",49,167,131,149,210,33,25,57,22,179
"TP53RK",2,10,4,7,12,2,0,2,3,5
"AL031055.1",0,1,0,0,0,0,1,0,0,0
"SLC2A10",0,10,13,18,28,13,10,26,8,28
"EYA2",59,189,259,401,449,128,133,257,72,451
"ZMYND8",55,195,236,523,466,97,93,176,64,430
"AL031666.2",0,1,2,1,1,0,0,1,0,0
"AL031666.1",1,1,1,3,1,0,0,0,0,0
"LINC01754",0,1,1,2,3,0,2,0,0,1
"NCOA3",13,80,67,137,132,26,29,34,12,93
"SULF2",0,13,8,12,14,4,2,1,0,6
"LINC01522",0,0,0,0,0,0,1,0,0,0
"LINC00494",0,1,0,1,0,0,0,0,0,1
"PREX1",54,250,174,385,274,46,55,100,42,136
"AL133342.1",1,0,0,0,0,0,0,0,0,0
"ARFGEF2",25,150,99,182,171,31,35,45,28,102
"CSE1L-AS1",1,1,0,0,2,0,0,0,0,1
"CSE1L",15,51,42,50,45,19,14,24,9,36
"STAU1",21,118,81,200,166,31,34,74,25,101
"DDX27",3,25,26,26,35,10,7,12,2,26
"ZNFX1",10,62,60,52,52,25,25,19,8,45
"ZFAS1",27,85,61,63,82,30,24,26,15,62
"KCNB1",12,149,124,139,75,20,27,38,12,98
"PTGIS",0,2,2,1,0,1,0,0,3,1
"B4GALT5",14,160,122,239,183,41,68,83,32,112
"SLC9A8",18,136,69,110,63,15,24,38,21,60
"SPATA2",3,18,10,42,25,24,18,19,7,13
"RNF114",13,53,59,69,71,19,25,47,6,52
"SNAI1",0,4,3,2,2,0,0,0,0,0
"TMEM189-UBE2V1",0,0,0,2,0,0,0,0,0,0
"AL161937.2",0,0,1,0,1,0,0,1,0,1
"AL161937.1",0,1,0,0,0,0,0,0,0,0
"LINC01273",0,5,6,2,3,1,2,8,0,17
"CEBPB-AS1",2,4,3,3,3,0,2,1,1,0
"CEBPB",4,66,20,56,47,29,54,154,13,56
"SMIM25",0,0,0,0,0,0,0,0,0,0
"LINC01270",0,0,2,1,0,1,3,2,0,2
"LINC01271",0,5,3,8,5,2,3,8,0,6
"PTPN1",11,66,75,81,86,17,14,23,10,41
"RIPOR3",0,5,6,12,9,3,2,5,2,10
"AL353653.1",0,1,0,0,1,1,2,1,0,1
"PARD6B",2,10,9,12,18,4,7,13,4,13
"BCAS4",3,27,35,45,31,4,7,15,10,44
"ADNP",62,206,151,323,287,82,96,113,49,251
"ADNP-AS1",0,3,4,4,9,4,6,4,1,5
"DPM1",13,107,56,112,87,39,39,70,13,63
"MOCS3",1,1,2,2,5,0,2,6,0,4
"AL050404.1",0,0,0,0,0,0,0,0,0,0
"KCNG1",0,0,0,4,8,6,1,6,0,0
"NFATC2",8,70,25,71,44,26,34,11,17,49
"ATP9A",38,173,128,239,181,62,44,69,37,110
"SALL4",0,0,0,0,1,0,0,1,0,0
"LINC01429",0,4,4,2,4,1,2,8,0,6
"ZFP64",13,40,37,75,59,7,17,30,10,62
"LINC01524",2,2,7,5,6,0,3,1,2,4
"AL049765.1",0,0,1,0,0,0,0,0,0,0
"TSHZ2",15,105,124,205,152,47,20,37,26,57
"AL391097.1",0,3,1,5,1,0,0,0,1,1
"AL391097.2",0,0,1,1,0,0,0,0,0,0
"AL109930.1",4,22,31,24,25,2,4,4,4,10
"AL354993.2",0,3,2,5,4,1,0,1,1,0
"AL157838.1",0,0,3,3,3,0,1,0,0,2
"ZNF217",1,20,14,14,22,10,10,5,8,17
"AC005808.1",0,0,2,4,3,3,0,0,0,0
"BCAS1",40,130,98,213,165,23,21,23,25,53
"AC005220.1",3,1,1,0,2,3,1,2,0,1
"CYP24A1",0,0,1,0,0,0,0,0,0,0
"PFDN4",8,21,25,18,31,33,10,23,5,13
"DOK5",30,120,122,302,274,74,52,147,38,235
"LINC01440",0,2,1,2,1,0,1,0,0,0
"CBLN4",3,6,8,8,4,0,3,0,0,2
"FAM210B",6,15,18,36,24,8,10,10,6,17
"AURKA",0,1,3,7,4,2,4,0,0,6
"CSTF1",2,14,7,17,10,6,7,9,0,7
"CASS4",0,0,5,6,6,2,1,1,0,5
"RTF2",8,25,20,23,29,9,5,11,6,22
"GCNT7",0,9,14,6,6,1,0,2,1,1
"FAM209A",0,1,5,0,1,1,0,0,0,1
"FAM209B",0,0,1,0,1,1,2,0,0,0
"LINC01716",1,2,1,0,1,0,0,0,0,0
"TFAP2C",1,3,2,13,20,8,7,9,1,22
"AL157414.1",0,0,0,0,0,0,0,0,0,0
"BMP7",25,108,94,113,160,44,34,86,40,174
"AL122058.1",3,5,2,9,13,6,2,4,1,8
"RAE1",5,32,19,37,39,17,15,25,6,19
"MTRNR2L3",0,0,0,0,0,1,0,0,0,0
"AL109955.1",2,2,1,1,4,0,0,0,0,2
"RBM38",3,12,16,19,19,10,4,25,7,12
"CTCFL",0,3,0,0,0,2,0,1,0,1
"PCK1",0,0,0,0,0,0,0,0,0,0
"ZBP1",0,1,1,1,2,0,0,0,1,1
"PMEPA1",1,14,15,26,14,3,5,6,4,5
"NKILA",0,1,0,1,0,0,0,1,0,0
"C20orf85",0,0,0,0,0,0,0,0,0,0
"RAB22A",11,46,46,85,68,22,27,32,13,43
"VAPB",17,72,54,105,87,13,24,30,11,51
"APCDD1L",0,1,8,2,3,0,0,3,0,5
"AL050327.1",0,2,0,0,1,0,1,0,0,2
"STX16",0,0,0,0,0,0,0,0,0,0
"STX16-NPEPL1",3,20,12,13,9,5,1,3,3,14
"NPEPL1",17,36,65,76,43,20,10,32,21,41
"AL132655.2",1,0,0,2,2,2,0,2,5,0
"GNAS-AS1",1,3,5,1,3,1,4,0,0,6
"GNAS",55,391,350,553,487,155,154,317,119,251
"AL121917.1",1,3,6,1,10,6,2,2,0,3
"NELFCD",20,52,71,76,82,20,40,43,18,80
"CTSZ",6,17,19,24,23,8,6,9,6,2
"TUBB1",0,1,0,1,1,0,0,0,1,1
"ATP5F1E",55,122,123,254,165,95,53,100,19,71
"PRELID3B",2,7,6,17,6,11,7,17,7,12
"ZNF831",1,10,13,17,15,9,1,5,2,1
"EDN3",1,0,0,1,0,0,1,0,0,2
"AL035250.1",0,0,0,0,1,0,0,0,0,1
"PHACTR3",132,915,459,903,726,180,244,313,119,582
"AL121908.1",0,0,1,0,0,0,0,0,0,1
"SYCP2",8,47,59,74,116,27,27,65,23,94
"FAM217B",18,141,111,218,164,37,44,75,26,106
"PPP1R3D",1,18,5,18,34,17,13,20,9,32
"CDH26",10,53,28,80,61,16,14,32,19,43
"C20orf197",0,1,0,2,0,0,0,0,0,0
"AL132822.1",0,1,0,0,0,0,0,1,0,0
"MIR646HG",6,39,57,83,32,16,9,8,12,49
"AL117372.1",0,1,2,0,0,0,0,0,0,0
"CDH4",85,297,254,394,562,127,138,290,89,381
"AL160412.1",0,1,2,0,0,1,0,0,2,0
"AL162457.1",0,0,0,0,0,0,0,0,0,0
"AL162457.2",1,1,0,1,0,0,0,0,1,6
"TAF4",2,20,30,46,49,16,12,24,14,40
"AL137077.2",2,1,1,2,2,1,0,0,0,0
"LSM14B",5,18,20,35,24,8,5,18,11,15
"PSMA7",21,65,75,121,79,47,26,51,11,61
"SS18L1",7,35,46,66,46,11,15,26,10,37
"MTG2",13,45,37,60,76,24,18,36,8,70
"HRH3",3,4,10,13,8,3,1,7,0,2
"OSBPL2",12,56,43,74,58,11,8,27,7,45
"ADRM1",15,46,29,45,37,16,11,35,5,26
"AL354836.1",2,1,1,12,6,3,1,11,1,5
"LAMA5",11,47,61,208,66,44,38,64,25,55
"LAMA5-AS1",0,0,1,1,0,0,0,0,0,0
"AL121832.2",6,8,9,9,8,8,5,6,1,13
"RPS21",0,12,18,28,17,6,2,18,6,18
"CABLES2",0,11,9,26,5,7,1,6,0,4
"RBBP8NL",0,0,0,0,0,0,0,0,0,0
"AL121832.1",0,0,0,0,0,0,0,0,0,0
"MIR1-1HG-AS1",0,0,0,0,0,0,0,0,0,0
"AL357033.1",0,2,0,1,0,0,0,0,0,0
"SLCO4A1",0,7,8,43,10,2,3,3,1,6
"SLCO4A1-AS1",1,0,0,0,1,0,0,0,0,0
"NTSR1",0,0,1,1,2,0,0,1,0,2
"MRGBP",1,12,12,37,19,11,6,12,0,8
"OGFR-AS1",0,0,0,1,0,0,1,0,0,0
"OGFR",14,41,51,66,50,34,18,32,15,35
"COL9A3",15,21,22,14,24,6,7,5,5,11
"TCFL5",8,33,19,36,33,12,7,17,8,22
"DIDO1",16,72,61,100,108,22,26,52,16,60
"GID8",6,37,24,46,37,15,10,30,13,26
"SLC17A9",1,0,2,0,0,0,0,0,0,1
"LINC01749",0,3,0,1,0,0,0,1,1,1
"HAR1B",0,1,0,0,0,0,1,0,0,1
"HAR1A",0,3,1,0,2,0,0,0,0,1
"AL096828.1",0,0,0,0,1,0,0,0,0,0
"YTHDF1",9,129,38,83,47,24,22,35,14,36
"BIRC7",0,1,2,5,0,0,0,1,0,0
"NKAIN4",27,91,43,35,65,18,23,13,9,28
"AL121827.2",4,20,10,17,9,0,3,0,3,2
"ARFGAP1",29,58,107,207,93,36,26,67,38,26
"COL20A1",4,4,5,3,2,2,0,1,0,0
"CHRNA4",3,18,9,22,6,3,0,4,1,2
"AL121827.1",0,4,0,1,0,0,0,0,1,1
"KCNQ2",10,41,82,112,92,24,9,20,20,29
"AL353658.2",1,0,0,0,0,0,0,0,0,0
"AL353658.1",0,0,0,0,0,0,0,0,0,0
"EEF1A2",3,35,24,81,23,7,7,19,6,6
"AL121829.1",0,1,0,0,0,0,0,0,0,0
"PPDPF",44,115,53,89,62,69,32,47,26,32
"PTK6",0,1,0,1,4,0,0,0,0,1
"AL121829.2",0,0,2,0,1,0,0,1,1,0
"FNDC11",1,1,2,0,4,0,0,0,0,0
"HELZ2",1,4,14,11,8,1,3,7,1,7
"GMEB2",2,22,14,27,17,5,3,14,2,14
"MHENCR",8,18,32,35,41,7,9,13,6,34
"STMN3",12,64,70,85,62,28,21,23,12,51
"RTEL1",0,0,0,0,0,0,0,0,0,0
"ARFRP1",8,49,40,57,36,18,10,40,11,24
"ZGPAT",0,0,0,0,0,0,0,0,0,0
"AL121845.2",1,0,0,0,0,1,0,1,3,0
"SLC2A4RG",9,35,19,25,34,15,3,33,8,15
"ZBTB46",7,37,43,66,55,26,15,18,13,41
"AL121845.1",2,1,0,2,0,4,1,3,1,3
"ZBTB46-AS1",0,1,0,4,3,1,2,0,0,2
"AL118506.1",1,2,2,4,1,0,0,0,0,1
"TPD52L2",28,50,45,96,53,17,11,32,18,32
"DNAJC5",20,70,66,150,85,18,26,41,18,59
"UCKL1",13,21,22,55,28,25,19,40,13,23
"UCKL1-AS1",0,4,3,4,4,2,1,0,0,1
"ZNF512B",5,23,26,49,24,6,7,15,7,12
"SAMD10",2,12,5,9,12,3,2,6,2,5
"PRPF6",21,94,66,119,73,32,25,46,16,35
"C20orf204",1,2,0,4,2,0,1,0,0,0
"SOX18",0,0,0,0,0,0,0,0,0,0
"TCEA2",18,63,66,78,49,33,32,51,16,37
"RGS19",1,1,1,3,8,3,0,1,2,2
"OPRL1",0,4,12,7,5,3,1,2,0,3
"LKAAEAR1",0,2,0,7,2,0,0,0,3,1
"MYT1",1,5,8,10,9,0,3,0,0,4
"PCMTD2",16,43,32,90,101,41,44,43,15,48
"LINC00266-1",1,7,7,13,8,4,7,6,0,3
"AC092192.1",0,0,0,0,0,0,0,0,0,0
"AC016588.2",2,2,5,4,6,0,2,2,3,6
"PLPP2",13,31,44,71,23,11,10,7,14,11
"MIER2",5,8,21,42,19,5,8,18,3,12
"THEG",0,0,1,7,0,0,1,2,0,0
"C2CD4C",0,3,11,17,7,4,3,3,2,2
"SHC2",14,40,86,224,62,20,19,56,24,16
"ODF3L2",0,3,1,1,1,0,0,0,0,1
"MADCAM1",10,36,61,37,43,16,14,35,6,73
"AC005775.1",2,3,5,8,6,2,6,1,2,8
"TPGS1",12,49,30,35,27,17,9,21,5,24
"CDC34",18,28,33,51,33,16,17,28,7,27
"GZMM",0,0,0,1,5,0,1,1,3,1
"AC009005.1",0,1,1,0,1,2,1,0,0,1
"BSG",64,442,344,404,408,231,162,253,113,245
"HCN2",4,13,26,44,19,3,0,4,1,7
"POLRMT",4,8,5,13,8,3,2,6,7,2
"FGF22",5,8,19,8,5,2,6,6,1,13
"RNF126",7,36,35,36,31,8,8,19,5,36
"AC004156.1",1,1,1,2,1,0,0,1,0,2
"FSTL3",34,60,105,85,91,24,39,43,22,108
"PRSS57",0,1,2,0,0,1,0,0,0,0
"PALM",46,184,145,193,186,73,87,126,73,167
"MISP",0,0,0,1,0,3,0,2,0,1
"PTBP1",6,29,31,85,39,22,11,21,15,24
"PLPPR3",0,1,3,3,1,0,0,3,1,1
"AZU1",0,1,1,1,0,1,0,1,1,2
"PRTN3",0,1,0,2,1,0,0,0,0,0
"ELANE",0,0,3,0,0,0,0,0,0,0
"CFD",0,0,2,0,2,0,0,1,0,2
"MED16",5,21,18,41,20,17,5,12,9,10
"R3HDM4",8,8,10,27,13,4,7,6,6,6
"KISS1R",0,3,0,1,0,0,0,0,0,0
"ARID3A",4,11,30,38,40,8,8,9,8,28
"WDR18",11,23,27,54,30,19,15,24,11,19
"AC004528.1",1,1,0,1,1,0,0,0,0,0
"GRIN3B",0,1,0,0,1,0,0,0,0,0
"TMEM259",60,89,115,216,99,41,28,60,36,57
"CNN2",0,3,0,1,7,0,0,1,0,4
"ABCA7",6,12,42,50,26,10,9,25,18,22
"ARHGAP45",1,0,1,6,4,1,0,5,0,1
"POLR2E",10,30,34,22,31,19,13,19,7,29
"GPX4",38,131,102,145,104,41,54,75,25,93
"SBNO2",7,13,7,32,23,8,4,12,1,11
"STK11",8,20,24,61,32,16,14,21,18,25
"CBARP",4,28,21,53,26,11,7,32,9,19
"AC004221.1",1,0,0,1,3,0,0,2,0,1
"ATP5F1D",19,113,82,119,88,61,40,74,22,74
"MIDN",11,194,36,83,52,23,22,55,14,39
"CIRBP",175,396,289,286,169,49,65,91,71,158
"CIRBP-AS1",0,0,0,0,0,0,0,1,0,0
"C19orf24",10,18,23,51,28,21,13,27,4,16
"EFNA2",3,0,0,3,2,1,2,5,1,1
"MUM1",40,238,193,292,266,76,92,110,66,303
"AC005329.2",0,0,0,1,0,0,0,0,0,0
"NDUFS7",45,104,117,95,96,39,34,54,26,47
"AC005329.3",0,1,0,0,0,0,0,0,0,0
"AC005329.1",0,2,0,2,3,0,0,0,0,0
"GAMT",15,52,41,58,35,11,13,22,10,24
"DAZAP1",20,50,46,90,59,29,24,44,26,50
"RPS15",106,228,244,279,291,143,81,157,70,134
"AC027307.3",0,1,1,1,2,0,0,0,0,2
"APC2",75,200,234,317,260,87,85,112,95,142
"AC027307.2",0,1,0,1,0,0,0,2,0,0
"C19orf25",15,96,58,68,62,18,26,29,11,71
"PCSK4",15,11,25,32,22,12,7,14,12,11
"REEP6",5,4,13,15,6,6,5,11,5,5
"ADAMTSL5",2,3,4,31,3,6,9,12,4,14
"AC027307.1",0,0,2,3,1,0,0,0,0,1
"PLK5",2,16,43,214,62,23,5,14,2,26
"MEX3D",1,4,4,12,3,3,2,3,2,2
"MBD3",4,11,36,83,29,8,6,36,15,6
"AC005943.1",0,1,3,4,0,1,0,1,1,2
"UQCR11",4,7,7,12,1,2,2,7,1,1
"TCF3",8,12,21,41,24,5,10,18,8,19
"ONECUT3",0,0,0,1,1,0,0,1,0,0
"ATP8B3",1,14,6,6,6,1,3,8,1,8
"REXO1",5,21,19,40,16,7,5,22,3,5
"AC012615.2",0,1,0,0,0,0,0,2,0,0
"KLF16",1,12,6,18,13,7,2,9,1,4
"AC012615.1",3,10,22,31,24,11,9,20,3,38
"AC012615.5",0,0,0,0,0,0,0,0,0,0
"ABHD17A",12,36,42,60,32,19,13,26,25,20
"SCAMP4",5,21,27,50,32,14,15,33,17,22
"CSNK1G2",10,34,22,38,25,13,5,24,13,14
"BTBD2",9,50,31,69,57,24,21,28,13,32
"MKNK2",6,35,26,46,35,27,25,55,20,56
"MOB3A",9,31,34,53,40,10,12,21,5,30
"IZUMO4",34,42,82,54,95,24,38,43,22,134
"AP3D1",20,65,91,152,107,44,33,61,21,75
"DOT1L",6,25,20,48,21,4,7,11,13,28
"AC004490.1",0,0,0,0,0,1,0,0,0,0
"PLEKHJ1",5,49,49,50,38,19,17,33,14,41
"SF3A2",6,30,30,21,24,13,10,19,12,30
"AMH",2,3,1,6,5,4,0,2,0,0
"JSRP1",0,1,2,0,3,1,0,0,0,1
"OAZ1",0,0,0,0,0,0,0,0,0,0
"AC005258.1",1,4,5,6,8,1,1,4,1,4
"PEAK3",0,0,0,1,0,0,2,0,0,1
"LINGO3",0,3,0,0,0,0,1,1,0,0
"LSM7",20,37,48,56,69,24,20,50,10,35
"SPPL2B",45,98,108,197,124,33,43,63,39,95
"TMPRSS9",2,7,6,22,5,1,0,2,1,16
"TIMM13",24,65,44,44,44,20,20,32,10,24
"LMNB2",2,8,6,9,12,2,3,9,3,8
"LINC01775",0,0,0,1,1,0,0,0,0,0
"GADD45B",4,200,19,79,13,8,21,17,3,12
"GNG7",53,204,225,491,286,36,48,92,39,266
"AC092068.1",0,1,0,1,0,0,0,0,0,1
"DIRAS1",7,31,31,42,11,2,7,11,1,9
"AC006538.2",1,2,4,4,1,2,0,3,0,1
"SGTA",14,76,39,97,59,23,15,48,21,16
"THOP1",9,25,37,63,38,18,11,35,11,16
"ZNF554",3,13,6,10,2,1,2,8,1,8
"ZNF555",8,50,32,38,38,13,9,10,7,33
"AC006130.1",0,1,3,3,2,0,1,0,0,0
"ZNF556",2,2,3,5,4,0,0,1,0,5
"ZNF57",1,4,4,1,4,2,1,4,0,3
"AC119403.1",1,0,3,7,3,2,2,1,0,1
"ZNF77",2,6,5,6,12,1,2,3,0,4
"TLE6",0,1,5,5,3,1,0,2,0,1
"TLE2",4,20,24,49,25,10,5,13,4,8
"AC005944.1",0,0,0,0,1,0,0,0,0,0
"AES",19,69,63,152,89,35,29,55,21,44
"GNA11",9,38,22,57,38,18,8,25,14,20
"KF456478.1",0,0,0,0,5,0,0,1,0,0
"GNA15",1,1,4,5,2,0,0,2,0,0
"AC005264.1",0,1,2,3,1,0,0,0,0,1
"S1PR4",0,0,1,0,2,0,0,0,0,0
"NCLN",9,17,28,47,26,18,18,21,13,19
"CELF5",12,34,43,60,57,8,8,13,4,15
"AC010649.1",1,1,2,0,0,0,0,2,0,0
"NFIC",36,166,176,316,203,55,64,91,44,145
"SMIM24",0,2,5,1,1,0,0,0,0,0
"DOHH",9,29,32,69,41,16,5,16,7,11
"FZR1",5,34,33,78,30,17,6,17,7,19
"MFSD12",10,30,48,66,56,17,20,29,11,30
"C19orf71",0,2,3,3,2,0,0,0,2,2
"AC005786.3",4,12,14,20,15,4,0,3,0,4
"HMG20B",8,32,51,56,59,29,23,32,12,35
"GIPC3",0,0,1,0,2,0,0,1,0,0
"TBXA2R",1,1,4,3,3,0,0,1,0,1
"CACTIN-AS1",0,0,0,0,1,0,0,0,0,0
"CACTIN",6,12,9,24,10,4,5,18,6,7
"PIP5K1C",8,31,45,64,35,12,13,45,8,19
"TJP3",1,3,2,4,3,1,0,2,1,7
"APBA3",8,14,13,14,19,6,9,17,6,13
"AC005954.2",0,0,0,1,1,0,0,0,0,1
"MRPL54",5,38,27,17,12,7,4,11,5,12
"RAX2",0,0,0,0,0,0,0,0,0,0
"MATK",3,8,25,32,14,6,3,3,3,9
"ZFR2",6,20,19,30,23,1,4,6,0,7
"ATCAY",11,45,47,65,43,5,4,8,1,7
"NMRK2",0,0,1,1,1,0,0,1,1,1
"DAPK3",6,31,35,37,26,8,4,16,12,13
"EEF2",35,135,94,169,129,55,46,77,35,58
"PIAS4",14,20,18,70,55,20,14,29,12,21
"ZBTB7A",13,55,44,97,98,41,25,63,29,30
"MAP2K2",13,53,53,111,54,34,26,25,27,38
"CREB3L3",0,2,2,3,3,0,1,0,0,0
"SIRT6",8,20,24,28,22,17,12,25,4,24
"ANKRD24",6,21,27,34,32,11,4,13,7,19
"EBI3",0,0,1,1,1,0,0,0,0,1
"YJU2",2,13,17,22,18,5,2,13,3,8
"SHD",1,1,3,5,0,1,0,1,1,1
"TMIGD2",0,0,2,0,1,0,1,0,0,1
"FSD1",7,13,41,44,27,7,5,12,9,5
"STAP2",0,7,13,15,9,5,1,7,1,10
"AC104521.1",0,1,0,0,2,0,0,1,0,0
"MPND",2,11,6,10,7,4,1,1,1,4
"AC007292.3",1,3,11,5,7,2,3,4,0,4
"AC007292.2",1,2,1,1,0,0,0,0,0,1
"SH3GL1",5,36,39,78,50,10,6,16,7,29
"AC007292.1",0,2,1,1,4,0,0,1,1,2
"CHAF1A",2,6,7,5,12,1,0,3,3,2
"UBXN6",11,49,47,71,52,27,18,30,12,30
"AC011498.6",0,0,0,0,0,1,1,0,0,0
"AC011498.1",1,6,2,4,6,2,2,9,4,3
"HDGFL2",14,21,36,54,33,10,13,13,6,17
"PLIN4",3,5,29,61,40,40,22,73,18,23
"PLIN5",25,64,59,93,110,23,31,18,25,100
"SEMA6B",4,15,29,39,26,12,4,18,4,14
"TNFAIP8L1",0,22,18,18,19,3,0,7,1,12
"MYDGF",17,48,59,42,61,33,20,37,12,40
"DPP9",10,21,21,43,43,8,6,18,6,24
"DPP9-AS1",0,4,3,6,5,0,1,0,1,1
"MIR7-3HG",8,8,3,4,3,0,3,0,0,2
"AC005523.1",0,0,3,2,0,1,0,0,0,0
"FEM1A",3,16,11,30,13,10,4,10,9,9
"AC005523.2",0,8,4,4,6,0,1,1,0,1
"TICAM1",5,13,14,19,14,4,7,11,4,11
"PLIN3",9,61,42,54,36,20,18,16,10,39
"ARRDC5",1,2,0,0,3,0,0,0,1,1
"UHRF1",1,5,8,23,4,1,4,5,3,6
"KDM4B",24,65,62,114,83,27,26,45,23,66
"PTPRS",90,151,212,333,265,105,115,170,73,280
"TINCR",3,17,14,19,16,3,5,6,1,7
"SAFB2",35,213,197,370,289,110,85,142,61,289
"SAFB",7,39,24,64,63,21,12,28,7,49
"RPL36",38,137,116,195,168,90,53,83,39,64
"C19orf70",27,74,70,79,39,28,21,17,13,34
"LONP1",6,57,40,76,45,17,17,17,10,38
"CATSPERD",1,7,4,8,7,3,1,4,1,12
"PRR22",3,5,4,4,2,0,0,1,1,0
"DUS3L",3,12,7,6,8,0,2,5,1,16
"NRTN",0,2,2,6,4,3,0,0,0,4
"FUT6",0,0,0,0,1,0,0,0,0,3
"FUT3",0,1,0,0,0,1,0,0,1,0
"AC024592.2",0,0,0,0,1,1,0,0,0,0
"AC024592.3",0,2,2,2,1,1,0,1,0,3
"NDUFA11",0,0,1,0,0,0,0,1,0,0
"AC024592.1",0,0,0,0,0,0,0,1,0,1
"AC104532.1",0,0,0,1,1,0,1,0,1,1
"AC104532.2",1,6,8,21,16,2,0,6,1,20
"CAPS",14,17,18,50,51,45,26,30,26,28
"RANBP3",8,36,26,47,44,22,17,17,10,27
"AC011444.1",1,12,16,36,28,9,7,10,2,39
"RFX2",44,115,156,246,286,91,75,138,54,255
"AC011444.2",1,0,5,9,2,1,0,1,0,3
"AC011444.3",0,3,3,5,7,2,0,6,2,11
"ACSBG2",2,8,11,10,10,6,3,12,2,26
"MLLT1",12,27,28,47,31,21,21,29,13,23
"AC011471.2",1,6,4,2,4,0,0,2,0,6
"ACER1",0,0,3,3,6,1,3,1,0,3
"AC011491.3",0,0,1,2,2,0,0,1,0,1
"CLPP",6,30,47,24,21,11,6,28,10,20
"ALKBH7",3,30,25,32,21,15,9,17,4,16
"PSPN",1,4,2,9,2,1,1,2,0,0
"GTF2F1",6,28,16,23,19,7,4,21,7,15
"KHSRP",10,24,30,40,34,14,14,24,7,25
"SLC25A41",5,4,9,17,13,2,1,16,4,4
"SLC25A23",3,32,37,58,47,18,14,24,9,33
"CRB3",0,0,0,1,0,0,0,0,0,0
"DENND1C",0,0,2,1,0,0,1,1,1,0
"AC010503.4",0,0,0,0,1,0,0,0,0,0
"TUBB4A",35,177,117,319,116,30,31,37,21,19
"AC010503.1",0,7,2,5,0,0,0,0,0,0
"TNFSF9",0,1,2,2,2,1,0,1,1,1
"CD70",0,2,1,2,1,2,0,1,0,1
"TNFSF14",0,0,0,2,3,0,0,0,0,0
"C3",2,2,12,30,30,3,2,1,4,5
"GPR108",0,1,6,4,5,1,1,3,0,7
"TRIP10",3,19,22,47,15,3,7,14,2,13
"SH2D3A",0,0,1,4,2,2,1,0,1,2
"VAV1",4,8,4,4,13,3,7,8,0,10
"ADGRE1",0,5,3,1,4,1,3,4,0,2
"ZNF557",5,19,11,18,40,5,4,13,2,17
"INSR",57,160,145,256,282,96,120,120,54,244
"AC119396.1",0,11,8,12,22,1,1,4,0,8
"AC008878.3",2,4,9,10,12,3,2,4,0,9
"AC119396.2",0,0,2,1,3,0,1,0,0,0
"PEX11G",2,15,9,3,6,1,1,1,2,8
"TEX45",0,1,3,2,3,0,0,0,1,2
"AC008878.1",0,1,3,0,0,0,0,1,0,1
"ZNF358",3,19,16,70,23,8,8,20,11,8
"MCOLN1",5,6,13,22,18,2,4,4,0,18
"PNPLA6",22,45,102,308,111,53,35,74,46,56
"CAMSAP3",2,11,11,22,14,4,5,5,3,13
"XAB2",5,19,9,26,18,7,6,15,5,2
"PET100",1,4,3,16,2,1,2,7,0,0
"AC008763.2",0,0,1,0,0,0,0,0,0,0
"STXBP2",1,0,0,3,1,1,0,1,0,0
"RETN",0,0,0,1,0,0,0,0,0,0
"TRAPPC5",1,2,4,8,8,4,3,10,2,5
"FCER2",0,1,3,1,6,0,0,1,1,0
"CLEC4G",1,1,1,0,0,0,0,1,0,0
"CD209",0,0,0,0,0,0,0,0,0,0
"CLEC4M",0,0,0,0,0,0,0,0,0,0
"EVI5L",17,51,58,97,81,17,15,30,13,30
"PRR36",2,11,11,34,5,7,4,9,3,3
"AC010336.3",0,0,0,0,0,0,0,0,0,0
"LRRC8E",1,3,1,1,0,0,0,1,0,0
"AC010336.1",0,0,0,1,0,0,0,2,0,1
"MAP2K7",13,57,49,80,75,21,12,37,5,36
"AC010336.4",0,0,0,0,0,0,0,0,0,1
"TGFBR3L",11,19,19,17,16,5,1,6,1,4
"AC010336.2",0,0,0,0,0,0,0,0,0,0
"SNAPC2",1,10,11,13,9,7,4,6,2,7
"CTXN1",5,13,19,23,20,5,5,6,3,1
"TIMM44",7,48,39,44,45,32,16,43,18,41
"ELAVL1",12,67,53,72,74,23,19,39,20,46
"AC010336.6",0,0,1,2,0,0,0,0,0,0
"AC008946.1",2,0,4,3,3,2,2,3,0,2
"CCL25",2,1,0,2,1,1,0,0,0,1
"FBN3",1,3,2,1,4,0,2,3,1,5
"CERS4",39,119,107,212,155,35,36,53,26,99
"AC022146.2",22,53,129,109,65,6,11,11,5,51
"CD320",6,19,28,43,18,14,6,14,9,13
"AC010323.1",0,2,1,0,1,0,0,2,0,0
"NDUFA7",0,0,0,0,1,0,0,1,0,0
"RPS28",29,74,71,126,65,43,24,113,25,61
"KANK3",0,3,2,7,4,4,1,5,1,4
"ANGPTL4",32,389,294,753,365,88,93,77,41,119
"RAB11B-AS1",1,17,14,10,11,6,8,8,3,27
"RAB11B",22,81,58,136,74,47,36,56,35,78
"MARCH2",13,44,29,41,41,9,12,12,7,30
"AC136469.1",0,0,1,0,0,0,0,0,1,1
"HNRNPM",36,144,133,190,150,30,46,46,25,86
"PRAM1",2,4,5,5,8,0,0,1,2,10
"ZNF414",1,9,8,17,14,7,2,5,2,10
"MYO1F",3,12,14,36,27,7,3,7,1,22
"ADAMTS10",20,55,88,181,105,52,32,45,27,52
"AC130469.1",0,0,1,2,1,0,0,0,0,3
"LINC01862",0,0,0,0,0,0,0,1,0,3
"ZNF558",4,17,21,35,20,19,13,25,13,24
"MBD3L1",1,1,3,2,1,0,0,3,2,3
"MUC16",0,0,1,2,0,0,0,1,0,1
"OR1M1",0,0,0,0,0,0,0,0,0,0
"ZNF317",2,21,9,29,22,7,5,12,2,16
"OR7D2",0,1,1,1,1,0,0,2,0,1
"OR7D4",0,0,0,0,0,0,1,0,0,0
"AC011451.1",0,1,4,0,1,0,0,1,1,2
"ZNF699",1,13,8,4,12,2,4,7,0,18
"ZNF559-ZNF177",10,60,27,54,78,15,17,24,12,46
"ZNF266",13,21,35,41,35,5,7,14,4,23
"ZNF560",0,0,0,1,0,1,1,0,0,0
"AC008567.2",0,0,0,0,0,1,0,0,0,0
"ZNF426",4,44,13,20,22,5,13,13,8,25
"ZNF426-DT",1,6,7,0,5,0,5,3,2,5
"ZNF121",4,22,24,33,32,8,11,15,3,21
"ZNF561",0,18,18,22,17,5,8,9,2,22
"ZNF562",7,44,67,71,89,11,23,28,10,72
"AC008759.3",0,0,1,0,0,0,0,0,0,0
"AC008759.2",0,0,0,0,0,0,0,0,0,0
"ZNF846",14,48,61,100,91,30,35,42,16,88
"AC008752.1",0,0,3,1,1,1,2,0,0,0
"FBXL12",6,32,22,28,31,13,14,13,1,29
"UBL5",36,78,60,99,47,45,20,49,16,24
"AC008752.2",0,0,0,0,0,1,0,0,0,0
"PIN1",36,95,66,76,52,33,13,31,11,28
"OLFM2",72,256,264,619,319,69,93,110,31,275
"COL5A3",229,712,1198,2804,1160,446,426,595,267,1110
"AC008742.1",0,0,0,0,0,0,0,0,0,0
"RDH8",0,0,0,0,0,0,0,0,0,3
"C19orf66",9,44,51,70,49,31,30,38,15,81
"AC020931.1",0,0,0,0,0,0,0,0,0,0
"ANGPTL6",1,0,3,2,0,1,1,0,0,1
"P2RY11",3,4,7,20,14,4,0,8,6,2
"EIF3G",7,23,12,23,25,27,7,31,6,16
"DNMT1",8,27,41,50,42,14,9,22,9,23
"MRPL4",10,54,45,35,48,20,17,37,11,47
"AC011511.2",0,3,7,18,7,0,1,6,2,7
"ICAM1",1,11,14,29,20,8,8,22,1,8
"AC011511.5",0,0,0,0,0,0,0,0,0,1
"ICAM5",1,3,7,11,6,2,2,3,1,4
"ZGLP1",3,5,6,39,21,19,10,15,12,5
"AC011511.1",2,13,16,11,33,9,5,16,3,22
"AC011511.4",0,0,0,0,0,0,0,0,0,0
"RAVER1",0,1,6,6,4,0,1,1,0,5
"AC114271.1",0,2,0,1,0,1,0,0,0,1
"ICAM3",1,0,0,6,7,1,3,1,1,6
"TYK2",11,23,22,39,32,13,11,15,7,22
"CDC37",53,120,168,187,112,45,39,65,20,99
"PDE4A",5,14,39,47,28,9,10,11,7,19
"KEAP1",6,36,26,73,41,26,20,49,18,27
"S1PR5",3,15,10,27,7,1,2,0,0,5
"ATG4D",6,36,28,34,22,22,14,32,6,23
"KRI1",5,21,30,40,37,19,10,30,6,17
"CDKN2D",7,28,20,47,26,1,6,9,4,9
"AP1M2",0,2,2,0,3,0,1,0,0,2
"SLC44A2",22,114,111,156,133,88,62,94,57,85
"ILF3-DT",12,95,64,39,79,16,29,56,9,76
"ILF3",12,65,61,110,79,31,23,41,19,52
"QTRT1",66,124,192,238,235,67,73,83,46,204
"DNM2",28,97,117,191,117,22,19,38,11,66
"TMED1",7,35,38,29,31,18,6,23,7,23
"C19orf38",2,6,4,6,9,0,2,5,1,9
"CARM1",12,42,41,87,56,15,13,40,12,35
"YIPF2",10,16,23,28,31,13,10,17,8,31
"TIMM29",7,22,16,41,30,9,5,24,4,29
"SMARCA4",21,82,87,129,107,19,22,41,14,74
"AC011442.1",0,0,2,2,0,0,0,1,1,2
"LDLR",7,66,42,58,33,5,3,7,2,6
"SPC24",0,4,2,6,2,3,2,0,0,1
"KANK2",7,20,41,107,49,15,11,17,8,56
"DOCK6",5,55,51,84,56,23,16,38,11,51
"AC011472.1",2,2,3,5,9,2,3,1,0,6
"AC011472.4",0,0,1,2,1,0,0,0,0,0
"ANGPTL8",0,1,1,4,2,0,0,0,0,1
"TSPAN16",0,5,2,7,5,1,0,0,0,1
"RAB3D",3,11,14,22,17,5,6,11,4,14
"TMEM205",0,0,0,0,0,0,0,0,0,0
"CCDC159",9,25,33,50,42,24,21,27,12,37
"PLPPR2",15,39,53,121,71,35,18,59,24,38
"AC024575.1",0,0,1,0,1,0,1,0,0,2
"SWSAP1",0,10,16,10,24,1,7,4,1,12
"EPOR",8,22,32,46,58,42,19,63,31,43
"RGL3",18,65,58,59,98,21,36,43,15,130
"CCDC151",2,10,17,32,28,26,13,39,14,31
"PRKCSH",24,58,59,101,75,43,32,58,35,38
"ELAVL3",26,82,108,159,160,45,34,76,26,76
"AC008481.3",0,0,0,0,0,0,0,0,0,2
"ECSIT",12,37,46,40,55,14,14,35,11,46
"CNN1",0,0,0,3,1,0,0,0,0,1
"ELOF1",10,35,37,45,33,23,15,24,10,23
"ZNF627",10,19,22,22,26,15,5,8,8,35
"ACP5",1,0,0,2,0,0,1,1,0,0
"AC008543.1",0,5,6,8,7,3,1,2,5,7
"ZNF823",7,27,12,19,21,5,6,9,2,20
"ZNF441",4,44,18,10,14,11,4,14,1,14
"ZNF491",5,10,9,12,11,4,2,5,4,14
"ZNF440",2,17,11,6,28,4,6,7,2,14
"ZNF439",11,43,53,67,87,14,13,19,5,51
"ZNF69",6,18,26,71,64,8,17,26,10,59
"AC008770.2",1,7,10,8,6,3,1,1,3,5
"ZNF763",3,7,1,1,6,1,3,1,0,2
"ZNF433",3,7,2,1,1,4,1,4,0,9
"AC008770.1",1,0,2,0,1,0,1,0,0,1
"ZNF844",7,14,11,19,18,5,13,10,5,28
"ZNF788P",2,12,9,18,27,6,2,9,4,22
"ZNF20",8,16,13,29,29,7,6,12,4,11
"ZNF625-ZNF20",0,2,0,0,0,0,0,0,0,0
"ZNF136",2,26,14,15,21,3,4,9,3,18
"ZNF44",19,131,74,85,123,19,31,45,8,100
"ZNF563",3,18,9,15,10,0,5,4,4,13
"ZNF442",1,8,1,6,9,0,0,1,1,4
"AC008758.4",3,10,7,15,17,2,2,2,1,3
"AC008758.5",3,24,12,27,31,6,4,5,4,23
"AC008758.6",10,26,22,39,21,10,4,12,4,26
"AC008758.2",0,5,5,6,3,0,0,0,0,4
"AC008758.1",2,14,7,12,7,0,1,5,0,9
"AC010422.6",9,14,20,22,17,0,3,7,5,17
"AC010422.1",1,2,1,0,1,0,0,2,1,0
"ZNF490",2,39,45,63,80,12,16,28,7,51
"ZNF791",10,103,50,110,71,20,17,46,10,72
"AC010422.3",0,0,0,3,0,2,3,1,0,2
"MAN2B1",8,23,15,31,28,5,1,19,7,17
"AC010422.5",0,0,0,0,0,0,0,2,1,1
"WDR83",7,24,29,23,34,14,11,17,5,19
"WDR83OS",0,0,0,0,0,1,0,1,0,0
"DHPS",18,32,51,34,38,24,8,30,11,30
"AC010422.2",1,4,3,2,3,0,0,2,1,3
"FBXW9",3,1,7,9,6,5,2,7,5,3
"TNPO2",26,101,87,182,110,34,35,57,25,52
"AC018761.1",0,0,0,1,0,0,1,0,0,1
"TRIR",22,71,67,71,63,36,24,46,14,39
"ASNA1",6,49,30,34,27,27,8,23,9,20
"BEST2",0,0,0,0,0,0,0,0,0,0
"HOOK2",36,106,232,134,243,52,75,107,21,238
"JUNB",23,138,35,60,31,11,57,57,6,40
"AC018761.2",0,0,1,0,0,1,1,1,0,1
"THSD8",3,4,11,4,5,3,1,3,1,11
"RNASEH2A",1,0,0,0,2,2,0,1,0,1
"AC020934.1",0,0,0,0,0,0,0,0,0,0
"MAST1",8,22,53,68,71,11,8,29,6,31
"DNASE2",3,36,30,21,24,12,10,19,9,24
"KLF1",0,0,1,0,0,0,0,0,0,1
"GCDH",11,64,70,79,84,23,23,44,18,95
"SYCE2",2,26,33,46,35,7,9,15,1,16
"FARSA",7,30,30,43,25,13,8,13,7,23
"CALR",34,133,85,77,181,107,90,102,42,130
"AC092069.1",2,11,17,26,19,11,39,8,4,76
"RAD23A",19,63,64,66,50,26,24,48,17,71
"GADD45GIP1",23,96,73,112,61,22,21,29,10,20
"DAND5",1,0,4,4,2,1,2,1,0,1
"NFIX",49,130,171,243,228,67,61,99,35,156
"AC138474.1",2,1,2,5,3,0,3,0,1,5
"LYL1",0,0,1,2,0,1,0,2,0,0
"TRMT1",6,24,35,44,29,27,13,45,12,29
"NACC1",2,25,25,41,24,11,9,25,4,13
"AC011446.1",0,0,1,2,1,0,1,0,0,1
"STX10",13,27,46,59,37,25,18,41,13,34
"IER2",18,28,33,42,30,7,5,15,3,20
"CACNA1A",29,146,179,247,200,33,21,26,13,65
"CCDC130",14,70,65,71,81,19,22,36,19,34
"MRI1",3,24,31,48,35,6,15,15,7,44
"AC008686.1",0,0,0,3,3,0,2,0,0,4
"C19orf53",32,83,91,89,61,23,18,36,11,26
"ZSWIM4",5,17,20,30,17,2,6,7,2,18
"AC020916.1",0,6,15,12,11,1,4,6,3,18
"NANOS3",8,6,5,14,6,3,0,4,0,1
"C19orf57",6,1,6,8,4,2,1,1,1,6
"CC2D1A",24,104,149,134,178,55,43,65,20,158
"PODNL1",3,11,2,8,2,4,2,3,0,8
"DCAF15",5,12,9,22,11,7,5,8,5,10
"RFX1",4,13,25,52,36,17,6,18,7,17
"IL27RA",0,6,4,4,2,3,2,3,0,6
"PALM3",1,2,1,3,0,4,0,2,0,0
"MISP3",4,12,30,40,13,7,11,11,4,9
"SAMD1",3,11,14,39,28,20,12,31,7,21
"PRKACA",18,55,66,66,58,19,12,32,14,49
"AC022098.3",0,0,0,1,1,0,0,1,0,0
"ASF1B",0,6,7,8,8,4,4,3,0,13
"AC022098.1",4,23,21,30,43,36,35,72,35,26
"ADGRL1",23,86,108,129,89,45,21,46,22,47
"AC011509.2",2,9,12,17,13,8,2,9,1,10
"LINC01841",0,8,5,6,6,3,0,7,1,4
"LINC01842",1,8,0,4,0,1,0,2,1,0
"ADGRE5",5,18,12,9,11,0,3,6,0,11
"AC008569.1",0,2,3,4,4,0,0,0,1,3
"DDX39A",5,14,15,35,27,12,10,23,9,14
"PKN1",6,34,30,65,48,12,8,33,15,19
"PTGER1",1,1,0,0,3,1,0,0,0,1
"GIPC1",21,87,55,83,62,14,21,23,10,39
"DNAJB1",10,106,45,116,109,65,23,52,12,66
"TECR",54,217,223,368,155,140,55,142,48,135
"NDUFB7",31,110,73,138,76,46,47,54,21,38
"CLEC17A",0,1,0,1,0,0,0,0,0,3
"ADGRE3",4,9,9,7,11,3,6,1,2,12
"ZNF333",14,56,32,52,45,15,15,22,5,28
"ADGRE2",1,4,11,15,8,0,1,3,0,2
"OR7C1",0,6,3,6,3,1,2,1,1,2
"OR7A10",0,0,0,1,0,0,0,1,1,0
"OR7A17",0,0,0,1,0,0,0,0,0,0
"SLC1A6",1,4,3,11,2,0,0,0,0,1
"CCDC105",0,0,0,0,0,0,0,0,0,0
"CASP14",0,0,0,0,0,1,0,0,0,0
"OR1I1",0,2,0,0,0,0,0,0,0,0
"SYDE1",0,4,2,13,6,5,4,12,2,5
"ILVBL",13,32,36,66,36,29,13,29,13,41
"AC003956.1",0,0,2,3,2,2,1,0,1,1
"NOTCH3",4,15,10,25,15,5,2,13,5,9
"AC004257.1",0,0,0,0,1,2,0,0,0,0
"EPHX3",0,0,0,1,0,0,0,0,0,1
"BRD4",18,165,98,201,152,47,40,60,28,80
"AC005776.2",0,0,1,0,0,0,2,0,0,0
"AKAP8",11,45,46,67,55,16,14,28,15,36
"AKAP8L",38,139,105,195,138,31,21,57,37,84
"WIZ",3,10,5,19,18,4,8,18,8,9
"RASAL3",0,0,0,2,3,0,0,0,0,0
"PGLYRP2",0,2,7,3,3,2,0,2,0,2
"CYP4F22",0,0,0,3,3,2,0,1,2,2
"CYP4F8",0,0,0,0,0,0,0,0,0,0
"CYP4F3",2,3,4,0,0,0,1,3,0,10
"CYP4F12",3,0,6,0,3,0,1,3,1,4
"AC004597.1",0,0,0,0,2,0,0,0,0,2
"OR10H5",0,0,0,0,1,0,0,0,1,0
"OR10H1",0,0,0,0,0,0,0,0,0,0
"CYP4F2",0,0,0,0,1,0,0,0,0,0
"CYP4F11",4,33,8,12,9,3,10,18,6,21
"TPM4",8,40,30,27,38,11,6,12,5,15
"RAB8A",1,16,5,11,13,5,4,9,2,5
"AC008894.2",1,0,2,5,3,0,3,1,0,0
"HSH2D",0,0,0,4,7,2,0,0,0,1
"CIB3",0,1,0,1,0,0,0,2,1,2
"FAM32A",4,35,22,33,24,13,15,29,8,22
"AC020911.1",1,4,4,2,2,1,1,0,0,1
"AP1M1",9,61,55,74,65,30,18,36,12,49
"AC020911.2",0,6,6,7,10,0,1,4,0,2
"KLF2",0,0,1,7,9,14,6,13,10,5
"AC020917.3",0,4,2,3,5,0,0,0,0,2
"EPS15L1",50,213,182,248,238,62,70,110,43,297
"AC020917.2",0,1,5,0,5,0,2,0,0,13
"AC008764.1",2,4,14,6,11,3,2,5,0,12
"C19orf44",9,14,15,25,19,10,7,8,4,15
"AC008764.6",0,6,4,0,1,2,0,3,0,3
"AC008764.5",0,0,0,0,0,0,0,0,0,0
"AC008764.8",0,12,13,13,4,2,1,3,1,5
"AC008764.4",0,2,0,1,0,0,0,0,0,0
"AC008764.2",0,3,2,1,0,0,0,2,0,0
"AC024075.3",0,2,4,7,3,0,0,0,0,0
"SMIM7",0,0,0,0,0,0,0,1,0,0
"TMEM38A",15,43,68,143,62,8,9,24,9,57
"NWD1",33,52,105,465,156,42,33,48,40,303
"SIN3B",15,45,65,97,68,22,15,35,23,33
"F2RL3",0,0,0,0,0,2,0,0,0,0
"CPAMD8",2,2,6,4,6,2,1,4,2,3
"AC020908.2",0,0,0,0,0,0,0,0,0,1
"HAUS8",0,8,7,11,7,5,2,6,0,4
"AC020908.1",0,3,2,3,3,1,0,0,0,3
"MYO9B",31,77,101,165,139,36,31,52,24,72
"AC020908.3",0,2,0,1,0,1,1,0,0,1
"AC020913.1",1,2,7,8,6,0,0,1,0,3
"USE1",9,34,45,22,46,20,15,18,10,50
"OCEL1",1,8,15,24,10,6,0,0,2,7
"NR2F6",4,16,17,48,27,11,9,22,11,10
"USHBP1",7,11,20,17,17,2,4,9,1,23
"ANKLE1",0,1,1,1,6,0,1,4,0,3
"ABHD8",16,86,63,82,69,16,14,47,12,55
"MRPL34",11,33,53,56,49,17,17,44,9,45
"DDA1",14,44,41,63,47,12,19,16,10,46
"ANO8",30,51,60,131,106,52,43,69,31,50
"GTPBP3",9,21,32,32,31,16,9,29,8,53
"PLVAP",0,2,6,0,2,0,2,3,0,4
"CCDC194",0,2,1,2,2,1,0,0,0,0
"BST2",2,29,25,31,32,18,12,25,2,23
"MVB12A",7,22,21,45,37,12,8,17,5,27
"AC010319.4",1,5,4,4,6,2,3,2,0,7
"TMEM221",0,3,6,14,7,4,4,5,0,6
"AC010319.2",4,4,14,29,11,0,2,7,3,13
"SLC27A1",61,142,182,454,282,83,77,146,84,199
"AC010618.3",12,33,83,104,88,19,9,29,10,89
"PGLS",10,25,23,23,19,7,5,18,7,20
"AC010618.2",0,1,1,3,1,0,0,0,0,2
"FAM129C",1,2,4,8,11,3,1,6,0,3
"COLGALT1",9,13,30,102,36,17,12,38,9,17
"UNC13A",10,41,43,49,47,7,3,9,7,32
"MAP1S",6,25,30,50,32,8,5,21,7,13
"AC008761.1",0,5,8,8,5,0,0,1,0,7
"FCHO1",3,22,29,42,29,4,6,11,6,15
"B3GNT3",0,0,0,0,1,0,0,0,0,1
"INSL3",0,0,0,0,1,0,0,0,0,0
"JAK3",3,6,7,13,12,2,1,3,0,7
"RPL18A",2,3,4,3,4,0,0,0,0,2
"SLC5A5",0,1,1,0,1,0,0,0,0,1
"CCDC124",11,44,22,40,23,16,8,22,11,23
"KCNN1",2,12,10,27,18,9,5,8,3,14
"ARRDC2",2,15,13,83,21,5,7,3,9,5
"IL12RB1",0,4,4,9,9,3,1,2,2,2
"MAST3",20,54,95,151,92,31,23,35,10,46
"AC007192.2",11,31,64,26,25,15,7,3,0,34
"AC007192.1",0,0,1,2,0,0,0,0,0,1
"MPV17L2",0,13,2,6,11,3,5,4,2,4
"RAB3A",23,56,68,75,26,3,5,5,3,9
"AC005759.1",2,2,3,0,3,2,1,1,1,8
"AC008397.2",0,1,2,2,2,0,0,0,0,2
"IQCN",0,4,2,2,1,0,0,2,1,1
"JUND",23,208,120,345,118,42,29,63,54,39
"LSM4",11,35,24,38,27,14,10,27,7,16
"PGPEP1",8,22,40,43,32,4,6,16,3,20
"GDF15",0,4,2,4,5,0,1,0,0,3
"LRRC25",0,0,0,0,1,0,0,0,0,2
"SSBP4",10,26,31,97,45,19,10,19,18,15
"ISYNA1",6,9,2,33,20,10,6,24,13,10
"ELL",4,20,25,43,29,5,8,11,3,18
"AC005387.1",0,2,1,2,1,0,1,0,0,0
"FKBP8",30,118,86,202,113,44,33,67,34,45
"AC005387.2",0,2,0,0,1,0,2,1,0,4
"KXD1",4,34,31,48,47,16,16,34,12,24
"AC005253.1",2,8,16,24,6,2,2,2,0,5
"AC005253.2",0,0,0,0,0,0,0,0,0,0
"UBA52",39,121,107,128,109,44,34,50,21,37
"CRLF1",27,99,111,149,208,64,57,88,57,199
"REX1BD",31,40,63,69,47,15,23,13,18,30
"TMEM59L",63,108,125,186,104,55,50,68,51,70
"KLHL26",4,22,29,18,29,17,5,18,14,21
"CRTC1",23,63,102,173,114,30,33,52,28,94
"COMP",0,0,0,1,1,0,0,0,1,2
"UPF1",4,32,25,51,34,18,12,23,7,12
"CERS1",0,0,1,0,0,1,0,0,0,0
"AC005197.1",2,9,12,10,10,2,2,4,0,14
"COPE",19,98,55,67,68,57,41,37,33,42
"AC002985.1",0,3,1,3,0,0,0,0,0,3
"DDX49",5,23,24,33,17,17,6,17,8,16
"HOMER3",0,0,0,0,1,0,0,0,0,1
"HOMER3-AS1",0,2,0,4,1,0,3,0,0,0
"SUGP2",37,166,212,313,188,48,58,88,47,160
"ARMC6",1,20,16,25,24,9,7,15,7,10
"SLC25A42",6,20,24,57,43,12,11,17,4,25
"TMEM161A",2,21,45,40,46,26,16,27,9,34
"BORCS8-MEF2B",1,2,2,5,3,1,2,2,2,1
"RFXANK",9,37,27,33,40,21,18,22,14,32
"NR2C2AP",0,4,2,1,8,1,0,3,1,0
"NCAN",156,283,409,993,583,183,203,338,185,350
"HAPLN4",7,9,16,30,14,1,0,2,0,6
"TM6SF2",0,1,2,1,2,1,1,1,2,4
"SUGP1",10,14,24,35,34,13,12,9,4,22
"MAU2",10,67,61,60,70,25,20,32,15,66
"GATAD2A",14,121,56,86,80,11,27,30,10,64
"TSSK6",0,4,2,1,2,0,2,2,0,1
"NDUFA13",0,6,3,5,1,1,0,5,1,0
"YJEFN3",4,16,27,61,27,14,11,38,11,10
"CILP2",0,0,0,1,1,2,0,0,0,1
"PBX4",10,24,23,25,33,13,8,16,3,20
"AC002306.1",0,1,1,0,0,0,0,0,0,0
"LPAR2",0,0,2,5,4,1,0,0,0,2
"GMIP",0,0,4,8,3,0,1,1,2,1
"ATP13A1",19,29,28,65,47,26,11,37,12,19
"ZNF101",1,6,6,8,13,0,3,2,2,4
"ZNF14",6,36,22,18,31,5,6,13,1,32
"LINC00663",2,1,1,1,4,0,0,0,1,1
"AC011477.4",0,21,15,15,23,7,11,17,4,21
"ZNF506",0,1,2,0,0,0,0,1,0,0
"ZNF253",5,20,34,39,41,13,13,17,9,42
"AC011477.3",0,0,0,0,0,0,0,0,0,0
"ZNF93",1,2,3,9,8,2,1,2,2,0
"ZNF682",11,37,30,32,27,6,5,6,5,23
"ZNF90",5,22,36,48,56,3,17,6,2,26
"AC011447.3",10,27,34,44,32,13,16,25,7,36
"ZNF486",3,3,2,8,5,0,1,5,2,6
"AC008554.1",0,0,1,1,2,0,0,1,0,1
"ZNF737",6,17,22,30,29,8,11,13,6,21
"AC010636.2",4,24,18,23,21,2,2,6,3,30
"ZNF66",1,9,10,5,14,2,3,5,0,6
"ZNF85",3,21,11,14,7,5,6,9,2,11
"AC008739.1",0,0,0,0,0,0,0,0,0,0
"ZNF430",9,48,35,49,55,14,24,15,8,85
"ZNF714",14,63,57,52,62,9,23,29,14,51
"ZNF431",18,50,47,60,85,15,19,28,9,55
"ZNF708",17,226,58,106,74,19,49,45,18,91
"ZNF738",3,27,16,23,13,5,1,9,2,16
"ZNF493",5,41,33,67,60,14,22,17,4,45
"AC010615.4",16,72,114,76,90,23,27,41,12,63
"LINC00664",0,2,0,0,1,0,0,0,0,2
"ZNF429",7,56,54,53,67,16,21,29,14,57
"AC123912.1",3,26,22,2,6,3,3,8,2,21
"AC123912.4",1,4,1,3,4,2,0,1,1,7
"AC123912.2",1,1,1,0,0,0,0,0,0,1
"ZNF100",7,36,30,40,31,8,15,22,16,40
"AC092364.1",0,0,3,1,2,0,1,0,1,0
"ZNF43",4,56,28,61,66,18,23,21,13,64
"ZNF208",12,54,29,9,53,14,29,37,8,37
"AC003973.2",0,0,0,0,0,0,0,0,0,2
"ZNF257",0,9,8,0,5,2,2,9,0,12
"ZNF676",1,10,3,5,6,1,1,3,1,7
"ZNF729",0,0,0,0,0,0,1,0,0,0
"ZNF98",226,1171,530,953,1238,113,231,379,209,1411
"AC011516.1",0,0,1,1,0,0,0,0,0,1
"LINC01233",0,1,2,2,1,2,0,1,0,2
"LINC01785",0,1,3,4,1,1,0,1,1,4
"ZNF492",0,3,2,3,1,0,1,1,0,4
"AC024563.1",3,11,7,11,7,0,2,2,1,10
"ZNF99",0,9,2,6,1,3,3,4,0,7
"ZNF723",0,3,0,3,1,1,0,0,0,0
"ZNF728",0,9,3,5,1,1,0,2,2,5
"LINC01858",0,1,2,1,1,0,0,2,0,0
"ZNF730",5,40,18,35,15,26,6,25,17,20
"ZNF724",0,3,0,2,2,1,0,2,0,1
"AC092329.3",2,11,9,26,17,5,6,7,2,3
"ZNF91",40,156,159,230,228,65,61,97,37,153
"AC010300.1",0,1,0,0,0,0,0,1,0,2
"LINC01224",0,0,0,1,2,2,0,1,0,0
"ZNF675",9,39,40,72,57,40,11,48,41,38
"ZNF681",2,3,5,2,6,1,1,5,1,1
"AC139769.2",1,2,6,1,1,0,2,1,0,6
"ZNF726",0,10,6,13,5,0,3,8,2,7
"AC011503.1",1,3,1,3,10,0,1,0,1,2
"ZNF254",28,180,121,249,171,51,72,129,55,199
"AC073534.2",0,1,2,3,2,0,1,2,0,1
"ERVK-28",0,4,1,4,1,0,2,0,0,5
"LINC00662",18,69,85,122,117,26,23,63,28,102
"AC006504.5",5,35,44,90,78,18,13,30,5,65
"AC006504.2",1,3,2,2,8,3,1,5,1,4
"AC010511.1",0,0,0,1,1,0,0,0,0,2
"AC005580.1",0,0,3,1,1,1,1,0,0,0
"AC005381.1",0,0,2,3,0,0,0,0,0,0
"AC005394.1",1,0,1,0,2,0,0,0,0,1
"AC005616.1",0,3,0,2,1,0,0,0,0,2
"AC079466.2",0,0,0,0,0,0,0,0,0,0
"AC008991.1",1,1,4,0,1,0,0,1,0,3
"AC011524.2",0,0,2,0,0,0,0,0,0,0
"LINC00906",0,0,0,0,1,0,0,0,0,0
"LINC01532",1,1,10,1,2,0,1,1,1,6
"UQCRFS1",15,106,65,39,62,37,17,35,13,58
"AC007786.1",0,1,4,5,7,1,0,3,1,7
"AC007786.2",0,2,0,1,0,0,0,0,0,0
"AC007786.3",2,0,0,0,0,0,0,1,0,0
"AC011474.2",1,1,2,0,3,0,0,0,0,2
"VSTM2B",5,19,16,34,37,8,4,7,2,15
"POP4",5,20,18,20,17,10,13,16,2,20
"PLEKHF1",0,23,10,24,9,3,10,11,2,4
"C19orf12",10,42,44,80,49,11,13,24,7,26
"CCNE1",3,5,9,7,9,4,2,2,1,7
"URI1",29,132,114,284,199,37,48,73,30,123
"AC005597.1",0,0,0,0,0,0,0,0,0,0
"ZNF536",70,228,142,331,231,33,30,19,23,86
"AC011478.1",0,1,0,0,0,0,0,0,0,1
"AC011507.1",0,0,0,0,0,0,0,1,0,0
"AC020912.1",0,1,0,1,0,0,0,0,1,1
"LINC01791",0,0,0,0,0,0,0,1,0,0
"TSHZ3",3,21,44,89,71,10,7,22,6,26
"AC025809.1",2,7,29,17,20,1,3,4,1,8
"AC008992.1",0,0,0,1,2,0,0,0,0,0
"AC011525.1",0,0,1,0,1,2,0,0,0,0
"LINC01837",0,4,1,2,0,1,0,1,1,2
"LINC01533",0,0,0,0,0,0,0,2,0,1
"ZNF507",5,56,31,93,84,21,35,36,14,42
"AC007773.1",0,3,5,3,4,1,1,2,0,1
"DPY19L3",20,353,84,135,127,33,74,69,27,155
"PDCD5",14,34,58,45,36,22,13,22,4,25
"ANKRD27",11,46,53,50,70,15,19,27,10,40
"AC008474.1",0,1,0,0,2,1,0,0,0,0
"RGS9BP",0,0,0,0,0,2,1,0,0,0
"AC008736.1",1,4,2,3,1,1,1,1,1,0
"NUDT19",2,9,12,14,6,6,3,8,4,16
"TDRD12",2,4,2,1,3,0,2,4,0,6
"SLC7A9",0,0,2,13,9,1,0,8,3,6
"AC008805.2",0,0,0,1,0,0,0,0,0,0
"CEP89",11,40,46,70,76,25,17,34,6,66
"FAAP24",0,2,2,0,1,0,2,1,0,1
"RHPN2",17,96,41,68,89,23,29,30,17,86
"GPATCH1",2,21,18,24,24,4,3,6,2,16
"WDR88",4,21,25,18,10,1,6,2,3,17
"LRP3",10,24,27,86,37,14,11,40,16,13
"SLC7A10",35,71,67,229,97,53,24,68,21,50
"AC008738.4",1,1,0,1,1,0,0,1,0,2
"CEBPA",1,6,5,4,1,1,4,11,1,4
"CEBPA-DT",0,0,2,0,2,1,1,3,0,4
"AC008738.2",0,4,3,1,2,1,2,2,0,1
"CEBPG",3,7,11,37,9,18,10,43,3,18
"PEPD",4,23,31,52,47,11,15,21,6,24
"CHST8",0,2,5,2,7,2,1,4,1,4
"KCTD15",29,31,38,66,57,22,33,43,14,13
"AC008556.1",0,3,0,0,0,0,0,0,1,0
"LSM14A",48,235,195,338,298,76,86,123,58,232
"KIAA0355",14,74,62,107,92,26,19,40,21,68
"AC010504.1",1,5,6,12,11,1,1,7,2,14
"GPI",37,147,167,333,156,16,12,15,9,117
"AC092073.1",1,0,0,1,1,0,1,1,0,0
"PDCD2L",1,7,5,6,6,2,0,4,1,9
"AC008747.1",0,0,0,1,0,0,0,2,0,2
"UBA2",14,67,78,143,121,17,26,35,13,79
"WTIP",0,5,4,5,6,1,1,1,1,8
"SCGB1B2P",0,4,4,9,4,2,1,1,1,5
"SCGB2B2",29,138,106,178,157,30,59,92,45,129
"ZNF302",43,187,150,178,208,85,71,118,32,243
"AC020910.4",0,3,6,3,2,1,3,4,2,7
"ZNF181",5,19,15,16,27,10,10,18,4,26
"ZNF599",1,8,15,12,11,0,7,4,1,11
"LINC01801",0,0,4,1,0,0,0,0,0,0
"AC008555.5",0,0,0,1,0,0,0,0,0,0
"LINC00904",0,0,0,0,0,0,0,0,0,0
"ZNF30-AS1",0,2,1,1,1,0,1,0,0,1
"ZNF30",7,8,21,19,21,8,8,14,1,28
"ZNF792",1,1,2,1,2,1,1,0,0,1
"GRAMD1A",19,50,72,63,70,33,14,50,5,88
"AC020907.4",0,0,0,0,0,0,0,0,0,0
"SCN1B",9,30,41,52,24,6,7,14,6,14
"HPN",8,41,46,44,31,15,26,28,13,20
"HPN-AS1",15,26,31,34,36,6,14,11,6,22
"AC020907.1",0,0,0,0,1,0,0,2,0,0
"FXYD3",4,13,15,6,15,19,14,14,4,18
"LGI4",99,345,282,295,403,173,209,319,159,434
"FXYD1",35,70,102,176,159,163,92,149,87,145
"FXYD7",12,51,51,46,37,1,9,11,4,19
"FXYD5",0,1,2,5,8,0,0,0,1,0
"FAM187B",0,0,0,0,0,0,1,0,0,0
"LSR",0,2,8,3,5,1,0,1,1,1
"AC002128.2",0,0,2,0,0,0,0,0,0,0
"USF2",13,48,41,80,58,29,31,59,23,46
"HAMP",0,2,6,11,0,0,1,2,0,3
"MAG",52,137,113,170,74,28,18,8,9,24
"CD22",38,49,54,59,76,19,20,9,14,30
"FFAR1",0,0,0,0,1,0,0,1,0,0
"FFAR3",0,0,0,0,0,0,0,0,0,0
"GPR42",0,0,0,0,0,0,0,0,0,0
"LINC01531",0,0,2,0,0,0,0,0,0,0
"FFAR2",0,0,0,0,0,0,0,0,0,0
"KRTDAP",0,0,0,0,0,0,0,0,0,0
"DMKN",0,4,6,4,4,0,0,2,2,5
"SBSN",0,0,0,0,0,0,0,0,0,0
"GAPDHS",0,0,1,4,5,0,0,0,0,1
"TMEM147-AS1",2,3,7,8,6,1,2,7,2,6
"TMEM147",20,65,91,88,63,47,25,50,10,38
"ATP4A",0,0,2,4,1,0,1,1,0,2
"AD000090.1",0,3,6,4,3,6,0,3,1,7
"LINC01766",0,1,1,0,1,0,0,2,0,0
"HAUS5",3,12,29,23,24,11,16,39,8,27
"RBM42",8,35,17,20,23,10,6,30,2,7
"ETV2",0,0,1,2,3,0,0,1,0,0
"COX6B1",55,161,108,200,124,44,34,60,22,79
"UPK1A",0,0,2,2,2,1,0,0,0,0
"UPK1A-AS1",0,0,2,1,1,0,0,0,0,1
"ZBTB32",3,12,15,6,9,1,2,4,2,11
"KMT2B",7,32,29,59,43,26,14,37,11,19
"IGFLR1",1,4,2,3,5,3,0,1,1,1
"PSENEN",0,0,0,0,0,0,0,0,0,0
"AD000671.3",0,2,1,1,0,1,1,2,0,1
"AC002398.2",0,0,0,0,0,0,0,0,0,0
"HSPB6",2,4,3,6,3,1,1,3,2,4
"PROSER3",6,15,11,10,12,4,1,5,4,12
"AC002398.1",0,1,1,2,0,0,0,0,0,0
"ARHGAP33",14,18,26,28,28,14,4,16,8,14
"PRODH2",0,0,0,4,2,0,0,0,0,1
"NPHS1",0,9,7,7,3,1,1,7,0,5
"KIRREL2",1,0,0,0,0,0,0,1,0,0
"APLP1",124,299,234,413,293,120,85,79,93,128
"NFKBID",2,3,5,11,11,3,3,3,3,7
"HCST",1,4,5,1,3,0,0,0,0,1
"TYROBP",2,0,10,2,7,0,0,4,0,2
"LRFN3",2,7,7,26,13,5,4,7,0,5
"AF038458.3",0,0,4,3,3,0,2,4,0,4
"AF038458.2",0,0,3,4,3,5,1,5,0,0
"SDHAF1",4,20,17,17,14,5,8,10,1,11
"SYNE4",0,0,1,2,2,0,0,2,0,6
"ALKBH6",3,19,14,22,30,18,10,23,5,24
"AC002116.2",1,22,12,11,15,4,5,6,0,23
"CLIP3",10,73,89,119,88,40,23,60,18,65
"THAP8",2,8,8,20,11,2,3,9,2,17
"WDR62",1,2,12,22,10,6,2,2,0,9
"OVOL3",0,1,2,2,2,0,0,0,0,2
"POLR2I",10,18,18,23,9,22,5,12,7,8
"TBCB",34,153,118,145,107,51,44,63,25,56
"CAPNS1",9,82,43,71,49,9,18,18,16,14
"AD001527.1",0,5,1,1,3,1,0,1,0,5
"COX7A1",6,15,10,35,5,7,1,7,0,8
"ZNF565",55,406,391,337,274,38,46,80,13,274
"ZNF146",16,80,53,69,81,16,16,25,15,88
"AC012617.1",1,1,0,3,2,2,1,3,0,1
"LINC00665",7,20,28,22,47,16,12,18,7,31
"ZFP14",15,86,95,99,129,34,39,44,12,152
"ZFP82",3,39,41,55,70,17,15,27,3,66
"ZNF566",5,35,43,52,68,16,15,13,5,48
"AC092295.2",0,1,2,1,0,3,0,0,0,1
"ZNF260",7,32,31,25,55,23,7,35,6,42
"AC092295.1",1,1,3,8,5,1,0,2,0,3
"ZNF529",14,71,77,100,85,19,21,20,11,61
"ZNF529-AS1",10,49,44,71,75,14,12,26,9,45
"ZNF382",2,21,24,32,41,8,6,19,7,26
"ZNF461",4,32,21,19,24,7,7,6,7,15
"AC074138.1",0,1,0,0,0,0,0,0,0,1
"LINC01534",1,0,3,1,3,1,0,1,0,2
"ZNF567",4,24,14,27,21,10,4,8,0,24
"ZNF850",0,13,6,17,19,2,1,3,2,9
"AC020928.2",1,2,3,3,3,0,1,0,0,0
"AC020928.3",0,0,0,3,0,0,1,0,0,0
"AC020928.1",1,26,11,31,45,9,11,18,4,18
"ZNF790",6,60,38,50,55,9,13,24,7,38
"ZNF345",15,106,80,118,114,36,37,83,23,104
"ZNF829",1,14,7,7,8,0,1,5,1,11
"ZNF568",13,47,27,48,62,17,30,39,11,64
"ZNF420",6,29,58,46,65,13,18,36,6,45
"AC010632.1",1,7,16,5,18,0,5,3,2,31
"AC012309.1",2,9,4,5,5,3,6,4,2,7
"ZNF585B",3,10,4,8,7,1,4,6,4,12
"ZNF383",4,23,10,39,23,7,7,7,6,22
"LINC01535",3,14,14,20,19,5,5,6,4,23
"AC016590.1",0,4,3,2,2,0,1,2,0,2
"HKR1",17,51,45,86,85,37,35,53,25,75
"AC016590.3",0,0,1,2,2,0,0,0,1,1
"ZNF527",1,9,7,19,13,2,6,12,3,13
"ZNF569",8,41,26,27,49,7,15,22,12,35
"ZNF570",0,13,13,23,18,4,4,8,3,12
"ZNF793-AS1",3,5,7,5,6,1,5,5,1,13
"ZNF793",13,48,35,54,63,16,20,40,15,71
"AC022148.1",0,1,0,0,0,0,0,2,0,0
"ZNF540",11,89,74,168,120,38,22,56,8,64
"ZNF571",3,22,21,51,39,6,11,17,3,23
"ZFP30",7,50,53,117,82,26,23,36,24,74
"AC093227.2",0,3,7,15,15,8,4,6,2,7
"ZNF607",0,0,0,0,0,0,0,0,0,0
"AC093227.1",0,5,5,13,6,5,4,3,3,1
"ZNF573",14,51,50,47,77,15,18,40,13,50
"WDR87",0,1,0,4,0,0,1,0,0,1
"SIPA1L3",42,139,167,256,204,31,25,58,16,137
"DPF1",5,23,29,25,37,8,6,21,3,27
"SPINT2",6,32,15,24,22,3,1,1,0,7
"PPP1R14A",76,181,121,197,93,25,21,4,22,52
"AC011479.1",0,2,3,1,3,0,1,1,0,4
"C19orf33",0,0,0,0,1,0,0,0,0,0
"YIF1B",9,24,29,41,42,31,25,40,11,27
"KCNK6",0,1,2,3,8,1,0,1,0,2
"CATSPERG",8,20,37,37,29,2,10,9,8,22
"PSMD8",15,94,65,54,63,22,17,35,15,24
"GGN",0,1,0,1,2,1,0,1,0,0
"SPRED3",2,40,9,15,10,0,4,9,2,13
"FAM98C",4,23,18,14,29,9,7,12,0,15
"RASGRP4",0,0,1,2,1,1,0,1,2,1
"RYR1",19,42,65,67,108,48,35,33,18,102
"AC067969.1",0,0,1,2,8,8,0,9,2,3
"MAP4K1",0,2,8,2,5,3,0,5,1,10
"AC008649.1",0,0,1,2,1,0,1,0,1,1
"EIF3K",29,85,61,85,80,34,28,27,4,65
"ACTN4",18,96,81,231,141,56,38,79,31,52
"AC008649.2",0,1,0,2,1,0,0,0,0,0
"CAPN12",0,4,1,2,2,1,1,0,0,0
"AC022144.1",0,0,0,0,1,0,0,0,0,0
"LGALS4",2,1,3,6,8,0,1,3,0,3
"ECH1",13,57,28,32,49,29,10,32,18,25
"AC008982.1",0,1,0,0,0,1,0,0,0,2
"HNRNPL",20,70,71,180,94,35,24,67,23,70
"RINL",0,4,5,0,3,1,1,8,0,3
"AC011455.1",0,0,1,2,0,0,0,1,0,0
"SIRT2",26,103,111,136,144,60,48,68,33,116
"NFKBIB",3,18,13,31,25,5,9,14,4,15
"CCER2",3,4,4,8,4,2,0,9,2,1
"SARS2",2,4,9,13,6,4,2,2,5,4
"AC011455.2",0,1,0,0,2,0,1,0,0,1
"MRPS12",4,16,20,18,9,12,6,14,0,7
"FBXO17",4,9,27,21,30,2,4,4,4,13
"FBXO27",8,35,24,40,53,13,10,11,10,31
"ACP7",0,4,6,10,6,1,1,0,1,3
"PAK4",13,40,47,89,55,15,10,20,9,33
"AC011443.1",0,4,16,25,14,0,1,2,0,11
"LRFN1",0,6,6,14,8,6,4,8,3,6
"GMFG",5,29,32,56,40,11,6,21,5,11
"SAMD4B",35,158,95,167,140,26,39,81,31,84
"PAF1",6,18,7,32,14,4,8,20,5,10
"MED29",5,34,20,17,26,16,15,14,8,21
"ZFP36",2,105,6,54,6,27,44,99,11,44
"PLEKHG2",4,2,6,8,4,2,0,2,0,4
"RPS16",47,127,139,120,202,78,45,81,34,59
"SUPT5H",17,54,83,139,72,32,33,70,25,91
"TIMM50",5,28,27,24,27,4,8,14,6,15
"DLL3",2,5,4,5,4,0,2,1,1,2
"SELENOV",1,6,1,0,0,2,0,0,0,0
"EID2B",3,20,11,13,19,6,9,9,3,15
"EID2",2,20,14,22,18,2,1,3,5,4
"AC005515.2",0,0,0,0,0,0,0,0,0,0
"CLC",0,1,0,1,1,0,2,7,3,2
"AC005393.1",1,0,0,3,1,1,2,2,0,0
"DYRK1B",4,14,18,30,24,4,2,7,3,14
"FBL",2,10,16,19,19,3,5,7,1,4
"FCGBP",1,4,6,7,22,2,2,7,1,7
"PSMC4",10,43,41,39,26,14,12,34,2,22
"ZNF546",2,22,21,55,40,15,10,14,10,38
"ZNF780B",31,91,77,150,159,36,44,90,39,95
"ZNF780A",0,18,6,22,5,4,2,4,3,8
"AC005614.1",0,0,0,0,1,0,0,0,0,0
"MAP3K10",8,18,28,53,42,4,11,15,6,22
"TTC9B",14,29,27,75,23,4,8,8,1,8
"CNTD2",0,0,1,1,2,1,2,3,1,1
"AKT2",31,82,91,165,160,45,48,62,33,82
"C19orf47",1,6,3,16,11,1,3,3,2,11
"PLD3",82,154,204,261,197,59,44,90,38,118
"HIPK4",1,4,14,8,4,0,2,1,0,3
"PRX",0,1,2,2,1,0,0,0,1,1
"SERTAD1",2,9,12,10,9,2,8,13,2,12
"AC010271.2",1,1,1,3,1,0,1,0,0,2
"SERTAD3",1,5,3,6,6,2,1,7,2,3
"BLVRB",6,73,51,43,42,16,12,19,7,35
"SPTBN4",50,162,260,337,347,111,45,139,59,169
"SHKBP1",1,4,11,23,10,8,7,16,2,13
"LTBP4",2,6,11,10,13,3,0,5,2,15
"NUMBL",7,42,40,48,44,24,21,46,11,26
"COQ8B",7,33,29,32,31,11,14,16,11,43
"ITPKC",3,100,19,37,17,6,9,18,4,39
"C19orf54",5,11,9,12,15,4,4,5,3,18
"SNRPA",3,19,16,38,24,2,5,11,4,16
"RAB4B-EGLN2",0,2,0,3,1,1,0,1,0,0
"AC008537.4",1,1,10,14,8,2,2,10,0,10
"AC008537.1",17,63,46,75,60,6,7,13,13,38
"AC008537.2",0,1,3,5,1,0,0,0,0,1
"CYP2A6",0,0,0,0,0,0,0,1,0,0
"CYP2A7",0,0,1,1,0,0,0,0,0,0
"CYP2B6",0,0,0,0,1,0,1,0,0,1
"CYP2A13",0,0,0,0,0,0,0,0,0,0
"CYP2F1",0,0,0,0,1,0,0,1,1,1
"CYP2S1",0,3,1,2,0,0,0,1,0,2
"AXL",21,101,99,110,105,51,51,76,22,158
"HNRNPUL1",13,64,35,77,75,29,26,39,15,45
"TGFB1",4,85,89,180,58,10,14,48,5,59
"CCDC97",4,13,12,28,25,9,5,8,2,14
"AC011462.1",2,3,11,11,5,1,0,0,0,7
"B9D2",3,2,9,5,6,0,2,3,0,2
"EXOSC5",3,21,14,9,7,5,4,4,0,11
"BCKDHA",0,0,0,1,0,2,0,0,0,1
"B3GNT8",0,1,0,0,0,0,0,0,0,0
"DMAC2",7,26,25,28,24,9,10,18,9,15
"PCAT19",0,1,0,0,0,0,0,2,1,0
"LINC01480",0,0,0,3,5,0,0,0,1,0
"AC243960.1",0,0,0,0,0,0,0,0,0,0
"CEACAM21",0,0,0,2,1,0,0,0,0,0
"CEACAM4",0,0,0,0,0,0,0,0,0,1
"CEACAM7",0,0,0,0,0,0,0,0,1,0
"AC243967.1",0,4,1,1,4,1,2,1,0,0
"CEACAM6",0,1,1,0,0,1,1,0,1,0
"AC243967.2",0,1,0,3,1,4,0,1,2,3
"DMRTC2",0,0,1,0,0,0,0,0,0,0
"RPS19",35,142,135,134,291,65,62,131,39,86
"CD79A",0,0,0,0,6,0,0,0,0,0
"ARHGEF1",19,35,35,41,48,25,17,23,24,43
"AC010616.1",0,0,1,1,0,0,0,0,0,0
"RABAC1",43,122,135,221,125,75,49,63,23,38
"AC010616.2",0,5,1,3,1,1,1,1,1,0
"GRIK5",6,42,54,65,54,12,11,23,14,37
"ZNF574",2,10,7,9,18,4,4,9,1,8
"POU2F2",2,9,23,28,29,3,2,2,1,7
"AC010247.2",0,0,0,0,0,0,0,0,0,0
"DEDD2",3,16,13,27,17,7,2,11,2,3
"ZNF526",1,5,5,8,7,1,1,3,2,4
"GSK3A",7,19,19,41,26,14,5,15,6,8
"AC006486.1",1,0,0,6,4,4,1,3,3,1
"CIC",15,57,51,95,47,15,22,35,17,27
"PAFAH1B3",3,18,22,38,14,17,5,18,8,14
"PRR19",0,1,2,1,0,0,0,1,0,0
"TMEM145",11,31,39,59,53,22,19,28,16,46
"MEGF8",10,43,47,60,50,12,11,29,7,22
"CNFN",0,0,2,0,0,0,1,0,0,0
"LIPE-AS1",20,116,116,131,126,25,30,44,16,147
"LIPE",10,56,50,83,42,9,7,8,6,27
"CXCL17",2,4,5,9,5,3,0,2,1,14
"CEACAM1",1,18,27,11,15,2,4,15,0,23
"PSG3",0,1,0,0,0,0,0,0,0,1
"PSG8",2,7,8,7,10,4,2,7,2,10
"PSG8-AS1",3,6,9,6,20,6,0,1,2,4
"PSG1",0,2,1,0,0,0,0,0,0,0
"PSG6",0,1,1,0,1,0,0,0,0,0
"PSG7",0,1,0,0,0,0,1,1,0,1
"AC004784.1",5,21,13,25,16,2,3,5,2,8
"PSG11",0,1,2,3,0,0,0,0,0,1
"PSG2",0,2,1,0,0,0,0,1,1,0
"PSG5",1,0,0,0,0,0,0,0,0,0
"PSG4",0,5,6,18,4,0,0,0,0,1
"PSG9",0,1,1,2,6,1,1,4,1,4
"CD177",0,0,0,0,0,0,0,0,0,0
"AC005392.3",0,0,0,0,1,0,0,0,0,1
"TEX101",0,1,1,0,0,1,2,1,0,1
"LYPD3",1,0,1,0,0,0,1,0,0,1
"PHLDB3",0,13,15,15,23,7,8,18,3,22
"ETHE1",2,14,13,30,16,4,3,11,3,17
"ZNF575",1,8,1,7,5,2,1,2,2,3
"XRCC1",3,7,16,13,14,15,8,10,2,10
"L34079.1",0,0,2,6,2,1,0,1,0,2
"PINLYP",7,5,22,12,23,0,4,10,2,27
"IRGQ",0,0,0,0,0,0,0,0,0,0
"SRRM5",0,10,2,3,6,3,1,3,0,4
"ZNF428",24,119,87,136,71,20,26,51,11,75
"CADM4",22,98,79,102,76,38,30,51,23,47
"PLAUR",2,7,17,14,17,3,4,14,4,15
"SMG9",13,51,54,77,58,26,17,51,13,58
"KCNN4",1,1,2,1,6,0,2,3,0,0
"AC115522.1",0,1,1,0,1,1,0,1,0,1
"LYPD5",3,6,17,22,17,7,3,6,1,19
"ZNF283",3,25,21,32,46,9,10,16,5,44
"ZNF404",11,10,26,52,37,14,20,17,9,25
"AC006213.2",0,3,7,4,5,0,0,1,0,5
"AC006213.3",4,11,9,11,28,12,18,30,11,31
"ZNF45",2,25,9,16,26,3,5,9,0,17
"ZNF221",1,5,3,2,1,0,1,2,0,6
"ZNF155",12,33,34,74,80,49,39,88,18,62
"AC006213.1",0,0,1,2,2,0,0,1,2,0
"ZNF230",0,3,7,7,10,3,4,9,1,7
"AC067968.1",1,6,6,2,9,1,2,6,1,4
"ZNF284",0,1,3,3,8,0,4,3,3,1
"ZNF224",10,35,25,35,50,19,14,23,16,46
"AC021092.1",5,4,8,4,5,4,3,7,3,2
"ZNF225",0,6,11,6,6,6,2,7,0,7
"ZNF234",8,11,18,9,28,5,9,23,4,17
"ZNF226",12,55,48,31,52,18,22,28,10,46
"ZNF227",3,32,21,27,30,13,12,13,11,25
"ZNF235",14,63,82,126,127,20,37,58,9,116
"ZNF233",1,4,7,9,7,1,6,3,1,18
"ZNF112",2,10,4,7,15,6,2,5,4,7
"AC245748.1",0,5,3,10,4,1,2,4,3,4
"ZNF229",3,17,12,11,17,4,7,14,2,15
"ZNF180",2,7,10,12,10,2,1,7,2,9
"CEACAM20",0,0,0,2,0,0,0,1,0,0
"IGSF23",0,1,9,84,23,0,1,0,1,4
"AC243964.2",5,30,39,58,27,6,6,17,2,26
"PVR",0,4,4,8,3,0,1,1,0,2
"CEACAM19",3,7,9,44,26,8,8,7,0,11
"CEACAM16",0,0,0,0,1,0,0,0,0,0
"BCL3",0,5,6,17,8,1,2,4,5,1
"CBLC",0,1,0,1,2,1,0,0,0,2
"BCAM",3,15,13,41,28,33,30,27,20,16
"NECTIN2",14,71,41,98,58,31,22,31,18,50
"AC011481.2",0,4,5,5,3,1,0,1,1,2
"TOMM40",8,39,34,27,34,17,10,31,7,38
"APOE",285,3083,2045,1845,2238,987,712,1294,242,1515
"APOC1",2,11,8,2,20,2,4,4,0,7
"AC011481.1",1,2,10,0,3,2,1,3,1,4
"CLPTM1",31,112,112,159,123,49,29,70,19,71
"RELB",1,21,12,13,14,4,8,7,2,15
"CLASRP",26,106,90,127,122,50,23,91,42,85
"ZNF296",2,2,2,7,5,0,0,0,1,2
"GEMIN7-AS1",8,14,27,44,34,6,3,4,2,40
"MARK4",23,70,82,114,104,19,33,36,15,82
"NKPD1",2,1,1,5,2,1,0,0,0,1
"TRAPPC6A",10,23,34,25,24,4,3,9,6,16
"EXOC3L2",0,4,1,2,5,0,1,2,1,2
"CKM",0,0,1,1,4,1,1,3,0,5
"KLC3",0,1,0,0,0,0,0,1,1,1
"ERCC2",7,27,25,26,22,5,10,23,6,26
"PPP1R13L",4,9,13,31,20,6,15,18,5,16
"CD3EAP",0,5,7,6,11,1,1,3,1,2
"ERCC1",8,28,32,39,24,13,6,29,10,24
"FOSB",0,4,2,1,2,0,0,0,0,0
"RTN2",3,9,20,23,20,9,5,7,6,10
"PPM1N",0,1,5,4,2,0,0,0,1,6
"VASP",2,8,12,31,18,8,5,8,4,20
"OPA3",5,37,27,52,30,4,4,16,1,22
"EML2",28,66,56,147,91,23,19,27,8,42
"GIPR",4,4,8,29,9,3,0,1,0,2
"SNRPD2",34,118,97,116,83,34,24,30,12,41
"QPCTL",2,6,13,9,14,1,1,3,2,11
"FBXO46",5,14,10,30,21,9,9,7,4,8
"BHMG1",0,1,1,2,2,0,0,2,1,4
"SIX5",6,7,9,15,17,4,7,9,11,9
"DM1-AS",3,2,8,8,11,2,2,6,3,9
"DMPK",14,60,44,64,69,25,27,43,18,77
"AC011530.1",0,0,1,0,0,0,0,0,0,0
"DMWD",0,1,3,2,1,0,1,2,0,0
"RSPH6A",1,2,1,3,2,1,0,2,1,1
"SYMPK",36,94,236,411,198,50,57,114,39,175
"AC092301.1",0,0,3,1,2,0,0,0,1,0
"FOXA3",0,0,0,1,0,0,0,0,1,0
"IRF2BP1",1,8,5,13,11,5,4,13,3,5
"MYPOP",4,12,14,34,21,3,4,18,2,15
"NANOS2",0,0,0,0,0,0,0,0,0,0
"NOVA2",4,41,33,51,48,9,12,18,2,16
"CCDC61",2,4,6,3,9,2,1,2,4,5
"PGLYRP1",1,4,7,4,2,0,0,0,0,2
"AC007785.3",0,3,1,2,2,0,1,0,1,1
"IGFL4",8,11,18,35,29,5,4,12,4,10
"AC007785.1",5,30,36,19,33,5,5,15,5,23
"AC006262.2",0,2,3,3,3,0,0,1,1,2
"IGFL2-AS1",0,5,1,3,4,0,0,1,0,1
"IGFL1",0,0,0,0,0,0,0,0,0,0
"HIF3A",103,839,831,1685,1181,262,405,244,297,1826
"AC007193.2",10,97,105,266,90,10,20,14,5,175
"PPP5C",12,59,51,91,60,40,11,34,27,68
"AC007193.1",0,0,3,0,4,0,1,0,0,0
"AC007193.3",1,1,2,1,1,2,0,3,0,0
"CCDC8",0,11,2,7,5,3,4,7,2,9
"PNMA8C",5,11,9,21,4,5,2,3,1,6
"PNMA8A",7,25,21,50,26,6,10,11,1,8
"PPP5D1",11,30,26,34,37,9,10,13,6,34
"AC011484.1",0,0,0,0,0,0,0,0,0,0
"CALM3",81,219,171,197,116,39,46,59,12,42
"AC093503.2",1,2,0,1,1,0,1,1,0,0
"PTGIR",0,0,1,1,0,0,0,1,0,1
"GNG8",0,1,1,3,0,0,0,1,0,0
"DACT3",7,30,41,56,39,13,5,15,5,29
"DACT3-AS1",1,10,7,10,11,0,1,2,1,4
"PRKD2",5,14,33,35,28,3,4,13,7,19
"STRN4",6,30,28,62,28,13,12,23,12,10
"FKRP",1,26,22,54,33,4,7,5,2,20
"SLC1A5",0,2,0,3,3,2,0,1,0,2
"AP2S1",23,91,51,83,60,28,14,22,10,10
"ARHGAP35",36,131,113,282,199,56,69,103,35,129
"NPAS1",5,4,5,18,8,2,3,5,0,4
"TMEM160",34,117,87,108,70,17,18,13,5,17
"ZC3H4",6,25,18,70,26,12,11,17,8,20
"SAE1",9,39,47,94,66,10,13,32,12,39
"BBC3",4,10,21,11,10,2,6,10,5,10
"CCDC9",2,13,5,8,4,0,1,1,0,5
"INAFM1",9,15,18,48,16,6,6,5,9,3
"C5AR1",1,2,3,7,9,5,3,5,2,7
"C5AR2",0,0,2,0,3,0,0,0,0,2
"DHX34",16,30,42,80,66,15,17,24,6,58
"MEIS3",4,22,26,19,13,6,3,6,2,4
"SLC8A2",5,39,41,52,46,7,7,8,1,5
"KPTN",5,8,20,37,29,30,16,32,12,10
"NAPA-AS1",5,6,7,11,9,3,2,6,1,17
"NAPA",19,74,56,74,66,24,17,43,14,51
"ZNF541",0,1,4,1,4,0,0,3,1,0
"AC010519.1",0,0,0,1,1,0,1,2,0,3
"AC010331.1",3,7,7,10,8,5,8,11,2,13
"BICRA-AS1",0,11,9,29,13,2,0,5,0,5
"EHD2",6,17,17,30,14,13,4,17,14,12
"NOP53",0,4,6,12,9,0,2,4,3,12
"NOP53-AS1",0,1,3,17,11,4,0,6,1,13
"SELENOW",132,362,330,344,376,181,165,291,74,240
"TPRX1",0,2,1,3,0,0,0,1,0,1
"CRX",0,1,2,2,2,1,0,0,0,4
"LINC01595",0,0,0,0,0,0,1,0,0,0
"SULT2A1",0,3,2,3,1,2,0,0,0,0
"BSPH1",0,0,1,2,5,0,0,1,0,1
"ELSPBP1",0,0,5,2,4,2,0,1,0,2
"CABP5",0,0,0,1,2,0,0,0,0,1
"PLA2G4C",35,134,199,149,80,16,19,42,8,103
"PLA2G4C-AS1",1,0,3,4,4,0,0,0,0,0
"LIG1",6,13,17,20,18,12,7,20,4,20
"AC011466.3",0,4,4,3,5,4,2,5,0,13
"AC011466.2",0,0,0,0,0,0,0,0,0,0
"ZSWIM9",5,16,18,32,28,8,5,11,3,22
"CARD8",9,23,41,61,66,15,14,28,13,51
"AC011466.1",0,2,5,4,5,3,0,6,0,3
"CARD8-AS1",0,0,3,1,2,0,0,0,0,1
"AC008392.1",0,0,1,2,0,1,0,1,0,2
"ZNF114",1,9,3,4,4,1,0,0,0,3
"CCDC114",1,0,2,2,2,1,3,3,0,3
"EMP3",4,18,46,79,38,32,13,26,11,29
"TMEM143",9,18,41,31,34,12,6,12,3,39
"SYNGR4",0,2,1,0,2,0,0,0,1,2
"KDELR1",10,52,36,67,52,21,23,35,22,25
"GRIN2D",2,22,16,21,10,2,5,7,3,5
"GRWD1",0,9,9,13,4,3,1,3,3,3
"KCNJ14",3,5,7,15,6,2,1,6,2,6
"AC008403.2",0,0,0,0,0,0,0,0,0,0
"AC008403.1",1,2,3,7,2,2,0,3,1,0
"CYTH2",13,29,28,45,30,12,15,26,9,26
"LMTK3",7,29,44,66,46,7,6,18,7,22
"AC008403.3",0,3,14,27,11,9,4,7,1,16
"SULT2B1",0,2,0,1,2,4,1,1,0,2
"FAM83E",1,1,1,1,1,1,0,0,1,2
"RPL18",24,92,68,79,114,72,27,82,34,46
"AC022154.1",2,3,9,7,14,4,2,5,1,5
"SPHK2",4,40,51,76,63,20,26,30,9,64
"DBP",6,24,17,25,16,16,9,14,5,30
"CA11",8,50,91,115,82,15,16,26,17,31
"NTN5",3,8,7,3,4,2,0,5,2,3
"FUT2",0,5,6,13,6,0,0,1,0,10
"MAMSTR",1,13,1,8,10,1,3,3,1,11
"RASIP1",2,3,6,7,4,2,2,2,0,1
"IZUMO1",0,1,0,1,0,1,0,0,0,1
"FUT1",1,0,2,2,3,1,0,2,2,1
"BCAT2",28,114,137,149,203,72,53,97,63,227
"HSD17B14",21,49,66,78,59,8,14,15,5,58
"PLEKHA4",4,19,24,22,19,8,4,9,3,16
"PPP1R15A",1,6,4,18,15,3,3,6,2,4
"TULP2",0,1,1,1,0,1,0,2,0,1
"NUCB1",15,83,43,76,46,29,22,52,10,36
"NUCB1-AS1",1,23,9,20,10,0,0,2,1,4
"DHDH",0,2,1,4,2,3,0,4,1,1
"BAX",9,13,21,40,39,16,5,21,12,13
"FTL",209,1523,1024,1145,1929,958,1039,2971,458,1108
"GYS1",18,43,46,61,50,17,26,27,21,54
"RUVBL2",4,20,15,30,20,3,8,15,8,15
"AC008687.1",1,0,0,1,0,2,0,0,0,0
"KCNA7",0,1,1,2,0,0,0,1,0,0
"SNRNP70",137,196,379,573,406,156,119,232,121,248
"LIN7B",11,29,46,65,65,25,25,61,2,41
"C19orf73",1,4,11,8,6,3,2,2,0,8
"PPFIA3",3,32,51,78,45,15,12,16,9,31
"HRC",0,1,1,1,0,0,0,0,0,1
"TRPM4",2,36,11,31,24,10,17,19,3,30
"SLC6A16",2,8,9,29,51,13,7,27,7,24
"AC011450.1",0,1,0,0,0,0,0,1,0,0
"CD37",0,0,2,2,24,1,1,1,0,2
"TEAD2",0,3,3,3,11,2,1,2,2,4
"AC010524.1",0,1,5,18,22,1,0,5,0,6
"DKKL1",0,1,3,1,2,1,0,1,0,3
"AC010643.1",0,2,2,2,0,1,1,1,0,0
"CCDC155",0,0,0,1,2,0,1,2,0,1
"PTH2",0,0,0,0,1,0,0,0,0,0
"GFY",0,0,0,0,0,0,0,0,0,0
"SLC17A7",18,129,101,295,153,37,25,33,14,23
"PIH1D1",6,48,32,37,46,6,20,30,3,24
"ALDH16A1",2,1,1,1,3,2,1,3,0,4
"AC010619.1",0,2,1,3,3,2,0,1,1,4
"RPL13A",34,189,139,144,243,100,78,144,46,90
"RPS11",58,127,177,184,189,62,41,74,34,48
"FCGRT",6,21,34,30,46,15,25,29,20,27
"RCN3",1,3,6,12,11,10,0,7,4,7
"NOSIP",14,35,52,65,50,25,18,31,13,44
"PRRG2",0,1,1,2,2,1,1,1,0,2
"PRR12",11,19,33,70,36,12,10,12,4,29
"RRAS",0,1,5,1,8,4,1,2,3,1
"SCAF1",3,26,31,55,29,16,11,27,11,14
"IRF3",17,41,43,81,43,19,14,31,9,27
"BCL2L12",2,4,9,4,7,1,1,5,1,5
"PRMT1",14,49,45,58,39,20,15,31,12,32
"ADM5",1,0,0,5,3,0,1,0,1,0
"CPT1C",13,36,59,88,54,9,16,36,14,39
"TSKS",0,2,3,2,2,1,0,0,0,1
"AP2A1",18,70,44,69,57,17,15,29,15,41
"FUZ",4,9,27,24,16,25,10,14,11,23
"AC006942.1",0,1,3,2,0,1,0,0,0,0
"MED25",6,28,21,34,33,29,16,25,22,28
"PTOV1-AS1",0,11,14,9,9,3,3,0,2,8
"PTOV1",16,55,54,96,78,100,28,93,55,55
"AC018766.1",0,0,0,0,0,0,0,0,0,0
"PTOV1-AS2",0,1,1,0,2,0,0,1,0,0
"PNKP",11,52,43,47,37,23,20,24,8,38
"TBC1D17",25,49,68,78,62,30,28,47,23,33
"IL4I1",2,2,1,3,3,0,0,0,0,0
"AC011452.1",0,0,2,1,1,1,1,0,0,2
"ATF5",1,8,5,10,6,0,2,5,0,2
"VRK3",8,33,25,40,37,13,11,15,3,33
"ZNF473",1,3,9,8,6,2,2,5,1,2
"AC010624.3",0,0,0,0,1,0,0,0,0,0
"AC010624.2",2,4,2,4,1,0,2,3,2,1
"IZUMO2",0,1,0,0,1,0,1,0,0,0
"MYH14",18,69,76,105,90,28,22,51,14,89
"AC008655.1",0,2,0,0,1,1,1,1,0,0
"KCNC3",4,6,15,20,20,4,1,11,2,10
"NR1H2",11,35,25,58,39,13,12,42,5,39
"NAPSA",1,2,14,9,12,2,4,6,3,4
"AC008655.2",0,0,3,2,2,0,1,1,0,4
"POLD1",0,1,2,4,2,1,1,1,1,1
"SPIB",0,0,0,0,0,0,0,0,0,1
"MYBPC2",0,1,1,2,2,1,1,0,0,1
"FAM71E1",0,5,1,1,1,2,2,6,2,4
"EMC10",20,154,124,122,100,29,41,40,13,69
"AC020909.3",0,0,0,0,3,0,0,0,0,0
"AC020909.2",8,19,6,14,7,2,2,6,0,5
"JOSD2",12,36,52,39,33,23,19,28,12,15
"ASPDH",5,10,24,23,7,5,5,5,5,18
"LRRC4B",33,80,93,181,130,27,17,48,11,83
"SYT3",2,3,3,12,7,2,1,1,0,2
"C19orf81",7,18,18,33,17,4,3,4,0,11
"SHANK1",2,9,16,28,19,6,7,7,5,20
"CLEC11A",14,31,33,49,15,11,15,27,7,35
"AC010325.1",0,0,0,1,0,0,0,0,0,4
"AC010325.2",0,0,0,0,0,0,0,0,0,0
"C19orf48",0,13,5,7,6,2,3,4,3,0
"LINC01869",0,1,0,0,0,0,0,2,0,1
"KLK15",0,0,0,0,0,0,0,0,0,1
"AC011523.1",0,0,0,0,0,0,0,0,0,0
"KLK3",0,1,1,0,1,0,0,0,0,1
"KLK2",0,0,1,0,0,0,0,0,0,1
"KLK4",0,0,0,0,0,0,0,0,0,0
"KLK5",0,0,0,0,0,0,0,0,0,0
"AC011483.2",1,2,1,2,1,0,0,1,0,0
"KLK6",16,43,35,33,20,5,5,4,6,13
"AC011483.1",0,1,3,1,2,2,0,0,2,3
"KLK7",0,0,1,1,0,0,0,0,0,0
"KLK10",0,4,1,0,1,0,0,0,0,0
"KLK12",0,0,0,0,0,0,0,0,0,1
"AC011473.3",0,0,1,0,0,0,0,0,0,0
"AC011473.1",0,0,0,1,1,0,0,1,0,0
"KLK14",0,0,0,0,1,3,0,3,0,3
"CTU1",3,2,4,8,5,6,1,5,1,6
"SIGLEC9",0,0,1,4,0,1,1,1,0,0
"SIGLEC7",0,0,0,0,1,0,0,0,0,0
"AC063977.6",0,0,0,0,2,0,0,2,0,1
"CD33",0,0,0,0,2,0,0,0,0,0
"SIGLECL1",0,0,0,0,0,0,0,0,0,0
"AC063977.3",0,0,2,3,2,0,0,3,0,2
"LINC01872",0,0,0,0,0,0,0,0,0,0
"IGLON5",1,6,12,14,4,2,0,5,4,2
"VSIG10L",2,1,4,3,1,1,2,2,0,1
"ETFB",24,79,77,61,68,31,38,30,17,41
"AC008750.4",0,1,1,1,2,0,0,0,0,1
"AC008750.8",0,0,0,1,0,0,0,0,0,0
"NKG7",2,4,1,1,2,0,1,0,0,0
"LIM2",0,1,0,0,0,0,0,0,0,0
"AC008750.7",0,1,0,0,0,0,0,0,0,0
"SIGLEC10",0,0,1,0,4,1,0,0,0,1
"SIGLEC8",0,0,1,4,2,0,0,0,0,1
"ZNF175",6,21,16,25,25,10,2,10,6,17
"AC018755.1",0,0,0,0,0,0,0,0,0,0
"SPACA6P-AS",1,2,1,4,5,3,0,6,0,7
"SPACA6",14,45,72,165,85,18,9,44,8,72
"HAS1",0,0,1,1,1,0,1,0,0,0
"FPR1",0,1,2,2,1,0,0,0,0,0
"FPR2",0,1,0,0,0,0,0,0,0,1
"FPR3",0,0,1,0,0,0,0,0,0,0
"ZNF577",18,53,56,86,112,30,21,47,18,53
"ZNF649-AS1",0,3,4,1,3,2,0,3,0,3
"ZNF649",0,8,3,6,3,1,0,1,0,7
"ZNF613",1,2,4,4,8,4,5,2,0,5
"ZNF350-AS1",13,99,21,251,144,33,60,18,21,35
"ZNF350",7,27,18,20,19,8,5,6,1,23
"ZNF615",3,18,16,32,37,8,10,21,2,24
"ZNF614",1,11,7,20,13,5,5,9,6,10
"ZNF432",8,36,33,74,51,18,7,24,12,39
"AC011468.5",1,2,1,3,5,0,1,2,1,4
"ZNF841",0,0,0,0,0,1,0,0,0,1
"ZNF616",0,7,10,13,12,3,1,6,3,15
"AC011468.3",5,13,13,11,22,11,8,17,5,6
"ZNF836",4,11,14,17,6,2,5,4,1,17
"AC010320.1",0,0,2,0,1,0,0,0,0,2
"PPP2R1A",12,101,93,215,117,40,30,55,27,38
"AC010320.2",0,8,5,5,3,0,0,2,1,5
"ZNF766",9,23,32,37,44,7,11,17,3,42
"AC010320.3",3,5,4,6,7,1,1,2,0,3
"ZNF480",3,26,18,29,18,8,6,18,1,20
"AC010320.4",0,11,19,19,10,2,1,14,2,3
"ZNF610",0,19,9,7,13,4,5,3,3,8
"ZNF880",2,20,7,10,11,7,7,13,2,20
"ZNF528",8,48,24,34,65,17,15,31,7,24
"ZNF534",3,12,8,6,9,3,3,10,0,10
"ZNF578",1,12,2,9,12,2,1,7,2,5
"ZNF808",4,9,12,8,13,1,6,9,0,13
"ZNF701",4,20,19,40,45,9,6,17,4,27
"AC022150.1",0,1,0,3,2,0,0,2,0,0
"ZNF83",34,87,124,200,151,60,70,98,31,186
"ZNF611",13,69,50,81,75,13,12,23,9,54
"ZNF600",3,4,9,15,6,2,4,4,0,3
"ZNF28",4,11,10,9,16,6,3,6,4,7
"ZNF320",1,0,0,5,4,1,0,1,1,4
"AC010487.3",0,2,2,2,8,0,0,3,0,9
"AC010487.2",0,0,0,0,0,0,0,0,0,0
"ERVV-2",0,0,0,0,1,0,0,1,0,0
"ZNF160",15,67,59,77,69,20,27,36,10,88
"ZNF415",9,18,11,16,18,8,8,11,2,16
"ZNF347",7,21,25,45,45,15,16,19,3,28
"ZNF665",3,39,27,50,31,15,17,32,4,58
"AC092070.1",0,1,0,0,0,0,1,0,0,1
"ZNF677",0,20,11,21,26,8,10,22,7,27
"AC092070.3",0,1,1,0,0,0,0,0,0,0
"VN1R2",0,0,0,0,0,0,1,1,0,0
"AC092070.4",1,3,3,9,4,3,2,0,3,2
"ZNF845",1,2,5,2,9,4,2,2,1,9
"ZNF525",2,7,13,6,23,0,2,2,0,9
"ZNF765",3,9,27,30,42,6,7,5,6,9
"ZNF761",4,19,21,19,52,6,10,15,2,30
"ZNF813",1,3,2,4,13,1,1,3,0,10
"ZNF331",12,50,63,66,74,19,13,33,14,41
"DPRX",0,2,0,1,2,0,0,1,0,2
"NLRP12",1,1,3,5,0,1,1,3,2,1
"AC008440.1",1,3,2,3,3,0,0,1,1,1
"MYADM",3,10,10,15,8,4,6,7,3,5
"AC008440.2",0,9,3,6,3,0,3,0,0,2
"PRKCG",12,19,22,31,18,5,4,2,3,8
"CACNG7",13,40,42,93,75,20,14,33,17,57
"CACNG8",15,43,69,71,51,5,7,14,4,7
"CACNG6",0,3,2,2,3,0,0,1,0,0
"VSTM1",0,1,1,0,3,2,0,2,0,1
"TARM1",0,1,2,0,0,0,1,0,0,2
"OSCAR",1,2,6,6,3,0,0,1,0,1
"NDUFA3",37,66,60,88,55,49,28,65,16,29
"TFPT",7,18,19,20,12,2,9,12,2,14
"PRPF31",12,47,63,97,64,42,22,42,22,52
"AC245052.4",0,1,0,0,0,0,0,0,0,0
"CNOT3",9,11,21,39,20,12,7,15,6,18
"LENG1",8,13,10,14,13,1,4,8,3,8
"TMC4",2,7,7,8,7,1,2,5,1,2
"MBOAT7",20,35,58,87,56,23,13,43,10,33
"TSEN34",3,26,9,14,19,16,8,12,2,13
"RPS9",61,199,226,166,273,71,51,82,36,106
"LILRB3",0,2,0,1,1,0,0,0,0,0
"LILRA6",0,0,0,1,1,0,0,0,0,0
"LILRB5",0,0,0,0,0,0,0,0,0,0
"LILRB2",0,0,0,0,0,0,0,0,0,0
"LILRA5",0,0,0,2,0,1,0,0,0,0
"LILRA4",0,0,0,0,2,1,0,0,0,0
"LAIR1",1,3,3,4,7,0,3,4,0,1
"TTYH1",161,684,630,737,673,239,221,311,139,555
"AC245884.1",2,6,7,10,5,0,0,2,1,7
"AC245884.10",0,1,0,1,0,0,1,0,0,1
"AC245884.8",0,1,0,0,2,1,0,1,1,0
"LENG8-AS1",1,18,17,14,9,3,1,5,1,18
"LENG8",46,81,110,270,114,59,37,100,49,76
"LENG9",0,0,2,1,2,0,1,4,0,0
"CDC42EP5",0,1,0,3,0,0,0,2,1,0
"LAIR2",0,2,2,2,1,1,0,0,0,0
"KIR3DX1",0,0,0,0,0,0,0,0,0,1
"LILRA2",0,0,0,0,1,0,0,0,0,0
"LILRA1",0,0,0,0,0,0,0,0,0,0
"LILRB1",1,0,1,4,4,0,0,1,0,0
"LILRB4",0,0,1,1,2,1,1,1,0,0
"FCAR",0,2,0,1,1,0,1,0,1,1
"AC245128.3",0,0,0,0,0,0,0,0,0,0
"NCR1",0,0,1,1,1,0,0,0,0,0
"NLRP7",0,4,1,7,5,2,0,3,0,3
"NLRP2",1,2,3,2,2,1,0,0,0,4
"AC011476.3",2,13,20,20,22,6,5,6,1,20
"GP6",2,7,8,13,5,5,2,2,2,10
"RDH13",4,15,18,21,23,7,6,7,4,18
"EPS8L1",0,0,0,0,0,0,0,1,0,0
"PPP1R12C",14,30,43,105,40,25,6,25,16,29
"TNNT1",2,6,6,4,11,8,5,20,7,9
"TNNI3",0,0,0,0,0,0,0,0,0,0
"DNAAF3",0,0,1,1,2,0,1,0,0,4
"AC010327.3",0,2,1,0,1,0,0,0,0,2
"SYT5",6,28,18,32,16,1,5,1,3,7
"PTPRH",1,0,0,3,2,0,0,1,0,0
"AC010327.4",0,0,0,0,3,0,0,0,1,0
"TMEM86B",4,10,9,14,8,3,2,3,1,4
"PPP6R1",9,28,33,58,44,16,14,45,10,29
"HSPBP1",3,22,18,31,25,11,6,14,11,9
"BRSK1",14,53,33,91,50,16,13,26,19,26
"AC020922.2",0,0,0,1,0,0,0,1,0,1
"TMEM150B",0,0,1,1,2,0,4,1,0,0
"AC020922.4",0,0,0,1,0,1,0,0,0,0
"KMT5C",9,39,43,59,43,10,8,12,4,37
"COX6B2",0,0,1,0,0,0,0,1,0,0
"IL11",0,0,0,1,1,0,0,0,1,2
"TMEM238",0,1,1,2,0,0,0,0,1,0
"RPL28",65,159,147,172,206,80,49,102,56,57
"UBE2S",3,9,16,27,8,6,5,6,1,6
"SHISA7",4,10,11,26,18,2,5,5,0,3
"ISOC2",10,46,35,40,32,20,20,17,7,16
"ZNF628",0,2,7,9,2,1,1,2,2,1
"NAT14",10,23,31,88,42,20,9,21,12,30
"SSC5D",0,4,22,8,10,4,2,7,5,8
"SBK2",0,0,0,1,0,0,0,0,0,0
"ZNF579",1,6,7,20,13,5,3,8,3,7
"FIZ1",1,7,6,21,5,3,2,4,2,2
"ZNF524",3,8,13,21,19,6,5,11,3,9
"ZNF865",0,13,10,26,14,6,2,15,4,5
"AC008735.4",0,2,2,1,1,1,0,0,0,1
"ZNF784",1,11,3,7,6,0,0,1,3,5
"ZNF580",0,0,0,0,0,0,0,0,0,0
"CCDC106",4,28,18,38,14,11,12,29,6,24
"U2AF2",9,24,41,59,41,18,11,34,19,33
"AC008735.2",0,3,5,19,15,0,0,2,0,0
"EPN1",6,41,32,84,36,11,12,25,8,7
"NLRP9",0,1,1,0,0,0,1,0,0,1
"NLRP11",0,1,0,0,1,0,0,0,0,0
"NLRP4",0,0,0,0,1,0,0,1,0,2
"NLRP13",0,0,0,1,2,0,0,1,0,0
"NLRP8",0,2,2,1,3,1,0,2,0,3
"NLRP5",0,4,3,5,3,0,0,0,1,1
"LINC01864",0,5,2,4,0,0,1,0,0,0
"ZNF787",4,27,12,43,19,7,6,13,5,13
"ZNF444",28,42,63,73,97,24,21,46,16,47
"GALP",0,0,5,2,3,0,0,0,0,4
"ZSCAN5B",0,0,1,0,0,0,0,0,0,0
"ZSCAN5A",19,93,82,161,125,23,25,34,21,98
"EDDM13",0,19,13,15,14,1,2,1,0,24
"AC006116.8",1,5,10,6,9,2,1,3,1,4
"ZNF582",3,10,17,19,27,6,5,13,3,17
"AC006116.4",0,0,0,1,1,0,0,0,0,0
"ZNF582-AS1",1,1,2,5,4,1,0,2,1,5
"ZNF583",4,30,36,33,42,9,11,24,10,27
"ZNF667",12,24,33,41,48,5,16,13,3,26
"ZNF667-AS1",12,34,62,61,74,31,18,38,16,40
"ZNF471",7,29,25,61,52,35,39,53,10,49
"AC005498.1",0,0,1,0,2,0,0,2,1,1
"AC005498.2",0,0,3,4,0,1,0,3,1,2
"ZFP28",4,5,8,12,11,10,2,2,4,7
"AC005498.3",11,19,18,20,49,12,16,12,8,39
"ZNF470",4,11,17,23,23,17,5,28,1,35
"ZNF71",4,11,8,20,18,4,0,7,2,7
"SMIM17",2,2,6,13,9,1,1,0,1,3
"ZNF835",2,4,5,7,11,1,0,4,1,6
"AC006115.1",3,1,7,6,9,1,2,4,1,5
"AC007228.2",1,4,2,4,3,0,0,1,0,3
"AC006115.3",12,17,30,68,49,10,10,19,4,26
"ZIM2-AS1",2,6,10,17,13,0,0,2,0,9
"ZIM2",5,10,22,28,24,2,9,6,5,21
"MIMT1",0,0,4,4,3,1,0,1,0,0
"USP29",0,0,0,0,1,0,0,0,0,0
"ZIM3",0,0,0,0,0,0,0,1,0,0
"DUXA",0,0,0,1,2,1,0,0,0,0
"ZNF264",5,47,46,81,61,11,14,15,12,32
"AURKC",0,6,3,8,3,6,2,9,7,4
"ZNF805",1,10,4,7,8,1,2,1,1,7
"AC005261.3",2,12,8,32,20,3,6,8,2,11
"ZNF460-AS1",3,37,24,45,23,2,3,6,2,15
"ZNF460",1,12,8,16,8,2,3,5,1,7
"AC005261.1",18,91,88,160,117,26,28,62,24,65
"ZNF543",1,3,3,4,10,0,2,2,0,6
"AC005261.2",0,4,7,2,3,0,1,1,0,4
"ZNF304",0,4,11,23,10,6,4,11,1,7
"AC003002.1",1,3,4,3,8,1,0,2,0,1
"AC003002.2",5,20,15,31,39,9,8,12,6,17
"ZNF749",11,87,55,110,62,22,17,37,6,97
"AC004076.1",19,106,53,122,107,23,28,51,21,92
"AC004076.2",1,27,33,50,52,3,3,14,3,23
"ZNF772",0,0,0,0,0,1,0,0,0,0
"AC003005.2",1,4,1,1,2,2,0,1,0,1
"AC003005.1",0,0,2,0,1,1,1,0,1,0
"ZNF773",1,6,9,16,9,1,1,5,1,10
"ZNF549",10,32,38,64,44,8,18,38,10,26
"ZNF550",2,3,10,18,13,5,3,6,3,11
"ZNF416",0,4,3,1,1,1,0,3,0,0
"ZIK1",0,3,3,5,8,2,0,4,0,1
"ZNF530",3,1,4,2,4,2,0,2,0,2
"ZNF134",3,31,20,42,28,11,7,16,4,23
"AC003682.1",0,1,3,2,5,1,1,4,1,6
"ZNF211",7,18,22,43,31,11,7,10,0,31
"AC003006.1",2,23,17,16,25,5,9,7,3,34
"ZNF154",2,7,16,24,14,9,11,13,3,10
"ZNF671",4,9,7,21,18,5,1,6,8,8
"ZNF776",3,11,9,23,13,9,9,10,8,11
"ZNF586",24,94,84,140,116,22,25,33,16,103
"ZNF552",4,30,44,44,33,7,11,7,2,30
"AC010522.1",0,0,3,16,6,0,0,2,0,1
"ZNF814",20,77,116,192,148,21,21,42,9,107
"ZNF587",1,20,20,55,32,6,5,8,6,27
"AC010326.2",2,3,1,2,6,1,0,3,1,1
"ZNF418",1,16,9,8,5,3,4,6,2,3
"ZNF256",0,6,1,3,2,3,2,2,0,4
"C19orf18",8,21,23,81,58,7,9,8,9,16
"ZNF606",5,26,13,19,22,5,6,12,3,24
"ZSCAN1",2,5,9,9,4,0,0,2,1,5
"ZNF135",15,36,34,59,72,15,19,29,6,43
"ZSCAN18",27,176,106,76,87,49,46,81,15,114
"ZNF329",0,22,14,36,30,7,6,13,6,30
"ZNF274",12,64,27,33,44,5,11,19,4,28
"AC020915.5",0,0,0,1,0,0,0,0,0,0
"AC020915.3",2,14,24,20,21,4,7,5,1,15
"ERVK3-1",7,2,8,19,21,7,4,8,5,7
"AC010642.2",5,29,24,44,24,9,4,9,6,8
"ZSCAN22",0,2,1,3,4,1,3,1,2,4
"A1BG",0,18,16,16,27,1,1,3,3,4
"A1BG-AS1",6,7,5,3,10,0,1,1,1,4
"ZNF497",3,11,10,14,14,3,2,6,2,11
"AC012313.6",2,0,10,4,7,0,1,0,0,5
"ZNF837",1,2,5,6,4,0,2,0,0,5
"RPS5",20,63,41,27,75,46,28,51,12,29
"LINC02560",0,0,0,1,0,0,0,0,0,0
"ZNF584",0,11,10,9,11,3,0,4,3,10
"AC012313.1",0,1,1,7,0,2,0,1,4,1
"AC012313.5",1,0,5,2,0,0,1,1,0,1
"ZNF132",2,3,7,5,9,0,1,2,0,9
"AC012313.8",0,0,2,2,0,0,0,1,1,1
"ZNF324B",1,4,2,1,3,0,1,0,1,1
"ZNF324",2,37,39,43,29,7,7,15,5,41
"ZNF446",3,23,28,14,13,6,8,9,3,17
"AC012313.7",0,0,0,0,0,0,0,0,0,0
"SLC27A5",7,18,33,59,29,9,12,14,1,17
"AC012313.9",0,0,1,0,0,0,0,0,0,0
"ZBTB45",4,9,9,4,8,4,5,9,4,4
"TRIM28",8,36,37,66,57,39,20,68,21,21
"CHMP2A",24,45,47,51,43,21,13,27,6,15
"UBE2M",3,44,33,96,46,18,5,28,11,12
"MZF1-AS1",1,12,15,25,21,6,7,12,2,25
"MZF1",31,54,67,82,82,18,18,35,9,67
"AC016629.2",0,0,0,1,1,0,0,0,0,1
"RPS4Y1",23,60,56,95,83,29,19,47,20,52
"AC006157.1",1,2,4,9,8,6,1,4,0,7
"ZFY",11,52,36,53,75,14,29,30,17,43
"ZFY-AS1",0,3,4,3,10,3,1,4,0,4
"LINC00278",16,61,51,73,88,21,45,48,20,64
"AC010737.1",0,2,1,2,5,0,0,2,0,5
"AC010722.1",0,0,0,0,0,0,0,0,0,0
"PCDH11Y",10,43,34,84,61,24,12,17,6,13
"TSPY2",0,0,0,0,0,0,0,0,0,0
"TBL1Y",0,0,0,1,0,0,1,0,0,1
"LINC00279",0,0,0,3,0,0,1,0,0,0
"TTTY11",0,0,0,0,0,0,0,0,0,0
"TTTY15",8,40,34,31,45,10,13,20,4,42
"USP9Y",37,215,150,270,285,61,102,152,37,212
"DDX3Y",3,40,82,154,123,66,42,89,21,60
"UTY",70,496,297,548,497,100,170,211,91,385
"TMSB4Y",0,6,4,2,1,0,3,0,0,1
"NLGN4Y",56,226,239,382,360,67,98,199,78,288
"NLGN4Y-AS1",0,0,0,0,0,1,0,0,0,1
"AC022486.1",0,0,0,0,0,0,0,0,0,0
"HSFY2",0,1,1,0,2,0,0,0,0,0
"TTTY14",71,451,330,580,583,124,149,234,80,413
"AC010889.1",0,0,0,1,0,0,0,0,1,0
"KDM5D",16,71,65,102,102,20,26,55,18,67
"TTTY10",18,41,55,50,77,31,33,30,26,46
"EIF1AY",7,58,26,25,31,17,9,21,4,26
"TTTY4B",0,0,0,0,0,0,0,0,0,0
"LINC00266-4P",1,4,4,2,0,4,2,3,1,2
"AP000542.3",0,0,0,0,0,0,0,0,0,0
"AP000542.2",0,0,0,0,0,0,0,0,0,0
"AP000527.1",0,0,0,0,0,0,0,0,0,0
"AP000547.3",0,0,1,3,3,1,0,0,0,1
"XKR3",0,0,0,0,0,0,0,0,0,0
"GAB4",0,0,0,0,1,0,0,1,1,0
"AC006946.2",0,1,0,1,2,2,2,2,0,3
"AC006946.3",0,0,0,2,0,0,0,0,0,0
"IL17RA",3,21,17,30,26,5,7,12,4,28
"TMEM121B",1,3,3,4,5,1,0,0,1,1
"LINC01664",0,1,0,0,1,0,0,0,0,0
"HDHD5",6,22,21,41,16,12,4,14,8,42
"HDHD5-AS1",5,36,29,9,22,4,7,7,1,26
"ADA2",4,12,6,8,6,4,5,7,6,15
"CECR3",1,3,0,1,1,0,0,0,0,0
"CECR2",51,250,136,219,191,48,87,74,47,179
"SLC25A18",104,411,543,1013,645,146,141,198,138,907
"AC007666.1",3,2,7,13,10,0,4,10,3,16
"ATP6V1E1",28,182,118,151,114,26,29,58,12,54
"BCL2L13",13,123,81,113,109,32,38,64,29,108
"BID",9,29,28,49,45,13,11,19,7,41
"LINC00528",0,0,0,0,1,0,0,0,0,0
"MICAL3",59,138,200,298,243,63,46,94,37,167
"LINC01634",0,1,0,0,0,0,0,0,0,0
"AC016027.1",1,1,2,1,3,1,1,2,1,5
"PEX26",4,23,26,31,30,5,7,15,4,31
"TUBA8",1,2,8,15,6,6,1,6,2,7
"AC008079.2",1,3,1,2,2,3,0,2,2,3
"USP18",1,5,6,5,11,1,3,2,2,5
"LINC01660",0,0,0,0,0,1,0,1,0,1
"AC023490.3",0,0,0,0,0,0,0,0,0,0
"TMEM191B",0,1,11,7,5,0,3,3,2,1
"LINC01662",0,0,0,1,0,0,1,1,0,1
"LINC01663",0,0,0,0,0,0,0,1,0,1
"AC007326.4",1,21,26,12,10,2,5,6,2,26
"PRODH",7,23,5,6,3,1,0,1,10,3
"DGCR9",0,1,1,2,1,0,0,0,0,1
"DGCR2",24,104,69,178,130,29,40,64,27,89
"AC004471.1",1,0,1,1,2,0,0,0,0,0
"ESS2",6,22,9,14,13,4,6,9,5,12
"LINC01311",0,1,0,8,3,3,0,1,0,5
"SLC25A1",12,33,35,53,37,30,13,33,10,26
"CLTCL1",10,34,24,58,45,11,18,15,10,52
"HIRA",5,27,27,45,42,11,5,18,4,21
"C22orf39",0,0,0,0,0,0,1,0,0,0
"MRPL40",9,31,34,18,33,17,8,18,4,16
"AC000068.1",0,1,1,2,3,0,2,1,0,2
"UFD1",4,22,36,72,34,16,13,28,12,32
"AC000068.3",0,0,0,1,2,0,0,0,0,0
"AC000068.2",1,0,3,1,1,1,0,0,0,0
"CDC45",0,0,1,0,1,0,0,0,0,1
"CLDN5",0,3,2,11,3,0,2,1,1,1
"LINC00895",0,0,0,0,0,0,0,0,0,0
"SEPT5",0,1,1,0,0,0,0,0,0,0
"AC000093.1",0,0,0,1,0,3,0,0,2,0
"TBX1",0,0,0,0,0,0,0,1,0,1
"GNB1L",1,14,6,17,12,5,4,8,2,7
"TXNRD2",6,20,25,32,32,7,10,11,14,15
"COMT",23,79,82,96,79,64,51,87,29,68
"ARVCF",13,18,38,61,37,23,15,35,22,31
"TANGO2",14,39,54,69,64,10,11,32,8,47
"AC006547.1",4,13,11,26,15,0,4,7,0,18
"DGCR8",10,33,32,41,45,15,12,18,15,22
"AC006547.2",1,2,0,1,3,0,2,0,0,1
"TRMT2A",3,15,27,46,20,15,12,21,11,16
"RANBP1",13,38,31,24,28,19,15,31,7,31
"ZDHHC8",9,16,27,61,34,15,22,34,16,26
"CCDC188",0,0,0,0,0,0,0,0,0,0
"LINC00896",0,0,0,0,0,0,0,0,0,0
"RTN4R",5,18,17,15,24,10,4,17,4,11
"DGCR6L",7,17,18,35,26,6,11,15,7,8
"AC007663.3",4,1,3,0,0,0,2,2,0,2
"AC007731.1",0,1,0,1,0,1,0,0,0,1
"USP41",0,0,1,1,1,0,0,0,0,0
"ZNF74",2,7,14,14,17,4,4,6,2,10
"SCARF2",0,3,5,6,4,0,0,1,0,0
"KLHL22",22,54,65,97,115,10,23,35,8,85
"MED15",17,76,102,159,114,25,41,54,22,95
"PI4KA",35,240,237,268,302,70,75,105,48,172
"SERPIND1",0,2,6,11,6,1,0,2,0,7
"SNAP29",9,22,27,32,25,2,5,15,6,19
"CRKL",7,28,25,60,54,18,14,25,7,26
"LINC01637",3,6,14,10,13,2,0,1,1,9
"AIFM3",56,106,127,172,130,43,40,78,37,113
"AC002470.1",0,0,1,0,0,0,0,0,0,1
"LZTR1",17,30,29,57,65,36,15,44,26,47
"THAP7",9,34,19,32,23,10,7,24,6,24
"THAP7-AS1",1,4,0,5,4,0,1,3,3,2
"P2RX6",3,8,7,5,5,0,4,2,3,8
"SLC7A4",0,0,2,3,0,0,0,0,0,1
"AC002472.1",0,1,0,1,0,0,0,0,1,2
"LRRC74B",1,3,3,1,3,0,0,0,0,3
"AP000550.1",1,0,0,0,0,0,0,1,0,0
"GGT2",1,1,1,1,0,0,1,1,0,0
"AP000552.1",0,0,1,1,0,0,0,0,0,0
"HIC2",3,32,38,63,46,6,10,28,5,15
"TMEM191C",0,3,5,10,5,7,1,3,1,9
"UBE2L3",22,98,81,121,115,41,32,57,21,66
"YDJC",4,14,9,12,11,2,2,13,3,4
"CCDC116",0,0,0,0,0,0,0,1,0,0
"AP000553.3",0,0,0,0,0,0,0,0,0,0
"SDF2L1",5,12,18,15,23,21,8,13,2,22
"PPIL2",15,52,60,84,54,16,14,39,8,56
"YPEL1",9,23,34,46,51,8,10,16,9,35
"MAPK1",35,147,128,392,257,69,64,101,39,153
"PPM1F",6,17,25,68,41,12,7,9,4,31
"AC245452.1",3,7,4,8,9,1,0,2,0,12
"TOP3B",7,10,33,38,26,17,16,24,7,25
"IGLV10-54",0,2,3,3,3,0,1,1,0,3
"AC245060.6",2,6,11,16,6,0,0,4,0,5
"AC245060.5",5,13,63,139,168,69,32,96,79,34
"AC245060.2",0,0,0,0,0,0,0,0,0,0
"ZNF280B",2,15,23,33,19,8,7,15,3,17
"ZNF280A",0,0,0,0,0,0,0,0,0,0
"PRAME",0,1,0,3,0,0,0,0,1,0
"GGTLC2",0,0,1,1,1,0,0,0,0,0
"IGLL5",0,0,0,0,1,0,0,0,0,0
"IGLC2",0,0,0,0,0,0,0,0,0,0
"IGLC3",0,0,0,0,111,0,0,0,0,0
"RSPH14",1,5,6,3,3,1,2,2,2,5
"GNAZ",3,22,28,57,33,18,9,16,6,6
"RAB36",2,3,3,6,3,3,3,4,3,4
"BCR",31,196,106,222,154,44,45,54,39,129
"LINC02556",0,1,0,0,5,1,0,1,0,1
"LINC01659",0,2,2,3,4,0,2,1,0,11
"LINC01658",0,0,0,0,0,0,0,0,0,0
"PCAT14",1,1,2,8,5,1,2,0,1,1
"AP000345.1",0,0,0,0,1,0,0,1,0,0
"IGLL1",0,2,0,1,1,0,0,2,0,0
"AP000345.2",2,1,1,3,5,0,1,1,1,2
"DRICH1",2,3,3,8,17,0,3,6,0,3
"RGL4",0,1,1,0,0,0,0,0,0,0
"ZNF70",2,2,3,3,9,0,1,0,2,5
"VPREB3",0,1,2,0,6,0,0,0,0,5
"C22orf15",0,0,0,0,2,0,0,0,1,0
"CHCHD10",47,169,144,171,129,56,34,106,21,104
"MMP11",0,0,1,5,4,5,0,4,0,4
"SMARCB1",12,49,35,66,57,16,25,40,10,38
"DERL3",0,3,0,3,3,1,1,0,0,2
"AP000350.5",4,7,9,5,5,1,3,5,0,14
"SLC2A11",1,1,1,0,4,0,0,0,0,2
"AP000350.4",0,5,10,15,6,2,2,2,1,5
"AP000350.7",0,0,1,2,1,1,0,1,0,0
"MIF",0,0,0,0,1,1,0,0,0,0
"MIF-AS1",0,0,2,3,1,1,0,0,0,0
"AP000350.6",0,3,3,0,0,0,0,0,0,0
"GSTT2B",12,13,11,28,45,17,27,24,8,69
"DDTL",1,0,0,2,0,2,2,0,1,1
"DDT",11,54,50,49,27,12,15,8,2,23
"GSTT4",0,0,1,0,0,0,0,1,0,0
"CABIN1",14,71,89,140,87,25,40,48,18,57
"SUSD2",0,0,0,1,0,0,0,0,0,0
"GGT5",0,2,2,0,2,1,0,0,0,0
"SPECC1L",0,3,4,1,3,0,2,2,0,1
"ADORA2A-AS1",1,0,2,0,0,0,0,1,1,0
"UPB1",0,1,2,3,1,0,2,0,0,5
"GUCD1",5,14,16,27,17,5,4,14,9,13
"SNRPD3",13,44,35,40,55,17,9,23,10,32
"GGT1",2,10,9,9,5,0,2,1,1,4
"LRRC75B",5,12,13,19,17,3,5,15,5,15
"AP000357.2",0,0,0,0,1,0,0,0,0,0
"PIWIL3",2,1,1,2,1,2,1,1,0,1
"SGSM1",8,26,47,62,60,4,6,11,5,9
"TMEM211",0,1,0,0,0,0,0,1,1,1
"KIAA1671",51,219,169,297,228,55,54,116,66,264
"AL022323.3",0,8,1,5,5,1,1,0,0,4
"AL022323.4",5,46,39,46,34,17,9,27,16,39
"AL022323.1",1,5,8,21,6,3,1,5,0,3
"CRYBB3",1,0,1,0,1,0,0,1,0,1
"Z99916.1",0,1,0,1,1,0,0,1,0,0
"CRYBB2",1,3,3,3,2,2,1,2,1,0
"Z99916.3",0,0,0,0,0,0,0,0,0,0
"LRP5L",2,8,20,15,11,5,12,6,3,13
"AL022324.3",1,0,0,3,0,1,0,1,0,1
"AL022329.1",0,1,5,7,0,0,0,1,0,3
"GRK3",25,135,191,367,219,50,65,75,38,203
"AL022329.2",0,0,1,1,0,0,0,0,0,1
"MYO18B",1,5,6,5,5,1,0,4,1,0
"Z98949.1",0,1,1,0,0,0,0,0,0,0
"Z98949.3",0,0,0,0,0,0,0,0,0,0
"AL022337.1",0,0,0,0,0,0,0,0,0,0
"SEZ6L",21,43,83,120,130,18,7,25,10,52
"AL080273.1",0,0,0,1,0,0,0,0,0,0
"ASPHD2",3,7,12,21,11,8,1,9,3,11
"HPS4",23,82,102,167,130,26,30,45,14,91
"SRRD",0,4,7,4,8,2,3,4,3,7
"TFIP11",7,43,30,39,45,9,12,31,10,37
"Z95115.1",4,5,7,7,8,1,3,3,3,6
"TPST2",10,43,30,53,44,10,16,23,5,27
"CRYBB1",0,0,1,2,0,1,1,0,0,0
"CRYBA4",0,0,0,1,0,0,0,0,0,0
"MIAT",48,149,152,118,170,30,40,50,5,86
"Z99774.1",4,16,15,13,11,7,15,2,0,8
"MIATNB",7,57,37,58,52,18,13,25,17,49
"LINC01422",1,2,1,6,2,0,2,1,0,4
"Z97353.2",0,2,2,6,9,0,0,1,0,1
"AL008638.3",0,2,0,0,0,0,0,0,0,0
"AL008638.1",0,0,0,0,0,0,0,1,0,0
"LINC01638",0,0,0,0,0,0,0,0,0,0
"LINC02554",0,0,0,0,0,0,0,0,0,0
"AL020994.2",0,1,0,1,2,0,0,0,0,1
"AL133456.1",0,0,0,0,0,0,0,0,0,1
"AL121885.2",0,1,0,2,0,0,0,1,0,1
"MN1",6,32,19,29,28,11,5,15,3,21
"PITPNB",38,80,110,193,184,38,36,48,32,104
"TTC28",130,490,459,1106,845,278,333,379,157,729
"CHEK2",1,2,6,12,9,2,2,2,1,10
"HSCB",6,55,40,67,57,11,17,24,10,65
"CCDC117",3,8,17,29,24,12,3,13,7,13
"XBP1",5,54,23,20,41,23,18,20,2,27
"Z93930.2",28,42,41,58,87,7,8,11,4,49
"ZNRF3",240,1399,828,1381,1413,273,367,495,250,1157
"ZNRF3-AS1",10,136,107,193,84,17,9,52,5,120
"C22orf31",2,9,3,2,2,5,2,2,0,4
"KREMEN1",24,159,58,85,108,26,42,49,34,80
"AL021393.1",1,20,9,13,8,2,1,4,1,6
"EMID1",39,137,134,186,210,36,43,56,24,177
"RHBDD3",13,45,55,68,64,19,19,46,20,51
"AL031186.1",0,2,0,5,5,1,2,1,1,4
"EWSR1",24,90,74,136,105,65,58,85,35,93
"GAS2L1",13,68,57,99,95,57,42,80,27,89
"RASL10A",17,28,24,18,20,5,2,11,2,18
"AP1B1",20,148,115,150,147,28,26,50,21,93
"RFPL1S",6,22,26,38,38,5,5,8,5,10
"RFPL1",0,1,0,0,1,0,0,0,0,0
"AC000035.1",0,0,1,0,0,0,0,0,0,0
"NEFH",5,13,37,24,14,1,1,1,0,7
"THOC5",1,23,20,29,20,5,4,10,8,13
"NIPSNAP1",3,20,20,19,23,4,3,9,3,12
"NF2",10,34,32,51,45,8,8,17,11,44
"AC004882.1",0,0,0,0,0,0,0,1,0,1
"CABP7",1,0,0,1,0,0,0,0,0,0
"ZMAT5",6,7,22,11,22,7,5,17,3,17
"UQCR10",74,157,189,170,156,83,57,97,35,90
"ASCC2",9,53,37,36,51,15,18,19,10,33
"MTMR3",50,239,175,312,297,65,93,83,45,220
"AC003681.1",1,7,2,2,6,0,0,0,0,4
"HORMAD2-AS1",0,10,2,3,9,0,1,4,1,5
"HORMAD2",3,5,4,5,6,3,4,7,0,3
"AC002378.1",0,0,0,1,0,0,0,0,0,0
"LIF",0,1,0,0,0,0,0,1,0,0
"OSM",0,0,0,0,0,0,0,0,0,0
"CASTOR1",3,53,33,56,43,26,21,51,30,37
"TBC1D10A",7,30,20,41,29,4,5,5,2,13
"SF3A1",6,44,24,36,20,8,11,18,3,21
"CCDC157",2,6,1,6,8,3,3,3,1,2
"RNF215",5,28,17,22,17,3,4,8,1,23
"SEC14L2",4,25,17,27,21,8,3,5,5,39
"AC004832.3",0,0,0,0,0,0,0,0,0,0
"MTFP1",0,1,2,4,3,2,1,0,2,7
"AC004832.6",0,1,0,0,0,0,0,0,0,0
"SEC14L3",0,0,0,0,1,0,0,0,0,2
"AC004832.1",0,1,1,1,1,0,0,0,0,1
"SEC14L4",0,3,1,2,3,1,0,5,0,2
"SEC14L6",0,3,3,11,5,6,0,6,1,18
"GAL3ST1",8,16,16,19,18,6,5,7,3,6
"PES1",4,24,21,42,31,13,11,28,10,24
"TCN2",4,11,14,11,15,3,2,4,1,10
"SLC35E4",6,10,36,43,34,2,8,9,5,24
"DUSP18",7,14,29,73,81,20,18,39,13,42
"OSBP2",28,107,187,219,198,14,24,51,19,107
"MORC2-AS1",3,22,13,16,10,3,6,4,0,13
"MORC2",4,23,12,33,25,10,12,21,11,17
"AC004542.2",0,1,0,2,0,0,0,0,0,0
"SMTN",2,27,55,653,85,54,72,105,29,73
"AC005005.3",0,0,0,0,0,0,0,0,0,0
"SELENOM",17,85,62,78,77,35,41,52,13,56
"INPP5J",1,6,17,23,10,2,1,3,0,4
"RNF185",8,30,30,60,41,10,17,18,6,26
"LIMK2",9,104,47,54,52,13,18,17,5,48
"PIK3IP1",15,105,59,30,46,34,31,21,16,23
"PIK3IP1-AS1",7,41,25,59,33,12,9,12,5,22
"PATZ1",6,23,19,37,21,16,12,34,10,16
"LINC01521",0,1,3,3,1,0,0,0,0,2
"DRG1",12,94,69,96,96,20,15,29,11,69
"EIF4ENIF1",7,78,62,96,85,18,19,27,3,42
"SFI1",12,33,57,93,69,23,26,31,5,20
"PISD",14,62,77,137,77,23,25,43,20,49
"PRR14L",14,56,67,108,118,20,25,50,19,58
"DEPDC5",0,0,0,0,0,0,0,0,0,0
"Z82190.2",1,4,9,15,6,3,4,3,2,12
"YWHAH",66,151,98,149,72,30,33,26,6,39
"AL008719.1",0,0,0,0,0,0,0,0,0,0
"SLC5A1",0,0,0,1,0,1,0,0,0,2
"RFPL2",1,2,2,13,10,1,3,5,0,2
"SLC5A4-AS1",4,13,18,38,41,7,11,12,3,19
"SLC5A4",0,3,2,5,2,0,0,1,0,1
"AL008723.1",0,0,0,5,1,1,1,0,0,1
"AL008723.3",0,0,0,0,2,0,0,0,1,1
"AL021937.3",0,0,0,0,0,0,0,0,0,0
"RFPL3",0,0,0,1,0,0,0,0,0,0
"RFPL3S",0,1,5,8,4,3,1,4,0,2
"AL021937.1",0,1,0,0,3,0,0,1,0,1
"AL021937.4",0,0,0,0,0,0,0,0,0,0
"RTCB",16,82,53,54,86,22,27,34,10,57
"BPIFC",0,3,3,3,0,0,0,3,0,1
"FBXO7",33,80,59,101,85,25,31,47,27,48
"SYN3",16,105,222,236,228,15,17,24,5,57
"TIMP3",58,294,246,411,335,93,88,138,53,204
"LINC01640",0,0,1,0,2,0,0,0,0,2
"LARGE1",58,276,287,475,409,64,50,121,48,250
"Z82173.1",0,0,0,4,1,0,0,0,0,0
"Z73429.1",1,0,1,2,0,0,0,0,0,0
"LINC01643",1,3,2,3,6,2,1,5,1,1
"Z68323.1",0,0,0,0,0,0,0,0,0,0
"AL021877.2",0,0,0,0,0,0,0,0,0,0
"Z82196.1",0,1,0,0,1,0,0,0,0,0
"Z82196.2",0,0,1,0,2,1,0,0,0,0
"ISX-AS1",0,0,4,3,5,0,0,0,0,0
"Z99755.2",0,0,0,0,1,0,0,0,0,0
"HMGXB4",19,90,93,98,92,16,27,33,10,65
"TOM1",16,31,37,71,53,11,13,30,15,41
"Z82244.2",0,0,1,0,0,0,0,1,0,0
"HMOX1",0,6,3,9,4,0,0,18,2,3
"MCM5",1,3,2,7,7,4,2,2,2,2
"AL022334.2",0,0,0,1,0,0,0,0,0,0
"RASD2",0,17,9,21,10,4,3,5,3,1
"MB",0,0,0,0,2,0,0,1,0,0
"APOL6",2,27,20,19,26,7,18,30,9,18
"AL049748.1",0,0,0,0,0,0,0,0,0,0
"APOL5",0,0,0,0,0,0,0,0,1,0
"RBFOX2",89,495,369,588,494,125,154,249,102,363
"Z82217.1",1,5,19,19,10,1,1,6,5,5
"Z95114.4",0,1,2,0,1,0,0,0,0,1
"Z95114.1",0,2,1,2,0,0,1,1,0,1
"Z95114.2",0,0,0,2,0,0,0,0,0,1
"APOL3",1,10,3,15,11,1,11,8,1,9
"APOL4",0,6,0,2,2,0,7,1,0,1
"APOL2",6,27,31,36,20,13,11,23,4,19
"APOL1",0,1,0,0,1,0,0,0,0,0
"MYH9",12,78,54,97,84,19,22,37,14,46
"FO393418.1",0,3,4,3,11,2,0,6,0,3
"AL022313.2",0,0,1,0,1,0,1,1,0,1
"TXN2",20,72,53,30,53,13,21,43,14,43
"FOXRED2",14,36,40,63,49,10,11,26,5,27
"EIF3D",5,31,31,30,22,11,12,12,11,22
"CACNG2",6,30,41,39,35,6,3,11,3,14
"AL049749.1",0,4,1,2,0,0,0,0,0,1
"IFT27",23,50,48,49,55,11,14,21,12,42
"PVALB",3,8,13,42,5,1,0,1,0,1
"NCF4-AS1",0,0,0,0,0,0,0,0,0,0
"NCF4",1,0,0,0,3,0,0,0,0,1
"CSF2RB",0,2,0,1,2,2,2,2,0,0
"TEX33",0,1,0,0,1,0,0,0,0,0
"TST",1,17,12,11,20,5,6,6,7,12
"MPST",19,43,51,88,68,35,21,52,26,45
"KCTD17",8,20,28,67,43,11,6,11,13,20
"TMPRSS6",1,0,0,0,0,0,0,0,1,0
"IL2RB",0,1,1,1,2,0,0,0,0,2
"Z82188.2",0,2,2,0,1,0,0,0,0,0
"C1QTNF6",3,6,15,28,23,14,3,24,9,17
"SSTR3",0,2,4,11,4,0,0,3,1,1
"RAC2",0,0,0,1,2,0,0,0,0,0
"CYTH4",1,1,1,4,5,0,1,0,1,1
"ELFN2",0,5,9,19,10,1,1,1,1,5
"MFNG",0,0,0,0,4,1,0,0,0,1
"CARD10",0,0,0,1,0,0,0,0,0,1
"CDC42EP1",6,37,19,67,34,14,7,16,8,15
"LGALS2",0,0,1,0,0,0,0,0,0,1
"GGA1",23,49,71,138,98,24,24,55,31,77
"Z83844.2",1,0,6,5,4,0,0,5,0,3
"PDXP",0,0,0,0,0,1,1,0,0,0
"LGALS1",23,69,105,91,70,48,27,79,19,43
"NOL12",0,0,1,0,0,0,1,0,0,1
"Z83844.1",1,5,10,4,5,0,0,2,0,5
"TRIOBP",8,30,27,44,50,28,9,20,13,39
"H1F0",3,17,7,41,16,8,9,8,2,10
"GCAT",9,36,32,68,47,12,8,13,5,29
"GALR3",0,0,2,3,2,0,0,2,1,1
"ANKRD54",14,26,28,44,46,20,9,20,4,29
"EIF3L",10,48,47,56,47,20,14,27,8,32
"MICALL1",4,10,10,17,13,2,2,6,1,4
"C22orf23",1,6,9,20,8,1,3,3,0,7
"AL031587.3",0,0,0,2,2,1,0,2,1,0
"POLR2F",104,206,207,193,222,43,47,53,43,130
"SOX10",5,30,31,74,52,6,4,7,9,6
"AL031587.1",0,2,4,0,3,0,0,0,0,0
"AL031587.4",1,3,2,1,0,0,0,0,0,0
"PICK1",6,31,38,65,45,13,7,13,5,21
"AL031587.2",2,3,9,8,5,1,0,3,1,6
"SLC16A8",1,1,2,2,2,1,2,0,1,1
"BAIAP2L2",29,48,121,208,39,14,33,29,6,33
"AL022322.1",0,1,2,3,0,0,1,0,0,2
"PLA2G6",13,31,32,62,51,19,19,42,14,45
"AL022322.2",2,1,5,7,8,0,0,3,0,9
"MAFF",0,15,8,25,18,1,1,10,0,8
"TMEM184B",71,151,249,524,390,72,75,144,57,287
"AL020993.1",0,2,2,4,3,0,0,1,0,2
"CSNK1E",7,24,23,66,57,26,22,57,27,34
"TPTEP2-CSNK1E",31,118,160,217,264,67,69,90,50,205
"Z97056.1",0,0,0,0,0,0,0,0,0,1
"KCNJ4",5,21,10,35,16,1,2,3,1,5
"KDELR3",0,3,0,0,1,1,2,2,1,2
"DDX17",198,712,866,1606,1220,543,526,695,379,783
"DMC1",2,9,3,10,11,2,0,7,0,13
"FAM227A",5,21,39,58,58,20,18,48,12,68
"CBY1",9,25,25,33,40,4,6,20,4,24
"AL021707.4",0,0,2,0,0,0,0,0,1,0
"AL021707.2",2,5,5,8,6,1,1,5,2,7
"TOMM22",13,27,17,20,25,7,15,18,7,15
"JOSD1",5,41,27,41,41,16,11,17,10,40
"GTPBP1",5,30,19,48,30,7,7,6,10,9
"SUN2",45,166,193,464,211,100,76,114,80,99
"AL021707.1",4,27,14,27,18,2,6,7,2,27
"NPTXR",22,56,70,98,63,22,11,26,9,26
"CBX6",11,54,53,115,59,24,26,58,17,39
"AL022318.1",0,0,0,2,0,0,0,0,0,0
"APOBEC3A",0,1,3,0,1,0,1,0,0,0
"APOBEC3B-AS1",0,0,1,0,0,0,0,0,0,0
"APOBEC3F",1,0,1,4,1,1,4,2,0,1
"APOBEC3G",2,2,3,0,2,0,1,1,0,0
"APOBEC3H",3,11,13,8,0,0,0,0,0,4
"CBX7",9,39,33,63,43,22,18,21,11,35
"AL031846.2",3,17,29,36,22,1,5,2,0,11
"PDGFB",0,2,3,2,2,2,1,1,0,0
"AL031590.1",0,5,2,4,5,3,2,1,2,1
"AL022326.1",0,0,0,0,1,0,0,0,0,0
"RPL3",15,41,41,80,70,42,17,51,17,40
"SYNGR1",22,92,87,152,114,26,30,55,23,75
"TAB1",17,49,61,93,71,23,28,36,13,80
"MGAT3",5,43,49,80,70,16,15,24,5,29
"MIEF1",6,34,22,36,35,6,12,14,4,9
"ATF4",16,70,83,126,76,50,32,98,19,51
"RPS19BP1",22,60,53,50,73,48,29,61,16,32
"CACNA1I",4,10,21,31,19,4,2,3,1,4
"ENTHD1",0,6,2,2,4,1,0,2,1,0
"GRAP2",1,4,1,6,6,4,2,4,0,6
"FAM83F",0,0,3,0,0,1,0,0,0,0
"Z83847.1",0,0,0,0,0,0,0,0,0,0
"TNRC6B",125,789,645,1395,1118,249,320,377,179,795
"SGSM3",12,10,8,29,18,11,9,21,11,11
"AL022238.2",2,28,38,118,91,23,9,42,4,25
"MKL1",28,161,147,298,237,45,61,88,37,179
"AL031594.1",0,0,2,4,2,1,0,1,0,1
"MCHR1",1,1,2,2,3,0,0,0,0,0
"SLC25A17",7,42,33,62,67,20,16,27,11,48
"ST13",21,120,109,136,142,68,45,107,22,76
"XPNPEP3",14,59,62,96,78,31,30,43,9,82
"DNAJB7",0,1,0,0,0,1,0,0,0,0
"RBX1",22,105,101,160,115,49,42,46,20,34
"EP300",14,124,85,205,228,51,57,78,42,176
"AL035658.1",1,3,5,4,1,2,1,0,0,16
"EP300-AS1",0,1,3,3,1,0,0,4,0,3
"L3MBTL2",10,28,33,39,43,7,5,20,9,15
"AL035681.1",2,29,14,25,27,2,6,7,2,14
"CHADL",11,30,31,52,35,13,10,12,14,20
"RANGAP1",9,43,54,106,70,28,15,55,18,32
"ZC3H7B",7,37,49,60,53,16,7,24,8,56
"TEF",16,39,56,86,76,19,15,49,11,73
"AL008582.1",1,0,1,6,1,0,0,0,0,1
"TOB2",15,129,94,147,141,61,71,98,47,140
"PHF5A",2,15,17,25,19,4,10,11,1,11
"ACO2",28,196,136,194,186,38,41,60,23,164
"POLR3H",13,35,27,42,34,24,24,51,16,45
"CSDC2",2,16,8,13,5,2,10,4,4,11
"PMM1",14,57,42,26,41,25,46,43,9,42
"DESI1",5,23,45,38,39,8,6,6,4,26
"XRCC6",17,106,72,100,94,34,29,43,15,70
"SNU13",21,125,81,95,70,19,18,22,5,32
"C22orf46",2,21,21,23,23,0,5,12,2,9
"MEI1",0,5,3,4,3,1,1,2,0,1
"CCDC134",2,7,10,6,3,0,3,0,0,9
"AL021453.1",3,8,5,1,7,0,1,2,0,3
"SREBF2",79,338,306,363,335,41,53,96,39,210
"SHISA8",0,6,3,2,0,1,1,2,0,1
"TNFRSF13C",0,0,1,0,1,0,0,0,1,0
"CENPM",0,0,1,1,1,2,1,0,0,5
"SEPT3",11,35,73,87,81,16,9,18,11,34
"WBP2NL",37,134,96,199,199,48,45,85,30,160
"NAGA",3,7,11,15,11,2,5,6,7,8
"PHETA2",0,1,0,3,0,0,0,1,0,0
"SMDT1",9,50,45,22,41,21,11,21,7,24
"NDUFA6",19,56,32,60,40,16,17,43,4,31
"CYP2D6",1,2,3,4,0,2,1,4,3,1
"AC254562.2",1,0,0,2,0,0,1,0,0,0
"AC254562.3",4,8,14,18,14,7,0,6,3,6
"TCF20",19,78,98,157,141,34,28,65,19,74
"OGFRP1",0,2,3,3,3,0,1,1,0,2
"LINC01315",2,1,5,1,3,3,4,1,0,2
"NFAM1",0,5,3,3,2,1,0,0,0,2
"AL022316.1",1,1,3,1,3,1,1,1,0,2
"RRP7A",3,22,17,22,23,3,7,9,1,5
"SERHL2",4,28,114,64,73,16,16,54,10,87
"POLDIP3",4,61,54,84,58,24,16,31,15,45
"Z93241.1",0,1,1,0,0,1,0,1,0,0
"CYB5R3",17,74,124,141,126,70,31,88,28,64
"A4GALT",0,11,4,24,9,10,3,3,3,6
"ARFGAP3",19,105,70,137,109,31,21,58,25,65
"PACSIN2",9,78,51,118,93,23,23,30,15,57
"AL022476.1",1,1,2,1,1,2,0,0,0,2
"TTLL1",6,12,26,16,18,7,5,7,2,12
"BIK",0,0,4,0,1,0,0,0,0,0
"MCAT",1,13,11,13,5,3,4,8,1,5
"TSPO",6,38,54,61,46,22,19,30,6,26
"TTLL12",4,11,12,32,21,7,4,14,4,12
"SCUBE1",0,4,0,0,2,0,1,0,0,0
"LINC01639",0,0,0,0,0,0,0,0,0,0
"MPPED1",1,18,15,38,29,4,2,9,2,3
"EFCAB6-AS1",0,0,1,2,2,0,0,1,1,1
"EFCAB6",10,50,31,41,65,11,22,24,9,44
"Z97055.2",0,2,2,2,1,0,0,1,0,7
"SULT4A1",17,57,53,91,40,10,9,10,4,11
"PNPLA5",0,0,0,3,1,0,0,0,0,0
"PNPLA3",2,8,10,16,11,0,0,1,1,4
"SAMM50",5,23,21,43,22,12,11,21,11,18
"PARVB",6,19,23,15,24,5,3,7,6,27
"PARVG",0,3,2,2,3,0,0,0,0,1
"AL031595.2",0,0,0,2,2,1,0,0,0,1
"SHISAL1",3,3,10,9,7,1,2,6,2,0
"RTL6",2,9,8,27,11,3,3,6,1,1
"LINC00207",0,0,0,0,0,0,0,0,0,0
"LINC00229",0,0,1,3,0,0,0,0,1,0
"PRR5",9,43,25,107,49,10,13,24,3,26
"PRR5-ARHGAP8",1,7,8,31,11,3,0,9,1,12
"ARHGAP8",1,2,0,2,0,0,0,0,1,0
"PHF21B",55,321,225,296,387,105,127,168,96,334
"NUP50-DT",14,48,71,145,122,18,35,49,22,93
"NUP50",5,24,9,37,24,9,11,17,7,18
"KIAA0930",131,309,747,1033,554,330,277,536,142,522
"AL008718.2",2,0,3,3,1,1,0,0,0,0
"UPK3A",2,1,0,0,0,0,0,0,1,1
"FAM118A",25,26,16,16,30,38,4,39,12,25
"SMC1B",2,5,12,13,9,0,0,4,0,3
"RIBC2",0,0,3,1,0,0,1,3,1,1
"AL021391.1",0,0,3,0,0,1,0,0,0,0
"FBLN1",9,71,59,69,49,47,33,33,27,59
"ATXN10",65,310,220,512,435,103,122,185,80,284
"BX324167.1",0,1,0,1,0,0,0,0,1,0
"WNT7B",3,12,14,35,7,3,2,5,1,4
"BX537318.1",0,0,4,0,0,0,0,0,0,0
"PRR34",0,3,3,3,8,1,1,4,2,4
"AL121672.3",0,1,1,4,0,2,1,1,1,0
"PRR34-AS1",0,2,2,4,2,1,1,2,0,0
"MIRLET7BHG",29,86,92,156,150,26,50,55,37,129
"AL121672.1",0,0,0,0,0,0,0,0,0,0
"AL121672.2",0,0,0,0,3,0,0,2,0,4
"PPARA",23,119,100,186,168,42,31,67,29,154
"CDPF1",2,5,11,10,13,1,4,3,2,8
"TTC38",10,63,27,39,41,16,17,28,6,41
"GTSE1-DT",0,1,1,0,1,1,0,0,0,0
"GTSE1",1,3,3,1,1,0,1,0,1,1
"TRMU",19,67,45,66,44,19,10,31,16,22
"CELSR1",0,7,4,8,8,3,1,4,5,8
"AL021392.1",0,0,0,0,1,1,0,2,0,0
"GRAMD4",13,29,26,32,39,14,11,29,4,24
"CERK",18,12,20,37,28,12,15,18,14,18
"AL118516.1",8,29,39,24,30,7,17,15,4,28
"TBC1D22A",38,171,171,313,237,39,61,95,53,136
"Z82186.1",0,0,0,0,0,0,0,0,0,0
"LINC01644",0,0,0,0,0,0,0,0,0,1
"LINC00898",0,0,0,1,0,0,0,0,1,0
"AL117329.1",8,31,86,67,84,7,5,19,7,16
"AL121580.1",0,0,0,0,0,0,0,0,0,0
"FP325330.3",0,0,0,0,0,0,0,0,0,0
"FP325330.1",0,0,0,1,1,0,0,0,0,0
"FP325330.2",0,0,0,0,0,0,0,0,0,0
"FAM19A5",59,165,212,529,295,94,81,195,71,224
"LINC01310",1,16,11,7,6,0,5,1,0,10
"C22orf34",0,2,3,7,8,2,2,2,0,3
"Z97192.1",0,0,0,0,1,0,0,0,0,0
"AL023802.1",0,0,0,0,1,0,0,1,0,0
"BRD1",7,29,27,38,35,9,10,18,5,22
"Z98885.3",0,1,2,6,0,0,0,1,0,0
"Z98885.2",1,0,0,3,1,0,0,0,1,1
"AL117328.2",0,1,0,0,0,0,0,0,0,0
"ZBED4",6,38,41,70,51,13,10,22,7,55
"ALG12",6,12,15,28,15,4,8,10,1,17
"AL671710.1",0,1,2,2,0,0,1,2,0,1
"CRELD2",11,23,33,53,44,22,25,21,7,45
"PIM3",3,46,28,81,29,14,13,28,6,15
"IL17REL",0,1,1,0,0,1,0,0,0,0
"TTLL8",0,1,1,1,0,1,0,0,0,1
"MLC1",50,160,171,262,275,106,78,189,109,186
"MOV10L1",4,5,5,1,5,2,3,0,2,4
"PANX2",2,9,17,10,17,9,5,14,5,3
"TRABD",12,30,39,76,55,36,29,61,18,51
"AL022328.3",1,2,4,4,0,0,0,3,1,0
"AL022328.4",1,15,17,15,5,2,3,8,1,7
"SELENOO",30,57,58,93,88,39,37,75,29,112
"AL022328.1",0,0,0,1,0,0,0,0,0,0
"AL022328.2",0,2,0,3,2,0,0,1,1,0
"TUBGCP6",12,14,23,67,33,12,11,17,11,16
"HDAC10",3,15,13,27,38,37,12,28,28,12
"MAPK12",21,31,30,64,43,18,7,31,19,34
"MAPK11",23,28,45,97,49,30,15,35,17,26
"PLXNB2",16,64,63,120,121,87,37,122,57,47
"DENND6B",14,45,64,80,74,20,22,30,16,51
"PPP6R2",75,262,217,382,262,52,72,130,52,208
"SBF1",9,46,35,67,43,17,12,25,17,19
"ADM2",0,1,0,0,0,0,0,0,0,0
"MIOX",0,2,0,0,2,0,0,0,0,1
"LMF2",12,35,36,54,47,30,20,41,17,22
"NCAPH2",3,16,10,22,12,11,6,7,7,4
"U62317.3",3,3,11,16,16,13,4,14,5,5
"TYMP",2,2,11,7,1,1,2,4,0,14
"ODF3B",0,0,1,0,0,0,0,0,1,0
"U62317.5",0,0,1,0,1,1,0,0,0,0
"SYCE3",0,0,0,0,0,0,0,0,0,1
"CPT1B",0,1,1,2,2,1,0,1,3,0
"CHKB",0,2,3,6,5,0,3,4,3,10
"CHKB-DT",0,0,0,0,1,0,1,1,0,3
"U62317.4",0,0,0,0,0,0,0,0,0,0
"MAPK8IP2",9,26,27,102,39,11,10,23,14,9
"ARSA",19,25,42,77,40,18,16,25,21,22
"SHANK3",3,10,17,25,26,5,6,6,0,17
"ACR",0,1,0,0,1,0,0,1,0,0
"AC002056.2",0,2,1,2,2,0,0,0,0,2
"RABL2B",8,27,30,42,35,19,15,28,12,29
"FP565260.3",0,0,0,2,1,1,0,0,0,0
"FP565260.5",0,0,0,0,0,0,0,0,0,0
"GATD3B",1,2,1,5,3,1,1,0,2,0
"FP565260.2",0,1,0,1,5,1,2,6,0,6
"FP565260.1",0,2,1,5,7,1,1,3,0,6
"FP565260.6",0,2,3,5,4,4,1,2,2,0
"AC079801.1",0,0,0,2,0,0,0,0,0,1
"CU633967.1",0,60,79,82,113,24,47,76,20,59
"FP236315.3",0,0,1,0,0,1,0,0,0,0
"FP236315.1",1,0,1,0,5,0,3,5,0,12
"CU639417.3",0,1,2,1,1,0,0,0,0,0
"CU633906.2",0,0,0,0,1,0,0,0,0,0
"U2AF1L5",4,26,6,2,2,1,2,2,0,0
"CU638689.4",0,0,1,0,0,0,0,0,1,0
"FP475955.3",0,0,0,1,0,0,0,1,0,0
"FP475955.1",0,3,5,12,2,2,1,3,0,6
"CU634019.1",0,0,1,0,0,0,0,0,0,0
"SMIM11B",0,0,3,3,4,1,1,1,0,1
"CU633980.1",0,0,0,0,0,0,0,0,0,0
"SMIM34B",0,0,0,1,2,0,0,0,0,0
"FP671120.1",7,24,25,231,35,46,27,49,45,25
"FP236383.1",0,13,7,22,16,17,5,23,11,13
"CR392039.3",1,0,0,3,2,0,0,0,0,0
"CR381653.1",8,32,24,20,20,3,5,13,5,23
"LINC01667",0,0,0,1,1,0,0,0,0,0
"CR382287.2",2,8,5,13,9,4,2,6,3,5
"AP003900.1",0,1,0,2,0,0,0,0,0,0
"TPTE",0,1,3,2,1,0,1,1,1,1
"AP001464.1",0,1,0,1,1,0,0,0,0,0
"LINC01674",0,1,0,0,0,0,0,0,0,0
"POTED",0,0,0,0,0,0,0,0,0,0
"AP001347.1",15,22,50,54,134,39,53,90,31,45
"LIPI",0,6,4,0,2,0,0,0,0,0
"RBM11",1,7,9,1,5,0,2,0,1,1
"HSPA13",7,45,40,87,66,27,21,26,14,16
"SAMSN1",1,4,1,7,7,4,0,1,0,7
"SAMSN1-AS1",0,0,0,0,1,0,0,0,0,0
"AF127936.2",0,0,0,1,0,0,0,0,0,0
"AF127936.1",0,0,0,0,0,0,0,0,0,0
"AF127577.4",0,8,8,15,18,8,5,11,4,7
"AF127577.3",0,1,0,0,1,0,2,1,1,0
"NRIP1",9,46,37,67,75,20,19,29,16,56
"AF127577.1",0,0,0,0,0,0,0,0,0,0
"AF127577.2",3,2,5,6,10,1,2,3,0,7
"AJ009632.2",5,8,50,30,53,9,5,16,9,12
"USP25",14,104,95,182,173,41,54,78,20,89
"MIR99AHG",554,2996,2180,5172,4521,1414,1738,2713,972,3500
"AP001172.1",2,14,21,17,22,13,4,14,2,26
"AP000962.1",0,5,3,30,14,3,4,5,0,9
"AF130359.1",0,1,1,0,0,0,0,0,0,0
"AF212831.1",0,0,0,0,0,0,0,0,0,0
"LINC01549",0,0,2,0,2,0,1,0,0,0
"CXADR",21,33,43,102,38,5,5,12,8,10
"BTG3",2,13,9,7,12,4,3,5,3,3
"C21orf91-OT1",0,2,0,5,5,3,0,3,1,0
"C21orf91",6,10,6,19,22,4,4,5,2,8
"AL109761.1",0,3,2,3,2,0,0,0,0,1
"CHODL-AS1",0,3,0,0,1,0,1,0,1,0
"CHODL",6,7,10,26,28,4,7,6,0,15
"AF130417.1",0,1,1,0,0,0,0,0,0,1
"TMPRSS15",0,1,2,2,3,2,0,1,1,5
"MIR548XHG",0,1,5,1,4,0,0,1,1,4
"AL157359.1",0,0,0,0,0,0,0,0,0,0
"LINC00320",20,50,41,85,88,25,21,13,17,30
"NCAM2",359,1464,1442,3339,3175,957,1367,1672,708,2237
"AP001136.1",0,0,0,0,0,0,0,0,0,0
"AP001117.1",0,0,0,0,0,0,0,0,0,0
"AF241725.1",0,0,0,0,3,0,0,0,0,1
"LINC00317",0,0,1,1,0,0,0,0,0,0
"LINC01425",0,0,0,1,1,0,0,0,0,0
"AP000472.1",0,0,0,1,0,0,0,0,0,0
"LINC01687",0,1,0,0,0,1,1,0,0,0
"AP000561.1",1,3,1,1,4,1,2,2,2,2
"AP000959.1",0,0,0,0,0,0,0,0,0,0
"AP001116.1",0,0,1,2,0,1,0,0,0,0
"AP000477.1",0,0,1,0,0,0,0,0,0,0
"AP000470.1",0,0,0,0,0,0,0,0,0,1
"LINC01689",0,0,0,0,0,0,0,0,0,0
"LINC01684",0,0,2,3,9,0,0,1,0,1
"LINC01692",1,1,5,3,4,3,0,1,0,1
"AP000402.1",0,0,0,0,0,0,0,0,0,0
"AP000146.1",1,0,0,0,1,0,1,0,1,1
"AP001341.1",0,7,8,6,11,3,2,8,1,12
"LINC00158",1,7,8,20,26,6,4,8,3,9
"AP000221.1",0,0,1,0,0,0,0,0,0,2
"MIR155HG",1,13,11,7,17,2,2,3,0,13
"AP000223.1",0,4,2,1,1,0,2,2,1,0
"MRPL39",7,37,22,48,42,10,20,27,10,23
"JAM2",17,75,132,271,161,79,70,97,21,131
"ATP5PF",38,95,86,116,112,109,50,119,30,89
"GABPA",15,48,42,83,67,30,40,45,10,55
"APP",134,348,367,725,474,73,87,111,36,187
"AP001439.1",1,0,8,7,10,2,4,1,1,4
"AP000229.1",2,2,4,9,4,2,0,0,1,2
"AP001596.1",0,1,1,0,3,0,0,1,0,0
"CYYR1-AS1",0,2,5,5,9,3,1,0,0,2
"CYYR1",0,1,4,7,7,1,1,0,0,2
"ADAMTS1",1,5,7,30,10,5,0,6,2,8
"AP001599.1",0,2,4,2,2,0,0,0,1,2
"ADAMTS5",0,1,2,1,0,0,0,0,0,0
"AP001605.1",0,3,2,0,0,0,1,1,2,2
"AP001604.1",0,0,0,1,1,0,0,0,0,1
"AJ006995.1",0,0,1,0,0,0,0,0,0,1
"LINC00314",0,0,1,0,0,0,0,0,0,0
"LINC01695",2,1,10,19,18,2,2,2,2,6
"AF165147.1",12,34,62,150,138,8,20,16,11,57
"N6AMT1",0,11,8,14,13,7,8,6,1,15
"LTN1",23,86,46,79,75,23,24,43,11,60
"RWDD2B",4,12,8,10,4,2,1,2,1,9
"AF129075.2",1,2,1,1,1,1,0,1,0,0
"USP16",32,96,66,101,104,55,36,85,24,67
"CCT8",9,47,40,70,45,41,20,52,10,29
"MAP3K7CL",4,6,9,15,10,0,3,1,3,7
"AF124730.1",1,0,0,0,0,0,0,2,0,0
"BACH1",17,74,95,193,118,32,27,59,21,62
"BACH1-AS1",0,0,1,0,0,0,0,0,1,2
"GRIK1",39,82,127,218,114,15,8,35,18,62
"AP000238.1",0,0,0,0,1,0,0,0,0,0
"GRIK1-AS1",2,6,12,29,14,6,7,7,1,22
"TIAM1",24,112,142,241,216,26,29,58,23,80
"AP000251.1",0,0,0,0,0,0,0,0,0,0
"AP000253.1",1,3,5,10,14,5,4,2,3,7
"SOD1",60,228,147,143,133,132,73,171,43,69
"AP000254.1",1,2,0,6,3,2,0,3,2,2
"SCAF4",7,74,58,109,94,21,29,58,12,83
"AP000255.1",0,0,0,0,0,0,0,0,0,0
"HUNK",11,45,20,47,24,6,5,11,4,9
"LINC00159",1,9,15,32,36,8,2,10,4,18
"AP000265.1",0,1,6,3,0,0,0,0,0,1
"MIS18A",2,7,12,14,13,2,2,8,2,6
"MIS18A-AS1",1,1,2,4,1,1,3,0,0,8
"MRAP",0,3,1,2,2,1,0,0,0,3
"AP000266.1",0,1,0,0,0,0,1,0,0,0
"URB1",8,21,39,51,53,7,8,19,7,32
"URB1-AS1",4,11,11,6,11,7,6,5,4,20
"EVA1C",28,193,173,314,209,21,44,76,20,177
"TCP10L",0,1,0,3,1,2,0,2,1,1
"AP000275.2",0,0,0,5,6,0,1,1,0,2
"CFAP298",0,5,2,2,3,1,0,0,0,2
"SYNJ1",11,84,67,126,72,13,19,27,12,38
"PAXBP1-AS1",6,37,19,27,28,4,10,11,4,36
"PAXBP1",20,155,121,227,176,53,44,74,25,126
"C21orf62-AS1",8,83,107,171,174,41,48,63,21,163
"C21orf62",2,17,24,37,13,5,6,6,1,23
"AP000281.2",0,1,0,0,0,0,0,0,0,0
"AP000282.1",12,29,33,51,50,6,19,18,4,46
"OLIG2",3,33,20,89,48,14,9,24,8,30
"LINC00945",0,0,0,1,0,0,0,0,0,0
"OLIG1",32,103,97,235,189,74,44,78,39,103
"AP000289.1",0,0,0,0,0,0,0,0,0,0
"LINC01548",0,0,0,0,0,0,0,0,0,1
"AP000295.1",0,0,0,1,0,0,0,0,0,0
"IL10RB-DT",0,0,0,1,1,0,0,0,0,0
"IL10RB",0,10,3,13,6,5,4,4,2,1
"IFNAR1",8,70,37,52,63,20,13,33,12,39
"IFNGR2",20,133,96,98,122,13,14,50,9,110
"TMEM50B",19,80,66,83,99,39,43,55,21,58
"AP000302.1",0,0,0,9,4,1,0,2,1,0
"DNAJC28",0,5,15,29,20,10,5,12,2,17
"GART",12,28,41,71,58,8,7,29,7,52
"SON",183,577,681,856,830,176,216,302,120,456
"DONSON",3,28,24,47,20,17,12,29,5,30
"AP000311.1",18,269,212,213,181,32,56,74,18,292
"ITSN1",91,628,509,899,769,203,275,333,128,663
"LINC00649",0,1,0,3,3,2,1,1,1,5
"MRPS6",16,58,166,535,190,83,41,125,28,115
"LINC00310",2,9,12,36,18,7,9,12,7,18
"AP000317.1",2,11,31,69,30,7,8,8,0,36
"KCNE2",0,4,4,7,3,1,1,0,1,4
"AP000320.1",0,0,0,0,0,0,0,0,0,0
"SMIM11A",0,2,1,0,0,1,0,1,0,1
"AP000322.2",0,0,0,0,0,0,0,0,0,0
"AP000322.1",0,0,0,2,0,1,0,0,1,0
"KCNE1",2,7,1,7,5,1,0,0,0,1
"RCAN1",7,52,45,81,52,18,13,25,5,25
"CLIC6",0,0,1,1,2,2,0,2,0,0
"LINC00160",0,0,0,0,0,0,0,0,0,0
"LINC01426",1,1,3,0,0,0,0,0,0,0
"RUNX1",4,37,30,58,76,28,22,39,11,39
"LINC01436",0,0,0,0,2,0,0,0,0,0
"SETD4",37,88,61,39,41,25,26,79,23,63
"AP000688.4",0,0,0,0,0,0,0,0,0,0
"CBR1",45,190,98,95,97,67,52,76,28,84
"AP000688.3",0,3,2,1,1,0,0,1,1,2
"AP000688.2",9,18,11,4,12,4,10,3,1,15
"CBR3",4,41,28,40,40,12,7,23,5,21
"DOPEY2",5,36,23,48,43,7,12,7,6,36
"AP000692.2",0,1,0,3,3,1,0,1,0,0
"MORC3",20,81,90,129,146,45,40,94,20,135
"CHAF1B",0,6,3,3,5,0,1,0,0,4
"AP000695.1",0,0,2,1,0,0,0,0,0,0
"AP000695.2",0,3,5,2,2,4,0,1,2,0
"CLDN14",1,2,4,9,5,1,2,1,3,4
"AP000696.1",0,0,0,0,0,0,0,0,0,1
"AP000697.1",0,0,0,0,0,0,0,0,0,0
"SIM2",0,2,0,3,3,1,1,0,0,0
"HLCS",30,131,109,183,227,51,55,65,29,150
"AP000704.1",1,0,2,4,1,2,1,2,1,0
"RIPPLY3",1,0,1,0,1,0,1,0,0,1
"PIGP",4,27,21,37,53,17,12,26,13,32
"TTC3",80,300,379,830,665,254,200,330,110,431
"TTC3-AS1",0,5,11,4,6,2,1,4,0,18
"DSCR9",0,1,1,2,1,0,0,1,0,2
"AP001432.1",1,5,4,2,3,0,1,3,0,4
"VPS26C",10,41,41,46,64,13,10,24,7,54
"AP001412.1",1,0,1,1,2,2,2,0,2,3
"AP001437.1",1,2,5,2,3,1,0,2,0,2
"DYRK1A",59,208,181,430,380,74,109,173,51,254
"KCNJ6",4,26,42,75,55,8,5,13,2,12
"DSCR8",0,0,0,0,0,0,0,0,0,0
"KCNJ15",0,2,0,1,1,0,0,0,0,0
"ERG",4,4,7,6,15,3,4,7,3,15
"LINC00114",0,1,0,0,0,0,1,0,1,0
"ETS2",4,22,14,32,19,4,3,12,3,4
"AP001043.1",3,6,10,8,3,2,0,1,4,4
"LINC01700",0,0,0,1,1,0,0,1,0,0
"AF064858.1",0,0,2,2,1,3,1,2,1,1
"PSMG1",2,13,8,7,9,3,1,8,1,2
"BRWD1",54,312,217,424,441,127,143,178,74,317
"AF129408.1",0,0,0,0,1,0,1,0,0,4
"BRWD1-AS2",0,0,2,2,2,0,0,2,0,0
"BRWD1-AS1",0,2,1,3,0,0,1,0,0,0
"HMGN1",25,126,69,98,79,18,41,54,5,108
"WRB",14,90,65,84,92,47,43,63,20,68
"LCA5L",3,17,13,17,20,2,4,3,0,19
"SH3BGR",5,27,17,19,27,24,9,26,6,35
"B3GALT5",6,29,38,53,46,15,20,32,4,39
"B3GALT5-AS1",1,0,8,6,6,4,5,8,1,2
"AF064860.2",0,0,0,0,0,1,0,0,0,0
"IGSF5",1,2,9,24,17,4,5,9,4,11
"PCP4",22,37,46,64,21,8,3,6,0,12
"DSCAM",28,163,336,444,483,44,17,43,38,88
"DSCAM-AS1",0,0,0,0,2,0,0,0,0,1
"LINC00323",0,1,3,1,0,0,0,0,0,0
"BACE2",1,26,37,48,50,7,8,29,4,35
"FAM3B",0,0,0,1,0,0,0,1,0,0
"MX2",0,2,2,1,1,1,0,0,0,0
"MX1",1,11,16,12,14,3,3,6,2,10
"AP001610.1",0,1,1,1,1,1,1,4,0,1
"TMPRSS2",0,0,1,0,1,0,0,0,1,0
"LINC00111",0,0,0,0,0,0,0,0,0,0
"LINC00479",0,0,0,0,0,0,0,0,0,1
"PRDM15",5,7,14,31,27,7,2,5,3,13
"C2CD2",23,74,62,81,110,60,77,68,34,85
"ZBTB21",4,24,8,20,24,7,6,13,5,8
"ZNF295-AS1",0,4,1,5,1,0,0,2,1,1
"UMODL1",0,1,0,1,0,0,0,1,1,1
"ABCG1",5,25,16,32,39,7,4,5,4,19
"TMPRSS3",0,10,13,13,14,9,10,6,6,13
"UBASH3A",0,0,1,0,1,0,0,0,0,0
"RSPH1",5,17,6,19,7,2,1,10,2,3
"SLC37A1",4,21,37,39,48,12,8,23,4,39
"AP001626.1",0,1,1,1,1,0,1,0,0,1
"PDE9A",20,45,58,87,72,15,31,36,20,90
"AP001627.1",0,3,0,3,1,1,1,0,2,4
"AP001628.1",1,1,8,10,7,1,0,3,1,8
"WDR4",5,18,13,25,9,5,3,8,3,19
"NDUFV3",24,70,77,77,90,28,18,39,21,84
"ERVH48-1",0,0,2,2,1,0,0,1,0,1
"PKNOX1",18,38,59,92,106,16,23,34,18,69
"CBS",0,2,2,2,2,2,0,2,1,3
"U2AF1",0,3,11,30,26,1,6,10,6,14
"LINC01679",0,0,0,0,0,0,0,0,0,0
"SIK1",0,1,0,1,0,0,0,1,0,0
"HSF2BP",1,8,11,22,11,1,3,8,0,7
"RRP1B",7,46,30,45,54,18,10,24,4,44
"PDXK",40,139,147,146,173,49,50,77,28,136
"CSTB",22,74,57,53,75,111,38,127,38,78
"RRP1",6,16,29,28,17,11,9,15,5,18
"AATBC",0,1,0,0,0,0,0,0,1,0
"AGPAT3",18,77,60,93,75,23,24,39,8,68
"TRAPPC10",25,129,86,133,128,15,31,31,19,88
"PWP2",0,5,2,0,0,3,3,0,0,3
"GATD3A",1,25,12,5,2,0,0,2,2,16
"LINC01678",3,1,3,3,1,0,0,0,0,1
"AP001056.2",0,0,1,0,0,0,1,0,0,0
"ICOSLG",2,1,3,6,4,0,2,0,0,0
"AP001059.3",0,0,1,0,1,0,0,0,0,0
"AP001059.2",0,0,1,2,0,0,0,0,0,0
"DNMT3L",0,0,1,0,1,0,0,0,0,0
"AP001059.1",0,0,0,0,0,0,0,0,0,0
"AIRE",0,0,3,3,5,0,1,0,0,0
"PFKL",51,89,106,146,105,43,42,56,35,47
"C21orf2",15,39,22,46,37,10,9,6,5,7
"AP001062.1",0,0,0,1,1,0,0,0,1,2
"AP001062.2",0,0,0,0,0,0,0,0,0,0
"TRPM2",2,13,20,32,16,0,3,1,2,6
"TRPM2-AS",0,0,0,0,0,0,0,0,0,0
"LRRC3-DT",0,0,0,2,1,0,0,0,0,1
"LRRC3",0,1,2,2,2,4,0,2,0,1
"AP001065.1",1,0,0,1,0,0,0,0,0,0
"TSPEAR",0,3,1,6,1,0,2,5,0,5
"TSPEAR-AS2",0,1,0,0,0,0,0,0,0,0
"KRTAP10-4",1,1,1,1,0,1,0,1,1,0
"UBE2G2",18,94,104,177,161,44,40,75,23,112
"LINC01424",0,0,4,0,0,0,1,0,0,0
"SUMO3",7,38,36,83,24,18,11,15,5,21
"PTTG1IP",23,117,114,169,183,178,91,175,52,101
"ITGB2",0,1,1,3,4,0,0,1,1,1
"ITGB2-AS1",0,0,0,0,2,0,0,0,0,0
"LINC01547",1,1,2,2,5,0,0,0,2,4
"FAM207A",1,6,6,8,11,3,3,4,3,1
"AP001505.1",0,3,7,3,3,1,3,6,3,1
"PICSAR",0,0,0,1,0,0,0,0,0,0
"ADARB1",9,22,41,61,45,14,17,24,5,35
"LINC00334",0,0,1,2,1,0,0,0,0,0
"POFUT2",17,24,23,47,32,11,8,21,12,11
"BX322557.1",0,2,0,0,1,0,0,1,0,0
"LINC00316",0,0,0,0,0,0,0,0,0,0
"BX322562.1",0,0,0,0,0,0,0,0,0,2
"COL18A1",11,29,23,44,33,21,15,17,4,18
"COL18A1-AS1",0,0,0,0,0,1,0,0,0,0
"SLC19A1",4,14,26,23,17,5,2,10,3,14
"LINC01694",0,0,0,0,0,0,0,0,0,0
"PCBP3",6,58,30,61,83,21,31,22,8,56
"AL133492.1",0,1,0,0,0,0,1,0,0,0
"AL592528.1",0,0,0,0,0,0,0,0,0,0
"AJ011932.1",0,0,0,1,0,0,0,0,0,0
"COL6A1",23,64,73,171,165,75,50,71,47,67
"COL6A2",2,21,5,7,21,18,4,4,1,10
"FTCD",4,15,15,19,9,4,2,5,0,5
"SPATC1L",1,13,17,14,12,6,8,10,4,8
"AP001468.1",0,0,0,1,3,0,0,0,2,0
"LSS",45,80,142,181,135,41,39,57,34,75
"AP001469.1",0,0,1,0,1,0,0,0,0,0
"MCM3AP-AS1",5,33,34,46,73,11,19,29,17,58
"MCM3AP",17,71,58,83,78,14,32,36,14,48
"YBEY",13,22,31,46,38,9,7,13,4,20
"C21orf58",6,6,17,14,15,5,5,12,0,17
"PCNT",4,31,48,90,52,19,16,26,6,35
"DIP2A",18,94,117,116,127,30,35,58,24,103
"S100B",71,257,171,141,240,94,65,108,58,157
"PRMT2",52,157,199,258,249,87,68,131,44,144
"MT-ND1",66,471,500,1880,715,511,253,771,364,357
"MT-ND2",153,638,765,2358,1405,1603,646,1792,1203,713
"MT-CO1",192,862,950,3390,1442,448,299,542,251,707
"MT-CO2",229,1440,1591,4785,2540,1239,526,872,724,628
"MT-ATP8",1,6,9,24,11,5,3,8,13,2
"MT-ATP6",155,1051,1337,3471,2055,929,423,866,713,429
"MT-CO3",311,1801,2074,5445,2568,879,502,950,625,644
"MT-ND3",253,1790,1759,5848,2798,2544,1118,2130,2094,919
"MT-ND4L",3,69,58,243,126,107,36,106,56,42
"MT-ND4",216,1471,910,3340,1906,1518,816,1146,1177,821
"MT-ND5",16,157,130,341,269,170,72,160,106,60
"MT-ND6",2,13,10,26,12,3,0,3,2,3
"MT-CYB",158,754,844,2550,1555,814,377,585,598,515
"AC136352.3",0,0,0,0,0,0,0,0,0,0
"BX004987.1",0,1,0,0,1,0,0,0,0,1
"AC145212.1",0,1,2,0,0,11,1,1,5,0
"MAFIP",0,0,0,0,0,0,0,0,0,0
"AC011043.1",1,32,66,32,54,8,22,27,13,21
"AC011043.2",0,0,0,0,0,0,0,1,0,1
"AL592183.1",14,42,122,50,43,22,40,62,27,69
"AC007325.4",0,9,16,30,19,6,16,31,8,11
"AC007325.2",2,14,11,23,22,4,5,11,8,30
"AL354822.1",0,1,1,14,14,3,3,1,3,9
"AC023491.2",0,0,0,0,0,0,0,0,0,0
"AC004556.1",0,0,4,1,1,0,0,0,0,0
"AC240274.1",1,7,4,6,11,5,7,6,2,11
