"","1","2","8","9","10","11","12","13","14","15"
"AL627309.1",0,0,0,0,0,0,0,0,0,0
"AC114498.1",0,0,0,0,0,0,0,0,0,1
"AL669831.5",3,0,3,1,2,4,2,2,6,0
"FAM87B",1,0,0,0,0,0,0,0,0,0
"LINC00115",0,0,0,0,0,0,0,0,0,1
"FAM41C",0,0,0,0,0,0,0,0,0,0
"AL645608.7",0,0,0,0,0,0,0,0,0,0
"AL645608.1",1,0,0,0,0,0,0,0,0,2
"SAMD11",0,0,0,0,0,1,0,0,1,5
"NOC2L",1,1,0,0,2,0,1,2,3,5
"KLHL17",0,0,1,0,1,0,1,0,0,0
"PLEKHN1",0,0,0,0,0,0,0,0,0,0
"PERM1",0,0,0,0,0,0,0,0,0,1
"AL645608.8",0,0,0,1,2,2,2,1,0,1
"HES4",5,2,5,6,11,33,45,32,18,18
"ISG15",2,5,0,6,2,5,8,10,7,5
"AL645608.2",0,0,0,0,0,0,0,0,0,0
"AGRN",4,3,3,6,4,7,7,6,1,1
"C1orf159",2,0,0,1,4,0,0,1,1,2
"LINC01342",0,0,0,0,0,0,0,0,0,0
"TTLL10",0,0,0,0,0,0,0,0,0,0
"TNFRSF18",0,0,0,0,0,0,0,0,0,0
"TNFRSF4",0,0,0,0,0,0,0,0,0,0
"SDF4",3,2,3,1,3,4,12,6,6,3
"B3GALT6",0,0,2,0,0,0,0,0,1,0
"C1QTNF12",0,0,0,2,1,0,1,0,0,2
"UBE2J2",1,1,2,2,3,1,5,2,2,8
"LINC01786",1,0,0,0,0,0,1,0,0,0
"SCNN1D",0,0,2,0,0,0,1,0,0,0
"ACAP3",1,3,3,3,5,6,7,3,0,2
"PUSL1",1,0,0,1,0,0,1,0,0,1
"INTS11",4,2,8,2,1,2,11,3,3,3
"CPTP",1,0,0,0,0,0,5,2,0,0
"TAS1R3",0,0,0,0,0,0,0,0,0,0
"DVL1",0,1,0,1,0,0,3,2,2,0
"MXRA8",4,1,1,1,0,1,2,1,4,8
"AURKAIP1",5,6,6,2,7,3,10,12,4,4
"CCNL2",5,4,10,6,7,6,20,10,12,17
"MRPL20",5,4,8,1,4,2,11,2,5,5
"AL391244.3",0,0,0,0,0,0,0,0,0,0
"ANKRD65",0,2,0,0,0,0,2,0,1,0
"TMEM88B",0,0,0,0,0,0,0,0,0,0
"VWA1",2,4,2,2,4,4,13,3,3,8
"ATAD3C",0,2,0,0,1,0,1,0,0,0
"ATAD3B",0,1,0,0,1,2,1,0,0,0
"ATAD3A",1,0,2,1,2,0,1,0,0,0
"TMEM240",0,0,0,0,0,0,1,0,1,1
"SSU72",3,4,2,4,4,4,12,8,6,2
"AL645728.1",0,0,0,0,0,0,0,0,0,0
"FNDC10",0,0,1,1,1,0,0,0,0,0
"AL691432.2",0,0,0,1,2,0,0,1,0,0
"MIB2",0,0,3,2,3,2,0,0,1,2
"MMP23B",0,0,0,0,0,0,0,0,0,1
"CDK11B",2,5,1,2,3,3,6,1,1,6
"FO704657.1",0,0,0,0,0,1,0,0,0,0
"SLC35E2B",0,1,4,1,4,2,7,2,1,4
"CDK11A",1,2,6,1,4,2,5,4,1,1
"SLC35E2A",1,1,3,1,4,0,2,1,2,3
"NADK",0,0,1,2,3,2,2,2,2,8
"GNB1",19,10,16,8,21,3,23,11,13,28
"AL109917.1",0,0,0,0,0,0,0,0,0,0
"CALML6",0,0,0,0,0,0,0,0,0,0
"TMEM52",0,0,0,0,0,0,0,0,0,0
"CFAP74",0,0,0,0,1,1,0,1,0,2
"AL391845.2",0,0,0,0,0,0,0,0,0,0
"GABRD",1,2,1,1,1,0,1,0,1,1
"PRKCZ",1,3,4,4,0,1,1,2,0,6
"AL590822.2",0,0,0,0,0,0,0,0,0,0
"PRKCZ-AS1",0,0,0,0,0,0,0,0,0,0
"FAAP20",3,2,3,2,2,5,3,4,6,3
"AL590822.1",0,0,1,0,0,0,0,0,0,0
"SKI",3,4,4,3,4,2,9,5,3,8
"MORN1",1,0,3,0,0,0,0,1,1,1
"RER1",5,1,1,0,0,1,3,6,2,4
"PEX10",1,0,1,0,1,0,0,0,1,4
"PLCH2",0,0,0,0,0,0,0,0,0,1
"AL139246.1",0,0,0,0,0,0,0,0,0,0
"PANK4",0,0,0,0,1,0,0,1,1,0
"HES5",0,0,0,0,0,0,0,0,0,0
"AL139246.5",0,0,0,0,1,0,1,1,0,0
"TNFRSF14-AS1",0,1,0,0,0,0,0,0,0,0
"TNFRSF14",1,1,0,0,1,2,6,1,3,2
"AL139246.3",0,0,0,0,0,0,0,0,0,0
"FAM213B",0,0,2,0,0,0,2,0,1,0
"MMEL1",0,0,0,0,0,0,0,0,0,0
"AL831784.1",0,0,0,0,0,0,0,0,0,0
"TTC34",1,0,0,0,1,0,0,0,0,0
"AL589702.1",0,0,0,0,0,0,0,0,0,0
"LINC00982",0,0,0,1,1,0,0,0,1,0
"PRDM16",0,1,1,0,5,1,5,1,0,3
"AL590438.1",0,0,0,0,0,0,0,0,0,0
"ARHGEF16",0,0,0,0,0,0,0,0,0,0
"MEGF6",0,0,0,0,0,0,1,0,1,0
"AL513320.1",0,0,1,0,0,0,0,0,0,0
"TPRG1L",2,0,3,0,3,2,2,4,0,2
"WRAP73",1,0,0,0,3,1,2,0,0,1
"TP73",0,0,0,0,0,0,0,0,0,0
"AL136528.2",0,0,0,0,0,0,0,0,0,0
"CCDC27",0,0,0,0,0,0,0,0,0,0
"SMIM1",0,0,0,0,0,0,0,0,0,0
"LRRC47",2,1,1,1,1,0,4,1,3,3
"CEP104",0,1,1,3,2,2,0,3,2,6
"DFFB",0,0,0,0,1,1,1,2,1,2
"C1orf174",0,0,0,0,0,0,5,0,1,2
"LINC01134",0,0,0,0,0,0,1,0,0,0
"LINC01346",0,0,0,0,0,0,0,0,0,0
"LINC01345",0,0,0,0,0,0,0,0,0,0
"AL805961.1",0,0,0,0,0,0,0,0,0,0
"AL805961.2",0,0,0,0,1,0,0,0,0,0
"AL355602.1",0,0,0,0,0,0,0,0,0,0
"AJAP1",2,0,0,2,1,0,0,2,1,0
"BX005132.1",0,0,0,0,0,0,0,0,0,0
"Z98259.3",0,0,0,0,0,0,0,0,0,0
"AL365255.1",0,0,0,0,0,0,0,0,0,0
"NPHP4",0,0,0,0,2,0,3,0,0,2
"KCNAB2",1,1,1,0,3,0,3,1,1,0
"CHD5",3,2,3,2,7,0,1,1,0,1
"RPL22",4,4,3,1,1,0,4,3,4,3
"RNF207",1,0,0,0,1,0,0,0,0,1
"ICMT",2,1,1,1,1,1,4,1,0,1
"GPR153",0,0,0,0,0,1,0,1,0,0
"ACOT7",1,3,1,1,1,0,2,0,0,1
"AL031848.2",0,0,0,0,0,0,0,0,0,0
"HES2",0,0,1,0,0,0,0,0,0,0
"ESPN",0,0,0,0,0,0,0,0,0,0
"TNFRSF25",2,1,1,2,2,0,5,0,1,1
"PLEKHG5",1,2,1,0,0,1,2,1,0,0
"NOL9",1,0,1,0,4,0,1,1,0,3
"TAS1R1",0,0,1,0,1,0,0,0,0,0
"ZBTB48",1,0,0,0,2,0,2,1,0,2
"KLHL21",2,0,4,1,4,2,2,3,3,2
"PHF13",0,0,0,0,0,0,3,1,1,3
"THAP3",0,0,0,1,1,1,0,1,1,0
"DNAJC11",0,0,2,0,3,0,3,3,3,2
"LINC01672",0,0,0,0,0,0,0,0,0,0
"AL591163.1",0,0,0,0,0,0,1,0,0,0
"CAMTA1-DT",0,0,1,0,0,0,1,0,0,0
"CAMTA1",12,10,26,9,18,15,20,11,13,26
"AL512330.1",0,0,0,0,0,0,0,0,0,0
"Z97987.1",0,0,1,0,0,0,0,0,0,0
"AL359881.3",0,0,0,0,0,0,0,0,0,0
"AL359881.2",0,0,0,0,0,0,0,0,0,0
"AL359881.1",0,0,0,0,0,0,0,0,0,0
"VAMP3",4,1,4,1,3,2,6,7,2,2
"PER3",4,7,2,1,9,2,4,7,5,9
"Z98884.1",0,0,0,0,0,0,0,1,0,0
"UTS2",0,0,0,0,0,0,0,0,0,0
"TNFRSF9",0,0,0,0,1,0,0,0,0,0
"PARK7",3,4,7,3,6,13,5,6,6,6
"AL034417.4",0,0,0,0,0,0,1,0,0,0
"AL034417.3",0,0,1,0,0,0,0,0,1,0
"ERRFI1",3,2,0,0,6,3,4,4,6,9
"AL034417.2",0,0,1,0,1,0,2,1,0,2
"LINC01714",0,0,0,0,0,0,0,0,0,0
"SLC45A1",0,1,0,0,0,1,0,0,1,0
"RERE",18,10,37,28,37,15,50,25,14,48
"AL096855.1",3,1,0,0,0,0,3,2,1,0
"ENO1",4,8,8,8,4,6,8,8,8,8
"ENO1-AS1",0,0,0,0,0,0,0,0,0,0
"CA6",0,0,0,0,0,0,0,1,0,0
"SLC2A7",0,0,0,0,0,0,0,0,0,0
"SLC2A5",0,0,0,0,0,0,1,0,0,0
"GPR157",0,0,0,1,0,0,1,0,0,0
"MIR34AHG",1,0,2,0,4,1,2,0,2,2
"LINC01759",0,0,0,0,0,1,0,0,0,2
"H6PD",1,0,1,2,3,0,1,1,0,3
"SPSB1",0,2,2,0,0,1,4,2,0,3
"BX323043.1",0,0,0,0,0,0,0,0,0,0
"AL928921.2",0,0,0,0,0,0,0,0,0,0
"SLC25A33",1,1,2,2,3,1,2,1,0,2
"TMEM201",0,0,1,0,2,0,1,1,0,0
"PIK3CD",2,1,4,3,4,3,1,3,2,2
"PIK3CD-AS2",0,1,0,0,0,0,0,2,0,0
"CLSTN1",15,3,14,6,6,1,16,7,7,8
"CTNNBIP1",2,1,1,0,6,2,6,1,2,5
"AL357140.1",0,0,0,0,0,0,0,0,0,0
"LZIC",2,2,1,2,2,2,3,2,2,2
"NMNAT1",2,0,2,0,2,1,1,0,1,0
"RBP7",0,0,1,0,2,0,1,1,0,1
"UBE4B",9,0,13,6,12,2,11,9,3,15
"KIF1B",18,16,13,16,22,6,15,18,11,25
"AL139424.3",0,0,0,0,0,0,1,0,0,0
"AL139424.2",0,0,1,0,0,0,0,0,0,0
"PGD",2,1,1,1,1,1,2,0,1,3
"CENPS-CORT",0,0,0,0,0,0,0,0,0,0
"DFFA",0,2,2,1,3,2,4,1,1,0
"AL354956.1",0,0,0,0,0,0,0,0,0,0
"PEX14",2,3,3,1,5,0,8,1,1,7
"CASZ1",0,0,1,0,0,0,1,0,1,1
"AL139423.1",0,0,0,0,0,0,0,0,0,0
"C1orf127",0,0,0,0,0,0,0,0,0,1
"TARDBP",0,0,0,0,0,0,0,0,0,0
"AL109811.4",0,0,0,0,0,0,0,0,0,0
"MASP2",0,0,1,0,1,1,2,0,0,0
"SRM",3,3,3,1,3,4,7,1,4,3
"EXOSC10",4,1,2,2,5,3,2,2,2,6
"AL109811.1",2,0,1,0,2,0,0,0,0,2
"AL109811.2",0,0,0,0,0,0,0,0,0,0
"MTOR",3,2,2,0,5,3,11,6,1,8
"MTOR-AS1",0,0,0,0,0,0,0,0,0,0
"ANGPTL7",0,0,0,0,0,0,0,0,0,0
"UBIAD1",0,1,0,0,0,1,0,1,0,1
"AL031291.1",0,0,0,0,0,0,0,0,0,1
"DISP3",0,0,0,1,1,1,0,0,1,0
"AL031731.1",2,0,0,0,1,0,0,0,0,0
"FBXO2",2,1,4,0,3,0,2,0,0,0
"FBXO44",5,0,2,1,4,0,2,0,1,1
"FBXO6",1,0,0,0,0,0,1,0,0,0
"MAD2L2",1,0,2,0,1,1,4,4,1,1
"DRAXIN",0,0,0,0,1,0,0,0,0,0
"AGTRAP",2,1,1,1,1,0,4,1,0,2
"C1orf167",0,0,0,0,0,0,0,0,0,1
"MTHFR",1,2,2,0,2,0,7,3,1,5
"CLCN6",1,2,0,0,3,1,3,0,1,1
"NPPA-AS1",0,1,0,0,0,0,0,0,0,0
"NPPA",0,0,0,0,0,0,0,0,0,0
"NPPB",0,0,0,0,0,0,0,0,0,0
"KIAA2013",0,4,1,3,3,2,9,5,2,2
"PLOD1",1,1,3,6,2,4,15,10,9,5
"MFN2",2,2,2,3,4,1,1,5,1,4
"MIIP",3,1,0,1,1,0,3,0,1,1
"TNFRSF8",0,0,0,0,0,0,0,1,0,0
"TNFRSF1B",3,3,0,4,3,2,7,5,3,4
"VPS13D",10,9,14,12,21,13,22,15,4,29
"DHRS3",1,0,0,0,3,2,3,3,6,9
"AADACL4",0,0,0,0,0,0,0,0,0,0
"C1orf158",0,0,0,0,0,0,0,0,0,0
"PRAMEF20",0,0,0,0,0,0,0,0,0,0
"LRRC38",0,0,0,0,1,0,0,0,3,0
"PDPN",0,0,1,0,0,1,0,0,0,3
"PRDM2",7,8,7,4,13,7,11,4,6,17
"KAZN",35,12,37,19,36,16,39,5,53,61
"KAZN-AS1",0,0,0,0,0,0,1,0,0,0
"TMEM51-AS1",0,0,1,0,1,0,1,1,0,0
"TMEM51",3,1,1,2,3,2,0,1,1,4
"C1orf195",0,0,0,0,0,0,0,0,0,0
"FHAD1",0,0,1,0,0,0,1,0,0,0
"AL031283.2",0,0,0,0,0,0,0,0,0,0
"AL031283.1",0,0,0,0,0,0,0,0,0,0
"EFHD2",2,0,0,2,2,1,4,2,1,1
"CTRC",0,0,0,0,0,0,0,0,0,0
"CELA2A",0,0,0,0,0,0,0,0,0,0
"CELA2B",0,0,0,0,0,0,0,0,0,1
"CASP9",1,0,0,1,2,0,1,0,1,1
"DNAJC16",3,2,3,1,4,5,7,1,1,6
"AL121992.3",0,0,0,0,0,0,0,0,0,0
"AGMAT",0,0,0,0,0,0,0,0,0,0
"AL121992.1",1,0,0,1,0,0,0,0,0,0
"DDI2",2,2,1,3,1,1,1,0,1,3
"PLEKHM2",3,3,3,0,7,2,6,1,1,10
"AL450998.3",0,0,0,0,0,0,0,0,0,0
"SLC25A34",0,0,1,0,0,2,0,1,2,1
"SLC25A34-AS1",0,0,0,0,0,0,1,0,0,0
"TMEM82",0,0,0,0,0,0,0,0,0,0
"FBLIM1",0,1,2,0,2,4,1,1,0,4
"UQCRHL",1,0,1,0,1,0,0,0,0,0
"AL450998.2",1,2,2,0,3,2,2,1,1,0
"SPEN",6,6,8,10,7,5,19,16,5,8
"ZBTB17",0,0,3,2,2,1,6,1,1,0
"SRARP",2,13,7,5,10,4,65,12,8,2
"HSPB7",0,0,0,2,0,0,1,2,0,0
"CLCNKA",0,0,0,0,0,0,0,0,0,0
"CLCNKB",0,0,0,1,0,0,0,0,0,0
"FAM131C",0,0,0,0,0,0,0,0,0,0
"EPHA2",1,1,1,5,3,1,4,3,0,3
"AL451042.2",0,0,0,0,0,0,0,0,0,0
"AL451042.1",0,0,0,0,0,0,0,0,0,0
"ARHGEF19",0,0,0,0,0,0,1,2,1,0
"CPLANE2",0,0,0,0,0,0,0,0,0,0
"FBXO42",2,4,2,3,8,2,10,7,2,12
"SZRD1",3,1,0,2,4,2,4,2,2,1
"SPATA21",0,1,0,0,0,0,0,0,0,1
"NECAP2",1,1,8,2,1,2,2,4,1,3
"LINC01772",0,0,0,1,0,0,0,1,0,0
"AL137802.2",0,0,0,0,0,0,0,0,0,0
"NBPF1",1,0,1,0,3,2,3,5,3,5
"CROCC",4,1,3,1,3,2,6,5,4,5
"BX284668.5",0,0,0,0,0,0,2,2,2,0
"BX284668.6",0,0,0,0,0,0,0,0,0,0
"AL049569.1",1,0,0,2,0,0,0,2,1,0
"ATP13A2",1,1,2,4,6,0,3,1,0,2
"SDHB",1,1,2,1,3,4,6,2,2,6
"PADI2",2,4,4,1,1,0,3,0,2,7
"PADI1",0,0,0,0,0,0,0,0,0,0
"PADI3",0,0,0,0,0,0,0,0,0,0
"PADI4",0,0,0,0,1,0,0,0,1,0
"PADI6",0,0,0,0,0,0,0,0,0,0
"RCC2",1,0,3,1,3,1,1,2,0,3
"ARHGEF10L",2,0,5,1,6,0,1,0,2,3
"AL136529.1",0,0,0,0,0,0,0,0,0,0
"ACTL8",0,0,0,0,0,0,0,0,0,0
"AL357509.1",0,0,0,0,0,0,0,0,0,0
"LINC01654",0,0,0,0,0,0,0,0,0,0
"IGSF21",2,0,1,0,3,0,3,1,0,0
"IGSF21-AS1",0,0,0,0,0,0,0,0,0,0
"AL591896.1",0,0,0,0,0,0,0,0,0,0
"PAX7",0,0,0,0,0,0,0,0,0,0
"AL080251.1",0,1,0,0,0,0,0,0,0,0
"IFFO2",0,0,1,0,0,0,1,0,1,2
"UBR4",4,1,4,9,9,2,7,2,2,16
"AL035413.1",2,2,2,1,2,1,2,2,0,2
"EMC1",4,1,1,2,2,1,5,0,0,3
"MRTO4",1,0,0,0,0,0,1,3,0,0
"AKR7A3",0,0,0,0,0,0,0,0,0,0
"AKR7A2",1,1,1,1,0,1,3,3,1,2
"PQLC2",2,0,2,2,0,0,1,0,0,2
"CAPZB",7,3,7,2,13,7,7,8,15,18
"AL031727.2",0,0,0,0,0,0,0,0,0,0
"NBL1",8,5,7,3,4,8,11,6,13,8
"HTR6",0,0,0,0,0,0,0,0,0,0
"TMCO4",2,1,0,0,4,0,2,0,0,3
"OTUD3",0,1,0,0,0,0,0,0,0,2
"PLA2G5",0,0,0,0,0,0,1,0,0,1
"PLA2G2D",0,0,0,0,0,0,0,0,0,0
"PLA2G2C",0,0,0,0,0,0,0,0,0,0
"UBXN10-AS1",0,0,0,0,0,0,0,0,0,0
"UBXN10",0,0,0,0,1,0,0,0,0,0
"VWA5B1",0,0,0,0,0,0,0,0,1,0
"AL020998.1",0,0,0,0,0,0,1,0,0,0
"LINC01141",1,0,0,0,0,1,0,1,0,0
"CAMK2N1",5,3,8,10,12,6,15,11,2,11
"MUL1",0,2,1,1,2,2,2,4,2,0
"FAM43B",0,0,0,0,0,0,0,0,0,0
"CDA",0,3,3,1,3,2,11,4,3,1
"PINK1",4,3,7,3,2,2,8,4,2,6
"PINK1-AS",1,0,0,0,0,0,2,0,0,0
"DDOST",2,0,1,0,5,3,6,4,2,6
"KIF17",0,0,0,0,3,2,0,1,2,2
"SH2D5",0,0,1,0,0,0,0,0,0,0
"AL663074.1",0,0,0,0,0,0,0,0,0,0
"HP1BP3",9,5,14,9,25,21,24,14,19,32
"EIF4G3",16,20,25,17,39,16,57,16,23,52
"ECE1",7,12,20,11,11,12,25,15,7,19
"NBPF3",0,0,1,0,1,0,0,2,1,1
"ALPL",2,6,2,3,3,2,11,3,0,11
"AL359815.1",0,0,0,0,0,0,0,0,0,0
"RAP1GAP",2,1,1,0,0,0,1,0,0,0
"USP48",8,1,3,2,8,5,5,7,2,7
"LDLRAD2",0,0,0,0,0,1,0,0,0,0
"HSPG2",0,2,2,3,4,2,9,3,1,5
"CELA3B",0,0,0,0,0,0,0,0,0,2
"CELA3A",0,0,0,0,0,0,0,0,0,0
"LINC01635",0,0,0,0,0,0,0,0,0,0
"CDC42",5,9,5,7,8,10,22,12,7,19
"AL031281.2",0,0,0,0,0,0,0,0,0,0
"WNT4",4,0,0,0,1,0,0,0,2,0
"ZBTB40",2,0,4,1,2,3,4,5,1,6
"EPHA8",0,0,0,0,0,0,0,0,0,0
"C1QA",0,0,2,0,3,2,1,1,0,0
"C1QC",0,0,0,0,1,0,0,1,0,0
"C1QB",1,0,2,0,2,0,5,1,0,0
"EPHB2",2,1,2,1,1,0,1,0,1,2
"LACTBL1",0,0,0,0,0,0,0,0,0,0
"TEX46",0,0,0,0,0,0,0,0,0,1
"KDM1A",3,3,5,3,5,3,7,0,4,3
"AL031428.1",0,0,7,0,3,2,1,2,0,0
"LUZP1",4,8,12,2,15,2,17,6,5,19
"HTR1D",0,0,0,0,0,0,1,0,0,0
"LINC01355",2,0,1,0,1,1,3,3,3,4
"AL109936.6",0,0,0,0,0,0,2,0,0,2
"HNRNPR",8,5,5,4,5,4,15,10,7,14
"ZNF436",0,0,0,1,1,1,2,2,1,0
"ZNF436-AS1",2,0,0,0,1,0,0,1,0,2
"AL109936.2",0,0,0,0,0,0,0,0,0,0
"TCEA3",1,0,1,0,0,0,0,0,2,1
"ASAP3",0,0,0,1,2,1,0,2,0,1
"E2F2",0,0,0,0,0,0,0,0,0,0
"AL021154.1",0,0,0,0,0,0,1,0,0,0
"ID3",14,25,27,6,28,44,115,67,19,99
"MDS2",1,1,0,0,0,2,0,0,0,1
"RPL11",15,6,7,10,10,24,28,24,21,16
"ELOA",2,0,2,0,0,1,2,0,0,3
"ELOA-AS1",0,3,1,0,2,1,2,4,0,4
"PITHD1",2,1,3,3,7,0,3,5,2,3
"LYPLA2",2,1,1,2,0,2,3,1,1,2
"GALE",1,1,0,0,1,0,4,1,0,1
"HMGCL",1,4,2,2,1,0,2,4,0,2
"FUCA1",0,0,0,0,0,0,1,1,0,1
"CNR2",0,0,1,0,0,0,0,0,0,0
"PNRC2",1,1,0,1,0,0,7,5,0,3
"SRSF10",11,2,10,1,8,10,18,9,7,14
"AL591178.1",0,0,0,0,0,0,0,0,0,0
"MYOM3",0,0,0,0,0,0,0,0,0,0
"IL22RA1",0,0,0,0,0,1,0,1,0,0
"IFNLR1",0,0,0,0,0,0,0,0,0,0
"AL590683.1",0,0,0,0,0,0,0,0,0,0
"AL138902.1",0,0,0,0,0,0,0,0,0,0
"GRHL3",0,0,0,0,0,0,0,0,0,0
"STPG1",3,0,1,0,2,0,4,1,1,1
"NIPAL3",1,2,3,2,1,1,6,2,2,0
"RCAN3",0,0,1,0,1,0,1,0,1,2
"AL445686.2",0,0,0,0,0,0,0,0,0,0
"NCMAP",1,0,0,0,0,0,0,1,0,2
"SRRM1",8,10,7,9,7,2,18,8,7,15
"AL445648.1",0,0,0,0,0,0,0,0,0,0
"CLIC4",14,15,16,6,17,19,40,12,8,37
"RUNX3",0,0,2,0,0,0,1,1,0,1
"AL050344.1",0,0,0,0,0,0,0,0,0,0
"SYF2",1,1,2,1,2,1,5,3,10,4
"AL031432.5",0,0,0,0,0,0,0,0,0,0
"RSRP1",18,6,20,6,24,14,39,26,23,34
"AL031432.3",0,0,0,0,0,0,0,0,0,0
"RHD",3,0,2,0,3,0,0,1,0,0
"TMEM50A",5,2,9,5,3,14,14,11,7,10
"RHCE",1,1,2,0,0,0,1,0,0,0
"MACO1",3,2,5,1,3,1,11,4,4,8
"LDLRAP1",0,1,2,1,4,4,6,1,1,5
"AL606491.1",0,1,0,0,0,0,0,0,0,0
"MAN1C1",4,2,5,0,2,4,2,2,6,10
"AL031280.1",0,1,2,0,0,0,2,2,1,4
"SELENON",0,0,1,1,0,0,2,1,0,0
"AL020996.2",0,0,0,0,0,0,0,0,0,0
"AL020996.1",0,0,0,0,0,0,0,0,0,0
"MTFR1L",1,0,1,0,5,2,4,2,3,1
"AUNIP",0,0,0,0,0,0,0,0,0,0
"AL033528.2",1,0,0,0,0,0,2,3,0,2
"PAQR7",0,0,0,1,1,1,1,0,0,0
"STMN1",28,20,20,8,11,11,23,4,4,17
"PAFAH2",0,1,0,0,1,0,1,0,0,0
"EXTL1",0,0,0,0,0,0,0,3,0,0
"SLC30A2",0,0,0,0,0,0,0,0,1,0
"TRIM63",0,0,0,0,0,0,0,0,0,0
"PDIK1L",0,0,1,1,3,0,1,2,0,1
"FAM110D",0,1,1,2,3,2,4,5,0,1
"C1orf232",0,0,0,0,0,0,0,0,0,0
"AL391650.1",0,0,0,0,0,0,0,0,0,0
"ZNF593",1,1,0,0,0,1,2,5,2,3
"CNKSR1",0,0,0,0,0,0,0,0,0,0
"CATSPER4",0,0,0,0,0,0,0,0,0,0
"CEP85",1,3,1,0,1,0,3,2,1,1
"SH3BGRL3",4,3,5,1,3,27,32,28,9,9
"UBXN11",1,0,1,1,0,0,2,0,0,2
"CD52",1,1,0,0,4,0,1,0,0,0
"CRYBG2",0,0,0,0,0,0,0,0,0,0
"ZNF683",0,0,0,0,0,0,0,0,0,0
"LIN28A",0,0,0,0,0,0,0,0,0,0
"DHDDS",0,1,0,1,0,1,3,1,0,2
"AL513365.2",0,1,1,0,1,0,0,1,1,3
"HMGN2",2,2,1,0,4,3,6,4,7,2
"RPS6KA1",0,1,0,1,2,0,4,0,0,1
"AL512408.1",0,0,0,0,0,0,0,0,0,0
"ARID1A",7,0,7,7,10,3,12,8,8,14
"PIGV",1,0,0,0,0,0,1,1,0,0
"ZDHHC18",1,0,1,0,1,0,4,1,2,3
"SFN",0,0,0,0,0,0,0,0,0,0
"AL034380.1",0,0,0,0,0,0,0,0,0,0
"GPN2",0,0,2,0,1,0,2,1,0,6
"GPATCH3",0,0,0,0,0,0,0,0,0,0
"NUDC",3,3,4,6,4,4,0,9,1,7
"KDF1",0,0,0,0,0,0,0,0,0,0
"TRNP1",0,0,0,0,0,0,0,0,1,0
"TENT5B",0,0,0,0,0,0,0,0,0,0
"SLC9A1",3,2,5,2,4,0,5,5,0,4
"AL590640.1",0,0,0,0,0,0,0,0,0,0
"WDTC1",1,0,4,4,4,1,2,0,1,5
"TMEM222",1,1,2,1,3,1,1,3,0,2
"SYTL1",0,0,0,0,0,0,0,0,0,0
"MAP3K6",0,2,1,1,2,2,10,2,0,3
"FCN3",0,0,0,0,0,0,7,0,0,0
"CD164L2",0,0,0,0,0,0,0,0,0,0
"GPR3",0,0,0,0,0,0,0,0,0,0
"WASF2",12,6,9,4,13,12,19,12,12,23
"FO393419.2",0,0,0,0,1,0,1,0,0,0
"BX293535.1",0,0,0,0,0,0,0,0,0,0
"AHDC1",3,0,3,2,2,2,5,4,7,1
"FGR",2,5,1,1,6,3,9,4,2,8
"LINC02574",0,0,0,0,0,0,0,0,0,0
"IFI6",5,7,9,1,3,9,19,8,12,8
"AL445490.1",0,0,0,0,0,0,0,1,0,0
"FAM76A",1,2,2,0,3,0,2,2,3,6
"STX12",8,18,11,3,18,5,22,11,14,27
"PPP1R8",0,0,1,0,0,1,1,3,1,5
"THEMIS2",0,1,0,1,0,0,0,0,1,1
"RPA2",0,0,1,1,2,0,3,2,2,2
"SMPDL3B",0,0,1,0,0,0,0,0,0,0
"AL512288.1",0,0,0,0,0,0,0,0,0,0
"XKR8",0,0,0,0,0,2,0,1,0,0
"EYA3",3,2,7,3,7,2,11,8,4,3
"PTAFR",2,0,0,1,0,0,0,1,0,1
"DNAJC8",4,4,5,0,2,6,2,2,2,1
"ATP5IF1",9,11,5,7,5,2,10,4,4,8
"AL353622.1",0,0,0,0,0,0,0,0,1,0
"SESN2",0,0,3,0,0,0,1,0,1,0
"MED18",0,0,0,0,0,0,0,0,0,0
"PHACTR4",9,10,5,6,24,11,15,16,9,13
"RCC1",2,3,1,2,1,0,10,3,0,7
"TRNAU1AP",2,1,2,4,5,2,2,2,1,10
"SNHG12",0,1,1,0,2,1,2,1,1,2
"TAF12",1,1,2,1,2,1,4,3,1,1
"RAB42",0,0,0,0,0,0,0,0,0,0
"LINC01715",0,0,0,1,1,0,0,0,0,1
"AL360012.1",0,0,0,0,0,0,0,0,0,0
"GMEB1",2,1,1,0,1,0,4,4,0,6
"YTHDF2",2,3,5,2,5,4,3,5,5,2
"OPRD1",1,1,1,1,1,0,0,0,0,0
"AL009181.1",0,0,0,0,0,0,1,0,0,0
"EPB41",1,2,7,0,6,1,8,3,2,10
"TMEM200B",0,0,0,0,0,0,0,1,1,1
"AL357500.1",0,0,0,0,0,0,0,0,0,0
"SRSF4",14,6,8,2,10,12,10,6,7,16
"MECR",3,1,3,1,0,1,0,2,0,2
"PTPRU",1,0,0,1,1,0,1,0,0,13
"LINC01756",0,0,0,0,0,0,0,0,0,0
"AL645944.2",0,0,0,0,0,0,0,0,0,0
"LINC01648",0,0,0,0,0,0,0,0,0,0
"MATN1",0,0,0,0,0,0,0,0,0,0
"MATN1-AS1",0,0,0,0,0,0,0,0,0,1
"LAPTM5",0,0,0,0,1,0,0,1,0,1
"AL137027.1",0,0,0,0,0,0,0,0,0,0
"LINC01778",0,0,0,0,0,0,0,0,0,0
"SDC3",0,0,0,0,2,0,1,1,0,0
"PUM1",8,9,12,9,13,11,15,15,12,23
"NKAIN1",0,2,2,1,2,0,0,1,0,3
"SNRNP40",0,1,1,1,4,1,3,4,2,4
"ZCCHC17",5,2,5,1,2,2,1,2,1,4
"AL451070.1",0,0,1,0,0,0,0,0,0,3
"FABP3",1,1,0,1,1,0,1,0,0,0
"SERINC2",0,0,0,0,1,0,1,0,0,0
"TINAGL1",7,3,2,5,10,5,29,4,7,14
"HCRTR1",0,0,0,0,0,0,0,0,0,0
"PEF1",1,3,3,6,2,5,10,6,4,3
"AC114488.2",0,0,0,0,0,0,0,0,0,0
"COL16A1",2,1,0,3,5,0,3,0,3,9
"ADGRB2",1,0,1,1,4,0,1,0,3,1
"SPOCD1",0,0,0,0,0,0,0,0,0,0
"AL354919.1",0,0,0,0,0,0,0,0,0,0
"AL136115.2",0,0,1,0,0,1,0,5,0,1
"PTP4A2",1,2,3,1,2,0,6,3,0,2
"AL136115.1",0,0,0,0,0,0,0,0,0,0
"AL136115.3",0,0,0,0,0,0,0,0,0,0
"KHDRBS1",0,3,4,5,9,4,13,4,12,13
"AL445248.1",1,0,2,0,2,1,0,1,0,3
"TMEM39B",1,0,4,0,1,0,6,0,1,1
"KPNA6",4,3,0,3,10,1,12,5,3,17
"TXLNA",1,2,2,3,0,2,1,2,2,2
"CCDC28B",0,0,0,0,0,1,0,1,0,0
"AL049795.1",0,0,0,0,0,0,0,0,0,0
"IQCC",0,0,0,0,0,0,0,0,0,0
"DCDC2B",0,1,0,0,0,0,0,0,0,0
"TMEM234",1,2,2,0,0,1,3,2,0,3
"EIF3I",3,6,3,1,0,6,7,10,2,5
"FAM167B",0,0,0,2,0,3,6,4,1,2
"LCK",0,0,0,0,0,0,0,1,0,0
"HDAC1",2,0,2,3,4,3,5,7,7,2
"MARCKSL1",7,16,12,7,9,12,24,14,5,13
"AL109945.1",0,0,0,0,0,0,0,0,0,0
"TSSK3",0,0,0,0,0,1,0,0,1,1
"FAM229A",1,0,1,0,1,0,2,0,0,1
"BSDC1",4,1,7,2,7,3,4,4,8,8
"AL033529.1",0,1,3,0,1,0,3,0,1,1
"ZBTB8A",1,1,2,1,0,0,1,1,1,1
"ZBTB8OS",4,3,5,2,3,0,9,3,2,7
"RBBP4",6,2,9,5,7,4,6,7,9,12
"SYNC",0,0,9,0,0,2,4,4,3,7
"AC114489.1",0,0,0,0,0,0,0,0,0,0
"KIAA1522",0,1,3,1,1,0,1,1,0,1
"YARS",1,1,5,4,5,2,4,2,2,4
"S100PBP",5,4,7,0,6,3,2,5,3,4
"FNDC5",0,1,0,0,1,0,0,0,1,1
"HPCA",2,1,1,3,2,2,1,1,0,0
"TMEM54",0,0,0,1,0,1,0,0,0,0
"RNF19B",2,4,2,4,2,1,8,3,1,1
"AL020995.1",0,4,1,1,1,0,3,1,0,2
"AK2",2,3,2,1,2,2,3,2,2,5
"AZIN2",1,0,2,0,1,0,3,1,2,4
"TRIM62",2,1,2,1,5,2,2,2,4,5
"AL662907.3",1,0,0,0,0,0,0,1,0,0
"ZNF362",1,0,1,0,1,1,4,1,2,1
"A3GALT2",0,0,0,0,0,0,0,0,0,0
"AL513327.1",3,8,2,2,5,2,4,2,2,9
"PHC2",2,4,11,3,10,2,15,7,10,6
"AL513327.2",0,0,2,0,0,0,0,0,0,0
"ZSCAN20",0,1,0,0,0,0,2,0,0,0
"CSMD2",4,3,4,0,4,1,8,2,3,8
"C1orf94",0,0,0,0,0,0,0,0,0,0
"SMIM12",0,2,3,3,5,7,5,6,3,6
"GJB5",0,0,0,0,0,0,0,0,0,0
"GJB3",0,0,0,0,0,0,0,0,0,0
"GJA4",1,3,1,1,4,13,14,15,9,4
"DLGAP3",0,1,1,0,0,0,0,1,1,1
"AC114490.3",1,0,1,0,0,2,1,1,1,0
"ZMYM6",0,0,0,0,0,0,0,0,0,0
"ZMYM1",3,0,1,3,2,5,3,1,3,4
"AL590434.1",0,0,0,0,0,0,0,0,0,0
"SFPQ",8,4,7,9,8,9,15,16,3,16
"ZMYM4",5,2,10,8,12,6,20,11,13,19
"ZMYM4-AS1",2,0,0,0,1,2,4,0,0,1
"KIAA0319L",11,4,10,3,10,6,13,4,7,6
"NCDN",3,0,2,2,2,0,2,2,2,3
"AC004865.2",0,0,0,0,1,0,0,0,0,0
"TFAP2E",0,1,1,0,2,0,2,1,0,0
"PSMB2",2,4,6,0,3,10,13,8,4,2
"C1orf216",1,0,1,0,1,1,1,1,0,2
"CLSPN",0,0,0,0,0,1,0,0,0,0
"AL354864.1",0,0,0,0,0,0,0,0,0,0
"AGO4",2,3,6,3,10,2,8,5,6,8
"AGO1",1,1,3,0,1,2,0,0,0,2
"AL139286.2",0,0,0,0,0,0,0,0,0,0
"AGO3",14,10,11,2,19,10,8,11,5,26
"AL138787.2",1,1,3,1,2,0,2,0,0,4
"TEKT2",0,0,0,0,0,0,0,0,0,0
"ADPRHL2",0,2,1,0,0,1,1,2,1,1
"COL8A2",0,0,0,0,0,0,0,0,2,0
"TRAPPC3",3,0,7,2,2,2,5,6,2,1
"MAP7D1",6,3,4,3,5,1,14,3,1,7
"THRAP3",7,7,8,5,11,14,15,7,8,16
"SH3D21",0,1,0,0,0,0,0,0,0,0
"EVA1B",0,3,2,5,3,0,4,2,3,0
"AL591845.1",0,1,1,0,2,0,2,0,0,0
"STK40",1,2,4,0,1,0,7,2,0,4
"LSM10",4,0,2,1,0,1,2,3,0,1
"OSCP1",0,1,2,0,1,0,0,1,1,2
"MRPS15",1,1,1,2,0,2,5,2,1,1
"CSF3R",0,0,0,1,2,0,1,0,0,0
"AL596257.1",0,0,0,0,0,0,0,0,0,0
"GRIK3",2,0,1,0,1,0,0,0,6,0
"AL031430.1",0,0,0,0,0,0,0,0,0,0
"AL353604.1",0,0,0,0,1,0,2,0,1,0
"LINC01137",1,1,0,0,0,0,0,1,0,0
"ZC3H12A",0,0,0,0,0,1,0,0,0,0
"MEAF6",6,1,2,2,1,3,6,7,5,2
"SNIP1",1,1,0,1,1,1,0,0,1,1
"DNALI1",0,0,0,1,0,0,0,2,0,0
"GNL2",1,1,1,0,2,0,0,0,1,2
"RSPO1",0,0,0,0,0,0,0,0,0,0
"C1orf109",2,0,0,1,1,1,2,2,1,1
"CDCA8",0,0,0,0,1,1,0,0,0,0
"EPHA10",0,0,1,1,0,0,0,0,0,0
"MANEAL",0,0,0,0,0,0,1,0,0,0
"YRDC",0,0,0,0,0,1,3,0,0,0
"C1orf122",7,7,3,2,3,3,3,6,2,4
"MTF1",1,0,1,0,0,0,1,1,0,2
"AL929472.2",0,1,0,0,1,0,2,1,0,0
"INPP5B",4,4,2,1,2,0,7,4,4,9
"SF3A3",1,1,1,5,1,0,5,4,0,4
"FHL3",0,0,2,2,1,0,1,3,0,1
"UTP11",2,1,0,1,2,0,3,2,1,3
"POU3F1",0,0,0,0,0,0,0,0,0,0
"AL139158.2",0,0,0,0,0,0,0,0,1,0
"AL139158.3",0,0,0,0,0,0,0,0,0,0
"LINC01685",0,0,0,0,0,0,0,0,0,0
"AL354702.2",0,0,0,0,0,0,0,1,0,0
"RRAGC",1,2,1,2,1,1,3,2,0,3
"AL139260.1",5,0,3,1,10,2,5,5,1,5
"MYCBP",0,0,0,0,0,0,0,2,0,0
"AL139260.3",0,0,0,0,0,0,0,0,0,0
"RHBDL2",2,2,3,1,4,0,3,2,2,4
"AKIRIN1",5,1,3,0,4,3,6,3,1,6
"NDUFS5",13,14,12,8,10,10,13,8,1,9
"MACF1",44,34,33,27,56,24,90,44,30,85
"AL442071.1",1,0,1,0,0,1,0,1,0,1
"BMP8A",0,0,0,0,0,0,0,0,0,0
"PABPC4",1,2,1,1,2,2,2,3,4,0
"AL365277.1",0,0,0,0,0,0,0,0,0,0
"HEYL",3,0,3,1,11,4,7,11,1,7
"NT5C1A",0,0,0,0,0,0,0,0,0,0
"HPCAL4",1,0,5,1,1,0,0,1,0,0
"PPIE",1,2,1,0,1,2,5,3,1,2
"BMP8B",1,0,0,0,0,0,0,1,0,0
"AL033527.3",0,0,0,0,0,0,0,0,0,1
"AL033527.5",1,0,0,0,0,0,0,0,0,0
"AL033527.4",0,0,0,0,0,0,0,1,0,0
"TRIT1",1,0,2,1,4,2,3,3,1,2
"MYCL",0,0,0,0,0,0,0,0,0,0
"MFSD2A",3,7,4,10,8,4,15,6,8,15
"CAP1",5,8,4,7,5,10,9,7,11,6
"PPT1",6,3,5,0,1,5,7,4,6,1
"RLF",5,6,9,3,10,3,9,8,8,9
"TMCO2",0,0,0,0,0,0,0,0,0,0
"AL050341.2",1,0,0,0,0,2,2,0,0,0
"ZMPSTE24",2,1,3,2,1,3,4,5,0,0
"COL9A2",3,1,5,1,1,0,0,0,0,3
"SMAP2",1,3,3,2,4,2,3,5,2,3
"AL031985.4",0,0,0,0,1,1,0,0,0,0
"ZFP69B",0,0,0,0,0,0,0,0,0,1
"ZFP69",0,0,1,0,0,0,1,1,1,2
"AL603839.3",0,0,0,2,2,0,3,1,0,3
"EXO5",0,0,0,0,1,0,2,0,0,1
"ZNF684",0,1,1,0,1,1,3,1,1,0
"RIMS3",1,5,2,3,1,0,3,1,4,0
"AL031289.1",0,0,0,0,0,0,0,0,0,0
"NFYC-AS1",0,0,0,0,0,1,0,0,0,0
"NFYC",4,2,6,1,8,4,7,9,1,11
"KCNQ4",0,0,0,1,0,0,0,0,0,0
"CITED4",0,1,0,1,1,0,0,0,0,1
"AC119677.1",0,0,0,0,0,0,0,0,0,0
"CTPS1",2,1,1,2,7,0,3,1,0,2
"SLFNL1-AS1",1,1,0,0,1,0,1,0,0,0
"SLFNL1",2,2,2,0,2,1,3,0,2,4
"SCMH1",10,4,11,3,16,5,17,11,9,28
"AC093151.3",0,0,0,0,0,0,1,0,0,0
"FOXO6",0,0,0,0,0,0,0,1,0,0
"HIVEP3",11,4,9,5,12,4,9,6,10,8
"FOXJ3",9,3,8,4,12,9,19,12,10,23
"RIMKLA",0,0,1,1,0,0,0,0,1,0
"ZMYND12",1,0,0,0,0,0,0,1,0,0
"PPCS",2,1,0,0,1,1,2,0,1,3
"CCDC30",1,3,1,1,5,2,3,3,8,6
"PPIH",0,2,1,1,1,0,3,4,0,0
"AC098484.2",0,0,1,0,0,0,0,0,0,0
"YBX1",2,2,4,2,6,11,6,12,12,6
"P3H1",0,0,2,1,3,2,3,1,0,4
"AC098484.3",0,0,1,0,1,0,1,0,0,0
"TMEM269",0,0,0,1,0,0,0,0,0,0
"SVBP",3,0,2,0,1,2,3,0,3,0
"ERMAP",0,1,2,0,2,0,1,1,0,0
"AL512353.1",0,0,0,0,0,0,1,0,0,0
"ZNF691",1,0,1,0,1,1,1,0,1,1
"SLC2A1",10,13,25,12,15,15,131,18,16,17
"SLC2A1-AS1",0,0,1,0,0,0,1,0,0,2
"FAM183A",0,0,0,0,1,0,0,0,0,0
"EBNA1BP2",2,0,1,0,0,3,0,1,1,1
"CFAP57",0,0,0,0,0,0,0,1,0,2
"TMEM125",0,2,2,0,1,1,2,0,0,2
"TIE1",9,8,4,5,4,7,30,6,8,6
"MPL",0,0,0,0,0,0,1,0,0,0
"AL139289.2",0,0,1,0,0,0,0,0,0,1
"CDC20",0,0,0,0,0,0,0,0,0,0
"ELOVL1",0,4,5,4,1,5,11,6,2,3
"MED8",1,0,3,1,1,0,3,0,0,1
"AL139289.1",0,0,0,0,0,0,0,0,0,0
"SZT2",1,0,2,0,4,0,6,3,2,4
"SZT2-AS1",0,0,0,0,0,0,0,0,0,0
"HYI",0,0,1,1,0,1,2,1,2,0
"PTPRF",1,3,2,2,2,0,2,3,2,8
"AL451062.3",0,0,0,0,0,0,0,0,0,0
"KDM4A-AS1",0,1,0,0,2,0,0,0,0,0
"ST3GAL3",0,0,0,0,0,0,0,0,0,0
"AL451062.1",0,0,1,1,0,1,2,0,0,1
"ARTN",0,0,0,0,0,1,0,0,0,0
"AL357079.1",0,1,1,0,1,1,1,0,0,1
"IPO13",1,5,0,3,2,1,4,2,1,0
"DPH2",1,1,0,0,1,0,2,0,0,1
"ATP6V0B",8,5,9,7,6,11,7,14,8,7
"B4GALT2",0,0,1,1,1,0,1,1,1,3
"CCDC24",0,0,1,0,0,0,0,2,0,1
"SLC6A9",0,0,1,2,1,0,4,1,2,3
"AL139220.2",4,0,0,0,0,0,0,1,0,0
"KLF17",0,0,0,0,0,0,0,0,0,0
"DMAP1",4,1,0,0,3,1,2,2,2,0
"ERI3",4,5,3,5,6,1,4,0,3,5
"RNF220",91,38,67,16,70,14,58,25,54,80
"TMEM53",1,1,1,0,2,2,2,0,1,1
"ARMH1",0,2,0,0,1,0,1,0,1,2
"KIF2C",0,0,0,0,0,0,1,0,0,0
"AL592166.1",0,0,0,0,0,0,0,0,0,0
"RPS8",23,8,22,4,30,34,37,46,24,21
"BEST4",0,0,0,0,0,0,0,0,0,0
"PLK3",1,4,1,1,1,0,10,1,2,3
"BTBD19",0,0,1,0,1,0,0,1,0,3
"PTCH2",1,0,1,0,2,1,3,1,3,3
"EIF2B3",4,5,5,1,1,1,9,5,3,14
"HECTD3",0,1,0,0,1,0,1,0,0,1
"UROD",3,1,4,2,1,2,3,1,4,2
"ZSWIM5",8,3,12,6,19,11,25,19,12,7
"LINC01144",0,0,0,0,0,0,0,0,0,0
"HPDL",0,0,0,0,0,0,0,0,0,0
"MUTYH",3,0,1,1,2,4,2,1,0,2
"TOE1",0,1,0,0,0,0,1,0,0,0
"TESK2",3,3,3,2,10,3,6,5,2,16
"CCDC163",0,0,0,1,0,1,0,0,0,0
"MMACHC",0,0,1,0,1,0,0,2,0,0
"PRDX1",13,9,9,8,12,23,25,24,14,12
"AKR1A1",3,3,3,1,3,1,1,1,2,2
"NASP",7,8,9,8,11,4,12,7,3,13
"CCDC17",0,0,0,0,0,0,0,1,0,0
"GPBP1L1",4,3,11,3,12,6,15,11,11,16
"TMEM69",1,0,0,0,3,2,1,2,1,4
"IPP",0,0,0,0,3,0,2,0,1,2
"MAST2",3,1,7,1,12,3,5,2,7,10
"PIK3R3",1,2,1,1,1,0,14,1,0,1
"AL358075.4",0,0,0,0,1,0,0,0,0,0
"AL358075.1",0,0,0,0,0,0,0,0,0,0
"AL358075.2",0,0,0,0,0,0,0,0,0,0
"TSPAN1",0,0,0,0,0,0,0,0,0,0
"POMGNT1",0,0,1,1,2,1,1,0,0,3
"LURAP1",0,0,1,0,0,1,1,2,0,0
"RAD54L",0,0,0,0,0,0,0,0,0,1
"LRRC41",3,2,3,2,1,1,5,0,5,5
"UQCRH",12,4,7,3,6,9,7,10,8,9
"NSUN4",0,1,2,0,1,1,2,1,1,3
"FAAH",3,3,0,1,2,1,4,0,1,4
"AL136373.1",0,0,0,0,0,0,0,0,0,0
"MKNK1-AS1",0,1,1,0,0,0,1,0,2,0
"KNCN",1,0,0,0,0,0,0,0,0,0
"MKNK1",1,1,2,1,2,1,2,1,10,8
"ATPAF1",4,1,1,1,6,4,2,4,3,7
"TEX38",0,0,0,0,0,0,0,0,0,0
"EFCAB14-AS1",0,1,0,0,0,0,1,0,0,1
"EFCAB14",7,3,3,5,3,2,10,5,6,5
"CYP4B1",1,0,0,1,0,4,3,2,0,0
"CYP4A11",0,0,0,0,0,0,0,0,0,0
"CYP4X1",1,2,1,0,2,5,2,1,2,3
"CYP4Z1",0,1,0,0,0,0,0,0,0,0
"CYP4A22-AS1",1,0,0,0,0,0,0,2,0,0
"CYP4A22",0,0,0,0,0,0,0,0,0,0
"LINC00853",0,0,1,0,0,0,0,0,0,0
"TAL1",0,0,0,1,1,0,2,1,0,2
"STIL",0,0,1,0,0,0,0,0,0,1
"CMPK1",4,3,2,2,3,2,4,6,2,6
"LINC01389",0,0,1,1,1,1,2,1,0,0
"FOXE3",0,0,0,0,0,0,0,0,0,0
"FOXD2",0,0,0,0,0,2,0,1,1,2
"TRABD2B",1,0,1,0,0,1,1,0,3,1
"AL356289.1",0,0,0,0,0,0,0,0,0,0
"AL109659.1",0,0,0,0,0,0,0,0,0,0
"SLC5A9",0,0,2,0,0,0,2,0,0,1
"AL109659.2",0,0,0,0,0,0,0,0,0,0
"SPATA6",11,6,15,3,9,8,19,13,17,30
"AGBL4",5,2,13,0,15,2,6,4,5,8
"AC099788.1",0,0,0,0,0,0,0,0,0,0
"AL590432.1",0,0,0,0,0,0,0,0,0,0
"ELAVL4",0,4,1,1,7,1,1,3,2,2
"AL592182.2",0,0,0,0,0,0,0,0,0,0
"AL592182.1",0,0,0,0,0,0,0,0,0,0
"AL596275.2",0,0,0,0,0,0,0,0,0,0
"DMRTA2",0,0,0,0,0,0,0,0,0,0
"FAF1",14,15,28,14,31,12,23,23,12,41
"AL049637.1",0,0,0,0,0,0,0,0,0,0
"CDKN2C",0,1,0,0,0,1,3,0,1,0
"C1orf185",0,0,0,0,0,0,0,0,0,1
"LINC01562",0,0,0,0,0,0,0,0,0,0
"RNF11",2,4,3,3,3,3,10,4,4,3
"AL162430.2",0,0,0,0,0,0,0,0,0,0
"TTC39A",0,0,0,0,0,0,0,0,0,0
"TTC39A-AS1",0,0,0,0,0,0,0,0,0,0
"EPS15",18,14,14,10,18,10,34,12,16,24
"AC104170.2",0,0,0,0,0,0,0,0,0,0
"AC104170.1",1,0,0,0,0,0,0,1,0,1
"OSBPL9",11,5,8,9,15,10,17,15,7,23
"NRDC",7,7,14,7,18,10,21,18,6,28
"AL050343.1",0,0,0,0,0,0,0,0,0,0
"AL050343.2",0,0,0,0,0,0,0,0,1,0
"RAB3B",0,0,0,0,0,0,0,0,0,0
"TXNDC12",2,3,5,2,4,1,13,4,3,1
"AL445685.1",0,0,0,0,0,0,0,1,0,0
"BTF3L4",1,5,4,3,4,4,8,2,2,6
"ZFYVE9",5,4,8,8,9,4,11,5,4,13
"CC2D1B",0,0,3,1,1,1,3,0,0,1
"AL513218.1",0,0,0,0,0,0,0,0,0,0
"ORC1",0,0,0,0,0,0,0,1,0,0
"PRPF38A",0,1,3,0,1,4,4,3,1,2
"TUT4",13,11,9,5,18,12,31,20,13,28
"GPX7",0,0,0,0,0,0,1,0,1,1
"SHISAL2A",0,0,0,0,1,0,0,1,0,0
"COA7",0,0,0,0,1,2,0,0,0,1
"ZYG11B",6,4,2,4,5,2,7,2,5,11
"ZYG11A",0,0,0,0,1,0,1,0,0,2
"ECHDC2",12,6,6,2,13,5,13,11,6,28
"SCP2",7,6,6,1,7,5,12,5,10,6
"PODN",1,1,3,0,1,0,2,2,3,2
"SLC1A7",0,1,1,2,2,7,0,3,1,3
"CPT2",1,0,1,0,0,0,1,1,0,0
"AL606760.2",0,0,1,0,0,0,1,0,0,0
"C1orf123",1,2,4,1,3,4,4,4,2,5
"AL606760.3",0,0,0,0,0,0,0,0,0,0
"MAGOH",2,2,1,2,0,1,6,2,4,5
"AL606760.1",0,0,0,0,0,0,0,0,0,0
"LRP8",4,2,7,3,2,3,6,0,3,2
"LINC01771",0,0,0,0,0,0,0,0,0,0
"AC119428.2",0,0,0,0,0,0,0,0,0,0
"GLIS1",2,0,0,0,2,0,0,1,0,0
"NDC1",2,1,0,1,2,0,3,1,2,4
"YIPF1",0,0,3,0,0,2,1,1,1,0
"DIO1",0,1,1,0,0,0,0,0,0,0
"HSPB11",8,1,5,0,0,5,8,5,7,5
"LRRC42",1,1,1,0,0,1,1,0,1,2
"LDLRAD1",0,0,0,0,1,0,0,0,0,0
"TMEM59",8,5,10,4,18,15,23,24,6,25
"TCEANC2",2,0,0,0,0,1,3,1,0,1
"AL357673.1",0,0,0,0,0,0,0,0,0,0
"MRPL37",1,0,0,0,2,1,1,1,1,0
"SSBP3",5,7,6,5,16,6,12,10,8,8
"SSBP3-AS1",0,0,0,0,0,0,0,0,0,0
"AL035415.1",0,0,0,0,0,0,0,0,0,0
"ACOT11",2,1,2,0,1,1,2,0,4,7
"FAM151A",0,0,0,0,0,0,1,0,0,0
"MROH7-TTC4",0,0,0,1,0,0,0,0,0,0
"TTC4",0,0,0,0,0,0,0,0,1,0
"PARS2",0,0,0,0,0,0,0,1,0,0
"TTC22",0,0,0,0,0,0,0,0,0,1
"LEXM",0,0,0,0,0,0,0,0,0,0
"DHCR24",0,0,3,6,0,4,3,1,0,1
"AC096536.1",0,0,0,0,0,0,0,0,0,0
"TMEM61",0,0,0,0,0,0,0,0,0,0
"AL590440.1",0,0,0,0,0,0,0,0,0,0
"BSND",0,0,0,0,0,0,0,0,0,0
"PCSK9",0,0,0,0,0,0,0,0,0,0
"USP24",4,7,3,3,10,3,16,10,4,7
"MIR4422HG",0,0,1,0,0,0,0,0,0,0
"AL603840.1",0,0,0,0,0,0,0,1,1,0
"LINC01753",0,0,0,0,0,0,0,0,0,0
"AC119674.1",0,0,0,0,0,0,0,0,1,0
"AC119674.2",0,1,0,1,0,0,1,1,0,1
"PLPP3",3,2,0,0,7,2,1,2,1,7
"PRKAA2",3,3,3,2,4,3,3,0,4,6
"FYB2",0,0,0,0,0,0,0,0,0,0
"C8A",0,0,0,0,0,0,0,0,0,0
"C8B",0,0,0,0,0,0,0,0,0,0
"AL161740.1",0,0,0,0,0,0,0,0,0,0
"DAB1",5,8,18,13,16,5,17,10,6,14
"DAB1-AS1",0,0,0,0,0,0,0,0,0,0
"AL445193.2",0,0,0,0,0,0,0,0,0,0
"TACSTD2",0,0,0,0,0,0,0,0,0,0
"MYSM1",4,0,6,1,6,1,2,5,0,5
"AL136985.3",0,0,0,0,1,0,0,0,0,0
"JUN",7,7,6,3,7,8,9,7,5,18
"LINC01135",0,0,2,2,2,0,4,0,3,1
"AL136985.1",0,0,0,0,0,0,0,0,0,0
"AC105277.1",0,0,0,0,0,0,0,0,0,1
"LINC01358",0,0,2,0,2,0,1,2,3,2
"AL592431.1",0,0,0,0,0,0,0,0,0,0
"AC093424.1",0,0,0,0,0,0,0,0,0,0
"FGGY",0,0,1,0,0,3,2,3,3,3
"AL035416.1",0,0,0,0,0,0,0,0,0,0
"HOOK1",1,0,0,0,0,0,1,0,0,0
"CYP2J2",0,0,1,0,1,0,0,1,0,1
"C1orf87",0,0,0,0,0,0,1,0,0,0
"AC097066.1",0,0,0,0,0,0,0,0,0,0
"LINC01748",0,0,0,1,1,0,0,0,0,0
"AC099792.1",0,0,0,0,1,0,0,1,0,1
"NFIA",43,18,13,27,70,34,68,43,52,74
"NFIA-AS2",0,0,0,0,0,0,0,0,0,0
"AC099791.3",0,0,0,0,0,0,0,0,0,0
"TM2D1",4,2,6,0,4,5,12,2,8,5
"AC099791.2",0,0,0,0,0,2,0,0,0,1
"PATJ",8,4,7,3,11,5,13,7,9,12
"L1TD1",0,0,0,0,0,0,0,1,0,0
"KANK4",1,0,0,0,1,1,0,0,0,1
"USP1",0,1,4,1,1,1,5,3,4,0
"DOCK7",12,5,5,7,12,4,13,8,5,7
"AC103923.1",0,0,1,0,0,0,1,0,0,1
"ATG4C",8,3,8,9,10,5,12,8,6,13
"AC099794.1",0,0,0,0,0,0,0,0,0,0
"LINC01739",0,0,0,0,0,0,0,0,0,0
"AC096543.1",0,0,0,0,0,0,0,0,0,0
"FOXD3-AS1",0,0,0,0,0,0,0,0,0,0
"ALG6",1,1,0,0,1,0,1,0,0,0
"ITGB3BP",1,2,1,1,3,4,6,4,1,7
"EFCAB7",1,1,6,0,2,4,2,4,3,5
"PGM1",1,4,4,1,3,2,3,0,2,2
"ROR1",11,7,0,1,11,3,3,4,6,11
"ROR1-AS1",1,1,0,0,0,1,1,1,0,3
"UBE2U",0,0,0,0,1,0,0,0,0,0
"CACHD1",4,3,9,11,9,5,9,11,10,7
"RAVER2",1,0,2,1,4,1,2,0,2,1
"JAK1",5,6,20,7,17,9,28,19,12,13
"AL357078.3",1,0,0,0,1,0,1,0,0,0
"AL357078.1",0,0,0,0,0,0,0,0,0,0
"AK4",5,0,2,2,2,0,5,5,1,1
"DNAJC6",13,11,18,14,17,2,21,1,2,27
"AL139294.1",0,2,3,0,2,0,4,1,0,3
"LEPR",4,3,4,4,8,9,17,11,9,29
"PDE4B",39,30,39,47,52,14,78,27,21,70
"AL590783.1",0,0,0,0,0,0,0,0,0,0
"SGIP1",14,7,23,40,38,26,45,32,21,19
"AL139147.1",0,0,4,0,1,2,1,2,0,4
"TCTEX1D1",1,0,0,1,0,0,0,0,0,0
"INSL5",0,0,0,0,0,0,0,0,0,0
"WDR78",3,1,0,2,5,1,2,1,0,4
"MIER1",5,6,6,4,9,10,14,9,6,18
"SLC35D1",3,4,1,1,10,0,8,6,4,6
"C1orf141",0,0,0,0,0,0,0,0,0,0
"IL23R",0,1,0,0,0,0,0,0,0,0
"IL12RB2",0,0,1,1,0,1,0,0,1,0
"SERBP1",4,5,6,5,1,7,7,4,5,6
"GADD45A",5,0,0,0,2,1,1,3,1,0
"GNG12",1,1,4,0,2,4,2,9,5,2
"GNG12-AS1",7,1,5,1,4,1,3,1,1,1
"DIRAS3",2,0,0,0,0,0,0,0,1,0
"WLS",4,9,4,2,3,3,9,5,2,7
"RPE65",0,0,0,0,0,0,0,0,0,0
"DEPDC1",0,0,0,0,0,0,0,0,0,0
"AL138789.1",0,0,0,0,0,0,0,0,0,0
"DEPDC1-AS1",0,0,0,0,0,0,0,0,0,0
"AL033530.1",0,0,0,0,0,1,0,0,1,0
"AL691520.1",0,0,0,0,0,0,0,0,0,0
"LINC01707",0,0,0,0,0,0,0,0,0,0
"LRRC7",7,6,10,14,12,5,15,12,3,12
"AL158840.1",0,0,0,0,0,0,0,0,0,1
"LRRC40",2,1,4,4,1,1,3,3,2,1
"SRSF11",8,8,15,11,28,11,27,12,15,21
"AL353771.1",0,0,0,0,0,0,0,0,0,0
"ANKRD13C",9,1,4,2,7,4,9,6,7,17
"HHLA3",4,0,0,1,1,0,2,2,0,2
"CTH",0,1,1,0,1,0,0,0,0,0
"AL354872.2",0,0,0,0,0,0,0,0,0,0
"LINC01788",1,0,0,0,0,0,0,0,0,0
"PTGER3",0,0,0,0,1,0,1,0,0,0
"ZRANB2-AS1",0,0,1,0,1,0,0,0,0,0
"ZRANB2",11,12,14,7,14,9,28,16,11,22
"NEGR1",19,7,32,13,22,12,16,13,6,27
"AL354949.1",0,0,0,0,0,0,0,0,0,0
"AL583808.1",0,0,0,0,0,0,0,0,0,0
"AL583808.2",0,0,0,0,0,0,0,0,0,0
"LINC01360",0,0,0,0,0,0,0,0,0,0
"LINC02238",0,0,0,0,0,0,0,0,0,1
"LRRIQ3",0,0,0,0,0,1,0,0,0,1
"FPGT-TNNI3K",0,0,0,0,0,0,0,0,0,0
"TNNI3K",0,0,0,0,0,0,0,1,0,0
"AC093158.1",0,0,0,0,0,0,0,0,0,0
"LRRC53",0,0,0,0,0,0,0,0,0,0
"ERICH3",3,0,2,0,1,0,1,0,0,0
"ERICH3-AS1",0,0,0,0,0,0,0,0,0,0
"AC135803.1",0,0,0,0,0,0,0,0,0,0
"CRYZ",0,0,0,0,1,3,2,3,1,1
"TYW3",1,0,3,0,2,2,4,2,3,3
"SLC44A5",2,0,5,0,3,0,2,0,1,2
"AL357314.1",0,0,0,0,0,0,0,0,0,0
"ACADM",4,2,2,0,3,1,5,0,2,2
"RABGGTB",0,1,1,0,1,1,3,1,0,5
"MSH4",1,0,0,0,1,0,4,0,0,2
"ASB17",0,0,0,0,0,0,0,0,0,0
"AC092813.1",0,0,0,0,0,0,0,0,0,0
"AC092813.2",0,0,0,0,0,0,1,0,0,0
"ST6GALNAC3",36,69,57,55,81,48,249,75,44,83
"AC104458.1",0,0,0,0,0,0,1,0,0,0
"LINC02567",0,0,0,0,0,0,0,0,0,0
"ST6GALNAC5",2,1,10,2,7,1,0,0,2,1
"AL035409.1",1,0,0,0,2,0,0,0,0,0
"PIGK",2,2,7,3,5,4,6,2,3,5
"AK5",10,5,17,8,21,5,19,6,2,14
"AC095030.1",0,0,0,0,0,0,0,0,0,0
"AC118549.1",14,8,10,8,15,9,10,8,7,16
"USP33",14,8,9,8,11,4,12,10,3,26
"MIGA1",5,3,7,2,6,11,9,5,6,6
"NEXN-AS1",1,0,0,1,1,0,1,0,0,1
"NEXN",0,0,2,0,2,3,1,1,0,1
"FUBP1",7,0,7,5,6,3,12,11,3,11
"DNAJB4",0,0,0,0,0,0,0,0,0,0
"GIPC2",0,3,2,1,1,2,3,2,2,5
"AC103591.3",3,1,0,0,4,2,0,0,0,1
"PTGFR",4,0,3,0,5,2,2,3,2,1
"IFI44L",6,10,7,0,13,1,6,3,7,3
"IFI44",0,6,3,4,3,4,10,6,3,5
"ADGRL4",8,13,7,13,15,4,39,12,10,12
"AC099671.1",0,0,0,0,0,0,0,0,0,0
"AL136234.1",0,0,0,0,0,0,0,0,0,0
"LINC01781",0,0,0,0,0,0,0,0,0,0
"ADGRL2",6,6,16,14,19,17,26,16,4,13
"AL138799.4",0,0,0,0,0,1,0,0,0,0
"AC117944.1",0,0,0,0,2,0,1,0,0,0
"AC093580.1",0,0,0,0,0,0,0,0,0,0
"LINC01362",0,0,0,0,1,0,0,0,0,1
"LINC01361",0,0,0,0,0,0,0,0,0,0
"LINC01725",5,3,1,2,3,3,9,0,1,4
"AL035706.1",0,0,0,0,0,0,0,0,0,0
"TTLL7",19,12,23,19,36,19,65,14,19,36
"AC104454.2",0,0,0,0,0,0,0,0,0,0
"AL359504.2",2,0,2,1,3,0,2,0,1,2
"PRKACB",6,8,10,13,17,8,44,26,13,21
"SAMD13",1,0,0,0,0,0,1,0,0,1
"DNASE2B",0,0,0,0,0,0,0,0,0,0
"RPF1",1,2,0,1,4,1,12,4,2,2
"GNG5",2,3,3,4,4,8,17,12,7,7
"SPATA1",1,2,3,0,7,2,7,1,1,5
"CTBS",2,5,2,1,4,1,7,2,0,0
"LINC01555",0,0,0,0,0,0,0,0,0,0
"SSX2IP",1,3,3,2,1,0,2,0,1,1
"LPAR3",0,0,0,0,0,0,0,0,0,0
"MCOLN2",0,0,0,0,0,0,1,0,0,0
"WDR63",0,0,2,0,0,0,0,1,2,3
"MCOLN3",0,0,0,0,1,0,0,0,0,1
"SYDE2",0,0,0,0,1,2,1,0,0,1
"C1orf52",5,1,4,1,3,1,8,2,2,6
"BCL10",0,1,1,0,0,1,4,2,0,2
"AL078459.1",0,2,2,0,2,0,1,1,0,4
"DDAH1",1,3,5,2,9,5,7,2,0,6
"AL360219.1",0,0,0,0,0,0,0,0,0,0
"AC092807.2",0,0,0,0,0,0,0,0,0,0
"CYR61",3,3,4,0,2,4,7,3,1,23
"ZNHIT6",6,1,4,3,5,0,4,4,3,9
"COL24A1",1,3,0,1,7,0,0,2,1,4
"AL136382.1",1,1,0,0,0,0,0,1,2,0
"ODF2L",9,4,12,3,16,8,18,11,7,15
"CLCA2",0,0,0,0,0,0,0,0,0,0
"CLCA1",0,0,0,0,0,0,0,0,0,0
"CLCA4",1,0,0,0,1,0,0,1,0,2
"AL356270.1",2,0,3,0,1,1,4,0,1,2
"AL049597.2",0,0,0,0,0,0,0,0,0,0
"SH3GLB1",0,9,3,2,9,7,9,7,4,11
"AL355981.1",0,0,0,0,0,0,0,0,0,0
"SELENOF",5,3,4,3,8,8,18,6,6,15
"HS2ST1",3,0,5,1,6,0,2,3,1,4
"AL121989.1",0,0,0,0,0,0,0,0,0,0
"AC093155.3",0,0,0,0,0,0,0,1,0,0
"AC099062.1",0,0,0,0,0,0,0,0,0,0
"LMO4",7,4,6,6,6,4,5,6,3,19
"LINC01364",0,0,0,0,0,0,1,0,0,0
"PKN2-AS1",5,1,1,0,1,3,2,2,0,7
"PKN2",9,7,14,0,16,12,32,10,9,28
"GTF2B",4,0,6,2,1,1,3,4,1,3
"KYAT3",1,2,1,2,4,3,7,2,4,3
"GBP3",2,0,0,0,0,1,2,0,1,1
"GBP1",0,2,0,0,1,1,2,3,1,1
"GBP2",0,2,1,1,5,2,4,3,6,2
"GBP7",0,0,0,0,0,0,0,0,0,0
"GBP4",0,3,0,1,3,1,4,3,3,1
"AC099063.4",2,0,0,0,0,1,0,0,0,0
"GBP5",0,0,0,0,0,0,0,0,0,0
"AC099063.1",0,0,0,0,0,0,0,0,0,0
"GBP6",0,0,0,0,0,0,0,0,0,0
"LRRC8B",5,7,7,1,3,1,6,6,1,1
"LRRC8C-DT",0,0,3,0,5,1,5,0,0,2
"AC093423.3",0,1,0,0,0,0,0,0,0,0
"AC099568.2",0,0,0,0,0,0,0,0,0,0
"LRRC8D",1,0,1,0,1,0,0,1,0,2
"AL391497.1",0,0,0,0,0,0,0,0,0,0
"ZNF326",3,4,1,1,5,4,7,3,1,9
"LINC01763",0,0,0,0,0,0,0,0,0,1
"ZNF644",8,9,10,10,8,5,22,7,7,27
"HFM1",0,0,0,0,1,1,1,0,1,3
"CDC7",0,1,2,0,1,2,3,2,1,0
"TGFBR3",12,4,20,1,25,12,17,12,24,30
"BRDT",0,2,0,0,1,0,0,1,1,1
"EPHX4",3,0,0,1,0,0,0,0,1,0
"SETSIP",0,0,0,0,0,0,0,0,0,0
"BTBD8",3,5,0,2,5,3,5,3,3,4
"AC104836.1",0,0,0,0,0,0,0,0,0,0
"C1orf146",0,0,0,0,0,0,0,0,0,0
"GLMN",4,2,2,0,1,2,3,4,3,6
"RPAP2",0,5,5,4,8,8,11,5,4,7
"GFI1",0,0,0,0,0,0,0,0,0,0
"EVI5",8,11,7,6,12,5,18,20,10,15
"RPL5",9,9,9,2,4,13,10,12,18,11
"FAM69A",10,4,6,3,6,2,5,1,1,11
"MTF2",4,3,4,1,5,3,11,3,1,6
"TMED5",2,1,2,4,4,5,3,7,8,11
"CCDC18",0,0,0,2,5,0,1,4,1,9
"DR1",2,1,2,2,1,0,2,5,0,2
"FNBP1L",1,5,3,3,12,2,8,5,7,8
"BCAR3",1,2,4,3,8,1,13,5,6,4
"AL109613.1",0,0,1,0,0,0,0,0,0,0
"DNTTIP2",0,2,2,1,1,2,3,5,2,1
"GCLM",1,1,0,0,2,4,4,1,5,2
"ABCA4",2,0,2,0,3,0,1,2,3,1
"ARHGAP29",48,22,41,24,48,45,83,68,50,34
"AC097059.1",0,0,0,0,0,0,0,0,0,1
"ABCD3",4,5,4,2,6,3,28,6,4,6
"F3",10,2,5,0,6,3,7,3,20,25
"AC093117.1",0,0,0,0,0,0,0,0,0,0
"SLC44A3",1,0,1,0,0,1,0,0,0,0
"CNN3",4,5,8,1,5,9,11,9,11,10
"AC105942.1",1,0,1,0,0,0,1,0,0,0
"ALG14",4,1,6,1,3,1,10,1,2,1
"AC095033.1",0,0,0,0,0,0,0,0,0,0
"TMEM56-RWDD3",1,0,0,0,0,0,0,0,0,1
"AC092802.1",0,1,0,0,2,0,1,0,0,3
"AC092802.2",0,1,0,0,0,0,0,0,0,0
"AL445218.1",0,0,0,0,0,1,0,0,0,0
"AL356479.1",0,0,1,0,0,0,1,0,0,0
"AC099566.1",0,0,0,0,0,0,0,0,0,0
"LINC01787",1,0,0,0,0,0,1,0,0,0
"PTBP2",14,10,15,11,14,6,36,12,15,17
"DPYD",32,32,16,19,38,22,82,32,21,84
"DPYD-AS1",2,2,4,0,1,2,4,1,0,8
"MIR137HG",0,0,3,2,1,0,2,0,0,0
"LINC01776",0,0,0,0,0,0,0,0,0,0
"SNX7",1,1,1,1,3,3,3,6,1,6
"PLPPR5",1,0,2,0,0,0,0,1,1,0
"AL445433.2",1,1,2,1,1,0,1,1,0,0
"PLPPR4",2,1,2,0,4,2,5,2,6,2
"LINC01708",0,0,0,0,0,0,0,1,0,0
"PALMD",11,25,10,0,25,6,37,12,11,16
"FRRS1",1,0,0,0,0,0,0,0,1,1
"AGL",1,1,0,3,4,2,5,3,2,2
"AC118553.1",0,0,0,0,0,0,0,0,0,0
"AC118553.2",0,0,0,0,0,0,1,0,0,0
"MFSD14A",1,0,1,0,0,1,2,1,3,0
"AC093019.2",0,0,2,0,3,1,2,0,0,5
"SASS6",2,0,1,0,0,0,2,1,1,1
"TRMT13",3,5,8,3,4,1,8,5,4,9
"LRRC39",1,0,0,0,1,0,0,0,0,2
"DBT",3,1,1,1,4,1,5,4,2,0
"RTCA-AS1",0,0,0,0,0,0,0,1,0,0
"RTCA",1,1,0,0,6,2,6,3,1,2
"CDC14A",4,2,7,0,8,7,17,2,4,22
"AL589990.1",0,0,0,0,0,0,0,0,0,0
"GPR88",0,0,0,0,0,1,0,0,0,0
"LINC01349",0,0,0,0,0,0,0,0,0,0
"VCAM1",3,0,0,0,6,0,0,5,5,3
"EXTL2",1,0,1,3,4,2,4,3,5,3
"AC104506.1",0,0,0,0,0,0,1,1,0,0
"SLC30A7",5,1,1,2,5,1,10,5,4,10
"DPH5",3,2,1,1,0,2,4,2,0,2
"AC093157.1",1,0,0,0,2,2,5,0,0,1
"AL109741.1",0,0,0,0,1,1,1,0,0,1
"S1PR1",0,7,4,5,4,8,29,9,8,4
"LINC01307",0,0,0,0,0,0,0,0,0,0
"LINC01709",0,0,1,0,0,0,0,0,0,0
"OLFM3",0,0,3,2,5,0,1,1,1,5
"AC114485.1",0,0,0,0,0,0,0,0,0,0
"AC099567.1",0,0,0,0,0,0,0,0,0,0
"COL11A1",11,2,6,2,11,4,8,3,8,14
"AC095032.2",0,0,0,0,0,0,0,0,0,0
"RNPC3",6,3,4,2,11,6,11,10,12,6
"AMY2B",4,2,3,0,2,1,5,1,1,2
"AMY2A",0,0,0,0,0,0,0,0,0,0
"AMY1A",0,0,0,0,0,0,0,0,0,0
"LINC01676",0,0,0,0,0,0,0,1,0,0
"LINC01677",0,0,0,0,0,0,0,0,0,0
"AL355306.2",0,0,0,0,0,0,0,0,0,2
"PRMT6",0,0,1,1,0,0,0,0,0,0
"NTNG1",2,2,6,0,5,1,2,2,2,1
"VAV3",3,0,1,5,7,0,2,2,0,4
"VAV3-AS1",0,0,0,0,0,0,0,0,0,0
"AL390036.1",1,0,1,0,0,0,0,0,0,0
"SLC25A24",3,2,2,2,3,1,12,0,0,3
"AL359258.2",0,0,1,0,0,0,0,0,0,0
"FAM102B",0,1,2,0,1,1,1,0,0,2
"HENMT1",0,0,0,0,0,0,1,0,0,0
"PRPF38B",5,4,6,6,9,4,8,8,4,6
"FNDC7",0,0,0,0,0,0,0,0,0,0
"STXBP3",1,2,3,1,8,4,6,5,2,8
"AKNAD1",0,0,0,1,0,1,0,1,0,0
"AL449266.1",1,2,6,0,5,0,4,2,1,1
"SPATA42",0,0,0,0,0,0,0,0,0,0
"GPSM2",1,2,1,2,1,1,2,4,2,1
"WDR47",3,0,2,2,0,2,3,2,0,1
"TAF13",1,2,1,3,1,0,6,1,1,1
"AL356488.3",0,1,0,0,0,1,0,0,0,0
"TMEM167B",1,1,0,2,2,1,4,1,0,0
"AL356488.2",0,0,0,0,0,0,0,0,0,0
"C1orf194",0,0,0,0,0,0,0,0,0,0
"KIAA1324",0,0,1,1,2,0,1,1,1,1
"SARS",1,5,8,3,4,2,9,4,1,14
"CELSR2",0,1,1,0,0,1,2,0,0,1
"PSRC1",1,1,1,0,0,0,3,2,2,7
"MYBPHL",0,0,1,0,0,0,0,0,0,0
"SORT1",12,12,10,20,16,9,40,17,14,31
"PSMA5",1,3,1,1,0,1,3,4,3,2
"SYPL2",0,0,1,0,0,0,0,1,0,0
"ATXN7L2",0,0,0,0,0,0,0,0,0,1
"CYB561D1",0,1,0,0,1,2,1,2,0,0
"AMIGO1",0,0,1,0,0,0,1,0,0,0
"GPR61",0,0,0,1,0,0,0,0,0,0
"AL355310.3",0,0,0,0,0,0,0,0,0,0
"GNAI3",1,4,0,0,7,3,8,4,4,11
"GNAT2",0,0,0,0,0,0,0,0,0,0
"AMPD2",0,0,3,1,1,0,3,3,1,2
"AL355310.2",0,0,0,0,0,0,0,0,0,0
"GSTM4",1,0,1,1,1,2,0,2,1,0
"GSTM2",2,0,0,0,0,0,0,0,0,1
"AC000032.1",0,0,0,0,0,0,0,0,0,0
"GSTM5",0,0,0,0,2,2,0,1,2,0
"GSTM3",6,1,0,0,2,2,5,4,5,9
"LINC01768",0,0,0,0,0,0,0,0,0,0
"CSF1",8,2,2,2,1,0,4,2,3,3
"AHCYL1",7,4,5,2,5,3,12,9,3,1
"STRIP1",0,0,0,1,4,1,2,1,0,6
"ALX3",0,0,0,0,0,3,1,1,0,0
"LINC01397",1,0,1,0,1,1,1,1,1,1
"SLC6A17",2,0,9,3,2,4,5,3,7,1
"AL355990.1",0,0,0,0,0,0,0,0,0,0
"KCNC4",0,4,3,1,2,1,3,1,1,2
"RBM15-AS1",0,0,0,0,1,0,0,0,0,0
"RBM15",0,1,0,0,0,0,1,2,1,2
"SLC16A4",0,1,3,3,4,3,1,1,4,6
"AL355488.1",0,0,0,0,0,1,0,0,0,1
"LAMTOR5",5,5,5,3,8,7,12,9,8,6
"PROK1",0,0,0,0,0,0,0,0,0,0
"KCNA2",0,0,1,0,1,0,4,1,1,1
"AL365361.1",0,0,2,0,0,0,0,0,0,0
"KCNA3",0,0,0,0,0,0,0,0,0,0
"CD53",0,0,0,1,1,0,1,0,0,0
"AL360270.1",0,0,1,0,0,0,0,0,0,0
"LRIF1",4,0,0,0,2,1,1,1,0,0
"AL360270.3",0,0,0,0,0,0,0,0,0,0
"DRAM2",0,1,0,0,4,2,3,8,3,4
"CEPT1",5,2,1,1,5,5,5,3,2,2
"AL355816.2",1,0,0,0,1,1,1,0,0,1
"DENND2D",0,0,0,0,0,0,0,0,0,1
"CHI3L2",0,0,0,0,0,0,0,0,0,1
"CHIA",0,0,0,0,0,0,0,0,0,0
"PIFO",0,0,0,0,0,0,0,0,0,0
"OVGP1",1,0,2,0,1,0,0,0,0,0
"WDR77",1,0,0,0,0,0,3,2,1,3
"ATP5PB",0,1,4,4,5,4,8,4,0,5
"C1orf162",0,0,0,0,0,0,0,0,0,0
"TMIGD3",1,1,0,0,0,0,1,1,0,0
"RAP1A",8,12,14,10,17,15,31,14,14,34
"LINC01160",0,0,0,0,0,0,0,0,0,0
"INKA2",1,0,2,2,1,1,0,0,1,4
"AL049557.1",1,0,0,0,0,0,0,1,0,0
"DDX20",0,1,0,1,0,0,2,2,1,0
"KCND3",1,0,4,0,5,1,1,0,1,1
"LINC01750",0,0,1,0,1,0,0,1,0,0
"AL445426.1",2,0,3,0,4,2,9,1,0,4
"CTTNBP2NL",7,7,11,1,17,7,18,7,6,20
"WNT2B",1,2,3,2,4,0,18,1,5,7
"AL354760.1",0,0,0,0,0,0,0,0,0,0
"ST7L",3,2,4,1,5,4,8,6,2,3
"CAPZA1",8,6,5,7,12,5,11,7,8,20
"MOV10",1,0,1,2,3,5,6,4,1,3
"AL603832.1",0,1,0,0,1,1,3,1,0,0
"RHOC",0,12,6,7,6,10,38,16,9,4
"FAM19A3",0,0,0,0,0,0,0,0,0,0
"LINC01356",0,0,0,0,0,0,1,0,0,1
"AL390729.1",0,0,0,0,1,0,0,1,0,0
"SLC16A1",6,9,8,6,13,21,46,14,24,8
"SLC16A1-AS1",10,2,11,3,16,5,7,2,1,18
"AL357055.3",0,0,1,0,4,1,1,1,0,5
"LRIG2",1,2,4,1,3,0,2,4,3,2
"MAGI3",8,5,12,6,13,7,19,11,8,15
"PHTF1",3,3,3,1,0,3,3,2,2,4
"RSBN1",6,1,0,3,5,2,6,2,6,3
"AL137856.1",0,0,0,0,0,0,0,0,0,2
"PTPN22",0,0,0,1,1,0,0,0,0,3
"AP4B1-AS1",0,0,0,0,2,0,1,0,0,1
"BCL2L15",0,0,0,0,0,0,0,0,0,0
"AP4B1",0,0,0,1,1,0,1,1,0,1
"DCLRE1B",2,0,0,0,0,0,2,0,0,0
"HIPK1-AS1",0,0,0,0,0,0,0,0,0,0
"HIPK1",4,1,3,2,4,4,6,4,3,3
"OLFML3",13,0,12,0,6,11,0,5,12,4
"SYT6",0,0,1,0,1,0,0,0,0,0
"AL121999.1",0,0,0,0,0,0,0,0,0,0
"TRIM33",1,8,7,6,12,2,16,3,6,8
"BCAS2",1,1,3,1,4,2,5,5,3,3
"DENND2C",3,0,5,0,2,1,4,3,0,3
"AMPD1",0,0,0,1,1,0,0,1,0,0
"NRAS",1,0,0,2,1,1,2,0,1,4
"CSDE1",5,7,7,4,9,5,11,13,6,6
"SIKE1",0,3,1,1,4,3,4,1,2,3
"SYCP1",0,0,0,0,1,0,0,0,0,0
"TSPAN2",0,0,0,0,0,2,0,2,0,1
"LINC01765",0,0,0,0,0,0,0,0,0,0
"AL512638.2",0,0,1,0,0,0,0,0,0,3
"NGF",0,0,0,0,2,0,0,1,3,7
"VANGL1",0,0,0,0,1,3,2,0,0,0
"CASQ2",1,0,0,0,0,0,0,1,0,0
"NHLH2",0,0,0,0,1,0,0,0,0,0
"LINC01649",0,0,0,0,1,0,0,0,0,0
"SLC22A15",3,2,4,9,2,5,7,4,0,4
"AL365318.1",0,0,0,0,0,0,0,0,0,0
"MAB21L3",0,0,1,0,0,0,0,0,0,0
"ATP1A1",8,18,7,5,13,9,47,13,6,12
"LINC01762",0,0,0,0,0,0,1,1,1,2
"AL390066.1",0,0,0,0,0,0,0,0,0,0
"CD58",2,8,3,1,6,4,16,3,3,13
"IGSF3",1,1,2,1,0,0,0,1,2,0
"C1orf137",0,0,0,0,0,0,0,0,0,0
"CD2",0,0,0,0,0,0,0,0,0,0
"AL157904.1",0,0,0,0,0,0,0,0,0,0
"PTGFRN",0,0,2,0,1,0,0,0,1,1
"CD101",0,0,0,0,0,0,0,0,0,0
"AL445231.1",0,0,0,0,0,0,0,0,0,0
"TTF2",1,1,0,1,0,1,2,2,1,6
"TRIM45",1,0,1,0,0,0,0,0,0,0
"VTCN1",0,0,0,1,0,0,0,0,0,1
"LINC01525",0,0,0,0,0,0,0,0,0,0
"AL358072.1",0,0,0,0,1,0,0,0,1,1
"MAN1A2",3,5,13,6,11,4,20,14,9,17
"TENT5C",0,0,0,0,0,0,0,1,0,3
"GDAP2",1,1,1,1,2,2,2,1,1,0
"WDR3",1,0,2,0,2,1,1,2,1,2
"SPAG17",0,1,0,0,2,1,0,1,0,2
"TBX15",1,0,1,1,4,1,2,5,1,6
"WARS2",4,0,5,0,0,2,1,2,1,1
"WARS2-IT1",0,0,0,0,0,0,0,0,0,0
"AL359915.2",3,1,6,1,2,5,7,6,3,8
"AL359915.1",1,0,0,0,2,0,0,0,1,0
"LINC01780",0,0,0,0,1,0,0,0,0,0
"HAO2",0,0,0,0,0,0,0,0,0,0
"HSD3B1",0,0,0,0,0,0,0,0,0,0
"ZNF697",0,0,1,0,1,1,1,0,0,0
"PHGDH",0,2,1,0,0,4,3,2,1,4
"HMGCS2",0,0,0,0,0,0,0,0,0,0
"NOTCH2",6,1,2,2,9,3,4,6,5,5
"AC245008.1",0,0,0,0,0,0,0,0,0,0
"SEC22B",1,1,1,1,1,5,5,3,2,4
"NBPF26",1,0,0,0,0,0,0,1,2,1
"LINC00623",6,4,5,1,10,3,7,6,5,8
"FCGR1B",0,0,0,0,0,0,0,0,0,0
"AC244453.3",0,0,0,1,0,0,0,0,0,1
"AC244453.1",0,0,0,0,1,2,0,0,0,0
"FAM72B",0,0,0,0,0,0,1,0,0,0
"SRGAP2C",2,5,4,2,8,8,11,6,8,8
"SRGAP2-AS1",0,0,1,0,0,1,0,0,1,0
"AC244021.1",0,0,0,1,3,2,10,6,2,3
"AL592494.1",0,0,0,0,0,0,0,0,0,0
"AL592494.3",0,0,0,0,0,0,0,0,0,0
"AC239800.2",0,0,0,0,0,0,0,0,0,0
"AC239800.3",1,0,0,1,1,0,0,1,1,2
"AC239798.2",0,0,0,0,0,0,0,0,0,0
"AC246680.1",0,0,0,0,0,0,2,0,0,0
"FAM72C",0,0,0,0,0,0,0,0,0,0
"AC245595.1",0,0,0,0,0,0,0,0,0,1
"AC246785.3",0,0,0,0,0,1,0,0,0,0
"NBPF15",0,0,6,0,1,4,3,0,2,1
"LINC01632",0,0,0,0,0,0,0,0,0,4
"FP700111.1",6,2,8,2,16,7,2,2,5,3
"SRGAP2B",5,2,3,4,7,6,14,8,5,12
"FAM72D",0,0,0,0,0,0,0,0,0,0
"AC245014.3",1,0,0,0,0,0,0,0,0,0
"AC245014.1",0,0,0,0,0,0,0,0,0,0
"NBPF20",0,0,0,0,0,0,0,0,0,0
"GPR89A",1,1,3,1,4,1,2,2,3,5
"PDZK1",1,0,4,1,1,2,4,1,0,0
"CD160",0,0,0,0,0,1,0,0,0,0
"RNF115",9,12,25,6,23,8,37,13,12,19
"POLR3C",0,1,0,0,1,1,3,0,2,2
"NUDT17",1,0,0,0,1,0,1,0,0,2
"PIAS3",0,3,2,1,4,3,2,1,2,4
"ANKRD35",2,1,1,1,1,1,1,1,3,3
"ITGA10",6,2,19,3,18,6,22,11,5,28
"PEX11B",4,1,3,1,2,2,3,0,3,6
"RBM8A",5,2,3,5,6,8,11,6,10,3
"AC243547.3",0,0,0,0,0,0,0,0,0,0
"LIX1L",0,1,2,2,5,2,4,7,5,8
"ANKRD34A",0,0,1,0,0,0,0,0,0,0
"POLR3GL",1,0,1,2,1,0,3,2,2,3
"TXNIP",5,14,11,3,22,47,21,46,52,59
"HJV",1,0,0,0,0,0,0,1,0,0
"LINC01719",0,0,0,0,0,0,0,0,1,1
"NBPF10",1,0,0,0,0,0,0,0,0,1
"AC239799.2",0,0,0,0,0,0,0,0,0,0
"AC245407.2",0,0,0,0,0,0,0,0,0,0
"NBPF12",3,0,2,2,6,1,4,1,4,4
"PRKAB2",1,1,0,0,4,3,3,0,0,5
"AC242426.2",0,0,2,1,0,1,2,3,0,3
"FMO5",0,0,1,1,1,2,7,1,1,7
"CHD1L",8,6,4,2,9,1,17,1,2,10
"LINC00624",1,0,1,0,0,1,1,1,2,0
"BCL9",2,0,0,0,1,1,5,2,3,4
"ACP6",1,0,1,0,3,2,2,2,1,5
"GJA5",0,0,0,0,0,1,2,1,1,2
"GPR89B",1,1,2,0,1,0,7,5,6,1
"AC239803.2",0,0,0,0,0,0,0,0,0,0
"AC239803.3",0,0,0,0,0,0,0,0,0,0
"NBPF11",2,2,1,0,2,1,2,3,4,2
"AC239809.3",1,0,2,0,0,0,2,0,2,13
"AC239803.1",0,1,0,0,0,0,0,0,0,0
"LINC01731",0,0,0,0,0,0,0,0,0,0
"AC245100.1",0,0,0,0,0,0,0,0,0,0
"AC245100.7",0,0,0,0,0,0,0,0,0,0
"PPIAL4G",0,0,0,0,0,0,0,0,0,0
"NBPF14",1,1,0,0,3,0,0,2,1,3
"NUDT4B",0,0,1,0,0,0,0,0,0,0
"PDE4DIP",9,7,13,8,14,4,11,9,5,18
"AC239802.1",0,0,0,0,0,0,0,0,0,0
"AC239802.2",1,0,0,0,0,0,0,0,0,0
"AC239804.1",0,0,0,0,0,0,0,0,0,0
"NBPF9",0,0,0,0,0,0,3,3,0,5
"AC245297.3",8,5,17,14,20,8,12,4,22,27
"AC245297.2",0,0,0,0,0,0,0,0,0,1
"NBPF19",4,0,2,1,1,3,3,0,8,6
"FCGR1A",0,0,0,0,0,0,0,0,0,0
"HIST2H2BF",0,0,1,0,0,0,0,1,0,1
"HIST2H4A",0,0,0,0,0,0,0,0,0,0
"AC239868.3",0,0,0,0,0,0,0,0,0,1
"HIST2H2AA4",0,0,0,0,0,0,0,0,0,0
"HIST2H4B",0,0,0,0,0,0,0,0,0,0
"AC239868.2",0,0,1,0,0,0,0,2,2,0
"HIST2H2BE",2,0,0,0,0,0,3,1,1,0
"HIST2H2AC",0,0,0,0,0,0,0,1,0,0
"BOLA1",1,0,2,0,0,0,2,0,1,0
"SV2A",2,1,3,3,2,0,0,0,2,0
"SF3B4",1,0,2,2,1,4,0,1,2,2
"MTMR11",0,1,0,0,0,0,1,0,0,0
"OTUD7B",6,4,5,6,8,5,16,6,4,5
"VPS45",4,4,3,2,5,3,5,3,1,10
"PLEKHO1",0,0,0,1,2,3,2,3,0,1
"ANP32E",1,2,0,0,1,1,2,0,2,4
"AC242988.1",0,0,0,0,0,0,0,0,0,0
"CA14",1,0,2,1,0,0,0,0,0,1
"APH1A",0,2,2,1,3,1,4,3,1,4
"C1orf54",6,4,5,1,4,3,7,6,3,18
"CIART",0,0,0,0,0,0,1,0,1,0
"MRPS21",8,1,2,9,7,5,13,10,5,7
"PRPF3",4,2,5,0,5,2,5,3,3,2
"RPRD2",16,3,9,5,17,8,14,9,7,13
"TARS2",1,0,1,0,1,0,3,0,2,3
"ECM1",7,0,1,1,1,2,5,1,0,4
"FALEC",2,0,0,0,2,0,2,1,1,2
"AL356356.1",0,0,0,0,0,0,0,0,0,0
"ADAMTSL4",0,0,0,0,0,1,0,0,0,1
"MCL1",4,12,6,10,6,5,14,8,6,15
"ENSA",7,6,7,5,8,9,8,5,8,12
"GOLPH3L",0,0,1,2,3,6,4,4,2,6
"HORMAD1",0,0,0,0,0,0,0,0,0,0
"CTSS",0,0,0,0,0,1,1,0,0,1
"CTSK",1,0,1,0,2,1,0,0,1,5
"ARNT",3,2,4,5,8,6,5,3,5,12
"CTXND2",0,0,1,0,0,0,0,0,0,0
"SETDB1",2,0,2,3,0,0,1,0,2,6
"CERS2",3,1,3,1,2,5,6,3,4,4
"AL590133.2",0,0,0,0,0,0,0,0,0,1
"AL590133.1",0,0,0,0,0,0,0,0,0,0
"ANXA9",0,0,0,0,0,0,0,0,0,0
"MINDY1",2,1,1,3,1,0,1,2,1,2
"PRUNE1",1,0,0,0,2,0,0,1,0,1
"BNIPL",0,0,0,0,0,0,1,1,1,0
"C1orf56",0,1,1,1,4,3,18,8,6,24
"CDC42SE1",3,2,2,0,2,3,13,4,4,10
"MLLT11",8,1,2,2,3,1,3,2,1,2
"GABPB2",5,0,3,1,3,0,5,1,5,13
"SEMA6C",0,0,0,0,0,2,0,1,1,1
"SCNM1",3,1,1,1,1,2,5,5,2,5
"LYSMD1",1,0,0,0,0,0,3,0,1,0
"VPS72",0,1,1,0,1,2,2,3,2,2
"PIP5K1A",7,4,3,3,7,3,10,3,5,9
"PSMD4",7,3,4,2,5,5,6,6,3,8
"AL391069.2",0,0,0,0,0,0,0,0,0,0
"ZNF687",2,0,0,0,0,0,1,1,2,2
"PI4KB",4,3,6,1,2,4,5,3,1,3
"AL391069.4",0,0,0,0,0,0,0,0,0,0
"RFX5",1,0,2,1,1,1,0,2,0,0
"AL391069.3",0,0,0,0,0,0,0,1,0,0
"SELENBP1",1,2,6,0,2,3,2,9,4,5
"PSMB4",1,0,5,2,2,2,6,2,11,0
"POGZ",15,11,18,7,15,11,26,14,5,39
"CGN",0,0,0,0,0,0,0,1,0,1
"TUFT1",0,0,0,0,1,0,0,0,0,0
"SNX27",5,2,6,1,6,1,5,2,4,5
"AL391335.1",1,0,0,0,0,0,0,0,0,0
"AL589765.1",0,0,0,0,0,0,0,0,0,0
"CELF3",0,0,2,1,0,0,0,0,1,0
"RIIAD1",0,0,0,0,0,0,0,0,0,0
"AL589765.7",0,0,0,0,0,0,0,0,0,0
"MRPL9",3,0,2,1,1,2,2,2,1,1
"OAZ3",0,0,0,0,0,0,0,0,0,0
"AL589765.4",0,0,0,0,0,0,0,0,0,0
"TDRKH",1,0,0,0,0,0,0,0,0,1
"TDRKH-AS1",0,0,0,0,0,0,0,0,0,0
"AL589765.6",0,0,0,0,0,0,0,0,0,0
"LINGO4",0,0,0,0,0,0,0,0,0,0
"RORC",0,0,0,0,0,0,0,0,0,0
"C2CD4D",0,0,1,0,0,0,0,0,0,0
"AL450992.2",0,0,0,0,0,0,0,0,0,0
"THEM5",0,0,0,0,0,0,0,0,0,0
"THEM4",5,1,2,0,2,2,1,0,0,2
"S100A10",1,6,2,2,2,18,52,17,7,7
"AL450992.1",0,1,0,0,0,0,0,0,0,0
"S100A11",5,6,6,7,15,18,24,17,11,4
"TCHH",0,0,0,0,0,0,0,0,0,0
"AL589986.1",0,0,0,0,0,0,0,0,0,0
"FLG-AS1",1,0,8,1,3,4,4,6,5,10
"HRNR",0,0,1,0,0,0,0,0,1,0
"FLG",0,0,0,0,0,0,0,0,0,0
"FLG2",1,0,0,1,0,0,0,0,0,0
"LCE5A",0,0,0,0,0,0,0,0,0,0
"LINC01527",0,0,0,0,0,0,0,0,0,0
"LOR",0,0,0,0,0,0,0,0,0,0
"S100A9",0,0,0,0,0,0,0,1,0,1
"S100A12",0,0,0,0,0,0,0,0,0,1
"S100A8",0,1,0,0,0,1,0,0,0,0
"S100A7",0,0,0,0,0,0,0,0,0,0
"BX470102.1",0,0,0,0,1,0,0,0,1,0
"S100A6",15,14,14,14,22,27,72,37,10,19
"S100A5",0,0,0,0,0,0,0,0,0,0
"S100A4",0,0,3,0,1,4,0,6,5,3
"S100A2",0,0,0,0,0,0,0,0,0,0
"S100A16",0,3,1,0,1,2,10,8,7,0
"S100A14",0,0,0,0,0,0,0,0,0,0
"S100A13",4,2,3,8,5,6,19,7,12,6
"S100A1",3,2,0,1,5,0,2,3,4,6
"AL162258.2",0,0,0,0,0,0,0,0,0,0
"CHTOP",1,2,2,1,6,4,5,7,5,4
"SNAPIN",2,1,2,1,2,1,2,5,2,3
"ILF2",0,0,4,1,2,1,4,1,1,2
"NPR1",0,0,0,0,0,0,0,0,0,2
"INTS3",2,1,3,0,1,0,2,4,2,0
"AL513523.4",0,0,0,0,0,0,0,0,0,0
"SLC27A3",1,0,2,1,0,1,1,0,1,0
"GATAD2B",7,8,8,4,10,6,15,7,6,15
"AL358472.5",0,0,0,0,0,0,0,0,0,0
"DENND4B",1,1,4,0,1,0,4,2,0,4
"CRTC2",3,0,0,2,0,1,4,1,1,1
"SLC39A1",2,3,6,3,0,3,7,9,3,2
"AL358472.4",0,0,0,0,0,0,0,0,0,0
"AL358472.3",0,0,0,0,0,0,1,0,0,0
"CREB3L4",0,0,0,0,0,1,2,0,0,0
"JTB",5,3,8,1,4,9,13,8,3,7
"AL358472.2",0,1,0,0,0,0,0,0,0,0
"RAB13",0,2,0,0,0,2,3,1,3,1
"RPS27",7,11,7,5,17,12,15,22,7,9
"NUP210L",1,1,0,1,6,1,0,3,1,4
"TPM3",4,5,4,4,5,3,16,8,4,5
"C1orf189",0,0,0,0,0,0,0,0,0,0
"C1orf43",6,2,4,2,7,6,12,5,5,11
"UBAP2L",4,1,1,1,4,3,5,0,0,5
"HAX1",4,5,2,0,1,3,7,7,2,2
"AQP10",0,0,0,0,0,0,0,0,0,0
"ATP8B2",0,2,1,0,1,1,1,1,2,3
"IL6R-AS1",0,0,0,0,0,0,0,0,0,0
"IL6R",4,3,5,2,3,8,3,6,3,5
"SHE",1,3,2,0,2,1,14,0,4,4
"TDRD10",1,0,1,1,2,1,2,1,4,0
"UBE2Q1",0,2,2,0,1,0,5,1,2,0
"CHRNB2",0,0,0,1,0,0,0,0,0,1
"ADAR",10,2,7,5,9,3,11,4,5,7
"KCNN3",0,0,0,0,3,2,4,3,1,0
"PMVK",1,1,1,1,4,1,2,4,1,1
"AL451085.1",0,0,0,0,0,0,0,0,0,0
"PBXIP1",0,0,1,2,3,3,4,3,2,5
"PYGO2",1,0,0,1,2,0,1,0,2,1
"AL451085.2",0,0,1,0,0,0,0,0,0,0
"SHC1",0,0,0,0,0,0,0,0,0,1
"CKS1B",0,1,1,2,0,2,2,2,0,0
"FLAD1",2,0,2,2,0,2,9,0,1,2
"ZBTB7B",0,0,0,0,0,3,2,0,3,3
"DCST2",0,0,0,0,0,0,0,0,0,0
"DCST1",0,0,0,0,0,0,0,0,0,0
"DCST1-AS1",0,0,0,0,0,0,0,0,0,0
"ADAM15",1,4,4,1,8,3,18,2,2,4
"EFNA3",0,0,0,0,0,0,0,0,0,0
"EFNA1",1,7,1,3,2,5,14,14,3,6
"SLC50A1",0,0,1,1,2,0,0,0,0,4
"DPM3",0,4,4,2,4,3,6,4,8,7
"KRTCAP2",1,0,0,0,0,3,0,1,2,1
"AL713999.1",1,0,1,0,0,0,0,0,0,0
"TRIM46",0,0,0,0,0,0,1,0,0,0
"AC234582.1",0,0,2,0,2,0,0,0,0,0
"THBS3",1,0,0,0,0,0,2,0,1,4
"MTX1",1,0,0,0,0,2,0,2,4,0
"AC234582.2",0,0,1,0,0,0,0,0,0,0
"GBA",1,1,4,1,0,3,3,0,1,2
"FAM189B",0,1,2,1,1,0,2,1,0,0
"SCAMP3",2,3,2,1,3,1,8,7,5,4
"CLK2",2,1,0,1,0,0,5,1,2,1
"HCN3",1,0,0,1,0,1,0,1,1,2
"PKLR",0,0,0,0,0,0,1,0,0,0
"FDPS",9,7,13,5,8,3,15,3,3,5
"RUSC1-AS1",0,0,0,0,0,0,1,0,0,0
"RUSC1",2,2,3,1,4,1,3,2,4,1
"ASH1L",19,9,24,7,34,17,31,23,16,51
"ASH1L-AS1",0,1,0,0,0,0,0,0,0,1
"AL353807.2",0,0,0,0,0,0,0,0,0,0
"MSTO1",1,2,0,0,0,0,0,0,0,0
"YY1AP1",2,1,4,3,3,0,9,6,5,3
"DAP3",5,2,8,3,5,2,10,5,2,13
"AL162734.1",0,0,0,0,0,0,0,0,0,0
"GON4L",4,4,8,0,4,5,8,3,1,7
"SYT11",8,9,8,4,9,1,8,6,3,6
"RIT1",0,1,2,4,1,1,7,3,2,6
"KHDC4",3,5,8,3,4,0,9,5,5,10
"ARHGEF2",1,4,4,2,8,2,12,3,2,14
"AL355388.2",1,0,0,0,0,0,0,0,0,0
"AL355388.1",0,0,0,0,0,0,0,0,0,0
"SSR2",2,1,5,0,8,6,9,5,5,10
"UBQLN4",1,3,0,2,0,3,3,1,0,1
"LAMTOR2",3,2,1,2,0,2,2,3,3,4
"RAB25",0,0,0,0,0,0,0,0,0,0
"MEX3A",0,0,0,0,0,0,0,0,0,0
"LMNA",7,5,4,3,4,9,7,9,3,13
"SEMA4A",0,0,0,0,0,0,0,0,0,1
"SLC25A44",0,2,0,2,1,0,1,2,0,0
"PMF1-BGLAP",0,0,0,0,0,0,0,0,0,0
"PAQR6",0,3,1,1,3,0,1,1,0,3
"SMG5",2,3,5,2,2,2,7,3,3,7
"TMEM79",0,1,0,0,1,0,1,0,0,1
"GLMP",1,0,1,0,0,2,0,1,1,1
"CCT3",2,2,1,1,3,5,7,12,2,7
"TSACC",0,0,0,0,0,1,0,0,1,0
"RHBG",0,0,0,0,0,0,0,0,0,0
"AL139130.1",0,0,0,0,0,0,0,0,0,0
"C1orf61",6,1,3,2,4,2,3,3,0,7
"AL139412.1",0,0,1,0,0,0,0,0,0,0
"MEF2D",3,2,3,1,9,5,4,3,1,7
"AL365181.1",0,0,0,0,0,1,0,0,0,0
"IQGAP3",0,0,0,0,0,0,0,0,0,0
"TTC24",0,0,0,0,0,0,0,0,0,0
"NAXE",1,1,0,0,1,3,4,2,1,2
"GPATCH4",1,2,2,1,1,0,3,2,0,0
"AL365181.4",0,0,0,0,0,0,0,0,0,0
"HAPLN2",1,1,1,4,0,0,1,0,1,4
"AL365181.2",0,0,0,0,0,0,0,0,0,0
"BCAN",1,0,4,1,1,0,4,2,1,0
"AL365181.3",0,0,0,1,0,0,0,0,0,0
"AL590666.2",0,0,0,0,0,0,0,0,0,0
"NES",0,4,1,2,4,1,4,0,1,3
"AL590666.3",0,0,0,0,0,0,0,0,0,0
"CRABP2",0,0,0,0,0,0,0,0,1,2
"ISG20L2",3,3,0,0,1,1,3,1,0,0
"RRNAD1",1,1,1,0,2,1,3,1,1,4
"MRPL24",2,0,1,2,1,2,5,3,2,2
"HDGF",0,0,0,0,3,1,5,6,5,5
"PRCC",2,2,1,1,3,3,1,8,2,4
"SH2D2A",0,0,1,0,0,1,0,0,0,0
"NTRK1",0,0,1,0,0,0,1,2,1,0
"INSRR",1,2,3,0,1,0,0,0,0,1
"PEAR1",2,2,2,3,4,2,6,4,3,4
"ARHGEF11",4,3,7,0,2,6,9,5,3,6
"ETV3L",0,0,0,0,0,0,0,0,0,0
"ETV3",0,0,0,1,1,1,1,0,1,1
"FCRL5",0,0,0,0,1,0,0,0,0,0
"FCRL4",0,0,0,0,0,0,0,0,0,0
"FCRL3",0,0,0,0,0,0,0,0,0,0
"FCRL2",0,0,0,0,1,0,0,0,0,0
"FCRL1",0,0,0,0,1,0,0,0,0,0
"CD5L",0,0,0,0,0,0,0,0,0,0
"KIRREL1",5,1,2,3,4,2,2,4,1,5
"LINC01704",0,0,0,0,0,0,0,0,0,0
"CD1D",0,0,0,0,0,0,0,0,0,0
"AL138899.1",0,0,0,0,0,0,0,0,0,0
"OR10K1",0,0,0,0,0,0,0,0,0,0
"OR10R2",0,0,0,0,0,0,0,0,0,0
"SPTA1",0,0,0,0,0,0,0,1,0,0
"OR6N1",0,0,0,0,0,0,0,0,0,0
"MNDA",0,0,1,0,4,3,2,4,4,1
"PYHIN1",0,0,0,0,0,2,1,0,1,0
"IFI16",7,8,4,5,8,5,27,13,5,10
"AIM2",0,0,0,0,1,0,0,0,0,0
"CADM3",0,4,4,1,3,3,1,2,0,0
"CADM3-AS1",0,0,0,0,0,1,1,1,0,1
"ACKR1",0,13,2,8,8,5,5,11,1,2
"FCER1A",0,0,0,0,0,0,0,0,0,0
"AL513323.1",0,0,0,0,1,0,0,0,0,0
"AL663023.1",0,0,0,0,0,0,0,0,0,0
"DUSP23",3,14,5,2,0,8,19,13,3,1
"FCRL6",0,0,0,0,0,0,0,0,0,0
"SLAMF8",0,0,0,0,0,0,0,0,0,0
"AL590560.1",0,0,0,0,0,0,0,0,0,0
"AL590560.2",1,0,0,0,0,0,0,0,0,0
"CFAP45",1,0,0,0,0,0,0,0,0,0
"TAGLN2",5,18,4,16,9,11,46,16,19,14
"IGSF9",0,0,0,0,0,0,0,0,0,0
"LINC01133",0,0,0,0,0,0,0,0,0,4
"KCNJ10",1,1,2,1,6,1,3,3,1,4
"AL121987.1",0,0,0,0,0,0,0,0,0,0
"KCNJ9",1,0,1,0,1,1,3,0,0,0
"IGSF8",1,4,2,3,1,1,3,0,0,5
"ATP1A2",64,18,93,45,102,45,34,84,83,33
"ATP1A4",0,0,0,0,0,0,0,0,0,0
"CASQ1",0,0,1,0,0,0,0,0,0,0
"AL121987.2",0,0,0,0,0,0,0,0,0,0
"PEA15",3,4,4,11,8,4,11,9,9,7
"DCAF8",0,1,3,3,2,1,3,0,1,3
"AL139011.2",1,1,0,1,3,1,0,1,1,1
"AL139011.1",0,0,0,0,0,0,0,0,0,0
"PEX19",0,0,0,0,0,0,0,0,0,0
"COPA",5,9,13,10,10,16,17,4,4,27
"NCSTN",2,1,1,4,5,3,2,3,2,2
"NHLH1",0,0,0,0,0,0,0,0,0,0
"VANGL2",0,1,0,0,1,0,0,0,1,1
"SLAMF6",0,0,0,0,0,0,0,0,0,0
"AL138930.1",0,0,0,0,0,0,0,0,0,0
"CD84",0,0,0,0,2,0,0,0,0,0
"SLAMF1",0,0,0,0,0,0,0,0,0,0
"AL121985.1",1,0,0,0,0,0,0,0,1,0
"CD48",0,0,0,0,0,0,0,0,0,0
"SLAMF7",0,0,0,0,0,0,0,0,0,0
"LY9",0,0,0,0,0,0,0,0,0,1
"CD244",0,0,0,0,0,0,0,0,0,0
"AL354714.1",0,0,0,0,0,0,0,0,0,0
"ITLN2",0,0,0,0,0,0,0,0,0,0
"F11R",0,3,2,0,0,2,4,0,2,1
"AL591806.3",0,0,0,0,0,0,0,0,0,1
"TSTD1",0,0,0,0,0,0,0,0,0,0
"USF1",1,0,1,0,0,0,1,0,1,0
"ARHGAP30",0,0,0,0,0,0,0,0,0,1
"NECTIN4",0,0,0,0,0,0,0,0,0,0
"KLHDC9",1,1,0,1,0,0,1,0,2,0
"PFDN2",2,1,4,6,7,8,5,12,3,6
"NIT1",3,1,1,1,2,0,6,2,3,4
"DEDD",0,1,2,2,1,0,2,2,1,2
"UFC1",2,2,2,2,2,2,7,6,1,5
"AL590714.1",0,0,0,0,0,0,0,0,0,0
"USP21",0,1,0,0,0,2,1,0,0,0
"PPOX",1,0,2,1,0,2,6,0,2,3
"B4GALT3",1,0,1,0,1,0,7,7,1,1
"ADAMTS4",1,1,1,0,1,4,9,1,1,0
"NDUFS2",3,2,5,2,5,2,12,9,7,6
"FCER1G",1,0,0,1,1,1,1,0,1,0
"TOMM40L",0,0,0,0,0,0,0,0,1,0
"NR1I3",0,0,0,0,0,0,0,0,0,0
"PCP4L1",0,0,2,1,1,1,1,0,0,1
"MPZ",0,0,1,0,0,0,0,1,0,1
"SDHC",2,1,5,2,3,4,5,5,1,6
"CFAP126",0,0,0,0,1,0,0,0,0,0
"AL592295.4",0,1,2,0,2,0,3,2,0,1
"AL592295.3",0,2,2,0,0,2,1,2,0,1
"FCGR2A",0,0,0,0,0,0,0,0,0,0
"HSPA6",0,0,0,0,1,0,0,0,0,1
"FCGR3A",0,0,0,0,0,0,0,1,0,0
"FCGR3B",0,0,0,0,0,0,0,0,0,0
"FCGR2B",0,0,0,0,0,0,0,0,0,1
"FCRLA",0,0,0,0,0,0,0,0,0,0
"FCRLB",1,0,1,0,0,0,1,0,0,0
"DUSP12",2,0,1,1,1,4,2,6,2,0
"AL359541.1",0,0,0,0,0,0,0,0,0,0
"ATF6",5,5,3,2,10,5,19,8,5,19
"OLFML2B",0,0,0,0,1,2,0,1,2,2
"NOS1AP",2,2,7,4,4,1,8,1,0,2
"C1orf226",0,0,0,0,1,0,1,0,0,0
"SH2D1B",0,0,0,0,0,0,0,0,0,0
"UHMK1",4,2,4,3,3,5,9,4,4,4
"AL596325.1",0,0,0,0,0,0,0,0,0,0
"UAP1",5,3,0,0,0,0,2,0,2,0
"DDR2",10,2,5,2,4,1,3,3,3,17
"HSD17B7",4,1,1,0,2,1,5,3,1,9
"CCDC190",0,0,1,0,0,0,0,0,1,0
"RGS4",4,2,3,3,2,1,4,4,1,0
"RGS5",11,9,6,15,24,41,11,29,18,1
"AL499616.1",1,1,2,1,3,0,0,2,0,0
"NUF2",1,0,1,0,1,0,1,1,0,2
"PBX1",17,10,25,12,30,19,38,13,21,35
"AL357568.1",0,0,0,0,0,0,0,0,0,0
"LMX1A",0,0,0,0,0,1,0,0,0,0
"RXRG",0,0,0,0,0,2,0,0,0,1
"AL157714.2",0,0,0,0,0,0,0,0,0,0
"LRRC52",0,0,0,0,0,0,0,0,0,0
"AL356441.1",0,0,0,0,0,0,0,0,0,1
"MGST3",13,7,12,3,14,16,18,9,15,19
"ALDH9A1",1,0,2,1,2,4,6,3,2,0
"AL451074.6",0,0,0,0,0,0,0,0,0,0
"TMCO1",4,3,3,3,7,5,9,5,10,8
"AL451074.2",0,0,0,0,0,1,0,1,1,0
"UCK2",3,1,1,0,4,2,4,1,0,4
"FAM78B",1,0,1,0,1,0,0,1,1,1
"AL626787.1",0,0,0,0,0,0,0,0,0,0
"AL390115.1",0,0,0,0,0,0,0,0,0,0
"AL583804.1",0,0,0,0,0,0,0,0,0,0
"LINC01675",0,0,0,0,0,0,0,0,0,0
"POGK",0,1,1,0,4,2,5,4,2,2
"TADA1",1,2,1,0,0,1,1,1,1,0
"ILDR2",0,0,0,2,3,1,1,1,1,15
"MAEL",0,0,0,0,0,0,0,0,0,2
"GPA33",0,0,0,0,1,0,0,0,0,1
"DUSP27",0,0,0,0,0,0,0,0,0,0
"LINC01363",1,0,0,0,0,0,0,0,0,0
"AL451050.2",2,0,0,0,1,0,0,0,0,0
"POU2F1",9,5,11,7,20,3,10,7,15,20
"CD247",0,0,1,0,0,1,0,0,0,2
"CREG1",3,3,0,0,2,2,4,0,1,4
"AL031733.2",0,0,1,0,0,0,0,0,0,0
"RCSD1",5,2,3,3,14,0,8,5,1,19
"MPZL1",9,7,8,5,10,6,15,13,9,7
"ADCY10",0,0,1,0,0,1,0,1,0,1
"MPC2",3,2,4,0,3,3,3,0,2,0
"DCAF6",6,2,10,3,19,10,7,12,6,27
"GPR161",0,0,1,0,3,0,6,2,1,2
"TIPRL",4,2,7,1,2,4,5,3,3,7
"SFT2D2",6,2,4,3,5,1,10,3,2,8
"TBX19",0,0,1,0,2,1,0,0,1,0
"AL023755.1",1,0,0,0,0,0,0,0,0,0
"XCL1",0,0,0,0,0,0,0,0,0,0
"DPT",1,0,0,0,0,0,0,0,0,0
"AL031275.1",0,0,0,0,0,0,0,1,0,0
"LINC00626",0,0,0,0,0,0,0,0,0,1
"LINC00970",1,0,0,0,3,0,0,0,1,1
"ATP1B1",31,13,22,15,16,6,27,7,7,17
"NME7",1,4,5,3,4,0,5,4,3,9
"Z99758.1",1,0,0,0,2,0,0,0,0,0
"BLZF1",3,1,4,3,5,5,11,4,1,7
"CCDC181",0,1,0,1,4,1,0,1,1,1
"SLC19A2",2,0,1,0,1,2,2,0,3,5
"AL021068.1",0,0,0,0,0,0,0,0,0,0
"F5",0,0,1,0,0,0,0,0,0,0
"SELP",0,0,0,0,0,0,0,0,0,0
"C1orf112",2,0,2,0,2,0,2,3,0,3
"SELL",0,0,0,0,0,1,0,0,0,1
"SELE",1,0,0,0,0,0,0,0,0,0
"METTL18",0,0,1,0,0,2,0,0,1,1
"SCYL3",2,2,0,0,1,1,2,1,2,0
"KIFAP3",16,1,15,4,9,5,11,8,7,9
"METTL11B",0,0,0,0,0,0,0,0,0,0
"LINC01681",0,0,0,0,0,0,0,0,0,0
"AL354732.1",0,0,0,1,0,0,0,1,0,0
"GORAB",0,1,0,0,1,1,1,2,0,1
"AL162399.1",0,0,0,0,0,0,0,0,0,0
"AL023495.1",0,0,0,0,0,0,0,0,0,0
"PRRX1",5,5,10,4,13,5,7,10,9,35
"MROH9",1,0,2,2,3,1,0,1,0,0
"FMO3",1,0,1,0,1,1,0,2,2,0
"FMO2",12,1,4,3,7,2,1,4,7,1
"AL021026.1",0,0,0,0,0,0,0,0,0,0
"AL445673.1",0,0,0,0,0,0,0,0,0,0
"FMO1",0,0,0,0,0,1,0,0,0,0
"FMO4",1,0,1,2,1,2,0,4,0,5
"PRRC2C",10,3,13,5,25,11,14,20,6,12
"MYOCOS",0,0,0,0,0,0,0,0,0,0
"MYOC",0,0,0,0,0,0,0,0,0,0
"VAMP4",0,0,2,1,1,2,4,2,0,2
"METTL13",0,0,1,1,1,1,3,1,0,0
"DNM3",30,27,34,36,52,16,82,20,24,68
"DNM3OS",1,0,0,0,1,1,1,0,0,2
"PIGC",2,0,5,2,6,4,11,4,5,7
"C1orf105",0,0,1,0,0,0,0,0,0,0
"SUCO",5,1,5,4,4,3,6,3,2,8
"AL031599.1",0,0,0,0,0,0,0,0,0,0
"TNFSF18",0,0,0,0,0,0,0,0,0,0
"AL022310.1",0,0,0,0,0,0,0,0,0,0
"TNFSF4",0,0,0,0,0,0,0,1,0,0
"AL645568.1",5,2,3,2,3,2,5,3,4,4
"PRDX6",2,2,6,5,11,6,11,6,5,6
"SLC9C2",0,0,2,1,0,1,5,0,1,1
"AL139142.1",1,0,0,0,0,0,0,0,0,0
"ANKRD45",0,0,0,0,0,0,0,0,0,0
"KLHL20",6,6,2,4,10,2,11,6,4,2
"CENPL",0,0,0,0,0,0,0,0,0,0
"DARS2",1,0,1,0,3,0,3,1,1,1
"GAS5-AS1",0,0,0,0,0,0,0,0,0,0
"ZBTB37",0,0,1,6,1,2,2,2,1,2
"SERPINC1",0,0,0,0,0,0,0,0,0,0
"RC3H1",6,4,6,2,15,8,22,10,6,17
"AL121983.2",0,0,0,0,0,0,1,0,0,0
"RABGAP1L",25,10,22,17,28,13,46,29,21,46
"Z99127.1",1,0,1,1,0,0,0,0,0,2
"CACYBP",3,4,3,1,0,2,10,6,3,7
"MRPS14",3,1,1,0,1,3,4,4,3,1
"TNN",0,0,0,0,1,0,0,0,0,0
"KIAA0040",0,3,0,1,2,2,1,3,1,0
"Z94057.1",0,0,0,0,0,0,0,0,0,0
"TNR",7,5,4,1,4,0,13,2,3,6
"AL513329.1",0,0,0,1,0,1,0,1,0,0
"COP1",6,6,16,10,20,10,29,10,6,23
"AL590723.1",0,0,0,0,0,0,0,0,0,0
"AL359265.3",1,0,1,0,0,0,0,0,0,0
"PAPPA2",1,0,1,1,0,0,0,2,0,1
"ASTN1",2,1,2,1,3,0,1,2,0,1
"BRINP2",2,1,3,0,0,0,2,1,0,0
"AL122019.1",0,0,0,0,0,0,0,0,0,0
"SEC16B",0,0,1,0,0,0,0,0,1,0
"RASAL2-AS1",1,1,0,0,1,0,0,0,0,0
"RASAL2",14,24,24,9,36,25,61,28,36,46
"CLEC20A",0,0,0,0,0,0,2,1,1,1
"TEX35",0,0,0,0,0,0,0,0,0,0
"C1orf220",0,0,0,0,0,0,0,0,0,0
"RALGPS2",4,2,4,2,10,2,7,4,4,7
"ANGPTL1",5,2,5,1,6,3,6,8,6,5
"FAM20B",2,2,3,2,2,2,5,1,1,1
"TOR3A",1,0,1,0,0,0,1,0,0,2
"ABL2",5,2,9,6,7,6,15,4,6,11
"SOAT1",0,0,2,2,5,0,0,4,0,4
"AXDND1",1,0,0,0,0,0,0,1,0,0
"NPHS2",0,0,0,0,0,0,0,0,0,0
"TDRD5",0,0,0,0,0,0,0,0,1,0
"AL359853.3",0,0,0,0,0,0,0,0,0,0
"FAM163A",0,0,0,0,0,0,0,0,0,0
"AL359853.2",0,0,0,0,0,0,0,0,1,0
"TOR1AIP2",3,4,3,5,10,3,8,4,7,9
"AL353708.3",0,0,0,0,0,0,1,0,0,2
"TOR1AIP1",3,2,1,2,3,4,8,6,3,2
"AL353708.2",0,0,0,0,0,0,0,0,0,0
"AL353708.1",0,0,0,0,0,0,0,0,0,1
"CEP350",5,6,10,3,19,15,24,17,12,18
"AL390718.1",0,0,0,0,0,0,0,0,0,0
"QSOX1",0,2,2,3,3,2,2,1,0,3
"LHX4",0,0,0,0,1,1,0,0,0,1
"ACBD6",5,2,10,8,19,1,15,8,4,20
"OVAAL",0,0,0,0,0,0,0,0,0,0
"XPR1",8,11,6,3,9,3,28,9,7,10
"KIAA1614",0,1,1,1,0,0,0,1,1,1
"AL162431.2",0,0,0,0,0,0,0,0,1,0
"STX6",5,4,3,1,0,0,5,3,1,4
"MR1",0,0,1,1,2,0,1,0,1,2
"IER5",2,0,0,1,0,3,1,4,1,1
"LINC01732",1,0,0,0,0,0,0,0,0,0
"CACNA1E",4,0,3,1,3,2,0,2,1,2
"AL161734.1",0,0,0,0,0,0,0,0,0,0
"ZNF648",0,0,0,0,0,0,0,0,0,0
"AL355482.1",0,0,0,0,0,0,0,0,0,0
"LINC01344",0,0,2,0,0,0,0,0,0,1
"GLUL",7,8,12,9,19,12,19,19,32,26
"RGSL1",0,0,0,0,0,0,0,0,0,0
"RNASEL",1,1,0,0,3,0,1,2,3,1
"RGS16",1,1,0,0,1,0,0,1,0,2
"LINC01686",0,0,0,0,0,0,0,0,0,0
"RGS8",1,0,0,0,0,0,0,0,0,0
"NPL",0,1,0,0,2,3,6,2,0,6
"DHX9",5,6,1,5,3,3,14,2,3,8
"SHCBP1L",0,0,0,0,0,1,0,2,0,0
"LAMC1",21,8,24,9,18,4,18,13,13,24
"LAMC2",0,0,0,0,0,1,1,0,0,0
"NMNAT2",4,4,2,1,5,1,3,1,0,8
"SMG7",3,3,4,2,9,2,11,3,10,6
"NCF2",0,0,0,0,0,0,0,0,0,0
"ARPC5",5,4,2,6,6,7,9,5,7,7
"RGL1",7,2,6,5,12,4,12,4,8,5
"APOBEC4",0,0,0,0,0,0,0,0,0,0
"COLGALT2",6,2,1,4,4,0,8,1,3,9
"TSEN15",2,1,5,2,3,1,6,3,0,0
"AL445228.2",0,0,0,0,0,0,0,0,0,0
"C1orf21",1,1,3,0,2,1,3,1,0,1
"EDEM3",3,3,2,2,8,3,7,10,4,7
"FAM129A",1,0,0,0,2,4,2,3,3,3
"LINC01633",0,0,0,0,0,1,0,0,0,0
"RNF2",0,0,1,1,2,1,1,1,1,1
"TRMT1L",2,1,1,3,5,2,5,4,4,4
"SWT1",1,3,5,1,4,1,2,2,7,5
"IVNS1ABP",1,3,3,9,1,2,2,9,6,3
"AL078644.2",0,0,0,0,0,0,0,0,0,1
"LINC01350",0,0,0,0,0,0,0,0,0,0
"HMCN1",6,2,4,1,5,2,5,3,3,3
"PRG4",0,0,0,0,0,0,0,0,0,0
"TPR",7,6,7,3,7,8,9,12,5,10
"ODR4",3,1,1,2,3,4,11,4,5,6
"AL596220.1",0,1,3,1,4,0,3,2,2,2
"PDC",0,0,0,0,0,0,0,0,0,1
"AL096803.3",0,0,0,0,0,0,0,0,0,0
"PTGS2",0,0,0,3,1,0,1,1,0,0
"PACERR",1,0,0,0,0,0,0,0,0,0
"PLA2G4A",2,5,6,1,6,6,19,14,4,2
"ERVMER61-1",0,0,0,0,2,1,0,2,0,3
"AL929288.1",0,0,0,0,0,0,0,0,0,0
"LINC01035",0,0,0,0,0,0,0,0,0,0
"LINC01701",0,0,0,0,0,0,0,0,0,0
"BRINP3",1,1,3,2,5,2,3,2,1,2
"AL354771.1",0,0,0,0,0,0,0,0,0,0
"LINC01351",0,0,0,0,0,0,0,1,0,0
"AL391645.1",0,0,0,0,0,0,0,0,1,0
"LINC01720",0,0,0,0,0,0,0,0,0,0
"LINC01680",0,0,0,0,0,0,0,0,0,0
"AL359081.1",0,0,0,0,0,0,0,0,0,0
"AL954650.1",0,0,0,0,0,0,0,0,0,0
"RGS18",0,0,0,0,0,0,0,0,0,0
"AL390957.1",1,0,0,2,1,2,3,0,0,3
"RGS21",0,0,0,0,0,0,1,0,0,0
"AL136987.1",0,0,0,0,0,0,0,0,0,0
"RGS1",0,0,0,0,0,0,2,0,0,2
"RGS13",0,0,0,0,0,0,0,0,0,0
"AL136454.1",1,0,1,1,1,0,0,1,0,0
"RGS2",0,0,3,1,1,9,4,2,2,1
"UCHL5",0,2,2,0,6,1,3,3,3,1
"TROVE2",5,7,8,6,11,6,10,16,6,5
"GLRX2",2,0,0,0,1,2,2,2,2,0
"CDC73",8,4,7,3,12,8,9,7,7,8
"B3GALT2",1,0,5,1,1,0,0,0,0,0
"LINC01031",0,0,0,0,0,0,0,0,0,0
"AL357793.1",0,0,0,0,0,0,0,0,0,0
"AL356272.1",0,0,0,0,0,0,0,0,0,0
"KCNT2",17,5,31,7,25,20,38,13,31,16
"CFH",14,22,13,2,22,34,50,39,33,20
"BX248415.1",0,1,1,0,1,0,0,0,1,0
"CFHR5",0,0,0,0,0,0,0,0,0,0
"ASPM",0,0,0,0,0,0,0,0,0,0
"ZBTB41",2,2,4,1,1,2,5,3,1,3
"CRB1",2,2,5,3,3,1,2,3,0,7
"AL136322.1",0,1,0,0,1,0,0,1,0,0
"DENND1B",5,3,6,0,4,8,15,2,10,4
"AL365258.1",0,0,0,0,0,0,0,0,0,0
"C1orf53",0,0,0,0,0,0,0,0,0,0
"NEK7",8,3,6,4,23,13,21,13,8,21
"PTPRC",0,0,1,0,3,0,2,0,0,0
"AL157402.2",0,0,0,0,0,0,0,0,0,0
"MIR181A1HG",5,8,7,6,16,11,16,4,8,16
"LINC01222",0,0,0,0,0,0,2,0,0,0
"LINC01221",0,0,0,0,0,1,0,0,0,0
"AC099673.1",1,0,0,0,0,0,0,0,0,0
"NR5A2",0,6,1,0,0,0,2,0,3,0
"LINC00862",2,0,2,2,2,2,11,0,1,4
"AC104461.1",1,0,0,0,1,0,2,1,1,0
"ZNF281",0,3,2,6,3,0,7,2,1,8
"AL359834.1",0,0,0,0,0,0,0,0,0,0
"KIF14",0,1,0,1,0,1,0,1,0,0
"DDX59",1,1,0,1,2,0,1,1,2,0
"AL445483.1",0,0,0,0,0,0,0,0,0,0
"CAMSAP2",4,9,26,7,23,7,18,6,3,23
"INAVA",0,0,0,0,0,0,0,0,0,0
"KIF21B",0,0,2,0,0,0,0,0,0,2
"AL358473.1",0,0,0,0,0,0,0,0,0,0
"AL358473.2",0,0,0,0,0,0,0,0,0,0
"CACNA1S",0,0,0,1,0,0,0,0,0,0
"ASCL5",0,0,0,0,0,0,0,0,0,0
"TMEM9",4,2,3,1,1,1,3,4,0,1
"IGFN1",0,0,0,0,0,0,0,0,0,0
"PKP1",0,0,0,0,0,0,0,0,0,0
"TNNT2",0,0,0,0,0,0,0,0,1,0
"TNNI1",0,0,0,0,0,0,0,0,0,0
"PHLDA3",1,2,2,2,0,2,4,2,2,4
"CSRP1",0,5,5,8,3,5,8,6,5,8
"AC096677.1",2,4,0,0,3,0,3,0,1,1
"NAV1",21,8,16,6,18,6,27,12,11,13
"IPO9-AS1",3,3,13,7,9,5,12,7,3,12
"IPO9",4,3,9,3,5,1,5,3,1,8
"SHISA4",3,1,2,1,0,0,1,3,3,3
"AL513217.1",0,0,1,0,0,0,0,0,0,1
"LMOD1",4,0,0,0,0,1,0,9,1,2
"TIMM17A",2,0,2,3,1,4,6,4,0,1
"RNPEP",2,1,2,1,2,2,6,0,2,2
"ELF3-AS1",0,0,0,0,0,0,0,0,0,0
"ELF3",0,0,0,0,0,0,0,0,0,0
"GPR37L1",0,0,4,1,2,0,0,1,0,5
"ARL8A",3,2,4,7,3,2,12,3,0,5
"PTPN7",1,1,2,0,1,0,0,0,0,3
"LGR6",1,0,0,0,2,0,1,2,0,0
"UBE2T",0,1,0,1,0,0,0,0,0,0
"PPP1R12B",29,6,25,7,27,8,22,12,13,42
"SYT2",2,0,2,0,1,0,0,0,1,2
"AC104463.2",0,0,0,0,0,0,1,0,0,0
"KDM5B",5,2,12,6,2,1,13,1,2,9
"PCAT6",0,0,0,0,0,0,0,1,0,0
"RABIF",0,1,0,2,1,1,3,0,3,6
"KLHL12",0,2,0,1,5,4,2,2,0,5
"ADIPOR1",0,1,2,0,4,0,6,4,5,1
"CYB5R1",1,2,4,0,2,2,1,3,1,0
"TMEM183A",1,2,1,0,0,2,1,0,0,0
"PPFIA4",1,0,2,0,1,0,0,0,0,0
"ADORA1",1,3,1,3,1,0,1,0,1,3
"AC105940.1",0,0,0,0,0,0,0,0,0,0
"MYBPH",0,0,0,0,0,0,0,0,0,0
"CHI3L1",0,0,0,0,1,0,1,1,0,0
"CHIT1",0,0,0,0,0,0,0,0,0,0
"LINC01353",0,0,0,0,0,0,0,0,0,0
"LINC01136",0,0,0,0,0,0,0,0,0,0
"BTG2",13,1,1,3,7,3,9,5,1,34
"FMOD",4,1,4,0,0,2,0,1,3,4
"PRELP",11,5,20,10,20,19,23,28,25,11
"OPTC",0,0,0,0,0,0,0,0,0,0
"ATP2B4",9,4,11,5,20,10,9,8,5,17
"LAX1",0,0,0,0,1,0,0,0,0,0
"SNRPE",1,1,2,1,1,3,2,1,4,2
"LINC00303",0,0,0,0,0,0,0,0,0,0
"SOX13",1,1,2,1,2,4,3,1,0,6
"ETNK2",0,0,0,0,1,0,0,0,1,2
"REN",2,0,0,0,0,0,2,0,0,1
"KISS1",0,0,0,0,0,0,0,0,0,0
"GOLT1A",0,0,0,0,0,0,0,0,0,0
"PLEKHA6",10,7,7,1,6,30,7,14,12,20
"AL606489.1",1,1,0,0,1,0,1,1,0,0
"PPP1R15B",0,1,2,0,1,2,0,0,2,4
"PIK3C2B",6,5,5,3,6,3,4,0,2,7
"MDM4",7,2,8,9,9,6,13,5,7,28
"AL512306.3",0,0,0,0,0,0,0,0,1,0
"LRRN2",1,0,0,0,1,1,0,0,0,1
"AL512306.2",0,0,0,0,0,0,0,0,0,0
"NFASC",8,9,12,8,14,6,17,4,5,12
"CNTN2",9,3,5,13,4,4,16,2,2,15
"TMEM81",0,1,0,0,0,0,0,0,0,0
"RBBP5",1,0,1,4,1,0,7,1,1,2
"DSTYK",4,1,1,1,0,1,5,3,1,5
"TMCC2",1,2,1,4,1,0,2,3,0,7
"AC093422.2",0,0,0,0,0,0,0,0,0,1
"NUAK2",0,1,1,0,0,0,0,0,0,2
"KLHDC8A",0,0,0,0,0,0,0,0,0,0
"LEMD1-AS1",0,0,0,0,0,0,0,0,0,0
"LEMD1",0,0,0,0,0,0,1,0,0,0
"AC098936.1",0,0,0,0,0,0,0,1,0,0
"CDK18",12,5,11,9,6,3,16,4,1,19
"MFSD4A",3,1,5,0,4,0,2,3,0,3
"ELK4",5,2,1,3,1,1,10,2,1,3
"SLC45A3",1,0,0,0,0,0,1,0,1,1
"NUCKS1",15,9,11,10,9,8,14,12,9,13
"RAB29",1,0,1,1,1,2,5,1,0,4
"SLC41A1",1,1,4,0,4,1,2,0,5,3
"PM20D1",1,0,0,0,1,0,0,0,0,1
"SLC26A9",0,0,0,0,0,0,0,0,0,0
"RAB7B",0,1,0,0,1,0,0,1,0,0
"CTSE",0,0,0,0,0,0,0,0,0,0
"RHEX",0,0,0,0,1,1,0,0,0,3
"AC244035.1",0,0,0,0,1,0,0,0,0,1
"FAM72A",0,0,0,0,0,0,0,0,1,0
"SRGAP2",5,9,10,2,15,7,12,8,19,18
"IKBKE",0,0,0,0,0,1,0,0,0,1
"C1orf147",2,0,0,0,1,0,0,0,0,1
"AC244034.2",0,0,0,0,0,0,0,0,0,0
"RASSF5",1,0,0,0,0,0,0,0,0,0
"EIF2D",0,1,0,0,0,1,2,1,1,1
"DYRK3",0,0,0,1,0,1,0,0,0,2
"MAPKAPK2",0,0,3,1,4,2,3,1,2,4
"IL10",0,0,0,0,0,0,0,0,0,0
"IL19",0,0,0,0,0,0,0,1,0,0
"FCMR",0,0,0,0,0,0,0,0,0,0
"C1orf116",0,0,0,0,0,0,0,0,0,0
"PFKFB2",2,1,2,1,2,0,1,0,0,0
"YOD1",0,0,0,1,1,0,2,0,0,1
"C4BPB",0,0,0,0,0,0,0,0,0,0
"C4BPA",0,0,0,0,0,0,0,0,0,0
"AL445493.3",0,0,0,0,0,0,0,0,0,0
"AL445493.2",0,0,0,0,0,0,0,0,0,0
"AL596218.1",0,0,1,1,0,0,0,1,0,0
"CD55",2,6,4,5,5,2,19,6,4,18
"AL391597.1",0,0,0,0,0,0,0,0,0,0
"CR2",0,0,0,0,0,0,0,0,0,0
"CR1",1,0,5,0,1,0,0,0,0,0
"AL137789.1",0,0,0,0,0,0,0,0,0,0
"CR1L",0,0,0,1,0,0,0,0,0,0
"CD46",9,7,7,7,16,14,36,12,11,26
"MIR29B2CHG",6,5,3,2,6,4,9,4,2,7
"CD34",5,1,12,5,9,0,47,1,1,3
"AL356275.1",1,0,0,1,0,0,2,0,0,0
"PLXNA2",4,7,12,6,14,1,33,2,2,15
"LINC01717",0,0,0,0,0,0,0,0,0,0
"AC092810.3",0,0,0,0,0,0,0,0,0,0
"AL023754.1",0,0,0,0,0,0,0,0,0,0
"CAMK1G",0,0,0,0,1,0,0,0,0,0
"LAMB3",1,0,0,0,0,1,0,0,0,0
"AL031316.1",0,2,0,0,0,1,0,0,1,0
"G0S2",0,0,0,0,0,1,0,2,1,0
"HSD11B1",13,3,4,0,4,2,2,1,4,10
"TRAF3IP3",0,0,1,1,0,0,1,0,0,2
"C1orf74",0,0,0,0,0,0,0,0,0,0
"IRF6",0,0,0,0,0,0,0,0,0,0
"UTP25",0,2,1,0,0,0,1,1,0,3
"SYT14",2,2,3,2,2,0,0,3,2,5
"SERTAD4-AS1",2,1,0,0,0,1,1,0,0,0
"SERTAD4",1,0,0,0,0,0,1,0,0,1
"HHAT",2,2,3,0,3,0,1,0,1,5
"KCNH1",2,1,1,1,3,0,1,0,3,1
"AC092017.3",0,0,0,0,0,0,0,0,0,0
"RCOR3",5,3,5,2,6,3,10,5,3,6
"TRAF5",0,0,1,0,2,2,1,3,1,1
"LINC00467",0,1,0,0,2,0,1,1,3,1
"SLC30A1",2,4,1,6,4,10,29,10,6,3
"AL356310.1",0,0,0,0,0,0,0,0,0,0
"LINC01693",0,0,2,1,1,0,5,1,0,1
"NEK2",0,0,0,0,0,0,0,0,0,0
"AC096637.2",0,0,0,0,0,0,0,0,0,0
"AC096637.1",0,0,0,0,0,0,0,0,0,0
"LPGAT1",12,8,9,9,10,7,16,7,3,16
"AL445488.1",0,0,0,0,0,0,0,0,0,0
"INTS7",2,2,0,2,2,2,1,1,0,4
"DTL",0,0,0,0,0,0,0,0,0,0
"AL606468.1",0,0,0,0,0,0,0,0,0,0
"AL451060.1",0,0,0,0,0,0,0,0,0,0
"PPP2R5A",2,1,3,1,3,6,7,8,5,6
"AL360091.3",0,0,2,0,6,2,3,1,1,4
"TMEM206",0,0,1,3,2,1,3,0,0,0
"NENF",9,6,12,6,5,8,19,5,5,12
"LINC01740",0,0,0,0,0,0,0,0,0,0
"AC092803.2",0,0,1,0,0,2,0,0,0,1
"ATF3",2,0,1,1,0,0,3,2,1,2
"BATF3",0,0,0,1,0,0,0,2,0,0
"NSL1",3,2,3,1,2,4,6,2,1,10
"TATDN3",2,1,4,0,1,1,0,0,3,2
"SPATA45",0,0,0,0,0,0,0,0,0,0
"FLVCR1-DT",1,1,2,0,2,0,0,1,0,0
"FLVCR1",2,1,1,1,0,1,2,1,1,1
"VASH2",0,0,0,0,0,0,0,0,0,0
"ANGEL2",1,1,1,1,1,0,4,1,2,1
"RPS6KC1",7,5,19,11,14,7,11,6,8,15
"AL592402.1",0,0,0,0,0,0,0,0,0,0
"AC096639.1",0,0,0,0,0,0,0,0,0,0
"LINC00538",0,0,0,0,0,0,0,0,0,0
"PROX1",1,0,0,1,2,1,2,1,2,4
"AC011700.1",0,0,0,0,0,0,0,0,0,0
"AL592287.1",0,0,0,0,1,0,0,0,0,2
"SMYD2",2,3,0,2,5,3,8,2,2,0
"PTPN14",3,6,6,4,13,5,24,4,4,14
"CENPF",0,0,0,0,0,0,0,0,0,0
"KCNK2",8,1,3,0,3,1,4,5,13,7
"KCTD3",3,3,2,4,2,4,9,7,4,3
"USH2A",0,0,0,0,0,0,0,1,0,2
"AL358452.1",0,0,0,0,0,0,0,0,0,0
"ESRRG",5,1,6,2,5,2,5,3,4,3
"GPATCH2",3,2,8,6,5,2,8,5,5,3
"SPATA17",1,1,0,0,1,0,0,0,0,1
"LINC00210",0,0,0,0,0,0,0,0,0,0
"LINC01653",0,0,0,0,0,0,0,0,0,0
"RRP15",0,1,3,3,2,0,5,3,1,4
"TGFB2-AS1",0,0,0,0,0,0,0,0,0,0
"TGFB2",3,1,3,1,6,1,3,4,1,12
"C1orf143",0,0,0,0,0,0,0,0,0,0
"LINC01710",0,0,0,0,0,0,0,0,0,0
"LYPLAL1-DT",0,0,0,0,0,0,0,0,1,1
"LYPLAL1",8,3,2,1,14,7,12,9,9,6
"AC096642.1",0,0,1,0,1,0,2,0,0,2
"AL513283.1",0,0,0,0,0,0,0,0,0,3
"ZC3H11B",0,1,1,0,2,1,0,2,1,2
"SLC30A10",8,1,10,15,11,22,30,22,23,8
"EPRS",3,3,2,3,3,6,5,7,5,3
"BPNT1",1,0,2,1,0,1,0,1,0,0
"IARS2",4,3,4,1,5,2,0,2,5,2
"RAB3GAP2",7,3,4,5,15,4,10,3,1,13
"MARK1",3,3,8,2,5,0,4,2,5,9
"C1orf115",0,0,1,1,0,2,1,0,0,1
"MARC2",1,2,2,1,3,0,3,2,1,4
"MARC1",0,0,1,0,1,1,0,0,0,1
"RNU6ATAC35P",0,0,0,0,0,0,0,0,0,0
"AL445423.1",0,0,0,0,0,0,0,0,0,0
"LINC01352",0,0,0,0,0,0,0,0,0,0
"HLX-AS1",0,0,1,0,0,0,1,0,0,1
"HLX",0,0,0,1,0,0,1,0,0,0
"AL445470.1",0,0,0,0,0,0,0,0,0,0
"AL360013.2",0,0,0,0,0,0,0,0,0,0
"DUSP10",1,0,0,2,1,0,2,1,1,3
"LINC01655",0,0,0,0,0,0,0,0,0,0
"LINC02257",0,0,0,0,0,0,0,0,0,0
"LINC02474",0,0,0,0,0,0,0,0,0,0
"LINC01705",0,0,0,0,0,0,0,0,0,0
"AL356108.1",0,0,0,0,2,0,0,0,1,1
"AL513314.2",1,0,0,1,3,0,1,0,1,0
"HHIPL2",0,0,0,0,0,0,0,0,0,1
"TAF1A",1,0,0,0,0,1,1,0,0,0
"TAF1A-AS1",0,0,0,0,0,0,0,0,0,0
"MIA3",0,1,3,2,4,2,7,5,5,8
"AL592148.3",0,0,0,0,0,0,0,0,0,0
"AIDA",1,1,0,0,1,0,1,1,0,1
"BROX",1,0,1,0,1,3,9,2,2,2
"FAM177B",0,1,0,0,0,2,0,0,0,1
"AC093152.1",0,0,3,2,3,1,1,0,2,3
"DISP1",0,0,0,0,2,0,0,1,0,0
"TLR5",1,0,0,0,0,2,0,0,1,0
"AL359979.1",0,0,0,0,1,0,0,0,0,0
"SUSD4",1,0,1,1,1,2,0,0,0,0
"CAPN8",0,0,0,0,0,0,0,1,0,0
"CAPN2",3,5,3,3,2,8,10,2,6,8
"TP53BP2",1,1,2,2,4,1,5,0,4,1
"AC138393.3",0,0,0,0,0,0,0,0,0,0
"FBXO28",3,2,1,4,8,5,9,4,5,7
"DEGS1",2,1,1,0,4,1,3,2,4,4
"AC092809.4",0,0,0,0,0,0,0,0,0,1
"NVL",6,2,4,1,2,0,3,1,0,9
"CNIH4",2,0,3,3,4,0,6,7,1,3
"WDR26",8,8,7,7,8,2,9,2,8,12
"CNIH3",4,0,1,0,2,0,2,1,2,3
"AL596330.1",0,0,0,0,0,0,0,0,0,0
"AL391811.1",0,0,0,0,0,0,0,0,0,0
"DNAH14",2,0,0,0,1,3,2,1,2,7
"LBR",0,0,2,1,5,5,10,3,3,6
"AC092811.2",0,0,0,0,1,0,0,0,0,0
"ENAH",11,5,5,5,11,5,18,8,7,10
"AC099066.2",1,0,0,0,0,0,0,0,0,0
"SRP9",1,5,3,1,7,7,10,3,4,3
"EPHX1",8,4,3,1,6,11,8,8,7,8
"AL591895.1",2,4,3,1,3,2,1,2,0,0
"TMEM63A",2,3,3,3,6,1,6,2,4,6
"LEFTY1",0,0,0,0,0,0,0,0,0,0
"AL117348.2",0,1,2,0,0,0,0,0,0,0
"LEFTY2",0,0,0,0,0,0,0,0,0,0
"SDE2",0,0,1,0,0,1,1,3,2,1
"AL512343.2",0,0,0,0,0,0,0,0,0,0
"H3F3A",0,1,0,0,1,1,3,1,1,0
"LINC01703",0,0,0,1,0,0,0,0,0,0
"ACBD3",4,1,4,3,8,6,6,1,2,3
"ACBD3-AS1",0,0,0,0,0,0,0,0,0,0
"MIXL1",0,0,0,0,0,0,0,0,0,0
"LIN9",0,0,1,0,0,0,2,3,0,1
"PARP1",1,2,5,0,2,5,7,5,1,3
"STUM",1,2,0,0,1,0,3,3,0,0
"ITPKB",2,2,7,12,13,2,11,5,4,15
"ITPKB-AS1",0,2,1,1,5,0,2,1,0,7
"PSEN2",0,2,0,0,1,0,1,0,0,0
"COQ8A",2,2,3,3,4,2,5,1,2,2
"CDC42BPA",24,33,28,21,48,20,79,45,31,38
"AL451047.1",0,0,0,0,1,0,3,1,1,0
"LINC01641",0,0,0,0,0,0,0,0,2,0
"ZNF678",2,2,1,0,2,0,4,4,1,4
"SNAP47",1,0,0,0,3,0,4,0,1,2
"JMJD4",0,0,0,1,0,0,0,0,1,2
"PRSS38",0,0,0,0,0,0,0,0,0,0
"WNT9A",1,0,0,0,1,1,0,0,0,3
"WNT3A",0,0,0,0,0,0,0,0,0,0
"AL136379.1",0,0,0,0,0,0,0,0,0,0
"ARF1",2,5,9,6,4,6,12,18,6,14
"C1orf35",1,0,2,3,2,1,3,7,2,1
"MRPL55",1,4,3,2,2,0,6,4,2,5
"GUK1",16,15,6,9,6,17,35,17,5,8
"GJC2",0,3,0,1,1,1,2,0,0,0
"IBA57-DT",0,0,0,0,0,0,0,0,0,0
"IBA57",1,0,0,1,2,1,0,0,0,3
"OBSCN-AS1",0,0,0,0,0,0,0,0,0,0
"OBSCN",0,2,1,1,2,1,3,2,1,1
"AL353593.1",0,0,0,0,0,0,1,0,0,0
"AL670729.3",0,0,0,0,0,0,0,0,0,0
"TRIM11",1,0,0,0,2,0,1,1,2,0
"AL670729.1",0,0,0,0,0,0,0,0,0,0
"TRIM17",0,0,1,0,0,1,0,0,0,0
"HIST3H2A",0,0,0,0,1,1,1,0,0,1
"HIST3H2BB",0,0,0,0,0,0,0,0,0,0
"RNF187",4,5,1,0,2,0,5,1,4,3
"RHOU",3,4,2,3,1,0,1,0,1,4
"AL137793.2",0,0,0,0,0,0,0,0,0,0
"RAB4A",4,2,3,0,0,0,4,1,3,5
"AL117350.1",0,0,0,0,0,0,0,0,0,0
"CCSAP",1,0,3,2,3,0,0,2,1,1
"ACTA1",0,0,0,0,0,0,0,0,0,0
"NUP133",7,4,3,2,3,1,5,7,3,6
"AL121990.1",0,0,0,0,0,0,0,0,0,0
"ABCB10",0,0,2,1,2,2,3,1,1,2
"TAF5L",2,2,0,0,0,0,1,0,0,1
"URB2",1,2,0,1,0,0,1,0,0,3
"LINC01736",0,0,0,0,0,0,0,0,0,0
"GALNT2",1,2,4,3,5,3,8,4,1,5
"AL136988.2",0,1,0,0,0,0,0,0,0,0
"PGBD5",1,3,1,1,5,0,1,0,0,1
"AL133516.1",0,0,0,0,0,0,0,0,0,0
"COG2",3,0,1,0,2,1,4,1,2,5
"AGT",3,1,2,1,0,11,6,7,0,2
"AL512328.1",1,0,0,0,0,0,0,0,0,0
"CAPN9",0,0,0,0,0,0,0,0,0,1
"C1orf198",5,3,1,0,4,0,4,2,4,1
"AL118511.1",0,0,0,0,0,0,0,0,0,0
"TTC13",5,1,4,0,3,1,3,2,2,6
"ARV1",2,0,1,1,2,2,4,1,2,1
"FAM89A",1,1,0,1,0,2,7,1,2,1
"TRIM67",0,0,0,0,0,0,0,0,0,0
"C1orf131",3,2,5,1,3,1,3,1,1,0
"GNPAT",6,0,1,1,4,3,5,3,1,1
"EXOC8",0,0,0,0,0,0,1,2,2,0
"SPRTN",0,3,1,0,3,2,4,1,0,2
"EGLN1",1,2,6,4,7,12,19,4,7,12
"AL445524.1",0,0,0,0,0,0,1,2,0,2
"TSNAX-DISC1",2,0,1,0,1,1,2,2,0,3
"LINC00582",0,0,0,0,0,0,1,0,0,0
"DISC1",2,5,18,8,12,8,16,16,11,13
"AL353052.1",0,0,0,0,0,0,0,0,0,0
"SIPA1L2",4,4,4,3,9,0,9,12,2,5
"LINC01744",0,0,0,0,0,0,0,0,0,0
"MAP10",0,0,0,0,0,0,1,0,0,0
"NTPCR",0,0,3,1,5,1,9,2,2,3
"PCNX2",1,0,2,2,2,2,4,1,4,7
"MAP3K21",0,0,0,1,0,2,0,0,0,1
"KCNK1",4,1,3,6,2,0,6,0,1,8
"SLC35F3",2,0,1,1,7,1,1,0,1,0
"AL122008.4",0,0,0,0,0,0,0,0,0,0
"AL355472.3",0,0,1,0,0,0,0,0,0,0
"AL355472.4",0,0,0,0,1,0,0,0,0,0
"AL355472.1",2,3,0,0,0,2,2,1,1,2
"COA6",2,0,1,0,0,2,1,0,1,0
"TARBP1",7,1,2,1,3,0,3,0,4,3
"LINC01354",0,0,0,0,0,0,0,0,0,0
"AL161640.1",0,0,0,0,0,0,0,0,0,0
"IRF2BP2",7,4,3,2,7,6,12,4,9,6
"AL160408.2",0,0,0,0,0,0,0,0,0,0
"LINC00184",0,0,0,0,0,0,0,0,0,0
"AL160408.1",0,0,0,0,0,0,0,0,0,0
"AL160408.3",0,0,0,0,0,0,0,0,0,0
"AL160408.6",0,0,0,0,0,0,0,0,0,0
"LINC01132",0,0,0,0,0,0,0,0,0,0
"AL391832.2",0,0,0,0,0,0,0,0,0,0
"LINC01348",0,0,0,0,0,0,0,0,0,0
"AL732292.2",0,0,0,0,0,0,1,0,0,0
"TOMM20",9,3,4,2,4,8,6,8,2,3
"RBM34",0,0,0,0,0,1,0,0,0,0
"ARID4B",21,10,12,15,32,11,34,26,17,21
"GGPS1",0,0,0,0,0,0,0,0,0,0
"TBCE",0,0,2,1,1,0,0,0,1,2
"AL357556.4",0,0,0,0,0,0,0,0,0,0
"TBCE-1",0,0,0,0,0,0,0,0,0,0
"B3GALNT2",5,3,3,1,3,3,3,3,0,4
"GNG4",3,3,1,3,6,3,3,8,0,6
"LYST",15,4,14,4,17,16,29,10,3,16
"AL139161.1",0,1,1,0,0,0,0,0,0,0
"NID1",3,1,15,5,14,5,17,10,17,16
"GPR137B",2,0,3,0,2,1,4,0,1,3
"ERO1B",6,1,3,1,4,3,10,4,6,8
"EDARADD",1,1,1,0,2,4,1,1,4,1
"LGALS8",1,0,2,1,2,3,8,3,1,2
"LGALS8-AS1",0,0,0,0,0,0,0,0,0,0
"AL359921.2",0,0,0,0,0,0,0,0,0,0
"AL359921.1",0,0,0,0,0,0,0,0,0,0
"HEATR1",2,0,3,1,3,1,3,2,3,5
"ACTN2",3,0,2,0,2,0,3,1,2,7
"MTR",3,4,7,2,7,1,11,8,3,4
"MT1HL1",0,0,0,0,0,0,0,0,0,0
"RYR2",12,4,26,13,19,2,6,7,2,8
"AL359924.1",0,0,0,0,0,0,0,0,0,0
"MTRNR2L11",0,0,0,0,0,0,0,0,0,0
"AL356010.2",0,0,0,0,0,0,0,0,0,0
"AL359551.1",0,0,0,0,0,0,0,0,0,0
"AC093426.1",0,0,0,0,0,0,0,0,0,0
"CHRM3",5,3,10,1,11,4,1,0,2,19
"CHRM3-AS2",0,0,0,0,0,0,0,0,0,5
"FMN2",4,5,6,1,7,1,6,3,1,7
"AL359918.2",0,0,0,0,0,0,0,0,0,0
"AL590490.1",0,0,0,0,0,0,0,0,0,0
"GREM2",0,1,2,0,0,0,0,0,1,0
"AL365184.2",0,0,0,0,0,0,0,0,0,0
"AL365184.1",0,0,0,0,0,0,0,0,0,0
"RGS7",8,2,11,10,13,2,9,7,4,10
"AL359764.1",0,0,0,0,0,0,0,0,0,0
"FH",0,1,0,0,0,2,0,1,2,1
"KMO",0,0,0,0,1,0,0,1,0,0
"OPN3",5,0,0,1,1,0,0,2,1,1
"WDR64",0,1,0,0,1,1,0,0,0,0
"EXO1",1,0,0,0,0,1,0,0,0,0
"MAP1LC3C",0,0,0,0,0,0,0,0,0,0
"PLD5",5,0,7,6,3,0,6,3,2,3
"AL591686.2",0,0,0,0,2,1,0,0,0,2
"AL591686.1",0,0,0,0,0,0,0,0,0,0
"CEP170",6,3,8,9,21,6,22,9,3,16
"AL606534.1",0,0,1,0,0,0,0,1,0,0
"AL606534.2",0,0,0,0,0,0,0,0,0,0
"SDCCAG8",11,7,8,5,18,9,16,12,10,32
"AKT3",43,27,46,22,71,38,101,44,40,79
"AL591721.1",0,0,0,0,0,0,0,0,0,0
"AL591885.1",0,0,0,0,0,0,0,0,0,1
"ZBTB18",2,1,2,1,7,1,6,3,0,3
"AL590483.1",0,0,0,0,0,0,0,0,0,0
"C1orf100",0,0,0,0,0,0,0,0,0,0
"AL645465.1",0,0,0,1,1,1,0,0,1,0
"ADSS",2,1,6,3,1,2,4,1,0,4
"CATSPERE",0,1,2,0,4,0,2,1,4,5
"DESI2",2,3,1,1,5,1,4,2,1,4
"AL451007.3",1,0,0,0,0,0,0,0,0,0
"AL451007.2",0,0,0,0,0,0,1,0,0,0
"COX20",6,1,2,5,2,1,5,6,3,3
"HNRNPU",7,3,10,11,13,10,29,16,12,23
"BX323046.1",0,0,0,0,0,0,0,0,0,0
"AL356512.1",0,0,0,0,0,0,0,0,0,0
"EFCAB2",5,4,9,4,15,3,15,4,3,12
"KIF26B",2,5,2,0,6,3,3,5,0,2
"KIF26B-AS1",0,1,0,1,0,0,0,1,0,0
"SMYD3",26,10,35,21,50,12,59,34,17,38
"AC118555.1",0,0,0,0,0,0,0,0,0,0
"AC092801.1",0,0,0,0,0,0,0,0,0,0
"TFB2M",1,0,1,0,0,0,2,2,0,0
"CNST",3,4,5,2,7,3,5,5,0,5
"AL591848.3",0,0,0,0,0,0,0,0,0,0
"AL591848.2",0,0,0,0,0,0,0,0,0,0
"SCCPDH",4,3,2,0,2,2,3,3,0,2
"AL591848.4",0,0,0,0,0,0,0,0,0,0
"AHCTF1",1,4,3,3,9,12,6,3,3,4
"ZNF670-ZNF695",0,0,0,0,0,0,0,0,0,0
"ZNF669",0,0,1,0,0,0,0,0,2,0
"C1orf229",0,0,0,0,0,0,0,0,0,0
"ZNF124",0,0,2,1,3,1,3,2,2,3
"AL390728.6",2,3,0,0,2,5,7,3,4,2
"AL390728.5",0,0,0,1,1,0,0,0,0,0
"ZNF496",0,0,1,1,1,0,0,0,0,1
"NLRP3",0,0,0,0,0,0,0,0,0,0
"OR2B11",0,0,0,0,0,0,0,0,0,0
"GCSAML",0,0,0,0,0,0,0,0,0,0
"AL606804.1",0,0,0,0,0,0,0,0,0,0
"AL390860.1",0,0,1,0,0,0,1,0,0,0
"TRIM58",0,1,0,0,0,0,0,0,0,0
"OR2AJ1",0,0,0,0,0,0,0,0,0,0
"OR2L8",0,0,0,0,0,0,0,0,0,0
"OR2AK2",0,0,0,0,0,0,0,0,0,0
"OR2L5",0,0,0,0,0,0,1,0,0,0
"OR2L2",0,0,0,0,0,0,0,0,0,0
"OR2L3",0,0,0,0,0,0,0,0,0,0
"OR2L13",1,0,1,0,0,0,0,0,0,0
"OR2M2",0,0,0,0,0,0,0,0,0,0
"OR2M3",0,0,0,0,0,0,0,0,0,0
"OR2M4",0,0,1,0,0,0,0,0,0,0
"OR2T12",0,0,0,0,0,0,0,0,0,0
"OR2T6",0,0,0,0,0,0,0,0,0,0
"OR2G6",0,0,0,0,0,0,0,0,0,0
"AC098483.1",0,0,0,0,0,0,0,0,0,0
"OR2T10",0,0,0,0,0,0,0,0,0,0
"OR2T11",0,0,0,0,0,0,0,0,0,0
"OR2T27",0,0,0,0,0,0,0,0,0,0
"OR14I1",0,0,0,0,0,0,0,0,0,0
"LYPD8",0,0,0,0,0,0,0,0,0,0
"SH3BP5L",0,0,0,1,1,1,0,0,0,1
"ZNF672",1,1,0,0,1,1,1,3,0,0
"ZNF692",3,0,2,3,4,0,1,3,1,1
"AL672291.1",0,0,0,0,0,0,0,0,0,0
"PGBD2",1,0,1,1,0,1,1,1,0,0
"FAM110C",0,0,0,0,0,0,0,0,0,0
"SH3YL1",0,3,1,1,5,2,6,2,4,6
"ACP1",3,1,3,0,3,2,2,7,2,3
"ALKAL2",0,0,0,0,0,0,0,0,0,1
"LINC01865",0,0,0,0,0,0,0,0,0,0
"AC105393.2",0,0,0,0,0,0,0,0,0,0
"AC093326.1",0,0,0,0,0,0,0,0,0,0
"TMEM18",0,2,1,0,2,0,1,1,3,0
"AC092159.2",0,0,0,0,0,0,0,0,0,0
"AC092159.1",0,0,0,0,0,0,0,0,0,0
"LINC01115",0,0,0,0,0,1,0,0,0,1
"AC116614.1",0,0,0,0,0,0,0,0,0,0
"SNTG2",1,3,7,7,8,0,2,9,2,16
"TPO",1,0,0,1,1,0,0,0,0,0
"AC141930.1",0,0,0,0,0,0,0,0,0,0
"AC144450.1",0,0,0,0,0,0,0,0,0,0
"PXDN",1,1,0,1,4,2,1,2,1,3
"MYT1L",4,4,6,5,6,1,2,3,2,2
"AC093390.2",0,0,0,0,0,0,0,0,0,0
"AC093390.1",0,0,0,0,0,0,0,0,0,0
"MYT1L-AS1",0,0,0,0,0,0,0,0,0,0
"AC018685.2",0,0,0,0,0,0,0,1,0,0
"AC011995.2",0,0,0,0,0,0,0,0,0,0
"LINC01250",2,0,2,2,2,0,1,0,1,0
"AC019118.2",0,0,0,0,0,0,0,0,0,0
"EIPR1",1,1,3,1,3,2,4,1,2,1
"TRAPPC12",5,4,3,1,4,1,5,5,3,7
"TRAPPC12-AS1",0,0,0,0,0,0,0,1,0,1
"AC114810.1",0,0,0,0,0,0,0,0,0,0
"ADI1",2,2,3,1,4,4,2,6,2,3
"AC231981.1",2,1,0,0,0,1,0,0,0,1
"AC108488.1",0,0,0,0,0,0,0,0,0,0
"AC108488.2",1,0,0,0,1,1,1,2,0,2
"RNASEH1",0,0,0,0,0,0,0,0,0,0
"RNASEH1-AS1",1,0,0,0,1,0,1,0,1,0
"RPS7",7,7,8,5,14,28,25,24,16,11
"COLEC11",0,0,1,0,1,1,0,0,1,0
"ALLC",0,0,0,0,0,0,0,0,0,0
"DCDC2C",2,0,2,0,1,0,0,0,2,11
"LINC01304",0,0,0,0,0,0,0,0,0,1
"LINC01249",0,0,0,0,0,0,0,0,0,0
"AC107057.1",0,0,0,0,0,0,0,0,0,0
"LINC01248",0,0,0,0,0,0,0,0,0,0
"SOX11",0,0,0,0,0,0,0,0,0,2
"AC010729.1",0,0,0,0,0,0,0,0,0,0
"LINC00487",0,0,0,0,0,0,0,1,0,0
"NRIR",0,0,0,0,0,0,1,0,0,0
"CMPK2",0,0,0,0,0,0,1,0,0,0
"RSAD2",1,0,0,1,0,0,1,0,1,1
"AC017076.1",0,0,0,0,0,0,0,0,0,0
"RNF144A",6,5,6,4,11,3,12,4,5,8
"AC068481.1",0,0,0,0,0,0,0,0,0,0
"AC010904.2",0,0,0,0,0,0,0,0,0,0
"LINC01871",0,0,0,0,0,0,0,0,0,0
"AC007463.1",0,0,0,0,0,0,0,0,0,0
"LINC00298",0,0,1,0,1,0,0,0,0,0
"LINC00299",0,3,1,0,2,0,0,1,1,0
"AC011747.2",0,0,0,0,0,0,0,0,0,0
"AC011747.1",0,0,0,0,1,0,0,0,0,0
"ID2-AS1",0,0,0,0,0,0,0,0,0,0
"ID2",6,1,1,0,3,4,22,6,0,2
"KIDINS220",6,2,12,3,22,9,24,17,10,21
"MBOAT2",9,1,7,3,8,2,12,10,5,12
"AC093904.1",0,0,0,0,0,0,0,0,0,0
"ASAP2",5,3,7,6,10,5,11,9,2,8
"ITGB1BP1",6,3,10,3,4,3,8,6,2,9
"CPSF3",0,1,2,0,1,1,3,1,0,2
"IAH1",5,2,2,2,6,5,5,2,2,4
"ADAM17",8,5,11,2,8,5,16,9,6,10
"AC080162.1",1,2,0,0,0,0,0,0,0,0
"AC073195.1",0,0,1,0,0,0,0,0,1,1
"YWHAQ",6,4,8,6,12,9,11,11,8,20
"AC082651.1",0,0,0,0,1,0,1,0,0,0
"AC082651.4",0,0,1,0,0,0,0,0,0,0
"AC082651.3",0,0,0,0,0,0,0,0,0,0
"TAF1B",1,0,2,2,2,2,7,3,1,5
"AC010969.2",1,0,0,0,0,0,0,0,0,0
"GRHL1",0,0,0,0,0,0,0,0,0,1
"AC104794.2",1,0,2,0,1,1,1,0,2,1
"KLF11",0,0,2,1,1,1,6,2,2,4
"AC104794.4",0,0,0,0,0,0,0,0,0,0
"CYS1",1,0,0,0,0,0,0,0,0,0
"AC104794.1",0,0,0,0,0,0,0,0,0,0
"RRM2",0,0,0,0,0,0,0,0,0,0
"AC007240.1",0,0,0,0,0,0,0,0,0,0
"C2orf48",0,0,0,0,0,0,0,0,0,0
"HPCAL1",3,4,3,3,1,2,14,1,3,4
"ODC1",1,1,0,0,1,0,0,0,1,0
"AC007249.2",0,0,0,0,0,0,0,0,0,0
"NOL10",2,3,3,6,8,6,8,7,4,9
"AC007314.1",0,0,0,0,0,0,0,0,0,0
"RN7SL832P",0,0,0,0,0,0,0,0,0,0
"ATP6V1C2",2,0,2,0,1,1,0,0,0,0
"AC092687.3",0,0,0,0,0,0,0,0,0,0
"PDIA6",2,1,4,0,6,9,14,7,1,6
"AC092687.1",0,0,0,0,0,0,0,0,0,0
"LINC01954",0,0,0,0,0,0,0,0,0,0
"KCNF1",0,2,0,1,1,0,1,0,0,0
"AC062028.1",0,0,0,0,0,0,0,0,0,0
"C2orf50",0,0,0,0,0,0,0,0,0,0
"PQLC3",1,1,0,0,2,3,2,4,1,0
"ROCK2",10,6,11,9,10,14,25,13,7,21
"AC099344.1",0,0,0,0,0,0,1,0,0,0
"LINC00570",0,0,0,0,0,0,0,0,0,0
"E2F6",0,2,4,1,1,1,3,2,0,2
"GREB1",1,1,2,0,1,0,1,0,1,4
"NTSR2",0,0,0,0,2,0,0,0,0,0
"LPIN1",3,4,5,2,4,3,7,4,5,12
"MIR3681HG",0,0,1,0,0,0,3,3,1,5
"AC096559.1",0,0,0,0,0,0,0,0,0,0
"TRIB2",4,2,3,0,2,4,5,7,5,5
"AC073062.1",0,1,0,0,0,0,0,0,0,0
"LINC00276",1,1,1,0,0,2,3,3,3,1
"AC016730.1",0,0,0,0,0,0,0,1,0,0
"AC011897.1",0,0,0,0,0,0,0,0,0,0
"FAM84A",6,1,0,0,2,1,5,5,0,1
"AC068286.1",0,0,0,0,0,0,0,0,0,0
"NBAS",8,11,11,2,14,10,15,9,6,17
"AC008278.2",0,0,0,0,0,0,0,0,0,0
"DDX1",1,4,4,1,4,4,3,4,2,7
"AC008278.1",0,0,0,0,0,0,0,0,0,0
"LINC01804",0,0,0,0,1,0,0,0,0,0
"MYCNUT",0,0,0,0,0,1,0,0,0,0
"MYCNOS",0,0,0,0,0,0,0,0,0,0
"MYCN",0,0,0,0,0,0,0,0,0,0
"AC010145.1",0,0,0,0,0,0,0,0,0,0
"GACAT3",1,0,0,0,0,0,0,0,0,0
"AC130710.1",0,0,0,0,0,0,0,0,0,0
"AC010745.2",0,0,0,0,0,0,0,0,0,0
"AC010745.5",0,0,0,0,0,0,0,0,0,0
"AC010880.1",0,0,0,0,1,0,1,0,0,0
"FAM49A",2,1,6,0,7,2,7,7,6,12
"AC008164.1",0,0,0,0,0,0,0,0,0,0
"RAD51AP2",0,0,0,0,0,1,0,0,0,0
"VSNL1",12,5,11,1,10,2,5,4,0,1
"SMC6",3,4,5,1,3,6,12,7,5,8
"GEN1",1,0,1,0,2,0,4,1,1,3
"KCNS3",4,1,0,0,1,1,0,5,2,1
"AC079148.1",0,0,0,0,0,0,1,0,0,0
"RDH14",1,1,2,0,2,2,1,4,0,1
"LINC01376",4,1,3,0,3,1,4,1,4,4
"OSR1",0,0,0,0,0,0,0,0,1,1
"AC010096.1",0,0,0,0,0,0,0,1,0,0
"LINC01808",0,0,0,0,0,1,0,0,0,0
"LINC00954",0,0,0,0,1,1,1,0,0,0
"TTC32",1,1,0,1,1,1,3,3,1,1
"AC013400.1",0,0,0,0,0,0,0,0,0,0
"WDR35",3,3,7,3,7,0,1,0,2,8
"AC079145.1",1,2,2,0,1,1,3,0,0,1
"MATN3",0,0,0,1,1,0,3,0,2,2
"LAPTM4A",17,8,13,11,18,17,21,18,15,12
"AC098828.2",0,1,0,0,0,0,0,0,0,0
"AC098828.3",0,0,0,0,0,0,0,0,0,0
"SDC1",0,0,0,0,0,0,1,0,1,0
"PUM2",16,12,12,10,18,11,28,16,12,24
"RHOB",19,4,11,17,16,23,35,32,15,39
"AC023137.1",0,0,0,0,0,0,0,0,0,0
"HS1BP3",1,0,3,2,1,0,1,1,0,0
"GDF7",0,0,0,0,0,0,0,0,0,0
"AC012065.4",0,0,0,0,0,0,0,0,0,0
"LDAH",4,0,1,1,0,3,4,3,1,7
"APOB",0,0,0,0,0,1,0,0,0,6
"TDRD15",0,0,0,0,0,0,0,0,0,1
"AC018742.1",0,0,0,0,0,0,0,0,0,4
"LINC01830",0,0,0,0,0,0,0,0,0,1
"AC096570.1",0,0,0,0,0,0,0,0,0,0
"AC018467.1",0,0,0,0,0,0,0,0,0,0
"AC012506.2",0,0,0,0,0,0,0,0,0,0
"AC012506.4",0,0,0,0,0,0,0,0,0,0
"KLHL29",2,1,8,3,5,2,12,8,3,1
"AC011239.1",0,0,0,0,0,0,0,0,0,0
"AC009242.1",1,0,0,0,0,0,0,0,0,2
"ATAD2B",3,5,3,5,9,4,16,7,10,15
"UBXN2A",8,2,13,1,12,3,9,8,6,12
"MFSD2B",0,0,0,0,0,0,1,0,0,0
"WDCP",0,0,0,0,0,0,1,1,0,0
"FKBP1B",2,0,0,0,0,0,2,0,0,1
"SF3B6",4,3,5,2,1,7,5,1,2,4
"FAM228B",3,2,4,2,4,2,5,3,1,3
"TP53I3",1,0,2,0,0,0,7,1,3,2
"PFN4",0,0,0,0,0,0,0,0,0,2
"AC008073.3",0,0,0,0,0,0,0,0,0,0
"AC008073.2",0,0,0,0,0,0,0,0,0,0
"FAM228A",0,0,0,0,0,0,0,0,0,1
"ITSN2",14,16,12,7,22,13,24,17,8,32
"AC009228.1",0,0,1,0,0,0,1,2,0,1
"NCOA1",25,30,46,15,64,36,60,41,34,57
"PTRHD1",1,0,0,1,0,2,2,1,3,0
"CENPO",1,1,1,0,3,1,2,0,0,2
"ADCY3",6,4,5,1,7,8,8,5,9,10
"AC012073.1",0,0,0,0,0,0,0,0,0,0
"DNAJC27",5,1,0,0,1,2,1,0,4,4
"DNAJC27-AS1",3,1,1,1,2,1,2,3,2,5
"EFR3B",8,7,9,1,12,5,20,3,3,10
"POMC",1,0,0,0,0,1,1,2,3,0
"LINC01381",0,0,0,0,0,0,0,0,0,0
"DNMT3A",3,3,3,4,9,3,7,4,2,12
"AC012074.1",0,0,0,0,0,0,0,0,0,0
"DTNB",8,6,8,3,14,3,9,3,11,17
"AC104699.1",0,0,0,0,0,0,1,0,0,1
"ASXL2",3,3,3,2,6,0,12,6,6,7
"KIF3C",1,3,1,3,3,0,2,1,0,0
"RAB10",9,1,14,9,12,4,15,6,8,19
"GAREM2",1,0,0,0,1,0,0,0,1,0
"HADHA",3,1,4,3,5,4,6,7,3,11
"HADHB",5,5,7,2,5,5,10,2,3,8
"ADGRF3",1,0,0,0,0,0,1,0,0,0
"SELENOI",3,1,2,1,8,2,6,5,1,7
"DRC1",0,0,0,0,0,0,0,0,0,0
"OTOF",0,0,0,0,0,0,0,0,0,0
"C2orf70",0,0,0,0,0,0,0,0,0,0
"CIB4",0,0,0,0,0,0,0,1,0,0
"KCNK3",0,0,2,0,1,0,0,1,0,0
"CENPA",1,0,1,0,0,0,0,1,0,0
"DPYSL5",4,6,3,3,3,2,9,1,0,4
"AC013472.2",0,0,0,0,0,0,0,0,0,1
"MAPRE3",3,2,3,0,1,2,2,2,2,0
"TMEM214",2,0,1,0,3,0,2,2,1,1
"AGBL5",1,0,7,2,5,2,0,1,0,7
"AGBL5-AS1",0,0,0,0,0,0,0,0,0,0
"AC013472.3",0,0,0,0,0,0,0,0,0,1
"AC013403.2",0,0,0,0,0,0,0,0,0,0
"OST4",6,5,2,1,5,17,18,12,7,10
"EMILIN1",2,1,2,0,4,1,4,2,1,5
"KHK",0,0,1,0,0,0,1,0,0,0
"CGREF1",0,0,1,0,1,0,2,0,0,1
"ABHD1",0,0,0,0,0,0,0,0,0,0
"PREB",2,1,1,0,2,2,3,3,3,3
"TCF23",0,0,0,0,0,0,0,0,0,0
"SLC5A6",9,2,8,1,2,1,18,6,1,1
"ATRAID",1,1,2,0,5,1,8,4,2,3
"CAD",1,2,0,0,4,0,1,2,0,0
"SLC30A3",1,0,0,0,0,0,1,0,0,0
"DNAJC5G",0,0,1,0,1,0,1,0,0,0
"TRIM54",0,0,0,0,0,0,0,0,1,0
"UCN",1,0,0,0,1,0,2,1,0,0
"MPV17",3,1,0,0,0,2,0,1,1,4
"GTF3C2",1,4,4,2,1,0,2,6,0,1
"GTF3C2-AS1",0,0,0,0,0,0,0,0,0,0
"AC074117.1",0,0,1,0,1,0,0,0,0,2
"EIF2B4",0,0,6,1,4,0,1,2,0,2
"SNX17",3,1,1,2,3,3,6,6,1,3
"ZNF513",1,0,0,1,1,1,1,0,0,4
"PPM1G",5,4,3,1,2,3,7,3,3,2
"NRBP1",1,4,5,2,0,3,8,1,3,4
"KRTCAP3",1,0,0,0,0,0,1,1,0,1
"IFT172",3,2,4,0,9,1,2,1,4,5
"FNDC4",0,0,1,0,2,0,0,1,0,1
"GCKR",1,0,0,0,0,0,0,0,0,0
"C2orf16",0,0,0,0,0,0,0,0,0,0
"ZNF512",2,0,2,1,2,5,1,3,0,8
"CCDC121",0,0,0,0,0,0,2,0,0,0
"GPN1",0,2,0,1,1,1,3,0,0,1
"SUPT7L",1,0,4,1,1,4,4,1,1,5
"SLC4A1AP",3,1,1,1,1,0,5,2,0,4
"LINC01460",0,0,0,0,0,0,0,0,0,0
"MRPL33",6,4,2,0,4,13,26,11,6,11
"RBKS",3,1,1,2,5,0,5,0,0,5
"BABAM2",7,10,9,3,17,11,24,14,11,33
"AC093690.1",0,0,0,0,0,0,0,0,0,0
"AC104695.2",0,0,0,0,1,0,0,0,0,1
"FOSL2",0,5,5,6,8,5,34,11,5,23
"AC104695.3",0,0,0,0,0,0,0,0,0,1
"PLB1",0,0,0,0,0,0,0,0,1,0
"AC074011.1",0,0,0,0,0,0,0,0,0,0
"AC092164.1",0,0,0,0,0,0,0,0,0,0
"PPP1CB",6,1,2,1,4,3,4,8,3,10
"SPDYA",0,0,0,2,1,0,1,1,0,4
"AC097724.1",0,0,0,0,0,1,0,1,0,0
"TRMT61B",1,2,2,1,5,3,2,1,0,7
"WDR43",1,2,2,0,2,1,1,4,1,4
"TOGARAM2",0,1,0,0,3,0,1,1,0,0
"C2orf71",0,0,0,0,0,0,0,0,0,0
"CLIP4",3,3,7,5,7,2,6,3,6,10
"ALK",1,3,4,0,3,1,1,1,0,0
"AC106870.1",0,0,0,0,0,0,0,0,0,0
"AC016907.2",0,0,1,0,0,0,0,1,0,1
"YPEL5",3,1,3,5,3,3,5,5,4,1
"LBH",1,1,0,0,2,1,0,1,0,0
"LINC01936",0,0,0,0,0,0,0,0,0,0
"LCLAT1",6,2,3,0,8,3,6,3,3,4
"CAPN13",0,0,0,0,1,0,0,0,0,0
"GALNT14",1,0,0,1,2,1,1,0,0,0
"CAPN14",0,0,0,0,0,0,0,0,0,0
"EHD3",2,1,1,0,3,0,0,4,3,0
"XDH",0,0,0,0,0,0,0,0,1,0
"SRD5A2",0,0,0,0,0,0,0,0,0,0
"AL133247.1",0,0,0,0,0,0,0,0,0,0
"AL121652.1",0,0,0,0,0,0,0,0,0,0
"MEMO1",2,1,2,1,8,1,1,0,3,3
"DPY30",3,2,3,1,3,3,6,3,3,9
"AL121655.1",0,0,0,0,0,0,0,0,0,0
"SPAST",0,1,4,3,6,1,5,2,0,4
"AL121658.1",0,0,0,0,0,0,0,0,0,0
"SLC30A6",4,2,3,3,1,4,2,1,1,2
"NLRC4",0,0,1,0,0,0,0,1,0,1
"YIPF4",3,7,7,2,6,1,13,9,4,8
"AL133245.1",0,1,0,0,0,0,0,0,0,0
"BIRC6",19,12,14,16,28,20,38,29,27,41
"BIRC6-AS1",0,0,0,0,0,0,0,0,0,0
"TTC27",4,0,1,0,8,2,9,3,4,10
"LINC00486",0,0,1,1,2,0,0,0,0,0
"AL121656.1",0,0,0,0,0,0,0,0,0,0
"LTBP1",14,1,7,3,7,14,8,30,8,13
"RASGRP3",6,1,6,3,6,6,3,3,6,13
"AC020594.1",0,0,0,1,0,0,1,0,0,2
"FAM98A",0,0,2,1,1,0,5,4,1,2
"LINC01317",0,2,3,0,2,0,0,3,1,1
"AC068599.1",0,0,0,0,0,1,0,0,1,0
"LINC01320",0,0,0,0,0,0,0,0,0,0
"AC073218.2",0,0,0,0,0,0,0,0,0,0
"AC012593.1",2,9,5,1,3,0,8,2,1,12
"AC009414.2",0,1,2,1,0,0,1,0,0,0
"CRIM1",19,14,21,17,22,28,114,23,19,92
"AC007378.1",0,0,0,0,0,0,0,0,0,0
"FEZ2",20,25,20,2,18,8,67,13,17,74
"VIT",3,0,3,0,4,1,0,4,1,2
"STRN",5,5,0,3,6,5,7,1,4,23
"HEATR5B",4,3,6,3,12,6,13,3,5,13
"GPATCH11",3,1,2,0,0,2,3,2,1,0
"EIF2AK2",7,2,8,1,9,4,16,5,7,7
"SULT6B1",0,0,0,0,0,0,0,0,0,0
"CEBPZOS",1,1,4,0,6,3,6,2,3,10
"CEBPZ",2,3,8,0,9,5,3,5,1,5
"NDUFAF7",3,0,1,1,1,3,2,4,0,3
"PRKD3",5,6,6,6,9,6,16,9,7,22
"QPCT",0,1,0,1,3,2,0,1,0,0
"AC006369.1",0,0,0,0,0,0,0,0,1,0
"CDC42EP3",0,1,4,1,2,1,4,3,0,4
"AC006369.2",0,0,0,0,0,0,0,0,0,0
"LINC00211",0,0,0,0,0,0,0,0,0,0
"RMDN2",3,2,5,1,4,2,1,3,1,0
"RMDN2-AS1",0,3,2,0,2,1,0,2,0,1
"CYP1B1",24,10,14,2,8,10,10,4,6,31
"CYP1B1-AS1",5,1,6,0,11,3,7,1,5,10
"AC009229.2",0,0,1,0,0,0,0,0,0,1
"AC009229.1",0,0,0,0,1,0,1,0,0,0
"ATL2",4,1,9,1,10,7,9,5,5,5
"AC011247.1",0,0,2,0,0,0,0,0,1,0
"LINC01883",0,0,0,0,0,0,0,0,0,0
"HNRNPLL",8,3,2,3,4,3,7,5,5,6
"GALM",0,1,2,1,7,1,1,1,0,6
"SRSF7",13,12,9,5,15,24,20,11,13,25
"GEMIN6",1,1,0,1,0,0,0,3,0,0
"DHX57",2,2,2,0,1,0,3,2,3,1
"MORN2",0,0,1,0,1,1,0,2,0,0
"ARHGEF33",0,0,1,0,2,0,0,0,0,2
"AC019171.1",0,0,0,0,0,0,0,1,0,0
"SOS1",15,8,14,5,23,15,33,24,14,36
"CDKL4",0,0,1,0,0,0,1,0,0,0
"MAP4K3",12,10,12,6,29,9,30,8,11,25
"AC007388.1",8,4,7,2,11,5,9,5,5,7
"TMEM178A",0,1,0,1,2,0,2,0,1,0
"THUMPD2",3,2,1,2,1,4,3,4,4,5
"SLC8A1-AS1",1,0,2,1,6,0,3,0,0,2
"SLC8A1",15,4,12,7,17,6,9,7,2,13
"LINC01794",0,0,0,0,0,0,0,0,0,1
"LINC01913",0,0,0,0,0,0,0,0,0,0
"C2orf91",0,0,0,0,0,0,0,0,0,0
"AC013480.1",0,0,0,0,0,0,0,0,0,0
"PKDCC",0,0,0,0,0,0,1,0,0,6
"AC083949.1",0,0,0,0,0,0,0,0,0,0
"EML4",6,4,7,1,10,6,5,8,5,11
"COX7A2L",1,2,2,2,3,2,10,1,3,8
"KCNG3",0,0,0,0,1,0,0,0,0,0
"MTA3",2,2,8,0,3,2,8,5,7,14
"OXER1",0,0,0,0,0,0,0,0,0,0
"HAAO",2,0,0,0,1,1,1,1,1,5
"AC016735.1",0,0,0,0,0,0,0,0,0,1
"LINC01819",0,0,0,0,0,0,0,0,0,0
"LINC02580",0,0,0,0,0,0,0,0,0,0
"ZFP36L2",5,2,0,2,2,1,8,1,2,6
"AC010883.1",0,0,0,0,0,0,0,0,2,0
"THADA",13,4,6,3,13,7,23,10,3,19
"PLEKHH2",11,0,1,4,7,1,11,1,5,7
"C1GALT1C1L",0,0,0,0,0,0,0,0,0,0
"DYNC2LI1",4,2,1,1,9,3,8,6,5,9
"ABCG5",0,0,0,0,0,0,0,0,0,0
"ABCG8",0,0,0,0,0,1,0,0,0,0
"LRPPRC",5,9,8,5,8,1,3,6,3,9
"AC019129.2",0,0,0,0,0,0,0,0,0,0
"PPM1B",8,10,8,4,11,4,20,8,3,17
"SLC3A1",0,0,0,0,1,0,0,0,0,3
"PREPL",6,6,11,9,12,7,16,8,5,12
"CAMKMT",7,4,8,4,21,13,24,20,17,23
"LINC01833",0,0,0,0,0,0,0,0,0,0
"SIX3-AS1",0,0,0,0,0,0,0,0,0,0
"SIX3",0,0,0,0,0,0,0,0,0,0
"AC012354.1",0,0,0,0,0,0,0,0,0,0
"AC093833.1",0,0,0,0,0,0,0,0,0,0
"SRBD1",1,1,2,0,4,4,5,6,0,1
"PRKCE",11,6,9,8,14,0,29,8,10,20
"EPAS1",33,38,28,17,35,23,140,24,30,42
"ATP6V1E2",0,0,0,0,0,0,0,0,0,2
"RHOQ",5,1,6,2,4,5,9,5,5,19
"AC018682.1",6,3,19,1,8,7,8,9,4,29
"PIGF",4,2,3,0,2,3,3,5,2,5
"CRIPT",3,2,0,2,2,0,2,3,0,2
"SOCS5",1,3,1,4,5,1,4,4,5,6
"AC016722.3",1,0,0,0,0,0,0,0,0,0
"LINC01119",0,0,0,0,0,0,0,0,0,0
"AC016722.2",2,0,0,2,0,0,2,0,0,1
"MCFD2",3,4,4,2,5,2,9,3,4,5
"TTC7A",4,8,3,6,5,3,10,4,5,11
"AC093732.1",0,0,0,0,0,0,0,0,0,0
"STPG4",0,1,2,0,2,0,1,0,0,4
"AC073283.3",0,0,0,0,0,0,0,0,0,0
"CALM2",0,1,1,1,0,0,0,1,0,0
"AC106869.1",2,2,3,1,3,1,6,0,1,7
"AC073283.2",0,0,0,0,0,0,0,0,0,0
"EPCAM",0,0,0,0,0,0,0,0,0,0
"MSH2",3,3,4,0,2,2,4,2,2,4
"KCNK12",2,0,0,0,1,0,0,1,0,0
"MSH6",1,0,1,2,2,1,2,0,0,7
"FBXO11",12,10,19,8,21,9,37,8,11,23
"AC079807.1",0,0,0,1,0,0,0,0,1,0
"AC092650.1",0,0,0,0,0,2,2,1,0,0
"FOXN2",4,6,5,2,8,5,10,2,5,8
"AC093635.1",0,0,0,0,0,0,0,0,0,0
"PPP1R21",8,5,6,2,5,4,20,4,2,11
"STON1-GTF2A1L",1,1,1,0,2,0,2,0,1,1
"AC073082.1",0,0,3,0,2,0,1,2,2,1
"AC009975.1",0,0,2,0,3,1,2,1,2,0
"FSHR",0,0,0,1,0,1,0,0,0,2
"AC009975.2",0,0,0,0,0,0,0,0,1,0
"AC009971.1",0,0,0,0,0,0,0,0,0,0
"NRXN1",19,18,41,16,35,5,24,20,9,25
"AC009234.1",0,0,0,0,0,0,0,0,0,0
"AC007402.1",1,0,1,1,0,0,0,0,0,1
"AC010967.1",0,0,0,0,0,0,0,0,0,0
"ASB3",1,1,0,1,1,1,3,1,2,1
"GPR75-ASB3",4,4,8,4,17,1,18,6,5,27
"CHAC2",1,0,0,0,1,1,1,1,0,2
"ERLEC1",6,2,6,1,3,0,5,2,0,3
"PSME4",5,7,9,2,11,5,17,6,4,12
"ACYP2",20,13,17,14,16,9,23,11,17,39
"TSPYL6",0,0,0,0,0,0,0,0,0,0
"C2orf73",0,0,0,0,0,0,1,0,0,0
"SPTBN1",46,29,23,17,44,22,74,21,25,46
"AC092839.1",5,4,5,0,5,1,8,2,2,13
"AC093110.1",0,0,1,0,0,0,0,0,0,0
"EML6",6,2,1,3,3,1,1,0,0,6
"AC104781.1",0,0,0,0,0,0,0,0,0,0
"RTN4",39,40,35,33,48,29,63,26,26,59
"CLHC1",1,0,3,0,1,0,1,1,0,6
"RPS27A",26,19,20,6,18,32,38,36,21,22
"MTIF2",1,1,1,1,0,0,1,4,1,0
"AC012358.3",1,1,5,0,0,1,5,0,1,4
"CCDC88A",14,11,21,12,18,9,32,15,6,24
"CFAP36",0,0,4,0,3,1,4,4,0,2
"PPP4R3B",6,1,6,2,7,2,9,6,3,6
"AC015982.1",1,0,0,0,0,2,0,0,1,0
"PNPT1",5,4,6,3,5,6,8,5,4,10
"EFEMP1",1,0,6,0,5,1,6,3,0,4
"AC011306.1",0,0,0,0,0,0,0,0,0,0
"MIR217HG",0,1,0,0,0,0,0,0,0,0
"LINC01813",0,0,0,0,0,0,0,0,0,0
"AC007743.1",1,1,0,0,0,0,1,0,1,0
"CCDC85A",1,7,10,5,21,1,38,5,9,9
"VRK2",10,4,10,8,7,4,34,12,6,14
"FANCL",1,7,3,3,3,3,6,3,3,8
"AC007250.1",0,0,0,0,0,0,0,0,0,0
"LINC01122",1,1,2,2,1,0,5,1,0,3
"LINC01793",0,1,0,0,0,1,1,0,0,0
"AC007100.1",0,0,0,0,1,0,1,1,1,0
"AC007179.1",0,0,0,0,0,0,0,0,0,0
"MIR4432HG",0,0,0,0,0,0,0,0,0,0
"BCL11A",2,1,4,1,2,1,0,1,0,0
"PAPOLG",5,2,2,1,5,1,8,4,3,8
"LINC01185",1,0,1,0,0,0,0,0,1,1
"REL",1,1,4,1,3,3,3,4,1,4
"PUS10",0,0,1,0,1,2,2,1,1,3
"PEX13",2,2,1,0,1,2,5,5,6,0
"KIAA1841",4,7,1,1,5,4,6,1,2,4
"C2orf74",3,2,2,0,1,0,0,1,0,1
"AC016747.2",0,1,0,0,0,0,0,0,0,0
"USP34",21,19,29,15,25,23,44,29,18,45
"AC016727.1",0,0,0,0,2,0,0,0,1,2
"XPO1",5,4,1,4,14,13,13,10,5,12
"FAM161A",3,1,2,1,0,1,0,3,0,3
"CCT4",2,6,2,2,10,10,14,9,8,10
"AC107081.2",0,0,0,0,0,0,1,0,0,3
"COMMD1",14,10,10,6,13,12,26,10,5,21
"AC018462.1",2,0,3,0,1,1,1,0,0,4
"B3GNT2",0,0,4,0,2,3,5,3,4,4
"AC093159.1",0,0,0,0,0,0,1,0,2,1
"TMEM17",0,0,0,0,0,0,1,0,0,0
"AC092155.1",0,0,1,0,1,0,0,0,0,1
"EHBP1",23,4,16,7,23,15,26,18,29,26
"AC092567.1",1,1,1,0,0,1,0,2,2,4
"AC009501.1",0,0,2,0,1,1,0,2,1,1
"OTX1",0,0,0,0,0,0,0,0,0,0
"WDPCP",9,7,18,5,22,9,17,15,10,23
"MDH1",11,4,11,3,4,1,10,4,2,1
"UGP2",6,4,7,11,8,11,14,15,3,19
"VPS54",9,7,9,2,10,8,14,14,8,12
"AC012368.2",0,0,0,0,0,0,0,0,0,0
"PELI1",25,7,3,7,9,16,12,8,4,9
"AC012368.1",1,0,0,0,1,0,0,0,0,0
"LINC00309",0,0,1,0,0,0,0,0,0,0
"AC008074.1",0,1,0,0,0,0,0,0,2,0
"LGALSL",0,1,0,1,0,0,1,1,1,0
"LINC01805",0,0,0,0,0,0,0,0,0,0
"AC008074.3",0,0,0,0,0,0,0,0,0,0
"AFTPH",5,1,5,5,5,7,15,3,5,13
"LINC02579",0,0,0,0,0,0,0,0,0,0
"SERTAD2",3,2,0,3,2,3,3,3,0,5
"AC007365.1",0,0,0,0,0,0,0,0,0,0
"LINC01800",0,0,0,0,0,0,0,0,0,0
"LINC02245",0,0,0,0,0,0,0,0,0,0
"SLC1A4",2,1,5,0,2,0,3,4,1,4
"LINC02576",0,0,1,0,1,1,4,0,0,1
"CEP68",4,2,2,1,0,0,3,0,2,5
"RAB1A",11,8,15,4,10,5,23,18,8,22
"ACTR2",7,10,7,6,10,8,23,11,2,17
"SPRED2",6,7,10,6,8,6,10,8,8,21
"AC012370.2",0,0,1,0,0,0,0,0,0,0
"AC007389.3",0,0,0,0,0,0,0,0,1,3
"AC007389.5",0,0,0,0,0,0,1,0,0,0
"LINC01873",0,0,0,0,0,0,0,0,0,0
"MEIS1-AS3",0,0,0,0,0,0,0,0,0,0
"MEIS1",4,2,3,3,0,0,1,2,0,9
"MEIS1-AS2",0,0,0,0,1,0,0,0,0,0
"LINC01798",0,0,0,0,0,0,0,0,0,0
"LINC01799",0,0,0,0,0,0,0,0,0,0
"LINC01828",0,0,0,0,0,0,0,0,0,0
"LINC01829",0,0,1,0,0,0,0,0,0,0
"ETAA1",0,0,3,0,3,1,2,2,3,1
"AC007422.2",0,0,0,0,0,0,0,0,0,0
"C1D",5,0,0,2,3,1,4,3,2,3
"WDR92",0,0,1,1,0,0,0,1,1,3
"AC017083.3",1,2,0,1,1,0,0,0,0,3
"PNO1",0,1,0,0,0,0,2,1,1,1
"AC017083.2",0,0,0,0,0,0,0,1,0,0
"AC017083.1",1,1,5,0,1,0,0,0,1,0
"CNRIP1",0,3,4,0,6,2,6,4,0,5
"AC015969.1",0,0,0,0,0,0,0,0,0,0
"PLEK",0,0,0,0,0,1,0,0,0,0
"FBXO48",0,1,0,0,0,0,0,1,2,0
"APLF",2,0,3,0,2,4,8,2,0,3
"ARHGAP25",0,1,3,1,5,0,1,2,0,3
"ANTXR1",8,2,4,2,10,2,2,2,9,13
"GFPT1",5,1,5,5,3,6,6,7,0,15
"NFU1",4,0,2,2,6,2,2,2,6,3
"AAK1",12,10,19,15,37,7,27,16,9,31
"ANXA4",6,1,3,1,8,0,2,6,5,13
"AC092431.1",0,0,0,0,0,0,0,0,0,0
"GMCL1",1,2,5,2,1,3,5,4,3,7
"SNRNP27",0,1,1,0,0,3,0,1,1,0
"MXD1",0,0,1,0,2,1,3,0,3,2
"ASPRV1",0,0,0,0,0,0,0,0,0,0
"PCBP1",3,5,5,7,0,1,12,15,4,7
"AC016700.3",0,0,0,0,0,0,0,0,0,0
"LINC01816",0,0,0,0,0,0,0,0,0,0
"C2orf42",1,0,1,1,0,2,3,1,0,2
"TIA1",0,0,0,0,0,0,0,0,0,0
"PCYOX1",3,0,3,2,4,1,2,0,5,6
"SNRPG",4,5,3,2,1,9,7,10,4,7
"FAM136A",1,2,1,1,1,0,0,0,0,3
"AC022201.1",0,0,0,0,1,0,0,0,0,0
"TGFA",0,0,0,1,1,0,2,1,0,1
"ADD2",0,0,3,1,2,0,0,0,0,0
"AC005234.1",0,0,0,0,0,0,0,0,0,0
"FIGLA",0,0,0,0,0,0,0,0,0,0
"CLEC4F",0,0,0,0,0,0,0,0,0,0
"VAX2",0,0,0,0,1,0,0,0,0,0
"ATP6V1B1",0,0,0,0,0,0,0,0,0,0
"AC007040.2",0,1,0,0,0,0,0,1,0,1
"ANKRD53",0,1,0,0,0,1,0,0,0,0
"AC007040.1",0,0,0,0,0,0,0,0,0,0
"AC007881.2",0,0,0,0,0,0,0,0,0,0
"NAGK",3,2,5,0,1,4,5,3,2,2
"AC007881.3",0,0,0,0,0,0,0,0,0,0
"MCEE",2,2,4,0,0,0,6,2,2,1
"MPHOSPH10",0,1,4,1,1,1,5,3,4,3
"PAIP2B",5,1,1,0,2,1,4,1,0,2
"ZNF638",21,15,31,11,30,20,68,41,22,46
"DYSF",3,3,3,2,4,2,19,2,6,2
"CYP26B1",0,0,0,0,0,0,1,0,2,0
"EXOC6B",36,27,29,21,51,24,79,33,30,49
"SPR",0,0,0,1,0,0,0,1,0,0
"EMX1",0,1,0,0,1,0,0,1,0,0
"SFXN5",0,1,9,2,12,0,2,3,2,3
"RAB11FIP5",1,2,0,1,1,0,2,0,0,1
"NOTO",0,0,0,0,0,0,0,0,0,0
"SMYD5",0,1,1,1,1,0,1,0,0,1
"PRADC1",0,0,1,2,0,1,2,2,0,0
"CCT7",2,0,4,2,4,4,4,7,2,1
"FBXO41",0,0,0,1,1,0,0,1,0,0
"EGR4",0,0,0,0,0,0,0,0,0,0
"ALMS1",2,0,6,2,6,4,11,3,1,7
"TPRKB",0,1,2,1,0,1,3,0,0,2
"AC092653.1",0,0,0,0,0,0,0,0,0,0
"DUSP11",0,2,1,0,0,1,4,2,1,1
"C2orf78",0,0,0,0,0,0,0,0,0,0
"STAMBP",2,1,2,2,4,1,2,1,0,2
"ACTG2",1,0,0,0,0,0,0,0,0,1
"DGUOK",3,4,0,0,3,1,7,4,1,3
"DGUOK-AS1",1,0,0,0,1,1,0,0,1,2
"TET3",1,1,1,2,4,1,4,2,2,7
"AC073263.1",0,0,0,0,0,0,0,0,0,0
"BOLA3",2,0,1,0,2,2,1,2,0,1
"BOLA3-AS1",0,0,0,0,0,1,0,1,0,3
"MOB1A",1,2,3,0,2,5,8,1,1,1
"MTHFD2",0,0,0,0,0,0,0,1,0,0
"AC006030.1",1,4,1,0,1,2,1,3,0,1
"DCTN1",0,0,1,0,0,0,1,0,0,1
"DCTN1-AS1",0,0,0,0,0,0,0,0,0,1
"AC005041.1",0,0,0,0,0,0,0,0,0,0
"WDR54",0,0,0,1,2,3,1,1,3,0
"RTKN",2,1,3,2,3,1,6,3,3,2
"INO80B",0,0,0,0,0,0,0,0,0,0
"INO80B-WBP1",0,0,0,0,0,0,0,0,0,0
"WBP1",0,0,0,0,0,0,0,0,0,0
"MOGS",0,0,0,1,1,1,0,4,1,1
"MRPL53",1,0,0,0,0,0,0,0,1,0
"CCDC142",0,0,1,0,1,0,1,0,0,2
"TTC31",0,0,2,1,1,0,1,0,4,0
"AC005041.3",0,0,0,0,0,0,0,0,0,0
"LBX2-AS1",0,0,0,0,0,0,0,0,0,0
"PCGF1",1,0,1,2,0,1,2,0,1,0
"TLX2",0,0,0,0,0,0,0,0,0,0
"DQX1",0,0,0,0,0,0,0,0,0,0
"AUP1",7,1,3,3,8,8,19,9,7,13
"HTRA2",1,2,1,1,2,3,3,1,2,1
"LOXL3",1,0,1,2,1,1,1,1,0,3
"DOK1",0,0,0,2,0,1,0,2,0,1
"M1AP",0,0,0,0,0,0,0,0,0,0
"SEMA4F",1,0,2,0,0,2,0,0,0,0
"HK2",0,0,0,1,0,1,1,1,0,1
"LINC01291",0,0,0,0,0,0,0,0,0,0
"AC104135.1",0,0,1,0,0,0,0,0,0,1
"POLE4",1,1,1,0,1,4,3,4,1,0
"TACR1",0,2,1,0,2,0,1,0,0,1
"AC007681.1",0,1,0,0,5,0,2,4,1,3
"EVA1A",0,0,0,0,0,0,0,0,0,0
"AC007099.1",2,0,0,0,0,2,0,0,0,2
"MRPL19",4,3,4,3,5,4,10,4,5,8
"GCFC2",8,1,3,1,7,2,10,8,6,10
"AC005034.2",0,0,0,0,0,0,0,0,0,0
"AC005034.4",0,0,0,0,0,0,0,0,0,0
"LRRTM4",19,17,28,10,30,4,29,13,8,19
"AC079117.1",0,0,0,0,0,0,0,0,0,0
"AC084149.1",0,0,0,0,0,0,0,0,0,0
"AC012494.1",1,0,1,0,1,0,0,0,0,2
"CTNNA2",32,9,47,27,42,9,25,19,9,25
"AC010975.1",0,0,0,0,0,0,0,0,0,0
"AC016716.2",1,0,5,0,1,0,1,2,0,1
"LRRTM1",0,0,0,0,0,0,0,0,0,0
"AC008067.1",0,0,1,0,1,0,0,0,0,0
"AC012355.1",0,0,0,0,1,0,0,0,0,0
"AC079896.1",0,0,0,0,0,0,0,0,0,0
"AC010105.1",0,0,0,0,0,0,0,0,0,0
"AC106874.1",0,0,0,0,0,0,0,0,0,0
"SUCLG1",5,1,3,0,1,4,3,6,4,3
"DNAH6",2,2,3,1,4,1,1,0,0,2
"TRABD2A",3,1,0,0,1,1,0,0,0,0
"TMSB10",53,115,49,96,66,157,394,168,90,59
"KCMF1",3,2,4,4,7,5,11,7,3,11
"TCF7L1",6,2,6,3,9,4,9,3,3,17
"TGOLN2",5,5,3,3,4,3,11,6,2,8
"RETSAT",0,0,2,0,2,0,2,2,1,3
"ELMOD3",4,1,6,1,2,1,5,2,2,6
"CAPG",0,0,1,0,2,0,0,0,0,1
"SH2D6",0,0,1,0,0,0,0,0,0,0
"MAT2A",4,5,8,9,7,4,17,9,3,18
"GGCX",0,2,3,0,2,3,0,2,2,6
"VAMP8",3,0,0,0,2,2,5,1,1,1
"VAMP5",1,7,7,5,4,16,28,10,15,8
"RNF181",3,1,3,1,0,2,3,4,4,0
"TMEM150A",2,3,1,0,2,2,0,3,1,2
"USP39",19,24,27,28,50,24,50,46,34,35
"C2orf68",3,1,0,0,3,1,5,4,1,6
"SFTPB",0,0,0,0,0,0,0,0,0,0
"GNLY",0,0,0,1,0,1,0,0,3,2
"ATOH8",1,11,1,3,0,2,10,2,9,5
"AC105053.1",0,2,0,0,0,0,1,0,0,0
"ST3GAL5",9,4,18,4,7,1,2,7,6,10
"ST3GAL5-AS1",0,0,0,0,0,0,0,0,0,1
"AC012511.1",0,0,0,0,0,0,0,0,0,0
"POLR1A",4,0,3,0,1,0,4,3,0,4
"PTCD3",7,3,5,4,7,1,10,4,3,3
"IMMT",3,1,3,3,4,0,5,1,4,10
"AC009309.1",0,0,0,0,0,0,0,0,0,0
"MRPL35",0,1,1,0,0,0,0,2,0,2
"REEP1",0,0,0,1,1,1,2,0,0,1
"KDM3A",2,4,2,0,3,4,9,4,0,2
"CHMP3",1,0,2,1,1,5,1,2,1,2
"RNF103-CHMP3",2,0,1,0,0,0,2,0,1,2
"AC015971.1",1,1,0,0,2,1,0,0,0,3
"RMND5A",2,1,1,0,1,1,5,6,2,2
"CD8A",0,0,0,0,0,0,0,0,0,0
"CD8B",0,0,0,0,0,0,0,1,0,0
"RGPD1",0,0,0,0,0,0,0,0,0,0
"PLGLB1",0,0,2,2,2,0,4,3,1,1
"LINC01943",0,0,0,0,0,0,0,0,0,0
"CYTOR",3,2,6,3,3,2,3,3,2,5
"PLGLB2",0,0,0,0,1,0,0,0,0,0
"RGPD2",0,0,0,0,1,0,0,0,1,0
"KRCC1",2,0,10,1,7,0,6,6,4,1
"SMYD1",0,0,0,0,1,0,0,0,0,0
"FABP1",0,0,0,0,0,0,0,0,0,0
"THNSL2",1,0,2,0,0,0,0,1,0,4
"AC104134.1",0,0,0,0,0,0,0,0,0,0
"EIF2AK3",2,1,2,2,1,2,6,3,3,6
"AC062029.1",0,0,0,0,0,0,1,0,0,0
"RPIA",0,0,2,0,1,1,2,3,1,1
"IGKC",0,0,0,0,0,0,0,0,0,0
"AC233263.6",0,0,0,0,0,0,0,0,0,0
"AC233266.2",0,0,0,0,0,0,0,0,0,0
"AL845331.2",0,0,0,0,0,0,0,0,0,0
"ANKRD20A8P",0,0,1,0,0,0,1,0,0,0
"TEKT4",0,0,0,0,0,0,0,0,0,0
"AC103563.7",0,0,0,0,0,0,0,0,0,0
"MAL",5,7,3,7,4,3,9,3,3,6
"AC103563.2",0,0,1,0,0,0,0,0,0,0
"MRPS5",4,4,8,1,12,1,16,9,3,11
"ZNF514",1,0,0,0,1,1,1,0,2,0
"ZNF2",0,0,4,0,0,2,0,0,0,0
"AC092835.1",1,2,1,1,0,1,1,0,0,2
"PROM2",0,0,0,0,0,1,1,0,0,0
"KCNIP3",0,1,1,0,0,1,1,2,1,0
"FAHD2A",3,0,1,1,0,1,3,1,2,2
"AC009237.14",0,0,0,0,0,0,0,0,0,0
"AC009237.15",0,0,0,0,0,0,0,0,0,0
"LINC00342",1,1,1,1,0,0,0,0,1,1
"ANKRD36C",7,8,8,1,7,5,13,5,6,14
"GPAT2",0,0,0,0,0,0,1,1,0,0
"ADRA2B",0,0,0,0,0,0,0,0,0,0
"ASTL",0,0,0,0,0,0,0,0,0,0
"DUSP2",0,0,0,0,1,0,0,0,0,2
"STARD7",1,2,1,2,8,2,2,3,6,0
"TMEM127",0,0,0,1,1,1,5,5,2,1
"CIAO1",1,2,3,2,2,0,2,2,1,1
"SNRNP200",4,0,2,3,3,2,3,1,4,4
"AC021188.1",0,0,1,0,0,0,0,0,0,0
"ITPRIPL1",0,0,0,0,0,0,0,0,0,0
"NCAPH",0,0,0,0,0,0,0,1,0,0
"NEURL3",0,0,0,0,0,0,0,0,0,0
"AC013270.1",0,0,0,0,0,0,1,0,0,0
"ARID5A",2,3,1,1,4,4,2,2,1,5
"KANSL3",0,3,3,2,5,4,2,1,2,1
"FER1L5",0,0,0,0,0,1,0,1,0,1
"LMAN2L",0,0,0,0,2,0,0,1,0,3
"CNNM4",1,1,0,3,1,0,2,1,1,1
"CNNM3-DT",0,0,0,0,0,0,0,0,0,0
"CNNM3",0,0,1,0,1,0,0,0,1,1
"ANKRD23",1,1,4,0,5,2,5,0,2,8
"ANKRD39",0,0,0,0,0,0,0,0,0,0
"SEMA4C",0,2,3,2,3,2,1,1,0,2
"FAM178B",0,2,0,1,1,1,0,0,0,3
"FAHD2B",2,1,0,1,1,1,0,0,0,1
"ANKRD36",8,6,10,1,8,4,14,6,3,14
"AC159540.2",0,0,0,0,0,0,0,0,0,0
"AC159540.1",0,0,0,0,0,0,0,0,0,0
"AC092683.1",1,2,4,2,6,4,7,4,8,3
"AC092683.2",1,0,0,0,1,0,2,3,1,0
"ANKRD36B",2,2,5,3,4,5,5,3,6,2
"COX5B",10,11,16,10,7,15,32,18,21,9
"ACTR1B",2,1,4,2,1,3,8,1,2,4
"C2orf92",4,2,1,3,0,2,6,0,0,1
"ZAP70",0,1,0,0,0,0,0,0,0,0
"TMEM131",7,5,7,6,11,7,15,10,1,14
"VWA3B",0,0,0,0,0,0,0,1,1,0
"AC092675.1",0,0,0,0,0,0,0,0,0,0
"CNGA3",0,0,0,0,0,0,0,0,0,0
"INPP4A",4,1,4,2,8,1,10,7,5,6
"COA5",3,1,0,0,0,2,1,0,1,3
"UNC50",1,1,2,0,2,2,3,7,5,1
"MGAT4A",2,3,6,2,4,1,12,1,0,8
"AC109826.1",0,0,0,0,0,0,0,0,0,0
"KIAA1211L",1,1,4,2,1,2,1,2,0,1
"TSGA10",5,3,1,3,1,1,6,0,4,11
"AC079447.1",5,0,2,4,2,4,6,1,2,8
"MITD1",0,0,5,3,3,1,5,11,0,7
"LYG2",0,0,0,0,0,0,1,1,0,2
"LYG1",0,0,0,0,3,2,2,0,0,0
"TXNDC9",2,3,3,1,2,2,6,4,1,0
"EIF5B",7,11,14,6,13,14,14,13,7,11
"REV1",3,3,6,5,9,5,7,6,6,11
"AC018690.1",0,0,0,0,0,0,0,0,0,0
"AFF3",13,75,37,13,39,19,47,12,25,65
"AC092667.1",0,0,0,0,0,0,0,0,0,0
"LINC01104",0,0,0,0,0,0,0,0,0,0
"LONRF2",0,3,2,1,4,0,3,1,2,2
"CHST10",0,1,3,0,2,0,1,2,2,0
"NMS",0,0,0,0,0,0,0,0,0,1
"PDCL3",0,0,0,0,0,0,0,1,0,0
"LINC01849",0,0,0,0,0,0,0,0,0,0
"LINC01868",0,0,0,0,0,0,0,0,0,0
"AC092168.1",0,0,0,0,0,0,0,0,0,0
"NPAS2",12,13,18,12,13,9,18,11,8,12
"AC016738.2",0,0,0,0,0,0,0,0,0,0
"AC016738.1",0,0,0,0,0,0,0,0,0,0
"RPL31",16,8,17,3,17,22,26,12,15,21
"TBC1D8",8,5,3,3,8,4,14,2,4,19
"TBC1D8-AS1",0,0,0,0,0,0,0,0,0,0
"CNOT11",3,3,0,2,2,1,1,4,2,2
"RNF149",8,5,12,3,10,3,12,6,4,14
"CREG2",4,1,3,2,3,0,0,0,0,1
"RFX8",0,2,0,0,1,0,0,0,0,0
"LINC01870",0,0,0,0,0,0,1,0,0,0
"MAP4K4",22,9,22,17,52,10,48,22,14,34
"LINC01127",0,0,0,0,0,0,0,0,0,0
"IL1R2",0,0,0,0,0,0,0,0,0,0
"IL1R1",8,8,3,3,8,11,8,28,10,5
"AC007271.1",0,0,0,0,0,0,0,0,0,0
"IL1RL2",0,0,0,0,1,0,2,1,1,2
"IL18R1",0,6,2,2,2,2,17,2,1,7
"IL18RAP",0,0,0,0,0,0,0,0,0,0
"SLC9A2",0,3,0,0,0,0,2,0,0,4
"MFSD9",0,0,0,0,0,1,0,0,0,0
"TMEM182",1,1,0,1,5,2,2,1,3,4
"LINC01796",0,0,0,0,0,0,0,0,0,0
"AC073987.1",0,0,0,0,0,0,0,0,0,0
"LINC01965",0,0,0,0,0,0,0,0,0,2
"AC096554.1",0,0,0,0,0,0,0,0,0,0
"AC068535.1",0,0,0,0,0,0,0,0,0,0
"LINC01831",0,0,0,0,0,0,0,0,0,0
"LINC01102",3,2,0,1,1,0,1,0,0,1
"LINC01103",1,0,0,0,0,0,1,0,0,0
"AC013402.1",0,0,0,0,0,0,0,0,0,0
"LINC01114",0,0,0,0,0,0,0,0,0,1
"POU3F3",1,1,2,2,0,0,0,0,0,3
"AC018730.1",0,0,0,0,0,0,0,0,0,0
"AC010884.1",0,0,0,0,3,0,0,1,0,1
"MRPS9",2,2,2,2,3,2,8,6,3,1
"AC104655.1",1,0,0,0,0,0,0,0,0,0
"LINC01918",0,0,0,0,0,0,0,0,0,0
"AC012360.2",1,0,0,0,0,0,0,1,0,0
"TGFBRAP1",0,0,0,0,1,0,4,1,1,0
"AC012360.1",0,0,0,0,0,0,0,0,0,0
"AC012360.3",1,2,1,0,0,1,1,0,1,2
"C2orf49",0,1,6,0,2,1,2,3,1,1
"FHL2",14,1,14,1,8,3,0,7,2,12
"AC108058.1",1,0,1,0,1,0,0,0,0,0
"NCK2",3,2,3,3,5,1,6,3,2,5
"AC010978.1",1,0,0,0,1,1,1,1,0,0
"C2orf40",1,0,0,0,0,0,1,0,0,2
"UXS1",3,1,4,1,5,0,3,2,4,3
"AC018878.1",0,0,1,0,0,0,0,0,0,0
"RGPD3",0,0,0,0,1,0,2,0,2,0
"CD8B2",0,0,1,0,2,0,0,1,0,0
"AC108868.1",0,0,0,0,0,0,0,0,0,0
"ST6GAL2",1,1,0,0,0,0,0,0,0,1
"AC016994.1",0,0,0,0,0,0,0,0,0,0
"LINC01789",0,0,0,0,0,0,0,0,0,1
"AC096669.1",0,0,0,0,0,0,0,0,0,0
"LINC01885",0,0,0,0,1,0,0,1,0,1
"LINC01886",0,0,0,0,0,0,0,0,0,0
"GACAT1",0,0,0,0,0,0,0,0,0,0
"RGPD4-AS1",0,0,0,0,0,0,0,0,0,1
"RGPD4",0,0,0,0,0,0,0,0,0,0
"SLC5A7",0,0,0,0,0,0,0,0,1,0
"LINC01594",0,0,0,0,0,0,0,0,0,0
"SULT1C2",0,0,2,0,0,0,0,0,1,4
"SULT1C4",2,4,0,0,2,2,1,1,0,4
"GCC2",8,3,5,5,8,4,13,21,8,11
"GCC2-AS1",0,0,2,0,1,1,0,1,0,1
"LIMS1",4,3,7,2,12,6,17,8,3,8
"RANBP2",6,6,8,2,5,8,12,8,10,15
"CCDC138",1,2,3,1,3,1,5,3,0,6
"EDAR",0,0,0,0,0,0,0,0,0,1
"SH3RF3-AS1",0,0,0,0,0,0,0,0,0,0
"SH3RF3",4,3,4,3,6,4,4,8,1,8
"SEPT10",2,1,3,2,4,3,3,8,1,3
"SOWAHC",0,0,0,0,2,1,0,0,0,0
"AC074387.1",0,0,0,0,0,0,0,0,0,0
"RGPD5",0,0,0,0,0,0,0,0,0,0
"AC013271.1",0,0,0,0,0,0,0,0,0,0
"LINC01123",0,0,0,0,1,0,0,0,0,0
"MALL",0,1,0,0,0,0,1,0,0,0
"NPHP1",0,1,3,0,2,2,1,1,2,3
"SMIM37",1,2,1,3,0,6,4,6,3,7
"LINC01106",0,0,0,0,0,0,0,0,0,1
"AC112229.3",0,0,0,0,1,1,0,0,0,1
"AC112229.2",0,0,0,0,0,0,0,0,0,0
"RGPD6",0,0,0,0,0,0,1,0,0,0
"BUB1",0,0,0,0,0,0,0,0,0,0
"ACOXL",1,1,0,0,0,0,0,0,0,1
"MIR4435-2HG",6,13,9,9,20,7,22,15,5,14
"BCL2L11",3,0,1,0,2,1,3,0,2,1
"AC108463.2",0,0,0,0,0,0,1,0,0,0
"AC068491.2",0,0,0,0,0,0,0,0,0,0
"AC017002.5",2,3,6,2,6,0,5,2,0,9
"ANAPC1",4,4,3,2,2,1,3,3,2,5
"MERTK",1,3,1,1,9,0,3,0,1,7
"TMEM87B",4,2,5,3,3,7,13,7,0,4
"FBLN7",0,0,0,0,0,0,0,0,0,0
"ZC3H8",6,2,3,0,1,4,4,5,4,1
"ZC3H6",2,1,5,3,8,5,6,4,4,16
"RGPD8",1,1,0,0,4,0,1,1,0,1
"TTL",1,0,5,2,3,0,5,2,2,3
"POLR1B",0,0,0,0,1,0,1,3,1,2
"CHCHD5",0,0,0,0,1,0,2,0,0,1
"AC012442.1",0,0,0,0,0,0,0,0,0,0
"AC079922.2",1,1,1,0,0,1,1,1,0,1
"SLC20A1",1,1,1,2,4,2,3,1,2,4
"NT5DC4",0,0,0,0,0,0,0,0,0,0
"CKAP2L",0,0,0,0,0,0,0,0,0,0
"IL1A",0,0,0,0,0,0,0,0,0,0
"IL1B",0,0,0,0,0,0,0,0,0,0
"IL36B",0,0,0,0,0,0,0,0,0,0
"IL1RN",0,0,0,0,0,0,1,0,0,0
"PSD4",0,0,0,0,1,0,0,0,0,1
"PAX8",0,0,0,0,1,0,0,1,0,0
"AC016745.1",0,0,0,0,0,0,0,0,0,0
"AC016745.2",0,0,1,0,0,0,0,0,0,0
"CBWD2",1,1,2,1,1,2,1,1,1,2
"FOXD4L1",0,0,1,0,0,0,0,0,0,0
"LINC01961",0,0,0,0,0,0,0,0,0,0
"PGM5P4-AS1",0,0,0,0,0,0,0,0,0,0
"FAM138B",0,0,0,0,0,1,0,0,0,0
"RABL2A",1,0,0,1,2,0,2,1,1,3
"AC017074.2",0,0,0,0,0,0,0,0,0,0
"AC017074.1",0,0,0,0,1,0,0,2,0,0
"SLC35F5",4,4,4,4,3,3,18,9,11,8
"AC104653.2",0,0,0,0,0,0,0,0,0,0
"AC104653.1",0,0,0,0,0,0,0,0,0,0
"AC110769.2",0,0,0,0,0,0,0,0,1,0
"ACTR3",1,3,2,2,6,2,12,3,5,10
"LINC01191",0,0,0,0,0,0,0,0,0,0
"DPP10",16,27,44,25,30,10,27,7,19,11
"DPP10-AS3",0,0,0,0,0,0,0,0,0,0
"DPP10-AS2",0,0,1,0,0,0,0,0,0,0
"DPP10-AS1",0,0,0,1,0,0,1,0,0,0
"AC009312.1",1,0,1,0,0,0,0,0,0,2
"DDX18",6,4,10,3,8,5,7,6,5,11
"AC009404.1",0,0,0,1,0,0,0,1,0,0
"CCDC93",2,0,2,1,9,1,6,6,2,4
"AC009303.2",0,0,0,0,0,0,2,1,0,0
"INSIG2",4,0,0,0,1,3,5,4,0,5
"AC093901.1",0,0,0,0,0,1,0,1,1,0
"EN1",0,0,0,0,0,0,0,0,0,0
"MARCO",0,0,0,0,0,0,0,0,0,0
"C1QL2",0,1,0,0,0,0,1,0,0,0
"STEAP3",0,1,0,0,0,0,0,0,0,0
"STEAP3-AS1",0,0,0,0,0,0,0,0,0,0
"C2orf76",0,0,3,1,2,2,1,2,1,1
"DBI",9,3,10,6,11,11,8,3,6,7
"TMEM37",2,0,0,0,0,0,0,0,0,0
"SCTR",0,0,0,1,0,0,0,0,0,0
"AC013275.1",0,0,0,1,0,0,0,0,0,0
"CFAP221",1,0,0,0,2,0,2,0,0,0
"TMEM177",0,0,1,0,0,0,1,0,0,0
"PTPN4",3,5,6,1,8,4,12,5,6,4
"EPB41L5",6,1,4,4,5,2,11,1,7,12
"AC012363.1",0,0,0,0,0,1,1,0,0,0
"TMEM185B",0,0,0,1,0,0,2,0,0,0
"RALB",1,0,0,0,3,0,8,1,2,2
"AC012363.2",0,0,0,0,0,0,0,0,0,0
"INHBB",0,0,0,0,0,0,0,0,1,1
"AC018866.1",0,0,0,0,0,0,0,0,0,0
"GLI2",2,0,0,0,1,1,0,3,2,4
"AC017033.1",0,0,0,0,0,0,0,0,0,0
"AC067960.1",0,0,0,0,0,0,0,0,0,0
"TFCP2L1",0,0,0,0,0,0,0,0,0,0
"CLASP1",14,2,7,7,16,7,34,19,13,27
"AC012447.1",0,0,1,0,0,2,0,3,0,1
"NIFK-AS1",3,3,2,0,4,2,3,4,1,8
"NIFK",0,0,0,1,1,1,3,4,0,1
"TSN",0,3,1,0,5,1,4,6,4,4
"LINC01823",0,0,0,0,0,0,0,0,0,0
"LINC01826",1,0,0,0,0,0,1,0,0,0
"AC079154.1",0,0,0,0,0,0,0,0,0,0
"CNTNAP5",2,1,11,5,5,2,3,5,9,4
"LINC01889",0,0,0,0,0,0,0,0,0,0
"AC023347.1",0,0,0,0,0,0,0,0,1,0
"GYPC",3,3,4,1,5,1,6,8,8,6
"TEX51",0,0,0,0,0,0,0,0,0,0
"AC012508.2",0,0,0,0,0,0,0,0,0,0
"AC012508.1",0,0,0,0,0,0,0,0,0,0
"BIN1",6,6,5,12,7,7,28,5,6,9
"CYP27C1",0,0,0,0,0,0,1,0,0,0
"ERCC3",4,1,0,3,2,1,6,1,2,6
"MAP3K2",7,6,4,9,5,2,17,4,6,13
"AC068282.1",0,0,0,0,0,2,0,0,0,1
"PROC",0,0,0,0,0,0,0,0,0,0
"IWS1",3,8,7,3,6,13,12,7,1,11
"AC010976.1",0,0,2,0,0,0,1,0,0,1
"MYO7B",0,0,0,0,0,0,0,0,0,0
"LIMS2",2,4,7,0,3,2,22,1,3,3
"GPR17",1,0,0,0,1,0,0,1,1,2
"WDR33",4,5,9,5,13,1,10,4,3,11
"SFT2D3",0,0,0,0,3,1,1,1,0,0
"POLR2D",1,0,2,1,3,0,1,1,2,2
"AMMECR1L",3,0,1,1,2,1,2,1,0,2
"AC012306.2",0,0,0,0,2,1,0,0,0,0
"SAP130",3,2,3,1,0,1,4,0,3,4
"UGGT1",1,1,2,2,2,2,8,2,4,7
"HS6ST1",0,1,0,0,1,0,7,2,6,1
"LINC01854",0,0,0,0,0,0,0,0,0,0
"LINC02572",0,0,0,1,1,0,0,0,0,0
"LINC01856",0,1,0,0,0,0,0,0,0,0
"RAB6C",0,0,0,0,0,0,0,1,0,1
"POTEF",0,0,0,0,0,0,0,0,0,0
"CCDC74B",0,0,0,1,0,0,0,0,0,0
"SMPD4",1,1,3,0,4,1,7,5,2,2
"MZT2B",7,5,5,4,7,7,15,8,7,2
"CCDC115",2,1,2,0,2,2,2,1,1,0
"IMP4",3,2,2,0,1,0,3,2,1,2
"PTPN18",0,0,0,1,3,2,3,5,2,2
"POTEI",0,0,0,0,0,0,0,0,0,0
"AC013269.2",0,0,0,0,0,0,0,0,0,0
"AC013269.1",0,0,0,0,0,0,0,0,0,0
"AC140481.2",0,0,0,0,0,0,0,0,0,0
"CFC1",0,0,0,0,0,0,0,0,0,0
"POTEJ",0,0,0,0,0,0,0,0,0,0
"AC140481.1",0,0,0,0,0,0,0,0,0,0
"AMER3",1,0,0,1,0,1,0,0,1,0
"AC133785.1",0,0,0,0,0,0,0,0,0,0
"ARHGEF4",2,4,1,1,4,0,8,3,0,3
"FAM168B",2,1,3,1,5,3,8,5,1,4
"PLEKHB2",2,5,0,3,1,2,9,0,0,2
"RAB6D",0,0,0,0,0,0,0,1,0,0
"AC073869.5",0,0,0,0,0,0,0,0,0,0
"AC073869.3",0,0,0,0,0,0,0,0,0,0
"MZT2A",7,6,5,2,1,4,2,4,5,2
"TUBA3D",0,0,0,0,0,0,0,0,0,0
"CCDC74A",0,0,0,0,0,0,0,0,0,0
"LINC01087",0,0,0,0,0,0,0,0,0,0
"C2orf27B",0,0,0,0,0,0,1,0,0,0
"AJ239322.2",0,0,0,0,0,0,0,0,0,0
"AJ239322.1",1,0,1,0,0,0,0,0,0,0
"LINC01945",0,0,0,0,0,0,0,0,0,0
"ANKRD30BL",2,0,3,1,1,3,0,1,2,0
"AC097532.2",0,0,1,0,0,0,0,0,1,0
"GPR39",0,0,0,0,0,0,0,0,0,0
"LYPD1",0,0,0,0,1,1,0,1,1,0
"AC010974.1",0,0,0,0,0,0,0,0,0,0
"NCKAP5",18,15,27,15,21,7,33,8,7,47
"AC016909.2",1,0,0,1,1,0,0,0,0,0
"AC010890.1",0,0,0,0,0,0,1,0,0,1
"MGAT5",12,12,10,10,20,7,39,16,10,29
"TMEM163",0,1,3,0,1,1,2,2,1,3
"CCNT2-AS1",1,1,1,0,0,1,0,0,0,2
"ACMSD",0,0,1,0,0,0,0,0,0,1
"CCNT2",4,4,3,1,8,7,17,3,5,8
"MAP3K19",1,1,0,0,2,1,0,0,1,0
"RAB3GAP1",3,7,6,5,16,11,25,9,17,17
"ZRANB3",2,3,6,3,3,0,2,3,3,6
"R3HDM1",21,9,12,4,21,14,23,12,6,21
"UBXN4",7,8,12,5,11,6,14,16,9,13
"LCT",0,0,0,0,0,0,0,0,0,0
"MCM6",0,2,3,0,1,1,1,0,0,0
"DARS",6,5,9,4,10,6,21,13,3,11
"DARS-AS1",0,0,0,0,0,0,1,1,0,0
"CXCR4",0,0,0,1,2,0,0,1,0,0
"THSD7B",5,2,2,1,2,5,1,8,0,6
"HNMT",0,1,3,1,2,2,1,4,3,2
"LINC01832",0,0,0,0,0,0,0,0,0,0
"AC114763.1",5,1,0,0,4,2,5,0,0,2
"SPOPL",3,3,3,0,3,1,7,4,2,2
"AC092620.3",0,0,0,0,0,0,0,0,0,0
"AC092620.1",0,0,0,0,0,0,0,0,0,0
"NXPH2",0,0,0,0,0,0,0,0,0,0
"AC062021.1",0,0,0,0,0,0,0,0,0,0
"AC016710.1",0,0,0,0,0,0,0,0,0,0
"LINC01853",0,0,0,0,0,0,0,0,0,0
"LRP1B",33,17,33,22,74,12,46,36,36,227
"KYNU",1,2,0,0,1,1,0,0,0,4
"ARHGAP15",1,1,1,1,5,1,7,4,0,10
"AC013437.1",0,0,0,0,0,0,0,0,0,0
"AC096558.2",0,0,0,0,0,0,0,0,0,0
"AC079793.1",0,0,0,0,0,0,0,0,0,0
"AC092652.1",0,0,0,0,0,0,0,0,0,0
"AC092652.2",0,0,0,0,0,0,1,0,0,0
"AC079584.2",0,0,0,0,0,0,0,0,0,0
"AC079584.1",0,0,0,0,0,0,0,0,0,0
"AC016910.1",0,0,0,0,0,0,0,0,0,0
"GTDC1",17,13,14,5,16,9,13,10,10,21
"ZEB2",28,16,17,31,43,23,54,24,12,39
"AC009951.2",0,0,0,0,0,1,0,2,0,0
"ZEB2-AS1",0,0,0,0,0,0,0,0,1,0
"LINC01412",0,0,0,0,0,0,0,0,0,0
"TEX41",1,1,1,0,5,1,4,2,0,2
"AC096666.1",0,0,0,0,0,0,0,0,0,0
"AC092484.1",0,0,0,0,0,0,0,0,0,0
"ACVR2A",0,2,2,3,7,4,13,8,6,2
"AC009480.1",0,0,0,0,1,0,0,0,0,0
"ORC4",3,1,6,4,8,5,9,7,5,9
"MBD5",29,7,20,16,46,29,71,33,25,66
"EPC2",3,3,2,3,13,2,7,10,6,9
"AC105402.3",0,3,1,0,0,4,0,13,9,0
"KIF5C",4,4,6,4,7,1,9,3,1,4
"LYPD6B",0,1,0,0,0,0,0,0,0,0
"LYPD6",0,0,2,0,1,0,1,1,0,0
"MMADHC",0,0,2,2,2,4,4,3,3,7
"AC007364.1",1,0,2,0,2,1,2,4,6,9
"LINC01931",0,0,0,0,0,0,0,0,0,2
"LINC01818",0,0,0,0,0,0,0,0,0,0
"LINC01817",0,0,0,0,0,0,0,0,0,0
"RND3",4,3,7,1,2,3,3,7,4,5
"AC104777.3",0,0,0,0,0,0,0,0,0,0
"AC104777.2",0,0,0,0,0,0,0,0,0,0
"AC104777.1",0,0,0,0,0,0,0,0,0,0
"AC023469.2",0,0,0,0,0,0,0,0,0,0
"AC023469.1",0,0,0,0,0,0,0,0,0,0
"AC018731.1",0,0,0,0,0,0,0,0,0,0
"RBM43",1,0,1,0,0,0,1,2,1,0
"NMI",1,1,0,0,0,0,3,0,0,1
"TNFAIP6",0,0,1,0,0,4,0,1,1,3
"RIF1",1,6,14,9,6,10,27,9,9,15
"NEB",0,0,0,0,0,1,0,0,0,1
"ARL5A",1,1,4,0,5,4,12,3,8,2
"AC068547.1",0,0,0,0,0,0,0,0,0,0
"CACNB4",0,1,6,1,2,0,2,2,0,1
"AC079790.1",0,0,0,0,0,0,0,0,0,0
"STAM2",5,0,2,1,10,3,12,4,3,3
"FMNL2",44,22,38,32,53,27,57,14,27,140
"PRPF40A",2,2,11,2,12,6,8,2,5,4
"ARL6IP6",4,0,3,0,5,2,9,6,0,7
"AC079150.1",0,0,0,0,0,0,0,0,0,0
"LINC01850",0,0,0,0,0,0,0,0,0,0
"RPRM",0,0,0,0,0,0,0,1,0,1
"GALNT13",5,2,4,2,6,1,3,2,3,2
"AC009227.1",0,0,0,0,0,0,0,0,0,0
"AC061961.1",0,0,0,0,0,0,0,0,0,0
"KCNJ3",2,3,4,1,1,0,1,2,0,1
"LINC01876",3,0,2,0,0,1,2,0,0,0
"AC074099.1",0,0,0,0,0,0,0,0,0,0
"NR4A2",4,3,0,1,1,4,4,1,1,3
"GPD2",3,5,4,3,12,6,9,1,4,14
"LINC01958",0,0,0,0,0,0,0,0,0,0
"GALNT5",0,0,0,0,0,0,0,0,0,0
"ERMN",11,5,12,6,7,2,9,3,3,8
"CYTIP",0,1,0,0,0,0,0,0,0,0
"ACVR1C",0,1,1,0,1,1,3,1,0,1
"AC019186.1",0,0,0,0,1,1,2,0,0,1
"ACVR1",3,4,5,1,12,5,11,8,4,11
"UPP2",0,0,0,1,5,0,4,0,3,5
"CCDC148-AS1",0,0,0,0,0,0,0,0,0,1
"CCDC148",1,1,2,0,3,0,4,0,3,3
"PKP4",16,32,20,22,29,17,45,15,23,36
"PKP4-AS1",2,1,3,0,3,0,1,0,0,1
"AC005042.2",0,0,0,0,0,0,0,0,0,0
"DAPL1",0,0,0,0,0,0,0,0,0,0
"TANC1",14,23,13,11,26,11,43,16,7,22
"WDSUB1",7,3,14,1,10,2,7,6,5,5
"BAZ2B",16,11,24,10,39,17,61,32,22,45
"AC008277.1",0,0,0,0,0,0,0,0,0,0
"AC009506.1",0,0,0,0,0,0,0,0,0,0
"AC009961.1",2,2,2,0,0,0,1,1,3,1
"MARCH7",12,4,10,4,18,14,18,12,8,12
"CD302",0,0,1,0,1,1,3,1,1,0
"LY75-CD302",0,0,0,0,0,0,0,0,0,0
"PLA2R1",4,2,9,0,12,6,1,3,18,18
"ITGB6",0,0,0,0,0,0,0,0,0,0
"LINC02478",0,0,0,0,0,0,0,0,0,0
"RBMS1",9,9,18,7,22,19,37,34,22,45
"AC009313.1",1,1,1,0,2,0,0,2,2,1
"TANK",8,8,8,5,22,5,21,10,13,16
"AC009299.3",0,1,0,0,2,0,0,0,0,1
"PSMD14",2,3,2,2,3,5,9,5,6,7
"TBR1",0,0,0,0,0,0,0,0,0,0
"AC009487.1",0,0,0,0,0,0,0,0,0,0
"SLC4A10",4,3,11,2,4,2,8,6,2,1
"DPP4",0,0,0,0,0,0,0,0,0,0
"AC007750.1",0,0,0,0,0,0,0,0,0,0
"FAP",2,1,0,0,1,2,1,0,0,0
"IFIH1",1,2,0,0,3,0,4,2,0,3
"GCA",2,4,2,1,1,2,2,4,2,4
"KCNH7",2,0,9,1,2,2,3,2,1,3
"AC011900.1",1,1,0,0,0,0,0,0,0,0
"FIGN",6,0,10,5,13,3,15,6,6,8
"AC016766.1",0,0,0,0,0,1,1,0,1,0
"GRB14",1,0,2,0,1,3,5,2,1,1
"COBLL1",26,31,46,21,63,34,97,42,34,46
"AC019197.1",15,4,11,1,10,7,29,10,9,10
"SLC38A11",12,8,10,3,22,15,11,20,8,11
"SCN3A",4,2,6,1,4,2,11,3,3,6
"SCN2A",9,3,7,3,9,2,8,3,2,2
"CSRNP3",8,6,8,4,11,5,4,5,0,3
"GALNT3",1,0,0,0,0,0,1,0,0,1
"AC009495.3",0,0,0,0,0,0,0,0,0,0
"AC009495.1",0,0,1,0,0,0,0,0,0,1
"TTC21B",5,3,5,4,3,2,10,6,4,12
"AC010127.1",0,0,1,1,1,0,1,1,0,1
"SCN1A",6,2,4,0,3,3,7,6,0,2
"SCN9A",0,0,0,0,1,0,0,1,0,1
"SCN7A",0,2,0,0,1,0,3,0,2,0
"XIRP2",1,0,1,0,0,0,0,1,0,0
"AC073050.1",2,1,7,2,9,6,6,6,20,12
"AC016723.1",0,0,1,1,1,0,0,0,2,1
"B3GALT1",1,0,1,0,0,0,0,1,0,0
"STK39",10,9,10,8,14,6,18,13,5,15
"CERS6",5,4,12,8,11,6,13,6,3,8
"NOSTRIN",7,15,16,8,9,4,25,12,9,16
"SPC25",8,6,8,0,7,5,18,4,3,6
"G6PC2",0,0,0,0,0,0,0,0,0,0
"ABCB11",0,0,0,0,0,0,0,0,0,0
"DHRS9",0,0,1,0,0,0,0,0,0,0
"LRP2",2,1,1,0,6,2,20,1,3,16
"AC093899.2",1,0,0,0,0,0,0,0,0,0
"KLHL41",0,0,0,0,0,0,0,0,0,0
"FASTKD1",3,4,6,0,5,1,8,2,3,1
"PPIG",5,2,6,9,11,11,17,18,14,11
"CCDC173",0,0,0,0,0,0,0,1,0,0
"KLHL23",2,2,3,6,7,6,5,9,2,5
"SSB",6,5,7,2,8,5,8,10,6,6
"METTL5",2,1,0,0,0,1,3,2,2,5
"UBR3",17,9,12,13,25,10,30,12,4,37
"MYO3B",0,0,0,0,0,1,2,1,1,0
"AC012594.1",0,0,0,0,0,0,0,0,0,0
"AC007277.1",1,0,1,0,0,1,0,0,0,0
"SP5",0,0,0,0,0,0,0,1,1,0
"AC007405.1",0,0,2,2,0,0,0,0,0,0
"AC007405.3",0,1,0,0,0,0,0,0,0,0
"ERICH2",1,0,0,0,0,0,0,0,0,0
"GAD1",1,0,1,3,0,0,0,1,1,0
"GORASP2",2,3,1,0,6,0,4,1,2,1
"TLK1",2,3,5,2,11,12,17,7,4,17
"METTL8",3,1,0,0,4,2,1,3,0,6
"DCAF17",2,1,3,0,1,3,2,3,3,5
"CYBRD1",2,1,2,1,4,7,3,3,5,8
"DYNC1I2",12,11,12,10,13,15,15,12,11,7
"SLC25A12",7,1,6,3,7,3,8,5,7,4
"HAT1",2,3,8,2,3,2,5,3,0,6
"METAP1D",7,3,7,1,2,1,4,2,1,2
"DLX1",0,0,0,0,0,0,0,0,0,0
"DLX2",0,0,0,0,0,0,0,0,0,0
"AC104088.1",1,0,0,0,0,1,1,0,0,2
"ITGA6",2,11,9,1,27,13,62,10,5,19
"AC078883.3",0,0,0,0,0,0,0,0,0,0
"AC078883.1",0,0,0,1,0,2,4,0,1,0
"PDK1",0,0,1,2,5,2,2,4,0,7
"RAPGEF4-AS1",0,0,0,0,0,0,0,0,0,0
"RAPGEF4",16,14,45,8,26,21,43,25,16,20
"MAP3K20",5,7,6,1,13,10,17,24,6,15
"MAP3K20-AS1",0,0,1,1,2,0,0,2,0,0
"CDCA7",0,0,0,0,0,0,0,0,0,0
"AC106900.1",0,0,0,0,0,0,0,0,0,0
"SP3",5,4,8,6,10,6,13,6,3,8
"AC016737.1",0,0,0,0,0,0,0,0,1,0
"OLA1",6,6,10,5,9,6,16,10,5,14
"LINC01305",0,0,0,0,0,0,0,0,0,0
"SP9",0,0,0,0,0,0,0,0,0,0
"CIR1",2,2,4,0,3,3,7,6,10,3
"SCRN3",1,0,2,0,3,1,2,1,2,1
"GPR155",1,2,4,2,3,1,3,0,3,4
"AC010894.2",0,0,0,0,0,0,0,0,0,0
"AC010894.3",6,3,6,3,8,9,11,13,8,7
"WIPF1",10,3,7,2,13,5,15,10,8,17
"CHRNA1",1,0,0,0,0,0,0,0,0,0
"CHN1",26,13,40,21,28,10,23,16,10,26
"ATF2",1,6,8,4,8,5,13,9,11,12
"ATP5MC3",8,3,7,0,4,6,17,8,9,7
"AC093459.1",1,0,0,0,0,0,0,0,0,1
"AC016751.2",0,0,0,0,0,0,0,0,0,0
"LNPK",1,2,1,0,4,1,1,8,1,2
"HAGLR",0,0,0,0,0,0,0,1,0,0
"HAGLROS",0,0,0,0,0,0,0,0,0,0
"HOXD1",0,0,0,0,0,0,1,0,1,0
"MTX2",4,5,5,1,10,5,6,10,2,9
"AC017048.1",0,0,0,0,0,0,0,0,0,0
"AC017048.2",0,0,0,0,0,0,0,0,0,1
"AC017048.3",0,0,0,0,0,0,1,0,0,0
"LINC01116",0,0,0,0,0,0,0,0,0,0
"LINC01117",0,0,0,0,0,0,0,0,0,0
"AC092162.2",0,0,0,0,0,0,0,0,0,0
"AC074286.1",1,0,0,0,1,0,0,0,0,1
"AC079305.3",0,1,0,0,1,0,1,0,0,1
"HNRNPA3",6,11,4,10,12,12,18,22,7,15
"NFE2L2",13,16,16,7,25,11,34,23,10,25
"AC079305.1",0,0,0,0,0,0,0,0,0,0
"AC019080.4",0,0,0,0,0,0,0,0,0,0
"AGPS",7,6,0,1,5,4,10,5,3,7
"TTC30B",0,0,0,0,0,0,0,0,1,0
"AC073834.1",0,0,0,0,1,0,0,0,0,0
"TTC30A",0,0,1,0,0,2,0,0,1,0
"PDE11A",0,0,0,0,0,0,0,0,0,1
"PDE11A-1",0,0,0,0,0,0,0,0,0,0
"AC012499.1",0,0,0,0,0,0,0,0,0,0
"RBM45",0,0,4,1,1,0,2,1,0,1
"OSBPL6",3,3,4,2,3,1,1,1,0,11
"AC009948.1",0,2,1,0,2,3,1,1,0,0
"PRKRA",3,1,6,3,4,1,6,10,4,7
"PJVK",1,0,1,0,1,1,0,1,0,1
"FKBP7",1,0,1,0,0,2,0,0,2,0
"PLEKHA3",1,1,3,1,6,3,3,5,2,3
"TTN-AS1",6,3,8,3,6,4,16,5,5,15
"TTN",1,1,2,1,7,6,4,4,4,0
"CCDC141",2,0,1,2,4,2,2,0,2,5
"SESTD1",16,13,14,10,16,24,37,15,19,31
"AC093911.1",0,0,0,0,0,0,0,0,0,0
"ZNF385B",12,1,13,9,19,7,27,11,13,11
"CWC22",5,0,2,4,10,3,5,1,6,4
"AC009478.1",1,0,0,0,0,0,0,1,0,0
"SCHLAP1",0,0,1,0,0,0,0,0,0,0
"UBE2E3",6,4,8,4,7,4,12,8,14,8
"AC068196.1",1,0,0,0,0,0,0,0,0,0
"LINC01934",0,0,0,0,0,0,0,0,0,0
"ITGA4",0,0,0,0,2,0,0,0,0,0
"CERKL",0,0,0,0,0,0,0,0,0,1
"AC009962.1",1,0,0,0,1,0,0,0,0,0
"SSFA2",2,1,5,2,3,8,11,9,4,9
"PPP1R1C",0,0,0,0,1,0,0,0,1,0
"PDE1A",10,10,9,3,14,10,13,17,5,32
"DNAJC10",4,1,4,2,7,4,6,8,2,5
"FRZB",12,3,5,1,4,10,3,22,15,4
"NCKAP1",9,14,14,11,22,8,36,26,13,32
"DUSP19",0,1,0,0,1,0,2,1,0,0
"AC064871.1",0,0,0,0,0,0,0,0,0,0
"NUP35",0,1,2,0,1,1,2,1,2,1
"AC021851.1",0,0,0,0,0,0,0,0,0,0
"AC093639.1",0,0,0,0,0,0,0,0,0,0
"AC096667.1",1,0,1,0,0,0,0,0,0,0
"ZNF804A",1,1,6,0,2,1,1,0,3,1
"AC007966.1",0,0,0,0,0,0,0,0,0,0
"FSIP2",1,0,0,0,2,0,2,0,1,1
"FSIP2-AS1",0,0,0,0,1,0,1,0,0,2
"LINC01473",1,1,2,1,1,3,5,1,0,8
"AC017071.1",0,0,0,0,0,0,0,0,0,0
"ZC3H15",2,3,8,4,8,5,4,11,5,5
"ITGAV",7,10,10,5,13,15,25,8,10,15
"AC017101.1",0,5,0,1,3,3,6,4,1,7
"FAM171B",1,3,4,5,10,2,2,5,1,7
"ZSWIM2",0,0,0,0,0,0,0,0,0,0
"AC007319.1",12,5,4,4,13,6,18,34,6,13
"CALCRL",9,4,4,2,6,7,9,19,8,7
"TFPI",3,3,7,14,16,21,29,39,10,4
"LINC01090",1,0,1,0,1,3,1,1,0,1
"GULP1",4,1,4,1,4,6,11,5,7,9
"DIRC1",0,0,0,0,0,0,0,0,0,0
"COL3A1",3,0,2,0,4,1,1,1,5,8
"COL5A2",0,3,2,3,7,5,4,10,6,14
"WDR75",3,2,1,1,2,1,6,3,0,1
"SLC40A1",3,2,1,0,3,4,1,1,2,1
"ASNSD1",0,0,3,2,1,2,2,2,0,1
"ANKAR",8,3,3,1,8,6,12,9,8,10
"OSGEPL1",1,1,2,0,0,0,2,1,1,2
"OSGEPL1-AS1",0,0,0,0,0,0,0,0,0,0
"AC013468.1",0,0,0,0,0,0,0,0,0,0
"ORMDL1",6,5,1,2,2,4,14,7,0,5
"PMS1",4,3,2,3,9,1,2,4,1,9
"C2orf88",4,3,5,1,2,1,2,2,3,7
"MSTN",0,0,0,0,1,0,0,0,0,0
"HIBCH",8,10,11,3,16,10,22,10,5,27
"INPP1",4,3,2,1,2,4,8,4,1,5
"MFSD6",5,4,5,5,6,4,3,5,3,6
"AC093388.1",0,0,0,0,0,0,0,0,0,0
"NEMP2",1,0,0,0,0,0,1,0,0,0
"AC108047.1",1,2,5,0,2,0,2,1,0,1
"NAB1",3,0,0,1,8,0,7,3,1,1
"AC006460.1",0,0,0,0,0,0,1,1,0,2
"GLS",9,8,10,6,12,8,12,6,6,9
"STAT1",1,3,1,2,10,3,5,2,5,0
"STAT4",1,1,2,0,2,1,2,2,2,0
"AC092614.1",0,0,0,0,0,0,0,0,0,0
"MYO1B",13,7,11,14,26,24,23,24,16,8
"NABP1",0,1,0,0,3,0,3,0,0,2
"AC098872.1",0,0,0,0,0,0,0,0,0,0
"CAVIN2",4,7,5,4,4,10,31,9,18,5
"AC098617.1",5,2,4,2,3,3,2,2,1,3
"TMEFF2",14,10,9,21,19,4,14,8,10,25
"LINC01821",0,0,0,0,0,0,0,0,0,0
"LINC01790",0,0,0,0,0,0,0,0,0,1
"AC010983.1",0,0,0,0,0,0,0,0,0,0
"AC104823.1",0,0,0,0,0,0,0,0,0,0
"AC064834.1",0,0,1,0,0,0,0,0,0,0
"LINC01827",0,0,1,0,0,0,0,0,0,0
"SLC39A10",22,10,22,7,51,16,33,21,27,36
"DNAH7",1,0,1,0,3,3,2,0,1,2
"STK17B",1,0,0,0,1,1,1,1,1,2
"AC114760.2",0,0,1,1,2,0,3,2,3,2
"HECW2",4,9,12,5,14,6,7,2,7,20
"AC020571.1",0,0,0,0,0,0,0,0,1,0
"CCDC150",0,0,1,0,1,1,0,0,1,2
"GTF3C3",0,0,1,2,0,3,6,3,2,2
"C2orf66",0,0,0,0,0,0,0,0,0,0
"PGAP1",5,1,5,1,5,2,8,3,2,3
"ANKRD44",18,5,19,15,26,7,19,23,10,33
"AC013264.1",0,0,0,0,0,0,0,0,0,0
"AC010746.1",0,0,0,0,0,0,0,0,0,0
"SF3B1",12,3,9,8,16,16,26,14,3,16
"COQ10B",2,3,5,0,3,5,2,3,2,2
"HSPD1",7,3,5,1,3,7,9,9,1,7
"HSPE1",0,0,1,0,1,0,0,0,0,0
"HSPE1-MOB4",0,0,0,0,0,0,0,0,0,0
"MOB4",2,0,2,3,3,2,1,4,3,2
"RFTN2",17,4,18,6,18,11,21,12,10,19
"AC011997.1",1,0,4,1,5,2,1,0,2,0
"BOLL",0,0,0,0,0,0,0,0,0,0
"PLCL1",40,26,21,46,43,17,60,24,16,65
"AC020719.1",0,0,0,0,0,0,0,0,0,0
"LINC01923",0,0,0,0,0,0,1,0,0,0
"AC019330.1",1,0,1,0,0,0,0,0,0,0
"AC020718.1",0,0,0,0,0,0,0,0,0,0
"SATB2",1,1,4,1,1,1,2,1,3,1
"AC016746.1",0,0,0,0,0,0,0,0,0,0
"SATB2-AS1",1,0,2,1,0,0,1,0,0,0
"LINC01877",3,0,0,0,0,0,0,1,2,1
"FTCDNL1",0,1,0,0,3,0,2,0,2,1
"C2orf69",2,0,4,1,1,1,1,3,0,4
"TYW5",2,0,0,0,3,0,1,0,0,1
"MAIP1",1,0,0,1,0,1,3,2,1,2
"SPATS2L",14,3,16,9,20,8,12,17,4,23
"KCTD18",1,0,0,0,0,0,1,0,0,1
"SGO2",0,0,1,0,3,4,4,2,0,0
"AOX1",1,0,1,0,1,0,0,0,0,5
"LINC01792",1,1,2,3,1,0,3,0,1,2
"AC007163.1",0,0,3,0,0,0,0,0,0,0
"BZW1",4,3,1,2,1,1,7,7,5,3
"CLK1",3,4,11,7,8,15,17,13,8,14
"PPIL3",2,2,0,0,1,0,0,2,2,4
"NIF3L1",1,0,0,0,0,2,0,2,0,0
"ORC2",5,3,5,3,3,5,4,6,2,8
"AC005037.1",1,1,1,3,3,1,0,0,0,6
"FAM126B",5,3,3,0,6,7,6,7,10,13
"NDUFB3",2,1,0,0,7,1,4,3,4,4
"AC007272.1",0,0,0,0,0,0,0,0,0,0
"CFLAR",9,10,13,4,25,11,30,14,9,19
"CFLAR-AS1",1,1,4,0,1,0,3,3,0,3
"CASP10",3,2,2,1,1,0,7,2,0,1
"CASP8",1,0,2,0,2,1,5,1,2,0
"ALS2CR12",0,0,1,0,1,0,2,1,0,0
"TRAK2",1,2,5,0,3,3,11,2,6,3
"STRADB",4,1,2,0,3,1,3,0,1,2
"C2CD6",1,0,0,0,1,1,1,0,0,1
"TMEM237",0,2,1,0,2,0,1,0,0,0
"MPP4",0,0,0,0,0,0,0,0,0,0
"ALS2",2,2,4,4,7,1,10,2,2,6
"CDK15",0,0,0,0,1,0,0,0,0,0
"AC069148.1",0,0,0,0,0,0,0,0,0,0
"FZD7",1,0,0,1,0,1,0,0,0,0
"KIAA2012",0,1,1,1,0,0,0,0,0,1
"AC079354.1",0,0,0,0,0,0,0,0,0,1
"AC079354.3",0,0,0,0,0,0,0,0,0,0
"SUMO1",5,4,6,2,8,5,8,8,4,9
"NOP58",2,3,5,2,3,5,4,4,4,8
"AC064836.2",0,0,0,0,0,0,0,0,0,0
"AC064836.3",0,0,0,0,0,0,0,0,0,0
"BMPR2",30,16,31,12,46,13,66,18,10,38
"FAM117B",2,1,1,6,1,2,8,6,1,2
"ICA1L",8,2,1,0,2,0,2,1,4,3
"WDR12",3,0,2,1,6,3,6,1,2,8
"CARF",2,0,1,0,1,0,4,1,1,6
"NBEAL1",30,15,16,13,32,21,30,31,14,34
"CYP20A1",5,5,7,4,5,2,9,5,4,17
"ABI2",8,8,15,11,13,5,15,11,7,20
"RAPH1",12,11,28,9,19,5,29,17,12,31
"CD28",0,0,0,0,0,0,0,0,0,0
"CTLA4",0,0,0,0,0,0,0,0,0,0
"ICOS",0,0,0,0,0,0,0,0,0,0
"AC016903.2",0,0,0,0,0,0,0,0,0,0
"PARD3B",17,11,19,6,36,17,21,21,33,52
"NRP2",5,2,9,3,6,5,16,8,6,12
"AC007679.1",0,0,0,0,0,0,0,2,0,0
"INO80D",3,2,2,2,11,7,4,10,5,9
"AC007383.2",0,0,0,0,0,0,0,0,0,0
"NDUFS1",9,3,7,1,11,6,8,6,6,6
"AC007383.3",1,0,1,0,0,0,0,0,0,0
"EEF1B2",4,5,4,0,5,4,5,3,1,2
"GPR1",0,0,0,0,0,0,1,1,0,0
"ZDBF2",1,0,2,1,4,1,1,3,4,2
"ADAM23",0,1,4,2,2,0,0,1,1,1
"AC010731.2",0,0,0,0,0,0,0,0,0,0
"FAM237A",0,0,0,0,1,1,0,0,0,0
"DYTN",0,0,0,0,0,0,0,0,0,0
"MDH1B",0,0,0,0,0,1,0,0,0,2
"FASTKD2",0,0,2,2,0,2,2,2,1,3
"AC008269.1",0,0,0,0,0,0,1,0,0,0
"CPO",0,0,1,0,0,0,0,1,0,2
"KLF7",4,8,8,8,20,8,17,8,3,11
"AC007879.1",2,0,1,0,0,0,1,0,0,0
"AC007879.3",0,0,0,0,0,0,1,0,0,0
"AC009226.1",2,0,0,0,1,1,1,0,2,0
"LINC01802",0,0,0,0,0,0,0,0,0,0
"CREB1",2,4,2,6,6,1,15,8,3,8
"METTL21A",2,1,2,0,2,3,2,4,0,3
"LINC01857",0,0,0,0,0,0,0,0,0,0
"CCNYL1",2,0,2,0,4,2,6,0,3,2
"AC096772.1",0,0,0,0,0,0,0,0,0,0
"FZD5",0,0,1,0,1,0,0,0,0,0
"PLEKHM3",4,0,4,1,8,2,5,3,1,6
"CRYGD",0,0,0,0,0,0,0,0,0,0
"CRYGB",0,0,0,0,0,0,0,0,0,0
"CRYGA",0,0,0,0,0,0,0,0,0,0
"C2orf80",1,0,0,1,0,0,0,0,0,0
"IDH1",2,2,0,0,3,2,1,1,1,1
"IDH1-AS1",0,0,0,0,0,0,0,1,0,0
"PIKFYVE",7,2,9,6,8,4,9,9,4,7
"PTH2R",1,0,1,0,0,0,0,0,0,1
"MAP2",9,5,14,8,16,3,23,13,5,5
"UNC80",3,2,6,1,5,0,1,1,1,1
"RPE",0,1,0,0,0,1,2,2,1,3
"KANSL1L",8,2,16,6,21,9,32,13,23,21
"AC007038.2",0,0,0,0,0,0,1,1,0,0
"AC007038.1",8,0,5,2,4,2,6,1,5,5
"ACADL",1,0,2,0,0,1,3,0,7,11
"LANCL1-AS1",0,0,4,0,0,0,1,0,0,3
"LANCL1",8,7,10,6,9,5,19,7,4,16
"CPS1",0,0,0,0,1,0,1,1,0,2
"ERBB4",19,14,30,29,31,19,54,25,26,24
"LINC01878",0,0,0,0,0,0,0,0,0,0
"AC108066.1",0,0,0,0,0,0,0,0,0,0
"IKZF2",2,0,0,5,8,4,8,3,5,8
"AC079610.2",0,0,1,0,1,0,0,0,0,0
"AC079610.3",0,0,0,0,0,0,0,1,0,0
"AC079610.1",0,0,0,0,0,0,0,0,0,0
"SPAG16",7,2,12,1,11,2,6,5,4,16
"AC068051.1",2,0,2,0,0,0,1,1,1,2
"VWC2L",1,0,0,2,2,0,0,0,1,1
"BARD1",1,3,0,0,2,2,2,2,2,4
"AC016708.1",0,1,0,4,0,3,2,0,0,13
"ABCA12",1,0,0,0,0,0,0,0,1,0
"AC072062.1",0,1,1,0,0,0,1,0,0,0
"AC073284.1",0,0,0,0,0,0,0,0,0,0
"ATIC",1,1,0,0,2,0,1,2,2,1
"FN1",22,16,17,12,21,30,53,29,26,23
"AC012462.1",0,0,0,0,0,0,0,0,0,0
"AC012668.2",0,0,0,0,0,0,0,0,0,0
"AC012668.3",0,1,1,0,0,1,0,3,0,0
"LINC00607",1,0,2,5,3,1,3,9,3,2
"AC093382.1",0,0,0,0,0,0,0,0,0,0
"MREG",1,0,3,0,2,1,0,1,0,0
"PECR",3,1,0,0,1,0,0,0,0,1
"TMEM169",0,0,0,0,0,0,0,0,0,0
"XRCC5",10,9,12,5,9,4,20,13,7,14
"LINC01963",0,1,0,0,0,0,0,0,1,0
"MARCH4",0,2,2,0,0,0,0,0,0,0
"AC012513.1",0,0,0,0,0,0,0,0,0,0
"AC069155.1",0,0,0,0,0,0,0,0,0,0
"AC098820.2",0,0,0,0,0,0,0,0,0,0
"SMARCAL1",6,3,5,3,3,4,2,3,1,8
"AC098820.3",1,0,0,0,0,0,0,0,0,0
"RPL37A",4,8,10,5,13,24,26,35,22,13
"LINC01280",0,0,0,0,1,0,0,0,0,0
"AC073321.1",0,0,0,0,0,0,0,0,0,0
"IGFBP2",10,2,9,0,8,9,14,2,11,12
"IGFBP5",11,2,3,2,6,39,13,43,8,53
"AC007563.2",1,0,1,1,1,1,0,1,0,2
"DIRC3-AS1",0,0,0,0,0,0,0,0,0,0
"DIRC3",2,3,4,1,2,2,6,1,2,8
"TNS1",4,1,8,9,12,9,36,9,9,22
"AC010136.1",0,0,0,0,0,0,1,0,0,0
"RUFY4",0,0,0,0,0,0,0,0,0,0
"CXCR2",0,0,0,0,0,0,0,0,0,0
"ARPC2",8,4,7,5,10,6,19,10,7,12
"AAMP",5,1,2,2,1,4,3,0,3,3
"PNKD",6,2,4,3,7,7,1,3,1,6
"TMBIM1",1,2,1,1,3,2,12,3,4,7
"CATIP-AS2",0,0,0,0,0,0,0,1,2,1
"CATIP",0,0,0,0,0,0,0,0,0,0
"SLC11A1",0,0,0,0,1,1,0,1,0,1
"CTDSP1",3,2,2,3,4,7,15,5,2,8
"AC021016.3",0,0,0,0,0,0,0,1,0,1
"VIL1",0,0,0,0,0,0,0,0,0,0
"USP37",1,4,6,2,5,4,10,7,5,4
"CNOT9",5,1,1,3,2,2,12,2,4,3
"PLCD4",2,1,0,0,0,1,0,0,2,5
"AC012510.1",0,0,0,0,0,0,0,0,1,0
"ZNF142",1,1,1,0,3,0,1,0,2,1
"BCS1L",0,1,3,0,0,0,1,0,1,1
"RNF25",1,0,0,0,0,0,0,1,0,0
"STK36",1,1,0,0,0,0,0,0,2,2
"TTLL4",0,2,0,0,1,0,1,0,1,2
"CYP27A1",5,1,6,2,3,4,9,6,5,10
"AC009974.1",0,0,0,0,0,0,0,0,0,0
"PRKAG3",0,0,0,0,0,0,0,0,0,0
"WNT6",1,0,0,0,0,4,0,1,5,1
"WNT10A",0,0,0,0,0,0,0,0,0,0
"LINC01494",0,0,0,0,0,0,0,0,0,0
"AC097468.2",0,0,0,0,0,0,0,0,0,0
"CDK5R2",1,0,1,1,1,0,2,2,1,0
"LINC00608",0,0,0,0,0,0,0,0,0,0
"FEV",0,0,0,0,0,0,0,0,0,0
"CRYBA2",0,0,0,0,0,0,0,0,0,0
"AC097468.1",0,0,0,0,0,0,0,0,0,0
"CFAP65",0,0,0,0,0,0,0,0,0,0
"IHH",0,0,0,0,0,0,0,0,0,0
"AC097468.3",0,1,0,0,0,0,0,0,0,0
"NHEJ1",0,0,0,0,0,0,0,0,0,0
"CNPPD1",1,5,1,0,0,0,2,2,1,2
"RETREG2",2,3,4,2,2,3,4,3,3,0
"ZFAND2B",4,1,1,2,0,1,4,1,2,1
"ABCB6",0,0,0,0,0,0,0,0,0,0
"ATG9A",2,0,0,0,0,1,0,1,0,0
"ANKZF1",2,0,1,1,1,2,4,5,1,3
"GLB1L",1,0,0,0,1,1,0,0,1,0
"STK16",3,0,1,1,0,0,0,0,1,0
"TUBA4A",5,4,4,4,1,1,9,1,0,0
"TUBA4B",0,0,0,0,0,0,0,0,0,0
"DNAJB2",8,3,4,5,12,3,12,7,4,11
"PTPRN",2,3,4,0,4,1,0,0,0,2
"AC114803.1",0,0,0,0,0,0,0,0,0,0
"RESP18",0,0,0,0,0,0,0,0,0,0
"DNPEP",2,1,2,1,1,2,5,3,1,1
"AC053503.2",0,0,0,0,0,0,0,0,0,0
"DES",0,0,0,0,0,0,0,1,0,2
"SPEG",0,0,1,1,2,2,0,3,0,1
"AC053503.1",0,0,1,0,0,0,0,0,0,0
"GMPPA",0,1,1,0,1,0,0,2,0,0
"ASIC4",0,0,0,0,0,0,1,1,0,0
"CHPF",2,0,1,0,0,1,3,2,1,1
"TMEM198",0,0,1,0,0,0,0,0,0,0
"AC009955.3",0,0,0,0,0,0,0,0,0,0
"OBSL1",3,0,0,0,2,3,0,1,1,3
"AC009955.4",0,0,0,0,0,0,0,0,0,0
"INHA",0,0,0,0,0,0,0,0,0,0
"STK11IP",0,0,0,0,1,0,1,0,1,2
"AC009955.1",0,0,0,0,0,0,0,0,0,0
"SLC4A3",0,1,1,0,0,0,0,1,0,0
"AC009955.2",0,0,0,0,0,0,0,0,0,0
"AC009502.1",0,0,0,0,0,0,0,0,0,1
"AC019211.1",2,1,1,0,2,0,1,0,0,0
"AC067956.1",0,1,3,1,2,1,1,0,0,0
"AC093843.1",0,0,0,0,0,0,0,0,0,0
"EPHA4",7,8,9,4,16,3,23,4,6,8
"AC079834.2",0,0,0,0,0,0,0,0,0,0
"AC068489.1",0,0,0,0,0,0,0,0,0,0
"PAX3",0,0,0,0,0,0,1,0,0,0
"AC010980.2",0,0,0,0,0,0,1,0,0,0
"SGPP2",1,2,9,5,13,3,19,5,1,2
"AC097461.1",0,0,0,0,1,0,0,0,0,0
"FARSB",0,4,1,0,4,3,3,0,4,4
"MOGAT1",0,0,0,0,0,0,0,0,0,1
"ACSL3",9,11,11,5,18,14,20,15,10,15
"KCNE4",6,0,11,9,7,10,29,46,9,7
"SCG2",2,0,1,0,0,0,1,0,0,0
"AP1S3",0,0,0,0,1,0,0,0,1,3
"WDFY1",6,4,4,3,9,2,10,2,3,9
"MRPL44",0,0,1,2,3,1,2,2,3,1
"AC073641.1",0,0,0,0,0,0,0,0,0,0
"SERPINE2",5,1,2,0,2,7,2,1,1,2
"FAM124B",0,0,0,0,0,0,2,0,0,0
"AC073052.2",0,0,2,0,0,0,1,0,0,0
"CUL3",8,5,12,5,7,7,16,11,8,10
"CCDC195",0,0,0,0,0,0,0,0,0,0
"DOCK10",25,20,23,22,39,5,51,11,7,51
"NYAP2",0,0,0,0,2,0,0,1,0,0
"AC016717.2",0,0,0,0,0,0,0,0,0,0
"IRS1",1,0,3,0,3,0,1,1,2,1
"AC010735.2",0,0,0,0,0,0,0,0,0,0
"RHBDD1",3,1,4,6,5,5,10,9,3,3
"COL4A4",0,0,3,1,1,5,9,7,4,4
"COL4A3",4,0,0,2,1,6,10,6,7,4
"AC097662.1",0,0,0,1,2,0,0,2,0,2
"MFF",8,3,3,4,10,8,7,8,6,17
"TM4SF20",0,0,0,0,0,0,0,0,0,0
"AGFG1",6,12,23,6,18,12,31,12,10,22
"C2orf83",1,2,3,7,2,9,5,4,3,7
"SCYGR4",0,0,0,0,0,1,0,0,0,1
"SLC19A3",2,5,6,0,3,2,5,2,2,4
"CCL20",0,0,0,0,0,0,0,0,0,0
"DAW1",0,0,0,0,0,0,0,0,0,1
"SPHKAP",0,0,1,0,0,1,1,0,0,0
"LINC01807",0,0,0,0,0,0,0,0,0,0
"PID1",27,2,26,6,30,6,6,13,18,16
"DNER",5,5,2,6,6,2,10,3,1,11
"TRIP12",11,2,15,7,18,7,27,9,11,25
"FBXO36",0,0,1,1,0,0,1,1,1,1
"SLC16A14",0,1,3,1,1,2,2,2,1,2
"AC009950.1",1,0,4,1,4,1,6,1,1,6
"SP110",4,3,3,0,4,2,6,6,2,4
"SP140",0,0,0,0,0,1,0,0,3,1
"SP140L",2,0,3,0,4,0,1,5,1,4
"SP100",7,6,6,10,19,8,19,12,6,15
"AC010149.1",0,0,0,0,1,0,3,2,0,0
"LINC01907",0,0,0,0,0,0,0,0,0,0
"CAB39",5,0,6,5,10,3,11,2,4,7
"ITM2C",7,3,5,2,10,8,7,12,3,3
"AC012507.2",0,0,0,0,0,0,0,0,0,0
"GPR55",0,0,0,0,0,0,0,0,0,0
"AC012507.4",0,0,0,0,0,0,0,0,0,0
"SPATA3-AS1",0,0,0,0,0,0,0,0,0,0
"SPATA3",0,0,0,0,0,0,0,0,0,0
"C2orf72",1,0,3,0,3,0,1,3,0,0
"PSMD1",7,7,3,3,9,4,19,11,10,13
"HTR2B",0,0,1,0,0,0,0,0,0,0
"ARMC9",7,3,6,4,18,12,13,8,18,4
"B3GNT7",0,0,0,0,0,0,2,0,1,1
"NCL",1,5,0,4,1,7,6,3,5,3
"LINC00471",0,0,0,0,0,0,0,0,0,0
"NMUR1",0,0,0,0,0,0,0,0,0,0
"PTMA",31,25,21,34,41,78,77,124,54,44
"PDE6D",1,0,2,1,3,2,2,2,1,5
"COPS7B",3,1,2,2,4,0,2,0,2,0
"NPPC",0,0,0,0,0,0,0,0,0,0
"DIS3L2",6,2,10,4,16,5,12,4,2,20
"AC019130.1",1,0,1,0,2,0,2,1,0,4
"ECEL1",0,0,0,0,0,0,0,0,0,0
"PRSS56",0,0,0,0,0,0,0,0,0,0
"CHRND",0,0,0,0,0,0,0,0,0,0
"CHRNG",0,0,0,0,0,0,0,0,0,0
"TIGD1",1,0,1,0,0,0,0,0,0,1
"EIF4E2",1,3,2,0,1,2,5,5,0,5
"AC073254.1",0,0,0,0,0,0,0,0,1,0
"EFHD1",6,9,6,9,4,15,17,12,16,9
"GIGYF2",9,8,13,7,12,5,15,14,11,7
"KCNJ13",0,0,0,0,0,0,0,0,0,0
"SNORC",2,1,1,1,3,0,0,0,0,2
"NGEF",1,1,1,1,1,0,0,1,1,0
"INPP5D",7,2,6,2,14,3,23,2,0,3
"ATG16L1",0,0,1,1,2,0,1,3,2,4
"SAG",0,0,0,0,0,0,0,0,0,0
"AC013726.1",0,0,0,0,0,0,0,0,0,0
"DGKD",0,2,2,1,4,1,4,5,1,18
"USP40",3,2,6,2,7,8,11,5,4,9
"AC114812.2",0,0,0,0,0,0,0,1,0,0
"MROH2A",0,0,0,0,0,0,0,0,0,0
"HJURP",0,0,0,0,0,0,0,0,0,0
"TRPM8",0,0,1,0,0,0,0,0,0,0
"SPP2",0,0,0,0,0,0,0,0,0,0
"AC097713.1",0,0,0,0,0,0,0,0,0,0
"LINC01891",0,0,0,0,0,0,0,0,0,0
"ARL4C",0,0,0,1,1,0,1,1,1,0
"LINC01173",0,0,0,0,0,0,0,0,0,0
"SH3BP4",3,1,5,3,5,6,10,5,3,1
"AGAP1",39,14,44,35,44,13,44,19,12,47
"AC064874.1",0,0,0,0,0,0,0,0,0,0
"AC019068.1",0,0,1,0,0,0,0,0,0,1
"ASB18",0,0,0,0,1,0,1,0,0,0
"IQCA1",0,3,3,0,1,0,1,0,1,5
"IQCA1-AS1",0,0,0,0,0,0,0,0,0,0
"ACKR3",2,0,0,0,5,3,0,3,0,8
"AC084030.1",0,0,0,0,0,0,0,0,0,0
"AC105760.1",0,0,0,0,0,0,0,0,1,0
"AC105760.2",0,0,1,0,1,0,0,2,0,0
"COPS8",6,2,1,1,2,4,2,4,1,5
"COL6A3",1,3,0,0,0,0,2,1,6,1
"AC112721.2",0,0,0,0,0,0,0,0,0,0
"MLPH",1,0,2,0,1,0,2,0,4,3
"RAB17",0,0,0,0,0,0,1,0,0,0
"AC104667.2",0,0,0,0,0,0,0,0,0,0
"AC104667.1",0,0,0,0,0,0,0,0,0,0
"LRRFIP1",6,7,11,2,6,4,10,8,3,18
"RBM44",0,0,0,0,0,0,0,0,0,0
"RAMP1",1,1,4,5,6,3,3,5,1,6
"UBE2F-SCLY",0,1,1,0,0,0,0,1,0,0
"SCLY",0,0,0,0,0,0,0,0,0,0
"ESPNL",0,0,0,0,0,0,0,0,0,0
"ERFE",0,0,0,0,0,0,0,0,0,0
"ILKAP",3,5,5,1,1,5,12,5,5,10
"HES6",4,1,2,1,1,1,2,1,0,2
"PER2",1,1,0,1,1,0,2,0,1,2
"AC012485.3",1,0,0,0,0,0,0,0,0,0
"AC012485.2",0,0,0,0,0,0,0,0,0,0
"TRAF3IP1",3,1,0,0,0,0,2,2,1,3
"ASB1",2,0,0,0,1,1,0,2,3,0
"LINC01107",0,0,0,0,0,0,0,0,0,0
"TWIST2",0,0,2,1,1,2,0,0,0,1
"HDAC4",2,2,4,6,4,3,6,2,6,37
"AC062017.1",1,2,0,0,2,0,0,1,1,0
"AC079612.1",0,0,0,0,0,0,0,0,1,0
"AC093802.1",0,0,0,0,0,0,0,0,0,1
"NDUFA10",6,5,2,2,5,3,9,3,5,5
"COPS9",13,4,12,16,9,5,17,10,2,4
"OTOS",0,1,0,0,0,0,0,0,0,0
"GPC1",1,2,1,2,2,2,3,1,1,2
"ANKMY1",3,1,3,1,0,0,3,3,3,3
"DUSP28",0,0,0,0,0,0,2,0,0,1
"RNPEPL1",1,1,1,2,0,1,5,2,2,2
"CAPN10-DT",0,0,2,0,1,0,2,0,0,1
"CAPN10",0,0,1,0,1,0,2,1,3,0
"GPR35",0,0,2,1,0,0,3,0,0,0
"KIF1A",1,3,3,4,2,1,2,2,4,1
"CROCC2",0,0,0,0,0,0,0,0,0,0
"SNED1",15,9,15,2,20,7,25,9,29,39
"AC005237.1",3,2,3,0,7,3,6,0,6,15
"MTERF4",5,5,7,0,5,2,6,3,2,33
"PASK",0,1,0,0,0,0,0,0,0,0
"PPP1R7",5,1,5,0,6,0,2,2,2,1
"ANO7",0,0,0,0,0,0,1,1,0,0
"HDLBP",4,3,3,5,3,3,8,7,5,8
"SEPT2",15,7,15,6,23,11,23,14,9,15
"FARP2",8,6,2,5,5,3,6,5,5,23
"STK25",1,3,2,5,5,1,2,7,0,6
"BOK-AS1",0,0,0,0,1,0,2,0,0,0
"BOK",1,0,1,7,2,4,5,3,3,1
"AC133528.1",0,0,0,0,0,0,0,0,0,0
"THAP4",0,1,0,0,1,2,0,2,1,6
"ATG4B",4,4,11,6,6,8,21,7,4,16
"DTYMK",3,2,0,1,2,0,2,2,0,1
"ING5",2,1,5,2,3,0,6,2,1,2
"D2HGDH",3,0,2,1,3,0,1,1,1,4
"AC114730.2",0,0,0,0,0,0,0,0,0,0
"GAL3ST2",0,0,0,0,0,0,0,0,0,0
"AC131097.3",0,0,0,0,0,0,0,0,0,0
"NEU4",0,0,0,0,0,0,1,0,0,0
"RTP5",0,0,0,0,0,0,0,0,0,0
"AC131097.2",0,0,0,0,0,0,0,0,0,0
"LINC01238",0,0,1,0,0,0,0,0,0,0
"LINC01880",0,0,0,0,0,0,0,0,0,0
"LINC01238-1",0,0,0,0,0,0,0,0,0,0
"CHL1",3,4,9,1,5,0,7,3,2,5
"CHL1-AS1",0,0,0,0,0,0,0,0,0,0
"LINC01266",0,0,1,0,6,0,2,2,1,2
"AC087430.1",0,0,0,0,0,0,0,0,0,0
"CNTN6",2,0,0,1,2,0,1,2,1,0
"CNTN4",5,7,16,10,19,14,15,13,5,19
"CNTN4-AS2",0,0,0,0,0,0,1,0,0,0
"CNTN4-AS1",0,0,0,0,0,0,0,0,0,1
"IL5RA",0,0,0,0,0,0,0,0,0,0
"TRNT1",4,3,0,3,2,2,6,7,0,4
"CRBN",15,5,6,3,12,8,10,9,4,10
"AC024060.1",0,0,0,0,0,0,1,0,0,0
"AC034195.1",2,1,4,0,0,0,3,0,1,1
"SUMF1",9,3,15,6,17,6,21,14,6,17
"LRRN1",0,0,3,0,0,0,4,1,0,3
"SETMAR",1,0,1,1,0,1,1,0,0,2
"ITPR1-DT",0,0,0,0,0,0,0,0,0,0
"ITPR1",7,2,8,5,10,8,7,6,3,9
"EGOT",0,0,0,0,0,0,0,0,0,0
"AC018816.1",5,9,11,3,6,0,14,3,2,6
"BHLHE40-AS1",0,0,0,0,0,0,2,0,4,2
"BHLHE40",8,11,13,8,8,6,25,11,5,13
"ARL8B",4,3,8,6,4,8,11,4,3,5
"AC026202.2",2,0,8,0,7,4,5,1,2,7
"AC026202.3",0,0,0,0,0,0,0,0,0,0
"EDEM1",0,0,0,0,1,1,2,0,0,1
"AC087857.1",2,0,1,0,0,0,0,0,0,1
"AC026167.1",0,0,0,0,1,0,0,0,0,2
"AC069277.1",0,0,0,0,0,1,2,2,0,0
"GRM7-AS3",0,0,1,0,0,0,1,0,1,1
"GRM7",6,2,15,3,8,2,10,3,4,9
"GRM7-AS1",0,0,0,0,0,0,0,0,0,3
"AC068313.1",0,0,0,0,0,0,0,0,0,0
"LMCD1-AS1",13,9,11,1,7,1,9,3,4,16
"AC018832.1",0,0,1,0,0,0,0,0,0,1
"LMCD1",5,3,1,0,3,2,3,3,2,2
"SSUH2",0,0,0,0,0,0,0,0,1,0
"CAV3",0,0,0,0,1,0,2,0,0,1
"OXTR",0,0,0,0,1,0,0,0,0,0
"RAD18",1,0,0,0,0,0,3,3,2,4
"SRGAP3",4,6,4,2,9,0,2,1,3,3
"SRGAP3-AS4",0,0,0,0,0,0,0,0,0,0
"THUMPD3-AS1",17,7,13,2,18,5,21,9,5,23
"THUMPD3",2,1,0,1,0,2,1,2,1,1
"SETD5",18,19,12,9,30,11,53,21,13,36
"LHFPL4",0,1,2,0,1,0,0,0,1,1
"MTMR14",5,1,0,0,0,3,3,1,1,1
"CPNE9",0,0,1,0,2,1,0,0,2,1
"BRPF1",0,1,1,0,1,1,1,0,0,0
"OGG1",2,1,1,0,3,2,1,3,1,6
"CAMK1",2,1,3,2,6,1,4,2,1,2
"TADA3",1,1,1,0,5,2,3,3,1,2
"TTLL3",1,0,1,0,2,1,1,1,1,3
"AC022382.1",0,0,0,0,0,0,0,0,0,0
"RPUSD3",5,1,1,0,2,0,1,0,1,4
"CIDEC",0,0,0,0,0,0,0,0,0,0
"JAGN1",0,1,1,1,0,0,1,3,1,3
"IL17RE",0,0,0,0,0,0,0,0,0,1
"IL17RC",0,1,2,0,0,0,1,1,1,2
"CRELD1",1,0,4,3,1,4,10,3,1,10
"PRRT3",1,1,1,1,0,0,0,1,1,0
"PRRT3-AS1",0,2,0,0,0,0,2,1,0,1
"AC018809.2",0,0,0,0,0,0,0,0,0,0
"EMC3",4,4,7,0,2,3,2,4,6,5
"FANCD2",0,0,1,0,0,1,0,0,1,0
"FANCD2OS",0,0,0,0,0,0,0,0,0,1
"BRK1",8,5,2,0,3,6,10,10,4,7
"VHL",2,1,0,0,1,0,1,0,2,1
"IRAK2",4,0,0,1,5,0,2,0,1,5
"AC022384.1",0,0,0,0,0,0,0,0,0,0
"GHRL",0,0,3,0,0,3,1,1,0,2
"GHRLOS",0,0,0,0,1,3,1,0,0,0
"SEC13",7,2,6,1,1,1,5,1,4,7
"ATP2B2",4,3,3,5,3,2,0,1,2,2
"LINC00606",0,0,0,0,0,0,0,0,0,0
"SLC6A11",0,0,3,0,1,0,1,0,0,0
"SLC6A1",22,10,23,8,31,7,7,10,17,14
"SLC6A1-AS1",136,30,194,46,88,5,17,46,24,19
"HRH1",2,0,0,0,1,0,3,1,0,2
"ATG7",14,6,15,6,18,12,22,9,8,23
"VGLL4",9,5,14,9,14,6,31,11,9,20
"AC022001.2",0,0,0,0,0,0,0,0,0,0
"TAMM41",1,2,5,0,2,1,3,5,0,6
"SYN2",3,2,6,8,2,3,0,2,1,1
"TIMP4",0,0,2,0,0,0,3,0,0,1
"PPARG",3,1,1,0,5,3,4,1,1,2
"TSEN2",3,1,3,1,2,0,0,2,2,3
"MKRN2OS",0,0,2,0,0,0,1,0,0,0
"MKRN2",1,1,1,0,2,0,4,0,0,2
"RAF1",3,1,8,2,11,3,13,4,4,10
"TMEM40",0,0,0,0,0,0,0,0,0,0
"CAND2",2,1,0,0,2,0,1,1,0,0
"AC034198.2",0,0,0,0,0,0,0,0,0,0
"RPL32",13,12,10,8,18,19,39,25,19,17
"LINC02022",0,0,0,0,0,0,0,0,0,0
"IQSEC1",8,3,6,4,9,5,9,7,3,8
"NUP210",1,1,0,0,0,0,2,1,0,2
"HDAC11-AS1",0,0,0,0,0,0,0,0,0,0
"HDAC11",3,2,3,3,1,0,6,0,0,3
"FBLN2",6,1,8,0,4,2,4,0,8,5
"LINC00620",0,0,0,0,0,0,0,0,0,0
"WNT7A",1,0,0,0,0,0,0,0,0,0
"CHCHD4",0,1,0,0,0,1,0,1,0,0
"TMEM43",2,1,2,1,1,0,2,1,0,4
"AC090004.1",0,0,0,0,0,0,0,0,3,0
"AC093495.1",0,0,0,0,0,0,0,0,0,0
"XPC",3,2,8,0,2,1,6,2,1,2
"LSM3",3,1,2,0,0,3,6,4,2,3
"AC093496.1",0,0,0,0,0,0,0,0,0,0
"SLC6A6",6,1,3,2,6,0,18,1,0,1
"GRIP2",1,0,0,0,1,0,1,0,0,1
"AC090952.2",0,0,0,0,0,0,0,0,0,1
"CCDC174",0,0,1,1,4,1,1,1,0,1
"C3orf20",1,0,1,0,0,0,0,0,0,0
"FGD5",8,2,5,1,8,0,8,3,5,2
"FGD5-AS1",3,2,1,1,2,3,4,4,2,6
"NR2C2",7,3,9,3,12,2,7,9,4,11
"MRPS25",3,1,7,3,2,1,5,0,2,5
"RBSN",1,1,0,1,3,0,5,2,2,1
"CAPN7",4,4,4,2,5,6,12,5,9,11
"SH3BP5-AS1",0,0,1,1,0,0,3,0,0,0
"SH3BP5",4,0,5,2,5,4,4,1,1,16
"METTL6",2,4,1,2,2,0,2,2,2,3
"EAF1",0,0,1,4,0,2,2,1,1,2
"EAF1-AS1",0,0,2,0,0,0,0,0,0,2
"COLQ",1,0,0,1,2,0,1,1,0,2
"HACL1",1,2,2,0,4,6,4,1,2,3
"BTD",3,0,0,0,2,0,4,0,1,3
"ANKRD28",12,8,12,7,12,5,20,9,9,21
"GALNT15",3,11,3,5,14,7,36,7,7,8
"DPH3",0,2,0,0,1,0,3,1,1,1
"OXNAD1",2,2,1,0,3,2,7,1,2,4
"RFTN1",5,8,6,3,8,2,7,4,1,2
"DAZL",0,0,0,0,0,0,0,0,0,0
"AC091493.1",0,0,0,0,0,0,0,0,0,0
"PLCL2",5,4,4,5,10,3,9,1,4,12
"TBC1D5",25,11,28,20,47,16,68,23,22,30
"AC132807.2",0,0,0,0,0,0,0,0,0,0
"KCNH8",8,8,7,6,8,2,15,10,6,23
"EFHB",1,1,0,0,1,0,0,0,0,0
"RAB5A",3,3,4,1,12,3,2,6,3,4
"PP2D1",0,0,0,0,0,0,0,0,0,2
"KAT2B",4,0,7,3,11,3,11,3,7,19
"SGO1",0,0,0,0,0,0,0,0,0,0
"AC116096.1",0,0,0,0,0,0,1,0,0,0
"AC099753.1",0,0,0,0,0,0,0,0,1,1
"ZNF385D",5,18,22,6,11,3,16,9,6,5
"ZNF385D-AS1",1,0,0,0,0,0,0,0,0,0
"ZNF385D-AS2",0,0,1,0,0,0,0,0,0,0
"UBE2E2-AS1",0,0,0,0,0,0,0,0,0,0
"UBE2E2",24,20,36,8,41,18,47,19,13,56
"UBE2E1",9,7,10,1,8,11,15,10,8,20
"NKIRAS1",1,0,2,1,0,1,0,0,3,4
"RPL15",15,16,26,5,15,30,45,45,23,28
"NR1D2",5,2,6,4,10,4,8,6,2,5
"LINC00691",0,0,0,0,0,0,0,1,0,0
"THRB",3,3,12,2,21,4,12,6,9,6
"AC012087.1",0,0,0,0,0,0,0,0,0,0
"AC092422.1",0,0,0,0,0,0,0,0,0,0
"RARB",3,0,10,2,6,2,5,4,4,4
"TOP2B",6,1,5,1,10,2,16,8,4,12
"NGLY1",5,2,6,4,5,3,5,5,3,5
"OXSM",2,0,1,1,1,1,1,0,0,0
"AC099754.1",0,0,0,0,0,0,0,0,0,0
"LRRC3B",1,1,1,1,0,1,0,1,1,0
"AC114877.1",0,0,0,0,0,0,0,0,0,0
"NEK10",3,1,0,0,4,3,4,1,2,3
"SLC4A7",1,8,3,3,12,3,6,10,2,5
"EOMES",0,0,0,0,0,0,0,0,0,0
"LINC01980",0,0,0,0,0,0,0,0,0,0
"LINC01967",0,0,0,0,0,0,0,0,0,0
"CMC1",7,2,2,0,2,3,8,4,2,3
"AZI2",4,3,1,0,3,3,5,3,2,4
"AC098650.1",0,0,0,1,0,0,0,2,0,2
"RBMS3",42,7,33,13,45,16,41,44,26,31
"RBMS3-AS3",23,20,34,5,40,26,28,69,14,36
"RBMS3-AS2",14,3,13,1,13,4,11,15,10,10
"RBMS3-AS1",2,2,1,0,0,0,1,2,0,0
"LINC01985",0,0,0,0,1,0,0,0,0,0
"TGFBR2",9,8,19,8,17,15,44,22,17,16
"GADL1",0,0,0,0,0,0,0,0,0,8
"STT3B",4,4,9,3,9,5,10,9,9,6
"OSBPL10",3,2,3,1,11,3,6,3,1,7
"OSBPL10-AS1",0,0,2,0,3,0,0,2,0,0
"ZNF860",0,0,0,0,0,0,0,0,0,0
"GPD1L",2,1,2,3,3,1,5,0,0,5
"CMTM8",0,11,6,3,20,2,34,5,4,11
"CMTM7",0,0,2,2,3,1,4,3,1,2
"CMTM6",2,5,2,2,4,8,8,8,6,4
"DYNC1LI1",4,1,5,1,4,4,4,4,1,0
"CNOT10",0,2,2,2,7,6,4,3,3,8
"CNOT10-AS1",0,0,0,0,0,0,0,2,0,0
"TRIM71",0,0,0,0,0,0,0,0,0,0
"GLB1",5,1,3,1,3,3,5,4,1,8
"CRTAP",1,0,1,0,1,1,1,5,1,3
"AC112211.1",0,0,0,0,0,0,0,0,0,0
"SUSD5",1,0,0,0,0,0,0,1,0,2
"FBXL2",5,2,3,0,9,3,5,2,4,12
"UBP1",2,0,4,0,7,0,7,1,2,5
"CLASP2",49,24,32,22,29,11,58,17,17,54
"AC112220.3",0,0,0,0,0,0,1,0,0,0
"AC112220.4",0,0,0,0,0,0,0,0,0,1
"AC112220.2",0,0,0,0,0,0,0,0,0,0
"PDCD6IP",7,16,5,3,9,6,23,8,9,15
"LINC01811",0,0,0,0,0,0,0,0,0,0
"AC018359.1",0,0,0,0,0,0,0,0,0,0
"ARPP21",1,4,9,5,14,0,2,3,0,1
"STAC",1,0,3,0,3,3,0,1,1,0
"DCLK3",0,0,0,0,0,0,0,0,0,0
"LINC02033",0,0,0,0,1,0,0,0,0,0
"TRANK1",2,0,3,2,3,1,2,4,3,4
"AC011816.2",0,0,0,0,0,0,0,0,0,0
"EPM2AIP1",5,4,3,3,3,10,13,6,8,10
"MLH1",1,0,1,1,2,0,1,2,1,3
"LRRFIP2",19,5,12,11,22,11,21,14,6,21
"AC126118.1",0,0,0,0,0,0,0,1,0,0
"AC097359.3",0,0,0,0,1,0,0,0,0,0
"AC097359.2",0,0,0,0,0,0,0,0,0,0
"GOLGA4",21,13,17,9,24,13,24,14,17,24
"ITGA9",2,5,3,3,3,4,5,5,2,4
"CTDSPL",4,6,6,10,28,9,7,9,9,6
"VILL",1,0,0,0,0,1,0,2,0,0
"PLCD1",2,0,1,0,0,1,0,0,2,1
"DLEC1",0,0,0,0,0,0,0,0,1,1
"ACAA1",5,2,1,0,2,0,3,4,1,2
"MYD88",0,0,0,1,0,1,1,2,1,1
"OXSR1",1,0,3,4,10,3,14,6,5,10
"SLC22A13",0,0,0,0,0,0,0,0,0,0
"SLC22A14",0,0,0,0,2,0,0,0,1,1
"XYLB",3,0,1,1,2,0,0,0,1,3
"ACVR2B-AS1",0,0,0,0,0,0,0,0,0,0
"ACVR2B",1,0,0,0,2,2,2,0,1,0
"EXOG",5,2,3,0,6,0,1,1,3,3
"SCN5A",0,1,0,0,0,0,0,0,0,1
"SCN10A",0,0,0,0,0,0,0,0,0,0
"SCN11A",0,0,1,0,0,0,1,0,0,0
"WDR48",2,1,7,0,6,4,5,4,4,3
"GORASP1",1,0,1,1,2,3,4,0,0,1
"TTC21A",2,1,1,0,1,0,0,0,1,3
"CSRNP1",1,0,1,2,2,1,9,2,3,4
"AC092053.3",0,0,0,0,1,0,0,1,0,1
"CX3CR1",0,0,0,0,2,0,0,0,0,0
"SLC25A38",2,1,3,0,0,0,0,0,0,0
"RPSA",12,1,7,5,6,13,21,12,13,3
"MOBP",22,6,5,9,8,4,15,8,6,30
"MYRIP",23,15,18,6,41,22,74,35,29,29
"EIF1B",4,1,8,1,3,9,11,10,5,5
"ENTPD3-AS1",4,0,2,1,3,2,0,1,1,2
"ENTPD3",1,1,0,0,2,0,0,0,0,2
"RPL14",16,7,9,3,9,12,28,23,11,18
"ZNF619",0,0,0,0,0,0,1,0,0,2
"ZNF620",0,0,0,0,0,0,4,0,0,2
"ZNF621",0,1,2,1,1,1,3,1,2,2
"AC099560.1",0,0,0,0,0,0,0,0,0,0
"CTNNB1",7,12,11,9,27,16,44,17,15,22
"ULK4",5,1,6,0,3,1,5,8,4,14
"TRAK1",5,4,10,5,16,5,13,6,4,12
"CCK",24,5,6,2,7,2,13,1,0,3
"AC018358.1",0,0,1,0,0,0,0,0,0,0
"LYZL4",0,0,0,0,0,0,0,0,0,0
"VIPR1",0,1,0,1,3,3,0,1,0,1
"VIPR1-AS1",0,0,0,0,0,0,0,1,0,0
"SEC22C",3,0,2,1,5,3,6,0,2,6
"SS18L2",0,2,0,4,3,1,5,3,1,4
"NKTR",18,28,18,11,25,26,46,18,20,45
"AC006059.1",5,8,13,4,7,4,11,4,8,26
"ZBTB47",0,0,0,1,0,0,0,0,0,0
"CCDC13",0,0,0,0,0,0,0,0,0,0
"HHATL-AS1",0,0,0,0,0,0,0,0,0,0
"CCDC13-AS1",0,0,0,0,0,0,0,0,0,0
"AC099329.3",0,1,0,0,1,0,0,0,0,0
"LINC02158",0,0,0,0,0,0,0,0,0,0
"AC099329.1",0,0,0,0,0,0,0,0,0,0
"ACKR2",0,0,0,0,0,0,0,0,0,0
"AC092042.3",1,1,0,1,0,0,0,0,0,0
"CYP8B1",0,0,1,0,1,0,0,0,0,0
"FAM198A",0,0,1,0,0,0,0,0,1,0
"POMGNT2",0,0,2,0,1,1,1,3,1,1
"SNRK",7,10,1,4,20,5,25,14,5,9
"AC104184.1",0,0,0,1,0,0,0,0,0,0
"SNRK-AS1",0,0,0,0,0,0,0,0,0,0
"ANO10",13,2,13,5,17,12,17,12,5,18
"ABHD5",3,1,7,1,6,3,6,7,0,9
"AC006058.2",0,0,0,0,0,0,0,0,0,0
"AC006058.3",0,0,0,0,0,0,0,0,0,0
"AC006058.1",0,0,0,0,0,0,1,0,0,1
"TOPAZ1",0,0,0,0,0,0,0,0,0,0
"AC104187.1",0,0,0,0,0,0,0,0,0,1
"TCAIM",3,2,6,1,5,2,9,2,5,9
"ZNF445",0,2,0,0,3,3,2,1,0,4
"ZNF852",2,1,0,0,0,2,0,0,0,1
"ZKSCAN7",1,0,0,0,0,0,0,1,0,0
"AC099669.1",2,0,6,2,1,1,3,2,3,8
"ZNF197",4,3,0,1,3,3,3,2,0,3
"ZNF35",0,0,1,1,2,0,3,2,0,2
"AC124045.1",0,0,0,0,0,0,0,0,1,0
"ZNF502",0,2,0,0,0,0,1,1,2,2
"ZNF501",1,0,0,0,0,0,0,0,0,0
"KIAA1143",1,1,1,2,0,0,4,0,3,2
"KIF15",0,0,0,0,0,0,1,0,1,0
"TGM4",0,0,0,0,0,0,0,0,0,0
"ZDHHC3",2,2,5,0,3,3,4,3,1,2
"EXOSC7",1,0,0,0,0,0,1,0,1,1
"CDCP1",0,0,0,0,0,0,1,0,0,0
"TMEM158",0,0,0,0,1,1,0,0,0,2
"LARS2",6,2,8,1,1,3,6,7,4,5
"LARS2-AS1",0,0,1,0,0,0,0,0,0,0
"LIMD1",1,0,4,0,4,0,0,1,0,2
"SACM1L",4,1,1,1,5,6,6,8,11,5
"SLC6A20",12,1,3,0,2,1,2,2,4,3
"LZTFL1",2,0,1,2,2,2,2,2,1,4
"CCR9",0,0,0,0,0,0,1,0,0,0
"FYCO1",1,1,0,1,1,2,3,1,1,1
"CXCR6",0,0,0,0,0,0,0,0,0,0
"CCR3",0,0,0,0,0,0,0,0,0,0
"CCR1",0,0,0,0,0,0,0,0,0,0
"AC098613.1",0,0,2,0,0,0,2,1,0,0
"CCR5",0,0,0,0,0,0,0,0,0,0
"CCRL2",0,0,0,0,1,0,1,0,0,0
"LINC02009",0,0,0,0,0,0,0,0,0,0
"LTF",1,0,0,0,0,0,0,0,0,0
"LRRC2",0,0,0,1,0,0,0,0,0,0
"TDGF1",0,0,0,0,0,0,1,0,1,0
"AC104304.1",0,0,0,0,0,0,0,0,0,0
"ALS2CL",0,1,1,0,0,0,3,0,1,1
"TMIE",0,0,0,0,0,0,0,1,0,0
"PRSS50-1",0,0,0,0,0,0,0,0,0,0
"MYL3",0,0,0,0,0,1,1,0,1,0
"PTH1R",8,2,8,12,20,19,14,27,17,6
"CCDC12",7,5,2,2,5,2,9,3,2,6
"NBEAL2",1,2,1,1,0,1,3,2,2,1
"SETD2",10,8,13,6,18,14,23,12,12,27
"KIF9-AS1",5,2,5,4,5,1,4,2,2,22
"KIF9",3,0,1,0,2,1,0,2,0,4
"KLHL18",2,3,0,3,3,3,0,0,0,4
"AC099778.1",1,1,0,0,2,0,0,0,1,1
"PTPN23",1,0,3,3,0,0,1,0,2,1
"SCAP",0,5,2,1,2,2,6,1,1,6
"ELP6",3,1,3,1,2,1,3,2,1,5
"CSPG5",0,0,2,2,0,1,2,0,0,2
"SMARCC1",4,4,10,4,6,4,17,4,2,5
"DHX30",3,0,8,1,2,0,6,5,1,3
"MAP4",20,15,30,11,28,12,37,17,12,31
"CDC25A",0,0,0,0,0,0,0,0,0,0
"ZNF589",1,0,0,0,1,0,2,0,3,3
"NME6",0,0,0,0,0,3,1,1,0,1
"SPINK8",1,0,1,0,1,4,0,2,1,1
"FBXW12",0,0,2,0,0,0,0,0,0,0
"PLXNB1",1,3,2,3,2,0,8,2,2,4
"CCDC51",1,0,0,0,0,2,0,0,0,1
"TMA7",10,5,7,3,8,17,18,25,16,15
"AC134772.1",1,0,0,0,0,0,0,0,0,0
"ATRIP",0,0,1,0,0,0,1,0,0,0
"SHISA5",3,3,2,2,4,5,12,9,4,9
"PFKFB4",0,0,1,0,0,0,2,0,0,0
"COL7A1",1,0,2,2,1,0,8,7,8,6
"UQCRC1",2,0,4,6,4,3,2,1,6,4
"SLC26A6",0,1,1,0,1,0,0,1,1,3
"CELSR3",0,0,0,0,0,0,2,1,0,0
"LINC02585",0,0,0,0,0,0,0,0,0,1
"AC141002.1",0,0,0,0,0,0,0,0,0,0
"NCKIPSD",0,4,2,0,1,1,2,0,2,0
"IP6K2",4,0,5,4,4,5,11,0,1,7
"PRKAR2A",4,3,4,5,20,4,8,15,9,12
"PRKAR2A-AS1",0,0,0,0,0,0,1,0,0,1
"SLC25A20",0,0,0,0,0,0,0,1,2,3
"ARIH2OS",0,0,0,0,0,2,1,0,0,0
"ARIH2",7,3,8,2,5,5,11,10,1,7
"AC137630.2",0,0,0,0,0,0,0,1,0,0
"AC137630.1",0,0,0,0,0,0,0,0,0,0
"P4HTM",3,2,5,2,2,3,5,0,2,7
"WDR6",1,2,2,1,5,5,5,4,4,8
"DALRD3",3,0,3,0,3,0,2,1,1,7
"NDUFAF3",3,7,3,1,1,4,8,4,6,4
"IMPDH2",0,0,0,0,0,0,1,2,1,2
"AC137630.3",0,0,0,0,0,0,0,0,0,0
"QRICH1",6,4,3,1,5,2,7,3,3,5
"QARS",1,2,0,0,1,0,4,0,1,2
"USP19",1,0,1,0,0,0,0,0,0,1
"LAMB2",9,2,3,11,8,6,8,7,9,2
"CCDC71",0,1,0,0,1,1,0,0,0,2
"KLHDC8B",4,1,2,2,2,1,8,3,5,2
"C3orf84",0,0,0,0,0,0,0,0,1,0
"CCDC36",0,1,0,1,0,1,5,2,1,1
"AC121247.1",0,0,0,0,0,0,0,0,0,1
"C3orf62",1,2,1,3,1,0,2,1,1,6
"USP4",1,2,3,5,1,2,5,5,1,5
"RHOA",11,8,7,7,14,20,43,18,17,23
"TCTA",2,0,2,2,1,1,2,1,0,7
"AC104452.1",0,0,0,0,0,0,0,0,0,0
"DAG1",1,0,2,2,2,1,8,2,1,7
"BSN-DT",0,0,0,0,0,0,0,0,0,0
"BSN",0,0,4,1,2,1,2,3,1,1
"APEH",1,2,1,1,1,1,0,0,1,1
"MST1",0,0,0,0,0,0,0,0,0,0
"RNF123",1,1,1,1,0,0,2,1,0,1
"GMPPB",0,0,1,0,0,0,0,1,0,3
"IP6K1",2,2,5,4,5,2,3,6,6,5
"CDHR4",0,0,0,0,0,0,0,0,0,0
"INKA1",0,0,0,0,1,0,0,0,0,1
"UBA7",0,3,2,0,2,1,3,1,1,2
"TRAIP",0,0,0,0,0,1,0,0,0,0
"CAMKV",1,0,0,4,0,1,1,0,0,0
"MST1R",0,0,0,0,0,1,0,0,0,0
"AC105935.1",0,0,0,0,0,0,0,0,0,0
"MON1A",1,1,0,1,0,1,1,0,1,2
"RBM6",14,7,16,15,19,17,47,27,16,41
"RBM5",8,10,9,9,14,9,23,7,1,9
"RBM5-AS1",0,0,0,0,0,0,0,0,0,0
"SEMA3F-AS1",0,0,0,1,0,0,2,0,0,0
"SEMA3F",0,3,1,1,0,1,9,2,2,0
"GNAT1",0,0,0,0,0,0,0,0,0,0
"SLC38A3",2,0,3,1,5,1,9,5,4,0
"GNAI2",3,3,8,5,16,8,28,9,5,6
"U73166.1",0,0,0,0,2,0,0,0,1,0
"SEMA3B-AS1",0,0,0,0,0,0,0,0,0,0
"SEMA3B",5,3,8,2,6,2,12,0,1,9
"LSMEM2",0,0,0,0,0,0,0,1,0,1
"IFRD2",1,0,0,1,0,1,3,0,0,4
"HYAL3",0,0,0,0,0,0,1,0,0,0
"HYAL1",2,1,2,1,1,3,3,3,1,6
"HYAL2",1,8,0,7,5,6,40,6,11,8
"TUSC2",1,1,0,3,0,1,2,2,0,3
"RASSF1",8,0,8,4,7,5,6,5,3,7
"RASSF1-AS1",0,0,0,0,0,0,0,0,0,0
"ZMYND10",0,0,0,0,1,0,0,1,0,0
"NPRL2",0,1,2,0,5,0,1,2,0,2
"Z84492.1",0,0,0,0,0,0,0,0,0,0
"TMEM115",0,1,1,2,1,3,3,2,1,3
"CACNA2D2",2,0,1,0,0,0,0,2,0,0
"CYB561D2-1",1,0,0,0,1,0,0,0,0,0
"C3orf18",0,0,1,0,2,0,0,1,0,0
"HEMK1",0,0,0,0,2,0,3,1,1,0
"CISH",0,0,0,0,0,0,1,0,0,1
"MAPKAPK3",0,2,0,0,0,1,0,0,0,2
"LINC02019",0,1,1,0,0,0,0,0,0,1
"DOCK3",20,14,18,9,14,1,16,7,4,26
"MANF",4,1,0,0,2,9,5,4,2,3
"RBM15B",0,0,0,0,0,0,1,3,1,2
"DCAF1",0,0,2,3,1,2,3,2,0,2
"RAD54L2",2,5,5,1,3,0,3,1,1,3
"TEX264",1,1,2,0,4,1,4,6,4,4
"GRM2",0,0,0,0,2,0,0,0,0,0
"IQCF3",0,0,0,0,0,0,0,0,0,0
"IQCF2",0,0,0,0,0,0,0,0,0,0
"IQCF1",0,0,0,0,0,0,0,0,0,0
"RRP9",0,0,0,0,1,0,0,0,0,1
"PARP3",1,0,0,0,0,1,0,0,0,0
"GPR62",2,0,0,0,0,2,1,0,0,0
"PCBP4",2,3,2,5,3,2,5,0,2,4
"ABHD14B",0,0,0,0,0,0,0,0,0,0
"ABHD14A",0,0,0,0,0,0,0,0,0,0
"ABHD14A-ACY1",0,0,0,0,0,0,0,0,0,0
"ACY1",0,0,0,0,0,1,0,0,0,0
"RPL29",14,13,18,9,17,15,35,20,14,22
"DUSP7",0,0,0,0,0,1,0,0,0,0
"POC1A",0,0,0,0,0,0,1,1,1,0
"ALAS1",1,0,0,2,2,1,5,3,2,3
"TWF2",0,0,0,0,0,0,0,0,0,0
"PPM1M",0,0,1,0,1,0,0,1,1,0
"WDR82",0,2,7,1,7,3,6,10,2,4
"GLYCTK",0,0,0,0,0,0,0,1,0,0
"DNAH1",1,4,1,0,2,0,0,1,0,0
"BAP1",0,0,0,2,0,0,2,0,1,2
"PHF7",0,0,2,1,0,0,1,0,1,1
"SEMA3G",2,0,0,0,3,0,4,0,0,0
"TNNC1",0,0,0,0,0,0,0,0,0,0
"NISCH",4,5,7,3,6,5,7,9,6,8
"STAB1",0,1,1,0,0,0,1,2,0,0
"NT5DC2",1,0,0,1,0,1,3,2,1,2
"SMIM4",4,5,2,0,4,0,2,4,5,10
"PBRM1",16,14,9,10,18,7,25,17,14,24
"GNL3",1,2,2,2,4,4,5,2,1,6
"GLT8D1",1,3,1,0,2,0,1,0,2,3
"SPCS1",5,4,3,2,4,5,5,8,2,5
"NEK4",1,4,1,1,1,1,3,2,1,2
"ITIH4",0,0,0,0,0,0,0,0,0,0
"AC006254.1",0,0,0,0,0,0,0,0,0,0
"SFMBT1",0,1,2,4,1,0,3,3,2,4
"AC096887.1",1,1,0,0,0,1,0,0,0,0
"RFT1",0,0,1,0,0,0,0,3,1,1
"PRKCD",0,0,0,0,0,0,0,1,0,1
"TKT",2,1,1,1,2,4,4,5,6,3
"DCP1A",2,3,2,1,5,3,8,4,5,13
"CACNA1D",5,0,4,3,3,0,5,0,0,3
"CHDH",0,0,3,0,1,0,0,0,0,3
"IL17RB",0,1,2,1,0,0,1,0,1,0
"AC012467.2",0,0,1,1,0,0,0,1,0,0
"ACTR8",0,0,0,2,0,1,3,0,1,0
"SELENOK",4,0,7,0,3,3,10,13,4,3
"CACNA2D3",26,11,17,9,14,14,12,16,9,50
"CACNA2D3-AS1",0,0,0,0,0,0,0,0,0,2
"LRTM1",1,0,2,1,2,1,0,4,0,21
"LINC02017",0,0,0,0,0,0,0,0,0,0
"WNT5A",1,0,0,0,0,0,0,0,1,1
"WNT5A-AS1",0,0,0,0,0,0,0,0,0,0
"AC121764.1",0,0,0,0,0,0,0,0,0,0
"ERC2",7,2,10,3,12,4,5,0,1,3
"CCDC66",7,4,1,8,11,8,18,13,6,19
"FAM208A",5,2,4,3,7,5,8,4,7,3
"ARHGEF3",6,13,6,4,14,5,17,1,3,20
"ARHGEF3-AS1",0,0,0,1,0,0,0,0,0,0
"SPATA12",0,0,0,0,0,0,0,0,0,0
"AC097358.2",0,0,0,0,0,0,0,0,0,0
"IL17RD",3,1,2,0,1,0,0,1,1,0
"HESX1",0,1,0,0,0,0,0,0,0,0
"APPL1",6,3,4,1,6,4,11,4,4,7
"ASB14",2,0,0,2,1,0,1,0,0,0
"DNAH12",0,0,0,0,0,1,3,3,0,3
"PDE12",0,1,0,0,2,3,1,0,0,1
"ARF4",4,6,4,0,6,9,8,3,4,12
"ARF4-AS1",0,0,0,0,0,0,0,1,0,0
"DENND6A",2,4,2,4,5,5,9,5,4,11
"DENND6A-AS1",1,0,8,2,3,2,1,1,1,1
"DENND6A-DT",0,0,0,0,0,0,0,0,0,0
"SLMAP",7,6,5,7,10,9,17,23,1,23
"FLNB",5,3,3,2,8,3,24,2,5,40
"DNASE1L3",0,0,0,0,0,0,0,0,0,3
"ABHD6",3,3,1,3,6,0,6,3,2,12
"RPP14",0,0,0,0,0,0,1,1,0,0
"AC098479.1",0,0,0,0,0,0,1,0,0,0
"PXK",9,18,12,13,13,6,9,5,2,27
"PDHB",2,1,1,0,1,2,6,4,3,0
"AC135507.1",0,0,0,1,0,0,0,0,0,0
"AC116036.2",0,0,0,0,0,0,1,0,0,0
"KCTD6",1,1,1,1,1,0,1,1,0,0
"ACOX2",0,0,1,0,0,0,0,0,0,2
"FAM107A",1,12,8,9,7,6,18,9,3,8
"FAM3D-AS1",0,0,0,0,0,0,0,1,0,0
"FAM3D",0,0,0,0,0,0,0,0,0,0
"C3orf67",1,0,0,1,0,1,0,2,0,0
"C3orf67-AS1",0,1,1,0,0,0,0,1,0,0
"AC114400.1",0,0,0,0,0,0,0,0,0,0
"AC126121.2",0,0,0,0,0,0,0,0,0,0
"FHIT",32,13,22,11,43,13,68,26,27,69
"PTPRG",88,110,85,40,139,70,185,100,58,141
"C3orf14",0,0,2,0,1,0,4,1,0,1
"FEZF2",0,0,0,0,0,0,0,0,0,0
"CADPS",5,5,11,5,9,1,2,5,1,4
"LINC00698",0,0,0,0,0,0,0,0,0,0
"SYNPR",2,2,5,2,5,0,1,0,0,1
"SYNPR-AS1",1,0,0,0,0,0,0,0,0,0
"SNTN",0,0,0,0,0,0,0,0,0,1
"C3orf49",0,0,2,0,0,0,0,0,0,2
"THOC7",1,0,1,0,2,5,5,3,2,4
"ATXN7",0,0,0,1,1,0,2,1,3,2
"PSMD6-AS2",1,0,7,0,3,2,2,4,3,6
"AC012557.1",0,0,0,0,0,0,0,0,0,0
"PSMD6",3,1,0,0,1,2,0,2,1,2
"PSMD6-AS1",0,0,0,0,1,0,0,0,0,1
"AC012557.2",0,0,0,0,0,0,0,0,0,0
"AC092040.1",0,0,0,0,1,0,0,0,0,2
"LINC00994",0,0,0,0,0,0,0,0,0,0
"PRICKLE2",12,7,9,10,14,4,17,6,4,14
"PRICKLE2-AS2",1,0,0,0,0,0,0,0,0,0
"PRICKLE2-AS3",0,0,0,0,0,0,0,0,0,0
"ADAMTS9",10,32,14,36,11,51,199,32,18,23
"ADAMTS9-AS1",1,3,5,0,3,8,19,2,0,3
"ADAMTS9-AS2",35,26,35,19,49,17,44,42,22,55
"LINC02040",0,0,0,0,0,0,0,0,1,0
"MAGI1",24,14,18,22,55,22,79,43,15,55
"MAGI1-AS1",0,0,0,0,0,0,0,1,0,0
"SLC25A26",4,3,0,1,4,1,7,7,0,6
"LRIG1",6,3,4,7,13,1,10,2,4,8
"KBTBD8",0,1,0,0,0,0,0,0,0,1
"AC114401.1",0,0,0,0,0,0,0,0,0,0
"SUCLG2",6,6,3,2,6,6,7,8,2,7
"SUCLG2-AS1",0,0,3,1,6,0,5,1,14,16
"FAM19A1",4,2,5,2,2,2,2,0,5,6
"FAM19A4",0,0,2,1,1,0,2,1,0,3
"EOGT",3,2,3,2,2,1,7,2,2,3
"AC109587.1",1,0,1,0,0,1,2,0,0,1
"TMF1",2,5,2,3,2,5,10,9,8,5
"UBA3",4,3,4,0,5,2,4,6,5,6
"ARL6IP5",8,6,6,2,3,6,8,6,5,8
"LMOD3",1,0,0,0,0,0,2,0,0,1
"FRMD4B",17,15,17,13,28,5,33,12,4,32
"MITF",4,0,3,4,3,2,4,5,4,4
"SAMMSON",0,0,1,0,0,0,3,0,1,1
"MDFIC2",0,0,0,0,0,0,1,0,0,0
"FOXP1",59,25,54,16,84,43,88,50,48,342
"FOXP1-AS1",0,0,1,0,2,0,0,0,0,2
"AC097634.2",0,0,0,0,0,0,0,0,0,0
"AC097634.3",1,0,0,0,0,0,0,1,0,0
"EIF4E3",2,0,1,0,2,0,0,2,1,2
"GPR27",0,0,0,0,0,0,0,0,0,0
"PROK2",0,0,0,0,0,0,0,0,0,0
"LINC00877",0,4,0,0,1,0,0,1,3,3
"LINC00870",0,1,0,1,0,0,0,0,0,1
"AC112219.2",0,0,0,0,0,0,0,0,0,0
"RYBP",10,13,10,8,10,9,20,7,6,16
"AC104435.2",0,0,0,0,0,0,0,0,0,0
"SHQ1",0,4,0,0,0,2,4,4,2,2
"GXYLT2",9,2,3,1,3,1,2,0,1,4
"PPP4R2",3,2,2,9,12,9,19,9,4,8
"PDZRN3",43,20,29,8,38,23,39,27,20,80
"PDZRN3-AS1",0,0,0,0,0,0,0,0,0,0
"LINC02005",0,0,0,0,0,0,0,0,0,0
"LINC02047",0,0,0,0,1,0,0,0,0,0
"CNTN3",0,0,0,0,5,0,2,3,1,5
"LINC02018",1,0,0,2,0,0,0,0,0,2
"LINC00960",0,0,0,0,0,0,0,1,0,1
"ZNF717",2,0,3,1,2,1,4,0,0,4
"ROBO2",14,14,22,2,16,1,4,8,4,4
"LINC02077",0,0,1,0,0,0,0,0,0,0
"AC108752.1",0,0,0,0,0,0,0,1,0,0
"ROBO1",20,5,7,13,21,17,7,20,19,13
"AC068756.1",0,0,0,0,0,0,0,0,0,0
"LINC02050",0,0,1,0,0,0,0,0,0,0
"LINC02027",0,0,0,0,0,0,0,1,0,0
"AC099542.1",0,0,0,0,0,0,1,0,0,0
"GBE1",2,6,7,16,6,7,21,15,7,24
"AC129807.1",0,0,0,0,0,0,0,0,0,0
"LINC02008",0,0,1,0,1,1,1,0,1,0
"LINC00971",1,0,0,0,0,0,0,0,0,0
"LINC02025",0,0,0,0,0,0,0,0,0,0
"CADM2",33,23,80,74,98,23,91,42,33,105
"CADM2-AS2",0,0,1,0,0,0,0,0,0,1
"CADM2-AS1",0,0,1,0,0,0,1,0,0,0
"VGLL3",1,0,0,0,1,0,2,1,0,0
"AC107204.1",1,0,1,0,1,1,0,0,2,0
"CHMP2B",2,3,1,1,1,1,2,5,3,3
"AC117513.1",0,0,0,0,0,0,0,0,0,0
"HTR1F",1,1,0,1,1,3,1,1,2,1
"CGGBP1",13,9,10,4,10,12,17,8,9,14
"ZNF654",9,6,12,5,9,7,12,16,7,11
"C3orf38",2,0,4,0,2,7,4,3,1,3
"CSNKA2IP",0,0,0,0,0,0,0,0,0,0
"EPHA3",7,3,5,4,14,3,19,12,8,7
"PROS1",5,1,2,1,5,0,3,3,9,3
"ARL13B",3,6,7,2,8,4,5,11,4,3
"STX19",1,0,0,0,1,0,0,0,0,0
"DHFR2",2,1,1,0,1,1,2,1,0,3
"NSUN3",2,2,4,0,4,2,5,3,2,2
"LINC00879",0,0,0,0,0,1,0,0,0,0
"MTRNR2L12",0,0,0,0,0,0,1,1,0,0
"EPHA6",2,2,8,2,4,2,3,1,3,7
"AC110491.1",0,0,0,0,0,0,1,0,0,0
"ARL6",3,1,3,1,3,2,5,1,2,5
"AC110491.3",0,0,0,0,0,0,0,0,0,0
"CRYBG3",6,7,6,6,4,7,16,3,4,10
"AC110491.2",0,0,0,0,0,0,0,0,0,0
"RIOX2",1,0,0,1,2,0,1,2,1,1
"GABRR3",0,1,0,0,0,0,0,0,0,0
"AC117460.1",0,0,0,0,0,0,0,0,0,0
"AC117473.1",0,0,0,0,0,1,0,0,0,0
"CLDND1",7,5,5,10,9,6,42,8,12,28
"CPOX",5,3,0,4,5,2,7,2,3,2
"AC021660.2",0,0,0,0,0,0,0,0,0,0
"ST3GAL6-AS1",2,0,0,0,0,0,3,0,0,1
"ST3GAL6",4,5,6,1,13,1,16,2,5,8
"DCBLD2",3,1,6,1,4,3,4,3,3,5
"AC091212.1",0,0,1,0,0,0,0,0,0,0
"AC107029.1",0,0,0,0,0,0,0,0,0,0
"AC107029.2",0,0,0,0,0,0,0,0,0,1
"COL8A1",4,0,1,0,2,1,10,1,1,3
"AC069222.1",0,0,0,1,0,0,0,0,0,0
"CMSS1",10,8,6,3,7,6,19,12,5,7
"FILIP1L",10,3,11,2,5,6,13,8,3,15
"TBC1D23",3,0,2,2,7,3,10,5,6,5
"NIT2",3,0,0,0,2,0,2,2,0,1
"TOMM70",3,1,1,1,5,0,5,6,2,4
"LNP1",0,0,0,0,1,0,1,1,0,2
"TMEM45A",1,0,1,3,2,2,0,2,2,2
"ADGRG7",0,0,0,0,0,0,0,0,0,0
"TFG",6,2,3,3,6,4,8,7,2,8
"ABI3BP",6,1,2,1,9,3,2,0,2,4
"IMPG2",0,0,0,1,1,0,1,0,0,1
"SENP7",8,4,8,1,8,7,18,8,3,18
"TRMT10C",3,1,0,1,0,1,0,4,2,1
"PCNP",3,3,5,2,8,4,8,10,8,9
"ZBTB11",0,2,1,0,3,3,2,2,0,4
"ZBTB11-AS1",0,1,0,0,0,0,0,0,0,0
"RPL24",5,6,6,4,6,3,4,5,4,6
"CEP97",2,0,1,2,3,1,4,4,3,2
"NXPE3",6,2,7,4,4,2,3,3,1,9
"AC020651.1",0,0,0,0,0,0,0,0,0,0
"NFKBIZ",3,1,4,1,0,4,9,9,2,7
"LINC02085",0,0,0,0,0,0,0,0,0,0
"ZPLD1",0,2,1,0,0,0,0,0,1,1
"ALCAM",13,7,12,12,29,14,36,12,17,44
"CBLB",7,6,11,2,15,10,20,7,12,17
"LINC00882",15,1,9,12,13,4,8,9,3,13
"DUBR",6,2,2,7,3,4,9,5,3,12
"AC063944.1",2,2,2,0,6,2,3,1,1,5
"AC063944.3",0,0,0,0,1,0,0,0,0,0
"CCDC54",0,0,0,0,0,0,0,0,0,0
"LINC01990",0,0,0,0,0,0,0,0,0,0
"BBX",16,6,5,8,19,17,21,21,19,27
"LINC00635",0,0,0,0,0,0,0,0,0,0
"LINC00636",0,1,0,0,1,0,0,0,0,1
"CD47",8,4,3,1,7,7,15,8,4,13
"LINC01215",0,0,0,0,1,0,0,0,0,0
"IFT57",3,0,5,1,1,2,1,4,5,4
"HHLA2",0,0,0,0,0,0,0,1,0,0
"MYH15",0,0,0,0,0,0,0,0,0,0
"CIP2A",0,0,0,0,0,0,0,0,0,0
"DZIP3",10,2,5,1,6,2,2,6,2,6
"RETNLB",0,0,0,0,0,0,0,0,0,0
"TRAT1",0,1,0,0,0,0,0,0,0,0
"GUCA1C",0,1,1,0,0,0,1,0,0,0
"MORC1",0,0,0,0,0,0,0,0,0,0
"MORC1-AS1",0,0,0,0,0,0,0,0,0,0
"C3orf85",0,0,0,0,0,0,0,0,0,0
"LINC00488",0,0,0,0,0,0,0,0,0,0
"DPPA2",0,0,0,0,0,0,0,0,0,0
"DPPA4",0,0,0,0,0,0,0,0,0,0
"LINC01205",0,0,0,0,0,0,0,0,0,0
"AC078980.1",0,0,0,0,0,0,0,0,0,0
"AC117402.1",0,0,0,0,0,0,0,0,0,0
"NECTIN3-AS1",0,1,1,1,0,0,2,0,1,1
"NECTIN3",3,3,2,4,5,6,6,4,6,12
"CD96",0,0,1,0,0,0,1,0,0,0
"PLCXD2",1,1,0,0,1,1,0,0,0,0
"PHLDB2",6,3,6,3,7,11,8,9,5,91
"ABHD10",2,0,0,2,1,0,3,2,0,1
"TAGLN3",6,1,3,1,4,2,1,2,1,2
"TMPRSS7",0,0,0,0,0,0,0,0,0,0
"C3orf52",0,0,0,0,0,0,1,0,0,0
"AC128688.2",0,0,0,0,0,0,0,0,0,0
"SLC9C1",1,0,0,0,2,0,1,0,0,1
"AC112487.1",0,0,0,0,0,0,0,0,0,0
"CD200",0,1,3,2,1,0,2,2,1,2
"BTLA",0,0,0,0,0,0,0,1,0,0
"ATG3",2,3,0,1,6,3,6,4,0,2
"SLC35A5",3,1,3,1,6,6,3,5,1,2
"CCDC80",3,0,0,0,4,1,1,0,2,6
"LINC02042",0,0,0,0,0,0,0,0,0,0
"CD200R1L",0,0,0,0,0,0,0,0,0,0
"CD200R1",0,0,0,0,0,0,0,0,0,0
"AC074044.1",0,0,0,0,0,0,0,0,0,0
"GTPBP8",0,1,1,1,1,1,1,1,1,1
"NEPRO",0,2,2,3,2,1,2,1,1,4
"AC078785.1",1,4,2,0,3,3,3,0,1,2
"AC078785.2",0,0,0,0,0,0,0,0,0,0
"LINC02044",0,0,0,0,0,0,0,0,0,0
"BOC",1,1,2,1,1,1,4,0,0,6
"CFAP44",2,1,1,2,3,0,1,3,6,6
"CFAP44-AS1",1,0,0,0,1,0,2,0,1,1
"SPICE1",6,0,5,1,4,0,2,1,2,3
"SIDT1",0,1,2,1,2,1,2,0,1,0
"SIDT1-AS1",0,0,0,0,0,0,0,0,0,0
"USF3",6,2,5,1,7,4,6,3,7,4
"NAA50",3,6,1,2,1,6,7,7,8,12
"AC108693.2",0,0,0,0,0,0,0,0,0,0
"ATP6V1A",3,0,1,4,7,2,11,8,4,4
"GRAMD1C",0,1,2,1,7,1,7,1,2,4
"AC128687.2",0,0,0,0,0,0,0,0,0,0
"ZDHHC23",0,1,0,1,0,0,1,0,0,1
"CCDC191",1,2,0,1,2,0,1,1,4,4
"QTRT2",0,1,2,1,3,1,3,0,0,0
"DRD3",0,0,0,0,1,0,1,1,0,0
"AC093010.2",0,0,0,0,0,0,0,0,0,0
"TIGIT",0,0,0,0,0,0,0,0,0,0
"ZBTB20",98,52,91,63,150,80,209,140,114,165
"ZBTB20-AS1",1,1,2,0,0,0,3,2,0,1
"ZBTB20-AS5",15,7,12,0,9,2,8,10,4,15
"ZBTB20-AS2",0,0,1,0,2,0,0,0,0,2
"ZBTB20-AS3",2,0,1,0,0,0,0,1,0,1
"ZBTB20-AS4",0,0,0,0,0,0,0,0,0,0
"AC046136.1",0,1,0,0,0,0,2,0,0,0
"GAP43",8,4,6,2,2,1,0,1,0,1
"LSAMP",38,19,60,40,82,11,58,43,41,57
"LSAMP-AS1",0,0,0,0,2,1,4,4,0,5
"LINC00903",0,0,0,0,0,0,0,0,0,0
"TUSC7",0,0,0,0,0,0,0,0,0,0
"LINC00901",0,0,0,0,0,0,0,0,0,0
"AC092691.1",0,5,9,10,23,1,8,6,3,16
"AC068633.1",0,0,0,0,1,0,1,0,0,1
"IGSF11",5,3,3,4,3,1,3,1,0,9
"IGSF11-AS1",0,0,0,0,0,0,0,0,0,0
"AC083800.1",0,0,0,0,0,0,0,0,0,0
"UPK1B",1,1,0,0,0,0,0,0,0,0
"B4GALT4",0,0,0,3,1,1,1,0,1,7
"B4GALT4-AS1",0,0,0,0,0,0,0,0,0,1
"ARHGAP31",9,12,7,13,18,9,33,21,11,34
"ARHGAP31-AS1",1,0,0,0,0,0,0,0,0,0
"TMEM39A",1,2,0,1,0,2,1,1,3,4
"POGLUT1",3,1,2,0,3,1,2,4,2,2
"AC073352.1",0,0,0,0,0,0,0,1,0,0
"TIMMDC1",2,1,5,1,1,1,4,8,1,2
"CD80",0,0,0,0,0,0,0,0,0,0
"AC073352.2",0,0,0,0,0,0,0,0,0,0
"ADPRH",0,0,0,0,1,1,0,0,2,2
"PLA1A",1,4,3,1,4,3,10,2,2,2
"POPDC2",0,0,0,0,0,0,0,1,0,0
"COX17",1,1,2,2,0,4,2,5,6,6
"MAATS1",0,0,2,0,1,0,3,2,1,1
"NR1I2",0,0,0,0,0,0,0,0,0,0
"GSK3B",9,8,10,9,24,13,25,14,15,22
"AC092910.3",0,0,0,0,2,0,1,1,0,2
"GPR156",0,0,0,0,0,0,0,0,0,0
"LRRC58",2,1,1,2,3,4,1,3,1,5
"FSTL1",4,4,6,3,7,3,11,8,7,11
"NDUFB4",3,2,1,4,2,12,6,8,5,3
"HGD",0,0,0,0,0,0,0,0,0,0
"RABL3",1,2,1,0,0,1,0,2,0,2
"GTF2E1",0,0,0,0,0,0,1,1,0,0
"STXBP5L",5,7,18,4,18,2,4,3,2,19
"POLQ",0,0,0,1,0,0,0,0,0,0
"ARGFX",0,0,0,0,0,0,0,0,0,0
"FBXO40",0,0,0,0,0,0,0,0,0,0
"HCLS1",0,0,0,1,1,0,2,0,0,0
"GOLGB1",2,6,5,6,10,3,13,8,6,10
"IQCB1",2,5,4,5,9,2,13,1,2,8
"EAF2",1,0,0,0,0,2,2,1,0,2
"SLC15A2",0,0,0,1,2,1,1,0,0,2
"ILDR1",0,0,0,0,0,0,0,0,0,0
"CD86",0,0,0,0,0,0,0,1,0,1
"CASR",0,0,0,0,0,0,0,0,0,0
"CSTA",0,0,0,0,0,0,0,0,0,0
"CCDC58",0,1,2,0,1,1,4,1,0,0
"FAM162A",3,3,3,2,6,7,2,1,2,3
"WDR5B",0,0,0,0,0,1,1,0,0,1
"AC083798.2",3,0,3,0,1,3,3,3,0,3
"KPNA1",4,5,6,2,5,11,11,7,3,10
"PARP9",4,2,3,1,5,3,16,9,4,2
"DTX3L",4,1,0,1,0,2,8,1,1,1
"PARP15",0,0,0,0,1,0,0,0,0,0
"PARP14",12,12,5,6,15,7,14,6,4,9
"HSPBAP1",1,1,1,0,1,1,1,3,0,1
"DIRC2",3,1,1,1,3,0,4,4,1,3
"LINC02035",0,0,0,0,0,0,0,0,0,0
"SEMA5B",1,0,0,1,2,0,1,0,0,0
"PDIA5",0,1,0,0,0,1,1,0,0,1
"SEC22A",9,5,3,4,6,4,10,9,6,9
"AC112503.2",0,0,0,0,0,0,0,0,0,0
"ADCY5",5,1,2,4,8,3,8,2,7,8
"AC112503.1",0,1,0,0,0,0,0,0,0,0
"HACD2",3,4,2,4,4,1,15,3,2,7
"MYLK-AS1",2,0,2,2,0,0,2,1,1,1
"MYLK",2,2,0,0,3,5,4,2,1,11
"MYLK-AS2",0,0,0,0,0,0,0,0,0,0
"AC020634.1",0,0,0,0,0,0,0,0,0,0
"CCDC14",4,0,2,3,4,10,9,5,4,9
"KALRN",14,15,23,8,26,10,26,19,11,27
"UMPS",2,0,1,0,1,1,3,0,0,1
"ITGB5",3,2,2,2,4,4,6,2,2,3
"ITGB5-AS1",3,1,1,0,1,1,0,2,0,2
"MUC13",1,0,0,0,0,0,0,0,0,0
"HEG1",14,23,6,2,12,5,21,2,5,6
"SLC12A8",0,0,1,1,1,0,0,0,1,0
"ZNF148",10,5,6,5,21,10,14,13,11,33
"SNX4",5,1,3,1,8,2,6,5,1,8
"OSBPL11",2,0,5,0,3,2,3,3,3,5
"AC092902.3",0,0,1,0,2,0,1,0,0,0
"AC092903.2",0,0,0,0,0,0,0,0,0,0
"ALG1L",0,0,0,0,0,0,0,0,0,0
"ROPN1B",0,0,0,0,0,0,0,0,0,0
"SLC41A3",2,3,3,0,3,2,3,0,1,4
"AC079848.1",0,0,0,0,0,0,0,0,0,0
"ALDH1L1",1,1,2,1,3,0,4,1,7,6
"ALDH1L1-AS1",0,0,0,0,0,0,0,0,0,0
"ALDH1L1-AS2",0,0,0,0,0,0,0,0,0,0
"AC016924.1",0,0,0,0,0,0,0,0,0,0
"AC063919.1",0,0,0,0,0,0,0,0,0,0
"KLF15",0,0,2,0,1,0,1,1,1,2
"CFAP100",1,1,0,0,0,0,0,0,0,4
"ZXDC",3,8,8,4,7,7,11,4,6,10
"UROC1",0,0,0,0,0,0,0,0,0,0
"CHST13",0,0,0,0,0,0,0,0,0,0
"C3orf22",0,0,0,0,0,0,0,0,1,0
"TXNRD3NB",2,0,1,1,0,0,1,2,0,0
"TXNRD3",0,0,0,0,2,2,0,0,0,0
"CHCHD6",2,1,2,0,1,0,4,2,0,2
"PLXNA1",1,1,1,0,2,0,1,0,0,0
"LINC02016",0,0,0,0,0,0,0,0,0,0
"LINC01471",0,0,0,0,0,0,0,0,0,0
"AC084035.1",0,0,0,0,0,1,0,0,0,0
"TPRA1",3,0,1,3,0,2,5,2,2,0
"MCM2",0,0,0,0,0,1,0,0,0,0
"PODXL2",1,1,0,2,1,1,4,3,0,3
"ABTB1",1,2,4,4,5,3,8,4,2,1
"MGLL",7,8,8,6,14,5,31,16,11,12
"KBTBD12",1,0,0,0,1,0,2,1,0,3
"SEC61A1",2,3,5,3,5,7,8,4,4,5
"RUVBL1",2,3,2,2,5,12,11,11,0,14
"EEFSEC",2,4,3,1,4,1,6,4,1,2
"GATA2",1,2,1,1,2,1,12,3,1,2
"GATA2-AS1",0,1,2,2,2,0,5,2,0,1
"RPN1",2,5,3,1,2,5,9,7,2,3
"RAB7A",9,10,14,8,13,10,33,10,12,24
"AC112484.3",0,0,0,0,0,0,0,0,0,0
"AC112484.1",0,0,0,0,0,0,0,0,1,0
"ACAD9",3,1,2,0,5,2,1,1,3,3
"KIAA1257",0,1,2,0,3,2,0,1,0,2
"EFCC1",0,0,1,0,1,0,1,0,0,0
"ISY1-RAB43",0,0,0,0,0,0,0,0,0,1
"ISY1",0,0,0,0,0,0,0,0,0,0
"AC108673.3",0,0,0,0,0,0,1,0,1,0
"CNBP",4,5,4,2,3,2,6,16,6,6
"COPG1",2,0,0,0,2,3,3,2,5,1
"HMCES",1,1,4,0,1,0,1,0,3,0
"H1FX",5,4,4,3,4,3,8,8,5,5
"H1FX-AS1",1,1,1,0,1,0,1,0,1,1
"EFCAB12",0,0,0,0,0,0,0,0,0,0
"MBD4",3,0,1,0,4,2,5,4,0,4
"IFT122",3,1,3,0,3,1,5,4,0,1
"RHO",0,0,0,0,0,0,0,0,0,0
"H1FOO",0,0,0,0,0,0,0,0,0,0
"PLXND1",2,2,1,2,2,5,10,6,3,5
"TMCC1",8,14,3,6,24,9,24,12,6,22
"TMCC1-AS1",0,0,0,1,0,1,2,0,0,0
"AC083906.3",0,0,1,0,0,0,0,0,0,1
"TRH",1,0,0,0,2,0,0,0,0,0
"ALG1L2",0,0,0,0,0,0,0,0,0,0
"LINC02014",0,0,0,0,0,0,0,0,0,0
"LINC02021",0,0,1,0,0,1,0,0,0,1
"COL6A5",0,0,0,0,0,0,0,0,0,0
"COL6A6",0,0,1,0,0,0,0,1,1,0
"PIK3R4",0,2,1,0,3,2,4,1,1,6
"ATP2C1",2,7,6,3,16,5,20,4,3,16
"AC055733.2",1,1,0,1,4,0,1,0,0,3
"ASTE1",0,0,0,0,0,0,2,1,0,1
"NEK11",2,0,3,1,3,4,4,1,0,6
"AC116424.1",0,0,0,0,0,0,0,0,0,0
"NUDT16",2,3,0,1,2,1,0,1,2,2
"MRPL3",2,2,1,0,3,3,7,5,1,6
"AC107027.1",0,0,0,0,0,0,0,0,0,0
"CPNE4",1,2,6,0,3,5,2,1,1,2
"ACPP",0,0,0,0,1,0,0,0,0,0
"DNAJC13",3,3,4,4,7,8,10,7,3,5
"ACAD11",0,0,0,0,0,1,0,0,1,0
"NPHP3-ACAD11",0,0,1,1,0,0,2,2,1,0
"ACKR4",0,0,1,0,1,0,0,0,1,0
"UBA5",2,0,3,0,3,1,7,1,4,3
"NPHP3-AS1",0,0,0,0,0,0,0,0,0,0
"AC079942.1",0,0,0,0,0,0,0,0,0,0
"TMEM108",4,4,7,5,7,3,2,2,4,2
"TMEM108-AS1",0,0,0,0,0,0,0,0,0,0
"BFSP2",0,0,0,0,0,0,0,0,0,0
"BFSP2-AS1",0,0,0,0,0,0,0,1,0,0
"AC022296.3",0,0,0,0,0,0,0,0,0,0
"CDV3",0,3,1,2,2,1,6,3,2,1
"TOPBP1",1,1,2,4,7,2,4,1,6,1
"TF",14,21,15,10,7,9,25,4,7,31
"SRPRB",0,0,1,2,4,0,2,1,0,8
"RAB6B",5,1,2,2,2,1,5,2,2,0
"SLCO2A1",0,1,0,0,1,0,3,0,0,1
"RYK",3,3,9,5,6,6,4,12,3,7
"LINC02004",0,0,0,0,0,0,0,0,0,0
"AC010207.1",0,0,0,0,0,0,0,0,0,0
"AMOTL2",1,2,2,6,3,2,5,4,6,6
"ANAPC13",0,0,2,0,3,2,4,2,0,0
"CEP63",7,1,7,2,4,3,5,8,2,5
"EPHB1",1,0,2,1,1,1,2,2,0,1
"KY",0,1,0,0,0,0,0,0,0,0
"PPP2R3A",6,2,7,5,5,4,19,4,6,11
"AC072039.2",0,0,0,0,0,0,0,0,0,0
"MSL2",1,2,2,2,2,2,3,6,4,4
"PCCB",1,5,3,1,3,0,5,1,2,6
"STAG1",23,8,29,9,44,16,46,29,19,62
"AC117382.2",0,0,0,0,0,0,0,0,0,0
"SLC35G2",1,1,0,0,2,1,6,4,2,3
"AC096992.2",0,0,0,0,0,0,1,0,0,0
"NCK1-DT",0,0,0,0,1,0,0,0,0,0
"NCK1",4,2,3,3,7,1,6,2,2,5
"IL20RB",0,0,0,0,0,0,0,2,0,1
"IL20RB-AS1",1,0,0,0,0,0,0,0,0,0
"CLDN18",0,0,0,0,0,0,0,0,0,0
"AC016252.1",0,0,0,0,0,0,0,0,0,0
"DZIP1L",1,1,2,0,0,0,1,0,2,1
"DBR1",0,1,1,0,1,0,0,0,0,1
"ARMC8",11,1,7,3,9,7,15,4,4,18
"NME9",2,1,1,3,3,1,6,0,0,0
"MRAS",1,0,1,2,0,0,4,1,1,1
"ESYT3",0,0,2,0,1,1,2,0,0,0
"CEP70",1,5,2,1,2,4,8,6,3,4
"FAIM",0,0,1,0,0,3,1,1,0,0
"PIK3CB",4,3,10,4,11,4,14,5,4,10
"FOXL2",0,0,0,0,0,0,1,2,0,1
"MRPS22",2,0,0,2,0,1,3,1,2,1
"AC024933.1",0,0,0,0,0,0,0,0,0,0
"COPB2",3,2,2,5,5,4,6,4,2,4
"AC097103.2",0,2,3,0,6,1,8,3,2,4
"RBP2",0,0,1,0,0,0,0,0,0,0
"RBP1",3,1,1,1,4,2,6,2,7,0
"NMNAT3",7,0,4,0,4,4,3,6,0,3
"AC016933.1",0,0,0,0,0,0,0,0,0,0
"CLSTN2",11,3,7,2,10,7,4,2,3,5
"AC010181.1",0,0,0,0,0,0,0,0,0,0
"SLC25A36",4,5,12,0,5,3,10,6,1,5
"SPSB4",0,0,0,0,0,0,1,0,0,0
"AC108727.2",0,0,0,0,0,0,0,0,0,0
"PXYLP1",1,0,2,1,0,2,1,1,0,0
"AC117383.1",0,1,1,0,0,1,1,0,0,1
"ZBTB38",10,14,15,7,24,17,48,15,9,24
"RASA2",9,3,12,4,16,12,19,15,11,24
"RNF7",2,3,2,0,1,2,14,3,7,7
"GRK7",0,0,0,0,0,0,0,0,0,1
"ATP1B3",16,5,18,9,20,21,50,12,17,41
"ATP1B3-AS1",0,0,0,0,0,0,0,0,0,1
"TFDP2",7,0,8,4,5,6,7,7,7,16
"GK5",1,0,1,0,2,0,5,2,4,7
"XRN1",7,7,6,8,17,6,15,10,10,15
"ATR",7,7,7,4,8,4,10,9,1,9
"PLS1",0,1,0,2,0,0,0,0,0,0
"PLS1-AS1",0,0,0,0,0,0,0,0,0,0
"TRPC1",4,6,6,4,4,11,17,11,11,21
"PCOLCE2",0,0,0,0,0,2,0,0,0,1
"AC021074.3",0,0,0,0,0,0,0,0,0,0
"PAQR9",0,0,0,0,0,1,0,0,0,0
"PAQR9-AS1",0,0,0,0,0,0,0,0,0,0
"U2SURP",12,3,10,6,14,4,21,9,9,17
"AC026304.1",0,0,0,0,1,0,0,1,0,0
"CHST2",0,0,2,0,0,0,3,2,0,1
"SLC9A9",9,8,5,6,17,6,11,9,7,12
"SLC9A9-AS1",0,0,0,0,0,0,0,0,0,0
"C3orf58",1,2,1,2,4,4,11,3,4,3
"AC055758.2",0,0,0,0,0,0,0,0,0,0
"AC107021.1",0,0,3,2,0,5,3,3,0,1
"LNCSRLR",0,0,0,2,0,0,1,0,0,0
"PLOD2",6,4,7,13,9,4,31,18,6,4
"PLSCR4",7,5,12,10,10,6,17,5,4,11
"PLSCR2",1,1,0,0,0,0,5,0,0,0
"PLSCR1",0,8,5,6,10,9,12,12,9,8
"PLSCR5",0,0,0,0,0,0,0,0,0,0
"AC092957.1",50,10,36,8,21,30,28,53,47,33
"ZIC4",2,1,2,1,2,4,1,2,4,1
"ZIC1",18,6,28,4,26,30,16,43,36,39
"AC092958.1",9,0,12,0,3,1,6,2,7,10
"AC025566.1",0,0,0,0,0,0,0,0,0,0
"LINC02045",0,0,0,0,0,0,0,0,0,0
"LINC02046",0,0,0,0,0,0,0,0,0,0
"AGTR1",0,1,0,1,1,1,0,0,0,1
"CPB1",0,1,1,0,0,1,0,0,1,1
"AC092979.1",0,0,0,0,0,0,0,0,0,0
"CPA3",0,0,0,0,0,0,0,0,0,0
"GYG1",0,0,0,2,1,1,4,1,1,2
"HLTF",2,2,2,0,3,2,6,4,2,3
"HLTF-AS1",0,0,0,0,0,0,1,0,0,0
"HPS3",2,0,4,2,2,0,5,4,1,4
"CP",1,5,18,3,8,1,55,24,6,0
"AC093001.1",0,0,0,0,0,0,2,0,0,0
"TM4SF18",3,2,7,2,4,2,10,6,5,11
"TM4SF1",13,34,5,14,11,11,40,23,12,21
"TM4SF1-AS1",1,0,0,0,1,2,0,0,0,0
"TM4SF4",0,0,0,0,0,0,0,0,0,0
"WWTR1",14,14,20,28,29,19,99,22,16,77
"WWTR1-AS1",0,0,0,0,0,0,0,0,0,0
"COMMD2",3,2,5,0,3,3,2,1,1,5
"ANKUB1",6,5,8,3,4,2,7,2,2,10
"RNF13",10,8,7,5,17,10,19,10,10,21
"PFN2",0,0,0,0,0,0,0,0,1,0
"AC117395.1",0,0,0,0,0,0,0,0,0,0
"AC117386.2",0,1,0,0,0,0,0,0,0,1
"LINC01998",0,0,0,0,0,0,0,0,0,0
"AC117386.1",0,0,0,0,0,0,0,0,0,0
"LINC01214",0,0,0,0,0,0,0,0,0,0
"TSC22D2",5,1,8,0,14,4,8,6,8,16
"SERP1",6,7,12,3,7,8,16,8,6,11
"EIF2A",1,0,1,1,2,0,3,4,4,6
"SELENOT",14,2,8,4,5,4,9,12,7,8
"ERICH6",0,0,1,1,1,0,0,0,0,0
"ERICH6-AS1",0,0,0,0,0,0,1,0,0,1
"SIAH2",1,0,0,0,2,1,2,3,1,3
"CLRN1-AS1",0,0,0,0,0,0,1,0,0,0
"MINDY4B",0,0,0,0,0,0,0,0,0,0
"AC020636.2",0,0,0,0,0,0,0,0,0,0
"CLRN1",0,0,0,0,0,0,0,0,0,0
"MED12L",3,2,4,3,18,3,3,5,2,5
"GPR171",0,0,0,0,0,0,0,1,0,0
"P2RY14",12,3,2,9,15,13,5,25,11,2
"GPR87",0,0,0,0,0,0,0,0,0,0
"P2RY13",0,0,0,0,0,0,0,0,0,0
"P2RY12",0,0,0,1,2,0,1,0,0,1
"IGSF10",0,0,1,0,0,0,1,1,0,1
"LINC02066",0,0,0,0,0,0,0,0,0,1
"AADACL2-AS1",0,0,1,0,0,0,0,0,0,2
"SUCNR1",0,0,0,0,0,0,0,0,0,0
"AC108718.1",0,0,0,0,0,0,0,0,0,0
"MBNL1",22,28,27,15,64,23,80,47,34,51
"MBNL1-AS1",0,0,0,0,0,0,0,0,0,0
"AC026347.1",0,0,0,0,0,0,0,2,0,1
"P2RY1",0,0,0,0,0,0,0,0,0,0
"AC117394.2",0,0,0,0,0,0,0,0,0,0
"RAP2B",0,0,0,1,2,0,1,0,2,0
"AC078788.1",0,0,0,0,0,1,1,0,0,0
"LINC02083",0,0,0,0,0,0,0,0,0,0
"C3orf79",0,0,0,0,0,0,0,0,0,0
"AC068985.1",0,0,1,0,0,0,0,0,0,1
"ARHGEF26",0,1,4,1,1,2,3,1,4,0
"DHX36",8,8,4,2,5,4,10,6,2,3
"GPR149",0,0,0,0,0,0,0,0,0,0
"AC092994.1",0,0,0,0,0,0,0,0,0,0
"AC073359.2",0,0,0,0,0,0,0,0,0,0
"MME",0,0,0,0,0,0,1,1,0,0
"MME-AS1",0,0,0,0,0,0,0,0,0,0
"DWORF",0,0,0,0,0,0,0,0,0,0
"PLCH1",0,1,0,0,1,2,0,1,2,0
"PLCH1-AS1",0,0,0,0,0,0,0,0,0,0
"C3orf33",0,0,0,0,0,1,0,0,1,0
"AC104472.3",0,0,1,0,0,0,0,0,0,0
"GMPS",3,2,5,0,4,4,5,5,2,9
"KCNAB1",11,4,8,4,9,16,8,17,4,12
"KCNAB1-AS2",0,0,0,0,0,0,0,0,0,0
"KCNAB1-AS1",0,0,0,0,0,0,0,0,0,0
"AC084036.1",0,0,0,0,0,0,1,0,0,0
"SSR3",2,2,1,6,4,5,6,8,6,6
"TIPARP-AS1",0,0,1,0,0,0,0,0,0,0
"TIPARP",1,8,4,2,5,1,5,4,4,6
"LINC00886",1,0,1,0,0,1,0,2,0,2
"LEKR1",1,0,0,0,0,0,2,0,0,1
"LINC00880",0,0,0,0,0,0,0,0,0,0
"LINC02029",0,0,0,1,0,0,0,0,0,0
"LINC00881",0,0,0,0,0,0,0,0,0,0
"CCNL1",8,7,4,6,6,12,12,16,4,16
"AC104411.1",0,0,0,0,0,0,0,0,0,0
"VEPH1",0,0,0,0,0,0,0,0,0,0
"PTX3",0,0,0,0,0,0,0,0,0,0
"PQLC2L",0,0,0,0,0,0,0,0,0,0
"AC079943.2",0,0,0,0,0,1,0,2,0,0
"RSRC1",8,4,7,3,12,6,12,12,14,14
"AC106707.1",0,1,1,0,0,0,3,0,0,1
"MLF1",2,0,2,0,0,1,0,1,0,0
"GFM1",6,3,4,2,3,1,3,3,1,2
"LXN",0,1,0,0,3,2,1,2,2,3
"AC080013.6",0,0,0,0,0,0,0,0,0,0
"RARRES1",0,0,4,0,4,0,2,1,0,2
"MFSD1",3,3,2,1,3,3,3,2,3,4
"AC080013.5",0,0,1,0,0,0,0,0,0,0
"IQCJ-SCHIP1",18,11,18,5,11,2,14,3,7,30
"IQCJ-SCHIP1-AS1",0,0,0,0,0,0,0,0,0,0
"IL12A-AS1",0,0,1,0,1,0,0,1,1,1
"IL12A",0,0,0,0,0,0,0,1,0,1
"LINC01100",0,0,0,0,0,0,0,0,0,0
"C3orf80",1,0,1,0,0,0,0,0,0,0
"AC079594.2",2,1,0,3,2,1,6,1,1,3
"SMC4",0,2,3,0,1,2,7,7,2,2
"TRIM59",1,1,1,0,1,0,1,1,0,0
"KPNA4",4,4,4,2,7,0,8,5,7,15
"AC069224.1",1,0,0,0,1,0,2,1,0,1
"PPM1L",7,7,10,2,14,16,12,9,7,6
"B3GALNT1",0,0,0,1,2,1,1,1,1,5
"NMD3",5,4,1,3,3,2,4,8,4,4
"SPTSSB",1,1,1,1,1,0,0,0,0,0
"LINC02067",0,0,0,0,0,0,0,0,0,0
"OTOL1",0,0,0,0,0,0,0,0,0,0
"AC128685.1",0,0,0,0,0,0,0,0,0,0
"LINC01192",0,1,0,0,0,0,0,1,0,0
"LINC01323",0,0,0,0,0,0,0,0,0,0
"LINC01324",2,0,0,0,0,1,0,0,0,0
"SI",0,0,0,0,0,0,0,1,0,0
"LINC02023",0,0,0,0,0,0,0,0,0,0
"SLITRK3",0,0,0,0,0,0,1,0,1,0
"LINC01322",2,1,10,0,5,7,5,7,1,8
"BCHE",0,1,1,0,0,1,1,0,0,0
"AC069439.2",0,0,0,0,0,0,0,0,0,0
"ZBBX",0,0,1,0,0,0,0,0,0,0
"LINC01327",0,0,0,0,0,0,0,0,0,0
"SERPINI2",0,0,0,0,0,1,2,0,1,0
"WDR49",0,0,0,0,1,1,3,1,0,0
"PDCD10",2,1,4,1,3,2,4,4,3,3
"SERPINI1",5,3,7,7,8,3,5,4,4,4
"AC026353.1",0,0,0,0,0,0,0,0,0,0
"GOLIM4",4,5,1,2,3,3,13,4,5,11
"AC124893.1",0,0,1,0,0,0,0,0,0,0
"LINC02082",0,1,0,0,0,0,0,0,0,0
"AC092954.1",0,0,0,0,0,0,0,0,0,0
"AC092954.2",0,0,0,0,0,0,0,0,0,0
"MECOM",28,20,28,26,60,36,124,48,25,45
"AC074033.1",0,0,0,0,0,0,0,0,0,1
"ACTRT3",0,0,0,0,0,0,0,1,0,0
"AC078802.1",0,0,0,0,0,0,0,0,0,0
"MYNN",2,2,2,0,1,1,9,4,2,3
"AC078795.1",0,0,0,0,0,0,0,0,0,0
"LRRC34",2,0,3,0,0,0,0,0,0,1
"AC078795.3",0,0,0,0,0,0,0,0,0,0
"AC078795.2",0,0,0,0,0,0,0,0,0,0
"LRRIQ4",1,0,0,0,0,0,0,1,0,0
"LRRC31",0,0,0,0,0,0,0,0,0,0
"SAMD7",0,1,0,0,0,0,0,0,0,0
"AC008040.1",0,0,0,0,0,0,0,0,0,0
"SEC62",17,11,11,11,14,13,17,23,18,15
"SEC62-AS1",0,0,0,0,0,0,0,0,0,0
"GPR160",0,0,0,0,0,0,0,0,1,0
"PHC3",10,6,9,6,9,2,17,12,9,18
"AC008040.5",0,0,0,0,0,0,0,0,0,0
"PRKCI",6,2,5,0,3,1,7,3,2,7
"AC073288.1",0,0,0,0,0,0,0,0,0,0
"SKIL",8,4,5,2,3,4,13,4,1,9
"AC073288.2",0,0,0,0,0,0,0,0,0,0
"AC026316.5",17,13,28,5,33,4,59,6,9,44
"SLC7A14",3,5,6,2,10,2,3,0,0,8
"AC026316.2",1,0,1,0,0,0,0,0,0,0
"RPL22L1",0,0,2,0,0,0,4,0,0,3
"EIF5A2",0,0,1,0,2,0,2,1,0,1
"SLC2A2",0,0,1,0,0,0,0,0,0,1
"TNIK",11,4,11,16,17,5,8,5,2,22
"PLD1",16,12,16,3,14,3,13,8,14,39
"TMEM212",0,0,0,0,1,0,0,0,0,0
"TMEM212-AS1",0,0,0,0,0,0,0,0,0,0
"FNDC3B",24,14,17,8,19,9,39,21,15,31
"TNFSF10",4,2,2,1,7,2,3,2,3,2
"LINC02068",0,0,0,0,0,0,0,0,0,0
"NCEH1",0,6,2,1,8,0,11,2,2,2
"ECT2",0,0,0,0,3,3,1,2,0,1
"SPATA16",0,0,0,0,1,0,0,0,0,0
"AC068759.1",0,0,0,0,0,0,0,0,0,0
"NLGN1",17,16,29,35,38,15,44,37,36,33
"NLGN1-AS1",0,0,0,0,0,0,0,0,0,0
"NAALADL2",20,6,7,4,19,1,13,13,7,25
"NAALADL2-AS2",0,0,0,0,0,0,0,0,0,0
"NAALADL2-AS1",1,0,0,0,0,0,0,0,0,0
"LINC01208",0,0,0,0,0,0,0,0,0,0
"AC092920.1",0,1,0,0,0,0,0,0,0,0
"TBL1XR1",13,6,11,7,29,10,29,13,12,24
"TBL1XR1-AS1",0,0,0,0,0,0,0,0,0,0
"LINC00501",0,0,0,0,0,0,1,0,0,0
"AC117465.1",0,0,0,0,0,0,0,0,0,0
"LINC00578",0,0,0,0,1,1,0,0,1,0
"LINC02015",0,0,0,0,0,0,0,0,0,0
"AC007953.2",0,0,0,0,0,0,0,0,0,0
"AC109779.1",2,0,1,0,0,1,1,0,0,0
"KCNMB2",1,0,0,0,0,0,0,0,0,0
"KCNMB2-AS1",0,0,3,1,2,3,11,2,3,5
"ZMAT3",2,3,5,3,4,4,2,7,0,7
"AC076966.1",0,0,2,0,0,0,1,0,0,1
"PIK3CA",8,5,6,6,13,4,20,8,6,29
"KCNMB3",2,0,5,1,3,0,3,3,0,4
"ZNF639",0,1,1,0,0,2,1,1,0,0
"AC007823.1",0,0,0,0,1,0,0,0,0,0
"MFN1",5,1,4,0,2,2,8,1,4,6
"GNB4",5,8,6,1,10,7,9,2,4,4
"AC007620.2",0,0,0,0,0,0,0,0,0,0
"AC007620.3",0,0,0,0,0,0,0,0,0,0
"ACTL6A",0,3,1,2,1,1,5,5,1,2
"AC090425.2",0,0,0,0,0,0,0,0,0,0
"MRPL47",1,0,2,1,3,1,4,2,1,1
"NDUFB5",3,5,2,0,4,4,4,2,2,6
"USP13",0,3,0,1,5,0,8,5,4,2
"PEX5L",19,11,31,35,36,12,41,16,9,63
"AC007687.1",0,0,0,0,0,0,0,0,0,0
"PEX5L-AS1",0,0,0,0,0,0,0,0,0,0
"PEX5L-AS2",0,0,0,0,0,0,0,0,0,0
"AC125618.1",0,0,0,0,0,1,0,0,0,0
"TTC14",7,6,11,3,11,11,30,16,11,26
"CCDC39",1,0,1,0,0,0,1,0,0,0
"CCDC39-1",1,0,0,0,1,0,0,0,1,2
"CCDC39-AS1",0,0,0,0,0,0,0,0,0,0
"FXR1",4,3,3,2,8,10,17,9,9,12
"DNAJC19",3,0,3,0,4,1,4,2,1,2
"AC022294.1",0,0,0,0,0,0,0,0,0,0
"AC125613.1",1,1,0,3,1,1,1,0,0,3
"SOX2",1,0,1,3,0,0,6,5,0,2
"LINC01206",0,0,0,0,0,0,0,0,0,0
"AC012081.1",0,0,0,0,0,0,0,0,0,0
"LINC01994",0,0,0,0,0,0,0,0,0,0
"LINC01995",0,0,0,0,0,0,0,0,0,0
"AC069431.1",0,0,0,0,1,0,0,0,0,0
"ATP11B",10,5,9,6,6,8,15,6,2,8
"AC092953.2",0,0,0,0,0,0,0,0,0,0
"DCUN1D1",5,3,3,2,8,4,3,6,3,8
"MCCC1",2,2,0,1,5,1,7,4,2,8
"MCCC1-AS1",0,0,0,0,0,0,0,0,0,0
"LAMP3",0,0,0,0,0,0,0,0,1,0
"MCF2L2",4,1,2,1,3,3,3,2,2,5
"B3GNT5",0,0,0,0,0,1,1,0,1,1
"KLHL6",1,1,0,0,2,0,0,0,0,0
"KLHL6-AS1",0,0,0,0,0,0,0,0,0,0
"KLHL24",7,6,10,4,7,4,15,11,11,18
"YEATS2",5,5,2,1,6,4,10,3,2,6
"YEATS2-AS1",1,0,0,0,0,0,0,0,0,0
"AC131160.1",0,0,0,0,0,0,0,0,0,0
"ABCC5",3,3,5,4,3,4,6,5,5,5
"ABCC5-AS1",0,0,0,0,0,0,0,0,0,0
"HTR3C",0,0,0,0,0,0,0,0,0,0
"HTR3E-AS1",0,0,0,0,0,0,0,0,0,0
"HTR3E",0,0,0,0,0,0,1,1,1,1
"AC131235.4",0,0,0,0,0,0,0,0,0,0
"AC131235.3",0,0,0,0,0,0,0,0,0,0
"EIF2B5",2,1,4,0,1,0,3,1,2,3
"DVL3",1,0,0,3,3,2,1,2,1,1
"AP2M1",5,3,8,7,8,10,18,18,8,12
"ABCF3",1,0,3,1,1,2,0,0,0,1
"VWA5B2",0,0,0,0,1,0,0,0,0,0
"ALG3",0,3,0,0,3,2,3,0,0,0
"EEF1AKMT4-ECE2",0,0,0,0,1,0,0,0,0,1
"CAMK2N2",0,0,0,0,0,0,0,0,0,0
"PSMD2",2,2,3,1,2,6,7,6,1,1
"EIF4G1",3,0,0,2,3,3,7,3,2,3
"FAM131A",5,0,1,0,1,0,2,0,1,3
"CLCN2",0,0,0,0,0,0,0,0,0,1
"POLR2H",2,0,1,2,2,0,6,2,3,1
"THPO",0,0,0,0,0,0,0,0,0,0
"CHRD",0,0,0,0,1,0,1,1,1,0
"LINC02054",0,0,0,0,1,1,0,0,1,0
"LINC01840",0,0,1,0,1,1,0,0,0,2
"EPHB3",0,0,0,0,0,0,0,1,0,0
"MAGEF1",1,0,2,0,0,2,3,1,0,0
"AC107294.2",0,0,0,0,0,0,0,1,0,0
"AC107294.3",0,0,0,0,0,0,0,0,0,0
"AC107294.1",0,0,0,0,0,0,0,0,0,0
"LINC02069",0,0,0,0,0,0,0,0,0,0
"VPS8",4,5,6,2,11,3,18,12,9,18
"C3orf70",0,0,0,1,2,0,1,1,0,0
"EHHADH-AS1",0,0,0,0,0,0,0,0,0,0
"EHHADH",2,0,0,0,1,0,2,0,0,1
"MAP3K13",5,1,8,2,17,8,14,12,6,22
"TMEM41A",1,1,1,0,2,0,2,1,2,2
"LIPH",1,0,0,0,0,0,0,1,0,0
"SENP2",4,1,4,1,5,2,7,4,3,5
"IGF2BP2",1,1,0,1,3,0,4,2,1,8
"IGF2BP2-AS1",0,0,0,0,0,0,1,0,0,0
"TRA2B",11,11,11,3,11,4,15,15,9,23
"ETV5",3,1,3,2,2,0,2,2,0,3
"ETV5-AS1",0,0,0,0,0,0,0,0,0,0
"DGKG",7,2,9,1,6,9,12,9,4,6
"CRYGS",1,0,0,0,0,2,1,0,1,0
"TBCCD1",1,0,1,0,1,0,3,2,0,3
"DNAJB11",0,0,0,3,0,0,0,1,0,1
"AC068631.1",0,0,0,0,1,0,1,0,0,0
"AC068631.2",0,2,4,0,3,0,0,2,1,0
"AHSG",0,0,0,0,0,0,0,0,0,0
"FETUB",0,0,0,0,0,0,0,0,0,0
"HRG",0,0,0,0,0,0,0,0,0,0
"KNG1",0,0,0,0,0,0,0,0,0,0
"AC112907.3",0,0,0,0,0,0,0,0,0,0
"EIF4A2",11,8,17,7,13,25,33,23,21,13
"RFC4",0,0,0,0,0,2,1,0,1,3
"AC112907.1",1,0,0,0,2,0,1,1,1,0
"LINC02043",2,0,2,0,1,0,4,0,0,1
"ADIPOQ",0,0,0,0,0,0,0,0,0,0
"ST6GAL1",11,9,13,5,49,16,41,12,14,22
"RPL39L",0,0,0,0,0,0,0,0,1,0
"AC007920.1",0,0,0,0,0,0,0,0,0,0
"RTP1",0,0,0,0,0,0,0,0,0,0
"MASP1",1,0,0,0,1,1,1,0,1,1
"AC007920.2",0,0,1,0,0,0,0,0,0,0
"RTP4",0,0,0,0,0,0,0,0,0,0
"SST",3,0,0,0,0,0,0,0,5,0
"AC072022.1",0,0,0,0,0,0,0,0,0,0
"BCL6",0,5,9,3,8,2,13,6,15,10
"AC022498.1",0,0,0,0,0,0,0,0,0,1
"LPP-AS2",0,0,0,0,0,0,0,0,0,0
"LPP",25,21,37,19,54,57,60,37,36,89
"LPP-AS1",0,0,0,0,0,0,0,0,0,0
"TPRG1-AS1",0,0,0,0,0,0,0,0,0,0
"TPRG1",0,0,1,2,4,2,0,1,2,0
"TP63",7,0,0,0,2,0,2,6,3,7
"P3H2",1,1,1,1,2,1,0,0,2,2
"P3H2-AS1",1,0,0,0,0,0,0,0,0,0
"CLDN1",0,0,0,0,0,0,0,0,0,0
"CLDN16",0,0,1,0,0,0,0,0,0,0
"TMEM207",0,0,0,0,0,0,0,0,0,0
"IL1RAP",1,1,1,1,1,1,4,2,2,3
"GMNC",0,0,0,0,0,0,0,0,0,0
"OSTN",0,0,0,0,0,0,0,1,0,0
"OSTN-AS1",0,0,0,0,0,0,0,0,0,0
"UTS2B",0,0,0,0,0,0,0,0,0,0
"CCDC50",4,5,3,5,6,7,19,7,8,12
"AC073365.1",2,2,1,0,4,0,1,0,1,0
"AC026320.1",0,0,0,0,0,0,0,0,0,0
"FGF12",7,9,17,8,12,3,7,7,10,4
"FGF12-AS1",0,0,0,0,0,0,0,0,0,0
"FGF12-AS3",0,0,0,0,0,0,0,0,0,0
"MB21D2",3,0,0,0,1,2,1,2,0,2
"AC092966.1",0,0,0,0,0,1,0,0,0,0
"HRASLS",0,0,0,0,0,0,0,1,0,0
"ATP13A5",1,0,0,0,0,0,0,0,0,0
"ATP13A5-AS1",0,0,0,0,0,0,0,0,0,0
"ATP13A4",0,0,1,0,3,0,1,0,1,2
"ATP13A4-AS1",0,0,0,0,0,0,0,0,0,0
"OPA1",5,3,6,5,4,1,14,7,5,5
"OPA1-AS1",2,0,1,0,1,0,1,1,1,0
"LINC02026",1,0,0,0,0,0,0,0,0,1
"AC024559.1",0,0,0,0,0,0,0,0,0,0
"AC024559.2",0,0,0,0,0,0,0,0,0,0
"AC080129.1",0,1,0,0,0,0,0,0,0,0
"AC080129.2",0,0,0,0,0,0,0,0,0,0
"HES1",23,17,39,11,18,12,35,20,2,34
"LINC02036",0,0,0,0,0,0,0,0,0,1
"LINC00887",0,0,0,0,0,0,0,0,0,3
"CPN2",0,0,0,0,0,0,0,0,1,0
"LRRC15",0,0,0,0,0,0,0,0,0,0
"ATP13A3",2,2,8,5,6,7,7,5,8,14
"LINC00884",0,2,0,0,1,0,0,1,0,0
"TMEM44-AS1",2,0,1,0,2,1,6,1,2,0
"TMEM44",1,1,2,1,2,0,5,2,1,5
"AC046143.1",0,0,0,0,0,0,1,1,0,1
"AC046143.2",0,0,0,0,0,0,0,0,0,0
"LSG1",2,1,1,1,2,2,3,3,3,2
"FAM43A",4,4,3,0,2,1,11,2,4,3
"LINC01968",0,0,0,0,0,1,0,0,0,0
"LINC01972",0,0,0,0,0,0,0,0,0,0
"AC090505.2",0,0,0,0,0,0,0,0,0,0
"XXYLT1",6,5,6,2,9,1,6,1,4,4
"XXYLT1-AS2",1,0,2,0,1,1,2,0,0,1
"ACAP2",11,8,17,7,20,13,30,15,9,26
"PPP1R2",9,5,5,2,5,1,8,6,3,6
"AC069213.1",0,0,0,0,0,0,0,0,0,0
"APOD",66,37,197,10,80,208,132,124,185,85
"AC233280.1",0,0,0,0,1,0,0,0,0,1
"MUC20-OT1",13,9,26,6,27,11,25,11,12,18
"MUC20",0,0,0,0,0,0,0,0,1,0
"MUC4",0,0,0,0,0,0,0,0,0,3
"LINC01983",0,0,0,0,0,0,0,0,0,0
"TNK2",0,1,1,3,3,0,7,1,1,4
"AC124944.1",0,0,0,0,1,0,0,0,0,0
"TFRC",3,3,9,3,18,5,55,5,0,5
"LINC00885",0,0,0,0,0,0,0,0,0,0
"ZDHHC19",1,0,1,0,0,0,0,0,0,0
"SLC51A",0,2,1,0,2,1,0,0,0,3
"PCYT1A",0,1,0,1,4,1,5,1,1,1
"AC069257.3",0,0,0,0,0,0,0,0,0,0
"TM4SF19-AS1",0,0,0,0,0,0,0,0,0,0
"UBXN7",3,2,3,5,8,3,1,3,5,7
"RNF168",6,1,3,5,6,2,7,4,1,5
"AC117490.2",0,0,0,0,0,0,0,0,0,0
"SMCO1",0,0,1,0,0,0,0,0,0,0
"WDR53",0,0,1,0,0,1,1,1,0,1
"FBXO45",1,0,0,0,1,1,1,0,0,1
"LINC01063",0,0,0,0,1,0,1,0,0,0
"PIGX",0,1,4,1,2,2,0,0,0,2
"CEP19",0,0,0,0,0,0,1,0,2,1
"PAK2",7,5,5,6,6,3,14,8,7,12
"SENP5",3,4,8,2,4,5,11,2,8,10
"NCBP2",1,1,1,0,0,2,3,3,1,0
"NCBP2-AS1",0,0,0,0,0,0,0,0,0,0
"NCBP2-AS2",5,2,1,2,1,2,1,2,3,2
"PIGZ",2,1,0,1,2,0,1,1,0,2
"MELTF",1,1,0,0,1,1,1,0,1,0
"MELTF-AS1",0,0,0,1,0,0,0,1,0,0
"DLG1",16,24,31,25,38,28,60,27,13,62
"DLG1-AS1",0,0,0,0,0,0,0,0,0,0
"AC128709.2",0,0,0,0,0,0,0,0,0,0
"AC128709.3",0,0,0,0,0,0,0,0,0,0
"LINC02012",0,0,0,1,0,0,0,0,0,0
"BDH1",1,0,2,1,1,0,0,0,0,0
"AC024560.3",0,0,0,0,0,0,0,0,0,0
"AC024560.1",0,0,0,0,0,0,0,1,0,0
"RUBCN",0,0,2,4,0,0,2,1,0,8
"FYTTD1",7,2,4,0,2,1,10,4,3,6
"AC055764.2",0,0,0,0,0,0,0,0,0,0
"LRCH3",3,5,18,12,17,11,20,6,10,15
"IQCG",5,0,5,2,6,2,7,0,2,7
"RPL35A",13,6,17,5,17,24,17,25,18,12
"LMLN",1,0,0,0,2,0,1,2,0,2
"LMLN-AS1",0,0,0,0,0,0,0,0,0,0
"ZNF595",1,0,3,1,1,0,1,2,2,1
"ZNF718",2,2,4,2,5,3,8,5,5,4
"ZNF732",0,0,0,0,0,0,0,0,0,0
"ZNF141",2,1,3,1,1,3,4,4,4,0
"AC092574.2",0,2,1,0,0,0,0,2,1,1
"AC092574.1",0,0,0,0,0,0,0,0,0,0
"ZNF721",2,6,2,8,15,1,6,5,9,13
"PIGG",4,1,0,1,1,2,2,0,1,0
"AC116565.1",0,0,1,0,0,0,0,0,0,0
"AC116565.2",0,0,0,0,0,0,1,1,0,0
"PDE6B",1,1,0,1,0,0,0,0,0,2
"AC107464.1",0,0,0,0,0,0,0,0,0,0
"AC107464.3",0,0,0,0,0,0,0,0,0,0
"ATP5ME",3,6,8,12,12,13,8,11,7,4
"MYL5",0,0,0,0,0,0,0,0,0,0
"SLC49A3",0,0,0,0,0,0,0,0,0,1
"PCGF3",0,1,2,3,5,0,8,4,1,4
"AC139887.4",0,0,0,0,0,0,0,0,0,0
"AC139887.2",3,1,3,1,3,4,9,4,1,13
"CPLX1",5,3,5,0,2,2,11,2,0,3
"GAK",1,3,6,2,7,3,5,2,3,1
"TMEM175",1,0,1,1,3,1,4,1,1,3
"DGKQ",0,0,1,1,0,0,0,0,0,1
"SLC26A1",0,0,0,0,0,0,0,0,0,0
"IDUA",1,0,0,0,0,0,2,0,0,0
"FGFRL1",0,1,0,0,0,0,1,1,0,0
"RNF212",0,0,1,0,0,0,1,0,0,0
"AC092535.3",0,0,0,0,0,0,0,1,0,1
"AC092535.1",0,0,0,0,0,0,0,0,0,0
"SPON2",2,1,4,0,0,0,0,0,0,0
"AC092535.4",0,0,0,0,0,0,0,0,0,1
"CTBP1-AS",0,1,0,0,1,0,0,1,0,2
"CTBP1",4,5,4,2,4,3,10,3,5,1
"CTBP1-DT",4,0,0,1,0,0,3,2,0,1
"MAEA",1,1,0,1,3,1,4,4,5,3
"UVSSA",3,2,2,2,6,0,2,2,0,2
"AC147067.1",1,0,0,0,0,0,0,0,0,0
"FAM53A",1,0,0,0,0,0,1,0,0,0
"SLBP",2,3,2,0,1,2,0,3,3,3
"AC016773.1",0,0,0,1,0,0,0,0,0,0
"TMEM129",1,0,1,3,0,0,1,0,0,3
"TACC3",0,0,0,0,0,0,0,0,1,2
"FGFR3",0,1,2,1,3,0,0,3,1,0
"LETM1",0,0,1,0,1,2,3,2,3,4
"NSD2",2,3,6,4,11,0,7,4,2,10
"NELFA",1,2,3,1,3,1,4,1,1,7
"C4orf48",6,4,3,5,7,4,0,1,3,3
"NAT8L",2,3,1,4,2,0,7,3,1,1
"POLN",0,0,2,0,1,3,2,1,0,4
"AL136360.2",0,0,0,0,0,0,0,0,0,0
"MXD4",1,1,2,5,3,1,7,4,0,4
"ZFYVE28",1,6,9,4,12,4,19,8,4,8
"AL158068.2",1,1,0,1,2,1,2,1,1,1
"CFAP99",0,0,0,0,0,0,0,0,0,0
"RNF4",1,1,0,0,3,2,1,3,2,2
"FAM193A",4,0,10,5,13,0,7,3,4,9
"TNIP2",0,1,2,1,2,3,5,1,1,0
"SH3BP2",2,0,3,1,1,0,2,2,1,1
"ADD1",10,16,21,13,26,11,35,11,12,20
"MFSD10",2,4,2,2,3,4,5,4,1,7
"NOP14-AS1",0,1,1,0,0,0,0,0,0,0
"NOP14",0,1,0,0,0,1,0,1,1,0
"GRK4",3,1,3,1,3,1,2,4,1,6
"HTT-AS",0,0,0,0,0,1,0,0,0,0
"HTT",10,1,6,2,11,6,6,3,4,7
"MSANTD1",0,0,0,0,0,0,0,0,0,0
"RGS12",1,3,3,1,7,3,5,2,1,6
"HGFAC",0,0,0,0,0,0,0,1,1,0
"DOK7",0,0,0,0,0,0,0,0,0,0
"LRPAP1",6,3,10,1,10,3,6,11,2,6
"AL590235.2",0,0,0,1,0,0,0,0,0,0
"AC141928.1",0,0,0,0,0,0,0,0,0,0
"ADRA2C",1,0,0,1,0,0,1,1,0,0
"OTOP1",0,0,0,0,0,0,0,0,0,0
"TMEM128",1,0,1,0,0,0,3,0,2,1
"LYAR",1,0,0,1,0,3,2,1,1,2
"ZBTB49",0,0,1,1,1,0,0,0,0,1
"AC105415.1",0,0,0,0,0,0,0,0,0,0
"NSG1",3,2,1,1,3,0,1,0,0,0
"STX18",6,3,4,1,4,1,9,5,6,2
"STX18-AS1",1,0,2,2,3,0,2,2,1,8
"LINC01396",0,0,0,0,0,0,0,0,0,0
"MSX1",0,1,2,1,1,1,4,1,1,4
"CYTL1",5,0,1,0,1,0,1,0,1,1
"STK32B",0,0,1,1,1,0,0,1,0,2
"EVC2",0,2,5,0,2,3,0,0,1,3
"EVC",1,0,0,0,1,1,0,0,0,2
"CRMP1",2,1,1,1,4,1,1,3,0,2
"C4orf50",1,0,0,0,1,0,0,0,0,0
"JAKMIP1",0,0,1,0,1,0,2,0,0,1
"AC113615.1",0,0,0,0,0,0,0,0,0,0
"WFS1",3,0,2,0,2,2,3,1,0,4
"PPP2R2C",2,1,2,1,2,1,2,1,0,3
"MAN2B2",0,0,1,1,5,1,2,0,2,3
"MRFAP1",5,7,6,6,7,9,5,8,6,9
"LINC02482",2,0,0,1,0,1,0,2,0,0
"AC093323.1",2,0,0,0,0,0,0,0,0,1
"LINC002481",0,0,0,0,0,0,0,0,0,0
"S100P",0,0,0,0,0,0,0,0,0,0
"MRFAP1L1",2,0,1,0,2,1,5,1,1,3
"BLOC1S4",1,1,0,0,1,0,0,0,0,2
"KIAA0232",4,11,12,8,9,6,19,11,3,19
"TBC1D14",2,0,4,3,2,0,5,1,0,3
"AC097382.2",0,0,0,0,0,0,0,0,0,1
"TADA2B",0,0,0,0,1,2,3,0,0,0
"GRPEL1",0,1,2,2,0,3,1,4,1,2
"LINC02447",0,0,0,0,0,0,0,0,0,0
"SORCS2",2,2,4,2,0,1,2,1,1,4
"AFAP1-AS1",0,0,0,0,0,0,0,1,0,0
"AFAP1",2,6,2,4,5,1,4,2,2,14
"ABLIM2",3,2,4,1,4,2,7,0,2,3
"AC097381.3",0,0,0,0,0,0,0,0,0,0
"SH3TC1",0,4,2,1,3,1,2,0,0,4
"HTRA3",0,0,0,0,2,1,0,0,0,0
"AC104825.1",0,0,0,0,0,0,0,0,0,0
"ACOX3",1,0,1,1,5,0,2,1,0,1
"TRMT44",2,1,2,0,2,0,1,2,0,2
"AC105345.1",0,0,1,0,0,0,0,0,0,0
"GPR78",0,0,0,0,0,0,0,0,1,0
"HMX1",0,1,0,0,0,0,0,0,1,0
"FAM90A26",0,0,0,0,0,0,0,0,0,0
"DEFB131A",0,0,0,0,0,0,0,0,0,0
"SLC2A9",0,0,1,0,2,0,3,2,0,1
"DRD5",1,0,0,0,0,0,0,0,0,0
"WDR1",3,6,0,1,7,8,3,2,2,3
"ZNF518B",2,1,0,0,0,1,0,0,0,0
"CLNK",1,1,0,0,4,0,1,0,0,1
"HS3ST1",0,0,0,0,1,1,1,2,2,2
"AC025539.1",0,0,0,0,0,0,0,0,0,0
"AC005699.1",1,0,0,0,2,0,1,0,1,2
"LINC02360",0,0,0,0,0,0,0,0,0,1
"LINC02270",0,0,0,0,0,0,0,0,0,0
"AC007370.2",0,1,0,0,0,0,0,0,0,0
"AC007370.1",0,0,0,0,0,0,0,0,0,0
"RAB28",6,3,6,1,4,1,10,6,8,10
"BOD1L1",7,3,3,5,8,3,9,3,4,5
"LINC01182",0,0,0,0,0,0,2,0,2,2
"AC007126.1",0,0,0,0,0,0,0,0,0,0
"AC073848.1",0,0,0,0,0,0,0,0,0,0
"AC092546.1",0,0,0,0,0,0,0,0,0,0
"AC006296.2",0,0,0,0,0,0,0,0,0,0
"AC006296.1",0,0,0,0,0,0,0,0,0,0
"LINC00504",0,0,0,0,0,0,3,0,0,2
"CPEB2-DT",1,1,0,0,0,1,0,1,1,0
"CPEB2",2,0,4,1,9,4,9,6,8,14
"AC098829.1",4,4,2,3,11,4,5,4,5,17
"C1QTNF7",5,3,2,1,0,1,1,2,2,1
"CC2D2A",5,2,3,2,9,1,3,2,3,5
"AC116651.1",0,0,0,0,0,0,0,0,0,0
"FBXL5",4,9,10,4,17,4,16,8,9,13
"FAM200B",1,4,1,2,3,4,5,5,3,6
"BST1",0,0,1,0,0,1,0,0,0,0
"CD38",0,0,2,0,0,0,0,2,0,0
"FGFBP2",0,0,0,0,0,0,0,0,0,0
"PROM1",0,0,1,0,4,0,4,0,1,0
"TAPT1",4,1,2,6,0,3,7,1,1,9
"TAPT1-AS1",9,3,7,6,11,9,10,9,2,10
"AC097515.1",0,1,0,0,0,0,0,0,0,0
"LDB2",17,5,18,15,25,16,34,15,9,39
"AC106894.1",0,0,0,1,0,0,0,0,0,0
"LINC02493",0,0,0,0,0,0,0,0,1,0
"QDPR",7,26,36,35,26,15,34,9,7,25
"CLRN2",1,0,0,0,0,0,1,0,0,0
"LAP3",1,2,2,2,2,2,7,4,2,2
"AC006160.1",1,1,1,2,3,0,4,0,0,0
"MED28",3,4,3,1,1,0,4,4,2,4
"FAM184B",2,1,1,2,4,5,2,3,2,10
"DCAF16",3,0,1,2,0,1,2,1,3,3
"NCAPG",0,0,0,0,0,0,0,0,0,1
"LCORL",5,4,5,5,9,15,34,10,12,13
"LINC02438",0,0,0,0,0,1,0,0,0,0
"AC024230.1",5,1,3,2,6,6,12,8,3,3
"SLIT2",10,2,5,5,9,5,2,4,6,116
"PACRGL",7,1,6,1,1,3,1,2,1,5
"KCNIP4",29,27,82,24,75,9,39,11,18,19
"AC097505.1",0,0,0,0,0,0,0,0,0,0
"AC110296.1",0,0,0,0,1,0,0,0,0,0
"AC096576.3",0,0,1,0,0,0,0,0,0,0
"AC096576.2",0,0,0,0,1,0,0,0,0,0
"AC096719.1",0,0,0,0,0,0,1,0,0,0
"ADGRA3",3,1,0,2,4,1,1,3,0,3
"AC097512.1",0,0,0,0,0,0,0,0,0,0
"AC114912.1",0,0,0,0,0,0,0,0,0,0
"AC092440.1",0,0,0,0,0,0,0,0,0,0
"AC093607.1",1,0,0,0,0,0,0,0,0,0
"ERVH-1",0,0,0,0,0,0,0,0,0,0
"PPARGC1A",2,0,1,2,2,3,1,1,2,4
"AC092834.1",0,0,0,0,0,0,0,0,0,0
"DHX15",5,4,6,3,4,6,12,7,4,7
"LINC02473",1,1,1,0,0,0,1,0,0,1
"SOD3",2,1,3,0,4,4,0,5,5,3
"CCDC149",1,2,4,0,2,3,8,2,0,1
"LGI2",0,1,2,1,0,0,0,0,1,1
"SEPSECS",1,1,0,0,0,1,2,3,1,1
"AC104662.2",1,0,0,1,0,0,1,0,1,0
"PI4K2B",0,0,1,0,0,1,0,0,0,0
"ZCCHC4",0,0,1,0,1,1,3,3,0,0
"ANAPC4",3,2,1,0,3,0,3,2,5,3
"AC092436.2",0,0,0,0,0,0,0,0,0,0
"SLC34A2",0,0,0,0,1,0,0,1,0,0
"SEL1L3",1,0,0,0,1,0,0,2,0,2
"AC092436.4",0,0,0,0,0,0,0,0,0,0
"SMIM20",1,0,1,1,1,0,2,1,0,1
"LINC02357",0,0,0,0,0,0,0,0,0,0
"RBPJ",15,4,4,12,17,13,19,9,13,14
"CCKAR",0,0,0,0,0,0,0,0,0,0
"TBC1D19",5,2,9,1,8,2,12,4,6,12
"STIM2",7,4,11,5,11,5,9,9,11,11
"AC106047.1",0,0,0,0,0,0,0,0,0,0
"LINC02261",0,0,0,0,0,0,0,0,0,0
"AC007106.1",0,0,0,0,0,0,0,0,0,0
"AC109588.1",0,0,0,0,0,0,1,0,0,0
"AC097480.1",0,0,0,0,1,1,0,1,0,1
"LINC02364",0,0,0,0,0,0,0,0,0,0
"AC068944.1",0,0,0,0,0,0,0,0,0,0
"AC109349.1",0,0,0,0,0,0,0,0,0,0
"LINC02472",0,0,0,0,0,0,0,0,0,0
"PCDH7",2,4,18,3,11,2,11,6,4,9
"AC097716.1",0,0,0,0,0,0,0,0,0,0
"LINC02497",0,0,0,0,0,0,1,0,0,0
"LINC02506",0,0,0,0,0,0,0,0,0,2
"AC016687.3",0,0,0,0,0,0,0,0,0,0
"AC016687.2",0,0,1,0,1,3,1,0,0,0
"LINC02484",0,0,0,0,0,1,0,1,0,0
"AC093689.1",0,0,0,0,0,0,0,0,0,0
"ARAP2",11,19,12,17,19,15,47,13,8,28
"AC104078.1",0,1,0,0,0,0,0,0,0,0
"DTHD1",0,0,0,0,0,0,3,0,0,0
"AC104078.2",0,0,0,0,0,0,0,0,0,0
"LINC02505",0,0,0,0,0,0,0,0,0,0
"AL136537.1",0,0,0,0,0,0,0,0,0,0
"NWD2",0,0,0,0,1,0,1,0,0,1
"C4orf19",1,3,7,1,2,2,7,7,2,5
"RELL1",4,4,8,6,7,9,23,9,7,11
"PGM2",0,2,2,0,0,2,3,1,0,1
"TBC1D1",2,7,8,6,10,6,14,8,4,12
"LINC02513",0,0,0,0,0,0,0,0,0,0
"LINC01258",0,0,0,0,1,0,0,0,0,1
"LINC01259",0,0,0,0,0,0,0,0,0,0
"LINC02278",0,0,0,0,0,0,0,0,0,1
"AC021860.1",0,0,0,0,1,0,0,0,0,0
"KLF3",3,6,8,5,6,3,13,4,6,14
"TLR10",0,0,0,0,0,0,1,0,0,0
"TLR1",0,0,0,0,0,0,1,0,0,0
"FAM114A1",1,3,2,2,4,2,5,1,3,5
"TMEM156",0,0,0,0,2,1,0,0,0,1
"KLHL5",3,12,10,4,16,7,30,15,9,4
"AC079921.1",0,0,0,0,0,0,0,0,0,0
"AC079921.2",0,0,0,0,0,0,0,0,0,0
"WDR19",2,0,3,5,3,1,9,10,5,6
"RFC1",9,2,6,7,8,6,6,5,6,9
"KLB",0,0,0,0,1,0,0,0,0,0
"RPL9",0,1,0,1,0,1,1,0,1,2
"LIAS",1,0,1,1,0,3,2,4,0,2
"UGDH",3,0,1,0,2,1,2,3,1,2
"UGDH-AS1",3,1,2,1,7,4,4,2,1,12
"SMIM14",11,8,8,5,9,4,16,4,5,11
"AC108471.2",0,0,0,0,0,0,0,0,0,0
"UBE2K",9,8,15,7,14,6,17,6,9,16
"PDS5A",8,6,11,8,16,11,14,6,9,25
"N4BP2",0,0,0,1,0,0,3,2,3,4
"RHOH",0,0,0,0,0,0,0,0,0,0
"LINC02265",0,0,1,0,0,0,0,0,0,0
"CHRNA9",0,0,0,0,0,0,0,0,0,0
"RBM47",2,0,0,0,4,0,3,1,1,2
"NSUN7",0,0,0,0,1,1,1,1,0,1
"APBB2",34,23,32,30,59,19,59,24,26,43
"AC131953.1",0,0,0,0,0,0,0,0,0,0
"UCHL1-AS1",0,0,1,0,0,0,0,0,0,0
"UCHL1",6,7,7,8,11,0,3,11,2,3
"LIMCH1",20,25,25,14,45,10,53,23,15,45
"AC105389.2",0,0,0,0,0,0,0,0,0,0
"AC105389.3",0,0,0,0,0,0,0,0,0,0
"LINC00682",0,0,0,0,0,0,0,0,0,0
"AC108210.1",0,0,0,0,0,0,0,0,0,0
"TMEM33",1,1,2,1,4,2,4,6,1,3
"DCAF4L1",0,0,0,0,1,0,0,0,0,0
"AC106052.1",0,0,0,0,1,0,0,2,0,0
"SLC30A9",3,6,8,1,8,4,9,5,5,8
"BEND4",0,0,0,0,0,0,0,1,0,0
"AC111006.1",0,0,0,1,0,0,0,0,0,0
"AC024022.1",1,0,0,0,0,0,0,0,0,0
"SHISA3",0,0,1,0,0,0,1,2,1,1
"ATP8A1",15,13,12,13,12,11,43,10,7,24
"GRXCR1",0,0,0,0,1,0,0,0,0,0
"AC111198.1",0,0,0,0,0,0,0,0,0,0
"LINC02383",0,0,0,0,0,0,0,0,0,0
"AC110799.1",0,1,0,0,0,0,0,2,1,0
"LINC02475",0,0,0,0,0,0,1,0,0,0
"KCTD8",6,28,18,8,23,10,37,24,7,34
"YIPF7",0,0,0,0,1,0,2,1,0,0
"GUF1",0,1,0,0,0,1,2,3,1,1
"GNPDA2",3,0,2,0,2,0,2,2,1,2
"AC096586.1",0,0,0,0,0,0,0,0,0,0
"AC108467.1",0,0,0,0,0,0,0,0,0,0
"GABRG1",0,1,0,0,2,1,1,0,2,2
"GABRA2",3,1,3,1,7,1,0,1,1,1
"AC095060.1",0,0,0,0,0,0,0,0,0,0
"COX7B2",0,0,0,0,0,1,0,0,1,1
"GABRA4",1,1,3,1,2,2,1,0,1,0
"GABRB1",4,1,4,4,12,1,5,1,4,3
"COMMD8",0,2,1,0,0,0,4,1,2,0
"ATP10D",7,1,11,2,11,7,10,6,11,10
"CORIN",0,0,0,1,0,0,0,0,0,1
"AC107068.2",1,1,5,0,2,1,1,0,0,0
"AC107068.1",0,0,0,0,0,0,2,0,0,0
"NFXL1",1,3,0,1,2,1,5,4,1,3
"NIPAL1",0,0,1,0,3,0,0,0,0,0
"CNGA1",0,1,2,0,2,0,0,1,1,0
"TXK",0,0,1,0,0,1,0,2,0,1
"TEC",1,0,2,0,2,0,4,3,0,0
"SLAIN2",3,4,3,2,11,4,4,7,5,7
"SLC10A4",1,0,0,0,0,0,0,0,0,0
"ZAR1",0,0,0,0,0,0,0,0,0,0
"FRYL",20,23,23,31,44,31,86,22,13,50
"OCIAD1",14,4,13,4,12,12,10,8,7,14
"OCIAD1-AS1",0,0,1,0,0,0,0,0,0,0
"OCIAD2",1,1,2,2,2,2,3,1,0,1
"CWH43",0,0,0,0,0,0,0,0,0,0
"DCUN1D4",4,2,8,6,17,2,20,5,3,6
"AC027271.1",0,0,0,0,0,0,0,0,0,0
"LRRC66",2,0,0,0,2,0,0,0,0,0
"SGCB",2,1,4,0,3,7,5,4,1,4
"SPATA18",0,0,0,0,0,0,1,0,0,0
"USP46",3,0,3,0,6,1,2,4,1,4
"USP46-AS1",0,0,0,0,0,0,0,0,0,0
"AC104066.2",1,0,0,0,0,0,0,0,0,0
"ERVMER34-1",0,1,0,0,0,0,1,0,0,0
"LINC01618",0,0,0,0,0,0,0,0,0,0
"RASL11B",1,0,0,0,1,0,0,0,0,0
"SCFD2",8,4,2,1,8,5,7,8,5,13
"AC023154.1",2,0,0,0,0,0,0,0,0,0
"FIP1L1",0,0,0,0,0,0,0,0,0,0
"AC058822.1",4,1,3,0,5,3,3,2,1,8
"LNX1",1,0,1,1,2,1,2,0,0,0
"AC110792.3",0,1,0,0,0,0,0,0,0,0
"CHIC2",5,4,6,0,4,4,12,4,9,7
"PDGFRA",4,0,1,0,3,0,1,0,6,1
"LINC02283",0,0,0,0,0,0,0,0,0,0
"KIT",2,0,0,1,2,0,2,2,3,1
"LINC02358",0,0,0,0,0,0,0,0,0,0
"AC111194.2",0,0,0,0,0,0,0,0,0,0
"KDR",2,0,4,1,5,1,7,0,3,2
"SRD5A3",1,2,0,0,3,0,2,1,1,1
"AC069200.1",0,0,0,0,0,0,0,0,0,0
"TMEM165",17,27,22,13,16,12,50,14,16,40
"CLOCK",5,7,13,1,14,4,23,9,3,16
"AC024243.1",1,0,0,0,0,0,0,0,0,0
"PDCL2",0,0,0,0,0,0,0,0,0,0
"NMU",0,0,1,0,1,0,0,0,0,0
"EXOC1L",0,0,0,0,0,0,0,0,0,0
"EXOC1",3,2,10,2,9,5,19,3,9,13
"CEP135",1,0,1,2,3,1,4,3,3,3
"KIAA1211",1,0,2,2,0,0,0,0,3,2
"AASDH",4,2,3,1,7,2,1,2,4,3
"AC068620.1",0,0,0,0,0,0,0,0,0,0
"PPAT",1,0,2,0,0,1,5,0,0,1
"AC068620.2",0,0,0,0,0,0,0,0,0,0
"PAICS",0,1,2,1,3,3,3,1,1,4
"SRP72",2,3,4,4,0,0,6,3,2,1
"ARL9",0,0,1,0,0,0,0,0,0,0
"THEGL",0,0,0,0,0,0,1,0,0,0
"HOPX",4,1,3,0,2,5,7,7,3,3
"SPINK2",0,0,0,0,0,0,0,0,0,0
"REST",2,3,1,3,1,3,8,2,1,4
"AC069307.1",0,0,0,0,0,0,0,0,0,0
"NOA1",1,0,2,1,1,0,1,0,2,0
"POLR2B",7,6,4,4,9,5,15,7,13,7
"IGFBP7",48,32,49,18,56,114,87,98,43,65
"IGFBP7-AS1",0,0,0,0,0,0,0,0,0,0
"LINC02380",0,0,0,0,0,0,0,0,0,0
"AC093725.2",1,0,0,0,0,0,0,0,0,0
"LINC02494",0,0,0,0,0,0,0,0,0,0
"AC017091.1",0,0,0,0,0,0,0,0,0,0
"LINC02429",0,0,0,0,0,0,0,0,0,0
"AC108517.1",0,0,0,0,0,0,0,0,0,0
"AC096588.1",0,0,0,0,0,0,0,0,0,1
"LINC02496",0,0,0,0,0,0,0,0,0,0
"LINC02271",0,0,0,0,0,0,0,0,0,0
"ADGRL3",10,13,20,24,59,13,56,60,30,81
"AC020741.1",0,0,0,0,1,0,1,0,0,3
"ADGRL3-AS1",0,0,0,0,0,0,0,0,0,0
"AC097491.1",0,0,0,0,0,0,0,0,0,0
"AC093730.1",0,0,0,0,0,0,0,0,0,0
"TECRL",0,0,0,0,0,0,0,0,0,0
"LINC02232",1,0,0,0,0,0,3,0,0,2
"EPHA5",1,0,0,2,2,0,4,1,2,2
"EPHA5-AS1",0,0,0,0,0,1,0,0,0,0
"AC104137.1",0,0,0,0,0,0,0,0,0,0
"AC116049.2",0,1,2,1,0,3,3,2,0,0
"AC104806.2",0,1,1,1,2,4,4,2,4,2
"CENPC",4,1,5,3,7,13,11,10,12,12
"STAP1",0,1,0,0,1,1,0,0,0,0
"UBA6",8,8,7,1,9,8,16,10,3,7
"UBA6-AS1",8,4,8,9,12,3,13,5,2,9
"GNRHR",0,0,0,0,0,0,0,0,0,0
"TMPRSS11D",0,0,0,0,0,0,0,0,0,0
"TMPRSS11A",0,0,1,0,0,0,0,0,0,0
"TMPRSS11F",0,0,0,0,0,0,0,0,0,0
"YTHDC1",5,3,5,5,10,4,14,8,4,5
"TMPRSS11E",0,0,0,0,0,0,0,0,0,0
"UGT2B17",0,0,0,0,0,0,0,0,0,0
"UGT2B15",0,0,0,0,0,0,0,0,0,0
"UGT2B7",2,0,0,0,0,2,0,2,0,2
"UGT2B4",0,0,0,0,0,0,0,0,0,0
"SULT1B1",0,1,0,0,0,0,10,3,0,1
"PRR27",0,0,0,0,0,0,0,0,0,0
"SMR3B",0,0,0,0,0,0,0,0,0,0
"MUC7",0,0,0,0,0,0,0,0,0,0
"AMTN",0,0,0,0,0,0,0,0,0,0
"AMBN",0,0,0,0,1,1,0,0,0,0
"ENAM",1,0,0,0,0,0,0,0,0,0
"JCHAIN",0,0,0,0,0,0,0,0,0,0
"UTP3",0,0,0,1,0,0,1,0,2,1
"AC009570.1",0,0,0,0,0,0,0,0,0,0
"RUFY3",13,6,12,13,26,5,26,14,17,20
"GRSF1",3,2,3,3,5,3,5,5,0,3
"MOB1B",0,2,2,3,4,4,11,5,3,8
"DCK",0,0,0,1,0,2,1,1,0,0
"SLC4A4",6,0,0,1,12,2,3,5,4,228
"GC",0,0,0,0,0,0,0,0,0,0
"NPFFR2",0,0,1,0,0,0,0,0,0,0
"ADAMTS3",1,0,3,0,1,0,0,0,1,0
"AC095056.1",0,0,0,0,0,0,0,0,0,0
"COX18",0,0,1,0,1,0,2,0,0,3
"ANKRD17",14,7,18,13,24,16,46,42,24,31
"AC053527.1",6,4,2,2,6,1,7,1,4,7
"ALB",0,0,0,0,0,0,0,0,0,0
"AFP",0,0,0,0,0,0,0,0,2,0
"LINC02499",0,0,0,0,0,0,0,0,0,0
"RASSF6",0,0,0,0,0,0,0,0,0,0
"CXCL8",0,0,0,0,0,0,2,0,0,3
"CXCL6",0,0,0,0,0,0,1,1,1,0
"CXCL1",2,1,2,1,1,4,0,0,1,0
"PPBP",0,0,0,0,0,0,0,0,0,0
"CXCL5",0,0,0,0,0,0,0,0,0,0
"CXCL3",0,0,0,0,0,0,0,0,0,0
"CXCL2",3,0,0,0,7,3,2,1,0,0
"MTHFD2L",0,2,6,2,6,5,9,6,5,2
"AC093677.2",0,0,0,0,0,0,0,0,0,0
"EPGN",0,0,0,0,0,0,0,0,0,0
"EREG",0,0,0,0,0,0,0,0,0,0
"AREG",0,0,0,0,0,0,0,1,0,0
"AC239584.1",0,0,0,0,0,0,0,0,0,0
"BTC",0,0,0,0,0,0,0,0,0,0
"PARM1",0,2,0,0,0,1,2,1,1,0
"AC110760.2",0,0,0,0,0,0,0,0,0,0
"AC110760.1",0,0,0,0,0,0,0,0,0,0
"AC025244.1",0,0,0,1,0,0,0,0,0,1
"AC096759.1",0,0,0,0,0,1,0,0,0,0
"AC096759.2",0,0,0,0,0,0,0,0,1,0
"RCHY1",1,2,2,2,0,2,7,3,1,3
"THAP6",1,1,2,0,3,2,4,3,1,3
"ODAPH",0,0,0,0,0,0,0,1,1,0
"CDKL2",0,1,0,0,0,1,3,1,0,2
"G3BP2",6,7,4,4,6,4,5,4,5,5
"USO1",7,5,7,6,8,7,15,6,3,10
"AC110615.1",0,0,0,0,0,0,0,0,0,0
"PPEF2",0,0,0,0,0,0,0,1,0,0
"NAAA",1,0,0,0,2,1,1,0,1,0
"SDAD1",2,2,1,2,4,1,7,1,0,6
"AC112719.2",0,0,0,0,0,0,0,0,0,0
"ART3",1,0,3,0,1,0,0,1,0,0
"CXCL10",1,0,0,0,0,0,0,0,0,0
"CXCL11",0,0,0,0,0,0,0,1,0,0
"NUP54",6,2,3,1,11,2,3,0,5,3
"SCARB2",8,5,10,6,11,5,21,12,7,7
"FAM47E",0,0,0,0,0,0,0,0,0,0
"FAM47E-STBD1",0,0,0,1,0,0,1,0,0,1
"STBD1",0,0,0,0,0,0,0,0,0,0
"CCDC158",0,0,0,0,0,1,0,0,0,0
"SHROOM3",6,1,4,3,1,0,0,1,1,6
"AC107072.2",0,0,0,0,0,0,0,0,0,0
"AC107072.1",2,0,0,0,0,1,0,1,0,0
"SOWAHB",0,0,0,0,0,0,0,0,0,0
"SEPT11",8,3,10,4,11,3,6,7,7,9
"CCNI",8,6,10,7,20,9,33,21,11,20
"CCNG2",0,0,2,0,3,3,1,0,1,1
"AC092674.1",0,1,1,0,0,0,0,0,0,0
"CXCL13",0,0,0,0,0,0,1,2,1,0
"CNOT6L",3,7,7,2,17,6,47,12,10,12
"MRPL1",6,3,6,1,9,11,13,12,2,9
"FRAS1",3,0,0,3,3,3,9,1,1,0
"ANXA3",4,9,5,1,11,4,35,1,5,16
"LINC01094",0,0,0,0,0,2,2,0,0,1
"AC098818.2",0,0,0,0,0,0,0,0,0,0
"BMP2K",3,3,7,5,4,3,8,4,6,4
"PAQR3",4,1,2,2,3,1,2,3,3,5
"LINC01088",21,4,38,2,49,18,37,26,88,66
"NAA11",0,0,1,0,0,0,0,0,1,2
"LINC00989",0,0,0,0,0,0,0,0,0,0
"PCAT4",0,0,0,0,0,0,0,0,0,0
"ANTXR2",6,3,8,2,13,7,2,9,5,6
"AC021127.1",0,0,0,0,0,0,0,0,0,0
"PRDM8",1,0,2,1,1,0,2,1,1,1
"FGF5",0,0,0,0,0,0,0,0,0,0
"CFAP299",0,1,3,0,0,0,0,1,2,1
"BMP3",0,0,0,0,0,0,0,0,0,0
"PRKG2",1,0,1,0,0,0,1,0,3,2
"AC139722.1",0,0,0,0,0,0,0,0,0,0
"RASGEF1B",27,24,23,34,42,271,266,203,410,153
"AC124016.2",2,0,1,0,0,0,0,1,0,0
"HNRNPD",4,4,3,2,6,7,9,5,4,7
"AC124016.1",2,0,0,0,0,0,1,0,0,1
"HNRNPDL",20,6,11,8,18,15,54,30,16,37
"ENOPH1",6,1,2,5,4,1,3,3,0,1
"TMEM150C",1,2,4,3,3,1,4,0,0,1
"LINC00575",0,0,0,0,0,0,0,0,0,0
"SCD5",16,8,19,16,18,5,22,18,10,13
"SEC31A",10,5,10,6,14,5,21,8,4,27
"THAP9",2,0,1,0,1,2,0,0,0,0
"LIN54",2,4,0,1,2,1,4,4,2,2
"COPS4",3,0,2,2,3,3,3,2,2,7
"PLAC8",0,0,0,0,0,0,0,0,0,1
"AC114781.2",0,0,0,0,0,0,0,0,0,0
"COQ2",0,0,0,0,0,0,0,0,0,1
"HPSE",0,0,0,0,2,0,0,0,0,0
"HELQ",0,2,2,1,2,0,4,0,2,2
"MRPS18C",4,2,3,0,2,2,5,1,4,4
"ABRAXAS1",1,1,2,0,1,0,3,0,1,2
"GPAT3",0,0,0,0,0,0,0,0,0,1
"AC021192.1",0,0,0,0,0,0,0,0,0,0
"CDS1",1,1,3,1,1,1,3,0,0,0
"WDFY3",13,9,21,13,22,7,32,21,12,32
"WDFY3-AS1",0,0,0,0,0,0,1,1,0,0
"ARHGAP24",5,0,9,1,19,1,13,4,4,20
"MAPK10",31,14,35,16,39,11,28,34,41,35
"AC104827.1",6,1,5,1,3,3,4,7,4,13
"PTPN13",14,1,5,5,2,6,9,12,19,54
"SLC10A6",0,0,0,0,0,0,1,0,0,0
"C4orf36",0,0,0,0,0,0,1,0,0,0
"AC093827.5",1,0,2,1,2,0,1,1,1,1
"AFF1",7,15,14,8,34,16,45,15,20,37
"KLHL8",2,4,0,3,1,0,3,0,0,4
"HSD17B13",0,0,0,0,1,0,0,0,0,0
"HSD17B11",2,2,3,1,3,3,8,2,4,2
"NUDT9",0,0,5,2,1,1,8,2,3,5
"AC112250.2",0,0,0,0,0,0,0,0,0,0
"SPARCL1",62,69,72,41,67,70,139,80,89,51
"AC093895.1",0,0,0,1,1,0,0,0,0,0
"IBSP",0,0,0,0,0,0,0,0,0,0
"MEPE",0,0,1,0,0,0,0,0,0,0
"SPP1",17,4,16,22,18,20,34,9,7,16
"PKD2",4,8,8,6,11,10,16,4,1,10
"ABCG2",7,12,5,1,13,9,28,14,9,3
"PPM1K",3,1,1,2,6,1,7,5,4,7
"AC107067.1",0,0,0,0,2,0,0,1,4,2
"HERC6",2,2,3,2,2,0,3,3,0,1
"HERC5",2,0,1,0,2,0,3,1,0,1
"PYURF",1,1,1,0,3,7,8,7,2,5
"AC098582.1",1,0,0,0,0,0,1,0,0,0
"HERC3",1,0,1,3,4,2,4,4,0,2
"NAP1L5",1,0,1,0,0,0,0,1,0,1
"FAM13A-AS1",0,0,0,0,3,0,2,2,0,1
"FAM13A",8,0,10,9,11,18,23,20,5,10
"TIGD2",0,1,0,0,0,0,1,0,0,1
"AC104785.1",0,0,0,0,0,0,0,0,0,0
"GPRIN3",0,0,2,0,0,0,0,0,0,1
"AC097478.1",1,2,2,4,2,0,1,7,0,1
"SNCA",7,3,6,4,8,0,10,5,2,19
"AC097478.4",0,0,0,0,0,0,0,0,0,0
"SNCA-AS1",0,0,0,0,0,0,0,0,0,0
"MMRN1",0,0,0,2,2,1,1,3,1,1
"CCSER1",5,13,12,13,19,8,38,12,4,14
"AC004054.1",0,0,0,0,0,0,0,0,0,0
"AC112695.1",0,0,0,0,0,0,0,0,0,0
"GRID2",8,7,8,10,28,13,11,7,18,17
"AC096746.1",0,1,0,0,1,1,0,0,0,0
"SMARCAD1",4,3,5,5,4,4,12,5,7,12
"HPGDS",0,0,0,0,1,0,0,0,0,0
"PDLIM5",12,7,9,11,25,17,17,12,3,39
"AC108067.1",0,0,0,0,0,0,1,0,0,0
"BMPR1B-DT",0,0,0,0,0,0,0,0,0,0
"BMPR1B",2,2,0,1,8,2,5,4,1,7
"UNC5C",31,16,19,19,35,10,27,24,10,93
"AC106881.1",0,0,0,0,0,0,1,0,0,2
"LINC02267",0,0,1,0,0,0,0,1,0,1
"STPG2",0,2,3,2,7,0,12,5,7,18
"STPG2-AS1",0,0,0,0,0,0,0,0,0,0
"AC019077.1",0,0,0,0,0,0,0,0,0,0
"RAP1GDS1",11,5,9,11,12,6,24,8,8,12
"TSPAN5",16,23,30,15,32,12,35,17,21,50
"AC108159.1",0,0,0,0,0,0,0,0,0,0
"AC114811.2",0,0,0,0,2,0,0,1,0,1
"EIF4E",7,6,6,2,4,1,11,1,7,5
"AC019131.1",0,0,0,0,0,0,0,0,0,1
"METAP1",1,3,1,3,4,1,4,1,1,1
"AC019131.2",0,0,0,0,0,0,0,0,0,0
"ADH5",4,2,5,1,3,0,5,5,4,5
"AP002026.1",0,0,0,0,5,3,2,7,3,2
"ADH4",0,0,0,0,0,0,0,0,0,1
"ADH6",0,0,0,0,1,0,0,0,0,0
"ADH1B",1,0,1,1,1,5,1,9,14,1
"ADH7",0,0,0,0,0,0,0,0,0,0
"C4orf17",0,0,0,0,0,0,1,0,0,0
"TRMT10A",2,0,0,0,1,1,0,1,1,0
"MTTP",1,0,0,0,0,0,0,0,0,0
"AC083902.1",0,0,0,0,0,0,0,0,0,0
"C4orf54",0,0,0,0,0,0,0,0,0,0
"DAPP1",0,0,0,0,0,0,0,0,0,0
"LAMTOR3",1,2,0,0,1,0,8,2,4,4
"DNAJB14",5,15,11,5,8,5,15,10,8,9
"H2AFZ",5,7,8,5,4,17,15,20,8,9
"AC097460.1",1,0,1,0,1,0,0,0,0,1
"DDIT4L",0,0,0,0,2,1,1,1,0,0
"AP001961.1",0,0,0,0,0,0,0,0,0,0
"EMCN",17,6,7,13,29,15,41,15,7,17
"PPP3CA",22,18,25,16,54,30,69,37,21,46
"AP001816.1",1,0,1,0,0,2,1,1,1,1
"BANK1",1,0,1,0,1,1,1,1,1,1
"AP002075.1",0,0,0,0,0,0,0,0,0,0
"SLC39A8",3,3,1,1,5,3,5,5,0,1
"AC098487.1",0,0,0,0,0,0,0,0,0,0
"AF213884.3",0,0,1,0,1,0,0,0,0,0
"NFKB1",2,5,4,2,9,3,15,17,4,10
"MANBA",1,7,1,0,3,3,9,0,3,2
"UBE2D3",10,8,14,12,17,20,24,24,14,41
"AC018797.2",1,0,0,0,2,1,1,0,0,4
"CISD2",3,1,0,1,0,3,6,3,2,4
"SLC9B1",1,1,1,0,1,0,0,0,0,2
"SLC9B2",2,3,1,2,1,1,2,1,2,36
"BDH2",0,0,0,0,0,1,1,0,0,2
"CENPE",0,0,0,0,1,0,0,0,0,0
"LINC02428",0,0,1,0,1,3,0,0,1,0
"AC105460.2",0,0,0,0,0,0,0,0,0,1
"TACR3",0,0,1,1,0,0,2,0,1,1
"LINC02503",0,0,0,0,1,0,0,0,0,0
"AC004052.1",0,0,0,0,0,0,1,0,0,0
"CXXC4",0,0,3,2,2,0,3,1,0,3
"CXXC4-AS1",1,0,3,0,0,0,1,0,0,1
"AC004053.1",0,1,0,1,1,0,0,1,0,0
"AC096577.1",0,0,1,0,0,0,0,0,0,0
"AC004069.1",0,0,0,0,0,0,0,0,0,0
"TET2",6,0,4,5,5,3,13,7,5,12
"TET2-AS1",0,0,0,0,0,0,0,0,0,0
"PPA2",2,6,1,2,12,7,18,10,9,9
"AC004066.2",0,0,0,0,0,0,0,0,0,0
"ARHGEF38",0,0,3,0,0,0,0,0,0,2
"INTS12",1,1,7,0,4,2,6,2,2,5
"GSTCD",3,1,5,0,5,0,1,1,3,0
"NPNT",1,1,0,0,3,1,1,1,1,4
"AC109361.1",1,0,0,0,1,0,1,1,0,0
"TBCK",18,4,11,9,17,13,27,12,15,18
"AIMP1",1,3,2,5,4,5,8,7,3,5
"DKK2",0,0,0,0,0,2,0,12,0,4
"AC104663.1",0,0,0,0,0,0,0,0,0,0
"PAPSS1",3,3,3,5,8,4,4,2,3,3
"SGMS2",2,0,0,0,0,2,0,2,0,2
"AC096564.1",2,2,3,2,0,1,6,5,1,3
"CYP2U1",0,0,1,0,2,1,0,2,1,4
"HADH",0,1,1,1,3,1,0,1,4,2
"LEF1",12,15,11,8,18,11,42,24,13,39
"RPL34-AS1",0,0,0,1,0,0,0,0,0,1
"RPL34",26,10,9,8,26,27,28,25,29,22
"OSTC",0,4,5,0,4,3,2,3,4,8
"ETNPPL",0,0,1,1,1,1,0,0,0,1
"COL25A1",0,1,3,1,1,1,2,0,2,0
"SEC24B-AS1",0,1,0,0,2,0,0,1,0,0
"SEC24B",8,5,8,6,14,8,18,9,5,17
"MCUB",2,0,1,0,0,1,1,0,1,2
"CASP6",2,0,0,0,1,1,3,0,1,0
"AC004067.1",1,0,0,0,0,0,0,0,0,0
"PLA2G12A",0,0,2,3,0,0,0,1,0,2
"AC126283.2",0,1,1,0,0,1,1,2,0,0
"AC126283.1",0,0,0,1,0,0,0,0,0,0
"GAR1",0,3,1,0,1,0,0,0,1,2
"RRH",0,0,0,0,0,0,0,0,0,0
"LRIT3",0,0,0,0,0,0,0,0,0,0
"EGF",0,0,0,0,0,1,0,0,0,0
"ELOVL6",3,2,0,1,2,3,5,1,2,4
"ENPEP",0,0,0,0,5,7,6,7,1,4
"AC083795.2",0,0,0,0,0,0,0,0,0,0
"AC139718.2",0,0,0,0,0,0,0,0,0,0
"AC004704.1",0,0,0,0,0,0,1,0,0,0
"FAM241A",4,3,4,2,4,5,6,5,4,8
"AC109347.1",1,0,0,0,0,0,1,0,0,0
"AP1AR",0,0,0,0,3,0,2,0,0,1
"AC109347.2",0,0,0,0,0,0,0,0,0,0
"TIFA",0,0,0,0,0,1,2,0,0,0
"ALPK1",2,0,1,2,2,1,4,4,2,9
"NEUROG2",0,0,0,0,0,0,0,0,0,0
"AC023886.1",0,0,0,0,0,0,0,0,1,0
"ZGRF1",0,1,2,0,2,3,1,0,3,2
"LARP7",3,2,4,1,8,12,7,10,8,6
"AC106864.1",0,0,0,0,0,0,0,0,0,0
"AC106864.2",0,0,0,0,0,0,0,0,0,1
"ANK2",31,25,22,26,30,6,42,7,11,54
"AC017007.5",0,1,0,0,0,0,0,0,0,0
"AC093879.1",1,1,0,0,2,0,2,1,0,1
"CAMK2D",17,24,15,13,33,15,60,26,13,21
"ARSJ",1,1,2,0,1,0,0,1,1,0
"UGT8",9,3,6,9,5,2,12,0,3,13
"NDST4",0,0,0,0,0,0,0,0,0,0
"TRAM1L1",0,0,0,0,0,0,0,0,0,1
"LINC02262",0,1,0,0,1,0,1,0,0,0
"LINC02263",0,0,0,0,0,0,0,0,0,0
"LINC01378",1,0,1,1,1,0,1,0,0,0
"LINC02264",0,0,0,0,0,0,0,0,0,0
"NDST3",1,2,6,1,3,0,1,0,0,0
"SNHG8",4,5,2,3,5,4,2,4,1,5
"PRSS12",0,0,1,0,0,0,1,0,1,0
"AC110079.2",0,0,0,0,0,0,0,0,0,0
"METTL14",2,2,3,1,3,3,0,5,3,4
"SEC24D",5,2,5,3,9,4,9,5,7,10
"SYNPO2",14,0,12,1,15,11,3,10,8,13
"MYOZ2",0,0,0,0,0,1,0,0,0,0
"USP53",26,21,39,12,44,37,37,34,31,83
"C4orf3",7,4,2,5,4,4,18,15,4,8
"AC093752.3",0,0,0,0,0,0,0,0,0,0
"AC093752.2",0,0,0,0,0,0,0,0,0,0
"PDE5A",13,4,9,4,16,3,18,14,7,22
"LINC02502",0,0,0,0,0,0,0,0,0,0
"MAD2L1",0,0,0,0,0,0,1,0,1,0
"AC108866.1",1,1,3,0,1,0,1,2,0,6
"AC025741.1",0,0,0,0,0,0,0,0,0,0
"PRDM5",5,1,4,1,4,2,2,10,3,8
"NDNF",0,0,1,0,0,0,0,0,0,1
"TNIP3",0,0,0,0,1,0,0,0,0,0
"QRFPR",0,0,0,0,0,0,0,0,0,1
"ANXA5",2,1,6,0,6,9,19,7,13,8
"AC079341.3",0,0,0,0,0,0,0,0,0,0
"AC079341.1",0,0,0,0,0,0,0,0,0,0
"EXOSC9",0,1,0,2,0,4,0,0,0,2
"CCNA2",0,0,0,1,0,0,2,0,0,1
"BBS7",3,0,2,1,2,1,3,6,2,4
"TRPC3",3,3,6,4,7,3,8,5,7,4
"KIAA1109",18,6,16,15,39,23,33,31,26,19
"ADAD1",0,0,0,0,0,0,0,0,0,0
"IL21",0,0,0,0,0,0,0,0,0,0
"IL21-AS1",0,0,0,0,0,1,0,0,0,0
"BBS12",0,0,0,0,0,0,0,0,2,0
"FGF2",2,1,1,2,2,1,6,1,1,2
"AC021205.3",0,0,1,0,0,0,0,0,0,0
"NUDT6",2,0,0,0,1,0,1,1,0,2
"SPATA5",2,5,3,6,8,3,12,5,4,7
"SPRY1",0,0,8,1,3,0,5,0,0,1
"AC093821.1",0,0,0,0,0,0,0,0,0,0
"LINC02435",0,0,0,0,0,0,0,0,0,0
"LINC01091",0,0,0,0,0,0,0,0,1,0
"AC121154.1",0,0,0,0,0,0,0,0,0,1
"LINC02516",0,0,1,0,0,0,0,0,0,0
"ANKRD50",3,0,0,2,3,5,2,1,1,3
"FAT4",7,10,4,3,9,2,17,12,9,8
"AC105919.1",0,0,0,0,0,0,0,0,0,0
"AC096773.1",0,0,0,0,0,0,2,0,0,1
"AC093772.1",5,0,1,0,5,0,1,0,4,4
"INTU",6,2,6,2,3,0,4,4,6,5
"SLC25A31",0,0,0,0,0,0,0,0,0,1
"HSPA4L",0,2,4,0,6,2,3,0,2,3
"AC093591.2",0,0,0,0,0,0,0,0,0,0
"PLK4",0,0,0,0,0,0,0,0,0,0
"MFSD8",2,0,0,2,1,2,3,3,2,5
"ABHD18",5,1,4,1,3,10,7,8,4,10
"LARP1B",2,2,2,2,9,4,20,8,3,12
"PGRMC2",2,3,4,1,1,1,16,5,5,4
"AC108062.1",3,0,1,0,5,2,4,1,1,2
"AC110609.1",0,0,0,0,0,0,0,0,0,0
"AC078850.2",0,0,0,0,0,0,0,0,0,0
"JADRR",0,0,0,0,0,0,0,0,0,0
"JADE1",2,6,1,1,4,4,5,3,3,1
"SCLT1",10,5,4,4,4,7,10,5,4,7
"C4orf33",0,0,0,0,0,2,0,0,1,1
"LINC02466",0,0,0,0,0,0,0,0,0,0
"LINC02465",0,0,0,0,0,0,0,0,0,0
"LINC02479",0,0,0,0,0,0,0,0,0,0
"LINC02377",0,0,0,0,0,0,0,0,0,0
"SNHG27",0,0,0,0,0,0,0,2,0,1
"AC096711.2",0,2,3,3,4,2,5,1,2,2
"AC096711.3",0,0,0,0,0,0,0,1,0,0
"LINC01256",0,0,1,0,1,0,0,0,0,0
"AC115622.1",0,1,0,3,2,0,0,1,1,0
"AC110751.1",0,0,0,0,0,0,0,0,0,0
"AC105383.1",2,0,1,0,1,0,0,1,0,0
"PCDH10",0,2,3,2,2,0,3,1,0,0
"AC079380.1",2,1,1,0,1,2,15,1,0,1
"AC109830.1",0,0,0,0,0,0,0,0,0,0
"LINC02462",0,0,0,0,0,0,0,0,0,0
"AC093722.1",0,0,0,0,0,0,0,0,0,0
"AC107463.1",0,0,0,0,0,0,0,0,0,0
"LINC02485",0,0,0,0,0,0,0,0,0,0
"LINC00613",0,0,0,0,0,0,0,0,0,0
"AC018680.1",0,0,0,0,0,0,1,0,0,0
"LINC02511",1,0,0,0,0,1,1,0,1,1
"PCDH18",1,1,5,0,2,5,5,8,4,2
"LINC02172",0,0,2,4,4,3,4,4,6,2
"AC131956.2",0,0,1,0,0,0,0,0,0,0
"LINC00616",0,0,2,1,2,1,0,0,1,1
"SLC7A11",25,5,18,6,24,6,32,28,27,30
"LINC00498",0,0,0,0,0,0,0,1,0,0
"LINC00499",0,0,0,2,2,0,0,2,0,0
"LINC00500",0,0,0,0,0,0,0,0,0,0
"AC093766.1",0,0,0,0,0,0,0,0,0,0
"AC109927.1",1,0,3,1,5,2,3,2,2,5
"NOCT",1,2,4,0,0,0,0,0,0,2
"ELF2",8,17,21,11,18,15,38,26,15,32
"MGARP",0,0,0,0,0,0,0,2,0,0
"NDUFC1",4,2,2,3,7,3,8,8,8,2
"NAA15",7,3,7,3,13,4,7,11,2,15
"AC097376.2",5,5,8,5,6,2,8,11,9,17
"RAB33B",1,0,1,1,0,2,1,2,0,1
"SETD7",1,1,1,1,6,2,4,4,1,4
"AC112236.2",0,0,0,0,0,0,0,0,0,0
"AC112236.1",0,0,0,0,0,0,0,0,0,0
"MGST2",4,0,4,5,5,4,30,6,10,10
"MAML3",10,3,8,3,16,6,12,11,8,19
"AC131182.1",0,0,0,0,0,0,0,0,0,0
"SCOC",1,3,3,3,6,1,4,2,1,5
"SCOC-AS1",0,0,0,0,2,0,2,0,0,1
"CLGN",0,0,0,0,2,0,0,0,0,0
"MGAT4D",0,0,0,0,0,0,0,0,0,0
"ELMOD2",0,1,2,1,3,2,3,3,1,0
"UCP1",0,0,0,0,0,0,0,0,0,0
"TBC1D9",2,0,0,3,5,3,6,3,4,4
"AC096733.1",0,0,0,0,0,0,0,0,0,0
"AC096733.2",0,0,1,0,0,0,0,0,0,0
"RNF150",4,1,4,2,6,3,1,8,4,1
"ZNF330",1,0,4,0,2,0,2,2,2,3
"AC107220.1",0,0,0,0,0,0,0,0,0,0
"LINC02432",0,0,0,0,0,0,0,0,0,0
"IL15",1,0,0,0,5,0,2,2,0,2
"INPP4B",19,4,10,9,30,15,16,27,7,12
"AC139720.2",0,0,0,0,0,0,0,0,0,0
"AC139720.1",1,0,0,0,1,1,0,7,1,5
"AC104596.1",7,0,2,1,0,1,4,0,4,6
"USP38",2,1,4,0,2,0,5,1,5,2
"AC097658.2",0,0,1,0,0,0,0,0,0,0
"GAB1",27,17,16,15,41,10,45,12,9,43
"SMARCA5",2,5,5,2,6,9,5,5,4,3
"FREM3",0,0,0,0,0,0,0,0,0,0
"GYPE",0,0,0,0,0,0,0,0,0,1
"GYPB",0,0,0,0,0,0,0,0,0,0
"GYPA",0,0,0,0,0,0,0,0,0,0
"HHIP-AS1",0,0,0,0,2,0,1,1,1,1
"HHIP",11,6,6,3,7,1,11,3,5,17
"ANAPC10",5,0,3,5,4,3,8,7,5,5
"AC109811.1",0,0,0,0,0,0,0,0,0,0
"ABCE1",2,3,2,2,1,2,7,0,1,5
"OTUD4",2,3,2,4,2,3,8,5,1,6
"LINC02266",0,0,0,0,0,0,0,0,0,0
"SMAD1",3,2,2,4,10,4,11,3,5,1
"SMAD1-AS2",0,0,0,0,0,0,0,0,0,0
"SMAD1-AS1",0,0,0,0,0,0,0,0,0,0
"MMAA",1,0,0,2,1,0,0,1,2,1
"AC093864.1",0,0,0,0,0,0,0,0,0,0
"C4orf51",0,0,0,0,0,0,0,1,0,0
"ZNF827",1,1,0,0,4,0,3,1,1,1
"LSM6",1,1,1,0,1,0,1,2,4,0
"REELD1",0,0,0,0,0,0,0,0,0,0
"SLC10A7",5,1,3,0,5,3,5,4,3,11
"TTC29",0,0,0,0,2,1,0,0,0,0
"AC092435.1",0,0,0,0,0,0,0,0,0,0
"EDNRA",2,3,0,4,3,9,7,6,1,3
"LINC02507",0,0,0,1,0,0,0,1,0,0
"AC093835.1",0,0,0,0,0,0,0,0,0,0
"TMEM184C",0,1,1,1,2,5,3,3,1,1
"PRMT9",6,1,1,0,7,1,1,3,0,5
"ARHGAP10",12,4,15,4,19,10,9,13,15,22
"NR3C2",17,12,36,15,28,19,73,39,20,34
"AC069272.1",1,1,0,0,0,0,0,1,0,0
"AC108935.1",0,0,0,0,0,0,0,0,0,0
"AC108156.1",0,0,0,0,0,0,0,0,0,0
"LINC02355",0,0,1,0,1,0,0,0,0,0
"IQCM",0,0,0,0,0,0,0,0,0,0
"AC093893.1",0,0,1,0,0,0,0,0,0,0
"DCLK2",3,6,7,4,6,7,10,4,3,9
"LRBA",12,10,14,8,27,19,43,30,21,32
"RPS3A",1,3,1,0,2,3,0,4,3,5
"SH3D19",35,6,26,6,43,9,33,27,36,48
"AC095055.1",0,0,0,0,0,0,0,0,0,0
"PRSS48",0,2,0,1,1,1,0,0,0,3
"AC104819.3",0,0,0,0,0,0,0,0,0,0
"FAM160A1",0,0,0,0,0,0,0,1,1,8
"AC092611.2",0,0,0,0,0,0,0,0,0,0
"GATB",1,0,1,0,3,0,1,1,1,2
"AC092611.1",0,0,0,0,0,0,0,0,0,0
"AC097375.2",0,0,0,0,0,0,0,0,0,0
"AC097375.1",0,0,0,0,0,0,0,0,0,0
"LINC02273",0,0,0,0,0,0,0,0,0,0
"AC079340.1",0,0,0,0,0,0,0,0,0,0
"AC079340.2",0,0,0,0,0,0,0,0,0,0
"AC080078.2",0,0,0,0,0,0,0,0,0,0
"FBXW7",12,7,9,4,22,5,17,10,7,13
"TMEM154",1,0,0,0,0,1,1,0,0,4
"TIGD4",1,0,0,0,0,1,0,0,1,1
"ARFIP1",3,6,3,4,7,1,13,8,5,7
"FHDC1",0,0,0,0,0,0,0,0,1,0
"AC093599.1",0,0,0,0,0,0,0,0,0,0
"TRIM2",18,12,12,9,19,6,16,5,14,33
"MND1",1,0,1,1,1,0,0,0,1,0
"TMEM131L",0,0,1,1,3,1,2,2,0,3
"TLR2",0,0,0,0,0,0,1,1,0,0
"RNF175",1,0,0,2,0,0,0,0,1,2
"AC020703.1",0,0,0,0,0,0,0,0,0,0
"SFRP2",1,0,0,0,0,0,0,0,0,10
"AC079298.3",0,0,1,0,1,0,2,2,4,7
"DCHS2",2,0,3,0,1,0,0,0,1,0
"PLRG1",0,0,0,1,1,0,2,0,1,1
"LRAT",0,0,1,0,0,0,1,0,0,0
"AC009567.1",0,0,0,0,0,0,1,0,0,0
"RBM46",0,0,0,0,0,0,0,0,0,0
"AC097467.3",0,0,0,0,0,0,0,0,0,0
"AC104407.1",0,0,0,0,0,0,0,0,0,0
"MAP9",2,0,1,1,3,2,3,1,0,0
"AC107208.1",0,0,0,0,0,0,0,0,0,0
"GUCY1A1",3,1,5,2,4,7,3,8,0,5
"GUCY1B1",2,1,8,3,5,5,6,9,4,2
"TDO2",0,0,0,0,0,0,0,0,0,0
"CTSO",2,4,1,0,1,0,1,0,2,1
"AC096736.1",0,0,0,0,0,0,0,0,0,0
"PDGFC",4,2,2,1,10,7,9,8,2,16
"AC092608.1",0,0,0,0,0,0,0,0,0,0
"GLRB",2,0,2,2,1,1,2,0,0,0
"GRIA2",14,6,20,12,15,1,15,8,1,9
"LINC02433",0,0,0,0,0,0,0,0,0,0
"AC093817.1",0,0,0,0,0,0,0,0,0,0
"FAM198B",0,1,1,2,0,2,1,3,0,1
"FAM198B-AS1",2,0,2,0,2,0,2,2,0,3
"AC098679.1",0,0,0,0,0,0,0,0,0,0
"TMEM144",16,11,17,13,24,8,53,6,7,52
"RXFP1",1,0,4,0,2,0,1,0,0,0
"AC121161.2",0,0,0,0,0,0,0,0,0,0
"C4orf46",1,0,0,0,1,0,0,1,0,0
"ETFDH",4,4,6,4,1,5,6,5,2,5
"PPID",2,1,1,0,5,2,5,1,3,1
"FNIP2",7,5,7,5,14,2,5,3,3,8
"C4orf45",0,0,1,0,1,0,0,0,0,1
"RAPGEF2",14,10,26,7,28,13,60,15,16,55
"LINC02233",0,0,0,0,0,0,0,0,0,0
"LINC02477",0,0,0,0,0,0,0,1,0,0
"AC104793.1",0,0,0,0,0,0,0,0,0,0
"FSTL5",1,4,4,0,4,0,1,0,0,2
"AC023136.1",0,0,0,0,0,0,0,0,0,0
"AC005150.1",0,0,0,0,0,0,0,0,0,0
"AC022272.1",0,0,0,0,0,0,0,0,0,0
"NAF1",0,0,1,0,4,3,2,1,2,3
"NPY1R",2,0,0,0,1,2,0,2,1,0
"NPY5R",0,0,0,0,0,0,0,0,0,0
"TKTL2",0,0,0,0,0,0,0,0,0,0
"TMA16",0,0,1,0,0,1,4,1,0,3
"MARCH1",17,19,17,24,16,10,49,11,11,32
"AC093788.1",0,0,0,0,0,0,0,0,0,0
"SMIM31",0,0,0,0,1,0,0,0,1,0
"APELA",0,0,0,0,0,0,0,0,0,0
"TRIM61",0,0,0,0,0,0,0,0,0,0
"FAM218A",1,0,0,0,0,0,0,0,0,0
"TRIM60",0,0,0,0,0,0,0,0,0,0
"TMEM192",1,2,0,1,2,1,3,3,2,8
"KLHL2",1,3,2,3,9,0,11,3,5,8
"GK3P",0,0,0,0,0,0,0,0,0,0
"MSMO1",3,4,5,3,1,1,3,3,0,6
"CPE",20,10,18,19,31,29,29,45,26,25
"LINC01179",0,0,0,0,0,0,0,0,0,0
"TLL1",0,0,3,1,1,4,2,3,1,3
"AC097487.1",0,0,0,0,0,0,0,0,0,0
"SPOCK3",27,17,20,35,35,9,61,17,20,49
"AC116634.1",0,0,0,0,0,0,0,0,0,0
"ANXA10",0,0,0,0,0,0,1,2,0,1
"DDX60",2,2,1,1,1,2,4,4,2,4
"DDX60L",1,0,2,1,4,1,8,3,1,4
"PALLD",7,0,4,2,6,5,3,5,3,10
"AC080188.1",0,0,0,0,0,0,0,0,0,0
"CBR4",13,5,6,0,13,4,15,17,3,12
"SH3RF1",9,5,13,7,11,12,8,12,5,17
"AC096741.1",0,1,0,0,0,1,0,0,0,0
"NEK1",9,2,6,4,10,8,20,5,5,10
"CLCN3",5,3,12,2,13,4,12,5,3,9
"HPF1",3,2,1,2,2,2,4,2,1,2
"LINC02275",0,0,0,0,0,0,1,0,0,1
"AC084866.2",0,0,0,0,0,0,0,0,0,0
"AC084866.1",1,0,0,0,0,0,0,0,0,0
"MFAP3L",3,1,1,3,3,4,3,0,0,3
"AADAT",0,0,0,0,3,0,0,2,0,0
"LINC01612",0,0,0,0,0,0,0,0,0,0
"LINC02512",0,0,0,0,0,0,0,0,0,0
"LINC02504",0,0,0,0,0,0,0,0,0,0
"LINC02174",0,0,0,0,0,0,0,0,0,0
"GALNTL6",4,0,5,3,4,3,2,1,1,3
"AC105285.1",0,1,2,0,1,0,3,1,6,2
"GALNT7",4,4,2,5,8,2,7,5,4,7
"AC097534.1",0,0,1,1,1,0,0,0,0,0
"HMGB2",2,3,0,1,1,5,5,6,5,3
"AC097534.2",0,1,2,0,0,1,4,1,0,5
"SAP30",0,0,0,0,0,2,1,1,0,0
"SCRG1",1,0,4,0,4,0,6,2,0,2
"HAND2-AS1",0,0,0,0,0,1,0,0,1,0
"LINC02269",0,0,0,0,0,0,0,0,0,0
"AC106895.2",0,0,0,0,1,0,0,0,0,0
"LINC02268",0,0,0,0,0,0,0,0,0,0
"FBXO8",0,0,3,1,2,1,3,3,3,4
"CEP44",1,1,0,0,1,2,3,1,1,5
"AC116616.1",0,0,0,0,0,0,0,0,0,0
"HPGD",1,0,0,0,0,1,1,0,0,1
"GLRA3",0,0,1,0,0,0,1,1,0,0
"ADAM29",0,0,0,0,0,0,0,0,0,0
"AC105914.2",0,0,0,0,0,0,0,0,0,0
"AC095050.1",0,0,1,0,1,0,0,2,0,1
"GPM6A",14,12,34,17,37,11,34,25,34,33
"AC097537.1",0,0,0,0,0,0,0,0,0,0
"WDR17",5,0,4,1,3,2,1,2,0,2
"SPATA4",0,1,0,0,0,0,0,0,0,0
"ASB5",0,0,0,0,0,0,0,0,0,0
"AC019163.1",0,0,1,0,1,1,2,0,0,1
"SPCS3",4,3,2,2,2,4,5,6,2,5
"AC093801.1",0,0,0,0,0,0,1,1,0,0
"VEGFC",3,0,0,2,2,1,11,0,1,4
"AC092673.1",0,0,0,0,0,0,0,0,0,0
"AC097518.1",0,0,0,0,0,0,0,0,0,0
"NEIL3",0,0,0,0,0,0,0,0,0,0
"AC027627.1",0,0,0,0,0,0,0,0,0,0
"AGA",2,0,1,1,0,0,0,1,1,2
"AC078881.1",1,3,1,4,7,0,0,1,0,2
"AC103879.1",0,0,1,0,0,0,0,0,0,0
"LINC01098",4,1,2,1,5,1,0,2,0,1
"LINC01099",2,0,1,4,1,1,2,0,0,8
"AC020551.1",0,0,0,0,0,0,0,0,0,0
"AC104803.1",0,0,0,0,0,0,0,0,0,0
"LINC00290",0,0,0,1,1,1,0,0,0,0
"TEMN3-AS1",0,0,0,0,0,0,0,0,0,0
"AC098864.1",0,2,2,2,2,0,0,0,0,2
"TENM3",2,2,5,3,4,3,4,2,2,3
"AC079226.2",0,0,1,0,0,0,0,0,0,0
"AC079766.1",0,0,0,0,0,0,0,0,0,0
"DCTD",0,3,2,0,5,5,1,0,1,2
"WWC2-AS2",0,0,0,0,0,0,0,0,0,0
"WWC2",8,6,8,8,18,9,45,10,7,18
"WWC2-AS1",0,0,0,0,0,0,0,0,0,0
"CDKN2AIP",0,1,1,0,2,1,2,0,1,0
"AC107214.1",1,0,0,0,2,0,0,0,2,4
"ING2",0,0,1,0,0,0,0,0,2,3
"AC107214.2",0,0,0,1,0,0,0,0,0,0
"RWDD4",3,1,0,0,0,0,0,5,0,4
"TRAPPC11",4,1,2,0,1,0,4,2,3,4
"STOX2",4,8,8,3,14,6,9,3,6,9
"ENPP6",3,0,4,0,2,2,2,0,6,16
"LINC02363",0,0,0,0,0,0,0,0,0,0
"LINC02362",0,1,0,0,0,1,0,0,0,0
"IRF2",1,2,5,1,2,4,10,8,2,11
"LINC02427",0,1,0,0,0,0,1,0,0,0
"LINC02365",0,0,0,0,0,0,0,0,0,0
"CASP3",1,2,0,1,1,0,4,0,0,2
"PRIMPOL",3,4,2,2,3,0,2,2,2,2
"CENPU",0,0,0,0,0,0,0,1,0,0
"ACSL1",1,1,2,2,1,3,6,2,2,2
"AC084871.2",0,0,1,0,0,0,0,0,0,0
"MIR3945HG",0,0,0,0,0,0,0,0,0,0
"LINC02437",0,0,0,0,0,0,0,0,0,0
"LINC02436",0,0,0,0,0,0,0,0,0,0
"SLC25A4",2,2,4,0,3,7,7,5,3,4
"CFAP97",1,3,7,1,6,9,5,3,1,3
"SNX25",4,2,4,3,3,3,11,9,2,9
"LRP2BP",2,0,3,0,6,2,9,7,0,4
"AC112722.1",0,1,0,0,1,2,7,0,1,2
"ANKRD37",16,0,20,11,5,14,121,21,4,2
"UFSP2",2,1,4,4,3,1,7,2,3,5
"C4orf47",1,1,1,0,1,0,0,0,0,0
"CCDC110",0,0,0,0,0,0,0,0,0,0
"AC106897.1",0,0,0,0,0,0,0,0,0,0
"PDLIM3",1,0,0,1,1,3,2,2,1,2
"SORBS2",37,67,34,5,37,49,148,70,16,36
"AC093797.1",0,0,0,0,0,0,0,0,0,0
"AC108472.1",0,0,0,0,0,0,1,0,0,0
"TLR3",0,0,1,0,1,0,0,0,1,0
"FAM149A",0,1,1,1,1,0,0,2,3,2
"CYP4V2",0,0,1,0,4,2,4,2,1,3
"KLKB1",0,0,0,2,2,2,2,1,2,0
"F11",0,1,0,0,0,0,0,0,0,1
"F11-AS1",0,0,2,0,0,0,0,2,0,3
"AC018709.1",0,0,0,0,1,0,1,0,0,0
"FAT1",1,2,1,1,1,1,1,0,0,0
"AC110772.1",0,0,0,0,0,0,0,0,0,0
"LINC02492",0,0,0,0,0,1,0,0,0,0
"AC097521.1",0,0,2,0,0,0,0,0,1,0
"TRIML2",0,0,0,0,0,1,1,0,0,0
"TRIML1",0,0,0,0,0,0,0,0,0,0
"AC138781.1",0,0,0,0,0,0,0,0,0,0
"LINC01060",0,0,2,0,1,1,2,0,3,1
"AC093909.2",0,0,0,0,0,0,0,0,0,0
"LINC02508",0,0,0,0,0,0,0,0,0,0
"AC093909.4",0,0,0,0,0,0,0,0,0,0
"AC122138.1",0,0,0,0,0,0,0,0,0,0
"AF250324.1",0,0,0,0,0,0,0,0,0,0
"FRG1-DT",2,1,2,2,5,0,1,1,1,4
"FRG1",4,0,3,0,5,4,3,7,3,2
"DUX4",0,0,0,0,0,0,0,0,0,0
"PLEKHG4B",0,0,0,0,0,0,1,0,0,1
"CCDC127",0,0,0,2,1,2,0,0,0,0
"SDHA",2,0,5,4,5,5,6,1,1,6
"AC021087.1",0,0,0,0,0,0,0,0,0,0
"PDCD6",2,2,1,0,1,1,6,0,3,3
"AHRR",0,0,0,0,1,0,0,0,0,1
"EXOC3-AS1",0,0,0,0,0,0,1,0,0,1
"EXOC3",1,0,1,1,3,0,0,2,0,2
"SLC9A3",0,0,1,0,0,1,1,1,1,0
"AC106772.1",0,0,0,0,0,0,0,0,0,0
"CEP72",0,1,0,0,0,0,0,0,0,0
"TPPP",0,0,1,4,4,1,7,2,2,2
"AC026740.1",0,0,0,0,0,0,0,0,0,0
"ZDHHC11B",2,1,2,3,3,0,1,0,2,1
"ZDHHC11",1,0,0,1,1,0,0,0,0,1
"BRD9",1,2,2,1,3,0,0,2,1,1
"TRIP13",0,0,0,0,0,0,1,0,0,0
"AC116351.1",0,0,0,0,0,0,0,0,0,1
"AC116351.2",0,0,1,0,0,0,0,0,0,0
"NKD2",1,0,0,0,0,1,0,0,0,1
"SLC12A7",1,0,5,8,5,7,9,8,5,3
"SLC6A18",0,0,0,0,0,0,0,0,0,0
"TERT",0,0,0,0,0,0,0,0,0,0
"CLPTM1L",1,0,1,2,3,1,5,0,0,2
"LINC01511",0,0,0,0,0,0,0,0,0,0
"SLC6A3",0,0,0,0,0,0,0,0,0,0
"LPCAT1",1,0,0,2,1,2,3,3,1,0
"AC091849.2",0,0,0,0,0,0,0,0,0,0
"AC026412.3",0,0,0,0,1,0,0,0,0,1
"MRPL36",3,2,1,2,2,0,7,0,1,1
"NDUFS6",5,4,6,4,3,6,10,7,3,9
"IRX4",0,0,0,0,0,0,0,0,0,0
"AC126768.2",0,0,0,0,0,0,0,0,0,0
"AC126768.3",0,0,0,0,0,0,0,0,0,0
"AC091891.2",1,0,0,0,0,0,0,0,0,0
"IRX2",0,0,0,0,0,0,0,0,0,0
"C5orf38",0,0,0,0,0,1,0,0,0,1
"LINC01019",1,0,0,0,0,0,0,0,0,0
"AC106799.2",0,0,0,0,1,0,0,0,0,0
"LINC01020",0,0,0,0,0,0,0,0,0,0
"AC022424.1",0,0,1,0,0,0,0,0,0,0
"ADAMTS16",0,0,0,0,1,0,0,0,0,0
"AC022424.2",0,0,0,0,0,0,0,0,0,0
"ICE1",1,2,1,2,5,4,6,6,5,8
"AC010266.2",0,0,0,0,0,0,0,0,0,0
"LINC02145",0,1,0,0,1,0,0,0,0,0
"MED10",1,1,7,4,0,2,9,11,2,3
"UBE2QL1",3,3,0,0,1,0,1,1,0,0
"LINC01018",0,0,0,0,0,0,0,0,0,0
"NSUN2",2,3,1,1,3,2,1,0,0,4
"SRD5A1",1,0,1,1,1,1,0,0,1,1
"LINC02102",0,0,0,0,0,0,0,0,1,0
"TENT4A",3,1,0,0,3,0,6,1,7,5
"AC122710.2",0,0,0,0,0,0,0,0,0,0
"AC122710.3",0,0,0,0,0,0,0,0,0,0
"LINC02236",0,0,0,0,0,0,0,0,0,0
"AC122710.1",0,0,0,0,0,0,0,0,0,0
"LINC02196",0,0,1,0,0,0,0,0,0,0
"LINC02123",0,0,0,0,0,0,0,1,0,0
"ADCY2",4,9,12,5,12,3,4,6,3,8
"AC093305.1",0,0,0,0,0,0,1,0,0,1
"C5orf49",0,0,0,0,0,0,0,0,0,1
"MTRR",1,0,2,0,4,9,3,0,1,5
"FASTKD3",0,0,0,0,0,1,1,0,0,0
"AC025174.1",0,0,0,0,0,0,0,0,0,0
"LINC02226",0,1,1,0,0,0,0,0,0,3
"MIR4458HG",3,3,0,0,0,3,2,3,3,1
"AC091932.1",0,0,0,0,0,0,0,0,1,0
"LINC02199",0,0,1,0,0,0,0,0,1,0
"AC021088.1",0,0,0,0,0,0,1,2,3,2
"SEMA5A",22,6,17,13,14,3,20,12,15,23
"AC091906.1",0,0,0,0,0,0,0,0,0,0
"SNHG18",2,0,0,2,0,0,2,1,4,2
"TAS2R1",0,0,0,0,0,0,0,0,0,0
"LINC02112",1,0,0,0,1,0,0,1,0,0
"LINC02221",0,0,0,0,0,0,0,0,0,0
"AC034229.1",0,0,0,0,0,0,0,0,0,1
"AC034229.4",0,0,0,0,0,0,1,0,0,0
"FAM173B",0,0,0,0,0,1,2,1,0,1
"AC012640.1",0,1,0,0,0,0,1,0,0,1
"CCT5",3,2,1,0,4,3,9,2,1,7
"AC012640.4",0,0,0,0,0,0,0,0,0,0
"CMBL",0,0,1,0,2,1,0,2,1,1
"AC012640.2",0,0,0,0,0,1,0,0,0,0
"MARCH6",13,9,11,6,19,10,20,13,8,25
"ROPN1L",0,0,0,0,0,0,0,0,0,0
"LINC01513",0,0,0,0,0,0,0,0,0,0
"LINC02212",0,0,0,0,0,0,0,0,0,0
"LINC02213",0,1,0,0,1,0,0,0,0,0
"ANKRD33B",0,2,2,2,4,3,7,2,2,11
"DAP",2,2,3,2,6,1,9,2,1,3
"AC012629.2",0,0,0,0,0,0,1,0,0,0
"CTNND2",8,12,28,20,33,11,19,14,7,22
"AC106771.1",0,0,0,0,0,0,0,0,0,0
"LINC01194",0,0,0,0,0,0,0,0,0,0
"LINC02220",0,0,0,0,0,0,0,0,0,0
"DNAH5",1,0,1,0,0,0,3,1,1,0
"AC016576.1",0,0,0,0,2,0,0,1,0,0
"TRIO",14,23,24,14,41,9,51,29,24,51
"OTULINL",0,0,0,0,1,1,0,1,0,1
"AC010491.1",1,0,0,0,1,0,1,0,2,0
"OTULIN",1,2,3,1,2,1,5,0,1,5
"ANKH",11,14,9,8,13,7,34,18,6,31
"AC016575.1",0,0,0,0,0,0,0,0,1,0
"LINC02149",0,0,0,0,0,0,0,0,0,0
"FBXL7",30,9,33,19,58,23,58,33,22,211
"AC010638.1",0,0,0,0,0,0,0,0,0,0
"MARCH11",0,0,2,0,1,0,0,0,0,1
"AC016650.1",0,0,0,0,0,0,0,0,0,0
"AC092335.1",0,0,0,0,0,0,0,0,0,0
"LINC02150",0,0,0,0,0,0,0,0,0,0
"ZNF622",0,1,0,0,2,1,3,1,0,0
"RETREG1",4,2,2,1,7,0,17,3,2,9
"AC022113.1",0,0,0,0,0,0,0,0,0,0
"MYO10",18,7,13,4,13,3,13,7,4,8
"BASP1",9,5,10,14,7,1,7,5,1,6
"AC026790.1",1,0,0,0,0,0,0,0,0,0
"BASP1-AS1",3,1,3,0,2,0,0,0,0,1
"AC026785.2",0,0,0,0,0,0,0,0,0,0
"AC026785.3",0,0,0,0,0,0,0,0,0,0
"LINC02217",0,0,2,0,0,0,0,1,0,0
"LINC02218",0,0,0,0,0,0,0,0,0,0
"LINC02223",0,0,1,0,0,1,1,0,1,0
"LINC02100",0,0,0,0,0,1,1,0,0,0
"AC106744.1",0,0,0,0,1,0,0,0,0,0
"CDH18",4,3,8,2,4,1,9,3,2,1
"CDH18-AS1",0,0,0,0,0,0,0,0,0,0
"LINC02241",3,2,0,1,2,1,2,3,3,2
"AC093274.1",0,0,0,0,0,0,0,2,0,0
"AC091946.2",0,0,0,0,0,0,0,0,0,0
"AC091946.1",0,0,2,0,0,0,1,0,0,0
"CDH12",3,1,7,1,4,1,6,3,3,2
"PRDM9",0,0,0,0,0,0,0,0,0,0
"C5orf17",1,0,2,1,0,0,2,2,1,3
"CDH10",0,1,4,1,1,1,0,4,1,1
"AC091885.2",2,0,0,0,0,0,1,0,0,1
"LINC02228",0,0,0,0,0,0,1,0,0,1
"LINC02211",1,0,0,0,1,0,0,0,0,0
"AC099499.1",2,0,0,0,0,0,0,0,0,1
"AC022140.1",0,0,0,0,0,0,0,0,0,0
"AC113347.4",0,0,0,0,0,0,0,0,0,0
"CDH9",0,2,1,1,0,0,1,0,0,1
"AC113355.1",0,0,0,0,0,0,0,0,0,0
"PURPL",0,0,0,0,0,0,0,0,0,0
"AC008825.1",0,0,0,0,0,0,0,0,0,0
"LINC02109",0,0,0,0,0,0,0,0,0,0
"AC113386.1",3,1,1,0,3,0,6,3,0,2
"CDH6",22,3,10,5,10,6,15,16,4,13
"DROSHA",3,1,2,2,9,1,3,5,3,7
"C5orf22",0,1,0,0,3,2,0,3,1,5
"PDZD2",34,24,36,13,55,18,49,24,14,40
"AC022447.1",0,0,0,0,0,0,0,0,0,0
"AC025178.1",2,2,1,0,0,0,1,0,0,0
"GOLPH3",4,4,7,1,6,6,8,6,8,7
"AC025181.2",1,0,0,0,1,0,0,0,0,1
"MTMR12",0,2,0,5,2,1,5,3,3,5
"ZFR",8,6,7,4,12,10,18,20,10,17
"SUB1",7,3,9,7,9,8,10,9,6,10
"NPR3",0,0,0,0,0,1,0,0,1,0
"AC010343.3",0,0,0,0,0,0,0,2,1,0
"AC034223.1",0,0,0,0,0,0,0,0,0,0
"AC034231.1",0,0,0,0,0,0,0,0,0,0
"TARS",1,1,1,3,5,0,3,4,3,5
"ADAMTS12",6,0,4,0,4,2,2,0,4,2
"SLC45A2",1,0,1,0,0,0,0,0,0,0
"AMACR",0,0,0,0,0,0,0,1,0,1
"C1QTNF3-AMACR",3,3,5,2,12,5,14,4,9,16
"AC139792.1",0,0,0,0,0,0,0,0,0,0
"RAI14",1,1,4,4,10,2,7,4,6,12
"AC026801.2",0,0,0,0,0,0,0,0,0,0
"TTC23L",2,0,0,0,0,1,0,0,0,0
"RAD1",1,1,0,0,1,2,1,2,1,1
"BRIX1",1,1,6,2,2,0,4,1,1,3
"DNAJC21",1,2,0,1,1,2,3,5,3,4
"AGXT2",0,0,0,0,0,0,0,0,0,0
"PRLR",0,0,1,0,0,0,0,0,1,2
"SPEF2",1,1,2,0,2,0,1,0,1,3
"AC137810.1",1,0,0,0,0,0,0,0,0,0
"IL7R",0,0,0,0,0,0,0,0,0,0
"CAPSL",0,0,0,0,0,0,0,0,0,0
"UGT3A1",0,0,0,0,0,0,0,0,0,0
"UGT3A2",0,0,0,0,0,0,0,0,0,1
"LMBRD2",2,3,3,1,3,3,7,1,2,1
"SKP2",1,1,0,1,1,0,0,0,1,0
"NADK2",0,0,1,0,2,1,2,2,6,4
"RANBP3L",6,1,17,3,16,9,6,6,12,10
"SLC1A3",31,16,32,19,62,23,31,26,35,41
"AC008957.2",3,4,4,2,1,3,0,2,2,3
"AC008957.1",1,0,0,0,0,0,0,0,0,0
"AC026741.1",0,0,0,0,0,0,0,0,0,0
"NIPBL",17,9,25,16,35,5,37,23,21,34
"CPLANE1",11,5,5,4,18,6,2,13,5,18
"NUP155",1,0,1,1,3,1,4,3,2,2
"WDR70",10,4,11,3,13,9,24,8,10,15
"GDNF-AS1",0,0,0,0,0,0,0,0,1,1
"GDNF",0,0,0,0,0,0,0,0,0,0
"LINC02117",0,0,0,0,0,0,0,0,0,0
"AC034226.1",0,0,0,0,0,0,0,0,0,0
"LINC02107",1,0,0,0,0,0,0,0,0,1
"EGFLAM",0,0,0,0,0,0,0,1,0,3
"LIFR",3,15,5,9,9,6,30,9,13,14
"LIFR-AS1",2,2,1,0,1,0,1,0,1,1
"AC010425.1",0,0,0,0,0,0,0,0,0,0
"OSMR-AS1",1,1,5,2,4,6,6,5,3,10
"OSMR",3,8,13,6,13,10,33,12,6,10
"RICTOR",10,11,13,14,15,10,25,21,10,21
"FYB1",1,1,0,0,1,0,3,2,1,2
"C9",1,0,0,0,0,0,0,0,0,1
"DAB2",0,0,0,0,0,0,0,0,0,0
"LINC00603",0,0,0,0,0,0,0,0,0,0
"LINC00604",0,0,0,0,0,0,1,0,0,0
"TTC33",0,0,4,3,2,2,2,2,1,6
"PTGER4",0,0,0,0,1,0,0,0,0,1
"PRKAA1",8,6,8,4,4,7,8,4,6,10
"RPL37",4,3,7,4,5,7,7,9,8,5
"CARD6",1,2,0,1,0,0,1,1,2,1
"C7",6,5,14,0,8,8,8,6,14,17
"MROH2B",1,0,0,0,0,0,0,0,0,0
"C6",0,0,1,0,0,2,1,0,0,0
"PLCXD3",1,0,3,0,0,5,0,1,1,2
"OXCT1",1,6,3,1,2,1,3,6,1,11
"C5orf51",1,0,1,0,1,1,7,2,5,2
"FBXO4",1,0,0,0,1,0,4,1,0,3
"GHR",9,2,10,4,13,7,8,12,9,13
"CCDC152",1,0,0,0,1,0,1,1,0,1
"SELENOP",7,6,13,15,18,22,33,15,14,20
"AC008945.1",0,0,0,0,0,0,0,0,0,0
"AC008875.1",0,0,0,0,0,0,0,1,0,0
"AC025171.3",0,0,0,0,1,0,1,0,0,1
"ANXA2R",0,1,0,0,2,0,0,1,0,0
"AC025171.2",0,0,0,0,0,0,0,0,0,0
"AC025171.4",0,0,0,0,0,0,0,0,0,0
"ZNF131",5,3,4,4,10,4,12,10,6,14
"NIM1K",1,0,0,2,4,0,1,2,0,5
"AC114947.2",0,0,0,0,0,0,0,0,0,1
"HMGCS1",2,2,2,1,0,0,3,1,0,10
"CCL28",0,1,1,0,0,1,1,0,1,0
"TMEM267",3,6,1,4,3,1,4,5,4,7
"C5orf34",0,0,0,0,0,1,1,0,0,0
"AC114956.2",0,0,0,0,1,0,0,0,1,0
"AC114956.1",0,0,0,0,0,0,0,0,0,0
"PAIP1",0,0,2,0,4,3,4,5,1,4
"NNT-AS1",2,0,1,1,3,4,2,3,0,1
"NNT",0,4,3,4,5,1,11,8,3,5
"AC104119.1",0,0,0,0,0,0,0,0,0,0
"FGF10",1,0,0,0,0,0,1,1,1,2
"FGF10-AS1",0,0,0,0,0,0,0,1,0,0
"LINC02224",0,0,1,0,0,0,0,0,0,0
"AC093292.1",0,0,0,0,0,0,0,0,0,0
"MRPS30-DT",2,1,1,1,3,0,3,0,0,1
"AC093297.1",0,0,0,0,0,0,0,0,0,0
"MRPS30",2,1,2,1,2,0,6,1,1,1
"AC093297.2",0,0,0,0,0,1,2,0,1,0
"AC114954.1",0,0,0,0,0,0,0,0,0,0
"HCN1",0,3,5,4,10,1,3,1,4,7
"AC122694.1",0,0,0,0,0,1,0,0,0,1
"EMB",1,0,0,0,1,0,0,1,1,0
"PARP8",7,3,8,2,8,6,4,12,6,12
"LINC02118",0,0,0,0,0,0,0,0,0,0
"AC022126.1",0,0,0,0,0,0,0,0,1,0
"ITGA1",10,23,23,6,24,10,49,20,17,14
"AC025180.1",0,0,1,0,2,2,1,0,0,0
"ITGA2",8,8,3,5,5,3,15,4,3,10
"AC008966.2",0,0,0,0,0,0,0,0,0,0
"MOCS2",1,0,3,1,3,5,3,2,2,2
"AC008966.1",0,0,0,0,0,0,0,1,0,0
"FST",0,0,0,0,0,0,0,0,0,0
"NDUFS4",7,5,4,1,7,5,7,4,4,12
"LINC02105",0,0,1,0,0,0,0,0,0,0
"AC025175.1",0,0,0,1,0,0,0,0,1,0
"ARL15",68,22,39,38,74,58,142,68,13,34
"LINC01033",0,0,1,0,0,0,0,0,0,0
"HSPB3",1,0,0,0,0,0,0,0,0,0
"SNX18",1,0,0,1,1,2,2,1,1,2
"ESM1",0,0,1,0,0,0,0,0,1,0
"GZMK",0,0,0,0,0,0,0,0,0,0
"GZMA",0,0,0,0,0,0,0,0,0,0
"CDC20B",0,0,0,0,0,0,0,0,0,0
"GPX8",1,0,0,0,0,1,0,0,1,0
"CCNO",0,0,0,1,0,0,0,1,0,1
"AC026704.1",0,3,1,0,0,3,3,0,0,2
"DHX29",2,5,5,5,7,2,13,4,3,5
"MTREX",9,4,5,2,8,5,9,7,7,14
"PLPP1",65,17,24,8,29,23,49,14,17,32
"SLC38A9",1,5,9,3,7,4,17,9,3,11
"DDX4",0,0,1,0,1,0,0,0,0,0
"IL31RA",0,0,0,0,0,0,0,0,0,0
"IL6ST",6,8,7,4,11,18,32,9,13,11
"AC008914.1",0,2,0,0,0,0,0,0,0,0
"AC008892.1",0,2,1,0,1,1,2,0,3,3
"ANKRD55",1,0,0,0,0,0,1,1,1,0
"AC034245.1",0,0,0,0,0,0,0,0,0,0
"LINC01948",0,0,0,0,0,0,1,0,0,0
"C5orf67",0,0,0,0,0,0,1,0,0,0
"MAP3K1",6,2,0,0,8,1,6,5,1,5
"AC008937.2",2,0,0,0,1,0,0,0,0,2
"AC008937.1",0,0,0,0,0,0,0,0,0,0
"SETD9",0,2,0,0,0,0,2,1,0,1
"MIER3",0,2,1,1,1,0,2,2,2,3
"AC008937.3",0,0,0,1,0,0,0,0,0,0
"AC016644.1",0,0,0,0,0,0,0,0,0,0
"GPBP1",18,9,14,11,21,13,24,11,7,30
"AC025470.2",0,0,0,0,0,0,0,0,1,0
"AC008780.1",0,0,0,0,1,0,0,0,0,0
"AC008780.2",0,1,0,0,0,0,0,0,0,0
"PLK2",1,0,1,1,0,4,0,4,1,2
"GAPT",0,0,0,0,0,0,0,0,0,0
"LINC02108",0,0,0,0,0,0,0,0,0,0
"RAB3C",3,2,4,3,7,2,0,0,0,2
"AC016642.1",0,0,0,0,0,0,0,0,0,0
"AC008852.1",0,0,0,0,0,0,0,0,0,0
"PDE4D",55,37,54,20,71,64,107,107,58,118
"AC092343.1",0,0,1,0,0,0,0,0,0,1
"AC034234.1",0,0,0,0,0,0,0,0,0,0
"PART1",2,4,2,0,3,1,0,2,1,0
"DEPDC1B",1,3,1,1,0,0,1,0,0,1
"ELOVL7",11,40,35,27,72,22,124,51,23,38
"AC104113.1",0,0,0,0,0,0,0,0,0,0
"ERCC8",4,3,1,0,2,1,6,2,4,1
"NDUFAF2",3,5,9,3,12,7,11,6,5,10
"SMIM15",0,0,0,0,0,2,2,1,1,0
"SMIM15-AS1",0,0,0,0,0,0,2,1,0,1
"LINC02057",0,0,0,0,0,0,0,0,0,0
"ZSWIM6",14,18,17,12,32,17,48,22,21,77
"AC026746.1",0,1,0,0,0,0,0,0,0,0
"KIF2A",0,6,3,2,7,8,10,6,1,9
"DIMT1",1,3,3,0,0,2,1,2,0,0
"IPO11",0,0,4,2,4,2,3,3,0,4
"HTR1A",0,0,0,0,0,0,0,0,0,0
"RNF180",7,3,4,1,8,6,8,9,7,7
"RGS7BP",0,1,3,0,4,10,4,7,5,2
"SHISAL2B",0,0,0,0,0,0,0,0,0,0
"SREK1IP1",2,0,4,1,2,3,3,1,4,3
"CWC27",2,3,8,5,16,4,12,9,2,12
"AC092354.2",0,0,0,0,0,0,0,0,0,0
"AC092354.1",0,0,0,0,0,0,0,0,0,0
"ADAMTS6",4,8,6,0,10,9,26,4,3,4
"CENPK",0,0,0,0,1,0,1,0,0,0
"PPWD1",3,1,3,1,3,2,9,8,5,3
"TRIM23",3,3,1,3,3,2,9,4,2,1
"TRAPPC13",5,4,4,2,10,1,6,5,4,9
"SGTB",1,0,2,0,0,2,0,1,1,0
"NLN",2,2,2,0,3,0,0,2,0,1
"AC010359.1",0,0,0,0,0,0,0,0,0,0
"ERBIN",17,18,26,44,26,19,65,23,18,39
"SREK1",3,2,3,4,5,5,12,3,7,12
"AC113378.1",0,0,0,0,0,0,0,0,0,0
"MAST4",20,10,23,12,33,15,27,15,10,34
"MAST4-AS1",0,0,0,0,0,0,0,0,0,0
"CD180",0,0,0,0,0,0,0,0,0,0
"AC112206.2",0,0,1,0,1,1,1,2,1,3
"LINC02242",0,0,0,0,0,0,0,0,0,0
"AC106798.1",0,1,0,0,0,0,0,1,0,1
"LINC02219",0,0,0,0,0,0,0,0,0,0
"PIK3R1",8,5,4,5,20,5,12,16,15,11
"AC010280.2",0,0,0,0,0,0,0,0,0,0
"AC010280.3",0,0,0,0,0,0,0,0,0,0
"AC010280.1",0,0,0,0,0,0,0,0,0,0
"AC093523.1",0,0,1,0,0,0,0,0,0,2
"LINC02198",0,0,0,0,0,0,0,0,0,0
"AC010273.2",0,0,0,1,0,1,0,0,1,1
"SLC30A5",1,1,3,0,5,1,3,2,3,6
"AC010273.1",0,0,2,0,1,0,0,0,0,0
"CCNB1",0,0,0,0,0,0,1,0,0,0
"CENPH",0,0,0,0,0,1,0,0,0,1
"MRPS36",3,1,0,1,1,2,8,6,3,3
"CDK7",0,0,1,0,2,0,0,0,0,2
"CCDC125",0,1,1,0,2,0,0,1,1,5
"AK6",1,1,2,3,1,1,3,3,5,3
"RAD17",2,0,3,0,3,3,2,7,0,7
"MARVELD2",1,0,0,0,0,1,0,0,1,1
"AC145146.1",0,0,2,0,0,0,0,1,0,0
"OCLN",2,1,1,1,5,3,18,2,3,6
"GTF2H2C",1,0,1,1,1,5,6,6,2,8
"SERF1B",0,0,0,0,0,1,0,0,0,0
"SMN2",0,0,0,0,0,0,0,0,0,1
"AC146944.4",0,0,0,0,0,0,1,0,0,0
"SERF1A",1,0,0,0,0,0,0,0,1,0
"SMN1",0,0,0,0,0,0,0,0,0,0
"NAIP",7,4,3,8,11,5,8,6,3,14
"GTF2H2",1,0,1,1,0,2,7,3,4,13
"LINC02197",0,0,0,0,0,0,0,0,0,0
"BDP1",3,4,7,2,10,4,14,13,7,13
"MCCC2",4,1,3,1,1,3,6,2,0,3
"CARTPT",0,0,2,0,0,0,0,0,0,0
"MAP1B",22,7,19,22,27,16,24,16,10,14
"MRPS27",6,5,0,5,6,2,7,4,0,5
"PTCD2",3,1,1,0,0,0,0,0,0,1
"ZNF366",2,5,4,3,7,0,37,2,4,1
"LINC02056",0,0,0,0,0,0,0,0,0,0
"AC063979.2",0,0,1,0,0,1,0,0,0,0
"AC035140.1",0,0,2,0,0,0,0,0,0,0
"TNPO1",5,3,10,3,11,4,19,9,5,10
"AC008972.1",0,0,0,0,0,0,0,0,0,0
"AC008972.2",0,0,0,0,0,0,0,0,0,0
"FCHO2",8,6,6,3,13,7,13,16,13,10
"TMEM171",1,1,0,0,0,0,1,0,0,1
"AC116345.1",1,0,3,0,2,1,0,1,0,1
"FOXD1",1,0,0,1,1,1,0,3,6,1
"LINC01386",0,0,0,0,1,0,1,0,0,0
"AC099522.2",1,1,0,0,0,0,1,0,1,1
"BTF3",3,8,1,0,7,8,10,5,6,4
"ANKRA2",3,2,1,1,3,1,6,1,4,7
"UTP15",0,1,1,0,1,0,3,0,0,1
"ARHGEF28",3,2,0,2,6,1,7,0,5,15
"AC091868.2",0,0,0,0,0,0,0,0,0,0
"LINC02122",0,0,0,0,0,0,0,0,0,0
"LINC01335",0,0,0,0,0,0,0,0,0,0
"AC106732.1",0,0,0,0,0,0,0,0,0,0
"LINC01332",0,0,0,0,0,0,0,0,0,0
"LINC01331",0,0,0,0,0,0,0,0,0,1
"ENC1",2,4,5,6,5,0,1,2,2,4
"HEXB",3,2,5,0,4,2,7,6,7,3
"GFM2",2,1,2,1,3,0,2,1,1,3
"NSA2",2,1,3,1,7,1,3,5,6,2
"FAM169A",1,1,0,0,7,2,4,2,1,4
"AC010501.1",0,0,0,0,0,0,0,0,0,0
"AC116337.3",0,1,0,0,0,0,1,0,0,0
"GCNT4",0,0,0,0,1,1,0,0,0,0
"LINC01336",0,0,0,0,0,0,0,0,0,0
"ANKRD31",0,0,1,0,0,0,0,0,0,0
"AC008897.2",0,0,0,0,0,0,0,0,0,0
"HMGCR",2,1,2,4,4,2,4,5,1,4
"COL4A3BP",5,3,9,1,11,7,21,3,5,14
"AC008897.3",0,0,0,0,0,0,0,0,0,0
"POLK",7,4,8,5,8,4,21,14,10,15
"AC010245.1",0,0,0,0,0,0,0,0,0,0
"AC010245.2",0,0,1,0,1,0,0,0,0,0
"ANKDD1B",1,0,1,0,3,1,0,1,0,3
"POC5",0,0,2,2,1,0,1,2,2,1
"AC026774.1",0,0,0,0,0,0,0,0,0,0
"SV2C",0,1,1,0,0,0,2,2,0,1
"AC113404.1",0,0,0,0,0,0,0,0,0,0
"IQGAP2",8,1,3,0,5,0,1,2,4,3
"F2RL2",0,0,0,0,0,0,0,0,0,0
"AC025188.1",0,0,0,0,0,0,0,0,0,0
"F2R",0,0,0,0,1,1,0,0,0,0
"F2RL1",0,0,0,0,0,0,1,0,0,0
"S100Z",0,0,0,0,0,0,0,0,0,0
"CRHBP",0,0,0,0,1,0,0,0,0,0
"AGGF1",0,0,0,0,0,0,0,0,0,0
"AC008581.2",0,0,0,1,0,0,1,0,0,1
"ZBED3",1,0,2,0,2,1,3,1,0,4
"AC022414.1",0,1,0,8,1,2,2,4,7,3
"PDE8B",2,0,1,1,9,3,5,1,3,1
"WDR41",5,1,11,2,9,7,11,10,5,10
"OTP",0,0,0,0,0,0,0,0,0,0
"TBCA",9,9,9,7,15,10,31,15,15,18
"AP3B1",7,3,9,5,14,14,21,16,5,25
"SCAMP1-AS1",4,0,0,0,0,0,0,0,1,0
"SCAMP1",6,4,8,2,7,4,20,11,7,2
"LHFPL2",3,4,6,3,10,0,12,1,6,10
"ARSB",2,5,4,0,8,4,10,7,9,6
"DMGDH",0,0,4,0,1,0,2,0,0,1
"BHMT2",1,3,7,0,2,0,1,1,1,2
"BHMT",0,0,1,0,0,0,0,0,1,0
"JMY",3,1,4,0,6,0,4,3,6,5
"HOMER1",3,4,1,1,0,0,4,1,3,3
"TENT2",13,12,13,9,17,6,23,16,6,23
"CMYA5",0,0,0,1,4,1,3,0,2,2
"AC008496.2",0,0,0,0,0,0,0,0,0,1
"LINC01455",0,0,0,0,0,0,0,0,0,0
"MTX3",0,1,0,0,0,0,5,3,2,1
"THBS4",2,0,3,0,3,1,1,2,1,5
"AC012636.1",0,0,0,0,0,0,0,0,1,0
"SERINC5",17,8,16,16,15,7,40,14,14,16
"AC010260.1",5,4,3,2,7,3,3,5,4,9
"ZFYVE16",18,8,9,8,7,8,16,13,12,21
"AC008771.1",0,0,0,0,0,0,0,0,0,0
"FAM151B",0,0,1,0,3,0,3,2,0,4
"ANKRD34B",0,0,0,0,0,0,0,0,0,0
"LINC01337",0,0,0,0,0,0,0,0,0,0
"DHFR",0,0,5,4,4,1,3,6,1,2
"MSH3",3,4,9,4,10,3,12,11,4,7
"RASGRF2-AS1",0,0,0,0,0,0,0,0,0,0
"RASGRF2",23,14,18,8,24,10,34,4,13,38
"CKMT2-AS1",5,2,3,1,7,1,10,9,5,17
"CKMT2",4,2,5,1,5,2,3,2,5,4
"ZCCHC9",2,1,1,0,1,3,4,2,2,1
"ACOT12",0,0,0,0,0,0,1,0,0,1
"SSBP2",23,8,16,7,31,21,60,45,36,44
"AC026726.1",0,0,0,1,1,0,2,0,1,0
"ATG10",5,1,6,3,9,3,7,8,4,6
"RPS23",23,20,10,11,30,35,65,38,28,22
"ATP6AP1L",2,1,3,0,2,0,1,2,1,7
"LINC01338",0,0,0,0,0,0,0,0,0,0
"AC104118.1",0,1,0,0,0,0,0,0,0,0
"TMEM167A",1,2,2,1,2,0,3,5,4,5
"XRCC4",2,2,3,3,3,1,10,6,7,9
"VCAN",3,2,2,5,3,2,9,6,4,7
"VCAN-AS1",0,0,0,0,0,0,0,0,0,0
"HAPLN1",0,0,1,0,0,0,0,0,0,0
"EDIL3",27,18,24,42,50,26,77,21,18,37
"AC113383.1",0,0,3,2,0,2,2,1,1,1
"AC114928.1",0,0,0,0,0,0,0,0,0,0
"COX7C",8,9,9,10,9,9,18,15,11,12
"AC109492.1",1,0,0,0,1,0,0,1,0,3
"LINC01949",0,0,0,0,0,0,0,0,0,0
"RASA1",7,7,16,6,16,5,17,11,5,21
"CCNH",18,21,28,21,28,12,72,40,19,58
"AC018754.1",1,0,0,0,1,0,1,1,0,1
"LINC02488",0,0,0,0,0,0,0,0,0,0
"LINC02144",1,0,0,0,0,0,0,0,0,0
"TMEM161B",1,1,2,1,3,0,6,5,1,2
"TMEM161B-AS1",13,8,13,7,14,7,15,17,15,30
"LINC02060",0,0,0,0,0,0,1,0,0,0
"AC091826.2",0,1,1,0,0,0,1,0,0,0
"LINC00461",3,3,6,2,6,1,0,2,1,3
"MEF2C-AS2",0,0,0,0,0,0,0,1,0,0
"AC008525.1",0,0,0,0,0,0,0,0,0,0
"MEF2C",29,36,45,27,42,21,79,61,9,40
"MEF2C-AS1",3,6,4,4,11,6,11,11,2,9
"LINC02161",0,0,0,0,0,0,0,0,1,0
"AC099554.1",0,0,0,0,0,0,0,0,0,0
"CETN3",3,1,2,2,3,6,0,7,9,3
"MBLAC2",0,0,0,0,0,2,1,1,0,1
"POLR3G",0,0,0,1,1,1,1,0,1,1
"LYSMD3",3,0,2,1,2,1,5,1,2,6
"ADGRV1",2,0,8,5,12,2,3,14,3,7
"AC123595.1",0,0,0,0,0,0,0,0,0,0
"LUCAT1",0,1,0,0,0,1,0,2,0,0
"ARRDC3",1,5,4,5,2,9,16,13,3,7
"ARRDC3-AS1",0,3,0,0,0,0,0,0,0,0
"AC114316.2",0,0,0,0,0,1,1,1,2,0
"AC124854.1",4,0,1,0,3,1,3,3,4,4
"AC026780.1",0,0,0,0,0,0,0,0,0,0
"AC026780.2",0,0,0,1,0,0,0,1,0,0
"LINC02058",6,0,4,0,0,1,2,0,4,0
"AC012625.1",0,0,1,0,0,0,0,0,2,0
"NR2F1-AS1",8,8,25,5,20,8,6,19,22,15
"NR2F1",16,2,15,6,28,7,11,20,32,40
"FAM172A",18,11,16,6,24,11,37,21,22,33
"AC108102.1",0,0,0,0,0,0,0,0,0,0
"KIAA0825",9,2,4,1,14,4,7,2,6,11
"SLF1",5,1,6,0,2,4,4,9,6,2
"MCTP1",5,30,19,11,12,6,22,28,1,8
"AC008534.1",1,4,0,0,0,0,1,1,0,0
"FAM81B",0,0,0,0,0,0,0,0,0,0
"TTC37",7,4,10,3,14,14,30,7,7,17
"ARSK",0,0,1,0,0,0,3,1,2,2
"GPR150",0,0,0,0,0,0,0,0,0,0
"RFESD",0,0,0,0,0,0,0,0,0,0
"SPATA9",0,0,0,1,2,0,0,2,0,1
"AC008840.1",0,0,0,0,0,0,0,0,0,0
"RHOBTB3",9,3,12,3,10,5,11,9,13,12
"GLRX",1,0,4,0,0,1,5,6,3,1
"AC008592.4",0,0,0,0,0,1,0,0,0,0
"AC008592.5",0,0,0,0,0,0,0,0,0,0
"LINC01554",0,0,0,0,0,0,0,0,0,0
"ELL2",17,12,9,15,15,12,45,34,8,23
"AC104123.1",4,3,1,3,5,2,11,6,5,1
"AC008592.2",0,0,0,0,0,0,0,0,0,0
"PCSK1",2,0,1,0,0,0,0,0,0,0
"CAST",8,8,14,8,25,16,25,12,8,17
"AC020900.1",0,0,0,0,0,0,0,0,0,0
"ERAP1",4,1,3,1,4,3,2,2,3,6
"AC008906.1",0,0,0,0,0,0,0,0,0,0
"AC008906.2",0,0,0,0,0,0,0,0,0,0
"AC009126.1",0,2,2,1,1,0,3,0,0,2
"ERAP2",2,0,1,1,7,0,2,0,1,0
"LNPEP",7,5,4,2,11,7,14,11,12,13
"LIX1-AS1",1,0,1,0,2,0,2,0,1,4
"LIX1",0,0,0,0,0,0,0,0,0,0
"RIOK2",1,0,1,0,0,2,1,0,1,1
"AC008883.1",1,0,0,0,1,0,0,0,0,0
"LINC01340",2,0,0,2,0,0,1,0,0,0
"LINC02234",0,0,0,0,0,0,0,0,0,0
"LINC01846",0,0,0,0,1,0,0,0,0,0
"RGMB",0,0,1,0,3,0,3,1,2,0
"RGMB-AS1",0,0,0,0,0,0,0,0,0,0
"AC008522.1",0,0,0,0,0,0,0,0,0,0
"CHD1",6,6,9,3,3,7,12,7,6,11
"LINC02062",3,0,2,0,0,7,4,3,4,3
"LINC02113",0,0,0,0,0,0,0,0,0,0
"AC113385.1",0,0,0,0,0,0,0,0,0,0
"AC021086.1",2,0,0,0,1,0,0,0,0,0
"FAM174A",4,1,4,1,1,1,6,4,2,1
"ST8SIA4",1,3,0,2,6,2,3,1,2,2
"AC008948.1",0,0,0,0,0,0,0,0,0,0
"SLCO4C1",0,0,1,0,0,0,0,0,0,0
"SLCO6A1",0,0,0,0,0,0,0,0,0,0
"LINC00492",0,0,0,0,0,0,0,0,0,0
"LINC00491",0,0,0,0,0,1,0,0,0,1
"PAM",12,20,20,23,30,10,62,26,17,36
"GIN1",0,0,1,1,0,2,3,2,2,0
"PPIP5K2",11,1,1,5,6,6,20,4,2,1
"C5orf30",0,2,1,2,0,0,1,0,0,2
"LINC02115",0,0,1,0,0,0,0,0,0,0
"NUDT12",1,0,1,1,3,0,2,2,0,1
"AC099520.1",1,0,1,0,0,0,2,0,2,2
"LINC01950",0,0,0,1,0,1,0,0,0,0
"EFNA5",1,6,11,3,14,3,10,2,3,6
"FBXL17",18,11,23,11,33,20,34,11,19,17
"LINC01023",0,1,1,0,0,0,0,0,0,0
"FER",14,7,15,5,27,11,30,21,17,36
"AC008871.1",1,0,0,0,1,0,1,0,0,1
"AC008467.1",1,0,0,0,0,0,0,0,0,0
"PJA2",8,6,8,8,18,5,6,8,4,6
"AC012603.1",0,0,0,0,0,0,0,0,0,0
"MAN2A1",19,12,20,22,27,13,82,20,20,76
"TMEM232",4,1,5,1,11,1,3,4,1,7
"SLC25A46",4,2,5,5,3,5,3,4,4,5
"AC010395.1",0,0,0,0,0,0,0,0,0,0
"TSLP",0,0,0,0,0,1,1,0,0,0
"AC008572.1",0,0,0,0,0,0,0,0,0,0
"WDR36",1,1,2,1,1,1,0,1,2,3
"CAMK4",1,2,4,2,0,1,0,0,1,0
"AC010275.1",1,0,1,0,0,0,0,0,0,0
"STARD4",1,3,0,3,2,3,9,4,4,3
"STARD4-AS1",2,1,0,0,2,0,2,0,0,4
"NREP",2,1,2,0,7,0,8,2,2,2
"NREP-AS1",0,0,0,0,1,0,1,1,0,0
"EPB41L4A",5,12,8,8,20,9,53,8,8,14
"EPB41L4A-AS1",0,2,3,0,2,1,3,0,0,1
"AC010261.2",0,1,2,0,0,0,0,0,0,1
"AC104126.1",1,1,0,0,5,2,3,2,2,4
"EPB41L4A-DT",0,0,0,0,0,0,1,0,0,0
"LINC02200",0,0,0,0,0,0,0,0,0,0
"APC",3,5,5,5,12,5,10,5,4,10
"AC008575.1",0,0,0,0,0,0,0,0,0,1
"SRP19",3,3,2,2,4,5,7,5,4,8
"REEP5",4,3,3,5,6,11,12,14,7,3
"DCP2",2,0,2,1,4,1,5,2,3,9
"MCC",1,7,12,6,15,6,21,12,10,14
"AC079465.1",0,0,0,0,0,0,2,0,1,0
"YTHDC2",4,3,2,1,6,5,13,12,4,10
"KCNN2",0,0,1,0,1,1,0,1,0,1
"AC010230.1",0,0,1,0,0,1,0,0,0,0
"TRIM36",1,0,1,2,2,0,0,1,1,2
"PGGT1B",1,0,2,0,4,1,5,3,3,2
"AC008494.3",0,0,0,0,0,0,0,0,0,0
"CCDC112",2,1,0,1,3,1,2,2,2,1
"FEM1C",0,2,1,0,2,0,5,0,0,1
"TMED7-TICAM2",1,0,0,0,1,2,2,2,1,2
"AC010226.1",0,2,0,0,0,0,0,1,1,0
"TMED7",0,0,0,0,0,0,0,0,0,0
"CDO1",1,0,1,0,0,0,1,1,2,2
"ATG12",2,1,6,1,5,2,10,5,6,8
"AP3S1",6,4,11,1,12,8,32,11,10,12
"LVRN",0,0,1,0,2,0,0,0,0,0
"ARL14EPL",0,1,0,0,0,0,1,0,1,0
"AC034236.3",0,0,0,0,0,0,0,0,0,0
"AC034236.2",1,2,0,0,0,0,2,0,1,0
"COMMD10",9,7,11,8,17,2,36,16,7,15
"AC018752.1",0,0,1,0,1,0,0,0,0,2
"SEMA6A",10,4,12,7,12,2,24,13,3,14
"SEMA6A-AS1",11,8,8,2,6,1,6,1,0,8
"SEMA6A-AS2",0,0,0,0,0,0,0,0,0,0
"LINC02214",0,0,0,0,0,0,0,0,0,0
"AC010267.1",0,0,0,0,0,0,0,0,0,0
"LINC00992",0,0,0,0,0,0,0,1,0,0
"LINC02147",34,21,30,6,22,38,25,34,20,17
"LINC02148",0,0,0,0,0,0,0,0,0,0
"LINC02208",0,0,0,0,0,0,0,0,0,0
"LINC02215",0,0,0,0,0,0,0,0,0,0
"AC093206.1",0,0,0,0,1,1,0,0,0,0
"DTWD2",5,2,0,1,2,1,2,2,1,3
"AC008629.1",2,0,2,1,0,0,0,1,0,2
"DMXL1",7,3,8,7,6,2,13,14,7,10
"TNFAIP8",3,3,2,3,5,4,5,5,3,3
"HSD17B4",5,3,3,1,10,11,14,6,5,13
"AC008574.1",0,2,0,0,0,0,3,0,0,0
"AC113418.1",0,0,0,0,0,0,0,0,0,0
"PRR16",0,2,1,0,1,5,4,3,2,1
"AC114284.1",0,0,0,0,0,0,0,0,0,0
"AC008568.1",0,0,0,0,1,0,0,0,0,0
"SRFBP1",6,0,2,0,6,0,8,7,2,15
"LOX",0,0,0,0,0,0,0,0,0,0
"AC010255.1",0,0,0,0,0,0,0,0,0,0
"AC010255.3",0,0,0,0,0,0,0,0,0,0
"AC113349.2",0,0,0,0,0,0,0,0,0,0
"SNCAIP",0,0,0,0,2,1,1,1,0,2
"AC119150.1",0,0,0,2,4,2,0,1,1,1
"AC022101.1",0,0,0,0,0,0,0,0,1,1
"LINC02201",0,0,1,0,1,1,0,0,0,0
"SNX2",7,0,7,1,4,3,9,3,2,1
"SNX24",5,4,0,1,7,1,5,5,4,9
"PPIC",0,1,0,0,0,0,13,1,1,1
"AC106786.2",0,0,0,0,0,0,0,0,0,0
"PRDM6",1,2,0,1,0,1,0,0,1,25
"CEP120",1,1,0,0,5,4,6,3,4,0
"CSNK1G3",2,4,5,6,3,3,9,3,4,9
"LINC01170",4,1,1,5,10,1,5,2,1,5
"AC025465.1",0,0,0,0,0,0,0,0,0,0
"ZNF608",4,4,3,1,4,5,4,8,4,10
"AC112196.1",3,1,0,0,0,0,1,2,0,7
"LINC02240",2,1,0,0,0,1,1,1,0,2
"AC010235.1",0,0,1,0,1,1,0,3,3,1
"LINC02039",0,0,0,0,0,0,0,0,0,0
"GRAMD2B",21,7,20,13,36,19,42,27,36,41
"AC093535.1",4,3,2,0,9,1,2,1,6,4
"ALDH7A1",10,1,3,1,5,4,5,6,15,10
"PHAX",0,1,0,1,2,2,2,0,3,1
"TEX43",0,0,0,1,0,0,0,0,0,0
"LMNB1-DT",0,0,0,0,1,0,2,0,0,3
"LMNB1",0,1,0,0,0,0,0,1,0,0
"MARCH3",3,5,2,4,10,5,13,8,8,8
"C5orf63",2,0,1,0,1,0,1,0,0,2
"AC011416.3",1,0,0,2,0,0,0,0,1,0
"MEGF10",6,3,8,4,8,2,6,2,3,12
"AC010424.2",0,0,0,0,0,0,0,0,0,0
"PRRC1",1,1,1,2,5,1,5,5,2,3
"AC010424.3",0,0,0,0,0,0,0,0,0,0
"CTXN3",0,0,1,0,0,0,0,0,1,0
"AC022118.1",0,0,0,0,0,0,0,0,0,0
"CCDC192",0,0,1,0,1,0,0,0,0,3
"AC068658.1",0,0,1,0,0,0,0,0,0,0
"LINC01184",4,2,7,6,6,3,10,3,5,8
"SLC12A2",24,10,21,11,26,17,50,21,12,28
"FBN2",1,0,0,0,0,1,0,0,0,0
"SLC27A6",0,0,2,0,0,0,0,0,2,1
"ISOC1",1,2,0,0,0,0,4,2,1,1
"ADAMTS19",2,0,3,3,0,0,0,0,0,1
"AC008591.1",1,0,1,0,0,0,0,0,0,0
"KIAA1024L",0,0,0,0,0,0,0,0,0,0
"CHSY3",11,4,12,9,12,6,10,15,9,72
"HINT1",14,13,12,6,10,14,28,16,16,15
"LYRM7",0,1,2,1,4,0,2,4,0,3
"CDC42SE2",4,2,2,3,7,7,10,6,3,14
"RAPGEF6",0,0,0,3,2,0,2,1,0,2
"AC008695.1",0,0,1,1,0,0,0,0,0,0
"MEIKIN",0,0,0,0,0,0,0,0,0,0
"AC026398.1",0,0,0,0,0,0,0,0,0,0
"AC034228.3",1,0,0,0,0,0,0,0,0,0
"ACSL6",0,0,0,0,0,0,0,0,0,0
"AC034228.1",0,0,0,0,0,0,0,0,0,0
"AC063976.1",0,0,0,0,0,0,0,0,0,0
"P4HA2-AS1",0,0,0,0,0,0,0,0,0,0
"P4HA2",1,0,1,1,8,2,3,3,1,3
"PDLIM4",2,7,0,1,0,3,6,0,1,1
"SLC22A4",1,0,1,1,2,0,3,0,0,1
"SLC22A5",0,2,2,0,1,1,2,2,0,1
"AC116366.3",5,7,6,3,9,1,4,4,4,2
"AC116366.2",0,0,0,0,0,0,0,0,0,0
"IRF1",3,5,0,0,4,2,1,0,2,2
"IL5",0,0,0,0,0,0,0,0,0,0
"RAD50",0,0,0,0,1,0,0,0,0,0
"TH2LCRR",2,1,1,0,0,0,1,1,1,2
"IL13",0,0,0,0,0,0,0,0,0,0
"AC004039.1",1,0,1,0,0,0,1,0,1,0
"KIF3A",5,7,4,1,11,3,2,6,4,1
"CCNI2",0,0,0,0,0,0,0,0,0,0
"SEPT8",5,2,8,3,6,8,9,2,1,2
"SOWAHA",2,1,2,0,1,0,0,1,0,0
"AC004775.1",0,0,0,0,0,0,0,0,0,0
"SHROOM1",2,3,4,0,6,4,13,2,4,10
"GDF9",0,0,0,0,0,0,0,0,0,0
"UQCRQ",10,6,10,5,8,9,7,11,7,5
"LEAP2",0,0,2,0,1,0,1,0,0,2
"AFF4",14,13,10,9,11,6,19,11,5,19
"AC010240.3",0,0,0,0,0,0,0,0,0,0
"ZCCHC10",2,1,5,1,1,3,6,2,1,6
"HSPA4",1,2,4,0,6,1,7,7,3,5
"AC010307.2",0,0,0,0,0,0,0,0,0,0
"FSTL4",2,1,1,0,1,0,2,1,1,47
"AC010307.3",0,0,0,0,0,0,0,0,0,0
"AC010307.4",0,0,0,0,0,0,1,0,0,1
"C5orf15",1,2,0,2,1,0,3,4,2,2
"VDAC1",7,1,3,2,5,2,6,7,4,5
"AC008608.2",0,1,0,0,0,0,0,1,0,0
"TCF7",0,2,1,0,0,1,2,1,0,0
"SKP1",16,5,4,6,11,13,31,14,10,18
"AC104109.3",0,0,0,1,1,0,0,0,1,2
"PPP2CA",0,0,0,0,0,0,0,0,0,0
"AC104109.2",0,0,0,0,0,0,0,0,0,0
"CDKL3",2,3,4,0,3,2,1,3,2,4
"UBE2B",14,7,7,9,7,10,35,23,12,24
"AC109454.2",0,0,0,0,0,1,0,0,0,1
"CDKN2AIPNL",1,1,1,0,2,2,1,2,0,2
"AC109454.3",0,0,0,0,0,0,0,0,0,0
"AC005355.1",0,0,0,0,2,0,1,0,0,0
"LINC01843",0,0,0,0,0,0,1,0,0,0
"JADE2",2,2,1,2,4,1,4,1,1,1
"SAR1B",4,2,5,3,4,5,8,4,1,4
"SEC24A",1,2,3,0,3,2,2,0,1,7
"CAMLG",7,0,2,0,4,2,2,9,3,4
"DDX46",3,5,6,1,12,4,19,7,5,8
"C5orf24",0,2,3,4,2,3,7,2,2,3
"TXNDC15",2,1,1,0,1,1,4,1,0,0
"PCBD2",0,1,0,1,2,2,3,5,1,2
"CATSPER3",0,0,0,0,0,0,0,0,0,0
"PITX1",0,0,0,0,0,0,0,0,0,0
"C5orf66",0,0,2,0,0,0,0,0,0,0
"H2AFY",1,4,6,3,6,2,8,4,7,8
"AC026691.1",0,0,0,0,0,0,0,0,0,0
"TIFAB",0,0,0,0,0,0,0,0,0,0
"AC034206.1",0,0,0,0,0,0,0,0,0,0
"CXCL14",1,1,0,0,3,1,0,1,0,0
"SLC25A48",0,2,0,2,1,1,1,0,2,1
"AC002428.2",0,0,0,0,0,0,1,0,0,0
"AC002428.1",0,0,0,0,0,0,0,0,0,0
"LECT2",0,0,0,0,0,1,0,0,0,0
"TGFBI",2,0,1,0,1,0,0,0,0,0
"SMAD5-AS1",0,0,0,0,0,0,0,0,0,0
"SMAD5",4,3,4,5,4,5,11,14,6,7
"SMIM32",0,0,0,1,0,0,0,0,0,0
"TRPC7",0,0,0,0,0,0,0,0,0,0
"TRPC7-AS1",0,0,0,0,0,0,0,0,0,0
"AC112178.1",0,0,0,0,0,0,0,0,0,0
"AC109439.2",0,0,0,0,0,0,0,0,0,0
"SPOCK1",13,13,15,24,32,4,47,13,10,34
"KLHL3",2,4,4,1,6,1,4,0,3,2
"HNRNPA0",1,3,1,5,2,5,9,9,4,6
"AC106791.1",0,2,2,1,4,0,3,0,1,4
"MYOT",1,2,2,0,2,0,1,0,1,2
"PKD2L2",0,2,1,2,2,2,0,0,0,1
"FAM13B",9,2,6,8,16,16,17,6,8,44
"AC113382.1",0,0,0,0,0,0,0,0,0,0
"AC113382.2",0,0,0,0,0,0,0,0,0,0
"WNT8A",0,0,0,0,0,0,0,0,0,0
"NME5",1,0,3,0,0,0,0,3,5,4
"BRD8",4,1,2,2,3,4,4,5,5,9
"CDC23",2,1,1,0,2,1,5,0,2,2
"GFRA3",0,0,0,0,0,0,0,0,0,0
"CDC25C",0,0,0,0,0,0,0,0,0,0
"FAM53C",2,2,1,1,4,1,11,3,1,9
"AC104116.1",0,0,0,0,0,0,0,0,0,0
"KDM3B",7,4,8,1,6,0,4,5,5,6
"REEP2",3,0,2,0,4,2,3,2,1,0
"EGR1",0,5,1,8,2,0,0,4,1,16
"ETF1",5,2,0,2,5,2,5,1,4,4
"HSPA9",5,4,5,3,9,4,8,8,3,10
"CTNNA1",19,12,17,9,21,8,31,15,12,31
"AC034243.1",0,0,0,0,0,0,0,1,0,1
"LRRTM2",1,0,0,2,1,0,0,1,1,0
"SIL1",9,3,10,3,9,3,16,10,8,12
"AC011405.1",0,0,2,0,1,0,1,2,1,3
"MATR3",0,0,0,0,1,0,0,0,0,0
"PAIP2",5,7,4,0,5,4,11,11,8,12
"AC135457.1",0,0,0,0,0,0,0,0,0,0
"SLC23A1",0,0,0,0,0,0,0,0,0,0
"MZB1",0,0,0,0,0,0,0,0,0,0
"PROB1",0,1,0,0,1,1,0,1,0,0
"SPATA24",0,0,0,1,0,0,0,0,0,1
"DNAJC18",3,2,4,2,2,2,3,1,1,2
"AC142391.1",0,1,0,0,0,1,0,1,0,0
"TMEM173",4,0,1,0,2,3,3,2,1,6
"UBE2D2",10,4,7,4,5,1,14,9,10,13
"AC113361.1",0,0,0,0,0,0,0,0,0,0
"CXXC5",7,3,3,1,3,7,3,9,5,3
"CXXC5-AS1",0,0,0,0,0,0,0,0,0,0
"AC008667.1",0,0,0,0,1,0,0,0,0,0
"AC008667.3",0,0,0,0,0,0,0,0,0,0
"AC008667.4",0,0,0,0,0,0,0,0,0,0
"PSD2",0,0,2,0,1,1,1,0,0,0
"NRG2",2,1,1,1,5,0,8,5,0,4
"AC008667.2",0,0,0,0,0,0,0,0,0,0
"MALINC1",0,0,0,0,0,0,0,1,1,0
"PURA",1,6,4,4,9,4,9,5,9,9
"IGIP",0,3,2,0,1,1,5,1,1,1
"CYSTM1",1,4,9,7,3,6,24,18,9,13
"PFDN1",5,5,5,1,5,4,7,4,4,6
"HBEGF",0,1,0,0,0,1,1,2,1,5
"AC008438.2",0,0,0,0,0,0,1,0,0,0
"SLC4A9",0,0,2,1,0,0,0,0,0,0
"AC008438.1",2,1,5,0,1,2,3,2,3,3
"ANKHD1-EIF4EBP3",0,0,1,0,2,0,2,2,0,2
"SRA1",2,1,3,1,1,3,0,5,0,2
"EIF4EBP3",1,0,0,0,0,0,0,0,0,0
"APBB3",0,0,3,1,1,0,2,6,1,2
"SLC35A4",0,0,0,3,2,1,5,2,1,2
"CD14",1,0,0,0,0,1,0,0,0,0
"NDUFA2",4,4,3,2,2,2,9,4,3,0
"TMCO6",0,0,0,0,0,1,1,1,0,0
"IK",0,1,0,1,3,3,3,2,1,2
"WDR55",1,1,0,0,1,0,1,1,4,0
"DND1",1,0,0,1,0,0,0,0,0,0
"HARS",3,1,5,2,3,3,8,5,1,3
"HARS2",2,1,2,0,0,0,1,0,0,1
"ZMAT2",0,1,3,1,0,2,8,5,2,5
"PCDHA1",0,0,0,0,0,0,0,0,0,0
"AC005609.5",0,0,0,0,0,0,0,0,0,0
"AC005609.4",0,0,0,0,0,0,0,0,0,0
"AC005609.1",0,0,0,0,0,0,0,0,0,0
"AC244517.5",0,0,0,0,1,1,0,0,0,0
"PCDHB1",0,0,0,0,0,0,0,0,0,0
"AC244517.9",0,0,0,0,0,0,0,0,0,0
"PCDHB2",0,0,0,0,0,0,0,0,0,0
"AC244517.2",0,0,0,0,0,0,0,0,0,0
"PCDHB3",0,0,0,0,0,0,0,0,0,0
"AC244517.1",0,0,0,0,0,0,0,0,0,0
"PCDHB4",0,0,0,0,1,0,2,1,0,0
"PCDHB5",0,0,0,0,1,0,0,0,0,0
"AC244517.11",0,1,0,0,1,1,0,0,3,0
"PCDHB6",1,0,0,0,0,0,0,0,0,0
"AC244517.12",0,0,0,0,0,0,1,0,0,0
"PCDHB7",0,0,1,0,0,0,1,0,1,0
"PCDHB8",0,0,0,0,0,0,0,0,0,0
"PCDHB16",0,0,0,0,0,0,0,1,0,0
"AC244517.6",0,0,0,0,0,0,0,0,1,1
"PCDHB9",0,0,1,0,0,0,1,2,0,1
"PCDHB10",1,0,0,0,0,0,1,0,0,0
"PCDHB11",0,0,0,0,0,0,0,0,0,0
"PCDHB12",0,0,0,0,0,0,0,0,0,0
"PCDHB13",0,0,0,0,0,0,0,0,0,0
"PCDHB14",0,0,0,0,0,1,0,0,1,0
"AC244517.10",0,0,0,0,0,0,0,0,1,1
"PCDHB15",0,0,0,0,0,0,1,0,2,0
"TAF7",3,2,9,4,2,9,10,8,4,5
"AC005618.1",0,0,0,0,0,0,0,0,1,0
"PCDHGA1",0,1,0,1,0,3,2,0,1,2
"DIAPH1",2,5,2,4,3,2,5,1,0,4
"AC008781.2",0,0,0,0,0,2,0,0,0,1
"AC008781.1",0,0,2,0,0,1,0,0,0,1
"HDAC3",2,1,2,1,3,2,5,1,0,3
"RELL2",0,0,1,0,1,0,1,0,1,3
"FCHSD1",0,0,1,0,2,2,1,2,0,1
"ARAP3",2,3,2,0,2,1,7,0,0,4
"AC005753.1",0,0,0,0,0,0,0,0,0,0
"PCDH1",0,3,2,3,1,3,5,3,3,5
"DELE1",4,2,2,3,7,2,6,3,1,6
"PCDH12",0,0,0,1,1,1,0,0,0,1
"AC005740.4",0,0,1,0,0,0,0,0,0,0
"RNF14",0,2,1,1,1,0,6,1,3,3
"AC005740.3",0,2,0,0,0,0,2,1,0,0
"GNPDA1",2,1,2,0,3,1,1,2,0,1
"NDFIP1",14,11,14,5,9,9,32,13,9,11
"SPRY4",3,0,2,1,2,0,1,3,3,0
"SPRY4-AS1",9,1,7,0,3,2,8,2,2,5
"FGF1",14,3,9,3,13,2,10,7,5,6
"AC005592.1",0,0,0,0,0,0,0,0,0,0
"LINC01844",0,0,0,0,0,1,0,0,0,0
"ARHGAP26",18,29,34,18,31,18,43,21,20,40
"ARHGAP26-AS1",4,4,7,2,3,3,8,6,1,12
"NR3C1",28,8,22,12,41,19,34,34,19,33
"AC016598.1",0,0,0,0,0,0,0,0,0,0
"HMHB1",0,0,0,0,0,0,0,0,0,0
"YIPF5",3,0,2,2,3,0,6,7,1,5
"KCTD16",3,4,13,4,5,2,4,3,0,1
"AC132803.1",0,0,0,0,0,0,0,0,0,0
"AC137770.1",0,1,1,0,0,0,3,1,2,2
"AC008700.1",0,0,0,0,0,0,0,0,0,0
"PRELID2",3,1,5,1,6,4,22,11,5,18
"GRXCR2",0,0,0,0,0,0,0,1,0,1
"SH3RF2",0,1,0,0,0,2,2,1,0,0
"PLAC8L1",0,0,1,0,0,1,1,0,1,0
"AC091887.1",0,2,2,0,1,0,1,1,0,1
"LARS",4,2,5,0,3,3,5,3,2,11
"AC091959.3",0,1,0,1,0,0,1,0,0,2
"AC011396.2",0,0,0,0,0,0,0,0,0,1
"POU4F3",0,0,0,0,0,0,0,0,0,0
"TCERG1",9,6,3,4,6,2,10,8,6,14
"GPR151",0,0,0,0,0,0,0,0,0,0
"AC008728.1",0,0,0,0,0,0,0,0,0,0
"PPP2R2B",35,47,37,34,69,6,61,28,21,78
"STK32A-AS1",0,1,0,0,0,0,0,0,0,0
"STK32A",2,2,0,0,0,0,0,0,0,2
"DPYSL3",1,1,1,0,1,3,3,0,0,2
"AC011373.1",0,0,0,0,0,0,0,0,0,0
"JAKMIP2-AS1",0,1,1,1,2,0,4,1,1,8
"JAKMIP2",6,3,5,9,8,4,6,3,4,12
"SCGB3A2",0,0,0,0,0,0,0,0,0,0
"SPINK5",0,0,0,0,0,0,0,0,0,0
"SPINK14",0,0,0,0,0,0,0,0,0,0
"MARCOL",0,0,0,0,0,0,0,0,0,0
"SPINK13",0,0,0,0,0,0,0,0,0,0
"AC091948.1",3,0,0,2,1,5,6,3,3,13
"SPINK9",0,0,0,0,0,0,0,0,0,0
"FBXO38",3,1,0,2,4,2,6,4,4,2
"AC114939.1",0,0,0,0,0,0,1,0,0,0
"HTR4",0,0,1,0,1,0,0,0,0,1
"ADRB2",0,0,0,0,0,0,1,0,0,0
"SH3TC2",1,1,1,6,2,0,6,1,1,9
"AC116312.1",0,0,0,0,0,0,0,0,0,0
"SH3TC2-DT",2,0,1,0,0,1,0,0,0,2
"ABLIM3",6,4,3,2,1,2,6,1,4,3
"AC012613.1",1,0,1,0,0,0,0,0,0,0
"AFAP1L1",0,1,1,1,0,2,4,2,0,13
"GRPEL2",1,1,0,1,0,1,3,1,0,0
"GRPEL2-AS1",0,0,0,0,0,0,0,0,0,0
"PCYOX1L",1,0,1,0,0,0,0,0,0,0
"IL17B",0,0,0,0,0,0,0,0,0,0
"AC131025.1",0,0,0,0,0,0,0,0,0,0
"CARMN",11,6,3,4,13,3,9,10,4,5
"AC131025.2",0,0,0,0,1,0,0,0,1,0
"CSNK1A1",16,17,26,14,28,24,64,33,19,46
"ARHGEF37",2,2,2,1,6,2,3,1,0,5
"PPARGC1B",1,2,4,1,1,0,1,1,0,2
"PDE6A",0,0,0,0,1,0,0,0,0,0
"SLC26A2",1,5,4,8,5,5,16,3,4,29
"TIGD6",0,0,0,0,0,0,0,0,0,0
"HMGXB3",0,1,4,3,6,2,4,0,2,1
"CSF1R",1,0,1,0,6,0,2,2,1,4
"PDGFRB",50,12,47,22,54,19,31,38,15,24
"CDX1",0,0,0,0,0,0,0,0,0,0
"SLC6A7",2,0,2,0,2,2,0,0,0,0
"CAMK2A",7,2,9,4,4,1,0,1,2,0
"ARSI",0,0,0,0,0,0,1,0,0,1
"TCOF1",1,1,1,2,2,1,2,0,1,2
"CD74",5,8,1,1,6,0,13,2,1,4
"RPS14",16,13,6,5,15,33,19,27,23,6
"NDST1-AS1",0,0,0,0,1,0,0,0,0,0
"NDST1",3,2,2,1,4,1,2,0,1,0
"SYNPO",1,3,3,1,1,2,3,1,0,1
"AC011383.1",0,0,0,0,0,0,0,0,0,0
"MYOZ3",1,0,0,0,0,0,0,0,0,1
"RBM22",4,2,2,1,3,3,1,4,1,1
"DCTN4",3,5,3,3,1,1,3,2,10,7
"SMIM3",1,3,8,7,2,8,12,7,5,1
"IRGM",0,0,0,1,0,0,0,0,0,0
"ZNF300",0,0,0,0,0,1,0,0,0,0
"GPX3",1,3,4,0,4,41,11,16,42,5
"TNIP1",3,1,1,1,3,2,7,3,1,2
"ANXA6",7,0,6,1,1,3,4,3,5,8
"CCDC69",0,0,0,0,4,1,6,1,2,1
"GM2A",1,0,1,1,1,1,0,0,0,1
"SLC36A3",0,0,0,0,0,0,0,0,0,0
"SLC36A2",0,0,0,0,0,0,0,0,0,0
"SLC36A1",0,1,0,1,3,1,1,0,0,4
"FAT2",0,0,0,0,0,0,0,0,0,0
"AC011337.1",0,0,0,0,1,0,0,0,0,0
"AC011374.1",0,0,0,0,0,0,0,0,0,0
"SPARC",11,11,8,5,23,41,87,34,27,36
"CLMAT3",1,1,1,5,4,1,0,1,0,5
"AC011374.2",0,0,0,0,0,0,0,0,0,0
"ATOX1",5,5,4,2,6,11,18,9,8,5
"AC091982.1",0,0,0,0,0,1,0,0,0,0
"G3BP1",3,7,5,7,5,2,30,10,4,16
"GLRA1",0,0,0,1,1,0,0,1,0,0
"LINC01933",0,0,1,0,3,0,0,0,0,0
"NMUR2",0,1,0,0,0,0,0,0,0,3
"LINC01470",1,0,5,0,2,1,0,0,1,1
"GRIA1",7,1,3,0,6,1,1,2,0,3
"LINC01861",0,0,0,0,0,0,0,0,0,0
"FAM114A2",1,0,0,0,1,0,0,1,0,1
"MFAP3",1,1,6,1,4,3,12,10,1,3
"GALNT10",6,3,8,4,7,1,4,8,4,4
"SAP30L-AS1",1,0,2,0,0,2,1,2,1,1
"SAP30L",0,1,3,0,2,0,9,2,0,2
"LARP1",5,2,9,2,7,4,9,7,4,10
"FAXDC2",10,2,2,3,10,3,13,1,8,11
"CNOT8",4,4,3,3,7,4,19,8,9,3
"GEMIN5",3,1,3,1,0,4,3,1,0,2
"MRPL22",1,3,3,0,6,4,2,5,3,0
"KIF4B",0,0,0,0,0,0,0,0,0,0
"SGCD",7,9,16,6,7,3,7,7,7,17
"AC025434.1",0,0,0,0,0,0,0,0,0,0
"PPP1R2B",0,0,0,0,0,0,0,0,0,0
"TIMD4",0,0,0,0,0,0,0,0,0,0
"HAVCR1",1,0,0,0,0,0,0,0,0,0
"HAVCR2",1,1,1,1,3,0,1,1,1,2
"AC011377.1",0,0,0,0,0,0,0,0,0,0
"MED7",0,0,0,0,0,0,0,0,0,0
"ITK",0,0,0,0,0,0,0,1,0,0
"FAM71B",0,0,0,0,0,0,0,0,0,0
"AC010609.1",0,0,0,0,1,0,1,1,0,0
"AC009185.1",0,0,0,0,0,0,0,0,0,0
"CYFIP2",4,3,6,2,4,2,2,3,2,1
"FNDC9",1,0,0,0,0,0,0,1,0,0
"AC008676.1",0,0,0,0,0,0,0,0,0,0
"ADAM19",0,2,2,0,1,0,0,0,1,3
"NIPAL4",0,0,0,1,1,0,0,0,1,0
"AC106801.1",0,0,0,0,0,0,0,0,0,0
"SOX30",0,0,0,0,0,0,0,0,0,0
"C5orf52",0,0,0,0,0,0,0,0,0,0
"THG1L",1,0,0,0,0,0,2,0,0,1
"LSM11",0,1,0,1,0,0,1,0,0,1
"CLINT1",4,0,1,2,2,3,4,1,0,6
"AC025437.4",0,0,0,0,0,0,0,0,0,0
"LINC02227",0,0,0,0,0,0,0,0,0,0
"AC091979.1",0,0,0,0,0,0,0,0,0,0
"AC091939.1",0,0,0,0,0,0,0,0,0,0
"EBF1",41,22,23,18,65,35,57,72,34,40
"LINC02202",1,1,0,0,0,0,0,1,1,0
"RNF145",2,7,8,5,9,10,12,11,7,13
"AC134043.1",0,0,0,0,0,0,0,0,0,0
"UBLCP1",4,1,2,1,3,1,2,1,2,5
"AC008691.1",2,0,1,0,1,0,0,0,0,1
"AC008703.1",0,0,0,0,0,0,0,0,0,0
"LINC01847",0,0,0,0,0,0,0,0,0,0
"ADRA1B",0,0,0,0,0,0,1,0,0,0
"TTC1",4,5,9,7,9,7,15,4,4,16
"PWWP2A",4,2,7,2,9,5,12,6,9,11
"FABP6",0,0,0,0,0,0,0,0,0,1
"AC008609.1",0,0,0,0,0,0,0,0,0,0
"CCNJL",0,0,1,0,1,1,1,0,0,0
"C1QTNF2",0,0,0,0,0,1,0,1,0,0
"ZBED8",1,0,1,0,0,1,2,1,1,1
"SLU7",1,0,3,0,2,4,2,4,1,1
"PTTG1",0,0,0,0,0,0,0,0,0,0
"MIR3142HG",0,0,0,0,0,0,0,0,0,0
"ATP10B",1,4,2,4,6,2,4,1,3,12
"AC008456.1",0,0,0,0,0,0,0,0,0,1
"AC011363.1",0,0,0,0,0,0,0,0,0,0
"GABRB2",7,10,12,0,8,9,4,3,1,13
"GABRA6",0,1,0,1,0,0,0,0,0,0
"AC091944.1",0,0,0,0,0,0,0,0,0,0
"GABRA1",5,2,7,0,1,1,1,2,0,3
"LINC01202",0,0,0,0,0,0,0,0,0,0
"GABRG2",5,2,3,0,3,1,3,1,1,0
"AC113414.1",6,1,3,0,3,3,1,0,2,1
"CCNG1",1,1,2,1,4,3,3,4,5,5
"NUDCD2",1,2,1,1,1,3,4,2,1,2
"HMMR",0,0,0,0,0,0,0,0,0,0
"MAT2B",2,2,0,0,0,0,6,3,3,2
"AC008662.1",0,0,1,0,0,0,0,0,0,0
"AC109466.1",2,0,3,0,3,0,0,0,1,3
"LINC02143",0,0,0,0,1,0,0,0,1,0
"LINC01938",0,0,0,0,0,0,0,0,0,0
"AC008415.1",2,0,3,0,1,2,1,0,0,0
"AC114321.1",0,0,0,0,1,0,0,1,0,0
"LINC01947",0,0,0,0,0,0,0,0,0,0
"AC091819.2",0,0,0,0,0,0,0,0,0,0
"TENM2",12,12,27,10,17,3,4,3,2,16
"AC091820.2",0,0,0,0,0,0,0,0,0,0
"AC008708.2",0,0,0,0,0,0,0,0,0,0
"AC008464.1",0,0,0,0,0,0,0,0,0,0
"AC011369.1",0,0,0,0,0,1,0,0,0,0
"AC008637.1",0,0,0,0,0,0,0,0,0,0
"WWC1",1,1,2,2,4,0,0,0,2,2
"RARS",2,2,9,0,4,2,8,3,2,4
"FBLL1",1,0,1,0,2,0,0,0,0,0
"PANK3",0,1,1,1,3,2,4,4,3,4
"AC011365.2",0,0,0,0,0,0,0,0,0,0
"SLIT3",7,2,2,4,3,13,12,15,2,10
"AC011365.1",0,0,0,0,0,0,0,0,0,1
"AC011389.2",0,0,0,0,0,0,0,0,0,0
"AC011389.1",0,0,0,0,0,0,0,0,0,0
"SPDL1",1,0,0,1,1,0,0,2,0,0
"DOCK2",0,3,4,0,0,0,3,1,0,1
"FAM196B",0,1,1,1,2,1,0,2,0,1
"C5orf58",0,0,0,0,0,1,0,0,0,0
"LCP2",2,1,0,1,2,1,4,2,3,2
"KCNIP1",16,0,13,1,7,3,6,3,3,19
"KCNMB1",26,1,7,1,10,1,2,3,0,15
"AC008619.1",1,0,0,0,0,0,0,0,0,0
"AC027312.1",0,0,0,0,0,0,1,0,0,0
"AC008514.1",0,0,0,0,0,0,0,0,0,0
"GABRP",0,0,0,0,0,0,0,0,0,0
"RANBP17",5,3,4,0,1,3,3,7,2,7
"NPM1",6,2,1,1,1,3,6,3,1,6
"FGF18",0,0,1,0,1,2,0,1,3,0
"SMIM23",0,0,0,0,0,0,0,0,0,0
"FBXW11",4,4,10,4,17,7,11,14,5,14
"STK10",3,1,5,1,0,1,2,0,1,5
"EFCAB9",0,0,0,0,0,0,0,0,0,0
"UBTD2",1,1,1,0,1,0,6,1,0,6
"SH3PXD2B",5,1,3,7,6,1,2,0,4,9
"NEURL1B",1,2,0,0,0,6,4,1,1,3
"AC022217.2",0,0,0,0,0,0,0,0,0,0
"AC022217.3",2,1,1,0,0,0,2,0,0,2
"DUSP1",29,16,18,35,15,14,117,46,14,72
"AC110011.1",0,0,0,0,0,0,0,0,0,0
"ERGIC1",4,1,5,2,4,3,8,5,2,9
"AC008429.1",0,0,0,0,0,0,0,0,1,0
"AC008429.3",0,0,0,0,1,0,0,0,0,0
"RPL26L1",5,1,2,1,1,0,0,1,1,0
"ATP6V0E1",6,8,11,7,10,17,17,14,5,17
"CREBRF",5,2,10,5,8,5,18,6,5,8
"BNIP1",0,0,0,0,2,1,2,1,2,1
"STC2",1,0,0,1,0,0,1,0,0,0
"AC016573.1",0,0,0,0,0,0,0,0,0,0
"AC008632.1",0,0,0,0,0,0,0,0,0,0
"AC008663.1",0,0,0,0,0,0,0,0,0,0
"BOD1",2,0,3,1,2,1,0,2,1,3
"LINC01863",0,0,0,0,0,0,0,0,0,0
"LINC01942",0,0,0,0,0,0,0,0,0,0
"LINC01484",0,0,0,1,0,1,0,0,0,0
"LINC01485",0,0,0,0,0,0,0,0,0,0
"CPEB4",8,6,11,6,13,15,26,9,8,16
"C5orf47",0,0,0,0,0,0,0,0,0,0
"NSG2",8,1,2,0,1,2,0,2,0,1
"AC113423.2",0,0,0,0,0,0,0,0,0,0
"LINC01411",0,0,0,1,1,0,1,0,0,0
"AC108112.1",0,0,0,0,0,0,0,0,0,0
"MSX2",1,0,0,0,0,0,0,0,1,0
"AC113346.2",0,0,0,0,0,0,0,0,0,0
"LINC01951",0,0,0,0,0,0,0,0,0,1
"DRD1",0,0,0,0,0,0,0,0,0,0
"SFXN1",4,1,7,0,2,3,3,2,1,8
"HRH2",1,0,0,0,0,0,1,1,1,1
"CPLX2",1,1,4,2,1,1,0,1,1,4
"THOC3",0,1,4,2,1,3,2,1,1,2
"AC138965.1",0,0,0,0,0,0,0,0,0,0
"AC139491.1",0,0,0,0,1,0,0,0,0,0
"FAM153B",0,0,0,0,0,0,0,0,0,0
"AC139491.7",0,0,0,0,0,0,0,0,0,0
"AC139491.4",0,0,0,0,0,0,0,0,0,0
"SIMC1",1,1,4,2,4,7,3,5,4,7
"KIAA1191",0,1,2,1,3,1,3,0,2,3
"AC138956.1",0,0,0,0,0,0,0,0,0,1
"AC138956.2",0,0,0,0,0,0,0,0,0,0
"ARL10",1,1,2,0,2,1,1,2,0,2
"NOP16",0,1,0,0,2,1,0,0,0,1
"CLTB",6,4,7,5,7,3,14,7,8,8
"FAF2",5,0,4,1,5,1,4,4,3,3
"RNF44",0,0,0,1,2,1,2,5,2,3
"CDHR2",0,0,0,0,0,0,0,0,0,1
"GPRIN1",1,0,0,0,1,0,2,0,0,1
"SNCB",9,3,5,6,1,0,6,2,0,1
"EIF4E1B",0,0,1,0,1,0,0,0,0,0
"TSPAN17",1,0,2,0,2,0,3,1,1,1
"AC113391.1",0,0,0,0,0,0,0,0,0,0
"AC113391.2",0,0,0,0,0,0,0,0,0,0
"LINC01574",1,0,0,0,0,0,0,0,0,0
"UNC5A",0,0,1,0,0,1,0,0,0,0
"HK3",0,0,0,0,0,0,0,0,0,0
"UIMC1",3,0,5,2,4,1,8,4,2,13
"ZNF346",3,0,5,1,6,2,3,1,1,7
"FGFR4",1,0,0,0,1,0,0,0,1,2
"NSD1",11,6,11,5,15,6,24,8,13,36
"RAB24",1,0,0,1,0,3,0,1,1,0
"MXD3",0,0,0,0,1,0,1,0,0,1
"PRELID1",1,2,5,3,7,5,12,7,3,8
"LMAN2",4,1,2,3,8,5,6,12,3,3
"RGS14",1,0,0,1,1,0,1,0,0,1
"SLC34A1",0,0,0,0,0,0,0,0,0,0
"PFN3",0,0,0,0,0,0,0,0,0,0
"F12",0,0,0,0,0,1,0,0,0,0
"GRK6",0,1,1,1,0,0,0,1,3,3
"PRR7-AS1",0,0,0,0,0,0,0,0,0,0
"PRR7",1,0,0,0,0,0,1,1,0,0
"DBN1",3,2,1,0,1,0,3,1,2,1
"PDLIM7",4,3,1,2,0,2,10,5,1,11
"AC145098.1",0,0,0,0,0,0,0,0,0,0
"DOK3",0,0,0,0,1,0,1,0,0,0
"DDX41",1,1,0,0,2,0,3,1,0,1
"FAM193B",1,5,5,3,10,2,5,6,4,6
"AC139795.3",0,0,0,0,0,0,0,0,0,0
"TMED9",4,0,7,0,4,5,14,3,3,9
"B4GALT7",0,1,0,0,2,1,2,3,1,0
"AC139795.2",0,0,0,0,0,0,0,0,1,1
"AC138819.1",0,0,0,0,1,0,0,0,0,0
"FAM153A",0,1,1,1,0,0,0,1,1,1
"AC140125.2",0,0,0,0,0,0,0,0,0,0
"AC140125.3",0,0,0,0,0,0,0,0,0,0
"AC106795.3",0,0,0,0,1,1,0,0,0,0
"PROP1",0,0,0,0,0,0,0,0,0,0
"FAM153C",0,1,3,1,0,0,0,0,0,1
"N4BP3",0,0,0,0,3,0,1,0,1,0
"RMND5B",3,5,3,1,1,0,2,1,0,5
"NHP2",1,3,4,2,4,4,5,1,2,2
"HNRNPAB",1,1,0,0,2,2,3,2,3,2
"PHYKPL",8,1,4,0,10,3,13,7,2,18
"COL23A1",3,0,0,0,2,0,1,1,2,14
"CLK4",3,0,1,2,1,3,7,2,2,11
"ZNF354A",1,1,1,0,1,0,0,1,0,3
"ZNF354B",1,1,1,0,0,1,1,1,1,1
"ZFP2",0,0,2,0,0,0,0,0,1,1
"AC104117.5",0,0,0,0,0,0,0,0,0,0
"ZNF454",1,0,2,0,0,0,0,0,2,1
"AC104117.3",0,0,0,1,0,0,0,0,0,0
"GRM6",0,0,1,0,0,0,0,0,0,0
"ZNF879",0,0,0,1,0,0,0,0,0,0
"ZNF354C",2,0,0,0,0,1,1,0,0,4
"ADAMTS2",0,0,2,0,1,3,0,0,0,1
"AC136628.4",0,0,0,0,0,0,0,0,0,0
"RUFY1",6,2,5,2,5,4,5,6,3,1
"AC136604.2",0,3,2,1,4,3,3,0,3,8
"HNRNPH1",5,3,4,6,6,9,41,14,18,23
"AC136604.3",0,0,0,0,0,0,0,0,0,0
"CBY3",1,0,0,0,0,0,0,0,0,0
"CANX",10,5,10,5,8,9,23,16,10,15
"MAML1",0,3,2,0,1,2,2,4,1,6
"LTC4S",0,0,0,0,0,0,1,0,0,1
"MGAT4B",0,0,1,0,1,2,3,1,1,1
"SQSTM1",8,7,13,3,19,11,21,17,13,18
"MRNIP",5,3,7,0,4,0,3,0,2,2
"AC008393.1",0,1,0,0,0,0,1,0,0,0
"TBC1D9B",0,2,2,3,2,2,3,1,0,2
"RNF130",22,13,13,14,26,8,30,13,8,19
"RASGEF1C",0,0,0,0,0,0,1,0,0,0
"MAPK9",5,0,2,0,8,0,1,3,1,6
"AC008610.1",0,0,1,0,1,0,3,1,0,1
"GFPT2",2,0,3,2,3,0,1,0,6,7
"CNOT6",3,1,2,3,2,1,4,2,0,3
"SCGB3A1",0,0,0,0,0,0,0,0,0,0
"FLT4",0,0,0,1,1,0,2,2,0,1
"MGAT1",2,2,7,3,3,2,8,13,2,10
"LINC00847",0,1,0,0,1,0,2,1,1,0
"ZFP62",1,0,1,2,0,1,1,3,0,0
"BTNL8",0,0,2,1,0,1,1,2,0,0
"BTNL3",0,0,0,0,0,0,0,0,0,0
"BTNL9",5,4,13,7,13,3,41,4,3,11
"OR2V2",0,0,0,0,0,0,0,0,0,0
"AC008443.5",2,0,0,1,0,0,1,1,0,0
"TRIM7",0,0,0,0,0,0,0,0,0,0
"AC008443.6",0,0,0,0,0,0,0,0,0,0
"AC008443.4",0,0,0,0,0,0,0,0,0,0
"TRIM41",0,0,0,0,3,1,1,1,0,0
"AC008443.2",0,0,0,0,0,0,0,0,0,0
"RACK1",5,9,6,2,4,11,10,16,7,8
"TRIM52",2,1,2,0,3,0,2,1,3,2
"AC138035.1",0,0,1,0,0,0,0,0,0,0
"AC138035.2",0,0,0,0,0,0,0,0,0,0
"AL035696.3",0,0,0,0,0,0,0,0,0,0
"DUSP22",0,0,2,1,7,3,3,3,2,3
"IRF4",0,0,0,0,0,0,0,0,0,0
"EXOC2",3,8,5,4,8,5,18,5,10,6
"AL357054.4",0,0,0,0,0,0,0,0,0,1
"AL357054.2",0,0,0,0,1,0,0,0,0,0
"AL357054.3",0,0,0,0,0,0,0,0,0,0
"AL356130.2",0,0,0,0,0,0,0,0,0,0
"AL033381.1",0,0,0,0,0,0,0,0,0,0
"FOXQ1",3,0,1,3,6,0,7,1,1,2
"LINC01394",0,0,0,0,0,0,0,0,0,0
"FOXF2",1,0,1,2,1,0,5,1,3,1
"AL512329.2",0,0,0,0,0,0,0,0,0,0
"FOXC1",3,1,0,3,5,6,5,3,8,4
"GMDS",30,13,21,8,23,11,44,33,21,54
"GMDS-DT",16,6,11,5,8,8,24,6,15,28
"LINC01600",0,0,0,0,0,0,0,1,1,1
"MYLK4",0,0,0,0,0,1,0,0,2,1
"WRNIP1",2,0,0,2,3,4,4,4,4,1
"SERPINB1",4,1,2,1,2,1,1,3,7,1
"SERPINB9P1",0,0,1,0,0,0,0,0,0,0
"SERPINB9",6,2,0,0,2,3,7,3,2,3
"SERPINB6",7,9,9,8,12,6,43,8,12,4
"LINC01011",0,0,0,0,0,0,0,0,0,0
"NQO2",4,4,1,1,3,1,7,3,5,2
"AL133351.1",0,0,0,0,0,0,0,0,0,0
"RIPK1",2,1,4,2,4,1,1,4,0,7
"AL031963.3",0,0,0,0,1,0,0,0,0,0
"BPHL",1,0,0,0,1,0,1,0,0,0
"AL031963.1",0,0,0,1,0,0,0,0,0,0
"TUBB2A",6,2,7,2,5,0,7,2,1,1
"LINC02525",0,0,0,0,0,0,0,0,0,0
"TUBB2B",0,2,1,0,4,0,1,1,2,1
"PSMG4",3,1,1,0,2,0,3,4,2,4
"SLC22A23",12,4,6,7,22,11,21,14,14,56
"AL445309.1",0,0,0,0,0,0,0,0,0,0
"AL138881.1",2,0,4,1,0,0,3,0,0,3
"PXDC1",0,1,1,1,5,2,6,4,2,2
"AL391422.3",0,2,0,0,0,0,0,0,0,0
"FAM50B",0,0,1,0,0,0,0,2,3,0
"AL590004.4",0,0,0,0,0,0,0,0,0,0
"AL138831.2",0,0,0,0,0,0,0,0,0,0
"AL138831.1",0,0,0,0,0,0,2,0,0,1
"PRPF4B",2,6,11,11,6,15,22,17,4,15
"FAM217A",1,2,2,1,0,0,0,0,0,0
"C6orf201",0,0,0,0,0,0,0,0,1,1
"ECI2",5,1,2,3,3,6,9,3,5,6
"AL136309.2",1,0,0,0,0,0,0,0,0,0
"AL162718.1",0,0,0,1,2,0,0,0,0,1
"LINC02533",0,0,0,0,0,0,0,0,0,0
"AL034376.2",0,0,0,0,0,0,0,0,0,0
"CDYL",1,3,8,3,11,4,15,9,5,7
"AL356747.1",0,0,0,0,0,0,0,0,0,0
"RPP40",1,1,1,0,0,0,0,0,0,0
"AL359643.3",0,0,0,0,0,0,0,0,1,0
"AL359643.2",0,0,2,0,1,0,0,1,0,1
"PPP1R3G",0,0,0,0,0,0,1,0,0,0
"LYRM4",5,1,3,6,7,5,6,8,4,7
"FARS2",5,4,12,5,15,7,10,8,2,14
"AL021328.1",0,0,0,0,0,0,0,0,0,0
"AL022097.1",0,0,0,0,1,1,1,0,1,2
"AL136307.1",0,0,0,0,0,0,0,1,0,0
"NRN1",2,0,3,1,3,0,3,2,0,3
"F13A1",3,2,3,0,4,1,1,0,0,1
"LY86-AS1",0,0,4,1,2,0,1,0,1,1
"LY86",0,0,0,0,2,1,1,0,0,4
"AL031123.1",0,0,0,0,1,0,0,0,0,0
"AL158817.1",0,0,0,0,0,0,0,0,0,0
"RREB1",3,5,8,1,7,3,3,5,6,8
"SSR1",7,8,7,4,4,5,13,5,3,9
"AL139095.4",5,1,3,1,0,2,1,2,0,9
"CAGE1",0,0,0,0,0,0,0,0,0,0
"RIOK1",1,1,0,0,1,1,2,1,0,1
"AL031058.1",0,1,1,0,1,0,0,0,0,3
"DSP",1,1,1,3,1,0,0,2,1,11
"SNRNP48",3,1,0,1,3,3,7,3,2,2
"BMP6",7,4,9,1,10,1,15,3,4,24
"TXNDC5",0,0,0,0,0,0,1,0,0,0
"BLOC1S5-TXNDC5",2,2,0,0,0,0,1,1,0,2
"EEF1E1-BLOC1S5",0,0,1,0,0,0,0,0,0,0
"EEF1E1",0,0,1,0,0,0,0,0,0,0
"SLC35B3",1,0,2,0,1,4,4,2,3,5
"AL137220.1",0,0,0,0,0,0,0,0,0,0
"TFAP2A",0,0,0,1,2,0,0,0,0,0
"AL138885.3",0,0,0,0,0,0,1,1,0,0
"LINC00518",0,0,0,0,0,0,0,0,0,0
"MIR5689HG",0,0,0,0,0,0,0,0,0,0
"GCNT2",0,1,1,2,1,1,7,2,1,8
"AL139039.3",0,0,0,0,0,1,0,0,0,0
"C6orf52",0,0,1,0,0,0,0,0,0,1
"PAK1IP1",1,0,1,0,0,1,1,0,0,0
"TMEM14C",0,0,2,2,1,1,6,1,3,3
"AL024498.1",0,1,0,0,0,0,0,0,0,0
"TMEM14B",0,0,0,0,0,0,0,0,0,0
"AL024498.2",0,2,1,0,0,0,0,1,0,1
"MAK",3,3,12,4,6,4,7,5,1,15
"GCM2",0,0,0,0,0,0,0,0,0,0
"SYCP2L",0,0,0,0,1,0,2,0,0,1
"ELOVL2",2,0,1,0,0,3,2,0,3,2
"ELOVL2-AS1",0,0,0,0,0,0,0,0,0,1
"SMIM13",5,0,0,3,2,3,1,2,0,8
"AL139807.1",7,3,4,1,7,3,3,1,1,10
"NEDD9",3,12,13,9,22,4,29,9,3,27
"AL445430.1",0,0,0,0,0,0,0,0,0,0
"AL445430.2",0,0,0,0,0,0,0,0,0,0
"TMEM170B",1,2,1,1,3,1,0,1,0,0
"ADTRP",0,0,0,0,0,1,0,0,0,0
"AL157373.2",0,0,0,0,0,0,0,0,0,0
"HIVEP1",6,7,10,1,18,2,17,4,4,12
"EDN1",0,18,12,1,7,0,43,2,0,19
"PHACTR1",13,23,24,18,21,7,29,17,8,35
"AL008729.1",0,0,0,0,0,0,0,0,0,0
"TBC1D7",1,0,0,0,0,0,4,0,0,0
"GFOD1",4,7,4,4,4,1,22,2,0,10
"SIRT5",1,1,0,1,3,2,5,1,1,2
"AL441883.1",0,0,0,0,0,0,0,1,0,0
"NOL7",1,2,2,0,6,5,6,3,1,3
"RANBP9",5,2,9,1,10,6,7,8,7,13
"MCUR1",1,1,2,0,0,2,2,0,0,1
"AL023583.1",0,0,0,0,0,0,0,0,0,0
"RNF182",1,0,0,0,2,0,0,2,0,2
"CD83",0,0,0,1,2,0,0,0,1,1
"AL080313.1",0,0,0,0,0,0,0,0,0,0
"AL138720.1",0,0,0,1,0,0,3,0,0,1
"AL136162.1",0,0,0,0,0,0,0,0,0,0
"JARID2",9,5,4,8,15,7,10,8,6,23
"DTNBP1",5,2,4,3,6,3,7,4,9,4
"MYLIP",2,0,2,2,1,0,7,5,2,1
"GMPR",2,0,1,0,2,0,3,0,1,6
"AL009031.1",0,0,0,0,0,0,0,0,0,0
"ATXN1",30,21,26,19,40,15,44,17,22,63
"AL137003.1",0,0,0,0,0,0,0,0,0,0
"AL137003.2",0,0,0,0,0,0,1,0,0,0
"STMND1",0,0,0,0,0,0,0,0,0,0
"RBM24",0,0,0,0,0,2,0,1,0,0
"CAP2",5,2,5,1,2,4,0,4,3,8
"FAM8A1",0,0,0,1,0,2,2,1,5,1
"NUP153",2,4,5,8,3,7,8,7,2,8
"AL138724.1",0,0,0,0,0,0,0,1,0,0
"KIF13A",16,7,20,12,33,14,27,9,16,22
"NHLRC1",0,0,0,0,0,0,0,0,0,0
"TPMT",1,0,0,0,3,1,2,0,0,1
"KDM1B",3,1,4,0,0,2,4,2,1,5
"DEK",3,3,6,4,5,4,8,5,3,8
"RNF144B",7,6,20,9,10,9,92,23,2,6
"MIR548A1HG",0,0,0,0,0,0,1,0,1,0
"AL357052.1",0,0,0,0,0,0,0,0,1,0
"AL022068.1",1,0,0,2,5,2,3,1,1,1
"ID4",0,0,0,1,3,1,1,1,0,5
"MBOAT1",0,2,0,0,3,0,1,1,2,7
"AL158198.1",0,0,0,0,0,0,0,0,0,2
"E2F3",1,2,1,0,2,0,2,1,0,8
"CDKAL1",14,10,11,11,21,17,60,31,18,16
"AL513188.1",0,1,1,0,0,0,3,3,1,4
"LINC00581",0,0,0,0,0,0,0,0,0,0
"AL512380.1",0,0,0,0,0,0,0,0,0,1
"AL512380.2",0,0,0,0,0,0,0,1,0,0
"SOX4",2,0,1,0,1,0,0,4,0,3
"CASC15",7,5,10,6,13,13,11,15,13,16
"NBAT1",0,3,2,2,1,0,1,1,1,3
"AL035401.1",0,1,0,1,2,0,0,1,1,1
"NRSN1",0,1,3,2,2,0,1,0,0,1
"DCDC2",0,0,1,0,1,1,0,0,3,4
"MRS2",2,1,2,0,2,0,6,3,1,2
"GPLD1",0,0,2,1,1,0,0,0,0,1
"ALDH5A1",3,0,0,0,1,0,3,0,0,0
"KIAA0319",1,0,3,1,2,1,0,2,1,1
"TDP2",4,2,0,0,3,0,0,1,1,0
"ACOT13",0,1,3,0,1,1,2,1,1,1
"AL031775.1",0,0,0,0,0,0,0,0,0,0
"C6orf62",1,1,1,3,1,11,11,6,6,10
"AL031775.2",0,0,0,0,0,0,0,0,0,0
"AL133264.2",0,0,0,0,0,0,0,0,0,0
"GMNN",0,1,0,1,0,2,3,2,2,2
"AL512428.1",0,0,0,0,0,0,0,0,0,0
"RIPOR2",2,2,1,1,1,3,3,3,2,17
"AL133268.3",0,0,0,0,0,0,0,0,0,0
"CARMIL1",6,0,6,4,16,1,9,4,3,17
"SCGN",0,1,0,0,0,0,0,0,0,0
"SLC17A4",0,0,0,0,0,0,0,0,0,0
"SLC17A1",0,0,0,0,0,0,0,0,0,0
"SLC17A3",0,0,0,0,0,0,0,0,0,0
"TRIM38",1,3,0,0,1,3,5,1,3,1
"U91328.2",0,0,0,2,3,0,1,4,2,0
"U91328.1",0,0,1,0,0,0,0,0,0,0
"U91328.3",0,0,0,0,0,0,0,0,0,0
"HIST1H1C",0,0,0,1,1,2,0,6,3,0
"HFE",4,0,3,0,0,0,0,3,0,2
"HIST1H4C",1,2,1,0,0,1,3,2,1,2
"HIST1H2BC",0,0,0,0,0,0,0,0,0,0
"HIST1H2AC",1,2,4,1,6,6,6,10,3,11
"HIST1H1E",0,0,0,0,0,0,0,0,0,0
"HIST1H2BD",0,0,0,0,1,2,2,1,2,2
"AL353759.1",0,0,0,0,0,1,1,0,1,0
"HIST1H2BE",0,0,0,0,0,0,2,2,2,1
"AL031777.3",0,0,0,0,0,0,0,0,0,1
"HIST1H2BF",0,0,0,0,0,0,0,0,0,0
"HIST1H4E",0,0,0,0,0,0,0,0,0,1
"HIST1H2BG",0,0,0,0,0,0,0,1,0,0
"HIST1H2AE",1,0,0,0,0,0,0,1,0,0
"HIST1H3E",0,0,0,0,0,0,0,0,0,0
"HIST1H1D",0,0,0,0,0,0,0,0,0,0
"HIST1H2BH",0,0,0,0,0,0,1,0,0,0
"HIST1H4H",0,0,0,0,0,0,0,2,0,0
"BTN3A2",1,0,0,0,2,1,5,1,2,0
"BTN2A2",0,0,1,0,1,0,0,1,0,0
"BTN3A1",0,0,3,1,3,0,0,1,0,0
"BTN3A3",0,0,0,1,0,0,0,0,0,0
"BTN2A1",0,3,0,0,1,1,3,0,0,0
"BTN1A1",0,0,0,0,0,0,0,0,0,0
"HCG11",1,0,0,0,1,0,0,0,0,1
"HMGN4",1,0,1,0,0,0,1,0,0,4
"AL121936.1",0,0,0,0,0,0,0,0,0,0
"ABT1",2,0,0,0,2,0,2,2,0,2
"AL513548.3",0,0,0,0,0,0,0,0,0,0
"ZNF322",0,1,2,1,2,0,1,3,2,2
"AL513548.1",0,0,0,0,0,0,0,0,0,1
"LINC00240",0,0,1,1,0,0,1,3,0,3
"AL133255.1",0,0,0,0,0,0,0,0,0,0
"AL021807.1",0,0,0,0,0,0,0,0,0,0
"HIST1H2BJ",1,0,0,0,0,0,2,0,0,2
"HIST1H2AG",0,0,0,0,0,0,0,0,0,0
"HIST1H4I",0,0,0,0,0,0,0,0,1,0
"PRSS16",0,0,0,0,0,0,0,0,0,0
"POM121L2",0,0,0,0,0,1,0,0,0,0
"ZNF391",0,0,0,0,0,0,0,0,0,0
"AL031118.1",0,0,0,0,0,0,0,0,0,0
"ZNF184",0,0,1,1,1,3,0,0,0,1
"AL009179.1",0,0,0,0,0,0,0,0,1,0
"HIST1H3H",0,0,0,0,0,0,0,0,0,0
"HIST1H4J",0,0,0,0,0,0,0,0,0,1
"HIST1H2BN",1,1,1,0,1,0,1,0,0,0
"HIST1H3J",0,0,0,0,0,0,0,0,0,0
"AL121944.1",0,2,0,1,0,0,1,0,1,0
"ZNF165",0,0,0,0,1,0,0,0,0,1
"ZSCAN16-AS1",4,3,3,3,3,2,6,3,1,1
"ZSCAN16",0,0,0,0,0,0,2,0,0,0
"AL358933.1",0,0,0,0,0,0,0,0,0,0
"ZKSCAN8",0,1,0,0,2,4,3,1,2,1
"ZSCAN9",2,0,4,0,1,1,3,4,2,1
"ZKSCAN4",1,0,0,1,0,0,0,0,0,0
"NKAPL",0,0,3,0,2,0,0,3,0,0
"ZSCAN26",0,0,0,0,0,0,0,0,0,0
"AL021997.3",0,0,0,0,0,0,0,0,0,0
"PGBD1",2,0,3,2,2,0,2,1,0,1
"ZSCAN31",0,2,1,1,1,0,2,1,1,2
"ZKSCAN3",0,2,0,0,0,0,0,0,0,1
"ZSCAN12",0,0,0,0,0,1,3,1,0,1
"ZSCAN23",3,0,1,0,1,2,3,0,0,1
"GPX5",0,0,0,0,0,0,0,0,0,0
"ZBED9",0,0,0,1,0,0,0,0,0,0
"AL049543.1",0,0,0,0,0,0,0,0,0,0
"LINC01623",0,0,0,0,0,0,0,0,0,0
"HCG14",0,0,0,0,0,0,0,0,0,0
"TRIM27",2,2,2,0,5,3,5,0,2,7
"LINC01556",0,0,0,0,0,0,0,0,0,0
"AL662791.1",0,0,0,0,0,0,0,0,0,1
"ZNF311",0,0,0,0,0,0,0,0,0,0
"AL662791.2",0,0,0,0,0,0,0,0,0,0
"AL645937.2",0,0,0,0,0,0,0,0,0,0
"AL645937.4",0,0,0,0,0,0,0,0,0,0
"OR5V1",1,1,0,0,0,0,0,0,0,0
"OR11A1",0,0,0,0,0,0,0,0,0,0
"OR2I1P",0,0,0,0,0,0,0,0,0,0
"GABBR1",4,7,9,5,2,2,1,6,5,7
"OR2H2",0,0,0,0,0,0,0,0,0,0
"MOG",6,2,5,5,6,3,11,0,0,8
"ZFP57",0,0,0,0,0,0,0,0,0,0
"HLA-F",0,1,1,1,5,2,4,3,2,1
"AL645939.4",0,0,0,0,0,0,0,0,0,0
"HLA-A",16,22,19,10,21,27,34,20,19,27
"HCG9",0,0,0,0,0,0,0,0,0,0
"ZNRD1",0,0,0,0,2,1,6,3,0,0
"PPP1R11",0,0,0,2,0,1,8,1,3,1
"TRIM31-AS1",0,0,0,0,0,0,0,0,0,0
"TRIM26",2,3,3,1,1,1,2,1,1,1
"HCG17",4,4,3,4,4,7,9,7,5,11
"HCG18",0,0,0,0,0,0,0,0,0,0
"TRIM39",0,0,0,0,0,0,0,1,0,0
"TRIM39-RPP21",0,0,0,0,0,0,0,0,0,0
"RPP21",0,1,0,0,0,1,0,2,2,0
"HLA-E",22,29,21,19,16,23,58,22,14,12
"GNL1",4,3,3,1,1,0,5,4,2,3
"PRR3",4,0,0,0,2,1,0,1,0,4
"ABCF1",2,2,0,1,5,1,3,2,1,1
"PPP1R10",1,2,3,1,0,1,3,5,1,7
"MRPS18B",1,1,1,0,4,2,5,3,1,0
"ATAT1",0,0,2,2,0,2,3,1,1,3
"C6orf136",1,2,2,0,0,1,2,1,1,0
"DHX16",0,2,0,0,1,0,3,1,1,1
"PPP1R18",1,1,1,0,0,2,2,3,1,4
"NRM",0,1,1,0,1,2,1,0,0,1
"MDC1",2,3,3,0,3,1,3,3,0,4
"MDC1-AS1",2,3,2,0,0,1,3,0,2,3
"TUBB",6,7,8,8,9,18,27,14,10,3
"AL662797.1",0,0,0,0,0,0,0,0,0,0
"FLOT1",2,3,9,4,13,4,15,7,3,11
"IER3-AS1",0,0,0,0,0,0,0,0,0,0
"IER3",7,4,5,4,11,8,4,23,7,6
"HCG20",0,0,0,0,0,1,0,0,0,0
"LINC00243",0,0,0,0,0,0,0,0,0,0
"LINC02570",0,0,0,0,0,0,0,0,0,0
"DDR1-DT",0,0,0,0,0,1,0,0,0,0
"DDR1",0,1,1,3,3,0,7,1,0,1
"VARS2",1,1,1,2,1,1,0,3,0,0
"SFTA2",0,0,0,0,0,0,0,0,0,0
"MUCL3",0,0,0,0,0,0,0,0,0,0
"MUC21",0,0,0,0,0,0,0,0,0,0
"MUC22",0,1,0,0,0,0,0,0,0,0
"HCG22",0,0,0,0,0,0,0,0,0,0
"PSORS1C1",2,0,1,0,0,0,1,0,0,2
"CDSN",0,0,5,0,0,1,1,0,0,2
"CCHCR1",0,0,0,0,1,0,0,0,1,0
"TCF19",0,0,1,0,2,0,0,0,0,2
"POU5F1",0,0,0,2,0,1,0,1,0,0
"AL662844.4",0,0,1,1,0,2,0,0,0,0
"HCG27",1,0,0,0,0,0,0,1,0,1
"AL662844.3",0,0,0,0,0,0,0,0,0,0
"HLA-C",21,20,12,16,15,3,46,5,15,10
"HLA-B",10,24,22,11,24,46,74,30,20,14
"AL645933.2",1,0,0,0,0,0,0,0,0,0
"MICA",1,1,2,0,2,1,8,3,2,3
"LINC01149",0,0,0,0,0,0,0,0,0,0
"MICB",0,0,0,0,0,0,0,0,0,1
"ATP6V1G2-DDX39B",0,0,0,0,0,0,0,0,0,0
"DDX39B-AS1",0,0,0,0,0,0,0,0,0,0
"ATP6V1G2",0,0,1,0,0,0,0,1,0,0
"NFKBIL1",1,0,0,1,0,1,1,2,1,1
"LTA",0,0,0,0,0,0,0,0,1,0
"TNF",0,0,0,0,0,0,0,0,0,0
"LTB",0,0,0,0,0,0,0,0,0,0
"LST1",0,0,0,0,0,0,0,0,0,1
"NCR3",0,0,0,0,0,0,0,0,0,0
"AIF1",0,0,0,0,0,1,0,0,0,0
"PRRC2A",1,3,0,0,2,3,6,6,1,1
"BAG6",2,3,0,3,4,1,4,2,0,2
"APOM",0,0,0,0,0,0,0,0,0,0
"C6orf47",1,1,2,1,1,1,2,0,0,1
"C6orf47-AS1",0,0,0,0,0,0,0,0,0,0
"GPANK1",2,0,3,0,2,1,1,2,0,2
"CSNK2B",0,0,0,0,0,0,0,0,0,0
"LY6G5B",0,0,0,0,0,0,1,0,0,0
"LY6G5C",0,0,0,0,0,1,0,0,0,0
"ABHD16A",0,0,0,0,0,0,0,0,0,0
"AL662899.1",0,0,0,0,0,0,0,0,0,0
"LY6G6F-LY6G6D",0,0,0,0,0,0,0,0,0,0
"MPIG6B",0,0,0,0,0,1,0,1,0,0
"LY6G6C",0,0,0,0,0,0,0,0,0,0
"DDAH2",4,3,6,1,1,2,15,5,3,9
"CLIC1",2,14,3,9,8,11,29,29,3,8
"SAPCD1-AS1",0,0,0,0,0,0,0,0,0,0
"VWA7",0,0,0,0,0,0,0,0,0,0
"VARS",0,0,0,1,1,0,1,0,0,0
"LSM2",1,1,4,3,1,1,3,2,2,2
"HSPA1L",0,0,1,0,1,0,1,0,0,0
"HSPA1A",3,4,9,1,20,41,29,9,5,12
"HSPA1B",1,0,0,0,2,5,4,1,1,1
"C6orf48",1,0,0,0,1,2,5,0,1,2
"NEU1",1,1,1,0,1,0,1,1,1,1
"SLC44A4",0,0,0,0,0,0,0,0,0,0
"EHMT2-AS1",1,0,0,1,0,0,0,1,0,2
"EHMT2",4,3,0,5,2,1,7,1,2,3
"C2",0,1,1,0,0,0,1,0,0,1
"ZBTB12",0,0,0,0,0,0,0,0,0,0
"C2-AS1",0,0,0,0,1,0,0,0,0,0
"CFB",0,0,0,0,0,3,0,1,2,1
"NELFE",3,0,3,0,2,2,4,7,3,3
"SKIV2L",0,0,0,0,0,0,2,2,0,1
"DXO",1,1,3,0,1,0,2,1,1,1
"STK19",3,0,2,0,1,1,2,0,1,2
"C4A",0,0,0,0,0,0,0,0,0,0
"C4B",0,0,0,0,0,1,0,0,0,0
"CYP21A2",0,0,0,0,0,0,0,0,0,0
"TNXB",6,4,13,0,14,1,22,2,8,9
"ATF6B",4,1,4,3,5,5,13,6,0,6
"FKBPL",0,0,0,0,0,1,0,0,0,0
"PRRT1",3,1,1,2,0,1,2,0,3,0
"AL662884.4",0,0,1,0,0,0,0,0,0,0
"PPT2-EGFL8",0,0,0,0,0,0,1,0,0,0
"AGPAT1",5,3,0,0,1,4,3,2,3,7
"RNF5",2,0,1,0,1,2,3,4,2,0
"AGER",0,0,0,0,0,0,0,0,1,0
"PBX2",1,0,3,2,4,0,4,0,1,3
"GPSM3",0,1,0,0,2,0,1,4,1,2
"NOTCH4",0,2,2,1,5,1,11,3,3,10
"AL662796.1",2,1,1,0,2,2,3,3,6,4
"C6orf10",1,0,1,0,0,0,1,1,0,2
"BTNL2",0,0,0,0,0,0,0,0,0,0
"HLA-DRA",0,0,1,0,8,0,0,0,0,0
"HLA-DRB5",1,3,0,0,0,0,0,0,0,0
"HLA-DRB1",4,5,0,1,2,1,1,0,1,2
"HLA-DQA1",0,0,0,0,2,0,0,0,0,0
"HLA-DQB1",1,0,0,0,0,0,2,0,0,1
"HLA-DQA2",0,0,0,0,0,0,1,0,0,0
"HLA-DOB",0,0,0,0,0,0,0,0,0,0
"AL669918.1",0,0,0,0,0,0,0,0,0,0
"PSMB8",3,2,3,0,2,2,1,3,1,3
"PSMB9",1,2,3,0,7,3,7,4,0,2
"TAP1",0,2,2,2,2,2,8,1,3,2
"HLA-DMB",0,0,0,0,0,0,0,0,0,1
"AL645941.2",0,0,0,0,0,0,0,0,0,0
"HLA-DMA",0,0,0,0,0,0,0,0,0,0
"BRD2",1,4,2,1,5,2,9,3,5,4
"HLA-DOA",0,0,0,0,0,0,0,0,0,0
"HLA-DPA1",0,0,0,0,2,1,0,1,1,0
"HLA-DPB1",1,0,1,0,3,1,0,0,0,0
"HCG24",0,0,0,0,0,0,0,0,0,0
"COL11A2",0,0,0,1,0,1,0,0,0,1
"RXRB",0,3,2,0,3,1,1,1,2,5
"SLC39A7",1,1,0,1,1,2,1,1,1,2
"HSD17B8",0,0,0,0,0,0,0,0,0,0
"RING1",1,2,5,5,6,1,3,2,1,3
"AL645940.1",0,0,0,0,0,0,0,0,0,0
"HCG25",0,0,1,0,0,0,0,0,0,1
"VPS52",1,0,0,1,1,0,3,2,3,1
"RPS18",9,4,4,2,2,16,9,13,20,6
"B3GALT4",0,2,0,1,1,1,1,2,3,4
"WDR46",1,0,1,3,0,0,1,4,2,0
"PFDN6",2,3,1,1,0,3,9,10,2,5
"RGL2",6,3,1,4,5,4,3,6,3,8
"TAPBP",3,1,7,8,5,4,20,7,4,7
"ZBTB22",0,0,0,0,0,0,0,1,1,0
"DAXX",0,1,1,0,0,1,2,2,4,1
"AL662820.1",0,0,0,0,0,0,0,0,0,0
"KIFC1",1,0,0,0,0,0,0,0,0,0
"PHF1",3,1,2,1,6,3,8,7,3,11
"CUTA",9,1,2,5,4,5,6,7,4,11
"SYNGAP1",4,2,2,1,3,3,3,3,2,2
"SYNGAP1-AS1",3,1,2,0,1,0,2,0,1,4
"ZBTB9",0,0,0,0,0,0,0,0,0,0
"BAK1",0,3,2,0,0,0,1,1,0,2
"LINC00336",0,0,0,0,0,0,1,0,0,0
"ITPR3",4,2,3,0,6,4,8,0,1,9
"UQCC2",1,2,3,1,0,1,3,5,1,2
"IP6K3",0,0,0,0,0,0,1,0,0,1
"LEMD2",1,1,1,1,3,0,0,0,4,5
"MLN",0,0,0,0,0,0,0,0,0,0
"LINC01016",0,0,0,0,0,0,0,0,0,0
"GRM4",0,0,0,0,0,0,0,0,0,0
"HMGA1",0,0,0,1,1,0,3,0,0,3
"SMIM29",3,0,3,1,1,3,3,6,1,5
"NUDT3",2,2,3,7,7,3,2,3,1,4
"RPS10-NUDT3",1,0,0,0,1,0,1,0,0,0
"PACSIN1",3,1,0,1,0,0,2,0,0,0
"SPDEF",0,0,0,0,0,0,0,0,0,0
"C6orf106",6,3,3,2,9,1,5,5,3,9
"AL451165.2",0,0,0,1,1,0,2,1,2,3
"SNRPC",3,0,5,0,1,4,5,2,0,1
"UHRF1BP1",3,1,2,1,5,0,3,1,5,2
"TAF11",0,2,2,2,5,2,5,3,0,1
"ANKS1A",10,8,13,3,23,9,41,5,15,14
"TCP11",0,0,0,0,0,0,0,0,0,0
"SCUBE3",3,2,5,0,4,1,1,1,0,5
"Z97832.2",0,0,0,0,0,0,0,0,0,0
"ZNF76",2,0,2,4,2,2,5,2,2,11
"DEF6",0,0,0,0,0,0,0,0,0,0
"PPARD",6,7,5,5,4,5,12,5,3,12
"FANCE",0,1,0,1,0,1,4,0,0,0
"RPL10A",8,7,3,5,2,14,28,16,16,9
"TEAD3",0,1,2,1,0,1,1,1,1,0
"TULP1",0,0,1,0,0,0,0,0,0,0
"FKBP5",7,16,14,17,20,30,53,15,54,77
"AL157823.2",0,0,0,0,0,0,0,0,0,0
"ARMC12",0,0,0,0,0,0,1,0,0,0
"CLPSL2",0,0,0,0,0,0,0,0,0,0
"CLPSL1",0,0,0,1,0,0,0,0,0,0
"CLPS",0,0,0,0,0,0,0,0,0,0
"LHFPL5",0,0,1,0,0,0,0,0,0,0
"SRPK1",6,3,11,2,5,1,7,6,2,6
"SLC26A8",0,0,0,0,1,0,0,0,0,2
"MAPK14",2,2,2,0,9,1,16,5,5,10
"MAPK13",0,0,0,1,0,1,1,0,1,0
"Z84485.1",0,0,0,1,0,0,1,1,1,1
"BRPF3",0,1,1,3,0,0,2,0,1,2
"PNPLA1",1,0,0,1,0,0,0,0,1,0
"C6orf222",0,0,0,0,0,0,0,0,0,0
"ETV7",0,0,1,0,0,0,0,0,0,0
"Z84484.1",0,0,0,0,0,0,0,0,0,1
"PXT1",0,0,0,0,0,0,0,0,0,0
"KCTD20",0,2,5,0,0,5,3,2,2,2
"STK38",6,5,6,3,10,5,13,6,8,16
"SRSF3",7,5,5,4,10,10,23,19,10,17
"CDKN1A",1,3,5,7,3,8,12,3,5,6
"RAB44",0,0,0,0,0,0,0,0,0,0
"CPNE5",1,0,2,0,0,1,0,2,1,0
"PPIL1",0,0,0,0,0,0,1,1,0,0
"C6orf89",1,1,2,4,3,5,10,5,5,7
"AL122034.1",0,0,0,0,0,0,0,0,0,0
"PI16",0,0,0,0,6,2,0,0,2,1
"MTCH1",8,4,4,5,5,4,14,9,7,9
"FGD2",0,0,0,0,0,0,0,0,0,0
"PIM1",1,1,2,1,1,1,2,1,1,1
"TMEM217",0,0,0,0,1,1,1,0,0,0
"TBC1D22B",1,1,3,3,2,1,2,0,0,6
"RNF8",4,1,2,2,0,2,2,1,0,6
"CMTR1",0,0,2,0,0,1,0,1,1,2
"CCDC167",1,0,1,0,1,5,1,0,0,3
"LINC02520",0,0,0,0,0,0,0,0,0,0
"MDGA1",0,0,2,0,2,2,0,1,2,1
"AL121574.1",0,0,0,0,0,0,1,0,0,0
"ZFAND3",21,16,22,23,39,28,67,38,23,64
"BTBD9",23,12,12,11,32,17,32,20,16,36
"GLO1",4,1,3,4,1,8,8,6,6,2
"DNAH8",1,0,0,0,0,0,0,0,0,1
"AL034345.2",0,0,0,0,0,0,0,0,0,0
"GLP1R",0,0,0,0,0,0,0,0,0,0
"SAYSD1",0,0,1,0,0,0,0,0,0,0
"KCNK5",0,0,0,0,0,0,0,0,0,0
"KCNK17",5,0,1,0,0,0,1,0,0,0
"KIF6",5,4,3,4,7,1,9,4,4,9
"DAAM2",14,7,17,15,26,9,26,9,12,21
"AL590999.1",1,1,0,0,0,0,0,0,1,1
"MOCS1",0,1,3,0,1,2,4,1,2,0
"AL139275.2",0,0,0,0,0,0,0,0,0,0
"TDRG1",0,0,0,0,0,0,0,0,0,0
"LINC00951",0,0,0,0,0,0,0,0,0,0
"AL139275.1",0,0,0,0,0,0,0,0,0,0
"LRFN2",0,0,1,0,0,0,1,0,0,3
"UNC5CL",0,0,0,0,0,0,0,0,0,0
"OARD1",6,1,1,3,2,1,6,1,3,0
"APOBEC2",0,1,0,0,0,1,0,0,0,0
"NFYA",3,2,2,0,1,2,3,2,0,3
"TREML1",0,0,0,0,0,0,0,0,0,0
"TREM2",0,0,0,0,1,1,0,0,1,1
"TREML2",0,0,0,0,0,0,0,0,0,0
"TREML4",0,0,0,0,0,0,0,0,0,0
"TREM1",0,0,0,0,0,0,1,0,0,0
"FOXP4-AS1",0,0,0,0,0,0,0,0,0,0
"LINC01276",0,0,0,0,0,0,0,0,0,0
"FOXP4",0,2,0,0,1,0,0,1,0,2
"MDFI",3,0,3,2,2,1,1,1,2,0
"TFEB",6,4,7,1,4,1,5,2,0,7
"AL035588.1",0,0,0,0,0,0,0,0,0,0
"PGC",0,0,0,0,0,0,0,0,0,0
"AL365205.3",0,0,0,0,0,0,0,0,0,0
"FRS3",2,0,0,0,0,0,1,0,0,1
"AL365205.1",0,0,0,0,0,1,0,0,0,0
"USP49",1,1,3,1,0,2,1,2,3,6
"AL160163.1",0,0,0,0,0,0,0,0,0,0
"MED20",0,0,0,0,1,0,1,1,1,1
"BYSL",0,1,0,0,0,0,1,0,1,0
"CCND3",9,1,10,6,14,15,21,8,11,16
"TAF8",3,2,1,0,2,2,0,1,3,7
"AL512274.1",0,0,0,0,0,0,0,0,0,0
"C6orf132",0,0,1,0,0,0,0,0,0,0
"GUCA1A",0,0,0,0,0,0,0,0,0,1
"GUCA1B",0,0,0,0,0,0,2,1,1,2
"MRPS10",1,1,0,2,1,0,2,0,0,3
"TRERF1",6,1,4,1,4,4,3,1,2,4
"UBR2",11,3,18,8,13,13,18,7,8,17
"PRPH2",0,0,1,2,0,0,0,0,1,0
"TBCC",4,1,1,0,1,0,2,2,2,0
"BICRAL",7,2,7,3,11,10,12,6,7,13
"RPL7L1",2,2,4,1,2,2,1,3,4,2
"C6orf226",1,0,1,0,3,0,1,1,2,0
"PTCRA",0,0,0,0,0,0,0,0,0,0
"CNPY3",2,2,0,2,1,0,2,3,0,2
"AL035587.1",0,0,2,0,1,0,0,1,0,0
"GNMT",0,0,0,0,0,0,0,0,0,0
"PEX6",1,1,1,0,2,0,3,3,0,5
"PPP2R5D",2,0,0,0,1,1,0,2,1,1
"MEA1",1,1,3,1,0,0,2,0,2,1
"KLHDC3",4,4,1,0,3,4,8,1,2,5
"RRP36",1,1,3,2,0,2,2,0,0,5
"AL136304.1",0,0,0,0,0,0,0,0,0,0
"CUL7",1,0,2,0,0,0,0,1,0,0
"KLC4",1,2,1,0,2,3,4,2,0,3
"MRPL2",1,1,1,2,0,2,2,0,1,2
"PTK7",5,0,2,1,2,2,3,1,3,3
"SRF",1,1,1,0,1,1,1,3,0,4
"CUL9",1,1,1,1,3,1,0,2,0,1
"AL133375.1",0,0,0,0,0,0,0,0,0,1
"DNPH1",2,1,1,0,0,2,4,2,0,1
"TTBK1",1,0,0,0,1,0,0,0,0,0
"SLC22A7",0,0,0,0,0,0,0,0,0,0
"CRIP3",0,0,0,0,1,0,0,0,0,0
"ZNF318",1,0,4,0,2,4,4,6,2,1
"ABCC10",0,0,1,0,2,0,2,1,2,4
"DLK2",0,0,0,0,0,0,1,0,0,0
"TJAP1",5,1,5,1,2,1,5,0,1,6
"LRRC73",1,0,0,0,0,0,1,0,0,0
"POLR1C",5,2,3,0,4,2,1,1,1,10
"YIPF3",3,1,3,4,2,3,7,4,2,4
"AL355802.2",0,0,0,0,0,0,0,0,0,0
"XPO5",2,5,4,4,6,2,11,8,0,7
"POLH",2,0,1,0,0,0,0,1,0,0
"POLH-AS1",0,0,0,0,0,0,0,0,0,0
"GTPBP2",2,0,1,2,1,0,0,2,3,6
"MAD2L1BP",0,0,0,0,0,0,0,1,0,1
"RSPH9",0,0,0,0,0,1,2,0,0,0
"MRPS18A",1,0,0,0,1,2,0,2,0,1
"VEGFA",1,0,1,2,0,3,2,2,1,10
"AL136131.3",0,0,0,0,0,0,0,0,0,0
"AL157371.2",0,0,0,0,0,0,0,0,0,0
"AL109615.3",0,0,0,0,1,0,0,0,0,0
"C6orf223",0,0,0,0,0,0,0,0,0,0
"MRPL14",4,3,2,3,2,2,4,0,5,3
"TMEM63B",4,1,5,2,2,1,4,1,2,6
"CAPN11",0,0,0,0,0,0,0,0,0,0
"SLC29A1",3,0,2,1,3,4,5,0,0,0
"HSP90AB1",16,17,17,15,23,37,27,34,19,13
"SLC35B2",2,0,0,0,1,2,0,1,2,3
"NFKBIE",0,0,1,0,0,1,0,0,0,0
"TMEM151B",0,0,0,0,0,0,0,0,0,0
"AL353588.1",0,0,0,0,1,0,0,1,0,0
"TCTE1",0,1,0,0,0,0,0,0,0,0
"AARS2",0,0,0,0,0,0,0,1,1,0
"CDC5L",1,2,0,1,3,2,2,1,0,6
"SUPT3H",11,5,13,8,16,11,11,13,10,12
"RUNX2",4,1,2,0,12,2,2,1,1,3
"AL096865.1",0,1,1,0,0,0,0,0,0,0
"CLIC5",1,3,5,0,9,4,20,0,0,1
"AL035701.1",0,0,0,0,0,0,2,0,0,2
"ENPP4",3,4,1,3,2,2,7,1,2,0
"ENPP5",0,0,3,0,0,1,0,0,0,3
"RCAN2",9,4,12,5,18,8,11,9,7,11
"AL359633.2",0,0,0,0,0,0,0,0,0,1
"CYP39A1",0,0,0,0,2,1,1,0,1,0
"SLC25A27",4,3,2,1,10,3,8,5,4,5
"AL591242.1",0,0,0,0,0,1,0,0,0,0
"TDRD6",0,0,1,0,1,2,1,1,0,0
"PLA2G7",0,0,0,0,0,0,0,0,0,0
"MEP1A",0,0,0,0,0,0,0,0,0,0
"ADGRF5",13,16,10,7,14,17,38,20,10,11
"ADGRF1",0,0,0,0,0,0,0,0,0,0
"TNFRSF21",2,4,1,0,4,1,0,9,2,1
"AL355353.1",0,0,0,0,0,0,0,0,0,1
"CD2AP",7,5,7,2,6,8,19,5,7,9
"ADGRF4",0,0,0,0,0,0,0,0,0,0
"OPN5",0,0,0,0,1,0,0,0,0,0
"PTCHD4",3,0,7,2,4,0,7,2,0,0
"MUT",2,0,1,3,5,2,3,1,1,4
"CENPQ",0,2,0,1,1,3,1,2,2,2
"GLYATL3",0,0,0,0,0,0,0,0,0,0
"C6orf141",0,0,0,0,1,0,0,0,0,1
"RHAG",0,0,0,0,0,0,0,1,0,0
"CRISP1",0,0,0,0,0,0,0,0,0,0
"AL138826.1",0,0,0,0,0,0,0,0,0,0
"AL360175.1",0,0,0,0,0,0,0,0,0,0
"AL135908.1",0,0,0,0,0,0,0,0,0,0
"TFAP2D",0,0,0,0,0,0,0,0,0,0
"PKHD1",0,0,0,0,2,0,1,1,0,0
"MCM3",0,0,2,0,1,1,4,4,1,1
"EFHC1",5,3,2,0,1,3,5,1,7,6
"TRAM2",1,2,0,1,3,4,5,5,1,2
"TRAM2-AS1",0,0,1,0,0,0,1,1,0,0
"TMEM14A",8,1,2,0,5,3,5,3,3,1
"GSTA2",0,0,0,0,0,0,0,0,0,0
"GSTA1",0,0,0,0,0,0,0,0,0,0
"GSTA4",3,3,2,2,4,0,2,2,4,5
"ICK",0,0,2,2,3,2,2,2,1,2
"FBXO9",7,2,0,3,5,0,11,5,5,4
"GCM1",0,0,0,0,0,0,0,0,0,0
"ELOVL5",3,4,5,2,7,7,7,8,7,10
"GCLC",7,1,4,6,2,0,5,3,4,6
"AL033397.2",0,0,0,0,0,0,0,0,0,1
"KLHL31",0,1,0,0,0,0,0,0,0,0
"AL590652.1",0,0,0,0,0,0,0,0,0,0
"AL513211.1",0,0,0,0,0,0,0,0,0,0
"LRRC1",9,5,5,1,8,9,23,18,6,9
"AL033384.2",4,4,6,3,3,3,6,3,1,5
"MLIP",1,0,1,0,3,0,2,2,1,0
"MLIP-AS1",0,0,0,0,0,0,1,0,0,0
"TINAG",0,0,0,0,0,0,0,0,0,0
"FAM83B",0,0,0,0,0,0,0,0,0,0
"HCRTR2",0,0,0,0,0,0,0,0,0,0
"GFRAL",0,0,0,0,1,0,0,0,0,0
"HMGCLL1",2,1,4,0,2,2,2,2,2,10
"BMP5",4,0,4,1,1,1,1,3,4,26
"COL21A1",1,0,2,1,2,1,1,1,2,5
"DST",21,22,21,32,42,25,64,17,24,39
"AL512422.1",3,0,5,2,2,0,0,1,0,1
"BEND6",3,0,0,0,2,0,2,0,0,1
"KIAA1586",3,0,2,1,0,1,3,1,1,1
"ZNF451",6,7,11,7,9,2,13,4,6,16
"ZNF451-AS1",3,0,4,0,2,2,2,5,0,10
"BAG2",2,0,1,1,0,1,0,0,1,2
"RAB23",1,0,1,0,1,1,0,1,1,4
"PRIM2",3,1,2,3,7,4,10,1,5,9
"AL021368.3",0,0,0,0,0,0,1,1,0,0
"AL021368.1",0,0,0,0,0,0,0,0,0,0
"AL021368.2",0,0,0,0,0,1,0,2,2,1
"AL445250.1",15,2,11,1,7,8,7,3,9,9
"KHDRBS2",7,5,11,5,12,2,3,4,6,6
"FKBP1C",0,0,0,0,0,0,0,0,0,0
"LGSN",0,0,0,0,0,0,0,0,0,0
"PTP4A1",1,2,2,3,0,3,4,0,2,2
"AL135905.1",0,0,0,0,0,0,0,0,0,0
"PHF3",4,4,9,5,14,4,17,11,9,14
"EYS",4,0,3,0,2,2,1,0,1,47
"AL354719.2",0,0,0,0,0,0,0,0,0,0
"AL357375.1",0,0,0,0,0,0,0,0,0,0
"AL646090.1",0,0,0,0,0,0,0,0,0,0
"LINC02549",0,0,0,0,0,0,0,0,0,0
"AL391807.1",1,0,3,0,6,1,2,2,0,0
"ADGRB3",32,19,48,36,71,21,57,40,28,40
"LMBRD1",12,6,9,4,8,5,12,6,6,15
"COL19A1",2,0,2,1,4,2,1,2,3,4
"COL9A1",0,0,0,1,0,1,1,0,2,0
"AL160262.1",0,0,0,0,0,0,0,0,0,0
"AL365226.1",0,0,0,0,0,0,0,0,1,0
"FAM135A",5,2,3,5,7,4,14,2,8,5
"SDHAF4",0,0,2,0,0,0,0,3,0,2
"AL583856.2",0,0,0,0,0,0,0,0,0,0
"SMAP1",2,5,8,4,6,7,16,7,6,13
"B3GAT2",2,3,9,2,2,4,3,5,3,4
"OGFRL1",2,1,6,0,2,1,8,0,0,2
"AL136164.2",0,1,2,1,1,5,17,5,5,11
"LINC00472",0,0,3,0,1,1,2,1,0,0
"RIMS1",1,3,3,1,5,1,3,3,0,4
"KCNQ5",11,5,23,9,21,3,9,1,2,5
"KCNQ5-AS1",0,0,0,0,0,0,0,0,0,0
"AL365232.1",0,0,0,0,0,0,1,0,0,1
"KHDC1",1,0,2,1,1,0,2,1,0,2
"AC019205.1",2,2,4,0,2,0,3,1,0,0
"KHDC3L",0,0,0,0,0,0,0,0,0,0
"OOEP",3,2,5,8,18,11,10,14,10,11
"OOEP-AS1",1,0,0,0,0,0,0,0,0,0
"DDX43",1,0,0,0,0,0,1,0,2,1
"CGAS",0,0,2,0,4,1,1,0,2,4
"MTO1",0,3,2,0,1,1,4,2,1,5
"AL603910.1",0,0,0,0,0,0,0,0,0,0
"EEF1A1",9,17,9,13,23,34,37,45,44,18
"AL121972.1",0,0,0,1,0,0,0,0,0,1
"SLC17A5",2,2,4,1,5,1,7,4,2,2
"AL590428.1",1,0,0,0,0,0,0,0,0,0
"CD109",0,4,0,0,1,0,14,2,1,3
"AL357507.1",0,0,0,0,1,0,1,1,1,0
"AL356277.3",0,0,0,0,0,1,0,0,0,0
"COL12A1",6,1,5,0,3,2,2,4,3,8
"COX7A2",12,15,14,9,7,17,22,12,12,9
"TMEM30A",9,4,7,4,3,2,16,6,4,3
"AL080250.1",1,1,1,0,1,0,1,0,1,3
"FILIP1",1,0,2,0,1,6,6,5,0,3
"AL445465.1",0,0,0,0,0,0,0,0,0,0
"SENP6",15,13,13,10,20,9,23,13,9,22
"MYO6",15,11,18,10,16,9,25,16,8,26
"IMPG1",0,1,1,0,0,0,0,0,0,0
"LINC02540",0,0,0,0,0,0,0,0,0,0
"HTR1B",0,0,0,0,0,0,0,0,0,0
"MEI4",1,0,1,1,0,1,1,0,0,2
"AL450327.1",0,0,0,0,0,0,0,0,0,0
"IRAK1BP1",3,1,8,1,3,8,3,5,4,5
"PHIP",12,12,13,12,22,23,35,19,23,32
"HMGN3",16,7,17,3,11,11,22,23,9,25
"HMGN3-AS1",0,0,0,0,0,1,0,0,0,1
"AL078601.2",0,0,0,0,0,0,0,0,0,0
"LCA5",2,0,1,0,1,2,3,3,0,4
"AL451064.1",0,0,0,0,0,0,0,0,0,1
"SH3BGRL2",0,5,6,0,4,0,7,3,2,2
"AL132875.2",0,0,0,0,0,0,0,0,0,0
"ELOVL4",1,0,2,2,1,0,0,2,0,2
"TTK",0,0,0,0,0,0,0,0,0,0
"BCKDHB",4,1,5,4,7,3,15,11,15,12
"AL359715.3",0,0,0,0,0,0,0,0,1,0
"AL359715.1",0,0,0,0,1,0,0,0,0,0
"AL359715.2",0,0,0,0,1,0,0,0,0,0
"TENT5A",0,1,0,1,2,1,8,3,1,4
"LINC02542",0,0,0,0,0,0,0,0,0,0
"IBTK",5,9,9,7,4,4,13,9,8,12
"TPBG",3,1,1,1,1,0,0,0,2,2
"UBE3D",4,1,8,2,6,2,7,2,4,10
"AL355613.1",0,0,0,0,0,0,0,0,0,0
"DOPEY1",4,6,6,4,9,4,7,7,5,11
"PGM3",1,1,2,1,0,0,1,0,1,7
"RWDD2A",0,0,0,1,1,0,1,0,1,0
"ME1",3,2,3,3,3,3,5,5,0,8
"PRSS35",0,0,0,0,0,0,0,0,0,1
"SNAP91",2,2,4,6,7,2,6,2,1,1
"RIPPLY2",0,0,0,0,0,0,1,0,0,1
"CYB5R4",3,2,1,0,3,3,9,6,1,9
"AL034347.1",0,0,0,0,0,0,0,0,0,0
"AL161621.1",0,0,0,0,0,0,0,0,0,0
"MRAP2",1,0,2,0,1,0,0,1,0,0
"CEP162",1,0,3,0,5,2,6,6,5,12
"LINC01611",0,0,0,0,0,1,0,0,0,0
"TBX18",17,4,3,1,6,4,5,4,8,11
"TBX18-AS1",0,0,0,0,0,0,0,0,0,0
"NT5E",3,0,3,0,3,1,1,2,5,5
"SNX14",4,4,5,2,3,5,12,5,5,8
"AL589666.1",0,0,0,0,0,1,1,0,0,0
"SYNCRIP",1,2,2,0,0,1,5,0,1,4
"HTR1E",0,0,0,0,0,0,1,0,1,0
"CGA",0,0,0,0,0,0,0,0,0,0
"AL139274.2",0,0,0,0,0,0,0,0,0,0
"ZNF292",16,7,17,10,14,9,34,10,16,16
"GJB7",0,0,1,0,0,0,0,1,0,0
"SMIM8",5,1,1,0,1,1,2,0,0,3
"AL049697.1",0,0,0,0,0,0,0,0,0,0
"SLC35A1",0,1,2,1,2,1,1,3,1,1
"RARS2",5,4,0,5,3,7,3,7,2,9
"ORC3",2,1,5,4,5,4,5,0,1,1
"AKIRIN2",0,0,1,1,0,0,3,2,1,0
"SPACA1",0,0,0,0,0,0,0,0,0,0
"CNR1",2,2,0,3,2,0,0,1,1,0
"AL139042.1",0,0,0,0,0,0,0,0,0,0
"RNGTT",6,3,12,6,10,1,13,7,4,8
"PNRC1",4,3,4,7,4,9,15,12,4,6
"SRSF12",3,0,1,1,3,0,5,1,0,0
"PM20D2",0,0,1,0,2,2,0,2,1,1
"GABRR1",0,0,0,0,0,0,0,0,0,0
"GABRR2",0,0,0,1,0,0,0,0,0,0
"UBE2J1",5,4,5,1,6,3,18,5,5,15
"RRAGD",1,2,0,0,1,0,2,0,0,1
"ANKRD6",3,1,6,3,5,0,5,1,2,2
"AL159174.1",0,0,0,0,0,0,0,0,0,0
"LYRM2",2,2,6,0,1,1,6,7,2,7
"MDN1",4,1,4,5,2,0,7,4,3,4
"CASP8AP2",6,0,2,1,4,2,8,6,5,4
"GJA10",0,0,0,0,0,0,0,0,0,0
"BACH2",8,8,13,3,10,2,9,4,4,18
"AL132996.1",0,0,0,0,0,0,0,0,0,0
"MAP3K7",5,3,6,5,8,6,16,3,8,14
"CASC6",0,0,0,0,0,0,0,1,0,0
"AL138731.1",0,0,0,0,0,0,0,0,0,0
"EPHA7",0,0,1,2,1,3,0,1,7,15
"AL157378.1",0,0,0,0,0,0,0,0,0,0
"MANEA-DT",0,0,1,0,0,1,1,1,0,0
"MANEA",2,0,1,1,1,3,1,4,1,2
"FUT9",1,2,7,8,6,1,9,4,2,11
"UFL1-AS1",1,0,3,0,0,0,5,0,1,1
"UFL1",5,4,6,2,5,3,8,8,4,7
"FHL5",2,2,1,0,3,1,1,3,3,2
"AL033379.1",0,0,0,0,0,0,0,0,0,0
"GPR63",0,0,0,0,1,2,0,1,0,0
"NDUFAF4",0,2,5,1,5,4,2,4,3,8
"KLHL32",9,7,5,8,14,3,25,5,7,15
"MMS22L",3,3,3,2,3,0,6,1,3,0
"AL589740.1",3,4,2,2,8,2,2,4,2,9
"AL080316.1",0,0,0,0,0,0,0,0,0,0
"AL590727.1",0,0,0,0,0,0,0,0,0,0
"AL589826.2",0,0,0,0,0,0,0,0,0,0
"POU3F2",1,0,1,0,0,0,0,0,0,1
"FBXL4",3,3,2,4,3,5,17,7,11,12
"FAXC",0,0,2,1,1,1,0,2,0,0
"COQ3",0,0,0,0,1,1,1,1,2,0
"PNISR",27,16,43,16,43,43,58,38,39,64
"AL513550.1",0,0,0,0,0,0,4,0,0,1
"USP45",5,3,5,1,4,1,7,1,0,9
"TSTD3",0,1,1,0,1,0,0,2,1,0
"CCNC",1,1,0,1,5,3,3,4,1,6
"AL137784.2",0,0,0,0,0,0,0,0,0,0
"MCHR2",0,0,0,0,2,1,0,0,0,0
"MCHR2-AS1",0,0,0,0,0,0,0,0,0,0
"SIM1",0,0,0,0,0,0,0,0,0,1
"Z86062.2",0,0,0,0,0,0,0,0,0,0
"ASCC3",5,10,13,7,9,8,20,11,12,8
"AL133338.1",0,0,0,0,1,0,1,1,0,0
"GRIK2",3,7,13,5,10,2,7,4,1,4
"HACE1",1,1,1,1,6,3,5,7,1,5
"LIN28B-AS1",0,0,0,0,0,0,0,2,0,0
"LIN28B",0,0,0,0,0,0,0,0,1,0
"BVES",2,0,0,0,1,2,0,0,0,0
"BVES-AS1",0,0,0,0,1,0,2,0,0,1
"POPDC3",0,0,0,0,0,0,1,0,0,0
"AL133406.3",0,0,0,0,0,0,0,0,0,0
"PREP",2,3,5,2,6,0,4,2,1,6
"AL133406.2",0,0,0,0,0,0,0,0,0,1
"Z97206.2",0,0,0,0,0,0,0,0,0,0
"AL591518.1",3,0,1,0,1,1,0,1,0,1
"ATG5",5,3,4,1,3,2,9,6,6,3
"PRDM1",1,3,3,3,0,0,3,3,0,2
"AL356859.1",0,0,0,0,0,0,0,0,0,0
"CRYBG1",0,1,2,0,1,1,1,0,0,0
"RTN4IP1",0,1,0,0,1,0,0,1,0,2
"QRSL1",1,4,3,0,3,2,3,2,1,4
"LINC02526",0,0,0,0,0,0,0,0,0,0
"LINC02532",0,0,0,0,0,0,0,0,0,0
"CD24",0,0,0,0,0,0,0,0,0,0
"C6orf203",2,1,1,0,1,2,0,1,0,1
"BEND3",0,0,0,0,0,0,0,0,0,0
"PDSS2",11,8,8,5,15,5,22,11,9,21
"SOBP",7,5,9,3,6,4,13,15,8,18
"SCML4",0,0,1,0,0,0,0,0,0,0
"SEC63",4,2,4,1,3,1,5,7,1,6
"AL024507.2",0,0,0,0,0,0,0,0,0,0
"Z98200.1",0,0,0,1,0,0,0,0,0,0
"OSTM1",3,0,4,1,1,7,7,3,6,4
"OSTM1-AS1",0,0,0,0,0,0,0,0,0,0
"NR2E1",0,0,0,0,0,0,0,0,0,0
"SNX3",1,3,3,1,8,14,17,28,9,13
"AFG1L",3,0,0,0,4,1,2,1,6,5
"FOXO3",10,14,12,9,32,8,30,19,17,28
"LINC00222",1,0,0,0,0,0,0,0,0,1
"ARMC2",4,0,0,0,9,1,3,1,2,3
"ARMC2-AS1",0,0,0,0,0,0,0,0,0,0
"SESN1",4,2,7,3,15,11,33,9,4,17
"AL390208.1",0,0,0,0,0,0,0,0,0,0
"CEP57L1",0,2,3,0,3,3,1,2,2,4
"CD164",3,2,0,2,2,9,5,8,7,6
"AL359711.2",0,0,0,0,0,0,0,0,0,0
"PPIL6",1,0,2,0,0,0,0,1,0,2
"SMPD2",0,0,0,0,0,0,0,0,2,1
"MICAL1",1,0,0,0,2,0,1,0,0,2
"ZBTB24",0,2,2,0,0,1,3,0,0,1
"AL109947.1",0,0,0,0,0,0,0,0,0,0
"AK9",2,2,1,3,7,3,5,3,5,5
"FIG4",4,1,0,0,4,1,2,0,1,2
"AL512303.1",0,0,0,0,0,0,0,0,0,0
"GPR6",0,0,0,0,0,0,0,0,0,0
"WASF1",5,4,4,1,5,1,11,4,2,3
"CDC40",0,1,4,3,2,3,6,2,4,5
"METTL24",2,0,1,1,0,0,1,0,2,2
"DDO",1,0,0,0,0,0,0,1,0,1
"SLC22A16",0,0,0,0,0,0,0,0,0,0
"CDK19",13,7,10,10,15,4,17,8,5,17
"AMD1",4,7,2,8,5,6,9,7,5,7
"GTF3C6",0,2,1,1,0,3,6,0,1,2
"RPF2",4,2,0,1,3,0,0,1,1,1
"SLC16A10",0,1,0,0,0,1,1,0,1,0
"AL360227.1",0,0,0,0,1,0,0,0,0,0
"MFSD4B",1,0,0,0,1,0,2,1,0,0
"AL080317.1",1,0,1,0,2,0,1,1,0,1
"AL080317.2",0,0,0,0,0,0,1,0,0,0
"REV3L",11,8,8,9,20,23,32,29,7,22
"AL080317.3",0,0,0,0,0,0,0,0,0,0
"TRAF3IP2-AS1",11,8,11,5,21,6,18,7,4,10
"TRAF3IP2",0,1,0,1,3,3,2,3,2,3
"Z97989.1",0,0,0,0,0,0,0,0,0,0
"FYN",10,12,15,10,23,20,28,19,12,61
"WISP3",0,0,0,0,0,0,0,0,0,0
"TUBE1",0,4,3,0,3,5,6,6,0,4
"FAM229B",4,1,0,1,3,1,3,4,4,5
"LAMA4",29,7,17,4,9,9,19,9,15,14
"Z99289.1",2,0,0,0,0,0,1,0,0,0
"AL365214.3",0,0,0,0,0,0,0,0,0,0
"AL357514.1",0,0,0,0,0,0,0,0,0,0
"LINC02518",0,0,0,0,0,0,0,0,0,0
"AL513123.1",0,0,0,0,0,0,0,0,0,0
"LINC02541",0,0,0,0,0,0,0,1,0,0
"FO393415.3",0,0,0,0,0,0,0,0,0,0
"MARCKS",8,4,2,2,1,4,6,11,7,2
"LINC01268",0,0,0,0,0,0,0,0,0,0
"FO393415.1",0,0,0,0,0,0,0,0,0,0
"HDAC2",2,2,5,2,5,5,10,11,3,8
"HDAC2-AS2",6,7,5,8,9,2,19,4,6,11
"HS3ST5",8,5,5,5,3,0,7,5,1,8
"AL138830.2",0,0,0,0,0,0,0,0,0,0
"FRK",1,0,1,1,0,0,0,0,0,2
"NT5DC1",4,1,7,8,5,3,19,9,5,10
"COL10A1",0,0,0,0,0,1,0,0,0,1
"TSPYL4",4,2,3,0,4,1,3,0,2,0
"DSE",7,5,6,1,10,5,6,4,7,11
"TSPYL1",3,4,7,2,3,2,7,3,3,3
"Z84488.2",0,0,0,0,0,0,0,0,1,0
"CALHM6",0,0,0,0,0,0,0,0,0,0
"TRAPPC3L",0,0,0,0,0,0,0,1,0,0
"CALHM5",0,0,0,0,2,3,1,0,1,0
"CALHM4",0,0,0,0,0,0,0,0,0,0
"RWDD1",2,4,5,1,5,3,3,9,4,4
"RSPH4A",0,0,0,0,0,0,0,0,0,0
"ZUP1",1,2,1,1,4,1,2,0,2,2
"KPNA5",4,5,1,2,5,4,7,10,5,7
"FAM162B",1,2,0,0,3,9,5,11,2,6
"GPRC6A",0,0,0,0,0,0,0,0,0,0
"RFX6",0,0,0,0,0,0,0,0,0,0
"ROS1",0,0,0,0,0,0,0,1,0,0
"AL132671.2",0,1,0,0,1,0,1,1,1,0
"DCBLD1",2,1,0,2,2,0,12,5,5,3
"GOPC",1,2,3,0,4,2,3,1,0,2
"NUS1",3,1,1,2,6,3,7,4,2,6
"SLC35F1",5,3,10,1,7,4,7,6,4,11
"CEP85L",5,3,6,5,15,10,9,7,6,12
"PLN",0,0,0,0,3,1,1,1,0,2
"MCM9",3,2,1,1,6,4,9,6,2,9
"ASF1A",0,0,0,1,1,1,1,1,0,0
"AL365275.1",2,1,0,0,1,0,1,1,1,1
"FAM184A",0,3,3,0,0,1,0,4,1,10
"MAN1A1",7,2,9,3,12,4,15,7,2,8
"TBC1D32",7,2,7,4,5,6,5,9,6,11
"GJA1",2,4,3,7,9,8,8,10,10,15
"HSF2",1,0,3,2,0,1,2,3,0,2
"SERINC1",14,8,6,4,13,11,18,10,8,17
"PKIB",1,0,2,0,1,0,2,1,0,2
"FABP7",0,0,2,0,1,0,1,1,1,2
"SMPDL3A",1,0,1,1,2,0,0,0,1,0
"CLVS2",2,0,0,0,2,0,0,0,2,1
"TRDN",0,0,1,0,0,1,0,0,0,1
"TRDN-AS1",0,0,1,0,0,0,0,0,0,0
"NKAIN2",28,21,23,23,40,21,38,12,14,66
"RNF217-AS1",0,1,0,0,0,1,1,0,1,0
"RNF217",6,3,3,8,12,4,17,12,4,13
"TPD52L1",4,7,3,3,13,3,15,6,3,8
"HDDC2",1,2,1,1,0,4,4,3,1,2
"AL450332.1",0,0,0,0,0,0,1,3,2,0
"AL365259.1",0,0,0,0,0,0,0,0,1,0
"LINC02523",0,0,0,0,0,0,0,0,0,0
"HEY2",4,0,4,1,5,7,5,11,3,7
"NCOA7",14,8,18,12,16,14,24,23,14,26
"NCOA7-AS1",0,0,2,1,1,1,1,0,0,3
"HINT3",2,0,3,1,2,2,4,1,2,3
"TRMT11",1,4,2,0,3,3,6,5,5,6
"AC020559.1",1,0,0,0,1,0,2,1,1,1
"CENPW",0,0,0,0,2,0,0,0,0,0
"RSPO3",0,0,0,0,0,0,1,0,0,0
"RNF146",4,1,0,1,2,2,5,4,0,13
"ECHDC1",3,5,5,2,4,1,8,3,1,6
"AL096711.2",0,0,0,0,1,2,0,0,0,0
"C6orf58",0,0,0,0,0,0,0,0,0,0
"LINC02536",0,0,0,0,0,0,0,0,0,0
"THEMIS",0,0,0,0,0,0,0,0,1,0
"PTPRK",45,34,34,55,62,56,85,68,39,53
"AL590006.1",0,0,2,0,0,0,0,0,0,0
"AL034349.1",0,0,0,0,0,0,0,0,0,0
"LAMA2",119,44,156,55,195,88,134,138,193,133
"AL356124.2",0,0,0,0,0,0,0,0,0,0
"AL356124.1",0,0,0,0,1,0,1,0,0,1
"ARHGAP18",1,0,5,0,9,3,12,3,0,3
"TMEM244",0,1,0,1,0,0,0,1,0,1
"L3MBTL3",0,0,1,0,2,1,2,1,0,1
"AL355581.1",1,0,0,0,0,0,0,0,0,0
"SAMD3",1,0,0,0,2,1,1,0,0,3
"TMEM200A",0,0,0,0,0,0,0,0,0,0
"EPB41L2",13,4,8,14,15,3,9,13,10,48
"AKAP7",6,2,6,1,3,0,2,2,6,7
"ARG1",0,0,0,0,0,0,0,0,0,0
"MED23",4,4,3,2,3,3,9,4,3,7
"ENPP3",0,0,1,0,1,1,1,0,2,1
"ENPP1",0,1,0,0,1,0,1,2,1,3
"AL117378.1",0,0,0,0,0,0,0,0,0,0
"CTGF",5,21,10,1,4,4,79,6,21,36
"AL133346.1",4,1,1,0,6,1,4,2,1,1
"AL021408.1",0,0,0,0,0,0,0,0,0,0
"LINC01013",0,0,0,0,0,0,0,0,1,0
"MOXD1",0,0,0,0,2,1,0,0,3,0
"STX7",5,2,3,1,11,6,17,8,8,16
"TAAR2",0,0,0,0,0,0,0,0,0,0
"VNN1",0,0,0,0,1,0,0,0,0,0
"VNN3",0,0,0,0,0,0,0,0,0,0
"VNN2",0,0,0,0,0,0,0,0,0,0
"AL032821.1",0,0,0,0,0,0,0,0,0,0
"SLC18B1",1,0,2,1,1,0,2,0,0,0
"RPS12",8,4,2,4,11,9,13,15,12,9
"LINC00326",0,0,1,0,0,0,0,0,0,1
"EYA4",1,0,0,0,1,0,1,1,1,0
"TARID",0,0,0,0,0,0,0,0,1,0
"AL450270.1",0,0,0,1,0,0,0,0,0,0
"LINC01312",0,0,0,0,0,0,0,0,0,0
"TBPL1",3,4,8,0,4,2,11,4,5,7
"SLC2A12",2,1,3,0,4,0,1,5,2,1
"SGK1",7,17,12,13,15,9,31,5,7,42
"AL078590.2",0,1,0,0,0,0,1,1,0,0
"LINC01010",0,0,0,1,1,1,1,0,0,0
"AL078590.3",0,0,3,2,1,0,1,1,0,3
"AL596188.1",0,0,0,0,0,0,0,0,0,0
"ALDH8A1",0,0,0,1,0,0,0,0,0,0
"AL445190.1",0,0,0,0,0,0,0,0,0,0
"HBS1L",6,8,7,7,4,1,9,4,1,10
"AL353596.1",0,0,0,0,0,1,0,0,0,0
"MYB",0,0,0,0,0,0,0,0,0,0
"AHI1",16,8,27,16,32,15,26,21,13,39
"AL049552.1",0,0,0,0,0,1,0,0,0,0
"LINC00271",1,0,0,1,0,0,2,0,1,3
"PDE7B",20,8,36,35,49,34,79,76,30,59
"AL138828.1",31,5,33,12,44,18,43,44,8,39
"MTFR2",0,0,0,0,0,0,0,0,0,0
"BCLAF1",6,5,9,5,9,5,16,12,5,16
"AL023284.4",2,0,1,1,1,1,4,1,0,1
"MAP7",26,20,22,19,35,6,35,12,11,45
"AL024508.2",0,0,0,0,0,1,1,1,0,0
"MAP3K5",4,7,10,4,13,8,18,4,10,18
"AL024508.1",2,0,0,0,0,0,0,1,0,2
"PEX7",2,3,1,0,2,0,0,1,0,2
"AL135902.1",0,0,0,0,0,0,0,0,0,0
"IL20RA",0,0,1,0,0,0,4,0,0,0
"IL22RA2",0,0,0,0,0,0,0,0,0,0
"IFNGR1",4,4,1,4,8,9,24,4,10,14
"AL356234.2",0,0,1,0,0,0,0,0,0,0
"LINC02539",0,0,0,0,0,0,0,0,0,0
"AL357060.1",0,0,0,0,0,0,0,0,0,1
"TNFAIP3",0,0,0,0,4,1,1,0,0,1
"LINC02528",0,0,0,0,0,0,0,0,0,0
"PERP",2,2,0,3,2,3,4,7,3,7
"ARFGEF3",6,6,11,9,15,7,17,5,2,15
"PBOV1",0,0,0,0,0,0,0,0,0,0
"SMIM28",0,0,1,0,0,0,0,0,0,0
"HEBP2",1,0,1,0,3,3,2,5,1,3
"NHSL1",4,6,6,5,17,3,12,17,5,11
"AL590617.2",2,0,1,0,1,0,1,1,1,0
"GVQW2",1,0,0,0,0,1,0,0,0,0
"CCDC28A",3,1,1,0,4,0,2,4,1,2
"ECT2L",1,0,0,0,0,2,0,1,0,3
"REPS1",4,2,6,2,3,1,8,6,2,6
"ABRACL",0,1,2,0,1,0,1,1,1,1
"HECA",1,2,0,2,2,1,4,1,4,2
"AL031772.1",3,0,1,0,0,1,1,2,1,1
"TXLNB",1,1,0,0,2,1,1,0,1,1
"AL158850.1",0,0,0,0,0,0,0,0,0,0
"CITED2",3,0,1,0,1,2,0,5,4,4
"LINC01625",0,0,0,0,0,0,0,0,0,0
"FILNC1",0,0,0,0,1,0,1,0,0,0
"AL050338.1",0,0,0,0,0,0,0,0,0,0
"AL138737.1",0,0,0,0,0,0,0,0,0,0
"AL035446.1",0,0,0,0,0,0,0,0,0,0
"AL355596.1",0,0,0,0,0,0,0,0,0,0
"NMBR",0,0,0,0,0,0,0,0,0,0
"VTA1",3,2,7,2,5,3,7,4,1,2
"ADGRG6",1,1,0,1,2,0,10,4,2,5
"AL359313.1",0,0,0,0,0,0,0,0,0,0
"AL023584.1",0,0,0,0,0,0,0,0,0,0
"HIVEP2",12,5,10,9,11,8,18,15,11,21
"AL023584.2",0,0,0,0,0,0,0,0,1,1
"AL355304.1",0,0,1,0,0,0,0,0,0,0
"LINC01277",0,0,1,1,0,0,0,0,0,0
"AL023581.2",1,0,0,0,0,0,0,0,0,0
"AIG1",18,10,9,3,12,8,10,5,8,12
"AL023581.1",0,1,2,0,0,1,0,0,1,2
"ADAT2",0,0,0,0,1,0,0,1,0,0
"PEX3",3,2,2,0,6,5,5,2,4,2
"FUCA2",3,0,6,0,3,0,3,1,2,1
"PHACTR2",13,2,15,5,9,6,11,3,12,22
"PHACTR2-AS1",0,0,1,0,0,0,0,0,0,0
"AL049844.1",0,0,0,0,0,0,0,0,0,0
"LTV1",0,0,0,0,0,0,0,0,1,0
"AL049844.3",0,0,0,0,0,0,0,0,0,0
"PLAGL1",12,0,11,1,3,5,2,2,4,5
"SF3B5",2,7,0,1,2,1,6,7,4,0
"STX11",1,0,0,1,0,0,0,0,0,0
"UTRN",29,18,27,23,47,25,65,48,22,60
"AL024474.2",0,0,1,3,0,2,1,1,0,1
"EPM2A",3,2,2,1,2,0,3,0,1,4
"AL023806.1",0,0,0,0,0,0,0,0,0,0
"AL023806.2",0,0,0,0,0,0,0,0,0,0
"FBXO30",0,0,1,1,0,2,2,2,2,2
"AL356599.1",2,0,2,0,7,4,4,1,4,3
"SHPRH",8,12,11,8,14,10,28,17,8,19
"GRM1",2,1,2,0,3,0,2,0,0,1
"RAB32",1,2,1,2,2,3,3,2,3,1
"ADGB",0,0,0,0,0,0,0,0,0,1
"STXBP5-AS1",1,1,7,2,8,2,2,10,6,2
"LUADT1",0,0,0,0,0,0,0,0,0,0
"STXBP5",11,5,8,4,10,7,20,11,15,19
"SAMD5",3,0,3,1,3,1,2,3,3,1
"AL033504.1",0,0,3,1,0,1,4,0,0,4
"AL359382.1",0,0,0,0,0,0,0,0,0,0
"AL513164.1",1,0,0,0,0,0,0,0,0,1
"SASH1",45,23,28,16,33,21,43,24,20,28
"UST",6,3,15,5,24,6,5,4,7,11
"UST-AS1",0,0,0,0,1,0,0,0,0,0
"AL357992.1",0,0,0,0,0,0,0,0,0,0
"AL031056.1",0,0,0,0,0,0,0,0,0,0
"TAB2",9,5,10,3,19,5,18,9,9,17
"TAB2-AS1",0,0,1,0,0,0,0,0,0,0
"ZC3H12D",0,0,0,0,0,0,0,0,0,0
"PPIL4",7,2,1,1,5,4,4,5,2,4
"AL078581.2",0,0,0,0,0,0,0,0,0,0
"GINM1",5,2,3,1,7,3,4,1,3,8
"AL078581.3",2,0,1,0,0,1,1,0,0,1
"AL078581.1",0,0,0,0,0,0,0,0,0,0
"KATNA1",0,0,1,3,2,3,1,2,3,1
"LATS1",5,1,6,1,4,5,8,7,7,7
"AL358852.1",0,0,0,0,0,0,0,0,0,0
"NUP43",1,0,2,1,2,0,2,1,0,1
"PCMT1",5,4,8,7,4,8,8,8,4,8
"AL355312.2",1,2,0,0,2,3,1,2,1,2
"LRP11",1,2,1,0,0,2,0,0,0,1
"AL355312.3",0,0,1,0,1,0,0,0,0,0
"RAET1E",0,0,0,0,0,0,0,0,0,1
"RAET1G",0,0,0,0,0,0,0,0,0,0
"ULBP2",0,0,0,0,0,0,0,0,0,0
"ULBP1",0,0,0,0,0,0,0,0,0,0
"PPP1R14C",4,0,0,0,0,0,3,0,1,2
"IYD",0,0,0,0,0,0,0,0,0,0
"PLEKHG1",25,42,23,26,38,10,49,19,4,58
"MTHFD1L",5,5,5,1,7,1,8,3,2,10
"AL133260.2",0,0,0,0,0,0,0,0,0,0
"AL138733.1",2,0,0,0,3,4,1,4,1,0
"AKAP12",30,19,18,25,13,7,26,15,8,52
"ZBTB2",1,0,2,0,1,0,0,1,2,4
"RMND1",3,0,2,1,3,0,5,0,2,9
"ARMT1",2,1,1,0,1,1,0,4,2,5
"CCDC170",1,0,1,0,0,1,0,2,0,1
"ESR1",1,0,1,0,2,1,0,1,0,1
"SYNE1",37,41,35,11,53,27,84,30,36,40
"MYCT1",2,0,0,4,3,6,10,4,7,5
"VIP",0,0,0,0,0,1,1,0,0,1
"AL160162.1",0,0,0,0,0,0,0,0,0,0
"FBXO5",0,0,0,0,0,1,0,1,0,0
"AL080276.2",1,1,1,1,0,0,0,0,0,1
"MTRF1L",1,2,1,0,4,3,6,2,3,3
"RGS17",1,1,4,1,0,0,1,0,0,2
"AL590867.1",0,0,1,0,0,0,0,0,0,0
"OPRM1",1,0,0,0,0,0,0,1,0,0
"IPCEF1",4,2,3,0,7,2,2,1,0,5
"CNKSR3",7,3,5,9,30,5,17,9,1,17
"SCAF8",5,2,9,3,14,7,7,5,6,12
"TIAM2",4,1,10,1,11,6,13,3,5,7
"AL596202.1",0,0,0,0,0,0,1,0,0,0
"TFB1M",3,2,3,0,7,2,8,4,2,3
"CLDN20",0,0,0,1,0,0,0,0,0,1
"NOX3",0,0,0,1,0,0,0,1,0,0
"AL512658.1",0,0,0,0,0,0,1,0,0,0
"AL355297.3",0,0,0,0,0,0,0,0,0,0
"AL355297.4",0,0,0,0,0,0,0,0,0,0
"ARID1B",30,26,23,31,47,27,53,32,21,89
"AL049820.1",0,0,0,0,1,0,0,0,0,0
"TMEM242",1,0,1,1,1,5,6,3,0,4
"AL390955.2",0,0,0,0,0,0,0,0,0,0
"ZDHHC14",9,3,4,4,13,5,11,7,10,11
"SNX9",6,12,6,5,8,11,19,9,5,25
"AL391863.1",0,0,0,0,0,0,0,0,0,0
"AL035634.1",0,0,1,0,1,1,1,1,0,2
"SYNJ2",8,13,5,9,12,3,27,6,6,27
"SERAC1",2,1,2,0,2,1,0,0,1,3
"GTF2H5",1,1,2,1,5,3,1,3,3,1
"TULP4",12,6,10,18,11,7,13,4,5,18
"TMEM181",2,8,2,3,6,1,10,5,5,7
"DYNLT1",4,3,4,0,5,9,11,6,1,8
"SYTL3",0,1,0,0,1,0,0,0,0,0
"EZR",2,0,2,0,3,3,2,7,4,10
"AL627422.2",0,0,0,0,0,0,0,0,0,0
"C6orf99",0,0,0,0,0,1,0,0,0,1
"RSPH3",3,1,1,1,3,0,5,0,1,3
"AL035530.2",3,1,1,2,1,1,5,2,0,2
"TAGAP",0,0,0,0,0,0,0,0,0,0
"AL356417.3",0,0,0,0,0,0,0,0,0,0
"AL356417.1",0,0,0,0,0,0,0,0,0,0
"FNDC1",0,0,0,0,0,0,0,0,0,0
"AL078604.2",0,0,0,0,0,0,0,0,0,0
"SOD2",0,0,0,0,0,0,0,0,0,0
"SOD2-1",2,2,5,0,1,2,5,2,4,8
"WTAP",7,4,5,11,11,3,22,6,11,8
"ACAT2",1,0,1,0,0,0,0,1,0,1
"TCP1",2,1,1,0,2,6,3,5,2,6
"MRPL18",6,0,3,1,5,0,3,3,0,3
"PNLDC1",0,0,0,0,0,0,0,0,0,0
"AL035691.1",0,0,0,0,0,0,1,0,0,0
"MAS1",0,0,0,0,0,0,0,0,0,0
"IGF2R",3,2,5,6,5,4,8,8,5,13
"AIRN",0,0,0,0,0,0,0,0,0,0
"SLC22A1",0,0,0,0,0,1,0,0,0,2
"SLC22A2",0,0,1,0,0,1,1,1,2,1
"SLC22A3",1,0,0,1,3,5,1,3,0,5
"LPA",0,0,0,0,0,0,0,0,0,0
"AL109933.1",0,0,0,0,0,0,0,0,0,0
"PLG",0,0,0,0,0,0,0,0,0,0
"AL391361.2",0,0,0,0,0,0,0,0,0,0
"AL139393.1",0,0,0,0,1,1,0,0,0,15
"AL139393.2",0,0,0,0,0,0,0,0,0,0
"MAP3K4",1,2,5,2,5,0,5,5,3,5
"AGPAT4",7,4,6,4,4,1,13,3,2,16
"PRKN",27,11,16,13,25,10,20,19,12,39
"PACRG",3,0,1,2,2,1,5,6,2,3
"PACRG-AS2",0,0,0,0,0,0,0,0,0,0
"PACRG-AS3",0,0,0,1,2,0,1,0,0,3
"PACRG-AS1",0,0,0,0,0,0,0,0,0,0
"CAHM",0,0,1,0,1,1,2,1,0,2
"QKI",66,52,63,82,95,38,166,51,47,131
"AL445307.1",0,0,0,0,0,0,0,0,0,0
"AL137005.1",0,0,0,0,0,0,0,0,0,0
"Z97205.2",0,0,0,0,0,0,0,0,0,0
"AL450345.1",0,0,0,0,0,0,0,0,0,0
"C6orf118",0,1,0,0,0,0,0,0,0,0
"PDE10A",6,14,16,14,17,8,38,11,5,21
"AL590302.2",0,0,0,0,0,0,0,0,0,0
"LINC00473",0,0,0,0,0,0,0,0,0,0
"LINC00602",0,0,0,0,0,0,0,0,0,0
"AL627443.1",0,0,0,0,0,0,0,0,0,0
"AL121956.1",0,0,0,0,0,0,0,0,0,0
"AL121956.4",0,0,0,0,0,0,0,0,0,0
"PRR18",0,3,0,1,1,0,3,2,2,0
"SFT2D1",2,2,3,1,2,6,3,5,4,6
"MPC1",5,0,5,1,2,5,4,2,1,8
"AL022069.1",0,1,0,0,0,0,1,0,0,0
"RPS6KA2",10,16,19,8,20,12,41,12,8,30
"AL159163.1",0,0,0,0,0,0,0,0,0,1
"RNASET2",0,0,0,0,0,0,0,0,0,0
"Z94721.1",0,1,0,1,1,0,2,2,0,0
"FGFR1OP",2,1,1,1,0,5,4,3,2,3
"CCR6",0,0,0,0,0,1,0,0,0,0
"AL121935.1",0,0,0,0,0,0,0,0,0,0
"TCP10L2",0,0,0,0,0,0,0,0,0,0
"AL353747.4",0,0,0,0,0,0,0,0,0,0
"UNC93A",0,0,0,0,0,0,0,0,0,0
"TTLL2",0,0,0,0,0,0,0,0,0,0
"TCP10",0,0,0,0,0,0,0,0,0,0
"LINC02538",0,0,0,0,0,0,0,0,0,0
"LINC02487",0,0,0,0,0,0,0,0,0,0
"LINC01558",0,0,0,0,0,0,0,0,0,0
"AL009178.3",0,0,0,0,0,0,0,0,0,0
"AFDN-DT",0,1,0,0,1,0,0,0,0,2
"AFDN",10,6,11,16,15,10,33,13,16,29
"KIF25-AS1",0,0,0,0,0,0,0,0,0,0
"KIF25",0,0,0,1,0,0,1,0,0,0
"DACT2",1,0,0,0,0,0,3,1,1,0
"SMOC2",2,0,1,0,5,8,0,6,1,5
"LINC01615",0,0,0,0,0,0,0,0,0,0
"BX322234.1",0,1,2,1,1,0,3,1,0,1
"THBS2",4,2,11,1,2,4,1,2,3,3
"LINC02519",0,0,0,0,0,0,0,0,0,0
"AL009176.1",0,0,0,0,0,0,1,0,0,0
"WDR27",6,1,4,1,4,2,4,3,5,5
"C6orf120",2,0,0,0,0,3,1,0,0,0
"PHF10",4,2,4,4,5,6,14,1,9,2
"AL354892.2",0,0,0,0,0,0,0,0,0,0
"AL354892.1",0,0,0,0,0,0,0,0,1,0
"TCTE3",1,1,0,0,0,0,3,1,1,0
"ERMARD",1,0,1,0,0,2,1,2,2,1
"LINC00242",0,0,0,0,0,0,0,0,0,0
"LINC00574",1,0,0,0,0,0,0,1,0,1
"AL596442.2",0,0,1,1,2,1,6,1,1,0
"AL109910.1",0,0,0,0,0,0,0,0,0,0
"AL109910.2",0,0,0,0,0,0,0,0,0,0
"LINC01624",0,0,0,0,0,0,0,0,0,0
"DLL1",2,1,1,2,4,4,7,2,1,2
"FAM120B",11,4,6,5,8,4,13,12,8,10
"PSMB1",4,7,4,3,6,10,10,11,9,10
"TBP",0,2,1,1,0,2,2,1,0,3
"PDCD2",0,1,0,2,1,2,3,3,2,1
"AL731661.1",0,0,0,0,0,0,0,0,0,0
"AL731684.1",0,0,0,0,0,0,0,0,0,0
"AC215522.3",0,0,0,0,0,0,0,0,0,0
"AC093627.1",0,0,0,0,0,0,0,0,0,0
"AC093627.5",0,0,0,0,0,0,0,0,0,1
"AC093627.4",0,0,0,0,0,0,0,0,0,0
"AC093627.3",0,0,0,0,0,0,0,0,0,0
"FAM20C",1,0,3,0,2,5,5,2,6,1
"AC147651.3",0,0,0,0,0,0,0,0,0,0
"PDGFA",1,1,3,0,0,1,2,4,2,5
"AC147651.1",0,0,0,0,0,0,0,1,0,1
"PRKAR1B",3,3,7,0,10,1,3,5,3,4
"AC147651.2",0,0,0,0,0,0,0,0,0,0
"AC147651.4",0,0,0,0,0,0,0,1,0,0
"DNAAF5",1,0,1,0,1,0,1,1,0,2
"SUN1",6,1,9,5,4,1,12,3,4,5
"GET4",0,0,0,0,0,0,0,0,0,0
"AC073957.3",1,0,0,0,0,0,0,0,0,1
"ADAP1",1,3,0,0,0,1,1,1,0,0
"COX19",1,1,0,0,9,5,5,0,3,5
"C7orf50",5,2,3,5,4,6,9,13,1,10
"AC073957.1",1,0,0,0,1,0,0,0,0,1
"GPR146",1,1,2,1,2,4,16,2,3,1
"AC091729.1",0,0,0,0,0,1,0,0,0,0
"AC091729.2",0,0,0,0,0,0,0,0,0,0
"GPER1",1,1,2,2,10,6,8,7,7,2
"ZFAND2A",1,0,0,0,2,4,1,3,3,1
"AC091729.3",0,0,0,0,0,1,1,1,0,0
"MICALL2",2,1,2,0,3,2,3,6,4,2
"AC102953.1",0,0,0,0,0,0,0,0,0,0
"AC102953.2",0,0,0,0,0,0,0,1,1,0
"INTS1",0,2,1,3,2,1,4,2,3,1
"MAFK",2,3,0,2,0,1,4,1,0,3
"TMEM184A",0,0,0,0,0,0,0,0,0,0
"PSMG3",4,1,2,2,1,0,2,0,0,1
"PSMG3-AS1",2,1,0,0,0,0,0,0,0,1
"ELFN1",0,0,0,0,0,0,0,0,0,1
"MAD1L1",3,0,3,2,3,2,3,4,1,6
"AC104129.1",0,0,0,0,0,0,0,1,0,0
"MRM2",0,0,0,0,0,1,0,1,0,0
"NUDT1",1,1,0,0,2,1,0,0,1,1
"SNX8",0,0,0,0,2,2,1,1,2,4
"EIF3B",0,3,3,4,1,1,6,1,1,5
"CHST12",5,3,5,0,6,0,4,3,3,5
"LFNG",0,0,0,1,0,0,0,0,1,0
"BRAT1",4,3,2,1,1,1,0,1,1,8
"IQCE",1,0,0,2,1,1,1,1,0,0
"TTYH3",1,3,1,0,0,0,5,0,1,0
"AMZ1",2,3,3,4,2,0,0,0,0,4
"GNA12",3,3,6,1,5,0,3,6,1,9
"CARD11",0,0,1,0,0,0,3,0,0,1
"AC073316.1",0,0,0,0,0,0,0,0,0,0
"AC073316.3",0,0,0,0,0,0,0,0,0,0
"SDK1",16,3,9,5,10,10,24,14,3,22
"FOXK1",2,3,4,2,3,6,12,8,0,11
"AP5Z1",3,1,2,0,2,2,0,3,3,1
"RADIL",3,2,3,0,0,0,3,3,1,6
"MMD2",0,0,0,3,1,0,0,0,2,2
"RBAK-RBAKDN",0,1,3,2,10,2,3,3,0,9
"WIPI2",4,1,2,1,5,4,7,1,2,2
"SLC29A4",0,0,0,0,0,0,0,0,0,0
"TNRC18",1,0,7,4,5,2,6,4,5,8
"AC092171.1",0,0,0,0,0,0,0,0,0,0
"AC092171.4",0,0,1,0,0,0,0,0,0,0
"AC092171.3",0,0,0,0,2,0,1,0,0,0
"AC092171.5",0,0,0,0,0,0,0,0,0,0
"FBXL18",1,0,2,2,2,1,0,0,0,2
"AC092171.2",0,0,0,0,0,0,0,0,0,0
"ACTB",37,64,37,41,65,91,200,88,60,82
"FSCN1",3,4,4,5,5,3,13,1,5,11
"RNF216",6,5,3,1,6,2,2,7,1,14
"OCM",0,2,0,0,0,0,0,0,0,0
"CCZ1",1,0,0,0,0,2,8,3,3,1
"RSPH10B",1,0,0,0,0,0,0,0,0,0
"PMS2",1,0,2,0,0,1,1,0,0,1
"AIMP2",1,1,2,1,4,0,0,2,2,1
"EIF2AK1",1,3,3,0,3,0,2,2,1,2
"ANKRD61",1,0,0,0,0,0,0,0,0,0
"AC004895.1",0,0,0,0,0,0,0,0,1,0
"USP42",1,0,3,2,4,1,8,1,4,6
"CYTH3",13,7,8,10,19,9,9,13,3,7
"FAM220A",0,0,0,1,3,0,0,0,0,0
"RAC1",11,10,15,9,12,14,17,25,10,15
"DAGLB",0,1,1,1,3,1,2,1,1,5
"GRID2IP",1,0,0,0,0,0,1,0,1,1
"ZDHHC4",0,1,1,1,0,0,1,1,0,0
"AC079742.1",0,0,0,0,1,0,0,0,0,0
"C7orf26",0,1,0,2,0,2,1,0,0,2
"ZNF853",0,0,1,0,0,0,0,0,0,0
"ZNF316",0,0,0,0,0,0,1,0,0,0
"AC073343.2",0,0,2,2,1,1,1,5,1,1
"ZNF12",2,0,3,0,3,1,1,1,2,3
"RSPH10B2",0,0,0,0,0,0,0,0,0,0
"CCZ1B",2,3,1,0,1,1,0,2,0,1
"C1GALT1",3,6,2,8,6,4,14,8,7,3
"COL28A1",1,1,0,0,1,0,1,0,0,0
"AC004982.1",0,0,0,0,0,0,0,1,0,0
"AC004982.2",0,0,0,0,1,0,0,0,0,3
"MIOS",0,1,1,0,0,2,2,0,2,2
"AC004948.1",0,0,0,0,0,0,0,0,0,0
"RPA3",0,0,1,3,1,0,0,3,2,0
"UMAD1",8,5,13,3,11,7,11,10,10,23
"AC006042.4",0,0,0,0,0,0,0,0,0,0
"AC006042.2",0,0,0,0,0,0,0,0,2,2
"GLCCI1",4,4,2,2,8,3,4,3,5,11
"ICA1",7,3,6,2,1,1,13,4,3,1
"AC006042.1",0,0,0,0,0,0,0,0,0,0
"AC007128.1",0,0,0,1,0,0,0,0,0,0
"NXPH1",0,2,2,2,1,1,2,0,2,2
"AC004852.2",0,1,0,0,1,0,2,3,2,0
"AC060834.2",0,1,0,0,0,0,0,0,0,0
"AC004936.1",0,0,0,0,0,0,0,0,0,0
"AC004949.1",0,0,0,0,0,2,0,0,0,0
"NDUFA4",25,6,10,6,8,2,9,5,7,13
"AC007029.1",0,0,0,0,0,0,0,0,0,0
"PHF14",6,6,19,8,14,7,19,18,13,25
"THSD7A",11,21,14,6,16,12,31,44,16,6
"AC004160.2",0,0,0,0,0,0,0,0,1,0
"TMEM106B",4,4,2,0,3,4,5,1,2,4
"VWDE",0,0,0,0,0,0,0,0,0,0
"AC013470.2",0,0,1,0,1,2,0,0,0,0
"SCIN",0,0,0,0,2,0,0,1,0,0
"ARL4A",9,1,4,5,6,6,16,9,5,4
"AC011287.1",9,4,4,2,4,1,0,3,1,1
"AC011287.2",0,0,0,0,0,0,0,0,0,0
"ETV1",4,0,3,2,3,0,5,3,4,2
"DGKB",10,7,8,7,26,7,7,16,6,5
"AC006150.1",0,0,0,0,0,0,0,0,0,0
"AGMO",0,0,1,1,0,2,1,1,1,7
"MEOX2",0,0,0,0,0,0,0,0,0,1
"AC005550.2",0,0,0,0,0,0,0,0,0,0
"LINC02587",0,0,0,0,0,0,0,0,0,0
"AC006041.1",0,0,0,0,0,0,0,0,0,0
"ISPD",4,1,3,0,4,2,4,7,9,0
"ISPD-AS1",0,0,0,0,0,0,0,0,0,0
"SOSTDC1",0,1,1,0,0,0,0,1,0,0
"LRRC72",0,0,0,0,0,0,0,0,0,0
"AC005014.2",0,0,0,0,0,0,0,0,0,0
"ANKMY2",0,0,1,1,0,1,4,1,6,2
"BZW2",1,2,1,1,2,1,2,1,1,1
"AC073333.1",0,0,0,0,0,1,1,0,0,0
"TSPAN13",2,0,2,1,1,0,2,0,1,0
"AGR2",0,0,0,0,0,0,0,0,0,0
"AGR3",0,0,0,0,0,0,0,0,0,0
"AHR",0,0,0,0,0,0,1,1,0,1
"AC073332.1",1,3,4,0,1,2,0,3,3,1
"AC019117.3",0,0,0,0,0,0,0,0,0,0
"AC019117.1",0,0,0,0,0,0,0,0,0,0
"SNX13",3,3,5,3,9,6,20,13,7,12
"HDAC9",13,1,3,2,9,2,15,3,3,10
"AC010082.1",0,0,0,0,0,0,0,0,0,0
"TWIST1",0,0,0,0,0,1,2,0,1,5
"AC003986.3",0,0,0,0,0,0,0,0,0,0
"AC003986.1",0,0,0,0,0,0,0,0,0,0
"AC007091.1",0,0,0,0,3,0,0,1,4,3
"TWISTNB",0,1,0,1,0,0,0,0,1,1
"TMEM196",1,0,0,0,3,0,0,1,0,18
"AC004543.1",0,0,0,0,0,0,0,0,0,0
"AC007001.1",0,0,0,0,0,0,0,0,0,0
"MACC1",0,0,0,0,0,0,0,0,0,0
"MACC1-AS1",0,0,0,0,0,0,0,0,0,0
"AC099342.1",0,0,0,0,1,0,0,0,0,0
"AC004130.1",0,0,0,0,0,0,0,0,0,0
"ITGB8",1,3,6,6,5,2,9,2,6,3
"ABCB5",0,0,0,0,0,0,1,0,0,0
"SP8",0,0,0,0,0,0,0,0,0,0
"LINC01162",0,0,0,0,0,0,0,0,0,0
"SP4",1,1,2,2,5,4,6,3,4,4
"DNAH11",2,2,5,6,6,6,14,9,12,6
"CDCA7L",0,0,2,1,0,0,2,0,1,1
"RAPGEF5",23,21,49,23,40,11,48,15,8,29
"STEAP1B",4,1,4,6,8,10,9,9,7,5
"AC002480.2",0,0,0,0,0,0,0,0,0,0
"AC002480.3",0,0,0,0,0,0,1,0,0,0
"AC002480.4",0,0,0,0,0,0,0,0,0,0
"IL6",0,0,0,0,1,1,0,2,0,0
"TOMM7",13,7,10,2,11,9,21,15,7,12
"FAM126A",1,6,2,3,7,2,11,4,8,7
"KLHL7-DT",1,0,0,0,0,0,0,0,0,0
"KLHL7",3,2,5,1,2,1,4,4,4,6
"NUPL2",4,0,1,3,7,0,5,2,3,11
"AC005082.1",0,0,0,0,0,0,0,0,0,1
"GPNMB",1,0,0,0,4,0,1,0,0,1
"MALSU1",3,3,1,2,2,5,6,3,1,6
"IGF2BP3",0,0,1,0,1,0,0,0,1,1
"TRA2A",9,5,13,6,13,14,27,9,10,29
"CCDC126",0,1,3,0,2,1,4,0,0,6
"FAM221A",3,1,3,0,1,0,5,0,0,4
"STK31",0,0,0,1,1,1,3,0,0,0
"AC004485.1",1,0,0,0,0,0,0,0,0,1
"NPY",3,0,1,0,1,0,0,0,0,0
"MPP6",1,1,4,0,6,2,5,0,18,17
"GSDME",0,0,2,0,0,0,2,0,0,1
"OSBPL3",1,2,3,0,3,1,1,2,2,3
"CYCS",8,4,3,1,3,7,7,7,7,9
"C7orf31",0,0,0,0,0,0,0,2,1,0
"AC005165.1",0,0,1,0,0,1,1,0,0,0
"AC010719.1",0,0,0,0,0,0,0,0,0,0
"NFE2L3",1,0,1,0,0,0,1,0,1,2
"AC004520.1",0,0,0,0,0,0,1,0,0,0
"HNRNPA2B1",18,20,11,11,27,17,39,27,19,32
"CBX3",4,3,3,1,8,1,1,2,3,1
"SNX10",1,0,1,2,2,0,1,0,1,0
"AC004540.2",0,0,0,0,0,0,0,0,0,0
"AC004540.1",0,0,0,0,0,0,0,0,0,0
"C7orf71",0,0,0,0,0,0,0,0,0,0
"SKAP2",2,3,2,2,6,5,11,5,2,8
"HOTAIRM1",0,0,0,0,1,0,0,0,0,0
"AC004009.1",0,0,0,0,1,0,0,0,0,0
"HIBADH",5,5,3,3,4,9,9,6,10,8
"AC005091.1",0,0,0,0,0,0,0,0,0,1
"TAX1BP1",7,12,13,4,14,16,19,15,12,17
"JAZF1",12,7,11,5,8,7,14,4,6,16
"JAZF1-AS1",0,0,1,1,1,0,0,0,0,1
"CREB5",16,11,4,12,18,3,22,7,10,40
"TRIL",3,0,0,0,1,0,1,1,0,1
"AC005013.1",0,0,0,0,0,0,0,0,0,0
"AC005162.3",3,0,0,0,1,0,0,1,1,1
"CPVL",1,0,3,0,0,0,2,2,0,2
"AC005162.1",0,0,0,0,0,0,0,0,0,0
"AC004593.3",0,0,0,0,0,0,0,0,1,0
"AC004593.1",0,0,0,0,0,0,0,0,0,0
"AC007255.1",0,0,0,0,0,0,0,0,0,0
"PRR15",0,0,0,0,0,0,0,0,0,0
"WIPF3",1,1,3,1,1,0,5,0,0,0
"SCRN1",2,1,1,2,3,2,2,4,1,6
"AC007285.1",2,3,1,0,0,0,0,1,0,1
"FKBP14",1,1,0,0,1,0,0,1,2,0
"PLEKHA8",0,2,0,1,1,3,4,0,2,0
"AC007285.2",0,0,0,0,0,0,0,0,0,0
"MTURN",2,2,1,3,5,1,4,1,4,5
"AC007036.1",0,1,0,0,0,0,0,0,0,0
"ZNRF2",4,3,2,1,6,2,6,4,0,3
"AC006978.2",1,2,3,1,2,1,8,2,1,3
"NOD1",5,3,4,1,9,1,11,0,1,6
"GGCT",4,0,1,0,1,3,0,1,1,1
"AC005154.6",2,2,3,1,4,1,6,3,2,4
"AC005154.5",0,0,0,0,0,0,0,1,0,2
"AC005154.4",0,0,0,0,0,0,0,0,0,0
"GARS",0,3,3,2,2,2,2,1,3,2
"CRHR2",0,0,0,0,0,0,0,0,0,0
"INMT",0,0,0,0,0,0,0,0,0,0
"INMT-MINDY4",0,0,0,0,0,0,0,0,0,0
"AC004691.1",0,0,0,0,0,0,0,0,0,0
"AC004691.2",0,0,0,0,0,0,0,0,0,0
"AQP1",1,2,1,3,7,1,6,0,1,0
"GHRHR",0,1,0,1,0,0,0,0,0,0
"ADCYAP1R1",1,1,1,0,0,1,1,0,1,0
"NEUROD6",0,0,0,0,0,0,0,0,0,0
"CCDC129",0,0,0,0,0,1,0,2,0,0
"PPP1R17",0,0,1,0,1,0,0,0,0,0
"PDE1C",16,11,20,20,11,13,32,17,17,26
"LSM5",5,1,1,0,1,4,5,5,0,2
"AVL9",8,4,7,2,13,7,16,5,5,9
"AC018645.2",0,0,0,0,0,0,0,0,0,0
"LINC00997",0,0,0,0,0,0,0,1,0,0
"AC018648.1",0,0,0,0,0,0,0,0,0,0
"KBTBD2",0,2,2,1,6,0,9,4,3,6
"FKBP9",2,5,4,2,3,2,11,1,0,3
"NT5C3A",3,3,9,4,8,7,10,6,1,18
"RP9",0,0,1,1,4,0,0,2,3,0
"BBS9",10,4,22,7,30,15,44,16,17,35
"AC008080.1",0,0,0,0,0,0,0,0,0,0
"AC008080.4",0,0,0,0,0,0,0,0,0,1
"AC008080.3",0,0,0,0,0,0,0,1,0,0
"BMPER",3,1,5,1,1,1,4,2,1,19
"AC009262.1",0,0,0,0,0,0,0,0,0,0
"NPSR1",0,0,0,0,0,0,0,0,1,0
"DPY19L1",4,3,5,1,4,5,8,4,1,6
"TBX20",0,0,1,0,0,0,0,0,0,0
"HERPUD2",0,4,1,1,3,2,7,3,2,6
"AC018647.2",0,0,0,0,0,0,0,0,0,0
"AC018647.1",4,0,1,0,2,3,0,0,1,2
"SEPT7-AS1",0,1,0,1,0,1,0,0,0,4
"SEPT7",29,20,28,35,35,30,56,30,24,38
"AC083864.2",0,0,0,0,0,0,1,0,0,0
"EEPD1",8,5,4,1,6,1,8,4,2,5
"AC006960.3",0,0,0,0,0,0,0,0,0,0
"KIAA0895",0,1,0,2,1,0,1,0,0,1
"ANLN",6,2,3,6,8,7,14,1,6,6
"AC006960.2",0,0,0,0,0,0,0,0,0,0
"AOAH",1,2,2,1,3,0,0,0,1,4
"AC007349.4",0,0,0,0,0,0,0,0,0,0
"AC007349.1",0,0,0,0,0,0,0,0,0,0
"ELMO1",26,19,23,29,49,15,40,13,9,47
"ELMO1-AS1",3,5,9,10,9,0,7,2,1,4
"EPDR1",5,0,1,1,3,0,1,2,3,3
"SFRP4",3,0,2,0,0,0,0,0,0,1
"STARD3NL",2,0,2,1,3,2,6,6,3,3
"TRGC2",0,1,2,1,0,0,1,0,1,0
"TRGC1",0,0,0,0,1,2,1,1,1,0
"AC006033.2",0,0,0,0,0,0,0,0,0,0
"TRG-AS1",0,0,0,0,1,0,0,0,0,0
"AMPH",4,3,4,2,2,0,1,3,1,1
"VPS41",4,3,3,4,11,2,16,8,6,10
"POU6F2",5,0,5,3,6,4,8,7,1,4
"POU6F2-AS2",0,0,0,0,0,0,0,0,0,0
"AC011290.1",0,0,0,0,1,0,0,0,0,0
"YAE1D1",2,1,2,0,4,1,0,1,1,4
"RALA",9,3,8,5,4,1,6,2,5,7
"AC004837.2",0,0,0,0,0,0,0,0,0,0
"LINC00265",1,0,0,0,1,0,1,0,1,2
"AC072061.1",0,0,0,0,0,0,0,0,0,0
"CDK13",20,10,14,2,16,13,27,14,12,30
"MPLKIP",2,3,0,1,1,4,3,3,2,4
"SUGCT",2,2,0,1,1,0,2,2,0,3
"AC004988.1",0,0,0,0,0,0,0,0,0,0
"LINC01449",0,0,0,0,0,0,0,0,0,0
"INHBA",0,0,0,0,0,0,2,0,0,0
"INHBA-AS1",0,1,0,1,0,0,1,0,0,0
"GLI3",2,2,3,0,6,2,3,4,4,6
"LINC01448",0,0,0,0,0,0,0,0,0,0
"AC010132.1",0,0,0,0,0,0,0,0,0,0
"AC010132.4",0,0,0,0,0,0,0,0,0,0
"C7orf25",1,0,0,0,0,0,1,0,0,0
"AC010132.3",0,0,0,0,0,0,0,0,0,0
"PSMA2",0,0,0,0,0,0,0,0,0,0
"MRPL32",1,0,2,1,2,0,4,2,1,2
"AC005537.1",0,0,1,0,1,0,0,2,0,1
"HECW1",5,3,11,3,8,0,2,2,8,5
"AC004692.2",0,0,0,0,0,0,0,0,0,0
"LUARIS",0,0,0,0,0,0,0,0,0,0
"STK17A",1,1,4,3,3,1,4,5,1,1
"COA1",5,2,6,2,7,4,12,5,6,13
"BLVRA",1,2,0,0,2,0,2,0,3,3
"URGCP-MRPS24",0,0,0,0,0,0,0,0,0,0
"URGCP",3,1,1,1,4,0,2,3,2,5
"UBE2D4",1,1,0,0,3,0,1,1,0,2
"SPDYE1",4,0,6,4,2,1,2,4,2,3
"AC004951.1",2,0,1,0,0,0,1,0,1,0
"LINC00957",0,0,1,0,0,0,0,0,0,0
"DBNL",1,4,0,3,0,0,4,1,2,6
"PGAM2",0,0,0,0,0,0,0,0,0,0
"POLM",6,4,0,2,0,0,2,1,0,5
"AEBP1",8,1,3,1,8,9,5,5,9,4
"POLD2",3,0,1,0,0,2,2,1,0,4
"MYL7",0,0,0,0,0,0,0,0,0,0
"GCK",0,0,0,0,0,1,0,0,0,0
"YKT6",0,1,3,1,0,2,2,1,2,2
"CAMK2B",6,1,6,2,1,1,7,1,1,0
"NUDCD3",5,3,6,5,9,1,8,2,4,8
"NPC1L1",0,0,0,0,0,0,0,0,0,0
"DDX56",1,3,2,0,1,2,4,3,5,1
"TMED4",2,0,5,0,1,1,7,1,2,7
"OGDH",1,2,5,2,5,2,6,5,0,12
"ZMIZ2",6,0,2,1,4,0,2,2,2,1
"AC013436.1",0,0,0,0,0,0,0,0,0,0
"PPIA",7,11,19,22,12,7,34,20,19,7
"H2AFV",3,3,5,4,6,4,10,5,2,4
"LINC01952",0,0,0,0,0,0,0,0,0,0
"PURB",2,1,5,1,6,3,6,4,4,4
"AC004854.2",0,0,0,0,0,0,0,0,1,0
"MYO1G",0,0,0,0,1,0,0,0,0,0
"SNHG15",3,1,0,0,1,1,2,5,1,1
"CCM2",4,2,7,1,8,5,6,6,4,7
"NACAD",1,1,1,2,1,2,2,0,0,0
"TBRG4",0,0,2,0,1,0,3,1,2,0
"RAMP3",1,16,8,4,7,8,10,10,0,4
"AC073325.1",0,0,0,0,0,0,0,0,0,1
"ADCY1",5,1,5,1,6,2,3,1,5,2
"IGFBP1",0,0,0,0,0,0,0,0,0,0
"IGFBP3",1,2,1,1,2,5,17,3,3,6
"AC073115.1",0,0,0,0,0,0,0,0,0,0
"AC023669.2",0,0,0,0,0,0,0,0,0,0
"AC011294.1",0,0,0,0,0,0,0,0,0,0
"AC004870.4",0,0,1,0,0,0,0,0,0,0
"AC004870.3",0,0,0,0,0,0,1,0,0,0
"TNS3",7,1,3,3,5,0,2,5,1,3
"LINC01447",0,0,0,0,0,0,0,0,0,0
"C7orf65",0,0,0,0,0,0,0,0,0,0
"HUS1",2,1,2,2,2,1,7,0,3,4
"LINC00525",0,0,0,0,0,0,0,0,0,0
"C7orf69",0,0,0,0,0,0,0,0,0,0
"SUN3",0,0,0,0,0,0,0,0,0,0
"C7orf57",0,0,0,0,0,0,1,0,0,0
"UPP1",1,7,2,0,2,1,9,11,0,2
"ABCA13",0,0,0,0,0,0,0,0,0,0
"VWC2",0,1,2,0,1,1,2,0,1,0
"ZPBP",0,0,1,0,0,2,0,1,1,1
"SPATA48",0,0,0,0,0,0,0,0,0,1
"AC020743.1",0,0,0,0,0,0,0,0,0,0
"AC020743.2",0,0,0,0,0,0,0,0,0,0
"IKZF1",0,0,0,0,1,0,0,0,0,1
"AC124014.1",0,0,0,0,0,0,0,0,0,0
"FIGNL1",1,0,0,0,1,0,0,0,0,1
"DDC",0,0,0,0,0,0,0,0,0,0
"GRB10",4,16,8,16,19,7,61,5,6,20
"AC004830.1",0,1,0,0,1,0,0,0,0,0
"COBL",8,8,10,7,12,2,10,5,7,19
"AC005999.1",0,0,0,0,0,0,0,0,0,0
"LINC01446",0,0,0,0,0,0,0,0,0,0
"AC073521.1",0,0,0,0,0,0,0,0,0,0
"LINC01445",0,0,0,0,0,0,1,0,0,2
"VSTM2A",1,2,1,1,0,0,2,0,0,1
"SEC61G",1,1,2,1,2,5,5,5,4,3
"AC074351.1",0,1,0,0,0,0,0,0,0,0
"EGFR",6,10,3,5,11,6,59,5,9,23
"ELDR",0,1,0,0,0,1,0,0,2,0
"LANCL2",3,1,3,2,3,3,2,2,0,6
"VOPP1",6,5,4,6,10,1,16,8,9,7
"AC099681.1",0,0,0,0,0,0,0,0,0,0
"SEPT14",1,0,0,0,0,0,0,0,0,0
"AC092647.5",1,0,1,0,1,0,0,0,1,0
"NIPSNAP2",9,1,2,3,6,1,6,0,3,5
"PSPH",1,0,2,1,3,1,0,1,0,5
"CCT6A",0,3,2,1,4,6,7,7,4,2
"SUMF2",5,2,3,1,4,4,10,3,6,9
"PHKG1",2,3,1,1,0,0,3,0,1,3
"CHCHD2",15,13,15,2,8,14,14,15,13,8
"NUPR2",0,0,0,0,0,0,0,0,0,0
"AC118758.3",0,0,0,0,0,0,0,0,0,0
"ZNF479",0,0,0,0,0,0,0,0,0,0
"AC237221.1",0,0,0,0,0,0,0,0,0,0
"ZNF716",0,0,0,0,0,0,0,0,0,0
"AC069285.1",0,0,0,0,0,0,0,0,0,0
"AC092634.5",0,0,0,0,0,0,0,0,0,0
"AC092634.3",2,0,0,0,0,0,0,1,1,0
"AC115220.1",0,0,0,0,0,0,0,0,0,0
"ZNF727",0,0,0,0,1,0,1,1,1,1
"AC091685.1",0,0,0,0,0,0,0,0,0,0
"ZNF735",0,0,0,0,0,0,0,0,0,0
"ZNF679",0,0,0,0,0,0,0,0,0,0
"ZNF736",0,0,0,2,1,1,4,1,3,1
"ZNF680",4,1,4,1,2,3,3,4,2,4
"ZNF107",1,2,2,1,2,0,1,1,0,2
"ZNF138",1,0,1,1,4,0,2,1,1,0
"ZNF273",1,1,1,1,2,1,1,3,2,0
"AC073349.1",0,0,0,0,0,0,0,0,0,0
"ZNF117",1,0,0,2,1,1,0,0,0,0
"ERV3-1",0,0,0,0,0,0,0,0,0,0
"AC104073.4",0,0,0,0,0,0,0,0,0,0
"ZNF92",0,0,0,0,1,1,0,1,0,0
"VKORC1L1",5,1,6,1,4,2,5,1,3,6
"GUSB",0,0,2,0,1,0,5,0,1,1
"ASL",0,0,2,0,0,0,2,0,0,0
"AC068533.4",0,0,0,0,2,1,2,0,0,3
"CRCP",0,0,1,0,0,0,1,0,0,0
"AC068533.3",2,0,0,1,2,0,0,1,0,8
"TPST1",11,8,10,3,6,6,8,6,10,10
"AC008267.5",1,0,0,0,0,0,0,0,0,0
"AC027644.4",3,3,6,3,6,1,5,1,2,16
"RABGEF1",1,0,1,1,0,0,0,0,0,0
"AC027644.3",2,0,1,2,0,1,0,3,1,1
"AC073335.2",0,0,0,0,0,0,0,0,0,0
"TMEM248",4,1,3,2,3,4,9,7,0,6
"SBDS",1,3,1,1,2,7,12,10,6,10
"TYW1",3,5,5,1,3,4,5,5,1,13
"AC006480.2",0,0,1,0,0,1,2,0,0,0
"LINC01372",0,0,0,0,0,0,0,1,0,0
"AC005482.1",0,0,0,0,0,0,0,0,0,0
"AC092637.1",0,0,0,0,0,0,0,0,0,0
"AC006013.1",0,0,0,0,0,0,0,0,0,0
"AC093655.1",0,0,0,0,0,0,1,0,0,0
"AC104688.1",0,0,0,0,0,0,0,0,0,0
"AC092100.1",0,0,0,0,1,0,0,0,0,0
"AC006012.1",0,0,0,0,0,0,0,0,0,0
"AUTS2",54,21,68,27,59,28,61,33,30,73
"GALNT17",8,3,8,8,14,2,9,7,1,2
"CALN1",3,3,3,4,3,2,3,2,3,4
"TYW1B",5,2,8,3,7,4,5,3,1,9
"POM121",2,2,4,6,8,2,5,3,3,6
"AC211476.2",0,0,0,0,0,0,1,0,0,0
"TRIM74",0,0,0,0,0,0,0,0,0,0
"NSUN5",1,3,1,0,1,2,2,0,0,2
"TRIM50",0,0,0,0,0,0,0,0,0,0
"FKBP6",0,0,0,0,2,0,0,1,0,1
"FZD9",0,0,1,1,0,2,0,1,1,0
"BAZ1B",7,1,8,6,11,1,4,5,7,11
"BCL7B",2,0,0,0,2,1,3,2,0,2
"TBL2",0,0,1,0,0,0,1,0,1,2
"MLXIPL",1,0,0,0,0,1,2,1,0,1
"VPS37D",0,0,0,0,0,0,0,0,0,0
"DNAJC30",1,0,0,1,1,0,1,0,0,1
"BUD23",0,1,2,4,1,2,5,2,0,4
"STX1A",5,0,3,1,2,2,0,1,2,2
"ABHD11",2,0,0,0,0,2,0,0,0,0
"CLDN3",0,0,0,0,0,0,0,0,0,0
"CLDN4",1,0,1,0,0,0,1,0,0,0
"METTL27",0,0,2,0,0,0,0,0,0,0
"TMEM270",0,0,0,0,0,0,0,0,0,0
"ELN",11,0,8,1,6,0,2,1,8,24
"ELN-AS1",0,0,0,0,0,0,0,0,0,0
"LIMK1",0,1,3,1,2,2,2,1,1,3
"EIF4H",4,5,5,1,4,2,9,6,4,4
"LAT2",1,0,1,1,1,1,1,0,1,4
"RFC2",0,0,1,2,1,2,0,0,1,0
"CLIP2",8,3,10,6,10,6,10,6,3,8
"GTF2IRD1",2,1,2,3,4,1,3,2,4,7
"AC211433.2",0,0,0,0,0,0,0,0,0,0
"GTF2I",15,11,9,15,21,13,31,21,16,30
"NCF1",0,0,1,0,0,0,0,0,0,0
"GTF2IRD2",2,1,1,0,1,1,0,2,1,5
"CASTOR2",1,1,4,1,4,1,1,1,2,3
"RCC1L",1,1,2,1,2,0,3,3,2,3
"GTF2IRD2B",6,1,4,2,3,0,1,1,2,3
"AC211486.5",3,0,2,0,0,0,0,1,0,2
"TRIM73",0,0,0,0,0,0,0,0,0,0
"POM121C",2,2,6,5,10,1,5,7,7,13
"SPDYE5",5,3,9,3,4,5,5,4,4,12
"HIP1",25,15,19,11,29,23,35,14,19,40
"CCL26",0,0,0,0,0,0,2,2,1,0
"CCL24",0,0,0,0,0,0,0,0,0,0
"RHBDD2",12,1,7,1,5,5,3,2,6,2
"POR",3,3,3,1,3,3,7,1,1,1
"TMEM120A",3,1,3,2,3,1,4,6,0,4
"STYXL1",3,1,2,0,2,0,2,2,1,4
"MDH2",2,3,4,2,8,2,3,2,0,3
"SRRM3",1,1,3,2,1,1,1,1,2,1
"HSPB1",55,8,18,14,31,85,43,174,26,36
"YWHAG",7,5,6,7,8,4,10,6,1,3
"SSC4D",0,0,0,0,0,0,0,0,0,5
"ZP3",1,0,0,0,0,0,1,1,0,1
"DTX2",1,0,4,1,1,1,2,0,3,2
"AC005522.1",0,0,0,0,0,0,0,0,0,0
"UPK3B",0,0,0,0,0,0,0,0,0,0
"SPDYE16",8,1,3,0,2,4,2,2,0,4
"POMZP3",1,0,1,1,3,0,1,0,1,1
"AC114737.1",0,0,0,0,0,0,0,0,0,0
"CCDC146",6,0,5,4,5,4,3,7,3,4
"FGL2",1,3,0,0,0,1,1,0,1,11
"AC098851.1",0,0,0,0,0,0,0,0,0,0
"GSAP",1,0,2,1,3,1,4,0,0,5
"PTPN12",5,9,6,11,14,8,22,15,7,21
"APTR",0,0,4,2,4,0,4,1,3,2
"RSBN1L",6,1,2,0,11,5,8,12,6,8
"TMEM60",1,0,0,0,0,3,0,3,1,1
"PHTF2",3,1,1,2,3,5,6,3,3,2
"AC004990.1",0,1,0,0,0,0,0,0,0,0
"MAGI2",104,38,92,52,128,49,130,97,68,157
"MAGI2-AS2",0,0,0,0,0,0,0,0,0,0
"AC006355.2",1,2,1,0,0,0,0,1,3,1
"GNAI1",3,2,5,8,13,2,16,6,4,4
"AC003988.1",0,0,0,0,0,0,0,0,0,0
"AC004862.1",0,0,0,0,0,0,0,0,1,0
"CD36",0,0,0,0,1,0,0,0,0,0
"GNAT3",0,0,0,0,0,0,0,0,0,0
"SEMA3C",5,1,2,2,4,2,4,2,7,28
"HGF",0,0,0,2,0,1,1,0,0,2
"CACNA2D1",16,13,20,10,18,18,27,24,13,39
"AC006145.1",0,0,0,0,0,0,0,0,0,0
"PCLO",1,5,12,4,1,1,1,5,0,4
"AC079799.1",0,0,0,0,0,0,0,0,0,0
"SEMA3E",0,0,2,0,2,0,4,0,2,2
"SEMA3A",1,1,0,0,1,0,2,5,2,2
"AC003984.1",0,0,0,0,0,0,0,0,0,0
"AC074183.1",0,0,0,0,0,0,0,0,0,0
"SEMA3D",0,1,2,0,3,0,2,1,0,0
"LINC00972",0,0,0,0,0,0,0,0,0,0
"GRM3",17,10,21,24,50,18,57,57,21,34
"AC005009.1",0,0,0,0,0,0,0,0,0,0
"AC005009.2",1,0,3,3,6,4,4,14,0,4
"KIAA1324L",4,4,2,8,6,4,17,6,2,6
"AC004023.1",0,0,0,0,0,0,0,0,0,0
"AC005076.1",0,0,0,0,0,0,0,0,0,0
"DMTF1",3,5,4,2,10,2,16,12,9,10
"TMEM243",1,1,4,1,9,3,10,7,2,2
"TP53TG1",0,0,0,1,1,2,2,1,0,0
"CROT",3,0,0,0,1,1,5,0,2,3
"ABCB4",0,0,1,0,2,1,2,0,1,0
"ABCB1",33,62,52,16,101,68,235,58,76,99
"RUNDC3B",15,10,22,3,20,9,63,9,14,40
"SLC25A40",2,0,0,0,2,1,6,2,0,1
"DBF4",0,0,0,0,2,0,1,2,1,0
"ADAM22",5,3,5,4,2,2,1,5,1,9
"SRI",1,3,5,0,5,3,11,6,2,4
"AC003991.2",0,0,0,0,0,0,0,0,0,0
"AC003991.1",0,0,1,0,2,0,0,0,0,0
"STEAP4",1,2,2,0,0,2,3,0,1,2
"AC002127.2",0,0,0,0,0,0,0,0,0,0
"ZNF804B",2,0,0,0,4,0,3,0,1,7
"AC002383.1",0,0,1,0,0,0,0,0,0,0
"AC004969.1",0,0,0,0,0,0,0,0,0,0
"STEAP1",0,0,0,0,0,0,0,0,0,0
"STEAP2",1,0,2,1,2,3,0,3,2,3
"CFAP69",2,1,2,0,1,0,4,4,2,7
"AC002064.1",0,0,0,0,0,0,1,0,0,0
"FAM237B",0,0,0,0,0,0,0,0,0,0
"GTPBP10",0,1,2,2,1,1,2,3,2,2
"CLDN12",2,0,4,2,2,0,2,5,2,2
"CDK14",12,8,14,4,18,9,15,6,9,17
"AC002456.1",0,0,0,0,0,0,0,1,0,0
"FZD1",0,0,0,0,0,1,0,4,0,0
"AC079760.2",0,0,0,0,1,0,0,0,0,0
"AC079760.1",0,0,2,2,1,0,0,0,0,1
"AC000058.1",0,0,0,0,0,0,0,0,0,0
"MTERF1",4,3,7,1,4,1,6,3,3,5
"AKAP9",17,7,28,15,31,21,30,19,11,42
"CYP51A1",1,0,0,0,0,0,1,0,0,0
"LRRD1",0,0,1,0,0,0,0,0,0,0
"CYP51A1-AS1",1,0,0,0,0,0,1,1,0,0
"KRIT1",7,4,12,4,9,11,10,10,8,23
"ANKIB1",24,7,16,13,28,17,34,13,11,28
"GATAD1",4,1,4,0,0,0,0,1,0,4
"AC007566.1",2,0,1,1,3,1,3,3,1,7
"ERVW-1",0,0,0,0,0,0,0,0,0,0
"PEX1",3,2,1,1,1,3,6,3,1,6
"RBM48",2,1,3,0,2,2,5,4,1,2
"FAM133B",1,2,3,4,7,4,12,12,5,13
"CDK6",9,6,6,3,7,3,12,6,3,13
"AC002454.1",0,0,1,0,0,0,0,0,0,1
"SAMD9",2,1,3,0,2,0,4,2,9,2
"SAMD9L",1,0,6,2,11,3,2,3,2,2
"HEPACAM2",0,0,0,0,0,0,0,0,0,0
"VPS50",3,2,3,0,6,7,17,5,3,10
"CALCR",0,0,0,0,0,0,0,0,0,0
"GNGT1",1,0,0,0,0,0,0,0,1,1
"TFPI2",0,0,0,0,1,0,0,0,0,0
"GNG11",3,6,8,11,9,22,28,57,28,9
"BET1",2,1,3,0,2,2,12,8,2,3
"AC006378.1",0,0,0,0,0,0,0,0,0,0
"AC003092.1",0,0,0,0,0,0,0,0,0,1
"AC002074.1",2,0,2,0,0,2,1,0,1,1
"COL1A2",14,3,18,4,20,18,11,16,43,24
"CASD1",4,1,4,1,7,1,4,5,3,9
"SGCE",7,2,9,3,5,2,10,1,10,9
"PEG10",3,4,0,2,2,1,4,0,0,1
"PPP1R9A",7,5,4,8,9,3,16,7,2,11
"AC002429.2",2,0,0,0,4,1,2,2,0,3
"PON1",0,0,0,0,0,0,0,0,0,0
"PON3",2,0,0,0,0,0,1,0,2,0
"PON2",14,8,13,11,20,26,109,35,20,41
"ASB4",0,0,0,0,0,0,0,0,0,0
"PDK4",1,1,4,1,9,28,38,18,7,9
"AC002451.1",0,0,0,0,0,0,0,0,1,0
"DYNC1I1",12,4,7,12,11,11,13,15,4,15
"SLC25A13",15,8,7,5,12,1,18,6,1,21
"SEM1",8,5,7,5,10,12,22,19,12,21
"DLX6-AS1",0,0,0,0,0,0,0,0,0,0
"DLX6",0,0,0,0,0,0,0,0,0,0
"DLX5",0,0,0,0,0,0,0,1,0,0
"SDHAF3",0,0,5,0,1,0,0,2,1,0
"TAC1",0,1,0,0,0,0,0,0,0,0
"ASNS",2,1,1,2,2,1,1,2,0,2
"OCM2",0,0,0,0,0,0,0,0,0,0
"LMTK2",7,3,4,1,4,1,6,2,3,5
"TECPR1",0,2,0,0,3,2,1,1,0,1
"BRI3",3,1,2,9,5,5,12,4,3,4
"BAIAP2L1",7,8,6,2,9,6,17,19,12,18
"AC093799.1",0,0,0,0,0,0,0,0,0,0
"NPTX2",0,0,0,0,0,0,4,0,0,1
"TMEM130",4,0,5,0,4,1,4,2,0,0
"TRRAP",1,5,4,3,4,7,6,6,3,11
"SMURF1",9,3,12,8,13,9,22,18,8,29
"KPNA7",0,0,0,0,0,0,0,0,0,0
"AC004834.1",0,1,0,0,0,0,0,0,0,0
"AC004922.1",0,1,0,0,0,0,0,0,0,0
"ARPC1B",1,0,0,2,1,7,9,5,6,4
"PDAP1",2,2,0,2,5,1,5,7,2,1
"BUD31",1,0,1,2,4,4,1,4,2,3
"PTCD1",0,1,0,0,1,1,1,0,0,0
"CPSF4",3,1,2,1,0,1,1,0,0,2
"ZNF789",0,1,0,3,4,1,4,2,0,0
"ZNF394",1,1,1,0,0,0,2,2,0,3
"ZKSCAN5",1,0,2,4,1,2,2,0,1,1
"FAM200A",1,1,2,0,1,0,4,2,2,4
"AC005020.2",0,0,0,1,0,0,0,0,0,0
"TMEM225B",0,0,0,0,0,0,0,0,0,0
"ZSCAN25",0,0,2,0,0,0,1,0,0,0
"CYP3A5",2,2,2,0,1,1,1,2,2,4
"CYP3A4",0,0,0,0,0,0,0,0,0,0
"AC069294.1",0,0,0,0,0,0,0,0,0,0
"CYP3A43",2,0,0,0,0,0,0,0,0,0
"TRIM4",0,4,3,2,4,2,6,3,4,4
"GJC3",0,0,0,0,0,0,0,0,0,0
"AC004522.2",0,0,0,0,0,0,0,0,0,0
"AZGP1",0,0,0,0,1,0,7,1,1,0
"ZKSCAN1",13,4,15,5,9,9,22,10,8,12
"ZSCAN21",1,0,0,0,1,0,1,0,0,1
"ZNF3",0,2,0,1,4,1,2,1,0,5
"COPS6",5,2,9,1,7,5,10,9,8,8
"MCM7",1,1,3,2,0,0,2,0,0,3
"AP4M1",3,0,2,0,2,2,1,0,0,3
"TAF6",1,1,1,0,0,0,2,0,2,2
"AC073842.2",0,0,0,0,0,1,0,0,0,1
"CNPY4",1,0,2,0,0,0,0,0,0,1
"MBLAC1",1,0,0,1,1,0,0,1,0,0
"AC073842.1",0,0,0,0,0,1,0,0,1,0
"LAMTOR4",5,6,10,5,6,4,11,6,4,4
"C7orf43",0,0,0,0,1,1,0,0,0,2
"GAL3ST4",0,0,0,0,1,1,0,0,1,1
"GPC2",0,0,0,0,1,0,0,0,0,1
"STAG3",2,1,3,0,1,0,1,0,1,0
"CASTOR3",2,2,3,6,6,0,3,4,5,4
"SPDYE3",11,2,6,0,1,1,3,0,1,4
"PILRB",1,1,4,0,4,2,2,2,3,6
"PILRA",0,1,2,0,2,1,2,2,3,1
"ZCWPW1",3,0,1,0,3,0,2,0,0,1
"MEPCE",1,0,0,1,0,0,0,1,1,1
"PPP1R35",3,1,0,0,1,0,3,1,0,0
"C7orf61",0,0,0,0,1,1,1,0,1,0
"TSC22D4",7,5,7,3,5,2,15,6,10,11
"NYAP1",0,1,1,0,0,0,0,1,0,0
"AC069281.1",0,0,0,0,0,0,0,0,0,1
"AGFG2",1,0,1,1,0,0,0,0,1,0
"SAP25",1,0,1,0,2,1,0,1,2,1
"LRCH4",1,1,1,1,3,0,2,1,2,0
"FBXO24",0,0,0,0,1,0,0,0,0,0
"PCOLCE-AS1",1,1,0,1,0,0,0,0,0,1
"PCOLCE",7,1,4,0,0,5,1,1,4,6
"MOSPD3",3,0,2,1,1,0,1,1,2,2
"TFR2",0,0,0,1,0,0,0,0,0,0
"ACTL6B",3,0,1,0,0,0,0,0,0,1
"GNB2",4,4,2,3,4,10,11,12,8,6
"GIGYF1",1,1,1,0,1,1,2,1,0,5
"POP7",2,2,2,1,0,1,2,4,3,2
"EPO",0,0,0,0,0,0,0,0,0,0
"ZAN",1,0,1,0,0,1,0,1,1,1
"EPHB4",1,1,1,0,0,2,3,0,0,1
"SLC12A9",1,1,0,0,3,1,1,3,3,3
"SLC12A9-AS1",0,0,0,0,0,0,1,0,0,0
"TRIP6",0,1,1,0,2,3,3,4,1,2
"SRRT",2,0,1,0,1,1,3,3,4,1
"UFSP1",0,0,0,0,0,0,0,0,0,0
"ACHE",1,1,1,0,0,0,0,1,1,0
"MUC3A",0,0,0,0,0,0,0,0,0,0
"AC254629.1",0,0,0,0,0,0,0,0,0,0
"MUC12",0,0,1,0,0,0,0,0,0,0
"AC105446.1",0,0,0,0,0,0,0,0,0,0
"MUC17",0,0,0,0,0,0,0,0,0,0
"TRIM56",1,6,4,1,8,1,6,1,2,8
"SERPINE1",9,0,0,0,2,0,8,6,2,7
"AP1S1",3,1,3,0,1,0,1,2,3,2
"VGF",0,1,0,0,1,0,0,0,0,0
"NAT16",0,0,0,0,0,0,0,0,0,0
"MOGAT3",0,0,0,0,0,0,0,0,0,0
"PLOD3",2,2,4,2,0,2,5,2,2,5
"ZNHIT1",5,3,5,5,5,7,10,11,4,1
"CLDN15",0,0,1,1,2,0,0,1,1,0
"FIS1",6,6,13,6,4,4,6,5,3,5
"AC006329.1",0,0,0,0,0,0,0,0,0,0
"IFT22",0,0,2,1,1,0,2,1,1,2
"COL26A1",4,0,3,1,2,1,2,2,0,2
"LINC01007",1,0,0,0,0,0,0,0,0,0
"MYL10",0,0,0,0,0,0,0,0,0,0
"CUX1",15,14,20,5,25,12,33,14,11,71
"AC005096.1",0,0,0,0,0,0,0,0,0,0
"SH2B2",0,0,1,1,2,0,0,2,0,3
"SPDYE6",0,0,0,0,0,0,0,0,0,0
"PRKRIP1",11,5,5,4,5,3,7,8,0,22
"AC073517.1",0,0,0,0,1,0,0,0,0,0
"ORAI2",1,0,1,4,0,1,2,0,0,0
"ALKBH4",0,1,1,2,2,0,1,0,0,2
"LRWD1",1,1,1,0,0,0,1,2,1,0
"POLR2J",1,1,2,1,1,4,9,7,12,3
"AC093668.2",1,0,0,0,0,1,2,2,1,2
"AC093668.1",0,0,0,0,1,0,0,0,0,0
"SPDYE2",16,4,16,0,13,3,3,12,3,25
"AC105052.1",0,0,0,0,2,0,0,0,1,1
"AC105052.3",7,3,6,1,3,3,4,4,2,9
"SPDYE2B",0,0,0,0,0,0,0,0,1,1
"FAM185A",5,3,1,3,10,3,8,5,3,7
"FBXL13",2,0,2,2,3,1,5,1,3,0
"LRRC17",1,0,0,0,1,1,0,0,0,1
"NFE4",0,0,0,0,0,0,0,0,0,0
"ARMC10",1,2,0,1,5,2,3,4,1,6
"NAPEPLD",5,2,2,4,7,2,3,6,3,7
"PMPCB",3,3,4,0,7,4,10,3,1,6
"DNAJC2",0,3,9,0,1,1,4,2,1,0
"PSMC2",4,2,4,0,0,5,9,3,1,2
"SLC26A5",1,1,2,1,1,1,9,2,1,1
"AC005064.1",1,0,0,0,4,0,1,0,0,0
"RELN",0,1,0,1,1,3,2,0,1,3
"ORC5",3,4,2,6,7,7,5,2,3,4
"LHFPL3",3,2,3,1,3,1,5,7,8,5
"AC007384.1",0,0,0,0,0,0,0,0,0,0
"LINC01004",5,3,3,1,3,4,11,3,1,12
"KMT2E-AS1",0,1,0,0,3,0,0,3,0,0
"KMT2E",19,19,18,21,24,23,39,30,14,34
"AC005070.3",0,1,0,0,2,0,0,1,0,1
"SRPK2",15,23,26,19,30,13,38,21,12,38
"AC004884.2",0,0,0,0,0,0,0,0,0,0
"PUS7",2,1,4,0,4,1,7,2,0,7
"RINT1",3,2,1,0,2,0,6,4,1,0
"EFCAB10",1,1,0,0,1,0,0,2,0,0
"AC073073.2",0,0,0,0,0,0,0,0,0,1
"ATXN7L1",2,4,4,4,7,4,6,6,3,15
"CDHR3",2,1,2,1,3,1,0,2,0,3
"SYPL1",6,4,4,5,10,4,12,4,2,4
"NAMPT",6,27,6,13,36,24,24,15,11,12
"AC007032.1",0,0,0,0,0,0,0,1,0,0
"AC005050.1",0,0,0,0,0,0,0,0,0,0
"CCDC71L",0,0,2,0,0,1,0,1,2,1
"PIK3CG",0,0,0,0,0,0,0,0,0,0
"PRKAR2B",2,2,2,3,2,2,3,4,4,2
"HBP1",6,2,1,2,4,2,8,7,3,9
"AC004492.1",0,0,0,0,0,0,0,0,0,0
"COG5",12,6,14,8,10,12,20,12,12,24
"GPR22",3,0,0,0,0,1,1,2,0,0
"DUS4L",1,0,0,0,0,0,1,0,1,0
"AC004839.1",0,0,1,0,0,0,2,0,0,0
"BCAP29",5,2,4,1,12,6,11,13,5,7
"SLC26A4-AS1",0,0,1,0,0,0,0,0,1,0
"SLC26A4",1,0,0,1,0,0,0,1,0,0
"AC002467.1",0,0,1,1,0,0,0,0,0,1
"CBLL1",0,3,1,1,0,1,2,2,1,2
"SLC26A3",69,36,56,76,139,958,322,666,1908,98
"DLD",0,0,2,1,2,2,2,1,4,2
"LAMB1",5,2,8,0,6,2,7,2,4,15
"AC005046.1",0,0,0,0,0,0,0,0,0,0
"LAMB4",0,0,0,0,0,0,1,0,1,0
"NRCAM",13,11,12,5,6,1,10,8,2,7
"PNPLA8",3,3,2,5,4,4,6,2,5,5
"THAP5",0,0,0,1,0,0,0,0,0,0
"DNAJB9",2,1,3,1,3,2,2,1,3,4
"AC005487.1",0,0,0,0,0,0,0,0,0,0
"AC004014.1",0,0,0,0,0,0,0,0,0,0
"AC073071.1",0,0,0,0,0,0,0,0,0,0
"AC092167.1",1,0,0,1,0,0,2,0,0,0
"IMMP2L",35,17,27,11,59,36,69,50,39,78
"LRRN3",2,1,1,1,2,0,2,0,0,2
"DOCK4",20,12,21,23,47,11,38,26,10,49
"DOCK4-AS1",0,0,0,0,1,0,1,0,0,0
"ZNF277",5,2,4,2,3,4,7,5,1,8
"AC004112.1",0,0,0,1,0,0,1,0,0,0
"IFRD1",2,3,5,2,3,5,5,9,6,6
"LSMEM1",0,1,0,0,1,0,1,0,1,2
"AC002463.1",0,0,1,0,0,0,0,0,0,0
"TMEM168",6,5,4,2,5,1,4,11,1,8
"BMT2",3,0,3,2,4,2,8,9,5,4
"AC018464.1",0,0,0,0,0,0,0,0,0,0
"GPR85",6,2,5,4,12,2,5,12,8,2
"SMIM30",0,1,1,1,2,4,2,3,5,2
"PPP1R3A",0,0,0,0,0,1,0,0,0,0
"FOXP2",10,1,10,0,17,20,9,13,14,37
"AC073626.1",0,0,0,0,0,0,0,0,0,0
"MDFIC",2,2,0,0,6,1,3,4,4,3
"LINC01392",0,0,0,0,0,0,1,0,0,0
"LINC01393",0,0,0,0,0,0,1,1,0,0
"AC092590.1",0,0,0,0,0,0,0,0,0,0
"TFEC",0,0,0,0,0,0,0,0,0,0
"TES",0,0,2,1,1,2,3,4,0,0
"AC002066.1",1,1,1,0,1,2,4,6,0,2
"CAV2",4,0,2,1,2,7,5,9,5,6
"CAV1",3,2,2,2,4,0,11,9,3,4
"AC006159.2",0,0,0,0,0,0,0,0,0,0
"LINC01510",0,0,0,0,0,0,0,0,1,0
"MET",0,1,3,0,1,0,0,0,0,1
"CAPZA2",3,9,6,6,10,7,24,14,4,18
"ST7-AS1",0,0,0,0,0,0,0,0,0,0
"ST7",16,3,9,0,14,2,20,8,4,12
"AC106873.1",0,0,0,0,0,0,1,0,0,0
"ST7-AS2",0,0,6,0,2,0,3,2,0,6
"WNT2",0,0,0,0,0,0,0,0,0,0
"AC002465.1",0,0,0,0,0,0,0,0,0,0
"ASZ1",0,0,0,0,0,0,0,0,0,0
"CFTR",6,3,6,2,0,0,0,0,0,2
"AC000061.1",0,0,0,0,0,0,0,0,0,0
"CTTNBP2",9,6,6,2,7,4,14,14,5,5
"AC003084.1",0,0,0,0,0,0,0,0,0,0
"LSM8",3,1,6,0,6,5,7,7,6,1
"ANKRD7",0,1,0,0,1,1,1,1,0,0
"LINC02476",0,0,0,0,0,0,0,0,0,0
"AC004946.1",0,0,0,0,0,0,0,0,0,0
"KCND2",4,2,6,6,3,3,9,5,3,4
"TSPAN12",1,1,0,0,1,3,0,3,0,2
"ING3",1,3,0,2,3,4,1,9,2,2
"CPED1",15,1,8,2,5,6,2,5,6,11
"WNT16",0,0,1,0,0,0,0,0,1,4
"FAM3C",4,3,4,1,5,1,8,3,3,4
"PTPRZ1",4,2,2,2,5,1,11,9,6,8
"AASS",3,2,3,0,2,6,3,4,6,10
"AC015983.2",0,0,0,0,0,0,1,0,0,0
"FEZF1-AS1",0,0,0,0,0,0,0,0,0,0
"CADPS2",15,28,23,17,39,18,39,34,24,41
"AC004594.1",3,5,2,0,2,1,3,2,0,9
"AC073311.1",0,0,0,0,0,0,0,0,0,0
"SLC13A1",1,0,0,0,1,0,0,0,0,0
"IQUB",0,1,1,0,1,0,0,0,0,1
"NDUFA5",3,4,6,1,1,8,7,6,1,3
"ASB15",0,0,0,0,0,0,0,0,0,0
"AC006333.1",0,0,0,0,0,0,0,0,0,0
"LMOD2",0,0,0,0,0,0,0,0,0,0
"WASL",4,0,4,2,8,3,6,4,5,3
"AC006333.2",0,0,0,0,0,0,0,0,0,0
"HYAL4",0,0,0,0,0,0,0,0,0,0
"SPAM1",0,0,0,0,0,0,0,0,0,0
"AC004690.2",0,0,0,0,0,0,4,0,1,2
"TMEM229A",0,0,0,0,0,0,0,0,0,1
"AC006148.1",2,2,4,5,3,0,13,1,4,13
"AC006148.2",0,0,0,0,0,0,0,0,0,0
"AC004930.1",1,0,0,0,0,0,0,0,0,0
"GPR37",1,1,4,3,3,4,9,1,3,6
"C7orf77",0,0,0,0,0,0,0,0,0,0
"POT1",3,1,2,0,4,4,6,4,0,3
"POT1-AS1",2,0,2,0,6,2,1,0,4,2
"AC010099.4",0,2,1,0,2,1,1,0,1,0
"AC019155.2",0,0,0,0,0,0,0,0,0,0
"AC073486.1",0,0,0,0,0,0,0,0,0,0
"AC000372.1",0,0,0,0,0,0,1,0,0,0
"GRM8",14,3,18,24,36,15,29,16,14,15
"AC000099.1",0,1,2,0,1,0,0,0,0,0
"ZNF800",2,2,6,6,6,4,9,10,5,12
"AC000124.1",0,0,0,0,0,0,0,0,0,0
"GCC1",0,0,0,0,1,0,0,0,0,1
"ARF5",0,0,1,0,0,0,0,0,1,0
"FSCN3",0,0,0,0,0,0,0,0,0,0
"AC073934.1",0,0,0,0,0,0,0,0,0,0
"SND1",3,4,9,4,9,5,7,8,7,23
"LRRC4",0,0,0,0,0,0,2,0,0,0
"LEP",0,0,0,0,0,0,0,0,0,0
"AC018635.2",0,0,0,0,0,0,1,0,0,0
"RBM28",3,0,4,0,3,3,3,3,2,3
"PRRT4",1,0,0,0,0,0,0,0,0,0
"IMPDH1",0,1,0,2,2,0,7,2,2,3
"HILPDA",4,0,9,3,5,4,26,16,0,2
"METTL2B",4,0,0,0,3,0,2,1,0,2
"AC090114.2",1,0,1,0,1,0,1,1,0,0
"AC018638.7",0,0,0,0,0,0,0,0,0,0
"FAM71F2",0,0,0,0,0,0,0,0,0,0
"AC018638.6",0,0,0,0,0,0,0,0,0,0
"FAM71F1",0,0,0,0,1,0,0,0,0,0
"CALU",6,3,1,3,3,7,11,2,4,10
"OPN1SW",0,0,0,0,0,0,0,0,0,0
"CCDC136",0,0,1,1,3,1,1,3,0,3
"FLNC",0,0,0,1,1,2,1,3,0,0
"FLNC-AS1",0,0,0,0,0,0,0,0,1,0
"KCP",0,0,1,0,0,0,0,0,0,2
"ATP6V1F",8,4,7,2,4,4,8,9,3,5
"ATP6V1FNB",0,0,1,0,0,0,0,0,0,0
"IRF5",0,0,0,0,0,0,0,0,0,0
"TNPO3",2,1,6,1,3,2,6,5,7,9
"AC011005.1",0,0,0,0,0,0,0,0,0,0
"TSPAN33",0,0,1,0,1,0,0,0,0,0
"SMO",1,0,1,0,1,0,1,0,0,2
"AHCYL2",9,5,17,4,16,8,18,10,6,58
"STRIP2",0,0,0,0,0,0,1,0,0,2
"SMKR1",0,0,0,0,0,0,0,0,0,0
"AC078846.1",1,1,1,1,1,1,1,4,0,2
"NRF1",7,9,4,5,14,6,12,5,8,9
"UBE2H",13,8,15,5,16,12,18,14,9,27
"AC073320.1",1,1,1,0,2,0,1,1,0,1
"ZC3HC1",0,0,3,0,0,1,3,7,1,1
"KLHDC10",7,7,4,5,12,2,7,11,2,9
"TMEM209",1,1,0,3,2,1,0,2,1,1
"AC087071.2",0,0,1,0,2,1,1,0,0,3
"SSMEM1",0,0,0,0,0,0,0,0,0,0
"CPA2",0,0,0,0,0,0,0,0,0,0
"CPA4",0,0,1,0,0,0,0,0,0,0
"CPA5",0,0,0,0,0,0,0,0,0,0
"CPA1",0,0,0,0,0,0,0,0,0,0
"CEP41",4,2,2,1,1,1,4,1,2,1
"AC007938.1",0,0,0,0,0,0,0,0,0,0
"MESTIT1",0,0,0,0,0,0,0,0,0,0
"MEST",4,0,1,0,3,0,0,0,1,2
"AC007938.2",0,0,0,0,0,0,0,0,0,0
"COPG2",7,0,2,1,2,2,2,2,3,9
"AC007938.3",0,0,0,0,0,0,1,0,0,0
"TSGA13",0,0,0,0,0,0,0,1,1,0
"AC016831.6",0,0,0,0,0,0,0,0,0,0
"AC016831.7",32,20,45,25,68,41,66,48,33,68
"LINC00513",3,9,30,6,14,12,11,10,5,26
"AC058791.1",2,0,6,3,1,4,3,2,5,10
"MKLN1",23,19,23,17,37,35,61,36,36,60
"AC008264.2",0,0,0,1,0,0,2,0,0,3
"PODXL",8,21,8,8,27,5,68,25,12,9
"AC009518.1",0,0,0,0,0,0,0,0,0,0
"PLXNA4",1,0,1,1,3,0,0,0,0,30
"AC018643.1",0,0,0,0,0,0,0,0,0,0
"AC011625.1",0,0,0,0,0,0,0,0,0,3
"AC009365.1",0,0,1,0,0,0,0,0,0,0
"CHCHD3",10,6,12,12,14,18,17,23,10,18
"AC009365.3",0,0,0,0,0,0,0,0,0,0
"EXOC4",27,8,35,16,30,13,55,35,27,58
"LRGUK",0,0,2,0,0,0,0,0,0,0
"SLC35B4",0,2,2,1,2,0,1,1,3,3
"AC008154.1",0,0,0,0,0,0,0,0,0,0
"AC009275.1",0,0,0,0,0,0,1,0,0,1
"AKR1B1",2,0,3,2,2,3,8,0,1,5
"AKR1B10",0,0,0,0,0,0,0,0,0,1
"AKR1B15",0,0,0,0,0,0,0,0,0,0
"BPGM",0,0,0,0,1,0,0,0,1,5
"AC009276.1",0,0,0,0,0,0,0,0,0,0
"CALD1",44,39,42,46,73,82,75,92,45,74
"AGBL3",5,4,1,1,4,0,4,4,2,2
"CYREN",2,0,4,1,3,2,0,2,0,4
"TMEM140",2,1,1,1,0,1,0,2,1,0
"AC083862.2",2,0,0,0,0,0,0,0,1,0
"WDR91",0,1,1,2,2,1,1,0,3,3
"AC009542.1",1,0,0,0,0,0,0,0,0,1
"STRA8",0,0,0,0,0,0,0,0,0,0
"CNOT4",9,3,14,7,22,9,9,8,7,21
"NUP205",4,0,2,1,3,3,3,3,4,3
"STMP1",3,0,1,0,4,4,5,3,4,6
"SLC13A4",2,0,1,0,1,0,0,1,3,2
"AC091736.1",0,0,0,0,0,0,0,0,0,0
"FAM180A",0,0,1,0,0,0,0,0,0,0
"AC015987.1",0,0,0,0,0,0,0,0,0,0
"MTPN",4,4,4,6,4,3,7,3,3,5
"AC024084.1",0,0,0,0,0,0,0,0,0,0
"AC078845.1",1,0,0,0,0,0,0,0,0,0
"AC009264.1",0,0,0,0,1,1,0,1,0,0
"CHRM2",0,0,1,0,0,0,0,2,0,0
"PTN",39,7,28,10,42,43,25,40,44,33
"AC078842.2",1,1,0,0,0,0,0,1,0,0
"AC078842.1",0,0,0,0,0,0,0,0,0,0
"DGKI",6,4,8,1,10,1,8,2,2,3
"CREB3L2",6,1,4,4,9,8,10,9,2,15
"AKR1D1",0,0,0,0,0,0,1,0,0,0
"TRIM24",1,1,1,2,0,2,3,2,2,4
"SVOPL",0,0,0,0,0,0,0,0,0,0
"ATP6V0A4",0,0,0,0,0,1,0,0,0,1
"TMEM213",0,0,1,0,0,0,0,0,0,0
"KIAA1549",0,0,4,1,2,0,4,3,2,4
"ZC3HAV1L",2,0,0,0,0,0,0,0,0,0
"ZC3HAV1",3,5,3,1,5,6,9,7,8,12
"TTC26",1,1,0,2,1,0,2,0,1,2
"UBN2",5,4,6,3,8,3,6,8,3,4
"LUC7L2",4,3,4,3,2,2,10,7,4,7
"AC083880.1",0,0,0,0,0,0,0,0,0,0
"KLRG2",0,0,0,0,0,0,0,0,0,0
"CLEC2L",1,0,0,0,0,0,0,0,0,0
"HIPK2",12,7,7,7,16,6,16,7,2,14
"TBXAS1",0,0,0,0,0,0,2,1,0,2
"PARP12",1,3,1,1,3,1,4,0,2,2
"KDM7A",2,3,1,0,11,3,15,2,3,8
"SLC37A3",5,2,2,2,5,0,1,1,6,2
"RAB19",0,0,0,0,0,0,0,0,0,0
"MKRN1",0,2,5,1,2,3,6,3,0,3
"DENND2A",9,4,14,9,22,7,15,12,6,12
"ADCK2",0,0,1,0,0,1,0,0,0,0
"NDUFB2",6,4,2,6,2,3,18,3,10,6
"NDUFB2-AS1",0,0,0,0,1,0,0,0,0,0
"BRAF",18,5,14,14,31,6,47,16,18,31
"MRPS33",4,0,1,1,1,0,2,1,0,0
"TMEM178B",1,0,3,2,3,0,2,1,3,3
"AC073878.2",0,0,0,0,0,0,0,0,0,0
"AC073878.1",0,0,0,0,0,0,0,0,0,1
"AGK",2,1,4,1,0,3,6,5,0,3
"AC004918.1",1,0,2,3,2,0,3,1,0,4
"KIAA1147",4,2,2,5,4,0,2,0,2,5
"WEE2-AS1",1,0,0,0,0,0,0,0,1,1
"WEE2",0,0,0,0,0,0,0,0,0,0
"SSBP1",3,2,3,2,5,8,3,9,2,0
"TAS2R5",0,0,0,0,0,0,0,0,0,0
"MGAM",0,0,1,0,1,1,0,1,0,1
"CLEC5A",0,0,2,0,1,0,0,1,0,0
"MGAM2",0,0,0,0,0,0,0,0,0,1
"TRBVB",0,0,0,0,0,0,0,0,0,0
"TRBC1",0,0,0,0,0,0,1,0,1,0
"TRBC2",0,0,0,0,0,1,2,0,1,0
"EPHB6",1,0,6,2,7,0,4,0,0,1
"TRPV6",0,0,0,1,0,0,1,0,0,1
"AC245427.1",0,0,0,0,0,0,0,0,0,0
"TRPV5",0,0,1,0,0,0,0,0,0,2
"KEL",0,0,1,0,0,0,0,0,0,1
"PIP",0,0,0,0,0,0,0,0,0,0
"AC073342.2",0,0,0,0,0,0,0,0,0,0
"GSTK1",9,4,6,2,2,6,8,8,6,7
"AC073342.1",1,1,1,2,2,1,1,0,1,1
"TMEM139",1,0,0,0,0,0,0,1,0,1
"CASP2",0,0,0,0,1,0,0,0,1,1
"CLCN1",0,0,0,0,0,0,0,0,0,1
"FAM131B",0,0,1,3,1,0,0,0,0,1
"AC093673.2",0,0,0,0,0,0,0,0,0,1
"AC093673.1",0,0,0,0,1,0,1,0,1,2
"ZYX",3,2,1,1,3,0,4,4,3,1
"EPHA1",0,0,0,0,0,0,0,0,0,0
"EPHA1-AS1",0,0,0,1,0,0,2,2,0,1
"TCAF2",0,0,1,1,1,0,14,9,0,0
"TCAF2C",0,0,0,0,0,0,0,0,0,0
"TCAF1",4,3,5,5,4,3,7,5,3,9
"OR2F1",0,0,0,0,0,0,0,0,0,0
"OR2A14",0,0,0,0,0,0,0,0,0,1
"AC004889.1",2,1,1,1,3,1,3,0,1,2
"AC074386.1",1,1,3,1,3,0,2,0,1,1
"ARHGEF5",0,1,0,0,0,0,0,0,0,0
"NOBOX",0,0,0,0,0,0,0,0,0,0
"TPK1",10,4,3,2,6,7,12,7,3,8
"CNTNAP2",23,15,60,29,42,12,16,10,12,38
"AC006004.1",0,0,0,0,0,0,0,0,0,0
"AC006974.1",0,0,0,0,0,0,0,0,0,0
"AC006974.2",0,0,0,0,0,0,0,0,0,0
"C7orf33",0,0,0,0,0,0,0,1,0,0
"AC005229.4",0,0,0,0,0,0,0,0,0,0
"CUL1",4,5,8,4,11,3,14,14,7,19
"EZH2",0,0,0,0,1,1,1,0,0,1
"GHET1",0,0,0,0,0,0,0,0,0,0
"PDIA4",0,0,0,0,3,4,3,3,0,3
"ZNF786",0,0,2,1,2,1,1,0,0,2
"ZNF425",1,0,0,1,4,1,0,0,2,1
"ZNF398",1,0,1,1,3,0,1,2,3,2
"ZNF282",1,0,5,1,1,0,6,1,2,0
"ZNF212",1,0,0,0,0,0,0,1,0,1
"ZNF783",1,1,1,2,1,2,1,1,1,1
"AC004941.1",0,0,0,0,0,0,0,1,0,0
"AC073314.1",0,0,0,0,0,0,0,0,0,0
"ZNF777",0,0,0,0,1,0,0,0,0,1
"ZNF746",0,0,0,1,1,0,1,2,0,0
"KRBA1",0,0,0,0,0,0,1,0,0,0
"ZNF467",0,0,0,1,0,1,1,0,0,1
"SSPO",0,0,0,0,0,0,0,0,0,0
"ZNF862",3,3,4,3,1,3,4,1,1,5
"AC004877.1",0,0,0,0,0,0,0,0,0,0
"ATP6V0E2-AS1",0,0,1,0,0,0,0,0,0,0
"ATP6V0E2",5,3,6,2,2,0,2,0,1,1
"AC093458.1",0,0,0,0,0,0,0,0,0,0
"AC092681.3",0,0,0,0,0,0,0,0,0,0
"AC092681.2",0,0,0,0,0,0,0,0,0,0
"AC092666.1",0,0,0,0,0,0,0,0,0,0
"ACTR3C",0,0,0,0,1,0,0,0,0,0
"LRRC61",0,0,0,0,1,0,0,0,0,1
"RARRES2",3,0,3,0,4,4,3,3,8,2
"AC005586.1",0,0,0,0,0,0,0,0,0,0
"AC073111.3",0,0,0,0,0,0,0,0,0,1
"ZNF775",0,0,0,0,0,0,0,0,0,0
"AC073111.5",0,0,2,0,2,0,1,0,1,1
"LINC00996",0,0,0,0,0,0,0,0,0,0
"GIMAP8",1,1,0,0,1,0,1,2,4,1
"GIMAP7",3,6,0,0,5,5,8,4,6,3
"GIMAP4",2,1,4,6,6,3,7,1,1,0
"GIMAP6",2,2,0,1,2,1,0,1,3,0
"GIMAP2",1,0,0,0,0,1,2,1,1,0
"TMEM176B",0,0,1,0,0,0,2,2,1,0
"TMEM176A",0,1,0,0,0,0,1,1,2,0
"AOC1",0,0,0,0,0,0,0,0,0,0
"KCNH2",0,0,1,0,1,0,0,0,0,1
"NOS3",1,3,2,3,0,2,6,1,0,4
"ATG9B",1,0,0,1,0,0,0,0,0,1
"ABCB8",1,0,1,0,0,0,1,2,1,1
"AC010973.1",0,0,0,0,0,0,0,0,0,0
"ASIC3",0,0,0,0,1,0,0,0,1,0
"CDK5",2,1,2,0,0,1,0,1,0,0
"SLC4A2",0,1,1,2,0,1,4,3,3,2
"FASTK",0,1,0,0,4,2,5,2,3,3
"TMUB1",2,1,1,0,1,1,3,4,1,1
"AGAP3",4,3,1,3,4,4,8,3,3,8
"GBX1",0,0,0,0,0,0,0,0,0,1
"ASB10",0,0,0,0,0,0,0,0,0,0
"ABCF2",0,0,0,0,1,0,0,0,0,0
"CHPF2",1,0,1,1,3,0,2,0,2,2
"SMARCD3",1,0,1,1,0,2,1,1,2,4
"AC021097.1",0,0,1,0,1,1,1,2,0,1
"AC005486.1",0,0,0,0,0,0,0,0,0,0
"NUB1",1,2,2,2,0,0,2,4,1,6
"WDR86",6,1,2,1,2,3,0,1,2,15
"AC005996.1",0,0,0,0,0,0,0,0,0,0
"CRYGN",0,0,0,0,1,0,1,0,0,4
"RHEB",7,9,7,1,8,7,13,5,6,10
"PRKAG2",10,9,14,2,12,4,10,2,10,66
"PRKAG2-AS1",1,0,0,1,0,0,0,0,1,4
"GALNTL5",0,0,0,0,0,0,0,0,0,0
"GALNT11",3,0,4,4,6,3,5,1,2,4
"AC006017.1",0,0,0,0,0,0,0,0,0,0
"KMT2C",13,16,13,12,28,24,40,14,21,52
"LINC01003",1,1,0,0,0,0,3,0,1,2
"XRCC2",0,0,0,0,0,0,0,0,0,2
"ACTR3B",0,4,5,2,7,0,5,2,0,4
"DPP6",10,8,18,9,19,5,10,4,9,17
"AC006019.3",0,0,0,0,0,0,0,0,0,0
"AC006019.1",0,0,0,0,0,0,0,0,0,0
"AC073336.1",0,0,0,0,0,0,0,0,0,0
"PAXIP1-AS2",0,0,0,0,1,0,0,2,0,4
"PAXIP1",1,1,2,2,2,0,1,0,4,3
"AC093726.2",0,0,0,0,0,0,0,0,0,0
"PAXIP1-AS1",4,1,2,1,0,1,2,1,0,5
"HTR5A-AS1",0,0,0,0,0,0,0,0,0,0
"HTR5A",1,0,0,0,0,0,0,0,0,1
"AC144652.1",0,1,0,0,0,0,1,0,1,0
"INSIG1",6,4,4,2,5,1,5,3,1,6
"BLACE",0,0,0,0,0,0,0,5,0,0
"AC008060.1",0,0,0,0,0,0,1,0,0,1
"AC008060.3",0,0,0,0,0,0,0,0,0,0
"EN2",0,0,0,0,0,0,0,0,0,0
"CNPY1",0,0,0,0,0,0,1,0,0,0
"AC008060.2",0,0,0,0,0,0,0,0,0,0
"AC009403.1",1,1,3,0,5,2,2,0,2,5
"RBM33",4,4,3,0,13,4,15,6,5,10
"SHH",0,0,0,0,0,0,0,0,0,0
"AC073133.1",0,0,0,0,0,0,0,0,0,0
"AC073133.2",0,0,0,0,0,0,0,0,0,0
"LINC01006",2,2,1,0,2,2,3,1,0,1
"RNF32",0,0,0,0,0,0,0,0,0,0
"AC005534.1",0,0,0,0,0,0,0,0,0,0
"LMBR1",11,13,11,12,20,5,30,10,7,19
"NOM1",0,0,2,0,1,0,3,0,0,0
"MNX1",0,0,0,0,0,0,1,0,0,0
"MNX1-AS2",0,0,0,0,0,0,0,0,0,0
"UBE3C",13,11,11,8,9,4,14,7,4,22
"DNAJB6",13,11,12,6,8,19,15,8,4,13
"AC006372.3",0,0,0,0,0,0,0,0,0,0
"PTPRN2",3,2,3,1,8,2,2,4,1,2
"AC011899.2",0,0,0,0,0,0,0,0,0,0
"NCAPG2",1,0,1,0,1,2,0,1,1,1
"ESYT2",22,13,20,16,33,17,152,21,17,40
"WDR60",6,11,30,7,24,14,28,17,9,15
"VIPR2",1,0,0,0,0,0,0,1,0,2
"PLCXD1",0,0,1,1,0,0,0,1,0,1
"GTPBP6",0,1,0,0,3,1,0,0,1,4
"LINC00685",3,2,8,0,6,1,7,0,8,16
"PPP2R3B",1,0,1,0,0,1,1,0,0,0
"AL732314.6",0,0,0,0,0,0,0,0,0,0
"AL732314.4",0,0,0,0,0,0,0,0,0,0
"SHOX",0,0,1,0,1,0,0,0,0,0
"AL672277.1",0,0,0,0,0,0,0,1,0,0
"CRLF2",0,0,0,0,0,0,1,0,0,0
"CSF2RA",1,0,0,0,1,0,1,0,0,2
"IL3RA",3,8,4,3,8,2,12,10,3,9
"SLC25A6",9,4,11,6,9,10,12,12,13,7
"LINC00106",2,0,0,1,2,1,0,0,0,1
"ASMTL-AS1",0,0,0,0,0,0,1,0,0,1
"ASMTL",2,2,2,1,1,1,1,3,0,3
"P2RY8",0,0,0,0,1,1,0,0,0,0
"AKAP17A",0,1,3,2,1,1,1,0,3,1
"ASMT",0,0,0,0,0,0,0,0,0,0
"AL683807.1",0,0,0,0,0,0,0,0,0,1
"DHRSX",6,3,8,2,8,9,14,10,4,7
"CD99",5,5,4,1,13,14,13,13,8,18
"XG",0,0,0,0,0,0,1,0,0,0
"GYG2",0,0,1,0,0,0,0,0,0,1
"ARSD",0,1,0,1,1,0,2,1,1,0
"ARSD-AS1",0,0,0,0,0,0,0,0,0,0
"ARSE",0,0,1,0,1,0,0,0,2,0
"ARSH",0,0,1,0,0,0,0,0,0,0
"ARSF",0,0,0,0,1,0,0,0,0,0
"LINC01546",0,0,0,0,0,0,1,0,0,0
"MXRA5",0,0,1,0,2,0,0,0,1,0
"PRKX",2,5,4,1,11,3,20,2,1,9
"PRKX-AS1",0,0,1,0,0,1,1,0,0,1
"BX890604.1",0,0,0,0,0,0,3,0,0,0
"FAM239A",0,0,0,0,0,0,0,0,0,0
"FAM239B",0,0,0,0,0,0,0,0,0,0
"AC110995.1",0,0,0,0,0,0,0,0,1,0
"NLGN4X",1,1,3,0,3,1,5,2,1,4
"VCX3A",0,0,0,0,0,0,0,0,0,0
"AC097347.1",0,0,1,0,0,0,2,0,0,1
"PUDP",2,0,2,0,3,2,1,1,0,3
"STS",0,0,1,1,2,0,3,0,0,0
"VCX",0,0,0,0,0,0,0,0,0,0
"PNPLA4",0,0,0,0,1,2,0,1,1,1
"AC078960.1",0,0,0,0,0,0,0,0,0,0
"VCX3B",0,0,0,0,0,0,0,0,0,0
"ANOS1",1,0,1,0,2,1,2,2,0,2
"FAM9B",0,0,0,0,0,0,0,0,0,1
"AC003684.1",0,0,0,0,0,0,0,0,0,0
"TBL1X",15,11,8,2,15,6,12,5,3,10
"GPR143",0,0,0,0,0,1,1,0,1,0
"SHROOM2",4,1,2,1,5,1,3,4,2,3
"CLDN34",0,0,0,0,0,0,0,0,0,0
"WWC3",1,6,4,2,5,2,9,3,2,6
"WWC3-AS1",0,0,0,0,0,1,0,0,0,2
"CLCN4",3,3,4,6,1,0,6,1,0,1
"AC003666.1",0,0,0,0,0,0,0,0,0,0
"MID1",5,2,2,0,5,4,9,8,6,11
"AC073529.1",2,0,0,0,2,0,1,1,0,0
"HCCS",1,0,0,2,0,0,0,0,0,1
"ARHGAP6",16,4,14,5,13,11,10,21,8,10
"AC004554.2",0,0,0,0,0,0,0,0,0,0
"MSL3",3,2,1,1,2,1,3,2,0,1
"FRMPD4",3,7,12,4,8,1,1,4,1,2
"PRPS2",0,0,0,2,0,0,1,0,0,2
"TLR7",0,0,0,0,0,0,0,0,0,0
"TLR8-AS1",0,0,0,0,0,0,0,0,0,0
"TLR8",0,0,0,0,0,0,0,0,0,0
"TMSB4X",69,32,52,42,79,103,184,139,50,52
"FAM9C",0,0,0,0,0,0,0,0,0,0
"LINC02154",0,0,0,0,0,0,0,0,0,0
"LINC01203",0,0,0,0,0,0,0,0,0,0
"AC135371.1",0,0,0,0,0,0,0,0,0,0
"EGFL6",0,0,0,0,0,0,0,0,1,0
"TCEANC",0,1,1,0,1,0,0,1,1,0
"RAB9A",4,2,2,1,1,4,5,3,1,4
"TRAPPC2",0,1,2,1,3,2,1,1,4,3
"OFD1",2,2,3,4,9,4,13,5,1,10
"GPM6B",20,34,33,58,43,22,44,18,29,61
"AC003035.2",0,0,0,0,0,0,0,0,0,1
"AC003035.1",0,0,0,0,0,0,0,0,0,0
"GEMIN8",1,0,1,1,1,0,1,3,0,2
"GLRA2",1,0,2,0,0,0,0,0,1,0
"FANCB",0,1,0,0,4,0,2,2,1,0
"MOSPD2",3,1,3,2,6,2,8,3,2,5
"ASB9",0,0,0,0,1,0,0,0,0,0
"ASB11",0,0,0,0,0,0,0,0,0,0
"PIGA",3,0,0,0,0,0,2,0,1,0
"VEGFD",0,1,1,0,1,1,1,0,0,3
"PIR",7,5,2,2,5,2,5,6,3,5
"BMX",0,1,1,0,0,0,1,2,0,0
"ACE2",0,0,0,0,0,0,0,0,0,0
"AC097625.1",0,0,0,0,0,0,0,0,0,0
"CLTRN",0,0,0,0,0,0,0,0,0,0
"CA5B",3,3,6,4,5,1,5,3,4,4
"INE2",0,0,0,0,0,0,0,0,0,0
"ZRSR2",0,0,0,0,3,1,5,1,1,2
"AP1S2",2,5,3,4,8,6,9,7,3,5
"GRPR",0,0,0,0,0,0,0,0,0,0
"AC078993.1",0,0,0,0,0,0,0,0,0,0
"CTPS2",0,0,3,2,5,2,5,3,2,3
"SYAP1",2,3,2,3,2,4,1,2,2,4
"TXLNG",2,1,3,1,5,0,3,2,2,2
"RBBP7",2,2,2,1,4,2,1,4,2,14
"REPS2",6,1,0,2,1,1,3,2,1,10
"NHS",10,5,1,7,11,5,13,11,9,17
"SCML1",4,8,3,2,8,3,11,2,3,7
"RAI2",0,0,0,0,0,2,3,1,0,0
"LINC01456",0,0,0,0,0,0,0,0,0,0
"BEND2",0,0,0,0,0,0,0,0,0,0
"SCML2",2,0,0,0,0,0,1,0,0,1
"CDKL5",4,1,2,2,4,2,5,4,3,5
"RS1",0,0,0,0,0,0,0,0,0,0
"PPEF1",0,0,2,0,0,0,0,0,0,0
"PPEF1-AS1",0,0,0,0,0,0,0,0,0,0
"PHKA2-AS1",0,0,0,0,0,0,0,0,0,0
"PHKA2",1,1,1,2,3,0,1,1,2,4
"ADGRG2",3,0,2,0,2,2,2,0,1,5
"PDHA1",2,2,0,4,1,1,0,2,1,2
"MAP3K15",0,0,0,0,0,0,0,0,0,1
"SH3KBP1",6,8,12,8,12,5,14,6,8,15
"BCLAF3",2,5,2,0,2,2,5,4,0,4
"MAP7D2",2,1,3,2,1,0,0,0,1,0
"EIF1AX",6,7,3,7,3,9,13,10,6,6
"RPS6KA3",9,4,12,5,14,12,30,11,7,16
"AL807740.1",0,0,0,0,0,0,0,0,0,0
"BX088723.1",0,0,0,0,0,0,0,0,0,0
"CNKSR2",2,0,7,6,6,1,6,6,3,2
"KLHL34",0,0,0,0,0,0,0,0,0,0
"SMPX",1,0,0,0,1,0,0,0,0,0
"MBTPS2",2,0,2,1,2,0,4,1,2,1
"SMS",2,0,3,1,2,2,5,3,5,1
"PHEX",2,0,0,0,0,2,0,0,0,0
"PHEX-AS1",0,0,0,0,0,0,0,0,0,0
"PTCHD1-AS",1,2,1,3,1,1,3,1,4,4
"AC092832.2",0,0,0,0,1,0,0,0,0,0
"AC004470.1",0,0,0,0,0,0,0,0,0,0
"DDX53",0,0,0,0,0,0,0,0,0,0
"PTCHD1",1,0,1,0,3,0,1,1,2,0
"PRDX4",1,1,2,1,0,3,3,4,0,1
"ACOT9",2,2,2,3,4,5,5,2,2,5
"AC131011.1",0,0,0,1,0,0,0,0,0,0
"SAT1",37,47,42,33,54,50,73,32,19,55
"APOO",25,10,16,8,21,15,28,23,17,15
"CXorf58",0,0,0,0,0,0,0,0,0,0
"KLHL15",0,1,0,1,1,1,0,0,0,0
"EIF2S3",0,0,3,1,3,3,6,1,4,4
"ZFX-AS1",0,0,0,0,0,0,0,1,0,0
"ZFX",6,2,2,4,5,2,7,4,3,10
"PDK3",1,0,2,1,0,1,6,0,3,2
"PCYT1B",2,0,0,0,3,1,1,1,0,1
"PCYT1B-AS1",0,0,0,0,0,0,0,0,0,1
"POLA1",0,0,4,4,4,0,11,3,6,2
"ARX",0,1,0,0,0,0,0,1,0,0
"AC121342.1",0,0,0,0,0,0,0,0,0,0
"AC112493.1",0,0,0,0,0,0,1,1,0,3
"AC107419.1",1,0,0,0,0,0,0,0,0,1
"DCAF8L2",0,0,1,0,0,0,0,1,0,0
"AC112495.1",0,0,0,0,0,0,0,0,0,0
"IL1RAPL1",79,74,77,99,93,31,163,48,27,167
"MAGEB3",0,0,0,0,0,0,0,0,0,0
"NR0B1",0,0,0,0,0,0,0,0,0,0
"CXorf21",0,0,0,0,0,0,0,0,0,0
"GK",0,1,3,1,1,0,3,0,1,2
"GK-AS1",0,0,0,1,0,0,0,0,1,2
"TAB3",1,0,2,0,2,2,4,1,1,1
"DMD",31,22,34,19,48,20,29,25,30,55
"AL591501.1",1,0,0,1,1,3,1,0,0,2
"AL592043.1",0,0,1,2,1,0,0,0,0,1
"TMEM47",1,1,4,2,4,4,4,3,1,2
"CFAP47",0,0,2,0,0,1,1,4,1,0
"AL606516.1",0,0,0,0,0,0,0,0,0,0
"PRRG1",0,0,0,1,1,0,0,1,0,0
"AF241726.2",1,1,3,2,6,4,15,3,4,3
"DYNLT3",1,1,1,1,0,2,9,4,0,2
"SRPX",1,0,0,0,1,1,1,2,0,1
"RPGR",0,9,10,5,9,8,44,16,7,11
"TSPAN7",7,0,8,1,9,6,5,7,0,4
"AF241728.1",0,0,0,0,0,0,0,0,0,0
"MID1IP1",1,3,3,1,5,4,12,2,3,3
"MID1IP1-AS1",0,0,0,0,0,0,0,0,0,0
"AC108879.1",0,0,0,0,0,0,0,0,0,0
"LINC01282",0,0,0,0,0,0,0,0,0,0
"AC091808.1",0,0,0,0,0,0,0,0,0,0
"BCOR",3,0,4,0,7,7,4,3,12,5
"AC091806.1",0,0,0,0,0,0,0,0,0,0
"ATP6AP2",7,4,4,4,5,6,8,6,9,6
"CXorf38",0,4,0,0,2,2,4,4,0,2
"MED14",3,1,2,1,4,3,6,3,2,6
"MED14OS",0,0,0,0,1,0,0,0,0,0
"USP9X",7,4,11,6,11,8,18,5,6,11
"AL109797.1",0,0,0,0,0,0,0,0,0,0
"DDX3X",4,3,6,3,3,5,15,8,7,11
"NYX",0,0,0,0,0,1,0,0,0,0
"CASK",8,3,11,2,10,9,14,8,10,16
"GPR34",0,0,0,0,1,0,0,0,0,1
"GPR82",1,1,1,0,0,0,3,2,0,2
"Z93403.1",0,0,0,0,0,0,1,0,0,0
"PINCR",0,0,0,0,0,0,0,0,0,0
"MAOA",4,3,6,2,4,12,30,9,4,8
"MAOB",0,1,0,1,0,0,2,1,0,2
"NDP",0,0,0,2,0,0,1,0,0,1
"NDP-AS1",0,0,0,0,0,0,0,0,0,0
"EFHC2",0,0,0,0,0,0,0,0,0,0
"FUNDC1",2,0,0,0,1,4,2,0,0,1
"KDM6A",10,7,6,8,11,11,20,6,8,14
"CXorf36",3,3,4,1,14,3,12,4,8,8
"AC136489.1",0,0,0,0,0,0,1,0,0,0
"LINC01204",0,0,1,0,0,0,0,0,0,0
"MIR222HG",0,1,1,2,1,2,4,1,1,3
"AC234772.2",0,0,0,0,0,0,0,0,0,0
"KRBOX4",8,2,3,0,8,1,4,8,3,9
"ZNF674",3,0,0,0,1,0,4,1,0,2
"ZNF674-AS1",0,0,0,0,0,0,0,1,0,0
"CHST7",1,1,2,0,0,1,2,0,0,2
"SLC9A7",0,2,2,1,1,0,2,2,1,1
"RP2",0,0,1,0,3,1,4,2,0,2
"LINC01545",0,0,0,0,0,2,0,0,0,1
"JADE3",1,1,0,4,3,1,4,0,0,4
"RGN",2,0,0,0,1,1,1,1,4,4
"NDUFB11",3,4,8,5,6,5,16,4,7,2
"RBM10",1,2,1,4,4,2,5,1,0,2
"UBA1",3,2,5,4,4,7,12,5,4,5
"CDK16",1,1,1,0,0,2,5,2,2,2
"USP11",4,3,6,3,6,3,4,7,4,3
"ZNF157",0,0,0,0,0,0,1,0,0,0
"ZNF41",2,0,1,0,0,0,2,2,0,1
"LINC01560",0,0,2,0,2,1,0,2,0,3
"ARAF",0,3,1,0,0,0,2,2,2,2
"SYN1",3,1,8,2,4,0,4,2,1,1
"TIMP1",6,12,14,6,10,41,32,35,16,30
"CFP",0,0,0,0,0,0,0,0,0,0
"ELK1",0,0,0,0,0,2,1,1,0,2
"UXT",0,0,1,0,4,5,1,7,0,1
"ZNF81",2,0,1,3,4,0,3,2,1,3
"ZNF182",0,0,0,0,0,0,0,0,1,0
"ZNF630",0,1,0,0,2,1,3,1,1,3
"SPACA5",0,0,0,0,0,0,0,0,0,0
"ZNF630-AS1",0,0,0,1,0,0,0,0,0,0
"SLC38A5",5,7,2,10,8,1,5,0,2,1
"FTSJ1",0,0,0,1,0,0,1,0,0,0
"AF196972.1",0,0,0,0,0,0,0,0,0,0
"PORCN",0,0,0,0,0,0,3,0,1,1
"EBP",1,0,0,0,0,0,2,3,0,1
"TBC1D25",0,1,1,2,2,0,0,1,1,2
"AC115618.1",0,0,0,0,1,0,0,0,0,0
"RBM3",3,2,1,1,5,1,8,1,1,2
"AC115618.2",0,0,0,0,0,0,0,0,0,0
"WDR13",3,0,4,2,1,5,11,3,2,5
"WAS",1,0,0,0,0,0,0,0,0,0
"SUV39H1",1,0,0,0,0,0,2,0,0,0
"AC231533.1",1,0,1,0,0,0,0,1,0,0
"GLOD5",0,0,0,0,0,0,0,0,0,0
"GATA1",0,1,1,0,0,0,0,0,0,0
"HDAC6",0,1,1,1,2,1,2,2,6,2
"ERAS",0,0,0,1,0,0,0,0,0,0
"PCSK1N",14,5,7,4,7,1,7,1,3,2
"TIMM17B",1,1,2,1,2,3,3,1,4,3
"PQBP1",3,0,2,2,1,2,2,1,0,1
"SLC35A2",1,0,1,1,0,2,1,0,1,1
"PIM2",0,0,1,0,0,0,0,1,1,1
"OTUD5",3,2,1,2,1,1,0,1,3,3
"KCND1",0,0,0,0,0,0,2,0,0,0
"GRIPAP1",5,2,1,0,1,0,2,2,1,6
"TFE3",4,0,2,3,2,0,3,1,0,2
"CCDC120",1,0,1,0,0,1,0,1,1,2
"PRAF2",2,2,4,0,0,0,5,3,0,0
"WDR45",1,3,2,1,5,2,5,2,1,5
"GPKOW",0,0,1,0,2,1,1,1,0,1
"MAGIX",0,0,0,0,0,0,0,0,0,0
"PLP2",0,1,0,0,1,2,5,3,1,0
"PRICKLE3",0,0,0,0,1,0,0,0,0,0
"SYP",13,1,4,3,7,2,8,0,0,4
"SYP-AS1",0,0,0,0,0,0,0,0,0,0
"CACNA1F",0,0,0,0,0,0,0,0,0,0
"CCDC22",1,2,0,1,0,0,2,1,0,0
"FOXP3",0,0,0,0,0,0,0,0,0,0
"PPP1R3F",0,0,0,1,1,0,1,0,0,1
"GAGE10",0,0,0,0,0,0,0,0,0,0
"USP27X-AS1",0,0,0,0,0,0,0,0,0,0
"USP27X",0,0,1,0,0,0,0,0,0,0
"CLCN5",0,1,1,0,1,0,3,3,0,1
"CCNB3",1,0,1,0,0,0,0,0,0,1
"DGKK",0,0,0,0,0,0,0,0,0,0
"SHROOM4",12,15,5,8,21,5,21,10,3,19
"LINC01284",0,0,0,0,0,0,0,0,0,0
"NUDT10",1,0,0,0,0,0,1,0,1,0
"AC233976.1",0,0,0,0,0,0,0,0,0,0
"AL158055.1",0,1,0,0,1,0,0,1,1,1
"NUDT11",0,0,0,0,1,0,0,0,0,0
"LINC01496",0,0,0,0,0,0,0,0,0,0
"CENPVL3",0,0,0,0,0,0,0,0,0,0
"GSPT2",0,0,0,0,0,0,0,0,0,0
"MAGED1",4,4,5,2,4,3,4,6,9,14
"AC239585.2",0,0,0,0,0,0,0,0,0,0
"SSX2B",0,0,0,0,0,0,0,0,0,0
"FAM156B",0,0,0,0,0,0,0,0,0,0
"FAM156A",0,0,0,0,0,1,2,0,0,0
"GPR173",0,1,2,2,4,0,1,1,2,4
"TSPYL2",1,2,4,1,4,6,2,1,1,7
"KANTR",7,3,9,1,7,3,7,3,3,12
"KDM5C",0,2,4,0,1,2,2,2,2,3
"IQSEC2",2,1,5,0,0,0,6,2,1,4
"SMC1A",4,3,1,2,3,6,4,3,5,4
"RIBC1",0,0,0,0,0,0,0,0,0,0
"HSD17B10",0,1,4,1,1,2,2,3,0,1
"HUWE1",6,6,5,2,12,8,15,8,7,9
"PHF8",5,1,1,3,2,2,3,4,2,3
"FAM120C",5,3,0,2,2,1,7,0,2,4
"WNK3",1,0,2,1,0,2,0,0,2,5
"TSR2",0,1,2,0,1,2,3,0,0,3
"FGD1",1,0,1,0,2,0,0,1,0,0
"GNL3L",1,0,1,1,1,1,3,1,2,0
"ITIH6",0,0,0,0,1,0,0,0,0,0
"MAGED2",2,4,0,0,7,4,4,7,4,5
"TRO",0,0,1,1,2,0,0,2,3,0
"PFKFB1",0,0,0,0,0,0,0,0,0,0
"APEX2",1,0,0,0,0,0,1,1,0,1
"ALAS2",0,0,0,0,0,0,0,0,0,0
"PAGE2B",0,0,0,0,0,0,0,0,0,0
"FAM104B",1,0,0,2,1,0,3,1,0,1
"MTRNR2L10",0,0,0,0,0,0,0,0,0,0
"MAGEH1",0,0,1,1,3,4,1,4,3,6
"USP51",1,2,1,1,0,1,0,3,1,0
"RRAGB",1,1,2,3,2,2,5,4,2,7
"AL445472.1",2,0,6,3,7,4,3,5,6,4
"KLF8",1,0,1,0,0,1,6,1,0,3
"UBQLN2",3,1,0,5,3,0,4,2,2,1
"AL354793.1",0,0,0,0,0,0,0,0,0,0
"NBDY",9,4,8,2,11,4,15,8,8,10
"SPIN3",0,1,4,0,2,3,1,1,0,2
"AL139397.1",0,0,0,0,0,0,0,0,0,0
"SPIN2B",0,0,0,0,0,3,3,0,0,1
"AL022157.1",0,0,0,0,0,0,0,0,0,0
"SPIN2A",0,0,0,0,0,0,0,0,0,0
"FAAH2",1,0,3,1,2,1,1,0,0,4
"ZXDB",0,0,0,0,1,2,0,1,0,1
"NLRP2B",0,0,0,0,0,0,0,0,0,0
"ZXDA",0,0,0,0,1,0,0,0,0,0
"SPIN4",0,0,0,0,0,0,0,1,0,1
"SPIN4-AS1",0,0,0,0,0,0,0,0,0,0
"ARHGEF9",3,1,9,2,3,4,2,1,3,3
"AMER1",0,0,0,0,0,0,0,0,0,0
"ASB12",0,0,0,0,0,0,0,0,0,0
"MTMR8",2,0,1,1,3,0,0,1,0,2
"ZC4H2",5,1,5,3,3,7,3,1,8,7
"ZC3H12B",2,2,4,1,4,0,5,1,4,9
"LAS1L",0,1,0,0,1,1,0,3,0,0
"MSN",7,12,14,7,8,5,16,12,7,18
"AL034397.3",0,0,0,1,1,0,0,0,0,0
"VSIG4",0,0,0,0,0,1,1,0,0,0
"HEPH",2,0,0,1,4,1,3,3,4,4
"EDA2R",0,1,1,0,1,0,1,0,0,3
"AR",0,2,1,2,3,3,0,0,2,0
"AL157700.1",0,0,0,0,0,1,0,0,0,0
"OPHN1",4,1,11,3,14,4,19,5,13,18
"YIPF6",4,0,4,0,4,2,7,2,3,4
"STARD8",0,3,4,3,4,2,4,4,5,0
"EFNB1",0,1,0,1,2,3,4,0,1,2
"PJA1",1,0,0,0,3,0,0,1,1,1
"LINC00269",0,0,0,0,0,0,0,0,0,0
"FAM155B",0,0,0,0,0,0,0,0,0,0
"EDA",4,0,1,1,5,3,6,6,6,11
"AWAT2",0,0,0,0,0,0,0,0,0,0
"OTUD6A",0,0,0,0,0,0,0,0,0,0
"IGBP1",1,3,4,1,5,5,4,5,2,5
"IGBP1-AS2",0,0,0,0,0,0,0,0,0,0
"IGBP1-AS1",0,0,0,0,0,0,0,0,0,0
"DGAT2L6",0,0,0,0,0,0,0,1,0,0
"AWAT1",0,0,0,0,0,0,0,0,0,0
"ARR3",0,0,0,0,0,0,0,0,0,0
"PDZD11",0,1,0,0,1,0,1,1,1,1
"KIF4A",0,0,0,0,0,0,1,0,0,0
"GDPD2",0,0,0,0,0,0,0,0,0,0
"AL139398.1",0,0,0,0,0,0,0,1,0,0
"DLG3",1,0,2,3,2,0,1,2,1,0
"TEX11",0,0,2,0,1,0,0,1,0,0
"SLC7A3",0,0,0,0,0,0,0,0,0,0
"SNX12",1,0,1,1,1,0,4,1,1,0
"FOXO4",0,0,0,0,0,0,0,1,0,1
"AL590764.2",0,0,0,0,0,0,0,0,0,0
"MED12",0,2,2,1,1,1,1,1,0,0
"NLGN3",0,0,0,2,1,0,1,0,0,0
"AL590764.1",0,0,0,0,0,0,0,1,0,0
"GJB1",1,1,1,2,1,1,2,0,1,4
"ZMYM3",2,0,1,2,5,2,4,3,2,1
"NONO",1,2,4,6,2,2,7,7,4,1
"ITGB1BP2",0,0,0,0,0,0,0,0,0,0
"TAF1",1,2,6,6,8,9,15,8,2,10
"OGT",4,2,5,1,8,2,5,3,6,8
"GCNA",0,0,2,0,1,0,0,1,0,1
"BX276092.9",0,0,0,0,0,0,0,0,0,0
"LINC00891",0,0,0,0,0,0,1,0,0,1
"NHSL2",6,4,8,5,9,6,8,8,9,19
"RTL5",0,0,0,1,1,0,0,1,1,1
"PIN4",3,1,2,3,5,8,1,5,8,7
"ERCC6L",0,0,1,0,0,0,0,0,0,0
"RPS4X",10,9,6,1,11,8,13,20,10,7
"CITED1",1,0,1,0,1,0,0,0,0,0
"HDAC8",9,9,8,3,20,4,24,12,9,23
"PHKA1",2,2,1,1,1,1,6,2,1,1
"PHKA1-AS1",0,0,0,0,0,0,1,0,0,0
"DMRTC1B",0,0,0,0,0,0,0,0,0,0
"DMRTC1",0,0,0,0,0,0,0,0,0,0
"PABPC1L2B",0,0,0,0,0,0,0,0,0,0
"PABPC1L2A",0,0,0,0,0,0,0,0,0,0
"NAP1L2",1,2,2,1,5,0,2,2,0,1
"CHIC1",5,1,0,3,5,3,8,5,2,7
"TSIX",0,0,0,0,0,0,0,0,0,0
"XIST",0,0,0,0,0,0,0,0,0,0
"JPX",12,3,8,6,16,10,19,14,15,16
"FTX",53,37,73,29,85,28,118,49,53,123
"SLC16A2",1,1,1,3,4,1,4,4,5,4
"RLIM",1,0,1,2,3,2,4,0,1,5
"NEXMIF",0,0,5,2,2,0,0,1,2,3
"ABCB7",3,1,7,5,10,3,7,2,4,9
"UPRT",1,0,0,1,1,1,1,2,1,0
"ZDHHC15",1,1,1,0,3,1,1,1,1,4
"MAGEE2",0,0,0,0,0,0,0,0,1,0
"PBDC1",0,0,1,1,4,1,1,3,0,1
"MAGEE1",2,0,0,0,0,1,1,1,0,0
"AC233296.1",4,2,3,2,5,2,6,7,3,1
"FGF16",0,0,0,0,0,0,0,0,0,0
"ATRX",22,11,24,15,32,12,51,38,24,38
"MAGT1",2,2,2,2,3,0,3,3,3,4
"COX7B",6,6,7,2,4,10,12,10,5,4
"ATP7A",1,0,0,0,0,0,0,0,0,0
"PGK1",7,4,7,15,6,4,16,18,2,8
"TAF9B",0,0,0,0,1,1,3,1,1,0
"CYSLTR1",0,0,1,0,2,1,2,2,1,1
"LPAR4",2,0,1,0,0,0,0,0,0,0
"P2RY10",0,0,0,0,0,0,0,0,0,0
"GPR174",0,0,0,0,0,0,0,0,0,0
"ITM2A",14,21,10,18,17,32,39,10,26,16
"TBX22",0,0,0,0,0,0,0,0,0,0
"TENT5D",1,0,0,0,0,0,0,0,0,0
"BRWD3",5,4,2,0,5,3,14,9,5,2
"AL391294.1",0,0,0,0,0,0,0,0,0,0
"HMGN5",1,3,0,0,1,1,4,1,2,2
"SH3BGRL",4,4,7,7,13,7,6,11,4,6
"POU3F4",0,0,1,0,0,0,0,1,0,0
"CYLC1",0,0,0,0,0,0,0,0,0,0
"RPS6KA6",0,2,2,0,1,2,0,1,0,1
"HDX",2,0,5,5,7,3,3,2,3,2
"APOOL",5,0,2,2,5,1,6,2,1,3
"SATL1",0,0,0,0,0,0,0,0,0,0
"ZNF711",0,0,1,0,0,0,0,1,0,0
"POF1B",0,0,0,0,0,0,0,0,0,0
"CHM",5,7,10,2,4,4,5,7,7,9
"DACH2",1,2,2,1,2,0,0,1,3,2
"KLHL4",1,1,4,3,2,0,12,4,1,9
"Z83818.2",0,0,0,0,0,0,0,0,0,0
"AL121872.1",0,0,0,0,0,0,0,0,0,0
"PABPC5-AS1",0,0,0,0,0,0,0,0,0,0
"PABPC5",1,0,1,0,0,0,0,0,0,1
"PCDH11X",5,0,6,3,2,1,8,5,2,1
"NAP1L3",1,1,2,2,1,0,2,0,0,2
"FAM133A",2,0,0,0,2,0,1,0,0,0
"DIAPH2",10,1,13,2,19,11,31,17,12,18
"DIAPH2-AS1",1,2,4,0,0,1,2,1,0,1
"AL157778.1",0,0,0,0,0,0,0,0,0,0
"PCDH19",1,1,2,0,0,2,2,0,5,1
"TNMD",0,0,0,0,0,0,0,0,0,0
"TSPAN6",1,1,0,2,1,0,2,0,0,2
"SRPX2",17,1,26,1,13,1,9,3,14,15
"SYTL4",1,3,4,0,9,2,11,4,6,4
"CSTF2",0,0,0,0,2,0,1,1,1,0
"NOX1",0,0,0,0,0,0,0,0,0,0
"XKRX",0,0,0,0,0,0,0,0,0,0
"ARL13A",0,0,0,0,0,0,0,1,0,0
"TRMT2B",0,1,1,0,1,0,2,0,0,1
"TMEM35A",1,0,2,0,2,0,0,2,1,0
"CENPI",2,0,0,0,0,0,1,1,0,0
"DRP2",0,0,2,0,0,0,0,1,1,1
"TAF7L",0,0,0,0,0,0,0,0,0,0
"TIMM8A",0,0,0,0,0,0,0,0,0,1
"BTK",0,0,0,0,0,0,0,0,0,0
"RPL36A-HNRNPH2",0,0,2,0,0,0,0,0,0,0
"GLA",0,1,2,0,0,1,2,2,2,3
"HNRNPH2",0,1,1,3,0,3,3,6,1,1
"ARMCX4",6,2,7,6,6,4,17,6,2,14
"ARMCX1",1,0,2,0,1,0,1,2,0,3
"ARMCX6",0,0,0,1,1,3,0,2,0,0
"ARMCX3",4,5,4,0,6,2,3,4,0,6
"ARMCX3-AS1",0,0,0,0,0,0,0,0,0,0
"ARMCX2",3,0,1,2,1,2,3,3,2,2
"NXF5",0,0,0,0,0,0,0,0,0,0
"ZMAT1",5,2,2,3,9,1,6,6,3,4
"TCEAL2",5,2,0,1,2,2,2,2,0,2
"TCEAL6",1,1,0,0,0,0,1,0,0,0
"BEX5",4,8,1,5,4,0,5,5,5,0
"NXF2",0,0,0,0,0,0,0,0,0,0
"AC235565.2",0,0,0,0,0,0,0,0,0,0
"TMSB15A",0,0,0,0,0,0,0,1,0,1
"ARMCX5",0,1,0,1,2,1,1,1,1,1
"AL035427.1",0,0,0,0,0,0,0,0,0,1
"GPRASP1",2,0,3,2,0,1,2,1,1,3
"GPRASP2",0,0,4,0,2,0,0,0,0,0
"BHLHB9",5,0,4,1,1,2,3,1,1,2
"LINC00630",5,0,0,0,0,1,1,2,2,0
"Z68871.1",1,0,0,1,1,0,0,0,0,1
"RAB40AL",0,0,0,0,0,0,0,0,0,0
"Z95624.1",0,0,0,0,0,0,0,0,0,0
"BEX1",9,9,8,5,2,1,2,1,0,2
"NXF3",0,0,0,0,0,0,0,0,0,0
"BEX4",5,4,7,1,3,3,4,2,2,7
"TCEAL8",3,3,1,1,4,2,6,2,2,3
"TCEAL5",2,0,3,0,0,0,0,0,0,1
"BEX2",7,2,2,2,6,1,2,0,0,4
"TCEAL7",1,0,1,1,1,3,3,4,1,5
"TCEAL9",2,1,2,6,6,8,12,13,7,9
"BEX3",19,14,9,2,13,12,11,10,14,12
"Z69733.1",0,0,0,0,0,0,0,0,0,0
"RAB40A",1,0,0,1,0,0,0,0,0,0
"TCEAL4",5,1,5,1,2,4,7,8,2,14
"TCEAL3",1,3,4,3,1,2,2,1,2,4
"TCEAL3-AS1",0,0,0,0,0,0,1,0,0,0
"TCEAL1",0,0,1,0,3,1,3,4,2,4
"MORF4L2",9,6,7,5,6,12,15,11,3,10
"MORF4L2-AS1",0,0,1,0,1,0,0,0,0,0
"GLRA4",0,0,1,0,0,0,0,0,0,0
"TMEM31",0,0,0,0,0,0,0,0,0,1
"PLP1",46,51,33,63,57,54,150,17,28,127
"RAB9B",1,0,1,0,0,0,2,0,0,0
"TMSB15B-AS1",0,0,0,0,0,0,0,0,0,0
"TMSB15B",0,0,0,0,0,0,0,0,0,0
"H2BFM",0,0,0,0,0,0,0,0,0,0
"TMSB15B-1",0,0,1,0,0,1,0,0,0,0
"SLC25A53",1,2,2,0,7,1,4,3,3,4
"ZCCHC18",0,0,0,0,0,0,2,0,0,0
"FAM199X",1,2,2,5,2,2,4,1,2,3
"IL1RAPL2",0,0,7,1,0,2,3,0,1,1
"NRK",0,0,0,0,1,2,0,0,0,0
"MUM1L1",4,0,1,0,1,0,0,0,0,0
"CXorf57",0,0,0,0,0,1,2,1,0,0
"RNF128",0,0,1,0,1,0,0,0,1,1
"TBC1D8B",0,0,0,0,3,0,3,0,0,1
"MORC4",6,1,1,1,7,0,3,1,1,1
"CLDN2",0,0,0,0,0,0,0,0,0,0
"RBM41",1,1,1,2,3,2,10,5,1,4
"NUP62CL",0,1,0,0,0,0,0,0,0,0
"PIH1D3",0,0,0,0,0,0,0,0,0,0
"FRMPD3-AS1",0,0,0,0,0,0,0,0,0,0
"FRMPD3",0,0,0,0,0,0,1,0,0,0
"PRPS1",0,0,0,5,0,1,2,0,1,1
"TSC22D3",3,6,6,11,21,21,32,14,20,48
"NCBP2L",0,0,0,0,0,0,0,0,0,0
"MID2",1,1,1,0,1,0,3,1,0,1
"AL034399.2",0,0,1,1,0,0,0,0,0,1
"VSIG1",0,0,0,0,0,0,1,0,0,0
"PSMD10",0,0,2,0,1,1,0,1,0,0
"ATG4A",0,0,1,0,1,2,4,0,1,0
"COL4A6",0,0,0,0,0,0,0,0,2,2
"COL4A5",18,7,6,7,7,6,18,5,11,18
"AL035425.2",0,0,0,0,0,0,0,0,0,1
"AL035425.1",0,0,0,0,0,0,0,0,0,0
"GUCY2F",0,0,1,0,0,0,0,0,0,0
"NXT2",0,0,0,0,0,1,0,1,0,0
"KCNE5",0,0,0,0,0,0,0,0,0,0
"ACSL4",4,2,3,3,7,9,9,5,7,11
"TMEM164",2,0,1,1,4,0,8,2,3,2
"AMMECR1",3,2,1,2,3,2,5,2,0,2
"RTL9",0,0,1,0,0,0,0,0,0,1
"CHRDL1",0,0,1,0,0,0,2,0,0,1
"PAK3",4,3,9,2,4,2,5,2,2,6
"DCX",0,0,0,0,1,0,0,0,0,0
"ALG13",3,2,11,2,5,1,10,8,8,8
"ALG13-AS1",0,0,1,0,0,0,0,0,0,0
"TRPC5",0,0,0,0,0,0,1,0,1,1
"TRPC5OS",1,0,0,0,0,0,0,0,0,0
"LHFPL1",0,0,0,0,0,0,0,0,0,0
"AMOT",0,1,1,1,1,1,0,0,0,1
"XACT",0,0,0,1,1,1,0,0,0,4
"HTR2C",0,0,1,0,1,0,1,1,0,0
"IL13RA2",0,0,0,0,0,0,0,0,0,0
"LRCH2",2,0,0,1,4,1,3,2,0,1
"PLS3-AS1",2,1,1,0,2,0,1,0,1,6
"PLS3",6,8,9,2,14,8,7,8,4,20
"DANT2",8,1,8,0,11,6,6,3,6,17
"KLHL13",6,0,6,0,1,0,2,1,2,4
"WDR44",3,1,8,1,3,3,12,3,2,11
"DOCK11",1,0,5,3,4,0,1,2,2,6
"IL13RA1",1,6,7,3,3,2,16,9,1,2
"ZCCHC12",0,0,0,0,0,0,0,0,0,0
"LINC01285",0,2,0,0,0,2,0,0,0,0
"LONRF3",2,0,0,0,1,0,0,1,1,2
"KIAA1210",0,0,0,0,0,0,0,0,0,0
"PGRMC1",5,5,9,3,7,9,8,7,7,5
"AC004835.1",1,0,0,0,0,0,0,0,0,0
"AC004973.1",0,0,0,0,0,0,0,0,0,0
"SLC25A43",10,2,9,2,5,0,1,5,1,4
"SLC25A5",2,2,1,0,4,3,3,6,2,0
"CXorf56",3,0,2,1,1,0,1,1,0,1
"UBE2A",0,1,1,2,1,4,3,6,3,2
"NKRF",0,1,3,0,1,0,1,1,1,0
"SEPT6",3,1,4,1,6,4,4,7,1,3
"SOWAHD",0,0,0,0,0,0,0,0,0,0
"RPL39",0,0,2,2,2,7,1,4,8,0
"UPF3B",4,5,5,0,8,6,9,2,4,4
"RNF113A",0,1,0,0,0,2,1,0,0,1
"NDUFA1",7,6,3,2,8,3,15,15,6,8
"AKAP14",1,0,0,0,0,0,0,0,0,0
"NKAP",1,0,4,4,3,1,1,1,4,2
"RHOXF1-AS1",0,1,0,0,0,1,0,1,1,1
"RHOXF1",0,0,0,0,0,0,0,0,0,0
"LINC01402",0,0,0,0,0,0,1,0,0,0
"ZBTB33",0,1,3,1,1,0,2,1,0,1
"TMEM255A",0,0,0,0,1,1,1,0,0,0
"LAMP2",10,13,12,17,19,10,38,11,11,13
"CUL4B",0,0,0,1,3,1,2,5,1,0
"MCTS1",1,2,4,2,4,0,3,6,2,4
"C1GALT1C1",0,0,0,0,3,2,1,2,0,0
"GLUD2",0,0,0,0,0,0,0,0,0,0
"AL359851.1",0,0,0,0,0,0,0,0,0,0
"GRIA3",6,3,4,4,6,1,2,2,1,3
"THOC2",8,2,9,7,13,14,21,22,6,18
"XIAP",5,3,8,9,9,1,5,5,8,6
"XIAP-AS1",1,0,0,0,0,0,0,0,1,0
"AL121601.1",0,0,0,0,1,0,0,0,0,0
"STAG2",7,9,12,9,11,5,15,6,9,10
"TENM1",0,0,0,0,2,2,1,2,4,2
"DCAF12L2",0,0,0,0,0,0,0,0,0,1
"AL442647.1",0,0,0,0,1,0,0,0,0,2
"SMARCA1",4,1,4,2,2,2,9,1,5,3
"OCRL",2,4,0,0,3,2,1,2,1,2
"APLN",0,1,0,0,0,0,0,0,0,0
"XPNPEP2",0,0,0,0,0,0,1,0,0,0
"SASH3",0,0,0,0,0,0,0,0,0,1
"ZDHHC9",3,2,4,2,2,0,7,3,3,1
"AL034405.1",2,1,3,1,1,0,0,1,1,3
"UTP14A",1,0,0,0,0,0,3,1,0,0
"BCORL1",0,0,1,0,1,1,0,0,1,2
"ELF4",0,0,0,0,1,0,0,0,0,0
"AIFM1",1,1,2,0,1,0,1,1,4,5
"RAB33A",1,2,2,0,1,1,1,0,0,2
"ZNF280C",2,1,1,0,0,1,1,0,1,3
"SLC25A14",1,0,3,0,1,1,1,1,0,1
"RBMX2",1,0,0,1,0,0,1,1,2,0
"ENOX2",4,3,3,7,8,7,13,9,4,8
"LINC01201",0,0,0,0,0,0,0,0,0,0
"ARHGAP36",0,0,0,0,0,0,0,0,0,0
"IGSF1",0,0,0,1,1,0,4,1,0,0
"FIRRE",0,0,2,2,1,1,4,3,0,0
"STK26",0,0,0,0,0,0,1,1,0,1
"FRMD7",0,0,0,0,0,0,0,0,0,0
"RAP2C",1,0,1,0,0,0,0,3,1,4
"RAP2C-AS1",2,5,2,0,2,1,2,2,2,1
"MBNL3",3,1,4,0,0,0,2,0,3,3
"HS6ST2",1,2,2,0,2,0,3,0,0,1
"USP26",0,0,1,0,0,0,0,0,0,0
"GPC4",3,1,4,2,2,0,9,0,6,5
"GPC3",6,2,7,0,11,0,1,2,4,1
"CCDC160",0,0,1,0,0,1,1,1,0,0
"PHF6",1,3,1,1,6,2,3,2,2,6
"HPRT1",6,3,7,3,4,5,13,4,1,4
"MIR503HG",0,0,0,0,0,0,0,0,0,0
"LINC00629",0,0,0,0,0,0,0,1,0,0
"PLAC1",0,0,0,0,1,0,0,1,0,0
"AL672032.1",0,0,0,0,0,0,0,0,0,0
"FAM122B",0,0,0,2,0,1,1,2,1,3
"FAM122C",2,2,2,0,5,1,0,0,0,4
"MOSPD1",0,1,3,1,1,3,2,1,0,2
"LINC02243",0,0,0,0,0,0,0,0,0,0
"SMIM10",0,0,0,0,0,1,2,0,2,1
"RTL8B",1,0,2,0,0,0,2,1,0,1
"RTL8C",3,5,11,4,3,9,13,4,3,5
"RTL8A",1,0,5,1,2,4,5,6,2,3
"SMIM10L2B-AS1",0,0,0,0,0,0,0,0,0,0
"SMIM10L2B",0,1,0,0,2,0,0,0,0,0
"CT55",0,0,0,0,0,0,0,0,0,0
"ZNF75D",1,0,1,1,4,1,3,1,1,0
"ZNF449",0,2,0,1,0,0,0,0,0,1
"SMIM10L2A",0,0,0,0,0,0,0,0,0,0
"INTS6L",2,1,2,2,6,0,3,2,2,3
"SAGE1",0,0,0,0,0,0,0,0,0,0
"MMGT1",0,1,1,0,2,2,2,0,1,0
"SLC9A6",4,3,2,1,6,1,9,2,1,6
"FHL1",5,3,4,2,8,1,6,3,3,4
"MAP7D3",0,0,0,0,1,3,0,1,0,1
"ADGRG4",0,0,0,0,0,0,0,0,0,0
"HTATSF1",0,0,1,2,1,0,2,0,2,3
"ARHGEF6",1,2,5,0,1,3,0,1,4,4
"AL683813.1",2,3,1,0,1,0,1,2,1,6
"RBMX",9,3,6,9,20,10,16,15,9,18
"ZIC3",0,0,1,0,3,0,2,0,1,1
"Z96074.1",2,0,2,1,0,1,5,2,3,3
"FGF13",12,3,5,0,11,4,1,6,7,11
"FGF13-AS1",0,0,0,0,0,0,0,0,0,0
"F9",0,0,0,0,0,0,0,0,0,1
"MCF2",1,0,0,0,0,0,1,0,0,0
"ATP11C",4,4,1,0,6,2,11,10,4,5
"SOX3",0,0,0,0,0,0,0,0,0,0
"AL844175.1",0,0,0,0,0,0,0,0,0,0
"LINC00632",11,3,3,1,5,1,6,5,2,11
"CDR1",0,1,0,0,0,0,0,0,0,0
"AL078639.1",2,2,0,1,1,0,0,1,1,0
"AL451048.1",0,0,0,0,0,0,0,0,0,0
"AC234778.2",0,0,0,0,0,0,0,0,0,0
"LDOC1",0,0,1,0,0,1,1,2,1,0
"SPANXA2-OT1",1,0,0,1,0,0,1,0,0,3
"MAGEC3",2,0,0,0,0,0,0,0,0,3
"AC239727.1",0,0,0,0,0,0,0,0,0,0
"SLITRK4",2,3,1,1,1,0,1,1,1,2
"AL500522.1",0,0,0,0,0,0,0,0,0,0
"SLITRK2",0,0,1,0,1,1,3,0,0,1
"AL589669.1",0,0,3,0,0,0,2,0,1,1
"L29074.1",0,0,0,0,0,0,0,0,0,0
"FMR1",1,1,1,0,5,2,7,4,2,8
"FMR1NB",0,0,0,0,0,0,0,0,0,0
"AFF2",0,1,2,2,1,0,2,3,0,21
"IDS",7,3,11,8,14,10,13,8,4,6
"AC244197.3",0,0,0,0,0,0,0,0,0,0
"LINC00893",0,0,0,1,0,0,0,0,0,0
"CXorf40A",0,0,0,0,0,0,0,0,1,0
"TMEM185A",0,0,1,0,1,1,3,1,3,1
"LINC00850",0,0,0,0,0,0,1,0,0,0
"CXorf40B",0,1,0,0,0,0,0,0,0,0
"LINC00894",4,1,9,3,6,4,6,3,15,16
"MAMLD1",1,0,1,0,0,2,3,0,0,1
"MTM1",3,2,3,2,7,2,15,3,3,8
"MTMR1",3,2,3,0,3,2,5,4,1,2
"CD99L2",4,5,3,1,4,3,3,3,2,5
"HMGB3",1,0,0,0,0,0,0,0,0,0
"VMA21",0,2,4,1,0,1,2,2,2,2
"BX546450.2",0,0,0,0,0,0,0,0,0,0
"PASD1",0,0,0,0,0,0,0,0,0,0
"PRRG3",1,1,0,1,2,1,0,0,0,0
"FATE1",0,0,0,0,0,0,0,0,0,0
"GABRE",0,0,1,1,0,0,4,0,4,1
"AC116666.1",0,0,0,0,0,0,0,0,0,0
"GABRA3",1,2,1,0,4,0,1,1,0,0
"GABRQ",0,0,0,0,0,0,0,0,0,0
"CSAG1",1,1,3,0,1,1,0,3,0,0
"CETN2",2,0,2,0,1,2,1,0,3,1
"NSDHL",1,0,0,0,2,0,1,1,0,0
"ZNF185",0,0,0,0,0,0,0,0,0,0
"PNMA5",0,0,0,0,0,0,0,1,0,0
"PNMA3",1,1,2,1,1,0,1,0,1,0
"PNMA6A",2,1,2,2,0,0,0,0,2,0
"PNMA6F",0,0,1,0,0,0,0,0,0,0
"ZNF275",0,0,0,0,0,0,1,0,0,0
"ZFP92",0,1,1,0,1,2,1,0,0,0
"TREX2",0,0,0,0,0,0,0,0,0,0
"HAUS7",0,0,0,0,0,0,0,0,0,0
"BGN",8,3,7,3,9,23,16,29,16,5
"ATP2B3",0,1,1,0,0,0,1,1,0,1
"CCNQ",0,1,0,2,0,0,3,1,3,2
"DUSP9",0,0,0,0,0,0,0,0,0,0
"PNCK",2,1,2,1,2,0,1,1,0,1
"SLC6A8",2,5,4,1,1,2,7,0,3,1
"BCAP31",6,6,4,0,8,10,11,1,3,4
"ABCD1",0,1,1,0,0,0,0,0,0,0
"U52111.1",0,1,1,0,0,0,0,0,0,0
"PLXNB3",0,0,0,0,0,0,0,0,0,0
"SRPK3",0,0,0,0,0,0,0,0,0,0
"IDH3G",0,1,2,2,1,0,1,6,2,1
"SSR4",5,2,3,2,4,7,8,7,8,4
"PDZD4",2,1,2,0,3,0,0,2,3,0
"L1CAM",1,0,0,0,0,0,0,1,0,1
"U52112.2",0,0,0,0,0,0,0,0,0,0
"ARHGAP4",0,0,0,0,0,0,0,0,0,1
"NAA10",0,0,0,0,0,0,0,0,0,0
"RENBP",1,0,1,0,0,0,2,0,1,0
"HCFC1",0,1,2,0,1,1,3,1,0,0
"HCFC1-AS1",0,0,0,0,0,0,0,0,0,0
"TMEM187",0,0,1,0,1,0,0,1,0,0
"IRAK1",1,0,0,0,0,0,3,0,0,0
"MECP2",2,7,4,1,7,6,9,6,4,5
"TEX28",0,0,0,0,0,0,0,0,0,0
"TKTL1",0,0,0,0,0,0,0,0,0,0
"FLNA",6,0,4,2,7,15,25,11,5,15
"AC245140.3",0,0,0,0,0,0,0,0,0,0
"EMD",2,0,0,1,3,0,1,1,2,1
"RPL10",31,43,39,5,39,38,73,48,45,17
"AC245140.2",1,0,0,0,1,0,1,0,0,0
"DNASE1L1",1,0,0,1,1,0,1,0,1,6
"TAZ",9,7,8,3,4,1,3,5,3,7
"AC244090.1",0,0,0,0,1,0,1,1,1,1
"ATP6AP1",4,1,4,4,3,2,6,7,0,7
"GDI1",9,10,12,4,11,6,19,7,7,5
"FAM50A",4,2,1,2,5,5,7,9,2,5
"PLXNA3",1,0,0,0,1,0,1,1,2,2
"LAGE3",1,1,1,2,2,2,2,0,1,3
"UBL4A",1,0,2,2,0,1,1,3,2,1
"SLC10A3",0,0,2,0,2,1,0,1,1,1
"FAM3A",2,1,1,0,0,1,3,1,2,3
"G6PD",0,3,1,0,2,0,0,2,3,2
"IKBKG",0,0,2,0,0,1,5,3,1,3
"CTAG2",0,0,0,0,0,0,0,2,0,0
"GAB3",1,1,0,0,1,0,2,2,0,1
"DKC1",0,0,4,0,1,0,5,2,0,1
"MPP1",1,1,0,0,1,0,6,1,0,1
"SMIM9",0,0,0,0,0,0,0,0,0,0
"F8",2,0,1,0,1,1,11,1,1,1
"F8A1",0,1,0,0,0,0,2,0,0,1
"FUNDC2",2,0,2,3,0,2,7,5,0,2
"MTCP1",3,1,1,1,1,2,2,0,1,2
"BRCC3",1,2,4,1,4,1,4,3,1,7
"VBP1",4,1,1,2,1,3,0,6,2,1
"RAB39B",0,1,1,1,0,0,0,0,0,0
"CLIC2",2,3,1,0,1,0,4,2,3,5
"AC234781.1",0,0,0,0,0,0,0,0,0,0
"F8A3",0,0,0,0,0,0,0,0,1,0
"TMLHE-AS1",2,1,1,0,3,1,3,1,0,1
"TMLHE",3,2,9,3,3,4,6,5,11,2
"SPRY3",0,0,0,0,0,0,1,1,0,0
"VAMP7",3,1,0,1,2,0,1,2,0,4
"IL9R",0,0,0,0,0,0,0,0,0,0
"WASIR1",0,0,0,0,0,0,0,0,0,0
"ZNF596",2,0,0,0,0,2,6,3,1,3
"AC004908.1",0,0,0,0,0,0,0,0,0,0
"AC136777.1",0,0,0,0,0,1,0,0,0,0
"FAM87A",0,0,0,0,0,0,0,0,0,0
"FBXO25",0,5,8,1,3,1,11,2,3,4
"AC083964.1",0,0,0,0,0,0,0,0,0,0
"TDRP",2,3,6,2,6,4,13,3,7,9
"ERICH1",9,3,5,3,15,8,12,4,2,5
"DLGAP2",2,3,12,2,6,2,2,3,4,7
"AF067845.1",0,0,0,0,0,0,0,0,0,0
"DLGAP2-AS1",0,0,0,0,0,0,0,0,0,0
"CLN8",0,0,0,0,0,0,0,0,0,0
"AC100810.3",0,0,0,0,0,0,0,0,0,0
"AC100810.1",0,0,2,1,0,0,3,1,1,2
"AC019257.8",0,0,1,1,0,0,0,0,0,0
"ARHGEF10",0,0,0,0,0,0,0,0,1,0
"KBTBD11-OT1",0,0,0,0,0,0,0,0,0,0
"AC019257.1",0,0,0,0,0,0,0,0,0,0
"KBTBD11",0,1,1,0,1,1,1,1,0,2
"AC245164.1",0,0,0,0,0,0,0,0,0,0
"MYOM2",3,0,1,1,0,1,0,2,0,0
"AC245519.1",0,0,0,0,0,0,0,0,0,0
"AC245187.2",0,0,0,0,0,0,0,0,0,0
"AC245187.1",0,0,0,0,0,0,0,0,0,0
"AC245123.1",0,0,0,0,0,0,0,0,1,0
"AC246817.2",1,1,1,0,1,1,0,0,0,0
"AC246817.1",3,0,1,1,3,0,1,0,3,1
"CSMD1",19,15,40,18,37,6,20,14,11,14
"AC009435.1",0,0,0,0,0,1,1,0,0,0
"AC016065.1",1,0,0,0,0,0,1,1,0,0
"MCPH1",7,9,8,2,16,5,21,9,10,13
"ANGPT2",3,16,19,21,29,3,58,16,4,20
"AF287957.1",0,0,0,0,0,0,0,0,0,0
"MCPH1-AS1",4,1,4,0,3,0,3,1,0,3
"AGPAT5",1,1,1,0,1,0,2,1,1,2
"XKR5",0,0,0,0,0,0,0,0,0,0
"AF233439.1",0,1,0,0,0,0,0,0,1,0
"DEFB1",0,0,0,0,0,0,0,0,0,0
"DEFA5",0,0,0,0,0,0,0,0,0,0
"FAM66B",2,0,2,0,0,1,0,0,0,0
"ZNF705G",0,0,0,0,0,0,0,0,0,0
"FAM66E",0,0,0,0,0,0,0,0,0,0
"FAM85B",3,1,10,3,6,1,4,1,2,6
"PRAG1",1,1,2,0,4,0,0,0,0,13
"AC103957.1",0,0,0,0,0,0,0,0,0,1
"AC114550.3",0,0,0,0,0,0,0,0,0,0
"AC114550.1",0,0,0,0,0,0,0,0,0,0
"CLDN23",0,0,0,1,0,0,0,0,0,0
"AC087269.1",0,0,0,0,0,0,0,0,0,0
"MFHAS1",3,4,4,1,12,3,8,3,2,5
"ERI1",1,0,1,0,5,3,1,5,1,3
"PPP1R3B",0,0,1,0,0,0,2,1,0,2
"AC022784.7",0,0,0,0,0,0,0,0,0,0
"AC022784.3",0,0,0,0,0,0,0,0,0,0
"AC022784.1",0,0,0,0,0,0,0,0,0,0
"AC022784.6",0,0,0,0,0,0,0,0,1,0
"AC022784.4",0,0,0,0,0,0,0,0,0,0
"AC021736.1",0,0,0,0,0,0,0,1,0,0
"AC021242.2",1,0,0,0,0,0,0,0,0,0
"AC021242.3",0,0,0,0,0,0,0,0,0,0
"TNKS",15,6,25,15,27,9,30,27,13,31
"LINC00599",0,0,4,3,2,5,2,3,1,0
"AC034111.1",0,0,0,0,0,0,0,0,0,0
"MSRA",12,8,14,9,16,6,24,9,5,13
"AC104964.1",0,0,0,0,0,0,1,0,0,0
"AC104964.2",0,0,0,0,0,0,0,0,0,0
"PRSS51",0,0,1,0,0,0,0,0,0,0
"AC104964.4",0,0,0,0,1,0,1,0,0,0
"PRSS55",0,0,0,0,0,0,0,0,0,0
"RP1L1",0,0,0,0,0,0,0,0,0,0
"C8orf74",1,0,0,0,0,0,0,0,0,0
"SOX7",0,3,1,2,2,2,5,3,1,0
"PINX1",0,0,1,0,1,0,0,0,0,1
"AC105001.1",2,0,0,0,0,1,0,0,0,0
"PINX1-1",0,0,0,0,0,0,0,0,0,0
"AC011008.1",0,0,0,0,0,0,0,0,0,0
"XKR6",9,4,10,7,20,10,14,6,10,21
"AF131215.7",0,0,0,0,0,0,0,0,0,0
"LINC00529",0,0,0,0,0,0,0,0,0,0
"AF131216.4",0,0,0,0,0,0,0,0,0,0
"MTMR9",10,2,4,3,4,0,8,1,2,8
"AF131216.1",0,0,0,0,0,0,0,0,0,0
"SLC35G5",0,0,0,0,0,0,0,0,0,0
"AF131216.3",0,0,0,0,0,0,0,0,0,0
"FAM167A-AS1",0,1,2,0,1,0,0,0,1,0
"FAM167A",0,0,0,0,0,0,0,0,0,1
"BLK",0,0,0,0,0,0,0,0,0,1
"AC022239.1",0,0,0,0,0,0,0,0,0,0
"GATA4",0,0,0,0,0,0,0,0,0,0
"NEIL2",0,1,0,0,0,0,2,3,0,1
"FDFT1",8,8,3,10,10,3,6,13,1,11
"AC069185.1",1,1,1,0,0,0,1,0,0,0
"CTSB",6,4,4,4,6,7,6,3,5,2
"DEFB135",0,0,0,0,0,0,0,0,0,0
"DEFB134",0,0,0,0,0,0,0,0,0,0
"FAM66D",3,2,3,1,8,2,4,2,4,7
"FAM86B1",0,0,0,0,0,0,0,0,0,0
"AC145124.1",0,0,2,0,2,0,0,0,0,0
"FAM66A",0,0,0,0,0,0,0,0,0,0
"FAM86B2",0,0,0,0,0,0,0,0,0,0
"AC130352.1",0,0,0,0,0,0,1,0,0,0
"LONRF1",2,5,1,2,7,4,5,2,4,6
"AC123777.1",0,0,0,0,0,0,0,0,0,0
"LINC00681",0,0,0,0,0,0,0,0,0,0
"TRMT9B",2,1,2,1,1,2,2,0,0,4
"DLC1",83,47,120,131,255,140,125,195,62,85
"AC019270.1",0,0,0,1,0,0,0,0,0,0
"C8orf48",0,0,0,0,0,0,0,0,0,0
"SGCZ",0,4,9,6,9,1,4,10,5,4
"AC022039.1",0,0,0,0,0,0,0,0,0,0
"TUSC3",7,2,3,1,9,3,4,2,2,8
"AC018437.2",0,0,0,0,0,0,0,0,0,0
"MSR1",0,0,0,1,0,2,3,0,1,2
"AC011586.1",0,0,0,0,0,0,0,0,0,0
"AC068992.1",0,0,0,0,0,1,0,0,0,0
"FGF20",0,0,0,0,0,0,0,0,0,0
"MICU3",9,6,7,6,6,6,6,7,4,3
"AC079193.2",1,0,1,0,0,0,3,1,1,3
"ZDHHC2",3,2,6,2,4,3,5,1,4,5
"CNOT7",3,4,0,2,3,3,5,6,6,8
"VPS37A",0,3,0,1,1,1,6,5,4,2
"MTMR7",2,1,5,1,6,2,5,0,0,11
"SLC7A2",2,1,0,0,2,0,4,3,5,53
"PDGFRL",0,0,0,0,0,0,0,1,0,0
"MTUS1",21,24,20,11,30,15,56,27,21,24
"AC124069.1",0,0,0,0,0,0,0,0,0,0
"AC027117.2",1,0,5,1,5,0,6,4,0,6
"FGL1",0,0,0,1,1,0,0,0,1,0
"AC087273.2",0,0,0,0,0,0,0,0,0,0
"PCM1",14,7,15,13,32,13,40,23,11,20
"ASAH1",4,4,4,3,8,8,5,9,7,3
"AC124242.1",0,0,0,0,0,0,0,0,0,0
"NAT1",1,0,0,0,0,0,1,0,0,0
"NAT2",0,0,0,0,0,0,0,0,0,0
"PSD3",15,13,11,11,18,7,18,15,10,24
"AC100800.1",0,0,1,0,1,0,0,1,0,0
"AC009884.1",0,0,0,0,0,0,0,0,0,0
"AC100849.1",0,0,0,2,3,2,1,0,0,0
"SH2D4A",0,0,0,0,0,1,1,0,0,0
"CSGALNACT1",3,2,10,5,8,9,41,8,3,12
"AC090541.1",0,0,0,0,0,0,0,0,0,0
"INTS10",0,4,5,2,5,1,7,5,4,11
"LPL",1,0,2,2,7,6,10,11,7,0
"AC100802.1",0,0,0,0,0,0,0,0,0,0
"SLC18A1",0,0,0,0,0,0,0,0,0,0
"ATP6V1B2",8,1,4,3,2,3,5,6,1,2
"LZTS1",2,6,3,6,7,3,6,8,0,3
"LZTS1-AS1",2,1,5,2,1,0,2,1,0,1
"AC023403.1",0,0,0,0,0,0,1,0,0,0
"AC018541.1",0,0,0,0,0,0,0,0,0,0
"AC015468.4",0,0,0,0,0,0,0,0,0,0
"AC015468.3",0,0,0,0,0,0,0,1,0,0
"LINC02153",0,0,0,0,0,0,0,0,0,0
"AC103719.1",0,0,0,0,0,0,0,0,0,0
"GFRA2",1,0,1,0,0,0,0,1,0,1
"DOK2",0,0,0,0,0,0,0,0,0,0
"XPO7",3,4,2,2,6,3,9,2,2,6
"NPM2",0,0,2,0,1,0,0,0,1,0
"FGF17",0,0,1,2,1,0,1,1,1,0
"DMTN",1,2,0,3,2,0,5,2,1,1
"FAM160B2",0,0,4,0,1,0,2,2,1,0
"NUDT18",0,0,0,0,0,1,0,0,0,0
"HR",0,0,2,0,0,0,0,0,0,0
"REEP4",0,0,0,0,0,1,0,1,0,0
"LGI3",2,1,1,2,1,2,3,1,1,1
"SFTPC",1,1,0,0,0,0,0,0,0,0
"BMP1",0,1,1,1,5,1,4,3,1,5
"PHYHIP",9,3,4,1,5,2,5,4,4,0
"POLR3D",0,1,1,0,2,0,0,2,1,0
"AC105206.2",0,0,2,1,1,1,0,1,0,1
"PIWIL2",0,0,0,0,0,0,1,1,0,0
"SLC39A14",0,0,0,1,1,4,1,1,2,5
"PPP3CC",12,14,12,7,18,8,48,16,13,30
"AC037459.2",0,0,0,0,1,0,1,0,0,0
"SORBS3",3,2,8,4,6,5,7,8,5,2
"PDLIM2",0,0,0,0,0,0,0,0,0,0
"C8orf58",0,0,0,0,0,0,2,1,0,0
"CCAR2",1,0,0,0,0,1,2,4,0,1
"AC037459.3",0,0,0,0,0,0,1,0,0,0
"BIN3",2,1,2,3,5,2,8,2,3,5
"EGR3",1,0,0,0,0,0,0,2,0,2
"PEBP4",1,1,2,0,3,0,0,0,1,2
"AC037441.1",0,0,0,0,0,0,0,0,0,0
"AC107959.1",0,0,0,0,0,1,0,0,0,0
"RHOBTB2",2,3,5,1,0,0,4,4,1,0
"TNFRSF10B",1,2,6,3,2,2,7,2,3,7
"AC107959.2",0,0,0,0,0,0,0,0,0,0
"AC107959.3",0,0,0,0,0,0,0,0,0,0
"TNFRSF10D",2,6,2,2,6,2,8,3,1,2
"TNFRSF10A",0,3,1,0,0,0,1,2,1,4
"AC100861.2",0,0,0,0,0,0,0,0,0,0
"CHMP7",0,0,0,0,1,1,3,4,1,5
"R3HCC1",0,1,1,1,2,0,1,3,0,2
"LOXL2",3,2,2,5,2,2,3,2,1,4
"ENTPD4",2,2,4,2,4,1,2,3,1,0
"AC104561.1",0,0,0,0,0,0,0,0,0,1
"SLC25A37",1,7,9,1,9,3,13,6,1,15
"NKX3-1",0,0,0,0,0,1,0,0,0,0
"AC012574.1",0,0,0,0,0,0,0,0,0,0
"AC012574.2",0,0,0,0,0,0,0,0,0,0
"STC1",0,0,0,23,0,4,13,0,0,0
"AC023202.1",0,0,0,0,0,0,0,0,0,0
"ADAM28",2,0,0,0,0,0,0,0,0,2
"AC120193.1",1,0,2,1,2,0,3,1,1,4
"ADAM7",0,0,0,0,0,0,0,0,0,0
"AF106564.1",0,0,0,0,0,1,0,0,0,0
"NEFM",4,1,4,0,2,0,3,0,0,0
"NEFL",4,2,6,2,7,0,2,2,1,2
"AC107373.2",0,0,0,0,0,0,0,0,0,0
"AC107373.1",0,0,0,0,0,0,0,0,0,0
"DOCK5",23,10,27,12,20,7,37,12,3,32
"GNRH1",1,0,1,0,2,1,1,0,0,0
"KCTD9",2,2,2,3,8,5,8,5,7,5
"CDCA2",0,0,1,0,0,0,0,0,0,0
"AC090103.1",0,0,0,0,0,0,0,0,0,0
"EBF2",2,0,0,0,0,0,0,1,3,2
"PPP2R2A",12,9,8,9,16,4,28,8,3,15
"BNIP3L",11,2,6,6,8,8,12,17,11,10
"PNMA2",2,0,2,0,5,0,2,1,0,1
"DPYSL2",18,16,22,21,20,18,25,20,22,24
"ADRA1A",2,0,4,2,2,0,0,0,1,0
"AC090150.1",0,0,0,0,0,0,0,0,0,0
"STMN4",6,5,11,6,2,0,13,3,0,5
"TRIM35",0,1,2,1,3,1,0,0,1,0
"PTK2B",2,3,1,0,1,3,5,0,2,4
"CHRNA2",0,1,0,0,0,0,0,0,0,0
"EPHX2",0,1,1,2,1,0,3,0,2,0
"CLU",34,20,42,25,49,23,33,47,25,64
"SCARA3",0,1,1,1,0,0,1,2,2,2
"CCDC25",2,0,2,5,3,1,6,2,1,0
"AC013643.2",0,0,1,0,0,0,0,2,0,1
"ESCO2",0,0,0,0,0,0,0,0,0,1
"PBK",0,0,0,0,1,0,0,0,0,0
"SCARA5",0,0,2,0,0,0,0,0,0,3
"NUGGC",0,0,0,0,0,0,0,0,0,0
"ELP3",1,3,2,3,2,4,10,5,2,4
"AC021678.2",0,0,0,0,0,0,0,0,0,0
"PNOC",0,0,0,0,0,0,0,0,0,0
"ZNF395",0,0,1,2,0,1,1,1,0,0
"FBXO16",3,1,3,0,1,1,3,2,0,0
"AC025871.1",0,0,0,0,0,0,0,0,0,0
"FZD3",2,2,1,3,2,2,7,1,4,0
"EXTL3",4,4,2,4,1,2,4,1,0,3
"EXTL3-AS1",0,0,0,0,0,0,0,0,0,0
"INTS9",0,1,4,2,2,0,1,1,1,6
"INTS9-AS1",0,0,0,0,0,0,0,0,0,0
"HMBOX1",8,4,11,4,12,5,15,9,4,11
"KIF13B",7,9,12,2,11,2,17,3,6,21
"AC108449.1",0,1,4,0,4,0,0,0,0,0
"DUSP4",0,0,0,0,0,0,0,0,0,0
"AC084026.1",0,0,0,0,0,0,0,0,0,0
"LINC00589",0,0,0,0,0,0,0,0,0,0
"LINC02099",0,0,0,0,0,0,0,0,0,0
"AC131254.1",0,0,0,0,0,0,0,0,0,0
"LINC02209",0,1,0,0,0,0,0,0,0,0
"SARAF",14,5,10,6,15,13,25,14,10,8
"AC044849.1",0,0,0,0,0,0,0,0,0,0
"LEPROTL1",2,1,3,0,3,1,10,6,3,3
"MBOAT4",0,0,0,0,0,0,0,0,0,1
"AC026979.2",3,0,2,2,4,0,1,3,3,3
"DCTN6",0,2,2,1,2,2,1,2,1,0
"AC026979.1",0,0,0,0,0,0,0,0,0,0
"AC026979.3",0,0,0,0,0,0,0,0,0,0
"RBPMS-AS1",0,0,0,0,0,0,0,1,0,0
"RBPMS",25,10,26,13,41,17,32,29,24,25
"GTF2E2",3,2,1,0,2,0,3,0,4,2
"SMIM18",2,0,0,0,1,0,0,0,0,0
"GSR",0,1,2,1,0,2,1,1,2,2
"UBXN8",1,0,2,1,0,0,2,0,0,0
"PPP2CB",4,5,10,10,12,4,14,7,5,13
"TEX15",0,0,0,1,0,0,0,1,0,0
"PURG",1,0,1,2,1,1,0,3,3,6
"WRN",2,5,3,1,7,4,9,6,4,14
"AC009563.1",0,0,0,0,0,0,0,0,0,0
"AC068672.2",0,0,0,0,0,0,0,0,0,0
"NRG1",3,2,12,4,13,0,2,4,10,3
"AC090204.1",0,0,0,0,0,0,0,0,0,1
"AC067838.1",0,0,0,1,0,0,0,0,0,2
"FUT10",4,2,1,1,1,0,3,1,0,3
"TTI2",1,1,1,1,1,0,2,1,3,1
"MAK16",0,1,0,0,1,0,2,1,0,0
"RNF122",0,0,0,0,0,0,1,0,0,0
"DUSP26",2,1,1,2,2,0,1,0,0,1
"AF279873.3",0,0,3,0,7,1,2,0,1,1
"AF279873.4",0,0,0,0,1,0,0,0,0,0
"AC087855.2",0,0,0,0,0,0,0,0,0,0
"AC090993.1",1,0,0,0,2,0,0,0,0,0
"AC087855.1",0,0,0,0,0,0,0,1,1,0
"LINC01288",0,0,0,0,0,0,0,0,0,0
"UNC5D",3,1,13,4,5,2,3,0,4,4
"AC100818.1",1,0,0,0,0,0,0,0,0,0
"AC124290.1",0,0,0,0,0,0,0,0,0,0
"AC090809.1",0,0,0,0,0,0,0,0,0,0
"KCNU1",0,0,0,0,0,0,0,0,0,0
"LINC01605",0,0,0,0,0,0,0,0,0,0
"AC137579.2",0,0,0,0,0,0,0,0,0,0
"AC137579.1",0,0,0,0,0,1,0,1,0,0
"ZNF703",1,0,2,2,0,2,3,7,1,0
"AC138356.3",0,0,0,0,0,0,0,0,0,0
"AC138356.1",0,0,0,0,0,0,0,0,0,0
"ERLIN2",1,1,2,1,0,0,1,1,0,2
"PLPBP",1,1,2,0,0,1,2,2,2,3
"ADGRA2",4,4,1,1,6,3,4,2,1,0
"BRF2",0,0,0,1,0,0,0,1,1,0
"RAB11FIP1",0,0,1,0,1,1,0,0,0,2
"GOT1L1",0,0,0,0,0,0,0,0,0,0
"ADRB3",0,0,0,0,0,0,0,0,0,0
"EIF4EBP1",0,0,1,1,0,3,1,2,1,0
"AP006545.2",0,0,0,0,0,0,0,0,0,0
"ASH2L",2,2,3,2,3,0,4,0,2,3
"STAR",0,0,0,0,0,0,0,0,0,0
"AC084024.3",0,0,0,0,0,0,0,0,0,0
"LSM1",1,2,1,0,3,4,2,6,1,1
"BAG4",2,2,3,2,3,3,5,2,4,1
"DDHD2",2,3,6,4,5,1,3,0,3,1
"PLPP5",0,0,0,0,0,0,3,2,0,1
"NSD3",14,9,15,9,13,7,20,12,13,8
"AC087362.2",0,0,0,0,0,0,0,1,0,0
"AC087362.1",0,0,0,0,0,0,0,0,0,0
"AC087623.3",0,0,0,0,0,0,0,0,0,0
"LETM2",0,1,0,0,0,0,0,0,0,0
"AC087623.1",0,0,0,0,0,0,0,0,0,0
"AC087623.4",0,0,0,0,0,0,1,0,0,0
"FGFR1",5,3,4,0,6,4,22,1,5,24
"AC087623.2",2,2,0,0,0,1,2,4,0,12
"C8orf86",2,0,0,0,1,0,0,0,0,0
"AC069120.1",0,0,2,0,0,1,0,0,0,1
"TACC1",28,50,38,16,66,36,111,33,25,186
"AC067817.2",0,0,1,0,1,1,0,0,0,2
"PLEKHA2",9,3,6,1,6,3,5,3,4,3
"AC108863.1",0,0,0,0,0,0,0,0,1,0
"HTRA4",0,0,0,0,0,0,0,0,0,0
"TM2D2",1,0,0,2,4,1,3,2,0,0
"ADAM9",3,1,2,2,2,3,6,4,5,11
"ADAM32",0,0,0,0,0,1,1,0,1,2
"ADAM18",0,1,0,0,0,1,0,0,1,0
"ADAM2",0,0,0,0,0,0,0,0,0,0
"IDO1",0,0,0,0,0,1,0,0,1,0
"AC007991.3",0,0,0,0,0,0,0,0,0,0
"IDO2",1,0,0,0,0,0,0,0,0,0
"TCIM",0,0,1,0,1,0,7,2,0,1
"AC105999.2",0,0,0,0,0,0,0,0,0,1
"AC105999.1",0,0,0,0,0,0,0,0,0,0
"AC010857.1",0,0,0,0,0,0,0,0,0,0
"ZMAT4",3,1,3,1,2,1,0,0,0,1
"SFRP1",0,1,1,2,0,0,3,0,1,1
"GOLGA7",8,5,5,0,5,7,4,5,7,7
"GINS4",0,0,0,0,0,0,0,0,0,0
"AC009630.1",0,1,0,0,0,0,2,0,1,0
"GPAT4",2,1,2,1,0,1,4,4,3,3
"AC009630.3",0,0,0,0,1,0,0,0,0,0
"NKX6-3",0,0,0,0,0,0,0,0,0,0
"ANK1",0,1,1,0,1,1,1,0,0,0
"AC113133.1",0,0,0,0,0,0,0,0,0,0
"KAT6A",6,7,11,14,25,13,34,17,7,22
"AC103724.4",0,0,0,0,0,0,0,0,0,0
"AP3M2",1,2,6,3,3,1,4,3,3,2
"PLAT",4,7,2,4,11,0,22,6,1,2
"AC083973.1",0,0,0,0,0,0,0,0,0,0
"IKBKB",5,4,2,2,8,4,8,8,5,12
"POLB",0,0,2,2,3,0,2,1,3,7
"VDAC3",4,2,4,1,8,9,8,6,4,7
"SLC20A2",38,19,35,27,49,9,16,26,24,34
"SMIM19",2,0,1,0,2,2,6,1,0,3
"CHRNB3",0,0,0,0,0,0,1,0,0,16
"AC103843.1",0,0,1,0,0,0,0,0,0,2
"CHRNA6",1,0,1,0,0,0,0,0,0,3
"THAP1",0,0,1,0,1,1,0,1,2,2
"RNF170",7,1,3,3,2,1,5,2,0,8
"HOOK3",5,2,3,2,15,7,17,5,4,28
"AC110275.1",0,0,0,0,0,0,0,0,0,0
"FNTA",4,1,1,1,4,6,2,0,2,2
"POMK",0,0,2,0,1,1,0,0,0,1
"HGSNAT",8,3,7,1,7,1,11,3,4,9
"LINC00293",0,0,0,0,0,0,0,0,0,0
"AC120036.4",0,0,1,0,0,0,1,0,0,0
"SPIDR",11,10,36,16,38,13,43,44,20,53
"CEBPD",4,6,12,6,6,52,86,113,34,23
"PRKDC",1,2,9,5,7,6,9,6,5,8
"MCM4",0,0,0,0,1,0,1,0,0,0
"UBE2V2",5,1,3,0,4,1,5,5,2,5
"AC022915.2",0,0,0,0,0,1,0,0,0,0
"AC026904.4",0,0,0,0,0,0,0,0,0,0
"EFCAB1",0,0,0,0,0,0,0,0,0,0
"SNAI2",0,0,0,0,0,3,0,0,2,1
"PPDPFL",0,0,0,0,0,0,0,0,0,0
"AC022568.1",3,0,0,0,0,0,0,0,0,0
"AC090155.2",0,0,0,0,0,0,0,0,0,0
"AC023762.1",0,0,0,0,0,0,0,0,0,0
"SNTG1",5,5,14,3,15,2,11,15,6,10
"AC012413.1",0,0,0,0,0,0,0,0,0,0
"PXDNL",0,1,1,0,1,1,4,0,1,2
"AC090186.1",0,0,0,0,0,0,0,0,0,0
"PCMTD1",10,1,13,4,14,7,18,9,11,19
"AC064807.1",0,0,2,0,1,0,2,1,0,0
"AC064807.4",0,0,0,0,0,0,0,0,1,0
"AC064807.2",0,0,0,0,0,0,0,0,0,0
"AC064807.3",0,0,0,0,0,0,0,0,0,1
"ST18",33,21,27,37,29,12,64,12,11,88
"AC021915.2",0,0,0,0,0,0,0,0,0,1
"AC021915.1",0,0,0,0,0,0,0,0,0,0
"AC103831.1",0,0,0,0,1,0,0,0,0,0
"ALKAL1",0,0,0,0,0,0,0,0,0,0
"RB1CC1",8,2,9,3,16,12,19,6,7,17
"AC009646.2",0,0,0,0,1,0,0,0,0,0
"OPRK1",0,0,0,0,1,0,0,0,0,0
"AC022034.2",1,0,0,0,0,0,0,0,0,0
"ATP6V1H",4,0,7,6,5,6,6,10,2,2
"RGS20",0,0,0,1,0,0,3,0,0,1
"TCEA1",2,1,1,1,2,5,4,7,5,5
"AC100821.2",0,0,0,0,0,0,0,0,0,0
"LYPLA1",2,1,3,0,3,3,4,4,1,4
"MRPL15",1,0,1,1,1,0,4,1,3,0
"SOX17",0,0,3,2,1,0,3,1,1,1
"RP1",1,0,1,0,0,1,2,0,0,1
"XKR4",4,5,7,1,4,0,1,1,3,1
"AC022679.2",0,0,0,0,0,0,0,0,0,0
"TMEM68",1,0,1,1,4,1,3,3,2,0
"TGS1",1,1,4,3,3,2,1,2,0,1
"LYN",2,4,4,0,5,2,1,3,1,3
"RPS20",5,11,7,9,12,15,20,18,8,20
"PLAG1",0,0,0,0,2,0,4,1,0,2
"CHCHD7",1,1,1,2,0,2,5,2,0,0
"AC107952.2",0,0,0,0,0,0,0,0,0,1
"SDR16C5",0,0,0,0,0,0,0,0,0,0
"PENK",0,0,0,0,0,0,0,0,0,0
"AC012349.1",0,0,0,0,0,1,0,0,0,0
"LINC00968",0,0,2,0,0,0,0,0,0,0
"IMPAD1",2,1,3,5,0,2,2,1,2,2
"LINC01606",0,0,0,0,0,0,0,0,0,0
"LINC00588",0,0,0,0,0,0,0,0,0,0
"AC090796.1",0,0,0,0,1,0,0,0,0,1
"AC104051.1",0,1,0,0,1,0,0,0,0,0
"AC104051.2",0,0,1,0,0,0,0,0,0,0
"FAM110B",6,1,4,0,9,2,3,8,3,10
"AC027698.1",1,0,1,0,0,0,1,0,0,0
"UBXN2B",1,3,3,1,2,3,5,3,2,5
"CYP7A1",0,0,0,0,0,0,0,0,0,0
"SDCBP",3,4,5,9,8,16,42,19,11,9
"NSMAF",10,5,3,2,7,2,8,11,2,7
"TOX",2,2,8,2,7,9,26,2,5,7
"AC090152.1",0,0,0,0,1,0,0,0,0,0
"AC087664.1",0,0,1,0,0,0,0,0,0,0
"AC087664.2",0,0,0,0,0,0,0,0,0,0
"CA8",0,0,0,2,1,0,1,0,1,0
"LINC01301",1,0,4,1,0,1,1,2,0,3
"RAB2A",11,12,9,10,11,9,21,17,8,23
"AC068389.4",0,0,1,0,0,0,0,0,0,2
"AC068389.3",0,0,0,0,0,0,0,0,0,0
"CHD7",4,2,5,5,6,2,5,3,3,7
"AC022182.1",0,0,1,0,0,0,1,0,0,0
"AC022182.2",0,0,0,0,0,0,0,0,0,0
"CLVS1",2,0,1,0,1,0,2,0,0,0
"AC023866.2",0,0,0,0,0,0,0,0,1,0
"ASPH",4,3,4,1,13,8,8,5,5,6
"AC025524.2",0,0,0,0,0,0,0,0,0,0
"AC025524.1",0,0,0,0,0,0,0,0,1,0
"NKAIN3",1,0,2,0,3,2,6,6,2,9
"AC120042.1",0,0,0,0,0,0,0,0,0,0
"GGH",0,0,0,1,0,1,2,1,0,1
"AC120042.2",0,0,0,0,0,0,0,0,0,0
"TTPA",0,0,0,0,0,0,0,1,0,1
"YTHDF3-AS1",1,0,0,0,0,0,0,0,0,0
"YTHDF3",2,2,7,1,3,2,5,5,2,5
"AC011978.2",0,0,0,0,0,0,1,0,0,0
"AC011124.1",0,0,0,0,0,0,0,0,0,0
"AC011124.2",0,0,0,0,0,0,0,0,0,0
"AC022639.1",0,1,4,0,0,0,0,0,1,1
"AC069133.1",0,0,0,0,0,0,0,0,0,0
"LINC01289",0,0,0,0,0,0,0,0,0,0
"MIR124-2HG",0,0,0,2,2,0,0,0,0,0
"AC090136.3",0,0,0,0,0,0,0,0,0,0
"BHLHE22",0,0,0,0,0,0,0,0,0,0
"CYP7B1",8,4,2,3,7,5,9,7,5,8
"LINC00251",0,0,0,0,0,0,0,0,0,0
"LINC01299",0,0,1,0,1,0,0,1,0,0
"AC100814.1",0,0,0,0,0,0,0,0,0,0
"ARMC1",2,3,2,4,3,2,2,0,2,4
"MTFR1",0,0,4,3,4,2,4,3,3,8
"AC055822.1",0,0,0,0,0,0,0,0,0,0
"PDE7A",4,0,7,1,11,1,11,7,10,12
"AC100812.1",0,0,0,0,0,0,0,0,0,0
"DNAJC5B",0,0,0,0,0,0,0,0,0,0
"AC084082.1",0,0,0,0,0,0,0,0,0,0
"TRIM55",0,0,0,0,0,0,0,0,0,0
"CRH",2,0,0,0,0,0,0,0,0,0
"LINC00967",0,0,0,0,0,0,0,0,0,0
"RRS1-AS1",0,0,0,0,0,0,0,0,1,0
"RRS1",1,0,0,0,0,0,0,0,0,0
"ADHFE1",0,1,1,0,3,0,2,1,3,5
"VXN",3,1,2,2,2,2,5,0,0,4
"MYBL1",0,0,0,1,0,1,0,0,0,0
"VCPIP1",0,1,0,2,1,2,5,5,4,2
"SGK3",9,7,7,8,6,7,15,4,2,22
"MCMDC2",1,0,0,0,2,2,1,1,1,0
"TCF24",0,0,1,0,0,0,0,0,0,0
"PPP1R42",2,0,0,0,1,0,0,0,0,1
"COPS5",0,1,0,0,2,1,0,2,0,0
"CSPP1",8,5,13,3,12,11,11,7,5,16
"ARFGEF1",10,7,10,5,15,8,9,11,16,21
"AC021321.1",0,0,0,0,0,0,0,0,0,0
"CPA6",0,0,0,0,0,0,0,0,0,1
"AC022874.1",0,0,0,0,0,0,0,0,0,0
"PREX2",9,15,12,11,24,10,29,13,6,22
"AC011853.2",0,0,0,0,0,0,0,0,0,0
"C8orf34-AS1",0,0,0,0,0,0,0,0,0,1
"C8orf34",2,1,3,1,2,2,2,2,2,18
"LINC01592",0,0,0,0,0,0,0,1,0,0
"LINC01603",0,0,0,0,0,0,2,0,0,0
"SULF1",0,0,0,0,1,0,2,1,0,13
"SLCO5A1",0,0,0,0,1,0,0,0,0,0
"AC079089.1",0,0,0,0,0,0,0,1,0,1
"PRDM14",0,0,0,0,0,0,0,0,0,0
"NCOA2",21,8,17,10,39,15,23,25,18,21
"AC022730.3",0,0,0,0,0,0,0,0,0,0
"AC022730.4",0,0,0,0,0,0,0,0,0,0
"TRAM1",4,1,2,4,3,4,12,7,3,7
"LACTB2-AS1",1,0,1,0,0,0,0,0,0,1
"LACTB2",0,0,1,0,1,0,6,1,0,3
"XKR9",1,0,1,0,2,0,0,0,0,2
"AC022858.1",0,0,1,0,1,0,0,0,0,0
"EYA1",2,1,7,0,9,2,1,8,15,19
"AC009446.1",0,0,0,0,0,0,0,0,0,0
"AC104012.1",0,0,0,0,0,0,0,0,0,0
"MSC-AS1",5,1,2,2,4,1,6,5,4,3
"MSC",0,0,0,0,0,0,0,1,0,0
"TRPA1",0,0,1,0,0,0,0,0,0,0
"AC078906.1",0,0,0,0,0,0,0,0,0,0
"KCNB2",3,1,3,1,1,1,0,2,0,1
"AC090735.1",0,0,0,0,0,0,0,0,0,1
"AC022893.2",0,0,0,1,0,0,0,0,0,0
"TERF1",6,0,4,1,7,3,6,7,2,6
"AC022893.1",1,0,1,1,2,1,1,1,4,2
"SBSPON",0,0,1,0,0,1,0,0,0,0
"C8orf89",0,0,0,0,0,0,0,0,0,0
"RPL7",15,12,9,11,10,24,19,28,16,23
"RDH10",1,0,1,0,0,1,2,0,0,0
"RDH10-AS1",1,4,1,0,0,1,0,1,1,1
"STAU2-AS1",0,0,0,0,0,0,0,0,0,0
"STAU2",5,3,14,13,12,6,22,15,8,7
"AC027018.1",0,0,2,1,1,5,8,3,1,3
"AC022826.2",1,0,0,0,0,1,0,2,0,0
"ELOC",5,2,4,0,1,3,7,7,4,4
"TMEM70",1,2,0,0,0,2,1,0,1,1
"LY96",1,1,2,0,2,3,3,6,3,0
"AC087672.2",1,2,1,1,0,0,2,0,1,0
"AC087627.1",0,0,0,0,0,0,0,0,0,0
"JPH1",1,0,0,0,0,0,0,0,0,1
"GDAP1",3,4,8,2,4,1,8,5,4,8
"AC103952.1",0,0,0,0,0,0,0,0,0,0
"MIR2052HG",0,2,1,1,1,0,4,2,3,2
"AC115837.2",0,0,0,0,0,0,0,0,0,0
"AC011632.1",0,0,0,0,0,0,0,0,0,1
"PI15",0,0,0,0,0,11,1,0,0,0
"CRISPLD1",0,0,1,2,1,0,0,0,1,1
"CASC9",0,0,0,0,0,1,0,0,0,0
"HNF4G",0,0,1,0,1,1,0,1,0,0
"AC067773.1",0,0,0,0,0,0,0,0,0,0
"LINC01109",0,0,0,0,0,0,0,0,0,0
"LINC01111",0,0,0,0,0,0,0,0,0,0
"ZFHX4-AS1",0,0,0,0,0,0,2,0,0,0
"ZFHX4",2,0,2,4,6,2,6,6,7,10
"PEX2",0,0,2,1,2,0,3,3,0,0
"AC062004.1",0,0,0,0,1,0,0,0,0,0
"PKIA-AS1",0,0,0,0,0,0,0,0,1,0
"PKIA",1,0,1,1,7,0,1,3,0,2
"ZC2HC1A",6,2,1,1,11,3,3,3,1,9
"IL7",0,0,0,1,1,1,2,1,1,3
"AC083837.1",0,0,0,0,0,0,0,0,0,0
"AC138646.1",0,0,0,0,0,0,0,0,0,0
"STMN2",6,5,9,3,7,0,5,2,1,1
"HEY1",4,1,4,0,2,0,1,5,3,1
"LINC01607",0,0,0,0,0,0,0,0,0,0
"AC036214.1",1,0,1,0,0,0,0,1,0,0
"MRPS28",0,0,1,2,0,0,1,1,0,0
"AC036214.3",0,0,0,0,0,0,0,0,0,0
"TPD52",5,1,3,0,4,0,4,1,2,11
"AC009686.1",0,0,0,0,0,0,0,0,0,0
"AC034114.2",0,1,1,0,1,0,1,0,0,2
"AC009812.1",0,0,0,0,0,0,0,0,0,1
"ZBTB10",2,0,2,3,1,2,2,3,0,3
"AC009812.3",0,0,0,0,0,0,0,0,0,0
"AC009812.4",0,0,0,0,0,0,1,0,0,0
"ZNF704",6,8,14,5,15,11,11,13,6,17
"PAG1",7,6,9,6,20,8,15,3,5,9
"AC022778.1",0,0,0,0,0,0,0,0,0,0
"AC079209.2",0,0,0,0,0,0,0,0,0,0
"AC079209.1",0,0,0,0,0,0,0,0,0,0
"AC009902.3",0,0,0,0,1,0,0,0,0,0
"AC009902.2",0,0,0,0,0,0,0,0,0,0
"FABP5",1,1,2,0,2,4,1,3,2,3
"AC018616.1",0,0,0,0,0,0,0,0,0,0
"PMP2",2,2,0,1,1,3,0,1,0,6
"FABP9",0,0,0,0,0,0,0,0,0,0
"FABP4",1,0,0,0,0,1,0,1,0,0
"AC023644.1",0,0,0,0,0,0,0,0,0,0
"FABP12",0,0,0,0,0,0,0,0,0,0
"IMPA1",2,1,1,1,0,1,3,2,0,6
"SLC10A5",0,0,0,0,0,0,0,0,0,0
"ZFAND1",2,2,0,2,2,3,1,2,1,3
"CHMP4C",0,0,0,0,1,0,1,0,0,0
"AC132219.1",0,0,0,0,0,0,1,0,0,1
"SNX16",1,1,0,1,2,2,5,1,0,5
"LINC02235",0,0,0,0,0,0,0,0,0,0
"AC027701.1",0,0,0,0,0,0,1,1,0,0
"AC060765.1",0,0,1,0,0,0,0,0,0,0
"AC105031.2",0,0,0,0,0,0,0,0,0,0
"AC105031.3",0,0,0,0,0,0,0,0,0,0
"AC015522.1",0,0,1,0,0,0,0,0,0,0
"RALYL",8,6,27,4,15,6,8,4,3,5
"LRRCC1",1,0,0,0,2,2,1,1,1,2
"AC011773.4",0,0,0,0,0,0,0,0,0,0
"E2F5",1,0,0,0,1,0,1,0,0,1
"C8orf59",4,1,2,3,7,2,7,8,7,3
"CA13",3,1,1,0,1,1,1,0,0,0
"AC011773.3",0,0,0,0,0,0,0,0,0,0
"CA1",0,1,1,0,1,0,1,1,0,2
"CA3",0,0,0,1,2,1,1,1,0,0
"CA3-AS1",0,1,0,0,0,1,2,0,0,1
"CA2",4,7,4,2,9,9,23,17,8,10
"AC100801.1",0,0,0,0,0,0,0,1,1,0
"ATP6V0D2",0,0,0,0,0,0,0,0,0,0
"PSKH2",0,0,0,0,0,0,0,0,0,0
"AC023194.3",0,0,0,0,0,0,0,0,0,0
"AC084128.1",0,0,0,0,0,0,0,0,0,0
"SLC7A13",0,0,0,0,0,0,1,0,0,0
"WWP1",4,8,7,4,8,12,22,12,7,12
"RMDN1",5,1,5,0,2,5,6,2,2,8
"CPNE3",4,2,3,1,3,4,7,3,8,4
"CNGB3",0,1,1,0,0,0,0,1,0,0
"AC090572.3",0,0,0,0,0,0,0,0,0,0
"AC090572.2",0,0,0,0,0,0,0,0,0,0
"CNBD1",0,0,0,0,0,0,0,0,0,0
"AF121898.1",0,0,0,0,0,0,0,0,0,0
"DCAF4L2",0,0,0,0,0,0,0,0,0,0
"AC037450.1",0,0,0,0,0,0,0,0,0,0
"MMP16",1,2,5,1,6,1,12,7,3,6
"AC090568.2",4,0,4,0,1,1,3,1,2,2
"AC090578.1",0,0,0,0,0,0,0,0,0,0
"AF117829.1",2,4,3,1,2,2,1,2,3,12
"RIPK2",1,2,0,1,1,1,2,1,2,1
"OSGIN2",0,0,2,0,2,0,1,0,1,3
"NBN",5,1,3,2,3,0,5,4,4,2
"DECR1",7,2,1,1,7,4,8,3,3,4
"CALB1",0,0,0,1,0,0,0,0,0,0
"LINC00534",0,0,0,0,0,0,3,0,0,2
"AB015752.1",0,0,0,0,0,0,0,0,0,1
"TMEM64",3,4,3,2,2,4,3,2,1,9
"AC106038.1",0,0,0,0,0,0,0,0,0,0
"NECAB1",8,6,9,10,16,1,11,1,5,18
"AC103770.1",1,0,0,1,1,0,0,0,0,0
"C8orf88",1,0,1,1,0,0,1,1,2,1
"PIP4P2",1,0,3,4,2,5,3,4,4,4
"AC087439.1",0,0,0,0,0,0,0,0,0,0
"OTUD6B-AS1",7,5,5,4,1,8,7,9,3,9
"OTUD6B",1,0,5,2,3,3,3,4,3,2
"LRRC69",0,2,1,0,2,0,7,4,2,6
"SLC26A7",1,0,1,0,0,0,1,0,0,22
"AC103409.1",0,0,0,0,0,0,0,0,0,0
"RUNX1T1",10,11,15,6,23,12,32,19,18,18
"AC022695.2",0,0,0,0,0,0,0,0,0,0
"AC091096.2",0,0,0,0,0,0,0,0,0,0
"AC104211.2",0,0,0,0,0,0,0,0,1,0
"AC104211.3",0,0,0,0,0,0,0,0,0,0
"AC117834.1",1,0,1,0,2,3,3,0,2,0
"TRIQK",5,3,4,1,6,6,15,8,2,3
"C8orf87",0,0,0,0,0,0,0,0,0,0
"LINC00535",1,0,0,1,0,1,1,1,0,3
"AC016885.2",0,0,0,0,0,0,0,0,0,0
"FAM92A",4,2,2,1,3,1,2,2,4,3
"AC120053.1",0,0,0,0,0,0,2,0,0,0
"RBM12B",5,0,0,2,5,3,4,2,3,5
"AC010834.2",0,0,0,0,0,0,0,0,0,0
"TMEM67",2,1,2,0,4,3,2,1,3,2
"AC084346.1",0,0,0,0,0,0,0,0,0,1
"PDP1",1,1,1,4,3,3,6,3,0,3
"AC084346.2",0,0,0,0,0,0,0,0,0,0
"CDH17",0,0,0,0,0,0,0,0,0,0
"GEM",0,0,2,7,0,0,1,8,1,0
"RAD54B",0,0,1,0,0,1,0,1,0,1
"VIRMA",3,0,0,1,6,0,4,6,0,2
"AC023632.2",0,0,1,0,3,1,0,0,0,0
"AC108860.2",0,0,0,0,0,0,0,0,0,0
"ESRP1",0,0,0,0,0,0,0,0,0,0
"DPY19L4",0,3,2,3,3,0,8,2,2,3
"AP003692.1",0,0,0,0,0,0,0,0,0,0
"INTS8",4,2,5,0,3,3,4,8,2,8
"CCNE2",0,0,0,0,0,0,1,0,0,0
"AC087752.4",0,0,0,0,0,0,0,0,0,0
"NDUFAF6",3,0,7,0,8,3,8,4,5,10
"TP53INP1",0,0,2,2,1,3,2,0,3,0
"AC068189.1",1,0,0,0,0,0,1,1,0,1
"PLEKHF2",0,0,0,0,0,0,3,1,0,0
"C8orf37-AS1",1,0,0,0,0,2,2,1,0,4
"C8orf37",0,1,3,0,0,0,3,0,0,1
"AC012339.1",0,0,0,0,0,0,0,1,0,0
"GDF6",0,0,0,0,0,0,0,0,0,0
"UQCRB",14,7,12,5,11,8,21,14,12,14
"AP003465.1",0,0,0,0,0,0,0,0,0,0
"MTERF3",0,0,0,1,0,0,0,1,0,1
"PTDSS1",0,0,2,1,3,0,6,1,0,2
"SDC2",0,1,1,0,7,1,2,3,4,12
"CPQ",11,5,12,13,21,9,23,14,18,25
"AP003115.1",0,0,0,0,0,0,0,0,0,0
"TSPYL5",0,1,1,0,2,1,0,0,1,0
"MTDH",12,8,8,5,17,8,13,12,8,16
"LAPTM4B",1,2,2,0,0,0,0,2,2,3
"MATN2",5,2,0,0,2,0,1,0,1,9
"RPL30",11,7,4,4,13,9,11,15,8,6
"AP003352.1",0,0,0,0,0,0,0,1,0,1
"ERICH5",0,0,0,0,0,0,0,0,0,0
"RIDA",1,0,0,0,2,1,2,0,0,1
"POP1",0,0,0,0,2,3,1,0,1,2
"NIPAL2",3,1,4,0,7,3,3,3,5,1
"AP003438.1",1,0,1,0,0,1,0,0,0,0
"STK3",9,14,20,11,28,13,28,30,18,28
"KCNS2",0,0,0,0,0,0,0,0,0,0
"AP003355.2",1,0,0,0,0,0,0,0,0,0
"AP003467.1",0,0,0,0,0,0,0,0,0,0
"AC016877.1",0,0,0,0,0,0,0,0,0,0
"AC104986.2",0,0,2,0,4,1,0,1,0,1
"VPS13B",16,10,20,15,29,16,28,19,19,31
"AC107909.2",0,0,0,0,0,0,0,0,0,0
"AC018442.2",0,0,0,0,0,0,0,0,0,0
"COX6C",15,8,7,3,7,19,15,16,9,5
"RGS22",1,0,3,1,0,2,2,0,1,2
"FBXO43",0,0,0,0,0,0,0,1,0,0
"POLR2K",8,1,2,1,3,1,9,7,0,2
"SPAG1",1,0,1,0,3,3,5,2,1,1
"RNF19A",5,6,8,3,18,17,45,10,6,21
"AP001574.1",0,0,0,0,0,0,0,1,0,0
"AP003472.1",0,0,0,0,0,0,0,0,0,0
"AP003472.2",0,0,0,0,0,0,0,0,0,0
"AP000424.1",0,0,0,0,0,0,0,0,0,0
"ANKRD46",2,1,1,1,1,3,3,2,3,9
"SNX31",0,0,0,0,1,0,0,0,0,0
"PABPC1",14,8,4,5,13,14,14,14,24,12
"YWHAZ",11,5,11,6,12,9,20,9,11,15
"AC018781.1",0,0,0,0,0,0,0,0,1,0
"AP003469.2",0,0,0,0,0,0,0,0,0,0
"AP003469.4",1,0,0,0,1,1,2,3,0,1
"ZNF706",8,1,7,3,9,4,12,6,5,14
"AP001330.5",0,0,0,0,0,0,0,0,0,0
"AP001330.1",0,0,1,0,1,0,0,0,0,0
"AP001208.2",0,0,0,0,0,0,0,0,0,0
"AP001207.3",0,0,0,0,0,0,0,0,0,0
"GRHL2",0,0,0,0,0,0,0,0,0,0
"NCALD",7,7,8,3,11,0,2,6,5,10
"AP000426.1",0,0,0,0,0,0,0,0,1,0
"RRM2B",2,1,2,0,2,0,6,2,1,0
"UBR5-AS1",0,1,0,0,0,0,2,1,0,0
"UBR5",8,7,15,17,31,11,33,16,12,35
"AP002907.1",0,0,0,0,0,0,0,0,0,0
"AP002852.1",1,0,0,0,1,0,12,0,2,0
"ODF1",0,0,0,0,0,0,0,0,0,0
"KLF10",1,0,2,3,4,2,4,6,0,7
"GASAL1",0,0,0,0,0,0,0,0,0,0
"AZIN1",2,4,3,2,1,1,3,4,1,7
"AZIN1-AS1",3,3,2,0,2,2,2,0,1,2
"AP003354.2",0,0,0,0,0,0,0,0,0,0
"ATP6V1C1",5,3,1,4,6,1,7,3,6,6
"BAALC-AS2",0,0,0,0,0,0,0,0,0,0
"BAALC",3,5,1,1,3,1,7,2,1,9
"BAALC-AS1",2,0,0,0,0,1,2,1,1,1
"FZD6",1,3,1,2,1,2,9,1,2,5
"CTHRC1",3,1,0,0,0,0,0,1,0,1
"AC012213.3",0,0,0,1,0,0,0,0,0,0
"SLC25A32",2,1,4,2,2,2,3,1,4,8
"DCAF13",1,0,0,1,0,0,1,1,1,1
"AC012213.2",0,0,0,0,0,0,0,0,0,0
"AC012213.4",0,0,0,0,0,0,0,0,0,0
"AC012213.1",0,2,0,0,0,0,0,0,0,1
"RIMS2",11,14,12,5,14,6,7,7,2,8
"DPYS",0,0,0,0,0,0,0,0,0,0
"DCSTAMP",0,0,0,0,0,0,0,0,0,0
"LRP12",1,0,1,1,2,3,0,2,2,2
"ZFPM2",8,3,8,9,37,11,40,26,17,33
"AC012564.1",0,0,0,0,0,0,0,0,0,0
"AC021546.1",0,0,0,0,0,0,0,0,0,0
"AC103853.1",0,1,1,0,0,0,1,0,0,0
"AC090802.1",0,0,0,0,0,0,0,0,0,0
"AC027031.2",1,0,0,0,0,0,1,1,0,0
"OXR1",12,12,20,11,19,13,26,18,19,23
"AC090579.1",0,0,2,0,2,0,2,0,0,2
"ABRA",0,0,0,0,0,0,0,0,0,0
"ANGPT1",2,0,2,0,0,1,0,3,6,6
"RSPO2",3,0,0,0,0,0,0,2,0,0
"EIF3E",3,4,6,3,7,5,12,13,4,17
"EMC2",4,0,2,1,8,5,6,5,7,5
"AC022634.2",0,0,0,0,0,0,0,0,1,0
"TMEM74",0,1,0,0,0,1,2,0,1,0
"AC104248.1",0,0,1,0,0,1,1,0,1,0
"TRHR",0,0,0,0,0,0,0,0,0,0
"NUDCD1",1,1,2,0,1,3,5,2,4,1
"AC021237.1",1,0,0,0,0,0,0,0,0,0
"ENY2",4,7,4,2,4,9,7,9,4,7
"PKHD1L1",0,0,2,0,3,4,5,11,0,0
"EBAG9",2,0,4,2,2,2,1,3,0,2
"SYBU",3,2,5,0,4,2,10,0,3,4
"AC079061.1",0,0,0,0,0,0,0,0,0,0
"KCNV1",1,0,0,0,0,0,2,0,0,0
"AC073023.1",0,0,0,0,0,0,0,0,0,0
"AC025366.1",0,0,0,0,0,0,0,0,0,0
"AP005357.1",0,0,0,0,0,0,0,0,0,0
"LINC01608",5,5,5,8,9,3,13,2,5,14
"LINC01609",0,0,0,0,0,0,0,0,0,0
"LINC02237",0,0,0,1,0,1,0,1,0,1
"CSMD3",4,3,13,8,2,1,8,3,1,3
"AC103993.1",0,0,0,0,0,0,0,0,0,0
"TRPS1",8,12,13,10,33,14,28,23,12,19
"LINC00536",0,0,0,0,0,0,2,0,0,0
"EIF3H",5,3,3,2,5,5,9,8,4,9
"UTP23",1,1,2,0,2,1,5,5,2,1
"RAD21",1,2,4,4,9,3,16,9,6,5
"RAD21-AS1",0,0,0,0,0,0,0,0,0,0
"AARD",0,0,0,0,0,0,0,0,0,0
"SLC30A8",0,0,0,0,0,0,0,0,0,1
"MED30",1,0,2,0,0,2,2,1,1,3
"EXT1",19,14,16,4,18,5,25,13,14,56
"SAMD12",21,16,26,10,30,14,38,15,14,47
"AC023590.1",4,10,3,1,1,0,7,2,2,15
"SAMD12-AS1",1,0,1,1,2,1,2,1,1,3
"TNFRSF11B",0,0,0,0,0,2,1,1,1,4
"COLEC10",0,0,0,0,0,0,0,0,0,0
"MAL2",1,2,1,0,0,2,0,0,0,6
"MAL2-AS1",1,0,0,0,0,0,0,0,1,0
"NOV",0,0,2,1,1,1,0,1,0,5
"AC021733.1",0,0,0,0,1,1,0,0,1,1
"ENPP2",7,9,10,10,19,1,12,4,5,20
"TAF2",1,2,6,4,9,2,10,2,3,6
"DSCC1",0,0,1,0,1,0,1,1,0,0
"AP005717.1",0,0,0,0,0,0,1,0,0,0
"DEPTOR",6,1,2,3,8,3,15,1,5,8
"AC091563.1",0,1,1,0,0,0,1,0,0,1
"COL14A1",1,0,1,0,0,3,4,1,2,1
"MRPL13",2,2,3,1,0,2,4,1,3,3
"MTBP",4,1,0,0,1,0,0,0,3,2
"SNTB1",12,8,8,4,19,3,6,10,9,7
"AC104958.1",0,0,0,0,0,0,0,0,0,0
"AC068413.1",0,0,0,0,0,0,0,0,0,0
"HAS2",0,0,0,0,0,0,0,0,0,1
"HAS2-AS1",0,0,0,0,0,0,0,0,0,0
"AC104233.1",0,0,0,0,0,0,0,0,0,0
"AC104036.1",0,0,0,0,0,0,0,0,0,0
"AC037486.1",1,0,0,0,0,0,1,0,0,1
"SMILR",0,0,0,0,0,0,0,0,0,0
"AC108136.1",0,0,0,0,0,0,0,0,0,0
"AC100872.1",0,0,0,0,0,0,0,0,0,0
"AC016405.3",0,0,0,0,0,0,0,0,0,0
"ZHX2",13,6,12,4,19,5,14,19,8,21
"AC104316.2",0,0,0,0,0,0,0,0,0,0
"AC104316.1",3,2,3,0,2,0,2,1,1,3
"DERL1",0,1,2,3,3,2,2,1,1,4
"TBC1D31",0,1,1,0,1,0,1,0,0,1
"FAM83A",0,0,0,0,0,0,1,0,1,0
"C8orf76",1,0,0,2,0,0,0,1,1,0
"ZHX1-C8orf76",0,0,0,0,0,0,0,0,0,0
"ATAD2",1,1,2,0,4,2,4,1,3,4
"WDYHV1",1,2,1,2,3,0,1,2,0,4
"FBXO32",13,4,1,4,3,1,5,5,2,74
"AC090193.2",0,0,0,0,0,0,0,0,0,0
"AC090193.1",0,0,0,0,0,0,0,0,0,0
"ANXA13",0,0,0,0,0,0,0,0,0,0
"FAM91A1",1,1,5,2,7,6,10,1,2,45
"FER1L6",0,0,0,0,0,1,0,0,0,15
"FER1L6-AS1",0,0,0,0,0,0,0,0,0,9
"FER1L6-AS2",0,0,0,0,0,0,0,0,0,1
"AC090921.1",0,0,0,0,0,0,0,0,0,0
"AC090192.2",0,1,0,0,0,0,0,0,0,0
"TMEM65",3,1,4,4,4,4,12,5,5,6
"TRMT12",0,1,0,0,2,0,1,0,0,0
"RNF139-AS1",0,0,0,0,0,1,0,0,1,1
"RNF139",4,2,4,1,2,0,5,0,0,2
"TATDN1",4,2,3,2,3,2,4,1,3,5
"AC090198.1",0,0,0,0,0,0,0,1,0,0
"NDUFB9",8,7,7,6,3,5,7,8,7,7
"MTSS1",9,9,12,4,28,4,16,8,12,16
"AC090922.1",0,0,0,0,0,0,0,0,0,0
"AC100858.3",0,0,0,0,0,0,0,0,0,0
"LINC00964",1,0,0,0,0,0,0,0,0,0
"ZNF572",0,0,0,0,0,0,0,0,0,0
"SQLE",1,2,2,5,4,0,3,2,0,2
"WASHC5",4,1,3,0,6,4,2,1,2,6
"WASHC5-AS1",0,0,0,0,0,0,0,0,0,0
"NSMCE2",14,14,20,15,20,16,27,23,14,26
"TRIB1",0,1,0,2,0,0,0,4,0,0
"AC091114.1",0,0,0,0,0,0,0,0,0,0
"LINC00861",0,0,0,0,0,0,0,0,0,0
"AC024681.2",0,0,0,0,0,0,0,0,0,0
"AC084116.2",0,0,0,0,0,0,0,0,0,0
"FAM84B",0,0,0,2,0,2,2,0,0,0
"PCAT1",5,1,4,3,9,2,5,3,1,10
"AC024382.1",0,0,0,0,0,0,0,0,0,0
"CASC8",0,0,0,0,0,0,0,0,1,0
"CASC11",0,0,0,0,0,0,0,0,0,0
"MYC",0,1,0,0,0,1,0,1,0,0
"PVT1",0,1,0,0,1,0,1,2,1,1
"CCDC26",2,0,1,0,0,0,2,1,0,1
"AC022973.4",0,0,0,0,0,0,0,0,0,0
"FAM49B",6,8,15,5,24,1,14,3,2,33
"AC022973.3",0,0,0,0,0,0,0,0,0,0
"AC022973.2",0,0,0,0,0,0,1,0,0,0
"ASAP1",13,35,32,15,35,13,74,29,14,51
"AC090987.1",0,0,0,0,0,0,1,0,0,0
"ADCY8",1,2,2,0,1,0,0,0,4,2
"AC103726.2",0,0,0,0,0,0,0,0,0,0
"AC104257.1",0,0,0,0,0,0,0,0,0,0
"EFR3A",4,2,7,8,12,2,17,10,10,5
"HHLA1",0,0,0,0,0,0,0,0,0,0
"KCNQ3",4,2,14,2,8,4,1,0,20,8
"LRRC6",0,0,1,2,3,1,1,1,0,1
"TMEM71",2,0,1,0,2,0,1,1,0,3
"PHF20L1",10,1,5,6,9,8,15,12,8,22
"AF230666.1",0,0,0,0,0,0,0,0,0,0
"TG",1,1,2,0,3,0,0,0,0,1
"SLA",3,0,2,0,0,2,0,0,0,1
"WISP1",2,2,0,3,0,0,2,0,2,0
"NDRG1",13,13,12,19,11,13,48,15,9,19
"ST3GAL1",3,4,6,3,6,2,14,0,4,4
"AC103706.1",1,0,0,0,0,0,1,0,0,0
"AC133634.1",0,0,0,0,0,0,0,0,0,0
"AC110741.1",0,0,0,0,0,0,0,0,0,0
"AC105180.1",0,0,0,0,0,0,0,1,0,0
"ZFAT",4,0,0,0,0,1,1,0,0,0
"AC083843.3",0,0,0,0,0,0,0,2,0,1
"AC083843.1",0,0,0,0,1,0,0,0,0,0
"AC103764.1",0,0,0,0,0,0,0,0,0,0
"LINC01591",2,0,0,0,0,0,1,0,0,1
"KHDRBS3",6,6,9,2,9,4,13,4,4,14
"AC079098.1",0,0,0,0,0,0,0,0,0,0
"AC013546.1",0,0,0,0,0,0,0,0,0,0
"LINC02055",0,0,1,2,4,2,1,1,0,2
"AC046195.1",6,0,5,0,0,1,4,1,2,2
"AC046195.2",0,0,1,0,0,0,0,0,0,0
"AC079015.1",0,0,0,0,0,0,0,0,0,0
"FAM135B",1,1,4,1,2,0,0,0,2,0
"COL22A1",0,0,1,0,1,0,0,0,0,0
"AC087354.1",0,0,0,0,0,0,0,0,0,0
"KCNK9",0,0,0,0,0,0,0,0,0,1
"TRAPPC9",5,7,17,3,13,6,14,6,7,12
"AC107375.1",0,1,1,1,0,2,1,1,0,2
"CHRAC1",0,0,0,0,1,1,3,2,1,1
"AGO2",3,5,14,2,6,3,13,5,4,16
"ERICD",0,0,0,0,0,0,0,0,0,0
"PTK2",28,22,43,17,41,16,55,33,22,59
"DENND3",4,1,9,1,9,8,6,2,3,11
"AC040970.1",0,0,0,0,0,0,0,0,0,0
"SLC45A4",3,0,1,0,2,2,3,2,1,3
"AC011676.2",0,0,0,0,0,0,0,0,0,0
"AC011676.3",0,0,0,0,0,0,0,0,0,0
"GPR20",1,0,1,0,2,1,0,0,0,1
"PTP4A3",1,4,0,0,1,2,2,3,0,3
"AC100803.3",0,0,0,1,0,2,0,1,0,0
"AC138647.1",0,0,0,0,0,0,0,0,0,0
"AC104417.2",0,0,0,0,0,0,0,0,0,0
"LINC00051",0,0,0,0,0,0,0,0,0,0
"TSNARE1",0,1,1,2,3,0,5,2,2,1
"AC134682.1",0,0,0,0,0,0,0,0,0,0
"ADGRB1",1,0,2,1,3,0,1,1,0,0
"ARC",0,0,0,0,0,0,0,0,0,0
"AC108002.3",0,0,0,0,0,0,0,0,0,0
"JRK",1,0,2,0,6,0,3,1,0,1
"PSCA",0,0,0,0,0,0,0,0,0,0
"LY6K",1,1,0,0,0,0,1,0,0,1
"AC108002.1",0,0,1,0,0,0,0,0,0,0
"THEM6",2,1,1,0,0,0,1,0,0,0
"AC083841.1",0,0,0,0,0,0,0,0,0,0
"LYNX1-SLURP2",0,0,0,0,0,0,0,0,0,0
"LY6D",0,0,0,0,0,0,0,0,0,0
"AC083841.2",0,0,0,0,0,0,0,0,0,0
"GML",0,0,1,0,0,0,0,1,0,0
"LY6E-DT",0,0,2,0,0,1,0,0,0,1
"LY6E",4,9,10,4,8,19,55,16,5,12
"LY6H",6,0,5,7,2,0,3,4,0,0
"GPIHBP1",1,1,2,1,1,0,7,1,1,0
"AC138696.1",0,0,0,0,0,0,0,0,1,0
"GLI4",0,1,1,2,3,0,0,0,2,3
"MINCR",1,0,0,1,1,2,0,0,0,2
"ZNF696",1,0,0,0,0,0,0,0,0,0
"AC138696.2",0,0,0,0,0,0,0,0,0,0
"TOP1MT",0,0,0,0,1,0,1,1,0,1
"RHPN1-AS1",0,0,0,0,0,0,0,0,0,0
"RHPN1",0,0,1,3,0,1,4,0,0,1
"MAFA",0,0,0,0,0,0,0,0,0,0
"ZC3H3",3,1,2,2,3,1,2,1,2,2
"AC067930.4",0,0,0,0,0,0,0,0,0,2
"GSDMD",1,0,2,0,2,1,12,2,1,3
"MROH6",0,0,0,0,0,0,0,0,0,1
"AC067930.5",0,0,0,0,0,0,0,0,0,0
"NAPRT",2,0,3,0,1,3,6,0,2,1
"AC067930.2",0,0,0,0,0,0,0,0,0,0
"EEF1D",3,9,5,4,9,15,21,12,14,5
"TIGD5",0,0,0,0,3,0,0,1,2,0
"PYCR3",0,2,1,1,1,0,0,0,0,0
"TSTA3",2,0,2,4,3,5,3,4,3,2
"ZNF623",0,0,1,1,3,1,1,2,3,4
"ZNF707",1,0,0,0,1,0,2,0,1,1
"CCDC166",0,0,0,0,0,0,0,0,0,0
"MAPK15",0,0,0,0,0,0,0,0,0,0
"FAM83H",0,0,0,0,0,0,0,0,0,0
"IQANK1",1,0,1,0,0,0,0,0,0,0
"AC105219.4",0,0,0,0,0,0,0,0,0,0
"SCRIB",0,0,1,2,1,2,2,2,1,2
"PUF60",1,4,1,3,3,2,1,2,1,2
"NRBP2",2,4,4,1,1,1,3,2,1,2
"EPPK1",0,0,0,0,0,0,0,0,0,0
"PLEC",4,3,1,5,6,2,13,1,4,7
"PARP10",3,0,2,0,1,1,4,0,0,0
"GRINA",4,2,2,3,2,8,6,10,8,2
"SPATC1",0,0,0,1,2,1,0,0,0,0
"OPLAH",0,0,0,0,0,0,0,0,0,0
"AC109322.1",0,0,1,0,0,0,0,1,0,1
"EXOSC4",1,0,0,0,0,0,3,2,0,1
"GPAA1",3,1,4,4,1,2,3,3,0,3
"CYC1",6,7,5,0,1,2,8,4,6,5
"SHARPIN",0,1,2,0,5,1,6,2,6,6
"MAF1",1,0,1,0,1,4,13,6,6,1
"WDR97",0,0,0,0,0,0,1,0,0,0
"HGH1",0,1,0,0,0,1,1,0,0,0
"MROH1",3,0,1,1,2,2,1,1,4,2
"BOP1",0,0,0,0,0,0,0,1,0,0
"SCX",0,0,0,0,0,1,0,0,0,0
"HSF1",3,0,2,0,6,2,4,3,0,8
"DGAT1",0,0,1,0,2,2,4,2,1,0
"SCRT1",0,0,0,0,0,0,0,0,1,0
"TMEM249",0,0,0,0,0,0,0,0,0,0
"SLC52A2",0,1,2,1,0,5,5,1,0,2
"FBXL6",0,0,1,0,0,0,1,0,0,1
"ADCK5",1,0,0,0,1,1,5,1,2,0
"CPSF1",0,1,0,0,0,1,0,1,1,0
"AC233992.3",0,0,0,0,0,0,0,0,0,0
"SLC39A4",0,0,0,0,0,1,0,2,0,2
"VPS28",6,6,3,1,7,4,15,4,9,5
"TONSL",0,0,0,0,0,0,1,1,0,0
"CYHR1",4,3,4,5,4,5,11,9,7,1
"AC084125.1",0,0,0,0,0,0,0,0,0,0
"KIFC2",1,1,2,1,6,1,2,0,0,1
"FOXH1",0,0,1,0,0,0,0,0,0,0
"PPP1R16A",1,0,1,2,1,0,6,1,0,4
"GPT",0,0,0,0,0,0,1,0,1,1
"MFSD3",0,0,1,0,0,1,0,0,1,1
"RECQL4",0,0,0,0,0,0,0,0,0,0
"AC084125.4",0,0,0,0,0,0,0,1,0,0
"LRRC14",1,1,0,0,1,1,1,0,0,2
"LRRC24",0,0,0,0,2,1,0,0,0,0
"C8orf82",0,0,0,0,0,0,0,0,0,1
"ARHGAP39",1,0,1,1,0,0,1,0,0,1
"AF186192.1",0,0,0,0,0,0,0,0,0,0
"ZNF251",1,1,2,3,6,6,9,2,3,10
"ZNF34",0,0,0,0,1,0,0,1,0,1
"RPL8",16,7,13,10,15,32,40,31,26,14
"ZNF517",2,0,0,0,0,0,0,0,0,0
"ZNF7",4,0,2,0,4,2,1,3,3,1
"COMMD5",0,0,0,0,1,0,2,0,0,1
"ZNF250",2,0,2,1,1,2,1,1,1,1
"ZNF16",2,1,1,0,2,0,2,0,0,2
"AF235103.1",0,0,0,0,0,0,0,0,0,0
"ZNF252P-AS1",0,0,0,0,0,1,0,0,0,0
"C8orf33",3,2,2,0,1,1,8,0,0,0
"WASHC1",8,7,5,3,5,6,7,9,4,12
"AL928970.1",1,0,0,0,0,0,0,0,0,0
"PGM5P3-AS1",0,0,0,0,0,0,0,0,0,0
"FOXD4",0,0,0,0,0,0,0,0,0,0
"CBWD1",1,0,1,1,0,1,0,2,1,2
"C9orf66",0,0,0,0,0,0,0,0,0,0
"DOCK8",3,2,0,0,1,0,4,0,1,7
"AL158832.1",0,0,0,0,0,0,0,0,0,0
"AL161725.1",0,0,0,0,0,1,0,0,0,2
"KANK1",17,10,8,15,18,6,29,11,2,19
"AL136979.1",1,0,0,0,0,0,0,0,0,0
"DMRT1",0,0,0,0,0,0,0,0,0,0
"DMRT3",0,0,0,0,0,0,0,0,0,0
"DMRT2",0,0,0,0,0,0,0,0,0,0
"SMARCA2",20,7,12,9,16,8,31,9,10,18
"AL359076.1",0,0,0,0,0,0,0,0,0,0
"VLDLR-AS1",1,3,3,0,2,0,3,0,2,11
"VLDLR",0,1,0,0,3,0,2,0,0,2
"KCNV2",1,0,1,0,0,0,1,0,0,1
"PUM3",5,7,11,4,12,3,8,5,3,17
"LINC01231",0,0,0,0,0,0,1,1,0,0
"RFX3",9,7,9,18,43,17,40,15,20,19
"RFX3-AS1",5,2,3,2,2,2,6,0,4,9
"AL354977.1",0,0,0,0,0,0,0,0,0,0
"GLIS3",8,15,16,8,17,10,20,22,14,17
"GLIS3-AS1",0,0,0,0,0,0,0,0,0,0
"AL162419.1",0,0,0,0,0,0,0,0,0,0
"SLC1A1",5,21,11,8,14,12,28,16,7,41
"SPATA6L",0,2,5,0,1,1,6,6,2,7
"PLPP6",0,2,1,0,1,0,1,1,2,1
"CDC37L1-DT",0,0,0,0,0,0,0,2,0,1
"CDC37L1",0,2,0,2,6,2,9,8,4,8
"AK3",4,3,6,3,10,4,12,9,10,19
"RCL1",1,3,6,2,9,3,5,7,2,19
"JAK2",5,14,13,4,18,8,16,8,10,12
"INSL6",0,0,1,0,0,0,1,1,0,0
"RLN1",1,0,0,0,0,0,0,0,0,0
"AL135786.2",0,0,0,0,0,0,0,0,0,0
"PLGRKT",1,1,0,0,2,1,3,2,1,3
"CD274",1,0,0,0,1,0,1,1,1,0
"PDCD1LG2",1,0,0,0,1,0,1,0,0,1
"AL162253.1",0,0,0,0,0,0,0,0,0,0
"RIC1",6,3,8,4,13,6,14,5,3,8
"AL136980.1",0,0,0,0,0,0,0,1,0,0
"ERMP1",0,3,1,6,0,2,4,1,4,5
"KIAA2026",4,3,12,15,10,5,19,6,10,24
"MLANA",0,0,1,0,0,0,0,0,0,0
"RANBP6",2,1,0,2,1,0,1,1,0,2
"AL162384.1",0,0,0,0,1,0,0,0,0,0
"IL33",0,0,0,0,0,0,0,0,0,0
"UHRF2",10,2,3,2,3,5,11,4,7,7
"AL133480.1",2,0,4,1,2,1,0,2,0,7
"GLDC",0,0,0,0,0,0,0,1,0,1
"AL162411.1",0,0,0,0,0,0,0,0,0,2
"AL354707.2",0,0,0,0,0,0,0,0,0,1
"AL354707.1",0,1,0,0,0,0,0,0,0,0
"KDM4C",13,7,9,4,20,12,23,15,15,15
"AL354694.1",0,0,0,0,0,0,0,0,0,0
"DMAC1",4,5,0,0,2,3,2,4,0,3
"AL135923.1",0,0,0,0,0,0,0,0,0,0
"PTPRD",50,34,62,42,73,14,82,24,15,83
"PTPRD-AS1",1,0,0,0,0,0,0,0,0,1
"AL596451.1",0,0,1,0,0,0,0,0,0,0
"PTPRD-AS2",0,0,0,0,0,0,0,0,0,0
"AL589678.1",0,0,0,0,0,0,0,0,0,0
"TYRP1",0,0,0,0,0,0,0,0,0,0
"LURAP1L-AS1",2,5,3,0,4,2,8,3,3,9
"LURAP1L",0,0,0,0,0,1,2,1,1,5
"MPDZ",12,11,7,5,21,12,37,14,13,18
"LINC01235",0,0,0,0,0,0,0,0,0,0
"AL583785.1",0,0,0,0,0,0,0,0,0,0
"AL360089.1",0,0,0,0,0,0,0,1,0,0
"NFIB",13,32,23,11,31,11,86,22,25,28
"AL136366.1",0,0,1,1,0,1,2,1,0,0
"AL159169.3",0,0,0,0,0,0,0,0,0,0
"AL159169.2",0,0,0,0,0,0,1,0,0,0
"ZDHHC21",2,4,10,4,8,7,11,13,6,15
"CER1",0,0,0,0,0,0,0,0,0,0
"FREM1",0,0,0,0,4,1,0,0,0,2
"TTC39B",1,1,1,3,1,1,1,2,0,1
"SNAPC3",8,4,4,2,6,2,7,4,5,13
"PSIP1",4,9,8,3,4,4,14,10,5,6
"CCDC171",1,2,1,4,4,1,1,4,1,3
"C9orf92",0,0,0,0,0,0,0,0,0,1
"BNC2",11,4,5,4,18,10,15,10,14,76
"AL449983.1",0,0,0,0,0,0,0,1,0,0
"AL162725.2",0,1,0,0,0,1,0,0,0,0
"CNTLN",5,4,4,3,19,3,17,14,14,16
"SH3GL2",4,1,3,5,6,0,0,2,0,0
"ADAMTSL1",0,0,0,0,2,1,1,0,1,12
"SAXO1",0,0,1,0,0,0,1,0,0,0
"RRAGA",1,4,2,2,3,7,7,5,4,2
"HAUS6",0,1,0,0,2,0,1,0,0,2
"PLIN2",5,2,3,1,3,3,12,4,0,1
"DENND4C",14,8,15,4,22,10,25,18,14,19
"AL391834.1",0,0,0,0,0,0,0,0,0,0
"AL391834.2",0,0,0,0,0,0,1,1,0,0
"RPS6",19,5,10,0,29,28,37,42,23,20
"ACER2",3,4,22,4,12,0,24,4,1,2
"SLC24A2",38,15,33,33,40,12,65,17,7,61
"AL591222.1",0,0,1,0,0,0,0,0,0,0
"MLLT3",9,6,10,6,17,8,30,14,13,10
"FOCAD",10,10,7,2,11,10,20,5,4,4
"FOCAD-AS1",0,0,0,0,0,0,0,0,0,0
"HACD4",1,2,1,0,0,1,2,1,0,1
"KLHL9",2,0,1,1,3,4,10,4,4,2
"IFNA6",0,0,0,0,0,0,0,0,0,0
"IFNA13",0,0,0,0,1,0,0,0,0,0
"IFNA2",0,0,0,0,0,0,0,0,0,0
"AL353732.1",0,0,0,0,0,0,0,0,0,0
"IFNE",0,0,0,0,0,1,0,0,0,0
"MTAP",0,0,0,0,0,0,0,0,0,0
"AL359922.1",0,0,0,0,0,0,0,0,0,0
"AL359922.2",0,0,0,0,0,0,0,0,0,0
"CDKN2A",0,0,0,0,2,0,0,0,0,2
"CDKN2B-AS1",0,0,0,1,2,0,0,0,0,0
"CDKN2B",0,0,0,0,0,0,1,0,0,0
"AL157937.1",0,0,0,0,0,0,0,0,0,0
"DMRTA1",0,0,0,0,0,0,0,0,0,0
"LINC01239",0,1,1,1,0,0,1,0,0,2
"AL391117.1",0,0,0,0,0,1,0,0,2,1
"AL445623.2",1,0,0,0,0,0,0,0,0,0
"ELAVL2",1,2,1,2,3,0,1,2,2,1
"AL365204.1",0,0,0,0,0,0,0,0,0,0
"IZUMO3",0,0,0,0,0,0,0,0,0,0
"AL353811.1",0,0,0,0,0,0,0,0,0,0
"TUSC1",0,0,0,0,0,1,2,2,0,1
"LINC01241",0,0,0,0,0,0,0,0,0,0
"AL353753.1",0,0,0,0,0,0,0,0,0,0
"AL451137.1",0,0,0,0,0,0,0,0,0,0
"CAAP1",3,2,1,2,2,2,9,8,2,6
"PLAA",0,5,3,1,5,1,3,5,1,3
"IFT74",2,0,2,0,5,3,3,0,2,3
"IFT74-AS1",0,0,0,1,0,0,0,0,0,0
"LRRC19",0,0,0,0,0,0,0,0,1,1
"AL355432.1",0,0,0,0,0,0,0,0,0,0
"TEK",1,12,2,1,11,4,9,9,1,4
"EQTN",0,0,0,0,0,0,1,0,0,0
"MOB3B",8,13,11,4,24,10,31,16,19,16
"C9orf72",2,2,7,0,5,2,10,3,6,3
"LINGO2",4,2,8,1,4,3,1,1,0,36
"LINC01242",0,0,0,0,0,1,1,1,0,0
"LINC01243",0,0,0,0,0,0,0,1,0,0
"ACO1",2,2,2,0,1,3,10,7,1,4
"DDX58",3,2,1,1,7,1,4,0,0,5
"TOPORS",3,1,2,3,5,5,5,2,9,3
"SMIM27",2,1,2,0,0,0,0,0,0,1
"NDUFB6",8,3,12,0,3,2,4,7,4,7
"TAF1L",0,0,0,0,0,0,0,0,0,0
"AL589642.1",0,0,0,0,0,0,0,0,0,0
"AL589642.2",0,0,0,0,0,0,0,0,0,0
"TMEM215",0,0,0,0,0,0,0,0,0,0
"AL157884.2",0,0,0,0,0,0,0,0,0,0
"APTX",7,1,4,2,7,3,5,0,1,8
"DNAJA1",3,5,6,4,7,9,13,8,7,9
"SMU1",0,3,3,2,2,2,8,2,3,3
"B4GALT1",3,2,3,0,2,0,6,5,0,15
"B4GALT1-AS1",0,0,0,0,0,0,0,0,0,0
"SPINK4",0,0,0,0,0,0,0,0,0,0
"BAG1",2,3,1,1,6,0,1,2,3,4
"CHMP5",3,3,3,2,1,7,6,6,4,4
"NFX1",4,5,7,4,10,3,8,2,3,8
"AQP7",0,0,0,0,0,0,0,0,1,1
"AL356218.1",0,0,0,0,0,0,0,0,0,0
"AQP3",0,0,0,0,0,0,0,0,0,0
"NOL6",0,0,1,0,1,0,0,0,1,2
"ANKRD18B",1,1,0,0,0,1,0,0,0,0
"CYP4F26P",0,0,0,0,0,0,0,0,0,0
"AL356489.3",0,0,0,0,1,0,1,0,0,0
"AL356489.2",0,0,0,0,0,0,0,0,0,0
"LINC01251",0,0,0,0,0,0,0,0,0,0
"PRSS3",0,0,2,0,5,0,2,0,1,1
"UBE2R2-AS1",0,1,0,0,0,0,0,0,2,1
"UBE2R2",9,3,14,11,11,5,15,9,3,16
"UBAP2",9,0,6,3,6,2,7,11,3,6
"AL354989.1",1,0,1,0,1,1,0,0,0,1
"DCAF12",0,0,2,0,1,0,2,1,1,1
"UBAP1",6,5,5,5,7,4,9,7,5,9
"KIF24",0,0,0,0,0,0,0,0,0,0
"NUDT2",1,2,3,1,2,1,5,1,1,1
"MYORG",0,1,0,1,0,0,3,1,1,2
"C9orf24",1,0,0,0,1,1,1,0,1,1
"FAM219A",2,3,5,2,4,0,8,0,2,8
"DNAI1",0,0,0,0,0,0,0,0,0,0
"ENHO",0,0,0,1,2,0,2,0,0,0
"CNTFR",0,0,0,0,0,0,0,1,2,0
"CNTFR-AS1",0,0,0,0,0,0,0,0,0,0
"RPP25L",1,1,0,0,0,0,1,1,1,1
"DCTN3",2,3,2,0,2,3,6,5,3,2
"SIGMAR1",0,0,0,1,1,1,2,1,1,1
"GALT",0,0,0,0,2,0,1,0,0,0
"IL11RA",0,2,0,3,0,0,2,1,0,1
"CCL27",0,0,0,0,0,0,0,0,0,0
"AL162231.1",2,0,1,1,1,1,0,1,2,1
"AL162231.2",0,0,0,0,0,0,0,0,0,0
"PHF24",0,2,4,0,1,1,1,1,0,0
"DNAJB5-DT",0,0,0,0,0,0,0,0,0,0
"DNAJB5",0,0,1,0,0,0,0,0,0,1
"C9orf131",0,0,0,0,0,0,0,0,0,0
"VCP",6,8,14,1,4,6,18,6,8,8
"FANCG",0,0,0,0,0,0,0,0,0,0
"PIGO",2,0,2,0,0,0,1,2,0,0
"AL353795.2",0,0,0,0,0,0,0,0,0,2
"STOML2",4,1,2,3,3,1,1,5,2,3
"FAM214B",1,0,1,0,3,0,0,0,0,1
"UNC13B",4,11,7,1,16,6,19,9,3,16
"RUSC2",3,4,9,3,11,6,10,10,1,20
"FAM166B",0,0,0,0,0,0,0,0,0,0
"TESK1",0,1,1,3,1,0,2,4,0,0
"CD72",2,0,0,0,0,0,1,0,0,1
"AL357874.1",0,0,0,0,0,0,0,0,0,0
"SIT1",0,0,0,0,0,0,0,0,0,0
"RMRP",0,0,0,0,0,0,0,0,0,0
"CCDC107",3,1,1,3,3,7,12,7,3,3
"ARHGEF39",0,1,0,0,0,0,0,0,0,0
"CA9",0,0,0,0,0,0,0,0,0,0
"TPM2",5,1,3,2,6,8,4,7,2,11
"TLN1",0,6,3,1,4,2,10,2,4,5
"CREB3",0,0,4,1,1,1,3,1,1,3
"GBA2",2,4,3,0,5,1,5,2,2,12
"RGP1",0,1,2,2,3,1,1,0,1,1
"MSMP",0,0,1,0,0,0,0,1,0,1
"AL133410.2",0,0,0,0,0,0,0,0,0,0
"AL133410.1",3,1,0,0,1,2,1,2,0,2
"NPR2",0,0,0,0,0,1,2,0,1,0
"SPAG8",0,0,1,0,0,1,0,0,0,1
"HINT2",1,1,2,0,0,2,2,2,2,0
"TMEM8B",0,0,1,1,2,1,1,2,1,1
"FAM221B",0,0,0,0,0,0,0,0,0,0
"HRCT1",0,4,2,1,1,2,8,0,2,1
"SPAAR",2,3,2,0,1,1,12,0,0,1
"RECK",3,4,3,6,7,5,11,5,3,10
"GLIPR2",0,2,1,0,1,2,4,2,0,2
"CCIN",0,0,0,0,0,0,0,0,0,0
"CLTA",4,4,5,4,10,9,15,8,5,9
"GNE",1,1,3,0,3,0,2,1,2,2
"RNF38",5,4,7,5,18,8,15,11,3,12
"MELK",0,0,1,0,0,0,0,0,0,1
"PAX5",0,0,0,0,1,0,1,0,0,1
"AL450267.1",0,0,0,0,0,0,0,0,0,0
"AL161781.2",0,0,0,0,0,0,0,0,0,0
"AL512604.3",0,0,0,0,0,0,0,0,0,0
"EBLN3P",2,0,0,0,3,4,3,0,4,3
"ZCCHC7",20,9,15,14,23,13,24,29,9,31
"GRHPR",2,2,4,4,2,6,8,1,2,1
"ZBTB5",0,1,1,1,4,1,1,2,1,2
"POLR1E",0,0,1,0,0,1,0,0,0,0
"AL513165.1",0,0,0,0,0,0,0,0,0,0
"FBXO10",0,0,0,0,0,0,0,0,0,1
"AL513165.2",0,0,1,0,1,0,0,0,0,0
"AL138752.2",5,2,7,2,5,0,4,2,0,11
"FRMPD1",0,0,0,0,1,0,0,0,0,0
"TRMT10B",2,1,2,0,7,4,8,2,0,13
"DCAF10",8,6,6,4,8,7,12,11,9,9
"ALDH1B1",0,1,1,0,0,0,1,0,0,0
"IGFBPL1",0,0,0,0,0,0,0,0,0,0
"FAM95C",0,0,1,0,0,1,1,0,0,2
"ANKRD18A",1,1,2,0,0,2,4,2,2,2
"FAM201A",0,0,0,0,0,1,2,0,0,0
"AL591543.1",0,0,0,0,0,0,0,0,0,0
"FAM240B",0,0,0,0,0,0,0,0,0,0
"AL845311.1",0,0,0,0,0,0,0,0,0,0
"CNTNAP3",5,1,1,1,2,0,3,4,0,1
"BX005214.1",0,0,0,0,0,0,0,0,0,0
"GLIDR",4,0,1,2,1,0,6,3,1,3
"ANKRD20A2",0,0,0,0,0,0,0,0,0,0
"FAM95B1",1,0,1,0,0,1,0,1,0,0
"BMS1P14",2,4,0,0,2,0,2,3,2,5
"FP325318.1",0,1,1,0,1,0,1,0,1,3
"AL353626.1",0,0,0,1,0,0,0,0,0,2
"BX255923.1",0,0,0,0,0,0,0,0,0,0
"BX255923.2",0,0,0,0,0,0,1,0,0,0
"CBWD6",1,0,0,0,0,1,2,0,0,4
"AL845472.1",0,1,0,0,1,0,0,0,0,0
"AL354718.2",0,0,0,0,0,0,0,0,0,0
"AL591926.2",0,0,0,0,0,0,0,1,0,0
"CNTNAP3B",5,8,4,0,15,3,33,18,10,18
"AL445584.2",1,0,2,0,0,1,0,0,0,0
"BX088651.4",0,0,0,0,0,1,0,0,0,1
"AL591441.2",0,0,0,0,0,0,0,0,0,0
"AL591441.1",0,0,0,0,0,0,0,0,0,0
"AL590491.2",0,0,0,0,0,0,0,0,0,0
"BX088645.1",0,0,0,0,0,1,1,0,1,0
"AL935212.1",0,0,0,0,0,0,0,0,0,0
"FAM27C",0,0,0,0,0,1,1,2,0,0
"AL391987.2",1,0,0,0,2,0,0,0,0,0
"AL391987.3",0,0,0,0,0,0,1,1,0,0
"CR769775.2",0,0,0,0,0,0,0,0,0,0
"AL590399.3",0,0,0,0,0,0,0,0,0,0
"AL590399.1",0,0,0,0,0,0,0,0,0,0
"LINC01410",0,0,0,0,0,0,0,0,0,0
"AL512625.2",0,0,0,0,0,0,0,0,0,0
"AL512625.3",0,0,1,0,0,1,3,0,0,4
"AL512625.1",0,0,0,0,0,0,0,0,0,0
"AL772155.1",0,0,0,0,0,0,0,0,0,0
"CR786580.1",0,0,0,0,0,0,0,0,0,0
"ANKRD20A4",0,0,0,0,0,0,0,0,0,0
"FOXD4L5",0,0,0,0,0,0,0,0,0,0
"CBWD5",3,0,2,1,5,2,5,4,2,2
"AL136317.2",0,0,2,0,0,0,1,2,1,0
"ANKRD20A3",0,0,0,0,0,0,0,0,0,0
"AL513478.2",0,0,0,0,0,0,0,0,1,0
"ZNF658",0,0,3,0,0,0,0,2,0,0
"ANKRD20A1",0,0,0,0,0,0,0,0,0,0
"AL353608.2",0,0,0,0,0,0,0,0,0,0
"CBWD3",0,0,1,0,1,0,1,0,0,0
"AL353608.3",0,0,0,1,0,0,0,0,0,0
"PGM5",4,4,1,1,4,5,9,4,1,3
"AL161457.2",1,1,0,0,1,2,1,0,0,0
"AL353616.2",1,0,0,0,0,0,1,0,0,0
"PIP5K1B",3,2,2,4,5,14,6,7,4,4
"AL354794.1",1,0,0,0,0,1,0,0,0,1
"TJP2",0,0,0,0,0,2,0,1,1,0
"BANCR",0,0,0,0,0,0,0,0,0,0
"FAM189A2",2,2,2,4,4,2,4,0,2,2
"APBA1",5,5,4,3,12,3,9,2,2,11
"AL353693.1",0,0,0,0,0,0,0,0,0,0
"AL162412.1",0,0,0,0,0,0,0,0,0,0
"PTAR1",6,2,4,2,4,4,9,6,6,7
"C9orf135",0,0,0,0,0,0,0,0,0,0
"MAMDC2-AS1",2,0,1,0,1,0,1,1,1,0
"MAMDC2",4,9,8,8,9,11,29,23,18,13
"SMC5-AS1",0,1,1,0,0,4,2,0,1,1
"SMC5",9,10,5,3,14,9,9,16,7,22
"KLF9",4,8,1,3,2,5,14,10,12,10
"TRPM3",7,3,6,3,12,1,4,11,8,22
"CEMIP2",8,14,15,12,16,6,27,20,9,20
"ABHD17B",1,2,1,2,2,2,9,3,3,4
"C9orf85",2,1,2,4,6,3,4,3,2,12
"C9orf57",0,0,0,0,0,0,0,0,1,0
"GDA",1,2,2,1,2,0,0,2,1,0
"AL135924.2",0,0,0,0,0,0,0,0,0,0
"LINC01504",2,0,0,0,1,0,0,0,0,1
"ZFAND5",7,4,5,7,4,7,15,4,9,6
"TMC1",1,1,0,0,1,0,1,2,0,1
"LINC01474",0,0,0,0,0,0,0,0,0,0
"ALDH1A1",4,0,2,0,1,2,3,1,1,1
"ANXA1",8,2,6,0,2,4,13,2,3,7
"RORB-AS1",0,0,0,0,0,0,0,0,0,0
"RORB",3,2,1,0,7,3,1,1,1,3
"TRPM6",2,2,6,1,4,0,4,6,0,3
"C9orf40",1,0,2,0,1,2,1,5,1,0
"C9orf41-AS1",0,0,0,0,1,1,1,0,0,2
"CARNMT1",3,0,1,2,0,0,4,3,0,2
"NMRK1",0,0,1,0,1,1,3,3,1,1
"OSTF1",6,1,7,1,3,2,5,6,4,5
"PCSK5",16,2,7,4,7,4,6,8,4,5
"RFK",2,1,1,1,3,3,2,0,2,1
"GCNT1",1,1,0,1,2,1,4,0,1,1
"PRUNE2",15,10,13,16,12,10,35,2,13,26
"PCA3",0,1,2,2,2,0,2,2,0,3
"VPS13A",3,1,6,2,7,3,13,4,3,6
"GNA14",5,2,1,1,3,1,20,4,1,5
"GNA14-AS1",2,1,1,1,3,2,3,4,0,1
"GNAQ",31,25,27,22,37,17,59,18,14,47
"CEP78",1,3,2,2,2,0,4,6,2,1
"PSAT1",1,1,5,2,1,1,5,0,0,2
"AL512634.1",0,0,0,0,0,0,0,0,0,0
"AL358975.1",0,0,0,0,0,0,0,0,0,0
"TLE4",28,16,13,13,38,14,48,26,11,37
"AL161912.2",0,0,0,0,0,0,0,0,0,0
"AL161782.1",0,0,0,0,0,0,0,0,0,0
"TLE1",9,8,6,3,15,14,22,6,14,13
"AL591368.1",2,1,0,0,0,1,1,0,1,1
"AL158154.2",0,0,0,0,0,0,0,0,0,0
"RASEF",2,0,1,0,1,0,0,1,0,1
"AL137847.1",0,0,0,0,0,0,0,0,0,0
"FRMD3",14,7,8,7,19,5,26,13,5,3
"AL137847.2",0,0,0,0,0,0,0,0,0,0
"IDNK",1,0,1,1,1,0,2,0,1,2
"UBQLN1",4,3,5,2,6,5,11,7,3,6
"AL354920.1",0,0,0,0,0,1,0,0,1,0
"GKAP1",2,1,4,1,8,6,8,7,2,5
"AL354733.1",0,0,0,0,0,0,0,0,0,0
"AL354733.2",0,0,0,0,0,0,0,0,0,0
"KIF27",2,3,0,0,3,1,1,1,2,1
"C9orf64",0,0,0,0,0,1,0,1,0,0
"HNRNPK",4,10,10,10,6,17,20,19,16,11
"AL354733.3",0,0,3,0,0,0,0,1,0,1
"RMI1",0,0,0,1,0,4,1,0,0,0
"AL390838.1",0,0,0,0,0,0,0,0,0,0
"SLC28A3",0,0,0,0,0,0,0,0,0,0
"AL356134.1",0,0,0,0,0,0,0,0,0,0
"NTRK2",9,11,13,4,17,6,10,3,6,18
"AGTPBP1",8,6,9,6,16,4,20,13,6,18
"AL157882.1",0,0,0,0,0,0,0,0,0,0
"AL353743.2",0,0,0,0,0,0,0,0,1,0
"NAA35",3,1,8,1,11,0,11,5,4,8
"GOLM1",1,3,3,2,10,4,5,4,1,4
"C9orf153",3,0,1,2,1,1,4,3,0,4
"ISCA1",1,0,2,3,0,5,6,2,3,2
"TUT7",3,5,5,6,12,4,12,8,6,3
"AL353613.1",0,0,0,0,0,0,0,0,0,0
"GAS1",0,0,0,0,0,0,2,2,3,5
"GAS1RR",0,0,0,0,0,0,0,0,0,1
"AL513318.2",0,0,0,0,0,0,0,0,0,0
"C9orf170",0,0,0,0,0,0,0,0,0,0
"DAPK1",3,6,7,1,9,7,9,10,11,12
"CTSL",1,4,3,0,2,5,4,3,5,7
"AL772337.2",0,0,0,0,0,0,0,0,0,0
"CDK20",0,0,1,0,2,1,1,0,0,2
"SPIN1",11,4,9,5,14,8,18,5,5,16
"NXNL2",0,0,0,0,0,0,0,0,0,2
"AL592486.1",0,0,0,0,0,0,0,0,0,0
"AL772202.1",0,0,0,0,0,0,0,0,0,0
"S1PR3",3,0,1,2,11,8,4,5,7,0
"SHC3",2,2,3,2,2,0,2,0,2,0
"CKS2",0,0,0,0,0,0,1,0,0,0
"SECISBP2",3,7,9,3,8,5,13,9,6,9
"SEMA4D",4,6,12,2,7,1,8,2,3,4
"GADD45G",2,1,1,0,1,1,10,5,4,7
"AL606807.1",0,0,0,0,0,0,1,1,0,0
"AL161629.1",0,0,0,0,0,0,0,0,0,0
"MIR4290HG",0,0,0,0,0,0,0,0,0,0
"LINC01508",0,0,0,0,1,0,0,0,1,3
"LINC01501",0,0,0,0,0,0,0,0,0,0
"DIRAS2",2,0,2,0,0,0,0,1,0,1
"SYK",0,0,0,1,2,0,1,0,0,0
"AL355607.1",0,0,0,0,0,0,0,0,0,0
"AL158071.3",1,0,0,0,0,0,0,0,0,0
"AL158071.1",0,0,0,0,1,1,0,1,1,1
"AL158071.4",1,0,0,1,3,2,2,0,2,1
"AL158071.5",0,0,0,0,0,0,0,0,0,0
"AUH",5,3,12,3,7,3,13,6,2,11
"NFIL3",1,0,2,1,2,1,5,6,4,1
"AL353764.1",0,0,0,0,0,0,0,0,0,0
"ROR2",0,0,9,0,3,1,4,0,2,6
"SPTLC1",4,0,3,0,8,7,8,7,2,5
"AL136097.2",0,0,0,0,0,0,0,0,0,0
"IARS",3,3,4,0,1,2,4,3,5,10
"NOL8",3,1,4,2,2,1,5,3,3,6
"CENPP",28,5,18,1,27,6,6,8,10,9
"OGN",13,0,5,0,3,2,4,1,12,13
"OMD",9,1,6,0,0,4,4,4,9,2
"ASPN",11,2,11,0,10,3,1,0,2,5
"ECM2",14,1,5,0,3,3,1,4,8,8
"IPPK",4,1,5,1,9,1,6,5,0,2
"BICD2",4,2,0,2,6,0,1,4,1,3
"ZNF484",0,1,1,0,1,0,1,2,0,0
"FGD3",0,0,0,0,1,0,1,1,1,1
"SUSD3",1,0,0,0,0,0,0,0,0,0
"CARD19",2,1,5,0,1,3,6,0,1,0
"NINJ1",0,1,1,1,0,1,3,2,0,2
"WNK2",6,1,8,1,4,0,2,5,2,2
"C9orf129",0,1,0,1,1,0,1,0,0,0
"AL583839.1",0,0,0,0,1,0,0,0,0,0
"FAM120AOS",3,2,3,1,2,1,6,3,1,4
"FAM120A",9,7,8,5,10,5,15,12,3,11
"PHF2",1,0,1,1,2,1,2,2,2,2
"PTPDC1",5,3,0,1,2,2,5,2,1,8
"AL158152.2",6,0,1,0,5,2,1,3,1,9
"MIRLET7DHG",0,0,0,0,1,0,0,2,0,1
"ZNF169",1,1,1,1,3,1,2,3,2,0
"NUTM2F",0,0,0,0,0,0,0,0,0,0
"AL691447.2",0,0,0,0,0,0,3,0,0,0
"MFSD14B",1,2,4,2,1,4,8,0,2,1
"PCAT7",1,0,0,0,0,0,0,0,0,0
"FBP2",0,0,0,0,0,0,0,0,0,0
"FBP1",1,0,0,0,0,0,0,0,0,0
"C9orf3",20,11,8,8,31,9,19,13,14,50
"AL353768.1",1,0,0,0,0,0,0,1,0,0
"FANCC",4,2,3,6,12,5,12,7,3,11
"PTCH1",0,0,2,0,1,1,1,2,1,2
"AL161729.2",0,0,0,0,0,0,0,0,0,0
"AL161729.4",0,0,0,0,0,0,0,0,0,0
"AL392185.1",0,0,0,0,0,0,0,0,0,0
"AL354861.2",0,0,0,0,0,1,0,0,0,1
"LINC00476",5,1,1,2,9,4,5,6,5,8
"ERCC6L2",6,3,5,2,4,7,13,10,8,9
"LINC00092",0,0,0,0,0,0,0,0,0,0
"AL449403.1",0,0,1,0,0,0,0,0,0,0
"AL449403.2",0,0,0,0,0,0,0,0,0,0
"HSD17B3",0,0,0,0,0,0,0,0,0,0
"AL160269.1",1,0,0,0,0,0,0,0,1,1
"SLC35D2",0,1,0,3,4,1,3,0,0,4
"ZNF367",0,0,1,0,0,0,1,0,0,0
"HABP4",3,4,3,2,1,0,3,1,2,7
"CDC14B",12,9,17,4,13,1,14,3,4,14
"AAED1",0,0,0,0,0,1,3,2,3,3
"AL589843.1",3,1,3,0,2,0,1,2,0,2
"ZNF510",1,0,0,0,1,1,4,2,1,2
"ZNF782",1,2,3,4,4,2,1,3,1,3
"MFSD14C",5,3,4,3,11,0,8,6,2,17
"NUTM2G",0,0,1,0,0,0,1,0,0,0
"CTSV",0,0,0,0,0,0,0,0,0,1
"AL590705.3",0,0,0,0,0,0,0,0,0,0
"AL590705.1",0,0,1,0,0,1,2,0,2,1
"AL590705.2",0,0,0,0,0,0,0,0,0,0
"CCDC180",1,1,0,0,0,0,2,0,0,1
"TDRD7",1,0,1,0,3,1,1,3,1,5
"TMOD1",3,3,2,0,2,5,3,4,3,45
"AL162385.1",0,0,0,0,0,0,0,0,0,0
"TSTD2",6,1,3,1,1,1,1,2,0,8
"NCBP1",0,2,2,0,0,0,4,3,1,5
"AL162385.2",0,0,0,0,0,0,0,0,0,0
"XPA",2,0,4,1,5,2,5,6,6,7
"PTCSC2",0,0,0,0,0,0,0,0,0,0
"TRMO",1,0,1,0,1,1,0,0,2,1
"HEMGN",0,0,0,0,0,0,0,0,0,0
"ANP32B",2,0,0,2,2,3,4,6,1,1
"NANS",0,1,1,2,0,0,2,1,0,1
"TRIM14",4,0,1,0,2,1,2,3,0,3
"CORO2A",0,0,1,1,2,0,0,0,1,1
"TBC1D2",4,2,1,0,5,0,5,0,2,5
"GABBR2",7,0,8,4,4,0,2,0,0,4
"ANKS6",2,1,1,1,3,0,4,1,4,3
"GALNT12",0,0,0,0,1,0,0,1,1,1
"AL136084.2",0,0,0,0,0,0,0,0,0,1
"COL15A1",22,5,1,0,2,1,2,3,8,2
"TGFBR1",4,3,3,1,6,1,4,6,7,6
"ALG2",0,1,3,0,2,2,5,1,2,1
"SEC61B",8,3,6,2,8,3,7,8,5,10
"AL137067.1",0,0,0,0,0,0,0,0,0,0
"AL359710.1",0,0,1,1,2,1,3,3,0,1
"NR4A3",0,0,0,0,1,0,4,0,0,3
"STX17-AS1",0,0,1,0,0,1,0,1,0,1
"STX17",2,1,4,0,5,2,4,3,3,5
"AL358937.1",0,0,1,0,0,0,0,0,0,0
"ERP44",1,2,6,2,4,8,13,9,2,6
"INVS",17,6,14,2,22,11,23,16,13,15
"TEX10",0,0,2,1,2,0,2,1,1,4
"MSANTD3",0,0,0,0,0,0,0,0,0,0
"MSANTD3-TMEFF1",1,0,1,0,0,0,1,0,0,2
"CAVIN4",0,2,1,0,2,2,0,0,1,0
"PLPPR1",4,2,0,3,1,2,8,3,4,3
"BAAT",0,0,0,0,0,0,0,0,0,0
"MRPL50",1,0,1,0,3,3,1,1,3,2
"ZNF189",4,2,0,1,0,1,3,4,2,6
"ALDOB",0,0,0,0,0,0,0,0,0,0
"TMEM246-AS1",0,0,0,0,1,0,0,0,1,4
"TMEM246",3,0,2,0,5,0,2,1,2,1
"RNF20",3,0,0,0,0,1,3,1,4,4
"GRIN3A",0,0,2,1,0,0,0,0,0,0
"LINC00587",0,0,0,0,0,1,0,0,0,0
"LINC01492",0,0,0,0,0,1,1,0,0,0
"AL390962.1",0,0,0,0,0,0,0,0,0,0
"SMC2-AS1",0,0,0,0,1,0,0,0,0,1
"SMC2",1,0,1,1,0,0,3,0,1,1
"AL450426.1",0,0,0,0,0,0,0,0,0,0
"NIPSNAP3A",1,1,3,1,3,0,3,1,1,3
"NIPSNAP3B",0,0,0,0,0,0,2,0,0,0
"ABCA1",9,2,5,2,6,9,14,10,16,8
"SLC44A1",29,22,28,69,50,20,80,19,17,71
"FSD1L",0,1,7,3,3,2,4,6,2,6
"FKTN",0,3,2,1,0,1,1,2,3,6
"TAL2",0,0,0,0,0,0,0,0,0,0
"TMEM38B",0,1,0,1,4,5,1,4,3,3
"LINC01505",0,0,3,2,8,6,4,6,0,8
"AL732323.1",0,0,0,0,0,0,0,0,0,0
"ZNF462",3,1,6,2,4,4,5,4,3,10
"AL807761.4",0,0,0,0,0,0,2,1,0,1
"RAD23B",6,3,5,3,11,7,8,6,8,6
"LINC01509",0,0,0,0,0,0,0,0,0,0
"KLF4",4,3,0,2,4,3,6,4,0,15
"AL353742.1",0,0,0,0,0,0,0,0,0,0
"ELP1",3,0,5,2,4,2,3,4,3,7
"FAM206A",3,2,0,0,1,0,6,0,0,1
"CTNNAL1",1,4,4,1,6,2,5,2,2,10
"TMEM245",5,3,9,3,7,3,10,6,7,14
"FRRS1L",3,1,2,1,3,2,1,2,2,4
"EPB41L4B",1,0,1,1,2,0,1,0,0,2
"PTPN3",0,0,1,0,0,1,1,1,0,0
"PALM2",0,6,4,4,1,2,8,1,4,8
"AL158829.1",0,0,0,0,0,0,0,0,0,0
"PALM2-AKAP2",3,4,4,2,1,1,9,0,1,5
"C9orf152",0,0,0,0,0,0,0,0,0,0
"TXN",4,0,5,2,1,10,15,5,4,3
"TXNDC8",0,0,0,0,0,0,0,0,0,0
"SVEP1",2,3,3,1,4,1,4,4,3,13
"MUSK",0,0,0,0,2,0,1,3,0,0
"LPAR1",12,9,9,5,7,6,13,7,5,13
"AL162414.1",0,0,0,0,0,0,1,1,0,0
"ECPAS",5,2,6,6,21,5,22,10,6,9
"ZNF483",3,1,14,3,3,3,1,4,3,6
"PTGR1",3,2,5,1,8,1,2,9,1,5
"DNAJC25-GNG10",1,0,0,0,0,0,0,1,0,0
"GNG10",0,0,0,0,0,2,0,0,0,0
"C9orf84",0,3,2,1,2,2,6,6,4,6
"UGCG",1,0,0,2,4,4,3,5,3,2
"SUSD1",4,2,3,2,3,1,2,5,2,2
"PTBP3",1,1,3,4,9,4,8,5,8,12
"HSDL2",3,1,6,1,7,5,7,5,3,5
"C9orf147",0,0,1,0,0,0,3,0,0,0
"KIAA1958",5,0,12,6,4,3,15,6,11,4
"INIP",2,0,3,1,0,1,5,2,0,0
"AL390067.1",0,0,0,0,0,0,0,0,1,0
"SNX30",2,3,2,0,1,0,5,0,2,11
"SLC46A2",0,0,0,0,0,0,0,0,0,0
"AL139041.1",0,0,0,0,0,0,0,0,0,0
"ZNF883",0,1,0,0,2,0,0,0,0,2
"ZFP37",1,0,0,0,1,0,0,0,1,1
"FAM225B",0,0,0,0,0,0,0,0,0,0
"FAM225A",0,0,0,0,0,0,0,0,0,0
"SLC31A2",2,0,2,0,4,1,7,0,2,5
"FKBP15",3,1,4,1,3,0,4,7,4,7
"SLC31A1",3,4,4,0,0,1,8,4,1,6
"CDC26",1,1,2,2,1,3,6,1,2,2
"PRPF4",0,2,2,1,0,1,2,0,0,0
"RNF183",0,0,0,0,0,0,0,0,0,0
"WDR31",1,0,0,0,2,0,0,0,0,1
"BSPRY",0,0,2,0,0,0,0,0,0,0
"HDHD3",3,0,1,0,6,2,4,3,0,2
"ALAD",2,0,0,0,1,0,1,2,0,3
"POLE3",2,0,1,1,1,0,0,0,1,1
"C9orf43",0,0,0,0,0,0,0,0,0,0
"RGS3",1,4,7,2,2,1,12,1,1,1
"AL162727.2",0,0,0,0,0,0,0,0,0,0
"AL157702.2",0,0,0,0,0,0,0,0,0,0
"ZNF618",2,0,4,3,2,2,2,2,2,3
"AMBP",0,0,1,0,1,0,0,0,0,0
"KIF12",0,0,0,0,0,0,0,0,0,0
"COL27A1",4,0,1,3,7,0,1,4,6,5
"AKNA",0,0,1,0,0,0,3,1,0,0
"WHRN",2,0,0,0,4,0,4,0,0,2
"ATP6V1G1",5,1,3,2,5,9,16,12,10,9
"TMEM268",2,0,1,0,0,1,3,0,0,0
"TEX53",0,0,0,0,0,0,0,0,0,0
"TEX48",0,0,0,0,0,0,0,0,0,0
"TNFSF15",0,0,0,0,0,0,0,0,0,0
"TNFSF8",0,0,0,0,0,0,0,0,0,0
"TNC",0,3,0,1,1,0,2,2,0,0
"AL162425.1",0,0,0,0,0,0,0,0,0,0
"DEC1",0,0,1,0,0,0,0,1,0,0
"AL691420.1",0,0,0,0,0,0,0,1,0,0
"LINC00474",0,0,0,0,0,0,1,0,0,0
"PAPPA",2,1,0,0,1,1,2,0,0,1
"PAPPA-AS2",0,0,0,0,0,0,0,0,0,0
"AL137024.1",0,0,0,0,0,0,0,0,0,1
"PAPPA-AS1",0,0,0,0,0,0,0,0,0,0
"ASTN2",4,7,13,4,11,0,9,5,9,34
"ASTN2-AS1",0,0,1,0,1,0,0,0,0,0
"AL133284.1",0,0,0,0,0,0,0,0,0,0
"TRIM32",0,0,0,0,0,0,0,0,0,1
"AL161630.1",0,0,0,0,0,0,0,0,0,0
"AL160272.2",2,0,1,1,1,0,0,0,1,0
"AL160272.1",0,0,0,0,0,0,0,0,0,0
"AL354754.1",1,0,0,0,0,0,0,0,0,0
"AL355592.1",0,0,0,0,0,0,0,0,0,0
"BRINP1",1,2,5,1,3,1,1,4,0,2
"AC006288.1",0,0,0,0,0,0,0,0,0,0
"CDK5RAP2",8,3,7,1,5,3,10,7,4,8
"MEGF9",7,3,3,3,7,4,7,5,2,10
"FBXW2",4,1,3,0,0,3,3,0,2,1
"B3GNT10",0,0,0,0,0,0,0,0,0,1
"PSMD5",5,1,2,1,3,1,7,3,1,8
"PHF19",0,0,0,0,0,1,1,0,0,0
"TRAF1",0,0,0,1,2,0,0,0,2,1
"C5",1,0,1,0,0,1,0,1,2,0
"CNTRL",4,3,2,3,2,0,5,2,2,8
"RAB14",2,3,7,3,2,10,11,7,6,6
"GSN",17,10,17,11,30,23,22,10,37,46
"GSN-AS1",1,0,0,0,0,0,0,0,0,1
"STOM",11,18,16,14,12,23,56,31,12,17
"AL359644.1",3,0,0,0,0,2,3,4,2,4
"DAB2IP",3,7,6,4,11,4,8,10,3,8
"TTLL11",5,2,6,3,2,2,8,2,2,12
"NDUFA8",2,4,5,2,1,6,7,7,0,3
"MORN5",0,0,0,0,0,0,0,0,0,0
"LHX6",0,0,2,0,0,1,1,0,0,0
"RBM18",1,1,3,1,0,1,1,2,0,0
"MRRF",3,4,1,1,6,3,3,6,0,3
"PTGS1",0,0,0,0,0,0,0,0,0,1
"AL359636.3",0,0,0,0,0,0,0,0,0,0
"AL359636.1",0,0,0,0,0,0,0,0,0,0
"OR1L8",0,0,0,0,0,0,0,0,0,0
"AL162254.1",0,0,1,0,0,0,0,0,0,0
"OR1L6",0,0,0,0,0,0,0,0,0,0
"PDCL",0,0,1,0,0,1,7,3,2,2
"RC3H2",4,6,6,2,5,1,9,3,2,9
"ZBTB6",0,1,0,0,1,0,2,4,0,0
"ZBTB26",2,2,1,0,2,2,2,1,3,0
"RABGAP1",9,4,4,8,11,9,20,9,12,13
"STRBP",4,3,6,2,11,2,5,5,4,16
"CRB2",0,1,5,1,2,1,4,3,0,0
"DENND1A",8,9,21,10,25,12,36,17,12,28
"AL390774.2",0,0,1,1,1,0,0,0,0,1
"LHX2",0,0,0,2,0,1,1,0,0,0
"AC006450.3",0,0,0,0,0,0,0,0,0,0
"AC006450.2",0,0,0,0,0,0,0,0,0,0
"NEK6",2,0,0,0,0,1,1,2,0,4
"AL162724.2",0,0,0,0,1,0,0,0,0,0
"PSMB7",3,1,9,2,7,3,7,11,2,8
"ADGRD2",0,0,0,0,0,0,0,0,0,0
"NR5A1",0,0,0,0,0,0,0,0,0,0
"AL354979.1",0,0,0,0,0,0,0,0,0,0
"NR6A1",0,2,7,3,6,4,4,6,1,14
"MIR181A2HG",6,1,2,0,1,1,1,2,2,7
"OLFML2A",1,0,1,0,0,2,2,4,7,6
"RPL35",25,12,18,16,32,26,31,26,25,18
"ARPC5L",4,4,3,0,2,1,4,4,0,5
"GOLGA1",2,1,4,0,1,1,4,2,1,3
"SCAI",3,1,4,1,5,2,5,4,9,12
"PPP6C",2,9,6,2,7,3,4,8,0,16
"RABEPK",1,0,5,2,1,1,2,1,1,2
"HSPA5",5,2,7,15,9,19,22,17,7,24
"AL354710.2",0,0,0,0,0,0,0,0,0,0
"GAPVD1",5,4,2,3,11,6,8,8,3,7
"MAPKAP1",7,3,6,0,15,6,10,7,5,18
"AL162584.1",0,0,0,0,0,0,0,0,0,0
"PBX3",4,7,6,8,14,6,15,10,8,15
"AL589923.1",0,0,0,0,0,0,0,0,0,0
"AL162391.1",0,0,0,0,0,0,0,0,0,0
"MVB12B",6,8,3,6,9,2,13,2,3,16
"AL161908.1",0,0,0,0,0,0,0,0,0,0
"LMX1B",0,0,3,0,0,1,0,2,0,0
"ZBTB43",3,0,3,1,3,1,2,5,2,10
"ZBTB34",1,0,0,0,0,0,0,1,2,1
"RALGPS1",4,5,3,2,8,5,7,2,3,3
"ANGPTL2",0,1,0,0,0,0,2,0,1,2
"AL450263.1",0,0,0,0,0,0,0,0,0,0
"GARNL3",3,5,3,5,6,1,4,5,5,10
"SLC2A8",0,1,0,0,0,0,2,2,1,3
"ZNF79",1,0,0,0,1,0,0,0,2,0
"RPL12",1,2,3,2,5,2,7,1,5,4
"LRSAM1",8,2,1,2,5,3,8,3,3,4
"FAM129B",0,5,3,5,1,3,5,4,3,4
"STXBP1",6,3,3,6,8,5,8,4,1,12
"AL162426.1",0,0,0,0,0,0,0,0,1,0
"PTRH1",0,2,1,0,3,1,0,1,1,0
"CFAP157",0,0,0,0,0,0,0,0,0,1
"TTC16",0,0,0,0,0,0,0,0,0,0
"TOR2A",0,0,1,0,1,1,1,1,0,2
"SH2D3C",1,2,4,1,11,0,14,1,1,10
"CDK9",0,0,3,0,1,1,1,0,0,0
"FPGS",1,2,0,2,1,1,1,2,2,5
"ENG",9,16,22,12,22,11,60,20,11,16
"AL162586.1",0,0,1,0,1,0,1,0,0,1
"AK1",0,3,1,0,2,3,0,2,1,1
"AL157935.2",1,0,0,0,1,0,0,0,0,0
"ST6GALNAC4",0,1,1,0,0,2,0,1,0,0
"PIP5KL1",0,0,0,0,0,0,1,0,0,0
"AL157935.1",0,0,0,0,0,0,0,0,0,0
"DPM2",3,0,2,2,1,2,3,2,2,3
"FAM102A",2,0,1,4,1,1,3,1,2,5
"AL360268.2",0,0,0,0,0,0,0,0,0,1
"NAIF1",1,1,0,0,0,0,0,0,0,2
"SLC25A25",2,0,0,2,4,1,0,1,3,2
"AL360268.1",0,0,0,0,0,0,0,0,0,0
"SLC25A25-AS1",2,0,1,1,0,0,1,0,0,0
"PTGES2",2,0,2,0,0,1,2,0,5,3
"AL590708.1",0,0,0,0,0,0,0,0,0,0
"C9orf16",4,3,7,2,5,2,6,3,2,4
"CIZ1",1,1,3,1,2,1,4,3,1,2
"DNM1",7,8,10,4,6,0,3,1,4,5
"GOLGA2",0,2,2,3,9,1,8,7,1,2
"SWI5",1,2,0,2,2,2,2,3,0,2
"TRUB2",1,0,1,0,0,2,3,2,0,0
"AL359091.4",0,0,1,0,0,0,0,1,0,0
"COQ4",1,1,2,0,1,1,8,1,2,2
"SLC27A4",3,3,2,0,2,1,5,2,1,2
"URM1",3,2,7,3,0,2,9,1,2,5
"AL359091.1",13,20,9,2,12,5,16,1,1,10
"CERCAM",5,6,7,15,17,0,15,1,6,10
"ODF2",2,0,2,0,1,3,4,1,1,5
"ODF2-AS1",0,0,0,0,0,0,0,0,0,0
"GLE1",2,0,4,1,3,1,3,3,5,2
"AL356481.1",0,0,0,0,1,1,1,2,0,1
"SPTAN1",8,9,15,2,17,6,20,11,6,27
"AL356481.3",0,0,0,0,0,0,0,0,0,0
"WDR34",0,0,0,0,3,4,4,1,2,2
"HMGA1P4",0,0,0,0,0,0,0,0,0,0
"SET",3,5,3,7,5,3,9,5,2,4
"PKN3",0,0,2,2,3,4,16,3,0,6
"ZDHHC12",0,3,1,0,0,2,3,2,1,0
"AL441992.1",0,0,0,0,0,0,1,0,0,0
"ZER1",6,4,13,4,8,4,2,4,3,8
"TBC1D13",0,0,2,1,2,0,4,0,0,1
"ENDOG",3,2,2,1,2,0,4,0,2,0
"SPOUT1",1,1,2,0,1,2,3,1,2,2
"KYAT1",1,2,3,1,3,0,6,0,1,2
"LRRC8A",0,3,0,2,4,1,6,3,2,5
"PHYHD1",2,0,1,1,1,0,0,0,1,2
"AL672142.1",0,0,0,0,0,0,0,0,0,0
"DOLK",0,2,1,0,1,1,0,0,0,1
"NUP188",1,2,1,1,1,1,2,0,2,2
"AL592211.1",1,0,0,0,0,0,0,0,0,0
"SH3GLB2",5,1,1,4,4,2,4,4,0,7
"MIGA2",0,1,1,2,3,1,1,1,1,3
"DOLPP1",1,0,0,0,0,1,0,1,0,1
"CRAT",2,0,1,0,3,0,0,1,1,0
"PTPA",2,4,7,2,7,1,5,2,2,4
"AL158151.4",0,0,0,0,0,0,0,0,0,0
"IER5L",0,1,4,0,0,2,6,1,1,5
"AL158151.3",0,0,0,0,0,0,0,1,0,0
"AL158151.1",0,0,0,0,0,0,0,1,1,0
"AL161785.3",0,0,0,0,0,0,0,0,0,0
"C9orf106",0,0,0,0,0,0,0,0,0,1
"LINC01503",0,0,1,0,2,1,1,0,0,1
"AL353803.2",0,1,0,0,0,0,0,0,0,0
"AL391056.1",0,0,0,0,0,0,1,1,0,0
"NTMT1",2,2,0,0,1,1,4,0,1,1
"C9orf50",0,0,0,0,0,0,1,0,0,0
"ASB6",0,0,3,1,1,0,4,0,2,2
"PRRX2",1,0,0,0,1,0,1,0,0,2
"PRRX2-AS1",0,0,0,0,0,0,0,0,0,0
"PTGES",1,1,0,0,1,0,1,1,0,0
"TOR1B",2,2,0,0,2,0,2,0,1,0
"TOR1A",2,2,1,0,1,0,1,1,2,1
"C9orf78",1,0,2,1,0,2,4,2,5,8
"USP20",1,2,3,1,1,1,3,3,1,1
"FNBP1",19,15,16,2,14,8,21,14,6,26
"AL158207.2",0,0,0,0,0,0,0,0,0,0
"AL136141.1",0,0,0,0,0,0,0,0,0,0
"GPR107",4,2,3,3,6,3,6,4,3,12
"NCS1",0,0,1,1,0,0,0,0,0,0
"HMCN2",0,1,1,1,1,1,2,1,3,0
"ASS1",0,0,0,1,0,0,3,0,2,16
"FUBP3",3,2,3,1,5,1,8,1,3,2
"PRDM12",1,0,0,0,0,0,0,0,0,0
"EXOSC2",0,0,1,1,0,1,2,0,0,0
"ABL1",11,8,14,11,14,9,8,12,4,28
"FIBCD1",0,0,0,0,0,0,0,0,1,0
"LAMC3",15,5,14,2,12,0,3,1,9,7
"AIF1L",4,4,4,1,2,1,21,0,5,3
"NUP214",6,2,3,1,0,3,14,5,6,7
"AL157938.2",2,3,1,0,1,1,6,0,1,4
"AL157938.3",2,2,6,1,0,4,3,4,0,1
"FAM78A",0,0,0,2,0,0,1,0,0,0
"PLPP7",2,0,0,1,0,2,2,0,1,0
"PRRC2B",6,5,6,6,5,3,10,8,10,12
"AL358781.1",0,0,0,0,0,0,0,0,0,0
"POMT1",2,2,0,0,3,1,2,0,0,4
"AL358781.2",0,0,0,0,0,0,0,0,0,0
"UCK1",1,0,2,0,1,0,2,2,0,2
"RAPGEF1",13,19,9,11,30,3,39,12,5,20
"MED27",5,6,9,1,6,1,4,3,8,13
"NTNG2",0,1,1,0,0,0,0,0,0,1
"SETX",10,7,14,4,10,10,17,10,9,18
"TTF1",4,1,4,4,10,2,11,2,4,5
"CFAP77",0,1,0,0,0,1,0,0,2,0
"DDX31",2,3,0,1,4,1,0,2,0,3
"GTF3C4",1,1,0,1,1,0,1,1,0,0
"AK8",3,0,2,0,2,1,1,0,0,0
"SPACA9",0,0,0,0,0,1,1,1,0,0
"TSC1",3,4,2,0,4,1,2,6,1,4
"GFI1B",0,0,0,0,0,0,0,0,0,0
"GTF3C5",3,1,0,2,2,1,2,1,3,1
"CEL",0,0,0,0,0,0,0,0,0,0
"RALGDS",0,4,3,3,4,1,9,3,4,4
"AL162417.1",0,0,0,0,0,0,0,0,0,0
"ABO",1,1,1,0,5,1,1,1,0,3
"SURF6",0,1,1,2,0,0,5,1,0,5
"MED22",0,0,2,0,2,0,0,0,0,1
"RPL7A",11,4,6,2,9,22,21,27,19,9
"SURF1",1,1,2,2,2,1,1,2,1,1
"SURF2",1,1,0,0,1,0,1,1,1,0
"SURF4",3,4,2,3,4,3,6,6,0,10
"STKLD1",0,0,0,0,0,0,1,0,0,0
"REXO4",1,5,2,0,1,0,0,4,0,2
"ADAMTS13",0,1,1,0,0,0,1,1,0,1
"CACFD1",0,0,0,0,0,0,1,0,2,0
"SLC2A6",0,0,0,2,1,1,0,1,0,2
"MYMK",0,0,0,0,0,0,0,0,0,0
"ADAMTSL2",1,1,0,0,1,2,1,0,1,0
"FAM163B",0,0,0,0,0,0,0,0,0,0
"AC002101.1",0,0,0,0,0,0,0,0,0,0
"DBH",0,0,0,0,0,0,0,0,0,0
"DBH-AS1",0,0,0,0,0,0,0,0,0,1
"SARDH",0,0,0,0,0,0,0,0,1,0
"VAV2",1,0,1,0,5,2,0,2,2,0
"BRD3OS",2,0,0,0,0,2,0,3,0,0
"BRD3",1,0,2,0,0,2,2,6,1,2
"BX649632.1",0,0,0,0,0,0,0,0,0,0
"WDR5",2,1,0,1,0,0,2,1,0,3
"BX649601.1",0,0,0,0,0,0,0,0,0,0
"RXRA",0,2,3,0,0,0,1,2,1,6
"AL669970.1",0,0,0,0,0,0,0,0,0,0
"AL669970.3",0,0,0,0,0,0,0,0,0,1
"COL5A1",3,1,1,0,2,0,0,1,3,5
"FCN1",0,0,0,0,0,0,0,0,0,0
"AL353611.1",0,0,0,0,0,0,0,0,0,0
"OLFM1",5,5,4,2,3,1,5,6,0,1
"AL390778.1",0,0,0,0,0,0,0,0,0,0
"AL390778.2",0,0,0,0,0,0,0,0,0,0
"PPP1R26-AS1",0,0,0,0,0,0,1,0,0,1
"PPP1R26",0,0,0,0,2,2,0,0,0,0
"C9orf116",0,0,0,0,0,0,0,0,0,0
"MRPS2",2,0,0,0,1,0,0,1,2,0
"AL161452.1",0,0,0,0,0,0,0,0,0,0
"LCN1",0,0,1,0,0,0,0,0,1,0
"LINC01502",0,0,0,0,0,0,0,0,0,1
"AL354761.1",0,0,0,0,0,0,0,0,0,0
"GLT6D1",0,0,0,0,0,0,0,0,0,0
"SOHLH1",0,0,0,0,0,0,0,0,0,0
"KCNT1",0,1,1,0,0,0,0,1,2,0
"CAMSAP1",1,3,4,0,2,1,6,0,0,3
"AL355574.1",0,0,1,0,0,0,0,0,0,1
"UBAC1",0,0,0,1,2,0,0,0,0,2
"NACC2",0,1,2,3,3,3,9,5,6,6
"AL138781.1",0,0,0,0,0,0,0,0,0,0
"TMEM250",0,1,0,0,1,0,3,0,0,0
"AL138781.2",0,0,0,0,0,0,0,0,0,0
"QSOX2",1,0,0,1,3,0,1,0,1,0
"CCDC187",0,0,0,0,0,0,0,0,0,0
"CR392000.2",0,0,0,0,0,0,0,0,0,0
"AC174065.1",1,0,0,0,0,0,0,0,0,0
"GPSM1",0,0,1,3,2,1,1,2,1,3
"DNLZ",0,0,0,0,0,0,0,0,0,0
"CARD9",0,0,0,0,0,0,0,0,0,0
"SNAPC4",0,0,1,0,0,0,0,0,1,1
"ENTR1",0,0,2,0,1,0,1,1,1,0
"PMPCA",1,1,1,2,1,0,2,1,0,4
"INPP5E",0,0,2,1,0,1,3,3,0,1
"SEC16A",2,2,2,1,1,4,0,2,2,1
"C9orf163",0,0,0,0,1,0,1,0,0,1
"NOTCH1",3,2,7,0,5,2,11,11,4,5
"NALT1",0,0,0,0,0,0,1,0,0,0
"AL590226.1",1,0,1,2,0,1,3,0,0,0
"EGFL7",14,17,26,25,15,16,85,27,9,10
"AGPAT2",2,1,2,0,2,4,5,4,0,3
"FAM69B",1,0,0,0,1,0,3,0,1,0
"SNHG7",2,2,2,2,1,6,21,3,8,5
"LCN8",0,0,0,0,0,0,0,0,0,0
"LCN15",0,0,0,0,0,0,0,0,0,0
"AL355987.3",0,0,0,0,0,0,0,0,0,0
"CCDC183",0,0,0,0,1,0,1,0,0,0
"CCDC183-AS1",0,0,0,0,0,0,0,0,0,0
"RABL6",1,2,5,2,6,2,6,5,3,6
"AJM1",0,0,0,1,1,0,2,1,0,0
"PHPT1",5,5,4,5,5,2,5,4,0,5
"MAMDC4",0,0,2,0,2,1,0,0,0,1
"EDF1",13,9,9,10,6,10,9,7,7,9
"TRAF2",1,0,2,0,5,2,1,1,2,2
"FBXW5",2,1,1,1,3,2,6,3,4,3
"C8G",0,0,0,0,0,0,0,0,0,0
"LCN12",0,0,0,0,0,0,1,0,2,1
"PTGDS",1,0,0,0,1,0,0,0,0,0
"AL807752.7",1,0,0,0,0,2,0,0,2,0
"LCNL1",0,1,2,2,1,1,3,0,0,3
"PAXX",3,4,2,2,7,5,15,9,6,3
"CLIC3",0,1,0,0,0,1,3,0,0,0
"ABCA2",6,11,5,8,15,3,27,1,8,10
"C9orf139",0,0,0,0,0,0,0,0,0,0
"FUT7",0,0,0,0,1,0,0,0,0,0
"AL807752.6",0,1,1,0,1,1,1,1,7,0
"NPDC1",0,2,2,0,1,1,1,1,0,1
"ENTPD2",0,0,0,0,0,0,0,1,0,0
"AL807752.2",0,0,0,0,0,1,0,0,0,0
"SAPCD2",0,0,0,0,0,0,0,0,0,0
"UAP1L1",0,0,2,2,0,1,0,0,0,1
"MAN1B1-DT",1,0,0,0,0,0,0,0,0,0
"MAN1B1",2,0,2,0,2,1,2,0,3,2
"DPP7",7,4,4,2,5,6,6,3,6,7
"GRIN1",2,3,12,8,7,3,5,2,1,4
"LRRC26",0,0,0,0,0,1,0,0,0,0
"ANAPC2",1,0,1,0,3,0,2,1,0,0
"SSNA1",4,2,3,4,2,3,5,4,4,4
"TPRN",0,2,4,0,0,2,5,1,1,3
"TMEM203",2,0,0,1,0,2,2,3,0,0
"NDOR1",1,0,2,1,0,1,1,1,0,2
"BX255925.3",0,0,0,0,2,0,0,0,1,0
"RNF208",1,1,3,1,0,0,2,1,1,1
"CYSRT1",0,0,0,0,0,0,0,0,0,0
"TUBB4B",3,10,4,4,12,20,29,19,11,4
"FAM166A",0,0,0,0,0,0,0,0,0,0
"STPG3-AS1",0,0,0,0,0,0,0,0,0,0
"NELFB",1,1,2,3,1,5,4,0,0,3
"TOR4A",0,0,0,1,0,0,1,2,0,0
"NRARP",0,0,0,0,0,0,0,0,0,0
"EXD3",1,2,3,0,5,2,9,0,3,5
"NOXA1",0,1,1,0,0,0,0,0,0,0
"NSMF",3,1,4,1,1,4,4,5,3,2
"PNPLA7",5,1,2,1,2,3,1,0,2,1
"MRPL41",8,3,9,5,8,5,6,10,8,2
"DPH7",0,2,1,2,1,0,2,1,2,3
"ZMYND19",0,0,1,2,0,0,0,0,0,0
"ARRDC1",1,0,0,0,3,1,3,1,1,2
"ARRDC1-AS1",0,1,0,0,0,1,1,0,0,1
"EHMT1",8,9,10,6,6,1,14,7,2,15
"AL772363.1",0,0,0,0,0,0,0,0,0,0
"CACNA1B",2,3,5,3,5,1,0,3,2,1
"AC069287.1",0,0,0,0,0,0,0,0,0,0
"LINC01001",0,0,0,0,1,0,0,0,0,0
"AC069287.3",0,1,0,0,1,0,1,2,2,1
"BET1L",3,2,1,0,5,1,5,0,0,3
"AC069287.2",0,0,0,0,0,0,0,0,0,0
"RIC8A",1,0,2,0,2,0,2,2,0,0
"SIRT3",0,0,2,2,2,0,1,0,0,0
"PSMD13",3,1,1,9,1,2,6,6,4,1
"PGGHG",2,0,0,0,0,2,1,4,1,1
"IFITM2",5,15,7,15,8,44,72,46,31,25
"AC136475.1",0,0,0,0,0,0,0,1,0,0
"IFITM3",20,46,57,33,44,126,189,141,98,41
"AC136475.5",0,0,0,0,1,0,0,0,0,0
"B4GALNT4",0,0,0,2,0,2,1,2,0,0
"PKP3",0,0,0,0,0,0,0,0,0,0
"SIGIRR",1,5,2,5,9,9,11,4,7,8
"ANO9",0,0,0,0,1,0,0,0,0,0
"PTDSS2",2,1,3,1,3,0,4,4,3,7
"AC138230.1",0,0,0,0,1,0,0,0,0,0
"RNH1",7,3,10,0,5,7,5,9,9,10
"HRAS",2,1,2,0,1,1,1,1,1,0
"LRRC56",2,0,0,0,0,0,0,0,0,0
"LMNTD2",0,0,0,0,0,0,0,0,0,0
"AP006284.1",0,0,0,0,1,0,0,0,0,0
"RASSF7",0,0,0,0,0,0,5,0,1,2
"MIR210HG",0,0,0,0,0,0,0,0,0,0
"PHRF1",1,0,2,0,0,0,3,1,2,1
"IRF7",0,2,1,4,0,1,5,2,3,3
"CDHR5",0,0,0,0,0,0,0,0,0,0
"SCT",0,0,0,0,0,0,0,0,0,0
"DRD4",1,0,0,0,1,0,0,0,1,0
"DEAF1",4,2,3,3,7,2,7,5,5,7
"AC131934.1",1,0,2,0,1,1,4,1,0,4
"EPS8L2",2,1,1,0,2,0,1,1,0,0
"AP006621.4",0,0,0,0,0,0,0,0,0,0
"TALDO1",4,2,3,1,5,6,7,3,2,7
"GATD1",0,0,0,0,1,1,1,0,1,6
"AP006621.3",4,1,2,0,2,0,2,1,1,1
"CEND1",2,0,4,3,6,0,3,3,0,4
"SLC25A22",0,0,1,0,0,0,0,0,1,0
"PANO1",0,0,0,0,0,0,0,0,0,0
"PIDD1",2,1,2,1,2,0,2,4,1,5
"RPLP2",12,11,10,21,13,30,38,39,16,23
"PNPLA2",2,1,1,2,2,3,7,1,2,1
"AP006621.1",0,0,0,0,0,0,0,0,0,0
"CRACR2B",0,0,1,1,2,1,1,2,0,0
"CD151",5,4,13,2,6,9,25,12,3,7
"POLR2L",5,8,7,2,10,11,21,15,13,6
"TSPAN4",1,2,6,2,0,5,11,6,5,4
"AP006623.1",0,0,0,0,0,0,0,1,0,1
"CHID1",2,1,2,3,1,0,4,2,1,1
"AP2A2",4,6,4,3,5,1,8,4,8,3
"MUC6",0,0,1,0,0,0,0,0,0,0
"AC139749.1",0,0,0,0,0,0,0,0,0,0
"MUC5AC",0,0,0,0,0,0,0,0,0,0
"MUC5B",0,0,0,0,0,0,0,0,0,0
"TOLLIP",2,2,4,0,4,0,4,1,2,4
"TOLLIP-AS1",0,0,1,0,0,0,1,0,0,0
"BRSK2",0,0,2,1,0,0,5,3,0,0
"MOB2",3,3,2,2,1,3,8,1,1,5
"DUSP8",0,1,0,1,2,1,2,1,1,0
"KRTAP5-AS1",1,1,0,0,0,0,1,0,0,0
"KRTAP5-1",0,0,0,0,0,0,0,0,0,0
"KRTAP5-2",0,0,0,0,0,0,0,0,0,0
"IFITM10",1,0,0,0,0,0,0,0,0,0
"TNNI2",0,0,0,0,0,0,0,0,0,0
"LSP1",0,0,0,0,1,0,0,0,0,0
"LINC01150",0,0,0,0,0,0,0,0,0,0
"TNNT3",0,0,0,0,0,0,0,0,0,0
"MRPL23",0,1,1,0,1,0,0,0,0,0
"MRPL23-AS1",0,0,0,0,0,0,0,0,0,0
"LINC01219",0,0,0,0,0,0,0,0,0,0
"TH",0,0,0,0,0,0,0,0,0,0
"ASCL2",0,0,0,0,0,0,0,0,0,0
"C11orf21",0,0,0,0,0,0,0,0,0,0
"TSPAN32",0,0,0,0,0,0,0,0,0,0
"CD81-AS1",1,0,1,0,2,0,0,0,0,0
"CD81",7,14,11,7,22,13,26,7,19,8
"TSSC4",1,0,1,1,2,1,2,1,1,7
"KCNQ1",3,1,4,1,11,3,6,7,0,11
"KCNQ1OT1",7,1,6,5,8,8,9,6,3,17
"KCNQ1-AS1",0,0,0,0,0,0,0,0,0,0
"KCNQ1DN",0,0,0,0,0,0,1,0,0,0
"CDKN1C",3,1,2,5,4,5,21,4,3,2
"SLC22A18AS",0,0,0,0,0,0,0,0,0,0
"SLC22A18",1,0,0,0,0,0,0,0,1,5
"PHLDA2",0,0,0,0,0,3,1,3,1,2
"NAP1L4",10,3,13,8,10,5,10,5,4,13
"CARS",1,2,3,1,3,1,2,3,0,3
"CARS-AS1",0,0,0,0,0,0,0,0,0,0
"OSBPL5",2,3,4,3,8,2,8,5,6,7
"ZNF195",2,1,2,0,1,3,2,1,2,0
"AC127526.1",0,0,2,0,0,0,0,0,1,0
"ART5",1,0,0,0,0,0,0,0,0,0
"ART1",0,0,0,0,0,0,0,0,0,0
"CHRNA10",0,0,0,1,0,0,0,0,0,0
"NUP98",7,1,7,2,9,4,7,8,4,20
"PGAP2",3,0,3,0,0,0,0,0,1,3
"RHOG",2,3,1,1,3,0,1,3,1,1
"STIM1",2,5,5,0,8,1,7,8,2,11
"RRM1",1,1,2,0,0,1,1,3,1,2
"AC015689.1",0,0,0,0,0,0,0,0,0,0
"TRIM21",0,0,0,0,0,0,1,1,1,0
"OR52K1",0,0,0,0,0,0,0,0,0,0
"OR52I1",0,0,0,0,0,0,0,0,0,0
"TRIM68",0,0,1,0,0,1,0,1,1,0
"OR51E2",0,0,0,0,0,0,0,0,0,0
"MMP26",0,0,0,0,0,0,0,1,0,0
"OR52A5",0,0,0,0,0,0,0,0,0,0
"OR52A1",0,0,0,0,0,0,0,0,0,0
"HBB",4,11,2,0,26,1,2,1,0,5
"HBD",0,0,0,0,0,0,0,0,0,0
"AC104389.4",2,0,8,1,1,3,7,2,2,9
"OR51M1",0,0,0,0,0,0,0,0,0,0
"OR51I2",0,0,0,0,1,0,0,0,0,1
"TRIM6-TRIM34",0,0,0,0,0,0,0,0,0,0
"TRIM5",1,1,7,2,1,0,2,1,2,3
"TRIM22",3,2,3,0,5,3,5,3,4,5
"OR56B1",0,0,0,0,0,0,0,0,0,0
"OR52E5",0,0,0,0,0,0,0,0,0,0
"OR56A3",0,0,0,0,2,0,0,0,0,0
"OR56A1",0,0,0,0,0,0,0,0,0,0
"AC022762.2",0,0,0,0,0,0,1,0,0,1
"C11orf42",0,0,0,0,1,0,0,0,0,0
"FAM160A2",0,0,0,0,2,2,3,0,1,5
"CNGA4",0,0,0,0,0,1,0,0,0,0
"CCKBR",0,0,0,0,0,0,0,0,0,0
"CAVIN3",7,2,6,1,9,8,8,2,5,5
"SMPD1",3,1,2,0,2,3,6,1,2,2
"APBB1",8,5,5,5,9,3,15,3,6,5
"HPX",0,0,0,0,0,0,0,0,0,0
"TRIM3",0,0,4,1,1,0,3,1,0,2
"ARFIP2",1,2,2,1,0,0,2,3,2,2
"AC084337.2",0,1,4,2,0,1,3,1,0,5
"DNHD1",0,5,2,3,6,0,5,3,0,6
"RRP8",1,1,1,0,0,1,2,1,0,3
"ILK",5,1,8,0,7,3,10,6,3,10
"TAF10",1,0,0,0,0,1,2,2,0,2
"TPP1",3,1,0,1,4,3,4,7,6,5
"AC091564.6",0,0,0,0,0,0,0,0,0,0
"DCHS1",0,1,1,2,3,1,2,1,1,0
"AC091564.5",0,0,0,0,0,0,0,0,0,0
"MRPL17",1,2,1,1,2,1,2,1,1,4
"OR2AG2",0,0,0,0,0,0,0,0,0,0
"OR2AG1",0,0,0,0,0,0,0,0,0,0
"OR6A2",0,0,0,0,0,0,0,0,0,0
"AC087280.2",0,1,1,0,0,1,0,0,1,2
"OR10A2",0,0,0,0,0,0,0,0,0,0
"ZNF215",0,0,1,0,1,0,0,0,0,0
"ZNF214",1,0,1,0,1,0,0,0,0,4
"NLRP14",0,0,0,0,0,0,0,0,0,0
"SYT9",3,1,0,1,5,0,2,0,1,2
"AC107884.1",0,0,1,0,0,1,1,0,0,0
"OLFML1",3,0,0,0,0,1,0,0,0,2
"PPFIBP2",2,1,4,1,0,2,2,2,0,3
"CYB5R2",1,1,0,1,1,1,0,0,2,1
"OVCH2",0,0,0,0,0,0,0,0,0,1
"AC044810.3",0,0,0,0,0,0,0,0,0,2
"AC104237.1",0,0,0,0,0,0,0,0,0,0
"NLRP10",0,0,0,0,0,0,0,0,0,0
"EIF3F",4,2,4,1,7,5,10,5,4,2
"TUB",0,1,1,1,0,1,1,0,2,1
"RIC3",3,2,4,1,6,2,2,2,2,3
"AC091013.1",0,0,0,0,0,0,0,0,0,0
"LMO1",2,0,0,0,0,0,0,0,0,0
"STK33",4,1,3,2,3,1,4,0,2,7
"TRIM66",3,2,2,0,1,1,0,0,1,3
"RPL27A",14,9,14,16,21,26,42,47,32,21
"ST5",16,4,13,1,15,3,5,7,5,15
"AC026894.1",3,1,1,0,0,0,0,1,0,0
"AKIP1",2,1,1,0,1,2,4,3,2,1
"C11orf16",0,0,0,0,0,0,0,0,0,0
"TMEM9B",5,1,3,1,5,3,2,6,1,5
"TMEM9B-AS1",3,1,1,0,3,0,2,1,1,0
"NRIP3",2,0,1,0,2,0,0,0,1,0
"AC079296.1",0,0,0,0,0,0,0,0,0,0
"SCUBE2",1,0,0,0,0,0,0,0,2,2
"DENND5A",7,9,8,5,9,11,16,9,7,30
"TMEM41B",7,0,6,1,2,0,4,2,1,6
"IPO7",4,2,3,1,5,2,3,4,3,11
"AC132192.1",1,2,0,1,1,0,1,2,0,0
"AC132192.2",0,1,1,1,1,1,1,2,1,1
"ZNF143",1,0,0,1,2,0,2,2,0,2
"WEE1",2,0,0,0,0,0,0,2,2,2
"SWAP70",4,8,3,3,10,7,19,5,6,10
"AC026250.1",0,0,0,0,0,0,0,0,0,0
"SBF2-AS1",4,3,2,0,2,3,1,3,0,5
"SBF2",30,29,38,12,59,32,60,41,29,59
"AC011092.2",6,4,10,2,6,2,9,4,3,10
"AC100763.1",1,1,1,0,1,3,5,1,0,1
"ADM",6,0,12,4,2,2,16,12,2,5
"AMPD3",2,0,2,0,1,0,0,1,0,5
"MTRNR2L8",0,0,1,1,1,0,1,0,0,0
"RNF141",0,0,5,1,1,3,4,0,0,3
"MRVI1-AS1",0,0,0,0,0,0,0,0,0,2
"LYVE1",0,0,0,0,0,0,1,0,0,0
"MRVI1",1,1,0,0,4,2,2,1,1,2
"CTR9",3,1,2,1,3,0,6,4,2,3
"EIF4G2",3,1,2,7,5,8,20,12,7,12
"AC116535.1",0,0,0,0,0,0,0,1,0,1
"ZBED5",7,3,3,6,2,4,8,4,5,3
"ZBED5-AS1",2,0,0,1,0,0,0,1,0,0
"AC069360.1",0,0,0,0,0,0,0,0,0,0
"AC111188.1",0,0,0,0,0,0,0,0,0,0
"GALNT18",11,14,31,32,22,21,119,38,18,20
"AC023946.1",0,0,0,0,0,0,0,0,0,0
"USP47",13,9,9,7,23,12,22,21,9,23
"DKK3",11,8,8,3,9,3,4,10,4,6
"LINC02547",0,0,0,0,0,0,0,0,0,0
"AC124276.1",0,0,0,0,0,0,0,0,0,0
"MICAL2",1,1,4,1,6,1,0,2,0,15
"PARVA",7,1,8,4,14,2,10,8,5,17
"TEAD1",17,25,19,7,24,9,28,14,7,27
"AC013549.1",0,0,0,0,1,0,0,0,0,2
"LINC00958",0,1,0,0,0,0,0,0,0,0
"AC084859.1",0,0,0,0,0,0,0,0,0,0
"RASSF10",0,0,0,0,0,0,0,0,0,0
"AC013762.1",0,0,0,0,0,0,0,0,0,0
"ARNTL",3,1,2,0,4,1,5,2,0,2
"BTBD10",6,5,3,0,6,3,6,2,5,4
"PTH",0,0,0,0,0,0,0,0,0,0
"FAR1",9,7,6,7,15,6,27,11,10,13
"LINC02548",0,0,0,0,0,0,0,0,0,0
"AC027779.1",0,0,0,0,1,3,0,0,0,1
"SPON1",1,2,2,0,5,3,8,3,2,4
"SPON1-AS1",0,0,0,1,0,0,1,0,0,1
"RRAS2",1,2,0,0,3,1,11,3,4,10
"COPB1",3,3,4,1,6,4,6,6,7,8
"AC018523.2",0,0,0,0,0,0,0,0,0,0
"PSMA1",2,1,3,0,2,1,3,0,1,2
"PDE3B",4,1,3,2,9,2,14,4,0,4
"CYP2R1",1,0,0,0,2,1,0,0,1,1
"CALCB",1,0,0,1,0,0,0,0,0,0
"INSC",0,0,0,0,0,0,0,0,0,0
"AC073172.2",0,0,0,0,0,0,0,0,0,0
"AC073172.1",0,0,0,0,0,0,0,0,0,0
"AC087379.2",0,0,0,0,0,0,0,0,0,0
"AC087379.1",0,0,0,0,0,0,0,0,0,0
"AC009869.1",0,0,0,0,0,0,0,0,0,0
"SOX6",2,1,3,4,5,5,4,4,8,11
"AC103794.1",0,0,0,0,0,0,0,0,0,0
"C11orf58",7,11,12,3,12,13,14,15,7,10
"PLEKHA7",22,16,13,10,22,15,28,29,17,15
"RPS13",4,5,6,6,7,12,6,20,16,5
"PIK3C2A",9,16,7,3,14,18,21,15,6,32
"NUCB2",3,1,1,1,4,3,5,5,2,3
"NCR3LG1",0,0,0,1,0,0,0,0,1,0
"AC124798.1",1,0,0,0,0,0,0,1,0,1
"KCNJ11",0,0,0,0,0,0,0,0,0,1
"ABCC8",0,0,1,0,1,1,0,0,0,1
"USH1C",0,0,2,0,0,3,2,0,0,4
"OTOG",0,0,0,0,0,0,0,0,0,0
"MYOD1",0,0,0,0,0,0,0,0,0,0
"KCNC1",1,0,3,0,5,0,1,1,0,0
"SERGEF",1,1,5,3,6,3,9,6,2,4
"TPH1",0,0,0,0,0,0,0,0,0,1
"SAAL1",1,1,0,1,0,4,0,2,0,1
"MRGPRX3",0,0,0,0,0,0,0,0,0,0
"AC090099.4",0,0,0,0,0,0,0,0,0,0
"SAA2-SAA4",0,0,0,0,0,0,0,0,0,0
"SAA1",0,0,0,0,0,0,0,0,0,0
"HPS5",1,1,1,1,4,0,2,3,3,1
"GTF2H1",4,4,2,1,4,1,2,3,1,8
"LDHA",10,10,5,5,5,17,30,22,3,3
"LDHC",1,0,0,0,0,0,0,0,0,0
"LDHAL6A",0,0,0,0,1,0,0,1,1,0
"TSG101",1,2,6,1,3,1,6,2,8,3
"UEVLD",3,1,1,4,4,2,8,4,0,7
"SPTY2D1OS",0,0,4,0,0,0,1,3,1,2
"SPTY2D1",1,0,1,1,1,3,1,3,0,2
"TMEM86A",0,0,0,0,0,1,0,0,0,0
"IGSF22",0,0,0,0,1,0,1,0,0,0
"AC103974.1",1,0,0,0,0,0,1,0,1,0
"PTPN5",1,1,0,2,3,0,0,0,0,1
"MRGPRX2",0,0,0,0,0,0,0,1,0,0
"ZDHHC13",0,1,1,1,0,0,6,1,0,3
"CSRP3",0,0,0,0,0,0,0,0,0,0
"AC009652.2",0,0,0,0,1,1,0,1,0,0
"E2F8",0,0,0,0,0,0,0,0,0,0
"NAV2",29,26,38,2,52,7,31,29,19,50
"NAV2-AS4",0,0,0,0,0,0,0,0,0,0
"AC009549.1",0,0,0,0,0,0,0,0,0,0
"NAV2-AS3",1,3,0,0,1,0,0,0,0,1
"NAV2-AS2",0,0,0,0,0,0,0,0,0,0
"NAV2-AS1",0,0,0,0,0,0,0,0,0,0
"HTATIP2",2,1,1,1,4,2,3,3,0,2
"PRMT3",1,2,2,3,4,1,4,2,3,6
"SLC6A5",0,0,0,0,0,0,0,0,0,0
"NELL1",0,2,3,0,2,1,0,0,1,1
"AC090857.2",0,0,0,0,0,0,0,0,0,0
"ANO5",0,4,2,2,2,2,4,5,0,0
"AC104009.1",0,0,0,0,2,2,2,1,0,0
"SLC17A6",1,0,0,0,0,0,0,0,0,0
"LINC01495",0,0,0,0,0,0,0,0,0,0
"FANCF",0,1,0,0,2,0,1,0,0,0
"GAS2",1,1,1,1,3,0,2,0,1,2
"SVIP",3,9,8,2,9,8,8,6,2,12
"AC006299.1",2,0,1,0,1,0,3,1,1,0
"CCDC179",0,0,0,0,0,0,0,0,0,0
"AC090092.1",0,0,1,0,0,0,0,0,0,0
"AC100768.2",0,0,0,0,0,0,0,0,0,0
"AC100768.1",0,0,0,0,0,0,0,0,0,0
"LUZP2",0,3,4,0,5,0,2,3,4,4
"AC090592.1",0,0,0,0,0,0,0,0,0,0
"AC099687.1",1,1,0,0,2,1,0,0,1,0
"ANO3",2,0,5,0,8,4,3,5,0,4
"MUC15",0,0,0,0,0,0,0,0,0,0
"SLC5A12",0,0,0,0,0,0,0,0,0,0
"FIBIN",0,0,0,0,0,1,1,0,2,1
"BBOX1",0,0,0,1,1,0,0,0,0,0
"BBOX1-AS1",0,0,0,0,1,0,1,0,0,0
"CCDC34",3,0,0,0,0,0,0,0,0,1
"LGR4",2,3,4,2,5,1,1,1,1,12
"AC100771.2",0,0,1,0,1,0,0,0,0,0
"LIN7C",1,1,0,0,4,1,1,2,5,3
"BDNF-AS",10,6,7,1,11,6,14,10,8,12
"LINC00678",0,0,0,0,0,0,0,0,0,0
"BDNF",1,0,0,0,0,0,3,0,0,0
"AC090159.1",0,0,0,0,0,0,0,0,0,0
"KIF18A",0,0,0,0,0,0,0,0,0,0
"METTL15",9,5,4,1,13,7,25,14,9,16
"AC090833.1",0,0,0,0,0,0,0,0,0,2
"AC090791.1",0,0,0,0,0,0,0,0,0,0
"AC090124.1",0,1,0,0,0,0,0,0,0,0
"AC110058.1",0,0,0,0,0,0,0,0,0,0
"LINC02546",0,0,0,0,0,0,0,0,0,0
"AC107973.1",0,0,0,0,0,0,0,0,0,0
"LINC01616",0,0,0,0,0,0,0,0,0,0
"KCNA4",0,0,0,0,0,0,0,0,0,0
"AC124657.1",0,0,0,0,0,0,0,0,0,0
"ARL14EP",1,3,4,1,4,0,2,3,0,2
"MPPED2",10,1,2,2,12,0,7,9,9,8
"AL136088.1",0,0,0,0,0,0,0,1,0,0
"DCDC1",1,0,0,1,0,1,1,2,1,2
"DNAJC24",2,4,4,0,4,1,5,2,2,6
"IMMP1L",7,1,1,1,2,5,12,2,2,2
"ELP4",7,7,5,8,14,12,25,8,5,14
"AC131571.1",3,1,2,1,1,2,0,1,0,8
"PAX6",1,0,0,0,0,1,2,1,0,0
"AL035078.4",0,0,0,0,1,0,3,0,1,0
"AL035078.1",0,0,0,0,0,0,0,0,0,0
"RCN1",0,0,0,1,3,3,1,4,1,0
"AL078612.1",0,0,0,0,2,0,0,0,0,1
"AL078612.2",0,1,0,0,0,0,0,0,0,0
"WT1",0,0,0,0,0,0,0,0,0,0
"EIF3M",4,0,3,3,2,2,6,1,7,7
"CCDC73",0,1,1,0,0,0,1,1,0,1
"PRRG4",0,0,0,0,1,0,0,0,0,2
"QSER1",0,1,3,1,4,1,5,3,1,4
"DEPDC7",0,0,0,0,0,0,0,0,0,0
"TCP11L1",1,2,1,0,4,2,1,1,2,2
"CSTF3",5,2,4,2,7,4,10,15,3,12
"CSTF3-DT",0,0,0,0,1,0,0,0,0,0
"HIPK3",10,12,15,6,17,12,25,21,8,20
"KIAA1549L",3,2,2,7,5,1,2,2,1,1
"AL049629.1",1,0,0,0,0,0,1,0,0,0
"AL049629.2",0,0,0,0,0,0,0,0,0,1
"CD59",0,3,2,0,1,0,0,1,1,3
"FBXO3",0,1,3,4,7,1,7,2,4,2
"LMO2",0,2,0,1,2,4,8,6,0,2
"CAPRIN1",3,2,4,2,6,6,9,1,5,7
"NAT10",1,5,2,0,2,0,1,2,1,2
"ABTB2",2,1,0,1,4,1,3,1,4,4
"CAT",2,2,1,3,4,6,2,4,7,3
"ELF5",0,0,0,0,0,0,0,0,0,0
"AL137224.1",0,0,0,0,1,0,0,0,0,0
"EHF",0,0,0,0,0,0,0,0,0,1
"APIP",1,3,1,1,0,2,3,4,2,5
"PDHX",2,1,2,6,4,1,7,2,3,4
"CD44",3,2,1,0,2,6,6,3,1,2
"CD44-AS1",0,0,0,0,0,0,0,0,0,0
"SLC1A2",2,5,28,11,30,2,13,15,6,21
"AC090625.2",0,0,0,0,0,0,0,0,0,0
"PAMR1",5,3,11,4,5,1,3,2,10,7
"AL135934.1",0,0,0,0,0,0,0,0,0,0
"FJX1",1,1,0,0,0,0,2,0,0,0
"AL138812.1",0,0,0,0,0,0,0,0,0,0
"TRIM44",5,2,8,3,12,5,12,12,3,16
"AC090692.1",0,0,0,0,0,0,0,0,0,0
"LDLRAD3",16,31,38,7,35,17,32,30,19,41
"COMMD9",0,2,0,0,1,3,3,0,2,1
"PRR5L",4,4,4,1,2,2,4,3,0,8
"TRAF6",3,0,1,1,2,1,5,2,3,5
"RAG1",0,0,0,0,0,0,0,0,0,1
"RAG2",0,0,0,0,0,0,0,0,0,0
"C11orf74",0,0,1,0,2,0,3,4,1,0
"AC103798.1",0,0,0,0,0,0,0,0,0,0
"AC022796.1",0,0,0,0,0,0,0,0,0,0
"LRRC4C",13,5,11,7,13,0,15,10,10,17
"AC090138.1",0,0,0,0,0,0,0,0,0,0
"AC021006.2",0,0,0,0,0,0,0,0,0,0
"LINC01499",1,0,0,0,0,0,0,0,0,1
"AC079917.1",0,0,0,0,0,0,0,0,0,0
"AC090458.1",0,0,0,0,0,0,0,0,0,0
"API5",2,2,4,5,2,6,7,3,5,3
"AC087276.2",0,1,0,0,0,1,0,0,0,1
"TTC17",13,11,14,13,27,13,31,16,6,31
"AC087276.3",0,0,0,0,0,0,0,0,0,0
"AC068205.1",1,0,2,1,1,1,1,0,0,1
"HSD17B12",10,4,1,3,4,7,28,10,4,7
"AC087521.2",0,0,0,0,0,0,0,2,0,0
"ALKBH3",4,1,2,1,1,1,1,1,1,0
"ALKBH3-AS1",0,0,0,0,0,0,0,0,0,0
"C11orf96",2,2,3,1,2,5,15,7,3,8
"AC087521.1",0,0,0,0,0,0,0,0,0,0
"ACCSL",0,0,0,0,0,0,0,0,0,0
"ACCS",0,0,0,0,0,0,0,0,0,0
"EXT2",1,3,2,2,4,3,3,2,0,8
"ALX4",1,0,0,0,0,1,0,1,4,0
"CD82",1,2,2,0,1,1,0,0,1,2
"AC104241.1",0,0,0,0,0,0,0,0,0,0
"TSPAN18",2,1,0,0,1,2,0,1,3,1
"TP53I11",0,1,2,0,3,0,1,1,1,2
"PRDM11",0,0,1,1,2,0,4,0,2,3
"AC103681.2",0,0,0,0,0,0,0,1,0,0
"SYT13",1,1,3,1,0,0,2,0,0,1
"AC103736.1",0,0,1,0,1,0,0,0,0,0
"AC018716.2",0,0,0,0,0,0,0,0,0,0
"AC103855.3",0,0,0,0,0,0,0,0,0,1
"CHST1",0,0,1,3,1,0,3,1,0,0
"AC044839.1",0,0,0,0,0,0,0,0,0,0
"SLC35C1",0,0,0,0,1,0,1,0,1,1
"AC044839.5",0,0,0,0,0,0,0,0,0,0
"CRY2",1,2,2,2,1,2,4,4,0,3
"MAPK8IP1",2,0,1,3,6,0,3,4,2,3
"AC068385.1",0,0,0,0,0,0,0,0,0,0
"C11orf94",0,0,0,0,0,0,0,0,0,0
"PEX16",3,0,3,0,1,0,1,1,1,1
"LARGE2",0,0,0,0,0,0,0,0,0,0
"PHF21A",18,5,14,9,18,11,20,16,7,20
"AC024475.1",0,0,0,0,0,0,0,0,0,0
"AC024475.4",1,0,0,0,0,0,0,0,0,0
"AC024475.3",0,0,0,0,0,0,0,0,0,0
"CREB3L1",0,0,1,0,0,0,0,0,0,0
"DGKZ",1,2,6,3,5,1,5,5,1,5
"MDK",0,0,0,1,1,1,2,0,1,9
"AMBRA1",7,21,8,11,14,17,25,23,10,12
"HARBI1",0,1,2,0,2,0,0,0,0,1
"ATG13",6,3,8,4,8,3,5,4,4,4
"ARHGAP1",7,7,6,1,4,4,5,3,2,3
"ZNF408",0,1,1,0,1,0,0,1,1,0
"F2",0,0,0,0,0,0,0,0,0,0
"CKAP5",6,2,2,0,5,4,11,4,0,4
"LRP4-AS1",0,1,2,2,1,1,2,0,1,4
"LRP4",6,5,19,7,10,6,14,14,12,7
"C11orf49",8,3,11,4,6,4,14,4,10,28
"AC090589.2",0,0,1,0,0,0,0,0,0,2
"ARFGAP2",1,1,1,1,0,1,2,2,0,11
"PACSIN3",0,0,1,0,0,0,0,0,0,2
"DDB2",1,1,1,1,4,1,4,0,4,3
"AC018410.2",0,1,0,0,0,0,0,0,0,0
"ACP2",2,0,3,1,1,1,2,2,4,2
"NR1H3",5,1,2,3,4,0,1,3,3,1
"MADD",3,2,6,3,5,1,5,4,0,2
"AC018410.1",0,0,0,0,0,0,0,0,0,0
"MYBPC3",0,0,0,0,0,0,0,0,0,0
"SPI1",1,0,1,0,0,0,0,0,0,1
"AC090559.1",0,0,0,0,0,0,0,0,0,0
"SLC39A13",1,2,0,1,2,1,3,2,2,0
"PSMC3",2,3,2,1,2,5,7,1,2,2
"RAPSN",0,0,0,0,0,0,0,0,0,0
"CELF1",9,8,9,9,22,7,20,7,16,16
"NDUFS3",2,4,1,2,5,3,3,1,4,1
"KBTBD4",0,1,2,1,1,0,1,0,1,1
"FAM180B",0,0,0,0,0,0,0,0,0,0
"C1QTNF4",1,1,0,0,0,0,1,1,4,0
"MTCH2",5,2,10,2,2,5,3,2,2,3
"AGBL2",0,0,0,0,1,0,0,0,1,2
"FNBP4",9,5,12,4,16,5,9,11,7,21
"NUP160",7,2,7,3,3,6,7,2,2,10
"PTPRJ",6,4,6,3,10,1,8,0,6,12
"PTPRJ-AS1",0,0,0,0,0,0,0,0,0,0
"FOLH1",2,4,0,3,2,1,3,1,1,6
"TRIM48",0,0,0,0,0,0,0,0,0,0
"LRRC55",0,0,0,0,1,0,0,0,0,0
"APLNR",1,0,0,0,0,0,1,0,0,0
"TNKS1BP1",3,0,1,0,1,3,2,1,3,5
"AP000781.1",0,0,0,0,0,0,0,0,0,0
"SSRP1",1,4,2,4,3,1,4,4,1,2
"P2RX3",0,0,0,0,0,0,0,0,0,0
"RTN4RL2",0,0,0,1,0,0,1,0,0,0
"SLC43A1",0,0,0,0,0,1,2,0,1,0
"TIMM10",1,0,2,1,0,1,3,1,3,1
"SMTNL1",0,0,0,0,0,0,0,0,0,0
"UBE2L6",1,1,3,2,1,1,5,4,2,2
"SERPING1",9,6,9,1,7,5,11,3,19,6
"YPEL4",3,2,0,0,0,0,2,1,0,0
"CLP1",0,0,0,1,0,0,0,1,0,1
"ZDHHC5",0,2,1,0,2,0,3,2,1,2
"MED19",1,2,0,0,1,0,2,1,1,4
"BTBD18",0,0,0,0,0,0,0,1,0,1
"CTNND1",3,1,5,3,3,2,4,8,5,9
"OR9Q1",0,0,0,0,0,0,0,1,0,0
"AP004247.2",0,0,0,0,0,0,0,0,0,0
"AP003557.1",0,0,0,0,0,0,0,0,0,0
"LPXN",4,1,2,0,2,2,3,3,0,2
"ZFP91-CNTF",0,0,0,0,0,0,0,0,0,1
"CNTF",0,0,0,0,0,0,0,0,0,0
"GLYAT",0,0,0,0,0,0,0,0,2,0
"GLYATL2",0,1,0,2,1,0,4,1,0,0
"GLYATL1",0,0,0,0,1,0,0,0,0,0
"AP001636.3",0,0,0,0,0,0,0,0,0,0
"FAM111B",0,0,0,0,0,0,0,0,0,0
"FAM111A-DT",1,0,0,0,0,0,0,0,0,0
"FAM111A",1,1,2,0,2,1,3,0,2,1
"DTX4",1,0,1,0,2,1,0,1,1,1
"MPEG1",0,0,0,0,0,0,0,0,0,0
"OR4D10",0,0,0,0,0,0,0,0,0,0
"OR4D9",0,0,0,0,0,0,0,0,0,0
"AP000442.1",0,0,0,0,0,0,0,0,0,0
"OSBP",0,2,2,2,2,3,7,1,4,2
"AP000442.2",0,0,0,0,1,0,0,0,0,1
"PATL1",0,0,2,0,0,6,4,3,1,1
"STX3",2,5,0,0,4,0,7,3,0,10
"AP000640.1",0,0,0,0,0,0,0,0,0,0
"MRPL16",2,0,1,0,0,2,5,0,2,0
"GIF",0,0,0,0,0,0,0,0,0,0
"TCN1",0,0,0,0,0,0,0,0,0,0
"AP002347.1",0,2,0,0,0,0,0,0,0,0
"AP000790.3",0,0,0,0,0,0,0,0,0,0
"AP000790.4",0,0,0,0,0,0,0,0,0,0
"AP000790.2",0,0,0,0,0,0,0,0,0,0
"MS4A3",0,0,0,0,0,0,0,0,0,0
"MS4A2",0,0,0,0,0,0,0,0,0,0
"MS4A6A",0,0,0,0,1,0,1,0,0,0
"MS4A4E",0,0,0,0,0,0,0,0,0,1
"MS4A4A",0,0,1,0,0,0,0,0,0,0
"MS4A6E",0,0,0,0,0,0,0,0,0,0
"MS4A14",0,0,0,0,0,1,0,0,0,0
"MS4A5",1,1,0,0,1,1,0,0,1,0
"MS4A1",0,0,0,0,1,0,0,0,0,1
"MS4A12",0,0,0,0,0,0,0,0,0,0
"MS4A13",0,0,0,0,0,0,0,0,0,0
"MS4A8",0,1,0,0,0,0,0,0,0,0
"MS4A18",0,0,0,0,0,0,0,0,0,0
"MS4A15",0,0,0,0,0,0,0,0,0,0
"AP000777.3",0,1,0,0,0,0,0,0,0,0
"CCDC86",2,0,1,2,0,2,4,2,1,1
"PTGDR2",0,2,0,0,3,3,0,1,1,0
"ZP1",2,0,1,0,1,3,0,2,2,0
"PRPF19",1,4,5,0,3,1,4,4,1,4
"AP003721.4",0,0,0,0,0,0,0,0,0,0
"AP003721.3",0,0,0,0,0,0,0,0,0,0
"TMEM109",2,3,3,1,4,8,5,10,9,2
"AP003721.1",0,0,0,0,0,0,0,0,0,0
"TMEM132A",0,1,1,0,0,0,6,1,1,0
"SLC15A3",0,0,0,0,1,0,1,0,1,0
"CD6",0,0,0,0,0,0,0,0,0,0
"AP003721.2",0,0,0,0,0,0,0,0,0,0
"CD5",0,0,0,0,0,0,0,0,0,0
"VPS37C",0,1,1,0,0,1,2,1,0,1
"VWCE",0,0,0,1,0,0,1,0,0,1
"DDB1",2,4,4,2,4,2,8,5,2,6
"TKFC",0,0,2,0,0,0,0,0,0,0
"CYB561A3",2,0,1,1,5,1,2,1,0,0
"TMEM138",1,0,2,0,1,1,1,0,1,4
"TMEM216",0,0,1,0,0,3,1,2,0,2
"CPSF7",0,1,4,3,10,5,6,6,3,7
"AP003108.2",0,0,3,0,1,0,4,1,1,4
"PPP1R32",1,0,0,0,0,0,0,0,0,0
"AP003108.1",0,0,0,0,0,0,0,0,0,0
"LRRC10B",0,0,0,0,1,0,0,0,0,0
"SYT7",1,0,3,2,0,0,1,1,0,0
"AP002754.1",0,0,0,0,0,0,0,0,0,0
"DAGLA",0,1,0,0,0,1,0,0,0,0
"DKFZP434K028",0,0,0,0,0,0,0,0,0,0
"MYRF",4,3,6,7,3,0,10,0,2,5
"TMEM258",4,4,8,1,4,6,14,5,6,9
"FADS2",3,1,3,2,0,0,0,0,1,2
"FADS1",1,3,2,3,4,2,5,4,3,5
"FADS3",3,1,3,0,2,4,2,2,3,4
"RAB3IL1",1,0,1,0,0,0,0,0,1,0
"BEST1",2,0,1,0,0,0,3,0,1,2
"FTH1",77,79,84,27,71,57,131,78,66,116
"AP003733.3",0,0,0,0,0,0,0,0,0,0
"INCENP",0,0,0,0,0,0,1,0,0,0
"AP003306.1",0,0,0,0,0,0,0,0,0,2
"SCGB1D2",0,0,0,0,1,0,0,0,0,0
"AP003306.2",0,0,0,0,0,0,0,0,0,0
"ASRGL1",0,4,7,8,5,4,11,6,1,4
"AP003064.1",0,0,0,0,0,0,0,0,0,0
"SCGB1A1",0,0,0,0,0,0,0,0,0,0
"AP003064.2",0,0,0,0,0,0,0,0,0,0
"AHNAK",5,8,7,5,13,7,12,3,15,7
"AP001363.2",0,0,0,1,0,0,0,0,0,0
"EEF1G",0,0,0,0,0,0,0,0,0,0
"MTA2",0,0,0,0,2,0,2,1,1,2
"EML3",1,0,2,0,4,1,1,0,1,2
"ROM1",0,0,1,0,1,1,5,0,1,2
"B3GAT3",4,2,2,2,2,2,2,1,1,6
"GANAB",2,4,5,1,4,1,7,5,4,1
"INTS5",0,0,0,1,0,1,1,1,0,1
"AP001458.2",0,0,0,0,0,1,2,0,0,1
"LBHD1",1,0,0,0,0,0,0,0,0,0
"CSKMT",0,0,0,1,0,1,1,0,0,2
"UQCC3",4,2,2,1,3,1,1,3,1,1
"UBXN1",1,4,1,0,1,10,5,5,7,4
"LRRN4CL",0,0,0,0,0,0,0,0,0,1
"HNRNPUL2-BSCL2",0,0,0,0,0,0,0,0,0,0
"GNG3",12,5,2,3,2,0,3,1,1,1
"TTC9C",4,0,2,1,4,1,5,3,1,2
"ZBTB3",0,0,1,1,0,0,0,1,0,0
"POLR2G",1,3,0,2,3,4,5,3,1,1
"AP001160.2",0,0,0,0,0,0,0,0,0,0
"TAF6L",1,0,0,1,0,0,3,1,1,1
"TMEM223",1,1,0,2,2,3,4,1,1,1
"TMEM179B",2,2,1,2,5,8,8,4,5,7
"NXF1",1,0,2,0,1,1,2,4,1,4
"STX5",3,1,4,2,3,5,9,1,3,10
"AP001160.1",1,0,0,0,1,0,0,0,0,4
"WDR74",0,1,1,0,2,2,2,1,0,2
"SLC3A2",5,5,5,6,7,6,20,10,4,13
"CHRM1",1,1,1,0,1,0,0,0,0,0
"AP000438.1",0,0,0,0,1,0,1,0,0,0
"SLC22A6",0,0,0,0,1,1,0,0,1,0
"SLC22A8",0,0,0,0,0,0,0,0,0,0
"SLC22A24",1,0,1,0,0,0,0,0,0,0
"SLC22A10",1,1,1,1,2,1,0,0,1,0
"SLC22A25",0,0,0,0,0,0,0,0,0,0
"SLC22A9",0,0,0,0,0,0,0,0,0,0
"HRASLS5",0,1,0,0,0,0,0,0,0,0
"LGALS12",0,0,0,0,0,0,0,0,0,0
"RARRES3",2,3,0,0,1,0,2,2,1,0
"HRASLS2",0,0,0,0,0,0,0,0,0,0
"PLA2G16",4,7,14,2,9,5,23,8,7,17
"AP000753.1",0,0,0,0,0,0,0,0,0,0
"ATL3",2,1,3,3,3,1,8,2,7,10
"AP000753.2",0,0,0,0,0,0,0,0,0,0
"RTN3",21,14,14,3,13,14,27,3,7,19
"C11orf95",0,1,1,1,1,0,0,0,0,0
"SPINDOC",2,0,0,1,2,1,3,1,2,1
"MARK2",8,2,5,3,7,1,1,8,3,12
"RCOR2",0,0,0,0,0,0,0,0,0,0
"NAA40",0,0,0,0,0,0,3,2,0,1
"COX8A",0,0,0,0,0,1,0,0,0,0
"AP000721.1",1,0,0,0,0,0,0,0,0,0
"OTUB1",6,3,6,0,3,4,5,2,1,1
"MACROD1",2,1,2,0,1,2,1,1,0,2
"AP000721.2",0,0,2,0,2,0,2,0,0,2
"FLRT1",0,0,0,0,1,0,0,0,0,1
"STIP1",1,2,0,1,2,5,3,6,5,7
"FERMT3",0,0,1,0,0,0,0,3,0,1
"TRPT1",0,0,1,0,0,1,1,0,5,1
"NUDT22",1,0,2,0,1,0,3,4,2,0
"AP001453.1",0,0,1,0,1,1,2,0,1,1
"DNAJC4",0,0,0,0,2,0,0,2,2,1
"VEGFB",2,0,1,1,1,1,5,1,2,3
"FKBP2",10,1,2,3,6,10,12,9,5,9
"PPP1R14B",0,0,1,0,2,1,0,2,1,0
"AP001453.2",0,0,0,0,0,0,0,0,0,0
"PLCB3",1,3,2,0,2,0,3,1,1,0
"BAD",2,1,2,2,2,2,4,5,1,1
"GPR137",0,0,2,0,5,5,2,1,1,1
"KCNK4",1,0,0,0,0,0,0,0,0,0
"CATSPERZ",1,0,1,0,0,0,0,1,0,0
"ESRRA",0,2,2,1,2,2,3,3,2,0
"TRMT112",10,5,0,4,4,4,14,16,6,5
"PRDX5",5,4,5,3,6,10,11,9,5,4
"AP003774.4",0,0,0,0,0,0,1,0,0,0
"CCDC88B",0,0,1,0,0,0,0,1,1,0
"RPS6KA4",0,0,0,0,0,0,4,1,0,0
"AP003774.3",0,0,0,0,0,0,0,0,0,0
"AP003774.2",0,0,0,0,0,0,0,0,0,0
"AP003774.1",1,0,0,0,0,0,0,0,0,0
"SLC22A11",0,0,0,0,0,0,0,0,0,0
"NRXN2",6,1,5,1,3,0,0,3,3,2
"AP001092.1",0,0,0,0,0,0,0,0,0,0
"RASGRP2",3,2,4,2,3,6,10,5,3,3
"PYGM",0,0,0,0,0,1,0,0,1,0
"SF1",7,13,11,4,14,7,13,13,9,19
"AP001462.1",0,0,0,0,0,1,0,0,0,0
"MAP4K2",2,1,4,1,6,1,4,3,1,4
"MEN1",0,0,0,1,3,0,2,2,0,2
"CDC42BPG",0,0,0,0,0,0,0,0,0,0
"EHD1",2,3,0,1,0,1,5,1,6,7
"MIR194-2HG",0,0,0,0,0,0,0,0,0,0
"ATG2A",1,1,3,0,0,2,0,1,0,4
"PPP2R5B",2,1,1,5,3,7,7,2,2,3
"MAJIN",0,0,0,0,0,0,0,0,1,0
"BATF2",0,1,0,0,1,2,1,1,0,1
"ARL2",0,0,0,0,0,0,0,0,0,0
"ARL2-SNX15",0,0,0,0,0,0,0,1,0,0
"SNX15",0,0,0,1,0,0,0,0,1,0
"SAC3D1",0,0,0,0,0,0,0,0,0,0
"NAALADL1",0,0,1,1,0,0,4,0,0,0
"CDCA5",0,0,0,0,0,0,0,0,0,0
"ZFPL1",2,2,0,0,2,0,2,0,1,1
"TMEM262",0,0,0,0,0,0,0,0,0,0
"VPS51",3,3,4,2,5,2,3,6,5,6
"AP003068.1",0,0,0,0,0,0,0,0,0,0
"TM7SF2",1,0,0,0,1,1,0,0,1,1
"ZNHIT2",0,0,0,0,0,1,1,2,0,0
"FAU",17,12,7,8,15,20,24,31,28,16
"SYVN1",4,1,1,1,0,2,4,2,2,2
"MRPL49",0,1,0,0,0,0,2,0,0,0
"AP003068.2",0,0,0,1,0,0,0,0,1,1
"CAPN1",2,1,1,0,3,1,4,1,3,3
"POLA2",2,1,2,1,0,2,5,0,4,2
"CDC42EP2",0,1,0,2,1,2,6,8,1,3
"DPF2",3,4,3,3,1,1,5,4,3,11
"TIGD3",0,0,0,0,1,0,0,0,0,0
"AP000944.1",0,0,0,0,0,0,0,0,0,0
"SLC25A45",1,0,0,0,0,0,0,0,0,0
"FRMD8",1,0,2,1,1,2,2,1,1,4
"NEAT1",120,152,288,129,398,201,695,251,206,663
"MALAT1",6233,4986,8378,3761,10246,11592,17135,19038,5349,19695
"AP000769.2",0,0,0,0,0,0,0,0,0,0
"SCYL1",1,2,2,2,2,2,3,0,4,3
"LTBP3",5,3,4,1,4,2,8,1,5,10
"SSSCA1",1,2,0,0,0,0,3,0,2,0
"FAM89B",2,0,3,1,4,1,2,2,1,1
"EHBP1L1",3,2,2,0,3,2,2,2,3,3
"KCNK7",0,0,0,0,1,0,0,0,0,0
"MAP3K11",1,5,5,2,3,5,7,3,2,3
"PCNX3",0,0,0,0,0,0,0,0,0,0
"SIPA1",2,1,0,0,2,0,7,2,3,2
"RELA",1,1,0,1,3,0,6,1,0,6
"KAT5",2,1,2,2,5,1,3,2,0,1
"RNASEH2C",3,1,5,1,3,3,7,5,5,3
"AP001266.2",0,0,0,0,1,1,0,0,0,1
"AP5B1",0,0,1,0,0,0,0,0,0,1
"OVOL1",0,0,0,0,0,0,0,0,0,0
"OVOL1-AS1",0,0,0,0,0,0,0,0,0,0
"AP001266.1",0,0,0,0,0,0,0,0,0,0
"CFL1",15,20,14,13,6,21,36,26,14,8
"SNX32",1,0,3,0,2,0,1,0,1,5
"MUS81",0,0,1,1,2,2,3,3,1,5
"EFEMP2",3,1,3,0,0,1,5,1,4,2
"CTSW",0,0,0,0,0,0,0,0,0,0
"FIBP",1,0,1,0,0,2,2,1,2,0
"CCDC85B",10,10,11,6,16,5,21,21,12,6
"FOSL1",0,1,0,1,0,0,0,0,0,1
"C11orf68",1,1,0,1,2,0,2,0,3,1
"DRAP1",3,3,2,4,2,6,8,5,7,7
"TSGA10IP",0,0,0,0,0,0,0,0,0,0
"SART1",0,0,4,0,0,2,2,1,1,0
"EIF1AD",0,0,0,0,0,0,1,0,0,0
"BANF1",4,1,2,4,1,6,7,10,2,6
"CST6",0,0,0,0,0,0,0,0,0,0
"CATSPER1",0,0,0,0,0,0,0,0,0,0
"GAL3ST3",0,0,0,0,0,0,0,0,0,0
"SF3B2",3,1,9,4,7,3,6,5,0,7
"AP006287.2",0,0,1,0,0,0,1,0,0,0
"PACS1",13,4,13,4,16,7,20,10,4,22
"AP000759.1",0,0,0,0,0,0,0,1,0,0
"KLC2",3,0,0,0,1,0,3,0,2,1
"AP001107.4",0,0,1,0,0,0,0,0,0,2
"AP001107.7",0,0,0,0,0,0,0,0,0,0
"RAB1B",1,3,1,1,3,4,5,1,0,1
"AP001107.1",0,0,0,0,0,0,0,0,0,0
"CNIH2",0,0,0,0,0,0,1,1,0,1
"YIF1A",2,1,2,2,1,2,2,4,1,2
"TMEM151A",1,4,1,6,1,0,4,1,1,5
"CD248",4,0,1,1,2,2,2,6,6,0
"RIN1",0,0,0,0,0,0,2,0,0,0
"AP001107.6",0,0,0,0,0,0,0,0,0,0
"BRMS1",1,1,0,0,2,2,1,3,0,1
"B4GAT1",2,7,5,3,7,2,2,3,3,3
"AP001107.9",0,0,1,0,0,0,0,0,0,0
"SLC29A2",0,0,0,0,0,0,1,0,0,0
"NPAS4",0,0,0,0,0,0,0,0,0,0
"MRPL11",1,0,1,0,0,2,2,0,0,4
"PELI3",2,0,1,1,1,1,0,0,0,0
"AP002748.3",0,0,0,0,0,0,0,0,0,0
"DPP3",0,0,1,0,0,1,0,1,0,1
"AP002748.4",0,0,0,0,0,0,0,0,0,0
"BBS1",0,0,0,0,0,0,0,0,0,0
"ZDHHC24",1,0,1,0,2,2,2,0,0,3
"ACTN3",0,0,1,0,0,0,0,0,0,0
"AP002748.1",0,0,0,0,0,0,0,0,0,0
"CTSF",1,3,3,4,6,3,2,1,4,2
"CCDC87",0,0,0,0,0,0,0,0,0,0
"CCS",2,2,4,2,1,4,3,1,1,5
"RBM14-RBM4",3,0,0,2,2,0,4,1,0,2
"RBM4",2,0,2,0,0,0,1,3,0,3
"RBM4B",3,1,1,2,3,1,3,2,1,2
"AP001157.1",0,0,0,0,0,0,0,1,1,0
"SPTBN2",1,1,3,0,1,0,0,0,1,1
"C11orf80",3,2,4,0,5,2,5,3,1,7
"RCE1",0,0,0,0,3,0,1,0,0,1
"PC",1,1,2,2,0,2,0,2,3,4
"LRFN4",0,0,0,0,2,1,1,1,3,0
"SYT12",1,0,1,0,0,0,0,1,2,0
"RHOD",0,1,0,0,0,0,3,1,0,0
"KDM2A",4,6,18,11,11,14,18,11,15,32
"GRK2",1,0,1,4,2,0,2,4,0,0
"ANKRD13D",1,1,0,4,5,1,2,0,2,7
"SSH3",0,0,1,1,2,1,2,0,1,6
"RAD9A",6,0,7,2,6,4,3,1,4,15
"POLD4",2,0,0,0,0,4,3,2,1,0
"AP003419.1",0,0,0,0,1,0,0,0,0,0
"CLCF1",0,0,0,0,0,0,0,0,0,0
"PPP1CA",5,2,0,3,2,8,9,6,1,4
"TBC1D10C",0,0,0,0,0,0,0,0,0,0
"CARNS1",5,3,6,1,4,0,4,0,0,3
"RPS6KB2",0,1,1,2,4,1,1,2,3,3
"RPS6KB2-AS1",0,0,0,0,0,0,0,0,0,0
"CORO1B",1,0,0,1,3,0,8,3,3,1
"CABP4",0,0,0,0,0,0,0,0,0,0
"TMEM134",1,3,0,0,1,1,7,4,1,4
"AIP",1,3,3,2,1,4,10,6,5,1
"PITPNM1",0,1,0,1,2,3,2,2,2,0
"CDK2AP2",1,1,2,5,5,12,15,11,2,2
"GSTP1",4,5,16,8,14,37,33,25,21,16
"C11orf72",0,0,0,0,0,0,0,0,0,0
"NDUFV1",5,6,5,0,5,3,7,1,0,7
"NUDT8",1,1,1,0,0,0,1,0,0,1
"TBX10",0,0,0,0,1,0,0,0,0,0
"ACY3",0,0,0,0,0,0,0,0,0,0
"ALDH3B2",0,0,0,0,0,0,0,0,0,0
"AP003716.1",0,0,0,0,0,0,0,0,0,0
"UNC93B1",1,0,0,1,1,0,1,0,0,2
"ALDH3B1",0,0,0,0,0,0,0,0,0,0
"AC004923.4",0,0,0,0,0,0,0,0,0,0
"NDUFS8",1,6,2,2,1,5,10,9,7,9
"TCIRG1",0,0,0,1,0,1,1,0,0,0
"AP002807.1",0,0,0,0,0,0,0,1,0,0
"CHKA",9,3,8,11,6,3,7,3,2,15
"AP002992.1",0,0,0,0,0,0,0,0,0,0
"KMT5B",7,1,5,4,13,6,12,8,5,12
"C11orf24",1,0,0,1,0,0,1,2,0,1
"LRP5",0,0,2,0,6,2,3,0,2,2
"PPP6R3",15,5,16,9,30,14,37,22,12,41
"AP003096.1",0,0,0,0,0,0,0,0,0,0
"GAL",0,0,0,0,0,0,0,0,0,0
"TESMIN",0,0,0,0,0,0,0,0,0,1
"CPT1A",8,3,8,1,19,2,8,5,7,11
"MRPL21",0,0,1,0,0,2,1,2,2,1
"IGHMBP2",2,0,2,0,2,2,1,0,2,1
"MRGPRF",2,0,0,0,0,4,2,3,4,2
"MRGPRF-AS1",0,0,0,0,0,0,0,0,1,0
"TPCN2",2,0,1,0,1,1,0,2,2,2
"AP003071.2",0,0,0,0,0,0,0,0,0,1
"MYEOV",0,0,1,0,1,0,0,0,0,0
"AP000439.3",0,0,0,0,0,0,0,0,0,0
"CCND1",0,2,3,0,1,1,1,1,1,2
"ORAOV1",0,2,1,0,1,2,5,2,1,5
"AP003555.3",0,0,0,0,0,0,0,0,0,0
"AP003555.2",0,0,0,0,0,0,0,0,0,0
"AP003555.1",0,0,0,0,0,0,0,0,0,0
"ANO1",2,0,0,0,0,1,0,0,0,1
"FADD",0,1,0,1,1,0,0,1,1,0
"PPFIA1",4,9,9,4,7,2,10,7,6,13
"AP002336.2",5,6,12,3,10,4,13,14,5,15
"AP000487.1",2,2,1,0,2,1,0,0,0,2
"CTTN",7,3,4,5,9,4,12,1,7,16
"SHANK2",1,1,4,1,0,0,3,0,2,3
"SHANK2-AS1",0,0,0,0,0,0,0,0,0,0
"DHCR7",1,2,1,2,0,1,4,0,0,1
"AP002387.2",1,1,1,0,0,1,2,0,0,1
"NADSYN1",1,2,4,2,3,1,3,2,2,0
"KRTAP5-7",0,0,0,0,0,0,0,0,0,0
"KRTAP5-8",0,0,0,0,0,0,0,0,0,0
"KRTAP5-9",0,0,0,0,0,0,0,0,0,0
"KRTAP5-10",0,1,0,0,0,0,0,0,0,0
"KRTAP5-11",0,0,0,0,0,0,0,0,0,0
"AP003498.1",0,0,0,0,0,0,0,0,0,0
"FAM86C1",0,0,0,0,0,0,0,0,0,0
"ZNF705E",0,0,0,0,0,0,0,0,0,0
"AP002495.2",1,3,2,0,5,1,2,0,0,2
"DEFB131B",0,0,0,0,0,0,0,0,0,1
"RNF121",0,0,1,0,0,1,0,3,0,2
"IL18BP",1,1,0,0,0,0,0,0,0,0
"NUMA1",5,6,3,3,5,3,6,8,5,9
"AP002490.1",0,0,0,0,0,0,0,0,0,0
"LAMTOR1",3,0,3,4,1,7,12,5,2,8
"ANAPC15",1,2,2,0,0,1,1,0,0,0
"FOLR3",0,0,0,0,0,0,0,0,0,0
"AP000812.1",0,0,0,0,0,0,0,0,0,0
"FOLR1",0,0,0,0,0,0,0,0,0,0
"FOLR2",0,0,0,0,0,0,0,0,0,0
"INPPL1",0,3,0,1,2,2,3,2,1,5
"PHOX2A",0,0,0,0,0,0,0,0,0,0
"CLPB",0,1,4,1,1,0,1,1,4,1
"AP002892.2",0,0,0,0,0,0,0,0,0,0
"AP002892.1",0,0,0,0,1,0,0,0,0,0
"LINC01537",0,0,0,0,0,0,0,0,0,0
"PDE2A",2,2,1,1,4,3,9,4,3,2
"AP005019.1",0,0,0,0,0,0,0,0,0,0
"ARAP1",0,1,2,3,1,3,4,0,2,7
"ARAP1-AS1",1,0,0,0,0,0,0,0,0,0
"ARAP1-AS2",0,0,0,0,0,0,0,0,0,0
"STARD10",0,1,0,0,1,0,2,1,0,0
"ATG16L2",0,2,6,3,8,2,8,5,0,14
"FCHSD2",13,6,24,25,32,29,56,24,15,128
"AP002761.2",0,0,0,0,0,0,0,0,0,0
"P2RY2",0,0,0,0,1,0,0,0,0,0
"P2RY6",0,0,0,0,0,0,0,0,0,0
"AP002761.3",0,0,0,0,0,1,0,0,0,0
"ARHGEF17",3,2,2,5,8,5,4,6,4,6
"RELT",1,0,0,0,1,0,1,0,0,0
"FAM168A",3,4,8,3,13,2,15,6,4,16
"AP000763.3",1,0,0,0,0,0,0,0,0,2
"PLEKHB1",3,0,8,6,3,1,9,4,3,6
"RAB6A",20,7,5,1,14,10,16,6,7,22
"AP002770.1",0,0,0,0,0,0,0,0,0,0
"MRPL48",1,2,6,2,2,1,2,1,2,3
"COA4",3,1,1,1,0,1,1,2,0,3
"PAAF1",2,0,4,1,2,3,1,2,1,4
"DNAJB13",0,0,0,0,0,0,0,0,0,0
"AP003717.1",0,0,0,0,0,0,0,0,0,0
"UCP2",0,0,0,0,0,0,0,0,1,0
"UCP3",0,0,0,0,0,1,0,1,0,0
"C2CD3",2,2,0,2,3,0,3,2,2,8
"PPME1",5,4,2,1,4,1,3,1,3,7
"P4HA3",0,0,5,0,3,0,2,1,1,3
"PGM2L1",8,1,4,0,4,3,4,2,2,1
"AP001372.1",2,0,2,0,0,1,0,0,0,0
"KCNE3",1,1,0,0,0,1,1,2,1,0
"LIPT2",0,0,1,0,0,0,0,0,0,0
"POLD3",3,2,2,1,3,3,5,1,2,5
"CHRDL2",0,0,0,0,0,0,0,0,0,0
"RNF169",3,4,3,4,14,3,11,10,4,7
"XRRA1",10,2,5,5,8,11,7,16,2,8
"SPCS2",6,12,6,5,15,9,8,14,4,7
"NEU3",0,0,0,0,1,0,2,1,0,1
"OR2AT4",0,0,0,0,0,0,0,0,0,0
"AP001972.4",0,0,0,0,0,0,0,0,0,1
"SLCO2B1",8,10,13,0,11,2,16,2,7,9
"AP001972.3",0,0,0,0,1,0,0,0,0,0
"TPBGL",0,0,0,0,0,0,0,0,0,0
"AP001972.1",0,0,0,0,0,0,0,0,0,0
"ARRB1",4,3,8,6,6,2,6,2,4,7
"RPS3",8,12,20,3,19,27,24,24,14,11
"KLHL35",1,0,0,0,0,0,0,0,0,1
"GDPD5",2,0,0,0,2,0,0,0,1,2
"SERPINH1",2,0,5,6,3,6,19,9,4,12
"AP001922.5",0,0,0,0,0,0,1,0,0,0
"MAP6",1,1,1,2,2,0,0,0,0,1
"MOGAT2",0,0,0,0,0,0,0,0,0,0
"AP001922.1",0,0,0,0,0,0,0,0,0,0
"DGAT2",0,1,0,0,0,0,0,0,0,1
"AP003031.2",0,0,0,1,0,0,0,0,1,0
"UVRAG",11,20,8,8,24,10,42,11,13,33
"WNT11",0,0,0,0,0,2,0,0,0,0
"AP000785.2",0,0,0,0,0,0,0,0,0,0
"THAP12",0,0,2,0,1,1,1,1,0,2
"GVQW3",0,0,0,0,3,0,1,0,0,0
"AP002360.1",1,0,0,0,0,0,1,1,0,0
"EMSY",5,0,9,5,11,2,15,10,9,12
"LRRC32",1,4,2,4,1,8,25,7,3,1
"TSKU",0,0,0,0,1,0,1,0,2,1
"ACER3",4,7,15,15,12,6,22,10,2,12
"AP002498.1",0,0,1,0,0,0,2,1,0,1
"B3GNT6",0,0,0,0,0,0,0,0,0,0
"CAPN5",0,0,1,0,0,0,0,0,1,0
"MYO7A",0,0,2,0,1,0,0,0,0,0
"GDPD4",0,0,0,0,0,0,0,0,0,0
"PAK1",5,3,7,5,6,0,3,2,1,7
"AP003680.1",0,0,0,0,0,0,0,0,0,0
"CLNS1A",2,0,6,2,4,3,5,12,2,1
"AQP11",1,1,4,0,0,0,0,1,0,1
"RSF1",5,7,7,9,13,8,23,13,14,20
"AAMDC",4,5,5,3,8,5,5,3,5,7
"AP002812.2",6,0,3,5,3,2,1,2,1,9
"INTS4",0,0,1,0,3,1,6,1,0,3
"KCTD14",0,0,0,0,0,0,0,0,0,0
"NDUFC2-KCTD14",0,0,0,0,1,0,0,0,0,1
"AP003032.1",0,0,0,0,0,0,0,0,0,0
"THRSP",0,0,0,0,0,0,0,0,0,0
"NDUFC2",0,0,0,0,0,0,0,0,0,0
"ALG8",4,3,1,1,2,0,4,2,1,2
"KCTD21-AS1",1,1,1,0,0,0,0,0,0,0
"KCTD21",1,0,1,0,2,0,0,0,0,1
"USP35",0,0,0,0,0,1,0,1,0,0
"GAB2",10,9,9,8,16,2,19,8,4,21
"AP003086.2",14,5,9,0,11,2,5,5,2,10
"AP003086.1",0,0,0,0,0,0,0,0,0,0
"NARS2",2,3,0,6,8,3,4,5,3,10
"AP003110.1",0,0,0,0,1,0,1,0,0,0
"TENM4",7,2,6,3,10,5,2,1,2,4
"AP001547.1",0,0,0,0,0,0,0,0,0,0
"AP001978.1",0,0,0,0,1,0,0,0,0,0
"AP006295.1",0,0,0,0,0,0,0,0,0,0
"AP002759.1",0,0,0,0,0,0,0,0,0,0
"MIR4300HG",2,0,3,1,4,1,2,4,0,2
"AP002802.1",0,0,0,0,0,0,0,0,0,0
"FAM181B",0,2,0,1,1,0,0,2,1,2
"AP001646.3",0,0,0,0,0,0,0,0,0,0
"PRCP",1,3,2,1,4,3,7,4,3,2
"DDIAS",0,0,0,0,1,0,1,0,0,0
"RAB30",5,6,7,3,10,4,13,6,6,7
"RAB30-AS1",6,2,4,2,4,2,13,5,4,5
"AP001767.3",0,0,1,0,1,1,2,1,1,3
"PCF11",3,4,2,1,7,4,14,9,4,8
"PCF11-AS1",0,0,0,0,0,0,0,0,0,1
"ANKRD42",2,0,1,1,0,1,1,0,3,4
"AP000873.3",0,0,0,0,0,0,0,0,0,0
"CCDC90B",3,0,3,0,3,1,4,3,4,6
"AP000446.1",2,1,1,0,0,1,3,0,0,0
"DLG2",117,52,114,51,144,25,104,52,53,178
"AP002370.2",9,4,13,7,3,1,3,0,1,13
"AP001825.1",5,6,6,2,3,0,1,0,1,10
"AP000857.2",0,0,0,0,0,0,0,0,0,0
"TMEM126B",4,3,2,0,2,4,1,7,5,2
"TMEM126A",2,2,3,0,0,0,3,1,0,0
"CREBZF",1,1,3,2,2,2,7,5,2,3
"CCDC89",0,0,0,0,0,0,0,0,0,0
"SYTL2",3,1,5,1,5,1,3,1,4,0
"CCDC83",0,0,0,0,0,1,0,0,0,0
"AP003128.1",0,0,0,0,0,0,0,0,0,0
"PICALM",27,24,29,21,45,20,67,29,24,90
"EED",1,1,1,2,0,2,3,6,3,2
"HIKESHI",0,2,2,1,2,3,7,2,3,3
"CCDC81",0,0,0,0,0,0,0,0,0,1
"AP001831.1",1,6,7,1,0,0,5,1,0,9
"ME3",3,2,7,3,6,1,12,4,2,8
"AP003059.1",0,0,1,0,0,0,0,0,1,0
"AP003059.2",0,0,0,1,1,0,1,0,0,0
"PRSS23",5,5,2,0,7,3,29,4,9,8
"AP001528.2",2,2,2,0,3,2,7,1,1,2
"FZD4",3,3,0,1,3,2,3,3,2,6
"AP001528.1",0,0,0,0,3,0,0,0,0,1
"TMEM135",7,2,6,3,10,3,10,7,10,21
"AP005436.3",0,0,0,0,0,0,0,0,0,0
"AP005436.1",0,0,0,0,0,0,0,0,0,0
"AP005436.2",0,0,0,0,0,0,0,0,0,0
"RAB38",0,0,0,0,0,0,0,1,0,0
"CTSC",1,1,1,0,1,3,0,4,3,1
"GRM5-AS1",0,0,0,0,0,0,0,0,0,0
"GRM5",5,3,20,4,15,0,2,2,3,3
"TYR",0,0,0,0,0,0,0,0,0,0
"NOX4",1,0,0,1,1,0,1,5,1,1
"AP003400.1",0,0,0,0,0,0,0,0,0,0
"TRIM77",0,0,0,0,0,0,0,0,0,0
"NAALAD2",2,1,3,2,5,0,1,2,1,3
"CHORDC1",0,2,3,0,2,2,10,5,6,3
"FAT3",1,3,0,1,4,0,2,0,4,24
"AP000722.1",0,0,0,0,0,0,0,0,0,0
"AP003718.1",0,0,0,0,0,0,0,0,0,0
"SLC36A4",0,0,5,2,5,4,3,0,3,11
"DEUP1",0,0,2,0,0,0,0,1,0,0
"SMCO4",1,2,0,0,2,2,1,1,0,6
"CEP295",4,1,2,0,0,1,5,5,1,1
"TAF1D",13,6,12,4,9,8,21,13,8,20
"C11orf54",0,0,0,0,0,0,0,0,0,0
"AP001273.2",1,1,0,1,0,0,1,1,1,0
"MED17",0,0,0,0,0,0,0,1,2,0
"VSTM5",0,0,0,0,0,0,0,0,0,0
"HEPHL1",0,0,0,0,0,0,1,0,1,0
"PANX1",0,0,0,0,3,0,1,2,0,0
"AP002784.1",0,0,1,0,0,2,0,0,0,0
"GPR83",1,0,0,0,1,1,0,0,1,0
"MRE11",0,0,5,0,6,1,3,4,2,5
"ANKRD49",4,1,3,1,6,5,2,6,3,3
"C11orf97",0,0,0,0,0,0,0,0,0,0
"PIWIL4",4,0,1,0,1,0,0,0,1,2
"AP000943.3",5,0,4,0,5,0,1,9,3,1
"AP000943.2",0,0,0,0,0,0,0,0,0,0
"AMOTL1",10,5,11,2,6,5,6,9,9,6
"AP002383.2",0,0,0,0,0,0,0,2,0,0
"CWC15",2,3,4,0,5,4,9,6,4,3
"KDM4D",0,0,0,0,0,1,0,0,1,1
"SRSF8",2,3,2,1,7,1,3,6,4,2
"ENDOD1",4,4,5,1,8,5,15,7,6,7
"AP000787.1",6,3,5,0,11,11,7,8,7,24
"SESN3",6,4,9,8,6,15,10,9,9,20
"AP001790.1",0,0,0,0,0,0,0,0,1,0
"FAM76B",1,0,1,1,2,1,3,0,2,4
"CEP57",6,5,8,4,6,7,11,5,5,7
"MTMR2",6,8,5,8,5,7,8,7,4,13
"MAML2",29,20,45,13,57,23,50,48,28,42
"CCDC82",12,6,3,4,3,1,10,8,5,7
"JRKL",1,0,0,0,0,0,2,1,0,3
"JRKL-AS1",0,0,0,0,0,0,0,0,0,0
"AP003781.1",0,1,0,0,0,0,0,0,0,0
"AP003066.1",0,0,0,0,0,0,0,0,0,0
"LINC02553",0,0,0,0,0,0,0,0,0,0
"AP003730.2",0,0,0,0,0,0,0,0,0,0
"AP002428.1",0,0,0,0,0,0,0,0,0,0
"CNTN5",8,7,15,3,7,4,3,5,5,6
"AP001351.1",0,0,0,0,0,0,0,0,0,0
"ARHGAP42",14,13,7,15,18,16,22,25,16,23
"PGR",4,6,2,0,4,4,4,1,5,25
"TRPC6",1,3,1,1,4,2,2,2,1,2
"ANGPTL5",0,1,2,0,0,0,1,1,3,0
"CEP126",5,2,9,1,10,1,2,7,8,7
"CFAP300",1,1,1,0,1,1,1,1,1,4
"AP001527.1",0,0,0,0,0,0,0,0,0,0
"AP001527.2",0,0,1,0,0,0,0,0,0,0
"YAP1",7,3,4,7,12,7,20,10,12,24
"BIRC3",0,0,1,1,1,0,0,1,0,0
"BIRC2",5,1,1,3,3,8,7,3,0,2
"TMEM123",4,8,9,9,11,12,53,20,12,12
"AP001830.1",0,0,0,0,0,0,0,0,0,0
"AP001830.2",0,0,0,0,0,0,0,0,0,0
"MMP20",0,0,0,0,0,0,0,0,0,0
"MMP1",0,0,0,0,0,0,0,0,0,0
"MMP3",1,2,0,0,0,0,0,0,0,0
"MMP12",0,0,0,0,0,0,0,0,0,0
"DCUN1D5",1,0,1,1,1,0,3,2,0,1
"DYNC2H1",13,3,8,5,9,2,9,4,3,10
"AP002989.1",0,0,0,1,1,0,1,1,0,5
"PDGFD",0,0,0,0,0,2,1,3,0,8
"LINC02552",1,0,0,0,1,0,0,0,0,0
"CASP4",3,3,4,5,2,3,6,8,1,5
"CASP5",0,0,0,0,0,0,0,0,0,0
"CASP1",1,0,0,0,2,1,0,2,1,1
"CARD16",0,1,0,0,0,2,3,1,1,0
"AP003181.1",0,1,0,0,0,0,4,0,0,1
"GRIA4",19,4,8,7,16,3,2,7,7,6
"MSANTD4",0,0,2,1,0,1,2,1,1,1
"KBTBD3",2,1,1,0,1,1,5,2,0,1
"AASDHPPT",2,1,0,1,7,1,6,3,1,5
"AP001001.1",0,0,0,0,0,0,0,0,0,0
"AP001001.2",0,0,0,0,0,0,0,0,0,0
"GUCY1A2",4,5,5,3,6,6,7,8,3,6
"AP000766.1",0,0,0,0,0,1,0,0,1,0
"CWF19L2",8,6,8,7,11,5,18,17,6,13
"ALKBH8",3,0,0,0,4,0,1,1,0,2
"ELMOD1",1,5,1,1,1,3,4,0,0,2
"SLN",0,0,0,0,0,0,0,0,0,0
"SLC35F2",0,0,1,0,1,0,2,1,1,1
"RAB39A",0,0,1,0,0,0,1,1,0,0
"CUL5",7,6,7,5,8,4,10,9,9,10
"AP002433.1",0,0,0,0,0,0,0,0,0,0
"ACAT1",5,1,15,4,11,7,12,6,5,8
"NPAT",3,4,0,0,3,1,4,2,3,3
"ATM",13,5,9,3,19,9,10,9,8,24
"C11orf65",1,1,0,0,2,1,1,0,2,0
"KDELC2",1,0,1,0,2,3,2,3,2,0
"EXPH5",0,1,2,0,1,1,3,0,3,3
"DDX10",6,5,4,4,8,5,6,7,2,7
"AP003123.1",0,0,0,0,0,0,0,0,0,0
"AP003049.2",0,0,0,0,0,0,0,0,0,0
"C11orf87",2,0,2,0,2,0,0,2,0,0
"AP002444.1",0,0,0,0,0,0,0,0,0,0
"RDX",10,13,14,17,21,12,29,9,6,24
"ZC3H12C",1,1,3,1,5,1,2,2,1,2
"AP000924.1",0,0,0,0,0,0,0,0,0,1
"FDX1",1,1,2,0,1,1,2,3,0,3
"ARHGAP20",5,3,1,1,3,1,6,2,2,1
"LINC02550",0,0,0,0,0,0,0,0,0,0
"C11orf53",0,0,0,0,0,0,0,0,0,0
"COLCA1",0,0,0,0,0,1,0,0,0,0
"COLCA2",0,0,0,0,0,0,0,0,0,0
"POU2AF1",0,0,1,0,2,0,0,0,2,3
"BTG4",0,0,0,0,0,0,0,0,0,0
"AP002008.1",0,0,0,0,0,0,0,0,0,0
"C11orf88",0,0,0,0,0,0,0,0,0,0
"LAYN",1,5,1,3,0,2,3,2,1,2
"SIK2",13,5,17,13,23,10,23,23,16,72
"PPP2R1B",0,0,4,0,4,2,7,4,0,8
"AP001781.1",0,0,0,0,0,1,0,0,0,0
"ALG9",1,1,0,0,1,1,2,0,1,0
"AP001781.2",0,0,0,0,0,0,0,0,0,0
"C11orf1",1,0,0,0,0,0,0,0,0,0
"CRYAB",23,36,33,7,22,36,57,36,16,41
"HSPB2-C11orf52",0,0,0,0,0,0,0,0,0,0
"DIXDC1",3,1,9,3,5,7,9,6,3,6
"DLAT",4,1,2,0,1,0,5,4,0,2
"PIH1D2",1,0,0,0,0,0,0,0,0,0
"NKAPD1",0,0,2,1,1,1,2,1,4,3
"TIMM8B",8,2,4,1,2,2,5,5,3,5
"AP002884.3",0,0,0,0,1,0,2,1,1,0
"IL18",2,1,1,0,1,1,2,0,3,4
"AP002884.2",0,0,0,0,0,0,0,0,0,0
"BCO2",2,0,1,0,2,1,0,3,3,5
"PTS",5,4,2,3,3,1,4,4,2,4
"PLET1",2,0,1,1,0,0,0,1,1,3
"AP002884.1",0,1,1,0,1,1,0,0,0,1
"AP003063.1",0,0,2,0,0,0,1,0,0,0
"AP003063.2",0,0,0,0,0,0,0,0,0,0
"AP003100.1",0,0,0,0,0,0,0,0,0,0
"AP000802.1",0,0,0,0,0,0,0,0,0,0
"NCAM1",22,17,21,23,31,10,36,10,8,26
"NCAM1-AS1",0,0,0,0,0,0,0,0,0,0
"AP000880.1",0,0,0,0,1,0,0,0,0,0
"TTC12",0,0,2,2,1,0,2,0,1,2
"ANKK1",0,0,0,0,0,0,0,0,0,0
"AP002840.1",0,0,0,0,0,0,0,0,0,0
"DRD2",0,0,0,0,0,0,1,0,0,0
"TMPRSS5",0,1,2,2,0,1,6,1,0,0
"ZW10",0,1,4,1,3,0,2,2,0,1
"USP28",1,3,6,0,2,3,1,1,1,1
"AP003170.3",0,1,0,0,0,0,0,0,0,0
"HTR3B",0,0,0,0,0,0,0,0,0,0
"HTR3A",0,0,0,0,0,0,0,0,0,0
"ZBTB16",16,25,22,11,44,12,51,10,25,71
"AP002518.2",0,0,0,0,1,0,4,0,0,1
"NNMT",0,0,1,1,0,3,3,3,1,3
"AP002518.1",0,0,0,0,0,0,0,0,0,0
"C11orf71",1,1,0,0,0,0,0,0,1,1
"AP002373.1",0,0,1,0,0,0,0,0,0,0
"REXO2",1,3,2,1,1,2,15,0,2,7
"NXPE1",0,0,0,0,0,0,0,0,0,0
"NXPE2",0,0,0,0,0,0,0,0,0,0
"CADM1",7,6,14,22,31,5,24,9,13,37
"AP000462.3",0,0,0,0,0,0,0,0,0,0
"AP000462.1",2,0,1,1,2,2,6,0,1,5
"AP003174.1",0,0,0,0,0,0,0,1,0,0
"AP002991.1",0,1,0,0,0,0,0,0,0,0
"LINC00900",0,0,0,0,0,0,0,0,0,0
"AP000797.3",0,0,0,0,0,0,0,0,0,0
"LINC02151",0,0,0,0,0,0,0,0,0,0
"AP000770.1",0,0,0,0,0,0,0,0,0,1
"BUD13",0,1,1,0,0,0,1,0,1,0
"AP006216.1",0,0,0,0,0,0,0,0,0,0
"ZPR1",2,0,0,0,2,0,3,2,1,1
"APOA1",2,0,0,0,0,0,1,0,0,0
"APOA1-AS",1,3,2,1,1,0,0,0,0,0
"SIK3",70,61,49,43,79,64,83,74,70,95
"AP000936.1",0,0,0,0,0,0,0,0,0,0
"PAFAH1B2",2,5,8,4,8,1,17,2,6,4
"SIDT2",0,2,3,1,4,4,1,3,0,4
"TAGLN",16,1,5,1,17,84,22,20,3,39
"PCSK7",9,4,10,2,3,4,7,7,2,12
"RNF214",3,1,5,0,4,0,4,3,1,3
"BACE1",7,6,4,0,3,1,4,1,0,6
"BACE1-AS",0,0,0,0,0,0,1,0,0,1
"CEP164",4,0,0,2,5,1,5,0,0,2
"AP000892.1",1,0,2,1,5,0,0,1,0,3
"DSCAML1",8,7,13,4,4,1,7,3,1,9
"FXYD2",0,0,0,0,0,0,0,1,0,0
"FXYD6-FXYD2",0,0,0,0,0,0,0,0,0,0
"AP000757.1",1,0,0,0,0,0,0,0,0,0
"FXYD6",0,0,0,0,0,0,0,0,0,0
"TMPRSS13",0,0,0,0,0,0,0,0,0,0
"IL10RA",0,0,0,1,0,0,0,1,0,1
"SMIM35",1,0,1,0,0,0,0,0,0,3
"TMPRSS4",0,0,0,0,0,0,0,0,0,0
"SCN4B",0,0,0,0,0,0,0,0,0,0
"SCN2B",1,0,0,1,1,0,0,1,0,1
"JAML",2,0,0,0,0,0,0,0,0,1
"MPZL3",0,0,0,0,0,1,0,2,0,0
"MPZL2",1,3,4,0,2,0,11,4,0,0
"CD3E",0,0,0,0,0,0,0,0,0,0
"CD3D",0,0,0,0,0,0,0,0,0,0
"CD3G",0,0,0,0,0,0,0,0,0,0
"UBE4A",7,3,2,7,9,4,14,5,3,7
"AP001267.1",0,0,0,0,0,0,1,0,0,0
"ATP5MG",16,5,5,11,9,12,22,13,15,8
"AP001267.2",0,0,0,1,0,0,0,0,1,1
"KMT2A",15,4,10,8,14,7,12,6,5,17
"AP001267.3",0,0,4,2,2,0,3,0,0,1
"TTC36",0,0,0,0,0,0,0,0,0,0
"TMEM25",2,0,2,0,3,0,4,2,0,0
"IFT46",0,1,0,0,1,1,0,2,2,1
"ARCN1",2,0,0,2,1,5,5,1,4,1
"PHLDB1",3,9,9,9,5,5,14,4,3,13
"TREH",0,0,0,0,0,0,0,0,0,0
"AP002954.1",0,4,3,5,1,3,5,5,4,2
"DDX6",2,6,8,3,5,4,14,7,6,11
"AP004609.3",1,1,1,0,1,0,1,0,2,1
"CXCR5",0,0,0,0,0,0,0,0,0,0
"BCL9L",0,0,0,0,0,3,1,2,1,0
"UPK2",0,0,0,0,0,0,0,0,0,1
"FOXR1",0,0,0,0,0,0,0,0,0,0
"AP003392.4",0,1,0,0,0,0,0,0,0,0
"CCDC84",3,2,5,2,5,1,6,4,3,3
"AP003392.1",0,0,0,0,0,0,0,0,0,0
"RPS25",9,5,5,5,10,8,16,19,15,10
"TRAPPC4",1,1,3,0,1,1,5,3,2,5
"SLC37A4",0,0,0,1,1,0,1,1,0,0
"AP003392.3",0,0,0,0,0,0,0,0,0,0
"HYOU1",0,2,1,0,0,1,0,2,2,2
"AP003392.5",0,0,0,0,0,0,0,0,0,0
"AP003392.6",1,0,0,0,1,0,1,0,0,0
"VPS11",2,0,0,0,0,3,0,0,1,0
"HMBS",0,2,0,0,0,0,0,0,0,4
"H2AFX",3,0,0,1,3,0,5,0,1,3
"DPAGT1",1,1,1,0,3,0,2,0,0,1
"C2CD2L",2,0,0,1,0,0,1,0,0,1
"HINFP",1,0,1,0,0,0,3,2,1,1
"ABCG4",0,0,0,0,0,0,0,0,0,0
"NLRX1",0,1,1,0,1,0,1,1,1,2
"PDZD3",0,0,0,0,0,0,0,0,1,0
"CCDC153",0,0,0,0,0,0,0,0,1,0
"CBL",3,4,4,2,8,8,11,5,3,10
"MCAM",6,3,1,3,6,10,13,7,2,10
"RNF26",0,1,1,0,2,0,1,2,0,2
"C1QTNF5",0,0,0,0,0,0,0,0,0,0
"USP2",0,0,1,0,1,0,0,0,1,3
"AP003396.3",0,0,0,0,0,0,0,0,0,0
"USP2-AS1",1,1,0,0,0,0,0,0,0,0
"THY1",11,1,2,5,5,0,4,2,0,0
"AP003393.1",0,0,0,0,0,0,0,0,0,0
"NECTIN1",2,0,1,1,4,0,3,3,0,1
"AP003390.2",0,0,0,0,0,0,0,0,0,0
"AP003390.1",0,0,0,0,0,0,0,0,0,0
"AP001360.1",0,0,0,0,0,0,0,0,0,0
"TRIM29",1,0,0,0,0,0,0,1,0,0
"AP000679.1",0,0,0,0,0,0,0,0,0,0
"OAF",6,1,9,0,5,5,6,5,8,3
"POU2F3",0,0,0,0,1,0,3,0,0,0
"AP001150.1",0,0,0,0,0,0,0,0,0,0
"TMEM136",2,1,1,0,1,3,2,4,0,0
"ARHGEF12",13,11,13,3,22,12,41,26,11,34
"GRIK4",3,1,0,0,0,0,4,1,0,5
"AP004147.1",1,0,0,1,1,0,0,0,0,0
"TBCEL",0,0,0,0,0,0,0,0,0,0
"AP000646.1",0,0,0,0,0,0,0,0,0,0
"TECTA",0,0,0,1,0,0,0,0,0,0
"SC5D",0,2,3,1,0,0,3,0,1,6
"AP000977.1",0,0,0,0,0,0,0,0,0,0
"SORL1",4,1,6,5,4,2,4,0,1,9
"BLID",0,0,0,0,0,0,0,0,0,0
"AP000755.1",0,0,0,0,0,0,0,0,0,0
"AP000755.2",0,0,0,0,0,0,0,1,0,1
"UBASH3B",1,0,1,1,2,5,1,3,0,4
"CRTAM",0,0,0,0,0,0,0,0,0,0
"JHY",1,0,0,0,0,0,0,1,1,5
"BSX",0,0,0,0,0,0,0,0,0,0
"HSPA8",5,1,8,4,8,13,8,1,11,7
"CLMP",4,4,8,0,4,0,0,1,10,15
"AP001970.1",0,0,0,0,0,0,0,0,0,0
"GRAMD1B",0,2,3,1,2,2,1,1,1,4
"SCN3B",5,3,3,0,2,0,1,1,0,0
"ZNF202",0,1,0,0,1,0,0,0,0,0
"OR8D4",0,0,0,0,0,0,0,0,0,0
"VWA5A",0,0,0,0,2,1,0,1,0,0
"OR8A1",0,0,0,0,0,0,0,0,0,0
"PANX3",0,0,0,0,0,0,0,0,0,0
"TBRG1",14,2,8,6,11,11,21,15,4,17
"SIAE",0,1,0,0,0,0,2,1,0,0
"SPA17",0,0,0,0,1,0,1,0,0,0
"NRGN",16,6,7,16,11,1,9,6,1,4
"AP000866.5",0,0,0,0,0,0,0,0,0,0
"VSIG2",0,0,1,1,1,0,0,0,0,3
"ESAM",4,11,12,4,11,7,32,17,4,2
"AP000866.2",0,0,0,0,0,0,1,0,0,0
"MSANTD2",2,0,2,2,5,3,5,6,3,2
"AP000866.1",0,0,0,0,0,0,1,1,1,0
"ROBO3",0,1,1,0,2,1,5,4,2,4
"AP003501.1",0,0,0,0,0,0,0,0,0,0
"ROBO4",0,7,0,4,2,0,8,3,5,5
"HEPACAM",3,2,3,2,1,0,5,2,2,10
"HEPN1",3,5,7,0,9,2,5,3,1,12
"CCDC15",0,0,0,0,0,0,1,0,0,0
"SLC37A2",0,0,0,0,0,0,0,0,0,0
"TMEM218",1,0,0,0,0,1,1,2,0,1
"AP001007.2",0,0,0,0,0,1,0,0,0,0
"PKNOX2-AS1",0,0,0,0,0,0,0,0,0,0
"PKNOX2",10,3,6,2,11,3,1,2,6,6
"AP001007.1",0,0,0,0,0,0,0,0,0,1
"FEZ1",7,7,7,5,7,6,10,2,4,12
"EI24",1,6,4,1,6,4,8,1,4,3
"STT3A-AS1",1,0,0,0,1,0,1,1,0,1
"STT3A",0,0,3,6,3,1,4,2,2,1
"CHEK1",0,0,0,0,0,0,0,0,0,0
"ACRV1",0,0,0,0,0,0,0,0,0,0
"PATE2",0,0,0,0,0,0,0,0,0,0
"AP000842.3",0,0,0,0,0,0,0,0,0,0
"HYLS1",1,1,1,2,2,1,3,0,0,0
"PUS3",0,1,0,0,0,0,0,0,0,1
"AP000842.2",0,0,0,0,0,0,0,0,0,0
"DDX25",2,0,1,1,1,0,1,0,0,1
"AP000842.1",0,0,0,0,0,0,0,0,0,0
"VSIG10L2",0,0,0,0,0,0,0,0,0,0
"CDON",0,0,1,2,3,0,0,1,0,20
"AP001893.3",0,0,0,0,0,0,0,0,0,0
"RPUSD4",0,1,0,0,1,0,0,2,2,1
"FAM118B",1,1,0,0,3,1,3,4,3,4
"SRPRA",1,1,1,0,0,0,3,5,4,2
"FOXRED1",1,2,2,0,0,1,4,0,1,2
"TIRAP",2,0,0,0,0,1,1,0,0,0
"AP001318.2",0,0,0,0,1,0,0,0,0,0
"DCPS",1,0,2,0,2,0,2,0,2,0
"GSEC",0,0,0,0,0,1,0,0,0,1
"ST3GAL4",2,1,3,3,3,3,0,1,2,5
"KIRREL3",11,8,11,21,14,2,11,3,3,11
"KIRREL3-AS1",0,0,0,0,0,0,0,0,0,0
"AP001783.1",0,2,0,0,1,0,0,0,0,1
"AP002833.2",0,0,0,0,0,0,0,0,0,0
"AP001993.1",0,0,0,0,0,0,0,0,0,0
"AP003121.1",0,1,0,0,0,0,0,0,0,0
"AP003481.1",0,0,0,1,0,0,0,0,0,0
"LINC02098",0,0,0,0,0,0,0,0,0,0
"ETS1",4,10,7,9,16,4,16,7,5,9
"FLI1",21,18,26,11,48,10,48,28,7,9
"SENCR",0,0,1,0,0,1,0,3,1,0
"KCNJ1",0,0,0,0,0,0,1,0,0,0
"KCNJ5",0,0,0,0,0,0,0,0,0,0
"C11orf45",0,0,0,0,0,0,0,0,0,0
"TP53AIP1",0,0,0,0,0,0,0,0,0,0
"ARHGAP32",6,3,7,7,16,7,7,15,11,9
"BARX2",0,0,0,0,0,0,0,0,0,0
"TMEM45B",0,0,1,0,3,0,2,0,0,0
"NFRKB",2,1,1,1,2,0,0,0,1,0
"PRDM10",0,1,0,1,4,0,3,0,1,2
"LINC00167",0,0,0,0,0,0,0,0,0,0
"APLP2",8,6,9,0,12,11,16,9,10,9
"ST14",0,0,0,0,1,0,0,0,0,0
"ZBTB44",0,4,6,8,7,3,17,9,8,8
"AP002986.1",1,0,1,0,0,0,0,0,0,0
"ADAMTS8",3,1,4,0,1,0,1,0,0,3
"ADAMTS15",2,0,1,0,0,0,0,0,0,1
"C11orf44",1,0,0,0,0,0,0,0,0,0
"LINC02551",0,0,0,0,0,0,0,0,0,0
"AP003486.1",0,0,0,1,0,2,0,1,0,0
"SNX19",1,1,7,4,6,3,9,4,6,7
"AP002856.4",0,0,0,0,0,0,0,0,0,0
"AP002856.2",0,0,0,0,0,0,0,0,0,0
"NTM",34,33,31,29,33,3,27,28,11,33
"AP003025.2",0,0,1,0,0,0,0,0,0,3
"AP003025.1",0,0,0,0,1,0,0,0,0,0
"NTM-AS1",0,0,0,0,0,0,1,0,0,1
"AP000844.2",0,0,0,0,0,0,0,0,0,0
"AP000844.1",0,0,0,0,0,0,0,0,0,0
"OPCML",14,12,24,16,31,5,15,12,7,18
"AP001979.2",0,0,0,0,0,0,0,0,0,0
"IGSF9B",0,0,0,0,0,0,1,0,0,0
"AP000911.1",0,0,0,1,0,0,0,0,0,0
"JAM3",8,3,4,5,7,8,8,3,5,19
"NCAPD3",1,1,1,1,2,1,3,1,1,2
"AP001775.2",0,0,0,0,0,0,0,0,0,0
"VPS26B",0,1,3,0,3,2,4,3,0,3
"THYN1",3,0,3,1,2,2,3,2,1,1
"ACAD8",3,0,1,1,1,0,2,2,0,0
"GLB1L3",0,0,0,0,0,0,0,0,0,0
"GLB1L2",0,0,0,0,0,0,0,0,0,0
"B3GAT1",1,2,3,3,1,2,1,1,1,2
"AP004550.1",0,0,0,0,0,0,0,0,0,0
"AP001999.1",0,0,0,0,0,0,0,0,0,0
"AP005135.1",0,0,0,0,0,0,0,0,0,0
"AC215217.1",0,0,0,0,0,0,0,0,0,0
"TUBB8",0,0,0,0,0,0,0,0,0,0
"ZMYND11",4,2,9,11,13,5,15,13,13,15
"DIP2C",8,9,11,10,23,5,18,5,7,26
"AL669841.1",0,0,0,0,0,0,0,0,0,0
"AL358216.1",2,1,0,0,0,0,2,0,0,1
"PRR26",0,0,0,0,0,0,1,1,0,0
"LARP4B",4,3,4,9,9,7,8,7,5,18
"AL359878.2",0,0,0,0,0,0,0,0,0,0
"GTPBP4",2,1,2,1,0,0,2,4,1,3
"IDI2",0,1,0,0,0,0,0,0,0,0
"IDI2-AS1",1,0,2,2,0,0,2,0,0,6
"IDI1",5,4,2,2,4,1,3,3,0,7
"WDR37",5,2,1,2,10,1,5,2,3,12
"LINC00200",0,0,0,0,0,0,0,0,0,0
"ADARB2",6,5,8,5,31,5,11,10,7,19
"ADARB2-AS1",0,0,0,1,4,0,2,0,0,0
"LINC00701",0,0,0,0,0,0,0,0,0,0
"AC024908.1",0,0,0,0,1,0,0,0,0,0
"AL713851.1",0,0,0,0,0,0,0,0,0,0
"AL731533.2",0,0,0,0,0,0,0,0,0,0
"PFKP",0,1,1,0,0,0,0,1,1,1
"AL451164.3",0,0,0,0,0,0,0,0,0,0
"PITRM1",2,1,0,1,1,0,3,0,1,0
"PITRM1-AS1",0,1,1,0,0,0,0,1,0,0
"AL451164.2",0,0,0,0,0,0,0,0,0,0
"AL451164.1",0,0,0,0,0,0,0,0,0,0
"AL357833.1",0,0,0,0,0,0,0,0,0,0
"AL357833.2",0,0,0,0,0,0,0,0,0,0
"AL450322.2",0,0,1,0,0,0,0,0,0,0
"AL450322.1",0,0,0,0,0,0,0,0,0,0
"KLF6",14,9,8,4,17,10,32,18,6,30
"AC025822.1",0,0,0,0,0,0,0,0,0,0
"AC025822.2",0,0,0,0,0,0,0,1,0,0
"LINC00702",0,0,0,0,2,0,1,0,1,2
"AC022535.1",0,0,0,0,0,0,0,0,0,0
"MANCR",0,0,0,0,0,0,0,0,0,0
"AKR1E2",0,0,0,1,0,0,1,0,1,0
"AKR1C1",2,4,3,3,2,2,8,9,21,4
"AKR1C2",8,0,6,0,3,4,4,10,36,10
"AL391427.1",0,0,0,0,0,0,0,0,0,0
"AKR1C3",1,1,1,0,2,2,7,5,6,2
"AL355303.1",1,0,0,0,1,2,0,0,2,0
"NET1",6,3,0,1,6,0,12,3,7,7
"CALML3-AS1",0,0,0,0,0,0,0,0,0,0
"CALML3",0,0,0,0,0,0,0,0,0,0
"ASB13",1,1,1,0,1,1,1,3,0,1
"FAM208B",15,6,10,7,14,6,13,8,2,14
"AL365356.1",3,1,6,0,4,3,2,4,0,8
"GDI2",6,9,5,5,3,8,5,7,5,7
"AL596094.1",0,0,0,0,0,0,0,0,0,0
"ANKRD16",1,3,2,0,3,0,1,0,1,0
"FBH1",2,1,4,2,1,2,3,2,5,5
"AL137186.2",0,0,0,0,0,1,2,0,0,1
"IL15RA",1,3,2,0,3,0,6,2,3,1
"IL2RA",0,0,0,1,1,0,0,1,1,0
"AL137186.1",0,0,0,0,0,0,0,0,0,0
"RBM17",2,5,5,13,6,10,26,13,9,8
"PFKFB3",3,3,2,1,6,0,5,2,4,8
"AL157395.1",2,0,0,0,1,0,1,1,1,1
"AL137145.2",0,1,0,0,0,0,0,0,0,1
"AL137145.1",0,0,0,0,0,0,0,0,0,0
"PRKCQ",2,0,0,1,0,1,1,0,0,3
"AL158210.1",0,0,0,0,0,1,0,0,0,0
"AL590637.1",0,1,0,0,0,0,3,0,0,2
"LINC00707",0,0,0,0,0,0,0,0,0,1
"AL392086.1",0,0,0,0,0,0,1,0,0,0
"SFMBT2",11,6,12,2,13,5,15,10,6,16
"AL139125.1",0,0,0,0,0,0,0,0,0,1
"ITIH5",51,14,32,8,67,14,33,19,25,25
"ITIH2",3,0,5,0,1,0,1,0,2,0
"KIN",2,0,1,0,2,0,2,3,4,1
"ATP5F1C",1,1,2,2,6,4,9,3,7,3
"TAF3",4,6,4,5,10,8,15,8,9,9
"GATA3",0,0,0,0,0,0,0,0,0,0
"AC025946.1",0,0,0,0,0,0,0,0,0,0
"LINC00709",0,0,0,0,0,0,0,0,0,0
"AL138775.1",0,0,0,0,0,0,0,0,0,0
"AL583859.1",0,0,0,0,0,0,0,0,0,0
"AL583859.2",0,0,0,0,0,0,0,0,0,0
"SFTA1P",2,1,0,0,2,1,1,3,1,0
"CELF2",28,9,88,9,61,6,29,33,29,28
"AL136369.1",0,0,0,0,0,0,0,0,0,0
"CELF2-AS2",0,1,4,0,0,0,0,0,0,4
"CELF2-AS1",0,0,0,0,0,0,0,0,0,0
"USP6NL",7,3,1,2,9,6,24,5,9,17
"ECHDC3",0,0,1,0,1,0,1,0,0,0
"PROSER2",0,4,0,2,1,0,0,1,1,6
"PROSER2-AS1",0,1,0,0,0,1,2,0,0,0
"UPF2",4,4,9,9,27,8,15,12,2,11
"DHTKD1",0,1,3,0,5,1,2,0,0,7
"SEC61A2",0,2,1,1,3,0,2,1,1,1
"NUDT5",2,2,2,1,6,3,9,7,4,3
"CDC123",5,0,3,1,4,3,8,1,3,2
"AL512770.1",0,0,0,0,1,0,0,0,0,0
"CAMK1D",9,6,20,8,24,7,24,8,6,33
"CCDC3",9,4,10,3,14,4,12,8,2,6
"OPTN",4,0,6,4,7,8,7,4,6,5
"MCM10",0,0,0,0,0,0,1,0,0,0
"UCMA",0,0,0,0,0,0,0,0,0,0
"PHYH",1,0,1,0,0,1,2,0,0,1
"SEPHS1",0,2,0,1,1,0,1,1,0,0
"BEND7",4,1,0,1,5,4,5,0,4,4
"PRPF18",2,1,2,0,2,2,2,2,1,2
"AL157392.5",1,1,0,0,0,0,3,1,1,1
"FRMD4A",34,10,35,19,33,17,23,8,12,44
"AL157392.4",0,0,0,0,0,0,0,0,1,1
"AL157392.1",0,0,0,0,0,0,0,0,0,0
"AL157392.2",0,0,1,0,0,1,1,0,0,3
"AC044781.1",1,1,1,0,1,1,2,1,0,2
"AL157896.1",0,0,1,0,0,0,0,0,0,0
"FAM107B",7,6,9,9,9,7,12,3,3,10
"CDNF",0,0,0,0,0,0,0,1,0,0
"HSPA14-1",2,0,0,0,1,0,3,3,0,1
"AC069544.1",0,0,0,0,0,0,0,1,0,1
"SUV39H2",0,0,0,0,0,0,0,0,0,1
"DCLRE1C",2,0,4,0,5,1,5,3,2,4
"MEIG1",0,0,0,0,0,0,0,0,0,0
"OLAH",1,0,0,0,1,1,2,1,0,0
"ACBD7",0,0,1,0,0,0,0,0,1,0
"RPP38",2,3,5,3,11,1,1,5,0,12
"NMT2",6,0,9,4,13,2,8,1,2,12
"FAM171A1",5,11,6,3,9,6,12,6,4,17
"AL607028.1",0,0,0,0,0,0,0,0,0,0
"ITGA8",7,0,3,1,3,0,3,4,1,5
"MINDY3",3,0,1,1,8,5,6,7,1,5
"AL355339.1",0,0,0,0,0,0,0,0,0,0
"PTER",0,0,0,1,1,0,1,1,1,2
"C1QL3",0,0,0,0,2,0,0,0,0,0
"RSU1",11,3,8,5,20,7,11,12,3,18
"CUBN",0,1,0,2,1,3,0,1,2,3
"AC067747.1",0,0,0,0,0,0,0,0,0,0
"TRDMT1",0,0,0,0,3,0,0,0,1,2
"VIM-AS1",0,0,1,0,0,1,0,0,1,0
"VIM",12,8,8,6,16,29,40,33,34,24
"AL133415.1",1,0,0,0,0,0,0,1,0,0
"ST8SIA6",8,5,15,6,22,6,41,11,2,13
"ST8SIA6-AS1",3,0,5,1,4,0,0,1,0,3
"HACD1",2,1,3,1,1,0,3,5,0,3
"STAM-AS1",0,0,2,0,0,0,0,1,0,0
"STAM",0,1,3,2,2,1,2,2,1,2
"AC069542.1",0,0,0,0,0,0,0,0,0,0
"TMEM236",0,0,0,0,0,0,0,0,0,0
"MRC1",0,0,0,0,0,0,0,2,0,0
"AC069023.1",0,0,0,0,0,0,0,0,0,0
"SLC39A12",0,0,2,0,0,0,1,1,0,0
"SLC39A12-AS1",0,0,0,0,0,0,0,0,0,0
"CACNB2",8,3,8,11,20,12,11,14,10,84
"AL450384.2",4,0,6,1,5,1,3,1,2,14
"NSUN6",5,2,8,2,11,12,9,6,6,14
"ARL5B",1,1,1,1,1,1,5,0,2,1
"MALRD1",0,1,0,0,1,2,3,2,0,4
"AL157895.1",0,0,0,0,0,0,0,0,0,0
"PLXDC2",37,14,30,20,47,14,33,42,32,52
"AC069549.1",0,0,0,0,0,0,0,0,0,0
"NEBL",12,33,20,29,51,23,60,27,20,64
"NEBL-AS1",0,0,0,0,0,0,0,0,0,0
"AL158209.1",0,0,0,0,0,0,0,0,0,0
"CASC10",0,0,0,1,0,0,0,0,0,1
"SKIDA1",0,0,0,0,0,0,0,0,1,0
"MLLT10",17,5,17,6,12,5,20,11,9,31
"DNAJC1",12,13,22,19,26,13,37,24,11,26
"AL158211.1",0,1,0,0,0,0,0,0,0,0
"COMMD3-BMI1",0,0,0,0,0,0,0,0,0,0
"BMI1",1,0,1,3,2,0,3,2,0,0
"AL158211.4",0,0,0,0,0,0,0,0,0,0
"AL158211.2",0,0,0,0,0,0,0,0,0,0
"SPAG6",1,3,1,0,1,0,0,0,0,0
"AL513128.2",0,0,0,0,0,0,0,0,0,0
"PIP4K2A",25,35,25,31,41,8,88,15,8,56
"ARMC3",1,0,0,0,1,0,1,1,0,1
"MSRB2",1,3,0,1,3,7,3,4,5,0
"PTF1A",0,0,0,0,0,0,0,0,0,0
"C10orf67",0,0,0,0,0,0,0,0,0,0
"AL606469.1",0,0,0,0,0,0,0,0,0,0
"OTUD1",0,0,2,0,1,2,1,2,1,1
"KIAA1217",10,3,11,1,11,3,16,5,5,11
"ARHGAP21",25,11,18,12,25,11,34,10,7,57
"PRTFDC1",1,0,4,1,2,0,1,3,1,2
"AL512598.1",0,0,0,0,0,0,0,0,0,0
"ENKUR",0,1,0,0,1,0,0,2,0,3
"THNSL1",0,0,1,0,1,0,0,0,0,3
"LINC01516",0,0,0,0,0,0,0,0,0,0
"GPR158-AS1",0,0,0,0,0,0,0,0,0,0
"GPR158",2,0,1,1,1,0,1,1,1,3
"LINC00836",0,1,0,0,0,0,1,0,3,0
"AL358612.1",0,0,0,0,0,0,0,0,0,0
"MYO3A",0,0,0,0,1,0,0,0,0,2
"GAD2",2,0,1,2,1,1,0,1,0,0
"APBB1IP",0,0,1,1,3,0,2,0,1,4
"PDSS1",0,1,2,0,1,0,1,2,1,2
"ABI1",1,7,4,3,5,3,10,11,6,7
"ANKRD26",9,4,6,4,6,3,12,11,9,13
"YME1L1",2,2,10,6,8,6,11,5,5,5
"MASTL",0,1,0,0,0,0,0,0,2,1
"ACBD5",0,0,4,3,3,1,1,2,0,6
"AL160291.1",0,0,0,0,0,0,0,0,0,0
"RAB18",2,2,6,1,8,6,9,3,8,7
"MKX",0,0,1,0,0,0,0,1,0,1
"MKX-AS1",0,0,0,0,0,0,0,0,0,0
"ARMC4",0,0,0,0,2,0,0,1,0,0
"AL390866.1",0,0,0,0,0,0,0,0,0,0
"MPP7",3,0,1,0,2,0,1,1,0,0
"AC022021.1",0,0,0,0,0,0,0,0,0,0
"AL358234.1",0,0,0,1,0,0,0,0,0,0
"WAC-AS1",2,1,1,0,2,0,1,1,3,2
"WAC",14,11,18,14,20,13,34,10,11,32
"BAMBI",0,0,1,0,1,0,0,1,0,9
"LYZL1",0,0,0,0,0,0,0,0,0,0
"SVIL",42,19,36,8,24,10,20,17,14,34
"JCAD",7,3,4,3,7,0,15,3,2,5
"MTPAP",2,1,0,3,2,0,6,1,2,0
"MAP3K8",4,6,8,2,8,4,7,5,5,8
"ZNF438",7,1,7,3,12,3,5,8,3,10
"AL356258.1",1,0,2,1,9,0,2,6,0,2
"ZEB1-AS1",4,0,3,3,4,5,3,12,3,2
"ZEB1",91,24,48,39,61,35,62,56,40,66
"AL161935.1",0,0,0,0,0,0,0,0,0,0
"AL161935.3",0,0,0,0,0,0,0,0,0,0
"ARHGAP12",9,3,5,4,15,1,4,8,10,5
"KIF5B",7,7,4,7,19,8,12,11,10,11
"EPC1",10,10,14,12,21,15,37,14,13,27
"AL158834.1",0,0,0,0,0,0,0,0,0,1
"AL391839.1",0,0,1,0,3,1,6,0,0,1
"CCDC7",12,1,3,0,11,1,2,3,2,17
"AL365203.2",0,0,0,0,0,0,0,0,0,1
"ITGB1",10,7,10,12,14,21,38,16,10,17
"ITGB1-DT",0,0,0,0,2,0,0,2,1,1
"AL121748.1",0,0,0,0,0,0,0,0,0,0
"NRP1",7,4,2,1,7,2,7,11,6,10
"AL121748.2",0,0,0,0,0,0,0,0,0,0
"AC018980.1",0,0,0,0,0,0,0,0,0,0
"PARD3",43,15,34,30,80,38,40,58,55,73
"PARD3-AS1",0,0,0,0,0,0,0,0,0,0
"CUL2",0,3,5,1,1,0,3,2,1,3
"AL392046.1",0,0,0,0,0,0,1,0,0,0
"CREM",5,7,9,5,14,6,18,20,14,38
"AL117336.1",0,0,0,0,0,0,0,0,0,0
"CCNY",17,14,28,16,40,15,105,23,9,31
"AL117336.3",4,0,1,2,1,1,1,1,0,1
"AL121749.1",0,0,0,0,0,0,0,0,0,0
"GJD4",0,0,0,0,0,0,0,0,0,0
"FZD8",0,0,0,1,0,0,1,1,1,0
"PCAT5",0,0,0,0,0,0,0,0,0,0
"AL365500.1",0,0,0,0,0,0,0,0,0,0
"AL390061.1",0,0,0,0,0,0,0,0,0,0
"ANKRD30A",0,0,0,0,0,0,0,0,0,0
"AL132657.1",0,0,0,0,0,0,0,0,0,0
"ZNF248",3,4,2,2,12,6,8,4,5,11
"AL135791.1",0,0,0,0,0,0,0,0,0,0
"ZNF25",0,3,1,1,0,0,2,1,0,3
"AL117337.1",0,0,0,0,0,0,0,0,0,0
"ZNF33A",4,5,2,5,11,3,13,6,5,9
"AL117339.5",2,3,0,3,4,1,2,3,1,4
"AL133216.1",0,0,0,0,0,0,0,0,0,0
"LINC00839",0,0,0,0,1,1,1,0,0,0
"ZNF33B",2,3,5,2,3,0,2,2,2,5
"AL022344.1",0,0,0,0,0,0,0,0,0,0
"BMS1",3,2,1,2,4,2,3,3,0,4
"RET",0,0,0,0,0,1,0,0,0,0
"AC010864.1",0,0,0,0,0,0,0,0,0,0
"CSGALNACT2",5,1,1,2,2,2,2,3,2,4
"RASGEF1A",1,0,0,0,0,0,0,1,1,0
"AC068707.1",0,0,0,0,0,0,0,0,0,0
"FXYD4",1,0,1,0,0,0,0,0,0,1
"HNRNPF",2,3,2,2,4,6,17,7,3,4
"AL450326.1",0,0,0,0,0,0,0,0,0,0
"ZNF487",2,0,1,0,3,0,0,0,0,0
"ZNF239",0,0,0,0,0,0,1,1,0,0
"ZNF485",0,1,0,0,1,0,1,0,1,0
"ZNF32-AS3",0,0,1,0,0,0,0,0,0,0
"AL645634.2",0,0,0,0,0,0,0,0,0,0
"ZNF32",0,2,4,0,4,0,6,1,1,2
"LINC00840",0,0,0,0,0,0,0,0,0,0
"AL137026.1",0,0,0,0,0,0,0,0,0,0
"C10orf142",0,0,0,0,0,0,0,0,0,0
"CXCL12",8,2,6,0,1,3,4,0,10,3
"AL356157.1",0,0,0,0,0,0,0,0,0,0
"TMEM72-AS1",1,0,1,0,0,0,0,0,3,1
"TMEM72",0,0,0,0,0,0,0,0,0,0
"AL353801.1",0,0,0,0,0,0,0,0,0,0
"RASSF4",0,0,4,1,0,4,5,1,3,3
"DEPP1",11,10,11,10,5,17,56,53,3,4
"C10orf25",0,0,0,0,0,0,0,0,0,0
"ZNF22",3,1,3,0,2,0,3,5,1,2
"AL358394.1",0,0,0,0,0,0,0,0,0,0
"OR13A1",0,0,0,0,0,0,0,0,0,0
"ALOX5",0,0,0,0,2,0,1,3,0,0
"AL731567.1",0,0,0,0,0,0,0,1,0,0
"MARCH8",3,1,0,1,3,1,6,3,2,6
"ZFAND4",3,2,2,1,3,7,4,1,0,5
"WASHC2C",0,0,2,0,1,2,3,4,2,3
"AGAP4",0,1,2,0,3,1,4,2,2,3
"TIMM23",4,0,2,0,2,1,3,0,0,7
"NCOA4",2,2,7,0,3,1,5,3,3,1
"MSMB",0,0,0,0,0,0,0,0,0,0
"ANTXRL",0,0,0,0,0,0,0,0,0,0
"LINC00842",1,0,0,0,2,0,0,0,0,1
"GPRIN2",0,0,0,0,0,0,0,0,0,0
"SYT15",1,1,3,0,0,0,1,0,2,0
"AL356056.2",2,0,2,0,3,0,1,0,0,0
"AL356056.1",0,1,0,0,0,0,1,0,0,0
"AL356056.3",0,0,0,0,0,0,0,0,0,0
"PTPN20",0,0,0,0,2,0,0,1,0,0
"GDF10",0,0,0,0,0,0,0,0,0,0
"ZNF488",0,0,2,1,1,1,1,0,0,0
"ANXA8",0,0,0,0,0,0,0,0,1,0
"FAM25G",0,0,0,0,1,0,0,0,0,0
"AL591684.1",0,0,1,0,0,0,0,0,0,0
"AGAP9",1,0,3,0,2,0,0,0,0,4
"BX547991.1",0,0,0,0,0,0,0,0,0,0
"FO681492.1",0,0,0,0,0,0,0,0,0,0
"AC245041.2",0,0,0,0,0,0,0,0,0,0
"FAM25C",0,0,0,0,0,0,0,0,0,0
"FRMPD2",0,0,0,0,0,0,0,0,0,1
"MAPK8",6,6,13,6,18,11,19,6,14,21
"ARHGAP22",1,0,3,2,7,2,3,1,0,4
"AC068898.1",0,0,0,0,0,0,0,0,0,0
"WDFY4",0,0,0,0,2,0,0,4,0,0
"AC060234.1",0,0,0,0,0,0,0,1,0,0
"VSTM4",2,0,1,1,2,3,2,7,1,3
"TMEM273",0,0,0,1,1,0,1,1,0,2
"DRGX",0,0,0,0,0,0,0,0,0,0
"AL138760.1",0,0,1,0,0,0,1,0,0,0
"ERCC6",0,0,2,0,1,1,2,0,1,5
"CHAT",0,0,1,0,0,0,0,0,0,0
"C10orf53",0,0,0,0,0,0,0,0,0,0
"OGDHL",0,0,0,1,0,0,0,0,1,0
"PARG",8,6,4,2,10,1,6,2,4,6
"TIMM23B",7,6,2,5,7,3,8,4,5,12
"LINC00843",1,0,0,0,1,4,2,0,1,3
"AGAP6",4,1,0,1,2,1,5,2,2,7
"WASHC2A",1,0,3,0,2,1,3,1,4,4
"ASAH2",0,0,0,0,0,0,0,0,0,1
"SGMS1",14,14,15,5,21,10,40,21,17,30
"SGMS1-AS1",3,0,0,0,1,0,1,0,1,1
"ASAH2B",1,0,0,0,1,1,0,1,0,0
"A1CF",0,0,0,0,0,0,0,0,0,0
"PRKG1",51,24,38,47,108,76,73,115,52,89
"AL731537.1",0,0,0,0,0,0,0,0,0,0
"CSTF2T",1,1,0,0,0,1,4,2,0,1
"PRKG1-AS1",0,0,0,0,2,1,0,0,0,0
"DKK1",0,0,0,0,0,0,1,0,1,1
"LINC01468",0,0,0,0,0,0,0,0,0,0
"AC074327.1",0,0,2,2,0,0,0,0,0,2
"PCDH15",1,1,3,0,3,0,7,8,7,10
"AL353784.1",0,0,1,0,0,0,0,0,0,1
"ZWINT",0,0,0,0,0,0,0,0,0,0
"IPMK",2,1,3,2,4,1,4,2,1,4
"CISD1",4,2,2,1,6,6,4,6,6,5
"AC016396.1",0,0,0,0,0,0,0,0,0,0
"UBE2D1",2,0,1,1,3,2,3,7,1,5
"TFAM",3,1,0,0,0,0,5,3,1,1
"BICC1",16,9,28,9,35,9,18,24,22,31
"LINC00844",13,4,13,5,12,4,34,7,5,7
"PHYHIPL",4,5,7,3,2,1,19,5,1,10
"FAM13C",10,7,6,5,12,6,8,6,8,9
"AC025038.1",0,0,0,0,0,0,0,0,0,0
"AC026391.1",0,0,0,0,0,0,0,0,0,0
"SLC16A9",1,0,0,0,1,2,2,0,1,3
"MRLN",0,0,0,0,0,0,0,0,0,1
"CCDC6",1,0,6,0,6,5,6,3,2,3
"LINC01553",0,0,0,0,0,0,0,0,0,0
"ANK3",22,25,23,28,46,8,37,13,6,38
"AL592430.1",0,0,0,0,0,0,0,0,0,0
"CDK1",0,0,0,0,1,0,0,0,0,0
"RHOBTB1",6,6,8,6,9,2,21,8,5,11
"LINC00845",0,0,0,0,0,0,0,0,0,0
"TMEM26",0,0,0,1,0,0,0,0,0,0
"TMEM26-AS1",0,0,0,0,0,0,0,0,0,0
"CABCOCO1",0,0,1,2,1,0,0,0,0,1
"AC022398.1",0,0,0,0,0,0,0,0,0,0
"ARID5B",8,8,15,15,16,16,11,11,5,15
"RTKN2",0,0,0,1,0,0,1,0,0,0
"AC024597.1",0,0,0,0,0,0,0,0,1,0
"ZNF365",1,1,3,2,6,1,11,2,4,12
"AL133417.1",0,0,0,0,0,0,0,0,0,0
"ADO",0,2,2,2,2,3,0,1,0,3
"EGR2",0,0,0,0,0,0,0,0,0,0
"AL590502.1",0,0,0,0,0,0,0,0,0,0
"NRBF2",2,2,1,0,1,1,1,0,0,1
"JMJD1C",60,39,45,48,89,36,105,67,43,118
"JMJD1C-AS1",0,0,0,0,0,0,0,0,0,0
"REEP3",8,10,11,8,14,13,43,29,12,22
"AC022387.1",1,0,1,1,0,0,0,0,0,0
"AC024600.1",0,0,0,0,0,0,0,0,0,0
"LINC01515",3,1,4,0,4,0,4,9,5,9
"CTNNA3",58,32,38,38,55,26,102,31,30,110
"AC022017.1",1,0,0,0,0,0,0,0,0,0
"LRRTM3",13,11,15,10,12,7,19,11,2,19
"DNAJC12",2,0,2,0,3,0,0,1,2,0
"AL133551.1",0,0,0,0,0,0,0,0,0,0
"SIRT1",1,1,5,1,5,3,3,3,2,2
"HERC4",11,8,12,9,18,14,34,13,7,26
"MYPN",1,0,0,0,1,0,0,0,0,0
"ATOH7",0,0,0,0,0,0,0,0,0,0
"AC016395.1",0,0,0,0,0,0,0,0,0,0
"PBLD",0,0,1,0,0,0,0,0,0,0
"HNRNPH3",4,6,2,4,5,15,11,20,6,6
"RUFY2",5,8,2,4,9,6,15,5,3,7
"DNA2",0,0,1,0,0,1,0,1,0,5
"SLC25A16",2,2,0,2,3,2,5,1,3,6
"TET1",6,0,1,0,2,2,1,3,2,2
"CCAR1",2,8,9,5,9,2,6,7,3,8
"STOX1",0,0,1,0,0,0,0,2,0,0
"DDX50",2,5,7,0,6,0,2,2,1,4
"DDX21",6,1,3,2,3,1,10,7,1,11
"KIF1BP",0,0,2,1,6,3,7,2,2,3
"SRGN",16,19,16,14,14,33,109,37,18,24
"VPS26A",3,2,4,3,5,3,3,5,3,5
"SUPV3L1",0,0,1,1,0,0,1,0,0,2
"AL596223.1",0,0,0,0,0,0,0,0,0,0
"HKDC1",0,0,0,0,0,0,1,0,0,1
"HK1",4,3,6,3,8,3,15,2,0,9
"TACR2",0,0,0,0,0,0,0,0,0,0
"TSPAN15",1,3,3,2,3,1,1,2,1,3
"AL450311.2",0,0,0,0,0,0,0,0,0,0
"FAM241B",2,0,1,0,0,0,0,0,0,0
"AL450311.1",0,0,0,0,0,0,0,0,0,0
"COL13A1",2,1,3,0,2,0,1,2,0,0
"AC024601.1",0,0,0,0,0,0,0,0,0,0
"H2AFY2",0,0,0,0,0,1,1,1,0,6
"AIFM2",0,0,0,0,2,0,4,1,2,0
"TYSND1",0,0,0,1,1,0,1,0,0,0
"SAR1A",3,4,1,0,4,2,3,3,3,3
"PPA1",2,20,8,10,7,4,23,9,10,13
"NPFFR1",0,0,0,0,0,0,0,0,0,0
"LRRC20",1,3,0,0,0,0,2,0,0,0
"EIF4EBP2",1,1,6,3,2,2,9,10,3,6
"NODAL",0,0,0,0,0,0,0,0,0,0
"PALD1",19,5,2,9,8,2,7,7,2,6
"PRF1",0,0,0,0,0,0,0,0,0,0
"ADAMTS14",0,1,0,1,0,0,0,0,0,1
"SGPL1",8,3,4,5,5,13,6,8,10,13
"PCBD1",3,2,1,1,2,4,7,6,5,2
"AC073176.3",0,0,0,0,0,0,0,0,0,0
"UNC5B",3,0,6,3,9,1,3,1,1,4
"UNC5B-AS1",0,0,0,0,0,0,0,0,0,0
"SLC29A3",1,0,0,0,1,0,2,1,0,0
"CDH23",5,1,1,1,3,1,1,2,2,8
"C10orf105",0,0,0,0,0,0,0,0,0,0
"VSIR",2,3,8,2,6,3,19,4,9,4
"PSAP",30,16,25,13,33,16,49,16,18,18
"CHST3",0,0,3,3,2,3,4,2,2,4
"AC022392.1",0,0,0,0,0,0,0,0,0,0
"SPOCK2",11,10,9,6,21,7,45,12,8,7
"ASCC1",5,4,8,4,5,1,8,4,5,9
"ANAPC16",13,4,11,6,14,12,30,17,11,26
"DDIT4",10,3,15,12,6,24,32,25,11,12
"DDIT4-AS1",0,0,0,0,0,0,0,0,0,0
"DNAJB12",1,2,1,2,1,3,1,0,3,6
"MICU1",10,6,7,1,11,7,16,7,8,22
"AL513185.1",0,0,0,0,0,0,0,0,0,0
"MCU",6,2,6,4,8,4,5,7,3,16
"OIT3",0,0,0,0,1,0,0,0,0,0
"PLA2G12B",0,0,0,0,0,0,1,0,0,0
"P4HA1",11,1,17,5,12,7,34,25,9,20
"AL731563.2",0,0,0,0,0,0,0,0,0,0
"AL731563.3",0,0,0,0,0,0,0,0,0,0
"NUDT13",0,0,0,0,0,0,1,0,1,1
"AC016394.2",0,0,0,0,0,0,0,0,0,0
"ECD",0,3,0,0,4,3,3,3,3,1
"FAM149B1",3,2,2,1,4,1,5,6,1,5
"DNAJC9",6,2,4,1,4,2,6,5,6,4
"DNAJC9-AS1",1,0,0,0,0,2,0,1,0,0
"MRPS16",3,1,2,2,2,3,5,0,2,7
"CFAP70",1,0,1,0,5,0,2,0,1,0
"ANXA7",6,4,1,0,4,4,12,4,4,12
"AL512656.1",0,0,0,0,0,0,0,0,1,0
"MSS51",0,0,0,0,1,0,1,0,1,0
"PPP3CB",7,2,10,2,7,6,9,6,4,15
"USP54",14,14,15,8,22,11,27,9,7,54
"AC073389.1",0,0,0,0,1,0,0,0,1,1
"AC073389.3",0,0,0,0,0,0,0,0,0,0
"MYOZ1",0,0,0,0,0,0,0,0,0,0
"SYNPO2L",0,0,0,0,0,0,0,0,0,0
"AC073389.2",1,0,1,0,1,0,2,0,0,3
"AGAP5",0,0,0,1,0,0,0,1,2,1
"AC022400.6",0,1,1,0,0,0,0,0,0,0
"SEC24C",0,0,3,0,1,3,3,2,0,3
"FUT11",2,2,4,2,2,2,11,5,0,4
"CHCHD1",2,1,1,1,0,3,3,1,3,0
"ZSWIM8",1,3,4,7,9,4,6,2,5,3
"AC022400.7",0,0,0,0,0,0,0,0,0,0
"CAMK2G",4,2,6,2,12,3,4,6,1,8
"AC022400.1",0,0,0,0,0,0,0,0,0,0
"AC022400.2",0,0,0,0,0,0,0,0,0,0
"PLAU",0,1,0,0,0,0,1,1,2,0
"C10orf55",0,0,0,0,0,0,0,0,0,0
"VCL",9,6,12,7,10,12,23,13,3,48
"AP3M1",1,1,3,0,1,3,5,1,1,1
"ADK",8,7,17,5,25,4,21,13,15,29
"AC022540.1",0,0,0,0,0,0,0,0,0,0
"AC063962.1",0,0,0,0,0,0,0,0,0,0
"KAT6B",7,5,8,1,17,2,6,10,10,5
"AC018511.2",0,0,0,0,1,0,0,1,0,0
"DUPD1",0,0,0,0,0,0,0,0,0,0
"DUSP13",0,0,0,0,0,0,0,0,0,0
"SAMD8",1,3,5,5,3,1,11,4,3,9
"VDAC2",4,3,5,3,5,3,9,8,4,5
"COMTD1",3,1,0,0,0,2,0,0,2,1
"ZNF503-AS1",0,0,0,0,0,0,2,0,0,0
"AC010997.3",1,0,1,0,1,0,0,0,0,0
"ZNF503-AS2",1,0,0,0,0,1,0,1,0,0
"AC010997.5",0,0,1,0,0,0,0,0,0,2
"AC010997.4",0,0,0,0,0,0,0,0,0,0
"LRMDA",12,11,17,8,31,6,35,15,15,62
"KCNMA1",10,4,10,8,17,9,1,11,1,258
"KCNMA1-AS1",0,0,0,0,0,0,0,0,0,9
"KCNMA1-AS3",0,0,0,0,0,0,0,1,0,0
"AL450306.1",0,0,0,0,0,0,0,0,0,0
"DLG5",0,4,3,0,4,0,1,2,1,5
"POLR3A",2,3,3,1,2,1,3,0,1,5
"RPS24",5,4,6,3,9,4,16,11,11,11
"AC012560.1",0,0,0,0,0,0,0,0,0,0
"ZMIZ1-AS1",1,0,0,0,0,0,0,1,0,1
"ZMIZ1",3,3,1,0,6,1,11,6,5,11
"PPIF",2,2,2,0,1,1,2,3,0,1
"ZCCHC24",7,6,4,3,11,3,12,4,4,10
"AL133481.1",0,1,0,0,0,0,0,0,0,0
"AL133481.3",0,0,0,0,0,0,0,0,0,0
"EIF5AL1",0,0,0,0,0,0,0,1,0,1
"SFTPA2",0,0,0,0,0,0,0,0,0,0
"BX248123.1",0,0,0,0,0,0,0,0,0,0
"AL132656.2",0,0,0,0,0,0,0,1,0,1
"NUTM2B-AS1",9,5,12,4,12,5,10,19,5,20
"AL135925.1",0,0,1,0,2,0,1,2,1,0
"NUTM2E",0,0,0,0,0,0,0,0,0,0
"SFTPD",0,0,0,0,0,0,0,0,0,0
"SFTPD-AS1",0,0,0,0,0,0,0,0,0,0
"TMEM254-AS1",0,1,0,2,2,1,2,0,0,0
"TMEM254",3,1,1,1,0,1,1,0,1,2
"PLAC9",5,2,5,3,4,13,11,7,6,4
"ANXA11",4,1,4,0,7,0,7,5,2,4
"LINC00857",0,0,0,0,0,0,0,0,0,0
"MAT1A",0,0,0,0,0,0,0,0,0,0
"DYDC1",0,0,0,0,0,1,0,0,0,0
"DYDC2",0,0,0,0,1,0,0,0,0,1
"FAM213A",5,2,3,3,7,5,10,16,7,6
"TSPAN14",2,4,2,4,11,7,22,2,3,7
"AC021028.1",0,0,0,0,1,0,0,0,0,0
"SH2D4B",0,0,0,0,1,0,0,0,0,0
"NRG3",8,22,39,17,34,12,44,15,16,27
"AC010157.1",0,0,0,0,0,0,0,0,0,0
"AC069540.2",0,0,0,0,0,0,0,0,0,0
"AL390786.1",0,0,0,0,0,0,0,0,0,0
"AL603756.1",0,0,0,0,0,0,0,0,0,0
"GHITM",2,7,1,3,4,8,7,7,2,1
"CDHR1",0,1,0,0,1,0,0,0,0,1
"RGR",0,0,0,0,1,0,0,0,0,0
"LINC00858",0,1,0,0,0,0,0,0,0,0
"CCSER2",16,14,15,8,16,9,28,16,11,18
"LINC01520",0,0,0,0,0,0,0,0,0,0
"GRID1-AS1",0,0,0,1,0,0,0,0,0,2
"GRID1",6,7,9,11,13,1,11,5,8,22
"WAPL",4,1,3,1,10,5,8,14,7,3
"AL731569.1",1,0,0,0,1,0,0,0,1,1
"OPN4",0,0,0,0,0,0,0,0,0,0
"LDB3",7,2,3,2,2,3,7,1,0,10
"AC067750.1",0,0,0,0,0,0,0,0,0,1
"BMPR1A",8,2,8,5,12,7,7,11,6,12
"MMRN2",2,4,0,3,1,1,13,2,0,3
"SNCG",7,1,5,2,12,3,8,16,3,2
"ADIRF",9,11,4,5,14,48,35,60,27,17
"AL136982.2",0,0,1,0,0,1,0,0,0,0
"FAM25A",0,0,0,0,0,0,0,0,0,0
"GLUD1",11,5,7,5,10,7,20,8,8,9
"SHLD2",7,6,7,2,11,3,7,5,5,16
"NUTM2A-AS1",19,11,11,12,13,15,6,26,11,30
"NUTM2D",0,0,0,0,0,0,0,0,0,0
"LINC00864",0,0,0,0,0,0,0,0,0,0
"MINPP1",2,1,0,0,1,1,3,2,1,2
"AL138767.3",1,0,0,0,0,0,0,0,0,0
"AL138767.1",0,0,0,0,0,0,0,0,0,0
"PAPSS2",6,12,15,6,7,12,16,12,14,5
"ATAD1",6,1,3,4,5,3,4,8,1,3
"KLLN",1,0,1,0,0,0,0,0,1,0
"PTEN",26,25,14,12,29,18,35,30,23,21
"RNLS",4,3,0,3,8,0,3,4,2,9
"LIPJ",0,0,0,0,0,0,0,0,0,0
"LIPK",0,0,0,0,0,0,0,0,0,0
"ANKRD22",0,0,0,0,0,0,0,0,0,0
"STAMBPL1",0,1,3,2,3,2,1,4,0,1
"ACTA2",13,0,7,0,5,17,11,13,2,19
"FAS",2,0,0,0,1,4,4,3,0,3
"CH25H",0,0,0,1,0,1,1,2,0,1
"LIPA",10,9,5,8,11,5,17,7,6,12
"IFIT2",1,0,0,0,3,1,2,0,1,1
"IFIT3",3,6,5,1,4,0,6,2,1,4
"IFIT1B",0,0,0,0,0,0,0,0,0,0
"IFIT1",1,0,0,0,2,1,1,2,4,0
"IFIT5",0,1,1,2,0,2,0,2,1,0
"SLC16A12",5,1,13,0,5,7,9,2,27,13
"SLC16A12-AS1",1,1,2,0,0,1,0,0,1,1
"PANK1",0,0,0,0,0,0,1,0,1,1
"AL157400.1",0,0,0,0,0,0,0,0,0,0
"AL157400.3",0,0,0,0,1,0,1,0,0,0
"KIF20B",1,1,0,0,0,0,2,2,1,1
"LINC00865",0,0,0,0,1,1,0,0,0,0
"LINC01374",0,0,0,0,0,0,0,0,0,0
"LINC01375",0,0,0,0,0,0,0,0,0,0
"AL391704.2",1,0,0,0,0,0,0,0,0,0
"AL391704.1",0,0,0,0,0,0,0,0,0,0
"HTR7",0,0,0,0,0,0,0,0,0,0
"RPP30",3,0,1,1,1,1,6,2,1,2
"AL365434.1",0,0,0,0,0,0,0,0,0,0
"AL365434.2",0,0,0,0,0,1,0,0,0,0
"LINC00502",0,0,0,0,0,0,0,0,0,0
"PCGF5",6,2,7,7,16,11,20,15,5,28
"HECTD2",2,1,2,2,11,2,4,4,2,7
"PPP1R3C",0,0,1,0,0,1,0,1,0,9
"TNKS2-AS1",0,1,0,0,0,0,0,0,0,0
"TNKS2",5,3,8,5,7,2,18,6,7,15
"FGFBP3",1,0,1,0,0,0,0,0,0,0
"AL359198.1",0,0,0,0,0,0,0,0,0,0
"BTAF1",5,4,5,4,8,5,12,4,2,2
"CPEB3",4,3,8,16,16,5,18,5,3,28
"MARCH5",1,1,4,1,2,1,11,1,2,6
"IDE",8,2,4,1,6,4,3,6,2,5
"KIF11",0,0,0,0,0,0,0,0,0,0
"HHEX",0,1,0,0,4,1,6,0,0,1
"EXOC6",10,8,8,8,24,9,39,11,8,21
"CYP26C1",0,0,0,0,0,0,0,0,0,0
"CYP26A1",0,0,0,0,0,0,0,0,0,0
"MYOF",10,15,10,3,10,6,24,7,4,13
"CEP55",0,0,0,0,0,0,0,0,0,0
"FFAR4",0,0,1,0,0,0,0,0,0,0
"RBP4",0,0,0,1,0,0,0,0,0,0
"PDE6C",0,0,0,0,0,0,0,2,0,0
"FRA10AC1",6,1,4,1,2,4,7,6,3,3
"LGI1",0,1,1,1,2,1,1,4,2,3
"AL358154.1",0,0,0,0,0,0,0,0,0,0
"SLC35G1",1,1,1,0,1,0,1,1,1,11
"PLCE1",9,6,6,1,19,11,6,12,3,10
"PLCE1-AS2",0,0,0,0,0,0,0,0,0,0
"AL389885.1",0,1,0,0,0,1,0,0,0,1
"NOC3L",1,1,1,1,0,1,6,2,3,3
"TBC1D12",6,6,5,5,8,3,14,8,3,17
"HELLS",0,0,0,0,0,0,1,1,1,1
"CYP2C18",0,0,0,0,0,0,0,0,0,0
"AL583836.1",0,0,0,0,0,0,0,0,0,0
"CYP2C8",0,0,0,1,0,0,0,0,0,0
"AL157834.1",0,0,0,0,0,1,1,0,0,0
"ACSM6",0,0,0,0,0,0,0,0,0,0
"AL157834.2",0,0,0,0,0,0,0,0,0,0
"PDLIM1",4,6,8,2,9,5,4,4,3,5
"SORBS1",38,19,45,14,46,17,61,33,18,74
"ALDH18A1",1,0,2,0,3,1,1,2,2,5
"TCTN3",1,1,2,0,1,1,3,3,2,3
"ENTPD1",7,5,2,2,7,6,12,4,1,4
"ENTPD1-AS1",11,6,8,6,6,7,18,4,8,26
"AL365273.2",4,2,1,4,4,3,7,5,1,6
"CC2D2B",2,0,3,1,0,2,2,3,1,2
"CCNJ",1,0,0,1,0,0,1,0,0,0
"ZNF518A",12,6,7,7,17,8,13,15,13,22
"BLNK",0,0,0,0,0,0,1,0,0,1
"DNTT",0,0,0,0,0,0,0,0,0,0
"OPALIN",7,2,5,2,4,2,8,1,2,2
"TLL2",0,0,1,0,2,0,0,1,4,0
"TM9SF3",1,6,6,5,13,6,16,15,6,17
"PIK3AP1",0,0,0,1,2,1,1,0,0,0
"LCOR",7,3,9,7,10,4,24,13,5,16
"SLIT1",1,0,1,0,1,0,2,3,0,0
"ARHGAP19-SLIT1",0,0,0,0,0,0,1,0,0,0
"FRAT1",0,0,0,0,0,0,1,0,0,0
"FRAT2",0,1,0,1,0,0,0,0,0,0
"RRP12",1,2,3,3,2,0,3,0,0,4
"AL355490.2",0,0,0,0,0,0,1,0,0,0
"PGAM1",8,4,7,8,5,7,9,5,5,7
"EXOSC1",0,2,5,0,7,4,9,7,1,3
"ZDHHC16",2,1,0,0,0,1,1,0,2,2
"MMS19",3,5,6,0,1,3,6,3,3,3
"UBTD1",0,2,2,1,1,1,4,0,1,3
"ANKRD2",1,0,0,0,0,1,0,0,0,0
"AL355315.1",1,1,1,1,1,0,0,0,0,0
"MORN4",4,1,1,0,0,0,0,0,1,0
"PI4K2A",0,1,0,1,0,0,1,1,1,1
"AVPI1",2,1,0,1,2,1,1,1,0,5
"MARVELD1",0,0,1,0,0,0,2,3,4,1
"ZFYVE27",3,3,1,1,1,2,1,1,1,4
"SFRP5",0,0,0,0,0,0,0,0,0,0
"LINC00866",0,0,1,0,0,0,0,0,0,0
"GOLGA7B",0,0,0,1,1,1,0,0,1,0
"CRTAC1",1,0,0,0,1,1,2,0,0,1
"R3HCC1L",1,3,3,1,7,5,5,6,3,6
"LOXL4",1,0,1,0,0,0,0,1,0,0
"AL139241.1",0,0,0,1,0,0,0,0,0,0
"PYROXD2",0,0,1,0,0,0,0,2,0,2
"HPS1",1,0,1,2,3,3,4,1,2,3
"HPSE2",1,0,3,0,3,0,3,4,3,5
"CNNM1",0,0,0,1,1,0,0,0,0,0
"GOT1",3,4,1,1,1,1,6,3,2,5
"AL391684.1",0,0,0,1,0,0,2,0,1,1
"SLC25A28",2,0,1,0,3,2,6,0,1,4
"AL353719.1",0,0,0,0,0,0,0,0,0,0
"AL133353.1",0,0,0,0,0,0,0,0,0,0
"ENTPD7",0,0,0,0,0,0,1,0,1,1
"CUTC",3,3,3,0,4,2,9,3,9,5
"COX15",0,0,2,3,1,1,2,0,1,2
"ABCC2",0,0,0,1,0,0,0,0,0,3
"DNMBP",1,0,2,1,4,1,5,3,3,5
"DNMBP-AS1",2,0,0,0,0,0,2,1,0,0
"CPN1",0,0,0,0,0,0,1,0,0,0
"ERLIN1",4,2,0,1,1,1,2,1,0,3
"CHUK",3,0,0,2,3,2,2,3,1,2
"AL138921.1",0,0,0,0,0,0,0,0,0,0
"CWF19L1",2,2,2,0,2,1,3,3,0,3
"BLOC1S2",0,2,1,0,1,3,3,0,3,0
"PKD2L1",0,0,1,0,0,0,0,0,0,0
"AL139819.1",0,0,0,0,0,0,0,0,0,0
"SCD",5,14,7,14,7,5,24,4,4,12
"OLMALINC",1,2,8,1,5,1,13,0,0,8
"WNT8B",0,0,0,0,0,0,0,0,0,0
"SEC31B",1,0,2,4,1,0,1,0,2,2
"AL133352.1",0,1,0,0,0,0,0,0,0,0
"NDUFB8",0,0,0,0,0,0,0,0,0,0
"HIF1AN",0,0,1,0,2,0,1,3,3,2
"PAX2",0,0,0,0,0,0,0,0,0,0
"AL138762.1",0,0,0,0,0,0,1,0,0,0
"SLF2",9,4,4,1,3,9,9,8,4,7
"AL133215.3",0,0,0,0,0,0,0,0,0,0
"MRPL43",5,1,0,0,3,6,4,1,1,3
"SEMA4G",0,0,1,0,2,0,1,0,0,1
"TWNK",0,0,0,0,0,0,0,0,0,0
"LZTS2",2,1,0,1,5,3,6,2,4,2
"PDZD7",0,0,0,0,1,0,1,0,0,5
"SFXN3",2,0,4,1,0,2,2,1,1,3
"AL133215.2",0,0,0,0,0,0,0,0,0,0
"KAZALD1",0,0,0,0,0,0,1,0,0,0
"TLX1NB",0,0,0,0,0,0,0,0,0,0
"LINC01514",0,0,0,0,0,0,0,0,0,0
"AL133387.2",0,0,0,0,0,0,0,0,0,0
"BTRC",9,2,5,6,11,7,14,5,5,13
"DPCD",0,0,1,0,0,0,0,1,0,3
"POLL",0,1,3,0,2,0,1,0,0,3
"FBXW4",4,2,4,4,5,4,3,4,5,10
"NPM3",0,0,0,0,0,0,0,1,0,0
"OGA",18,11,12,5,20,7,19,13,11,17
"KCNIP2-AS1",0,0,0,1,0,0,1,0,0,1
"KCNIP2",0,0,0,1,2,0,0,1,0,2
"ARMH3",6,5,9,1,12,3,9,4,3,12
"HPS6",0,0,1,0,0,1,1,0,0,1
"LDB1",0,0,0,0,0,0,0,2,4,0
"PPRC1",0,2,1,2,0,0,4,1,1,1
"NOLC1",0,1,1,0,2,2,1,1,0,0
"ELOVL3",0,0,0,0,0,0,0,0,0,0
"PITX3",0,0,0,0,0,0,0,0,0,0
"GBF1",8,5,13,3,7,2,20,16,2,22
"NFKB2",1,0,0,1,1,0,0,0,0,0
"PSD",0,1,2,2,2,0,0,1,1,0
"FBXL15",3,2,1,5,1,3,6,8,1,7
"CUEDC2",2,3,2,1,2,2,2,1,3,1
"C10orf95",0,0,0,0,0,0,0,0,0,0
"MFSD13A",0,1,1,0,0,1,0,1,0,0
"ACTR1A",0,1,3,6,4,4,7,3,3,5
"AL121928.1",0,0,0,0,0,0,1,0,0,0
"SUFU",3,3,1,1,9,1,2,0,2,5
"TRIM8",1,0,0,5,2,3,4,4,4,2
"AL391121.1",0,0,0,0,0,0,1,0,0,0
"ARL3",7,1,2,0,6,5,6,6,2,5
"SFXN2",1,0,0,0,0,0,0,0,0,0
"WBP1L",4,4,12,3,5,6,5,2,2,10
"CYP17A1",0,0,0,0,0,0,0,0,0,0
"CYP17A1-AS1",0,0,0,1,1,0,0,0,0,0
"AL358790.1",0,0,0,0,0,0,0,0,0,1
"BORCS7-ASMT",1,1,1,1,3,1,2,0,0,0
"AL356608.1",0,0,0,0,0,0,0,0,0,0
"CNNM2",5,6,7,3,12,4,12,7,4,17
"NT5C2",9,4,8,4,14,5,14,11,15,15
"RPEL1",0,0,0,0,0,0,0,0,0,0
"INA",0,0,1,1,1,0,0,1,0,1
"PCGF6",0,0,2,1,3,1,5,0,0,0
"TAF5",1,0,0,0,0,0,0,0,0,0
"ATP5MD",5,8,2,7,2,11,5,11,9,5
"PDCD11",1,1,0,1,3,0,2,0,0,2
"CALHM2",0,0,1,1,1,1,3,4,1,1
"AL139339.2",0,0,0,0,0,0,0,0,0,0
"AL139339.1",0,0,0,0,0,0,0,0,0,1
"CALHM1",0,0,0,0,0,0,0,0,0,0
"CALHM3",0,0,0,0,0,0,0,0,0,0
"NEURL1-AS1",0,0,0,0,0,0,0,0,0,0
"NEURL1",0,1,2,1,0,1,0,0,1,0
"SH3PXD2A",3,1,6,2,7,1,4,2,5,12
"AL121929.2",0,0,0,0,0,0,0,0,0,0
"SH3PXD2A-AS1",0,0,0,0,0,0,1,1,0,6
"STN1",1,2,2,1,0,1,1,1,1,1
"SLK",4,2,4,0,5,7,10,8,7,9
"COL17A1",0,0,0,0,0,0,0,0,0,0
"SFR1",0,0,0,0,0,1,0,0,0,0
"CFAP43",0,0,1,0,0,0,1,0,1,0
"GSTO1",5,5,3,2,5,5,5,7,4,4
"GSTO2",1,0,2,0,0,0,0,0,0,1
"ITPRIP",1,2,1,4,3,2,6,1,3,6
"AL162742.1",0,0,0,0,0,0,0,0,0,0
"CFAP58-DT",0,0,0,0,0,0,0,0,0,0
"CFAP58",1,0,1,0,1,0,0,1,1,0
"SORCS3",1,0,0,1,3,0,0,0,2,2
"AL731574.1",0,0,0,0,0,0,0,0,0,0
"AL353148.1",0,0,0,1,0,0,0,0,0,0
"SORCS1",4,2,5,1,2,1,5,3,2,3
"LINC01435",0,0,0,0,0,0,0,1,0,1
"AL356476.1",0,0,0,0,0,0,0,0,0,0
"XPNPEP1",3,1,2,1,1,0,2,5,0,7
"ADD3",11,4,13,3,14,5,24,13,11,25
"MXI1",6,8,14,11,19,15,27,15,18,26
"AL360182.2",0,0,0,0,0,0,0,1,0,0
"SMNDC1",3,0,2,1,2,2,2,1,1,3
"AL355512.1",0,0,0,0,0,0,0,0,0,1
"DUSP5",0,4,1,3,1,1,0,3,1,3
"SMC3",2,3,2,3,13,4,12,5,4,7
"RBM20",1,2,3,2,8,4,15,1,1,8
"PDCD4-AS1",0,0,0,0,0,0,0,0,0,0
"PDCD4",6,7,2,3,6,8,14,8,8,2
"BBIP1",6,4,8,2,10,2,12,6,6,16
"AL158163.2",0,0,0,0,0,0,0,0,0,0
"AL158163.1",0,0,0,0,0,0,0,0,0,0
"SHOC2",4,4,6,3,10,7,12,9,12,7
"ADRA2A",0,0,0,0,1,0,0,0,0,0
"GPAM",0,1,2,2,1,1,1,1,2,0
"TECTB",0,0,0,0,0,0,0,0,0,0
"ACSL5",0,14,3,2,4,3,18,1,4,5
"AL157786.1",0,1,4,1,1,0,2,2,0,0
"ZDHHC6",1,1,0,2,1,2,7,1,0,4
"VTI1A",12,9,25,12,24,7,44,17,18,28
"AL139120.1",0,0,0,0,0,0,0,0,0,1
"TCF7L2",7,9,14,3,16,1,25,11,12,26
"AL158212.2",0,0,0,0,0,0,0,0,0,0
"HABP2",0,0,0,0,0,0,0,0,0,0
"NRAP",0,0,0,0,0,0,0,1,0,0
"CASP7",1,0,2,0,2,1,3,0,1,1
"AL592546.1",0,0,0,0,0,0,0,0,0,0
"PLEKHS1",0,0,0,0,0,0,0,0,0,0
"DCLRE1A",0,0,0,0,1,0,1,0,0,0
"NHLRC2",6,3,6,0,8,4,11,9,6,11
"ADRB1",0,0,0,0,0,0,4,3,1,1
"CCDC186",3,1,4,3,11,5,12,10,7,4
"TDRD1",0,0,0,0,0,0,1,0,0,0
"VWA2",0,0,0,0,6,0,1,1,1,0
"AC005383.1",0,0,0,0,0,0,0,0,0,0
"AFAP1L2",4,5,2,4,6,1,2,3,3,2
"ABLIM1",21,12,25,9,30,13,33,14,19,33
"AL137025.1",0,1,0,0,0,0,0,1,0,0
"FAM160B1",3,1,3,2,2,3,9,1,5,3
"TRUB1",0,1,0,0,0,2,4,0,1,1
"ATRNL1",9,7,26,11,25,4,7,9,9,8
"GFRA1",0,1,2,0,0,1,3,0,0,0
"CCDC172",0,0,0,0,0,0,0,0,0,0
"PNLIPRP3",0,0,0,0,0,0,0,0,0,0
"PNLIP",0,0,0,0,0,0,0,0,0,0
"PNLIPRP1",0,0,0,0,0,0,0,0,0,0
"C10orf82",0,0,0,0,0,0,0,0,1,0
"AC016825.1",0,0,0,0,0,0,0,0,0,0
"HSPA12A",2,2,5,4,5,1,4,4,2,9
"ENO4",3,1,0,1,3,0,2,0,4,1
"SHTN1",19,10,8,12,24,5,34,13,6,39
"VAX1",0,0,0,0,0,0,0,0,0,0
"MIR3663HG",1,0,0,0,0,0,0,0,0,0
"KCNK18",0,0,0,0,0,0,0,0,0,0
"SLC18A2",1,1,0,0,0,0,0,1,0,0
"AL391988.1",0,0,1,0,0,0,0,0,0,0
"PDZD8",3,2,1,1,2,6,11,1,3,9
"AC005871.2",0,0,2,0,0,0,0,0,0,0
"EMX2OS",0,0,1,0,6,4,3,4,4,1
"EMX2",0,1,1,0,2,2,2,3,4,0
"RAB11FIP2",2,1,3,3,4,1,7,7,1,4
"AC022395.1",0,0,0,0,0,1,1,0,0,1
"CASC2",2,0,0,0,2,0,2,0,0,1
"FAM204A",5,1,5,2,7,3,7,7,1,7
"LINC00867",0,0,0,0,0,0,0,0,0,0
"PRLHR",0,0,0,0,0,0,0,0,0,0
"CACUL1",4,2,6,1,7,8,7,6,1,3
"NANOS1",0,0,0,0,1,0,0,0,0,0
"EIF3A",1,3,8,4,4,1,10,4,5,10
"FAM45A",1,1,2,0,4,1,7,1,0,3
"SFXN4",0,0,0,1,2,0,2,0,0,2
"PRDX3",3,0,3,0,2,4,2,4,2,4
"GRK5",23,8,17,5,14,3,14,8,12,15
"AL583824.1",0,0,0,0,1,0,0,0,0,1
"RGS10",0,0,0,0,0,1,0,0,0,0
"TIAL1",2,3,3,1,2,11,10,7,2,10
"BAG3",0,4,1,2,2,2,2,3,0,2
"INPP5F",2,3,4,2,5,3,5,7,1,8
"MCMBP",3,3,2,3,2,3,16,6,6,7
"SEC23IP",1,5,2,1,3,0,3,2,1,5
"PLPP4",0,2,1,0,2,0,3,1,1,4
"LINC01561",0,0,0,0,0,0,0,0,0,0
"WDR11-AS1",1,2,0,1,1,0,2,1,1,0
"WDR11",5,5,4,3,14,10,5,2,11,14
"AC010998.2",1,0,0,0,0,0,0,0,0,0
"AC010998.1",0,0,0,0,0,0,0,0,0,0
"LINC01153",0,0,0,0,0,0,0,0,0,0
"FGFR2",6,8,6,7,5,1,11,2,2,33
"AC009988.1",0,0,0,0,0,0,0,0,0,0
"ATE1",6,13,12,7,12,2,10,5,1,10
"AL731566.2",0,0,0,0,0,0,0,0,0,0
"NSMCE4A",0,0,1,1,1,3,0,2,1,2
"AL731566.1",0,0,0,0,0,0,0,0,0,0
"TACC2",4,2,2,2,3,1,1,3,3,4
"BTBD16",0,0,0,0,0,0,0,1,0,0
"PLEKHA1",7,7,4,7,10,2,21,3,1,8
"ARMS2",0,0,0,0,0,0,0,0,0,0
"HTRA1",3,5,8,7,9,4,6,6,2,8
"DMBT1",0,0,0,0,0,0,0,0,0,1
"CUZD1",0,0,0,0,0,0,2,0,0,1
"FAM24B",0,0,0,0,0,0,0,0,0,0
"C10orf88",2,1,1,0,1,3,1,0,0,0
"PSTK",0,0,2,1,2,0,0,3,1,2
"IKZF5",2,1,2,0,3,1,3,2,2,1
"ACADSB",4,0,2,0,5,1,1,6,2,3
"BUB3",2,3,3,3,3,4,7,4,1,6
"AL160290.2",0,0,1,0,1,0,1,1,0,2
"GPR26",0,0,0,0,0,0,0,0,0,0
"CPXM2",0,0,0,0,0,0,0,0,0,3
"CHST15",2,0,6,3,4,0,11,4,10,4
"OAT",4,3,6,2,3,2,11,3,3,7
"NKX1-2",0,0,0,0,0,0,0,0,0,0
"LHPP",4,3,1,2,3,3,4,1,2,12
"AC068896.1",0,0,0,0,0,0,0,0,1,1
"AL513190.1",0,0,0,0,0,0,0,0,0,0
"FAM53B-AS1",0,0,0,0,1,0,0,0,0,0
"EEF1AKMT2",0,0,0,0,0,0,0,0,0,0
"ABRAXAS2",2,2,2,0,1,1,1,1,1,2
"ZRANB1",2,2,3,2,6,0,6,3,2,3
"AL731577.1",0,0,3,0,0,2,0,0,0,0
"CTBP2",12,14,8,5,14,8,14,10,13,29
"AL731571.1",0,0,0,0,0,0,0,0,0,0
"AL157888.1",0,0,0,0,0,0,0,0,0,0
"TEX36",0,0,1,0,0,0,0,0,0,1
"AL158835.1",0,1,0,0,0,0,0,0,0,0
"EDRF1",2,4,3,3,8,2,2,2,0,4
"EDRF1-AS1",0,0,0,0,1,0,0,0,0,0
"MMP21",0,0,0,0,0,0,0,0,0,0
"UROS",1,2,3,1,3,1,4,1,0,4
"BCCIP",1,2,3,0,2,3,7,1,1,5
"DHX32",1,3,0,3,4,2,7,9,1,4
"FANK1",1,0,3,0,0,0,2,2,1,0
"ADAM12",2,4,6,1,5,2,11,8,8,10
"LINC00601",0,0,0,0,1,1,1,0,0,1
"C10orf90",6,5,6,16,8,4,23,2,5,11
"DOCK1",19,16,25,21,22,7,48,22,10,25
"AL359094.1",3,1,2,1,0,1,0,0,0,1
"FAM196A",4,4,11,1,11,2,8,3,3,11
"CLRN3",0,0,0,0,0,0,0,0,0,0
"PTPRE",3,2,4,4,4,7,11,6,2,23
"AL158166.2",0,0,0,0,0,0,0,0,0,1
"MKI67",0,0,0,0,0,0,0,0,0,0
"AL390763.2",0,0,0,0,0,0,0,0,0,0
"AL390763.1",0,0,0,0,0,0,0,0,0,0
"MGMT",8,0,6,2,8,7,11,1,5,6
"AL157832.1",0,0,0,0,0,0,0,0,0,0
"AL157832.3",1,0,1,1,1,2,1,0,0,0
"EBF3",1,0,0,0,0,0,0,0,1,1
"AL354950.2",0,1,0,0,0,0,0,0,0,0
"AL354950.1",0,0,0,0,0,0,0,0,0,0
"C10orf143",0,3,1,0,1,1,0,0,1,1
"GLRX3",1,2,0,1,1,0,6,3,1,4
"AL355500.1",0,0,0,0,0,0,0,0,0,0
"TCERG1L",0,2,0,1,1,0,1,0,0,1
"LINC01164",0,0,0,0,0,0,0,0,0,0
"PPP2R2D",1,1,4,0,7,2,10,9,5,6
"BNIP3",5,3,3,1,3,4,14,1,4,4
"AL162274.2",0,0,0,0,0,0,0,0,0,0
"AL162274.1",0,0,0,0,0,0,0,0,0,0
"JAKMIP3",2,0,2,0,2,1,2,1,0,1
"AL512622.1",0,0,0,0,0,0,0,0,0,0
"DPYSL4",0,1,1,0,0,0,1,0,0,0
"STK32C",1,0,2,1,1,1,0,0,5,3
"LRRC27",1,0,1,0,0,0,1,0,1,0
"PWWP2B",0,0,1,0,1,1,1,1,0,0
"AL451069.2",0,0,0,0,1,0,0,0,0,0
"AL451069.1",0,0,0,0,0,0,0,0,0,0
"INPP5A",3,4,2,1,4,1,6,3,6,5
"NKX6-2",1,0,2,7,1,2,10,3,0,5
"CFAP46",0,0,0,0,1,0,0,1,0,2
"LINC01166",0,0,0,0,1,0,1,0,0,0
"LINC01168",0,0,0,0,0,0,0,0,0,0
"ADGRA1",1,0,0,0,0,0,0,0,0,1
"ADGRA1-AS1",0,0,0,0,0,0,0,0,0,0
"KNDC1",2,1,6,1,1,0,1,1,0,1
"VENTX",0,0,0,0,0,0,0,0,0,0
"AL592071.1",0,0,0,0,0,0,0,0,1,0
"ADAM8",0,0,0,0,0,0,0,1,0,0
"TUBGCP2",3,2,3,0,4,1,5,1,0,4
"ZNF511",0,0,0,0,0,0,0,0,0,0
"ZNF511-PRAP1",0,0,0,0,1,0,0,0,0,1
"CALY",2,0,0,1,2,0,1,1,1,1
"AL360181.1",0,0,0,0,0,0,0,0,0,0
"PRAP1",0,0,0,0,1,0,0,0,0,0
"FUOM",1,0,0,0,1,0,1,1,0,0
"ECHS1",1,0,3,1,3,2,6,2,1,5
"PAOX",1,0,1,1,0,0,0,0,0,3
"AL360181.3",0,0,0,0,0,0,0,0,0,0
"MTG1",1,0,0,0,0,0,1,0,0,1
"SPRN",0,0,0,0,0,0,0,1,1,0
"SCART1",0,0,0,0,1,0,0,0,0,0
"CYP2E1",0,0,0,0,1,0,1,0,0,1
"AL161645.1",0,0,0,0,0,0,0,0,0,0
"SYCE1",0,2,0,0,1,0,0,0,0,0
"IQSEC3",1,2,2,1,1,0,0,0,0,1
"AC026369.3",0,0,0,0,0,0,0,0,0,0
"AC026369.1",0,0,0,0,0,0,0,0,0,0
"AC007406.3",0,0,0,0,0,1,1,0,0,0
"SLC6A12",5,2,5,22,14,27,20,23,9,3
"AC007406.4",0,1,1,0,0,0,2,0,0,0
"SLC6A13",5,2,7,3,3,3,3,5,11,1
"KDM5A",6,4,8,5,8,3,13,4,7,8
"CCDC77",0,0,0,1,0,2,1,2,0,0
"B4GALNT3",0,1,3,0,0,0,0,0,2,0
"NINJ2",4,3,0,2,6,0,4,1,1,6
"AC021054.1",0,0,0,1,2,1,1,2,0,0
"LINC02455",0,0,0,0,0,0,0,0,0,0
"WNK1",17,12,8,5,19,6,28,16,12,26
"RAD52",2,1,5,0,2,1,5,4,1,2
"AC004803.1",0,0,0,0,0,0,0,0,0,0
"ERC1",25,15,16,15,37,22,41,18,23,41
"AC004672.1",0,0,0,0,0,0,1,0,1,0
"LINC00942",0,0,0,0,0,0,0,0,0,0
"WNT5B",0,0,3,0,0,1,3,4,4,3
"FBXL14",1,1,1,0,1,1,3,0,1,2
"ADIPOR2",9,18,21,12,40,10,91,17,17,49
"CACNA2D4",0,0,0,0,0,0,0,0,0,0
"LRTM2",1,0,0,0,1,0,0,0,0,0
"AC005342.2",0,0,0,0,0,0,0,0,0,0
"LINC00940",0,0,0,0,0,0,0,0,0,1
"DCP1B",3,5,2,1,6,1,12,2,2,9
"CACNA1C",24,17,39,28,43,18,21,30,13,29
"CACNA1C-AS2",0,0,0,0,0,0,0,0,0,0
"CACNA1C-AS1",0,0,0,0,0,0,0,1,0,0
"LINC02371",0,0,0,0,0,0,0,0,1,0
"FKBP4",1,1,3,3,4,2,7,5,0,1
"ITFG2-AS1",0,0,0,0,0,0,0,0,0,0
"ITFG2",4,2,4,1,8,1,7,7,1,6
"NRIP2",0,0,0,0,1,0,0,0,0,0
"TEX52",0,0,1,0,2,1,0,0,0,0
"FOXM1",0,0,0,1,0,0,0,0,0,0
"TULP3",5,5,6,5,9,4,4,7,1,9
"TEAD4",1,5,1,1,6,0,3,2,1,2
"AC125807.2",0,0,0,0,0,0,0,0,0,0
"TSPAN9",8,2,8,3,6,2,8,6,0,9
"AC005865.1",0,0,0,0,0,0,0,0,0,0
"LINC02417",0,0,0,0,0,0,0,0,0,0
"PRMT8",1,0,0,0,0,0,0,0,0,4
"CRACR2A",0,0,2,0,0,0,0,0,0,1
"PARP11",1,2,4,1,3,4,8,2,4,2
"AC005842.1",0,0,0,0,0,0,0,0,0,0
"AC007207.2",0,0,1,0,0,0,0,0,0,0
"CCND2",3,3,4,3,1,3,2,1,2,2
"TIGAR",2,3,0,1,3,0,2,3,4,3
"FGF23",0,0,0,0,0,0,0,0,0,0
"FGF6",0,0,0,0,0,0,0,0,0,0
"C12orf4",3,1,0,1,0,0,4,4,1,2
"RAD51AP1",1,0,0,0,0,0,1,0,1,0
"DYRK4",0,0,0,0,1,0,0,1,0,0
"AC005832.4",0,0,0,0,0,0,0,0,0,0
"AKAP3",0,0,0,0,0,0,0,0,2,0
"AC005833.2",0,0,2,0,3,0,0,2,1,3
"AC005833.1",0,0,2,0,1,0,2,1,0,1
"GALNT8",5,1,1,1,2,0,1,1,2,2
"KCNA1",1,1,0,1,0,0,0,1,0,0
"AC006063.2",0,0,0,0,0,0,0,0,0,0
"KCNA5",1,0,0,0,1,0,0,0,0,0
"AC006206.2",0,0,2,0,0,0,0,0,0,0
"AC007848.1",0,0,0,0,1,0,0,0,0,0
"NTF3",0,0,0,0,1,0,0,1,0,1
"ANO2",9,14,40,25,39,12,158,32,16,40
"VWF",13,30,43,24,41,17,167,19,16,24
"AC005845.1",0,0,0,0,0,0,1,0,0,0
"CD9",15,9,7,4,7,17,10,23,11,7
"PLEKHG6",0,0,0,0,0,0,1,0,0,0
"TNFRSF1A",0,0,6,3,5,11,9,15,5,8
"SCNN1A",1,0,0,0,0,0,0,0,0,2
"LTBR",2,0,4,1,1,1,4,5,2,2
"AC005840.2",0,0,0,0,0,1,0,0,1,0
"CD27",0,0,0,0,1,0,0,0,0,0
"TAPBPL",0,0,1,0,1,0,1,0,1,0
"VAMP1",3,1,2,1,0,0,2,0,0,1
"AC005840.4",0,0,0,0,0,0,0,0,0,0
"MRPL51",4,2,1,1,4,5,5,2,2,3
"NCAPD2",0,1,1,0,2,0,1,0,0,2
"GAPDH",46,48,66,21,18,62,106,64,44,23
"AC006064.4",0,0,0,0,0,0,0,0,0,0
"IFFO1",1,0,1,0,2,1,5,0,2,2
"AC006064.1",0,0,0,0,0,0,0,0,0,0
"NOP2",0,0,0,0,0,0,0,1,1,0
"AC006064.6",0,0,0,0,0,0,0,0,0,0
"CHD4",0,0,3,2,3,0,0,0,0,1
"AC006064.2",2,1,1,1,3,1,1,2,0,0
"LPAR5",0,0,0,0,1,0,0,0,0,2
"ACRBP",0,0,0,0,0,0,0,0,0,0
"ING4",7,2,4,4,2,2,4,3,3,8
"ZNF384",1,0,1,0,1,1,2,0,0,1
"PIANP",1,0,0,1,0,0,0,0,0,0
"COPS7A",1,0,2,0,1,0,2,1,1,3
"AC125494.2",0,0,0,0,0,0,0,0,0,0
"MLF2",2,4,5,6,3,7,14,7,10,4
"PTMS",5,1,4,6,8,14,10,10,8,5
"LAG3",0,0,0,0,0,0,0,0,0,0
"CD4",3,0,5,0,2,1,0,1,1,0
"GPR162",1,3,6,3,1,2,0,0,1,1
"P3H3",1,0,0,0,1,1,0,2,1,1
"GNB3",0,0,0,0,0,0,0,0,0,0
"CDCA3",0,0,0,0,0,0,0,0,0,0
"USP5",0,1,1,0,3,2,6,2,2,2
"TPI1",12,5,10,10,8,22,44,34,10,4
"SPSB2",1,0,1,1,3,0,1,0,1,1
"LRRC23",1,0,3,1,0,1,0,1,0,2
"ENO2",8,8,10,3,6,1,8,6,5,5
"ATN1",5,0,1,1,3,5,14,8,7,9
"C12orf57",4,5,6,4,4,13,18,14,12,6
"U47924.2",0,0,0,0,0,0,0,0,0,0
"PTPN6",0,1,0,0,0,0,1,0,0,0
"PHB2",0,5,1,1,2,2,6,3,2,0
"EMG1-1",1,3,2,1,3,0,3,3,6,3
"LPCAT3",2,4,5,0,2,1,3,7,3,7
"C1S",12,3,12,3,11,6,12,8,19,16
"C1R",5,1,6,2,6,7,6,10,10,3
"C1RL",3,2,4,1,2,2,2,4,2,3
"C1RL-AS1",0,1,1,0,0,0,0,0,0,0
"RBP5",1,2,1,0,1,1,0,0,2,0
"AC018653.3",0,0,0,0,0,0,0,0,0,0
"CLSTN3",2,0,2,0,4,0,1,2,2,5
"AC018653.1",0,0,0,0,0,0,0,0,0,0
"PEX5",2,1,1,1,5,1,0,0,2,1
"ACSM4",0,0,0,0,0,0,0,0,0,0
"CD163L1",2,2,4,1,2,0,5,5,1,3
"CD163",0,0,0,0,0,1,0,0,0,0
"APOBEC1",0,0,0,0,0,0,0,0,0,0
"GDF3",0,0,0,0,0,0,1,0,0,0
"DPPA3",0,0,0,0,0,0,0,0,0,0
"CLEC4C",0,0,0,0,0,0,0,1,1,0
"NANOGNB",0,0,0,0,0,0,0,0,0,0
"NANOG",0,0,0,0,0,0,0,0,0,0
"SLC2A14",0,0,0,0,2,0,1,0,1,0
"SLC2A3",24,11,66,21,30,8,56,32,1,54
"AC006511.4",0,0,0,0,0,0,0,0,0,1
"FOXJ2",0,0,3,0,1,0,1,0,2,2
"C3AR1",0,0,0,0,2,0,1,0,0,1
"NECAP1",2,3,1,0,2,1,7,2,1,6
"CLEC4A",0,0,0,0,0,0,0,0,0,0
"AC092111.3",0,0,0,0,0,0,0,0,0,0
"FAM66C",1,0,0,0,0,0,2,0,0,0
"AC092111.1",0,1,0,0,0,0,0,0,0,0
"FAM90A1",0,0,0,0,0,1,0,0,0,0
"LINC02449",0,0,1,0,0,0,0,0,0,1
"LINC00937",2,0,3,1,2,2,1,4,4,5
"AC092745.1",0,0,0,0,0,0,0,0,0,0
"CLEC6A",0,0,0,0,0,0,0,0,0,0
"CLEC4D",0,0,0,0,0,0,0,0,0,0
"CLEC4E",0,0,0,0,0,0,1,1,0,0
"AICDA",0,0,0,0,0,0,0,0,0,0
"MFAP5",0,0,0,0,0,0,0,0,0,0
"AC092490.2",0,0,0,0,0,0,0,0,0,0
"RIMKLB",7,6,5,13,20,10,32,10,2,38
"A2ML1-AS1",6,8,4,2,4,5,16,3,2,17
"AC092490.1",0,0,0,0,0,0,0,0,0,0
"A2ML1",1,0,0,0,2,0,1,0,0,2
"AC006581.2",0,0,2,0,2,1,0,0,0,0
"PHC1",2,0,5,2,4,1,1,3,2,1
"M6PR",3,2,3,0,1,3,4,3,3,5
"KLRG1",0,0,2,1,0,1,1,0,1,1
"AC006581.1",0,0,0,0,0,0,0,0,0,0
"A2M-AS1",0,0,1,0,0,0,0,0,0,0
"A2M",25,13,10,8,37,32,54,29,26,10
"PZP",0,1,2,1,1,1,0,0,2,0
"LINC00987",0,0,1,0,0,1,0,0,0,0
"AC010175.1",1,0,0,0,0,0,1,0,0,0
"LINC02367",0,0,0,0,0,0,0,0,0,1
"KLRB1",0,0,0,0,0,0,0,0,0,0
"CLEC2D",0,0,1,0,8,2,4,0,3,4
"CLECL1",0,0,0,0,0,0,0,0,0,0
"CD69",0,0,0,0,0,0,0,0,0,0
"KLRF1",0,1,0,0,0,0,0,0,0,0
"CLEC2B",1,0,6,2,7,9,6,14,2,6
"KLRF2",0,0,1,0,2,0,0,0,0,0
"CLEC2A",0,0,0,0,0,0,0,1,0,0
"LINC02470",0,0,0,0,0,0,0,0,0,0
"CLEC12A",1,0,0,0,0,0,0,0,0,1
"CLEC1B",0,1,0,0,0,0,0,0,0,0
"CLEC12B",0,0,0,0,0,0,0,0,0,0
"AC024224.2",0,0,0,0,0,0,0,0,0,0
"CLEC9A",1,0,0,0,2,1,0,1,0,0
"CLEC1A",3,5,1,0,2,0,1,3,0,1
"CLEC7A",0,0,0,0,0,0,0,0,0,0
"OLR1",0,0,0,0,0,0,0,0,0,0
"TMEM52B",0,0,0,0,0,0,0,0,1,0
"GABARAPL1",4,2,5,4,9,4,11,5,3,12
"KLRD1",1,0,0,0,2,0,1,7,1,20
"AC022075.1",2,0,0,0,1,2,2,0,1,2
"KLRC4-KLRK1",1,0,0,1,0,0,0,0,0,1
"AC068775.1",0,0,0,0,0,0,0,0,0,0
"KLRC2",0,0,0,0,0,0,0,0,0,0
"KLRC1",0,0,0,0,0,1,0,0,0,0
"EIF2S3B",0,0,2,0,0,0,0,0,0,0
"LINC02446",0,0,0,0,0,0,0,0,0,0
"MAGOHB",0,0,1,1,0,1,2,3,2,0
"STYK1",0,0,0,0,0,0,0,0,0,0
"YBX3",6,8,2,12,5,14,13,17,10,16
"TAS2R8",0,0,0,0,0,0,0,0,0,0
"TAS2R9",0,0,0,0,0,0,0,0,0,0
"PRH1",1,0,3,0,0,0,3,3,1,2
"PRH2",0,0,0,0,0,0,0,0,0,0
"SMIM10L1",1,0,0,0,2,0,2,3,0,0
"AC244131.2",4,0,2,1,1,1,1,1,4,2
"PRB1",0,0,0,0,1,0,0,0,0,0
"PRB2",0,0,2,0,0,0,1,1,0,1
"AC007450.1",0,0,0,0,0,0,0,0,0,0
"LINC01252",3,0,1,2,4,0,2,0,3,1
"ETV6",3,13,14,5,14,9,11,6,3,13
"BCL2L14",5,1,2,0,2,4,4,2,4,7
"LRP6",5,2,5,5,6,3,13,1,4,9
"MANSC1",2,0,2,1,3,1,6,2,1,1
"LOH12CR2",0,0,0,0,0,0,1,0,0,0
"BORCS5",8,0,1,1,2,2,5,1,0,3
"DUSP16",2,8,3,5,7,5,6,3,5,11
"AC007619.1",0,1,0,0,0,0,0,0,0,1
"CREBL2",2,1,1,1,1,1,6,2,0,4
"AC008115.4",0,0,0,0,0,0,0,0,0,1
"GPR19",0,0,0,0,0,0,0,0,0,0
"AC008115.2",0,0,0,0,0,0,0,0,0,0
"CDKN1B",1,2,1,3,3,3,9,5,4,4
"AC008115.1",0,0,0,0,0,0,0,0,0,0
"APOLD1",10,18,21,31,16,15,63,31,19,38
"DDX47",0,0,0,0,0,0,0,0,0,0
"GPRC5A",2,0,1,0,1,0,3,0,0,8
"GPRC5D-AS1",0,0,1,1,0,2,0,0,0,2
"GPRC5D",0,1,0,0,0,0,0,0,0,0
"HEBP1",2,0,1,0,1,2,6,1,0,5
"AC023790.2",0,0,0,1,0,0,0,0,0,0
"FAM234B",0,2,0,0,0,0,6,1,0,1
"GSG1",0,0,1,1,0,0,0,0,0,0
"EMP1",2,10,6,4,3,1,8,2,1,16
"LINC01559",0,0,0,0,0,0,0,0,0,0
"GRIN2B",4,5,13,4,4,0,1,1,0,2
"AC007527.2",0,0,0,0,0,0,0,0,0,0
"ATF7IP",2,3,6,5,7,5,17,7,6,12
"PLBD1",0,0,0,0,1,0,0,1,0,0
"PLBD1-AS1",0,0,0,0,0,0,0,0,0,0
"GUCY2C",1,0,0,0,0,1,0,0,0,0
"AC010168.1",0,0,1,1,0,1,2,0,0,4
"HIST4H4",0,0,0,0,0,0,0,0,0,0
"H2AFJ",0,1,2,1,3,3,14,7,2,3
"WBP11",2,0,0,2,1,2,4,2,3,1
"C12orf60",1,0,0,0,0,0,0,0,0,0
"SMCO3",0,0,0,0,0,0,0,0,0,0
"ART4",0,0,0,0,0,0,0,0,0,1
"MGP",7,2,4,0,1,7,1,11,4,39
"ERP27",0,0,0,0,0,0,0,0,0,0
"ARHGDIB",1,1,0,0,3,2,2,4,1,0
"PDE6H",0,0,0,0,0,0,0,0,0,0
"RERG",4,5,7,0,8,7,6,19,7,6
"PTPRO",1,1,2,0,3,1,2,1,0,1
"EPS8",35,13,24,18,62,35,51,76,37,32
"STRAP",5,5,4,0,7,3,10,8,3,7
"DERA",1,4,4,1,3,4,6,5,1,8
"SLC15A5",0,0,0,0,0,0,0,0,0,1
"MGST1",3,2,4,3,7,1,3,7,4,11
"LMO3",4,1,5,2,6,1,2,6,1,0
"AC007529.2",0,0,0,0,0,1,1,2,0,0
"LINC02378",0,0,0,0,0,0,0,0,0,0
"AC087321.1",0,0,0,0,0,0,0,0,0,0
"RERGL",17,1,0,0,10,0,1,4,1,1
"PIK3C2G",0,0,0,0,0,1,0,1,1,2
"PLCZ1",0,0,0,0,0,0,0,0,0,0
"AC087242.1",0,0,0,0,0,0,0,0,0,0
"PLEKHA5",27,10,37,16,33,15,24,28,30,37
"AEBP2",10,3,11,2,11,7,16,7,5,11
"AC024901.1",2,0,1,0,1,3,0,0,0,0
"LINC02398",2,0,1,0,0,0,0,0,0,0
"PDE3A",8,2,2,4,10,28,18,21,8,24
"SLCO1C1",3,1,1,1,3,2,2,4,1,0
"AC011604.2",0,0,0,0,0,0,0,0,0,1
"AC022335.1",0,0,0,0,0,0,0,0,0,0
"SLCO1B1",1,0,0,0,0,0,0,0,0,0
"SLCO1A2",20,5,9,4,25,6,18,2,16,16
"IAPP",0,0,0,0,0,0,0,0,1,0
"PYROXD1",0,1,0,0,3,0,3,4,4,2
"RECQL",1,1,4,1,2,0,8,3,3,3
"GOLT1B",1,1,7,2,3,2,5,2,1,4
"SPX",0,0,0,0,0,0,0,0,0,0
"GYS2",0,0,0,0,0,0,0,0,0,1
"LDHB",6,2,5,4,3,7,5,12,9,2
"AC010197.1",0,0,0,0,0,1,1,1,1,0
"KCNJ8",0,0,4,3,1,5,7,8,3,0
"ABCC9",1,1,3,15,9,0,6,12,7,6
"AC008250.1",0,0,0,0,0,0,0,0,0,0
"CMAS",2,1,1,2,2,1,5,2,0,3
"ST8SIA1",2,1,2,2,7,2,2,6,1,1
"C2CD5",2,4,4,6,11,5,11,3,2,6
"AC087241.1",0,0,0,0,0,0,0,0,0,0
"AC087241.3",1,0,0,0,0,0,0,0,0,0
"ETNK1",8,0,4,5,8,10,15,15,4,15
"AC084816.1",0,0,0,1,0,2,0,0,0,0
"AC087258.1",0,0,0,0,0,0,1,0,0,0
"AC087235.1",0,0,0,0,0,0,0,0,0,0
"SOX5",36,23,40,27,82,53,82,70,55,55
"SOX5-AS1",1,0,0,0,0,1,0,0,0,1
"AC023796.1",0,0,0,0,0,0,0,0,0,0
"BCAT1",2,1,2,0,2,0,1,1,0,1
"AC023796.2",0,0,0,0,0,0,0,0,0,0
"AC026310.2",0,0,0,0,0,0,0,0,0,0
"C12orf77",0,0,0,0,0,0,0,0,0,0
"LRMP",2,1,1,0,1,1,2,1,1,3
"AC023510.1",0,0,0,0,0,0,0,0,0,0
"AC023510.2",0,0,0,0,0,0,0,0,0,0
"CASC1",2,0,0,0,0,0,0,0,0,3
"ETFRF1",2,6,3,0,3,1,6,4,3,5
"KRAS",6,4,1,0,2,4,8,5,3,10
"AC092794.1",0,0,1,0,0,0,1,0,0,0
"AC092794.2",0,0,0,0,0,0,0,0,0,0
"AC087239.1",2,0,0,0,1,0,2,1,1,3
"LMNTD1",0,1,0,0,0,0,1,3,1,6
"AC019209.3",0,0,0,0,0,0,0,0,0,0
"RASSF8-AS1",1,1,4,0,2,0,1,0,1,6
"RASSF8",6,5,6,3,8,8,14,14,6,30
"BHLHE41",0,1,3,1,2,0,0,1,0,1
"SSPN",1,1,2,0,5,0,2,1,2,2
"AC022509.3",0,0,0,0,0,0,0,0,0,0
"AC022509.2",0,0,0,1,0,1,0,0,1,0
"AC024145.1",0,1,0,0,0,0,0,0,1,1
"ITPR2",11,4,15,11,34,12,26,36,11,20
"AC023051.1",1,0,0,0,1,0,0,1,0,1
"INTS13",3,0,2,0,0,1,1,1,2,0
"FGFR1OP2",7,4,5,3,7,8,17,6,6,11
"AC024896.1",0,0,0,0,0,0,1,0,0,0
"TM7SF3",5,1,1,1,4,1,3,0,2,3
"MED21",1,3,2,1,2,5,2,4,2,3
"AC092747.1",0,0,1,0,0,0,0,0,0,0
"STK38L",5,3,7,1,4,6,10,5,4,19
"ARNTL2",1,1,1,0,2,1,2,2,0,3
"ARNTL2-AS1",0,0,2,0,0,0,0,0,1,0
"SMCO2",1,0,0,0,0,0,1,0,0,0
"PPFIBP1",35,28,38,11,49,26,75,26,17,51
"AC087257.1",0,0,0,0,0,0,0,0,0,0
"AC009509.1",0,0,0,0,0,0,0,0,0,0
"REP15",0,1,0,0,1,1,2,1,0,0
"AC009509.4",0,0,0,0,0,0,0,0,0,0
"AC009509.2",0,0,0,1,0,0,0,0,0,0
"MRPS35",4,4,3,1,2,0,1,4,1,4
"MANSC4",0,0,0,0,0,0,0,0,0,0
"KLHL42",2,3,6,2,1,2,6,3,3,5
"AC009511.1",0,0,0,0,0,0,0,0,0,0
"PTHLH",0,0,1,0,0,0,0,0,0,0
"AC008011.2",0,0,0,0,0,0,0,0,0,0
"CCDC91",12,9,10,2,10,10,21,11,17,31
"AC022364.1",0,0,0,0,0,0,0,0,0,0
"AC012150.1",0,0,0,0,1,1,0,0,0,0
"FAR2",5,2,2,2,6,1,2,4,1,3
"AC012150.2",0,0,0,0,0,0,0,0,0,0
"AC009318.4",0,0,0,0,0,0,0,0,0,0
"AC009318.1",0,0,1,0,0,0,0,0,1,1
"AC009318.3",0,0,0,0,0,0,1,0,0,0
"AC009318.2",0,0,0,0,0,0,0,0,0,0
"ERGIC2",4,0,1,2,0,3,9,4,2,5
"OVCH1-AS1",0,1,4,0,2,1,6,3,5,3
"OVCH1",0,0,1,0,2,0,2,0,0,1
"TMTC1",8,6,16,8,21,16,40,26,14,33
"LINC02386",0,0,0,0,0,0,0,0,0,0
"IPO8",8,2,2,3,2,3,6,5,3,5
"CAPRIN2",1,0,3,1,1,1,5,1,0,5
"AC010198.1",1,0,0,0,1,0,0,0,0,1
"LINC00941",0,0,0,0,0,0,1,0,0,0
"TSPAN11",0,0,0,0,0,0,1,0,0,0
"DDX11-AS1",0,0,0,0,0,0,0,1,0,1
"DDX11",0,1,1,0,4,1,1,1,2,2
"SINHCAF",1,1,0,1,2,0,3,0,1,3
"LINC02387",0,0,0,0,0,0,0,0,0,0
"DENND5B",3,10,11,4,14,3,12,7,9,8
"DENND5B-AS1",0,0,1,0,0,0,0,0,0,0
"ETFBKMT",0,1,0,1,0,2,1,0,1,0
"AMN1",1,1,3,1,2,1,6,5,1,4
"AC023157.3",0,0,0,0,0,1,1,3,1,2
"H3F3C",1,0,0,0,0,0,0,0,0,0
"LINC02422",0,0,0,0,0,0,0,0,0,0
"KIAA1551",0,2,7,2,10,7,9,4,5,4
"AC016957.2",0,0,0,0,1,0,0,0,0,0
"AC048344.1",0,0,0,0,0,0,0,0,0,0
"BICD1",13,11,9,2,28,7,16,14,2,15
"FGD4",11,8,10,1,16,6,22,7,2,11
"DNM1L",3,5,4,5,7,3,10,8,2,7
"AC084824.5",0,0,0,0,1,0,0,0,0,1
"YARS2",2,2,2,0,7,4,5,1,1,5
"PKP2",3,1,3,1,5,1,1,2,1,20
"SYT10",0,0,0,0,1,0,0,0,0,7
"ALG10",0,0,1,1,0,0,1,0,0,0
"AC046130.1",0,0,0,0,0,0,0,0,0,0
"AC046130.2",0,0,0,0,0,0,1,0,0,0
"AC140847.2",1,0,0,0,0,1,0,0,0,1
"ALG10B",0,1,0,0,1,0,0,2,1,1
"AC087897.2",0,0,0,0,0,0,0,0,0,0
"CPNE8",8,18,11,7,20,15,38,18,10,14
"AC067735.1",0,0,0,0,0,0,0,0,0,0
"LINC02406",0,0,0,0,0,0,0,0,0,0
"KIF21A",3,4,6,2,3,0,2,3,2,4
"ABCD2",0,0,0,0,0,1,0,0,0,0
"C12orf40",1,0,0,1,1,3,1,0,0,3
"SLC2A13",6,5,7,5,8,6,9,6,0,10
"LINC02471",0,0,0,0,0,0,0,0,0,0
"AC079630.1",0,0,0,0,0,0,0,0,0,1
"LRRK2",1,2,2,1,3,0,6,7,3,4
"MUC19",0,0,0,0,0,0,0,0,0,0
"AC107023.1",0,0,0,0,0,0,0,0,0,0
"CNTN1",8,6,12,7,14,6,11,9,17,7
"PDZRN4",6,2,5,3,15,1,13,5,3,15
"AC090531.1",0,0,0,0,1,0,0,0,0,0
"AC090630.1",1,0,0,0,3,0,2,0,0,0
"GXYLT1",1,2,1,3,1,3,5,3,1,6
"YAF2",3,6,7,8,7,8,14,9,8,23
"PPHLN1",6,3,7,2,8,4,16,11,7,11
"ZCRB1",4,0,5,1,0,2,2,2,3,5
"PRICKLE1",17,10,14,1,20,3,3,4,8,19
"AC079601.1",0,0,0,0,0,0,0,0,0,0
"LINC02402",0,0,0,0,0,0,0,0,0,0
"LINC02451",0,0,0,0,0,0,0,0,0,0
"LINC02450",1,0,1,0,0,0,0,0,0,0
"LINC02461",0,0,0,0,0,0,0,0,0,0
"ADAMTS20",0,0,0,0,0,1,0,0,0,0
"PUS7L",6,1,2,0,5,2,7,3,3,9
"IRAK4",0,1,4,0,4,0,2,5,3,4
"TWF1",0,2,1,1,2,2,3,1,1,3
"TMEM117",6,5,4,2,10,4,15,10,2,7
"AC025030.2",0,0,0,0,0,0,0,0,0,0
"AC025253.1",1,0,0,0,0,0,0,0,0,0
"NELL2",4,7,8,3,5,0,2,3,0,2
"DBX2",0,0,0,0,0,0,0,0,0,0
"AC008127.1",0,0,0,0,1,0,0,1,0,1
"ANO6",4,4,7,4,7,12,23,8,7,12
"AC079950.1",0,1,1,0,1,0,1,0,0,1
"AC008124.1",2,2,1,0,3,2,4,1,1,4
"ARID2",7,7,7,7,13,9,16,8,9,25
"SCAF11",18,9,6,5,21,12,22,22,12,19
"SLC38A1",5,3,5,2,1,1,1,0,1,8
"SLC38A2",5,3,21,31,26,32,42,30,29,59
"AC025031.2",0,0,0,1,0,0,0,0,0,0
"AC008014.1",11,3,9,7,6,18,6,6,19,76
"AC025031.1",0,0,1,0,0,0,1,0,0,0
"SLC38A4",2,0,0,1,0,1,0,0,1,7
"AC079906.1",0,0,0,0,0,0,0,0,0,0
"AMIGO2",0,0,0,0,0,0,0,1,0,0
"PCED1B",2,0,1,0,3,1,0,0,1,3
"AC008083.1",0,0,0,0,0,0,0,0,0,0
"AC008083.2",0,0,1,0,1,0,0,0,0,0
"LINC02416",0,0,0,0,0,0,0,0,0,0
"LINC02156",0,0,0,0,0,0,0,0,0,0
"RPAP3",2,0,0,0,2,0,2,2,0,1
"AC004241.1",0,1,0,0,1,1,1,1,0,0
"ENDOU",0,0,0,0,0,0,0,0,0,0
"RAPGEF3",0,1,3,5,1,2,11,2,5,5
"SLC48A1",5,4,4,2,5,2,6,2,1,4
"HDAC7",5,6,14,6,6,3,14,7,5,14
"AC004466.1",0,0,0,0,1,0,1,0,1,0
"AC004466.3",0,0,0,0,0,0,0,0,0,0
"LINC02354",0,0,0,0,0,0,0,0,0,0
"VDR",0,0,0,0,0,0,0,0,0,0
"TMEM106C",0,1,2,0,1,1,1,0,0,1
"COL2A1",0,0,0,0,0,0,0,0,0,1
"AC004801.4",0,0,0,0,0,0,0,0,0,1
"AC004801.3",0,0,0,0,0,0,0,0,0,0
"AC004801.6",0,0,0,0,0,0,0,0,0,0
"SENP1",2,0,0,0,3,1,3,7,2,5
"PFKM",1,0,0,0,1,1,0,0,2,0
"ASB8",2,0,1,1,1,0,3,2,3,2
"CCDC184",0,0,2,0,0,0,0,0,0,1
"AC024257.3",2,1,0,0,0,0,0,0,0,0
"AC024257.1",0,0,0,0,1,0,1,0,0,1
"AC024257.5",0,0,0,0,0,0,0,0,0,0
"ZNF641",2,0,1,4,0,1,1,2,3,2
"AC090115.1",0,0,0,0,1,0,1,1,1,0
"ANP32D",0,0,0,0,0,0,0,0,0,0
"C12orf54",0,0,0,0,0,0,0,0,0,0
"AC089987.2",0,0,0,0,0,0,0,0,0,0
"OR8S1",0,0,0,0,0,0,0,0,0,0
"KANSL2",0,2,0,1,1,0,1,1,1,2
"CCNT1",3,2,3,1,6,4,2,5,0,6
"TEX49",0,0,0,1,0,0,0,0,0,0
"ADCY6",4,0,3,2,2,0,0,1,1,2
"AC117498.2",0,0,0,0,0,0,0,0,0,0
"CACNB3",1,0,2,0,0,1,3,0,0,0
"DDX23",0,1,0,1,1,1,2,5,0,3
"RND1",2,1,2,0,0,0,0,1,0,0
"AC073610.3",2,0,0,0,0,0,1,0,0,0
"CCDC65",3,2,6,1,1,1,5,5,2,6
"ARF3",0,0,0,0,0,0,0,0,0,0
"WNT10B",0,0,0,0,0,1,0,0,0,0
"DDN",0,1,0,0,0,0,0,0,0,0
"DDN-AS1",1,0,0,0,0,0,1,0,0,1
"PRKAG1",2,6,3,1,6,1,5,2,1,6
"KMT2D",0,2,3,0,3,3,1,1,0,2
"RHEBL1",0,0,0,0,0,0,0,0,0,0
"DHH",0,0,0,0,0,0,0,0,0,0
"LMBR1L",4,0,4,2,3,2,3,1,3,5
"AC011603.2",1,0,0,0,1,1,1,0,0,0
"TUBA1B",11,17,34,18,16,11,57,34,18,18
"TUBA1A",17,23,20,12,10,14,22,12,5,13
"TUBA1C",2,3,5,3,5,2,7,1,5,5
"AC010173.1",0,0,0,0,1,0,0,1,0,0
"AC125611.3",0,0,0,0,0,0,0,0,0,0
"AC125611.4",0,0,0,0,1,0,1,0,0,0
"PRPH",0,0,0,0,0,0,0,0,0,0
"TROAP",0,0,0,0,0,0,0,0,0,0
"C1QL4",0,0,0,0,0,0,0,0,0,0
"DNAJC22",0,0,0,0,0,0,0,0,1,0
"SPATS2",4,5,6,2,6,8,5,4,2,11
"KCNH3",1,0,2,1,1,1,1,3,1,2
"MCRS1",1,0,0,2,1,1,1,1,1,5
"PRPF40B",3,0,3,4,4,2,0,2,0,8
"FAM186B",0,0,0,0,0,0,0,0,0,0
"FMNL3",2,1,3,1,12,2,13,3,1,13
"TMBIM6",12,10,8,10,14,23,35,28,30,14
"NCKAP5L",2,1,1,3,3,1,1,1,1,4
"BCDIN3D-AS1",0,0,0,0,0,0,0,0,0,0
"BCDIN3D",0,0,0,0,1,0,4,2,1,2
"AC131157.1",0,0,0,0,0,0,0,0,0,0
"FAIM2",8,4,5,9,7,5,10,7,2,4
"LINC02395",0,0,0,0,0,0,0,0,0,0
"AC025154.2",0,0,0,0,0,0,0,0,0,0
"AQP5",0,0,0,0,0,0,0,0,0,0
"AQP6",0,0,0,0,0,0,0,0,0,0
"RACGAP1",0,0,0,0,1,0,1,0,0,2
"ASIC1",0,0,0,0,1,0,1,0,2,2
"SMARCD1",2,3,4,2,3,0,4,2,1,3
"GPD1",0,0,0,0,1,0,0,0,0,0
"COX14",0,0,0,0,0,0,0,0,0,0
"AC074032.1",4,6,12,10,6,3,8,5,4,20
"CERS5",5,2,8,6,6,4,6,0,0,14
"LIMA1",8,6,14,1,9,5,10,11,3,19
"AC008147.1",0,0,0,0,0,0,0,0,0,0
"FAM186A",2,1,1,1,3,1,0,0,0,0
"LARP4",0,5,3,0,5,3,11,4,2,9
"DIP2B",18,12,12,19,26,9,17,7,14,47
"ATF1",1,0,1,1,5,3,4,0,3,2
"TMPRSS12",0,0,1,0,0,1,0,0,0,0
"METTL7A",2,2,2,4,2,6,11,6,8,6
"AC008121.2",0,0,0,0,0,0,0,0,0,0
"HIGD1C",0,0,3,1,0,1,1,0,0,0
"AC008121.3",0,0,0,0,0,0,0,0,0,0
"SLC11A2",6,3,4,2,3,2,6,3,3,4
"LETMD1",3,2,4,0,3,2,4,1,1,3
"CSRNP2",1,1,2,2,1,1,2,1,0,0
"TFCP2",8,4,14,6,18,6,13,3,2,16
"POU6F1",2,3,2,2,1,2,3,3,0,1
"DAZAP2",0,4,5,1,6,8,6,13,4,3
"SMAGP",0,0,0,0,3,0,3,2,1,1
"BIN2",1,0,0,0,0,0,1,0,1,0
"CELA1",0,0,0,0,0,0,0,0,0,1
"GALNT6",0,2,2,2,0,0,1,1,3,3
"SLC4A8",3,2,8,3,4,1,7,2,0,7
"AC107031.1",0,0,0,0,0,0,0,0,0,0
"SCN8A",5,3,7,1,7,1,3,2,2,2
"AC068987.2",0,0,0,0,0,0,0,0,0,1
"AC068987.5",0,0,0,0,0,0,0,0,0,0
"AC068987.3",0,0,0,0,0,0,0,0,0,1
"FIGNL2",1,0,0,0,0,0,0,0,0,0
"AC068987.1",0,0,0,0,0,0,0,0,0,0
"ANKRD33",0,0,0,0,0,0,0,0,0,0
"ACVRL1",3,6,2,5,1,2,28,1,5,5
"ACVR1B",5,1,2,2,3,1,6,1,1,3
"GRASP",0,5,0,3,6,2,17,4,1,2
"NR4A1",13,4,1,0,3,2,3,6,0,12
"ATG101",1,0,1,0,3,3,3,2,1,2
"AC025259.1",0,0,0,0,0,0,0,0,0,0
"AC078864.2",0,0,0,0,0,0,1,0,0,0
"AC078864.1",0,0,0,0,0,0,0,0,0,0
"LINC00592",0,0,0,0,0,0,0,0,0,0
"KRT80",0,0,0,0,0,0,0,0,0,0
"KRT7",0,0,0,0,0,0,0,0,0,0
"KRT86",0,0,0,0,0,0,0,0,0,0
"AC021066.1",0,0,0,0,0,0,0,0,0,0
"KRT81",0,0,0,0,0,0,0,0,0,0
"AC121757.1",0,0,0,0,0,0,0,0,0,0
"KRT83",0,0,0,0,0,0,0,0,0,0
"AC055736.1",0,0,0,0,0,0,0,0,0,0
"KRT5",0,0,0,0,0,0,0,0,0,0
"KRT8",0,0,1,0,0,0,2,1,1,1
"KRT18",0,0,0,0,0,0,0,0,0,0
"EIF4B",3,2,4,3,5,4,2,3,3,9
"AC068888.1",7,3,9,2,2,3,6,5,4,22
"TNS2",12,8,12,3,15,14,22,12,20,20
"SPRYD3",0,1,3,0,5,0,4,1,1,2
"IGFBP6",7,1,7,1,5,15,15,14,19,16
"SOAT2",0,0,0,0,0,0,0,0,0,0
"CSAD",6,1,5,1,5,6,5,3,3,7
"ZNF740",0,0,2,0,1,0,2,1,1,0
"ITGB7",0,0,0,0,0,0,0,0,0,0
"RARG",0,1,1,0,2,2,1,2,1,0
"MFSD5",0,0,0,0,2,0,1,0,0,0
"ESPL1",0,0,0,0,0,0,2,0,1,0
"PFDN5",6,11,3,4,7,5,18,10,4,9
"AC073611.1",1,0,0,0,0,0,0,0,0,0
"C12orf10",1,0,1,1,1,1,1,0,2,1
"AAAS",1,0,3,0,1,1,2,1,1,10
"SP7",0,0,0,0,0,0,0,0,0,0
"SP1",1,0,2,4,0,1,4,4,1,5
"AMHR2",0,0,0,0,0,0,0,0,0,0
"PRR13",5,3,3,1,2,3,8,11,0,0
"PCBP2",4,6,6,6,12,11,13,17,8,9
"MAP3K12",2,0,0,0,3,1,1,1,1,3
"AC023509.4",0,0,0,0,0,0,0,1,0,0
"TARBP2",0,0,1,0,1,0,2,0,0,0
"AC023509.3",0,0,0,0,0,0,0,0,0,0
"ATF7",0,0,0,0,0,0,0,0,0,0
"AC023509.2",0,0,0,0,0,1,0,0,0,0
"ATP5MC2",10,4,4,5,9,7,16,12,12,13
"CALCOCO1",4,1,7,2,4,2,5,4,3,7
"CISTR",0,0,0,0,0,0,0,0,0,0
"AC076968.1",0,0,0,0,0,0,0,0,0,0
"AC023794.1",1,0,0,1,0,2,0,0,0,0
"AC023794.4",0,0,0,0,0,0,0,0,0,0
"SMUG1",0,1,1,2,1,0,3,1,0,0
"LINC02381",1,0,1,0,0,0,0,0,1,3
"SMUG1-AS1",0,0,0,0,0,0,0,0,0,0
"AC023794.2",0,0,0,0,0,0,0,0,0,0
"CBX5",3,2,5,1,5,1,11,5,1,4
"AC078778.1",0,0,0,0,1,0,0,0,0,0
"HNRNPA1",3,2,2,2,6,5,7,13,9,7
"NFE2",0,0,0,0,0,0,0,0,0,0
"COPZ1",2,0,3,1,3,1,3,5,0,6
"AC079313.2",0,0,0,0,0,0,0,0,0,1
"GPR84",0,0,0,0,0,0,0,0,0,0
"ZNF385A",0,0,1,0,0,2,0,3,5,2
"ITGA5",1,1,2,1,1,4,12,2,4,12
"GTSF1",0,0,0,0,0,0,0,0,0,0
"NCKAP1L",0,0,0,0,0,0,0,0,0,0
"PDE1B",0,1,0,1,0,0,0,0,0,0
"PPP1R1A",0,0,0,0,0,0,0,0,0,0
"MUCL1",0,0,0,0,0,0,0,0,0,0
"TESPA1",3,1,6,1,5,1,2,0,0,1
"OR6C1",0,0,0,0,0,0,0,0,0,0
"OR6C76",0,0,0,0,0,0,0,0,0,0
"AC122685.1",0,0,1,0,0,0,0,0,0,0
"AC009779.5",0,0,0,0,0,0,1,0,0,0
"METTL7B",0,0,0,0,0,0,1,1,0,0
"ITGA7",0,1,1,1,7,3,2,3,3,4
"AC009779.3",0,0,0,0,0,0,0,0,0,0
"RDH5",0,0,0,0,0,0,0,0,0,0
"CD63",17,13,9,10,15,31,26,34,22,20
"AC009779.2",0,0,0,0,0,0,0,1,0,0
"GDF11",0,0,1,0,1,0,2,0,0,1
"SARNP",1,0,1,1,1,0,0,1,2,0
"AC023055.1",0,0,0,0,0,0,0,0,1,0
"ORMDL2",0,0,1,0,1,2,4,2,4,1
"DNAJC14",0,0,0,0,0,0,0,0,0,0
"MMP19",0,1,0,0,1,0,0,0,0,1
"PYM1",0,2,1,0,1,0,3,5,0,1
"DGKA",1,2,0,1,2,0,0,0,0,2
"PMEL",0,0,1,0,1,0,0,0,0,0
"CDK2",0,0,0,0,0,3,0,1,0,0
"RAB5B",1,3,1,5,1,1,10,3,2,2
"SUOX",0,2,3,0,0,0,1,0,2,1
"IKZF4",0,0,0,0,0,1,0,1,0,0
"AC034102.8",0,0,0,0,0,0,0,0,0,0
"AC034102.3",0,0,0,0,0,0,0,0,0,0
"RPS26",2,4,6,1,2,1,7,1,1,6
"ERBB3",2,2,2,0,2,1,5,1,1,4
"AC034102.2",0,0,0,0,0,0,0,0,0,0
"PA2G4",2,4,2,0,5,1,7,2,5,5
"AC034102.4",0,0,1,0,0,0,0,0,0,0
"RPL41",16,16,16,18,32,45,66,69,41,38
"ESYT1",2,1,3,1,1,3,1,3,2,4
"AC034102.6",0,0,2,0,1,0,0,0,0,0
"AC034102.5",0,0,1,0,0,1,0,0,0,1
"MYL6B",1,3,1,1,2,0,2,0,1,3
"MYL6",6,11,12,16,8,18,54,28,24,27
"SMARCC2",5,2,3,0,9,0,10,3,4,7
"RNF41",1,0,1,0,2,0,4,0,1,1
"NABP2",2,2,1,1,1,0,3,1,1,1
"SLC39A5",0,0,0,0,0,0,0,0,0,0
"ANKRD52",0,2,5,3,4,1,1,1,1,5
"COQ10A",0,0,0,1,1,1,1,0,0,0
"AC073896.5",0,0,0,0,0,0,0,0,0,0
"CS",0,0,1,1,2,1,7,3,1,2
"AC073896.1",2,0,2,1,1,1,1,0,0,1
"AC073896.2",1,0,3,1,1,3,1,0,0,0
"PAN2",1,1,1,1,4,4,5,1,1,3
"IL23A",0,0,0,0,0,0,0,0,0,0
"STAT2",7,5,6,5,3,2,12,4,5,11
"APOF",0,0,0,0,0,0,0,0,0,0
"TIMELESS",0,0,0,0,2,0,0,0,0,0
"MIP",0,0,0,0,0,0,0,0,0,0
"SPRYD4",0,0,1,2,0,1,2,0,0,0
"GLS2",0,1,0,0,0,0,2,0,1,2
"RBMS2",7,8,11,7,18,3,21,10,6,19
"BAZ2A",1,4,6,3,5,3,6,4,5,8
"ATP5F1B",7,7,8,3,2,8,11,11,6,6
"PTGES3",11,2,9,6,11,18,19,7,12,19
"NACA",4,1,7,3,9,6,7,12,11,4
"PRIM1",1,0,0,0,1,1,1,2,0,1
"HSD17B6",0,0,0,1,0,0,0,0,0,1
"SDR9C7",0,0,0,0,0,0,0,0,0,0
"RDH16",0,0,0,0,0,0,0,0,0,0
"ZBTB39",0,0,0,0,1,0,0,0,0,0
"TAC3",1,0,0,0,0,0,0,0,0,0
"MYO1A",0,0,0,0,0,0,0,0,0,0
"NEMP1",3,1,1,1,1,3,5,0,1,1
"NAB2",1,0,2,1,2,1,6,1,3,1
"STAT6",2,0,2,2,9,9,10,8,5,13
"LRP1",14,1,18,5,9,3,4,9,16,22
"NXPH4",0,0,0,0,0,2,0,1,0,0
"SHMT2",0,1,1,0,3,2,3,4,2,0
"NDUFA4L2",4,4,14,6,22,59,43,44,16,19
"STAC3",0,0,1,0,0,0,0,0,0,1
"AC137834.1",0,0,0,0,0,0,0,0,0,0
"R3HDM2",10,5,9,4,10,8,11,6,7,20
"AC126614.1",0,1,0,0,0,0,0,0,0,0
"INHBC",0,0,0,0,0,0,0,0,0,0
"INHBE",0,0,0,0,0,0,0,0,0,0
"GLI1",0,0,0,0,0,0,0,0,0,0
"ARHGAP9",0,0,0,0,0,0,0,0,0,0
"MARS",3,1,2,1,2,2,2,3,0,7
"DDIT3",3,0,2,3,3,3,2,7,4,3
"MBD6",2,1,0,0,0,2,3,1,0,2
"DCTN2",2,3,6,1,5,5,10,6,8,4
"KIF5A",1,0,1,3,2,0,0,1,1,1
"PIP4K2C",2,1,2,0,1,1,3,4,2,1
"DTX3",3,1,5,5,6,3,7,6,7,4
"ARHGEF25",1,0,1,0,4,2,2,1,3,1
"AC025165.1",1,0,0,0,0,0,0,0,0,0
"SLC26A10",1,0,0,0,0,0,1,0,1,1
"B4GALNT1",0,0,0,1,0,3,0,0,2,0
"OS9",6,1,4,2,4,7,6,6,5,4
"AC025165.2",1,4,2,0,3,1,2,0,1,0
"AGAP2",0,0,0,0,1,1,4,0,0,3
"AGAP2-AS1",0,0,0,0,1,0,1,1,0,0
"TSPAN31",0,2,1,0,6,2,4,2,1,3
"CDK4",0,0,4,2,1,0,3,3,3,1
"MARCH9",0,0,2,0,0,1,2,2,0,1
"CYP27B1",0,0,0,0,0,0,0,0,0,0
"METTL1",1,0,0,0,0,0,0,0,0,0
"EEF1AKMT3",0,0,0,0,0,0,0,0,0,0
"TSFM",1,0,2,0,1,3,2,1,0,0
"AVIL",1,0,1,1,1,1,2,0,1,1
"AC025165.4",1,0,0,0,0,0,0,0,0,0
"CTDSP2",4,0,3,2,4,5,3,3,3,6
"AC083805.2",0,0,0,0,0,0,0,0,0,0
"AC083805.1",0,0,0,0,0,0,0,0,0,0
"AC083805.3",0,0,0,0,0,0,0,0,0,0
"AC084033.3",0,0,0,0,1,0,0,2,0,1
"ATP23",0,0,0,0,1,0,0,0,0,0
"AC020637.1",1,0,0,0,0,1,0,0,0,1
"LINC02388",0,0,0,0,0,0,1,1,0,0
"LRIG3",0,0,0,0,0,0,1,2,3,2
"AC068305.2",0,0,2,1,3,0,0,0,1,0
"AC108721.1",0,0,0,0,0,0,0,0,0,0
"SLC16A7",1,2,0,1,5,1,8,8,4,4
"FAM19A2",2,2,9,4,7,3,5,1,6,5
"USP15",10,5,9,7,11,10,22,18,8,23
"MON2",11,7,6,10,16,14,24,12,13,35
"AC079035.1",0,0,0,0,0,0,0,0,0,0
"LINC01465",0,0,0,0,0,0,0,0,0,0
"AC048341.1",3,1,1,1,2,0,1,1,0,4
"PPM1H",12,7,21,3,16,7,17,6,12,39
"AVPR1A",0,0,0,0,0,1,1,1,0,0
"AC026116.1",0,0,0,0,0,0,0,0,0,0
"DPY19L2",1,0,2,0,0,5,1,1,2,9
"AC084357.2",0,0,0,0,0,1,0,0,0,0
"RXYLT1",2,2,1,0,3,0,0,0,2,3
"RXYLT1-AS1",0,0,0,0,0,0,0,0,0,0
"SRGAP1",6,3,6,3,13,1,4,6,6,14
"AC020611.2",3,0,1,1,1,1,0,2,0,3
"AC025576.2",0,0,0,0,0,0,0,0,0,0
"C12orf66",0,2,0,0,0,0,1,1,0,0
"C12orf56",2,1,2,0,1,0,0,1,0,2
"XPOT",1,0,3,2,5,2,2,1,0,3
"AC135279.3",0,0,0,0,0,0,0,0,0,0
"TBK1",5,3,8,2,4,5,12,3,2,9
"RASSF3",3,0,3,1,6,2,6,3,3,3
"AC078962.2",0,1,0,0,0,0,0,0,0,0
"AC078962.4",0,0,0,0,0,0,0,0,0,0
"AC078962.3",0,0,0,0,0,0,0,0,0,0
"GNS",2,0,3,4,3,5,7,5,5,1
"AC025262.1",0,0,0,0,1,0,0,0,0,0
"TBC1D30",1,1,3,0,1,0,3,1,1,3
"LINC02389",0,0,2,1,1,0,0,1,0,0
"LINC02231",0,0,0,0,0,0,0,0,0,0
"WIF1",0,0,1,1,0,0,0,1,0,0
"LEMD3",2,2,2,4,5,4,4,8,5,5
"MSRB3",9,6,8,6,21,5,16,12,4,23
"AC025419.1",0,0,0,0,0,0,0,0,0,0
"LINC02454",0,0,0,0,0,0,0,0,0,0
"AC090023.2",0,0,0,0,0,0,0,0,0,0
"HMGA2",0,0,0,0,2,0,0,0,0,0
"AC090673.1",0,0,0,0,0,0,1,0,1,0
"AC090673.2",0,0,0,0,0,0,0,0,0,0
"LLPH",0,0,1,0,0,3,1,1,1,2
"AC078927.1",0,0,0,0,0,0,1,0,0,0
"LLPH-DT",0,0,0,0,0,0,0,0,0,0
"TMBIM4",0,0,0,0,0,0,0,0,0,0
"IRAK3",16,13,8,2,10,4,35,7,9,11
"HELB",2,4,2,1,3,1,5,1,2,5
"GRIP1",4,4,7,5,1,2,4,5,2,10
"AC073530.1",0,0,0,0,0,0,0,0,0,0
"CAND1",3,5,2,5,7,4,10,4,0,5
"LINC02408",0,0,0,0,0,0,0,0,0,0
"DYRK2",0,0,0,0,2,3,1,0,0,1
"AC078777.1",0,0,0,0,0,0,0,0,0,0
"LINC02421",0,0,0,0,0,0,0,0,0,0
"LINC01479",0,0,0,0,0,0,0,0,0,0
"IFNG-AS1",0,0,0,0,2,0,1,0,0,0
"IL26",0,0,0,1,0,0,0,0,0,0
"MDM1",0,0,0,0,0,0,0,2,2,1
"LINC02384",0,0,0,0,0,0,0,0,0,0
"RAP1B",14,12,14,5,18,9,20,17,9,11
"AC090061.1",0,0,0,1,0,0,0,0,0,0
"NUP107",4,3,6,0,4,2,8,1,1,10
"SLC35E3",4,1,5,2,5,2,3,4,1,6
"MDM2",3,3,3,0,4,5,9,4,5,6
"AC025423.4",0,0,0,0,0,0,0,0,0,0
"CPM",4,20,16,20,30,12,25,16,14,15
"AC127894.1",0,0,0,0,0,0,0,0,0,0
"CPSF6",3,5,4,3,7,7,11,17,13,10
"LYZ",0,0,0,0,0,0,0,0,0,1
"AC020656.1",1,0,0,0,0,0,0,1,0,0
"YEATS4",0,0,0,1,0,2,1,1,0,1
"LINC02373",0,0,0,0,0,0,0,0,0,0
"FRS2",3,2,5,4,3,3,11,0,2,12
"CCT2",1,3,3,2,4,1,3,2,2,4
"BEST3",0,0,0,0,0,0,0,0,0,0
"AC025263.1",0,0,0,0,0,0,0,0,0,0
"RAB3IP",0,1,1,0,1,0,4,0,1,3
"AC025263.2",0,0,0,0,0,0,0,0,0,0
"MYRFL",0,0,1,0,1,0,0,0,0,0
"AC025159.1",3,3,9,3,7,2,5,3,2,5
"AC084032.1",2,0,1,0,2,0,3,1,0,1
"CNOT2",7,6,8,6,13,9,20,18,8,11
"KCNMB4",2,7,5,5,7,2,14,5,5,3
"AC025569.1",2,0,2,1,3,0,3,3,0,4
"PTPRB",16,13,12,5,27,16,41,13,17,14
"AC083809.1",0,0,0,0,0,0,0,0,0,0
"PTPRR",1,0,3,1,0,0,0,1,0,0
"AC123905.1",0,0,0,0,0,0,0,0,0,0
"AC025575.1",0,0,0,0,0,0,0,0,0,0
"AC025575.2",0,0,0,0,0,0,0,0,0,2
"TSPAN8",0,0,1,0,2,0,1,0,0,0
"LGR5",0,2,3,4,1,0,3,0,2,5
"ZFC3H1",3,1,9,4,5,3,14,8,5,4
"THAP2",0,1,0,0,2,0,0,0,0,0
"AC073612.1",0,0,0,0,0,0,1,0,0,0
"TMEM19",0,0,2,0,0,2,1,1,1,2
"RAB21",4,2,2,2,2,5,5,6,1,9
"AC089984.1",0,0,0,0,0,0,0,0,0,0
"TBC1D15",8,5,5,3,12,5,9,4,7,9
"TPH2",0,0,0,0,1,0,0,0,0,0
"TRHDE",1,0,4,4,0,0,2,0,0,1
"LINC02444",0,0,0,0,0,0,0,0,0,0
"LINC02445",0,0,0,0,0,0,0,0,0,0
"AC136188.1",0,0,0,0,0,0,0,0,0,0
"LINC02394",0,0,0,0,0,0,1,0,1,0
"AC090502.1",3,2,0,0,4,1,2,1,1,3
"ATXN7L3B",1,2,0,0,1,1,6,2,3,1
"AC073525.1",0,0,0,0,0,0,0,0,0,0
"KCNC2",3,1,8,2,1,2,0,0,0,1
"AC091534.1",0,0,0,0,0,0,0,0,0,0
"CAPS2",4,3,4,3,8,2,5,4,8,13
"GLIPR1L1",0,0,1,0,1,0,0,0,0,2
"GLIPR1L2",0,0,0,1,0,0,0,0,0,1
"GLIPR1",0,0,1,3,0,1,0,0,0,0
"AC121761.1",0,1,0,0,0,0,0,0,0,0
"KRR1",1,1,0,2,3,0,4,4,1,1
"AC078923.1",0,0,2,1,1,1,2,1,0,0
"PHLDA1",4,2,2,2,1,1,9,6,4,8
"AC011611.3",0,0,0,0,0,0,0,0,0,0
"AC011611.4",0,0,0,0,0,0,0,1,0,0
"NAP1L1",9,9,9,7,9,10,8,16,9,17
"LINC02407",0,1,2,0,0,0,0,1,0,0
"BBS10",0,0,0,0,2,0,0,0,0,2
"OSBPL8",15,5,6,6,10,12,9,12,8,18
"AC107032.2",0,0,0,1,0,0,1,0,0,1
"ZDHHC17",6,3,6,4,4,8,19,12,5,14
"CSRP2",2,2,0,1,1,4,5,7,7,0
"E2F7",0,0,0,0,0,0,0,0,0,0
"LINC02464",0,0,0,0,0,0,0,0,0,0
"NAV3",19,10,22,6,28,11,21,22,14,13
"AC073571.1",0,0,0,0,0,0,0,0,0,1
"LINC02424",0,0,0,0,0,0,0,0,0,0
"AC128707.1",0,0,0,0,0,0,0,0,1,0
"AC130415.1",0,0,0,0,0,0,0,0,0,0
"AC079362.1",0,0,0,0,0,0,0,0,0,0
"AC068993.2",0,0,0,0,0,0,0,0,0,0
"SYT1",44,21,53,25,49,7,19,13,7,22
"AC090709.1",1,1,1,0,0,0,0,0,0,0
"AC027288.3",6,1,3,0,3,4,7,0,10,13
"AC027288.1",0,1,0,0,1,0,0,0,0,0
"PAWR",9,5,11,4,19,5,10,5,2,13
"AC073569.2",1,0,2,0,1,0,1,2,2,1
"PPP1R12A",15,10,9,5,26,14,23,26,13,19
"OTOGL",0,0,0,0,1,0,0,0,1,0
"PTPRQ",0,0,0,0,1,1,0,0,0,0
"AC074031.1",0,0,0,0,0,1,0,0,0,0
"LINC01490",0,0,0,0,0,0,0,0,0,0
"LIN7A",3,3,10,3,7,7,10,9,3,4
"ACSS3",8,6,12,2,10,8,8,12,7,8
"AC078955.1",0,0,0,0,1,0,0,0,0,2
"PPFIA2",11,9,16,11,14,1,11,2,4,6
"PPFIA2-AS1",0,1,1,0,1,0,0,0,0,1
"AC069228.1",1,1,3,0,5,2,2,2,2,2
"LINC02426",0,0,0,0,0,0,1,0,0,0
"CCDC59",3,3,3,2,3,3,3,2,1,4
"METTL25",6,1,4,2,4,2,8,6,2,5
"AC089998.4",0,0,0,0,0,0,0,0,0,1
"AC089998.1",0,0,0,0,0,0,0,0,0,0
"TMTC2",24,19,26,41,55,11,73,25,16,65
"AC090680.1",0,0,0,0,0,0,0,0,0,0
"AC090679.1",0,0,0,0,0,0,0,0,0,0
"SLC6A15",0,0,1,3,2,1,5,0,0,2
"TSPAN19",0,0,0,0,0,1,0,0,0,0
"LRRIQ1",0,0,0,1,1,0,0,0,0,0
"AC133794.1",0,0,0,0,0,0,0,0,0,0
"AC131532.1",0,0,0,0,0,0,0,0,0,0
"RASSF9",0,0,1,0,0,0,0,0,1,1
"NTS",0,0,0,0,0,0,0,0,0,0
"MGAT4C",0,3,2,1,6,2,1,3,4,1
"AC010196.1",0,0,0,0,0,0,0,0,0,0
"C12orf50",0,0,0,0,0,0,0,0,0,0
"C12orf29",2,0,0,0,2,0,3,2,1,0
"CEP290",1,3,9,3,9,5,14,15,5,11
"TMTC3",2,1,4,2,2,5,6,3,1,6
"KITLG",4,1,4,1,4,3,2,4,1,6
"AC024941.2",0,0,0,0,0,0,0,0,0,0
"AC024941.1",0,0,0,0,0,0,0,0,0,0
"LINC02458",0,0,0,0,0,0,0,0,0,0
"AC024909.1",0,0,0,0,0,0,0,0,0,3
"DUSP6",2,1,1,6,6,0,12,2,3,3
"AC024909.2",2,0,0,0,0,0,0,0,0,0
"AC010201.2",0,0,0,0,0,0,0,0,0,0
"AC010201.1",0,0,0,0,0,0,0,1,0,0
"POC1B",3,1,2,3,1,1,8,4,3,5
"POC1B-AS1",2,1,0,1,1,1,3,0,1,0
"AC025034.1",0,0,2,0,0,0,0,0,0,0
"ATP2B1",5,6,9,3,11,2,7,4,10,6
"ATP2B1-AS1",0,0,0,0,1,0,0,2,1,0
"AC084200.1",0,0,0,0,0,0,0,0,0,0
"AC126178.1",0,0,0,1,0,0,0,0,0,0
"LINC02392",0,0,0,0,0,0,0,0,0,0
"AC084365.1",0,0,0,0,0,0,0,0,0,0
"LINC00615",0,0,0,0,0,0,0,0,0,0
"LUM",6,2,0,0,1,1,3,4,1,0
"DCN",54,20,45,4,34,55,44,64,66,50
"BTG1",7,4,5,6,11,20,24,24,8,9
"AC025164.1",0,0,1,0,0,0,0,1,0,1
"LINC02391",0,0,0,0,1,0,1,0,0,0
"AC063949.2",0,0,0,0,0,0,0,0,0,0
"LINC02397",0,0,0,0,1,0,0,0,0,0
"PLEKHG7",0,0,0,0,0,0,0,0,0,0
"EEA1",10,3,3,8,5,6,16,16,12,18
"LINC02413",0,0,0,0,0,0,0,0,0,0
"AC138123.1",1,1,0,0,2,2,3,1,4,7
"AC138123.2",0,0,0,0,0,0,0,0,0,0
"LINC02412",0,0,0,0,0,0,0,0,0,0
"AC124947.1",1,0,1,0,0,2,0,0,0,0
"NUDT4",1,2,3,3,4,11,4,7,5,4
"UBE2N",2,3,6,2,3,4,4,6,7,4
"MRPL42",3,2,1,1,3,2,4,2,1,4
"SOCS2",0,2,0,0,4,3,1,4,3,2
"CRADD",13,6,11,6,16,10,21,13,19,20
"AC012085.2",1,0,2,0,7,1,1,1,0,3
"AC012464.1",0,0,0,0,0,0,0,1,0,0
"AC012464.3",0,0,0,0,0,0,0,0,0,0
"PLXNC1",3,1,7,0,4,1,3,1,2,5
"AC123567.2",0,0,0,0,0,0,0,0,0,1
"AC073655.1",0,0,0,0,0,0,0,0,0,0
"AC073655.2",0,0,1,0,0,0,0,0,0,0
"CEP83",4,2,6,1,4,0,7,1,4,7
"CEP83-DT",0,0,0,0,0,0,0,0,0,0
"AC023161.1",0,0,0,0,0,0,0,0,0,0
"TMCC3",2,3,7,4,6,4,12,8,5,9
"NDUFA12",3,4,3,3,4,1,20,12,4,6
"NR2C1",4,4,3,1,9,3,9,8,5,11
"FGD6",8,1,11,0,9,1,6,5,8,8
"VEZT",11,8,8,9,12,7,16,8,10,19
"METAP2",1,7,7,3,8,7,7,3,5,8
"USP44",0,0,1,0,0,0,0,0,0,0
"NTN4",7,0,0,1,5,4,8,8,0,5
"AC090001.1",0,1,0,0,0,0,0,0,0,0
"LINC02410",0,0,0,0,0,0,1,2,0,0
"SNRPF",2,4,0,0,3,3,5,7,3,3
"CCDC38",0,0,0,0,1,0,0,2,0,0
"AMDHD1",0,0,0,0,0,0,0,0,0,0
"HAL",0,0,0,0,0,0,0,0,0,0
"AC007298.2",0,0,0,0,0,0,0,0,0,0
"LTA4H",4,2,3,0,1,0,5,3,1,3
"LINC02452",0,0,0,0,0,0,0,0,0,0
"ELK3",1,3,1,4,2,1,2,2,1,6
"CDK17",7,8,8,3,19,11,32,7,14,20
"AC007513.1",0,0,0,0,1,0,1,2,0,1
"CFAP54",2,0,0,1,1,0,3,3,1,3
"NEDD1",2,0,2,1,3,1,1,1,1,3
"AC007656.1",0,0,0,0,0,0,0,0,0,0
"AC016152.1",0,0,0,0,1,0,2,0,2,0
"LINC02453",0,0,0,0,0,0,0,0,0,0
"TMPO-AS1",0,0,1,0,0,0,0,0,0,0
"TMPO",0,3,3,1,2,2,9,5,2,4
"SLC25A3",5,4,8,4,5,4,9,4,9,7
"IKBIP",1,1,3,1,6,0,2,2,0,2
"APAF1",3,1,1,1,1,0,1,1,2,2
"ANKS1B",32,18,36,14,39,5,20,16,9,40
"AC069437.1",1,0,0,0,0,0,0,1,1,1
"AC117377.1",0,0,0,0,0,0,0,0,0,0
"UHRF1BP1L",4,3,3,3,3,2,3,6,7,4
"AC010203.2",0,0,0,0,0,0,0,0,0,0
"ACTR6",2,1,1,2,2,2,3,1,1,3
"DEPDC4",0,1,0,0,0,0,0,2,1,0
"SCYL2",8,2,2,3,8,5,6,6,5,14
"SLC17A8",0,0,1,0,0,0,0,0,0,0
"NR1H4",0,0,0,0,0,0,0,0,0,0
"GAS2L3",0,0,0,0,0,0,2,1,0,1
"ANO4",10,8,13,10,11,3,14,3,1,10
"AC063947.1",0,0,0,0,0,0,0,0,0,0
"SLC5A8",0,0,0,0,0,0,0,0,0,0
"UTP20",1,3,3,1,3,1,8,0,5,6
"ARL1",4,0,2,1,4,7,1,7,2,3
"SPIC",0,0,0,0,0,0,0,1,0,0
"MYBPC1",0,0,1,0,1,1,1,2,0,1
"AC010205.1",0,0,0,0,0,0,0,0,0,0
"CHPT1",6,5,10,4,5,5,20,11,12,7
"SYCP3",1,0,0,1,1,1,2,3,2,4
"GNPTAB",2,5,1,1,4,2,2,4,4,4
"DRAM1",2,0,2,0,1,4,3,0,1,4
"AC084398.2",0,0,0,0,0,0,0,0,0,0
"AC079907.2",0,0,0,0,1,0,0,1,0,0
"WASHC3",2,1,3,0,5,2,6,1,2,2
"AC079907.1",0,0,0,0,0,0,0,0,0,0
"NUP37",0,0,1,1,1,3,2,3,3,3
"PARPBP",0,1,0,1,0,0,1,1,0,0
"LINC02456",0,0,0,0,0,0,0,1,0,7
"IGF1",1,0,1,0,0,0,0,0,0,11
"PAH",1,0,0,0,0,0,0,0,0,2
"ASCL1",0,1,0,0,0,0,0,0,1,0
"AC068643.1",0,0,0,0,0,0,1,0,0,0
"AC068643.2",0,0,0,0,0,0,0,0,0,0
"C12orf42",0,0,0,0,0,0,0,0,0,0
"STAB2",0,0,0,0,0,0,0,2,1,1
"AC025265.2",0,0,0,0,0,0,1,0,0,0
"AC025265.1",2,0,0,0,0,0,1,0,1,0
"NT5DC3",1,1,1,1,0,1,1,6,0,0
"HSP90B1",4,5,7,2,11,17,27,27,19,17
"C12orf73",5,1,2,0,2,1,4,0,1,6
"TDG",0,2,1,1,3,1,4,3,5,8
"GLT8D2",1,0,0,0,0,0,1,2,1,2
"HCFC2",2,2,3,2,1,4,6,5,1,2
"NFYB",0,0,0,0,1,2,2,3,2,2
"LINC02385",0,0,0,0,0,0,0,0,0,0
"TXNRD1",11,13,18,14,26,28,36,38,26,19
"AC089983.1",0,0,1,0,0,0,0,0,0,0
"CHST11",1,3,5,2,11,6,10,5,1,11
"SLC41A2",4,0,7,3,4,1,1,2,3,6
"C12orf45",3,2,5,0,2,1,1,2,2,3
"ALDH1L2",0,1,0,1,3,2,0,1,0,2
"AC016257.1",0,0,0,0,0,0,0,0,0,0
"WASHC4",3,6,7,1,9,11,12,5,9,13
"APPL2",5,3,1,2,6,1,9,4,1,13
"C12orf75",1,1,0,0,0,0,1,0,1,3
"AC011313.1",0,0,0,0,0,0,0,0,0,0
"CASC18",0,0,0,0,0,0,0,0,0,0
"AC011595.2",0,0,0,0,0,0,1,0,0,0
"NUAK1",4,4,6,3,8,5,20,7,5,6
"AC011595.1",0,0,0,0,0,0,0,0,0,0
"CKAP4",2,0,1,1,1,0,5,2,4,3
"AC079174.2",0,0,0,0,0,0,0,0,0,0
"TCP11L2",2,1,0,7,5,1,5,2,1,1
"POLR3B",1,3,0,0,2,1,3,2,3,4
"AC079385.1",0,1,1,0,1,0,2,0,1,4
"RFX4",0,1,1,4,0,2,7,1,2,2
"RIC8B",1,4,4,2,5,4,3,6,4,5
"AC007541.1",1,1,0,0,0,0,0,0,0,1
"TMEM263",3,1,3,0,2,2,2,3,3,6
"MTERF2",1,1,0,1,2,0,2,2,0,3
"CRY1",2,3,7,2,3,3,5,1,5,15
"AC078929.1",0,0,0,0,0,0,0,0,0,0
"BTBD11",1,0,2,0,2,1,0,0,0,2
"PWP1",2,2,4,2,1,2,3,4,2,4
"PRDM4",0,2,0,0,3,1,6,2,1,3
"AC007622.2",0,0,0,0,0,1,0,0,0,1
"AC126177.2",0,0,0,0,0,0,0,0,0,0
"AC126177.8",0,0,0,0,0,0,0,0,0,0
"AC126177.4",0,0,0,0,0,0,0,0,0,0
"WSCD2",0,1,0,1,0,0,1,0,0,0
"CMKLR1",3,2,1,0,2,0,1,1,0,0
"LINC01498",0,0,0,0,0,0,0,0,0,0
"FICD",0,0,0,0,0,0,1,0,0,1
"SART3",0,2,4,0,3,0,3,4,1,2
"ISCU",4,2,3,1,0,5,4,11,3,4
"TMEM119",0,0,0,0,0,0,0,0,0,0
"SELPLG",0,0,1,0,1,0,0,0,0,0
"AC007569.1",1,0,0,0,0,0,0,0,1,0
"CORO1C",5,5,8,2,7,4,8,1,6,9
"SSH1",4,4,4,5,8,3,6,3,1,3
"DAO",0,0,0,0,0,0,0,0,0,0
"SVOP",2,0,4,3,0,0,1,0,0,0
"USP30",1,1,1,1,0,1,4,1,3,1
"USP30-AS1",0,0,0,0,0,0,0,0,0,0
"ALKBH2",2,0,1,0,0,2,0,0,1,0
"UNG",2,1,1,2,4,0,1,0,1,0
"ACACB",4,4,8,5,5,2,5,2,4,3
"FOXN4",0,0,0,0,0,0,1,0,0,1
"MYO1H",0,0,0,0,0,1,1,0,0,1
"AC007570.1",0,0,0,0,0,0,0,0,0,0
"KCTD10",0,2,2,1,2,2,7,0,1,1
"UBE3B",1,0,4,0,3,1,5,2,4,6
"MMAB",0,2,0,1,0,1,1,3,1,5
"MVK",2,0,1,0,2,0,1,0,0,0
"FAM222A",1,0,1,1,1,2,2,1,2,1
"FAM222A-AS1",1,1,0,2,0,0,1,0,0,2
"TRPV4",0,0,0,0,0,0,0,0,0,0
"GLTP",2,7,6,7,9,2,11,2,3,7
"AC007834.1",0,0,0,0,0,0,0,0,0,0
"TCHP",1,1,4,2,4,2,4,0,2,5
"GIT2",4,2,4,3,7,5,8,2,3,2
"ANKRD13A",1,1,0,0,1,4,5,0,0,0
"C12orf76",8,4,4,6,7,1,9,1,2,9
"IFT81",4,0,3,0,1,1,2,1,0,1
"ATP2A2",14,6,9,2,11,7,13,11,4,10
"ANAPC7",1,4,1,1,7,2,7,1,4,6
"ARPC3",6,0,8,2,6,8,18,9,11,10
"GPN3",1,0,1,0,2,3,0,0,0,5
"FAM216A",1,0,0,0,3,0,2,1,0,0
"VPS29",3,2,3,1,7,2,12,4,5,4
"RAD9B",0,0,0,0,0,0,2,0,0,1
"PPTC7",1,1,2,2,2,3,3,2,2,3
"TCTN1",0,1,2,0,0,1,0,1,1,0
"HVCN1",0,0,1,0,1,0,1,1,3,1
"PPP1CC",5,2,1,6,3,4,8,2,4,9
"AC002375.1",0,0,0,0,0,0,0,0,0,0
"CCDC63",0,0,0,0,0,0,0,0,0,0
"MYL2",0,0,0,0,0,0,0,0,0,0
"LINC01405",0,0,0,0,0,0,0,0,0,0
"AC002351.1",0,0,0,0,0,0,0,0,0,0
"CUX2",3,2,1,0,1,1,1,1,0,0
"PHETA1",0,1,1,0,0,0,1,0,1,0
"LINC02356",2,0,1,0,0,0,0,0,0,0
"SH2B3",2,0,2,0,5,2,6,1,3,7
"ATXN2",17,8,20,9,23,12,23,11,17,35
"BRAP",1,2,1,1,3,0,6,1,1,3
"ACAD10",4,0,1,1,3,0,4,0,0,2
"AC002996.1",0,1,0,0,1,1,0,0,0,1
"ALDH2",3,1,3,2,8,7,5,2,3,7
"MAPKAPK5-AS1",1,2,4,1,3,0,4,0,2,3
"MAPKAPK5",1,0,2,1,3,2,1,3,2,1
"TMEM116",1,2,0,1,1,1,1,3,0,7
"ERP29",4,0,5,3,8,5,5,2,5,6
"AC073575.2",0,0,0,0,0,0,0,0,0,0
"NAA25",5,6,4,1,4,0,7,1,3,3
"AC073575.1",0,0,0,0,0,0,0,0,0,0
"TRAFD1",2,0,2,1,0,0,4,2,0,0
"HECTD4",11,10,8,2,11,6,11,5,11,20
"AC004217.1",0,0,0,0,0,0,0,0,0,0
"RPL6",9,7,9,2,14,20,20,37,13,8
"PTPN11",1,2,4,1,3,1,4,5,5,14
"RPH3A",4,2,1,0,0,0,2,1,0,1
"OAS1",0,1,2,1,1,0,2,2,0,1
"AC004551.1",3,1,0,0,1,0,0,0,1,0
"OAS3",1,1,1,0,3,0,1,0,0,0
"OAS2",0,2,0,0,2,0,5,1,2,1
"DTX1",1,0,0,0,0,0,0,0,0,1
"RASAL1",0,2,1,0,1,1,2,0,0,2
"CFAP73",0,0,0,0,0,0,0,0,0,0
"DDX54",2,1,1,0,1,1,3,1,0,4
"RITA1",0,0,1,0,2,2,2,1,0,2
"AC089999.1",0,0,0,0,0,0,0,0,0,0
"IQCD",0,1,1,0,1,2,0,0,0,0
"TPCN1",17,2,9,3,9,4,7,3,7,10
"SLC8B1",3,1,0,0,7,1,3,1,5,1
"PLBD2",1,0,1,0,0,2,0,2,1,2
"SDS",0,0,1,0,0,0,0,0,0,0
"SDSL",1,0,0,0,0,0,0,0,0,0
"LINC01234",0,0,0,0,0,0,0,0,1,0
"RBM19",0,1,2,5,1,0,5,1,0,3
"AC073863.1",0,0,0,0,1,0,0,0,0,0
"TBX5",0,0,0,0,0,0,0,0,1,0
"TBX3",1,1,1,2,1,3,8,4,2,0
"AC026765.2",0,0,0,0,1,1,0,0,0,0
"AC078880.1",0,0,0,0,0,0,0,0,0,0
"AC009803.2",0,0,0,0,0,0,0,0,0,0
"AC009803.1",0,0,0,0,0,0,0,0,0,0
"AC009387.1",0,0,0,0,0,0,0,0,0,0
"LINC02463",0,0,0,0,0,0,0,1,0,0
"MED13L",11,15,45,19,40,26,60,41,31,49
"AC012157.1",0,0,0,0,0,0,0,0,0,0
"AC079384.1",0,0,0,0,0,0,0,0,0,0
"MAP1LC3B2",0,1,0,0,0,0,1,0,0,0
"AC125603.4",0,0,0,0,0,0,0,0,0,0
"AC125603.3",0,0,0,0,0,0,0,0,0,1
"AC125603.2",0,0,0,0,0,0,0,0,1,0
"AC125603.1",0,0,0,0,0,0,0,0,0,0
"C12orf49",0,2,0,0,0,2,2,2,2,0
"RNFT2",0,0,1,0,0,0,0,0,0,0
"HRK",1,0,0,0,0,0,0,0,2,0
"FBXW8",4,3,1,0,6,2,4,4,2,2
"AC083806.2",0,0,0,0,0,0,0,0,0,0
"AC127164.1",0,0,1,1,0,0,1,0,0,0
"TESC",1,4,2,4,5,1,6,7,0,1
"TESC-AS1",0,0,0,0,0,0,0,0,0,0
"FBXO21",2,5,5,2,3,3,11,6,4,7
"NOS1",1,0,0,0,3,2,0,2,0,3
"KSR2",0,4,0,2,4,0,2,1,0,3
"RFC5",0,2,2,1,0,1,0,0,0,3
"AC131159.2",0,0,0,0,0,0,1,0,0,0
"WSB2",7,2,2,1,4,1,2,0,0,4
"VSIG10",3,2,4,3,5,0,9,3,1,1
"AC131238.1",0,0,0,0,0,0,0,0,0,0
"PEBP1",29,22,31,11,25,11,15,15,6,14
"TAOK3",10,5,12,2,24,7,13,6,10,25
"AC026367.1",0,0,0,0,0,0,0,0,0,0
"SUDS3",2,1,1,1,1,1,2,2,2,2
"AC026367.3",0,0,0,0,0,0,0,0,0,0
"AC026367.2",0,0,0,0,0,0,0,0,0,0
"LINC02440",0,0,0,0,0,0,0,0,0,0
"LINC02439",0,0,0,0,0,0,0,0,0,0
"AC087863.1",0,0,0,0,0,1,0,0,0,0
"SRRM4",2,2,3,0,4,1,1,1,0,1
"AC084361.1",0,0,0,0,0,0,0,0,0,0
"HSPB8",0,2,2,0,1,2,1,1,0,2
"AC084880.2",0,0,0,0,0,0,0,0,0,0
"LINC00934",0,0,0,0,0,0,0,0,0,0
"CCDC60",0,1,2,1,7,0,5,2,0,0
"AC002070.1",0,3,2,0,5,1,12,4,2,1
"TMEM233",0,0,0,2,0,0,2,0,0,0
"PRKAB1",0,1,1,0,1,3,2,0,3,2
"CIT",2,4,5,0,2,2,5,0,0,2
"AC002563.1",0,0,0,0,0,0,0,0,0,0
"BICDL1",1,0,0,0,2,1,1,1,0,3
"RAB35",1,4,1,0,7,1,2,1,1,2
"AC004812.2",0,0,1,0,0,0,0,0,0,1
"GCN1",0,2,3,1,3,1,2,0,1,1
"RPLP0",9,11,5,4,6,24,30,22,17,6
"PXN-AS1",0,0,0,0,0,0,0,0,0,0
"PXN",6,6,7,6,9,1,18,5,2,10
"AC004263.1",1,0,0,0,0,0,0,0,0,0
"SIRT4",1,0,0,1,1,0,0,1,0,1
"PLA2G1B",0,0,0,0,0,0,0,0,0,0
"MSI1",0,0,1,0,1,0,0,0,0,1
"AC003982.1",0,0,0,0,0,0,0,0,0,0
"COX6A1",0,1,0,0,1,2,1,0,0,0
"AL021546.1",0,0,0,0,0,0,0,0,0,0
"TRIAP1",0,2,1,0,0,0,0,2,1,0
"GATC",0,0,1,2,2,1,1,1,1,2
"SRSF9",3,1,2,0,1,2,7,5,3,3
"DYNLL1",22,11,11,4,20,23,31,26,15,17
"NRAV",0,0,0,0,0,0,0,0,0,0
"AC063943.1",0,0,0,0,0,0,0,0,0,0
"COQ5",3,0,1,0,3,1,5,1,0,3
"RNF10",3,1,4,3,6,1,3,6,2,8
"POP5",3,1,1,0,1,2,3,2,0,2
"AC125616.1",0,0,1,0,0,0,0,1,0,0
"CABP1",1,3,4,0,4,2,3,3,1,1
"MLEC",3,4,4,3,6,5,5,8,1,5
"AC069234.2",0,0,0,0,0,0,0,0,0,0
"AC069234.4",0,0,0,0,0,0,0,0,0,0
"UNC119B",0,0,1,1,1,0,0,0,1,2
"ACADS",0,0,0,0,1,1,2,2,0,1
"AC069234.1",0,0,0,0,0,0,2,1,0,0
"SPPL3",13,6,12,12,14,7,17,9,17,20
"HNF1A",0,0,0,0,2,0,0,0,0,0
"C12orf43",0,1,0,0,5,1,0,1,1,0
"OASL",0,0,0,0,0,1,0,0,1,1
"P2RX7",8,2,11,7,10,1,22,1,0,13
"AC069209.1",0,0,1,1,0,0,0,1,0,0
"P2RX4",0,2,2,0,0,0,1,3,3,5
"CAMKK2",6,2,5,1,4,0,2,1,2,3
"ANAPC5",12,10,11,1,5,5,14,11,6,14
"AC048337.1",0,0,0,0,0,0,0,0,0,0
"RNF34",4,2,3,3,4,1,3,5,3,1
"KDM2B",8,0,3,3,8,2,5,6,1,5
"AC145422.1",0,1,1,1,0,0,1,0,0,0
"ORAI1",0,0,0,0,1,0,4,1,2,3
"MORN3",0,0,0,0,0,1,0,0,0,0
"TMEM120B",3,2,2,0,1,0,3,1,1,4
"RHOF",0,0,1,0,0,0,0,0,0,0
"AC084018.1",0,0,0,0,0,0,0,0,0,0
"AC084018.2",0,0,0,0,0,0,0,0,0,0
"SETD1B",0,0,2,0,2,0,0,1,0,0
"HPD",0,0,1,0,1,0,1,0,1,1
"WDR66",2,1,4,0,1,0,0,1,0,1
"AC069503.1",1,0,0,0,0,0,0,0,0,0
"BCL7A",1,3,3,1,1,0,2,0,0,2
"MLXIP",3,3,7,1,2,2,1,2,2,3
"LRRC43",0,0,0,1,0,0,0,1,0,1
"IL31",0,0,0,0,0,0,0,0,0,0
"B3GNT4",0,0,1,0,0,0,0,0,0,0
"AC048338.1",0,0,0,0,0,0,0,0,0,0
"VPS33A",0,0,0,0,0,0,0,0,0,0
"CLIP1",2,6,8,0,10,9,12,4,6,16
"CLIP1-AS1",0,0,0,0,0,0,0,0,0,1
"ZCCHC8",0,2,7,2,5,2,4,3,3,4
"AC127002.1",0,0,0,0,0,0,0,0,0,0
"RSRC2",9,4,8,4,6,9,14,14,7,5
"KNTC1",0,0,0,0,1,0,1,0,2,2
"AC026333.4",0,0,0,0,0,0,0,0,0,0
"AC026333.3",0,1,0,0,0,0,0,0,0,0
"HCAR2",0,0,0,0,0,0,0,0,0,0
"HCAR1",0,0,1,0,0,1,0,1,0,0
"DENR",1,1,2,3,3,2,5,4,2,4
"CCDC62",1,0,1,1,1,0,0,0,1,0
"HIP1R",5,2,4,4,7,1,8,0,5,6
"VPS37B",4,5,1,1,4,2,7,2,1,1
"AC027290.1",0,0,0,0,0,0,0,0,0,0
"ABCB9",1,2,3,2,4,1,1,0,0,6
"OGFOD2",1,0,0,0,1,0,0,0,3,2
"ARL6IP4",5,7,3,5,8,7,16,12,9,12
"PITPNM2",5,8,11,8,8,0,10,6,3,7
"MPHOSPH9",2,1,7,0,4,2,4,5,0,3
"C12orf65",1,1,5,0,2,0,2,4,2,3
"AC068768.1",0,0,0,0,0,1,0,0,0,0
"CDK2AP1",0,0,0,0,0,0,0,0,0,0
"SBNO1",4,1,5,4,7,6,9,9,2,4
"AC137767.1",2,0,0,0,0,0,0,1,1,0
"KMT5A",0,0,1,1,1,3,5,1,1,2
"RILPL2",2,3,4,2,2,2,4,1,1,1
"SNRNP35",0,2,2,2,2,0,9,1,0,5
"RILPL1",7,3,5,4,4,0,4,2,3,4
"AC055713.1",0,0,1,0,0,0,0,0,0,0
"TMED2",4,4,1,4,1,5,14,3,3,7
"DDX55",0,2,0,0,1,1,2,0,0,3
"EIF2B1",1,2,3,1,1,1,3,4,0,3
"GTF2H3",3,2,1,0,1,1,4,2,0,1
"TCTN2",0,0,2,0,2,0,1,1,0,0
"AC117503.1",0,0,0,0,0,0,1,1,0,1
"ATP6V0A2",1,1,3,1,4,3,4,4,1,3
"DNAH10",0,0,0,0,0,0,1,1,0,0
"CCDC92",4,0,7,2,7,0,7,3,1,7
"ZNF664",0,0,0,0,0,0,0,0,0,0
"RFLNA",0,0,1,1,1,0,0,0,2,1
"NCOR2",2,4,5,7,9,2,12,6,3,16
"AC073592.1",0,0,0,0,0,0,0,0,0,0
"SCARB1",10,19,12,22,9,10,35,17,4,5
"UBC",44,28,33,44,34,33,93,65,34,22
"DHX37",0,1,0,2,2,0,2,0,0,1
"BRI3BP",2,4,1,0,1,0,3,3,1,2
"THRIL",0,0,0,0,0,0,0,0,0,0
"AACS",1,3,2,3,2,2,1,2,0,2
"AC122688.2",0,0,0,0,0,0,0,0,0,0
"TMEM132B",3,0,5,1,4,3,2,2,2,1
"LINC00939",0,0,0,0,0,0,0,0,0,0
"AC005186.1",0,0,0,0,0,0,0,0,0,0
"LINC02359",0,0,0,0,0,0,0,0,0,0
"AC007368.2",0,0,0,0,0,0,0,0,0,0
"LINC02347",0,0,0,0,0,0,0,0,0,0
"AC006065.4",0,0,0,0,0,0,0,0,0,0
"AC069235.1",0,0,0,0,0,0,0,0,0,0
"LINC00943",0,0,0,0,0,0,0,0,0,0
"LINC00944",0,0,0,0,0,0,0,0,0,1
"LINC02405",0,0,1,0,0,0,0,0,1,0
"AC079949.1",0,0,0,0,0,1,0,0,0,0
"AC079949.2",0,0,0,0,0,0,0,0,0,0
"AC087894.2",0,0,0,0,0,0,0,0,0,0
"LINC02393",0,0,0,0,0,0,0,0,0,0
"LINC00507",0,0,0,0,0,0,0,0,0,0
"LINC00508",0,0,0,0,0,0,0,0,0,0
"LINC02369",0,0,0,0,0,0,1,1,0,0
"TMEM132C",33,13,15,9,24,3,32,9,20,23
"SLC15A4",1,0,2,3,0,3,4,2,1,2
"AC108704.1",0,0,0,0,0,0,0,0,0,0
"GLT1D1",0,1,2,1,0,0,1,0,0,0
"TMEM132D",2,1,4,5,4,2,2,4,0,3
"TMEM132D-AS1",0,0,0,0,0,0,0,0,0,0
"AC055717.2",0,0,0,0,0,0,0,0,0,0
"AC135388.1",0,0,0,0,0,0,0,0,0,0
"FZD10",0,0,0,0,4,0,1,0,0,0
"AC026336.2",0,0,0,0,0,0,0,0,0,0
"PIWIL1",0,1,0,0,0,0,0,0,0,1
"RIMBP2",1,2,3,0,2,2,0,0,1,0
"AC095350.1",0,0,0,0,0,0,0,0,0,0
"STX2",5,0,2,1,2,2,2,1,1,5
"AC073912.1",0,0,0,0,0,0,0,0,0,0
"RAN",3,7,4,2,4,6,13,8,8,9
"ADGRD1",2,0,5,5,3,2,6,5,2,3
"AC078925.1",0,0,0,0,0,0,0,0,0,0
"LINC01257",0,0,0,0,0,0,0,0,0,0
"LINC02415",0,0,0,0,0,0,0,0,0,0
"AC073578.2",0,0,0,0,0,0,0,0,0,0
"AC073578.1",0,0,0,0,0,0,0,0,0,0
"AC117500.1",0,0,0,0,0,0,0,0,0,0
"SFSWAP",5,5,6,4,5,2,13,6,5,13
"MMP17",2,0,1,1,2,1,0,1,0,0
"AC131009.2",0,0,0,0,0,0,1,0,0,0
"ULK1",3,2,2,1,2,0,0,1,1,2
"AC131009.1",0,0,0,0,0,0,0,0,0,0
"PUS1",1,0,1,0,1,1,2,1,0,1
"EP400",2,3,7,2,5,2,8,6,5,8
"DDX51",1,0,1,0,1,0,2,1,1,0
"NOC4L",1,0,0,1,0,0,0,0,0,1
"AC138466.3",0,0,0,0,0,0,0,0,0,0
"LINC02361",0,0,0,0,0,0,0,0,0,0
"GALNT9",1,2,3,0,1,0,0,1,0,0
"AC148477.2",0,0,0,0,0,0,0,0,0,0
"AC148477.1",0,0,0,0,0,0,0,0,0,0
"FBRSL1",0,0,1,0,1,0,4,2,1,2
"AC131212.1",0,0,0,0,0,0,0,0,0,0
"LRCOL1",0,1,0,0,0,0,1,0,0,0
"P2RX2",0,0,0,0,0,0,0,0,0,0
"POLE",1,0,1,3,3,0,4,1,2,4
"PXMP2",0,0,0,0,0,0,0,0,0,0
"AC135586.2",0,0,0,0,0,0,0,1,0,1
"PGAM5",0,1,1,1,1,0,1,0,0,0
"ANKLE2",1,0,3,2,1,3,6,3,1,1
"GOLGA3",1,2,2,2,1,5,3,3,3,7
"CHFR",3,0,5,1,5,1,2,6,3,4
"AC127070.1",0,0,0,0,0,0,0,0,0,0
"AC127070.2",0,0,0,0,0,0,0,0,0,0
"ZNF26",1,1,0,2,4,3,2,1,1,0
"AC073911.1",0,0,0,0,0,0,0,0,0,0
"ZNF84",3,1,3,0,4,3,7,4,2,5
"ZNF140",1,0,1,0,1,1,0,0,1,4
"ZNF891",3,1,2,1,2,2,2,0,0,0
"AC026786.2",0,0,0,0,0,0,1,0,0,1
"ZNF10",0,0,0,0,0,0,0,0,0,0
"AC026786.1",0,0,0,0,0,1,0,0,0,0
"ZNF268",0,0,0,2,0,0,2,0,2,1
"FAM230C",0,0,0,0,0,0,0,0,0,0
"LINC00349",0,0,0,0,0,0,0,0,0,0
"LINC00387",0,0,0,0,0,0,0,0,0,0
"TUBA3C",0,0,0,0,0,0,0,0,0,0
"AL139327.2",0,0,0,0,0,0,0,0,0,0
"TPTE2",2,0,0,0,0,1,1,0,1,1
"MPHOSPH8",13,8,16,6,23,10,26,12,5,24
"PSPC1-AS2",0,0,0,0,0,0,0,0,0,0
"PSPC1",13,0,8,4,15,6,15,13,7,16
"ZMYM5",7,4,3,0,6,7,6,9,4,7
"AL355001.1",1,0,0,0,0,0,2,0,0,2
"AL355001.2",0,2,0,0,0,0,0,0,0,0
"ZMYM2",15,6,6,11,16,9,37,19,13,36
"GJA3",0,0,0,0,0,0,0,0,0,0
"GJB2",1,0,0,0,0,0,0,0,0,5
"GJB6",1,0,0,0,4,0,0,0,3,10
"CRYL1",3,2,3,0,4,3,3,3,2,6
"AL590096.1",0,0,0,0,0,0,0,0,0,1
"IFT88",2,2,3,5,7,0,8,1,3,2
"AL161772.1",0,0,0,0,0,0,1,0,0,1
"IL17D",0,0,0,0,2,0,2,0,0,1
"EEF1AKMT1",4,1,2,0,2,0,0,0,0,5
"XPO4",4,3,5,2,9,4,9,6,1,11
"LATS2",2,5,2,4,2,4,9,4,2,9
"LATS2-AS1",1,0,0,0,0,0,0,0,0,1
"SAP18",2,7,5,3,6,3,12,8,2,3
"SKA3",0,0,0,0,0,0,0,0,1,1
"MRPL57",1,5,1,1,2,2,1,6,2,1
"LINC00539",0,0,0,0,0,0,0,1,1,1
"ZDHHC20",10,5,13,11,10,8,20,7,3,23
"MICU2",3,2,7,6,9,8,17,5,7,10
"FGF9",0,0,1,0,0,0,1,0,0,1
"AL136962.1",0,0,1,0,0,0,1,2,0,0
"LINC00621",0,0,0,0,0,0,0,0,0,0
"AL157931.1",0,0,0,0,0,0,0,0,0,0
"SGCG",0,0,0,0,0,1,0,0,0,0
"SACS",2,3,3,5,4,2,2,1,3,2
"SACS-AS1",0,0,0,0,0,0,0,0,0,0
"LINC00327",3,0,0,0,0,2,0,0,0,0
"TNFRSF19",1,1,5,0,3,4,3,4,2,2
"MIPEP",1,2,1,0,0,1,3,1,0,3
"C1QTNF9B",0,0,0,0,0,0,0,0,0,0
"SPATA13-AS1",0,0,0,0,0,0,0,0,0,0
"C1QTNF9",0,0,0,0,0,0,0,0,0,0
"C1QTNF9-AS1",0,0,1,0,0,0,0,0,0,0
"LINC00566",0,0,0,0,0,0,0,0,0,0
"PARP4",2,5,6,1,5,3,10,6,4,7
"ATP12A",0,0,1,0,0,1,0,1,2,0
"RNF17",0,0,0,0,0,0,0,0,0,0
"CENPJ",0,0,1,0,1,2,4,1,0,2
"PABPC3",0,0,0,0,0,0,1,0,0,0
"AMER2",3,8,6,11,10,5,22,5,3,10
"LINC00463",0,1,0,0,0,0,1,1,0,0
"LINC01076",0,0,0,0,0,0,0,0,0,0
"MTMR6",1,1,3,3,1,1,6,1,3,5
"AL590787.1",0,0,0,0,0,0,0,0,0,0
"NUP58",2,1,6,0,7,3,7,5,2,7
"ATP8A2",1,2,5,1,7,1,3,2,0,2
"SHISA2",0,1,0,0,0,0,0,0,0,0
"RNF6",0,0,0,0,3,0,4,1,0,4
"AL138966.2",0,0,1,0,0,0,0,0,0,0
"CDK8",5,2,9,1,6,1,18,8,5,8
"WASF3",1,0,5,4,4,2,4,2,6,6
"WASF3-AS1",0,0,1,0,0,0,0,0,0,2
"GPR12",0,0,0,0,1,0,0,0,0,0
"AL160035.1",0,0,0,0,0,0,1,0,0,0
"USP12",6,7,4,3,4,3,9,7,3,8
"USP12-AS1",0,1,0,0,0,0,2,0,0,0
"USP12-AS2",0,0,0,0,0,0,0,0,0,0
"LINC02340",1,1,3,0,1,1,2,0,4,5
"RPL21",3,7,4,1,8,18,21,35,21,18
"RASL11A",0,0,0,0,0,0,0,1,0,1
"GTF3A",3,2,3,0,2,2,4,1,3,4
"MTIF3",5,3,8,2,12,4,8,5,3,5
"LNX2",1,1,2,0,2,0,4,2,2,7
"POLR1D",0,2,3,1,3,3,3,5,3,3
"AL136439.1",0,0,0,0,0,0,0,0,0,0
"PLUT",0,0,0,0,0,0,0,0,0,0
"URAD",0,0,0,0,0,0,0,0,0,0
"FLT3",1,0,1,3,1,0,1,2,0,2
"PAN3-AS1",0,0,0,0,0,0,0,0,0,0
"PAN3",16,4,26,10,18,5,19,8,9,21
"FLT1",36,101,95,65,102,44,410,89,29,81
"POMP",7,11,10,5,8,10,21,20,11,6
"SLC46A3",3,1,1,0,4,2,6,1,2,5
"MTUS2",6,3,9,8,11,5,9,5,1,2
"MTUS2-AS2",0,0,0,0,0,0,0,0,0,0
"MTUS2-AS1",1,0,0,0,0,0,0,0,0,0
"SLC7A1",10,11,22,12,24,15,51,6,22,33
"UBL3",4,3,4,6,5,4,10,8,8,5
"LINC00544",0,0,0,0,0,0,0,1,0,0
"LINC00365",0,0,0,0,0,0,0,0,0,0
"LINC00384",0,0,0,0,0,0,0,0,0,0
"KATNAL1",4,2,6,2,4,2,4,3,4,4
"LINC00427",0,1,0,0,0,0,0,0,0,0
"LINC00426",0,0,0,0,0,0,0,0,0,0
"UBE2L5",0,0,0,0,0,0,0,0,0,0
"HMGB1",18,9,19,5,13,24,35,30,22,27
"USPL1",0,0,2,1,3,4,1,3,3,4
"ALOX5AP",0,0,0,0,0,0,2,0,0,0
"LINC00398",0,0,0,0,0,0,0,0,0,0
"TEX26-AS1",0,0,1,0,0,0,0,0,1,0
"LINC00545",0,0,0,0,0,0,0,0,0,0
"MEDAG",1,0,0,0,0,0,0,1,0,1
"TEX26",0,0,0,0,0,0,1,0,0,0
"HSPH1",4,4,4,2,2,10,10,3,2,18
"B3GLCT",2,0,4,0,5,4,3,4,6,9
"RXFP2",0,0,0,0,0,0,0,0,0,0
"FRY",24,11,22,16,23,10,24,18,21,16
"FRY-AS1",1,0,1,0,1,0,0,1,0,1
"ZAR1L",0,0,0,0,0,0,0,0,0,0
"BRCA2",0,0,0,0,1,1,0,1,0,0
"N4BP2L1",6,4,4,1,5,4,7,8,3,4
"N4BP2L2",58,28,49,23,71,55,122,74,65,113
"PDS5B",12,10,11,10,21,16,29,23,9,14
"AL138820.1",1,0,0,0,0,0,0,0,0,0
"KL",0,0,0,0,0,0,0,0,0,1
"STARD13",16,13,18,16,31,8,32,15,11,28
"AL139383.1",6,1,8,1,1,1,7,2,5,3
"RFC3",1,0,2,1,2,3,5,4,1,3
"LINC02343",1,1,1,0,0,0,0,0,0,1
"LINC00457",0,0,0,0,0,0,0,0,0,0
"AL161716.1",0,0,0,0,1,0,0,0,0,0
"AL138690.1",0,0,0,0,0,0,0,0,0,0
"NBEA",17,13,18,9,33,14,14,16,17,28
"MAB21L1",0,0,0,1,0,0,0,0,0,0
"DCLK1",13,10,11,6,8,3,28,4,8,17
"SOHLH2",0,0,0,0,0,0,0,0,0,0
"CCDC169-SOHLH2",0,0,0,0,0,0,0,0,0,0
"SPART",7,3,15,4,8,9,12,12,7,17
"SPART-AS1",0,0,0,0,1,0,0,1,0,2
"CCNA1",0,0,1,0,0,0,0,0,0,0
"SERTM1",0,0,0,0,0,0,0,0,0,0
"RFXAP",0,1,1,0,3,0,0,1,1,4
"SMAD9",2,10,5,2,8,4,15,3,4,18
"ALG5",2,1,1,1,3,2,1,2,3,5
"EXOSC8",0,0,1,0,3,1,2,2,0,4
"SUPT20H",4,5,2,0,4,6,9,9,5,8
"CSNK1A1L",0,0,0,0,0,0,0,0,0,0
"POSTN",0,0,1,0,0,1,1,1,0,0
"TRPC4",5,7,4,9,5,8,20,18,13,7
"LINC02334",1,0,1,0,1,1,2,0,0,2
"LINC00571",1,0,2,0,1,0,5,1,0,3
"UFM1",5,1,1,4,8,6,13,7,4,2
"LINC00437",0,0,0,0,0,0,0,0,0,0
"FREM2",0,0,0,1,0,0,0,1,3,3
"FREM2-AS1",0,0,0,0,0,0,0,0,0,0
"STOML3",0,0,0,0,0,0,0,0,1,0
"PROSER1",0,1,0,1,0,1,0,1,1,0
"NHLRC3",7,3,1,4,4,2,3,2,3,10
"AL354809.1",2,3,2,3,5,1,1,0,4,2
"LHFPL6",60,49,76,47,106,36,103,92,73,62
"COG6",2,2,6,4,5,3,7,7,4,2
"LINC00598",3,0,1,0,1,0,2,0,0,4
"FOXO1",8,16,8,9,12,8,17,14,7,93
"MRPS31",1,2,5,0,2,2,9,4,3,7
"SLC25A15",0,1,2,0,0,0,0,0,0,0
"ELF1",6,12,16,6,17,5,27,10,12,31
"WBP4",6,5,5,1,5,3,9,8,4,6
"KBTBD6",1,1,0,0,2,1,0,1,0,0
"AL354696.2",2,0,1,2,0,0,1,0,1,1
"KBTBD7",2,0,0,1,0,2,3,2,3,1
"MTRF1",1,0,0,0,1,0,2,1,2,0
"NAA16",3,2,5,4,4,2,6,4,2,6
"RGCC",11,17,9,12,9,29,93,18,22,26
"VWA8",11,2,5,8,16,2,7,9,5,11
"VWA8-AS1",0,0,0,0,0,1,0,0,0,0
"DGKH",6,7,12,0,17,8,21,8,10,13
"AKAP11",7,2,3,5,5,2,6,4,0,11
"LINC02341",0,1,0,0,1,1,1,0,1,1
"TNFSF11",0,0,0,0,0,0,1,0,0,0
"FAM216B",0,0,0,0,0,0,0,0,0,0
"EPSTI1",1,5,5,1,15,4,3,8,4,3
"DNAJC15",0,3,3,1,3,6,11,4,11,10
"ENOX1",16,10,12,16,16,7,17,5,6,26
"ENOX1-AS2",0,0,0,0,0,0,0,0,0,0
"ENOX1-AS1",0,0,0,0,0,0,0,0,0,0
"AL162713.1",0,0,0,0,0,0,0,0,0,0
"CCDC122",1,2,1,1,3,4,5,5,4,3
"LACC1",0,0,0,0,0,0,0,0,0,0
"AL512506.3",0,0,0,0,1,0,1,0,0,1
"LINC00284",0,0,0,0,0,0,0,0,1,0
"LINC00390",0,0,0,0,0,0,0,0,0,0
"SMIM2-AS1",0,0,0,1,0,0,0,2,0,0
"SMIM2",0,0,0,0,0,0,0,0,0,0
"AL589745.1",0,0,0,0,0,0,0,0,0,0
"AL138960.1",1,0,0,0,1,0,0,1,1,0
"SERP2",2,6,2,3,4,1,2,2,2,3
"TUSC8",0,0,0,0,0,0,0,0,0,0
"TSC22D1",34,43,44,30,47,96,148,78,71,53
"TSC22D1-AS1",0,0,0,0,0,0,0,0,0,0
"LINC00407",0,0,1,0,0,0,0,0,0,0
"AL356515.1",0,0,0,0,0,0,0,1,0,0
"NUFIP1",2,0,0,0,2,1,2,1,0,2
"AL359706.1",2,3,3,0,3,0,0,1,1,3
"GPALPP1",2,3,7,1,3,1,9,5,4,2
"GTF2F2",6,2,3,6,3,7,4,5,3,7
"KCTD4",0,1,0,0,1,0,0,1,1,1
"TPT1",14,19,14,18,23,31,36,60,28,26
"AL138963.3",0,0,0,0,0,0,0,0,0,0
"AL138963.1",0,1,0,0,0,0,0,0,0,0
"SLC25A30",0,0,1,0,1,1,0,2,0,0
"SLC25A30-AS1",0,0,1,0,0,0,0,0,0,0
"COG3",4,2,2,0,1,3,4,6,1,4
"ERICH6B",0,0,0,0,0,0,0,0,0,0
"LINC01055",0,0,0,0,0,0,0,0,0,0
"SPERT",0,0,0,0,0,0,0,0,0,0
"SIAH3",0,0,0,0,0,0,0,0,0,0
"ZC3H13",6,4,7,7,16,5,19,7,5,14
"CPB2-AS1",1,10,6,3,3,1,6,0,0,9
"CPB2",0,1,1,0,0,0,2,0,0,4
"LCP1",0,0,0,0,0,0,0,0,0,0
"LRRC63",3,1,2,3,0,0,8,1,1,6
"RUBCNL",0,0,0,1,0,0,3,0,0,0
"LINC01198",0,0,0,0,0,0,0,0,0,0
"AL138686.1",2,1,6,4,3,6,9,12,5,6
"LRCH1",5,21,8,8,22,7,33,15,5,21
"ESD",7,3,1,0,4,9,14,13,6,5
"HTR2A",0,1,2,0,3,1,0,0,0,0
"HTR2A-AS1",0,0,0,0,0,0,0,0,0,0
"SUCLA2",1,2,5,2,1,4,4,5,2,9
"SUCLA2-AS1",0,0,0,0,0,0,0,0,0,0
"NUDT15",0,0,0,0,0,3,1,6,0,0
"AL158196.1",0,0,0,0,0,0,0,0,0,0
"MED4",3,4,1,1,4,7,9,2,9,5
"MED4-AS1",0,0,0,0,0,0,0,0,0,0
"ITM2B",31,18,32,17,20,39,57,48,37,39
"RB1-DT",0,0,0,0,0,0,0,0,0,0
"RB1",10,7,11,7,16,15,27,20,10,24
"LPAR6",9,3,3,1,13,9,13,9,3,5
"RCBTB2",1,2,0,0,0,2,1,5,2,4
"LINC01077",0,0,0,0,0,0,0,0,0,0
"CYSLTR2",2,4,0,3,3,6,10,7,0,0
"AL161421.1",0,0,0,0,0,0,1,1,0,0
"FNDC3A",11,7,8,7,14,10,23,11,17,33
"CDADC1",2,2,2,0,3,3,3,0,1,2
"CAB39L",3,3,6,3,8,2,11,7,4,11
"SETDB2",1,3,0,0,6,2,2,1,0,4
"PHF11",2,0,1,1,4,2,2,5,1,4
"RCBTB1",4,1,2,0,1,1,1,1,4,3
"ARL11",0,0,0,0,0,0,0,0,0,0
"EBPL",0,0,0,0,2,3,6,3,2,1
"KPNA3",7,5,8,2,6,5,14,9,9,7
"SPRYD7",1,0,1,0,1,2,5,3,0,1
"DLEU2",41,14,23,14,35,22,54,34,20,52
"TRIM13",11,5,5,2,9,10,8,15,1,22
"KCNRG",0,0,0,0,0,0,0,0,0,0
"DLEU7",2,0,2,0,7,0,1,1,3,2
"DLEU7-AS1",0,0,0,0,1,0,1,0,0,1
"RNASEH2B-AS1",0,0,0,0,0,0,1,2,0,0
"RNASEH2B",2,0,4,2,4,3,11,2,2,8
"C13orf42",0,0,0,0,0,0,0,0,0,0
"FAM124A",5,2,1,0,7,0,3,2,1,10
"SERPINE3",0,0,0,1,0,0,0,0,0,0
"INTS6",7,3,5,8,11,9,28,13,12,22
"INTS6-AS1",0,2,2,0,3,0,3,1,2,3
"WDFY2",5,8,8,4,12,4,12,8,5,17
"AL162377.3",0,1,1,0,0,0,2,0,1,1
"AL162377.1",1,0,0,0,0,1,0,1,0,0
"ATP7B",4,7,0,1,5,0,19,3,0,1
"ALG11",0,0,1,0,0,0,4,0,1,0
"UTP14C",0,0,1,0,0,1,2,1,1,1
"NEK5",1,3,3,1,1,1,3,3,1,0
"NEK3",2,1,5,1,3,0,2,3,5,3
"THSD1",0,1,0,0,2,0,3,2,0,0
"VPS36",4,5,2,2,8,0,11,3,1,3
"AL359513.1",0,0,0,0,0,0,0,0,0,0
"CKAP2",0,1,1,1,0,0,1,0,2,1
"AL137058.1",0,0,0,0,0,0,0,0,0,0
"HNRNPA1L2",0,0,0,0,0,0,0,0,0,0
"AL139089.1",0,1,0,0,0,0,1,1,0,0
"SUGT1",4,2,3,3,10,6,6,7,4,10
"CNMD",0,0,0,1,0,0,1,0,0,0
"PCDH8",1,0,1,0,0,0,0,0,0,0
"OLFM4",0,0,0,0,0,0,0,0,0,0
"AL450423.1",1,0,0,0,0,0,0,0,0,0
"LINC00558",0,0,0,0,0,0,0,0,0,0
"AL390964.1",0,0,0,0,0,0,0,0,0,0
"LINC02335",0,0,0,0,0,0,0,0,0,1
"AL354821.1",0,0,0,0,0,0,0,0,0,0
"PCDH17",3,1,4,3,4,0,6,4,2,4
"LINC02338",0,0,0,0,0,0,0,0,0,0
"DIAPH3",0,1,0,0,0,0,0,1,0,1
"DIAPH3-AS1",0,0,0,0,0,0,0,0,0,0
"DIAPH3-AS2",0,0,0,0,0,0,0,0,0,0
"TDRD3",4,0,9,4,10,7,22,12,4,11
"LINC00378",0,0,0,0,0,0,0,0,0,0
"LINC01442",0,0,0,0,0,0,0,0,0,0
"PCDH20",0,0,0,0,0,0,0,0,0,0
"LINC01075",0,0,0,0,0,0,0,0,0,0
"LINC00448",0,0,0,0,0,0,0,0,0,0
"AL354810.1",0,0,0,0,0,0,0,0,0,0
"LINC00376",0,0,0,0,0,0,0,0,0,0
"LINC00395",0,0,0,0,0,0,0,0,0,0
"AL445989.1",0,0,0,0,0,0,0,0,0,0
"LINC00355",0,0,0,0,0,0,0,0,0,0
"PCDH9",147,128,125,139,202,84,446,92,84,358
"PCDH9-AS1",2,3,7,0,3,1,7,1,0,7
"PCDH9-AS2",19,7,15,6,20,4,21,5,3,17
"PCDH9-AS3",0,1,1,0,0,0,0,0,0,2
"PCDH9-AS4",0,0,0,0,1,0,0,0,0,0
"LINC00364",0,0,0,0,0,0,0,0,0,0
"LINC00550",0,0,0,0,0,0,0,0,0,0
"KLHL1",0,0,2,1,2,1,1,0,0,0
"ATXN8OS",0,0,0,0,1,0,0,0,0,0
"LINC00348",0,0,0,0,0,0,0,0,0,1
"DACH1",10,11,0,2,21,10,29,14,12,18
"MZT1",1,0,0,0,2,2,1,2,0,0
"BORA",0,1,0,0,0,0,0,0,0,1
"DIS3",3,0,1,1,3,2,6,3,1,3
"PIBF1",11,6,14,5,15,13,24,10,9,27
"KLF5",1,0,0,0,0,0,0,0,0,5
"LINC00393",0,0,0,0,0,0,1,2,0,0
"LINC00392",0,0,0,0,0,0,0,1,0,0
"KLF12",12,9,14,9,15,11,35,27,17,22
"LINC00402",0,0,0,0,0,0,0,0,0,0
"LINC00381",0,0,0,0,0,0,0,0,0,0
"AL355390.2",0,0,0,0,0,0,0,0,0,0
"TBC1D4",13,17,17,11,26,19,56,18,21,38
"COMMD6",1,1,2,4,5,8,9,10,3,8
"UCHL3",1,1,0,0,2,1,5,1,1,3
"LMO7-AS1",1,0,0,0,3,0,0,0,0,0
"LMO7",5,1,3,1,6,3,3,6,1,4
"LMO7DN",0,0,0,0,0,0,0,0,0,0
"AL365394.1",0,0,0,0,0,0,0,0,0,0
"KCTD12",3,10,4,6,4,9,22,11,4,3
"AC000403.1",0,0,0,0,0,0,0,0,0,0
"ACOD1",0,0,0,0,0,0,0,0,0,1
"AC001226.2",6,0,5,0,5,2,3,4,1,3
"FBXL3",2,3,1,2,1,6,9,7,4,6
"MYCBP2",16,10,17,15,23,16,32,23,23,29
"SCEL",0,0,0,0,0,0,1,0,0,0
"SCEL-AS1",0,0,0,0,0,0,0,0,0,0
"SLAIN1",9,15,9,15,14,7,36,3,7,27
"EDNRB-AS1",0,0,0,0,0,0,0,0,0,0
"EDNRB",0,0,1,2,0,1,0,2,0,0
"RNF219-AS1",0,5,0,4,6,0,3,2,2,2
"POU4F1",0,0,0,0,0,0,0,0,0,0
"RNF219",0,3,1,0,1,1,8,2,3,0
"RBM26",7,8,10,9,11,13,24,13,5,16
"RBM26-AS1",0,0,0,0,0,0,0,0,0,1
"NDFIP2",3,4,3,4,3,1,8,6,0,4
"LINC01068",0,0,0,0,0,0,0,0,0,0
"LINC00382",0,0,0,0,0,0,0,0,0,0
"LINC01080",0,0,0,0,0,0,0,0,0,0
"SPRY2",0,0,0,0,3,1,2,3,0,2
"SLITRK1",2,0,0,0,1,0,0,0,0,0
"LINC00333",0,0,0,0,0,0,0,0,0,0
"LINC00351",0,0,0,0,0,0,0,2,1,1
"SLITRK6",0,0,0,0,0,0,0,0,0,0
"AL354994.1",0,0,0,0,0,0,0,0,0,0
"LINC00430",0,0,0,0,0,0,0,1,0,0
"MIR4500HG",1,0,1,0,0,0,0,0,0,0
"SLITRK5",1,2,1,1,2,0,2,1,1,0
"LINC00397",0,0,0,0,0,0,0,0,0,0
"AL354896.1",0,0,0,0,0,0,0,0,0,0
"LINC01047",0,0,0,0,0,0,0,0,0,0
"LINC00440",0,0,0,0,0,0,0,0,0,0
"LINC01040",0,0,0,0,0,0,0,0,0,0
"LINC00559",0,0,0,0,0,0,0,0,0,0
"LINC01049",0,0,0,0,0,0,0,0,0,0
"LINC00379",0,0,0,0,0,0,1,0,0,0
"GPC5",25,12,23,32,45,33,61,30,41,34
"GPC5-AS1",0,0,0,0,0,0,0,0,0,3
"AL354811.1",0,0,0,0,0,0,0,0,0,0
"GPC6",4,1,10,8,17,6,15,5,12,160
"GPC6-AS2",0,0,0,0,0,0,0,0,0,0
"GPC6-AS1",0,0,0,0,0,0,0,0,0,4
"DCT",0,0,0,0,1,0,1,0,0,1
"TGDS",1,2,1,0,1,1,1,1,1,2
"GPR180",1,0,1,1,2,2,1,2,0,0
"SOX21",0,0,0,0,0,0,0,1,0,0
"SOX21-AS1",0,0,0,1,0,0,0,0,0,0
"ABCC4",1,14,7,1,7,6,13,3,0,8
"CLDN10",0,0,1,0,2,0,1,1,1,0
"CLDN10-AS1",0,0,0,0,0,0,0,0,0,0
"DZIP1",1,1,3,1,2,0,0,2,3,0
"DNAJC3-DT",3,0,0,1,0,2,1,0,1,4
"DNAJC3",3,1,4,2,8,12,9,13,7,17
"UGGT2",4,8,13,6,8,16,22,18,11,18
"HS6ST3",4,2,6,6,5,1,3,6,0,5
"AL353581.1",0,0,0,0,0,0,0,0,0,0
"OXGR1",0,0,0,0,0,0,0,0,0,0
"MBNL2",23,12,18,7,21,10,30,8,14,39
"RAP2A",5,4,4,2,2,2,8,5,3,4
"AL359502.1",0,0,0,0,0,0,0,0,0,0
"AL356580.1",0,0,0,0,0,0,0,0,0,0
"IPO5",2,0,1,4,4,4,4,3,1,4
"FARP1",6,4,10,8,12,7,16,8,6,8
"FARP1-AS1",0,0,0,0,0,0,0,0,0,1
"STK24",10,4,4,6,6,5,12,8,5,13
"STK24-AS1",0,0,0,0,0,0,0,0,0,0
"SLC15A1",0,0,1,0,0,0,0,1,0,0
"DOCK9",33,45,31,21,52,27,127,32,24,61
"DOCK9-AS1",0,0,0,0,0,0,2,0,0,1
"DOCK9-DT",0,0,0,0,0,0,0,0,0,0
"UBAC2-AS1",1,0,0,0,0,0,0,0,0,0
"UBAC2",8,4,5,5,7,3,9,3,2,10
"GPR18",0,0,0,0,0,0,0,0,0,0
"GPR183",0,0,0,0,1,0,0,0,0,1
"TM9SF2",5,4,7,5,11,3,13,3,4,10
"LINC00449",0,0,0,0,0,0,0,0,0,0
"CLYBL",6,1,5,0,11,1,6,8,2,7
"CLYBL-AS1",0,0,0,0,0,0,0,0,0,0
"ZIC5",0,0,0,2,0,1,6,1,2,0
"ZIC2",2,0,2,3,2,3,3,4,4,2
"AL355338.1",1,0,5,1,3,1,3,0,1,5
"PCCA",16,10,22,10,42,17,31,21,20,37
"PCCA-AS1",0,0,0,0,0,0,2,1,0,1
"GGACT",3,0,2,0,2,0,7,2,3,1
"AL136526.1",0,0,0,0,0,0,0,0,0,0
"TMTC4",5,5,5,7,10,3,12,4,4,5
"NALCN-AS1",0,2,2,1,0,1,0,0,0,0
"NALCN",12,5,7,7,8,3,11,9,6,25
"ITGBL1",2,1,2,0,0,0,1,1,0,5
"FGF14",15,9,27,9,18,4,8,2,9,8
"AL160153.1",0,0,0,0,0,0,0,0,0,1
"FGF14-AS1",0,0,0,0,0,0,0,0,0,0
"FGF14-AS2",0,0,0,0,0,0,0,0,0,0
"AL158063.1",0,0,0,0,0,0,0,0,0,0
"TPP2",3,1,6,4,6,3,6,4,3,2
"METTL21C",0,0,0,0,0,0,0,0,0,0
"CCDC168",0,0,0,0,0,0,0,0,0,0
"TEX30",0,1,1,0,0,0,2,1,0,0
"KDELC1",0,0,0,0,0,1,1,0,0,2
"ERCC5",0,0,0,0,0,0,0,0,0,0
"AL137246.1",0,0,0,0,0,0,0,0,0,0
"AL137246.2",0,0,1,0,0,0,0,0,0,0
"DAOA-AS1",0,0,0,0,0,0,0,0,0,0
"LINC00460",0,0,0,0,0,0,0,0,0,0
"EFNB2",2,1,3,6,3,4,20,3,0,6
"AL138689.2",0,0,0,0,1,0,2,0,1,0
"ARGLU1",18,15,27,13,25,17,43,34,14,38
"LINC00551",0,0,0,0,0,0,0,0,0,0
"LINC00443",0,0,0,0,0,0,2,0,0,0
"AL162574.1",0,0,0,0,0,0,0,0,0,0
"FAM155A",32,41,46,14,37,9,80,27,16,43
"AL136964.1",0,0,0,0,0,0,0,0,0,0
"LIG4",1,1,2,1,1,0,1,1,0,1
"ABHD13",0,0,2,1,1,0,5,1,1,0
"TNFSF13B",0,0,1,0,0,2,6,5,2,4
"AL138694.1",0,0,1,1,1,0,0,0,1,0
"MYO16",2,1,1,0,1,0,2,0,2,0
"MYO16-AS1",1,0,0,0,0,0,0,0,0,0
"IRS2",2,1,2,0,6,0,5,1,2,5
"AL162497.1",0,0,0,1,0,0,1,0,0,0
"AL355974.1",0,0,0,0,0,0,1,0,0,0
"AL355974.2",0,0,2,0,0,1,0,3,0,0
"COL4A1",12,3,1,2,5,27,24,20,9,26
"COL4A2",15,8,7,4,6,11,16,5,7,34
"COL4A2-AS2",0,0,0,0,0,0,0,0,0,0
"COL4A2-AS1",0,0,0,0,0,0,0,0,0,0
"RAB20",0,2,0,1,2,1,4,0,1,3
"AL139385.1",0,0,0,0,0,0,0,0,0,0
"NAXD",1,0,1,1,3,4,7,4,5,3
"CARS2",3,2,4,2,8,4,2,2,1,6
"ING1",0,0,0,0,0,1,3,2,1,1
"LINC00346",1,0,0,0,0,0,0,0,0,0
"ANKRD10",16,9,13,7,23,10,22,12,9,16
"AL442128.2",0,0,0,0,0,0,0,0,0,0
"ARHGEF7-AS2",0,0,0,0,0,0,0,0,0,0
"ARHGEF7",22,8,15,18,13,14,26,17,10,14
"TEX29",0,0,0,0,0,0,0,0,0,0
"AL359649.1",0,0,0,0,0,0,0,0,0,0
"LINC00354",0,0,0,0,0,0,0,0,0,0
"SOX1",0,0,0,0,0,0,0,0,0,0
"AL356961.1",0,0,0,0,0,0,0,0,0,0
"SOX1-OT",0,0,0,0,0,0,0,0,0,0
"LINC01044",0,0,0,0,0,0,0,0,0,0
"SPACA7",0,0,0,0,0,0,1,0,0,0
"TUBGCP3",4,1,3,2,4,3,3,3,1,4
"AL139384.2",0,0,0,0,0,0,0,0,0,0
"ATP11AUN",0,0,0,0,0,0,0,0,0,0
"AL139384.1",0,0,0,0,0,0,0,0,0,0
"ATP11A",10,3,11,1,9,5,11,8,5,9
"ATP11A-AS1",0,0,0,0,0,0,0,0,0,0
"MCF2L",2,8,5,2,6,4,29,7,2,2
"AL356740.1",0,0,0,0,0,0,1,0,0,0
"MCF2L-AS1",0,0,0,0,0,0,0,1,0,0
"F7",0,0,0,0,0,0,0,0,0,0
"F10",2,0,0,0,1,1,2,3,3,2
"F10-AS1",0,0,0,0,0,0,0,0,0,0
"AL137002.2",0,0,0,0,0,0,0,0,0,0
"PROZ",0,0,0,0,0,0,0,0,0,0
"AL137002.1",0,0,0,0,0,0,0,0,0,0
"PCID2",1,3,3,2,4,0,8,3,4,7
"CUL4A",7,4,11,2,7,3,11,7,3,8
"LAMP1",7,6,2,10,8,6,14,7,6,6
"GRTP1",0,0,0,1,0,1,2,0,0,9
"GRTP1-AS1",0,0,0,0,1,0,0,0,0,0
"ADPRHL1",1,0,0,0,0,0,0,0,0,3
"DCUN1D2",1,0,1,1,0,2,3,5,1,6
"DCUN1D2-AS",0,0,0,0,0,0,0,0,0,0
"TMCO3",4,1,3,0,4,0,2,0,1,5
"TFDP1",0,0,1,1,1,0,0,0,1,0
"GRK1",0,0,0,0,0,0,0,0,0,0
"TMEM255B",0,1,0,0,2,0,2,0,0,0
"GAS6-AS1",2,1,3,0,1,0,1,0,1,0
"GAS6",3,1,6,1,4,8,2,3,5,3
"GAS6-DT",0,0,0,0,0,0,0,0,0,0
"LINC00565",0,0,0,0,0,0,0,0,0,0
"C13orf46",0,0,0,0,0,0,0,0,0,0
"RASA3",2,0,2,0,6,0,1,3,4,3
"CFAP97D2",0,0,0,0,0,0,0,0,0,0
"AL160396.1",0,0,0,0,0,0,0,0,0,0
"CDC16",1,3,3,5,4,5,11,1,6,8
"UPF3A",5,7,13,4,7,4,10,4,8,6
"CHAMP1",0,1,0,0,0,0,0,2,3,1
"LINC01054",0,0,0,0,0,0,0,0,0,0
"CR383656.10",0,0,0,0,0,0,0,0,0,0
"AL929601.1",0,0,0,0,0,1,0,0,0,0
"POTEM",0,0,0,0,0,0,0,0,0,0
"AL589743.5",0,0,0,0,0,0,0,0,0,0
"LINC01297",0,0,0,0,0,0,0,0,0,0
"POTEG",0,0,0,1,1,0,0,0,0,0
"OR4N2",0,0,0,0,0,0,0,0,0,0
"OR4K17",0,0,0,0,0,0,0,0,0,0
"OR11G2",0,0,0,0,0,0,0,0,0,0
"OR11H4",0,0,0,0,0,0,0,0,0,0
"TTC5",0,2,1,0,2,1,1,2,1,3
"CCNB1IP1",1,3,0,0,2,0,3,1,2,2
"AL355075.4",0,0,0,0,0,0,0,1,0,0
"PARP2",0,0,3,0,1,1,2,1,2,3
"AL355075.1",0,0,0,0,0,0,1,0,0,0
"TEP1",0,1,1,0,1,1,0,0,3,4
"KLHL33",0,0,0,0,0,0,0,0,0,0
"OSGEP",1,2,3,0,2,2,4,1,4,0
"APEX1",3,1,1,0,0,1,1,0,1,0
"PIP4P1",3,1,0,1,3,3,1,0,1,1
"PNP",1,1,0,2,1,0,5,1,0,1
"RNASE10",2,0,2,0,2,2,5,2,5,2
"AL163195.2",0,0,0,1,1,0,0,0,0,0
"RNASE4",0,0,0,0,0,3,0,1,1,0
"AL163636.1",0,0,0,0,0,0,0,0,0,0
"RNASE6",0,0,0,0,0,0,0,0,0,0
"RNASE1",22,14,10,6,13,14,41,10,4,12
"RNASE3",0,0,0,0,0,0,0,0,0,0
"AL355922.5",0,0,0,0,0,0,0,0,0,0
"AL355922.1",0,0,0,0,0,0,0,0,0,0
"RNASE2",0,0,0,0,1,0,0,0,0,0
"METTL17",2,1,2,0,1,1,1,2,2,4
"AL355922.2",0,0,0,0,0,0,0,0,0,0
"SLC39A2",0,0,0,0,0,0,0,0,0,0
"NDRG2",8,5,13,13,16,12,26,10,20,11
"TPPP2",0,0,0,0,0,0,0,0,0,0
"ARHGEF40",1,2,4,0,6,1,3,6,5,4
"ZNF219",0,0,1,0,2,0,4,2,1,0
"TMEM253",0,0,0,0,0,0,0,0,0,0
"AL161668.1",0,0,0,0,0,0,0,0,0,0
"HNRNPC",11,14,13,6,11,12,25,21,19,13
"RPGRIP1",0,0,0,0,1,0,0,0,0,1
"SUPT16H",4,1,3,1,2,2,7,2,3,1
"AL135744.1",0,0,0,0,0,0,0,0,0,0
"CHD8",2,0,6,5,6,1,5,8,3,5
"RAB2B",0,0,1,1,2,1,3,0,3,2
"TOX4",4,3,3,2,3,1,8,6,3,4
"METTL3",0,2,6,0,2,0,3,0,2,5
"SALL2",0,0,0,2,1,1,1,0,1,0
"OR10G3",0,0,0,0,0,0,0,0,0,0
"OR4E2",0,0,0,0,0,0,0,0,0,0
"TRAV5",0,0,0,0,0,0,0,0,0,0
"TRDC",0,0,0,0,0,0,0,0,0,0
"TRAC",0,0,0,0,0,0,0,0,0,0
"LINC02332",0,0,0,0,0,0,0,0,0,0
"DAD1",3,3,4,1,3,7,11,6,6,4
"AC243965.2",0,0,0,0,0,0,0,0,0,0
"ABHD4",0,0,0,1,1,0,0,1,0,0
"OR6J1",0,0,0,0,0,0,0,0,0,0
"OXA1L",3,2,2,4,2,3,1,2,0,1
"SLC7A7",0,0,1,0,0,1,0,0,0,0
"MRPL52",0,3,6,7,0,3,5,6,7,1
"MMP14",2,0,2,0,2,4,0,2,4,4
"LRP10",3,3,6,1,3,5,6,6,1,5
"REM2",0,0,1,0,1,0,0,0,0,0
"RBM23",1,2,5,1,3,1,4,2,1,6
"PRMT5-AS1",0,1,0,0,0,0,0,0,0,0
"PRMT5",1,0,0,0,1,0,2,2,1,0
"AL132780.1",0,0,0,1,0,0,0,0,0,0
"HAUS4",0,1,0,0,0,1,0,2,0,0
"AL132780.3",1,0,0,0,0,0,0,1,0,0
"AL132780.2",0,1,1,0,0,0,0,1,0,1
"C14orf93",0,0,1,0,1,0,1,2,1,0
"PSMB5",5,4,2,3,3,8,10,11,5,6
"CDH24",0,0,0,0,0,0,1,0,0,0
"ACIN1",5,2,3,8,11,4,12,9,8,7
"C14orf119",1,2,3,1,2,3,6,5,1,4
"LMLN2",0,1,0,0,0,0,2,0,0,2
"CEBPE",0,0,0,0,0,0,0,0,0,0
"SLC7A8",2,1,0,0,2,0,0,0,0,3
"RNF212B",1,0,0,0,0,1,0,0,0,0
"HOMEZ",1,0,1,0,3,1,1,1,0,3
"PPP1R3E",1,1,1,1,2,0,2,4,1,8
"BCL2L2",0,0,0,0,0,1,1,0,0,1
"BCL2L2-PABPN1",1,0,0,0,1,0,2,0,0,1
"PABPN1",2,2,3,2,4,1,4,1,6,8
"SLC22A17",6,4,5,2,4,1,8,3,3,5
"EFS",2,1,1,0,1,0,2,1,5,3
"CMTM5",2,4,1,0,4,1,0,0,1,1
"MYH6",0,0,0,0,0,1,0,0,0,0
"MYH7",0,0,0,0,0,0,0,0,0,0
"NGDN",2,2,3,1,4,3,5,2,2,4
"ZFHX2",1,2,1,0,0,0,0,0,1,4
"AL135999.2",0,0,0,0,0,0,0,0,0,0
"THTPA",3,0,3,0,0,1,2,1,1,0
"AP1G2",0,0,2,0,0,2,4,2,2,1
"AL135999.1",1,0,0,0,0,0,0,1,2,1
"JPH4",1,0,4,1,3,1,1,2,2,1
"AL135999.3",0,0,0,0,0,0,0,0,0,0
"DHRS2",0,0,0,0,0,0,0,0,0,0
"LINC00596",0,0,0,0,0,0,0,0,0,0
"DHRS4-AS1",1,1,2,1,2,0,2,2,2,1
"DHRS4",0,0,0,0,0,0,0,1,1,2
"DHRS4L2",2,0,0,2,0,3,4,8,1,0
"CARMIL3",0,1,0,0,0,0,1,0,0,0
"CPNE6",0,0,0,0,0,0,0,0,0,0
"NRL",1,0,0,0,1,1,0,1,2,0
"PCK2",0,0,0,0,1,0,0,0,0,0
"DCAF11",0,0,0,0,0,0,0,0,0,0
"AL136295.3",0,0,0,0,0,0,1,0,0,0
"FITM1",0,0,0,0,0,0,0,0,0,0
"PSME1",1,4,1,2,6,9,6,4,13,5
"EMC9",0,1,0,0,0,0,2,1,0,1
"AL136295.2",0,0,0,0,0,0,0,0,0,0
"PSME2",3,0,2,0,1,1,3,2,1,0
"RNF31",0,0,0,0,1,0,0,0,0,0
"AL136295.5",1,0,3,0,0,0,1,0,0,1
"REC8",0,1,0,1,0,0,1,0,1,0
"IPO4",0,0,1,0,0,1,0,0,0,0
"AL136295.1",3,1,2,1,3,0,3,1,0,1
"AL136295.6",0,0,1,0,0,0,0,0,0,0
"CHMP4A",0,0,0,0,0,0,0,0,0,0
"MDP1",0,0,0,0,1,0,1,0,2,0
"NEDD8-MDP1",0,0,0,0,0,0,0,0,0,0
"NEDD8",1,0,0,0,0,0,0,0,0,0
"GMPR2",0,0,1,0,1,2,1,0,1,0
"TINF2",0,2,0,0,2,1,3,2,3,2
"TGM1",0,0,0,0,0,0,0,0,0,0
"RABGGTA",0,0,1,1,2,1,2,1,0,3
"DHRS1",5,0,3,0,2,1,0,1,1,3
"NOP9",0,0,0,0,0,0,0,1,0,1
"CIDEB",0,1,0,0,0,0,1,1,0,0
"LTB4R2",0,0,0,0,0,0,0,0,0,0
"LTB4R",0,1,0,1,0,0,2,0,0,0
"ADCY4",2,2,3,2,5,2,8,5,1,3
"NFATC4",1,1,4,1,5,6,2,4,7,4
"NYNRIN",0,0,2,0,1,0,1,0,0,0
"CBLN3",0,0,0,0,0,0,0,0,1,1
"KHNYN",1,0,0,0,1,2,3,2,1,1
"SDR39U1",3,6,4,1,3,3,9,7,2,9
"AL132800.1",0,0,0,0,0,0,0,0,0,0
"AL136018.1",0,0,0,0,0,0,0,0,0,0
"GZMH",0,0,0,0,0,0,0,0,0,0
"GZMB",0,0,0,0,0,0,0,0,0,0
"STXBP6",12,9,8,5,18,8,23,7,8,15
"LINC02306",0,1,2,0,0,1,0,1,0,3
"NOVA1",17,6,19,11,24,29,49,32,19,27
"LINC02588",1,0,0,0,0,0,0,1,0,1
"LINC02294",0,0,0,0,0,0,0,0,0,0
"LINC02293",0,0,0,0,0,0,0,0,0,0
"AL110292.1",1,0,0,0,0,0,3,0,0,0
"LINC00645",0,0,0,0,0,1,0,0,0,0
"AL139023.1",0,0,0,0,0,0,0,0,0,0
"LINC02300",1,0,0,0,1,0,0,0,0,0
"FOXG1-AS1",0,0,0,2,0,0,0,0,0,1
"FOXG1",1,0,1,0,1,0,1,0,0,0
"LINC01551",0,1,0,0,0,0,0,2,1,0
"LINC02282",0,0,0,0,0,0,0,0,0,0
"LINC02281",0,0,0,0,0,0,0,0,0,1
"AL049777.1",0,0,0,0,0,0,0,0,0,0
"LINC02327",0,0,0,0,0,1,0,0,0,0
"AL138974.1",0,0,0,0,0,0,0,0,0,0
"AL158058.1",0,0,0,0,0,0,1,0,0,0
"PRKD1",10,8,17,5,16,9,24,12,11,14
"AL356756.1",0,0,0,0,0,0,0,0,0,1
"AL133372.3",0,0,0,0,0,0,0,0,0,0
"AL133372.2",0,0,0,0,0,0,0,0,0,0
"G2E3-AS1",0,0,0,0,0,0,1,0,0,0
"G2E3",1,3,2,2,3,3,7,4,1,5
"SCFD1",11,7,14,4,22,6,14,10,12,15
"AL121852.1",0,0,0,0,0,0,0,0,0,0
"COCH",1,0,2,0,2,4,4,2,6,4
"AL049830.3",0,0,0,0,0,0,0,0,0,2
"STRN3",8,3,7,7,15,8,21,9,9,11
"AP4S1",0,2,0,0,0,1,1,1,2,2
"HECTD1",6,3,9,13,19,5,25,12,9,16
"AL136418.1",0,0,0,0,0,0,0,1,0,1
"HEATR5A",2,1,1,3,3,0,6,2,1,5
"AL139353.1",0,0,2,1,1,1,0,2,0,2
"AL139353.2",0,0,0,1,1,0,0,0,0,1
"GPR33",0,0,0,0,0,0,0,0,0,0
"NUBPL",5,1,4,0,6,3,4,1,5,5
"AL163973.2",0,0,0,0,0,0,0,0,1,0
"AL355112.1",0,0,0,0,0,0,0,0,0,0
"LINC02313",0,0,0,0,0,0,0,0,0,0
"AL352984.1",0,0,0,0,0,0,0,0,0,0
"ARHGAP5-AS1",0,0,0,0,0,0,0,1,0,0
"ARHGAP5",9,13,9,2,19,7,18,13,14,21
"AKAP6",18,15,17,11,19,10,35,12,5,27
"AL136298.1",2,0,2,0,0,0,0,0,0,1
"NPAS3",28,13,28,27,59,23,58,27,44,79
"EGLN3",3,0,0,0,3,2,3,2,2,2
"EGLN3-AS1",0,0,0,0,0,0,0,0,0,0
"EAPP",4,6,2,2,4,2,3,3,3,11
"SNX6",8,6,5,3,4,20,11,12,16,12
"CFL2",7,4,2,2,1,4,4,6,0,6
"BAZ1A",6,8,3,6,4,4,11,4,6,9
"AL121603.2",0,0,0,0,0,0,0,0,0,0
"SRP54",6,1,3,2,4,4,12,7,3,6
"FAM177A1",7,4,4,4,5,7,6,3,3,12
"PPP2R3C",5,1,8,1,8,7,13,3,0,9
"AL121594.1",0,0,0,0,0,0,0,0,0,0
"PSMA6",0,0,0,0,0,0,0,0,0,0
"NFKBIA",10,18,20,31,17,31,115,33,19,23
"AL133163.3",0,0,0,0,0,0,0,0,0,0
"INSM2",0,0,0,0,0,0,0,0,0,0
"RALGAPA1",13,30,31,15,36,13,54,29,20,33
"AL162311.3",0,0,0,0,0,0,0,0,0,0
"BRMS1L",6,1,4,4,3,2,5,3,2,9
"AL133304.2",0,0,0,0,0,0,0,0,0,0
"LINC00609",14,6,6,2,9,5,18,1,3,18
"PTCSC3",0,0,0,0,1,0,1,0,0,0
"AL162511.1",0,2,0,0,2,0,2,0,0,1
"MBIP",1,3,0,0,3,2,3,2,0,0
"SFTA3",0,0,1,0,0,0,0,0,0,0
"NKX2-1",0,0,0,0,0,0,0,0,0,0
"NKX2-8",0,0,0,0,0,0,0,0,0,0
"SLC25A21",1,0,1,1,3,2,0,2,3,1
"AL162464.2",0,0,0,0,0,0,0,0,0,0
"AL162464.1",0,0,0,0,0,0,0,0,0,0
"SLC25A21-AS1",0,0,0,0,0,0,0,0,0,0
"MIPOL1",3,3,8,5,9,10,9,10,11,9
"AL121790.2",0,0,0,0,0,0,0,0,0,0
"AL121790.1",0,0,0,0,0,0,0,0,0,0
"TTC6",2,1,2,1,1,5,2,0,4,2
"LINC00517",0,0,0,0,0,0,0,0,0,0
"AL359233.1",0,0,1,0,0,0,1,0,0,0
"AL392023.2",1,0,0,2,0,0,5,0,0,5
"AL392023.1",0,0,0,0,0,0,1,0,0,0
"SSTR1",1,0,0,0,0,0,0,0,0,0
"CLEC14A",2,2,0,3,4,4,18,5,7,1
"AL161751.1",0,0,0,0,0,0,0,1,1,0
"LINC00639",3,1,4,0,5,1,5,0,1,3
"SEC23A",5,5,2,3,9,6,11,5,2,11
"GEMIN2",0,0,0,0,2,0,1,1,1,1
"TRAPPC6B",1,0,2,1,1,3,8,0,5,8
"PNN",10,5,7,5,5,2,14,5,6,10
"MIA2",6,1,8,7,9,4,15,5,3,10
"AL132639.2",0,0,0,0,0,0,0,0,0,0
"FBXO33",2,1,3,0,4,2,6,3,2,3
"AL049875.1",0,0,0,0,0,0,2,0,0,3
"AL352977.2",0,0,0,0,0,0,0,0,0,0
"LINC02315",0,0,0,0,0,0,0,0,0,0
"AL121821.1",0,0,0,0,0,0,1,0,0,3
"LRFN5",6,4,5,3,12,2,5,3,7,13
"AL450442.1",0,0,1,0,0,0,0,1,0,1
"LINC02307",1,0,1,1,0,0,0,0,0,0
"AL161752.1",0,0,0,0,0,0,0,0,0,0
"LINC02277",0,0,0,0,0,0,0,0,0,0
"FSCB",0,0,0,0,0,0,0,0,0,0
"AL356022.1",0,0,0,0,0,0,0,0,0,0
"LINC02302",0,0,0,0,0,0,0,0,0,0
"AL049870.2",0,0,0,0,0,0,0,1,0,0
"C14orf28",0,2,1,0,1,0,3,1,0,0
"AL049870.3",0,0,0,0,0,1,0,0,0,1
"KLHL28",3,3,7,2,1,2,10,6,4,6
"TOGARAM1",4,4,7,2,4,4,12,3,2,12
"AL121809.1",0,0,0,0,0,0,0,0,0,0
"PRPF39",2,6,3,1,2,0,4,2,5,8
"FKBP3",4,0,5,3,1,4,5,4,2,5
"FANCM",1,0,2,2,3,0,1,0,0,2
"MIS18BP1",7,2,2,0,6,2,1,7,3,7
"AL162632.3",0,0,0,0,0,0,0,0,0,0
"AL162632.1",0,1,0,0,0,0,0,0,0,0
"LINC00871",2,1,0,0,2,0,2,2,0,2
"MDGA2",10,6,16,11,7,5,11,8,13,13
"LINC00648",0,0,0,0,0,0,0,0,0,0
"AL358335.2",0,0,0,0,0,0,0,1,0,1
"AL110505.1",0,0,0,0,0,0,0,0,0,0
"RPS29",9,1,3,3,7,13,15,18,19,7
"LRR1",1,0,1,0,0,0,0,1,0,1
"RPL36AL",10,5,9,4,7,11,20,15,9,15
"MGAT2",1,0,0,1,1,1,4,2,0,0
"AL139099.1",0,0,0,0,0,0,0,0,0,0
"DNAAF2",3,0,0,0,0,0,1,0,1,3
"POLE2",2,1,2,4,2,1,7,2,2,5
"KLHDC1",6,3,3,2,5,1,8,6,2,7
"AL591767.1",1,0,0,0,0,0,1,0,0,0
"KLHDC2",5,4,11,0,5,7,7,9,2,9
"NEMF",10,8,9,10,15,13,20,27,12,27
"AL627171.2",0,0,0,1,1,1,1,1,0,0
"AL627171.1",1,0,0,0,1,1,0,0,0,0
"ARF6",2,2,3,1,5,3,9,4,4,5
"LINC01588",2,1,0,0,0,1,2,1,1,3
"VCPKMT",1,0,0,0,3,0,1,1,0,3
"SOS2",13,6,12,6,16,7,12,10,9,13
"L2HGDH",0,1,2,0,3,2,4,2,1,1
"ATP5S",2,0,4,0,1,0,0,0,1,3
"AL359397.2",0,0,1,0,0,0,0,0,0,2
"CDKL1",5,3,7,6,7,2,3,3,0,15
"MAP4K5",10,14,15,16,26,19,36,24,16,23
"AL118556.1",0,0,0,0,1,0,0,0,0,0
"ATL1",3,1,11,6,7,3,5,3,3,6
"SAV1",3,2,0,1,3,4,7,7,1,7
"NIN",5,2,5,3,13,5,11,9,1,10
"AL358334.1",0,0,0,0,0,0,0,0,0,0
"PYGL",0,0,3,2,0,0,4,1,2,3
"ABHD12B",0,0,0,0,1,0,0,0,1,0
"AL358334.3",0,0,0,0,0,0,0,0,0,0
"AL358334.2",0,0,0,0,0,0,0,0,0,0
"TRIM9",3,5,8,4,2,6,7,4,3,11
"AL591770.1",0,0,0,0,0,0,0,0,0,0
"TMX1",3,2,5,0,4,2,5,5,6,4
"LINC00519",0,0,0,0,0,0,0,0,0,0
"LINC00640",0,0,0,0,0,0,0,0,1,0
"AL358332.1",0,0,0,0,0,0,0,0,0,0
"FRMD6-AS2",0,0,0,0,0,1,0,0,1,0
"FRMD6",26,4,19,2,12,9,11,4,16,4
"AL122125.1",1,0,0,0,0,0,0,1,0,0
"FRMD6-AS1",0,0,0,0,1,0,0,0,0,0
"AL079307.2",0,0,0,0,0,0,0,0,0,0
"GNG2",2,0,2,0,0,0,1,1,0,0
"AL358333.3",0,0,0,0,0,0,0,0,0,0
"RTRAF",5,7,5,0,3,3,9,4,3,3
"NID2",0,2,1,0,2,0,0,1,1,1
"LINC02319",0,0,1,0,0,0,0,0,0,0
"PTGDR",0,0,1,0,0,0,0,0,0,14
"PTGER2",1,0,0,0,0,0,0,0,0,0
"TXNDC16",1,0,7,0,5,2,2,4,2,6
"GPR137C",2,2,7,5,6,1,10,5,5,12
"ERO1A",15,1,5,1,4,4,22,7,2,5
"AL133453.1",0,0,0,0,1,0,4,0,1,1
"PSMC6",1,6,2,3,5,5,8,4,3,6
"STYX",0,1,0,0,0,3,1,2,1,3
"GNPNAT1",0,1,0,2,1,0,2,0,0,3
"AL139317.3",0,0,0,0,0,0,0,0,0,0
"AL139317.1",0,0,1,0,0,0,0,1,0,0
"FERMT2",4,10,10,7,11,8,18,3,10,28
"DDHD1",1,5,1,5,0,2,9,7,4,11
"AL356020.1",0,0,0,0,0,0,0,0,0,1
"LINC02331",0,0,1,0,0,0,0,0,0,1
"BMP4",1,0,0,0,0,1,0,0,2,8
"CDKN3",0,0,0,0,0,0,0,1,0,0
"CNIH1",3,1,3,1,2,4,4,3,0,1
"GMFB",0,1,1,0,3,1,4,2,1,0
"CGRRF1",3,0,0,0,4,2,2,0,2,4
"SAMD4A",7,13,11,5,14,3,14,4,6,57
"GCH1",2,2,0,1,5,3,3,2,0,7
"WDHD1",1,0,0,0,0,0,0,1,1,1
"SOCS4",0,0,0,3,4,0,3,3,1,3
"MAPK1IP1L",2,3,5,4,9,4,9,7,3,12
"LGALS3",4,4,3,0,2,3,10,6,6,6
"DLGAP5",0,0,0,0,0,0,1,0,0,0
"AL139316.1",0,0,0,0,1,0,0,0,0,0
"AL158801.2",0,0,0,0,0,0,0,0,0,0
"FBXO34",2,3,5,4,9,2,12,3,3,7
"AL158801.3",1,1,0,0,3,0,0,1,0,3
"ATG14",4,2,3,1,2,2,4,1,1,4
"TBPL2",0,0,0,0,0,0,0,0,0,0
"KTN1-AS1",0,2,1,0,1,1,2,0,0,1
"KTN1",16,18,26,16,23,32,51,35,20,40
"AL355773.1",0,0,2,1,0,0,0,0,0,0
"LINC00520",0,0,0,0,0,1,0,0,0,0
"AL138995.1",0,0,0,0,0,0,0,0,0,0
"PELI2",5,3,3,0,7,8,5,6,11,19
"AL355073.1",0,0,0,0,0,0,0,0,0,0
"AL355073.2",0,0,0,0,0,1,0,0,1,0
"LINC02284",0,0,0,0,0,1,0,0,0,0
"TMEM260",4,2,3,2,6,2,11,5,7,4
"AL161757.2",0,0,0,0,0,0,0,0,0,0
"AL161757.5",0,1,0,0,0,0,0,0,0,0
"AL161757.3",0,0,0,0,0,0,0,0,0,0
"OTX2-AS1",0,0,0,0,0,0,0,1,0,1
"AL161757.4",0,0,0,0,0,1,0,0,0,0
"AL391152.1",0,0,0,0,0,0,0,0,0,0
"EXOC5",9,4,3,1,10,6,12,6,4,4
"AP5M1",1,3,1,0,5,1,1,5,3,6
"NAA30",2,0,3,1,4,2,5,3,3,3
"CCDC198",0,0,0,0,0,0,0,0,0,0
"SLC35F4",1,0,0,0,1,0,0,1,0,1
"AL161804.1",0,0,0,0,0,0,0,0,0,0
"ARMH4",2,4,2,4,9,5,10,7,4,11
"ACTR10",3,3,6,2,6,4,9,8,4,7
"PSMA3",4,5,7,0,7,4,6,4,8,20
"ARID4A",6,5,6,4,12,5,14,8,8,7
"AL139021.2",0,1,0,0,0,0,0,0,0,1
"TOMM20L",0,0,0,0,0,0,0,0,0,0
"AL139021.1",2,1,2,0,0,0,1,2,0,5
"TIMM9",0,1,0,0,2,1,3,1,2,2
"KIAA0586",8,4,1,1,8,3,11,6,6,5
"DACT1",0,0,0,0,0,0,0,2,2,1
"LINC01500",0,0,0,0,0,0,0,0,0,2
"DAAM1",6,4,3,2,12,2,11,7,5,20
"GPR135",3,0,1,2,2,1,2,0,0,5
"L3HYPDH",1,0,1,0,3,2,2,1,3,2
"JKAMP",4,0,0,0,3,1,4,3,2,6
"CCDC175",0,0,0,0,1,0,0,0,0,0
"RTN1",33,13,10,10,20,6,23,19,2,21
"LRRC9",2,0,4,0,0,0,1,0,0,1
"AL157911.1",0,0,1,0,2,0,1,0,0,3
"PCNX4",6,3,3,1,7,6,6,3,2,21
"DHRS7",4,2,0,0,4,4,6,5,1,6
"AL157756.1",0,0,0,0,0,0,0,0,0,0
"PPM1A",3,2,2,0,4,2,7,4,5,7
"C14orf39",0,0,0,0,0,0,0,2,0,1
"AL049874.3",0,0,0,0,0,0,0,0,0,0
"SIX1",0,0,0,0,0,2,2,1,4,1
"SIX4",0,0,0,0,0,0,0,0,0,0
"MNAT1",8,11,13,4,20,11,34,11,13,22
"TRMT5",0,0,1,0,0,0,0,2,1,0
"SLC38A6",2,3,1,3,6,6,4,5,2,7
"PRKCH",23,21,22,8,28,12,68,17,10,33
"TMEM30B",0,1,0,0,1,1,0,0,0,5
"AL359220.1",0,6,2,0,4,0,7,0,1,4
"AL355916.3",0,0,0,0,0,0,0,1,0,0
"LINC01303",0,0,0,0,1,0,0,0,0,1
"HIF1A-AS1",1,0,0,0,0,0,0,0,0,0
"HIF1A",9,5,21,8,24,14,28,16,4,10
"HIF1A-AS2",5,4,33,25,12,17,71,27,3,6
"SNAPC1",2,0,1,1,1,2,2,4,0,1
"SYT16",1,2,2,1,0,1,0,2,2,0
"AL390816.1",0,0,0,0,0,0,0,0,0,0
"AL390816.2",0,0,0,0,0,0,0,0,0,0
"KCNH5",1,1,1,0,1,0,1,0,1,22
"AL137191.1",0,0,0,0,0,0,0,0,0,0
"RHOJ",7,2,12,15,8,8,16,17,11,14
"GPHB5",0,0,0,0,0,0,0,0,0,0
"PPP2R5E",8,5,12,9,13,6,19,5,7,14
"AL136038.3",0,0,0,0,0,1,0,0,0,0
"WDR89",0,0,0,1,1,0,1,1,0,1
"AL136038.2",0,0,0,0,0,0,0,0,0,0
"AL136038.5",0,0,0,0,0,0,0,0,0,0
"SGPP1",2,2,3,3,2,1,3,2,0,6
"SYNE2",10,20,18,4,30,19,42,26,22,21
"ESR2",6,1,3,1,4,8,14,5,3,10
"AL161756.3",0,0,0,0,0,0,0,0,0,0
"MTHFD1",1,0,2,1,0,1,6,1,0,5
"AL122035.1",1,0,3,1,2,0,1,0,0,1
"ZBTB25",3,2,1,0,0,0,6,1,0,3
"AKAP5",0,1,2,1,0,0,0,0,2,0
"ZBTB1",5,1,7,6,6,7,10,8,8,13
"AL049869.3",4,2,10,1,8,1,2,6,2,2
"HSPA2",2,8,4,5,5,7,6,1,2,3
"PPP1R36",4,0,0,1,0,1,1,0,1,1
"AL049869.2",1,0,1,0,0,0,1,2,0,1
"PLEKHG3",1,2,1,4,8,4,5,8,6,6
"SPTB",3,0,1,0,0,0,1,0,0,1
"CHURC1",0,1,1,0,0,0,0,0,0,0
"CHURC1-FNTB",2,1,1,1,1,0,2,0,3,3
"GPX2",0,0,0,0,1,0,0,0,0,0
"RAB15",3,1,2,0,1,0,2,1,0,0
"FNTB",0,1,3,0,0,2,1,0,0,0
"AL139022.2",0,0,0,0,0,0,0,0,0,0
"MAX",7,10,6,2,6,6,10,6,4,15
"AL139022.1",2,4,10,3,3,1,2,0,2,5
"LINC02324",0,0,0,0,0,0,0,0,0,0
"AL355076.2",0,0,0,0,0,0,2,0,0,0
"FUT8",14,10,6,6,16,4,31,7,14,22
"FUT8-AS1",0,0,0,0,0,0,0,0,0,0
"AL391261.2",0,1,0,0,0,0,0,0,0,1
"AL359232.1",1,1,3,0,2,2,0,0,0,0
"CCDC196",1,0,0,0,0,0,0,0,0,1
"GPHN",33,22,23,23,35,15,56,26,20,46
"AL049835.1",0,0,0,0,0,0,0,0,0,0
"FAM71D",0,0,0,0,0,0,0,0,0,0
"MPP5",7,2,2,2,5,2,9,5,1,7
"ATP6V1D",7,2,8,1,3,0,8,4,2,6
"EIF2S1",0,1,1,2,2,5,4,5,2,3
"PLEK2",0,0,0,0,0,0,0,0,0,1
"TMEM229B",0,1,1,0,2,0,1,0,1,0
"PLEKHH1",4,9,5,6,7,0,8,2,4,15
"PIGH",1,0,1,2,2,3,4,2,1,1
"ARG2",3,0,1,2,2,0,4,0,0,0
"VTI1B",3,3,0,1,2,2,4,2,3,1
"AL049779.1",0,0,0,0,1,1,0,0,0,0
"RDH11",0,0,0,0,1,0,1,1,3,1
"RDH12",0,0,0,0,1,0,0,0,0,0
"ZFYVE26",1,1,1,1,1,0,3,3,1,3
"RAD51B",29,4,9,8,22,12,37,21,11,43
"AL133370.1",0,0,1,0,0,0,0,0,0,0
"AL121820.2",0,0,1,0,0,1,0,0,0,0
"ZFP36L1",10,1,3,11,13,29,18,26,18,10
"ACTN1",6,2,13,5,11,10,22,10,8,21
"ACTN1-AS1",0,0,0,0,0,0,0,0,0,0
"DCAF5",7,3,9,2,11,3,14,8,4,12
"AL391262.1",0,0,0,0,0,0,0,0,0,0
"AL359317.2",1,0,1,0,2,0,1,0,2,0
"EXD2",0,0,1,0,4,1,3,1,1,1
"AL359317.1",0,1,0,1,0,0,0,0,1,0
"GALNT16",0,1,2,1,1,0,2,2,1,0
"ERH",4,4,7,0,2,8,12,10,3,7
"SLC39A9",3,4,1,6,2,2,2,6,4,4
"PLEKHD1",0,0,0,0,0,0,0,0,1,0
"CCDC177",0,0,0,0,1,0,0,0,0,0
"SUSD6",5,4,4,3,6,2,12,8,2,6
"SRSF5",29,14,24,9,24,14,43,30,19,53
"SLC10A1",0,0,0,1,2,0,1,2,0,2
"SMOC1",0,1,2,3,2,1,6,2,2,10
"SLC8A3",0,0,0,0,0,0,0,0,0,1
"AL160191.1",0,0,0,0,0,0,1,0,0,0
"AL356804.1",0,0,0,0,0,0,0,0,0,0
"COX16",0,0,0,0,0,0,0,1,0,0
"SYNJ2BP-COX16",0,0,0,0,0,0,0,1,0,0
"AL357153.2",2,1,0,2,1,3,2,2,3,1
"ADAM21",0,0,0,0,0,0,0,0,0,0
"MED6",0,1,1,3,0,1,2,3,3,4
"AL357153.3",0,0,0,0,0,0,0,0,0,0
"TTC9",0,1,0,0,2,0,0,0,0,0
"MAP3K9",1,0,1,0,1,1,0,2,0,1
"AC004816.1",0,0,0,0,0,0,0,0,0,1
"AC004816.2",0,0,0,0,0,0,0,0,0,0
"AC004825.2",0,0,0,0,0,0,0,0,0,0
"PCNX1",8,5,9,4,15,7,17,7,10,19
"AC004817.3",0,0,0,0,0,0,0,0,0,0
"AC004817.1",0,0,0,0,0,0,0,0,0,1
"AC004817.4",0,0,0,0,0,0,0,0,0,0
"AC005476.2",1,1,1,0,0,0,0,0,0,2
"SIPA1L1",15,12,21,5,21,4,24,17,10,82
"AC005993.1",0,0,0,0,1,0,0,0,0,0
"RGS6",12,11,11,4,22,12,5,21,3,9
"AC004828.1",0,0,0,0,0,0,0,0,0,0
"DPF3",0,2,2,2,1,2,1,2,1,2
"DCAF4",0,0,0,0,1,0,1,0,0,0
"ZFYVE1",3,1,2,2,2,1,1,2,0,1
"AL442663.3",0,0,0,0,0,0,0,0,0,0
"RBM25",9,13,9,8,19,8,23,10,9,7
"PSEN1",10,8,12,6,7,4,15,3,5,20
"PAPLN",1,0,2,0,2,0,2,0,4,2
"AC004846.1",0,0,0,0,0,2,0,0,0,0
"AC004846.2",0,0,0,0,0,0,0,0,0,0
"NUMB",16,4,23,3,16,6,23,21,12,26
"AC005280.2",0,0,0,0,0,0,0,0,0,1
"HEATR4",0,0,2,1,4,0,1,1,0,2
"RIOX1",0,0,0,0,2,0,2,0,0,0
"AC005225.3",2,0,1,1,0,1,0,0,0,0
"ACOT1",0,0,0,0,0,0,0,0,0,0
"ACOT2",0,0,1,0,0,1,0,0,0,0
"ACOT4",0,1,0,0,0,0,0,0,0,0
"ACOT6",0,0,1,1,0,0,0,0,0,0
"AC005225.2",0,0,0,0,0,0,1,0,0,1
"DNAL1",0,1,1,0,2,0,3,1,0,2
"AC006146.1",0,0,0,0,0,0,0,0,0,0
"PNMA1",3,1,1,0,0,2,6,1,1,1
"ELMSAN1",0,1,2,0,1,2,10,3,0,8
"AC005520.2",1,1,1,0,0,0,0,1,0,0
"LINC02274",0,0,0,0,0,0,0,0,0,0
"AC005520.5",0,0,0,0,0,0,0,0,0,0
"ZNF410",0,0,0,0,0,0,0,0,0,0
"AC005480.1",3,3,3,2,8,5,0,2,3,7
"FAM161B",0,0,0,0,0,1,1,0,0,0
"COQ6",1,1,1,0,0,0,1,2,0,2
"ENTPD5",2,0,2,0,1,0,1,1,0,4
"BBOF1",1,2,2,1,4,0,1,4,2,3
"ALDH6A1",0,2,0,1,0,2,2,4,5,4
"LIN52",4,2,2,5,5,0,4,1,2,5
"VSX2",0,0,0,0,0,0,0,0,0,1
"ABCD4",1,2,6,2,6,3,11,4,1,17
"VRTN",0,0,0,0,1,0,0,0,0,0
"SYNDIG1L",0,0,0,0,1,0,0,0,0,0
"AC005479.2",0,0,0,0,0,0,0,0,0,0
"NPC2",1,3,4,5,6,4,9,9,8,7
"ISCA2",1,0,2,0,2,0,2,2,0,2
"LTBP2",1,1,1,0,1,0,1,0,4,2
"AC013451.1",0,0,0,0,0,0,0,0,0,0
"AREL1",3,0,0,1,2,2,3,1,4,7
"FCF1",2,3,3,0,1,0,6,1,4,4
"YLPM1",4,8,8,3,8,3,14,3,6,16
"PROX2",0,0,0,0,0,0,1,1,0,1
"DLST",3,2,1,2,3,1,5,3,1,5
"RPS6KL1",1,0,1,0,1,0,1,3,0,1
"PGF",1,2,4,4,2,7,9,15,3,3
"EIF2B2",1,0,1,0,3,1,5,2,0,2
"AL049780.1",0,0,0,1,0,0,0,0,1,0
"MLH3",7,6,6,3,13,3,6,7,5,10
"ACYP1",3,4,3,3,4,4,8,1,2,4
"ZC2HC1C",1,0,0,1,1,1,1,0,0,3
"NEK9",1,0,1,2,6,2,12,5,2,8
"AL049780.2",0,0,0,0,0,0,0,1,1,0
"TMED10",11,3,12,5,8,5,13,6,12,14
"AL691403.2",0,0,0,0,0,0,0,0,0,0
"AL691403.1",0,0,0,0,0,1,0,0,0,1
"AF111167.1",0,0,0,0,0,1,0,0,0,0
"FOS",10,17,3,5,3,4,13,15,1,12
"LINC01220",0,0,0,0,0,0,0,0,0,0
"AF111167.2",0,0,0,0,0,0,0,0,0,0
"JDP2",0,2,2,0,1,1,4,1,3,3
"BATF",0,0,0,0,0,0,0,0,0,0
"AC007182.1",0,0,0,0,0,0,0,0,0,0
"FLVCR2",2,2,8,0,7,1,9,4,3,6
"TTLL5",8,5,13,1,11,9,15,7,20,9
"ERG28",0,1,0,0,0,1,2,2,3,2
"AF107885.2",0,1,4,0,1,0,2,0,0,2
"IFT43",7,2,2,1,3,2,4,3,4,4
"TGFB3",0,0,1,2,2,1,0,0,0,1
"AC016526.4",0,0,0,0,0,0,0,0,0,0
"GPATCH2L",3,2,1,3,11,4,7,5,3,15
"AC016526.1",0,0,0,0,0,0,0,0,0,0
"ESRRB",0,0,1,0,1,1,1,0,0,0
"AC008050.1",1,1,2,0,0,1,3,1,2,5
"AC007376.2",1,2,1,0,1,4,0,0,0,0
"VASH1",3,0,2,2,2,2,6,3,0,2
"AF111169.3",0,0,0,0,0,0,0,0,0,0
"VASH1-AS1",1,0,0,0,2,0,1,0,3,1
"ANGEL1",1,3,2,0,5,2,3,1,1,2
"LRRC74A",0,0,0,0,0,0,0,0,0,0
"LINC01629",0,0,0,0,0,0,0,0,0,0
"IRF2BPL",2,1,3,1,2,3,3,0,5,2
"AC007686.3",1,1,0,0,0,0,1,0,0,0
"LINC02288",0,0,0,0,0,1,0,0,0,0
"AC007686.2",0,1,0,0,0,0,0,0,0,0
"CIPC",0,0,0,0,0,0,0,0,0,0
"TMEM63C",0,0,0,0,0,0,1,0,0,0
"ZDHHC22",0,0,1,0,0,1,2,0,0,0
"NGB",1,0,0,0,0,0,0,0,0,0
"POMT2",0,1,0,1,1,0,2,2,0,0
"GSTZ1",0,0,1,0,0,0,0,0,0,0
"TMED8",0,4,4,1,3,2,2,4,7,6
"SAMD15",0,0,0,0,0,0,0,0,0,0
"NOXRED1",0,0,0,1,1,0,1,0,0,0
"VIPAS39",2,0,1,0,2,3,2,0,2,0
"AHSA1",1,3,1,3,2,5,3,3,3,2
"ISM2",0,0,0,0,0,0,0,0,0,0
"SPTLC2",6,4,7,4,3,7,18,1,3,15
"ALKBH1",0,1,2,1,1,1,4,2,1,1
"SLIRP",6,3,7,6,4,2,7,7,10,5
"SNW1",3,3,2,5,4,2,6,3,7,4
"C14orf178",0,0,0,0,0,0,0,0,0,0
"ADCK1",1,0,1,1,0,0,2,1,0,2
"NRXN3",43,40,53,38,53,7,30,11,8,24
"AC009396.3",0,0,0,0,0,0,0,0,0,0
"AC026888.1",0,0,0,0,0,0,0,0,0,0
"AC022469.2",0,0,0,0,0,0,0,0,0,0
"AC008056.2",1,0,0,0,0,0,0,0,0,0
"AC008056.1",2,1,1,1,1,0,0,0,1,1
"AF123462.1",0,0,0,0,0,0,0,0,0,0
"DIO2",1,0,0,1,2,0,0,0,1,0
"DIO2-AS1",0,0,0,0,0,0,0,1,0,0
"CEP128",2,4,4,3,3,1,4,4,1,11
"TSHR",1,0,0,1,2,1,1,4,1,4
"AC007262.2",2,0,4,3,5,1,1,0,3,8
"GTF2A1",0,1,2,0,4,2,4,9,3,3
"AL136040.1",0,0,0,0,0,0,0,0,0,0
"STON2",0,0,1,0,0,0,0,1,1,7
"SEL1L",3,2,1,5,5,6,6,5,4,3
"LINC01467",0,0,0,0,0,0,0,0,0,0
"AL355838.1",0,0,1,0,0,0,0,0,0,0
"LINC02301",0,0,0,0,0,0,1,0,0,0
"AL162872.1",0,0,0,0,0,0,0,0,0,0
"AL357172.1",0,0,0,0,0,0,0,0,0,0
"AL049775.2",0,0,0,0,0,0,0,0,0,0
"LINC00911",0,0,0,0,0,0,0,0,0,0
"AL049775.1",0,0,0,0,0,0,0,0,0,0
"AL049775.3",0,0,0,0,0,0,0,0,0,0
"FLRT2",46,1,32,2,52,17,5,17,52,36
"LINC02328",2,1,2,0,4,0,2,2,0,2
"LINC02316",0,0,1,0,0,1,0,0,0,0
"LINC02309",0,0,0,0,0,0,0,0,0,0
"AL358292.1",1,0,0,0,0,0,0,0,0,0
"AL157688.1",0,0,0,0,0,0,0,0,0,0
"LINC02296",0,1,0,0,0,0,0,0,0,0
"LINC02330",0,0,0,0,0,0,0,0,0,0
"AL359237.1",0,0,0,0,0,0,0,0,1,0
"AL136501.1",0,0,0,0,0,0,0,0,0,0
"GALC",3,2,3,3,0,0,2,4,1,2
"GPR65",0,0,0,1,0,0,0,0,0,0
"AL157955.1",0,0,0,0,0,0,0,0,0,0
"AL157955.2",0,0,0,0,0,0,0,0,0,0
"LINC01146",0,0,0,0,0,0,0,0,0,0
"AL133279.1",0,0,0,0,0,0,0,0,0,0
"KCNK10",0,0,0,1,0,0,0,0,0,0
"SPATA7",1,1,2,0,8,2,3,2,3,10
"PTPN21",2,0,3,0,6,0,3,4,1,3
"AL162171.2",0,0,0,0,1,0,0,0,0,3
"ZC3H14",1,4,9,6,9,8,16,6,5,29
"EML5",2,3,0,1,2,2,1,1,2,4
"AL121768.1",0,0,0,0,0,0,0,0,0,0
"TTC8",1,0,5,1,4,1,0,4,1,1
"AL137785.1",0,0,0,0,0,0,0,0,0,0
"FOXN3",21,4,19,6,24,10,34,16,7,20
"AL357093.2",0,0,0,0,0,0,0,0,0,0
"AL356805.1",1,0,0,1,3,0,1,0,1,1
"FOXN3-AS1",0,0,0,0,0,0,0,0,0,0
"AL137230.1",0,0,0,0,0,0,0,0,0,0
"EFCAB11",4,1,2,0,8,3,3,2,0,5
"TDP1",1,0,1,0,0,0,2,0,0,0
"KCNK13",0,0,0,0,0,0,1,0,0,0
"PSMC1",4,3,2,2,4,3,1,5,2,2
"NRDE2",0,2,2,1,2,4,4,2,5,4
"AL512791.2",0,0,0,0,0,0,0,0,0,0
"CALM1",22,22,26,18,26,17,54,25,24,20
"AL512791.1",0,0,0,0,0,0,0,0,0,0
"LINC02317",0,0,0,0,0,0,0,0,0,0
"LINC00642",0,0,0,0,0,0,0,0,0,0
"TTC7B",3,5,4,2,7,3,6,4,1,5
"AL096869.2",0,0,0,0,0,0,0,0,0,0
"LINC02321",0,0,0,0,0,0,0,0,0,0
"RPS6KA5",11,7,8,8,17,6,23,8,1,5
"DGLUCY",2,6,2,1,10,1,5,2,1,3
"GPR68",0,0,0,0,0,0,0,0,0,0
"AL135818.2",0,0,0,0,0,0,0,0,0,0
"CCDC88C",0,1,2,0,1,1,2,2,1,1
"PPP4R3A",3,2,3,4,6,2,10,8,3,7
"CATSPERB",0,1,1,0,0,0,0,0,1,1
"TC2N",1,0,0,0,0,0,0,1,0,1
"FBLN5",4,0,2,0,1,1,2,0,2,2
"TRIP11",10,0,6,5,5,9,12,8,7,13
"ATXN3",3,0,5,1,12,5,4,0,1,10
"NDUFB1",8,4,0,5,3,5,5,6,5,3
"CPSF2",3,5,5,1,4,2,5,3,1,3
"AL133240.1",0,0,0,0,0,0,0,0,0,0
"SLC24A4",0,0,4,0,0,0,1,0,0,1
"RIN3",1,2,0,0,0,0,2,1,2,0
"LGMN",2,1,1,1,5,1,5,1,1,1
"GOLGA5",0,1,2,0,3,3,6,1,3,3
"LINC02287",0,0,0,0,0,0,0,0,0,0
"CHGA",3,0,4,3,2,1,1,0,0,1
"ITPK1",4,5,4,1,3,1,4,3,1,3
"ITPK1-AS1",0,0,2,0,0,0,0,0,0,0
"MOAP1",3,0,1,0,3,0,4,1,0,4
"AL110118.2",0,0,1,0,0,0,1,0,0,1
"GON7",1,0,1,0,1,1,1,1,1,2
"UBR7",2,0,0,0,2,2,2,1,0,0
"BTBD7",8,8,7,8,15,8,18,6,4,14
"UNC79",3,1,11,4,8,0,13,6,3,6
"PRIMA1",2,0,1,1,1,0,0,0,0,0
"FAM181A-AS1",0,0,0,0,0,0,0,0,0,0
"FAM181A",0,0,0,0,0,0,0,0,0,0
"ASB2",0,0,0,0,0,0,0,0,0,0
"OTUB2",0,0,0,0,0,0,1,0,0,0
"DDX24",10,14,21,5,8,5,18,11,8,7
"IFI27L1",1,0,2,0,0,0,2,0,3,1
"IFI27",19,33,26,10,24,59,178,49,64,35
"IFI27L2",7,2,2,2,4,7,9,7,4,3
"PPP4R4",0,0,3,1,3,0,0,1,0,1
"SERPINA10",0,0,0,0,0,0,0,0,0,0
"SERPINA1",0,0,0,0,0,0,0,0,0,0
"AL132708.1",0,0,0,0,0,0,0,0,0,0
"SERPINA12",0,0,0,0,0,0,0,0,0,0
"SERPINA5",0,0,0,0,0,0,1,0,0,0
"AL049839.2",0,0,0,0,0,1,0,0,0,0
"DICER1",15,13,4,6,16,12,27,18,2,14
"DICER1-AS1",0,1,0,2,1,1,2,0,0,5
"CLMN",3,7,20,10,16,15,32,16,11,17
"SYNE3",0,1,1,1,1,1,1,1,0,3
"AL133467.1",0,0,0,0,0,1,0,0,0,0
"SNHG10",3,0,2,0,1,0,1,1,1,0
"GLRX5",1,1,0,2,3,3,3,1,4,0
"LINC02318",0,0,0,0,0,0,0,0,0,0
"AL133467.2",0,0,0,0,0,0,0,0,0,0
"TCL1B",0,0,1,0,0,0,0,0,0,1
"TCL1A",0,0,0,0,0,0,0,0,0,0
"AL139020.1",0,0,0,0,0,0,0,0,0,0
"TUNAR",0,0,0,0,0,0,0,0,0,0
"C14orf132",0,3,1,0,4,0,2,0,4,0
"AL355102.2",0,0,0,0,0,0,0,0,0,0
"BDKRB1",0,0,0,0,0,0,0,0,0,0
"AL355102.4",0,0,0,0,0,0,0,0,0,0
"ATG2B",3,2,3,1,7,4,5,8,2,2
"GSKIP",0,1,1,0,2,1,1,2,1,2
"AK7",0,0,0,0,0,0,0,0,0,0
"AL163051.1",0,0,2,0,0,0,0,0,0,0
"PAPOLA",7,1,6,4,8,11,21,13,14,13
"AL137786.1",0,0,0,0,0,0,0,0,0,0
"LINC02299",0,0,0,0,0,0,0,0,0,0
"VRK1",1,0,1,1,7,2,6,2,0,0
"LINC02304",0,0,0,0,0,0,0,0,0,0
"LINC02325",0,0,0,0,0,0,0,0,0,0
"LINC02291",0,0,0,0,0,0,0,0,0,0
"LINC01550",0,0,0,0,0,0,0,0,0,0
"AL163932.1",0,0,0,0,0,0,0,0,0,0
"C14orf177",0,0,0,0,0,0,0,0,0,0
"AL132796.2",0,0,0,0,0,0,0,0,0,0
"BCL11B",1,1,1,1,0,0,0,0,1,0
"AL109767.1",0,0,0,0,0,0,0,0,0,0
"SETD3",1,4,2,2,5,3,4,1,3,4
"CCNK",2,4,4,1,2,1,6,0,2,4
"CCDC85C",1,0,2,1,0,0,1,0,0,4
"AL160313.1",0,0,0,0,0,0,0,1,0,3
"HHIPL1",2,1,0,1,1,1,1,0,0,0
"CYP46A1",1,1,2,3,1,1,2,1,1,1
"AL160313.2",0,0,0,0,0,0,0,0,0,0
"EML1",4,2,5,3,7,2,19,2,1,3
"EVL",10,6,6,8,9,1,11,7,8,5
"AL133368.2",0,0,0,0,0,0,0,0,0,0
"AL157912.1",0,0,1,0,0,0,0,0,0,1
"DEGS2",3,0,1,0,2,2,4,0,0,2
"AL133523.1",0,0,0,0,0,0,1,0,0,1
"YY1",3,2,6,3,6,7,14,7,1,10
"SLC25A29",5,1,6,2,2,4,12,6,2,12
"AL157871.1",0,0,0,0,0,0,0,0,0,0
"WARS",8,13,4,3,6,5,13,3,1,1
"AL157871.4",2,0,2,1,0,0,1,2,0,1
"WDR25",4,1,6,1,3,0,4,1,3,2
"BEGAIN",0,0,1,0,1,0,0,0,1,1
"DLK1",0,0,0,0,0,0,0,0,0,0
"MEG3",6,1,0,0,4,1,1,2,1,19
"AL117190.2",0,0,1,0,0,1,0,0,0,0
"AL117190.1",1,0,1,0,0,0,0,0,1,0
"MEG8",3,3,3,2,2,2,3,2,5,7
"MEG9",0,0,0,0,0,0,2,0,0,2
"AL132709.1",0,0,0,0,0,0,0,0,0,0
"AL359682.1",0,0,0,0,0,0,0,1,0,0
"LINC02314",0,0,0,0,0,0,0,0,0,0
"AL049836.2",0,0,0,0,0,0,0,0,0,0
"DIO3OS",3,5,1,0,4,0,3,8,3,3
"DIO3",0,0,0,0,0,0,0,0,0,0
"AL049836.1",0,0,0,0,0,0,0,0,0,0
"LINC02320",0,0,0,0,0,0,0,1,0,0
"PPP2R5C",7,6,9,4,13,2,21,8,2,22
"AL137779.2",0,0,1,0,0,0,3,1,1,0
"AL137779.1",0,0,0,0,2,0,0,1,0,1
"AL118558.3",0,0,0,0,1,0,0,0,0,0
"AL118558.4",0,0,0,0,0,1,0,0,0,0
"DYNC1H1",8,17,18,8,21,9,10,8,8,19
"HSP90AA1",28,25,33,16,46,66,67,113,27,30
"WDR20",3,5,4,5,6,2,11,9,6,12
"MOK",2,0,2,2,1,0,0,1,1,2
"ZNF839",0,0,0,0,2,0,0,1,0,0
"CINP",1,0,2,0,3,0,1,5,4,2
"TECPR2",7,4,6,7,6,2,11,6,10,12
"ANKRD9",0,0,0,0,0,1,2,2,1,0
"LINC02323",0,0,0,0,0,0,0,0,0,0
"RCOR1",1,4,1,2,2,6,7,2,2,7
"AL132801.1",0,0,0,0,1,0,0,0,0,0
"TRAF3",3,1,0,0,0,1,3,4,2,6
"AMN",0,0,0,0,0,0,0,0,0,0
"CDC42BPB",3,6,8,6,9,4,8,4,2,8
"AL117209.1",1,2,1,1,1,1,4,3,0,4
"LBHD2",0,0,0,0,0,1,0,0,0,0
"TNFAIP2",0,0,0,0,0,0,0,0,0,1
"AL161669.3",0,0,0,0,0,0,0,1,0,0
"AL138976.2",0,0,0,0,0,0,0,0,0,0
"EIF5",4,3,6,3,7,4,12,7,4,13
"MARK3",14,12,14,12,20,9,24,6,8,17
"CKB",19,11,17,7,13,6,9,11,10,8
"AL133367.1",0,0,0,0,0,0,0,0,0,0
"TRMT61A",1,0,1,0,1,0,1,0,1,0
"AL139300.2",0,0,0,0,2,1,0,0,0,0
"BAG5",0,3,3,3,2,1,5,0,3,7
"KLC1",8,9,17,9,14,3,16,7,9,12
"AL049840.1",1,1,4,0,1,0,1,1,0,1
"AL049840.2",0,0,0,0,0,0,0,0,0,0
"XRCC3",0,0,0,1,0,0,1,0,0,0
"ZFYVE21",2,1,1,1,3,0,3,4,1,9
"PPP1R13B",5,3,10,5,5,5,14,4,2,12
"LINC00637",0,0,0,0,0,0,0,0,0,0
"AL132712.1",0,0,0,0,0,0,2,0,0,0
"AL132712.2",0,0,0,0,0,0,0,0,0,0
"ATP5MPL",14,13,16,6,8,7,21,13,4,3
"TDRD9",2,0,0,0,2,0,1,1,0,0
"ASPG",0,0,0,0,0,0,0,0,1,0
"KIF26A",0,0,0,0,1,1,2,2,0,1
"AL590079.1",1,0,2,0,0,1,0,0,0,0
"TMEM179",0,1,1,0,0,0,0,0,0,0
"LINC02280",0,0,0,0,0,0,0,0,0,0
"AL583722.1",0,0,0,0,0,0,0,0,0,0
"INF2",5,1,4,2,6,6,8,7,5,7
"ADSSL1",0,0,0,0,0,0,1,1,0,0
"SIVA1",3,3,2,3,5,9,11,7,3,6
"AKT1",0,1,2,2,3,1,5,1,2,1
"AL583722.2",0,0,0,0,0,0,0,0,0,0
"ZBTB42",0,0,1,0,0,0,0,0,0,2
"LINC00638",0,0,0,0,0,0,0,0,0,1
"AL583810.2",0,0,0,0,0,0,0,0,0,0
"AL583810.1",0,0,0,0,0,0,0,0,0,0
"CEP170B",1,0,0,2,0,1,0,2,0,1
"PLD4",0,0,0,0,1,0,0,0,0,0
"AHNAK2",0,0,0,0,1,3,1,0,0,2
"CLBA1",0,0,0,0,0,0,0,0,0,1
"CDCA4",0,1,0,0,0,1,0,1,1,0
"GPR132",0,0,0,0,0,0,0,1,0,0
"LINC02298",0,0,0,0,0,0,0,0,0,0
"JAG2",1,2,3,4,3,1,14,0,0,2
"NUDT14",2,1,2,1,2,2,4,1,1,0
"BRF1",1,2,5,2,5,2,4,2,0,3
"BTBD6",0,1,0,0,1,1,1,0,0,1
"PACS2",1,4,5,4,8,3,7,2,1,4
"TEX22",1,1,2,0,2,0,2,0,0,2
"AL928654.1",0,1,1,0,0,0,1,1,0,0
"MTA1",3,3,2,2,3,0,7,3,0,7
"AL928654.2",0,0,0,0,0,0,0,0,0,0
"CRIP2",5,13,8,6,9,24,62,22,10,10
"TEDC1",1,2,0,1,0,0,2,0,0,0
"TMEM121",1,0,0,0,1,1,1,2,0,1
"IGHG4",0,0,0,0,0,0,0,0,0,0
"IGHG2",0,0,0,0,0,0,0,0,0,0
"IGHGP",0,1,0,0,0,0,0,0,0,0
"IGHA1",0,0,0,0,0,0,0,0,0,0
"IGHG1",0,0,0,0,0,0,0,0,0,0
"IGHG3",0,0,0,0,0,0,0,0,0,0
"IGHD",0,0,0,0,0,0,0,0,0,0
"IGHM",0,0,0,0,6,0,0,0,0,2
"LINC00221",0,0,0,0,0,0,0,0,0,0
"AC087386.1",0,0,0,0,1,3,1,2,2,1
"AC026495.1",0,0,0,0,0,0,0,0,0,0
"AC023310.4",0,0,0,0,0,0,0,0,0,0
"AC012414.5",0,0,0,0,0,0,0,0,0,0
"AC012414.3",0,0,0,0,0,0,0,0,0,0
"LINC01193",0,0,0,0,0,0,0,0,0,0
"AC068446.2",0,0,0,0,1,0,0,0,0,0
"AC060814.5",0,0,0,0,0,0,0,0,0,0
"AC060814.3",0,0,0,0,0,0,0,0,0,0
"LINC02203",0,0,0,0,0,0,0,0,0,1
"AC134980.2",0,0,0,0,0,0,0,0,0,0
"AC134980.3",0,0,0,0,0,0,0,0,0,0
"NIPA1",3,3,0,2,0,1,7,1,0,2
"NIPA2",1,2,2,0,2,0,5,5,2,4
"CYFIP1",4,5,7,6,4,5,9,9,6,12
"TUBGCP5",1,0,2,0,3,1,4,3,0,2
"GOLGA8S",0,0,0,0,0,0,0,0,0,0
"GOLGA6L2",0,0,0,0,0,0,0,0,0,0
"MKRN3",2,2,0,3,1,0,4,3,2,6
"MAGEL2",1,0,0,1,0,0,0,0,0,0
"NDN",4,1,0,0,4,3,0,4,1,1
"AC021439.1",0,0,0,0,0,0,0,0,0,0
"PWRN4",0,0,0,0,0,0,0,0,0,0
"PWRN2",0,0,0,0,0,0,0,0,0,0
"AC087463.1",0,0,0,0,0,0,0,0,0,0
"AC087463.4",0,0,0,0,1,0,0,0,0,1
"AC087463.3",0,0,0,0,0,0,0,0,0,0
"PWRN3",0,0,0,0,0,0,1,0,0,1
"PWRN1",0,1,0,1,1,0,4,1,0,4
"NPAP1",0,0,0,0,0,0,1,0,0,0
"SNRPN",1,0,3,0,5,0,3,2,2,1
"AC124312.1",6,7,6,7,11,3,5,5,8,6
"AC124312.2",0,0,0,0,0,0,0,0,0,0
"PWAR6",5,1,4,5,6,1,7,3,2,3
"AC124312.3",0,0,0,0,0,0,0,0,0,0
"UBE3A",8,7,12,4,13,4,12,8,10,9
"LINC02250",1,1,2,0,0,0,0,0,0,0
"ATP10A",27,63,30,10,46,12,143,21,27,22
"AC016266.1",0,0,0,0,0,0,0,0,0,0
"LINC02346",0,0,0,0,1,0,0,0,0,0
"LINC00929",0,0,0,0,0,0,0,0,0,0
"LINC02248",0,0,0,0,0,0,0,0,0,0
"GABRB3",1,1,5,1,9,1,1,2,1,4
"GABRA5",1,0,1,0,1,0,0,0,0,1
"GABRG3",1,0,8,1,2,2,0,1,3,3
"GABRG3-AS1",0,0,0,0,0,0,0,0,0,0
"AC104002.3",0,0,0,0,1,0,0,0,0,0
"AC021979.2",0,0,0,0,0,0,0,0,0,0
"OCA2",1,0,0,0,2,0,0,1,1,0
"HERC2",10,10,37,5,32,21,39,23,18,16
"GOLGA8M",0,0,1,0,0,0,1,0,2,0
"GOLGA6L7",0,0,0,0,0,0,0,0,0,0
"APBA2",5,1,3,3,7,1,3,0,2,5
"AC127522.1",0,0,0,0,0,0,0,0,0,0
"FAM189A1",8,1,5,0,8,1,3,2,4,4
"AC102941.1",0,0,0,0,0,0,0,0,0,0
"AC022613.1",0,0,0,0,0,1,0,1,0,0
"TJP1",54,16,49,35,82,47,101,62,51,79
"AC022613.2",0,0,0,0,0,0,0,0,0,0
"AC111152.2",0,0,0,0,0,0,0,0,0,0
"GOLGA8J",0,0,0,0,0,0,0,0,0,0
"GOLGA8T",0,0,0,0,0,0,0,0,0,0
"LINC02249",0,0,0,0,0,0,0,0,0,1
"CHRFAM7A",4,0,1,0,0,1,0,0,0,1
"AC026150.1",0,0,0,1,0,0,0,0,0,0
"GOLGA8H",0,0,0,0,0,0,0,0,0,0
"AC026150.3",0,0,0,0,0,0,1,0,0,0
"AC091057.3",0,0,0,0,1,0,0,0,1,0
"AC091057.2",0,0,1,0,0,0,1,0,0,2
"AC091057.6",0,0,0,0,0,0,0,0,0,1
"FAN1",4,0,0,1,5,1,7,0,3,2
"MTMR10",3,2,2,4,6,4,7,2,1,7
"TRPM1",0,0,0,0,0,0,0,0,0,0
"AC009562.1",0,0,0,0,0,0,0,0,0,0
"LINC02352",0,0,0,0,0,0,0,0,0,0
"AC012236.1",0,0,0,0,0,0,0,0,0,0
"KLF13",3,2,2,2,2,3,2,4,3,5
"OTUD7A",4,7,7,9,10,5,19,11,3,11
"CHRNA7",0,0,0,0,0,0,0,0,0,0
"GOLGA8K",0,0,0,0,0,0,0,0,0,0
"LINC02256",27,8,11,4,19,4,16,5,7,28
"AC123768.3",0,1,2,0,2,0,0,1,0,3
"GOLGA8N",1,0,0,1,0,0,0,0,1,0
"AC123768.2",0,0,0,0,0,0,0,0,0,0
"ARHGAP11A",1,0,0,0,0,0,0,0,0,0
"SCG5",7,6,11,1,4,0,0,1,1,1
"AC123768.1",0,0,0,0,0,0,0,0,0,0
"AC090877.2",0,0,0,0,0,0,0,0,0,0
"GREM1",2,0,0,0,0,1,2,0,2,2
"FMN1",5,1,3,0,6,1,1,0,1,3
"AC055874.1",0,0,0,0,0,0,0,0,0,0
"RYR3",2,5,3,3,11,0,9,6,1,8
"AC010809.3",0,0,0,0,0,0,0,0,0,0
"AC010809.2",0,0,0,1,0,1,0,2,1,0
"AC010809.1",0,1,1,0,0,0,0,0,0,0
"AVEN",1,1,7,1,7,6,9,5,8,7
"CHRM5",2,0,13,10,8,5,9,3,2,6
"EMC7",2,4,1,1,1,4,3,2,1,6
"PGBD4",0,0,0,0,0,0,0,0,2,0
"KATNBL1",7,4,7,5,12,4,18,13,6,12
"EMC4",6,6,3,0,1,3,4,4,1,4
"SLC12A6",3,1,5,3,9,5,10,0,3,15
"AC079203.2",0,0,0,0,0,0,0,0,0,0
"NOP10",1,6,5,2,5,13,11,3,1,7
"NUTM1",1,0,0,0,0,0,0,0,0,1
"LPCAT4",1,0,0,0,0,1,2,1,0,3
"GOLGA8A",2,0,2,2,3,2,3,3,0,2
"GOLGA8B",3,0,3,0,0,2,4,0,0,5
"LINC02252",0,0,0,0,0,0,0,0,0,0
"GJD2",0,0,0,0,0,0,0,0,0,0
"AC087457.1",0,0,0,0,0,0,0,0,0,0
"ACTC1",0,0,0,0,0,0,0,0,0,0
"AQR",2,1,7,2,8,2,7,5,1,6
"ZNF770",1,2,2,5,0,4,7,2,3,3
"AC114546.1",0,0,0,0,0,0,0,0,0,0
"AC021231.1",3,0,3,0,3,0,2,0,1,4
"DPH6",9,4,4,2,6,3,13,8,1,7
"DPH6-DT",6,0,7,2,8,9,11,12,6,16
"AC021351.1",0,0,1,0,0,1,0,0,0,3
"AC040918.1",0,0,0,0,0,0,0,0,0,0
"AC087516.1",0,0,0,0,0,0,0,0,0,0
"AC087516.2",0,0,0,0,0,0,0,0,0,0
"C15orf41",3,0,4,2,4,2,4,6,1,4
"AC013640.1",3,0,2,0,2,1,0,0,0,2
"MEIS2",2,3,6,4,11,4,9,5,3,7
"AC078909.1",0,0,0,0,0,0,1,0,0,0
"AC078909.2",0,0,0,0,0,0,0,0,0,0
"AC068875.1",1,0,0,0,0,0,0,0,0,0
"TMCO5A",0,0,0,0,0,0,0,0,0,0
"LINC02345",0,0,0,0,0,0,0,0,0,0
"LINC01852",0,0,0,0,0,0,0,0,0,0
"AC087473.1",3,0,0,0,0,0,0,1,0,0
"SPRED1",4,3,10,3,8,3,9,8,6,7
"FAM98B",4,0,0,1,5,1,5,1,3,2
"RASGRP1",0,1,2,0,2,0,2,0,1,1
"AC116158.1",0,0,0,0,0,0,0,0,0,0
"AC116158.2",0,0,0,0,0,0,0,0,0,0
"C15orf53",0,0,0,0,0,0,0,1,2,3
"AC022929.2",0,0,0,0,0,0,0,0,0,0
"AC013652.1",1,0,1,0,0,2,0,2,1,2
"AC109630.1",0,0,0,0,0,0,0,0,0,0
"AC022196.1",0,0,0,0,0,0,0,0,0,0
"THBS1",1,1,3,0,0,1,1,0,1,3
"FSIP1",3,1,1,0,3,1,0,0,2,2
"AC023908.3",0,0,0,0,0,0,0,1,0,2
"GPR176",2,3,0,1,0,3,2,1,0,0
"AC012377.1",0,0,0,0,0,0,0,0,0,0
"EIF2AK4",0,2,3,5,5,5,4,5,5,6
"SRP14",18,23,19,3,15,32,48,29,17,26
"SRP14-AS1",1,0,0,0,0,0,4,0,0,3
"AC021755.2",0,0,0,0,0,0,0,0,0,0
"AC021755.3",0,0,0,0,0,0,0,0,0,0
"BMF",0,0,0,0,0,0,0,0,0,0
"BUB1B",0,0,0,0,0,0,0,0,0,0
"BUB1B-PAK6",0,0,0,0,0,0,0,0,0,0
"PAK6",0,0,0,0,0,1,0,0,0,1
"PLCB2",0,0,0,0,1,0,0,0,0,1
"INAFM2",0,0,0,0,0,0,2,1,0,1
"CCDC9B",1,0,0,2,1,0,0,1,0,3
"DISP2",0,0,2,0,0,0,1,0,0,0
"KNSTRN",1,0,0,0,0,0,2,0,0,1
"IVD",3,1,2,0,5,0,4,3,3,4
"BAHD1",1,0,0,0,1,0,0,2,1,1
"CHST14",0,0,0,0,1,0,0,0,0,0
"AC091045.1",0,0,0,0,1,0,0,1,1,2
"CCDC32",0,4,1,0,1,0,3,0,0,8
"RPUSD2",1,0,3,0,0,0,5,1,0,1
"KNL1",0,0,0,0,1,0,0,0,0,0
"RMDN3",2,3,2,2,5,1,2,1,1,3
"GCHFR",0,0,0,0,0,0,0,0,0,0
"DNAJC17",1,3,6,2,7,1,7,2,0,5
"C15orf62",0,0,0,0,0,0,0,0,0,0
"ZFYVE19",1,1,5,4,1,0,1,3,1,0
"PPP1R14D",0,0,0,0,0,0,0,0,0,0
"SPINT1-AS1",0,0,0,0,0,0,0,0,0,0
"SPINT1",0,0,0,0,0,0,0,0,0,0
"RHOV",0,0,1,0,0,0,0,0,0,0
"AC025166.1",0,0,0,0,0,0,0,0,0,0
"VPS18",0,0,1,0,0,1,0,2,1,0
"AC020661.1",0,0,0,0,0,0,1,0,0,0
"DLL4",6,2,4,3,10,2,4,3,0,5
"CHAC1",0,0,0,0,0,0,0,0,0,0
"INO80",4,0,4,3,6,3,8,5,6,13
"AC020661.3",2,0,4,1,2,2,6,1,0,2
"AC020661.2",0,0,0,0,1,1,0,0,1,2
"INO80-AS1",1,0,0,0,0,0,0,0,0,3
"EXD1",0,1,0,0,0,0,0,0,0,0
"CHP1",3,3,3,3,5,3,7,0,3,3
"OIP5",0,0,0,1,0,0,0,1,0,1
"NUSAP1",0,1,0,0,0,0,0,1,0,1
"NDUFAF1",1,0,2,0,1,2,2,0,1,5
"RTF1",3,6,16,1,1,2,6,5,1,5
"ITPKA",1,0,2,1,1,0,1,0,0,1
"LTK",0,0,1,0,0,0,0,0,0,0
"RPAP1",1,0,2,1,1,0,0,1,1,2
"TYRO3",2,4,4,4,3,1,4,0,2,5
"AC016134.1",0,0,0,0,0,0,0,0,0,0
"MGA",5,3,8,5,6,2,4,5,3,5
"AC073657.1",0,0,0,0,0,0,0,0,0,0
"MAPKBP1",4,0,1,1,12,2,6,6,2,4
"AC020659.2",0,0,0,0,0,0,0,0,0,0
"JMJD7-PLA2G4B",0,0,0,0,0,0,0,0,0,0
"SPTBN5",0,0,0,0,0,0,0,0,0,0
"EHD4",1,2,1,0,1,0,2,1,2,1
"EHD4-AS1",0,0,0,0,0,0,0,0,0,1
"PLA2G4E-AS1",0,0,0,0,0,0,0,0,0,0
"PLA2G4E",0,0,0,0,0,0,0,0,0,0
"PLA2G4D",0,0,0,0,0,0,0,0,0,0
"VPS39",3,3,4,4,3,0,3,5,3,3
"AC036103.1",0,0,0,0,0,0,0,0,0,0
"TMEM87A",7,10,7,3,13,10,22,10,6,13
"GANC",5,3,6,0,5,5,8,8,4,4
"AC012651.1",0,0,0,0,0,0,0,0,0,0
"CAPN3",0,0,0,0,0,0,0,0,0,0
"ZNF106",2,1,9,2,4,6,8,3,4,10
"SNAP23",5,3,3,5,13,3,11,11,6,18
"AC018362.1",0,0,0,0,0,0,0,0,0,0
"LRRC57",1,1,1,0,0,1,0,1,1,1
"HAUS2",2,0,1,0,3,2,1,0,0,2
"AC018362.2",0,0,0,0,0,0,0,0,0,0
"STARD9",6,2,5,1,8,5,7,5,3,13
"CDAN1",1,0,0,2,1,1,2,1,0,0
"AC090510.3",0,0,0,0,0,0,0,0,0,0
"AC090510.2",0,0,0,0,0,0,1,0,0,0
"TTBK2",9,4,7,2,11,5,20,4,8,17
"AC090510.1",0,1,0,0,0,0,0,0,0,0
"UBR1",13,5,16,4,10,8,25,11,14,16
"AC068724.3",1,3,1,0,1,3,6,7,7,3
"TMEM62",1,2,2,1,2,0,4,3,2,2
"CCNDBP1",0,2,3,1,1,4,2,7,2,3
"EPB42",0,0,0,0,0,0,0,0,0,0
"TGM5",0,0,0,0,0,0,0,0,0,0
"TGM7",0,0,0,0,0,0,0,0,0,0
"LCMT2",0,0,0,1,0,1,0,0,1,1
"ADAL",0,1,2,1,1,0,1,3,0,5
"ZSCAN29",0,0,1,0,2,0,0,2,0,1
"TUBGCP4",0,0,0,3,1,1,2,2,2,1
"TP53BP1",5,0,4,1,8,4,3,4,4,11
"MAP1A",2,9,9,3,2,1,5,2,2,2
"PPIP5K1",4,2,1,0,1,0,2,1,1,2
"CKMT1B",0,0,1,1,0,0,0,0,0,0
"STRC",0,0,1,0,0,1,0,0,0,1
"AC011330.3",0,0,2,0,0,0,0,0,1,0
"CATSPER2",7,6,5,3,5,1,6,2,4,5
"CKMT1A",0,0,1,0,0,0,0,0,0,0
"PDIA3",6,5,1,4,3,12,8,9,5,16
"AC018512.1",0,0,0,0,1,0,0,0,0,2
"SERF2",21,6,11,17,19,45,65,57,30,26
"SERINC4",0,0,0,0,0,0,0,0,0,0
"HYPK",0,0,0,0,0,0,0,0,0,0
"MFAP1",0,0,1,1,1,0,0,3,0,3
"WDR76",0,1,0,0,0,1,1,0,0,2
"FRMD5",31,24,35,44,31,4,44,9,9,51
"CASC4",4,4,11,7,8,12,23,8,8,18
"AC090519.2",0,0,0,0,0,0,0,1,0,0
"AC025043.1",3,1,2,2,2,5,4,0,1,7
"CTDSPL2",6,3,5,3,12,0,6,1,3,5
"AC025430.1",0,0,0,0,0,0,0,0,0,0
"EIF3J-DT",3,4,4,4,10,1,6,0,1,10
"EIF3J",3,3,3,4,5,2,7,4,3,3
"SPG11",8,6,9,5,11,12,15,10,7,20
"PATL2",0,0,0,0,0,0,0,0,0,0
"B2M",110,115,75,47,117,187,203,132,101,92
"TRIM69",3,0,0,4,3,3,1,0,2,4
"TERB2",0,0,0,0,0,0,0,0,0,0
"SORD",0,2,0,0,2,1,0,0,2,1
"AC091117.2",0,0,0,0,0,0,0,0,0,0
"DUOX2",0,0,0,0,0,0,0,0,0,0
"DUOXA1",0,1,0,0,0,0,0,0,0,2
"DUOX1",6,0,8,5,1,0,2,0,2,4
"SHF",1,1,1,0,2,0,1,0,0,1
"AC051619.4",0,1,0,0,0,0,0,0,0,1
"AC051619.5",0,0,0,0,0,0,0,0,0,0
"SLC28A2",0,0,0,0,0,0,0,0,1,1
"GATM",2,1,0,2,3,1,7,5,1,6
"AC025580.3",1,0,0,0,0,0,2,0,0,0
"SPATA5L1",3,1,3,2,3,1,1,0,0,1
"C15orf48",0,0,0,0,0,0,0,0,0,0
"AC025580.1",0,0,0,0,0,0,0,0,0,0
"AC025580.2",0,0,2,0,1,1,2,0,0,1
"SLC30A4",1,1,3,1,3,1,5,0,0,2
"AC090527.1",0,0,0,0,0,0,0,0,0,0
"AC090527.3",0,0,0,0,0,0,0,0,0,0
"BLOC1S6",0,0,0,0,0,0,0,0,0,0
"AC090527.2",0,0,0,0,0,0,1,0,0,0
"SQOR",2,0,0,2,1,1,3,0,1,2
"AC068722.1",0,0,0,0,0,0,1,0,0,0
"AC073941.1",1,2,1,0,0,0,0,0,1,2
"SEMA6D",3,2,2,5,6,1,7,5,7,3
"AC023905.1",0,0,0,0,0,0,0,0,0,0
"AC012050.1",0,0,0,0,0,0,0,0,0,0
"LINC01491",0,0,0,0,0,0,0,0,0,0
"AC092078.2",0,0,0,0,0,0,0,0,0,0
"SLC24A5",0,0,0,0,0,0,0,0,0,0
"MYEF2",3,2,5,1,6,2,7,3,2,4
"SLC12A1",0,1,1,0,1,0,1,0,0,0
"AC066612.1",0,0,0,0,0,0,1,0,0,0
"AC066612.2",0,0,0,0,0,0,0,0,0,0
"AC023355.1",1,0,0,0,0,0,2,1,1,1
"DUT",2,4,3,2,8,6,13,8,5,10
"FBN1",7,4,3,2,6,2,10,2,13,6
"AC084757.3",0,0,0,0,0,0,0,0,0,0
"CEP152",1,0,1,0,1,1,3,2,4,1
"SHC4",4,0,4,2,4,2,1,2,1,5
"EID1",8,2,8,10,8,7,15,12,7,7
"SECISBP2L",8,11,16,3,14,10,17,6,4,25
"AC013452.2",0,0,0,0,0,0,0,0,0,0
"COPS2",2,2,2,0,7,5,6,2,2,2
"GALK2",7,2,10,3,3,4,8,4,4,7
"FAM227B",1,1,4,1,8,2,5,4,4,7
"FGF7",0,0,1,1,1,1,2,0,0,0
"DTWD1",4,2,6,2,2,3,6,3,8,6
"ATP8B4",0,1,1,0,2,1,1,0,0,2
"AC025040.1",0,0,0,0,0,0,0,0,0,0
"SLC27A2",0,0,0,1,1,0,1,0,2,0
"HDC",0,0,0,0,0,0,0,0,0,0
"GABPB1",5,1,2,0,5,4,11,10,4,9
"GABPB1-AS1",3,4,7,3,5,0,7,5,2,19
"AC022087.1",0,0,0,0,0,0,0,0,0,0
"USP8",2,3,6,3,7,4,8,6,7,8
"AC012170.3",0,0,0,0,0,0,0,0,0,0
"USP50",0,1,0,2,0,0,0,0,0,0
"TRPM7",2,4,8,5,15,6,16,6,8,17
"AC084756.1",0,0,0,0,0,0,0,0,0,0
"SPPL2A",8,8,6,3,9,5,14,6,4,11
"AC012100.2",0,0,0,0,0,0,0,0,0,0
"AC021752.1",2,3,5,1,1,1,0,2,0,4
"AP4E1",2,1,2,2,5,3,5,2,2,7
"MIR4713HG",2,0,0,0,1,0,0,2,2,1
"TNFAIP8L3",1,0,0,0,1,0,0,0,1,0
"CYP19A1",0,0,0,0,0,0,0,0,0,0
"GLDN",2,4,4,1,2,0,5,1,0,8
"AC066613.2",2,1,0,0,1,1,3,1,0,2
"DMXL2",1,4,3,1,3,5,8,1,2,10
"SCG3",1,2,0,1,5,0,2,0,1,0
"AC020892.1",0,0,0,0,0,0,0,0,0,0
"AC020892.2",0,0,2,0,2,0,0,0,0,0
"LYSMD2",0,0,0,2,0,5,3,3,1,3
"TMOD2",4,5,6,5,5,2,4,3,0,3
"TMOD3",2,6,8,5,11,8,19,11,7,17
"AC090971.2",0,0,1,0,2,2,0,1,0,5
"AC090971.1",0,0,0,0,0,0,0,0,0,0
"LEO1",1,0,1,0,2,1,1,2,0,1
"MAPK6",3,5,4,4,6,5,9,5,4,9
"AC090970.2",0,0,0,0,0,0,0,0,0,0
"AC023906.5",0,0,0,0,0,0,0,0,0,1
"AC023906.2",0,0,0,0,0,0,0,0,0,0
"BCL2L10",0,0,0,0,0,0,0,0,0,0
"GNB5",8,1,2,0,3,1,0,2,2,5
"AC023906.3",0,0,0,0,0,0,0,0,0,0
"AC023906.4",0,0,0,0,0,0,0,0,0,0
"CERNA1",0,0,0,0,0,0,0,0,0,2
"MYO5C",5,3,4,0,2,3,8,4,1,6
"MYO5A",5,2,5,8,16,5,4,8,6,15
"ARPP19",10,4,11,4,8,5,10,6,2,8
"AC025917.1",0,0,2,0,1,0,0,0,0,1
"FAM214A",10,5,3,0,10,3,13,8,8,10
"ONECUT1",0,0,0,0,1,0,0,0,0,0
"AC016044.1",0,0,0,0,0,0,0,0,0,0
"WDR72",0,0,0,0,0,0,0,0,0,0
"AC084759.2",0,0,0,0,0,0,0,0,0,0
"UNC13C",1,0,3,0,1,1,0,0,0,3
"AC025272.1",0,0,0,0,0,1,0,0,0,0
"RSL24D1",3,2,2,2,2,0,4,1,4,5
"RAB27A",4,0,2,3,1,2,4,4,2,6
"PIGBOS1",0,0,0,0,0,0,0,0,0,0
"PIGB",2,0,3,0,2,1,3,1,0,0
"CCPG1",12,0,9,4,6,3,9,6,5,9
"C15orf65",0,0,1,0,0,0,1,1,1,0
"DNAAF4",2,1,0,0,0,1,1,2,0,1
"PYGO1",0,0,4,0,0,1,1,2,1,0
"PRTG",3,3,1,0,3,0,4,1,4,1
"NEDD4",3,6,9,1,8,3,13,4,3,7
"RFX7",6,4,5,4,11,4,17,2,6,10
"TEX9",0,0,1,0,0,0,1,0,4,3
"AC084782.1",0,0,0,0,0,0,0,0,0,0
"AC084782.2",0,0,0,0,0,0,0,0,0,0
"MNS1",1,0,0,0,0,0,0,0,0,0
"AC084782.3",0,0,0,0,0,0,0,0,0,0
"AC090518.1",1,0,1,0,0,1,0,2,0,3
"ZNF280D",5,5,8,3,13,3,11,8,4,11
"AC090517.4",8,3,6,2,7,1,7,0,4,11
"AC010999.2",0,0,0,0,0,0,0,0,0,0
"TCF12",41,31,43,33,62,26,91,33,37,71
"LINC00926",0,0,0,0,1,0,0,0,0,0
"CGNL1",9,4,13,8,29,3,42,18,18,9
"GCOM1",0,0,0,0,0,0,0,0,0,0
"POLR2M",0,1,0,2,1,0,5,1,1,0
"ALDH1A2",6,0,4,1,4,1,2,2,9,6
"AQP9",0,0,0,0,0,0,0,0,0,0
"LIPC",1,0,0,0,0,0,0,0,0,0
"AC018904.1",0,0,0,0,0,0,0,0,0,0
"ADAM10",8,11,13,11,14,7,27,14,13,18
"AC090515.2",0,0,0,0,0,0,0,0,0,1
"MINDY2",5,3,3,5,7,7,16,1,5,12
"AC090515.4",0,0,0,0,0,0,0,0,0,1
"RNF111",11,7,10,6,14,8,20,11,8,19
"SLTM",10,12,15,7,16,12,17,15,12,27
"CCNB2",0,1,1,0,0,0,0,0,0,0
"AC092757.3",0,0,0,0,0,0,0,0,0,0
"MYO1E",9,17,14,13,28,9,33,12,3,51
"FAM81A",0,1,3,0,2,0,1,1,0,1
"GCNT3",0,0,0,0,0,0,0,0,0,0
"GTF2A2",3,1,5,2,6,5,5,7,3,3
"BNIP2",3,3,3,2,3,4,11,5,3,2
"FOXB1",0,0,0,0,0,0,0,0,0,0
"AC009654.1",0,0,0,0,0,0,0,0,0,0
"ANXA2",5,11,6,1,7,10,19,7,15,19
"ICE2",4,1,4,0,7,6,9,4,2,4
"RORA-AS1",2,1,7,0,9,3,6,2,5,11
"RORA",142,36,163,49,224,83,98,121,113,236
"RORA-AS2",0,0,0,0,0,0,0,0,0,0
"AC012404.1",17,6,35,2,19,9,9,22,7,26
"AC012404.2",1,0,0,0,0,0,0,0,0,1
"AC107905.1",0,0,0,0,0,0,0,0,0,0
"AC104574.2",0,0,0,1,0,0,0,0,0,1
"AC104574.1",0,0,0,0,0,0,0,0,0,0
"AC018618.1",0,0,1,0,0,0,1,1,0,0
"AC009554.1",2,2,0,1,1,0,0,1,0,1
"VPS13C",8,7,6,7,23,16,22,19,10,20
"AC104590.1",0,0,0,0,0,0,0,0,0,0
"C2CD4A",0,0,0,0,0,0,0,0,0,0
"C2CD4B",0,2,0,1,0,0,0,1,0,1
"AC126323.2",0,0,0,0,0,0,0,0,0,0
"AC032011.1",0,0,0,0,0,0,0,0,0,0
"TLN2",2,2,10,3,6,2,7,1,9,13
"AC100839.1",0,0,0,0,1,0,0,0,0,0
"AC100839.2",0,0,0,0,0,0,0,0,0,0
"AC103740.1",0,1,0,0,0,0,0,0,0,0
"TPM1",28,8,24,7,21,17,24,12,24,29
"TPM1-AS",0,0,0,0,0,0,0,0,0,0
"AC087612.1",0,0,0,0,0,0,0,1,0,0
"LACTB",0,0,1,1,4,1,3,2,0,1
"RPS27L",5,6,9,2,14,14,15,18,18,6
"RAB8B",1,2,2,3,8,3,11,8,3,10
"APH1B",3,1,3,0,3,0,2,0,2,3
"CA12",0,0,0,0,0,0,1,0,1,0
"LINC02568",0,0,0,0,0,0,0,0,0,0
"AC007950.1",0,0,0,0,0,0,0,0,0,0
"AC007950.2",0,0,0,0,0,0,0,0,0,0
"USP3",6,5,4,5,12,3,8,6,7,13
"USP3-AS1",3,1,6,0,3,1,1,2,1,0
"FBXL22",1,0,0,0,0,0,0,1,1,0
"HERC1",17,4,14,9,18,12,32,19,16,29
"AC073167.1",2,3,2,1,2,0,3,0,0,6
"DAPK2",7,0,3,4,5,2,6,2,3,3
"AC015914.1",1,2,0,1,0,0,0,0,0,0
"FAM96A",3,1,2,0,1,4,5,2,0,2
"SNX1",7,1,5,2,8,4,8,8,6,11
"SNX22",0,1,0,0,0,0,0,0,2,0
"PPIB",2,4,4,3,4,15,16,15,2,7
"CSNK1G1",0,0,0,0,1,0,0,1,0,2
"AC087632.1",0,0,0,0,0,0,0,1,0,0
"PCLAF",0,0,0,0,0,0,0,0,0,0
"TRIP4",1,1,2,0,8,2,2,1,2,4
"ZNF609",14,11,35,8,27,17,30,45,25,33
"OAZ2",1,4,3,4,6,5,11,7,6,4
"AC100830.3",0,0,0,0,0,0,0,0,0,1
"AC100830.1",3,0,2,0,0,0,0,0,0,2
"RBPMS2",1,0,0,2,3,2,2,1,1,3
"PIF1",0,0,0,0,0,0,0,0,1,0
"AC069368.1",1,1,2,1,2,1,1,0,1,0
"ANKDD1A",0,4,2,0,1,0,1,0,0,3
"AC103691.1",0,0,1,0,0,0,0,0,0,0
"SPG21",3,2,1,2,1,1,3,6,1,5
"MTFMT",1,1,0,2,7,0,6,1,4,5
"SLC51B",0,0,0,0,1,0,1,0,1,0
"AC013553.3",0,0,0,0,0,0,0,0,0,0
"RASL12",1,0,0,0,1,3,1,1,1,3
"AC013553.4",0,0,0,0,0,0,0,0,0,0
"UBAP1L",7,1,2,1,2,1,3,1,2,3
"PDCD7",2,1,1,0,2,1,7,5,2,6
"CLPX",0,3,0,0,3,1,2,1,4,2
"CILP",0,0,0,0,0,0,0,0,0,0
"PARP16",1,1,2,0,1,2,1,3,0,4
"IGDCC3",1,1,0,0,1,3,0,0,0,1
"IGDCC4",2,0,1,0,1,0,0,0,3,1
"DPP8",8,2,5,1,5,4,11,0,2,8
"HACD3",6,2,3,1,6,3,5,4,5,5
"INTS14",0,0,0,0,1,2,4,1,2,0
"SLC24A1",0,0,0,0,1,0,2,0,0,1
"AC011939.3",0,0,0,0,0,0,0,0,0,0
"DENND4A",8,19,16,10,23,17,31,21,24,33
"RAB11A",19,19,27,12,32,23,45,30,23,56
"MEGF11",0,0,0,0,1,0,1,3,2,1
"AC055855.2",0,0,0,2,0,0,0,1,0,1
"DIS3L",1,2,1,1,3,0,2,4,3,3
"AC055855.1",0,0,0,0,1,0,0,0,0,0
"TIPIN",3,1,2,1,0,1,2,0,1,6
"MAP2K1",5,2,9,4,11,7,22,4,4,12
"AC116913.1",0,0,0,0,1,0,0,0,0,1
"SNAPC5",1,0,0,1,1,2,1,3,1,2
"RPL4",3,6,3,8,11,11,15,10,12,5
"ZWILCH",1,2,1,0,0,0,0,0,0,0
"LCTL",0,0,0,0,0,0,0,1,0,0
"LINC01169",0,0,0,0,0,0,2,0,0,0
"SMAD6",2,7,7,1,8,0,35,1,1,6
"AC110048.2",0,1,0,0,0,0,1,0,0,0
"AC093334.1",1,0,0,0,0,1,0,0,0,0
"LINC02206",1,0,1,0,0,0,0,0,0,1
"AC087482.1",2,1,0,0,0,0,1,1,0,0
"SMAD3",8,0,6,2,9,0,6,5,4,15
"AC012568.1",0,0,0,0,0,0,0,0,0,0
"AAGAB",1,3,5,2,3,1,1,6,2,2
"IQCH",5,5,2,1,3,0,1,1,2,13
"IQCH-AS1",3,0,2,0,0,0,1,0,3,3
"C15orf61",0,0,0,0,1,2,4,1,1,1
"AC016355.1",0,0,0,0,0,0,0,0,0,0
"MAP2K5",11,4,14,3,18,7,15,12,6,16
"SKOR1",0,0,0,0,0,0,0,0,0,0
"PIAS1",25,9,34,17,34,19,53,21,62,46
"AC107871.1",0,0,0,0,0,0,0,0,0,1
"CLN6",0,0,0,0,0,0,0,0,0,1
"AC107871.2",0,0,0,0,0,0,0,0,0,0
"FEM1B",4,1,2,2,3,4,7,6,6,3
"ITGA11",4,2,7,0,7,1,4,3,5,4
"CORO2B",0,2,1,3,6,4,6,4,3,3
"ANP32A",3,0,1,4,3,5,7,4,3,2
"SPESP1",1,1,3,0,1,0,2,0,0,2
"NOX5",0,1,0,0,0,0,1,0,0,1
"EWSAT1",0,0,0,0,0,0,0,0,0,0
"AC027088.2",0,0,0,0,0,0,0,0,0,0
"GLCE",6,2,9,3,5,0,10,3,4,19
"AC026992.2",1,0,0,0,0,0,0,0,0,3
"AC026992.1",1,0,0,0,0,1,0,0,0,4
"PAQR5",2,6,3,0,5,3,3,1,1,8
"AC027237.3",0,0,0,0,0,0,0,0,0,2
"KIF23",0,0,0,0,0,0,0,0,0,0
"RPLP1",10,14,14,18,17,63,45,52,35,18
"AC027237.2",0,0,0,0,0,0,0,0,0,2
"DRAIC",0,0,1,0,1,0,0,1,1,5
"TLE3",1,0,0,0,3,2,2,1,1,2
"LINC02204",0,0,2,3,1,0,0,0,0,0
"UACA",20,11,17,10,26,22,25,30,33,22
"AC009269.2",3,2,1,0,2,0,1,1,1,3
"LARP6",7,5,2,4,2,1,5,3,1,3
"LRRC49",3,3,4,0,4,4,4,2,4,2
"THAP10",1,0,0,0,0,1,2,0,1,1
"THSD4",22,28,26,8,34,13,69,14,23,124
"THSD4-AS1",6,2,2,1,10,5,5,1,5,7
"NR2E3",0,0,0,0,0,0,1,0,0,1
"AC104938.1",1,0,0,0,1,0,0,0,0,0
"MYO9A",14,11,23,8,15,14,51,22,9,27
"AC022872.1",3,0,1,0,1,0,2,1,0,4
"SENP8",0,0,0,0,0,0,0,0,0,0
"AC020779.2",0,0,0,0,0,0,1,0,0,0
"GRAMD2A",0,0,0,0,0,1,0,0,0,0
"PKM",11,8,20,10,10,18,27,20,12,10
"PARP6",3,5,2,2,5,2,3,1,3,2
"AC009690.3",0,0,0,0,0,0,0,0,1,0
"AC009690.2",1,3,2,0,7,1,1,3,0,9
"AC009690.1",3,2,4,5,5,1,7,5,4,10
"HEXA",0,0,0,0,0,0,0,0,0,0
"HEXA-AS1",0,0,0,0,0,0,1,0,0,0
"TMEM202",0,0,0,0,0,0,0,0,0,0
"TMEM202-AS1",0,0,0,0,2,0,0,1,0,1
"ARIH1",9,8,10,5,15,6,24,16,4,25
"LINC02259",0,0,1,0,0,0,0,0,0,0
"AC100827.4",0,0,0,0,0,0,0,0,0,0
"HIGD2B",0,0,0,0,0,0,0,0,0,0
"BBS4",3,0,1,0,3,0,4,0,3,2
"ADPGK",1,1,2,0,2,3,2,2,2,3
"ADPGK-AS1",0,0,0,0,0,0,0,1,0,0
"NEO1",15,5,9,9,19,6,13,8,5,23
"HCN4",0,0,0,0,0,0,0,0,0,0
"REC114",1,0,0,0,0,0,0,0,0,0
"NPTN",3,6,4,6,10,5,5,4,3,2
"CD276",0,0,0,0,0,0,1,0,1,0
"C15orf59",0,0,0,0,1,0,0,0,0,0
"C15orf59-AS1",0,0,0,0,0,0,0,0,0,0
"TBC1D21",0,0,0,0,0,0,0,0,0,0
"LOXL1-AS1",0,0,0,0,1,0,0,0,1,1
"LOXL1",1,0,0,0,0,0,0,0,1,1
"STOML1",1,0,1,0,0,1,2,1,1,0
"PML",2,4,3,0,0,1,6,2,2,2
"ISLR2",0,0,0,0,0,0,0,0,0,0
"AC010931.2",0,0,0,0,0,0,0,0,0,0
"AC010931.3",0,0,0,0,0,0,0,0,0,0
"ISLR",11,1,3,0,7,6,1,3,20,9
"STRA6",0,0,0,0,0,0,0,0,0,1
"CCDC33",0,0,0,0,0,0,0,0,1,0
"AC023300.2",0,0,0,0,0,0,0,0,0,0
"CYP11A1",2,0,1,0,1,0,0,0,0,0
"AC090826.1",0,0,0,0,0,0,0,0,0,0
"SEMA7A",1,1,0,1,0,1,1,0,0,0
"UBL7",1,0,2,1,0,0,1,2,0,1
"UBL7-AS1",0,2,2,0,0,0,1,1,1,0
"AC012435.2",0,0,0,0,0,1,0,0,1,2
"ARID3B",0,1,1,1,1,1,4,0,1,2
"CLK3",0,0,0,2,1,0,7,2,3,2
"AC100835.2",0,0,0,0,0,0,0,0,0,0
"AC100835.1",0,0,0,0,0,0,0,0,0,0
"EDC3",2,4,4,2,5,0,5,2,2,7
"CYP1A1",0,0,0,0,0,0,0,0,0,0
"CSK",0,0,4,0,2,0,5,1,1,1
"LMAN1L",0,0,0,0,0,0,0,0,0,0
"CPLX3",1,0,1,0,0,0,0,0,0,0
"ULK3",3,0,0,3,3,1,2,1,1,1
"SCAMP2",0,0,3,1,2,4,3,3,0,3
"MPI",1,1,1,0,1,1,2,2,1,3
"FAM219B",1,2,3,6,1,1,7,2,0,2
"COX5A",2,1,2,2,1,7,2,7,3,6
"RPP25",1,0,0,1,0,1,1,1,0,3
"SCAMP5",2,7,6,6,4,2,1,3,1,4
"PPCDC",3,3,5,2,4,1,5,7,3,12
"C15orf39",0,1,2,1,2,1,4,0,1,0
"COMMD4",3,1,1,1,2,1,3,4,0,3
"AC068338.3",0,0,0,0,0,1,0,0,0,1
"NEIL1",2,0,1,1,1,2,1,2,1,1
"MAN2C1",2,2,3,0,5,1,3,3,2,2
"AC068338.2",0,0,0,0,0,0,0,0,0,0
"SIN3A",0,0,4,2,0,1,2,6,3,3
"PTPN9",4,3,7,3,10,4,9,4,8,12
"SNUPN",2,0,0,0,2,0,1,0,0,2
"AC105020.3",0,0,0,0,0,0,0,0,0,0
"AC105020.2",0,0,0,0,0,0,0,0,0,0
"IMP3",2,2,1,2,0,2,6,5,5,4
"AC105020.6",0,0,0,0,0,0,0,0,0,0
"AC105020.5",0,0,0,0,0,0,0,0,0,0
"SNX33",0,0,0,0,1,1,1,3,3,0
"CSPG4",3,0,5,0,6,4,10,4,6,1
"AC105020.1",0,0,0,0,1,0,0,0,0,0
"ODF3L1",0,0,0,0,0,0,0,0,0,0
"DNM1P35",0,0,0,0,0,0,1,0,0,0
"UBE2Q2",5,2,2,1,5,2,12,3,1,7
"FBXO22",4,1,1,1,5,3,1,7,1,5
"NRG4",2,0,2,0,2,1,0,1,0,0
"TMEM266",0,0,0,0,0,1,0,1,0,0
"AC091100.1",0,0,0,0,0,0,0,0,0,0
"ETFA",4,2,8,4,9,2,12,4,2,8
"ISL2",0,0,0,0,0,0,0,0,0,0
"SCAPER",11,11,15,9,31,15,36,20,10,36
"RCN2",3,3,3,0,4,4,7,2,6,5
"PSTPIP1",0,0,0,0,0,0,0,0,0,0
"TSPAN3",3,4,6,2,4,5,6,5,4,3
"PEAK1",17,15,11,17,25,10,24,9,11,28
"HMG20A",3,5,3,4,8,2,12,5,8,9
"AC046168.1",0,0,0,0,0,0,0,0,0,0
"AC046168.2",0,0,0,0,0,0,0,0,0,0
"LINGO1",10,13,8,9,10,34,31,28,54,25
"LINGO1-AS1",0,0,0,0,0,0,0,0,0,0
"LINGO1-AS2",0,0,0,0,0,0,0,0,0,0
"TBC1D2B",4,1,5,3,2,1,4,6,4,6
"SH2D7",0,0,0,0,1,0,0,0,0,0
"CIB2",0,0,0,0,0,0,0,1,1,0
"IDH3A",2,3,0,0,3,3,7,0,1,5
"ACSBG1",1,1,1,0,1,0,0,2,0,1
"AC090607.3",0,0,0,0,0,0,0,0,0,0
"DNAJA4",0,0,1,1,0,0,2,1,0,0
"WDR61",3,0,3,1,4,4,0,5,3,3
"AC090607.1",0,0,0,0,0,0,0,0,0,0
"AC090607.5",0,0,0,0,0,0,0,0,0,0
"CRABP1",0,0,0,0,0,0,0,0,3,0
"IREB2",6,2,5,0,7,7,3,5,5,10
"AC027228.1",0,0,0,0,0,0,0,0,0,0
"HYKK",2,0,0,0,0,0,0,0,0,1
"PSMA4",3,1,1,2,4,3,6,4,6,4
"CHRNA5",0,0,0,0,1,0,0,0,0,3
"CHRNA3",0,0,0,0,0,0,0,0,0,0
"CHRNB4",0,0,0,0,1,0,2,1,0,0
"ADAMTS7",2,0,0,1,0,0,0,0,1,1
"MORF4L1",13,7,14,3,12,20,30,26,9,20
"CTSH",1,0,2,1,2,0,3,0,0,2
"RASGRF1",1,2,2,2,2,0,1,1,1,6
"AC011944.1",0,0,1,0,0,0,0,0,0,1
"ANKRD34C-AS1",0,0,0,0,2,1,0,1,0,1
"ANKRD34C",0,0,0,0,0,0,0,0,0,0
"TMED3",2,0,2,0,1,2,0,1,2,1
"KIAA1024",0,0,0,0,0,0,0,0,0,0
"MTHFS",0,0,3,0,0,0,0,0,0,0
"ST20-AS1",0,1,0,0,0,0,0,0,0,0
"BCL2A1",0,0,0,0,0,0,0,0,0,0
"ZFAND6",5,4,6,3,16,4,17,12,13,17
"FAH",0,0,0,0,0,0,0,0,2,0
"CTXND1",1,0,1,1,0,0,0,1,1,0
"LINC00927",0,0,0,0,0,0,0,0,1,0
"AC016705.2",2,1,2,0,0,1,1,2,6,1
"ARNT2",23,8,19,1,16,8,19,12,19,23
"AC016705.1",0,0,0,0,0,0,0,0,0,0
"AC108451.1",0,0,1,0,0,0,0,0,0,2
"ABHD17C",0,0,3,1,4,0,2,2,0,1
"AC023302.1",0,0,0,0,0,0,0,0,0,0
"CEMIP",96,2,70,6,61,12,8,18,138,33
"AC027808.1",3,0,2,0,2,1,2,1,0,0
"MESD",1,3,3,0,4,2,7,2,3,5
"AC068870.2",0,0,0,0,0,0,0,0,0,0
"TLNRD1",1,0,2,1,5,1,2,0,4,6
"CFAP161",2,3,0,1,3,0,1,2,2,5
"IL16",1,0,0,0,3,0,0,1,2,4
"STARD5",0,0,0,0,0,0,0,0,0,0
"TMC3-AS1",0,0,0,0,1,0,0,0,0,2
"TMC3",0,0,0,0,0,0,0,0,0,0
"AC060809.1",0,0,0,1,0,0,0,0,1,0
"AC023034.2",0,0,0,0,0,0,0,0,0,0
"AC104041.1",1,0,0,0,1,1,1,0,1,0
"AC025219.1",0,0,0,0,0,0,0,0,0,0
"MEX3B",0,0,1,0,0,1,0,0,0,0
"LINC01583",0,0,0,0,0,0,0,0,0,0
"EFL1",1,0,3,0,4,1,3,3,2,1
"SAXO2",0,0,0,0,1,1,0,0,3,3
"GOLGA6L10",1,0,0,0,2,0,1,0,0,0
"GOLGA6L9",2,0,0,0,0,0,0,1,0,2
"RPS17",11,1,2,3,3,15,6,14,24,4
"AC245033.1",0,0,0,0,0,0,0,0,0,0
"AC245033.2",2,0,0,0,0,0,5,0,0,2
"CPEB1",1,1,2,3,2,1,2,2,0,6
"CPEB1-AS1",1,0,0,0,1,0,0,1,0,6
"AP3B2",1,0,3,0,3,1,0,1,0,4
"AC105339.3",1,0,1,0,1,0,0,0,0,0
"SNHG21",2,0,1,0,2,0,2,1,0,0
"FSD2",0,1,1,1,0,0,0,1,0,0
"WHAMM",1,2,4,2,5,0,2,2,1,5
"HOMER2",0,2,3,0,1,1,6,2,2,4
"AC022558.2",2,0,2,0,1,0,1,0,0,0
"C15orf40",2,0,1,1,1,0,2,1,3,4
"BTBD1",1,1,4,1,3,1,2,0,0,2
"TM6SF1",1,1,1,0,2,1,4,0,2,1
"HDGFL3",9,5,7,3,6,3,10,4,5,13
"AC103876.1",2,1,4,0,6,5,3,1,0,3
"BNC1",0,0,0,0,0,0,0,0,0,0
"SH3GL3",14,9,14,11,8,4,14,4,2,25
"ADAMTSL3",7,0,5,1,5,2,9,9,5,49
"UBE2Q2L",0,0,0,0,0,1,1,0,0,0
"GOLGA6L4",1,1,0,0,1,0,0,0,0,0
"AC048382.5",0,0,3,0,2,0,3,0,0,0
"ZSCAN2",1,1,1,0,1,0,0,2,0,0
"WDR73",6,1,1,2,3,0,4,1,0,7
"NMB",0,1,0,0,0,0,0,0,0,1
"SEC11A",2,4,3,1,1,5,4,6,2,8
"AC115102.1",0,0,0,0,0,0,0,0,0,0
"ZNF592",4,1,0,0,1,1,6,2,1,4
"ALPK3",0,0,2,0,0,0,0,3,0,0
"SLC28A1",0,0,0,0,0,0,0,0,0,0
"PDE8A",21,20,31,21,41,9,46,37,12,41
"AKAP13",14,9,14,3,22,12,29,21,13,64
"AC087286.2",1,0,2,0,1,0,1,4,1,10
"AC021739.4",0,0,0,0,0,0,0,0,0,0
"AC021739.2",0,0,0,0,1,0,1,0,0,0
"AC021739.3",0,0,0,0,0,0,0,0,0,0
"KLHL25",1,0,2,0,0,0,1,1,0,0
"LINC01584",0,0,0,0,0,0,0,0,0,2
"AGBL1",1,0,0,0,2,0,0,1,0,19
"AC016987.1",0,0,0,0,0,0,0,0,0,4
"AC078905.1",0,0,0,0,0,0,0,0,0,0
"AC020687.1",1,0,0,0,0,0,0,0,0,0
"NTRK3",36,12,44,9,39,23,21,23,70,47
"NTRK3-AS1",0,0,0,1,0,0,0,0,0,1
"MRPL46",0,0,0,0,0,3,3,1,0,0
"MRPS11",0,0,6,3,0,3,5,3,6,3
"DET1",0,0,2,2,0,1,2,2,1,0
"LINC01586",0,0,0,0,0,0,0,0,1,2
"AEN",0,1,0,2,0,0,2,1,1,1
"ISG20",1,1,1,1,0,2,13,1,2,2
"AC103982.1",0,0,0,0,0,0,0,0,0,0
"ACAN",0,0,0,0,0,0,1,0,0,2
"HAPLN3",0,0,0,1,1,0,4,1,0,2
"MFGE8",9,2,6,2,5,9,10,18,7,4
"AC013565.1",1,0,0,0,0,0,1,0,0,0
"AC013565.3",0,0,0,0,0,0,0,0,0,0
"ABHD2",4,4,4,4,4,6,8,5,4,7
"RLBP1",0,0,0,0,0,0,0,0,0,0
"FANCI",1,1,0,1,0,0,1,1,0,2
"POLG",2,1,4,0,2,5,3,5,1,4
"AC124068.2",0,0,0,0,0,1,0,0,0,0
"MIR9-3HG",0,0,0,1,1,0,0,0,1,0
"RHCG",0,0,0,0,0,0,0,0,1,0
"LINC00928",0,0,0,0,0,0,0,0,0,0
"AC013391.3",0,0,0,0,0,0,0,0,0,0
"TICRR",0,0,0,0,0,0,0,0,0,0
"KIF7",0,1,0,0,0,0,0,2,0,1
"PLIN1",0,0,0,0,0,0,0,0,0,0
"PEX11A",0,0,1,0,1,0,0,0,0,2
"WDR93",0,0,3,0,1,0,0,1,0,0
"MESP1",1,1,1,2,2,0,1,0,1,0
"MESP2",0,0,0,0,0,0,0,0,0,0
"ANPEP",0,1,0,0,2,1,1,4,2,2
"AP3S2",2,1,0,0,1,0,0,1,0,0
"C15orf38-AP3S2",0,0,0,0,0,0,0,0,0,0
"ZNF710",5,1,1,1,2,0,1,2,1,3
"ZNF710-AS1",0,0,0,0,0,0,1,0,0,0
"IDH2",1,0,1,1,2,1,1,2,0,1
"IDH2-DT",0,0,0,0,0,0,0,0,0,0
"SEMA4B",2,1,2,0,4,1,3,0,4,5
"CIB1",2,0,4,4,0,1,6,1,3,2
"AC091167.7",0,0,0,0,0,0,0,0,0,1
"AC091167.6",0,1,0,1,0,0,0,1,0,0
"ZNF774",2,0,0,0,0,0,0,0,0,0
"IQGAP1",14,10,18,7,19,7,25,6,13,19
"AC018946.1",0,0,1,0,0,0,0,0,0,1
"CRTC3",6,3,9,7,18,11,18,18,8,17
"AC103739.2",0,0,0,0,0,0,0,0,0,0
"CRTC3-AS1",0,1,0,0,0,2,0,0,2,1
"BLM",0,0,0,0,0,0,1,0,2,0
"FURIN",1,2,0,2,0,2,4,1,0,2
"FES",0,3,1,3,0,0,10,2,0,10
"MAN2A2",3,2,2,4,3,2,7,2,2,1
"AC068831.4",0,0,0,0,0,0,0,0,0,0
"HDDC3",1,0,1,0,0,0,1,0,1,1
"UNC45A",2,2,6,1,1,2,2,4,1,0
"AC068831.1",0,1,0,0,1,0,0,0,0,0
"RCCD1",0,0,0,1,0,0,2,2,0,1
"PRC1",0,0,0,0,0,0,0,0,0,0
"AC068831.7",0,0,0,1,0,0,0,0,0,0
"PRC1-AS1",1,0,0,0,2,0,0,0,0,0
"VPS33B-DT",0,1,0,0,0,0,1,0,0,0
"SV2B",8,3,4,3,7,3,0,2,1,0
"AC104035.1",4,0,0,0,0,2,0,0,1,0
"SLCO3A1",13,13,21,13,24,15,30,11,4,30
"AC116903.2",0,0,3,2,0,0,4,3,0,8
"ST8SIA2",0,0,0,0,0,0,0,0,0,0
"C15orf32",0,0,0,0,0,0,0,0,0,0
"LINC00930",0,0,0,0,0,0,0,0,0,0
"AC091544.5",0,0,0,0,0,1,0,0,0,0
"FAM174B",3,0,5,3,3,4,3,2,0,6
"AC106028.4",0,0,0,0,0,0,0,0,0,0
"AC106028.5",0,0,0,0,0,0,0,0,0,0
"AC013394.1",5,3,2,7,5,7,13,3,3,12
"CHD2",5,4,8,3,8,8,12,2,3,15
"RGMA",3,0,2,2,3,1,0,0,0,0
"AC112693.1",0,0,0,0,0,0,0,0,0,0
"AC091078.1",0,2,3,2,1,0,0,0,0,2
"AC110023.1",0,1,1,0,3,1,0,1,1,3
"LINC01579",1,0,0,0,0,0,1,0,0,0
"LINC02207",0,0,0,0,0,0,0,0,0,0
"AC103996.2",0,0,0,0,0,0,0,0,0,0
"LINC01580",1,0,0,0,0,1,0,0,0,1
"LINC01581",0,0,0,0,0,0,0,0,0,0
"MCTP2",1,2,4,0,4,0,0,1,0,3
"AC087636.1",0,0,0,0,0,0,0,0,0,0
"LINC01197",8,1,6,1,12,4,3,7,6,5
"LINC00924",2,0,4,0,12,1,2,3,6,1
"AC027013.1",0,0,0,0,0,0,0,0,0,0
"AC015574.1",1,0,0,1,0,0,1,0,0,0
"AC012409.2",13,4,14,5,15,8,6,13,17,9
"AC024337.1",0,0,0,0,0,0,0,0,0,0
"AC024337.2",0,0,0,0,0,0,1,0,0,1
"NR2F2-AS1",25,3,30,12,49,10,15,48,29,28
"NR2F2",7,2,10,3,17,20,13,22,15,9
"AC087477.2",3,0,3,1,1,2,0,0,2,2
"AC087477.5",0,0,0,0,0,0,0,0,0,0
"AC020704.1",0,0,1,0,1,0,0,0,0,0
"LINC02253",0,1,1,0,0,0,0,0,0,1
"LINC02254",0,1,1,0,0,0,0,0,0,0
"AC026523.1",0,0,0,0,0,0,0,0,0,0
"LINC00923",2,0,3,0,0,0,1,0,0,2
"ARRDC4",0,0,1,0,0,0,1,0,1,1
"AC024651.1",0,0,0,0,0,0,0,0,0,0
"LINC02251",0,0,0,0,1,0,0,0,0,0
"AC022523.1",0,0,1,1,0,0,0,0,0,1
"AC015722.2",0,0,0,0,0,0,0,0,0,0
"FAM169B",0,1,1,0,0,0,0,2,0,0
"AC118658.1",0,0,0,0,0,0,1,0,0,0
"IGF1R",24,16,20,12,44,14,93,8,20,43
"AC069029.1",0,0,0,0,0,0,0,0,0,0
"AC036108.1",1,0,2,1,1,1,0,0,0,2
"SYNM",3,1,3,0,5,2,1,3,2,3
"AC036108.2",0,0,0,0,0,0,0,0,0,0
"TTC23",3,2,5,0,2,1,5,2,2,3
"AC036108.3",2,0,0,0,1,0,0,1,0,0
"LRRC28",4,6,7,2,5,5,5,2,2,4
"AC015660.3",0,0,0,0,0,0,0,0,0,0
"AC015660.4",0,0,0,0,0,0,0,0,0,0
"MEF2A",23,34,19,19,40,13,139,31,18,61
"LYSMD4",1,1,1,1,1,0,1,1,1,0
"AC090825.1",2,0,3,1,5,2,5,8,2,3
"AC084855.1",0,0,0,0,0,0,0,0,0,0
"ADAMTS17",5,1,4,2,1,0,4,3,0,4
"AC084855.2",0,0,0,0,0,0,0,0,0,0
"AC022710.1",0,0,0,0,0,0,0,0,0,0
"SPATA41",0,0,0,0,0,0,0,0,0,0
"CERS3-AS1",1,0,0,0,1,0,0,0,0,2
"CERS3",0,0,1,0,0,0,1,1,1,1
"AC027020.2",0,0,2,0,1,0,0,0,0,1
"LINS1",1,0,2,0,1,1,2,1,0,1
"ASB7",3,0,2,2,3,1,5,2,0,4
"AC087762.1",0,0,0,0,0,0,2,0,0,0
"AC015712.1",1,0,0,0,0,0,0,0,0,1
"AC015712.4",0,0,0,0,0,0,0,0,1,0
"ALDH1A3",0,0,0,0,1,0,0,1,0,0
"AC015712.7",0,0,0,0,0,0,0,0,0,0
"AC015712.2",1,0,0,1,1,2,0,0,0,0
"LRRK1",3,0,2,1,1,3,1,2,0,8
"AC090907.1",0,0,0,0,0,0,0,0,0,0
"AC090907.2",0,0,1,0,2,1,0,1,1,0
"CHSY1",4,6,8,6,13,6,26,16,6,11
"SELENOS",7,5,8,1,11,13,2,7,6,17
"SNRPA1",10,1,4,2,1,3,5,2,2,3
"AC023024.1",0,0,0,0,0,0,0,0,0,0
"PCSK6",5,6,6,5,6,4,15,3,1,21
"PCSK6-AS1",0,0,0,0,0,0,0,0,0,0
"TM2D3",6,7,2,2,3,7,7,4,3,9
"TARSL2",11,9,6,5,6,4,15,9,6,11
"AC140725.1",0,0,0,0,0,0,0,0,0,0
"WASIR2",0,0,0,0,0,0,0,0,0,0
"POLR3K",2,1,0,2,1,1,2,2,0,3
"SNRNP25",0,1,1,2,0,0,1,1,0,1
"RHBDF1",2,0,1,0,1,1,8,3,0,2
"MPG",5,3,3,0,9,3,14,7,4,8
"NPRL3",4,2,7,2,3,3,3,0,1,9
"Z69720.1",0,0,0,0,0,0,0,0,0,0
"Z69666.1",0,0,0,0,0,0,0,0,0,1
"HBM",0,0,0,0,0,0,0,0,0,0
"HBA2",0,3,3,0,7,0,2,0,0,1
"HBA1",0,1,0,0,4,0,1,0,0,2
"HBQ1",1,0,0,0,0,0,0,0,0,0
"Z69706.1",0,0,0,0,0,0,0,0,0,0
"LUC7L",4,4,6,1,8,1,4,4,1,14
"FAM234A",2,0,1,0,1,1,1,0,0,1
"RGS11",1,0,1,0,2,0,0,1,1,2
"ARHGDIG",1,1,3,3,1,0,1,0,1,1
"PDIA2",1,0,0,3,1,0,0,2,1,1
"AXIN1",0,1,2,3,1,0,1,0,0,2
"MRPL28",1,0,2,2,1,0,2,4,0,1
"TMEM8A",0,0,0,1,1,1,0,2,0,4
"NME4",0,1,2,1,0,4,4,7,4,3
"DECR2",1,0,0,0,0,0,0,1,0,0
"RAB11FIP3",3,2,5,5,10,2,4,0,0,16
"LINC00235",0,0,0,0,0,0,0,0,0,0
"CAPN15",0,1,2,1,1,1,1,1,1,3
"PRR35",0,0,0,0,0,0,0,0,0,0
"PIGQ",1,1,0,1,1,0,0,3,1,2
"RAB40C",3,1,2,1,14,1,4,1,3,1
"WFIKKN1",0,0,0,0,0,0,0,0,0,1
"METTL26",3,2,5,1,2,0,6,2,1,1
"MCRIP2",0,1,2,1,0,2,4,3,2,0
"AL022341.1",0,0,0,0,0,0,0,0,0,0
"WDR90",1,0,0,1,0,0,1,0,1,1
"AL022341.2",0,0,1,0,0,0,1,0,0,0
"RHOT2",7,1,2,2,4,1,6,2,3,10
"RHBDL1",0,1,2,0,0,0,2,0,0,1
"STUB1",6,3,4,1,5,3,3,6,5,2
"JMJD8",0,0,0,0,0,1,0,0,0,1
"WDR24",0,0,1,0,1,0,0,0,1,0
"FBXL16",1,0,1,0,1,0,2,1,0,1
"METRN",4,1,6,1,4,0,1,1,2,0
"FAM173A",1,3,4,2,0,1,1,3,3,2
"CCDC78",0,0,0,0,0,1,0,0,0,0
"HAGHL",0,0,2,0,1,1,1,1,1,0
"NARFL",1,0,2,0,0,1,2,1,1,2
"MSLN",0,0,0,0,1,0,0,0,0,0
"MSLNL",0,0,0,0,0,0,0,0,1,0
"RPUSD1",0,1,1,0,0,0,0,1,1,1
"CHTF18",0,0,0,0,0,0,1,0,0,1
"GNG13",0,0,0,0,0,0,0,0,0,0
"PRR25",1,0,0,0,1,0,0,0,0,0
"AL031008.1",0,0,0,0,0,0,0,0,0,0
"LMF1",2,0,5,1,3,0,5,1,2,11
"LMF1-AS1",0,0,0,1,0,0,1,0,1,0
"SOX8",0,1,2,6,3,2,7,1,0,3
"AC009041.1",0,0,0,0,0,0,0,0,0,0
"C1QTNF8",0,0,0,0,0,0,0,0,0,0
"AC120498.8",0,0,0,0,0,0,0,0,0,0
"CACNA1H",1,0,0,0,1,1,0,1,0,1
"TPSB2",0,0,0,0,0,0,0,0,0,0
"TPSD1",0,0,0,0,0,0,0,0,0,0
"AC120498.4",0,0,0,0,0,0,0,0,0,0
"AC120498.9",0,0,0,0,0,0,0,0,0,0
"UBE2I",2,5,2,2,4,2,14,7,6,3
"AL031714.1",0,0,0,1,0,0,0,0,0,0
"BAIAP3",1,0,1,3,2,0,1,0,0,0
"TSR3",0,1,0,0,1,1,3,0,0,1
"GNPTG",2,1,0,0,1,2,1,2,3,1
"AL031709.1",0,0,1,0,0,0,0,0,0,0
"UNKL",3,2,4,0,2,0,3,0,0,2
"AL032819.1",0,0,0,0,0,0,0,0,0,0
"C16orf91",1,0,1,0,1,0,3,2,1,0
"CCDC154",0,0,0,0,1,0,0,0,1,1
"CLCN7",1,0,3,2,2,2,1,4,1,3
"AL031600.3",0,0,0,0,0,0,1,0,0,0
"TELO2",0,0,1,1,3,0,3,4,0,2
"IFT140",5,4,4,1,8,1,2,2,1,4
"AL031705.1",0,0,0,0,0,0,0,0,0,0
"TMEM204",5,4,3,5,3,8,10,12,6,9
"AL133297.2",0,0,1,0,1,0,0,0,1,0
"CRAMP1",0,0,0,0,0,0,0,0,0,0
"JPT2",3,2,2,0,1,0,1,3,0,1
"MAPK8IP3",5,3,12,5,13,0,10,2,6,12
"AL031710.1",0,0,0,1,0,0,0,1,0,0
"NME3",10,4,5,3,2,9,7,11,6,9
"MRPS34",2,1,1,1,4,2,9,3,6,1
"EME2",0,1,0,0,1,0,0,0,0,1
"SPSB3",5,2,5,2,1,6,11,5,5,10
"NUBP2",0,0,1,1,3,4,2,1,0,2
"HAGH",2,4,7,2,5,1,6,6,1,5
"FAHD1",1,0,0,0,1,0,1,1,1,1
"MEIOB",1,0,0,0,0,0,0,0,0,0
"HS3ST6",0,0,0,0,0,0,0,0,0,0
"MSRB1",1,1,0,2,1,0,0,3,0,1
"RPL3L",0,0,0,0,0,0,0,0,0,0
"NDUFB10",4,3,2,8,8,6,7,7,7,7
"RPS2",14,16,9,5,16,34,39,36,23,27
"SNHG9",5,4,5,5,3,3,5,6,3,2
"AC005363.2",0,0,0,0,2,0,0,1,1,0
"TBL3",0,1,1,0,0,2,1,1,1,0
"NOXO1",0,0,0,0,0,0,0,0,0,0
"GFER",1,1,0,0,0,1,0,0,1,0
"AC005606.2",0,0,0,0,0,0,0,0,0,0
"SYNGR3",2,2,3,2,0,0,0,0,0,0
"ZNF598",0,0,0,1,2,0,4,0,0,1
"NPW",0,0,0,0,0,0,0,0,0,1
"SLC9A3R2",2,7,2,6,10,24,37,16,5,14
"NTHL1",1,0,0,0,1,0,3,1,2,0
"TSC2",0,1,4,4,3,2,6,0,3,4
"PKD1",1,7,13,3,7,4,6,10,1,8
"AC009065.3",0,0,0,0,0,0,0,0,0,0
"RAB26",0,1,1,2,3,0,2,0,2,3
"SNHG19",1,2,0,1,1,1,0,4,1,2
"TRAF7",1,1,0,0,2,0,4,2,0,2
"CASKIN1",0,0,2,0,2,0,1,0,2,1
"MLST8",0,0,3,0,0,1,3,0,1,0
"BRICD5",0,0,2,1,0,0,0,1,0,1
"AC009065.7",0,0,0,0,0,0,0,0,0,0
"PGP",1,5,5,2,1,0,1,3,2,4
"E4F1",0,0,0,1,0,1,1,3,0,0
"AC009065.1",0,0,0,0,0,0,0,0,0,0
"DNASE1L2",1,0,0,0,0,0,0,0,0,0
"ECI1",2,1,1,2,5,1,3,1,1,3
"AC009065.8",0,0,0,0,0,0,0,0,0,0
"RNPS1",2,4,5,3,2,3,8,6,3,7
"AC009065.4",0,0,1,0,0,0,0,0,0,0
"ABCA3",3,3,2,4,3,2,3,2,1,3
"CCNF",0,0,1,0,0,0,0,1,0,1
"AC106820.3",0,0,0,0,0,0,0,0,0,0
"AC106820.5",0,0,0,0,0,0,0,0,0,0
"TEDC2",0,0,1,0,0,0,0,0,0,0
"AC106820.2",0,0,0,0,0,0,0,0,0,0
"TBC1D24",0,0,0,0,0,0,0,0,0,0
"AC093525.2",0,0,0,0,0,0,0,0,0,0
"AC093525.1",1,0,0,0,0,0,0,1,0,0
"AMDHD2",2,1,1,2,1,0,1,1,1,1
"PDPK1",1,1,3,3,6,2,8,5,3,5
"AC093525.6",0,0,0,0,0,0,0,0,0,0
"AC093525.7",0,0,0,0,0,0,0,0,0,0
"AC093525.4",0,2,2,0,4,1,2,0,0,2
"AC093525.3",0,0,0,0,0,0,0,0,0,0
"AC141586.3",0,0,0,0,0,0,0,0,0,0
"KCTD5",0,0,0,1,2,1,0,0,0,1
"PRSS27",0,0,0,0,0,0,0,0,1,0
"SRRM2-AS1",0,0,0,0,0,0,0,1,0,0
"SRRM2",5,5,16,9,14,12,18,7,11,16
"ELOB",13,6,9,10,8,14,16,14,9,6
"AC092117.1",0,1,0,0,0,0,0,0,0,0
"PRSS41",0,0,0,0,0,0,0,0,0,0
"PRSS21",0,0,0,0,0,0,0,0,0,0
"ZG16B",0,0,0,0,0,0,0,0,0,0
"AC003965.2",0,0,0,0,0,0,0,0,0,0
"AC003965.1",0,0,0,0,0,0,0,0,0,0
"FLYWCH2",2,0,0,0,2,0,0,0,0,2
"FLYWCH1",2,2,3,2,3,1,9,4,1,6
"AC004034.1",0,1,1,0,1,0,2,0,0,1
"KREMEN2",0,0,0,0,0,0,0,0,0,0
"PKMYT1",0,0,0,0,0,0,0,0,0,0
"PAQR4",0,1,1,1,1,1,3,0,0,0
"AC004233.4",0,0,0,0,0,0,0,0,0,0
"AC004233.2",0,0,0,0,0,0,0,0,0,0
"AC004233.3",0,0,0,0,0,0,0,0,0,0
"CLDN9",0,0,0,0,0,1,0,0,0,0
"CLDN6",1,0,0,0,0,0,0,0,0,0
"TNFRSF12A",1,2,2,1,0,1,10,4,1,6
"HCFC1R1",6,0,7,3,4,7,10,7,3,1
"THOC6",0,0,0,0,0,0,1,0,0,0
"BICDL2",0,0,0,1,0,0,0,0,0,0
"AC108134.1",0,0,0,0,0,0,0,0,0,0
"MMP25",0,0,1,0,0,0,0,0,0,1
"MMP25-AS1",1,2,3,1,0,0,1,0,1,1
"IL32",3,0,0,1,3,3,7,3,0,6
"AC108134.3",1,0,0,0,0,0,1,0,0,1
"ZSCAN10",0,0,0,0,0,0,0,0,0,0
"ZNF213-AS1",2,0,1,1,2,1,0,0,2,1
"ZNF205",0,1,1,1,1,0,1,1,0,0
"ZNF213",1,1,5,1,2,1,4,1,2,6
"AC108134.2",0,1,0,0,0,0,0,0,0,0
"AJ003147.2",0,0,1,0,0,0,0,0,0,0
"ZNF200",0,0,0,0,0,0,0,1,0,0
"MEFV",0,0,0,0,0,0,0,0,0,0
"ZNF263",0,1,0,1,1,2,2,3,2,5
"TIGD7",0,0,0,1,2,0,1,1,0,5
"ZNF75A",6,7,7,0,3,1,7,3,3,8
"AC004232.2",0,0,0,0,0,0,0,0,0,0
"AC025283.3",0,1,0,0,2,1,1,2,0,1
"MTRNR2L4",0,0,0,0,0,0,0,0,0,0
"ZSCAN32",0,0,0,0,0,0,0,0,1,1
"ZNF597",0,0,0,0,0,0,1,0,0,0
"NAA60",0,2,2,1,1,0,3,3,2,2
"CLUAP1",3,2,1,1,1,0,4,1,2,4
"NLRC3",0,0,0,0,0,0,0,0,0,1
"AC004494.1",1,0,0,0,0,0,1,0,0,0
"AC006111.1",0,0,0,0,0,0,0,0,0,0
"SLX4",0,0,1,0,1,0,0,0,0,1
"DNASE1",3,3,5,4,6,3,5,6,5,9
"TRAP1",1,0,2,0,3,2,7,1,1,4
"AC006111.3",0,0,0,0,0,0,0,0,0,0
"CREBBP",9,2,13,10,12,11,22,11,5,19
"ADCY9",6,2,6,4,7,3,10,3,4,6
"AC005736.3",0,0,0,0,0,0,0,0,0,0
"AC009171.2",0,0,0,0,0,0,0,0,0,0
"SRL",0,0,0,0,0,0,0,0,0,2
"LINC01569",0,0,0,0,0,0,0,0,0,1
"TFAP4",0,0,0,1,0,0,0,2,0,1
"GLIS2",0,1,0,1,2,1,1,0,0,4
"GLIS2-AS1",0,0,0,0,0,0,0,0,0,0
"PAM16",0,0,0,0,1,0,0,1,0,1
"CORO7",0,0,0,0,0,0,0,0,0,0
"VASN",0,1,0,0,2,0,1,2,1,3
"DNAJA3",2,0,2,1,1,3,7,2,1,2
"NMRAL1",3,1,2,0,1,2,1,2,4,7
"HMOX2",6,2,5,0,1,2,6,0,2,2
"CDIP1",2,1,4,3,5,0,5,2,3,3
"C16orf96",0,0,0,0,0,0,1,1,0,0
"AC023830.2",0,0,0,0,0,0,0,0,0,0
"UBALD1",0,0,1,3,3,1,6,2,2,2
"MGRN1",3,2,3,3,5,1,3,5,0,5
"AC023830.1",0,0,0,0,0,0,0,0,0,0
"NUDT16L1",1,1,0,0,2,0,2,4,2,1
"ANKS3",4,2,3,2,4,1,4,1,1,1
"C16orf71",0,1,0,0,1,1,2,0,0,1
"ZNF500",3,0,0,1,2,0,1,2,0,0
"SEPT12",1,0,0,0,0,0,0,0,0,0
"SMIM22",0,0,0,0,0,0,0,0,0,0
"ROGDI",6,3,4,6,2,1,5,0,7,2
"GLYR1",6,5,6,3,8,4,7,5,2,8
"UBN1",2,1,1,1,6,2,3,2,2,2
"PPL",0,0,0,1,2,0,0,0,1,0
"SEC14L5",5,1,2,1,2,0,0,1,0,5
"NAGPA-AS1",0,0,0,0,0,0,0,0,0,0
"NAGPA",0,0,2,2,1,0,2,1,0,1
"ALG1",3,0,0,0,3,0,0,2,0,1
"C16orf89",4,2,2,0,0,1,1,2,2,5
"EEF2KMT",0,1,0,0,0,0,0,1,0,0
"AC026458.2",0,1,0,0,1,0,0,0,0,1
"RBFOX1",28,39,68,25,56,6,17,13,6,25
"LINC01570",0,0,0,0,0,0,0,0,0,0
"AC018767.3",0,0,0,0,0,0,0,0,0,0
"TMEM114",1,0,0,0,0,0,0,0,0,0
"METTL22",1,0,1,1,2,0,1,1,0,1
"ABAT",1,1,0,2,3,0,1,3,2,3
"TMEM186",1,0,0,0,2,0,1,0,1,0
"PMM2",2,3,4,2,3,2,7,0,0,2
"AC022167.2",0,0,0,0,0,0,0,0,0,0
"CARHSP1",8,6,6,4,8,11,20,14,6,12
"AC022167.4",0,0,0,0,0,0,0,0,0,0
"AC022167.5",0,0,0,0,0,0,0,0,0,0
"USP7",2,2,5,2,8,1,11,3,2,2
"AC022167.3",0,0,0,0,0,0,0,0,0,0
"C16orf72",1,0,0,0,3,2,6,3,3,2
"AC087190.1",0,0,0,0,1,1,0,2,0,1
"LINC02177",0,1,0,0,0,0,1,1,1,3
"LINC01195",0,0,0,0,0,1,0,0,0,0
"AC007221.1",0,0,0,0,0,0,0,1,0,1
"AC007221.2",0,1,0,0,0,0,1,0,0,1
"AC007218.1",0,0,0,0,0,0,0,0,0,0
"GRIN2A",6,4,15,6,6,4,3,3,2,0
"AC007218.2",0,0,1,0,0,0,0,0,0,0
"AC133565.1",0,0,1,0,0,0,0,1,0,0
"ATF7IP2",7,2,10,0,7,3,13,3,2,3
"LINC01290",3,0,3,2,0,1,9,1,0,1
"EMP2",7,10,20,8,10,12,50,13,5,5
"AC027277.1",0,0,3,0,0,2,3,0,1,0
"TEKT5",0,0,0,0,0,0,0,0,0,0
"AC007595.1",0,0,0,0,0,0,0,0,0,0
"NUBP1",1,1,0,0,3,0,1,0,0,2
"TVP23A",0,0,2,0,0,0,0,1,0,1
"AC133065.1",0,0,0,0,0,0,0,0,0,0
"CIITA",0,0,0,0,0,0,1,0,0,4
"DEXI",3,1,1,0,4,0,5,2,1,1
"CLEC16A",7,2,7,7,12,1,16,8,0,7
"AC007014.1",2,1,3,0,1,0,1,1,0,0
"AC007220.1",0,0,1,0,0,0,0,1,0,2
"RMI2",0,0,1,0,0,0,1,0,0,1
"SOCS1",0,0,0,0,0,0,0,1,0,1
"AC009121.2",0,0,0,0,0,0,0,0,0,0
"AC099489.1",0,0,2,0,1,1,0,2,0,0
"AC099489.3",0,0,0,0,0,0,0,0,0,0
"LITAF",4,2,6,0,1,2,6,7,1,8
"SNN",1,2,2,1,1,1,0,0,0,1
"TXNDC11",2,0,6,0,3,2,3,0,1,7
"AC007613.1",0,0,0,0,0,0,0,0,0,1
"ZC3H7A",4,2,3,2,10,2,9,5,6,11
"AC010654.1",0,0,0,0,0,0,0,0,0,0
"BCAR4",0,0,0,0,0,0,0,0,0,0
"RSL1D1",2,0,1,2,2,3,6,3,1,0
"AC007216.4",3,0,2,3,4,0,6,1,2,7
"GSPT1",6,4,9,3,6,3,9,5,4,7
"AC007216.2",0,0,0,0,0,1,0,0,0,1
"NPIPB2",0,0,0,0,0,0,3,0,0,0
"TNFRSF17",0,0,0,0,0,0,1,0,0,0
"SNX29",5,4,19,3,18,2,13,6,5,19
"AC007601.1",0,0,0,0,0,0,0,0,0,0
"AC007598.2",0,0,0,0,0,0,0,0,0,0
"AC010333.1",0,0,0,0,0,0,0,0,0,0
"AC010333.2",0,0,0,0,0,1,0,0,0,0
"AC010333.3",0,0,0,0,0,0,0,0,0,0
"CPPED1",4,1,9,3,5,3,5,3,4,11
"AC109597.1",2,0,3,1,0,2,1,3,2,0
"AC109597.2",0,0,0,0,0,0,0,0,0,0
"SHISA9",4,1,4,2,4,1,1,2,2,1
"AC009134.1",0,0,0,0,0,0,0,0,0,0
"U91319.1",1,0,1,0,3,0,0,0,0,1
"U95743.1",0,0,0,0,0,0,1,0,0,0
"ERCC4",5,0,1,2,8,1,0,3,0,1
"AC010401.1",0,0,0,0,0,0,0,0,0,0
"LINC02185",0,0,1,0,0,0,1,1,0,2
"MKL2",12,44,28,10,37,43,83,59,25,39
"AC130650.1",0,3,7,2,6,3,13,8,2,13
"MIR193BHG",0,1,1,1,0,0,0,1,2,1
"LINC02130",0,0,0,0,0,0,0,1,0,0
"AC040173.1",0,0,0,0,0,1,0,0,0,0
"PARN",5,4,3,2,8,5,14,6,2,11
"BFAR",0,2,2,1,2,2,4,0,3,1
"PLA2G10",0,0,0,0,0,0,0,0,0,0
"NPIPA3",0,0,0,0,0,0,0,0,0,0
"NPIPA2",0,0,0,0,0,1,0,0,1,0
"NOMO1",2,1,2,0,3,0,2,0,1,2
"NPIPA1",1,0,0,0,0,3,4,1,2,7
"PDXDC1",21,14,20,10,20,10,25,12,7,51
"AC138932.5",0,0,0,0,0,0,0,0,0,0
"NTAN1",1,0,2,1,1,4,8,0,1,2
"RRN3",1,3,2,2,4,2,1,5,0,5
"AC126763.1",0,0,0,0,0,0,0,0,0,0
"NPIPA5",1,0,0,0,1,0,0,0,0,0
"AC140504.1",0,0,0,0,0,0,0,0,0,1
"C16orf45",3,7,3,1,5,3,5,2,0,10
"MARF1",3,0,4,4,4,2,4,3,3,3
"NDE1",4,2,5,4,2,1,5,3,2,8
"MYH11",10,0,1,1,12,8,1,11,0,7
"AF001548.2",0,0,0,0,0,0,1,0,0,0
"FOPNL",3,2,0,2,1,2,3,1,3,4
"ABCC1",0,0,1,0,0,1,1,1,0,5
"ABCC6",0,0,0,0,1,0,1,0,1,1
"NOMO3",0,0,1,0,0,0,0,0,0,0
"AC136624.2",0,0,0,0,0,0,0,0,0,1
"AC138969.1",0,0,0,0,0,0,0,0,0,0
"NPIPA7",0,0,0,0,0,0,0,0,0,0
"AC092326.1",0,0,0,0,0,0,0,0,0,0
"XYLT1",6,3,3,0,2,4,4,1,5,10
"AC109446.3",0,0,0,0,0,0,0,0,0,0
"AC010601.1",0,0,1,0,0,0,0,0,1,0
"AC091489.1",0,0,0,0,0,0,0,0,0,0
"NPIPA8",1,0,0,0,1,1,0,0,0,0
"AC126755.2",0,0,0,0,0,0,0,1,0,0
"NOMO2",1,0,1,0,1,1,1,1,0,1
"RPS15A",7,4,7,0,6,17,9,19,21,3
"AC138811.2",0,1,0,0,0,1,0,0,0,0
"ARL6IP1",0,0,0,0,0,0,0,0,0,0
"AC138811.1",0,0,0,0,0,0,0,0,0,0
"SMG1",4,2,9,6,14,13,21,6,9,14
"AC092287.1",1,0,0,0,0,0,0,0,0,0
"TMC7",1,2,1,3,0,0,4,1,2,3
"AC099518.4",0,0,0,0,0,0,0,0,0,1
"AC099518.2",0,0,0,0,0,0,1,0,0,0
"COQ7",2,0,1,0,1,0,1,0,2,5
"AC099518.1",0,0,0,0,0,0,0,0,0,0
"AC099518.3",0,0,0,0,0,1,0,1,0,0
"AC099518.5",0,0,0,1,0,0,0,0,0,0
"SYT17",1,0,0,0,5,0,1,1,0,3
"CLEC19A",0,0,0,0,0,0,0,0,0,0
"AC130456.2",0,0,0,0,0,0,0,0,0,0
"TMC5",0,0,1,0,0,2,0,0,1,1
"AC130456.3",0,0,0,0,0,0,0,0,0,0
"AC130456.5",0,0,0,0,0,0,0,0,0,0
"GDE1",1,3,1,0,1,1,3,2,1,6
"CCP110",6,1,6,7,13,4,7,6,3,16
"VPS35L",10,2,4,2,4,4,17,6,0,16
"AC002550.2",0,0,0,1,0,0,0,0,0,0
"KNOP1",18,7,25,6,9,0,17,8,2,7
"AC002550.1",2,0,1,0,0,0,0,1,1,0
"IQCK",10,3,16,6,4,2,8,5,4,12
"AC027130.1",3,0,3,2,1,2,4,2,0,0
"GPRC5B",3,9,11,14,11,6,23,10,16,14
"GPR139",0,0,0,1,0,0,0,0,0,0
"GP2",0,0,0,0,0,0,0,0,0,0
"UMOD",0,0,0,0,0,0,0,0,0,0
"PDILT",0,0,0,0,0,0,0,0,0,0
"AC106796.1",0,0,0,0,0,0,0,0,0,0
"ACSM5",2,0,1,0,1,0,1,0,2,1
"AC137056.1",0,0,0,0,0,0,0,0,0,0
"ACSM2A",0,0,0,0,0,0,0,0,0,0
"ACSM2B",0,0,0,0,0,0,0,0,0,0
"AC141273.1",0,0,0,0,1,0,0,0,0,0
"ACSM3",2,1,2,0,2,2,1,1,4,3
"ACSM1",0,0,0,1,0,0,0,0,0,0
"THUMPD1",3,2,0,1,4,3,8,4,6,7
"AC004381.1",0,0,0,0,0,0,0,0,0,1
"ERI2",1,0,1,0,0,0,0,0,1,2
"REXO5",0,0,0,0,0,0,0,0,0,0
"LYRM1",1,3,3,2,0,0,2,3,1,2
"DNAH3",1,0,0,0,0,1,0,0,0,0
"AC008551.1",0,0,0,0,1,0,0,0,0,0
"TMEM159",0,0,0,0,1,0,0,0,1,2
"AF001550.1",0,0,0,0,0,0,0,0,0,1
"ZP2",0,0,0,0,0,0,0,0,0,0
"ANKS4B",0,0,0,0,0,0,0,0,0,0
"CRYM",0,0,0,0,4,1,1,0,0,0
"NPIPB3",0,0,0,0,1,1,0,0,0,0
"AC005632.4",0,0,0,0,0,0,0,0,0,0
"METTL9",4,2,3,5,2,2,7,8,5,3
"IGSF6",0,0,1,1,0,0,0,0,0,1
"OTOA",0,0,0,0,0,0,1,0,0,0
"AC092375.2",0,0,0,0,0,0,0,0,0,0
"NPIPB4",2,0,1,1,1,1,2,1,5,0
"AC092119.2",0,0,0,0,0,0,0,0,0,1
"UQCRC2",1,1,3,0,4,6,8,2,2,6
"PDZD9",0,0,0,0,0,0,0,1,0,0
"AC092119.3",0,0,0,0,0,0,0,0,0,0
"MOSMO",2,9,10,9,17,4,22,5,6,16
"AC009019.1",0,0,0,0,0,0,0,0,0,0
"VWA3A",0,0,2,0,1,0,0,1,0,0
"SDR42E2",0,0,0,0,0,1,0,0,1,0
"EEF2K",4,5,2,2,2,1,5,3,2,0
"AC009034.1",0,0,0,0,0,0,0,0,0,1
"POLR3E",1,1,0,0,0,2,2,1,3,2
"CDR2",5,3,5,3,7,2,3,3,4,5
"AC092338.1",0,0,0,0,0,0,0,0,0,0
"AC092338.2",1,1,1,0,1,0,0,1,0,1
"NPIPB5",4,2,3,5,11,7,14,6,3,5
"AC009021.1",0,0,0,0,0,0,0,0,0,0
"AC130466.1",0,0,0,0,0,0,0,0,0,0
"HS3ST2",1,0,1,0,2,0,8,3,0,1
"AC127459.2",0,0,0,0,0,0,0,0,0,0
"USP31",4,2,7,4,8,3,7,8,4,14
"SCNN1G",0,0,0,0,0,0,0,1,0,0
"AC099482.1",0,0,0,0,0,0,0,0,0,0
"SCNN1B",0,0,0,0,0,0,0,0,0,0
"COG7",5,2,5,3,5,8,8,7,1,7
"AC008915.2",0,0,0,0,0,2,0,0,0,0
"GGA2",2,0,4,3,6,2,4,3,3,10
"EARS2",0,1,0,0,1,1,0,1,0,1
"UBFD1",2,0,1,2,0,1,0,0,0,0
"NDUFAB1",0,1,1,0,1,3,2,6,3,2
"PALB2",0,1,3,0,0,1,0,1,0,0
"AC008870.4",0,0,0,0,0,0,0,0,0,0
"DCTN5",0,1,1,1,4,3,4,4,1,4
"PLK1",0,0,0,0,0,0,0,0,0,0
"ERN2",0,0,0,0,0,0,0,0,0,0
"CHP2",0,0,0,0,0,0,0,0,0,0
"PRKCB",12,6,19,6,13,3,7,13,11,10
"LINC2194",0,0,0,0,0,0,0,0,0,0
"CACNG3",1,3,4,0,4,0,2,2,0,1
"AC008938.1",0,0,0,0,0,0,0,0,0,0
"RBBP6",3,2,4,3,14,5,10,11,4,9
"TNRC6A",22,8,34,18,27,8,22,14,10,24
"LINC01567",1,1,1,0,0,0,0,0,0,0
"AC008731.1",2,0,7,1,4,3,1,2,0,11
"SLC5A11",18,13,21,13,5,3,22,2,4,29
"ARHGAP17",6,4,6,2,5,4,6,3,3,8
"LINC02175",0,0,0,0,0,0,0,0,0,0
"LCMT1",2,2,1,3,3,3,3,2,4,4
"LCMT1-AS2",0,0,0,0,0,0,0,0,0,0
"AQP8",0,0,0,0,0,0,0,0,0,0
"ZKSCAN2",0,0,0,0,0,0,2,0,0,0
"AC008741.1",0,0,0,0,0,0,0,0,0,0
"AC008741.2",2,0,1,0,0,1,2,0,1,0
"LINC02191",0,0,0,0,0,0,0,0,0,0
"HS3ST4",3,0,6,2,4,0,2,3,1,5
"AC009158.1",0,0,0,0,0,0,1,0,0,0
"AC009035.1",0,0,0,0,0,0,0,0,0,0
"LINC02129",0,0,0,0,0,0,0,0,0,0
"KDM8",1,0,0,0,0,0,0,1,0,0
"AC109449.1",0,0,0,0,0,0,0,0,0,0
"NSMCE1",4,1,4,2,2,3,2,9,2,4
"AC106739.1",2,0,0,0,0,0,1,0,0,2
"IL4R",2,15,12,4,6,7,37,11,6,14
"IL21R",0,0,0,0,0,0,0,0,0,0
"IL21R-AS1",0,0,0,0,0,0,0,0,0,0
"GTF3C1",1,0,3,0,1,2,6,3,3,0
"KIAA0556",3,3,3,0,5,0,5,0,0,8
"AC016597.1",3,4,0,4,2,3,13,0,0,5
"GSG1L",1,0,1,0,1,0,1,1,1,1
"XPO6",3,4,2,3,3,3,6,4,1,9
"AC138904.3",0,0,0,0,0,0,0,0,0,0
"AC138904.1",0,0,0,0,0,0,0,0,0,0
"SBK1",0,0,1,0,0,0,0,0,0,1
"NPIPB6",0,0,0,0,0,0,0,0,0,0
"EIF3CL",1,0,0,0,0,0,0,0,0,1
"AC138894.1",0,0,0,0,0,0,0,0,0,0
"CLN3",0,0,0,0,0,0,0,0,0,0
"APOBR",0,0,0,0,0,0,0,0,0,0
"IL27",0,0,0,0,1,0,0,0,0,1
"NUPR1",1,0,5,3,8,12,7,9,5,16
"AC020765.2",0,0,0,0,0,1,1,0,1,0
"SGF29",2,3,3,1,1,2,1,1,1,3
"SULT1A2",1,0,0,0,0,0,0,0,0,0
"SULT1A1",0,0,3,0,2,0,2,2,3,5
"NPIPB8",0,0,0,0,0,0,0,0,0,0
"EIF3C",0,0,0,0,0,0,1,0,1,1
"NPIPB9",0,0,0,0,0,0,0,0,0,0
"AC145285.2",0,0,0,0,1,0,0,0,0,0
"AC145285.3",0,0,0,0,0,0,0,0,0,0
"AC145285.6",0,0,0,0,0,0,0,0,0,0
"ATXN2L",1,0,2,1,0,1,4,0,2,5
"AC133550.1",0,0,0,0,0,0,0,0,1,0
"TUFM",5,0,6,2,4,3,8,7,2,7
"SH2B1",4,2,4,1,3,2,5,3,2,1
"AC133550.2",2,2,1,0,1,0,0,0,0,3
"ATP2A1",0,0,0,0,0,0,0,0,0,1
"ATP2A1-AS1",1,0,0,0,1,0,2,0,0,2
"RABEP2",0,2,2,0,1,1,2,0,1,1
"CD19",0,0,0,0,0,0,0,0,0,0
"NFATC2IP",2,5,7,2,3,2,7,2,1,5
"AC109460.2",0,1,1,0,1,0,0,0,0,1
"AC109460.1",0,0,0,0,0,1,0,0,0,0
"SPNS1",0,0,1,2,0,1,0,1,2,3
"LAT",0,0,0,1,0,0,1,1,1,1
"AC009093.2",1,0,0,0,1,1,0,0,2,3
"AC009093.1",0,0,0,0,0,0,0,0,0,0
"AC009093.4",0,0,0,0,0,0,0,0,0,0
"NPIPB11",0,0,0,0,0,0,0,0,1,0
"BOLA2",0,0,0,0,0,0,0,0,0,0
"SLX1B",0,0,0,0,0,0,0,0,0,0
"SULT1A4",0,0,0,0,0,0,0,0,0,0
"NPIPB12",0,0,1,0,0,0,3,0,0,0
"AC009086.2",0,0,0,0,0,0,0,0,0,0
"QPRT",0,0,0,0,0,0,0,0,1,2
"C16orf54",0,0,0,0,0,0,0,0,0,0
"KIF22",1,0,2,0,1,3,3,3,6,0
"AC009133.4",0,0,0,0,0,0,1,0,0,0
"MAZ",0,0,1,1,0,4,3,4,2,2
"AC009133.1",0,1,1,0,1,0,0,1,0,1
"PRRT2",0,0,0,0,0,0,0,0,0,0
"MVP",5,2,12,4,3,3,8,3,5,7
"CDIPT",4,2,4,2,5,3,2,5,6,4
"AC120114.3",0,0,0,0,0,0,0,0,0,0
"SEZ6L2",5,1,7,2,5,0,1,0,3,3
"ASPHD1",2,2,1,1,2,0,3,1,0,1
"KCTD13",1,2,3,2,1,1,2,0,2,3
"AC120114.1",0,0,0,0,0,0,0,0,0,0
"TMEM219",2,0,5,5,5,8,11,5,5,5
"TAOK2",4,2,2,3,1,1,4,0,3,2
"HIRIP3",0,2,0,0,1,2,0,0,0,0
"INO80E",1,0,1,0,0,2,3,1,3,4
"DOC2A",5,1,1,1,1,2,0,0,0,0
"C16orf92",0,0,0,0,0,0,0,0,0,0
"FAM57B",0,0,0,0,0,0,0,0,0,0
"AC093512.2",0,0,0,0,1,1,0,0,1,0
"AC093512.1",0,0,0,0,0,0,0,0,0,0
"PPP4C",1,1,3,2,2,2,8,6,6,3
"TBX6",0,0,0,0,0,0,0,1,0,0
"YPEL3",7,2,8,5,7,2,11,5,1,5
"AC012645.1",0,0,1,0,0,1,0,1,1,0
"GDPD3",1,0,0,0,0,0,1,0,0,0
"AC012645.2",0,0,0,0,0,0,0,0,0,0
"AC012645.4",0,0,0,0,0,0,0,0,0,0
"MAPK3",2,1,5,0,3,2,8,1,5,4
"CORO1A",0,2,1,0,0,0,1,1,0,0
"AC012645.3",0,0,0,0,0,0,0,0,0,0
"SULT1A3",0,0,0,0,0,1,0,0,3,0
"AC106782.1",0,0,0,0,0,0,0,0,0,0
"NPIPB13",2,1,2,0,3,1,1,0,2,1
"CD2BP2",1,4,3,3,2,1,5,1,1,5
"AC106782.2",0,0,0,0,0,0,0,0,0,0
"TBC1D10B",2,1,2,2,1,0,1,1,0,0
"MYLPF",0,0,1,0,0,3,0,3,1,0
"ZNF48",1,0,1,0,0,0,0,1,0,2
"SEPT1",2,1,0,0,0,1,0,0,1,2
"ZNF771",3,3,0,0,1,1,1,3,2,2
"DCTPP1",1,0,1,0,1,0,7,0,0,4
"SEPHS2",0,0,1,0,2,2,2,3,2,2
"ITGAL",0,0,1,0,0,1,0,0,0,1
"AC116348.3",0,0,0,0,0,0,0,0,0,0
"ZNF768",0,0,0,0,0,1,1,2,1,1
"AC002310.5",0,0,0,0,0,0,0,0,0,0
"AC002310.4",0,0,0,0,0,0,0,0,1,0
"AC002310.1",0,1,0,0,1,1,1,1,0,2
"ZNF688",0,0,2,0,2,0,1,1,1,0
"AC002310.2",0,0,0,0,0,1,0,0,0,0
"ZNF785",4,2,1,0,1,2,0,2,0,4
"AC093249.2",0,0,0,0,1,0,2,0,1,1
"ZNF689",0,0,0,0,1,0,0,1,0,1
"PRR14",2,0,0,2,2,0,3,2,5,0
"FBRS",0,0,1,2,3,1,3,2,1,2
"AC093249.6",1,1,1,0,2,0,1,2,0,2
"SRCAP",0,0,0,0,0,0,0,0,0,0
"AC106886.5",0,0,0,0,0,0,0,0,0,0
"PHKG2",1,0,3,1,0,2,2,2,0,2
"CCDC189",0,0,0,0,0,0,1,1,0,2
"RNF40",0,1,1,0,2,0,3,2,1,3
"ZNF629",0,2,0,0,1,1,0,0,1,0
"AC106886.3",0,0,0,0,0,0,0,0,0,0
"BCL7C",0,4,0,1,2,1,2,2,0,5
"MIR762HG",1,2,5,0,1,0,2,4,0,6
"CTF1",0,0,0,0,0,1,0,0,0,0
"FBXL19-AS1",1,0,1,0,1,0,0,0,0,0
"FBXL19",1,0,0,1,1,2,1,1,1,1
"ORAI3",1,1,0,0,1,0,2,3,0,1
"AC135048.3",0,0,0,0,0,0,0,0,0,0
"SETD1A",1,0,1,0,1,0,1,0,0,2
"HSD3B7",0,1,0,0,0,0,0,0,1,0
"STX1B",1,0,3,1,2,0,1,0,0,0
"STX4",2,1,1,0,0,1,2,1,0,2
"AC135050.3",1,0,2,0,1,0,1,0,0,0
"AC135050.1",0,0,0,0,0,0,0,0,0,1
"ZNF668",1,0,1,1,1,0,2,0,1,1
"AC135050.4",0,0,0,0,0,0,0,0,0,0
"ZNF646",0,1,0,0,1,0,0,2,1,0
"PRSS53",0,0,0,0,0,0,0,0,0,0
"AC135050.2",0,0,0,0,0,1,0,0,0,0
"BCKDK",0,4,1,0,1,2,5,5,1,2
"KAT8",2,1,1,0,2,3,3,5,3,4
"PRSS8",0,0,0,0,0,0,0,0,0,0
"PRSS36",0,0,0,0,0,0,0,0,0,0
"FUS",16,11,15,11,19,8,18,8,12,25
"AC009088.2",0,0,0,0,0,0,0,0,0,0
"AC009088.1",0,0,0,0,0,0,0,0,0,0
"PYCARD",1,0,0,0,2,0,1,0,0,0
"PYCARD-AS1",0,0,0,0,0,0,0,0,0,0
"TRIM72",0,0,0,0,0,0,0,0,0,0
"PYDC1",0,0,0,0,0,0,0,0,0,0
"ITGAM",1,0,0,0,0,0,0,0,0,0
"ITGAX",0,0,0,0,0,0,1,1,0,1
"ITGAD",0,0,0,0,0,0,0,0,0,0
"COX6A2",0,0,0,0,0,0,0,0,0,0
"AC026471.5",0,0,0,0,0,0,0,0,0,0
"ZNF843",0,0,1,0,0,0,0,0,0,0
"AC026471.4",0,0,0,1,0,0,1,0,1,1
"AC026471.1",0,0,1,0,0,1,0,0,1,0
"ARMC5",0,0,0,0,1,0,2,1,1,0
"TGFB1I1",1,0,0,1,3,7,5,6,2,5
"SLC5A2",0,0,0,0,0,0,0,0,0,0
"AC026471.3",0,0,0,0,0,0,0,0,0,0
"C16orf58",0,1,3,1,1,0,5,2,0,3
"AC026471.2",0,1,0,0,0,0,0,0,0,1
"AHSP",0,0,0,0,0,0,0,0,0,0
"AC074050.4",0,0,0,0,0,0,0,0,0,0
"ZNF720",1,0,1,0,4,2,2,4,3,7
"ZNF267",0,1,0,1,1,1,2,1,1,3
"AC133485.3",0,0,0,0,0,0,0,0,0,0
"TP53TG3D",0,0,0,0,0,0,0,0,0,1
"AC137761.1",0,0,0,0,0,0,0,0,0,0
"AC145350.2",1,0,0,0,0,0,0,0,1,0
"AC141257.2",0,0,0,0,0,0,0,0,1,0
"AC136944.1",0,0,0,1,0,0,1,0,0,0
"AC136944.2",0,0,0,0,0,0,0,0,0,0
"AC023824.3",0,0,0,0,0,0,0,0,0,0
"LINC01566",0,0,0,0,0,0,0,0,0,0
"SHCBP1",0,0,0,0,0,0,1,0,0,0
"AC092368.3",0,0,0,0,0,0,0,0,0,0
"VPS35",10,4,4,0,6,5,8,4,2,2
"ORC6",0,3,0,0,0,0,1,0,0,0
"MYLK3",0,0,0,0,0,0,0,1,0,1
"C16orf87",1,0,0,0,1,1,0,1,5,0
"GPT2",2,3,3,1,1,2,1,1,1,4
"DNAJA2",1,1,0,0,1,1,1,1,1,0
"AC018845.3",0,0,0,1,0,0,0,0,0,0
"AC018845.1",1,0,0,0,0,0,1,0,0,0
"NETO2",2,0,2,2,0,1,1,0,1,5
"ITFG1-AS1",0,0,0,0,0,0,0,0,0,0
"ITFG1",24,11,12,5,31,16,27,23,18,31
"AC007494.2",0,0,0,0,0,0,0,0,0,0
"AC007533.1",2,0,1,0,1,0,2,1,0,0
"PHKB",19,7,7,3,10,9,21,11,3,10
"LINC02133",0,0,0,0,1,0,0,0,0,0
"LINC02192",0,0,0,0,0,0,0,0,0,0
"LINC02134",0,0,0,0,0,0,0,0,0,0
"ABCC12",0,0,0,0,0,0,0,0,0,0
"ABCC11",0,0,0,0,0,0,0,0,0,0
"LONP2",8,6,11,6,9,4,15,5,9,17
"SIAH1",2,1,5,1,1,2,9,3,0,10
"N4BP1",3,2,2,0,7,0,4,8,3,10
"AC026470.2",0,0,0,0,2,0,0,0,0,1
"AC007611.1",0,0,0,0,1,0,0,0,0,2
"AC044798.1",0,0,0,0,0,0,0,0,0,0
"CBLN1",0,0,0,0,0,0,0,0,0,0
"AC007614.1",0,0,1,0,0,0,0,1,0,0
"C16orf78",0,0,1,0,0,0,0,0,0,0
"AC007861.1",0,0,0,0,0,0,0,0,0,0
"ZNF423",4,0,4,1,5,5,11,4,5,8
"CNEP1R1",1,0,0,1,0,0,3,2,1,1
"AC007610.1",0,0,0,0,0,0,0,0,0,0
"HEATR3",1,0,2,1,4,0,0,1,0,1
"AC007610.2",0,0,1,0,0,0,0,0,0,0
"TENT4B",2,0,5,2,4,2,5,6,6,5
"ADCY7",1,0,0,1,3,1,0,0,0,6
"BRD7",2,2,3,0,1,2,2,1,2,6
"AC007493.1",0,0,0,0,0,1,2,2,0,2
"NKD1",7,0,9,2,7,1,4,3,4,11
"AC007608.3",0,0,0,0,0,1,0,0,0,0
"SNX20",0,0,0,0,0,0,0,0,0,0
"NOD2",0,0,0,0,0,0,1,0,0,0
"AC007728.2",0,0,1,0,0,0,0,0,0,0
"CYLD",3,5,6,5,10,4,5,6,4,3
"AC007728.1",0,0,0,0,1,0,0,0,0,1
"LINC02128",0,0,0,0,0,0,0,0,0,0
"AC025810.1",0,0,0,0,0,0,0,0,0,0
"SALL1",1,1,1,0,0,0,2,0,1,2
"AC087564.1",6,0,2,6,5,1,5,3,4,8
"AC007344.1",0,0,0,0,2,0,1,1,0,1
"HNRNPA1P48",1,0,1,0,0,0,0,1,1,0
"AC007333.2",0,0,0,0,0,0,0,0,0,0
"TOX3",1,0,0,0,3,0,0,0,0,1
"CASC16",0,0,0,0,0,0,0,0,0,0
"AC007906.2",0,0,0,0,0,0,0,0,0,0
"CHD9",31,20,24,13,52,18,44,33,39,43
"RBL2",0,2,9,1,6,7,11,6,7,3
"AKTIP",1,1,0,0,1,0,4,3,2,0
"RPGRIP1L",2,0,3,0,0,0,1,0,1,3
"FTO",15,8,17,16,24,10,30,13,16,35
"AC007496.2",0,0,0,0,0,0,0,0,0,0
"AC007347.1",0,0,0,0,0,0,0,0,0,0
"LINC02169",0,0,0,0,0,0,0,0,0,0
"LINC02183",0,0,0,0,0,0,0,0,0,0
"CRNDE",1,1,0,3,0,0,1,1,1,2
"AC106738.1",0,0,0,0,0,0,0,0,0,0
"AC109462.1",0,0,0,0,0,0,0,0,0,0
"IRX6",0,0,0,0,0,0,0,0,0,0
"MMP2",2,0,4,0,1,0,1,1,2,1
"MMP2-AS1",0,0,0,0,0,0,0,0,0,0
"LPCAT2",5,1,3,1,0,0,1,1,2,1
"SLC6A2",0,0,0,0,0,0,0,0,0,0
"CES1",0,0,2,0,1,1,1,0,2,0
"CES5A",0,0,1,0,0,0,0,0,0,0
"AC007495.1",1,0,2,2,2,1,1,1,1,3
"AC007495.2",0,0,0,1,0,0,0,0,0,0
"GNAO1",6,2,4,14,9,2,19,4,4,12
"DKFZP434H168",0,0,0,0,0,0,0,0,0,0
"AMFR",2,5,3,4,4,1,7,3,3,7
"AC092140.1",0,0,1,0,1,0,1,0,0,0
"NUDT21",1,0,2,2,1,3,4,7,2,8
"OGFOD1",3,1,0,0,6,0,5,2,0,3
"AC092140.2",0,0,1,0,0,1,0,0,0,0
"BBS2",3,0,4,7,9,3,7,3,1,8
"MT4",0,0,0,0,0,0,0,0,0,0
"MT3",6,3,15,19,19,4,19,10,12,13
"MT2A",25,312,71,377,72,98,835,365,167,69
"MT1E",5,46,10,60,14,20,145,48,53,15
"MT1M",0,41,7,36,8,13,60,20,14,5
"MT1A",0,7,1,5,1,1,6,7,0,1
"MT1F",2,1,4,10,1,3,14,23,8,1
"MT1G",0,3,0,4,9,2,4,17,6,2
"MT1H",0,0,0,0,0,0,0,0,0,0
"MT1X",1,17,2,54,13,16,75,50,15,4
"AC106779.1",0,1,0,0,1,0,1,0,1,0
"NUP93",5,4,0,1,1,1,5,1,1,4
"SLC12A3",0,0,0,0,1,0,0,0,0,0
"HERPUD1",36,10,14,6,20,38,55,40,44,14
"CETP",0,0,0,0,0,0,0,0,0,1
"NLRC5",1,1,3,0,1,2,5,0,1,0
"AC023825.2",0,0,1,0,0,0,0,0,0,0
"CPNE2",1,1,0,3,4,1,6,2,4,3
"FAM192A",2,0,5,2,8,3,3,5,2,9
"RSPRY1",0,1,3,0,2,3,6,3,5,6
"ARL2BP",4,3,5,0,8,1,12,5,5,6
"AC009090.3",1,0,0,0,0,0,0,0,0,0
"PLLP",9,5,2,4,7,6,19,7,5,11
"CCL22",0,0,0,0,0,0,1,0,0,0
"CX3CL1",4,1,3,1,4,3,2,3,0,4
"CCL17",0,0,0,0,0,0,0,0,0,0
"CIAPIN1",1,1,1,1,1,0,2,0,4,4
"COQ9",3,0,3,0,2,2,2,0,1,5
"POLR2C",1,2,2,1,3,3,4,4,2,6
"DOK4",1,0,0,0,1,1,0,0,0,0
"CCDC102A",0,0,0,0,0,1,0,0,0,0
"ADGRG5",0,0,0,0,0,0,0,0,0,0
"ADGRG1",0,9,2,3,4,0,9,2,1,5
"ADGRG3",0,0,0,0,0,0,0,0,0,0
"AC018552.2",0,0,0,0,0,0,0,0,0,0
"DRC7",0,0,0,0,1,0,0,0,0,0
"KATNB1",0,0,0,1,0,0,3,0,0,2
"KIFC3",3,1,5,1,3,0,10,3,1,5
"AC092118.2",0,0,0,0,0,0,0,0,0,0
"AC092118.1",0,0,0,0,0,0,0,0,0,1
"CNGB1",1,1,1,0,0,0,0,0,0,0
"TEPP",0,0,0,0,0,0,0,0,0,0
"ZNF319",0,0,0,0,0,0,1,0,0,0
"USB1",1,0,1,0,0,0,2,3,0,0
"MMP15",0,1,0,0,1,0,0,1,0,0
"CFAP20",1,0,1,0,0,2,2,2,1,2
"AC026771.1",0,0,0,0,0,0,0,0,0,0
"AC009107.2",0,1,0,0,0,0,0,0,0,1
"CSNK2A2",1,0,2,0,2,0,5,2,2,5
"AC009107.1",0,0,0,0,0,0,0,0,0,0
"CCDC113",1,0,0,0,0,0,0,0,0,0
"PRSS54",0,0,0,0,0,0,0,0,0,0
"GINS3",0,1,1,0,0,0,0,0,0,0
"AC009118.2",0,0,0,0,0,0,0,0,0,0
"LINC02137",0,0,1,0,0,0,0,0,0,1
"NDRG4",8,3,5,1,6,4,4,3,1,5
"SETD6",0,2,0,0,0,0,1,1,0,1
"CNOT1",1,2,4,4,5,4,14,4,5,4
"AC009118.3",2,0,0,0,0,0,0,0,0,0
"SLC38A7",0,0,2,1,1,0,2,0,1,6
"GOT2",3,4,3,3,0,0,3,1,1,3
"AC092378.1",0,1,4,0,2,1,0,1,0,0
"AC092378.2",0,0,0,0,0,0,0,0,0,0
"LINC02141",0,0,0,0,0,0,0,0,0,0
"AC018554.1",1,0,0,0,0,1,0,0,0,0
"CDH8",4,1,4,1,5,1,5,2,2,3
"AC012174.1",0,0,0,0,0,0,0,0,0,0
"AC009110.1",0,0,0,0,0,0,0,0,0,0
"AC138305.1",1,0,0,0,1,0,0,0,0,2
"LINC02165",0,0,0,0,0,0,0,0,0,0
"AC092337.1",0,0,0,0,0,0,0,0,0,0
"AC093536.2",0,0,0,0,0,0,0,0,0,0
"AC012322.1",0,0,2,0,0,0,0,0,0,0
"AC092131.1",1,1,0,0,1,0,0,0,1,1
"CDH11",25,7,9,9,17,9,8,18,9,27
"LINC02126",0,0,0,0,0,0,0,0,0,0
"AC009055.2",0,0,0,0,0,0,0,0,0,0
"AC009055.1",0,1,0,0,0,0,0,0,0,0
"LINC00922",1,0,0,0,1,0,0,1,0,0
"AC092138.2",0,0,0,0,0,0,0,0,0,0
"CDH5",3,4,3,4,4,3,15,3,3,7
"LINC00920",0,0,1,0,0,0,0,0,0,0
"BEAN1",1,1,3,0,2,0,1,0,1,0
"AC010542.3",1,0,1,1,0,0,0,0,0,2
"TK2",0,1,0,0,0,1,0,1,1,0
"AC010542.2",0,0,1,0,0,0,1,0,0,1
"AC010542.4",0,0,0,0,0,0,0,0,0,0
"CKLF",0,0,0,0,0,0,0,0,0,0
"AC010542.5",0,0,0,0,0,0,0,0,0,0
"CMTM2",0,0,0,0,0,0,0,0,0,0
"CMTM3",0,1,0,1,3,2,4,1,3,2
"CMTM4",3,5,1,2,3,1,7,2,1,2
"DYNC1LI2",4,4,4,0,5,2,3,7,3,8
"AC018557.1",0,0,0,0,0,0,0,0,0,0
"AC018557.2",0,0,0,0,0,0,0,0,0,0
"AC044802.1",0,0,0,0,0,0,0,0,0,0
"TERB1",1,0,0,0,0,0,0,0,1,0
"NAE1",4,3,0,2,5,2,4,10,1,6
"CA7",0,0,0,0,1,0,0,0,0,0
"PDP2",2,0,0,0,1,0,0,1,0,3
"RRAD",0,0,0,0,1,0,0,0,0,0
"FAM96B",3,4,8,1,9,10,14,5,8,4
"CES2",0,1,0,0,2,1,1,2,0,2
"CES3",0,0,0,0,0,1,0,0,0,0
"CES4A",3,3,4,1,0,1,1,0,2,6
"CBFB",4,7,1,7,9,2,21,5,6,14
"C16orf70",4,0,2,0,1,1,2,3,0,2
"B3GNT9",0,0,1,0,0,0,0,0,1,0
"TRADD",1,1,1,0,0,0,4,4,0,0
"FBXL8",0,0,0,0,0,0,0,0,0,0
"HSF4",1,0,1,0,0,1,1,2,1,3
"NOL3",1,1,1,1,0,1,3,0,0,1
"KIAA0895L",1,0,2,0,2,1,3,1,2,2
"EXOC3L1",0,0,0,0,0,0,0,0,0,0
"E2F4",1,0,1,0,3,1,3,2,2,6
"ELMO3",0,0,0,0,0,0,2,0,0,0
"LRRC29",1,0,0,1,1,0,1,0,0,0
"TMEM208",2,1,2,2,0,3,6,3,3,2
"FHOD1",0,2,0,1,4,3,2,2,1,4
"SLC9A5",1,0,2,0,2,0,1,0,0,0
"PLEKHG4",0,0,0,0,0,0,1,0,0,1
"KCTD19",0,0,0,0,0,0,0,0,0,1
"LRRC36",2,0,0,0,0,0,0,0,1,4
"TPPP3",6,1,1,0,2,9,3,5,1,4
"ZDHHC1",4,0,0,2,0,0,3,1,1,1
"HSD11B2",0,0,0,0,0,0,1,0,0,0
"ATP6V0D1",2,0,3,2,3,1,3,4,2,2
"AC009061.2",3,1,4,0,3,0,3,3,0,2
"AGRP",0,0,0,0,0,0,0,0,0,0
"AC027682.6",1,1,0,0,1,0,2,1,1,1
"RIPOR1",2,3,1,2,6,3,7,4,7,13
"AC027682.2",0,0,0,0,1,0,0,0,0,0
"AC027682.4",0,0,1,1,0,0,0,1,0,0
"CTCF",3,1,4,1,6,1,4,1,3,5
"CARMIL2",0,0,0,0,0,0,0,0,0,1
"ACD",1,0,2,0,4,3,1,0,1,1
"PARD6A",3,0,1,1,1,1,0,0,0,0
"ENKD1",1,0,1,1,1,1,0,1,0,0
"C16orf86",0,1,0,0,0,1,2,2,1,0
"GFOD2",0,0,0,1,1,0,4,0,0,5
"RANBP10",2,1,0,0,5,1,1,3,3,3
"TSNAXIP1",0,1,0,0,0,0,0,0,0,0
"CENPT",3,0,3,0,2,3,2,3,3,6
"THAP11",1,1,0,1,0,1,2,6,0,1
"NUTF2",0,1,1,2,1,1,2,3,1,1
"EDC4",0,0,0,0,0,0,0,0,0,0
"AC040162.3",0,0,0,0,0,0,0,0,0,0
"NRN1L",0,0,0,0,0,0,0,0,0,0
"PSKH1",1,0,3,0,0,0,2,1,0,2
"CTRL",0,0,0,0,0,0,0,0,0,0
"AC040162.1",0,0,0,0,0,0,0,0,0,0
"LCAT",2,0,0,0,4,2,2,0,1,2
"SLC12A4",0,1,0,1,1,0,4,0,1,0
"DPEP3",0,0,0,0,0,0,0,0,0,0
"DPEP2",2,0,2,0,1,0,0,0,1,0
"DUS2",3,0,5,0,6,6,2,3,1,2
"DDX28",0,0,0,1,1,0,1,1,0,0
"NFATC3",3,3,12,4,17,3,18,8,9,19
"AC020978.3",0,0,0,0,0,0,0,0,0,0
"ESRP2",0,0,0,0,0,0,0,0,0,0
"PLA2G15",0,0,0,0,2,1,0,0,0,0
"AC020978.2",0,0,0,0,0,0,0,0,0,0
"SLC7A6",3,3,8,1,4,2,4,1,1,10
"SLC7A6OS",7,4,8,2,6,2,1,2,0,4
"PRMT7",1,1,0,1,1,1,2,0,1,1
"SMPD3",0,0,0,0,1,0,0,1,0,0
"AC099521.1",0,0,0,0,0,0,0,0,0,0
"ZFP90",2,0,6,0,2,2,3,3,3,1
"AC126773.1",0,0,0,0,0,0,0,0,0,0
"AC126773.4",0,0,0,0,0,0,0,0,0,0
"CDH3",0,0,1,1,1,2,1,0,0,2
"AC126773.2",0,0,0,0,0,0,0,0,0,0
"CDH1",0,0,1,1,1,0,1,0,0,2
"AC099314.1",0,0,1,0,0,0,0,0,0,0
"TANGO6",4,5,4,1,7,2,11,6,3,6
"AC009137.1",2,0,1,0,1,0,0,2,0,1
"HAS3",0,0,0,0,0,0,0,0,0,0
"CHTF8",2,0,0,1,1,2,3,4,1,2
"UTP4",0,0,1,0,1,2,0,1,1,2
"SNTB2",2,0,3,1,7,1,2,4,0,3
"AC026464.4",0,0,0,0,0,0,0,0,0,0
"VPS4A",4,3,4,2,2,3,7,1,5,1
"COG8",2,0,1,0,0,1,1,2,1,1
"AC026464.3",1,0,2,0,2,0,0,0,0,1
"NIP7",0,1,0,0,1,1,2,3,0,1
"TERF2",1,1,1,0,0,0,0,0,0,3
"CYB5B",4,3,5,4,12,4,9,6,6,5
"NFAT5",19,11,16,5,38,20,36,17,20,42
"NQO1",1,1,1,0,1,4,2,7,8,6
"AC092115.2",0,0,0,0,0,0,0,0,0,0
"AC092115.3",0,1,0,0,1,0,1,0,4,1
"NOB1",0,0,1,0,1,2,0,0,0,0
"WWP2",5,4,3,5,8,1,4,3,4,9
"CLEC18A",0,0,1,0,0,0,1,0,0,0
"PDPR",6,0,6,2,5,0,2,0,0,5
"AC009060.1",0,0,1,1,1,0,0,0,0,0
"CLEC18C",0,0,0,0,0,0,0,0,0,0
"EXOSC6",1,1,0,0,6,2,4,3,4,1
"AARS",1,5,1,2,3,2,5,3,3,6
"DDX19B",0,0,0,0,0,0,0,0,0,0
"AC012184.2",0,0,0,0,0,0,0,1,0,1
"DDX19A",1,1,0,0,0,0,3,2,2,0
"ST3GAL2",0,0,2,2,3,1,4,1,0,3
"AC012184.1",0,0,1,0,0,0,0,0,0,1
"FUK",0,0,1,1,0,2,2,3,2,2
"COG4",3,0,3,1,2,0,2,1,1,1
"SF3B3",2,0,4,0,3,1,6,6,2,8
"IL34",1,0,2,1,3,0,1,1,1,1
"MTSS1L",0,1,3,0,6,2,4,1,7,4
"VAC14",0,0,3,0,0,0,1,3,1,4
"VAC14-AS1",0,0,0,0,0,0,0,0,0,0
"AC027281.1",0,0,0,0,0,0,0,0,0,0
"HYDIN",0,6,4,3,6,1,2,2,1,4
"AC138625.2",0,0,0,0,0,0,0,0,0,0
"CMTR2",4,0,5,0,1,1,6,1,1,5
"CALB2",1,0,0,1,0,0,1,0,0,0
"LINC02136",0,0,0,0,0,0,0,0,0,0
"ZNF23",0,0,0,0,0,0,0,0,1,0
"AC010547.4",0,0,0,0,0,0,0,0,0,0
"AC010547.1",0,0,0,0,0,0,0,0,0,0
"ZNF19",1,0,2,0,0,0,0,0,2,0
"AC010547.3",0,0,0,0,0,0,0,0,0,0
"CHST4",0,0,0,0,0,0,0,0,0,0
"TAT",0,0,0,0,0,0,0,0,0,0
"TAT-AS1",0,0,0,0,0,0,0,0,0,0
"AC009097.2",0,0,0,0,0,0,0,0,0,0
"MARVELD3",0,0,2,0,1,0,0,0,0,1
"PHLPP2",2,3,4,2,2,3,6,4,4,9
"AC009097.1",0,0,0,0,0,1,0,0,0,3
"AP1G1",2,3,3,1,5,2,10,10,1,11
"IST1",4,3,3,3,4,3,6,9,10,10
"ZNF821",1,1,5,2,5,3,1,2,2,3
"PKD1L3",0,0,0,0,0,0,1,0,2,1
"DHODH",2,1,0,0,0,2,1,1,1,2
"TXNL4B",0,1,1,1,2,1,2,1,1,2
"HP",0,0,0,0,0,0,0,0,0,0
"HPR",0,0,0,0,0,0,0,0,0,0
"AC009087.1",0,0,0,0,0,0,0,0,0,1
"DHX38",1,1,3,0,1,1,4,1,2,0
"PMFBP1",0,0,0,0,0,0,1,0,1,1
"LINC01572",1,4,4,5,2,1,5,1,0,7
"AC004158.1",4,1,1,0,1,2,6,0,2,5
"AC004943.2",2,0,0,1,3,0,2,0,0,4
"ZFHX3",42,11,30,15,50,29,39,41,24,65
"AC004943.1",0,0,0,0,0,0,0,1,0,0
"AC116667.1",1,0,0,0,1,1,0,0,0,3
"HCCAT5",0,0,0,0,0,0,0,0,0,0
"AC116667.2",0,0,0,0,0,0,0,0,0,0
"AC140912.1",1,0,0,1,5,1,0,1,0,0
"LINC01568",2,1,2,0,6,3,0,0,1,3
"AC092114.1",2,0,1,0,0,1,2,2,0,0
"AC087565.2",0,0,0,0,0,0,0,0,0,0
"AC138627.1",2,0,4,0,2,0,1,2,2,10
"AC009120.4",0,0,0,0,0,0,0,0,0,0
"PSMD7",1,3,0,0,2,5,0,5,2,4
"AC009120.3",0,0,0,0,0,0,0,0,0,0
"AC009053.2",0,0,0,0,0,0,1,0,0,0
"NPIPB15",0,0,0,0,0,0,0,1,2,0
"CLEC18B",0,0,0,0,0,0,0,0,1,0
"AC009053.3",0,0,0,0,0,0,0,0,0,1
"GLG1",10,9,17,5,15,9,29,16,8,20
"RFWD3",1,0,0,1,1,1,3,1,1,2
"MLKL",0,2,1,0,0,3,6,1,3,2
"FA2H",1,5,7,3,6,2,10,1,2,6
"WDR59",6,1,2,1,3,0,4,4,4,6
"ZNRF1",3,0,5,1,7,1,3,2,2,6
"AC099508.1",0,0,0,0,0,0,1,0,0,0
"LDHD",0,0,1,0,0,0,1,0,1,0
"AC099508.2",1,0,0,0,1,0,1,0,1,0
"ZFP1",0,0,0,1,0,0,1,1,0,0
"CTRB1",0,0,0,0,0,0,0,0,0,0
"BCAR1",1,2,3,7,2,3,10,3,2,4
"CFDP1",4,2,8,6,4,9,10,13,3,16
"AC009163.4",0,2,0,1,2,1,1,0,0,0
"AC009163.7",0,0,0,0,0,0,0,0,0,0
"TMEM170A",0,0,0,0,0,0,0,0,0,0
"CHST6",0,0,0,0,0,0,0,0,1,2
"AC009163.1",3,0,3,3,1,0,0,0,0,4
"AC009163.6",0,0,0,0,0,0,0,0,0,0
"AC009163.2",0,0,0,0,0,0,0,0,0,0
"TMEM231",2,1,0,0,0,0,0,0,0,0
"AC025287.2",0,0,0,0,0,0,0,0,0,0
"GABARAPL2",7,3,6,5,7,8,13,9,9,8
"AC025287.3",0,0,0,0,0,0,0,0,0,0
"ADAT1",0,0,0,1,1,0,1,1,0,1
"KARS",1,1,0,0,2,1,4,2,3,7
"TERF2IP",2,10,20,6,5,5,14,7,8,13
"AC025287.4",0,0,0,0,0,0,0,0,0,0
"DUXB",0,0,0,0,0,0,0,0,0,0
"CPHXL",0,0,2,0,1,0,0,0,0,1
"AC105430.1",0,0,2,0,0,0,0,0,0,0
"AC099511.1",0,0,0,0,0,0,0,1,0,0
"AC010528.1",2,0,2,0,0,0,5,2,4,1
"CNTNAP4",18,3,5,3,5,7,17,0,1,21
"AC104151.1",1,1,0,1,0,1,1,0,1,1
"AC106729.1",0,0,0,1,0,0,0,0,0,2
"MON1B",0,1,1,0,0,0,1,0,0,0
"SYCE1L",0,0,0,0,0,0,0,0,0,1
"AC009139.2",0,0,0,0,0,0,2,0,0,0
"AC009139.1",0,0,0,0,0,0,1,0,0,0
"ADAMTS18",3,3,3,0,3,0,2,1,1,6
"AC025284.1",0,0,0,0,1,0,0,0,0,0
"LINC02131",0,0,0,0,0,0,0,0,0,0
"NUDT7",1,1,0,0,1,0,0,1,0,0
"VAT1L",2,0,1,1,2,1,1,2,0,1
"AC079414.1",0,0,0,0,0,0,0,0,0,0
"CLEC3A",0,0,0,0,0,0,0,0,0,0
"WWOX",56,25,55,37,79,23,71,57,56,108
"WWOX-AS1",0,0,0,0,0,0,0,0,0,0
"AC046158.1",1,0,2,0,0,1,0,3,0,3
"AC092376.2",0,0,0,0,0,0,0,0,0,0
"AC092376.1",0,0,0,0,0,0,0,0,0,0
"AC084064.1",0,0,0,0,0,0,0,0,0,0
"MAF",0,2,3,2,2,5,4,1,2,1
"AC009159.2",0,0,0,0,0,0,0,0,1,0
"AC009159.3",0,0,0,0,0,0,0,0,0,0
"LINC01229",0,0,0,1,0,0,0,0,0,0
"MAFTRR",0,0,0,0,0,0,0,1,0,0
"AC022166.1",0,0,0,0,0,0,0,0,0,0
"AC105411.1",0,0,0,1,1,0,0,0,1,5
"DYNLRB2",1,0,0,0,0,0,0,1,0,0
"LINC01227",0,0,0,0,0,0,0,0,0,0
"CDYL2",1,6,8,1,6,3,25,6,6,7
"AC099313.1",0,0,0,0,0,0,0,0,0,0
"LINC02170",0,1,0,0,0,0,0,1,0,0
"CMC2",1,3,5,1,5,5,7,1,3,4
"CENPN",2,0,0,0,0,0,3,0,0,1
"AC092718.2",0,0,0,0,0,0,0,0,0,0
"AC092718.8",0,0,0,1,0,0,0,0,0,0
"ATMIN",2,0,0,0,3,3,0,0,2,0
"AC092718.5",0,0,0,0,0,0,0,0,0,0
"AC092718.6",0,0,0,0,0,0,0,0,0,0
"AC092718.1",0,0,0,0,0,0,0,0,0,0
"GCSH",0,0,0,0,0,0,0,0,0,0
"BCO1",0,0,0,0,1,0,0,0,0,2
"AC009148.1",0,0,0,0,0,0,0,0,0,0
"GAN",1,3,2,0,4,5,3,3,2,11
"CMIP",2,7,12,4,9,5,16,11,4,7
"PLCG2",2,0,3,2,5,0,7,0,1,5
"HSD17B2",0,0,0,0,0,0,0,0,0,0
"AC092142.1",0,0,1,0,1,0,1,0,0,0
"MPHOSPH6",1,0,2,2,4,1,1,2,0,2
"AC138304.1",0,0,0,0,0,0,0,0,0,0
"CDH13",8,1,9,3,6,3,4,3,1,5
"AC125793.1",0,0,0,0,0,0,1,0,0,0
"AC009142.1",0,0,0,0,0,0,0,0,0,0
"AC009063.3",0,0,0,0,0,0,0,0,0,1
"AC009063.2",0,0,2,4,2,3,6,7,1,8
"AC009119.1",0,0,0,0,0,0,0,0,0,0
"HSBP1",4,4,3,1,3,4,8,4,2,5
"MLYCD",0,0,1,0,1,0,0,1,0,1
"AC009119.2",0,0,0,0,0,0,0,0,0,0
"OSGIN1",0,0,1,0,0,0,0,0,0,0
"NECAB2",0,0,0,0,0,0,0,0,0,0
"SLC38A8",0,0,1,0,2,0,0,1,1,0
"MBTPS1",0,3,2,3,6,2,5,0,3,3
"AC040169.1",0,0,0,0,1,0,0,0,0,0
"HSDL1",0,1,0,3,2,0,1,0,0,0
"DNAAF1",0,0,0,0,0,0,0,0,0,0
"TAF1C",5,0,1,2,5,3,7,3,2,5
"ADAD2",0,0,0,0,0,0,0,0,0,0
"KCNG4",0,0,0,0,0,0,0,0,0,0
"AC010551.3",0,0,0,0,0,0,0,0,0,0
"WFDC1",1,0,0,0,1,0,1,1,0,1
"ATP2C2",0,0,1,0,1,0,0,0,0,0
"ATP2C2-AS1",0,0,0,0,0,0,0,0,0,0
"TLDC1",1,0,1,1,2,2,2,2,1,0
"COTL1",2,3,1,2,1,0,1,3,0,5
"KLHL36",3,1,1,1,2,1,7,2,0,3
"USP10",5,2,6,6,0,0,7,3,2,0
"CRISPLD2",4,1,0,0,5,7,11,10,2,11
"LINC02176",0,0,0,0,0,1,0,0,0,1
"ZDHHC7",3,0,3,0,1,0,4,1,1,0
"KIAA0513",3,2,2,4,1,0,2,2,1,1
"FAM92B",0,0,0,0,0,0,0,0,0,0
"LINC02139",0,0,0,0,0,0,0,0,0,0
"AC026469.1",0,0,0,0,0,0,0,0,0,0
"GSE1",3,1,3,0,5,2,5,4,1,3
"GINS2",1,0,0,0,1,0,1,0,0,1
"C16orf74",0,0,2,0,1,0,2,0,1,0
"AC018695.2",0,0,0,0,0,0,0,0,0,0
"EMC8",0,1,1,3,2,1,4,1,0,2
"AC018695.4",0,0,0,0,0,0,0,0,0,0
"COX4I1",18,10,16,20,15,18,24,23,14,12
"IRF8",0,0,0,1,0,0,0,0,0,0
"AC135012.1",0,0,0,0,0,0,0,0,0,0
"LINC01081",0,0,0,0,0,0,0,0,0,0
"FENDRR",0,1,2,0,0,1,3,6,0,2
"FOXF1",0,1,0,2,0,2,3,0,0,2
"AC009108.3",0,0,0,0,0,0,0,0,0,0
"MTHFSD",0,0,0,1,3,1,0,0,0,0
"FOXC2",1,0,1,0,1,1,2,2,2,2
"AC009154.1",0,0,0,0,1,0,0,1,1,1
"LINC02188",0,0,0,0,0,0,0,0,0,0
"C16orf95",2,0,2,0,1,0,1,0,2,5
"AC136285.1",0,0,0,0,0,0,0,0,0,0
"AC010531.1",1,0,0,0,0,0,0,1,0,0
"AC010531.6",0,0,0,0,0,0,1,0,0,0
"FBXO31",2,2,3,0,2,0,2,0,0,2
"AC010531.5",0,0,0,0,0,0,0,0,0,1
"MAP1LC3B",2,1,4,2,8,7,11,12,7,1
"AC010531.3",0,0,0,0,0,0,0,0,0,0
"ZCCHC14",1,2,4,3,9,2,4,3,2,11
"AC092720.1",0,0,1,0,0,1,0,0,0,0
"AC092720.2",0,0,0,0,0,0,0,0,0,0
"JPH3",0,1,2,0,3,1,1,0,0,0
"AC010536.3",0,0,0,0,0,0,0,0,0,0
"AC010536.1",0,0,0,0,0,0,0,1,0,0
"KLHDC4",1,2,2,1,0,0,0,1,0,0
"AC126696.3",0,0,0,0,0,0,0,0,0,0
"AC126696.1",0,0,0,0,0,0,0,0,0,0
"SLC7A5",11,20,24,14,19,13,61,17,13,12
"CA5A",1,0,1,0,1,2,1,3,0,0
"BANP",3,1,3,2,2,3,3,3,1,5
"AC134312.4",0,0,0,1,0,1,0,0,0,0
"AC134312.1",0,0,0,0,0,0,0,0,0,0
"AC134312.2",0,0,0,0,0,0,0,0,0,0
"AC134312.5",0,0,0,0,0,0,0,0,0,0
"AC134312.6",0,0,0,0,0,0,0,0,0,0
"LINC02182",0,0,0,0,0,0,0,0,0,0
"AC138512.1",0,0,0,0,0,0,0,0,0,1
"ZNF469",1,0,0,0,1,0,0,0,0,0
"ZFPM1",0,0,0,0,0,0,1,0,1,0
"AC116552.1",1,0,0,0,0,0,0,1,1,2
"ZC3H18",0,1,2,1,0,2,6,0,0,3
"CYBA",2,0,7,2,11,15,11,6,5,2
"MVD",2,0,3,2,0,3,8,1,4,2
"SNAI3-AS1",1,1,0,0,0,2,2,1,0,3
"SNAI3",0,2,4,0,4,1,0,0,0,2
"RNF166",0,0,0,0,0,1,1,2,0,2
"AC138028.3",0,0,0,0,0,0,0,0,0,0
"CTU2",0,0,0,0,1,0,1,3,1,1
"PIEZO1",0,3,2,2,1,1,3,3,5,3
"AC138028.4",0,0,0,0,0,0,0,0,0,0
"AC138028.2",0,0,0,0,0,0,0,0,0,0
"AC138028.1",0,0,0,0,0,0,0,0,0,1
"CDT1",0,0,0,0,0,0,0,0,0,0
"APRT",1,1,4,1,1,6,7,3,3,1
"GALNS",0,1,0,0,2,0,0,0,1,1
"TRAPPC2L",3,1,0,3,3,2,3,0,2,3
"PABPN1L",0,0,0,0,0,0,0,0,0,0
"CBFA2T3",0,0,1,0,1,1,6,0,0,0
"AC092384.2",0,0,0,0,0,0,0,0,0,1
"AC092384.1",1,0,0,0,0,0,0,0,0,0
"AC135782.1",0,0,0,0,0,0,0,1,0,0
"ACSF3",1,2,3,1,0,0,2,1,0,1
"LINC00304",0,0,0,0,0,1,0,0,0,0
"LINC02138",0,0,0,0,0,0,0,0,0,0
"CDH15",0,0,0,0,0,0,0,0,0,0
"AC009113.1",0,0,0,0,0,0,0,0,0,1
"ZNF778",0,0,2,0,1,0,1,0,0,0
"ANKRD11",7,6,14,5,18,8,25,9,7,23
"AC137932.3",0,0,0,0,0,0,0,0,0,0
"AC137932.1",0,0,0,0,0,0,0,0,0,0
"SPG7",5,7,7,2,10,3,6,4,2,9
"AC092123.1",0,0,0,1,0,0,0,0,1,0
"RPL13",20,25,18,10,38,60,79,73,54,35
"CPNE7",0,0,1,0,0,0,0,0,0,0
"DPEP1",0,0,0,0,0,0,0,0,0,0
"CHMP1A",0,5,4,3,2,2,5,2,3,4
"SPATA33",1,1,0,1,0,0,0,0,0,2
"CDK10",1,2,4,1,3,3,7,5,0,7
"LINC02166",0,0,0,0,0,0,0,0,1,0
"SPATA2L",0,0,4,1,0,0,0,1,1,3
"VPS9D1",1,0,2,2,1,2,1,0,0,2
"VPS9D1-AS1",0,0,0,0,0,0,0,0,0,1
"ZNF276",2,1,2,1,4,0,2,0,2,2
"FANCA",0,1,1,0,0,0,0,0,1,1
"SPIRE2",0,1,1,0,2,0,0,1,2,0
"TCF25",8,11,20,4,13,6,11,9,8,13
"MC1R",0,0,0,0,0,0,0,0,0,0
"AC092143.2",0,0,0,0,0,0,0,0,0,0
"TUBB3",0,0,0,0,0,0,0,0,0,0
"DEF8",1,1,3,1,0,1,3,2,1,4
"CENPBD1",0,1,2,0,0,2,1,0,0,0
"DBNDD1",1,0,1,0,0,0,0,0,0,0
"GAS8",0,1,1,0,0,0,3,1,1,1
"PRDM7",0,0,0,0,0,0,0,0,0,1
"FAM157C",0,0,2,1,1,4,0,2,2,1
"AC133919.1",0,0,0,0,0,0,0,0,0,0
"AC133919.2",1,1,0,0,1,0,4,3,0,0
"LINC02193",0,0,1,0,1,0,0,0,1,3
"AC240565.2",0,0,0,0,0,0,0,0,0,0
"AC240565.1",0,0,0,0,0,0,1,0,0,0
"DOC2B",0,0,0,1,0,1,3,0,0,2
"LINC02091",0,0,0,0,0,0,0,0,0,0
"RPH3AL",0,0,1,2,3,1,5,1,1,4
"AC129507.2",0,0,0,0,0,0,1,0,0,0
"AC141424.1",0,0,0,0,0,0,0,0,0,0
"C17orf97",0,0,0,1,0,0,0,0,0,0
"RFLNB",0,0,0,0,0,0,1,0,0,0
"AC015853.2",0,1,0,0,0,0,0,0,0,0
"VPS53",8,8,14,5,15,3,8,5,4,16
"AC015853.3",3,1,0,0,1,1,0,1,0,1
"FAM57A",0,1,0,0,0,0,0,0,0,2
"GEMIN4",0,0,0,0,0,0,0,0,0,0
"GLOD4",1,0,1,0,0,3,3,0,4,2
"MRM3",0,0,0,0,0,0,0,0,0,1
"AC087392.5",0,0,0,0,0,0,0,0,0,0
"NXN",17,17,21,11,31,4,45,4,6,28
"AC087392.2",0,1,0,0,2,0,0,0,0,1
"AC087392.1",0,0,0,0,0,0,0,0,0,0
"TIMM22",1,2,2,2,0,2,1,0,3,0
"ABR",5,0,10,3,15,2,15,7,1,12
"AC016292.1",0,0,0,0,1,0,0,0,0,0
"AC144836.1",0,0,0,0,0,0,0,1,1,0
"TRARG1",0,0,0,0,1,0,0,0,0,0
"YWHAE",10,11,12,5,19,23,32,13,15,28
"CRK",4,1,3,3,6,7,8,4,3,12
"AC032044.1",0,0,0,0,0,0,0,0,0,0
"MYO1C",3,2,1,1,4,1,6,4,1,6
"INPP5K",1,0,1,1,2,0,7,5,2,6
"PITPNA-AS1",0,1,1,0,0,2,0,2,0,0
"PITPNA",6,3,8,0,9,5,3,3,2,10
"SLC43A2",1,0,1,2,1,0,0,2,2,2
"SCARF1",1,0,2,3,1,1,6,2,2,1
"RILP",1,0,1,0,0,1,1,0,0,0
"PRPF8",3,3,6,3,5,2,7,6,0,2
"AC130343.2",0,0,0,0,0,0,0,0,0,0
"TLCD2",0,0,0,0,0,0,1,2,0,2
"MIR22HG",0,1,2,0,2,1,2,1,0,7
"WDR81",1,1,0,0,0,0,0,1,1,1
"AC130343.1",0,0,0,0,0,0,0,0,0,0
"SERPINF2",0,0,0,0,0,0,0,0,0,0
"SERPINF1",0,0,0,1,2,0,0,1,0,6
"SMYD4",1,1,0,0,0,1,1,2,0,3
"RPA1",2,0,2,3,4,1,4,3,2,3
"RTN4RL1",2,1,0,0,1,0,1,0,0,3
"AC099684.2",0,0,0,0,0,0,0,0,0,0
"AC099684.1",0,0,0,0,0,0,0,0,0,0
"DPH1",2,1,0,0,1,0,0,1,0,2
"AC090617.3",1,0,0,0,0,0,0,0,1,0
"AC090617.5",0,0,0,0,0,0,0,1,0,0
"HIC1",5,0,2,2,1,2,6,2,2,1
"SMG6",10,4,15,4,16,4,16,13,13,32
"AC090617.4",3,0,1,0,0,2,1,1,0,1
"SRR",1,0,1,1,1,0,1,0,0,2
"TSR1",0,0,1,0,0,0,1,0,0,1
"SGSM2",0,1,2,0,2,1,7,1,3,6
"AC006435.2",0,0,0,0,0,0,0,0,0,0
"MNT",1,0,3,1,0,0,0,0,1,1
"METTL16",4,3,5,1,3,0,4,3,3,10
"PAFAH1B1",15,12,17,3,10,13,23,16,11,29
"AC005696.2",0,0,0,0,0,0,0,0,0,0
"CLUH",0,0,1,0,2,2,1,0,2,1
"AC005696.1",0,0,0,0,0,0,0,1,0,0
"AC005696.4",0,0,0,0,0,0,0,0,0,0
"RAP1GAP2",2,2,3,2,3,0,1,3,0,2
"AC015921.1",0,0,0,0,0,0,0,0,0,0
"OR1D2",0,0,0,0,0,0,0,0,0,0
"AC090282.1",0,0,0,0,0,0,0,0,0,0
"OR1A1",0,0,0,0,0,0,0,0,0,0
"OR3A2",1,1,0,0,1,0,1,2,0,0
"OR3A3",1,1,1,0,0,0,0,0,0,1
"SPATA22",1,1,1,1,0,0,2,1,3,3
"ASPA",16,4,2,5,5,3,8,1,2,9
"TRPV3",0,0,0,0,0,1,0,0,1,0
"TRPV1",0,0,1,1,0,0,1,0,0,1
"CTNS",0,0,3,0,3,2,1,0,0,4
"AC027796.4",0,1,0,0,1,0,0,0,0,0
"TAX1BP3",3,2,0,2,3,4,4,4,6,3
"P2RX5-TAX1BP3",0,0,0,0,0,0,0,0,0,0
"EMC6",3,1,3,0,1,1,1,10,1,3
"ITGAE",5,0,3,2,1,1,7,2,1,2
"AC116914.2",0,0,0,0,0,0,0,1,0,0
"NCBP3",3,2,2,6,8,1,7,3,0,8
"CAMKK1",1,0,1,1,6,1,3,1,0,2
"P2RX1",0,0,0,0,0,0,0,0,0,0
"ATP2A3",0,0,0,0,0,4,0,0,0,0
"LINC01975",0,0,0,0,0,0,0,0,0,0
"ZZEF1",2,3,1,1,8,6,6,3,3,7
"CYB5D2",3,4,4,1,5,1,3,0,1,2
"ANKFY1",3,4,2,2,5,3,5,2,1,3
"AC087742.1",0,0,0,0,0,0,0,0,0,0
"UBE2G1",8,2,2,2,4,1,13,2,3,16
"SPNS3",0,0,0,0,0,0,0,0,0,0
"AC127521.1",1,0,0,0,0,0,0,0,0,0
"AC118754.1",0,0,0,0,0,0,0,0,0,0
"SPNS2",4,1,4,6,3,0,8,2,0,1
"MYBBP1A",0,1,0,2,1,1,0,0,1,2
"GGT6",0,0,0,0,0,0,0,0,0,0
"AC118754.2",0,0,0,0,0,0,0,0,0,0
"SMTNL2",1,0,0,0,1,0,1,0,0,0
"LINC01996",0,0,0,0,0,0,0,0,0,0
"ALOX15",0,0,0,0,0,0,0,0,0,0
"PELP1",0,0,1,0,4,0,3,3,0,1
"AC091153.2",2,0,0,0,1,1,1,0,0,3
"AC091153.3",0,0,0,0,0,0,0,0,0,0
"ARRB2",1,1,1,0,1,1,4,2,0,1
"MED11",1,1,1,1,3,0,2,1,2,2
"CXCL16",0,1,0,0,0,0,0,0,0,0
"ZMYND15",0,0,0,0,0,0,0,1,0,0
"TM4SF5",0,0,0,0,0,0,0,0,0,0
"VMO1",1,0,0,1,0,1,0,0,0,0
"PSMB6",6,2,3,5,6,10,10,8,3,3
"AC233723.1",0,0,2,0,0,0,0,0,0,0
"PLD2",0,1,0,0,0,0,1,0,2,2
"MINK1",2,4,7,2,3,0,4,4,1,9
"CHRNE",0,0,0,1,0,0,0,1,0,0
"C17orf107",0,0,0,0,0,0,0,0,0,0
"GP1BA",0,0,0,0,0,0,0,0,0,0
"SLC25A11",2,2,1,1,3,1,8,3,4,1
"RNF167",2,2,2,4,5,5,4,5,2,1
"PFN1",2,9,5,7,7,18,45,21,16,7
"ENO3",0,0,0,0,0,0,0,0,0,1
"SPAG7",3,3,1,2,6,1,4,5,4,8
"CAMTA2",1,0,2,1,5,2,3,4,0,4
"AC004771.4",0,0,0,0,0,0,0,0,1,1
"AC004771.5",0,0,0,0,0,0,0,0,0,0
"AC004771.3",0,0,0,0,0,0,0,0,0,0
"INCA1",0,0,0,0,0,0,0,0,0,0
"KIF1C",1,0,0,4,3,0,2,2,0,0
"SLC52A1",0,0,0,0,0,0,0,0,0,0
"AC012146.3",0,0,0,0,0,0,0,0,0,0
"ZFP3",0,0,1,0,1,0,0,0,0,0
"ZNF232",0,0,0,0,1,0,0,0,0,2
"USP6",1,0,0,0,1,0,0,0,1,1
"ZNF594",0,0,3,0,1,1,2,0,1,2
"AC087500.1",1,0,0,1,2,0,1,1,1,3
"SCIMP",0,2,1,0,0,1,1,0,1,0
"AC087500.2",0,0,0,0,0,0,0,0,0,0
"RABEP1",7,7,8,3,15,4,14,8,4,19
"NUP88",3,5,0,0,7,0,5,1,3,7
"RPAIN",2,2,6,2,3,0,5,4,2,12
"AC004148.2",1,0,0,0,0,1,0,1,0,0
"C1QBP",2,1,1,2,6,1,0,4,3,3
"DHX33",0,0,0,0,2,0,0,0,0,0
"DERL2",0,1,0,3,0,1,2,3,1,3
"MIS12",0,0,1,0,1,0,1,2,0,4
"NLRP1",10,5,2,1,8,4,14,8,4,5
"AC007846.2",1,0,1,0,0,0,0,0,0,0
"WSCD1",0,0,1,0,1,0,2,0,0,0
"AIPL1",0,1,0,0,0,0,0,0,0,0
"PIMREG",0,0,0,0,0,0,0,0,0,0
"PITPNM3",1,0,0,0,3,0,0,1,0,0
"KIAA0753",2,0,0,0,4,0,4,1,2,9
"TXNDC17",1,0,0,3,0,0,2,4,2,1
"MED31",8,2,0,2,4,3,4,4,2,3
"C17orf100",0,0,1,0,0,0,0,1,0,1
"SLC13A5",0,0,0,0,1,0,0,0,0,0
"XAF1",13,9,13,2,26,6,27,10,7,7
"FBXO39",0,0,0,0,0,0,0,0,0,0
"TEKT1",0,0,1,0,0,1,0,1,0,0
"ALOX12-AS1",0,4,2,0,1,2,5,0,1,3
"AC040977.2",1,0,0,0,0,0,0,0,1,0
"ALOX12",0,0,0,0,0,0,0,0,0,0
"RNASEK",0,0,0,0,0,0,0,0,0,0
"RNASEK-C17orf49",0,0,0,0,0,0,0,0,0,0
"C17orf49",0,0,0,0,0,0,0,1,0,0
"MIR497HG",0,0,0,0,0,0,0,0,0,0
"BCL6B",0,0,0,0,1,0,3,2,1,0
"SLC16A13",0,0,2,0,0,0,0,0,0,0
"SLC16A11",0,0,0,0,0,0,0,0,0,0
"CLEC10A",0,0,0,0,0,0,0,0,0,0
"ASGR2",0,0,0,0,0,0,0,0,0,0
"ASGR1",0,0,0,0,1,0,0,0,0,2
"DLG4",0,0,1,1,1,1,1,2,0,3
"ACADVL",6,9,17,2,14,19,22,14,23,21
"DVL2",2,0,4,0,6,1,2,1,0,4
"PHF23",0,2,0,0,0,1,1,1,0,2
"GABARAP",3,0,1,1,0,5,1,4,5,2
"AC120057.2",0,0,0,0,0,0,0,0,0,0
"CTDNEP1",0,0,0,0,0,0,0,0,0,1
"AC003688.1",0,0,1,0,0,0,0,0,0,0
"ELP5",1,2,0,0,0,3,4,4,0,5
"CLDN7",0,0,0,0,0,0,0,0,0,0
"SLC2A4",0,2,0,1,1,0,0,3,0,0
"YBX2",0,0,0,0,0,0,0,1,0,0
"EIF5A",0,2,4,2,9,5,7,12,5,6
"GPS2",2,4,1,3,0,3,13,5,4,4
"NEURL4",1,0,0,0,0,0,0,0,0,0
"ACAP1",0,0,0,0,2,0,1,0,0,0
"KCTD11",0,0,0,0,0,0,2,0,0,0
"TNK1",0,0,0,0,0,0,0,0,0,0
"PLSCR3",0,0,0,0,0,0,0,0,0,0
"TMEM256-PLSCR3",1,0,0,0,2,0,0,0,0,0
"TMEM256",0,0,0,0,0,0,0,0,0,0
"NLGN2",1,2,2,3,4,1,6,3,1,2
"TMEM102",1,0,0,0,0,0,0,1,0,1
"FGF11",0,0,2,0,0,0,0,0,1,0
"CHRNB1",0,0,1,0,1,1,3,1,0,1
"ZBTB4",2,1,5,1,6,5,5,4,2,6
"SLC35G6",0,0,0,0,0,0,0,0,0,0
"POLR2A",1,2,3,3,2,8,7,2,4,3
"AC016876.3",0,0,0,0,0,0,0,0,0,0
"EIF4A1",3,9,4,6,3,5,10,4,4,3
"CD68",0,0,0,0,2,0,0,0,0,0
"AC016876.1",0,0,1,0,0,0,1,0,0,0
"MPDU1",1,3,1,0,1,6,5,3,1,6
"SOX15",0,1,0,0,1,1,2,0,0,1
"FXR2",0,0,5,0,2,2,4,2,0,4
"SHBG",1,0,0,0,0,0,2,0,0,0
"SAT2",9,0,4,7,4,5,6,8,4,9
"ATP1B2",3,0,3,4,7,3,3,8,7,3
"TP53",4,1,1,0,3,0,2,1,2,5
"WRAP53",0,0,0,1,0,0,1,0,0,1
"EFNB3",0,0,0,0,0,0,1,0,0,0
"DNAH2",0,0,0,0,0,0,1,0,0,1
"KDM6B",2,1,2,0,0,0,2,1,0,1
"TMEM88",5,1,2,1,1,1,8,1,3,4
"NAA38",7,3,8,6,8,7,9,5,9,5
"CYB5D1",1,0,0,1,0,1,2,0,0,0
"CHD3",4,3,4,2,3,4,3,0,0,9
"RNF227",0,0,2,0,0,0,1,1,0,0
"KCNAB3",0,0,0,0,0,0,0,0,0,1
"TRAPPC1",0,1,1,0,2,0,4,1,1,0
"CNTROB",0,0,1,1,1,1,2,1,0,2
"GUCY2D",0,0,0,0,0,0,0,0,0,0
"ALOX15B",0,0,0,0,0,0,1,0,0,0
"ALOX12B",0,0,0,0,0,0,0,0,0,0
"AC129492.1",0,0,0,0,0,0,0,0,0,0
"ALOXE3",0,0,0,0,0,0,0,0,0,0
"HES7",0,0,0,0,0,0,0,0,0,1
"PER1",4,1,5,4,2,8,10,7,5,10
"AC129492.3",0,0,1,0,0,0,0,0,0,0
"TMEM107",2,0,1,2,2,0,1,1,0,0
"AC129492.4",0,0,0,0,0,0,0,0,0,0
"BORCS6",0,0,1,1,1,2,3,2,0,0
"AURKB",0,0,0,0,0,0,0,0,0,0
"LINC00324",0,0,0,1,0,0,0,0,0,0
"CTC1",2,0,2,0,4,0,0,1,3,1
"PFAS",1,0,0,0,0,0,0,0,0,0
"AC135178.5",0,0,0,0,0,0,0,0,1,0
"SLC25A35",1,0,0,0,0,0,0,0,0,0
"RANGRF",1,0,2,1,2,1,5,2,3,3
"ARHGEF15",1,0,0,0,1,2,3,0,0,1
"ODF4",0,0,0,0,0,0,0,0,0,0
"AC135178.3",0,0,0,0,0,0,0,0,0,0
"RNF222",0,0,0,0,0,0,0,0,0,0
"NDEL1",1,2,4,0,2,1,2,0,3,4
"MYH10",5,1,4,2,7,1,6,1,1,4
"CCDC42",0,0,0,0,0,0,0,0,0,0
"PIK3R6",0,0,0,0,2,0,1,0,0,1
"PIK3R5",1,0,0,0,2,0,0,1,0,0
"AC002091.1",0,0,0,0,0,0,0,0,0,0
"NTN1",3,3,2,2,3,1,1,0,0,7
"AC005695.1",0,0,0,0,0,0,0,0,0,0
"AC005695.3",0,0,0,0,0,0,0,0,0,0
"STX8",16,1,8,5,12,12,14,8,4,21
"AC005695.2",3,0,2,0,1,0,2,1,0,2
"AC087501.1",0,0,1,0,0,0,0,0,0,1
"AC087501.3",0,0,0,0,0,0,0,0,0,0
"CFAP52",0,1,0,0,0,0,0,1,0,0
"AC118755.2",0,0,0,0,0,0,0,0,0,0
"USP43",3,1,0,0,2,0,0,1,0,0
"AC027045.2",0,0,0,0,0,0,0,0,0,0
"DHRS7C",0,0,0,0,0,0,0,0,0,0
"GSG1L2",0,0,0,0,0,0,0,0,0,0
"AC027045.3",0,0,0,0,0,0,0,0,0,0
"GLP2R",0,0,0,0,0,0,0,0,0,0
"RCVRN",0,0,0,0,0,0,0,1,0,0
"GAS7",10,7,11,8,5,2,7,3,3,7
"AC005291.2",0,0,0,0,0,0,0,0,0,0
"MYH13",1,0,0,0,0,0,1,0,1,0
"AC005291.1",0,0,0,0,0,0,0,0,0,0
"MYHAS",0,0,0,0,0,0,0,0,0,0
"MYH8",0,0,0,0,0,0,0,0,0,0
"MYH4",0,0,0,0,0,0,0,0,0,0
"MYH1",0,0,0,0,0,0,0,0,0,0
"MYH2",0,0,0,0,0,0,0,0,0,0
"MYH3",1,0,0,0,0,0,0,1,0,0
"SCO1",0,1,3,0,1,0,2,4,0,2
"ADPRM",0,0,0,0,1,2,1,0,0,2
"TMEM220",0,1,1,1,1,0,2,1,1,3
"TMEM220-AS1",0,0,2,0,3,0,0,0,0,0
"AC015908.3",0,0,0,0,0,0,1,0,0,0
"TMEM238L",0,0,0,0,0,0,0,0,0,0
"PIRT",0,0,0,0,0,0,0,0,0,0
"AC015908.2",0,0,0,1,0,0,0,0,0,0
"SHISA6",4,2,7,5,9,5,9,2,8,18
"DNAH9",2,1,2,0,4,0,0,2,0,0
"AC005410.2",0,0,0,0,0,1,0,0,1,1
"ZNF18",0,2,0,0,1,0,1,0,1,0
"MAP2K4",9,6,5,7,5,6,16,7,4,26
"AC005244.2",0,0,0,0,0,0,0,0,0,0
"LINC00670",0,0,0,0,0,0,0,2,0,0
"MYOCD",2,0,0,2,1,0,2,5,0,2
"AC005358.1",0,1,0,0,0,1,0,4,0,0
"AC005358.2",0,1,0,0,0,0,0,0,0,0
"ARHGAP44",4,2,2,2,4,2,2,5,2,7
"AC005277.2",0,0,0,0,0,0,0,0,0,0
"ELAC2",0,2,0,1,1,1,3,2,0,0
"HS3ST3A1",0,0,0,0,0,0,0,1,0,0
"AC005304.2",0,0,0,0,0,0,0,0,0,0
"AC005304.1",0,0,0,0,0,0,0,0,0,0
"AC005304.3",0,0,0,0,0,0,1,0,0,0
"COX10",2,2,1,1,0,3,5,2,0,4
"AC005224.1",0,0,0,0,0,0,0,0,0,0
"HS3ST3B1",0,0,0,0,0,0,0,0,0,0
"AC022816.1",0,0,0,0,0,0,0,0,0,0
"AC005863.1",0,0,0,0,0,0,0,0,0,0
"LINC02096",0,0,0,0,0,0,0,0,0,0
"AC005772.1",0,0,0,0,0,0,0,0,0,0
"PMP22",15,9,15,7,9,7,14,12,20,21
"AC005703.3",0,0,0,0,0,0,0,0,0,0
"AC005703.2",0,0,0,0,0,0,0,0,0,0
"TEKT3",0,0,0,0,0,0,0,0,1,1
"AC005703.4",0,0,0,0,0,0,0,0,0,0
"CDRT4",0,0,0,0,0,0,0,0,0,0
"TVP23C",0,0,0,0,0,0,0,0,0,0
"CDRT1",0,0,0,0,0,0,0,0,0,0
"AC005324.3",0,0,0,1,0,0,2,1,0,0
"TRIM16",1,1,0,0,2,0,1,0,0,1
"AC005324.4",0,0,0,0,0,0,0,0,0,0
"TBC1D26",0,0,0,0,1,0,0,0,0,0
"AC005324.1",0,0,0,0,0,0,0,0,0,0
"AC015922.4",0,0,0,1,0,1,1,1,0,0
"LINC02087",0,0,0,0,0,0,0,0,0,0
"ADORA2B",0,0,1,0,0,1,1,0,0,3
"ZSWIM7",3,3,7,0,0,0,6,5,4,8
"TTC19",7,4,19,6,12,7,15,8,9,23
"AC002553.2",0,0,0,0,1,0,0,0,0,0
"NCOR1",13,10,21,7,27,9,32,18,11,37
"PIGL",5,4,6,3,4,1,2,3,0,13
"CENPV",1,0,0,0,0,2,0,0,0,1
"UBB",11,20,14,5,19,19,21,17,20,18
"AC093484.3",0,0,0,0,0,0,0,0,0,0
"TRPV2",0,2,0,0,3,0,1,4,1,0
"LRRC75A",3,0,2,2,2,0,1,0,0,2
"ZNF287",0,0,0,0,1,0,0,1,0,1
"ZNF624",1,1,0,1,1,0,0,0,1,0
"AC098850.3",3,2,4,3,11,5,7,14,12,9
"AC022596.2",0,0,0,0,0,0,0,0,0,0
"TNFRSF13B",0,0,0,0,0,0,0,0,0,0
"AC104024.2",0,0,0,0,0,0,0,0,0,0
"MPRIP",11,6,7,11,15,10,14,14,9,26
"MPRIP-AS1",1,0,0,1,2,1,1,3,0,1
"AC055811.1",2,0,1,0,0,0,0,0,0,1
"PLD6",0,0,0,1,0,0,0,0,0,0
"AC055811.2",0,0,1,0,0,1,0,0,1,1
"COPS3",2,1,1,2,5,1,2,1,0,2
"NT5M",0,1,1,1,0,0,0,0,1,0
"MED9",1,2,0,2,2,0,1,1,1,1
"RASD1",2,0,0,0,2,1,1,5,2,0
"PEMT",0,2,0,1,0,0,1,1,4,3
"AC020558.1",0,0,0,0,0,0,2,0,0,0
"SMCR2",0,0,0,0,0,0,0,0,0,0
"RAI1",3,1,2,0,0,0,3,4,3,5
"RAI1-AS1",1,0,1,0,0,0,0,0,0,0
"SMCR5",1,2,3,3,2,0,11,1,1,6
"SREBF1",4,1,2,3,3,1,3,0,3,3
"TOM1L2",16,5,8,1,10,0,12,3,7,16
"AC122129.1",1,0,0,0,0,0,0,0,0,0
"DRC3",1,0,3,1,1,0,2,1,0,1
"ATPAF2",2,0,0,1,1,1,3,0,0,2
"GID4",2,0,1,2,1,1,0,0,0,2
"DRG2",0,1,0,0,2,0,1,1,2,0
"MYO15A",0,0,4,0,0,1,0,1,0,0
"AC087164.1",0,0,0,0,0,1,0,0,0,1
"ALKBH5",2,0,0,5,1,5,8,4,3,9
"LLGL1",0,0,0,0,0,0,3,1,2,1
"FLII",2,2,1,2,5,1,10,0,1,4
"MIEF2",1,0,0,0,0,0,1,0,0,0
"AC127537.1",0,0,0,0,0,0,0,0,0,0
"TOP3A",0,2,1,1,2,1,2,2,2,1
"SMCR8",1,0,0,1,2,0,1,1,0,0
"SHMT1",0,2,1,1,0,1,1,2,1,2
"EVPLL",0,0,0,0,0,0,0,0,0,0
"AL353997.2",0,0,0,0,0,0,0,0,0,0
"LINC02076",0,0,0,0,0,0,0,1,0,0
"TBC1D28",0,0,0,0,0,0,0,0,0,0
"ZNF286B",1,1,0,0,2,1,0,1,0,2
"TRIM16L",0,0,0,0,1,0,0,0,0,1
"FBXW10",0,0,0,0,0,0,0,0,0,0
"TVP23B",1,0,1,0,1,0,3,2,0,4
"AC107982.3",0,0,0,0,0,0,0,0,0,0
"PRPSAP2",2,2,4,1,3,0,4,4,3,2
"AC107982.2",0,0,0,0,0,0,0,0,0,0
"SLC5A10",0,0,0,0,1,0,0,0,0,0
"FAM83G",0,0,0,0,2,1,0,0,0,0
"GRAP",1,0,0,0,0,0,3,0,0,0
"AC007952.4",3,0,0,0,0,0,0,0,0,0
"GRAPL",3,0,3,1,4,1,4,2,0,6
"AC007952.6",0,0,0,0,0,0,0,0,0,0
"AC106017.1",0,0,0,0,0,0,0,0,0,0
"EPN2",16,12,18,12,14,6,30,11,10,32
"EPN2-AS1",0,1,0,1,0,0,0,0,0,1
"AC124066.1",0,0,0,0,0,0,0,0,0,0
"B9D1",0,1,2,0,0,0,1,1,3,1
"MAPK7",0,0,1,0,2,0,0,0,1,1
"MFAP4",0,0,0,0,3,0,0,1,4,2
"RNF112",0,0,2,3,2,0,0,0,0,0
"AC004448.3",0,0,0,0,0,0,0,0,0,0
"AC004448.2",1,0,0,0,0,0,1,0,0,0
"LINC02094",0,0,0,0,0,0,0,0,0,0
"SLC47A1",6,1,0,0,7,25,15,25,11,30
"AC025627.1",0,0,1,0,0,0,0,0,0,11
"ALDH3A2",2,1,4,5,3,4,7,2,1,5
"SLC47A2",1,0,0,0,0,0,0,0,0,0
"AC005722.2",0,0,0,0,0,0,0,0,0,0
"ALDH3A1",0,0,0,0,0,0,0,0,0,0
"ULK2",3,2,3,4,0,1,2,3,4,7
"AC015726.1",0,0,0,0,0,0,0,0,0,0
"AKAP10",6,3,5,2,7,4,7,11,5,17
"AC005730.2",0,0,0,0,0,0,0,0,0,0
"SPECC1",11,1,9,3,7,2,6,8,2,6
"AC004702.1",1,0,0,0,0,0,0,0,0,0
"LINC01984",0,0,0,0,0,0,0,0,0,0
"AC015818.2",0,0,0,0,0,0,0,1,0,0
"LINC02088",0,0,0,0,0,0,0,0,0,0
"AC126365.1",0,0,0,0,0,0,0,0,0,0
"CCDC144NL",0,0,0,0,2,0,1,1,0,0
"AC090774.3",0,0,0,0,0,0,0,0,0,0
"CCDC144NL-AS1",1,1,4,0,3,2,4,2,0,3
"USP22",3,3,7,3,8,4,10,5,3,7
"LINC01563",0,0,0,0,0,0,0,0,0,0
"DHRS7B",2,2,1,2,6,1,7,3,1,6
"TMEM11",1,1,1,2,0,2,1,3,3,4
"AC087294.1",1,0,1,0,0,1,0,1,0,1
"NATD1",0,0,1,0,0,0,1,1,0,0
"MAP2K3",0,0,2,0,2,1,4,3,0,2
"KCNJ12",0,1,0,1,1,0,2,0,1,1
"AC068418.2",0,0,0,0,0,0,0,0,0,0
"AC068418.1",0,0,0,0,0,0,0,0,0,0
"C17orf51",1,0,2,1,3,0,1,0,1,1
"AC233702.7",0,0,0,0,0,0,0,0,0,0
"LINC02002",0,0,0,0,0,0,1,0,0,0
"AC138761.3",0,0,0,0,0,0,0,0,0,0
"MTRNR2L1",1,0,0,0,0,0,0,0,0,1
"AC069061.2",0,0,0,0,0,0,0,0,0,0
"WSB1",38,27,21,15,31,21,73,43,15,76
"AC026254.2",0,0,0,0,1,0,0,0,0,0
"KSR1",3,1,5,3,3,0,4,8,5,12
"AC015688.4",0,0,0,0,0,0,0,0,0,0
"LGALS9",0,1,1,2,1,1,3,0,0,1
"NOS2",0,0,0,0,0,0,0,0,0,0
"AC005697.1",0,1,3,1,0,0,1,0,1,1
"AC005697.2",0,1,0,0,0,0,0,0,0,0
"LYRM9",0,0,0,0,0,0,0,0,0,0
"LINC01992",0,0,0,0,0,0,0,0,0,0
"NLK",13,15,11,10,20,11,38,13,17,28
"AC061975.1",0,0,0,0,0,0,0,0,0,0
"TMEM97",0,0,0,0,0,0,1,1,0,0
"IFT20",2,0,3,1,4,2,2,2,2,2
"TNFAIP1",1,2,0,1,2,1,10,3,0,2
"POLDIP2",3,1,4,1,2,1,3,4,0,5
"TMEM199",4,0,1,0,2,3,0,1,1,2
"AC002094.3",0,0,1,0,1,0,0,0,0,0
"SARM1",1,1,2,1,1,0,3,2,0,2
"VTN",0,0,0,0,0,0,0,0,0,0
"SLC46A1",0,0,1,0,0,0,1,0,0,1
"AC015917.2",0,0,0,0,0,0,0,0,0,0
"AC005726.1",1,0,1,0,1,0,2,1,1,2
"SLC13A2",0,0,0,0,0,0,0,0,0,0
"AC005726.4",0,0,0,0,0,0,0,0,0,0
"AC005726.5",2,0,4,0,3,0,1,1,2,0
"KIAA0100",1,0,1,1,1,0,1,1,1,4
"SDF2",1,0,2,0,3,5,4,4,1,1
"SUPT6H",1,3,6,5,5,4,3,3,2,1
"AC010761.3",0,1,0,0,0,0,0,0,0,0
"PROCA1",0,0,2,0,1,0,1,1,2,1
"RAB34",0,2,1,3,2,4,3,3,2,1
"RPL23A",6,4,6,2,9,9,18,21,11,14
"AC010761.1",0,0,1,0,0,0,0,0,0,0
"TLCD1",0,0,1,0,0,0,0,0,0,0
"NEK8",1,0,2,1,0,0,3,0,1,3
"AC010761.2",0,0,0,0,0,0,0,0,0,0
"TRAF4",0,1,1,1,1,0,0,1,0,2
"FAM222B",5,3,7,4,16,4,4,2,2,17
"ERAL1",1,1,1,0,0,0,1,0,0,2
"FLOT2",3,1,2,1,4,1,4,1,3,0
"AC024267.3",0,0,0,0,0,0,0,0,0,0
"AC024267.6",0,0,0,0,0,0,0,0,0,0
"DHRS13",0,0,1,1,0,0,1,0,0,1
"PHF12",4,1,2,1,3,2,7,6,5,4
"AC024267.4",0,1,0,0,1,0,0,2,0,2
"PIPOX",1,0,1,0,0,2,1,0,0,0
"SEZ6",4,0,0,0,1,0,0,0,1,0
"MYO18A",1,2,1,4,1,0,2,0,0,2
"AC024619.3",0,0,0,1,0,0,4,0,0,2
"CRYBA1",0,0,0,0,0,0,0,1,0,1
"NUFIP2",4,5,5,5,8,0,17,7,8,14
"AC068025.2",0,2,1,0,0,0,1,0,0,4
"AC068025.1",0,0,0,0,0,0,0,0,0,0
"TAOK1",9,7,13,7,12,7,21,13,7,27
"ABHD15-AS1",4,1,5,1,1,1,5,7,4,9
"ABHD15",0,0,0,0,0,0,0,2,1,0
"GIT1",4,2,5,3,7,1,9,3,2,5
"CORO6",2,2,4,0,2,0,0,0,2,0
"SSH2",25,8,29,8,28,9,45,10,10,31
"AC023389.1",2,2,1,1,0,0,1,0,1,4
"AC104982.1",0,0,0,0,0,0,0,0,0,0
"EFCAB5",1,0,0,0,1,1,1,2,0,0
"AC104996.1",0,0,0,0,0,0,0,0,0,0
"AC104984.2",0,0,1,0,0,0,0,0,0,0
"NSRP1",4,9,8,2,9,8,11,6,4,9
"AC104984.3",1,1,1,0,0,1,0,1,1,3
"AC104984.6",0,0,0,0,0,0,0,0,0,0
"SLC6A4",0,0,0,0,0,0,0,1,0,0
"AC104984.1",0,0,0,0,0,0,0,0,0,0
"AC104984.4",0,0,0,0,0,0,0,0,0,0
"BLMH",2,0,4,3,3,2,6,3,2,3
"TMIGD1",0,1,0,0,0,0,0,0,0,0
"CPD",7,9,14,6,16,5,42,13,10,16
"GOSR1",5,1,4,5,4,6,11,7,8,6
"TBC1D29",1,0,0,0,0,0,0,0,0,0
"AC127024.3",0,0,0,0,0,0,0,0,0,0
"AC127024.2",0,0,0,0,0,0,0,0,0,0
"CRLF3",10,6,10,4,14,7,17,9,5,24
"AC127024.5",0,0,0,0,0,0,1,0,0,0
"AC127024.6",0,0,0,1,0,1,0,0,0,0
"ATAD5",0,0,3,0,1,3,2,0,1,5
"AC130324.2",1,0,0,0,1,0,0,1,0,2
"AC130324.1",0,0,0,0,0,0,0,0,0,0
"TEFM",2,2,0,2,4,1,4,6,1,6
"AC130324.3",0,0,0,0,0,0,0,0,0,0
"ADAP2",0,2,2,1,3,2,2,2,2,1
"AC138207.5",0,0,0,0,0,0,0,0,0,0
"RNF135",3,1,1,0,2,2,1,0,1,3
"AC138207.7",0,0,0,0,0,0,0,0,0,0
"AC138207.2",1,1,0,0,0,0,0,0,0,0
"NF1",19,15,21,18,31,16,40,15,15,41
"OMG",6,0,3,8,2,1,7,5,1,5
"EVI2B",0,0,1,0,1,0,0,0,0,0
"AC134669.1",0,0,0,0,0,0,0,0,0,0
"EVI2A",0,0,0,0,0,1,1,0,1,0
"RAB11FIP4",6,1,4,1,1,0,5,1,0,5
"AC003101.2",0,0,0,0,0,0,0,0,0,0
"AC007923.4",0,0,0,0,0,0,0,1,0,0
"COPRS",1,0,1,2,1,3,2,3,1,2
"UTP6",4,2,2,0,3,2,3,3,1,1
"AC004253.1",1,0,0,0,3,1,1,0,0,0
"SUZ12",4,7,3,4,7,3,16,9,7,10
"LRRC37B",3,1,4,0,5,2,2,2,4,5
"AC116407.2",1,0,0,0,0,1,1,4,1,1
"AC116407.1",0,0,0,0,0,0,0,0,0,0
"RHOT1",5,3,7,4,8,5,12,5,7,10
"RHBDL3",0,2,1,0,0,0,2,0,1,1
"C17orf75",0,0,0,0,0,0,2,0,0,3
"AC005899.3",0,0,0,0,0,0,0,0,0,0
"ZNF207",18,9,6,5,22,7,30,25,14,19
"AC005899.6",0,0,0,1,0,0,0,0,0,0
"AC005899.7",0,0,0,0,1,0,1,0,0,1
"AC005899.5",0,0,0,0,0,0,1,1,0,0
"AC005899.8",1,0,1,2,1,1,2,1,1,4
"AC005899.1",0,0,0,0,0,0,1,0,0,0
"PSMD11",1,2,3,4,3,5,5,3,7,6
"CDK5R1",3,2,2,3,2,0,3,3,0,2
"MYO1D",16,14,6,19,15,8,23,17,3,32
"AC079336.5",0,0,0,0,0,0,0,0,0,0
"AC079336.4",2,3,0,2,2,0,1,1,0,3
"AC025211.1",0,0,0,0,0,0,0,1,0,2
"AC084809.1",0,0,0,0,0,0,0,0,0,0
"AC084809.2",0,0,0,0,0,0,0,0,0,0
"TMEM98",4,3,1,4,1,3,3,2,3,12
"SPACA3",0,0,0,0,0,0,1,0,0,1
"ASIC2",3,8,5,3,7,0,2,0,0,11
"AC008133.1",0,0,0,0,0,0,0,0,0,0
"AC011824.4",0,0,0,0,0,0,0,0,0,0
"AC011824.2",0,0,0,0,0,0,0,0,0,0
"AC011824.1",0,0,0,0,0,0,0,0,0,0
"AC024610.1",0,0,0,0,0,0,0,0,0,0
"AC004147.2",0,0,0,0,0,0,0,0,0,0
"LINC01989",0,1,0,0,0,0,0,1,0,0
"CCL2",6,0,3,0,0,1,0,0,4,6
"CCL8",0,0,0,0,0,0,0,1,0,0
"TMEM132E",1,0,0,0,0,0,0,0,0,0
"CCT6B",2,0,1,0,0,0,0,0,0,1
"ZNF830",1,0,0,0,0,2,3,2,0,3
"LIG3",1,2,0,0,0,0,1,1,1,1
"RFFL",0,2,1,2,1,2,2,0,0,1
"AC004223.3",0,0,0,0,0,0,0,0,0,0
"AC004223.4",0,0,0,0,0,0,0,0,0,0
"FNDC8",0,0,0,0,0,0,0,0,0,0
"NLE1",0,0,0,0,0,0,0,0,0,0
"UNC45B",0,0,0,0,0,0,0,2,0,0
"AC022916.1",0,0,0,0,0,0,0,0,0,0
"SLFN5",2,3,3,0,5,0,3,0,1,5
"AC022706.1",0,0,0,0,0,1,0,1,0,1
"SLFN11",1,1,0,0,2,1,6,1,1,2
"AC060766.6",0,0,0,0,0,0,0,0,0,0
"SLFN12",0,1,0,2,3,1,1,1,0,1
"SLFN13",0,1,0,0,0,1,1,0,0,0
"SLFN12L",0,2,3,1,4,1,3,0,0,1
"LINC02001",2,0,1,1,0,0,3,1,0,1
"PEX12",0,1,0,0,0,1,1,1,1,0
"AP2B1",9,9,11,9,14,6,22,6,6,19
"TAF15",14,8,15,3,18,6,16,8,9,27
"GAS2L2",0,0,0,0,0,0,0,0,0,0
"MMP28",2,0,1,0,4,1,0,1,0,4
"AC015849.3",5,0,2,0,1,1,1,1,0,6
"HEATR9",0,1,0,1,0,0,0,0,1,0
"AC015849.1",0,0,0,0,0,0,0,0,0,0
"CCL5",0,0,0,0,2,0,0,0,0,0
"AC015849.5",0,0,0,0,0,0,0,0,0,0
"RDM1",0,0,0,0,0,0,0,0,0,0
"LYZL6",0,0,0,0,0,0,0,0,0,0
"CCL15-CCL14",0,0,0,0,0,0,0,0,0,0
"AC244100.3",0,0,0,0,0,0,0,0,0,0
"CCL18",0,0,0,0,0,0,0,0,0,0
"AC243829.4",0,0,0,0,0,0,0,0,0,0
"CCL3",0,0,0,0,0,0,0,0,0,0
"CCL4",0,0,0,0,1,0,0,0,0,0
"AC243829.2",0,0,0,0,0,0,0,0,0,0
"TBC1D3B",0,0,0,0,0,0,0,0,0,1
"AC243829.1",1,0,1,0,0,0,1,0,1,0
"CCL3L1",0,0,0,0,0,0,0,0,0,0
"CCL4L2",0,0,0,0,0,0,0,0,0,0
"AC243829.5",0,0,0,0,0,0,0,0,0,0
"ZNHIT3",3,1,2,0,7,0,1,1,0,0
"MYO19",4,2,0,1,2,2,3,3,0,5
"PIGW",0,1,0,0,0,0,0,0,0,0
"GGNBP2",4,3,11,4,6,3,17,9,11,10
"DHRS11",0,1,0,0,0,0,0,0,0,0
"MRM1",0,0,0,0,0,0,0,0,0,0
"AC243830.2",0,0,0,0,0,0,0,0,0,0
"AC243830.1",0,0,0,0,0,0,0,0,0,0
"LHX1-DT",1,0,0,0,1,0,0,0,0,0
"LHX1",0,0,0,0,0,0,0,0,0,0
"AATF",2,4,3,2,1,4,3,3,3,4
"AC244093.5",0,0,0,0,0,0,0,0,0,0
"ACACA",11,8,7,6,10,5,10,10,6,18
"C17orf78",0,0,0,0,0,0,0,0,0,0
"TADA2A",1,1,2,1,1,0,2,0,0,3
"AC243654.1",0,0,0,0,0,0,0,0,0,0
"DUSP14",0,1,0,0,0,3,1,1,0,0
"SYNRG",6,5,7,4,10,4,8,5,4,13
"DDX52",4,2,2,1,3,1,5,1,2,4
"AC243585.2",0,0,0,0,0,0,0,0,0,0
"AC243571.2",0,0,1,0,0,0,0,0,0,0
"HNF1B",0,0,1,0,0,0,0,0,0,0
"TBC1D3L",0,0,0,0,0,0,0,0,0,0
"TBC1D3D",0,0,0,0,0,0,0,0,0,0
"MRPL45",1,0,0,1,0,0,4,2,0,1
"GPR179",0,0,0,0,0,0,0,0,0,0
"SOCS7",1,1,4,3,2,0,6,1,1,4
"ARHGAP23",2,1,3,1,4,0,0,2,2,5
"SRCIN1",3,2,4,3,6,3,5,2,1,4
"AC006449.1",0,0,0,0,0,0,0,0,0,0
"EPOP",0,0,0,0,1,0,0,1,0,0
"AC006449.6",0,0,0,0,0,1,0,0,0,0
"AC006449.2",0,0,0,0,0,0,0,1,1,1
"MLLT6",3,2,3,2,4,3,5,1,1,3
"AC006449.3",0,0,0,0,0,0,1,0,0,0
"CISD3",0,0,2,1,0,1,8,5,1,1
"PCGF2",1,0,2,3,2,1,3,0,0,5
"AC006449.5",0,0,0,0,0,0,0,0,0,0
"PSMB3",2,1,2,3,3,9,8,7,2,3
"PIP4K2B",2,2,1,4,5,2,2,2,2,5
"CWC25",2,2,3,0,2,1,5,3,3,1
"C17orf98",0,0,0,0,0,0,0,0,0,0
"RPL23",9,5,4,6,2,7,9,5,11,5
"LASP1",3,1,4,3,10,1,9,3,2,4
"AC006441.1",0,0,0,0,0,0,0,0,0,0
"LINC00672",1,0,1,0,0,0,0,2,1,1
"FBXO47",0,0,1,0,0,0,0,0,0,0
"AC006441.4",0,0,0,0,0,0,0,0,0,1
"PLXDC1",9,0,3,7,12,14,10,11,17,3
"ARL5C",0,0,0,0,0,0,0,0,0,0
"AC004408.1",0,0,0,0,0,0,0,0,0,0
"CACNB1",1,0,2,0,0,0,1,1,0,1
"RPL19",13,8,10,8,17,17,37,24,17,24
"STAC2",1,0,1,1,0,0,1,0,0,0
"FBXL20",6,7,11,5,10,11,9,8,11,16
"AC005288.1",0,0,0,0,0,0,0,0,0,0
"MED1",0,0,3,2,3,1,5,3,1,2
"CDK12",5,6,7,3,8,3,11,2,6,7
"AC009283.1",0,0,0,0,0,0,0,0,0,1
"NEUROD2",3,1,0,0,0,0,0,2,1,0
"AC087491.1",0,0,0,0,0,0,0,0,0,0
"PPP1R1B",0,0,0,0,2,0,1,0,6,1
"STARD3",3,3,2,3,6,6,8,4,2,3
"TCAP",1,0,0,0,2,2,0,2,0,0
"PNMT",0,0,0,0,0,0,1,0,1,0
"PGAP3",2,1,0,0,1,0,1,0,0,1
"ERBB2",0,1,0,0,2,0,1,0,1,2
"MIEN1",4,6,4,1,7,4,4,11,3,3
"GRB7",0,0,0,0,0,0,0,0,0,0
"IKZF3",0,0,0,0,4,0,0,0,0,1
"GSDMB",2,1,3,0,1,0,2,0,1,1
"ORMDL3",1,0,0,2,1,0,1,1,1,0
"AC090844.2",0,0,2,0,2,2,0,2,1,0
"GSDMA",0,0,0,0,0,0,1,0,0,0
"PSMD3",0,2,1,4,2,2,3,5,2,3
"CSF3",0,4,0,0,0,0,0,0,0,0
"MED24",1,1,0,1,5,1,3,0,4,1
"THRA",3,0,9,2,3,1,5,3,0,4
"NR1D1",1,2,2,1,1,0,3,2,2,0
"MSL1",3,1,4,1,6,3,9,4,1,6
"CASC3",1,1,4,1,8,1,4,2,5,5
"RAPGEFL1",1,3,1,0,2,3,1,2,1,4
"WIPF2",3,4,9,2,4,6,4,6,3,10
"CDC6",0,0,0,0,0,0,1,0,0,0
"RARA",0,0,3,0,0,0,1,2,1,1
"RARA-AS1",0,3,1,0,0,1,4,1,0,0
"TOP2A",0,0,0,0,0,0,0,0,0,0
"IGFBP4",4,3,5,1,3,17,13,12,3,7
"TNS4",0,0,0,0,0,1,0,0,0,0
"AC004585.1",0,0,0,0,0,1,1,0,2,0
"CCR7",0,0,1,0,0,0,0,0,0,1
"SMARCE1",0,0,0,0,0,0,0,0,0,0
"AC073508.2",0,0,0,0,0,0,0,0,0,0
"AC073508.3",0,0,1,0,0,0,0,0,0,0
"KRT222",0,1,0,0,1,0,0,0,0,0
"KRT24",0,0,0,0,0,0,0,0,0,0
"KRT26",0,0,0,0,0,0,0,0,0,0
"KRT10",3,4,5,5,1,8,11,12,5,2
"TMEM99",1,0,0,0,0,0,2,0,0,3
"AC004231.3",0,0,0,0,0,0,0,0,1,0
"KRT20",0,0,0,0,0,0,0,0,0,0
"AC004231.1",0,0,0,0,0,0,0,0,0,0
"KRT23",0,0,0,0,0,0,0,0,0,0
"KRT39",0,0,0,0,0,0,0,0,0,0
"KRT40",0,0,0,0,0,0,0,0,0,0
"KRT33B",0,0,0,0,0,0,0,0,0,0
"KRT34",0,0,0,0,0,0,0,0,0,0
"KRT31",0,0,0,0,0,0,0,0,0,0
"KRT15",0,0,0,0,0,0,0,0,0,0
"KRT19",0,0,0,0,0,0,1,0,1,2
"KRT17",0,0,0,0,0,0,0,0,0,0
"EIF1",23,26,25,20,24,54,72,69,33,49
"GAST",0,0,0,0,0,0,0,0,0,0
"HAP1",0,0,0,0,0,0,0,0,0,0
"JUP",1,0,1,0,1,2,2,1,6,3
"P3H4",0,0,2,1,2,0,1,2,3,1
"FKBP10",3,2,7,1,3,2,6,4,2,2
"NT5C3B",2,1,2,1,3,0,1,2,4,3
"KLHL10",0,0,0,0,0,0,0,0,0,0
"KLHL11",0,0,0,0,0,0,0,0,0,0
"ACLY",5,2,4,2,3,2,5,1,2,5
"TTC25",0,0,0,0,0,0,0,0,0,0
"CNP",10,25,9,9,10,4,35,8,11,18
"DNAJC7",7,10,6,1,7,3,4,10,9,10
"NKIRAS2",0,0,5,1,2,2,1,2,2,5
"ZNF385C",0,0,0,0,0,0,1,1,0,0
"DHX58",0,0,0,0,1,1,1,0,1,0
"KAT2A",5,3,6,3,10,6,19,8,6,13
"AC099811.2",0,0,0,0,0,0,1,0,0,0
"HSPB9",0,0,0,0,0,1,1,0,0,0
"AC099811.3",0,0,0,0,0,0,0,0,0,0
"KCNH4",0,0,0,0,0,0,0,0,0,0
"HCRT",0,0,0,0,0,0,0,1,0,0
"GHDC",0,0,0,1,1,1,0,1,0,1
"STAT5B",4,1,6,3,8,6,12,11,3,11
"STAT5A",2,2,0,0,0,1,0,0,0,1
"STAT3",3,10,19,12,18,8,26,22,3,38
"CAVIN1",2,1,6,1,6,6,17,9,1,5
"ATP6V0A1",14,4,4,6,14,4,7,5,4,11
"NAGLU",1,1,3,0,3,0,1,1,0,4
"HSD17B1",0,0,2,0,1,0,1,2,2,1
"AC067852.2",0,0,0,0,0,0,3,1,0,1
"COASY",0,1,1,0,2,1,3,5,3,2
"MLX",0,1,1,1,2,1,3,2,0,2
"PSMC3IP",1,0,0,0,0,0,2,1,1,0
"RETREG3",2,0,4,3,9,2,5,1,3,5
"TUBG1",2,1,1,0,1,3,5,3,5,2
"TUBG2",1,0,2,1,3,3,2,2,3,4
"PLEKHH3",0,0,0,3,3,4,1,1,2,4
"CCR10",0,1,2,0,0,0,1,3,1,0
"AC100793.2",0,0,4,1,0,2,1,6,2,4
"CNTNAP1",1,0,0,0,0,0,1,0,1,0
"AC100793.3",0,1,1,0,1,0,0,0,0,0
"EZH1",8,3,2,1,10,0,5,5,4,9
"AC100793.4",1,0,1,0,1,1,2,0,3,2
"RAMP2-AS1",2,0,2,0,2,0,0,1,1,4
"RAMP2",5,4,9,4,5,6,29,11,10,7
"VPS25",2,0,0,0,1,1,0,1,0,1
"WNK4",0,0,0,0,1,0,0,0,0,1
"COA3",3,1,1,4,2,2,8,0,1,1
"CNTD1",1,2,2,0,0,0,1,0,0,0
"BECN1",3,1,2,1,1,1,3,2,2,0
"PSME3",0,0,2,0,1,1,4,0,0,1
"AOC2",0,0,0,0,0,0,0,0,0,0
"AOC3",1,0,0,0,0,1,1,0,0,0
"LINC00671",0,0,2,0,0,0,0,0,0,0
"G6PC",0,0,0,0,0,1,0,0,0,0
"PTGES3L-AARSD1",0,0,0,0,0,0,0,0,0,0
"RUNDC1",2,0,1,1,1,1,3,1,0,1
"RPL27",7,8,5,4,6,13,16,22,10,8
"IFI35",3,0,2,1,3,1,3,3,6,3
"VAT1",0,4,3,2,6,1,11,2,3,3
"RND2",0,0,0,0,1,1,1,0,1,0
"BRCA1",1,2,1,1,2,0,5,2,2,3
"AC060780.1",0,0,0,0,0,0,0,0,0,0
"NBR1",4,2,2,3,5,6,8,5,4,4
"TMEM106A",0,0,1,0,1,0,2,1,0,2
"LINC00854",2,0,2,1,9,0,3,3,5,9
"LINC00910",0,0,0,0,0,1,0,0,0,0
"ARL4D",4,0,1,0,0,0,0,1,0,2
"MIR2117HG",0,0,0,0,0,0,0,0,0,0
"DHX8",2,4,4,0,2,1,4,2,1,6
"ETV4",2,0,2,0,2,0,0,1,0,0
"AC068675.1",1,2,0,0,0,1,1,0,1,1
"MEOX1",0,0,0,0,0,0,0,1,0,0
"AC004149.1",0,0,0,0,0,0,0,0,0,0
"DUSP3",2,3,0,2,3,0,2,2,2,5
"CFAP97D1",0,0,0,0,0,0,0,0,0,0
"MPP3",1,0,0,1,1,0,1,0,0,2
"CD300LG",0,0,0,0,0,0,0,0,0,0
"MPP2",3,2,3,0,1,0,1,0,3,0
"AC007993.3",0,0,0,0,1,0,0,0,0,0
"AC007993.2",0,0,0,0,0,0,0,0,0,0
"LINC01976",0,0,0,0,0,0,0,0,0,0
"PYY",0,1,0,0,0,0,1,0,0,1
"NAGS",0,2,1,1,0,0,2,0,0,3
"TMEM101",0,0,1,0,0,1,3,0,0,0
"LSM12",0,1,1,1,0,1,2,2,0,2
"G6PC3",1,0,0,0,0,0,1,2,0,1
"HDAC5",3,2,1,0,3,1,5,0,1,9
"AC023855.1",0,0,0,0,0,0,0,0,0,0
"C17orf53",1,0,0,0,1,0,0,0,0,1
"ASB16",0,0,2,0,0,0,0,0,0,0
"ASB16-AS1",1,1,1,0,1,1,1,0,1,1
"TMUB2",1,0,2,1,2,1,2,6,3,3
"ATXN7L3",0,0,0,2,2,2,2,1,1,0
"AC004596.1",0,0,0,0,0,0,0,0,0,0
"UBTF",0,1,5,2,0,0,3,4,2,1
"AC003102.1",1,1,0,2,0,0,0,1,0,1
"SLC4A1",0,0,0,0,0,0,0,0,0,0
"AC003043.2",0,0,0,0,0,0,0,0,0,0
"RUNDC3A-AS1",0,1,0,0,1,0,0,0,0,0
"RUNDC3A",3,1,3,4,1,0,1,1,1,1
"SLC25A39",2,1,5,0,2,10,9,8,4,4
"AC003043.1",0,0,0,0,0,0,0,0,0,0
"GRN",1,5,7,4,8,11,7,3,4,5
"FAM171A2",0,2,0,1,0,2,0,1,0,1
"ITGA2B",0,1,0,0,1,0,2,0,0,0
"GPATCH8",27,9,23,15,27,13,31,16,13,45
"FZD2",0,0,1,0,0,0,0,0,0,0
"MEIOC",2,0,0,0,0,0,0,0,0,0
"CCDC43",0,1,0,0,4,1,2,0,1,1
"DBF4B",3,2,2,0,1,0,0,0,1,1
"ADAM11",0,2,1,0,1,0,1,0,0,0
"AC005180.2",0,0,0,0,0,0,0,0,0,0
"AC005180.1",0,0,0,0,0,0,0,0,0,0
"GJC1",3,3,6,5,14,11,7,15,6,5
"HIGD1B",4,5,3,3,10,47,19,35,17,8
"EFTUD2",4,0,3,0,3,0,2,1,1,2
"GFAP",3,4,6,8,13,3,11,15,4,4
"KIF18B",0,0,0,0,0,0,0,0,0,1
"C1QL1",0,0,0,0,1,0,0,0,1,0
"DCAKD",0,0,1,1,1,0,5,2,1,0
"NMT1",2,8,10,6,12,11,6,12,5,8
"PLCD3",0,1,1,0,0,0,0,0,1,1
"ACBD4",3,0,1,0,0,1,0,0,1,1
"AC142472.1",1,0,1,0,0,1,1,1,0,0
"HEXIM1",1,0,2,2,3,0,3,2,2,1
"AC138150.1",1,0,2,0,0,1,2,0,2,2
"HEXIM2",0,0,1,0,1,0,0,0,0,0
"AC138150.2",0,0,0,0,0,0,0,0,0,0
"AC008105.3",0,0,0,0,0,0,0,0,2,1
"FMNL1",0,0,0,1,0,0,0,0,0,1
"AC008105.1",0,0,0,0,0,0,0,0,0,0
"MAP3K14-AS1",0,0,0,0,0,0,0,0,0,0
"SPATA32",0,0,0,0,0,0,0,0,0,0
"MAP3K14",2,1,2,0,3,0,2,1,0,7
"ARHGAP27",0,2,2,2,2,0,2,2,0,2
"PLEKHM1",2,0,0,1,2,1,7,2,2,7
"AC091132.2",0,0,0,0,0,0,0,0,0,3
"AC091132.1",0,0,0,0,0,0,0,0,0,0
"AC091132.5",0,0,0,1,1,1,1,0,0,2
"LINC02210-CRHR1",2,0,3,3,1,0,5,1,1,4
"CRHR1",0,0,0,0,0,0,0,0,0,0
"MAPT-AS1",0,0,0,0,1,0,1,0,0,0
"MAPT",9,5,13,6,13,4,18,2,3,12
"CR936218.2",0,0,0,0,0,0,0,0,0,0
"KANSL1",19,17,20,8,25,11,39,25,23,74
"KANSL1-AS1",2,0,0,0,0,1,4,1,0,1
"ARL17B",21,10,1,0,4,2,18,1,4,13
"LRRC37A",1,0,0,0,2,0,0,2,1,0
"LRRC37A2",1,1,2,0,2,0,9,4,1,5
"ARL17A",0,1,3,3,4,0,0,3,2,7
"NSF",7,7,8,15,21,10,14,3,2,13
"WNT3",0,0,0,0,0,0,0,0,0,0
"WNT9B",0,0,0,0,0,1,0,0,0,0
"AC005670.1",0,0,0,0,1,0,0,0,0,0
"AC005670.2",1,1,1,0,2,0,6,2,1,0
"RPRML",1,0,2,0,0,0,1,0,0,0
"CDC27",5,3,9,5,11,11,19,18,7,20
"AC002558.2",0,0,0,0,0,0,0,0,0,0
"MYL4",0,1,0,0,0,0,0,0,0,0
"AC068234.1",0,0,1,0,1,0,0,2,0,0
"AC068234.3",0,0,0,0,0,0,0,0,0,0
"AC068234.2",0,0,0,0,0,0,0,0,0,0
"EFCAB13",1,1,2,2,2,1,7,1,2,3
"AC040934.1",3,0,0,1,1,1,3,0,1,0
"NPEPPS",9,10,8,5,17,7,17,13,4,20
"AC025682.1",2,3,2,0,2,2,4,2,1,7
"KPNB1",5,9,5,4,10,4,9,6,7,15
"TBKBP1",0,0,0,0,1,2,2,1,1,3
"TBX21",0,0,0,0,0,0,0,0,0,0
"OSBPL7",1,0,1,0,0,0,1,1,1,2
"MRPL10",0,1,1,0,1,0,1,0,1,2
"LRRC46",0,0,1,0,0,0,0,0,0,0
"SCRN2",5,1,3,1,0,3,2,1,1,1
"AC018521.7",0,0,0,0,0,0,0,0,0,0
"SP2",0,1,2,1,1,2,1,0,1,0
"SP2-AS1",3,0,2,1,0,0,2,1,0,2
"PNPO",0,0,0,2,0,0,1,1,0,0
"AC018521.2",0,0,0,0,0,0,0,0,0,0
"PRR15L",0,0,0,0,0,0,0,0,0,0
"CDK5RAP3",2,2,2,0,3,6,8,4,3,8
"AC018521.4",0,0,0,0,0,0,0,0,0,0
"COPZ2",1,0,0,1,0,0,2,1,3,0
"NFE2L1",3,3,3,5,11,6,7,3,8,2
"AC004477.3",1,0,0,0,0,0,0,0,0,0
"CBX1",3,1,2,0,2,4,1,3,1,1
"SNX11",0,0,1,2,0,0,1,1,0,2
"SKAP1",0,0,0,0,1,1,0,0,0,0
"SKAP1-AS1",0,0,0,0,0,0,0,0,0,0
"AC090627.1",0,0,0,0,0,0,0,0,0,0
"AC036222.1",0,0,0,0,0,0,0,0,0,0
"HOXB2",0,0,0,0,0,0,1,0,1,0
"HOXB-AS1",1,0,0,0,0,0,0,2,0,0
"HOXB-AS3",0,0,0,0,1,0,0,0,0,0
"LINC02086",0,0,0,0,0,0,0,0,0,0
"TTLL6",0,0,1,0,0,0,1,0,0,0
"CALCOCO2",4,3,5,1,12,6,12,7,5,13
"ATP5MC1",6,4,5,5,4,3,7,5,3,5
"UBE2Z",1,5,2,4,6,7,5,2,1,2
"SNF8",2,0,1,0,2,3,6,5,0,4
"AC091133.1",0,0,0,0,0,0,0,1,0,0
"GIP",0,0,0,0,0,0,0,0,0,0
"IGF2BP1",0,0,0,0,0,0,0,0,0,0
"AC091133.3",0,0,0,0,0,0,0,0,0,0
"B4GALNT2",0,0,1,0,1,0,0,0,1,0
"GNGT2",0,1,0,0,0,0,0,0,0,0
"ABI3",0,2,0,0,0,0,2,0,0,1
"PHOSPHO1",0,0,1,0,0,0,0,0,0,0
"ZNF652",5,9,8,7,5,9,26,8,4,29
"AC091180.2",0,0,0,0,0,0,0,0,0,1
"AC091180.5",1,0,0,1,0,0,0,0,0,0
"PHB",1,1,4,0,3,3,6,11,5,5
"NGFR",0,0,0,1,0,1,1,0,0,2
"AC006487.1",0,0,0,0,0,0,0,0,0,0
"NXPH3",0,0,1,0,2,0,0,0,0,1
"SPOP",5,6,3,3,8,4,15,6,11,11
"SLC35B1",5,1,1,0,2,4,3,3,2,5
"AC015795.1",0,0,0,0,0,0,0,0,0,0
"FAM117A",0,0,2,0,2,1,0,2,1,1
"KAT7",2,0,3,0,2,1,1,2,2,0
"AC027801.4",0,0,0,0,0,0,0,0,0,0
"TAC4",2,0,2,0,0,0,1,3,1,0
"FLJ45513",0,0,0,0,0,0,0,0,0,0
"AC027801.1",0,0,0,0,0,0,0,0,0,0
"AC027801.3",0,0,0,0,0,0,0,0,0,0
"DLX4",0,0,0,0,0,0,0,0,0,0
"DLX3",0,0,0,0,0,0,0,0,0,0
"AC009720.2",0,0,0,0,0,0,0,0,0,0
"AC009720.1",0,0,0,0,0,0,0,0,0,0
"ITGA3",4,1,1,1,1,2,3,1,1,4
"AC002401.4",0,1,0,0,0,0,0,0,1,0
"PDK2",1,0,2,0,3,3,3,3,1,1
"SAMD14",0,0,0,0,2,0,1,1,1,2
"PPP1R9B",1,0,1,0,0,0,1,1,2,0
"AC002401.1",0,0,0,0,0,0,0,0,0,0
"AC015909.2",0,0,0,0,0,1,0,0,0,0
"AC015909.3",0,0,0,0,0,0,0,0,0,0
"SGCA",0,0,0,0,0,0,0,0,1,1
"COL1A1",0,1,2,0,1,4,2,1,7,14
"AC015909.1",0,0,0,0,0,1,0,0,0,0
"TMEM92",1,0,0,1,0,0,2,1,0,0
"TMEM92-AS1",0,0,0,0,0,0,0,0,0,1
"XYLT2",1,2,1,1,1,1,2,0,0,0
"MRPL27",2,2,2,2,4,2,4,3,0,3
"EME1",0,0,0,0,0,0,0,0,0,0
"LRRC59",0,1,1,1,1,2,1,4,1,1
"ACSF2",1,0,1,0,2,0,4,1,1,6
"CHAD",0,0,0,0,0,0,0,0,0,0
"RSAD1",2,2,0,0,1,0,2,3,2,1
"AC021491.1",0,1,0,1,0,0,0,0,1,0
"MYCBPAP",0,0,1,0,0,0,1,0,1,1
"EPN3",0,0,0,0,0,0,0,0,0,0
"SPATA20",1,1,1,0,2,0,4,1,2,0
"CACNA1G-AS1",0,0,0,0,0,0,0,0,0,0
"CACNA1G",0,0,0,1,0,0,0,0,0,0
"ABCC3",0,0,0,0,0,1,1,0,0,0
"ANKRD40",1,1,0,2,1,4,7,5,4,4
"AC005921.2",0,1,0,2,2,2,3,2,3,1
"LUC7L3",15,9,26,9,33,31,37,28,15,23
"LINC00483",0,0,0,0,0,0,0,0,0,0
"WFIKKN2",0,0,0,0,0,0,0,0,1,0
"AC091062.1",0,0,0,0,0,0,0,0,0,0
"TOB1",0,0,1,1,2,4,11,5,0,7
"AC005920.1",1,0,0,0,0,0,0,0,1,0
"SPAG9",10,5,20,10,10,6,37,17,8,32
"AC005920.2",3,2,3,1,3,2,2,1,2,11
"NME1",0,0,0,0,0,0,0,0,0,0
"NME1-NME2",0,0,0,0,0,0,0,0,0,0
"NME2",0,0,0,0,0,0,0,0,0,0
"MBTD1",2,1,6,5,9,2,13,5,6,16
"UTP18",5,0,0,1,2,1,2,5,2,2
"LINC02071",0,0,0,0,0,0,0,0,0,0
"LINC02072",0,0,0,0,0,0,0,0,0,0
"LINC02073",0,0,0,0,0,0,1,0,0,1
"CA10",2,4,1,2,5,0,5,1,1,5
"LINC01982",0,1,1,0,0,0,1,0,0,1
"LINC02089",0,0,0,0,0,0,0,0,0,0
"TOM1L1",5,2,8,1,4,6,9,7,5,6
"COX11",0,0,1,1,1,2,1,1,2,1
"STXBP4",2,0,2,2,8,7,11,10,5,10
"HLF",8,4,4,2,9,4,8,7,14,6
"AC007638.2",0,0,0,0,0,0,0,0,0,0
"AC007638.1",0,0,0,0,0,0,0,0,0,0
"MMD",1,4,2,3,2,1,7,1,0,0
"SMIM36",0,0,0,0,0,1,0,0,0,0
"TMEM100",0,0,0,0,0,0,3,0,1,6
"PCTP",2,1,1,2,1,1,1,2,1,2
"AC090618.1",0,0,1,0,0,0,0,0,0,0
"ANKFN1",0,0,0,0,1,0,2,0,1,1
"NOG",0,0,0,0,0,0,0,0,0,0
"C17orf67",1,1,1,0,0,1,1,0,1,1
"DGKE",3,5,6,2,5,3,15,4,5,6
"TRIM25",2,2,1,0,0,1,2,0,0,2
"AC015912.3",0,0,0,0,0,0,0,0,0,0
"COIL",2,0,2,2,3,2,7,1,1,2
"AC004584.1",0,1,0,0,0,0,0,0,0,0
"SCPEP1",3,1,6,0,5,0,1,0,3,5
"AC007114.1",0,0,0,0,0,0,0,0,0,1
"AKAP1",1,1,3,0,6,2,1,4,1,4
"AC007114.2",2,2,3,1,0,1,3,0,2,1
"MSI2",14,16,19,7,33,12,29,21,12,46
"AC015845.2",0,1,0,0,0,0,0,0,0,0
"MRPS23",0,0,0,2,1,0,2,1,0,0
"CUEDC1",5,4,3,1,13,2,5,0,3,13
"AC015845.1",0,0,0,0,0,0,0,0,0,0
"AC015813.4",0,0,0,0,0,0,0,0,0,0
"VEZF1",3,4,2,6,5,2,8,3,1,4
"AC015813.2",0,1,0,1,3,0,5,2,2,0
"SRSF1",0,0,0,0,0,0,0,0,0,0
"AC015813.3",0,0,0,0,0,0,0,0,0,0
"DYNLL2",4,5,3,4,3,1,2,4,1,5
"OR4D1",0,0,0,0,0,0,1,0,0,0
"EPX",0,0,0,0,0,0,0,0,0,0
"AC005962.1",0,0,0,0,0,0,0,0,0,0
"MKS1",0,1,0,1,3,0,3,4,0,1
"LPO",0,0,0,0,0,1,1,0,1,0
"MPO",0,0,0,1,0,0,0,0,0,0
"TSPOAP1",0,0,2,0,1,0,1,1,0,2
"TSPOAP1-AS1",0,1,2,1,1,0,0,0,0,3
"AC004687.1",0,0,0,0,0,0,0,0,0,0
"SUPT4H1",0,2,0,1,0,6,5,1,2,1
"RNF43",0,0,0,0,2,1,0,1,2,0
"HSF5",0,0,0,0,0,0,0,0,0,0
"MTMR4",2,1,1,1,1,1,3,2,3,7
"SEPT4-AS1",0,1,1,2,1,0,2,2,0,0
"SEPT4",10,7,5,5,10,2,8,6,4,6
"TEX14",5,1,2,3,0,2,0,1,1,1
"RAD51C",1,1,1,0,3,3,3,3,0,1
"AC025521.1",0,0,0,0,0,0,0,0,0,0
"PPM1E",5,1,4,1,5,1,7,1,1,4
"TRIM37",7,3,4,2,7,1,8,2,2,5
"AC099850.1",0,0,3,1,1,1,0,1,1,2
"SKA2",0,1,3,1,5,1,5,1,4,1
"PRR11",1,0,0,0,0,1,0,0,0,0
"AC099850.2",0,0,2,0,0,0,1,0,0,0
"SMG8",0,0,0,0,0,0,0,0,0,0
"GDPD1",1,1,1,1,1,2,2,1,2,4
"YPEL2",3,7,6,8,9,0,11,3,1,8
"AC091059.1",0,0,0,0,0,0,0,0,0,0
"LINC01476",2,0,2,1,0,0,1,0,1,1
"DHX40",0,3,2,3,1,4,2,0,3,0
"AC091271.1",1,0,1,2,0,0,0,0,1,0
"CLTC",5,4,5,8,22,7,25,18,9,11
"PTRH2",0,1,1,2,4,3,3,3,2,3
"VMP1",12,11,12,8,17,7,23,14,4,27
"TUBD1",2,0,2,4,4,1,5,2,1,4
"RPS6KB1",1,1,3,0,3,0,1,1,1,4
"AC005702.1",0,0,0,0,1,1,0,0,1,1
"RNFT1",2,0,1,1,3,2,0,3,5,3
"RNFT1-DT",0,0,0,0,0,0,0,0,0,0
"HEATR6",1,0,2,0,4,6,2,1,1,5
"AC025048.4",1,0,0,0,0,0,0,0,1,0
"CA4",5,5,11,3,10,3,10,10,10,0
"USP32",9,9,16,9,14,8,14,5,6,27
"C17orf64",0,0,0,0,0,0,0,0,0,0
"APPBP2",6,7,10,7,9,8,10,5,6,20
"AC011921.1",0,0,1,0,1,0,0,2,0,1
"LINC01999",0,0,0,0,0,0,0,0,0,0
"PPM1D",2,0,2,3,2,1,7,5,3,6
"BCAS3",38,16,31,14,43,24,80,26,25,40
"AC005884.1",0,0,0,1,2,1,0,0,1,1
"AC005856.1",0,0,0,0,0,0,0,0,0,0
"AC005746.2",0,0,1,1,0,0,0,1,0,2
"TBX2",0,3,1,1,2,3,6,5,1,1
"C17orf82",0,0,0,0,0,0,0,0,0,0
"TBX4",0,0,0,0,0,0,0,0,0,0
"NACA2",1,0,0,0,1,1,0,2,3,2
"BRIP1",0,0,0,0,0,0,0,1,0,1
"INTS2",1,1,2,2,0,1,5,1,0,1
"MED13",7,10,11,10,14,9,28,11,7,18
"EFCAB3",0,0,1,0,1,2,1,0,0,1
"METTL2A",0,0,0,1,2,2,1,1,0,1
"TLK2",3,4,1,3,11,3,14,8,3,14
"AC080038.2",0,0,0,0,0,0,0,0,0,1
"AC080038.1",0,0,0,0,1,0,0,0,0,1
"MRC2",4,1,5,1,2,4,2,1,11,17
"AC005821.1",0,0,0,0,0,0,0,0,0,1
"MARCH10",0,0,0,0,0,0,1,0,0,1
"AC068512.1",0,0,1,0,0,0,0,0,0,0
"AC005972.4",0,0,1,1,0,0,0,0,0,0
"TANC2",15,7,21,4,23,11,18,13,8,27
"AC006270.1",0,0,1,0,0,0,1,0,0,0
"AC015923.1",6,1,1,3,1,1,0,0,1,3
"AC005828.1",0,0,0,0,0,0,0,0,0,0
"AC005828.3",0,0,0,0,1,0,0,0,0,0
"CYB561",1,0,2,0,1,1,0,0,2,1
"ACE",0,0,0,0,1,0,0,0,0,0
"AC113554.1",0,0,0,0,0,0,0,0,0,0
"KCNH6",0,0,0,0,0,0,0,0,0,0
"DCAF7",3,4,8,0,9,3,8,6,4,7
"TACO1",0,1,0,0,0,1,0,1,1,2
"MAP3K3",7,4,5,4,9,1,6,5,4,3
"STRADA",0,0,0,2,0,0,0,0,1,0
"AC046185.1",0,0,0,0,0,0,0,0,0,0
"CCDC47",1,0,0,0,1,0,2,2,0,4
"DDX42",2,1,0,0,3,2,5,0,1,3
"FTSJ3",0,2,0,1,1,1,4,0,0,2
"PSMC5",2,1,2,1,0,3,3,2,2,1
"SMARCD2",1,0,3,1,5,2,1,2,5,3
"CD79B",0,0,0,0,0,0,0,1,4,1
"SCN4A",1,1,1,0,0,0,2,0,0,1
"AC127029.2",1,0,0,0,0,0,0,0,0,0
"PRR29-AS1",0,0,0,0,0,0,0,0,0,0
"PRR29",0,0,0,0,0,1,0,0,0,0
"ICAM2",9,18,14,10,9,14,55,9,12,9
"ERN1",1,1,2,0,1,1,1,0,1,7
"SNHG25",1,4,4,0,1,2,3,4,0,9
"TEX2",7,1,1,0,3,1,5,1,3,5
"PECAM1",10,16,8,15,8,9,67,9,4,20
"MILR1",0,0,0,0,0,1,1,0,0,1
"POLG2",1,1,1,0,0,0,0,0,0,3
"DDX5",26,21,34,18,36,42,88,58,36,56
"CEP95",1,0,7,0,4,6,6,2,9,1
"SMURF2",5,9,9,2,9,9,16,1,5,21
"LRRC37A3",12,4,3,1,10,6,10,4,4,10
"AC103810.2",0,1,0,0,0,1,0,2,3,1
"AC037487.1",0,0,1,0,0,0,0,0,0,0
"GNA13",1,2,3,1,3,2,5,8,4,5
"AC037487.2",0,0,0,0,0,0,0,0,0,0
"RGS9",0,0,1,0,1,1,0,0,0,2
"AXIN2",1,0,0,0,0,1,2,0,2,3
"AC004805.1",2,1,3,0,0,0,0,0,2,0
"CEP112",17,9,11,15,31,8,38,21,14,18
"APOH",0,0,0,0,0,0,0,0,0,0
"PRKCA",20,10,17,6,35,12,34,20,21,64
"PRKCA-AS1",8,5,4,1,1,5,5,3,2,8
"CACNG5",0,0,0,0,0,0,0,0,0,1
"CACNG4",1,0,1,0,1,0,1,0,0,2
"AC005544.1",0,0,0,0,0,0,0,0,0,0
"CACNG1",0,1,0,0,0,0,0,0,0,0
"HELZ",7,5,9,12,11,7,15,11,11,10
"AC007448.3",1,0,0,0,0,0,0,0,0,0
"PSMD12",2,0,1,1,3,5,5,6,1,5
"PITPNC1",7,22,30,20,30,14,50,29,18,85
"NOL11",1,2,2,0,2,0,2,3,3,1
"BPTF",13,9,18,14,28,18,24,12,19,28
"AC134407.1",0,0,0,0,0,0,0,0,0,0
"C17orf58",0,0,0,0,0,1,1,1,0,0
"KPNA2",1,4,0,0,1,1,0,3,0,0
"AC145343.1",0,0,0,0,0,0,0,0,0,0
"AC005332.7",0,1,0,1,0,1,1,1,0,0
"AC005332.4",1,0,0,0,0,1,1,0,0,1
"AC005332.6",0,0,0,0,1,0,1,0,0,1
"AC005332.8",0,0,0,1,0,0,1,0,0,0
"AC005332.3",0,0,0,0,0,0,1,0,1,0
"AC005332.5",0,0,0,0,0,2,1,1,0,0
"AC005332.1",0,0,0,0,0,0,0,0,0,0
"AMZ2",2,3,1,0,1,1,1,2,3,2
"ARSG",7,6,8,4,3,3,11,5,1,12
"SLC16A6",3,3,5,4,0,0,8,3,0,1
"WIPI1",6,3,11,3,3,1,9,6,3,10
"PRKAR1A",10,9,6,11,16,13,21,17,17,22
"FAM20A",4,4,5,2,3,2,3,8,2,52
"AC079210.1",1,0,0,0,0,0,1,0,0,6
"LINC01482",3,1,1,0,5,0,0,2,2,18
"AC011591.1",0,0,0,0,0,0,0,0,0,0
"ABCA8",60,9,42,3,44,16,21,35,28,47
"ABCA9-AS1",15,5,25,0,17,7,5,3,3,11
"ABCA9",30,9,36,1,44,7,15,26,29,21
"ABCA6",20,1,15,2,9,4,13,15,11,14
"ABCA10",26,2,7,5,11,2,2,10,17,5
"ABCA5",2,4,6,4,7,3,14,9,10,11
"MAP2K6",1,2,2,3,5,2,10,3,5,5
"AC002546.1",0,2,1,1,1,1,4,2,2,1
"LINC01483",0,0,0,0,0,0,2,0,2,1
"LINC01497",0,0,0,0,0,0,0,0,0,0
"AC005208.1",1,0,1,0,1,1,0,0,1,0
"KCNJ16",0,0,0,0,1,0,0,0,2,0
"KCNJ2-AS1",1,0,0,0,0,0,0,0,0,0
"KCNJ2",3,0,1,4,2,1,10,2,0,10
"AC011990.1",0,0,1,0,0,0,0,0,0,1
"CASC17",0,0,0,0,0,0,0,0,0,0
"AC005144.1",0,0,0,0,0,0,0,0,0,0
"ROCR",0,0,0,0,0,0,0,0,0,0
"LINC01152",0,0,0,0,0,0,0,0,1,0
"LINC02097",0,0,0,0,0,0,0,0,0,0
"SOX9",1,0,1,0,2,0,2,0,1,1
"LINC00511",2,0,1,2,4,0,3,1,2,9
"LINC02003",0,0,0,0,0,0,0,0,0,0
"AC007639.1",0,0,0,0,0,0,0,0,0,0
"SLC39A11",10,7,5,6,16,1,19,11,6,46
"SSTR2",0,1,3,0,1,6,9,9,3,6
"COG1",0,0,1,0,0,2,0,3,1,2
"AC097641.2",0,0,0,0,0,0,0,0,0,0
"FAM104A",2,1,1,1,2,2,2,0,1,4
"C17orf80",0,0,1,0,2,0,1,0,3,1
"CPSF4L",0,0,0,0,0,0,0,0,0,0
"CDC42EP4",3,4,3,4,4,6,8,7,14,7
"SDK2",1,0,0,0,3,1,1,2,0,3
"AC124804.1",0,0,0,0,0,0,0,0,0,0
"AC125421.1",0,0,0,0,0,0,0,0,0,0
"LINC00469",0,0,0,0,0,0,0,0,0,0
"LINC02092",0,0,0,0,0,0,0,0,0,0
"AC137735.1",0,0,0,0,0,0,0,0,1,0
"LINC02074",0,0,0,0,0,0,0,0,0,0
"RPL38",4,7,12,3,13,18,25,26,13,7
"AC100786.1",0,0,0,0,0,0,1,0,0,0
"TTYH2",4,4,0,2,8,4,10,4,5,6
"AC100786.2",0,0,0,0,0,0,0,0,0,0
"DNAI2",0,0,0,0,0,0,0,1,0,0
"KIF19",0,2,0,2,1,0,6,0,0,0
"BTBD17",0,0,0,1,2,0,1,0,0,0
"GPRC5C",6,1,0,0,8,11,0,4,2,6
"CD300A",0,0,0,0,1,0,0,0,0,0
"CD300LB",0,0,0,0,0,0,0,0,0,0
"CD300C",0,0,0,0,0,0,0,0,0,0
"C17orf77",0,0,0,0,0,0,0,0,0,0
"AC064805.1",0,0,0,0,0,0,0,0,0,0
"CD300E",0,0,0,0,0,0,0,0,0,0
"RAB37",0,0,2,0,3,1,1,1,0,3
"AC064805.2",0,0,0,0,0,0,0,0,0,0
"CD300LF",0,0,0,0,0,0,0,0,0,0
"SLC9A3R1",1,0,1,0,2,4,0,4,2,1
"NAT9",0,3,2,0,5,1,2,1,3,7
"TMEM104",0,1,3,1,0,1,0,0,1,3
"GRIN2C",0,0,0,0,0,1,0,0,1,1
"FDXR",0,0,1,0,0,0,1,0,1,0
"FADS6",0,0,0,0,0,0,0,0,0,0
"OTOP2",0,0,0,0,0,0,0,0,0,0
"OTOP3",1,0,0,0,0,0,0,0,0,0
"HID1",1,6,3,3,3,0,9,0,1,7
"HID1-AS1",1,0,0,0,0,0,0,0,0,0
"CDR2L",2,2,2,2,1,0,3,0,2,0
"MRPL58",1,1,1,1,0,2,2,0,0,1
"KCTD2",1,0,6,0,1,0,2,1,2,2
"ATP5PD",2,3,2,2,1,1,10,5,5,3
"SLC16A5",0,0,0,0,0,0,0,0,0,1
"ARMC7",0,0,1,0,2,0,0,2,1,0
"NT5C",5,1,2,1,2,1,2,2,2,5
"JPT1",3,0,0,0,2,1,2,1,2,0
"SUMO2",0,1,0,0,1,1,2,2,0,0
"NUP85",5,0,2,2,3,1,3,0,7,4
"GGA3",2,0,3,0,1,3,1,0,0,2
"MRPS7",2,2,2,2,4,2,7,1,2,5
"MIF4GD",0,1,1,3,0,1,1,0,0,1
"AC022211.2",0,0,0,0,0,1,0,0,0,0
"SLC25A19",0,0,1,1,0,1,2,0,0,0
"GRB2",2,3,7,3,9,2,10,4,4,27
"AC011933.4",0,1,3,2,5,2,6,1,0,20
"AC011933.3",0,0,0,0,0,0,0,0,0,0
"TMEM94",3,0,4,3,5,1,4,3,0,4
"CASKIN2",0,5,3,3,8,2,7,2,2,1
"TSEN54",3,1,0,0,0,2,2,4,1,7
"LLGL2",4,1,5,0,2,1,4,1,1,1
"MYO15B",1,0,2,1,11,2,8,2,2,4
"RECQL5",0,0,2,0,0,0,2,0,0,2
"SMIM5",2,0,0,0,0,0,0,0,0,0
"SMIM6",0,0,0,0,1,0,1,0,0,0
"SAP30BP",4,7,1,6,5,0,2,3,4,1
"ITGB4",2,3,2,0,1,0,4,2,1,0
"GALK1",2,1,0,1,0,0,0,1,0,0
"H3F3B",53,44,20,17,35,57,63,64,35,46
"UNK",2,2,4,2,3,3,4,2,3,9
"UNC13D",0,0,1,1,0,1,0,1,1,1
"WBP2",5,10,4,3,4,8,5,8,2,11
"TRIM47",0,1,2,1,4,1,2,1,1,2
"AC087289.5",0,1,0,0,0,0,0,0,0,0
"TRIM65",0,0,0,1,2,1,2,1,1,1
"AC087289.2",0,0,0,0,0,0,0,0,0,0
"MRPL38",0,0,0,0,0,1,0,1,0,0
"AC087289.3",0,0,1,0,0,0,0,0,0,0
"FBF1",2,2,0,2,3,0,1,1,0,2
"ACOX1",1,4,6,1,1,0,4,5,1,5
"TEN1",1,0,0,0,2,1,0,0,0,0
"CDK3",1,0,2,1,0,0,1,0,1,3
"EVPL",0,0,0,0,0,0,0,0,0,0
"SRP68",0,1,5,3,2,1,1,2,1,3
"ZACN",0,0,0,0,0,0,0,0,0,0
"EXOC7",4,1,3,1,3,0,4,3,2,3
"FOXJ1",0,0,0,0,0,0,0,0,0,0
"RNF157-AS1",0,0,0,0,0,0,0,0,0,0
"RNF157",1,2,4,1,4,1,1,1,1,1
"UBALD2",1,4,1,0,3,1,3,2,1,1
"QRICH2",3,0,0,0,2,0,0,2,1,3
"PRPSAP1",3,0,5,4,7,0,2,1,3,7
"SPHK1",1,0,0,0,0,1,0,0,2,1
"UBE2O",1,0,1,0,6,0,5,2,0,5
"AANAT",0,0,0,0,0,0,0,0,0,0
"RHBDF2",0,1,1,1,1,0,1,1,0,10
"CYGB",1,0,1,0,0,0,0,0,0,0
"PRCD",1,1,0,2,0,0,2,1,0,3
"AC015802.4",0,0,0,0,0,0,0,0,0,2
"AC015802.6",0,0,0,0,0,0,0,0,0,0
"ST6GALNAC2",1,0,0,0,0,0,0,0,0,1
"ST6GALNAC1",0,6,0,0,4,0,1,1,2,0
"AC005837.1",0,0,0,0,0,0,0,0,0,0
"MXRA7",4,3,1,1,2,2,6,4,7,5
"AC005837.3",0,0,0,0,0,0,0,0,0,0
"JMJD6",2,2,2,2,1,1,6,4,0,2
"METTL23",0,1,0,0,0,0,0,0,0,0
"AC005837.2",0,0,0,0,0,0,1,0,0,0
"SRSF2",2,7,12,9,11,11,20,14,5,10
"MFSD11",4,1,6,1,11,5,7,10,1,11
"LINC02080",0,0,0,0,1,0,0,1,0,0
"LINC00868",0,0,1,0,0,0,0,0,0,0
"MGAT5B",1,1,3,1,1,1,1,0,0,0
"SEC14L1",12,25,16,7,14,5,47,24,14,23
"AC068594.1",1,0,0,0,0,0,0,0,0,0
"SEPT9",3,5,9,6,4,8,12,5,3,10
"AC111182.1",0,0,0,0,0,0,1,0,0,1
"AC111170.1",0,0,0,0,0,0,0,0,0,0
"AC021683.3",0,0,0,0,0,0,0,0,0,0
"AC021683.2",0,1,1,0,1,0,0,1,0,0
"AC021683.1",0,0,0,0,0,1,0,0,0,0
"TNRC6C",8,10,8,4,16,4,15,11,12,11
"TMC6",4,5,2,3,1,5,9,0,3,3
"TMC8",0,0,0,0,1,0,0,0,0,0
"C17orf99",0,0,0,0,0,0,1,0,0,0
"SYNGR2",1,6,5,3,4,9,23,4,4,5
"TK1",0,0,0,0,0,0,3,0,0,0
"AFMID",5,4,4,2,2,1,9,1,0,7
"BIRC5",0,0,0,0,0,0,0,0,0,0
"TMEM235",1,1,0,0,4,0,3,0,0,2
"LINC01993",0,0,0,0,0,0,0,0,0,0
"AC087645.2",0,0,0,0,0,0,0,0,0,0
"SOCS3",0,5,1,5,1,5,14,18,0,3
"AC061992.1",0,1,0,0,0,0,0,1,0,1
"PGS1",0,1,1,1,3,2,2,2,1,1
"DNAH17",2,1,5,0,0,0,1,0,1,3
"LINC02081",0,0,0,0,0,0,0,0,0,0
"CYTH1",2,11,7,6,7,2,13,5,5,17
"USP36",1,1,2,2,4,0,1,1,1,2
"TIMP2",18,3,7,1,10,8,9,7,5,19
"AC100788.1",0,0,0,0,0,0,0,0,0,0
"LGALS3BP",2,0,7,2,3,1,4,6,3,3
"CANT1",1,0,3,0,1,1,0,0,1,1
"C1QTNF1-AS1",0,0,0,0,0,0,0,0,0,0
"C1QTNF1",0,3,1,2,1,12,3,1,3,1
"ENGASE",0,0,2,2,1,1,0,2,0,2
"RBFOX3",2,0,3,1,4,0,0,1,0,0
"LINC02078",0,0,0,0,0,0,0,0,0,0
"CBX2",0,0,0,0,0,0,0,0,0,0
"CBX8",0,0,0,0,0,0,1,0,0,0
"LINC01977",0,0,0,0,0,0,0,0,0,0
"CBX4",0,0,0,0,0,0,4,0,1,0
"LINC01979",0,0,0,0,0,0,0,0,0,0
"LINC01978",0,0,0,0,0,0,0,0,0,0
"TBC1D16",2,4,1,2,4,2,8,3,3,7
"AC100791.3",0,0,0,0,0,0,0,0,0,0
"CCDC40",2,0,1,0,2,0,1,0,1,1
"GAA",2,1,2,0,1,1,1,0,1,2
"EIF4A3",1,0,0,1,0,3,4,0,2,3
"AC087741.2",0,0,0,0,0,0,0,0,0,0
"CARD14",0,0,0,0,1,0,0,0,0,0
"AC087741.1",0,0,0,0,0,0,1,0,0,0
"SGSH",0,0,0,0,0,1,1,2,1,0
"SLC26A11",3,2,1,1,5,1,0,1,2,3
"RNF213",7,6,12,3,13,4,13,6,7,8
"AC124319.3",0,0,0,0,0,0,0,0,0,0
"AC124319.2",2,1,1,0,2,0,4,1,2,1
"ENDOV",1,0,1,2,2,1,2,4,1,1
"AC120024.1",0,0,0,0,0,0,0,0,0,0
"NPTX1",2,1,1,1,1,0,1,0,0,1
"RPTOR",4,1,3,3,2,1,7,8,4,6
"AC127496.1",0,0,0,0,0,0,0,1,0,0
"CHMP6",0,2,0,0,1,0,5,0,0,2
"AC127496.5",0,0,0,0,0,0,0,0,0,0
"AC127496.2",0,0,0,0,0,0,0,0,0,0
"BAIAP2-DT",0,0,0,0,1,0,0,0,1,2
"BAIAP2",1,1,2,4,2,1,7,4,4,0
"AATK",2,6,1,6,4,2,7,2,0,4
"PVALEF",1,0,0,0,0,0,0,0,0,1
"CEP131",0,0,1,0,0,0,0,1,0,1
"TEPSIN",0,1,2,0,0,2,3,0,1,1
"NDUFAF8",3,1,1,1,4,2,6,2,0,3
"SLC38A10",2,1,5,0,4,3,6,3,1,4
"AC027601.4",0,0,0,0,0,0,0,0,2,0
"LINC00482",1,2,4,0,1,0,2,0,0,0
"TMEM105",1,0,0,0,0,1,0,2,0,0
"AC027601.3",0,0,0,0,1,1,0,1,0,0
"AC110285.6",2,0,0,0,0,0,2,1,1,0
"AC110285.3",0,0,0,0,0,0,0,0,1,0
"AC110285.1",2,4,3,1,0,0,3,1,1,3
"AC110285.5",0,0,0,0,0,0,0,0,1,0
"AC110285.2",2,2,0,0,0,0,1,0,1,3
"BAHCC1",1,3,3,0,1,0,1,2,3,1
"LINC01971",0,0,0,0,0,0,0,0,0,0
"ACTG1",14,36,16,15,24,28,68,26,21,58
"AC139149.1",1,0,0,0,0,1,0,1,0,1
"FSCN2",0,0,0,0,0,0,0,0,0,0
"FAAP100",0,1,0,0,0,0,0,0,1,1
"NPLOC4",2,2,4,1,6,3,8,5,2,6
"TSPAN10",1,1,0,0,0,0,0,1,0,0
"PDE6G",0,0,0,0,0,0,0,0,0,0
"OXLD1",1,1,1,2,2,1,1,3,2,4
"CCDC137",1,0,4,0,4,2,5,1,0,4
"ARL16",1,2,0,0,2,1,1,5,1,4
"HGS",0,0,5,5,2,2,6,0,1,2
"AC139530.3",0,0,0,0,0,0,0,0,0,0
"AC139530.1",0,2,1,0,0,0,1,0,2,2
"AC139530.2",1,0,0,0,0,0,0,0,0,0
"SLC25A10",0,0,0,0,0,0,0,0,0,0
"GCGR",0,0,0,0,0,0,0,0,0,0
"MCRIP1",4,1,1,3,2,8,4,11,3,4
"PPP1R27",0,0,0,0,0,0,0,0,0,0
"P4HB",5,5,1,4,2,6,8,9,3,7
"AC145207.3",0,0,0,0,0,0,0,0,0,0
"ARHGDIA",4,8,5,5,5,1,14,7,5,8
"AC145207.2",0,0,0,0,0,0,0,0,0,0
"AC145207.5",0,0,0,0,1,0,1,0,0,1
"AC145207.6",0,0,0,0,0,0,0,0,0,0
"ALYREF",0,0,0,0,0,0,0,0,0,0
"ANAPC11",7,1,5,0,2,3,10,4,6,6
"NPB",0,0,0,0,0,0,0,0,0,1
"PCYT2",1,0,2,0,1,0,0,0,3,3
"SIRT7",3,0,2,1,2,0,3,1,0,5
"MAFG",1,1,0,1,1,1,1,1,1,2
"MAFG-DT",0,0,0,0,1,0,0,2,1,0
"PYCR1",0,0,0,0,0,0,1,1,0,0
"MYADML2",0,0,0,0,0,0,0,0,0,0
"AC145207.1",0,0,0,0,0,0,0,0,0,0
"NOTUM",1,0,0,0,0,0,0,0,0,1
"ASPSCR1",1,1,2,1,1,0,0,0,3,3
"CENPX",1,1,6,1,2,2,0,1,1,2
"LRRC45",0,0,1,0,0,0,0,0,0,0
"RAC3",1,1,0,0,0,0,0,0,0,0
"DCXR",4,3,2,0,3,8,5,7,3,6
"AC137723.1",0,0,0,0,0,0,0,0,0,0
"RFNG",1,1,0,0,2,2,2,0,1,3
"GPS1",2,4,0,2,1,6,4,5,1,0
"DUS1L",1,1,1,0,1,1,3,1,2,0
"FASN",1,3,0,0,2,1,3,3,0,3
"CCDC57",2,0,2,1,3,1,1,1,1,3
"AC129510.2",0,0,0,0,0,0,0,0,0,0
"AC132872.2",0,0,0,0,0,0,0,0,0,0
"SLC16A3",1,0,1,0,0,1,11,1,0,1
"CSNK1D",0,2,3,2,3,2,9,3,3,4
"LINC01970",0,0,0,0,1,0,0,0,0,0
"AC132872.1",2,0,0,0,0,0,1,2,0,0
"CD7",0,0,0,0,0,0,0,0,0,0
"SECTM1",0,0,0,0,0,0,0,0,0,0
"AC132938.1",0,0,0,0,0,0,0,0,0,0
"OGFOD3",0,0,1,2,1,1,2,3,0,2
"HEXDC",3,1,0,1,1,1,3,0,1,2
"CYBC1",0,2,2,2,3,1,2,1,2,2
"AC132938.3",0,0,0,0,0,0,0,0,0,0
"NARF",8,3,4,6,2,2,12,1,0,8
"NARF-AS1",0,0,0,0,0,0,0,0,0,0
"FOXK2",7,2,6,2,11,3,8,4,3,12
"AC124283.1",0,0,0,0,0,0,0,0,0,0
"WDR45B",1,1,2,2,4,1,9,7,1,8
"RAB40B",6,6,4,2,5,3,7,0,0,5
"AC024361.2",0,1,0,0,0,0,0,0,0,0
"FN3KRP",0,1,0,2,2,1,1,1,1,1
"AC024361.3",0,0,0,0,0,0,0,0,0,0
"FN3K",2,2,10,0,1,0,1,1,0,0
"TBCD",9,7,7,4,4,3,12,4,4,5
"ZNF750",0,0,0,0,0,0,0,0,0,0
"B3GNTL1",0,0,2,0,0,0,1,0,0,1
"METRNL",0,0,0,0,2,0,1,0,0,0
"AC130371.2",0,0,0,0,0,0,0,0,0,0
"AC144831.1",0,0,0,0,0,0,0,0,0,0
"AC139099.2",0,0,0,0,0,0,0,0,0,0
"AC139099.3",0,0,0,0,2,0,0,0,0,0
"AP005530.1",0,0,0,0,0,0,0,0,0,0
"AP001005.3",0,0,0,0,0,0,0,0,0,0
"USP14",4,2,6,0,6,6,4,7,2,7
"THOC1",9,3,7,0,6,3,7,8,2,10
"AP000845.1",0,0,0,0,0,0,0,0,0,0
"AP000915.1",1,0,0,0,0,0,0,0,0,0
"COLEC12",81,12,37,17,26,10,13,25,29,15
"LINC01925",0,0,0,0,0,0,0,0,0,0
"CLUL1",1,1,2,0,2,0,0,1,0,0
"AP001178.3",0,0,0,0,1,0,0,0,0,0
"TYMS",1,1,1,0,1,0,0,0,0,1
"ENOSF1",8,5,7,0,7,3,3,4,3,6
"YES1",4,8,5,3,8,7,16,8,6,9
"AP001020.3",0,0,0,0,0,0,1,0,0,0
"AP001020.1",0,0,0,0,0,0,0,0,0,0
"AP000894.4",0,0,0,0,0,0,0,1,0,0
"AP000894.3",0,0,0,0,0,0,1,0,0,0
"ADCYAP1",0,0,0,0,0,0,0,0,0,0
"AP005328.2",0,0,0,0,0,0,0,0,0,0
"AP005328.1",1,0,0,1,0,0,2,0,0,0
"LINC00470",0,0,0,0,0,0,0,0,0,0
"AC008109.1",0,0,0,0,0,1,0,0,0,0
"AC019183.1",0,0,0,0,0,0,0,0,0,0
"AP005230.1",0,0,0,0,0,0,0,0,0,0
"METTL4",1,0,0,1,3,0,6,2,0,5
"NDC80",1,0,0,0,0,0,1,0,0,1
"SMCHD1",16,17,12,6,19,8,43,17,9,23
"AP001011.1",7,3,6,0,2,0,9,1,1,7
"EMILIN2",0,1,1,1,1,1,2,0,0,2
"LPIN2",0,0,2,2,3,0,5,4,1,9
"AP000919.2",0,0,2,0,1,0,1,1,0,0
"AP000919.3",0,0,1,0,0,0,0,0,0,0
"MYOM1",1,2,1,1,1,1,0,1,1,3
"AP005329.2",1,0,0,0,1,0,1,1,1,4
"AP005329.3",0,0,0,0,0,0,0,0,0,0
"MYL12A",1,6,8,2,5,11,36,25,10,13
"AP005329.1",0,0,0,0,0,0,0,0,0,0
"MYL12B",3,8,6,3,8,3,43,16,6,12
"AP001025.1",0,1,0,0,0,0,0,0,0,0
"TGIF1",1,1,1,0,0,1,2,4,0,2
"GAPLINC",0,0,0,0,0,0,0,0,0,0
"DLGAP1",13,15,46,11,21,2,16,9,6,21
"DLGAP1-AS1",1,1,0,0,0,1,0,2,0,1
"DLGAP1-AS2",0,0,0,0,1,0,0,0,0,1
"AP002478.1",0,0,0,0,0,0,0,0,0,0
"DLGAP1-AS3",0,0,0,0,0,0,0,0,0,1
"DLGAP1-AS4",0,0,2,0,0,0,0,0,0,1
"DLGAP1-AS5",0,0,0,0,1,0,0,0,0,0
"AP005203.1",0,0,0,0,0,0,0,0,0,1
"AKAIN1",0,0,0,0,0,0,0,0,0,0
"AP001496.2",0,0,0,0,0,0,0,0,0,0
"LINC00667",3,1,1,1,1,3,3,0,2,1
"ZBTB14",1,0,0,0,1,3,2,1,0,0
"AP001496.1",0,0,0,0,0,0,0,0,0,0
"AP005671.1",0,0,0,0,0,0,0,0,0,0
"EPB41L3",18,4,12,9,17,3,9,8,15,12
"AP005059.2",0,0,0,0,0,0,0,0,0,0
"AP005059.1",0,0,1,1,3,0,0,3,3,1
"MIR3976HG",0,0,0,0,1,0,0,0,0,0
"TMEM200C",0,1,1,0,0,1,1,1,0,2
"AP005433.1",2,0,0,0,0,0,4,2,1,1
"L3MBTL4",13,9,9,8,13,8,14,8,7,25
"AP001021.1",0,0,0,0,0,0,0,0,0,0
"AP001021.2",0,3,3,0,2,2,1,1,0,4
"L3MBTL4-AS1",0,0,0,0,0,0,0,0,0,0
"LINC01387",0,0,0,0,0,0,0,0,0,0
"AP005205.2",0,0,0,0,0,0,0,0,0,0
"ARHGAP28",2,1,1,0,1,0,0,1,0,3
"AP005210.1",0,0,0,0,0,0,0,0,0,0
"LAMA1",2,0,2,0,0,0,1,1,2,0
"AP005062.1",0,0,0,0,0,0,0,1,0,0
"PTPRM",35,15,30,17,55,21,135,28,22,70
"AP000897.2",0,0,0,0,0,0,0,0,0,0
"RAB12",4,2,2,3,2,2,6,8,2,5
"GACAT2",0,0,0,0,0,0,0,0,0,0
"MTCL1",0,1,1,0,1,0,2,1,1,0
"NDUFV2",4,6,3,2,3,6,13,13,5,3
"AP005899.1",0,0,0,0,2,0,0,0,0,0
"NDUFV2-AS1",1,0,1,0,0,0,0,3,0,1
"ANKRD12",14,15,21,15,30,30,57,35,27,47
"AP001033.1",0,0,1,1,0,0,1,0,0,1
"TWSG1",3,2,4,2,3,6,5,2,1,4
"AP005432.2",0,0,0,0,0,0,0,0,0,0
"RALBP1",5,0,0,1,5,1,5,2,0,7
"PPP4R1",6,4,8,3,5,2,13,9,4,6
"AP001381.1",0,0,0,0,0,0,0,0,0,0
"PPP4R1-AS1",0,0,0,0,0,0,0,0,0,0
"RAB31",1,2,3,4,5,2,0,3,6,4
"VAPA",9,8,12,9,16,9,32,19,12,25
"AP005209.1",0,0,0,0,0,0,0,0,0,0
"APCDD1",3,1,11,1,8,1,10,2,5,49
"NAPG",5,1,8,1,5,5,8,3,5,12
"AP001099.1",0,0,0,0,0,0,0,0,0,0
"LINC01887",0,0,0,0,0,0,0,0,0,0
"PIEZO2",5,2,2,5,9,2,10,2,4,13
"AP001180.4",0,0,0,0,0,0,0,0,0,0
"AP005120.1",1,0,0,0,0,0,0,0,0,0
"AP005229.1",0,0,0,0,0,0,0,0,0,0
"AP001109.1",0,0,0,0,0,0,0,0,0,0
"GNAL",1,0,4,2,2,0,2,2,1,38
"CHMP1B-AS1",0,0,0,0,0,0,0,0,0,0
"MPPE1",4,0,3,0,0,1,2,1,1,0
"AP001269.4",1,0,0,0,0,0,0,0,0,0
"AP001269.2",0,0,0,0,0,0,0,0,0,0
"IMPA2",1,0,0,0,2,1,1,0,0,1
"AP001269.1",0,0,0,0,0,0,0,0,0,0
"ANKRD62",0,0,0,0,1,1,0,0,0,4
"AP005264.4",0,0,0,0,0,0,0,0,0,0
"CIDEA",0,0,0,0,0,0,0,0,0,0
"AP005264.1",0,0,0,0,0,0,0,0,0,0
"TUBB6",0,6,2,2,3,6,12,6,1,13
"AFG3L2",1,1,2,0,1,0,1,4,1,1
"PRELID3A",0,1,1,2,0,0,1,1,0,0
"AP001029.1",0,0,0,0,0,0,0,0,0,0
"AP001029.2",0,0,0,0,0,0,1,0,0,0
"SPIRE1",7,6,6,5,6,2,9,8,3,16
"PSMG2",2,1,7,1,4,6,11,9,5,10
"CEP76",2,1,1,0,2,0,3,1,1,0
"AP005482.1",0,0,0,0,0,0,1,0,0,1
"PTPN2",1,0,5,1,4,3,9,4,6,7
"SEH1L",0,1,2,0,1,2,3,4,0,4
"AP002449.1",0,0,0,0,0,0,0,0,0,0
"CEP192",5,3,3,5,1,3,9,0,4,10
"AP001198.1",0,0,0,0,0,0,0,0,0,0
"LDLRAD4",27,9,16,2,22,6,19,9,14,20
"AP002505.1",0,0,0,0,0,0,0,0,0,0
"AP002439.1",0,0,0,0,0,0,0,0,0,0
"LDLRAD4-AS1",0,0,0,0,0,0,0,0,1,0
"AP005131.5",0,0,0,0,0,0,0,0,0,0
"AP005131.1",1,0,0,0,0,0,0,0,0,0
"AP005131.3",0,0,1,0,0,0,0,0,0,0
"AP001010.1",0,0,0,0,0,0,0,0,0,0
"FAM210A",1,3,1,1,1,2,4,0,2,4
"RNMT",9,9,9,4,15,3,15,13,6,17
"MC5R",0,0,0,0,0,0,0,0,0,0
"MC2R",0,0,0,0,0,0,0,0,0,0
"ZNF519",2,0,0,0,1,1,2,0,1,0
"POTEC",0,0,0,0,0,0,0,0,0,0
"ANKRD30B",0,0,0,0,3,0,0,1,0,1
"AP006565.1",0,0,1,1,0,2,0,1,3,0
"LINC01906",0,0,0,0,0,0,0,0,0,0
"AP005121.1",0,0,0,0,0,0,0,0,0,0
"LINC01443",0,0,0,0,0,0,0,0,0,1
"LINC01444",0,0,0,0,0,0,0,0,0,0
"AP005242.1",0,0,0,0,0,0,0,0,0,0
"AP005901.2",0,0,0,0,0,0,0,0,0,0
"ROCK1",9,3,12,4,16,9,13,22,8,19
"AC022809.1",0,0,0,0,0,0,0,0,0,0
"GREB1L",5,2,3,3,2,3,6,1,3,4
"AC015878.1",0,0,1,1,1,0,0,0,1,1
"ESCO1",4,4,4,0,5,5,6,2,2,4
"SNRPD1",1,2,1,0,0,2,2,4,5,5
"ABHD3",2,2,1,0,6,4,4,3,4,10
"AC106037.2",0,0,0,0,0,0,0,0,0,0
"MIB1",3,2,5,8,9,21,12,10,5,10
"MIR133A1HG",0,0,0,0,0,0,0,0,0,0
"AC103987.2",0,0,0,0,0,0,0,0,0,0
"LINC01900",0,0,1,0,0,0,0,0,0,0
"GATA6",0,0,0,0,0,0,0,0,1,0
"AC091588.2",0,0,0,0,0,1,0,0,0,0
"CTAGE1",2,0,0,0,0,0,1,0,0,0
"AC090912.1",0,0,0,0,1,0,0,1,0,0
"RBBP8",2,0,0,2,0,0,3,2,0,4
"CABLES1",2,1,1,0,4,1,1,3,1,4
"TMEM241",3,3,4,1,3,3,2,0,0,1
"RIOK3",5,2,6,2,3,3,8,3,2,5
"RMC1",1,0,5,3,3,1,7,1,1,3
"NPC1",6,10,8,5,12,3,23,7,1,15
"ANKRD29",2,1,3,1,5,1,4,2,2,1
"LAMA3",8,6,9,0,7,2,15,1,1,3
"AC010754.1",0,0,0,0,0,0,0,0,0,0
"TTC39C",5,1,2,0,1,1,0,0,0,1
"TTC39C-AS1",0,0,0,0,0,0,0,0,0,0
"AC090772.2",0,0,1,0,0,0,0,0,0,1
"AC090772.1",0,0,0,0,0,0,0,1,0,0
"CABYR",1,0,0,0,0,0,2,0,0,0
"AC090772.3",0,0,0,0,1,0,0,0,0,0
"OSBPL1A",11,10,14,7,11,4,17,4,9,18
"AC023983.1",0,0,0,0,1,0,1,0,0,1
"AC023983.2",0,0,0,0,0,0,0,0,0,0
"IMPACT",1,1,1,1,0,0,2,5,3,1
"HRH4",0,0,0,0,0,1,0,0,0,0
"AC007922.3",0,0,0,0,0,0,0,0,0,0
"LINC01915",0,0,0,0,0,0,0,0,0,0
"AC018697.1",0,0,0,0,0,0,0,0,0,0
"LINC01894",0,0,0,0,0,0,0,0,0,0
"ZNF521",5,2,1,3,5,3,5,1,2,5
"SS18",3,2,4,3,7,3,12,8,7,9
"PSMA8",0,0,0,0,0,0,0,0,0,0
"TAF4B",1,0,2,2,0,0,2,0,0,3
"KCTD1",2,3,7,2,5,0,8,13,4,7
"AQP4-AS1",1,4,4,1,10,0,1,2,0,0
"PCAT18",0,0,0,0,0,0,0,0,0,0
"AQP4",1,2,0,2,9,1,10,1,0,3
"CHST9",0,1,1,0,3,0,3,0,1,1
"LINC01908",0,0,0,0,0,0,0,0,0,0
"AC090403.1",0,0,0,0,1,0,0,0,0,0
"AC021382.1",0,0,0,0,0,0,0,0,0,0
"AC068408.1",0,0,0,0,0,0,0,0,0,0
"CDH2",1,6,12,5,12,5,23,22,7,13
"AC110015.1",0,0,0,0,0,0,0,0,0,0
"AC074237.1",0,0,0,0,0,0,0,0,0,0
"DSC3",0,1,0,0,0,0,0,0,0,0
"DSC2",0,0,0,0,1,0,0,0,0,0
"DSCAS",0,0,0,0,0,0,0,0,0,0
"DSC1",0,0,0,0,0,0,0,0,0,0
"DSG1",0,0,0,0,0,0,0,0,0,0
"DSG1-AS1",0,0,0,0,0,0,0,0,0,0
"DSG4",0,0,0,0,0,0,0,0,1,1
"DSG3",1,0,0,0,0,1,0,0,0,0
"DSG2",0,0,0,0,0,0,0,0,0,1
"DSG2-AS1",0,0,0,0,0,0,0,0,0,0
"TTR",0,0,0,0,0,0,0,2,0,0
"B4GALT6",2,0,1,1,2,0,1,2,0,0
"AC017100.1",0,0,0,0,0,0,0,0,0,0
"TRAPPC8",3,3,1,1,4,4,16,10,7,6
"AC022960.1",0,0,0,0,0,0,0,0,0,0
"AC009831.1",0,0,0,0,0,0,0,0,0,0
"RNF125",1,2,3,2,2,0,2,1,1,2
"AC011825.4",0,0,0,0,0,0,0,0,0,0
"RNF138",4,2,2,1,4,0,3,1,1,5
"AC011825.2",0,0,0,0,0,0,0,0,0,1
"GAREM1",8,3,7,9,8,2,0,5,2,12
"MEP1B",0,0,0,0,0,0,0,0,0,0
"AC015563.2",0,0,0,0,0,0,0,0,0,0
"AC025887.2",3,0,0,0,0,0,0,0,0,1
"KLHL14",0,0,0,0,0,0,0,0,0,2
"AC090371.2",0,0,0,0,0,0,0,0,0,0
"CCDC178",2,0,1,1,0,0,3,0,1,0
"AC091198.1",0,0,0,0,0,1,0,0,0,0
"ASXL3",1,1,2,2,2,1,0,2,0,3
"NOL4",2,1,3,1,2,3,4,4,4,2
"AC104985.1",0,0,0,0,0,0,0,0,0,0
"AC104985.2",0,0,0,0,0,0,0,0,0,0
"DTNA",4,12,12,10,29,5,9,19,8,14
"AC022601.1",0,0,0,0,0,0,0,0,0,0
"AC068506.1",0,0,0,0,0,0,0,0,0,0
"MAPRE2",14,4,14,4,9,7,10,7,5,16
"AC015967.1",0,0,0,0,0,0,0,0,0,0
"ZNF397",9,2,3,2,6,2,9,3,7,12
"ZSCAN30",1,1,1,3,2,1,3,1,1,3
"AC011815.2",0,0,0,0,1,0,0,0,1,1
"AC116447.1",0,0,0,0,0,0,0,0,0,0
"ZNF24",0,3,3,4,5,5,13,6,5,4
"ZNF396",0,0,0,0,0,0,0,0,0,0
"INO80C",0,0,0,0,0,0,0,0,0,0
"GALNT1",2,4,4,2,10,2,13,4,4,5
"AC090229.1",0,0,0,0,0,0,0,0,0,0
"AC118757.1",0,0,0,0,0,0,0,0,0,0
"C18orf21",0,0,1,1,0,0,0,0,1,1
"RPRD1A",10,5,8,7,8,6,14,5,5,17
"SLC39A6",1,0,2,1,2,2,1,4,2,0
"ELP2",5,3,2,1,7,7,10,5,1,11
"AC023043.1",0,0,0,0,0,0,0,0,0,0
"MOCOS",0,0,0,0,0,1,0,1,0,3
"FHOD3",0,0,3,0,1,0,1,1,0,2
"TPGS2",1,1,4,1,3,2,6,1,4,2
"KIAA1328",12,5,12,6,16,2,22,9,8,16
"AC016493.1",0,0,0,0,0,0,0,0,0,0
"AC015961.1",0,0,0,0,0,0,0,0,0,0
"CELF4",5,1,9,4,8,3,2,2,1,0
"AC015961.2",0,0,0,0,0,0,2,0,0,0
"AC090386.1",0,0,0,0,0,0,0,0,0,0
"AC016205.1",0,0,1,1,1,0,2,2,1,2
"AC011139.1",0,0,0,1,0,0,0,0,0,0
"LINC01901",0,0,0,0,0,1,0,0,0,0
"LINC01902",0,0,0,0,0,0,0,1,0,1
"LINC01477",0,0,0,0,0,0,0,0,0,0
"AC021504.1",0,0,0,0,0,1,0,0,0,0
"PIK3C3",4,2,5,7,6,3,7,5,6,9
"LINC00907",0,0,2,0,3,0,3,0,0,3
"RIT2",1,0,1,1,0,0,0,0,1,2
"SYT4",3,1,2,1,1,1,3,0,0,0
"LINC01478",0,0,1,0,1,0,0,0,1,0
"AC120049.1",0,0,0,0,0,0,0,0,0,0
"SETBP1",7,1,18,4,20,15,15,13,13,14
"AC090376.1",0,0,0,0,0,0,0,0,0,0
"SLC14A2",0,0,0,0,0,1,1,0,1,1
"SLC14A2-AS1",1,0,0,0,0,0,0,2,0,0
"AC023421.2",0,0,1,0,0,0,0,0,1,0
"SLC14A1",0,1,0,0,0,3,3,1,1,1
"SIGLEC15",0,0,0,0,0,0,0,0,0,0
"EPG5",2,3,1,1,4,2,11,3,1,4
"PSTPIP2",3,1,0,0,0,2,0,0,1,1
"ATP5F1A",3,3,7,4,2,7,7,6,5,7
"HAUS1",0,1,0,0,1,2,1,2,0,2
"C18orf25",0,2,1,0,3,0,7,2,1,2
"RNF165",1,0,2,0,0,0,1,1,1,0
"LOXHD1",0,0,0,0,0,0,0,0,0,0
"ST8SIA5",2,1,2,2,2,0,6,1,1,3
"AC090241.3",0,0,0,0,0,0,0,0,0,0
"PIAS2",8,7,12,5,14,6,16,10,5,9
"KATNAL2",2,0,4,0,4,2,2,1,1,4
"AC012254.1",0,0,0,0,0,0,0,0,0,0
"AC012254.3",0,0,0,0,0,0,0,0,0,0
"HDHD2",1,0,2,0,0,0,1,1,2,1
"AC012254.2",0,0,0,0,0,0,0,0,0,0
"SKOR2",0,0,0,0,0,0,0,0,0,0
"MIR4527HG",0,0,0,1,0,0,0,0,1,0
"SMAD2",4,2,7,5,11,6,11,13,8,16
"ZBTB7C",3,1,3,0,4,3,0,6,4,2
"CTIF",4,6,9,6,4,1,12,1,1,10
"AC048380.1",0,0,0,0,0,0,0,0,0,0
"AC093567.1",0,0,1,0,0,0,0,0,0,0
"SMAD7",2,1,6,2,2,1,9,4,1,1
"AC016866.1",0,0,0,0,0,0,0,0,0,0
"DYM",16,12,8,13,26,12,32,15,11,33
"AC016866.2",0,0,2,0,0,0,0,3,0,0
"AC044840.1",0,0,0,0,0,1,0,1,0,0
"C18orf32",2,0,1,0,0,1,0,1,3,3
"RPL17-C18orf32",0,0,0,0,0,0,0,0,0,0
"AC100778.3",0,0,0,0,0,0,0,0,0,0
"LIPG",0,0,0,0,0,0,0,1,0,0
"ACAA2",0,1,0,0,1,0,2,2,1,1
"AC090227.1",0,0,0,0,0,0,0,0,0,0
"SNHG22",2,0,0,0,2,1,0,3,3,2
"MYO5B",0,0,0,0,0,1,1,0,1,1
"CFAP53",1,0,1,1,2,0,2,0,0,0
"MBD1",3,1,2,0,1,0,1,1,1,4
"CXXC1",1,1,1,1,1,2,3,0,1,0
"SKA1",0,0,0,0,0,0,0,1,0,0
"MAPK4",4,2,2,2,0,1,3,2,3,3
"MRO",0,0,0,0,1,0,0,0,0,0
"ME2",0,3,4,0,7,1,2,2,4,3
"AC091551.1",1,0,4,0,2,0,1,1,0,1
"SMAD4",3,4,2,1,3,0,7,8,3,1
"MEX3C",0,1,0,1,0,0,4,0,2,1
"LINC01630",3,2,5,2,1,0,4,2,0,4
"AC016383.1",0,0,0,0,0,0,0,0,0,0
"DCC",5,3,7,2,7,1,5,4,5,4
"AC103949.1",0,0,0,0,0,0,0,0,0,1
"LINC01919",0,0,0,0,0,0,0,0,0,0
"MBD2",2,2,2,0,6,3,10,1,1,7
"AC093462.1",0,0,0,0,0,0,0,0,0,0
"POLI",1,0,0,0,1,1,2,4,1,1
"STARD6",0,0,0,0,0,0,0,0,1,0
"C18orf54",0,0,1,1,1,0,0,0,0,1
"RAB27B",1,0,2,0,0,1,0,3,1,0
"AC098848.1",0,0,0,0,0,0,0,0,0,0
"CCDC68",1,4,2,2,2,0,7,1,2,5
"TCF4",55,36,65,49,100,46,156,85,49,70
"TCF4-AS1",3,0,3,1,6,0,5,1,0,2
"TCF4-AS2",0,0,0,0,0,0,0,0,0,0
"AC022031.2",0,0,0,0,0,0,0,0,0,0
"LINC01415",0,0,0,1,0,0,0,0,0,0
"LINC01416",0,0,0,0,0,0,0,0,0,0
"AC009271.1",0,0,0,0,0,0,0,0,0,1
"AC006305.1",0,0,0,0,0,0,0,0,0,1
"LINC01905",0,0,0,0,0,0,0,0,0,0
"AC006305.3",0,0,0,0,0,0,0,0,0,0
"TXNL1",4,4,0,1,6,3,4,6,4,7
"WDR7",5,9,8,8,16,1,22,14,3,14
"AC012301.1",0,0,0,0,0,0,0,0,0,0
"LINC-ROR",0,0,0,0,0,0,0,0,0,0
"ST8SIA3",0,0,1,2,3,0,1,1,0,0
"ONECUT2",0,0,0,0,0,0,1,0,0,0
"FECH",0,1,1,0,1,1,0,0,0,1
"AC100847.1",0,0,0,0,0,0,0,0,0,0
"NARS",4,0,5,1,4,1,5,7,1,2
"AC027097.1",0,0,0,0,0,0,0,0,0,0
"AC027097.2",0,0,5,2,6,2,6,6,1,21
"ATP8B1",10,5,9,1,16,3,9,13,1,29
"NEDD4L",5,4,7,14,13,7,10,6,5,12
"AC107896.1",0,0,0,0,0,0,0,0,0,0
"AC090236.1",0,0,0,0,0,0,0,0,0,0
"ALPK2",0,0,0,0,0,0,0,0,0,0
"MALT1",2,5,5,3,5,0,13,4,5,3
"AC104365.1",3,0,0,0,0,1,3,1,1,2
"AC104365.3",0,0,0,0,0,0,0,0,0,0
"LINC01926",0,0,0,0,0,0,0,0,0,0
"ZNF532",7,2,4,5,8,4,9,8,6,9
"SEC11C",3,2,3,1,0,1,7,1,0,5
"GRP",0,0,0,0,0,0,1,0,0,0
"CPLX4",0,0,0,0,1,0,0,0,0,0
"LMAN1",4,0,1,1,6,4,7,4,8,4
"AC016229.2",0,0,0,0,0,0,0,0,0,0
"CCBE1",2,0,0,0,0,0,0,0,0,0
"AC016229.1",0,0,0,0,0,0,0,0,0,0
"AC010776.3",0,0,0,0,0,0,0,0,0,0
"PMAIP1",1,1,0,1,4,1,4,3,2,10
"AC090377.1",0,0,0,0,0,0,0,0,0,0
"AC090771.2",0,0,0,0,0,0,0,0,1,0
"MC4R",0,0,0,0,0,0,0,0,0,0
"AC113137.1",0,0,1,0,1,0,0,1,0,0
"CDH20",14,8,10,12,18,8,33,15,14,29
"AC090409.2",0,0,0,0,0,0,1,0,0,0
"AC105094.2",0,0,0,0,3,2,1,3,1,0
"RNF152",8,2,11,6,12,15,20,27,12,4
"PIGN",8,0,3,2,2,5,9,9,3,13
"KIAA1468",11,3,5,2,13,7,21,6,7,15
"TNFRSF11A",1,0,2,0,0,0,0,0,0,0
"AC100843.1",0,0,0,0,0,0,0,0,0,0
"ZCCHC2",3,0,4,4,10,2,10,7,4,4
"AC064801.1",0,0,0,0,0,0,0,0,0,0
"PHLPP1",26,16,24,35,53,13,43,10,11,56
"BCL2",9,9,9,6,10,8,12,10,5,10
"KDSR",6,1,3,5,4,5,15,9,6,9
"AC036176.1",0,0,1,1,1,1,3,1,1,0
"VPS4B",3,3,3,3,4,1,5,5,3,5
"SERPINB5",0,0,1,0,1,0,0,0,0,0
"SERPINB12",0,0,0,0,0,0,0,0,0,0
"SERPINB13",0,0,0,0,0,0,0,0,0,0
"SERPINB11",0,0,0,0,0,0,0,0,0,0
"SERPINB7",0,0,0,0,0,0,0,0,0,0
"SERPINB2",1,0,0,0,0,0,2,0,0,1
"HMSD",0,0,0,0,0,0,1,0,0,1
"AC009802.1",0,0,0,0,0,0,0,0,0,0
"SERPINB8",0,1,0,0,0,0,0,0,1,1
"LINC00305",0,0,0,0,0,0,0,0,0,0
"LINC01924",0,0,0,0,0,0,1,0,0,0
"LINC01538",0,0,0,0,0,0,0,0,0,0
"AC007948.1",0,0,0,0,0,0,0,0,0,0
"LINC01916",1,0,0,0,0,0,0,0,0,1
"AC090358.1",0,0,0,0,0,0,0,0,0,0
"CDH7",1,0,0,0,0,0,0,0,0,4
"CDH19",2,4,4,4,0,2,10,2,0,5
"AC110597.1",0,0,0,0,0,0,0,0,0,0
"DSEL",3,3,3,1,1,5,4,2,0,2
"AC110597.3",3,1,2,0,2,0,1,3,0,2
"AC114689.3",2,0,0,1,2,2,2,0,1,1
"LINC01903",0,0,0,0,0,0,0,0,0,0
"AC100844.1",0,0,0,0,0,0,0,0,0,0
"AC068112.1",0,0,0,0,0,0,0,0,0,0
"LINC01912",0,0,0,0,0,0,0,0,0,0
"TMX3",3,0,2,3,8,9,9,6,4,6
"CCDC102B",3,2,3,6,8,5,20,13,6,2
"AC090337.1",0,0,0,0,0,0,0,0,0,0
"AC026585.1",0,0,0,0,0,0,0,0,0,0
"DOK6",3,3,1,4,3,2,4,4,1,1
"AC119868.2",0,0,0,0,1,0,0,0,0,0
"AC068254.1",0,0,0,0,0,0,0,0,0,0
"CD226",1,0,0,1,1,0,0,0,0,1
"RTTN",0,5,5,2,4,5,8,2,3,5
"SOCS6",1,0,2,0,5,1,6,2,3,6
"LINC01909",2,0,0,0,1,0,0,0,0,0
"GTSCR1",0,0,0,0,0,0,0,0,1,0
"AC090415.2",0,0,0,0,0,0,0,0,0,0
"AC091691.2",0,0,1,0,0,0,0,0,0,1
"LINC01541",0,0,0,0,0,0,0,0,0,0
"LINC01899",0,0,0,0,0,0,0,0,0,0
"AC069114.1",0,0,0,0,0,0,1,0,0,0
"CBLN2",1,1,2,1,3,0,3,0,2,0
"NETO1",3,2,0,3,3,1,1,1,0,0
"AC091138.1",0,0,0,0,0,0,0,1,0,0
"AC079070.1",0,0,0,0,0,0,0,0,0,0
"AC090125.1",0,0,0,0,0,0,0,0,0,0
"FBXO15",0,0,0,0,0,0,1,0,1,1
"TIMM21",0,1,0,0,0,1,2,0,0,1
"AC090398.1",0,0,0,0,0,0,0,0,0,0
"CYB5A",3,1,5,0,3,5,7,5,3,1
"C18orf63",0,0,0,0,0,0,0,0,0,0
"FAM69C",0,0,0,0,2,0,1,1,0,1
"CNDP2",2,5,2,1,6,1,9,4,1,1
"CNDP1",7,8,7,5,10,0,5,3,3,11
"AC009704.1",0,0,0,0,0,0,0,0,0,0
"LINC00909",0,1,0,0,1,0,3,0,2,1
"ZNF407",2,7,9,10,7,10,26,12,11,16
"AC015819.2",0,1,0,0,0,0,1,0,0,0
"ZADH2",0,1,1,2,5,3,3,5,1,1
"TSHZ1",2,0,1,0,4,1,4,5,4,2
"AC116003.3",0,0,0,0,0,0,0,0,0,0
"AC116003.1",0,0,0,0,0,0,0,0,0,0
"SMIM21",0,0,0,0,0,0,0,0,0,0
"AC090457.1",0,0,0,0,0,0,0,0,0,0
"LINC01893",0,0,0,0,0,0,0,0,0,0
"AC103808.1",0,0,0,0,0,0,0,0,0,0
"AC103808.5",0,0,0,0,0,0,0,0,0,0
"ZNF516",2,2,1,2,3,1,2,1,6,4
"AC009716.1",0,1,0,0,0,0,0,0,0,0
"AC018413.1",0,0,0,0,0,0,0,0,0,0
"C18orf65",0,0,0,0,0,0,0,0,0,0
"LINC00908",0,0,0,0,1,0,0,1,0,1
"LINC00683",0,0,0,0,0,0,0,0,0,1
"LINC01927",0,0,0,0,0,0,0,0,0,0
"ZNF236-DT",0,1,1,1,2,1,1,0,2,0
"ZNF236",4,1,3,3,1,3,5,1,1,3
"AC093330.1",0,0,0,0,0,0,0,2,1,0
"MBP",44,39,26,41,43,15,89,16,12,86
"AC018529.1",0,0,0,0,0,0,0,0,0,0
"AC100863.1",0,0,0,0,0,0,0,0,1,0
"GALR1",0,0,0,0,0,0,1,1,0,5
"AC124254.1",1,0,0,0,0,0,0,2,0,6
"AC123786.1",0,0,0,0,0,0,0,0,0,0
"AC091027.2",0,0,0,0,0,0,0,0,0,0
"LINC01896",0,0,0,0,0,0,2,0,0,2
"SALL3",0,0,0,0,0,0,0,1,0,0
"ATP9B",6,5,8,5,12,8,9,8,11,14
"AC104423.1",0,0,0,0,0,0,0,0,0,0
"NFATC1",1,4,0,0,1,0,1,0,1,0
"AC068473.4",0,0,0,0,0,0,0,0,0,0
"AC068473.1",0,0,0,0,0,0,0,0,0,0
"CTDP1",1,1,0,1,1,0,0,1,0,0
"AC021594.2",0,0,0,0,0,0,0,0,0,0
"KCNG2",0,0,0,0,0,0,0,0,0,1
"AC114341.1",0,0,0,0,0,0,0,0,0,0
"PQLC1",5,1,2,3,0,0,5,1,2,2
"HSBP1L1",2,0,0,1,1,2,2,1,1,5
"TXNL4A",1,0,2,0,9,3,8,4,2,4
"AC090360.1",0,0,0,0,0,0,0,0,0,0
"ADNP2",2,2,1,3,2,2,5,2,4,5
"PARD6G-AS1",0,0,1,0,1,0,3,2,0,1
"PARD6G",2,1,0,0,2,2,1,3,2,1
"AC139100.1",0,0,0,0,1,0,0,0,0,0
"AL034548.1",0,0,0,0,0,0,0,0,0,0
"C20orf96",0,0,1,0,1,0,0,0,0,1
"ZCCHC3",0,2,0,1,0,2,6,1,3,3
"NRSN2-AS1",4,2,0,1,3,1,0,3,1,2
"SOX12",0,0,0,0,2,0,1,2,3,2
"NRSN2",5,1,1,1,0,1,0,0,0,0
"TRIB3",0,0,2,0,0,0,1,0,0,1
"RBCK1",2,0,3,2,4,4,5,5,2,1
"TBC1D20",3,2,1,2,5,5,3,4,1,1
"CSNK2A1",1,4,5,2,3,4,13,5,3,13
"TCF15",0,1,0,0,0,0,1,1,0,0
"SRXN1",0,0,0,0,0,0,0,0,1,0
"SLC52A3",1,4,5,5,1,6,16,2,2,4
"FAM110A",0,0,0,0,0,0,0,0,0,0
"ANGPT4",0,0,0,0,0,0,0,0,0,0
"RSPO4",1,0,1,0,1,0,0,0,0,1
"PSMF1",5,3,4,5,8,5,10,9,6,6
"AL031665.2",0,0,0,0,0,0,0,0,0,0
"TMEM74B",2,0,0,3,0,0,1,0,0,0
"C20orf202",0,0,0,0,0,0,0,0,0,0
"RAD21L1",0,0,0,0,0,0,0,0,0,0
"SNPH",0,0,1,3,0,1,3,1,0,0
"SDCBP2",0,1,1,2,0,1,3,0,0,1
"AL136531.2",1,3,3,1,4,3,5,3,4,7
"SDCBP2-AS1",2,3,5,0,6,1,4,5,0,7
"FKBP1A",0,0,0,0,0,0,0,0,0,0
"NSFL1C",1,4,1,1,3,6,8,2,3,4
"SIRPB2",0,0,0,0,0,0,0,0,0,0
"AL049634.2",0,0,0,0,0,0,0,0,0,0
"SIRPG",0,0,0,0,1,0,0,0,0,0
"SIRPG-AS1",0,0,0,0,0,0,0,0,0,0
"AL121760.1",0,1,0,0,1,0,0,0,0,2
"AL117335.1",0,0,0,0,0,0,0,0,0,0
"SIRPA",6,3,5,4,3,0,8,3,4,7
"PDYN-AS1",0,0,0,0,1,0,0,0,0,0
"PDYN",0,0,1,0,0,0,0,0,0,0
"STK35",1,0,0,0,3,1,1,2,1,1
"AL121899.1",1,0,0,0,0,0,0,0,0,0
"TGM3",0,0,0,0,0,0,0,0,0,0
"TGM6",0,0,0,0,0,0,1,0,0,0
"SNRPB",6,4,3,1,1,4,9,6,4,1
"AL049650.1",0,0,0,0,0,1,1,0,1,0
"ZNF343",0,1,0,0,0,0,0,0,0,0
"TMC2",1,0,1,0,0,0,0,0,0,0
"NOP56",2,0,2,1,1,2,2,5,3,2
"IDH3B",4,4,4,0,0,4,6,2,0,3
"AL049712.1",0,0,0,0,0,0,0,0,0,0
"EBF4",3,3,1,0,5,0,2,5,4,6
"CPXM1",0,0,0,0,0,0,0,0,0,0
"PCED1A",0,1,2,1,1,0,4,1,3,1
"VPS16",0,0,0,0,1,0,2,3,1,0
"PTPRA",10,3,13,9,12,7,15,7,11,15
"GNRH2",0,0,0,0,0,0,0,0,0,0
"MRPS26",2,4,5,3,1,2,5,3,4,3
"OXT",0,0,0,0,0,0,0,0,0,0
"AVP",0,0,0,0,0,0,0,0,0,0
"UBOX5-AS1",0,0,5,0,0,1,5,0,0,2
"UBOX5",0,1,2,0,1,0,6,0,2,3
"LZTS3",0,1,1,0,3,0,4,0,0,0
"DDRGK1",4,2,5,3,3,5,9,3,4,5
"ITPA",1,1,3,4,1,0,2,1,4,2
"SLC4A11",0,0,0,5,1,2,1,2,0,0
"AL109976.1",0,0,0,0,0,0,0,1,0,0
"C20orf194",12,9,20,8,16,5,13,8,10,24
"ATRN",5,4,4,3,7,2,6,2,4,5
"GFRA4",0,0,0,0,0,0,0,0,0,0
"ADAM33",8,0,5,7,6,6,7,6,10,20
"SIGLEC1",0,0,0,0,0,0,0,0,0,0
"HSPA12B",4,1,0,3,2,3,7,0,0,3
"C20orf27",1,0,0,2,1,2,4,4,2,0
"SPEF1",1,0,0,0,0,0,0,0,0,0
"CENPB",1,1,0,0,1,1,1,2,0,0
"CDC25B",3,1,4,4,1,1,6,5,2,10
"LINC01730",0,0,0,0,0,0,0,0,0,0
"AP5S1",0,0,0,0,0,0,0,0,1,1
"MAVS",4,2,1,0,3,1,5,8,5,7
"AL353194.1",1,0,1,0,1,0,2,1,0,1
"PANK2",0,3,6,1,3,4,7,3,2,6
"AL031670.1",0,0,0,0,0,0,0,0,0,0
"RNF24",2,3,4,4,8,3,12,8,1,15
"SMOX",2,3,0,1,1,0,2,0,3,2
"ADRA1D",0,0,0,0,0,0,2,0,1,0
"AL121781.1",0,0,0,0,0,0,0,0,0,0
"PRNP",20,9,8,15,16,6,26,9,4,8
"PRND",0,0,0,0,0,0,0,0,0,0
"PRNT",0,0,0,0,0,0,0,0,0,0
"AL133396.2",0,0,0,0,0,0,0,0,0,0
"RASSF2",2,2,1,1,3,0,2,2,2,4
"SLC23A2",4,4,7,5,4,4,6,7,1,12
"AL121890.3",0,0,0,0,0,0,0,0,0,0
"AL121890.2",0,0,0,0,0,0,0,0,0,0
"AL121890.5",0,0,0,0,0,0,0,0,0,0
"AL121890.4",0,0,0,0,0,0,0,0,0,0
"TMEM230",9,2,4,3,5,7,6,7,2,6
"PCNA",1,1,1,2,1,2,4,0,2,1
"CDS2",2,1,5,5,10,4,6,4,6,6
"PROKR2",0,0,0,0,0,0,0,0,0,0
"LINC00658",0,0,0,0,0,0,0,1,0,0
"LINC00654",0,0,0,0,0,0,0,0,0,0
"AL109935.2",0,0,0,0,0,0,0,0,0,0
"AL109935.1",0,0,0,0,0,0,0,0,0,0
"GPCPD1",15,9,4,1,5,1,10,13,8,5
"SHLD1",4,3,3,1,3,1,4,2,1,4
"CHGB",1,1,1,0,1,0,0,0,0,0
"TRMT6",1,1,1,0,0,0,1,0,0,1
"MCM8",1,0,2,0,1,0,0,0,0,0
"MCM8-AS1",0,0,0,0,0,0,0,0,0,0
"AL035461.2",0,0,0,0,0,0,0,0,0,0
"CRLS1",3,8,2,1,6,2,5,2,0,5
"LRRN4",0,0,0,0,0,0,0,0,0,0
"AL118505.1",0,0,0,0,0,0,0,0,0,0
"FERMT1",3,0,3,0,2,0,2,1,0,2
"CASC20",0,0,0,0,0,0,0,0,0,0
"BMP2",1,0,0,0,0,1,2,0,1,1
"AL096799.1",0,0,0,0,1,0,0,0,0,0
"LINC01428",0,0,0,0,0,0,0,0,0,0
"HAO1",0,0,0,0,0,0,0,0,0,0
"TMX4",7,1,3,3,5,0,5,0,3,4
"AL021396.1",0,0,0,0,0,0,0,0,0,0
"PLCB1",14,13,37,13,48,11,28,25,24,28
"PLCB4",25,20,25,11,39,22,39,37,26,25
"LAMP5-AS1",0,0,0,0,0,0,0,0,0,0
"LAMP5",4,0,1,2,1,0,0,1,1,1
"PAK5",1,1,1,1,1,2,2,1,1,1
"ANKEF1",0,0,1,0,0,0,0,0,0,0
"SNAP25-AS1",4,1,4,0,3,0,2,0,0,1
"AL354824.1",0,0,0,0,0,0,0,0,0,0
"SNAP25",34,13,23,14,15,3,12,8,3,9
"MKKS",1,1,0,0,0,0,1,2,1,4
"SLX4IP",4,0,3,3,2,0,8,5,2,7
"JAG1",2,1,2,3,7,8,23,14,4,7
"AL050403.2",1,0,2,1,2,1,2,3,1,1
"AL050403.1",0,0,0,0,0,0,0,0,0,0
"AL049649.1",0,0,0,0,0,0,0,0,0,0
"AL161938.1",0,0,0,0,0,0,0,0,0,0
"LINC00687",1,0,0,0,0,0,0,0,0,0
"BTBD3",9,6,2,3,4,2,12,2,4,11
"AL035448.1",1,0,0,0,0,0,0,0,0,0
"AL136460.1",0,0,0,0,0,0,1,0,0,0
"LINC01722",0,0,0,0,0,0,0,0,0,0
"SPTLC3",2,1,0,0,1,0,1,0,1,40
"ISM1",4,4,4,0,5,0,1,1,0,8
"TASP1",4,1,4,2,14,4,10,5,5,9
"ESF1",15,5,7,5,15,7,20,12,5,8
"NDUFAF5",1,0,0,0,2,2,1,0,0,4
"SEL1L2",0,0,0,0,1,1,0,0,1,0
"MACROD2",17,4,10,7,15,10,19,10,3,28
"FLRT3",1,1,1,1,1,0,1,0,0,0
"MACROD2-AS1",0,0,0,0,0,0,0,0,0,0
"KIF16B",6,2,5,2,8,5,10,2,5,8
"AL049794.1",0,0,0,1,0,0,0,0,0,0
"SNRPB2",5,7,1,5,6,4,10,15,8,3
"AL121892.1",0,0,0,0,0,0,0,0,0,0
"PCSK2",4,1,4,1,1,0,1,0,0,1
"BFSP1",0,0,0,0,0,2,0,0,1,1
"DSTN",9,12,18,8,13,18,27,25,12,25
"RRBP1",3,7,5,3,6,3,5,3,1,2
"BANF2",0,0,0,0,0,0,0,0,0,0
"SNX5",1,1,1,1,5,0,1,4,2,0
"OVOL2",0,0,1,0,1,0,0,0,1,0
"MGME1",1,1,1,0,0,1,1,0,0,2
"AL160411.1",0,1,0,0,0,0,0,0,0,1
"PET117",0,0,1,0,0,0,1,0,0,0
"KAT14",0,0,1,0,3,0,0,1,0,1
"ZNF133",1,2,3,0,0,2,2,2,2,1
"AL049646.1",2,0,0,0,3,0,0,1,0,1
"DZANK1",1,0,1,0,0,0,0,0,0,1
"POLR3F",1,1,2,1,2,1,1,0,0,0
"RBBP9",0,0,0,0,0,0,0,0,0,0
"SEC23B",2,3,2,1,2,3,5,3,3,2
"SMIM26",0,0,0,0,0,0,0,0,0,0
"AL121900.2",0,0,0,0,0,0,0,0,0,0
"DTD1",2,2,2,0,2,0,4,1,0,3
"AL121900.1",0,0,1,0,0,0,0,0,0,0
"LINC00652",0,0,0,0,0,0,1,0,0,0
"AL035563.1",0,0,0,0,0,0,1,1,1,3
"AL135936.1",0,0,0,0,0,0,0,0,0,0
"SLC24A3",2,2,3,4,5,2,0,3,1,26
"AL049647.1",0,0,0,0,0,0,0,0,0,0
"AL121761.2",0,0,0,0,0,0,0,0,0,0
"AL121761.1",3,4,4,0,4,2,3,2,0,4
"RIN2",18,14,26,4,25,15,45,16,7,34
"NAA20",5,1,4,0,1,3,3,3,5,4
"CRNKL1",1,1,0,1,0,1,2,0,2,0
"CFAP61",1,0,0,0,1,0,1,0,0,4
"AL121721.1",0,0,0,0,0,0,0,0,0,0
"INSM1",0,0,0,0,0,0,0,0,0,0
"RALGAPA2",4,13,9,10,14,16,16,33,14,25
"AL133465.1",0,0,0,0,0,0,0,0,0,0
"LINC00237",0,0,0,0,0,0,1,0,0,0
"KIZ",4,0,5,0,9,4,16,4,2,9
"KIZ-AS1",3,1,2,1,3,4,3,3,4,3
"AL117332.1",0,0,0,0,0,1,1,0,0,0
"XRN2",2,3,6,2,5,4,13,5,6,9
"AL133325.3",0,0,1,0,0,0,0,0,0,0
"NKX2-2",1,2,0,0,0,1,0,0,0,1
"NKX2-2-AS1",0,0,0,0,0,0,0,0,0,0
"LINC01727",0,0,0,0,0,0,0,0,0,0
"LINC01726",0,0,0,0,0,0,0,0,0,0
"AL109807.1",0,0,0,0,0,0,0,0,0,0
"LINC01427",0,0,0,0,0,0,0,0,0,0
"AL133464.1",0,0,0,0,0,0,0,0,0,0
"LINC01747",0,0,0,0,0,0,0,0,0,0
"AL158175.1",0,0,0,0,0,0,0,0,0,0
"AL049651.1",0,0,0,0,0,0,0,0,0,0
"THBD",1,0,0,0,3,0,0,1,0,1
"CD93",0,2,1,1,0,0,10,4,0,1
"AL118508.1",0,0,0,0,0,0,0,0,0,1
"AL096677.1",0,0,0,0,0,0,0,0,0,0
"NXT1",0,0,1,1,1,1,1,1,2,3
"LINC01431",0,0,0,0,0,0,0,0,0,0
"GZF1",1,0,2,0,0,0,1,0,0,1
"NAPB",5,2,6,6,4,4,5,6,2,2
"AL109954.1",0,0,0,0,0,0,0,0,0,0
"CST3",12,12,28,12,44,44,47,39,41,34
"AL121894.1",0,0,0,0,0,0,0,0,0,0
"AL591074.1",0,0,0,0,0,0,0,0,0,0
"GGTLC1",0,0,0,0,0,0,0,0,0,0
"LINC01721",0,0,0,0,0,0,0,0,0,0
"AL158090.1",0,0,0,0,0,0,0,0,0,0
"SYNDIG1",5,3,7,3,2,2,13,2,6,7
"AL157413.1",0,0,1,0,0,0,0,0,0,0
"CST7",0,0,0,0,0,0,0,0,0,0
"APMAP",1,1,1,2,2,0,5,4,3,2
"ACSS1",2,1,1,4,2,1,2,2,4,7
"AL080312.2",0,0,0,0,0,0,0,0,0,0
"VSX1",0,0,0,0,0,0,0,0,0,0
"AL035252.2",0,0,0,0,0,0,0,0,0,0
"ENTPD6",2,0,3,3,1,1,4,3,1,3
"AL035252.3",0,0,0,0,0,0,0,0,0,0
"AL121772.1",0,0,0,0,0,0,0,0,0,0
"PYGB",0,1,2,0,1,0,1,1,1,4
"AL121772.3",0,0,0,0,0,0,0,0,0,0
"ABHD12",3,1,5,3,6,2,5,1,3,3
"GINS1",0,0,0,0,0,0,0,0,0,0
"NINL",3,1,3,0,4,0,6,0,5,7
"NANP",0,0,0,0,0,0,0,0,0,1
"ZNF337-AS1",1,0,0,0,0,0,3,0,0,2
"ZNF337",1,2,1,0,1,3,4,1,1,4
"AL031673.1",0,0,0,0,0,1,0,0,0,0
"AL390198.1",0,0,0,0,0,0,0,0,0,0
"FAM182B",5,2,5,2,4,5,5,5,3,10
"LINC01733",0,0,0,0,0,0,0,0,0,1
"AL078587.1",0,0,0,0,0,0,0,0,0,0
"AL121904.1",0,0,0,0,0,0,0,0,0,0
"LINC01597",0,0,0,0,0,0,0,0,0,0
"LINC01598",0,0,0,0,0,0,0,0,0,1
"DEFB118",0,0,0,0,0,0,0,0,0,0
"DEFB119",0,0,0,0,0,0,0,0,0,0
"DEFB123",0,0,0,0,0,0,0,0,0,0
"DEFB124",0,0,0,0,0,0,0,0,0,0
"REM1",1,0,1,1,3,1,1,0,1,0
"HM13",5,2,7,3,7,0,7,4,1,7
"HM13-AS1",1,0,0,0,0,0,0,0,0,0
"AL110115.2",0,0,0,0,0,0,0,0,0,0
"ID1",12,44,24,6,30,15,133,15,10,54
"COX4I2",0,2,2,4,3,3,1,3,2,1
"BCL2L1",5,8,14,7,13,2,18,3,3,23
"AL117381.1",0,6,2,1,4,2,5,0,0,2
"ABALON",0,0,0,0,0,0,0,0,1,0
"TPX2",0,0,0,0,1,0,0,0,0,0
"MYLK2",0,0,0,0,0,0,2,1,0,0
"FOXS1",1,1,0,0,2,2,2,3,0,1
"DUSP15",0,0,1,0,0,0,0,0,1,0
"TTLL9",0,0,1,1,1,0,2,0,1,3
"PDRG1",0,1,0,3,1,1,0,2,2,0
"XKR7",0,0,0,0,0,0,0,0,0,1
"CCM2L",0,3,1,2,1,2,3,4,1,0
"AL031658.1",0,0,0,0,0,0,0,0,0,0
"HCK",0,0,0,0,1,0,0,0,0,1
"TM9SF4",3,4,3,2,5,3,6,4,0,9
"PLAGL2",0,0,0,0,0,1,0,0,0,1
"POFUT1",0,0,2,0,0,1,5,1,0,0
"KIF3B",2,1,2,0,3,0,1,0,2,2
"AL121583.1",0,0,0,0,0,0,0,0,0,0
"ASXL1",11,7,14,8,20,5,24,12,11,23
"NOL4L",4,2,2,1,4,0,4,1,0,2
"AL034550.1",0,0,0,0,0,0,0,0,0,0
"AL034550.2",0,0,0,0,0,0,0,0,0,0
"AL133343.2",0,0,0,0,0,0,0,0,0,0
"NOL4L-DT",0,0,0,0,0,0,0,0,0,0
"C20orf203",0,0,0,0,0,0,0,0,0,0
"FO393400.1",1,2,0,0,0,0,1,1,0,2
"DNMT3B",1,0,0,0,1,0,1,0,0,0
"MAPRE1",0,1,2,1,0,2,4,2,0,1
"AL035071.2",0,0,0,0,0,0,2,0,0,5
"AL035071.1",0,0,1,0,0,2,3,1,0,0
"EFCAB8",0,0,0,0,0,0,0,0,0,0
"SUN5",0,0,0,0,0,0,0,0,0,0
"BPIFB4",0,0,1,0,0,0,0,0,0,1
"BPIFA2",0,0,0,0,0,0,0,0,0,0
"AL121901.1",0,0,0,0,0,0,0,0,0,0
"BPIFB1",0,0,0,0,0,0,1,0,0,0
"CDK5RAP1",2,0,2,1,3,1,6,1,2,8
"SNTA1",1,0,1,0,3,2,0,1,3,1
"CBFA2T2",8,3,8,8,15,6,19,5,4,22
"AL121906.2",0,0,0,0,0,0,0,0,0,0
"NECAB3",0,0,0,2,1,0,0,1,1,1
"C20orf144",0,0,0,0,0,0,0,0,0,0
"ACTL10",0,0,0,1,1,0,0,0,0,0
"E2F1",0,0,0,0,0,0,0,0,0,0
"PXMP4",1,2,0,0,0,0,0,2,0,0
"AL050349.1",0,0,0,0,0,0,0,0,0,0
"ZNF341",0,0,0,1,2,1,2,0,0,3
"ZNF341-AS1",1,0,0,0,0,0,2,0,0,2
"CHMP4B",5,5,6,0,5,4,6,4,2,6
"AL034549.1",0,0,0,0,0,0,0,0,0,0
"RALY",5,2,9,5,11,3,11,8,7,17
"AL031668.1",0,0,0,0,0,0,0,0,0,0
"EIF2S2",3,7,8,8,10,11,12,4,7,5
"ASIP",0,1,0,2,0,0,1,1,4,3
"AHCY",0,0,0,1,1,1,0,0,3,1
"ITCH",11,7,16,4,19,9,21,11,6,20
"ITCH-AS1",0,0,0,0,0,0,0,0,0,0
"DYNLRB1",10,5,16,7,4,10,7,15,8,7
"MAP1LC3A",11,3,8,4,4,2,3,6,6,2
"PIGU",6,1,3,0,3,5,6,6,2,8
"NCOA6",10,5,5,3,9,2,13,6,7,9
"TP53INP2",1,0,0,0,0,1,1,0,0,0
"GGT7",7,1,8,0,6,1,3,1,2,3
"ACSS2",2,1,1,1,1,0,7,1,1,4
"GSS",2,0,5,0,6,1,1,1,0,3
"MYH7B",0,1,1,1,0,0,0,1,0,2
"TRPC4AP",12,6,5,3,10,3,13,11,4,28
"EDEM2",0,0,1,0,1,1,2,1,2,3
"PROCR",2,1,3,1,2,4,1,3,1,4
"MMP24OS",3,0,4,0,3,0,5,4,1,5
"MMP24",1,2,9,1,1,7,5,6,1,16
"EIF6",0,0,0,0,0,0,0,0,0,2
"FAM83C-AS1",0,0,0,0,0,0,0,0,0,0
"UQCC1",3,1,6,2,1,4,5,4,2,10
"GDF5",0,0,0,0,1,0,1,0,0,1
"CEP250",0,1,0,2,0,0,0,1,0,1
"FO393401.1",0,0,0,0,0,0,0,0,0,0
"C20orf173",0,0,0,0,0,0,0,0,0,0
"ERGIC3",1,1,3,3,3,3,3,1,3,4
"SPAG4",0,0,0,0,0,0,2,0,0,0
"CPNE1",1,0,2,3,3,4,10,1,1,2
"AL109827.1",0,0,0,0,0,0,0,0,0,0
"NFS1",1,0,0,0,0,0,0,0,0,0
"ROMO1",4,0,1,5,3,5,7,3,6,3
"RBM39",16,14,16,4,24,10,32,18,10,31
"PHF20",12,7,5,2,9,4,17,7,1,18
"SCAND1",3,6,3,6,2,5,6,4,6,1
"CNBD2",1,1,1,0,0,0,1,1,1,1
"NORAD",7,4,8,8,11,6,19,8,5,11
"AL035420.3",0,0,0,0,0,0,0,0,0,0
"AL035420.1",0,0,0,1,0,0,0,0,1,0
"AL035420.2",0,0,0,0,0,0,0,0,0,0
"EPB41L1",6,3,4,1,0,0,3,0,5,4
"AL121895.1",0,0,0,0,0,0,1,0,0,0
"AAR2",0,1,1,1,0,2,2,2,0,1
"DLGAP4",10,6,5,4,5,5,11,7,1,17
"DLGAP4-AS1",1,0,0,1,3,0,3,1,0,6
"MYL9",10,2,6,0,10,20,10,28,5,25
"TGIF2-RAB5IF",0,0,1,0,0,0,0,0,0,0
"RAB5IF",1,2,3,0,4,2,5,5,0,0
"SLA2",1,0,0,0,0,0,0,0,0,1
"NDRG3",3,4,5,2,3,3,4,1,7,6
"DSN1",2,0,1,1,0,0,1,1,0,0
"SOGA1",3,1,4,0,5,2,7,6,1,10
"TLDC2",0,0,0,0,0,0,0,0,0,0
"SAMHD1",0,1,1,3,4,0,4,2,1,4
"RBL1",0,0,0,0,2,1,5,1,2,2
"MROH8",0,0,2,1,4,1,2,0,1,3
"RPN2",0,3,8,2,7,5,1,4,4,5
"GHRH",0,0,0,0,0,0,0,0,0,0
"MANBAL",3,2,2,0,1,1,2,1,2,1
"SRC",0,1,1,0,1,1,3,0,1,0
"BLCAP",4,3,8,10,9,3,7,9,8,5
"NNAT",1,1,3,0,0,0,0,0,0,0
"LINC01746",0,0,0,0,0,0,0,0,0,0
"AL162293.1",0,0,0,0,0,0,0,0,0,0
"CTNNBL1",0,2,4,3,2,3,8,2,4,4
"VSTM2L",1,1,2,1,3,1,1,0,0,0
"TTI1",3,2,0,1,5,1,3,1,1,4
"RPRD1B",3,5,1,1,4,1,3,5,2,6
"TGM2",4,12,11,13,17,10,61,14,4,3
"KIAA1755",6,1,3,1,8,2,11,1,8,8
"AL359555.3",0,0,0,0,0,0,0,0,0,1
"AL359555.1",0,0,0,0,0,0,0,1,1,1
"BPI",0,0,0,0,0,0,0,0,0,0
"LBP",0,0,0,1,0,0,0,0,0,0
"AL391095.2",0,1,1,0,1,0,0,1,0,1
"AL391095.1",0,0,0,0,0,0,0,0,0,0
"AL391095.3",0,0,0,0,0,0,0,0,0,0
"RALGAPB",4,3,6,6,9,9,18,14,10,8
"ADIG",0,0,0,0,0,0,0,0,0,0
"ARHGAP40",0,0,0,0,0,0,0,0,0,0
"SLC32A1",0,0,0,0,0,0,0,0,0,0
"ACTR5",0,1,1,0,0,0,2,4,0,0
"PPP1R16B",3,4,4,6,11,5,11,6,0,8
"FAM83D",0,0,0,0,0,0,1,0,1,0
"AL023803.2",0,0,0,0,0,0,0,0,0,0
"AL023803.1",0,0,0,0,0,0,0,0,0,0
"DHX35",0,0,2,1,2,0,4,1,4,0
"LINC01734",0,0,0,0,0,0,0,0,0,0
"AL118523.1",0,0,0,0,0,0,0,0,1,0
"LINC01370",0,0,0,0,0,0,0,0,0,0
"AL133419.1",0,0,0,0,0,0,0,0,0,0
"MAFB",1,0,1,1,0,1,0,0,0,0
"AL035665.1",0,0,0,0,0,0,0,0,0,0
"TOP1",9,6,9,11,12,7,8,18,2,17
"PLCG1-AS1",0,0,1,0,0,0,0,0,0,1
"PLCG1",0,2,0,1,5,4,8,4,2,4
"ZHX3",4,4,10,2,10,2,15,7,3,14
"LPIN3",1,0,3,0,0,2,1,1,3,2
"EMILIN3",2,0,0,0,0,0,1,0,3,1
"CHD6",14,3,12,5,18,2,9,8,12,13
"AL049812.2",0,0,0,0,0,0,0,0,0,0
"AL049812.3",0,0,0,0,0,0,0,0,0,0
"PTPRT",3,3,9,3,2,2,5,2,0,3
"AL021395.1",0,0,0,0,0,0,0,0,0,0
"SRSF6",6,5,5,5,5,5,8,5,4,18
"L3MBTL1",1,0,1,1,1,1,2,1,0,3
"Z98752.3",0,0,0,0,0,0,0,0,0,2
"SGK2",1,1,2,1,1,0,1,0,0,1
"Z98752.4",0,0,0,0,0,0,0,0,0,0
"IFT52",0,1,3,0,3,0,4,2,0,5
"MYBL2",0,0,1,0,0,0,0,0,0,1
"TOX2",0,5,4,1,4,3,7,1,1,1
"JPH2",0,0,0,0,2,1,0,0,1,2
"OSER1",1,2,0,0,0,1,1,0,1,0
"OSER1-DT",0,0,1,2,3,0,0,1,1,1
"GDAP1L1",4,0,2,1,1,0,1,0,0,1
"FITM2",0,1,1,0,1,0,1,0,1,0
"R3HDML",0,0,0,0,0,0,0,0,0,0
"HNF4A",0,0,0,0,0,0,0,0,0,0
"HNF4A-AS1",0,0,0,0,0,0,0,0,0,0
"LINC01620",0,0,0,0,0,0,0,0,0,0
"TTPAL",2,0,2,0,1,1,2,0,5,1
"SERINC3",7,6,10,10,11,4,20,16,6,9
"PKIG",8,10,11,7,3,2,5,7,4,10
"ADA",0,0,0,3,1,4,4,4,0,1
"AL139352.1",1,0,1,0,0,0,0,0,0,0
"KCNK15-AS1",0,1,1,0,0,0,0,0,0,0
"WISP2",0,0,0,0,0,0,0,0,0,0
"KCNK15",0,0,1,0,0,1,0,0,0,2
"RIMS4",0,0,0,1,1,0,0,1,0,0
"YWHAB",10,11,6,15,11,9,29,10,16,5
"PABPC1L",0,1,1,0,1,1,1,0,1,2
"TOMM34",1,0,1,2,0,0,2,0,0,0
"STK4",1,2,3,3,10,2,8,6,1,13
"KCNS1",0,0,0,0,0,0,0,0,0,0
"SLPI",15,0,0,0,0,1,2,0,0,25
"MATN4",0,0,0,0,0,0,0,0,0,0
"RBPJL",0,0,0,0,0,0,0,0,0,0
"SDC4",0,0,2,0,1,1,0,3,1,2
"SYS1-DBNDD2",0,0,1,0,1,0,1,1,0,0
"TP53TG5",5,5,3,1,2,1,3,0,0,5
"PIGT",3,3,2,2,3,3,5,2,4,4
"AL031663.3",0,0,0,0,0,1,0,0,0,0
"WFDC2",0,0,0,0,0,0,1,0,0,0
"WFDC8",0,0,0,0,0,0,0,0,0,0
"WFDC9",0,0,0,0,0,0,0,0,0,0
"WFDC10A",0,0,0,0,0,0,0,0,0,0
"WFDC11",0,0,1,0,0,0,0,0,0,0
"WFDC10B",0,0,0,0,0,0,0,0,0,0
"WFDC13",0,0,0,0,0,0,0,0,0,0
"SPINT4",0,0,0,0,0,0,0,0,0,1
"WFDC3",1,0,1,0,0,0,0,0,0,0
"DNTTIP1",3,2,1,2,1,1,3,3,3,8
"UBE2C",0,0,0,0,0,0,0,0,0,0
"TNNC2",0,0,0,0,0,0,0,0,0,0
"SNX21",1,0,2,0,3,1,3,2,3,2
"ACOT8",0,2,2,0,1,3,3,0,0,3
"ZSWIM3",0,1,2,0,1,0,0,1,0,1
"ZSWIM1",0,0,0,0,0,0,0,0,0,0
"NEURL2",0,0,0,0,0,0,0,0,0,0
"CTSA",5,3,4,6,4,7,8,2,6,5
"PLTP",4,1,1,0,6,4,1,1,5,7
"PCIF1",1,1,1,0,1,0,0,2,1,1
"ZNF335",0,0,3,0,2,1,3,1,1,3
"MMP9",0,0,0,0,0,0,0,0,0,0
"SLC12A5-AS1",0,0,1,0,0,0,0,0,0,0
"SLC12A5",1,0,3,2,2,1,0,0,0,1
"NCOA5",3,4,0,1,6,3,3,6,4,3
"CD40",2,2,1,0,0,2,2,2,1,4
"CDH22",0,0,1,1,0,0,1,0,0,0
"SLC35C2",3,0,1,2,4,1,5,1,0,4
"AL133227.1",1,0,3,0,2,0,2,1,0,1
"ELMO2",1,2,2,0,2,0,2,1,3,3
"ZNF334",2,0,0,1,0,2,2,0,0,4
"OCSTAMP",0,0,0,0,0,0,0,0,0,0
"SLC13A3",6,2,4,0,2,1,1,0,2,12
"TP53RK",0,0,0,1,0,1,3,0,0,0
"AL031055.1",0,0,0,0,0,0,1,0,0,0
"SLC2A10",2,1,0,0,3,1,0,0,1,1
"EYA2",3,1,3,0,1,1,2,0,1,27
"ZMYND8",6,9,8,6,18,10,24,9,5,20
"AL031666.2",0,0,0,0,0,0,0,0,0,0
"AL031666.1",0,0,0,0,1,0,1,1,0,0
"LINC01754",1,0,0,0,0,0,0,0,0,0
"NCOA3",5,3,10,7,20,10,15,9,3,23
"SULF2",1,7,6,5,5,8,18,2,4,12
"LINC01522",0,0,0,0,0,0,0,0,0,0
"LINC00494",0,0,0,0,0,0,0,0,0,0
"PREX1",5,8,1,10,7,1,13,1,1,9
"AL133342.1",0,0,0,0,0,0,0,0,0,0
"ARFGEF2",4,8,8,3,24,5,17,8,9,17
"CSE1L-AS1",0,0,0,0,0,0,0,0,0,0
"CSE1L",1,2,2,1,2,4,8,5,3,2
"STAU1",7,3,5,5,6,5,9,2,3,11
"DDX27",1,1,1,0,2,1,0,3,0,0
"ZNFX1",2,4,2,4,3,3,9,4,0,4
"ZFAS1",2,5,7,2,2,2,6,6,3,6
"KCNB1",4,2,5,3,7,2,2,2,3,1
"PTGIS",2,0,0,0,1,0,1,0,2,2
"B4GALT5",5,6,6,6,7,0,14,5,3,13
"SLC9A8",2,0,2,4,1,0,2,6,3,1
"SPATA2",1,0,0,0,0,0,1,0,0,1
"RNF114",2,1,6,4,2,3,9,6,4,8
"SNAI1",1,1,0,0,0,0,0,0,0,0
"TMEM189-UBE2V1",0,0,0,0,0,0,0,0,0,0
"AL161937.2",0,0,1,0,0,0,0,0,0,0
"AL161937.1",0,0,0,0,0,0,0,0,0,0
"LINC01273",0,0,1,1,0,0,2,0,0,1
"CEBPB-AS1",0,0,1,0,0,0,0,0,0,0
"CEBPB",3,1,2,3,3,2,11,10,7,13
"SMIM25",0,0,0,0,0,0,0,0,0,0
"LINC01270",0,0,0,0,0,0,1,0,0,0
"LINC01271",0,0,0,0,0,0,0,0,0,0
"PTPN1",5,7,6,3,5,7,1,1,1,9
"RIPOR3",6,1,8,9,9,4,8,7,3,3
"AL353653.1",1,1,2,0,0,0,1,2,0,0
"PARD6B",1,1,0,0,0,0,0,2,1,1
"BCAS4",0,1,3,1,2,0,0,0,1,1
"ADNP",17,7,12,4,11,5,7,12,3,17
"ADNP-AS1",0,0,0,0,1,0,0,0,1,0
"DPM1",2,0,3,5,2,5,8,5,4,8
"MOCS3",1,0,0,0,0,1,0,0,2,0
"AL050404.1",0,0,0,0,0,0,0,0,0,0
"KCNG1",1,0,0,0,0,0,0,0,0,0
"NFATC2",1,1,2,0,0,0,2,0,0,4
"ATP9A",11,9,6,5,10,4,12,6,4,7
"SALL4",0,0,1,0,0,0,0,0,0,0
"LINC01429",0,0,0,0,0,0,0,0,0,0
"ZFP64",4,1,5,0,4,0,6,2,3,6
"LINC01524",0,0,0,0,1,0,0,0,0,0
"AL049765.1",0,0,0,0,0,0,0,0,0,0
"TSHZ2",11,42,34,12,39,15,53,61,13,39
"AL391097.1",0,0,0,0,0,0,0,0,0,1
"AL391097.2",1,0,0,0,0,1,0,3,0,2
"AL109930.1",4,14,11,1,6,14,14,22,2,15
"AL354993.2",0,1,0,0,0,0,0,0,0,0
"AL157838.1",0,0,0,0,2,0,0,0,0,0
"ZNF217",1,0,1,0,0,2,2,1,0,2
"AC005808.1",0,0,0,0,0,0,0,0,0,0
"BCAS1",11,8,5,9,16,0,6,2,1,6
"AC005220.1",0,0,0,0,0,0,0,0,0,0
"CYP24A1",0,0,0,0,0,0,0,0,0,0
"PFDN4",1,4,2,0,1,3,3,2,0,2
"DOK5",3,2,0,2,1,0,2,1,0,1
"LINC01440",0,0,0,0,0,0,0,0,0,0
"CBLN4",0,0,2,0,0,0,0,1,0,0
"FAM210B",0,1,2,2,0,1,1,0,3,1
"AURKA",0,0,0,0,0,0,0,0,0,0
"CSTF1",0,1,0,0,0,1,0,0,1,1
"CASS4",3,0,2,2,3,0,3,2,1,1
"RTF2",0,0,5,0,3,1,2,0,3,2
"GCNT7",0,1,0,0,0,0,0,0,0,1
"FAM209A",0,0,0,0,0,0,0,0,1,0
"FAM209B",0,0,0,0,0,0,0,0,0,0
"LINC01716",0,0,0,0,0,0,0,1,0,0
"TFAP2C",0,1,1,0,0,1,0,1,1,0
"AL157414.1",1,0,0,0,0,1,0,0,0,0
"BMP7",1,0,0,0,0,0,0,0,0,0
"AL122058.1",0,0,0,0,0,0,0,0,0,0
"RAE1",1,4,1,2,1,0,2,3,0,5
"MTRNR2L3",0,0,0,0,0,0,0,0,0,0
"AL109955.1",0,0,0,0,0,0,0,0,0,1
"RBM38",2,1,0,0,0,1,1,0,0,1
"CTCFL",0,0,0,0,0,0,0,0,0,0
"PCK1",0,0,1,1,1,2,2,11,0,1
"ZBP1",0,0,0,0,1,0,0,0,0,0
"PMEPA1",4,1,2,3,4,0,6,0,0,5
"NKILA",0,0,0,0,0,0,0,1,0,0
"C20orf85",0,0,0,0,0,0,0,0,0,0
"RAB22A",1,1,3,1,5,3,7,1,2,5
"VAPB",3,1,6,5,6,2,6,4,3,10
"APCDD1L",0,0,0,0,0,0,0,0,0,0
"AL050327.1",0,0,0,0,0,0,0,0,0,0
"STX16",0,0,0,0,0,0,0,0,0,0
"STX16-NPEPL1",0,0,0,0,0,0,1,0,1,0
"NPEPL1",2,0,0,2,4,0,0,2,2,1
"AL132655.2",0,0,0,0,0,0,0,1,0,0
"GNAS-AS1",0,0,0,0,0,0,0,1,0,0
"GNAS",14,17,23,15,23,17,48,27,22,29
"AL121917.1",0,1,0,0,0,0,0,0,0,0
"NELFCD",2,3,2,2,2,4,6,2,1,8
"CTSZ",1,1,2,2,2,2,4,4,3,2
"TUBB1",0,0,0,0,0,0,0,0,0,0
"ATP5F1E",12,8,12,13,12,26,37,39,13,9
"PRELID3B",1,0,0,0,1,2,1,1,0,0
"ZNF831",1,0,0,0,1,1,0,0,0,0
"EDN3",8,0,3,0,1,1,0,0,4,0
"AL035250.1",1,0,0,0,0,0,0,0,0,0
"PHACTR3",6,3,7,7,8,4,15,3,8,12
"AL121908.1",0,0,0,0,0,0,0,0,0,0
"SYCP2",0,1,0,3,1,0,4,1,2,2
"FAM217B",1,2,3,2,5,2,3,3,3,4
"PPP1R3D",0,1,1,0,0,1,3,1,1,0
"CDH26",0,1,0,1,3,1,0,0,1,0
"C20orf197",0,0,0,0,0,0,0,0,0,0
"AL132822.1",0,0,0,0,1,0,0,0,0,0
"MIR646HG",1,0,2,2,2,1,1,4,5,1
"AL117372.1",0,0,0,0,0,0,0,0,0,0
"CDH4",3,1,2,0,0,2,3,2,3,2
"AL160412.1",0,0,0,0,0,0,0,0,0,0
"AL162457.1",0,0,0,0,0,0,0,0,0,0
"AL162457.2",0,0,0,0,0,0,0,0,0,0
"TAF4",0,0,1,0,1,1,3,1,1,3
"AL137077.2",0,0,0,0,0,0,0,0,0,0
"LSM14B",2,1,0,2,2,2,1,0,0,0
"PSMA7",7,4,6,3,9,18,19,23,7,7
"SS18L1",2,1,1,1,0,2,5,2,2,2
"MTG2",1,0,1,0,1,1,0,1,3,0
"HRH3",0,0,0,0,0,1,0,0,0,0
"OSBPL2",2,0,2,1,1,1,2,1,1,1
"ADRM1",3,1,2,3,6,4,11,2,3,9
"AL354836.1",0,0,0,0,0,0,2,1,3,1
"LAMA5",0,3,4,4,5,2,13,3,1,6
"LAMA5-AS1",0,0,0,0,0,0,0,0,0,0
"AL121832.2",0,0,0,0,0,0,2,0,0,3
"RPS21",3,1,2,0,2,0,1,2,0,3
"CABLES2",0,0,1,1,1,0,0,1,0,1
"RBBP8NL",0,0,0,0,0,0,0,0,0,0
"AL121832.1",0,0,0,0,0,0,0,0,0,0
"MIR1-1HG-AS1",1,0,0,0,0,0,0,0,0,0
"AL357033.1",0,0,0,0,0,0,0,0,0,0
"SLCO4A1",2,8,12,20,10,18,86,13,7,12
"SLCO4A1-AS1",0,0,0,0,0,0,0,0,0,0
"NTSR1",0,0,0,0,0,0,0,0,0,0
"MRGBP",2,0,0,0,0,0,1,0,2,1
"OGFR-AS1",0,0,0,0,0,0,0,0,0,0
"OGFR",0,2,3,2,2,1,5,3,1,4
"COL9A3",2,1,0,0,1,0,3,1,0,5
"TCFL5",0,1,0,1,2,0,2,0,2,7
"DIDO1",3,6,3,0,3,3,3,5,3,6
"GID8",0,1,2,4,5,1,3,0,1,1
"SLC17A9",0,0,0,0,0,0,0,1,0,0
"LINC01749",0,0,0,0,0,0,1,0,0,0
"HAR1B",0,0,0,0,0,0,0,0,0,0
"HAR1A",0,0,0,0,0,1,0,0,0,0
"AL096828.1",0,0,0,0,0,0,0,0,0,0
"YTHDF1",1,0,1,0,2,0,4,5,1,1
"BIRC7",0,0,0,0,0,0,0,0,0,0
"NKAIN4",0,1,0,0,1,0,1,0,0,2
"AL121827.2",0,1,0,0,0,0,0,0,0,0
"ARFGAP1",2,0,3,2,4,2,4,0,2,0
"COL20A1",0,0,0,0,0,0,0,0,0,1
"CHRNA4",0,0,1,0,0,0,1,1,1,1
"AL121827.1",0,0,0,1,0,0,0,0,0,0
"KCNQ2",3,1,7,2,5,2,0,1,0,1
"AL353658.2",0,0,0,0,0,0,0,0,0,0
"AL353658.1",0,0,0,0,0,0,0,0,0,0
"EEF1A2",0,1,1,1,3,0,1,0,1,1
"AL121829.1",0,0,0,0,0,0,0,0,0,0
"PPDPF",7,6,2,4,8,11,12,15,10,11
"PTK6",0,0,0,0,0,0,0,0,0,0
"AL121829.2",0,0,0,0,0,0,0,0,0,0
"FNDC11",0,0,0,0,0,0,0,0,0,0
"HELZ2",1,1,1,1,1,0,5,0,0,4
"GMEB2",0,0,0,0,1,1,3,2,0,2
"MHENCR",0,0,1,0,0,0,1,0,1,1
"STMN3",0,1,1,1,4,1,1,2,1,0
"RTEL1",0,0,0,0,0,0,0,0,0,0
"ARFRP1",1,3,1,3,1,2,4,1,1,1
"ZGPAT",0,0,1,0,0,0,0,0,0,0
"AL121845.2",0,0,0,0,0,0,0,0,1,0
"SLC2A4RG",1,0,2,0,2,1,3,1,0,0
"ZBTB46",9,2,8,4,13,4,19,8,1,13
"AL121845.1",0,0,0,0,0,0,0,0,0,0
"ZBTB46-AS1",1,0,0,0,0,1,1,1,0,0
"AL118506.1",0,0,0,0,0,0,0,0,0,1
"TPD52L2",1,2,0,2,3,3,4,4,5,5
"DNAJC5",2,3,6,1,7,5,6,3,5,5
"UCKL1",1,0,0,2,2,2,5,1,0,1
"UCKL1-AS1",0,0,0,0,0,0,0,0,0,1
"ZNF512B",1,1,0,1,1,0,1,1,2,0
"SAMD10",0,0,0,0,0,0,0,0,0,0
"PRPF6",2,2,2,1,2,1,4,2,7,2
"C20orf204",0,0,0,1,0,0,0,0,0,0
"SOX18",0,11,0,7,5,0,21,2,4,7
"TCEA2",6,4,0,2,1,1,6,6,6,2
"RGS19",0,0,0,0,0,1,1,1,0,1
"OPRL1",0,0,0,0,0,0,0,0,0,0
"LKAAEAR1",1,0,0,0,0,0,0,0,0,0
"MYT1",0,0,0,0,0,0,0,0,0,1
"PCMTD2",3,1,1,1,3,1,6,7,1,3
"LINC00266-1",0,0,1,0,1,0,1,0,5,0
"AC092192.1",0,0,0,0,0,0,0,0,0,0
"AC016588.2",0,0,0,0,0,1,3,1,1,0
"PLPP2",1,3,3,2,2,1,6,3,0,2
"MIER2",0,0,4,0,3,1,13,1,1,0
"THEG",0,0,0,0,0,0,0,0,0,0
"C2CD4C",0,2,1,0,0,0,1,1,0,0
"SHC2",1,2,4,3,10,1,10,1,1,2
"ODF3L2",0,0,0,1,0,0,0,0,0,0
"MADCAM1",2,0,2,0,1,1,2,0,1,3
"AC005775.1",1,0,0,0,1,0,0,3,0,0
"TPGS1",3,1,2,2,2,2,3,0,5,2
"CDC34",2,0,0,2,0,3,8,2,3,3
"GZMM",0,0,0,0,0,1,0,0,0,0
"AC009005.1",0,0,0,0,0,0,0,0,0,0
"BSG",29,42,49,51,58,93,282,84,64,20
"HCN2",2,1,5,1,3,0,1,2,0,1
"POLRMT",0,0,0,2,1,0,0,0,0,0
"FGF22",0,0,0,0,0,1,0,1,1,0
"RNF126",3,1,2,1,2,2,2,2,2,5
"AC004156.1",0,0,0,0,0,0,0,0,0,0
"FSTL3",1,0,3,1,1,0,5,1,0,2
"PRSS57",0,0,0,0,0,0,0,0,0,0
"PALM",0,1,7,1,6,5,13,7,4,5
"MISP",0,0,0,0,0,0,0,1,0,0
"PTBP1",1,3,1,3,5,4,6,5,6,6
"PLPPR3",1,0,0,0,1,0,0,0,0,0
"AZU1",0,0,0,0,0,0,0,0,0,0
"PRTN3",0,0,0,0,0,0,1,0,0,0
"ELANE",0,0,0,0,0,0,0,0,0,0
"CFD",0,1,0,0,1,0,0,1,0,0
"MED16",1,0,1,2,1,1,3,1,1,1
"R3HDM4",0,1,1,1,1,0,0,1,0,1
"KISS1R",0,0,0,0,0,0,0,0,0,0
"ARID3A",4,1,3,1,0,3,1,1,4,3
"WDR18",0,0,2,1,0,2,4,1,0,6
"AC004528.1",0,0,0,0,0,0,0,0,0,0
"GRIN3B",0,0,0,0,0,0,0,0,0,0
"TMEM259",4,3,3,5,2,3,7,5,2,9
"CNN2",0,0,1,0,0,0,3,0,1,8
"ABCA7",0,0,0,0,2,1,1,0,0,4
"ARHGAP45",0,0,0,0,0,0,0,0,0,0
"POLR2E",0,2,0,6,3,3,5,4,3,1
"GPX4",6,5,9,2,8,10,14,18,3,9
"SBNO2",0,1,1,3,1,0,1,2,0,3
"STK11",0,4,0,1,0,1,2,3,1,0
"CBARP",0,0,0,0,0,0,0,0,0,0
"AC004221.1",0,0,0,0,0,0,0,0,0,0
"ATP5F1D",7,6,7,3,6,7,13,9,8,2
"MIDN",3,8,3,8,6,1,10,4,4,12
"CIRBP",21,11,8,2,7,4,11,9,11,13
"CIRBP-AS1",0,0,0,0,0,0,0,0,0,0
"C19orf24",4,0,2,0,0,4,2,5,1,2
"EFNA2",0,0,0,0,0,0,0,0,0,0
"MUM1",6,7,13,3,12,7,13,10,4,14
"AC005329.2",0,0,0,0,0,0,0,0,0,0
"NDUFS7",5,3,7,6,3,6,10,8,6,1
"AC005329.3",0,0,0,0,0,0,0,0,0,0
"AC005329.1",0,0,0,0,0,0,1,0,0,0
"GAMT",2,2,0,0,1,1,1,2,0,1
"DAZAP1",3,3,2,2,2,4,4,3,2,8
"RPS15",26,23,23,15,27,51,44,49,28,27
"AC027307.3",0,0,0,0,0,1,0,0,0,0
"APC2",1,1,1,0,1,1,1,1,1,0
"AC027307.2",0,1,0,0,0,0,0,0,0,2
"C19orf25",4,0,7,0,2,1,9,5,1,10
"PCSK4",0,0,1,0,0,0,0,0,1,1
"REEP6",0,0,0,0,0,0,0,0,0,0
"ADAMTSL5",0,0,0,0,0,0,0,0,0,0
"AC027307.1",0,0,0,0,0,0,0,0,0,0
"PLK5",0,1,0,0,1,0,0,0,0,0
"MEX3D",0,0,0,0,0,0,0,1,0,1
"MBD3",0,0,2,2,0,0,0,3,1,0
"AC005943.1",0,1,0,0,0,1,0,0,0,0
"UQCR11",0,0,0,1,1,0,0,0,1,0
"TCF3",2,2,0,0,0,1,5,1,1,1
"ONECUT3",0,0,0,0,0,0,0,1,0,0
"ATP8B3",0,0,1,0,1,0,1,0,0,0
"REXO1",0,1,0,2,3,0,3,0,0,1
"AC012615.2",0,0,0,0,0,0,0,0,0,0
"KLF16",1,0,0,0,0,0,3,0,0,0
"AC012615.1",0,0,0,1,0,1,2,0,1,2
"AC012615.5",0,0,0,0,0,0,0,0,0,0
"ABHD17A",1,2,2,1,1,0,9,3,0,4
"SCAMP4",0,0,2,0,1,0,1,2,0,2
"CSNK1G2",0,0,0,1,2,1,3,0,0,0
"BTBD2",0,0,6,0,3,2,1,3,1,1
"MKNK2",4,1,1,3,2,1,7,4,3,2
"MOB3A",2,1,1,2,1,0,2,4,3,4
"IZUMO4",0,1,1,1,1,1,0,0,1,4
"AP3D1",2,2,2,2,7,3,8,3,1,4
"DOT1L",0,0,0,0,0,0,0,0,0,1
"AC004490.1",0,0,0,0,0,0,0,0,0,0
"PLEKHJ1",2,1,4,0,3,2,1,6,3,1
"SF3A2",1,0,1,1,1,3,0,3,1,2
"AMH",1,0,0,1,0,1,1,1,0,1
"JSRP1",0,0,0,0,0,0,0,0,0,0
"OAZ1",1,0,0,0,0,0,0,0,0,0
"AC005258.1",0,0,1,0,0,1,0,1,0,0
"PEAK3",0,0,0,0,0,0,0,0,0,0
"LINGO3",0,0,0,0,0,0,0,0,0,0
"LSM7",6,0,5,0,2,6,2,10,5,4
"SPPL2B",2,1,4,2,1,1,2,0,2,4
"TMPRSS9",0,0,1,1,0,1,0,1,0,2
"TIMM13",1,3,1,0,3,2,7,4,4,2
"LMNB2",0,1,0,0,1,0,2,1,0,1
"LINC01775",0,0,0,0,0,0,0,0,0,0
"GADD45B",4,9,11,2,8,9,26,18,5,15
"GNG7",7,5,5,8,6,5,5,4,3,21
"AC092068.1",0,0,0,0,0,0,0,0,0,0
"DIRAS1",1,1,2,0,1,0,0,0,0,1
"AC006538.2",0,0,0,0,0,0,1,1,0,0
"SGTA",0,4,1,3,2,3,3,5,3,2
"THOP1",0,0,2,0,0,0,1,1,2,1
"ZNF554",0,0,0,1,0,0,0,0,0,0
"ZNF555",1,1,0,3,0,2,2,1,1,0
"AC006130.1",0,0,0,0,0,0,0,1,0,0
"ZNF556",0,0,0,0,0,0,0,0,0,1
"ZNF57",0,0,0,0,0,0,0,0,0,0
"AC119403.1",0,1,1,0,1,0,0,0,1,0
"ZNF77",1,0,1,0,0,0,0,1,0,0
"TLE6",0,0,0,0,0,0,0,0,0,0
"TLE2",1,2,1,0,2,1,3,2,3,3
"AC005944.1",0,0,0,0,0,0,0,0,0,0
"AES",2,4,7,2,12,5,10,8,7,5
"GNA11",1,1,1,0,4,4,3,5,7,4
"KF456478.1",0,0,0,0,0,0,0,0,0,0
"GNA15",0,0,0,0,0,0,0,0,0,0
"AC005264.1",0,0,0,0,0,0,0,0,0,0
"S1PR4",0,0,0,0,0,0,0,0,0,0
"NCLN",2,0,1,0,1,0,3,0,1,1
"CELF5",1,1,1,2,0,1,3,1,0,0
"AC010649.1",0,0,0,0,0,0,0,0,0,0
"NFIC",6,2,7,5,5,4,6,6,7,20
"SMIM24",0,0,0,0,0,0,0,0,0,0
"DOHH",4,3,0,3,5,1,7,0,0,4
"FZR1",0,2,1,2,3,0,1,0,2,1
"MFSD12",1,0,3,4,1,1,3,1,1,3
"C19orf71",0,1,0,0,0,0,0,0,0,0
"AC005786.3",0,1,1,0,2,0,0,0,1,1
"HMG20B",1,2,2,1,3,0,2,3,5,4
"GIPC3",0,0,0,0,0,0,0,1,0,0
"TBXA2R",0,0,1,1,2,1,0,2,0,1
"CACTIN-AS1",0,0,0,0,0,0,0,0,0,0
"CACTIN",0,0,1,2,1,0,2,0,2,0
"PIP5K1C",4,3,5,5,5,1,9,4,3,5
"TJP3",0,0,0,0,1,0,0,0,1,1
"APBA3",1,0,0,1,0,0,2,3,0,1
"AC005954.2",0,0,0,0,0,0,0,0,0,0
"MRPL54",1,1,1,0,1,3,1,1,0,3
"RAX2",0,0,0,0,0,0,0,0,0,0
"MATK",1,0,2,0,2,0,0,2,0,0
"ZFR2",0,0,1,0,0,0,0,2,0,0
"ATCAY",4,1,4,2,1,2,0,2,0,3
"NMRK2",0,0,0,0,0,0,0,0,0,0
"DAPK3",2,0,3,1,2,2,3,2,0,5
"EEF2",1,6,10,6,10,9,8,6,9,8
"PIAS4",2,0,2,2,6,1,3,1,1,1
"ZBTB7A",2,3,1,2,7,1,5,3,2,5
"MAP2K2",1,1,1,4,9,1,0,2,5,2
"CREB3L3",1,0,1,0,0,0,0,0,0,0
"SIRT6",2,1,0,0,2,1,1,4,1,5
"ANKRD24",0,1,0,0,0,0,0,0,0,3
"EBI3",0,0,0,0,1,0,2,0,0,1
"YJU2",1,0,1,1,1,0,1,0,1,1
"SHD",0,0,0,0,0,0,0,0,0,0
"TMIGD2",0,0,0,1,0,0,0,0,0,0
"FSD1",1,1,3,2,1,0,2,0,3,1
"STAP2",0,0,0,0,1,0,0,0,1,1
"AC104521.1",0,0,0,0,0,0,0,1,0,0
"MPND",0,0,0,0,0,1,1,0,1,0
"AC007292.3",0,0,0,0,0,0,0,0,0,0
"AC007292.2",0,0,0,0,0,0,0,0,0,0
"SH3GL1",0,1,2,1,2,2,4,5,0,5
"AC007292.1",0,0,0,0,1,0,0,0,0,0
"CHAF1A",0,0,0,1,2,0,0,0,0,0
"UBXN6",3,0,0,0,5,1,2,3,1,4
"AC011498.6",0,0,0,0,1,0,0,0,0,0
"AC011498.1",1,1,0,0,0,0,0,2,0,1
"HDGFL2",0,0,1,1,0,1,0,0,0,0
"PLIN4",0,0,0,0,0,0,1,0,0,0
"PLIN5",0,0,0,0,0,0,1,0,1,1
"SEMA6B",1,3,4,4,3,2,7,10,0,3
"TNFAIP8L1",1,0,5,1,0,1,2,2,0,3
"MYDGF",3,1,6,3,8,5,14,3,7,9
"DPP9",1,0,1,1,4,2,3,2,3,2
"DPP9-AS1",0,0,0,0,0,0,0,0,0,0
"MIR7-3HG",0,1,2,0,0,0,0,0,0,0
"AC005523.1",0,0,0,0,0,1,2,0,0,0
"FEM1A",0,1,1,2,1,0,3,2,0,1
"AC005523.2",0,0,0,0,0,0,0,0,0,0
"TICAM1",0,0,0,0,0,0,0,2,0,3
"PLIN3",0,0,2,2,1,0,5,0,3,4
"ARRDC5",0,0,0,0,0,0,1,0,0,0
"UHRF1",0,0,0,1,0,0,1,0,0,1
"KDM4B",1,1,4,2,6,4,8,4,1,5
"PTPRS",7,2,7,6,4,4,11,8,6,21
"TINCR",1,1,0,1,0,1,1,0,0,0
"SAFB2",3,6,4,3,8,4,6,10,10,3
"SAFB",0,1,2,1,3,2,1,6,2,4
"RPL36",10,13,7,11,19,29,21,44,44,21
"C19orf70",2,2,4,3,4,3,3,3,2,6
"LONP1",2,3,1,2,5,1,2,0,3,3
"CATSPERD",0,0,0,0,1,0,0,1,1,0
"PRR22",0,0,0,0,0,0,0,0,0,0
"DUS3L",0,0,1,0,0,0,2,0,0,1
"NRTN",0,1,0,0,0,0,0,0,0,0
"FUT6",0,0,0,0,0,0,0,0,0,0
"FUT3",0,0,0,0,0,0,0,0,0,0
"AC024592.2",0,0,0,0,0,0,0,0,0,0
"AC024592.3",0,0,0,0,0,0,0,0,0,1
"NDUFA11",0,0,0,0,0,0,0,0,0,0
"AC024592.1",0,0,0,0,0,0,0,0,0,0
"AC104532.1",0,0,0,0,0,0,0,0,0,0
"AC104532.2",0,0,0,1,0,0,1,0,0,3
"CAPS",0,1,1,0,2,0,1,2,0,1
"RANBP3",0,1,2,1,1,1,2,1,1,2
"AC011444.1",1,1,1,0,1,0,1,0,0,1
"RFX2",5,0,3,1,3,1,1,0,3,4
"AC011444.2",0,0,0,0,0,0,0,0,0,0
"AC011444.3",0,0,0,0,0,0,0,0,0,0
"ACSBG2",2,0,0,0,0,0,1,0,0,0
"MLLT1",0,0,1,0,0,3,11,3,1,3
"AC011471.2",0,0,0,0,0,0,0,0,0,1
"ACER1",0,0,2,0,1,0,1,0,0,0
"AC011491.3",0,0,0,0,0,1,0,0,0,0
"CLPP",0,3,2,3,1,3,5,2,2,1
"ALKBH7",4,1,1,3,2,2,4,4,4,0
"PSPN",0,0,0,0,0,0,2,0,0,1
"GTF2F1",1,1,1,1,0,0,2,2,1,1
"KHSRP",1,1,3,0,2,2,8,3,4,3
"SLC25A41",0,0,0,0,0,0,1,1,0,0
"SLC25A23",1,2,1,2,3,3,1,1,0,1
"CRB3",0,0,0,0,0,0,0,0,0,0
"DENND1C",0,0,0,0,0,1,0,0,0,0
"AC010503.4",0,0,0,0,0,0,0,0,0,0
"TUBB4A",6,4,5,9,6,2,6,3,5,2
"AC010503.1",0,0,0,0,0,0,0,0,0,0
"TNFSF9",0,0,1,0,0,0,2,0,0,0
"CD70",0,0,0,0,0,0,0,0,1,0
"TNFSF14",0,0,0,0,0,0,0,0,0,0
"C3",0,0,1,3,2,2,1,0,1,3
"GPR108",0,0,0,0,0,0,0,0,1,0
"TRIP10",1,0,2,0,2,2,6,4,2,1
"SH2D3A",0,0,0,0,0,0,0,0,0,0
"VAV1",0,0,1,0,1,0,4,0,0,0
"ADGRE1",0,0,0,0,0,0,0,0,0,0
"ZNF557",0,1,1,1,1,1,3,0,0,1
"INSR",17,21,20,13,29,17,48,15,17,53
"AC119396.1",0,1,1,0,0,0,0,0,0,0
"AC008878.3",0,1,1,0,0,0,0,0,0,0
"AC119396.2",0,0,0,0,0,0,0,0,0,0
"PEX11G",0,0,0,0,0,1,1,0,0,0
"TEX45",0,1,0,0,0,0,0,0,0,0
"AC008878.1",0,0,0,0,0,0,0,0,0,0
"ZNF358",0,0,3,1,4,0,2,2,0,0
"MCOLN1",2,0,0,0,3,0,1,0,0,1
"PNPLA6",0,0,1,3,1,3,4,5,1,1
"CAMSAP3",1,0,1,0,0,0,0,0,0,0
"XAB2",0,1,0,1,0,1,0,0,5,2
"PET100",0,1,0,0,0,0,0,1,0,0
"AC008763.2",0,0,0,0,0,0,0,0,0,0
"STXBP2",0,0,0,0,0,0,1,0,0,0
"RETN",0,0,0,0,0,0,0,0,0,0
"TRAPPC5",0,0,2,0,0,1,1,0,0,1
"FCER2",0,0,0,0,0,0,0,0,0,0
"CLEC4G",0,0,0,0,0,0,0,0,0,0
"CD209",0,0,0,0,0,0,0,0,0,0
"CLEC4M",0,0,0,0,0,0,0,0,0,0
"EVI5L",2,1,3,3,2,2,1,1,1,3
"PRR36",0,1,0,2,2,0,0,1,0,0
"AC010336.3",0,0,0,0,0,0,0,0,0,0
"LRRC8E",0,0,0,0,0,0,0,0,0,0
"AC010336.1",0,0,0,0,0,0,0,0,0,0
"MAP2K7",3,1,3,1,4,1,2,3,0,6
"AC010336.4",0,0,0,0,0,0,0,0,0,0
"TGFBR3L",0,1,2,0,2,0,1,0,1,0
"AC010336.2",0,0,0,0,0,0,0,0,0,0
"SNAPC2",1,0,0,1,0,0,1,1,1,0
"CTXN1",2,0,1,0,0,0,0,0,0,0
"TIMM44",1,0,0,1,1,2,3,2,0,2
"ELAVL1",2,2,2,1,3,4,7,4,2,6
"AC010336.6",0,0,0,0,0,0,1,0,0,0
"AC008946.1",0,0,0,0,0,0,0,0,0,1
"CCL25",0,0,0,0,0,0,0,0,0,0
"FBN3",1,0,0,0,0,0,0,2,1,0
"CERS4",2,4,9,4,0,1,8,1,3,12
"AC022146.2",1,2,8,2,2,1,2,3,0,9
"CD320",8,3,2,3,6,4,15,9,4,4
"AC010323.1",0,0,0,0,0,0,0,0,0,1
"NDUFA7",0,0,0,0,0,0,0,0,0,0
"RPS28",6,15,8,9,7,35,26,59,30,6
"KANK3",8,6,11,5,9,4,17,11,5,14
"ANGPTL4",5,3,29,15,20,10,20,14,6,1
"RAB11B-AS1",1,0,3,1,1,0,3,2,3,2
"RAB11B",5,4,7,2,4,8,18,9,7,6
"MARCH2",2,1,3,0,3,2,3,3,2,7
"AC136469.1",0,0,0,0,0,0,0,0,0,0
"HNRNPM",8,9,4,6,6,7,14,5,2,15
"PRAM1",0,0,0,0,1,0,0,0,0,2
"ZNF414",0,0,0,0,0,1,1,0,2,2
"MYO1F",0,2,3,1,2,0,4,1,0,4
"ADAMTS10",6,2,6,3,8,7,2,9,7,3
"AC130469.1",0,0,0,0,0,0,0,0,0,0
"LINC01862",0,0,0,0,0,0,0,0,0,0
"ZNF558",0,0,0,0,1,3,4,5,0,4
"MBD3L1",0,0,0,0,0,0,0,0,0,0
"MUC16",0,0,0,0,0,0,0,0,0,0
"OR1M1",0,0,0,0,0,0,0,0,0,0
"ZNF317",1,1,0,1,0,0,1,0,1,0
"OR7D2",0,0,0,0,0,0,0,2,0,0
"OR7D4",0,0,0,0,0,0,1,0,0,0
"AC011451.1",0,0,1,0,0,0,0,0,0,0
"ZNF699",0,0,2,0,1,0,0,1,0,2
"ZNF559-ZNF177",1,1,0,2,2,0,1,1,1,3
"ZNF266",0,0,0,1,3,1,2,2,1,3
"ZNF560",0,0,0,0,0,0,0,0,0,0
"AC008567.2",0,0,0,0,0,0,0,0,0,0
"ZNF426",1,0,1,1,1,0,0,4,0,0
"ZNF426-DT",0,0,0,0,0,0,0,1,0,0
"ZNF121",1,0,3,0,3,0,2,2,0,4
"ZNF561",2,0,0,0,1,3,2,2,1,0
"ZNF562",1,2,0,0,6,4,10,2,1,5
"AC008759.3",0,0,0,0,0,0,0,0,0,0
"AC008759.2",0,0,0,0,0,0,0,0,0,0
"ZNF846",5,2,5,1,2,2,4,3,1,10
"AC008752.1",0,0,0,0,0,0,0,0,0,0
"FBXL12",1,2,1,0,4,0,3,0,2,2
"UBL5",9,6,2,6,3,13,11,17,15,3
"AC008752.2",0,0,0,0,0,0,0,0,0,0
"PIN1",6,4,1,2,1,2,9,8,2,1
"OLFM2",3,1,4,1,1,0,1,2,1,7
"COL5A3",13,3,7,7,16,6,16,13,10,12
"AC008742.1",0,0,0,0,0,0,0,0,0,0
"RDH8",0,0,0,0,0,0,0,0,0,0
"C19orf66",5,5,5,3,1,1,7,3,5,13
"AC020931.1",0,0,0,0,0,0,0,0,0,0
"ANGPTL6",0,0,0,0,0,0,0,0,0,0
"P2RY11",0,0,1,0,0,0,0,0,1,0
"EIF3G",0,3,1,0,2,0,3,3,2,1
"DNMT1",3,1,2,2,1,5,5,2,0,0
"MRPL4",4,4,2,1,3,2,4,3,1,5
"AC011511.2",1,0,0,0,0,0,0,0,0,0
"ICAM1",3,1,0,0,1,1,2,1,0,0
"AC011511.5",0,0,0,0,0,0,0,0,0,0
"ICAM5",2,0,0,0,0,1,0,0,0,0
"ZGLP1",0,0,0,0,1,1,0,1,1,0
"AC011511.1",0,0,0,0,0,0,0,0,1,0
"AC011511.4",0,0,0,0,0,0,0,0,0,0
"RAVER1",0,0,1,0,1,0,0,0,0,1
"AC114271.1",0,0,0,0,0,0,0,0,0,0
"ICAM3",0,0,0,1,0,0,1,1,1,0
"TYK2",1,0,1,0,1,2,2,1,1,1
"CDC37",10,7,15,7,6,13,25,1,4,13
"PDE4A",1,2,2,1,4,1,0,2,4,1
"KEAP1",1,3,1,3,0,1,1,1,0,9
"S1PR5",1,1,1,1,0,1,1,0,0,2
"ATG4D",2,0,3,1,2,1,2,3,0,1
"KRI1",0,0,0,0,0,0,3,1,0,2
"CDKN2D",2,2,0,0,4,1,1,6,1,2
"AP1M2",0,0,0,0,0,0,0,0,0,0
"SLC44A2",1,5,3,6,9,1,10,5,5,3
"ILF3-DT",4,1,2,1,0,5,4,5,4,6
"ILF3",3,3,1,0,6,2,6,6,4,6
"QTRT1",2,1,3,1,3,0,2,1,2,7
"DNM2",7,7,11,7,18,3,22,5,3,9
"TMED1",1,2,1,0,1,0,1,1,1,2
"C19orf38",0,0,0,0,0,0,1,0,0,0
"CARM1",2,0,1,1,2,1,0,2,3,1
"YIPF2",1,1,1,1,2,0,1,2,1,2
"TIMM29",0,0,0,0,1,1,2,2,0,3
"SMARCA4",2,1,6,0,5,2,5,1,0,2
"AC011442.1",0,0,0,0,0,0,0,0,0,0
"LDLR",1,1,3,3,4,3,9,0,1,6
"SPC24",0,0,0,0,0,0,0,0,0,1
"KANK2",7,3,6,0,13,6,6,4,4,16
"DOCK6",11,5,11,6,22,7,23,11,7,12
"AC011472.1",0,1,0,0,0,0,0,0,1,0
"AC011472.4",0,0,0,0,0,0,0,0,0,0
"ANGPTL8",0,1,0,0,0,0,0,0,0,0
"TSPAN16",0,0,0,0,0,0,0,0,1,0
"RAB3D",0,0,1,0,2,0,3,4,1,2
"TMEM205",0,0,0,0,0,0,0,0,0,0
"CCDC159",0,0,4,1,0,0,3,0,0,4
"PLPPR2",1,1,2,4,1,3,6,3,4,5
"AC024575.1",0,0,0,0,0,0,0,0,0,0
"SWSAP1",1,0,3,0,0,0,0,1,0,0
"EPOR",2,0,0,0,1,3,2,3,2,0
"RGL3",1,0,10,3,5,7,7,5,0,7
"CCDC151",1,0,0,0,0,0,0,1,0,0
"PRKCSH",1,4,2,1,0,2,4,2,1,2
"ELAVL3",2,4,4,5,7,1,3,2,2,4
"AC008481.3",0,0,0,0,0,0,0,0,0,0
"ECSIT",2,0,2,0,1,2,3,3,2,1
"CNN1",0,0,0,0,1,1,1,3,0,0
"ELOF1",2,2,1,1,3,2,4,3,3,3
"ZNF627",3,0,2,0,2,1,0,2,3,3
"ACP5",0,0,0,0,0,0,0,0,0,0
"AC008543.1",0,0,0,0,1,0,1,0,2,0
"ZNF823",1,1,0,1,3,2,4,0,1,1
"ZNF441",1,0,2,0,0,0,4,0,1,1
"ZNF491",0,0,0,0,0,1,0,0,0,0
"ZNF440",2,1,1,0,3,0,1,2,0,1
"ZNF439",1,2,1,2,3,1,1,1,0,4
"ZNF69",0,0,2,0,3,1,3,0,4,6
"AC008770.2",0,0,0,0,0,1,1,0,1,1
"ZNF763",0,0,1,0,0,0,0,1,0,1
"ZNF433",0,0,0,0,0,0,0,0,0,1
"AC008770.1",0,0,0,0,0,0,0,0,0,0
"ZNF844",1,0,1,0,0,0,2,0,2,3
"ZNF788P",0,0,0,0,1,0,0,0,1,1
"ZNF20",1,0,3,0,2,0,1,1,1,0
"ZNF625-ZNF20",0,0,0,0,0,0,0,0,0,0
"ZNF136",2,1,1,0,2,1,1,1,0,4
"ZNF44",4,1,3,2,5,2,5,4,1,8
"ZNF563",0,0,0,0,0,0,1,1,1,1
"ZNF442",0,1,0,0,2,0,0,0,0,0
"AC008758.4",1,0,0,0,0,0,0,0,0,0
"AC008758.5",0,0,0,1,0,0,0,1,1,0
"AC008758.6",0,0,0,1,1,0,1,0,0,0
"AC008758.2",0,0,1,0,0,0,0,0,0,0
"AC008758.1",0,0,0,0,1,0,2,0,0,0
"AC010422.6",0,0,0,0,0,0,0,0,0,2
"AC010422.1",0,0,0,0,0,0,0,1,0,0
"ZNF490",1,0,4,0,7,3,1,3,1,3
"ZNF791",4,2,4,1,5,1,6,5,3,7
"AC010422.3",0,0,0,0,0,0,0,0,0,0
"MAN2B1",0,0,0,0,0,0,3,0,0,3
"AC010422.5",0,0,0,0,0,0,0,0,0,0
"WDR83",0,0,1,0,1,1,0,2,1,1
"WDR83OS",0,0,0,0,0,0,0,0,0,0
"DHPS",1,2,1,2,1,1,6,4,1,3
"AC010422.2",0,0,1,1,0,0,0,0,0,0
"FBXW9",0,0,0,1,0,0,0,0,0,1
"TNPO2",3,6,5,3,6,0,6,4,2,8
"AC018761.1",0,0,0,0,0,0,0,0,0,0
"TRIR",10,5,5,4,3,12,8,16,7,4
"ASNA1",1,1,3,1,1,1,3,5,1,2
"BEST2",0,0,0,0,0,0,0,0,0,0
"HOOK2",7,0,5,0,6,3,11,4,1,9
"JUNB",18,15,8,11,11,7,36,43,6,41
"AC018761.2",0,0,0,0,0,0,0,0,0,0
"THSD8",0,0,0,0,0,1,0,0,0,0
"RNASEH2A",0,0,0,0,0,0,0,0,0,0
"AC020934.1",0,0,0,0,0,0,0,0,0,0
"MAST1",2,0,3,1,2,0,0,2,0,0
"DNASE2",0,2,0,1,2,1,1,0,2,1
"KLF1",0,0,0,0,0,0,0,0,0,0
"GCDH",2,2,0,1,2,3,6,4,0,3
"SYCE2",0,1,0,0,1,0,1,0,0,0
"FARSA",3,1,4,2,2,1,0,2,0,3
"CALR",7,6,5,2,7,15,19,14,4,15
"AC092069.1",1,0,4,0,0,6,1,2,0,6
"RAD23A",7,5,0,6,2,3,11,8,3,9
"GADD45GIP1",3,8,5,5,5,7,8,9,10,3
"DAND5",0,0,0,0,0,0,0,0,0,0
"NFIX",6,4,5,4,9,3,5,3,3,10
"AC138474.1",0,0,0,0,0,0,0,0,0,0
"LYL1",1,0,0,0,0,0,4,0,0,1
"TRMT1",2,2,0,1,3,2,5,3,1,6
"NACC1",0,2,0,1,1,0,0,3,1,3
"AC011446.1",0,0,0,0,0,0,0,0,0,0
"STX10",2,1,2,0,0,1,4,2,0,2
"IER2",4,7,8,12,7,2,7,8,5,17
"CACNA1A",2,1,9,0,9,5,4,9,0,4
"CCDC130",1,3,3,1,5,1,10,2,1,5
"MRI1",3,2,1,0,1,0,4,1,1,4
"AC008686.1",0,0,0,0,0,0,0,0,0,0
"C19orf53",8,2,9,2,4,5,21,12,6,3
"ZSWIM4",3,2,1,1,0,1,0,0,0,3
"AC020916.1",1,1,2,1,3,1,2,0,2,3
"NANOS3",1,0,0,0,0,0,1,0,0,0
"C19orf57",1,0,0,0,0,0,1,0,0,0
"CC2D1A",3,1,7,0,6,1,7,2,2,5
"PODNL1",1,0,1,0,0,0,0,0,0,0
"DCAF15",1,1,0,3,2,0,2,1,1,1
"RFX1",1,0,2,3,1,2,2,3,2,3
"IL27RA",1,0,2,0,2,1,8,0,1,3
"PALM3",0,0,0,0,0,0,0,0,0,0
"MISP3",0,1,1,0,1,1,0,1,2,0
"SAMD1",1,0,2,0,0,0,4,0,0,3
"PRKACA",3,0,2,0,3,0,8,7,1,2
"AC022098.3",0,0,0,0,0,0,1,0,0,0
"ASF1B",1,0,0,0,0,1,2,1,1,1
"AC022098.1",0,0,1,1,3,1,1,2,0,4
"ADGRL1",1,2,5,1,4,3,3,2,3,3
"AC011509.2",0,0,2,1,0,1,0,1,0,0
"LINC01841",0,0,0,0,0,0,0,0,0,1
"LINC01842",0,0,0,0,0,0,0,0,1,0
"ADGRE5",4,2,2,1,2,1,2,1,3,3
"AC008569.1",0,1,0,0,0,0,2,0,0,1
"DDX39A",2,0,2,0,0,2,1,1,0,2
"PKN1",6,1,3,2,3,2,8,0,3,4
"PTGER1",0,0,0,0,0,0,0,0,0,0
"GIPC1",4,1,3,1,2,5,6,0,0,4
"DNAJB1",1,1,2,1,3,9,12,2,3,2
"TECR",10,6,11,7,5,9,14,12,3,9
"NDUFB7",6,8,10,4,7,7,16,15,11,8
"CLEC17A",0,0,0,0,0,0,0,0,0,1
"ADGRE3",2,1,1,0,1,1,1,2,0,0
"ZNF333",1,2,3,0,3,0,3,2,0,3
"ADGRE2",1,0,2,1,1,0,5,0,0,1
"OR7C1",1,0,0,0,2,0,0,2,0,1
"OR7A10",0,0,0,0,0,0,0,0,0,0
"OR7A17",0,0,0,0,0,0,0,0,0,0
"SLC1A6",0,0,1,0,0,1,1,0,0,0
"CCDC105",0,0,0,0,0,0,0,0,0,0
"CASP14",0,0,0,0,0,0,0,0,0,0
"OR1I1",0,0,0,0,0,0,0,0,0,0
"SYDE1",0,1,1,0,5,0,4,3,3,2
"ILVBL",1,0,0,1,3,2,2,2,2,2
"AC003956.1",0,0,0,0,0,0,0,0,0,0
"NOTCH3",7,5,12,12,15,26,15,31,9,12
"AC004257.1",1,0,0,0,0,0,0,0,0,0
"EPHX3",0,0,0,0,0,0,0,0,1,0
"BRD4",5,8,4,2,11,4,10,6,6,9
"AC005776.2",0,0,0,0,0,0,1,0,0,0
"AKAP8",1,1,2,0,3,1,4,0,1,7
"AKAP8L",2,5,4,3,7,4,9,3,2,11
"WIZ",0,0,1,1,0,2,0,1,0,0
"RASAL3",0,0,0,0,0,0,1,0,0,0
"PGLYRP2",0,0,1,0,0,0,0,0,1,0
"CYP4F22",0,0,0,0,0,0,1,0,0,1
"CYP4F8",0,0,0,0,0,0,0,0,0,0
"CYP4F3",1,0,0,0,0,0,0,0,0,0
"CYP4F12",0,0,0,0,0,0,0,0,0,0
"AC004597.1",0,0,0,0,0,0,0,0,0,0
"OR10H5",0,0,0,0,0,0,0,0,0,0
"OR10H1",0,0,0,0,0,0,0,0,0,0
"CYP4F2",0,0,0,0,0,0,0,0,0,0
"CYP4F11",0,0,0,0,0,0,0,0,0,0
"TPM4",9,5,6,5,8,8,11,15,5,22
"RAB8A",1,1,3,0,0,2,3,1,1,2
"AC008894.2",0,0,0,0,0,0,0,0,0,0
"HSH2D",1,0,0,0,0,0,1,1,0,0
"CIB3",0,0,0,0,0,0,0,0,0,0
"FAM32A",1,0,1,0,1,0,2,4,0,3
"AC020911.1",0,0,0,0,0,0,0,0,0,0
"AP1M1",2,3,2,1,3,3,4,4,3,6
"AC020911.2",1,0,0,0,1,1,0,0,0,1
"KLF2",3,5,4,7,9,11,35,6,5,36
"AC020917.3",0,0,0,0,0,0,0,0,0,0
"EPS15L1",7,1,4,0,3,3,9,6,6,10
"AC020917.2",1,0,0,0,0,0,0,1,0,0
"AC008764.1",0,0,1,1,0,1,2,0,0,1
"C19orf44",0,0,1,0,2,0,0,1,1,1
"AC008764.6",0,0,0,0,0,0,0,0,0,0
"AC008764.5",0,0,0,0,0,0,0,0,0,0
"AC008764.8",0,0,2,0,0,0,0,1,0,0
"AC008764.4",0,0,0,0,0,0,1,0,0,0
"AC008764.2",0,0,0,0,0,0,1,0,0,0
"AC024075.3",0,0,0,0,0,0,0,0,0,0
"SMIM7",0,0,0,0,0,0,0,0,0,0
"TMEM38A",0,0,1,0,3,2,0,0,1,2
"NWD1",0,0,0,0,0,0,4,0,0,0
"SIN3B",2,2,5,1,1,3,4,2,1,6
"F2RL3",0,0,0,0,0,0,0,1,0,0
"CPAMD8",3,1,2,0,0,1,6,0,4,5
"AC020908.2",0,0,0,0,0,0,0,0,0,0
"HAUS8",1,0,1,0,0,0,0,2,0,0
"AC020908.1",0,0,0,0,0,0,0,0,0,0
"MYO9B",5,2,9,4,11,4,13,6,6,11
"AC020908.3",0,0,0,0,0,0,0,0,0,0
"AC020913.1",0,0,1,0,2,0,0,0,0,0
"USE1",3,3,3,0,1,1,2,2,0,3
"OCEL1",1,1,1,1,2,2,1,2,1,1
"NR2F6",0,2,2,1,4,2,2,1,4,1
"USHBP1",1,0,2,1,0,1,1,1,0,1
"ANKLE1",0,0,0,0,0,0,0,0,0,0
"ABHD8",1,0,2,3,4,2,5,1,1,2
"MRPL34",0,0,1,0,0,4,4,3,4,1
"DDA1",4,1,6,0,1,2,3,0,1,2
"ANO8",0,1,1,0,0,0,0,0,1,0
"GTPBP3",2,1,2,0,0,1,2,1,1,1
"PLVAP",0,0,0,0,0,0,0,0,0,0
"CCDC194",0,0,0,0,0,0,0,0,0,0
"BST2",3,9,7,6,10,16,36,22,4,7
"MVB12A",0,1,1,0,0,1,3,1,3,0
"AC010319.4",0,0,0,0,0,0,0,0,0,1
"TMEM221",0,0,1,0,0,0,0,0,0,0
"AC010319.2",0,0,0,0,0,0,0,0,0,0
"SLC27A1",4,3,4,2,9,3,3,4,1,4
"AC010618.3",2,2,2,0,2,1,2,2,0,5
"PGLS",1,1,1,1,0,2,4,5,1,1
"AC010618.2",0,0,0,0,0,0,0,0,0,0
"FAM129C",0,0,0,0,0,0,0,0,0,2
"COLGALT1",2,0,0,0,3,1,4,4,1,4
"UNC13A",2,1,0,0,1,0,1,0,0,1
"MAP1S",2,2,2,1,1,2,6,1,1,0
"AC008761.1",0,0,0,0,1,0,0,0,0,0
"FCHO1",1,0,1,2,1,0,3,0,2,2
"B3GNT3",0,0,0,0,1,0,0,0,0,0
"INSL3",0,0,0,0,0,0,0,0,0,0
"JAK3",0,0,0,0,1,1,1,1,0,0
"RPL18A",1,0,0,0,0,0,0,0,0,1
"SLC5A5",0,0,0,0,0,1,1,0,0,0
"CCDC124",2,3,2,3,0,1,5,5,2,1
"KCNN1",1,0,0,0,0,0,0,1,0,0
"ARRDC2",1,1,6,5,1,3,10,1,9,4
"IL12RB1",1,0,1,1,1,0,0,0,0,0
"MAST3",8,3,4,5,7,1,2,2,0,5
"AC007192.2",2,0,3,0,0,1,0,0,0,8
"AC007192.1",0,0,0,0,0,0,0,0,0,0
"MPV17L2",0,1,0,0,0,1,0,0,0,0
"RAB3A",10,3,3,2,2,0,0,1,0,2
"AC005759.1",0,0,2,0,1,0,0,0,0,0
"AC008397.2",0,0,0,0,0,0,0,0,0,0
"IQCN",1,0,0,0,0,0,0,0,0,0
"JUND",4,4,9,12,11,12,18,9,11,12
"LSM4",2,4,0,2,0,4,4,4,2,2
"PGPEP1",2,0,3,0,2,0,1,3,4,1
"GDF15",0,0,2,0,0,1,5,0,2,6
"LRRC25",0,0,0,0,0,0,0,0,0,0
"SSBP4",2,0,2,0,3,0,3,1,0,5
"ISYNA1",7,0,7,3,9,12,14,18,13,8
"ELL",2,1,2,1,3,2,2,2,1,7
"AC005387.1",0,0,0,0,0,0,0,0,0,0
"FKBP8",5,4,8,7,8,4,13,12,3,4
"AC005387.2",0,0,0,0,0,0,0,0,0,0
"KXD1",1,2,1,2,2,2,3,4,3,0
"AC005253.1",2,1,0,0,0,1,1,0,1,0
"AC005253.2",0,0,0,0,0,0,0,0,0,0
"UBA52",9,11,2,8,11,18,14,14,13,7
"CRLF1",3,0,7,2,6,2,8,5,2,5
"REX1BD",2,2,3,2,4,1,11,2,3,2
"TMEM59L",11,1,4,3,1,2,0,2,3,1
"KLHL26",0,0,1,0,1,1,1,0,0,0
"CRTC1",2,1,3,0,3,0,5,2,1,1
"COMP",0,0,0,0,0,0,0,0,0,0
"UPF1",0,0,2,1,3,1,3,2,2,0
"CERS1",0,0,0,0,0,0,0,0,0,0
"AC005197.1",0,0,0,0,0,0,0,0,0,0
"COPE",4,1,3,1,3,4,6,3,3,2
"AC002985.1",0,0,0,0,0,0,0,0,0,0
"DDX49",1,0,1,1,2,1,3,3,1,0
"HOMER3",0,0,0,0,0,0,0,0,0,0
"HOMER3-AS1",0,0,0,0,0,0,0,0,0,0
"SUGP2",4,4,5,3,4,1,7,3,5,5
"ARMC6",2,0,2,0,0,1,0,0,0,0
"SLC25A42",0,0,3,1,2,1,2,2,2,1
"TMEM161A",3,0,1,0,0,1,1,1,1,3
"BORCS8-MEF2B",1,0,0,0,0,0,0,0,0,1
"RFXANK",3,0,2,0,2,3,4,5,0,0
"NR2C2AP",1,0,2,0,0,0,2,0,0,0
"NCAN",0,0,4,4,4,1,1,3,2,1
"HAPLN4",0,2,0,2,0,0,0,0,0,0
"TM6SF2",0,1,0,0,0,0,0,1,1,0
"SUGP1",3,3,1,0,0,1,1,2,0,1
"MAU2",2,1,1,0,3,2,2,1,1,12
"GATAD2A",5,1,3,5,7,1,4,5,1,12
"TSSK6",0,0,0,0,1,0,0,0,0,0
"NDUFA13",0,0,0,0,0,0,0,0,0,0
"YJEFN3",1,1,1,0,1,3,0,0,1,0
"CILP2",0,0,0,0,0,0,0,0,0,0
"PBX4",1,0,1,0,0,0,0,0,0,1
"AC002306.1",0,0,0,0,0,0,0,0,0,0
"LPAR2",0,0,0,0,0,0,0,0,1,1
"GMIP",0,0,0,0,1,0,2,0,0,0
"ATP13A1",0,1,1,4,0,1,2,1,4,3
"ZNF101",0,0,3,0,3,1,2,0,0,0
"ZNF14",3,1,1,0,1,1,0,2,0,1
"LINC00663",0,0,0,0,0,0,0,0,0,0
"AC011477.4",1,1,1,0,2,0,1,2,0,2
"ZNF506",0,0,0,0,0,0,0,0,0,0
"ZNF253",2,0,0,0,3,0,3,1,0,3
"AC011477.3",0,0,0,0,0,0,0,0,0,0
"ZNF93",0,0,0,0,0,0,0,0,0,0
"ZNF682",2,0,2,2,0,0,2,3,0,2
"ZNF90",1,4,3,1,4,0,11,6,2,3
"AC011447.3",0,1,1,0,3,0,1,5,2,2
"ZNF486",0,1,0,0,1,0,0,0,0,1
"AC008554.1",0,0,0,1,0,0,0,0,0,0
"ZNF737",0,0,3,0,5,1,2,3,1,0
"AC010636.2",0,0,0,0,0,0,2,0,0,1
"ZNF66",1,0,1,0,0,0,1,0,0,0
"ZNF85",0,0,0,0,0,0,1,0,1,0
"AC008739.1",0,0,0,0,0,0,0,0,0,0
"ZNF430",1,0,0,0,3,0,0,0,0,9
"ZNF714",0,1,3,0,1,1,3,0,0,2
"ZNF431",5,5,1,0,4,2,6,3,5,2
"ZNF708",5,5,4,0,9,3,3,3,2,9
"ZNF738",0,0,1,0,0,0,3,2,0,2
"ZNF493",1,1,3,2,0,0,3,4,1,1
"AC010615.4",2,2,4,3,4,0,4,1,1,5
"LINC00664",0,0,0,0,0,0,0,0,0,0
"ZNF429",3,3,3,0,2,1,2,0,1,4
"AC123912.1",0,0,2,0,0,0,1,1,0,2
"AC123912.4",0,0,0,0,0,0,0,0,0,0
"AC123912.2",0,0,0,0,0,0,0,0,0,0
"ZNF100",1,1,4,1,1,2,3,2,2,0
"AC092364.1",0,0,0,0,0,0,0,0,0,0
"ZNF43",3,3,3,2,1,1,2,2,1,2
"ZNF208",3,0,3,0,1,2,4,2,0,6
"AC003973.2",0,0,0,0,0,0,0,0,0,0
"ZNF257",0,0,0,0,0,0,2,1,0,1
"ZNF676",0,0,0,0,1,0,1,1,0,0
"ZNF729",0,0,0,0,0,0,0,0,0,0
"ZNF98",1,2,1,1,2,0,0,0,0,3
"AC011516.1",0,0,0,0,0,0,0,0,0,0
"LINC01233",0,0,0,0,0,0,0,0,0,0
"LINC01785",0,0,0,0,0,0,0,0,0,0
"ZNF492",0,0,0,0,0,0,0,0,0,0
"AC024563.1",0,1,1,0,0,0,0,0,0,0
"ZNF99",0,0,0,0,0,0,0,0,0,0
"ZNF723",0,0,0,0,0,0,0,0,0,0
"ZNF728",0,0,0,0,0,0,0,0,0,0
"LINC01858",0,0,0,0,0,0,0,0,0,0
"ZNF730",2,0,2,1,1,1,0,0,0,2
"ZNF724",0,0,1,0,0,0,0,1,0,0
"AC092329.3",0,0,0,1,1,0,0,0,0,1
"ZNF91",3,3,2,2,11,2,12,8,5,17
"AC010300.1",0,0,0,0,0,0,0,0,0,0
"LINC01224",0,0,0,0,0,0,0,0,0,0
"ZNF675",2,2,2,1,1,6,3,5,3,5
"ZNF681",0,0,2,0,0,0,0,0,0,0
"AC139769.2",0,0,0,0,1,0,4,0,0,0
"ZNF726",1,1,1,0,0,0,1,0,0,0
"AC011503.1",2,0,1,0,5,0,0,0,1,1
"ZNF254",3,2,7,3,4,6,6,7,8,12
"AC073534.2",0,0,0,0,0,0,0,0,0,0
"ERVK-28",1,0,0,0,0,0,0,0,0,0
"LINC00662",2,1,7,0,7,1,8,5,7,6
"AC006504.5",1,1,3,1,1,3,1,1,1,2
"AC006504.2",0,0,1,0,0,0,0,0,0,0
"AC010511.1",0,0,0,0,0,0,0,0,0,0
"AC005580.1",0,0,0,0,0,0,0,0,0,0
"AC005381.1",0,0,0,0,0,0,0,0,0,0
"AC005394.1",0,0,0,0,0,1,0,0,0,0
"AC005616.1",0,0,0,0,1,0,0,0,0,0
"AC079466.2",0,0,1,0,0,0,0,0,0,0
"AC008991.1",0,0,0,0,1,1,0,0,0,2
"AC011524.2",0,0,0,0,0,0,0,0,0,0
"LINC00906",0,0,0,0,0,0,0,0,0,0
"LINC01532",0,0,0,0,0,0,0,0,0,0
"UQCRFS1",2,5,3,2,1,5,6,11,2,2
"AC007786.1",0,0,0,0,0,0,0,0,0,0
"AC007786.2",0,0,0,0,0,0,0,0,0,0
"AC007786.3",0,0,0,0,0,0,0,0,0,0
"AC011474.2",0,0,0,0,0,0,0,0,0,0
"VSTM2B",1,1,0,0,1,0,2,0,0,0
"POP4",1,0,0,1,2,2,1,1,0,1
"PLEKHF1",1,0,0,0,0,1,0,3,1,2
"C19orf12",1,2,5,1,1,0,4,2,1,1
"CCNE1",0,0,0,0,0,0,0,1,0,1
"URI1",6,4,5,7,15,6,32,4,7,5
"AC005597.1",0,0,0,0,0,0,0,0,0,0
"ZNF536",4,16,9,3,8,4,21,4,5,28
"AC011478.1",0,0,0,0,0,0,0,0,0,0
"AC011507.1",0,0,0,0,0,0,0,0,0,0
"AC020912.1",0,0,0,0,0,0,0,0,0,0
"LINC01791",0,0,0,0,0,0,0,0,0,0
"TSHZ3",3,2,2,2,6,2,5,5,2,12
"AC025809.1",1,1,2,0,0,0,0,0,1,0
"AC008992.1",0,0,0,0,0,0,0,0,0,0
"AC011525.1",0,0,0,0,0,0,0,0,0,0
"LINC01837",0,0,0,1,0,0,0,0,0,0
"LINC01533",0,0,0,0,0,0,0,0,0,0
"ZNF507",2,0,0,2,1,1,4,6,2,1
"AC007773.1",0,0,0,0,1,0,0,1,0,0
"DPY19L3",1,3,0,1,2,4,5,1,2,6
"PDCD5",1,1,1,1,1,1,4,3,4,3
"ANKRD27",4,3,4,2,4,0,2,2,4,5
"AC008474.1",0,0,0,0,0,0,0,0,0,0
"RGS9BP",0,0,0,0,0,0,0,0,0,0
"AC008736.1",0,0,0,0,0,0,0,0,0,0
"NUDT19",0,0,1,0,0,0,1,0,0,0
"TDRD12",0,0,0,0,0,0,1,0,0,0
"SLC7A9",0,0,0,0,0,0,0,0,0,1
"AC008805.2",0,0,0,0,0,0,1,0,0,0
"CEP89",1,0,1,1,1,0,1,1,0,5
"FAAP24",0,0,0,0,0,0,0,0,0,0
"RHPN2",1,0,0,1,0,0,2,2,2,0
"GPATCH1",0,4,1,0,3,1,1,0,1,2
"WDR88",1,0,3,0,1,1,0,0,0,2
"LRP3",3,0,2,2,4,1,0,1,0,1
"SLC7A10",0,0,1,0,1,0,0,0,0,0
"AC008738.4",0,0,0,0,0,0,0,0,0,0
"CEBPA",0,0,0,0,0,0,0,1,0,0
"CEBPA-DT",0,0,0,0,0,0,0,0,0,0
"AC008738.2",0,0,0,0,0,0,0,0,0,0
"CEBPG",0,2,0,2,2,0,4,2,1,3
"PEPD",1,2,1,1,3,1,2,5,2,0
"CHST8",0,0,0,0,0,0,0,1,0,1
"KCTD15",0,0,4,1,2,1,4,1,0,2
"AC008556.1",0,0,0,0,0,0,0,0,0,0
"LSM14A",14,4,11,7,22,9,18,17,6,17
"KIAA0355",6,13,4,1,13,9,17,8,5,20
"AC010504.1",0,0,0,0,2,0,1,0,1,1
"GPI",6,3,6,3,3,0,6,4,1,7
"AC092073.1",0,0,0,0,0,0,0,0,0,0
"PDCD2L",0,1,0,0,1,0,0,0,0,1
"AC008747.1",0,0,0,0,0,0,0,0,0,0
"UBA2",6,2,6,6,10,12,10,18,4,11
"WTIP",3,1,3,1,4,0,0,4,2,3
"SCGB1B2P",0,0,0,0,0,0,0,0,0,0
"SCGB2B2",5,0,3,1,3,1,4,3,1,6
"ZNF302",6,1,8,6,7,7,12,3,6,22
"AC020910.4",0,0,0,0,0,0,0,0,0,1
"ZNF181",0,0,0,0,1,1,0,1,1,1
"ZNF599",0,0,0,0,1,0,2,1,1,2
"LINC01801",0,0,0,0,0,0,0,0,0,0
"AC008555.5",0,0,0,0,1,0,0,0,0,0
"LINC00904",0,0,0,0,0,0,0,0,0,0
"ZNF30-AS1",0,0,0,0,0,0,0,0,0,0
"ZNF30",2,1,1,0,1,0,0,0,1,2
"ZNF792",0,0,0,1,0,0,1,0,0,0
"GRAMD1A",1,7,11,1,8,3,5,8,0,14
"AC020907.4",0,0,0,0,0,0,0,0,0,0
"SCN1B",1,0,0,0,3,1,1,0,1,1
"HPN",0,0,0,0,0,0,0,0,0,0
"HPN-AS1",2,0,0,1,5,0,6,0,0,1
"AC020907.1",0,0,0,0,0,0,0,0,0,0
"FXYD3",0,0,1,1,0,0,2,0,0,0
"LGI4",0,2,5,1,3,1,1,7,5,5
"FXYD1",1,0,3,0,1,0,0,2,1,2
"FXYD7",0,1,3,0,2,2,0,0,0,3
"FXYD5",3,6,3,2,1,3,6,8,3,6
"FAM187B",0,0,0,0,0,0,0,0,0,0
"LSR",2,1,2,3,4,3,9,3,5,2
"AC002128.2",0,0,0,0,0,0,0,0,0,0
"USF2",3,0,2,1,6,1,1,5,4,4
"HAMP",1,0,0,0,0,0,0,0,0,0
"MAG",11,11,10,3,4,1,9,0,3,4
"CD22",2,3,4,8,5,2,9,1,3,12
"FFAR1",0,0,0,0,0,0,0,0,0,0
"FFAR3",0,0,0,0,0,0,0,0,0,0
"GPR42",0,0,0,0,0,0,0,0,0,0
"LINC01531",0,0,0,0,0,0,0,0,0,0
"FFAR2",0,0,0,0,0,0,0,0,0,0
"KRTDAP",0,0,0,0,0,0,0,0,0,0
"DMKN",2,2,0,0,0,0,0,0,0,3
"SBSN",0,0,0,0,0,0,0,0,0,0
"GAPDHS",1,0,0,0,0,0,0,0,0,0
"TMEM147-AS1",0,0,0,2,0,0,0,0,0,1
"TMEM147",2,0,6,2,1,2,4,8,3,1
"ATP4A",0,0,0,0,0,0,0,0,0,0
"AD000090.1",0,0,0,0,0,0,1,1,0,0
"LINC01766",0,0,0,0,0,0,0,0,0,0
"HAUS5",0,1,2,0,1,0,2,0,0,3
"RBM42",1,0,0,2,2,2,4,1,1,3
"ETV2",0,0,1,0,0,0,0,0,0,0
"COX6B1",10,2,4,4,4,11,8,12,12,7
"UPK1A",0,0,0,0,0,0,0,0,1,0
"UPK1A-AS1",0,0,0,0,1,0,0,0,0,0
"ZBTB32",0,0,1,0,0,0,0,0,1,0
"KMT2B",0,1,1,1,3,0,2,1,1,2
"IGFLR1",0,0,0,0,0,0,0,0,1,0
"PSENEN",0,0,0,0,0,0,0,0,0,0
"AD000671.3",0,0,0,0,0,0,0,0,0,0
"AC002398.2",0,0,0,0,0,0,0,0,0,0
"HSPB6",0,0,0,0,0,0,0,2,0,0
"PROSER3",0,1,0,2,0,0,2,0,0,0
"AC002398.1",0,0,0,0,0,1,0,0,0,0
"ARHGAP33",0,0,1,0,2,0,1,0,1,3
"PRODH2",0,0,0,0,1,0,0,0,0,0
"NPHS1",1,0,0,0,0,1,0,0,0,0
"KIRREL2",0,0,0,0,0,0,0,0,0,0
"APLP1",24,20,13,12,9,7,40,8,5,22
"NFKBID",1,0,0,0,0,0,0,0,0,0
"HCST",0,0,0,0,1,0,0,0,0,0
"TYROBP",0,0,0,0,1,0,0,0,1,0
"LRFN3",0,0,1,1,2,0,0,1,1,0
"AF038458.3",0,0,0,1,0,0,0,0,0,0
"AF038458.2",0,0,1,0,0,0,0,0,0,0
"SDHAF1",2,1,3,1,0,1,2,1,0,1
"SYNE4",0,0,0,0,0,0,0,0,0,0
"ALKBH6",0,2,0,1,1,1,1,0,1,0
"AC002116.2",0,0,0,0,1,0,0,0,0,0
"CLIP3",0,4,4,4,5,1,2,2,1,0
"THAP8",0,1,2,0,1,1,0,0,0,0
"WDR62",0,0,0,0,0,0,2,0,0,0
"OVOL3",0,0,1,0,0,0,0,0,0,0
"POLR2I",1,0,4,1,1,3,1,6,3,0
"TBCB",8,6,8,2,5,7,12,4,7,7
"CAPNS1",1,1,6,4,0,4,8,4,5,3
"AD001527.1",0,0,0,0,0,0,0,0,0,0
"COX7A1",0,4,3,3,3,6,3,2,2,1
"ZNF565",12,26,27,4,7,5,11,8,4,27
"ZNF146",2,7,4,5,5,3,6,5,0,12
"AC012617.1",0,0,0,0,0,0,0,0,0,0
"LINC00665",1,0,0,0,1,0,0,3,0,2
"ZFP14",3,5,7,2,6,0,6,1,2,8
"ZFP82",2,1,3,2,2,3,1,0,1,4
"ZNF566",2,0,2,3,1,2,7,3,2,3
"AC092295.2",0,0,0,0,0,0,0,0,0,0
"ZNF260",4,2,1,0,3,1,2,1,0,2
"AC092295.1",0,0,0,0,0,0,0,0,0,0
"ZNF529",7,3,4,4,1,1,6,2,3,6
"ZNF529-AS1",3,2,1,0,2,0,3,1,1,4
"ZNF382",0,1,0,1,2,0,0,2,3,2
"ZNF461",0,1,0,0,1,0,1,0,0,0
"AC074138.1",0,0,0,0,0,0,0,0,0,0
"LINC01534",0,0,0,0,0,0,0,0,1,0
"ZNF567",0,0,1,0,1,0,1,1,0,1
"ZNF850",1,2,1,0,3,0,0,0,0,1
"AC020928.2",0,0,0,0,1,0,0,0,0,0
"AC020928.3",0,0,0,0,0,0,0,0,0,0
"AC020928.1",2,0,1,3,3,1,3,0,2,2
"ZNF790",3,6,5,1,3,3,1,1,3,2
"ZNF345",5,0,1,2,5,4,4,4,2,4
"ZNF829",0,1,0,0,0,2,0,0,0,0
"ZNF568",3,0,3,3,6,0,1,0,0,6
"ZNF420",6,0,6,0,4,1,6,7,1,7
"AC010632.1",0,0,0,0,0,0,0,0,0,0
"AC012309.1",0,0,1,0,0,0,0,0,0,1
"ZNF585B",1,0,0,0,0,1,0,0,2,0
"ZNF383",2,0,2,0,2,2,1,0,1,1
"LINC01535",0,0,1,1,0,0,0,0,0,0
"AC016590.1",0,0,0,0,0,0,0,0,1,0
"HKR1",0,1,2,0,0,1,2,5,3,2
"AC016590.3",0,0,0,0,0,0,0,0,0,0
"ZNF527",1,0,1,0,0,0,1,0,0,0
"ZNF569",1,3,1,3,1,4,3,2,0,2
"ZNF570",0,0,2,0,0,0,4,0,3,1
"ZNF793-AS1",0,0,0,0,0,0,0,0,0,1
"ZNF793",2,0,1,1,2,0,2,1,2,0
"AC022148.1",0,0,0,0,0,0,0,0,0,0
"ZNF540",0,4,5,2,5,1,3,5,1,2
"ZNF571",1,0,2,2,3,0,5,3,0,4
"ZFP30",2,2,1,2,3,1,7,2,1,2
"AC093227.2",0,0,1,0,0,0,0,0,0,0
"ZNF607",0,0,0,0,0,0,0,0,0,0
"AC093227.1",0,0,0,0,0,0,0,0,0,0
"ZNF573",1,1,4,0,6,2,6,1,0,3
"WDR87",0,0,0,0,0,0,0,0,0,0
"SIPA1L3",3,4,9,6,12,1,6,3,2,11
"DPF1",4,0,2,1,1,1,1,0,0,0
"SPINT2",3,0,4,1,2,1,4,0,0,0
"PPP1R14A",12,14,11,9,10,9,33,12,10,14
"AC011479.1",0,0,0,0,0,0,1,0,0,0
"C19orf33",0,0,0,0,0,0,4,0,0,0
"YIF1B",1,1,1,0,3,0,4,2,0,4
"KCNK6",0,1,1,0,2,0,1,1,1,1
"CATSPERG",2,1,0,0,2,2,1,0,1,6
"PSMD8",0,5,3,3,4,3,8,9,1,2
"GGN",0,0,0,0,0,0,0,0,0,0
"SPRED3",0,1,0,1,0,0,1,0,0,1
"FAM98C",0,0,2,1,2,1,0,2,0,2
"RASGRP4",0,0,0,0,0,0,0,0,0,0
"RYR1",0,0,2,0,1,0,2,1,0,5
"AC067969.1",0,0,0,0,0,0,0,0,0,0
"MAP4K1",0,0,0,0,0,0,0,0,0,0
"AC008649.1",0,0,0,0,0,0,0,0,0,0
"EIF3K",5,5,2,4,1,10,6,5,3,6
"ACTN4",15,16,8,12,16,13,21,15,8,30
"AC008649.2",0,0,0,0,0,0,0,0,0,0
"CAPN12",0,0,0,0,0,0,0,0,0,3
"AC022144.1",0,0,0,0,0,0,0,0,0,0
"LGALS4",0,0,0,0,0,1,0,0,0,1
"ECH1",3,3,3,2,4,4,10,4,4,5
"AC008982.1",0,0,0,0,0,0,0,0,0,0
"HNRNPL",3,4,2,8,2,1,4,7,7,5
"RINL",0,0,0,0,0,1,0,0,0,0
"AC011455.1",0,0,0,0,0,0,0,0,0,0
"SIRT2",2,1,8,4,4,7,10,6,4,10
"NFKBIB",2,0,0,0,0,3,2,0,0,5
"CCER2",0,0,0,0,0,0,0,0,1,0
"SARS2",0,0,1,1,0,0,0,0,2,0
"AC011455.2",0,0,0,0,0,0,0,0,0,0
"MRPS12",2,2,2,1,1,1,2,3,1,1
"FBXO17",2,0,2,0,1,0,0,0,3,4
"FBXO27",0,0,1,1,0,2,0,0,0,3
"ACP7",0,0,0,0,0,0,0,0,0,1
"PAK4",1,2,3,4,2,1,2,1,1,4
"AC011443.1",0,0,0,0,2,0,2,0,0,0
"LRFN1",0,0,1,0,1,1,0,0,0,0
"GMFG",0,0,2,2,1,1,3,1,1,1
"SAMD4B",3,7,6,1,4,1,10,1,2,8
"PAF1",0,0,1,3,0,2,2,2,1,1
"MED29",1,2,3,2,0,0,3,1,0,2
"ZFP36",6,9,3,3,5,6,12,21,6,24
"PLEKHG2",4,1,4,1,2,1,4,4,0,1
"RPS16",13,12,6,11,24,27,24,37,16,18
"SUPT5H",5,0,6,4,6,1,5,1,3,3
"TIMM50",2,3,1,0,2,1,0,1,2,1
"DLL3",0,1,0,0,1,1,1,1,1,0
"SELENOV",0,0,0,0,0,0,0,0,0,1
"EID2B",1,1,2,0,2,0,0,0,2,2
"EID2",0,1,0,1,0,0,3,0,0,0
"AC005515.2",0,0,0,0,0,0,0,0,0,0
"CLC",0,0,0,0,0,0,0,0,0,0
"AC005393.1",0,0,0,0,0,0,1,1,1,0
"DYRK1B",1,0,0,2,2,1,1,1,0,0
"FBL",0,0,2,1,1,0,3,1,0,2
"FCGBP",0,0,0,0,0,0,1,0,0,0
"PSMC4",0,1,5,2,3,2,3,3,4,3
"ZNF546",2,0,0,0,2,2,1,1,1,0
"ZNF780B",6,0,6,0,8,3,2,2,2,3
"ZNF780A",0,0,0,0,0,1,0,1,0,0
"AC005614.1",0,0,0,0,0,0,0,0,0,0
"MAP3K10",2,0,2,0,2,1,1,1,2,0
"TTC9B",5,0,3,3,0,0,0,1,0,1
"CNTD2",0,0,0,0,0,0,0,1,0,0
"AKT2",3,1,3,2,2,1,2,3,3,7
"C19orf47",0,0,0,0,1,0,0,0,0,1
"PLD3",13,5,15,8,7,4,17,10,6,17
"HIPK4",1,0,1,0,0,0,0,0,0,0
"PRX",1,1,3,3,4,6,19,2,3,5
"SERTAD1",3,1,3,5,2,1,20,4,1,2
"AC010271.2",0,0,0,0,0,0,0,0,0,0
"SERTAD3",0,0,0,0,1,3,2,3,0,0
"BLVRB",3,3,4,1,2,2,6,5,0,6
"SPTBN4",4,0,10,3,6,1,2,4,7,6
"SHKBP1",1,0,1,0,0,1,0,1,1,1
"LTBP4",6,0,1,0,2,1,1,1,6,4
"NUMBL",1,0,0,1,3,2,2,1,0,2
"COQ8B",0,1,1,0,0,0,0,0,1,0
"ITPKC",1,2,0,0,1,3,2,2,1,3
"C19orf54",0,0,0,0,0,1,1,1,0,0
"SNRPA",2,1,1,4,1,2,0,3,2,6
"RAB4B-EGLN2",0,0,0,0,0,0,0,0,0,0
"AC008537.4",0,1,0,0,0,1,0,1,1,0
"AC008537.1",1,1,2,0,3,1,2,1,1,2
"AC008537.2",1,0,1,0,0,0,0,0,0,0
"CYP2A6",0,0,0,0,0,0,0,0,0,0
"CYP2A7",0,0,0,0,0,0,0,0,0,0
"CYP2B6",0,0,0,0,0,0,0,0,0,0
"CYP2A13",0,0,0,0,0,0,0,0,0,0
"CYP2F1",0,0,0,0,0,0,0,0,0,0
"CYP2S1",0,0,0,0,1,0,0,0,0,0
"AXL",1,0,5,1,9,12,9,14,8,9
"HNRNPUL1",1,1,4,0,5,3,2,8,1,8
"TGFB1",2,3,4,1,8,4,2,5,2,5
"CCDC97",0,0,2,1,2,1,2,6,0,5
"AC011462.1",0,0,0,0,0,1,0,0,0,1
"B9D2",1,2,0,0,0,0,1,0,0,0
"EXOSC5",0,1,0,0,2,0,1,0,0,1
"BCKDHA",0,0,0,0,0,0,0,0,0,0
"B3GNT8",0,0,0,0,0,0,0,0,1,0
"DMAC2",3,1,3,1,5,1,5,3,0,1
"PCAT19",1,7,2,9,4,4,16,17,10,4
"LINC01480",0,0,0,0,0,0,0,0,0,0
"AC243960.1",0,0,0,0,0,0,0,0,0,0
"CEACAM21",0,0,0,0,0,0,0,0,0,1
"CEACAM4",0,0,0,0,0,0,0,0,0,0
"CEACAM7",0,0,0,0,0,0,0,0,0,0
"AC243967.1",0,0,0,0,0,0,0,0,0,1
"CEACAM6",0,0,0,0,0,0,0,0,0,0
"AC243967.2",0,0,0,0,0,0,0,0,0,0
"DMRTC2",0,0,0,0,0,0,0,0,0,0
"RPS19",7,10,16,11,38,25,59,60,25,26
"CD79A",0,0,0,0,0,0,0,0,0,0
"ARHGEF1",2,1,1,0,2,2,4,1,1,3
"AC010616.1",0,1,0,0,0,0,0,0,0,0
"RABAC1",12,7,8,7,10,15,16,10,12,5
"AC010616.2",0,0,1,0,0,0,0,0,0,0
"GRIK5",1,0,0,1,3,1,0,1,1,2
"ZNF574",1,0,1,0,0,0,2,1,2,0
"POU2F2",1,0,2,0,1,0,1,0,0,1
"AC010247.2",0,0,0,0,0,0,0,0,0,0
"DEDD2",0,1,3,2,1,2,0,1,0,1
"ZNF526",0,0,0,0,0,0,0,0,0,0
"GSK3A",0,1,1,4,0,0,3,1,1,1
"AC006486.1",0,1,0,0,0,0,0,0,0,1
"CIC",3,1,2,0,3,0,2,1,3,1
"PAFAH1B3",0,0,0,3,0,2,0,0,0,0
"PRR19",0,0,0,0,0,0,0,1,0,0
"TMEM145",0,1,1,0,0,0,0,2,0,1
"MEGF8",2,2,3,1,3,2,2,2,1,2
"CNFN",0,0,1,0,0,0,0,0,0,0
"LIPE-AS1",5,2,4,2,7,2,3,4,7,4
"LIPE",2,1,2,0,1,0,6,0,1,5
"CXCL17",0,0,1,0,0,0,0,0,0,0
"CEACAM1",0,0,0,0,1,0,0,5,0,1
"PSG3",0,0,0,0,0,0,0,0,0,0
"PSG8",0,0,0,0,0,1,1,1,1,0
"PSG8-AS1",0,0,0,0,0,0,1,0,0,0
"PSG1",1,0,0,0,0,0,0,0,0,0
"PSG6",0,0,0,0,0,0,0,0,0,0
"PSG7",0,0,0,0,0,0,0,1,0,1
"AC004784.1",1,1,0,0,0,0,0,0,1,0
"PSG11",0,0,0,0,0,0,0,0,0,0
"PSG2",0,0,0,0,0,0,0,0,0,0
"PSG5",0,0,0,0,0,0,0,0,0,0
"PSG4",0,0,0,0,0,0,0,0,0,0
"PSG9",0,0,0,0,0,0,1,0,0,0
"CD177",0,0,0,0,0,0,0,1,0,0
"AC005392.3",0,0,0,0,0,0,0,0,0,0
"TEX101",0,0,0,0,0,0,0,0,0,0
"LYPD3",1,0,0,0,0,0,1,0,0,0
"PHLDB3",2,0,4,0,1,1,6,4,0,5
"ETHE1",1,1,1,1,2,0,0,0,0,0
"ZNF575",1,0,0,0,0,0,2,0,0,0
"XRCC1",0,1,0,0,1,2,1,0,0,0
"L34079.1",0,0,0,1,0,0,0,0,0,0
"PINLYP",0,1,0,0,1,1,0,0,0,1
"IRGQ",0,0,0,0,0,0,0,0,0,0
"SRRM5",0,0,0,0,0,0,0,2,0,0
"ZNF428",5,3,3,4,10,5,8,4,3,7
"CADM4",2,3,2,1,4,0,2,3,3,4
"PLAUR",0,0,1,3,4,0,1,4,2,7
"SMG9",2,1,3,4,5,0,2,1,1,10
"KCNN4",0,0,0,0,0,0,0,0,0,0
"AC115522.1",0,0,0,0,0,0,0,0,0,0
"LYPD5",0,0,1,0,1,0,2,1,0,1
"ZNF283",1,1,1,0,4,0,0,2,1,6
"ZNF404",1,0,0,0,1,0,0,0,1,1
"AC006213.2",0,0,0,0,0,0,0,0,0,0
"AC006213.3",1,0,0,0,2,0,1,0,0,0
"ZNF45",1,1,1,2,2,1,0,1,0,0
"ZNF221",0,0,0,1,0,0,0,0,0,0
"ZNF155",0,1,1,0,2,5,1,3,0,4
"AC006213.1",0,0,0,0,0,0,0,0,0,0
"ZNF230",1,0,1,0,0,0,1,0,0,1
"AC067968.1",0,0,0,0,0,0,0,0,0,0
"ZNF284",0,0,0,0,0,0,0,0,0,0
"ZNF224",1,0,8,0,3,3,3,2,3,1
"AC021092.1",0,0,0,0,1,0,2,0,0,1
"ZNF225",0,0,0,2,0,0,0,0,1,1
"ZNF234",2,1,0,0,1,2,1,3,1,3
"ZNF226",1,3,1,0,3,0,2,0,0,2
"ZNF227",0,0,0,0,0,1,1,1,1,4
"ZNF235",3,3,6,1,3,1,1,3,3,6
"ZNF233",0,0,0,0,0,0,0,0,0,2
"ZNF112",0,0,0,0,2,0,0,0,0,2
"AC245748.1",0,0,0,0,0,0,0,0,0,0
"ZNF229",1,0,1,1,0,0,0,2,0,0
"ZNF180",0,1,2,0,2,2,1,1,1,1
"CEACAM20",0,0,0,0,0,0,0,0,0,0
"IGSF23",0,0,0,1,0,0,0,0,0,0
"AC243964.2",1,4,12,2,6,0,6,4,1,18
"PVR",1,0,0,0,1,0,1,0,0,3
"CEACAM19",1,2,7,2,1,0,4,1,0,3
"CEACAM16",0,0,0,0,0,0,0,0,0,0
"BCL3",0,3,1,2,2,3,2,1,1,1
"CBLC",0,0,0,0,0,0,0,0,0,0
"BCAM",2,5,5,0,4,8,10,12,2,7
"NECTIN2",5,4,6,3,6,2,17,5,7,9
"AC011481.2",0,0,0,1,1,0,0,0,0,0
"TOMM40",1,1,1,0,1,0,2,4,1,2
"APOE",11,8,9,3,23,20,16,10,12,42
"APOC1",0,0,1,0,1,0,3,0,0,0
"AC011481.1",0,0,0,0,1,0,0,1,0,0
"CLPTM1",3,2,6,2,6,4,13,3,3,4
"RELB",1,3,0,0,1,0,1,1,2,1
"CLASRP",6,6,3,5,3,3,7,4,6,12
"ZNF296",0,0,0,0,0,0,0,0,0,0
"GEMIN7-AS1",0,0,2,0,0,0,0,0,0,1
"MARK4",3,0,4,1,1,1,5,2,1,11
"NKPD1",1,0,0,0,0,0,1,0,0,1
"TRAPPC6A",0,1,1,2,2,1,0,0,2,1
"EXOC3L2",0,0,0,0,0,0,0,2,0,1
"CKM",0,0,0,0,1,1,0,0,0,0
"KLC3",0,0,0,0,0,0,0,0,0,0
"ERCC2",0,0,0,0,0,0,2,1,0,2
"PPP1R13L",2,0,1,0,1,2,4,0,1,5
"CD3EAP",1,0,0,0,0,0,2,0,0,0
"ERCC1",0,1,1,1,1,1,1,2,2,5
"FOSB",3,0,0,0,0,0,0,1,0,0
"RTN2",0,0,2,4,2,0,1,0,2,0
"PPM1N",0,0,0,0,0,0,0,0,0,0
"VASP",0,0,2,0,1,4,5,7,1,11
"OPA3",0,0,3,0,3,1,2,2,0,5
"EML2",5,0,3,4,4,2,9,5,3,8
"GIPR",1,0,1,0,0,0,3,0,1,0
"SNRPD2",5,5,15,4,6,8,5,10,6,1
"QPCTL",0,0,0,0,1,1,0,0,0,3
"FBXO46",0,0,1,1,0,1,2,0,1,0
"BHMG1",0,0,0,0,0,0,0,0,0,0
"SIX5",0,0,2,0,1,0,1,1,1,2
"DM1-AS",0,0,0,0,0,0,0,0,0,3
"DMPK",3,0,0,2,1,1,1,6,1,5
"AC011530.1",0,1,0,0,0,0,0,0,0,0
"DMWD",0,0,0,1,0,0,0,0,0,0
"RSPH6A",0,0,0,0,0,0,0,0,0,0
"SYMPK",5,3,10,6,4,2,4,3,5,6
"AC092301.1",0,0,0,0,0,0,0,0,0,0
"FOXA3",0,0,0,0,0,0,0,0,0,0
"IRF2BP1",0,0,0,0,0,1,0,2,1,0
"MYPOP",0,0,1,0,2,0,2,2,1,3
"NANOS2",0,0,0,0,0,0,0,0,0,0
"NOVA2",2,3,4,4,1,0,8,2,1,7
"CCDC61",0,1,2,0,0,0,0,1,1,0
"PGLYRP1",0,0,0,0,0,0,0,0,0,0
"AC007785.3",0,0,0,0,0,0,1,0,0,0
"IGFL4",0,0,1,0,0,0,0,0,0,0
"AC007785.1",3,0,0,0,1,0,1,1,0,1
"AC006262.2",0,1,0,0,0,0,1,1,0,1
"IGFL2-AS1",0,0,0,0,0,0,0,0,0,0
"IGFL1",0,0,0,0,0,0,0,0,0,0
"HIF3A",3,3,9,2,21,7,29,4,16,31
"AC007193.2",1,0,0,2,3,1,5,0,1,3
"PPP5C",2,1,2,1,1,1,3,1,2,4
"AC007193.1",0,0,0,0,0,0,0,0,0,0
"AC007193.3",0,0,0,0,0,0,0,0,0,0
"CCDC8",0,0,0,0,0,0,0,0,0,1
"PNMA8C",0,0,0,1,1,0,1,0,1,0
"PNMA8A",0,0,0,0,0,0,3,0,0,3
"PPP5D1",4,1,2,1,5,1,2,1,2,7
"AC011484.1",0,0,0,0,0,0,0,0,0,0
"CALM3",19,5,13,4,7,4,4,9,5,6
"AC093503.2",0,0,0,0,0,0,0,0,0,0
"PTGIR",0,0,0,0,1,3,1,0,0,1
"GNG8",0,0,0,0,0,0,0,0,0,0
"DACT3",0,1,2,2,1,3,3,0,1,1
"DACT3-AS1",2,0,0,0,0,0,0,0,0,0
"PRKD2",4,4,2,4,5,2,5,3,3,2
"STRN4",0,1,2,1,0,0,1,0,4,2
"FKRP",0,0,1,0,2,0,2,1,1,0
"SLC1A5",0,0,0,0,1,0,0,0,0,1
"AP2S1",4,3,4,3,4,2,11,3,1,2
"ARHGAP35",0,5,3,4,6,5,4,2,0,7
"NPAS1",0,0,1,0,0,0,0,1,0,1
"TMEM160",10,0,6,3,6,3,7,7,1,2
"ZC3H4",1,0,0,1,5,2,3,1,1,2
"SAE1",1,2,3,2,4,2,2,0,5,2
"BBC3",1,0,2,0,0,0,1,0,0,1
"CCDC9",0,0,0,2,0,0,1,0,0,0
"INAFM1",1,2,3,1,1,0,1,1,4,2
"C5AR1",2,0,1,0,0,0,0,2,1,1
"C5AR2",0,0,0,0,0,0,0,0,0,4
"DHX34",1,0,2,1,2,2,3,3,1,3
"MEIS3",5,0,1,2,1,1,0,0,1,1
"SLC8A2",1,1,4,0,1,0,1,0,0,0
"KPTN",1,0,0,1,0,0,1,0,2,1
"NAPA-AS1",0,0,0,0,0,3,0,0,0,1
"NAPA",5,2,4,3,4,7,6,7,4,5
"ZNF541",0,0,0,0,0,0,0,0,0,0
"AC010519.1",0,0,0,0,0,0,0,0,0,0
"AC010331.1",1,1,1,0,0,0,1,0,0,1
"BICRA-AS1",1,0,0,0,0,0,0,0,0,0
"EHD2",2,3,4,7,8,5,15,4,5,3
"NOP53",0,0,0,0,0,0,1,0,0,0
"NOP53-AS1",0,0,0,1,0,0,0,1,0,0
"SELENOW",27,25,29,11,28,38,75,42,11,32
"TPRX1",0,0,0,0,0,0,0,0,0,0
"CRX",0,0,1,0,0,0,0,0,0,0
"LINC01595",0,0,0,0,0,0,0,0,0,0
"SULT2A1",0,0,0,0,0,0,0,0,0,0
"BSPH1",0,0,0,0,0,0,0,0,0,0
"ELSPBP1",0,0,0,0,0,0,0,0,0,0
"CABP5",0,0,0,0,0,0,0,0,0,0
"PLA2G4C",2,3,14,0,4,1,4,2,5,8
"PLA2G4C-AS1",0,0,0,0,0,0,0,0,0,0
"LIG1",0,0,1,0,1,0,1,0,0,2
"AC011466.3",0,0,0,0,0,0,0,0,0,0
"AC011466.2",0,0,0,0,0,0,0,0,0,1
"ZSWIM9",0,1,0,0,0,1,1,0,1,2
"CARD8",2,3,1,2,9,0,7,3,1,7
"AC011466.1",0,0,0,0,1,0,0,0,0,2
"CARD8-AS1",0,0,0,0,0,1,0,3,0,0
"AC008392.1",0,0,0,0,0,0,0,0,0,0
"ZNF114",0,0,0,0,0,0,1,0,1,0
"CCDC114",0,0,0,0,0,0,0,0,0,0
"EMP3",2,2,1,2,2,7,8,6,3,6
"TMEM143",0,1,1,0,1,0,2,1,0,1
"SYNGR4",0,0,0,0,0,0,0,0,0,0
"KDELR1",0,2,3,3,6,5,6,3,3,5
"GRIN2D",0,1,0,0,0,0,0,0,0,0
"GRWD1",0,0,1,0,2,0,1,2,0,2
"KCNJ14",0,0,0,0,1,0,0,0,0,0
"AC008403.2",0,0,0,1,0,0,0,0,0,0
"AC008403.1",0,0,0,0,0,0,0,0,0,0
"CYTH2",1,1,4,6,0,1,4,4,2,3
"LMTK3",0,1,0,0,3,0,0,1,2,0
"AC008403.3",1,0,1,0,0,0,0,0,0,2
"SULT2B1",0,0,0,1,0,0,0,0,0,0
"FAM83E",0,0,0,0,0,0,0,0,0,0
"RPL18",4,7,8,5,6,20,19,26,15,7
"AC022154.1",0,0,0,0,0,0,0,1,0,0
"SPHK2",1,0,3,2,0,3,2,3,0,4
"DBP",0,0,2,1,0,0,0,0,1,0
"CA11",3,1,1,4,3,0,1,2,0,4
"NTN5",0,0,0,0,0,1,0,0,0,0
"FUT2",0,0,0,0,0,0,0,1,0,0
"MAMSTR",0,0,0,0,0,1,0,0,0,1
"RASIP1",2,2,1,3,3,1,9,3,1,6
"IZUMO1",0,0,1,0,0,0,0,0,0,1
"FUT1",0,1,0,1,0,1,1,0,1,2
"BCAT2",4,1,5,6,1,5,7,4,7,10
"HSD17B14",1,0,1,3,0,0,2,2,1,1
"PLEKHA4",0,1,1,0,3,1,1,1,0,1
"PPP1R15A",2,2,3,3,1,4,3,2,0,9
"TULP2",0,0,0,0,0,1,0,0,0,0
"NUCB1",5,2,2,2,3,8,8,5,0,5
"NUCB1-AS1",0,0,0,0,0,0,0,2,0,0
"DHDH",0,0,0,0,0,0,0,0,0,0
"BAX",3,0,2,0,1,2,5,3,0,4
"FTL",37,35,58,30,64,71,141,155,74,65
"GYS1",1,2,2,1,2,0,4,0,2,5
"RUVBL2",1,0,0,0,1,2,2,1,1,1
"AC008687.1",0,0,0,0,0,0,0,0,0,0
"KCNA7",0,0,0,0,0,0,0,0,0,0
"SNRNP70",4,7,8,4,8,11,16,7,6,19
"LIN7B",1,2,2,0,4,3,2,1,1,5
"C19orf73",0,0,1,0,0,0,0,1,0,1
"PPFIA3",1,1,5,4,2,2,1,3,2,0
"HRC",0,0,0,0,0,0,0,1,0,0
"TRPM4",0,0,1,0,4,0,4,1,0,0
"SLC6A16",2,0,1,0,2,1,3,2,4,4
"AC011450.1",0,0,0,0,0,0,0,1,0,0
"CD37",1,0,0,0,2,0,0,0,0,0
"TEAD2",2,0,3,1,1,0,2,1,1,0
"AC010524.1",0,2,0,0,0,0,0,0,1,1
"DKKL1",0,0,0,0,0,0,0,0,0,0
"AC010643.1",0,0,0,0,0,0,1,0,0,0
"CCDC155",0,0,0,0,0,0,0,1,0,1
"PTH2",0,0,0,0,0,0,0,0,0,0
"GFY",0,0,0,0,0,0,0,0,0,0
"SLC17A7",0,5,6,6,8,2,2,2,5,3
"PIH1D1",1,0,2,1,3,2,4,5,1,2
"ALDH16A1",0,0,0,0,0,0,0,0,0,0
"AC010619.1",0,0,0,0,0,0,0,0,0,0
"RPL13A",11,7,17,7,26,37,40,37,38,19
"RPS11",13,9,10,9,19,13,19,18,16,14
"FCGRT",3,1,2,1,2,5,3,3,3,6
"RCN3",1,0,0,0,0,0,1,0,1,0
"NOSIP",6,0,6,2,1,3,5,3,2,7
"PRRG2",0,0,0,0,0,0,0,0,0,0
"PRR12",2,0,2,0,2,3,2,0,5,1
"RRAS",1,1,0,1,3,8,7,4,2,3
"SCAF1",0,0,2,0,2,0,3,0,0,2
"IRF3",3,0,2,0,4,0,2,2,0,4
"BCL2L12",0,0,0,0,0,0,2,1,1,0
"PRMT1",6,1,7,2,3,4,7,5,2,1
"ADM5",0,2,0,0,0,0,1,2,0,0
"CPT1C",1,1,1,0,0,0,1,0,1,3
"TSKS",0,0,0,0,0,0,0,0,0,0
"AP2A1",2,4,4,1,6,1,7,3,3,4
"FUZ",0,2,0,2,1,0,2,1,2,0
"AC006942.1",0,0,0,0,0,0,0,1,0,0
"MED25",1,1,0,0,1,1,2,0,2,2
"PTOV1-AS1",1,0,2,0,0,0,1,1,1,1
"PTOV1",2,1,4,3,5,1,4,8,3,2
"AC018766.1",0,0,0,0,0,0,0,0,0,0
"PTOV1-AS2",0,0,0,0,0,0,0,0,0,0
"PNKP",3,1,5,0,3,1,2,3,0,1
"TBC1D17",2,1,0,1,1,2,5,2,3,3
"IL4I1",0,0,0,0,0,0,0,0,0,0
"AC011452.1",0,0,0,0,0,0,0,0,0,0
"ATF5",1,0,0,1,0,2,0,0,1,0
"VRK3",2,0,2,1,2,1,3,1,1,2
"ZNF473",0,1,0,0,0,0,0,0,0,0
"AC010624.3",0,0,0,0,0,0,0,0,0,0
"AC010624.2",0,0,0,0,0,0,0,0,0,0
"IZUMO2",0,0,0,0,0,0,0,0,0,0
"MYH14",1,1,0,1,2,0,0,1,1,3
"AC008655.1",0,0,0,0,0,0,0,0,0,0
"KCNC3",0,0,2,0,2,0,2,1,1,0
"NR1H2",2,1,2,1,3,3,5,2,1,7
"NAPSA",0,0,0,0,0,0,0,1,0,0
"AC008655.2",0,0,0,0,0,0,0,0,0,0
"POLD1",0,0,0,0,0,0,1,0,0,0
"SPIB",0,0,0,0,0,0,0,0,0,0
"MYBPC2",0,0,0,0,1,0,0,0,0,0
"FAM71E1",0,0,0,0,0,0,0,0,0,1
"EMC10",2,6,5,2,4,2,10,1,3,8
"AC020909.3",0,0,0,0,0,0,0,0,0,0
"AC020909.2",0,0,0,1,1,0,2,0,0,0
"JOSD2",1,0,3,2,0,3,2,2,1,2
"ASPDH",3,0,0,0,0,0,2,0,0,0
"LRRC4B",1,1,4,2,1,0,1,2,0,4
"SYT3",0,0,0,0,0,0,0,0,0,0
"C19orf81",0,1,1,1,0,0,1,0,0,2
"SHANK1",1,0,2,0,1,0,0,0,0,0
"CLEC11A",2,2,3,0,1,2,4,3,0,1
"AC010325.1",0,0,0,0,0,0,0,0,0,0
"AC010325.2",0,0,0,0,0,0,0,0,0,0
"C19orf48",0,1,0,0,0,0,3,0,0,1
"LINC01869",0,0,0,0,0,0,0,0,0,0
"KLK15",0,0,0,0,0,0,0,0,0,0
"AC011523.1",0,0,0,0,0,0,0,0,0,0
"KLK3",0,0,0,0,0,0,0,0,0,0
"KLK2",0,0,0,0,0,0,0,0,0,0
"KLK4",1,0,0,0,0,0,0,0,0,0
"KLK5",0,0,0,0,0,0,0,0,0,0
"AC011483.2",0,0,0,0,0,0,0,0,0,0
"KLK6",1,0,2,0,4,0,2,0,0,1
"AC011483.1",1,0,0,0,0,1,0,0,1,2
"KLK7",0,0,0,0,0,0,0,0,0,0
"KLK10",0,0,0,0,0,0,0,0,0,1
"KLK12",0,0,0,0,0,0,0,0,0,0
"AC011473.3",0,0,0,0,0,0,0,0,0,0
"AC011473.1",1,0,0,0,0,0,0,0,1,0
"KLK14",0,0,0,0,0,0,0,0,0,0
"CTU1",1,0,1,0,0,0,0,2,2,1
"SIGLEC9",0,0,0,0,0,0,0,0,0,0
"SIGLEC7",0,0,0,0,0,0,0,0,0,0
"AC063977.6",0,0,0,0,0,0,0,0,0,0
"CD33",0,0,1,0,0,0,0,0,0,0
"SIGLECL1",0,0,0,0,0,0,0,0,0,0
"AC063977.3",0,0,0,0,0,0,0,0,0,0
"LINC01872",0,0,0,0,0,0,0,0,0,0
"IGLON5",1,0,1,1,1,0,0,0,1,2
"VSIG10L",1,0,1,0,0,0,0,0,0,1
"ETFB",3,1,4,0,4,3,2,4,3,0
"AC008750.4",0,0,0,0,0,0,0,0,0,0
"AC008750.8",0,0,0,0,0,0,0,0,0,0
"NKG7",0,0,0,1,0,0,0,0,0,0
"LIM2",0,0,0,0,0,0,0,0,0,0
"AC008750.7",0,0,0,0,0,0,0,0,0,0
"SIGLEC10",0,0,0,0,0,0,0,0,0,1
"SIGLEC8",0,0,0,0,0,0,0,0,0,0
"ZNF175",1,0,2,0,1,0,2,1,1,1
"AC018755.1",0,0,0,0,0,0,0,0,0,0
"SPACA6P-AS",0,0,0,0,0,0,0,0,0,0
"SPACA6",0,0,1,2,5,0,2,1,2,3
"HAS1",0,0,0,0,0,0,0,0,0,0
"FPR1",0,0,1,0,1,0,0,0,0,0
"FPR2",0,0,0,0,0,0,0,0,0,1
"FPR3",0,0,0,0,0,0,0,0,0,0
"ZNF577",3,2,3,1,1,2,2,0,1,4
"ZNF649-AS1",0,0,0,0,0,1,0,0,0,1
"ZNF649",0,0,1,0,0,0,0,0,0,0
"ZNF613",0,0,0,0,0,0,0,1,1,1
"ZNF350-AS1",3,1,0,2,2,0,3,0,3,1
"ZNF350",3,0,1,0,0,1,1,1,1,2
"ZNF615",0,0,0,0,1,1,0,0,0,0
"ZNF614",0,0,1,1,0,1,1,2,1,0
"ZNF432",4,0,2,3,3,1,3,4,1,2
"AC011468.5",0,0,0,0,0,0,0,0,0,0
"ZNF841",0,0,0,0,0,0,0,0,0,0
"ZNF616",2,1,0,1,4,0,0,0,1,0
"AC011468.3",1,0,1,0,2,2,3,3,2,1
"ZNF836",0,0,0,0,0,1,0,0,1,1
"AC010320.1",0,0,0,0,0,0,0,0,0,0
"PPP2R1A",5,2,3,9,8,5,9,6,4,2
"AC010320.2",0,0,0,0,0,0,0,0,0,0
"ZNF766",3,0,2,0,2,0,7,5,0,3
"AC010320.3",0,0,2,0,0,0,0,0,0,0
"ZNF480",1,0,3,0,0,1,0,2,0,1
"AC010320.4",0,0,2,0,0,0,0,1,1,0
"ZNF610",1,0,1,0,0,0,0,1,1,0
"ZNF880",1,1,1,0,0,0,0,0,0,3
"ZNF528",0,0,1,0,1,0,0,3,0,0
"ZNF534",1,1,0,0,0,0,0,0,0,0
"ZNF578",1,0,0,0,0,0,0,0,0,1
"ZNF808",0,1,5,0,2,1,5,1,1,1
"ZNF701",3,1,0,1,6,0,0,1,1,5
"AC022150.1",0,0,0,0,0,0,0,0,0,0
"ZNF83",12,12,12,5,15,8,16,5,8,32
"ZNF611",7,4,7,2,4,1,5,4,5,9
"ZNF600",0,0,1,1,0,1,1,1,0,1
"ZNF28",3,1,0,0,0,1,0,1,1,2
"ZNF320",0,0,0,0,0,0,0,1,0,1
"AC010487.3",0,0,0,0,0,1,1,1,0,1
"AC010487.2",0,0,0,0,0,0,0,0,0,0
"ERVV-2",0,0,0,0,0,0,0,0,1,0
"ZNF160",3,5,11,1,5,0,9,1,5,9
"ZNF415",0,1,0,0,0,1,1,2,0,1
"ZNF347",1,4,1,1,0,3,3,1,2,4
"ZNF665",2,1,4,0,1,2,1,2,1,4
"AC092070.1",0,0,0,0,0,0,0,0,0,0
"ZNF677",1,0,2,3,2,2,1,3,0,0
"AC092070.3",0,0,0,0,0,0,0,0,0,0
"VN1R2",0,0,0,0,0,0,0,0,0,0
"AC092070.4",1,0,0,0,0,0,0,0,0,0
"ZNF845",0,0,0,1,0,1,3,0,0,0
"ZNF525",0,2,1,0,1,0,0,0,0,1
"ZNF765",1,0,1,1,8,1,6,1,0,3
"ZNF761",2,1,2,0,3,3,8,3,2,7
"ZNF813",0,0,0,0,0,2,0,0,0,1
"ZNF331",5,3,1,2,7,5,8,4,1,2
"DPRX",0,0,1,0,0,0,0,0,0,0
"NLRP12",0,0,1,0,0,0,0,0,1,2
"AC008440.1",0,0,0,0,0,0,0,0,0,0
"MYADM",3,1,1,0,1,4,7,4,3,7
"AC008440.2",1,0,0,0,0,0,3,0,0,0
"PRKCG",0,0,1,0,0,1,0,2,0,0
"CACNG7",1,1,0,2,0,0,1,0,0,1
"CACNG8",1,1,5,1,2,1,3,1,0,0
"CACNG6",0,0,0,0,0,0,0,0,0,0
"VSTM1",0,0,0,0,0,0,1,0,1,0
"TARM1",0,0,0,0,0,0,0,0,0,0
"OSCAR",0,0,0,0,0,0,0,0,0,1
"NDUFA3",6,1,4,5,4,4,11,9,5,1
"TFPT",0,0,0,2,0,0,4,0,0,0
"PRPF31",3,1,0,4,1,0,2,2,3,5
"AC245052.4",0,0,0,0,1,0,0,0,0,0
"CNOT3",1,1,0,1,1,0,4,1,2,2
"LENG1",1,2,1,1,0,0,2,0,2,1
"TMC4",1,0,0,0,0,2,0,2,1,1
"MBOAT7",4,1,2,1,2,3,3,4,5,6
"TSEN34",0,0,1,1,0,2,0,1,0,2
"RPS9",17,24,21,9,27,25,29,19,22,23
"LILRB3",0,0,0,0,0,0,0,0,0,0
"LILRA6",0,0,0,0,0,0,0,0,0,0
"LILRB5",0,0,0,0,0,0,0,0,0,0
"LILRB2",0,0,0,0,0,0,0,0,0,0
"LILRA5",0,0,0,0,0,0,0,0,0,0
"LILRA4",0,0,0,0,0,0,0,0,0,0
"LAIR1",0,0,1,0,1,1,0,0,0,2
"TTYH1",1,3,6,5,6,1,3,4,2,3
"AC245884.1",0,0,0,0,0,0,0,0,0,0
"AC245884.10",0,0,0,0,0,0,0,0,0,0
"AC245884.8",0,0,0,0,1,0,0,0,0,0
"LENG8-AS1",1,1,1,0,0,0,1,0,0,1
"LENG8",5,3,4,0,3,3,8,9,2,8
"LENG9",0,0,0,0,0,0,0,0,1,1
"CDC42EP5",2,1,0,0,3,0,2,1,0,3
"LAIR2",0,0,0,0,0,0,0,0,0,0
"KIR3DX1",0,0,0,0,0,0,0,0,0,0
"LILRA2",0,0,0,0,0,0,0,0,0,0
"LILRA1",0,0,0,0,0,0,0,0,0,0
"LILRB1",0,0,0,0,0,0,0,0,0,1
"LILRB4",0,0,0,0,0,0,0,0,0,2
"FCAR",0,0,0,0,0,0,0,0,0,0
"AC245128.3",0,0,0,0,0,0,0,0,0,0
"NCR1",0,0,0,0,0,0,0,0,0,0
"NLRP7",0,0,0,0,0,0,0,0,1,0
"NLRP2",0,0,0,0,1,1,0,0,0,0
"AC011476.3",3,0,0,0,0,0,1,0,2,3
"GP6",3,0,0,0,0,0,0,0,0,4
"RDH13",1,0,1,1,0,0,1,0,0,8
"EPS8L1",0,1,0,0,0,0,0,0,0,0
"PPP1R12C",2,1,0,4,0,1,1,1,2,3
"TNNT1",0,0,1,0,1,0,0,0,0,0
"TNNI3",0,0,0,0,0,0,0,0,0,0
"DNAAF3",0,0,0,0,0,0,0,0,0,0
"AC010327.3",0,0,0,0,0,0,0,0,0,0
"SYT5",3,1,1,0,0,0,0,0,0,0
"PTPRH",0,1,0,0,0,0,1,0,0,1
"AC010327.4",0,0,0,0,0,0,0,0,0,0
"TMEM86B",1,0,0,1,0,0,0,0,0,1
"PPP6R1",1,1,2,3,0,3,4,1,0,2
"HSPBP1",1,1,1,0,0,6,0,2,0,0
"BRSK1",1,0,0,3,4,0,0,1,0,2
"AC020922.2",0,0,0,0,0,0,0,0,0,0
"TMEM150B",0,0,0,0,0,0,0,0,0,0
"AC020922.4",0,0,0,0,0,0,0,0,0,0
"KMT5C",1,0,0,1,1,1,1,1,3,2
"COX6B2",0,0,0,0,0,0,0,0,0,0
"IL11",0,0,1,0,0,0,0,0,0,0
"TMEM238",1,0,0,0,0,0,0,0,0,0
"RPL28",18,14,11,6,20,34,31,33,27,13
"UBE2S",2,0,2,1,0,0,2,0,3,0
"SHISA7",0,1,3,0,1,0,1,0,0,1
"ISOC2",0,1,1,1,0,1,1,1,3,3
"ZNF628",0,0,0,0,0,0,0,0,0,0
"NAT14",1,0,1,1,1,1,2,0,0,0
"SSC5D",1,0,1,1,2,0,0,2,1,1
"SBK2",0,0,0,0,0,0,0,0,0,0
"ZNF579",0,1,0,0,0,0,0,2,2,0
"FIZ1",0,0,0,0,0,0,1,1,0,1
"ZNF524",0,0,3,0,1,0,1,3,2,1
"ZNF865",1,1,0,0,1,0,3,0,0,2
"AC008735.4",0,0,0,0,0,0,0,0,0,0
"ZNF784",0,0,0,0,0,1,0,0,0,0
"ZNF580",0,0,0,0,0,0,0,0,0,0
"CCDC106",1,2,0,0,0,0,1,0,0,2
"U2AF2",0,2,2,2,2,0,6,2,1,1
"AC008735.2",0,0,0,0,3,0,0,0,0,0
"EPN1",1,1,1,2,1,0,2,3,3,1
"NLRP9",0,0,0,0,0,0,0,0,0,0
"NLRP11",0,0,0,0,0,0,0,0,0,0
"NLRP4",0,0,0,0,0,0,0,0,0,0
"NLRP13",0,0,0,0,0,0,0,0,0,0
"NLRP8",0,0,0,0,0,0,0,0,0,0
"NLRP5",0,0,0,0,0,0,0,0,0,0
"LINC01864",0,0,0,0,0,0,0,0,0,0
"ZNF787",0,1,0,2,2,2,0,1,2,1
"ZNF444",0,0,0,1,5,0,8,4,0,1
"GALP",0,0,0,0,0,0,0,0,1,0
"ZSCAN5B",0,0,0,0,0,0,0,0,0,0
"ZSCAN5A",1,3,2,1,4,0,2,0,1,10
"EDDM13",0,0,0,0,1,0,0,1,0,2
"AC006116.8",1,0,1,0,0,0,0,0,0,2
"ZNF582",0,0,1,0,0,0,2,0,0,0
"AC006116.4",0,0,0,0,0,0,0,0,0,0
"ZNF582-AS1",0,0,0,0,0,0,2,0,0,0
"ZNF583",2,0,4,0,0,0,2,2,0,3
"ZNF667",1,0,0,0,0,1,2,1,0,1
"ZNF667-AS1",3,1,4,1,5,5,3,3,2,4
"ZNF471",0,1,0,0,2,4,5,1,2,2
"AC005498.1",0,0,0,0,0,0,0,0,0,0
"AC005498.2",0,0,0,0,0,0,0,0,0,1
"ZFP28",0,0,0,0,1,0,0,0,0,1
"AC005498.3",0,0,3,0,2,2,1,0,0,1
"ZNF470",0,0,0,0,1,3,0,0,0,0
"ZNF71",0,0,0,1,1,0,1,1,0,1
"SMIM17",0,0,0,0,0,0,0,0,0,0
"ZNF835",1,0,2,0,2,1,0,1,0,0
"AC006115.1",0,0,0,0,0,0,0,0,1,0
"AC007228.2",0,0,0,0,0,0,0,0,0,0
"AC006115.3",1,1,1,1,1,0,0,1,0,1
"ZIM2-AS1",0,0,0,0,1,0,0,0,0,0
"ZIM2",0,0,0,0,0,1,1,1,0,0
"MIMT1",0,0,0,0,0,0,0,0,0,0
"USP29",0,0,0,0,0,0,0,0,0,0
"ZIM3",0,0,0,0,0,0,0,0,0,0
"DUXA",0,0,0,0,0,0,0,0,0,0
"ZNF264",4,2,2,2,4,2,4,1,3,5
"AURKC",0,0,1,0,0,0,0,0,0,0
"ZNF805",0,0,2,1,0,1,1,0,1,0
"AC005261.3",2,0,0,0,1,1,3,0,1,1
"ZNF460-AS1",2,0,0,0,0,0,0,0,1,0
"ZNF460",0,0,1,0,1,0,1,0,0,0
"AC005261.1",3,2,2,2,1,3,7,2,4,4
"ZNF543",1,0,0,0,0,0,1,1,0,0
"AC005261.2",0,1,0,1,0,0,0,0,0,0
"ZNF304",0,0,1,0,0,2,1,1,1,0
"AC003002.1",0,0,0,0,0,0,0,0,0,0
"AC003002.2",0,0,2,0,0,0,0,0,0,1
"ZNF749",1,2,1,0,1,0,1,2,0,2
"AC004076.1",1,1,1,2,3,1,3,1,2,1
"AC004076.2",0,0,0,0,1,0,0,1,0,0
"ZNF772",0,0,0,0,0,0,0,0,0,0
"AC003005.2",0,0,0,0,0,0,0,0,0,0
"AC003005.1",0,0,0,0,0,0,0,0,0,0
"ZNF773",0,0,0,2,0,0,2,0,1,1
"ZNF549",1,1,0,0,0,1,1,0,0,3
"ZNF550",0,0,0,0,0,1,0,0,1,0
"ZNF416",0,0,0,0,0,0,0,0,0,0
"ZIK1",0,0,0,0,0,0,0,0,0,0
"ZNF530",0,0,1,0,1,0,0,0,0,0
"ZNF134",0,0,3,0,0,1,1,1,1,0
"AC003682.1",0,1,0,0,0,0,1,0,0,1
"ZNF211",0,0,0,0,0,1,0,0,1,1
"AC003006.1",3,0,1,0,0,0,1,0,2,1
"ZNF154",0,0,0,0,1,0,0,1,1,1
"ZNF671",1,0,0,0,0,0,0,0,0,2
"ZNF776",0,0,0,0,0,0,0,0,0,1
"ZNF586",4,1,3,3,2,3,9,4,0,10
"ZNF552",1,0,3,0,1,0,1,0,1,2
"AC010522.1",0,0,0,0,1,0,0,0,0,0
"ZNF814",4,3,5,1,8,3,4,2,0,7
"ZNF587",0,1,1,1,1,2,3,0,0,2
"AC010326.2",0,0,0,1,0,0,0,0,0,0
"ZNF418",0,0,0,0,1,0,1,1,0,0
"ZNF256",0,0,0,0,0,0,0,0,0,0
"C19orf18",0,0,0,0,1,0,0,0,0,1
"ZNF606",1,0,0,0,0,0,0,1,1,0
"ZSCAN1",1,0,0,0,1,0,0,0,0,0
"ZNF135",5,0,2,0,2,1,1,2,0,4
"ZSCAN18",5,0,7,1,4,3,5,2,5,11
"ZNF329",1,1,3,0,2,1,1,1,1,1
"ZNF274",4,1,2,3,2,1,5,1,1,2
"AC020915.5",0,0,0,0,0,0,0,0,0,0
"AC020915.3",1,1,1,0,1,0,0,0,0,3
"ERVK3-1",1,0,0,1,1,0,1,0,2,0
"AC010642.2",0,2,2,2,1,4,0,1,0,1
"ZSCAN22",0,0,0,0,0,0,0,0,0,0
"A1BG",1,1,1,0,1,1,2,0,2,3
"A1BG-AS1",1,0,0,0,0,1,0,0,0,1
"ZNF497",0,0,0,0,1,0,0,0,0,2
"AC012313.6",2,0,0,0,0,1,1,0,0,0
"ZNF837",0,0,0,0,0,0,0,0,0,0
"RPS5",6,8,4,2,8,12,21,23,6,10
"LINC02560",0,0,0,0,0,0,0,0,0,0
"ZNF584",2,1,0,0,1,0,3,1,0,0
"AC012313.1",0,0,0,0,0,0,0,0,1,0
"AC012313.5",0,0,0,0,0,0,0,0,0,0
"ZNF132",0,0,0,0,0,0,0,0,0,1
"AC012313.8",0,0,0,0,0,0,0,0,0,0
"ZNF324B",0,0,0,0,0,0,0,0,0,0
"ZNF324",0,0,1,1,0,0,3,0,1,5
"ZNF446",0,1,1,0,1,0,1,1,1,1
"AC012313.7",0,0,0,0,0,0,0,0,0,0
"SLC27A5",2,0,2,1,0,2,5,0,1,1
"AC012313.9",0,0,0,0,0,0,0,0,0,0
"ZBTB45",0,0,0,0,1,1,1,0,0,2
"TRIM28",2,1,3,0,2,4,6,1,4,3
"CHMP2A",3,2,0,2,2,3,4,8,5,2
"UBE2M",0,0,4,3,2,1,2,2,2,2
"MZF1-AS1",1,1,0,0,1,0,1,1,0,0
"MZF1",4,1,0,0,7,1,4,2,3,1
"AC016629.2",0,0,0,0,0,0,0,0,0,0
"RPS4Y1",4,2,2,1,2,6,8,3,2,3
"AC006157.1",0,0,1,0,0,1,0,0,0,0
"ZFY",2,2,1,0,0,2,4,8,5,6
"ZFY-AS1",0,0,1,0,0,0,0,0,1,1
"LINC00278",2,3,1,0,2,1,7,1,4,6
"AC010737.1",2,1,0,1,2,1,7,4,1,0
"AC010722.1",0,0,0,0,0,0,0,0,0,0
"PCDH11Y",10,9,3,0,10,6,38,10,9,19
"TSPY2",0,0,0,0,0,0,0,0,0,0
"TBL1Y",0,1,0,0,2,1,1,0,0,0
"LINC00279",0,0,0,0,0,0,0,0,0,0
"TTTY11",0,0,0,0,0,0,0,0,0,0
"TTTY15",4,1,4,0,2,1,3,2,2,3
"USP9Y",5,4,12,2,6,7,3,10,2,11
"DDX3Y",4,0,1,1,7,2,11,12,7,12
"UTY",10,6,9,7,13,6,31,20,13,19
"TMSB4Y",1,0,0,0,0,0,0,0,0,0
"NLGN4Y",14,5,8,4,9,3,6,6,7,9
"NLGN4Y-AS1",0,0,0,0,0,0,0,0,0,0
"AC022486.1",0,0,0,0,0,0,0,0,0,0
"HSFY2",0,0,0,0,0,0,0,0,0,0
"TTTY14",19,11,20,7,13,12,20,10,12,37
"AC010889.1",0,0,2,0,0,0,0,0,1,0
"KDM5D",2,0,5,1,7,4,9,1,5,2
"TTTY10",3,1,1,2,3,1,2,3,1,3
"EIF1AY",5,2,1,0,2,2,7,3,1,5
"TTTY4B",0,0,0,0,0,0,0,0,0,0
"LINC00266-4P",0,0,0,0,0,0,0,0,1,0
"AP000542.3",0,0,0,0,0,0,0,0,0,0
"AP000542.2",0,0,0,0,0,0,0,0,0,0
"AP000527.1",0,0,0,0,0,0,0,0,0,0
"AP000547.3",0,0,0,0,0,0,0,0,0,0
"XKR3",0,0,0,0,0,0,0,0,1,0
"GAB4",0,0,0,0,0,0,0,0,0,0
"AC006946.2",0,0,0,0,1,0,1,0,0,0
"AC006946.3",0,0,0,0,0,0,0,1,0,1
"IL17RA",1,4,3,1,7,0,7,1,2,8
"TMEM121B",0,0,0,0,0,0,0,0,0,0
"LINC01664",0,0,0,0,0,0,0,0,0,0
"HDHD5",3,3,0,2,2,2,3,1,1,4
"HDHD5-AS1",1,0,1,0,3,0,0,0,0,1
"ADA2",1,0,0,0,0,0,1,2,1,2
"CECR3",0,0,0,0,1,0,0,2,0,0
"CECR2",5,1,4,6,11,5,6,7,8,13
"SLC25A18",0,0,3,1,5,2,2,2,1,0
"AC007666.1",0,0,0,0,0,0,0,0,0,0
"ATP6V1E1",4,7,13,3,6,9,14,15,10,5
"BCL2L13",5,4,4,2,4,3,4,4,4,8
"BID",1,1,2,1,2,1,1,1,2,2
"LINC00528",0,0,0,0,0,0,0,0,0,0
"MICAL3",6,7,8,6,12,5,17,0,7,22
"LINC01634",0,0,0,0,0,0,0,0,0,0
"AC016027.1",0,0,1,0,0,0,1,0,0,1
"PEX26",0,0,3,2,2,2,4,1,1,0
"TUBA8",1,0,1,0,0,1,0,1,0,0
"AC008079.2",0,0,0,0,0,0,0,0,0,0
"USP18",0,1,2,0,1,0,1,1,1,2
"LINC01660",0,0,0,0,0,0,0,0,0,0
"AC023490.3",0,0,0,0,0,0,0,0,0,0
"TMEM191B",0,0,0,1,0,0,1,1,1,0
"LINC01662",0,0,0,0,0,0,0,0,0,0
"LINC01663",0,0,0,0,0,0,0,1,0,0
"AC007326.4",2,0,0,0,0,0,0,1,0,0
"PRODH",0,0,0,0,0,0,0,1,1,0
"DGCR9",0,0,0,0,0,0,0,0,0,0
"DGCR2",1,3,1,5,7,1,5,1,3,9
"AC004471.1",0,0,0,0,0,0,0,0,0,0
"ESS2",1,1,0,0,0,1,1,0,0,3
"LINC01311",1,0,0,0,0,0,0,0,0,1
"SLC25A1",0,0,1,1,3,1,3,3,8,2
"CLTCL1",5,1,1,2,4,2,5,2,2,2
"HIRA",1,0,1,0,5,0,2,3,1,3
"C22orf39",0,0,0,0,1,0,0,1,0,0
"MRPL40",3,3,1,1,1,1,4,4,4,2
"AC000068.1",0,0,0,0,0,0,0,0,0,0
"UFD1",0,1,3,1,2,3,5,4,1,2
"AC000068.3",0,0,0,0,0,0,0,0,0,0
"AC000068.2",0,0,0,0,0,0,0,0,0,0
"CDC45",1,0,0,0,0,2,0,0,0,0
"CLDN5",35,100,60,106,72,63,379,124,79,58
"LINC00895",0,0,0,0,0,0,0,0,0,0
"SEPT5",0,0,0,0,0,0,0,0,0,0
"AC000093.1",0,0,0,0,0,0,0,0,0,0
"TBX1",0,0,0,0,0,0,0,0,0,0
"GNB1L",1,0,0,3,1,0,1,0,0,0
"TXNRD2",2,0,0,1,0,4,1,0,1,1
"COMT",1,2,6,2,4,11,10,10,6,11
"ARVCF",0,1,0,0,1,0,2,0,0,4
"TANGO2",2,2,1,0,2,0,2,2,2,8
"AC006547.1",1,2,1,1,1,0,0,0,0,2
"DGCR8",0,0,2,0,5,1,1,3,0,0
"AC006547.2",0,0,0,0,1,0,0,0,0,1
"TRMT2A",0,1,0,1,1,2,1,2,0,0
"RANBP1",2,0,2,0,0,6,4,4,1,2
"ZDHHC8",1,1,1,1,1,0,1,0,1,0
"CCDC188",0,0,0,0,0,0,0,0,0,0
"LINC00896",0,0,0,0,1,0,0,0,0,0
"RTN4R",3,0,0,0,2,1,2,0,0,0
"DGCR6L",3,1,0,0,3,1,3,2,2,1
"AC007663.3",0,0,0,0,0,1,0,0,0,0
"AC007731.1",0,0,0,0,0,0,0,0,0,0
"USP41",0,0,0,0,0,0,0,0,0,0
"ZNF74",0,0,0,0,1,1,2,0,1,0
"SCARF2",1,0,0,0,0,0,1,0,0,1
"KLHL22",4,0,7,2,8,5,3,4,2,7
"MED15",2,2,4,3,6,0,3,1,4,7
"PI4KA",6,4,7,7,14,4,18,11,9,12
"SERPIND1",0,0,3,0,0,0,0,1,0,0
"SNAP29",3,1,2,0,0,1,3,2,1,2
"CRKL",0,1,1,1,2,1,1,5,3,2
"LINC01637",0,0,0,0,0,0,0,0,0,0
"AIFM3",0,0,0,0,0,0,0,1,0,0
"AC002470.1",0,0,0,0,0,0,0,0,0,0
"LZTR1",3,4,0,0,4,0,2,5,3,6
"THAP7",1,0,1,2,2,0,6,3,2,1
"THAP7-AS1",0,1,0,0,0,0,0,1,1,0
"P2RX6",1,0,0,0,0,0,0,0,0,0
"SLC7A4",0,0,0,0,0,0,0,0,0,0
"AC002472.1",0,0,0,0,0,0,0,0,0,0
"LRRC74B",0,0,0,0,0,0,0,0,0,0
"AP000550.1",0,0,1,0,0,0,0,0,0,0
"GGT2",0,0,0,0,0,0,0,0,0,0
"AP000552.1",0,0,0,0,0,0,0,0,0,0
"HIC2",1,0,3,0,2,0,2,2,0,4
"TMEM191C",0,1,0,0,0,0,0,0,0,1
"UBE2L3",2,2,7,2,5,5,10,3,1,11
"YDJC",1,0,1,0,1,0,2,1,1,1
"CCDC116",0,0,0,0,0,1,0,0,0,0
"AP000553.3",0,0,0,0,0,0,0,0,0,0
"SDF2L1",0,0,1,0,2,4,5,4,1,3
"PPIL2",1,0,0,2,1,1,2,3,2,2
"YPEL1",3,1,2,0,1,0,0,1,3,1
"MAPK1",6,1,8,7,9,5,16,9,7,8
"PPM1F",1,0,2,2,5,2,6,1,0,5
"AC245452.1",2,0,1,0,0,0,0,0,0,0
"TOP3B",1,1,1,0,1,1,1,3,0,2
"IGLV10-54",0,0,0,0,0,1,0,0,0,0
"AC245060.6",1,0,0,0,0,0,0,0,0,2
"AC245060.5",0,2,0,0,4,4,6,3,3,1
"AC245060.2",0,0,0,0,0,0,0,0,0,0
"ZNF280B",0,0,0,0,0,0,0,1,0,1
"ZNF280A",0,0,0,0,0,0,0,0,0,0
"PRAME",0,0,0,0,0,0,0,0,0,1
"GGTLC2",0,0,0,0,0,0,0,0,0,0
"IGLL5",0,0,0,0,0,0,0,0,0,0
"IGLC2",0,0,0,0,0,0,0,0,0,0
"IGLC3",0,0,0,0,12,0,0,0,0,0
"RSPH14",0,0,0,0,0,0,0,1,0,0
"GNAZ",1,2,1,3,3,2,2,3,1,5
"RAB36",0,0,0,0,0,0,1,0,1,0
"BCR",3,5,5,2,1,1,7,4,1,6
"LINC02556",0,0,0,0,0,0,0,0,0,0
"LINC01659",0,0,0,0,0,0,0,0,0,0
"LINC01658",0,0,0,0,0,0,0,0,0,0
"PCAT14",0,0,0,0,1,0,0,0,0,0
"AP000345.1",0,0,0,0,0,0,0,0,0,0
"IGLL1",0,0,0,0,0,0,0,0,0,0
"AP000345.2",0,0,0,0,0,0,1,0,0,0
"DRICH1",0,0,0,0,0,0,0,0,0,0
"RGL4",0,0,0,0,0,0,0,0,0,0
"ZNF70",0,0,0,0,0,0,0,1,0,1
"VPREB3",1,0,0,0,0,0,0,0,0,0
"C22orf15",1,0,0,0,0,0,0,0,0,0
"CHCHD10",11,2,3,3,11,7,3,6,1,6
"MMP11",0,0,0,0,0,0,0,0,0,0
"SMARCB1",1,1,2,2,1,4,5,2,1,5
"DERL3",0,1,0,0,0,0,0,1,0,0
"AP000350.5",0,0,0,0,0,0,0,0,0,0
"SLC2A11",0,0,0,0,0,0,0,0,0,0
"AP000350.4",0,0,1,0,0,0,0,0,0,0
"AP000350.7",0,0,0,0,1,0,0,0,0,0
"MIF",0,0,0,0,0,1,0,0,2,0
"MIF-AS1",0,0,0,0,0,1,0,0,0,0
"AP000350.6",0,0,0,0,0,0,0,0,0,0
"GSTT2B",1,0,0,1,1,2,4,0,0,1
"DDTL",0,0,0,0,0,0,0,1,0,0
"DDT",4,5,3,1,1,4,7,3,5,3
"GSTT4",0,0,0,0,0,0,0,0,0,0
"CABIN1",5,1,4,0,3,4,7,2,2,3
"SUSD2",0,0,0,0,0,1,0,0,0,0
"GGT5",3,6,4,7,15,8,17,12,7,14
"SPECC1L",0,0,0,0,0,0,0,0,0,1
"ADORA2A-AS1",0,0,2,1,1,2,0,2,0,0
"UPB1",0,0,0,0,1,0,0,0,0,2
"GUCD1",0,0,1,1,0,1,3,1,0,0
"SNRPD3",3,2,1,3,1,6,5,5,3,3
"GGT1",0,1,1,1,4,8,0,1,1,2
"LRRC75B",3,0,0,0,0,0,0,0,2,0
"AP000357.2",0,0,0,0,0,0,0,0,0,0
"PIWIL3",0,0,0,0,0,0,0,0,0,0
"SGSM1",0,0,2,0,2,1,1,3,3,3
"TMEM211",0,0,0,0,0,0,0,0,0,0
"KIAA1671",12,1,4,0,9,2,11,4,5,24
"AL022323.3",0,0,0,0,0,1,0,0,0,0
"AL022323.4",2,3,1,1,3,1,1,0,2,6
"AL022323.1",0,0,0,0,0,0,0,0,0,0
"CRYBB3",1,0,0,0,0,0,1,0,0,0
"Z99916.1",0,0,0,0,0,0,0,0,0,0
"CRYBB2",0,0,1,0,0,0,1,0,0,0
"Z99916.3",0,0,0,0,0,0,0,0,0,0
"LRP5L",0,0,0,0,3,0,1,0,0,0
"AL022324.3",0,0,0,0,0,0,0,0,0,0
"AL022329.1",0,0,0,0,0,0,0,0,0,0
"GRK3",4,4,3,3,5,1,4,4,6,7
"AL022329.2",0,0,0,0,0,0,0,0,0,0
"MYO18B",1,0,0,0,2,0,0,0,0,1
"Z98949.1",0,0,0,0,0,0,0,0,0,0
"Z98949.3",0,0,0,0,0,0,0,0,0,0
"AL022337.1",0,0,0,0,0,0,0,0,0,0
"SEZ6L",4,0,5,0,2,1,3,2,3,4
"AL080273.1",0,0,0,0,0,0,0,0,0,0
"ASPHD2",0,0,0,0,1,0,0,0,1,0
"HPS4",3,3,1,0,3,0,3,1,0,5
"SRRD",0,0,0,0,0,0,2,0,1,0
"TFIP11",2,0,1,0,1,0,1,3,2,2
"Z95115.1",1,0,0,0,1,0,0,0,0,0
"TPST2",2,6,3,2,6,5,21,5,5,9
"CRYBB1",0,0,0,0,0,0,0,0,0,0
"CRYBA4",0,0,0,0,0,0,0,0,0,0
"MIAT",1,0,5,0,0,0,0,1,0,1
"Z99774.1",0,0,0,0,0,0,0,0,0,0
"MIATNB",0,1,1,4,2,0,3,2,0,3
"LINC01422",0,0,0,0,0,0,0,0,0,0
"Z97353.2",0,0,0,0,0,0,0,0,0,0
"AL008638.3",0,0,0,0,0,0,0,0,0,0
"AL008638.1",0,0,0,0,0,0,0,0,0,0
"LINC01638",0,0,0,0,0,0,0,0,0,11
"LINC02554",0,0,0,0,0,0,0,0,0,0
"AL020994.2",0,0,0,0,0,0,0,0,0,0
"AL133456.1",0,0,0,0,0,0,0,0,0,0
"AL121885.2",0,0,0,0,0,0,0,0,0,0
"MN1",1,0,1,1,1,0,5,2,0,4
"PITPNB",7,5,5,5,11,5,15,9,6,19
"TTC28",30,16,32,12,30,24,71,36,21,55
"CHEK2",2,0,1,0,1,1,2,1,1,0
"HSCB",0,2,3,1,1,1,2,4,1,11
"CCDC117",1,1,1,2,2,1,1,1,0,4
"XBP1",4,2,1,1,0,3,5,5,0,9
"Z93930.2",5,3,6,1,4,1,3,1,1,6
"ZNRF3",5,5,4,2,6,2,6,6,2,12
"ZNRF3-AS1",1,0,3,0,3,0,0,2,1,0
"C22orf31",0,0,0,0,0,0,0,0,1,0
"KREMEN1",2,3,3,0,7,2,7,3,4,6
"AL021393.1",0,0,1,0,0,0,0,0,0,0
"EMID1",3,0,1,0,1,1,2,1,0,1
"RHBDD3",1,1,2,0,3,0,2,5,0,5
"AL031186.1",0,0,0,0,0,0,0,0,0,0
"EWSR1",7,3,3,2,6,6,4,5,6,6
"GAS2L1",3,0,4,0,4,2,5,1,5,2
"RASL10A",0,0,1,0,0,0,1,1,0,0
"AP1B1",0,1,7,3,2,2,2,1,4,4
"RFPL1S",0,1,2,1,0,0,1,0,0,0
"RFPL1",0,0,0,0,0,0,0,0,0,0
"AC000035.1",0,0,0,0,0,0,0,0,0,0
"NEFH",0,0,1,0,1,0,3,1,0,0
"THOC5",1,4,1,0,1,0,0,3,1,0
"NIPSNAP1",0,1,0,0,0,0,1,1,1,1
"NF2",0,1,1,0,2,0,3,1,4,1
"AC004882.1",0,0,0,0,0,0,0,0,0,0
"CABP7",0,0,0,0,0,0,1,1,0,0
"ZMAT5",2,0,2,1,2,1,2,2,1,2
"UQCR10",7,3,9,9,7,5,13,15,4,9
"ASCC2",1,4,1,0,2,0,7,0,0,3
"MTMR3",6,3,6,2,15,3,13,9,3,8
"AC003681.1",1,1,0,0,0,0,0,0,0,0
"HORMAD2-AS1",0,0,1,0,0,0,0,0,0,0
"HORMAD2",0,0,0,0,0,0,0,0,0,0
"AC002378.1",0,0,0,0,0,0,0,0,0,0
"LIF",0,0,0,0,0,0,0,0,0,0
"OSM",0,0,0,0,0,0,0,0,0,0
"CASTOR1",1,1,0,0,0,2,2,1,3,3
"TBC1D10A",0,0,1,2,2,0,1,0,1,0
"SF3A1",1,0,1,2,0,4,4,1,2,0
"CCDC157",0,0,1,0,0,0,0,0,0,0
"RNF215",2,0,1,1,2,1,2,1,0,2
"SEC14L2",1,0,0,0,0,0,0,2,1,1
"AC004832.3",0,0,0,0,0,0,0,0,0,0
"MTFP1",1,0,0,1,0,1,2,2,0,0
"AC004832.6",0,1,0,0,0,0,0,0,0,0
"SEC14L3",0,0,0,0,0,0,0,0,0,0
"AC004832.1",0,0,0,0,0,0,0,0,0,0
"SEC14L4",0,0,0,0,1,0,0,0,0,0
"SEC14L6",1,0,1,0,0,0,0,0,0,1
"GAL3ST1",2,1,0,0,1,0,1,1,0,2
"PES1",1,1,2,0,3,2,3,3,2,2
"TCN2",3,4,3,1,3,3,9,2,1,1
"SLC35E4",0,0,1,0,4,0,1,0,0,5
"DUSP18",4,1,1,1,4,1,2,1,0,3
"OSBP2",1,3,4,5,7,0,9,3,1,6
"MORC2-AS1",2,0,0,0,0,1,0,1,0,1
"MORC2",0,0,2,1,1,0,1,1,2,1
"AC004542.2",0,0,0,0,0,1,0,0,0,0
"SMTN",3,0,1,5,12,2,12,4,7,6
"AC005005.3",0,0,0,0,0,0,0,0,0,0
"SELENOM",4,5,8,3,6,11,24,19,13,7
"INPP5J",0,0,1,0,0,0,0,0,0,0
"RNF185",1,0,1,2,3,5,3,2,1,3
"LIMK2",2,4,3,1,9,0,10,2,1,6
"PIK3IP1",2,4,1,0,3,1,3,3,0,2
"PIK3IP1-AS1",0,0,1,0,3,1,0,1,1,0
"PATZ1",1,0,0,3,1,0,2,2,0,1
"LINC01521",1,0,0,0,0,0,0,0,0,1
"DRG1",1,1,5,2,2,3,5,2,1,12
"EIF4ENIF1",1,1,2,0,2,0,3,3,1,6
"SFI1",4,3,4,1,4,1,1,0,1,0
"PISD",7,1,4,2,3,0,5,2,1,5
"PRR14L",1,4,3,4,3,3,5,3,2,14
"DEPDC5",0,0,0,0,0,0,0,0,0,0
"Z82190.2",0,0,0,0,0,0,0,0,0,0
"YWHAH",15,5,9,3,4,7,14,10,7,9
"AL008719.1",0,0,0,0,0,0,0,0,0,0
"SLC5A1",0,0,0,0,0,0,0,0,0,0
"RFPL2",0,0,0,0,1,0,0,0,0,0
"SLC5A4-AS1",7,0,2,0,1,0,5,0,1,4
"SLC5A4",1,0,0,0,0,0,3,0,0,0
"AL008723.1",0,0,0,0,0,0,0,0,0,0
"AL008723.3",0,0,0,0,0,0,0,0,0,0
"AL021937.3",0,0,0,0,1,0,0,0,0,0
"RFPL3",0,0,0,0,0,0,0,0,0,0
"RFPL3S",0,0,0,0,1,0,3,0,0,2
"AL021937.1",0,0,0,0,1,0,0,0,0,0
"AL021937.4",0,0,0,0,0,0,0,0,0,0
"RTCB",6,2,4,1,3,4,8,4,0,4
"BPIFC",0,0,0,0,0,0,0,0,0,0
"FBXO7",3,4,3,4,7,3,9,5,4,7
"SYN3",3,1,9,4,8,2,6,7,6,1
"TIMP3",37,11,32,17,31,15,82,40,74,82
"LINC01640",0,0,0,0,0,0,0,0,0,0
"LARGE1",18,4,10,6,30,4,10,6,8,27
"Z82173.1",0,0,0,0,0,0,0,0,0,0
"Z73429.1",0,0,0,0,0,0,0,0,0,1
"LINC01643",0,0,0,0,0,0,0,0,0,0
"Z68323.1",0,0,0,0,0,0,0,0,0,0
"AL021877.2",0,0,0,0,0,0,1,0,0,0
"Z82196.1",0,0,0,0,0,0,0,0,0,0
"Z82196.2",0,0,0,0,0,0,0,0,0,0
"ISX-AS1",0,0,0,0,0,0,0,0,0,0
"Z99755.2",0,0,0,0,0,0,0,0,0,0
"HMGXB4",1,0,3,3,1,3,4,4,3,7
"TOM1",2,2,5,4,4,0,2,3,0,4
"Z82244.2",0,0,0,0,0,0,0,0,0,0
"HMOX1",0,1,0,1,0,0,0,0,0,1
"MCM5",1,1,1,1,0,1,0,0,0,0
"AL022334.2",0,0,0,0,0,0,0,0,0,0
"RASD2",0,0,1,1,2,1,2,1,1,0
"MB",0,0,0,0,0,0,0,0,0,0
"APOL6",0,2,0,0,1,1,4,2,0,0
"AL049748.1",0,0,0,0,0,0,0,0,0,0
"APOL5",0,0,0,1,0,0,0,0,0,0
"RBFOX2",15,13,28,10,39,24,34,23,31,34
"Z82217.1",1,0,1,0,0,0,0,1,0,0
"Z95114.4",1,0,0,0,0,0,0,0,0,0
"Z95114.1",1,1,0,0,0,0,0,0,0,0
"Z95114.2",0,0,0,0,0,0,0,0,0,0
"APOL3",1,2,0,1,2,1,2,3,0,1
"APOL4",0,0,0,0,0,0,0,0,0,0
"APOL2",1,0,1,1,0,0,2,0,0,1
"APOL1",4,2,2,4,1,3,9,1,1,0
"MYH9",6,15,9,8,10,12,47,15,9,23
"FO393418.1",0,1,0,0,0,0,1,0,0,2
"AL022313.2",0,0,0,0,0,0,1,0,0,0
"TXN2",3,3,4,2,2,4,3,3,4,3
"FOXRED2",0,0,0,0,0,0,1,0,1,1
"EIF3D",3,2,3,1,2,1,6,2,3,6
"CACNG2",0,0,1,0,0,0,0,0,0,0
"AL049749.1",0,0,0,0,0,0,0,0,0,0
"IFT27",1,0,1,0,2,0,3,1,1,2
"PVALB",0,0,2,1,0,0,0,0,0,0
"NCF4-AS1",0,0,0,0,0,0,0,0,0,0
"NCF4",0,0,0,0,0,0,0,0,0,0
"CSF2RB",0,0,0,0,0,0,0,0,0,0
"TEX33",0,0,0,0,0,0,0,0,0,0
"TST",0,0,0,0,0,0,0,0,0,0
"MPST",0,1,2,3,0,2,5,0,3,3
"KCTD17",0,1,0,2,2,1,2,2,3,2
"TMPRSS6",0,0,0,0,0,0,0,0,0,0
"IL2RB",0,0,0,0,0,0,0,0,0,0
"Z82188.2",0,0,0,0,0,0,0,0,0,0
"C1QTNF6",0,0,0,0,0,0,0,1,0,1
"SSTR3",0,0,0,0,0,0,0,1,0,0
"RAC2",0,0,0,0,0,0,0,0,0,0
"CYTH4",0,0,0,0,0,0,0,0,0,0
"ELFN2",0,0,0,0,1,0,0,0,1,0
"MFNG",0,0,1,0,0,0,5,1,0,3
"CARD10",0,0,3,0,1,0,0,1,1,2
"CDC42EP1",1,2,5,5,1,2,7,1,5,7
"LGALS2",0,0,0,1,0,0,0,0,0,0
"GGA1",5,3,3,4,4,5,7,3,1,9
"Z83844.2",1,0,1,0,0,0,0,0,1,0
"PDXP",0,0,0,0,0,0,0,0,0,0
"LGALS1",9,4,8,8,15,58,43,38,42,15
"NOL12",0,0,0,0,0,0,0,0,0,0
"Z83844.1",0,0,0,0,0,0,0,0,0,0
"TRIOBP",3,4,2,3,3,3,12,3,7,12
"H1F0",1,2,1,0,0,1,1,1,3,1
"GCAT",0,0,1,0,0,0,1,0,0,0
"GALR3",0,0,0,0,0,0,0,0,0,0
"ANKRD54",2,0,1,0,1,3,5,3,0,1
"EIF3L",3,2,2,1,5,0,2,2,4,1
"MICALL1",0,1,2,1,2,1,4,1,2,1
"C22orf23",0,1,2,0,2,0,0,1,0,2
"AL031587.3",0,0,0,0,0,0,0,0,0,0
"POLR2F",12,10,16,9,17,3,16,8,8,15
"SOX10",2,2,1,5,1,2,4,0,4,5
"AL031587.1",0,0,0,0,0,0,0,0,0,0
"AL031587.4",0,0,1,0,0,0,0,0,0,0
"PICK1",2,2,0,1,1,0,4,2,1,5
"AL031587.2",0,0,0,1,0,0,0,0,0,1
"SLC16A8",0,0,0,0,2,0,0,0,0,0
"BAIAP2L2",9,1,6,11,1,0,9,4,2,6
"AL022322.1",0,0,2,0,0,0,0,0,0,0
"PLA2G6",3,0,1,0,2,0,1,1,3,2
"AL022322.2",0,0,0,0,0,0,0,0,0,0
"MAFF",4,2,2,1,0,0,7,1,0,7
"TMEM184B",2,4,9,4,9,8,18,3,0,16
"AL020993.1",1,0,0,0,0,0,0,0,0,1
"CSNK1E",0,0,1,2,1,0,15,4,3,2
"TPTEP2-CSNK1E",3,2,12,6,7,5,18,5,6,12
"Z97056.1",0,0,1,0,0,0,0,0,0,0
"KCNJ4",0,1,4,1,0,0,0,0,0,0
"KDELR3",0,0,0,0,0,0,0,0,0,1
"DDX17",23,18,27,23,45,25,64,37,27,48
"DMC1",0,0,1,0,0,0,0,1,2,0
"FAM227A",1,2,0,0,2,2,2,0,1,6
"CBY1",0,0,0,0,0,1,1,0,0,4
"AL021707.4",0,0,0,0,0,0,0,0,0,0
"AL021707.2",0,0,1,0,0,0,0,0,0,0
"TOMM22",0,4,0,3,2,5,3,3,1,2
"JOSD1",1,1,4,0,3,2,5,1,0,5
"GTPBP1",2,0,2,0,1,2,1,1,0,3
"SUN2",3,3,13,11,7,4,21,4,4,13
"AL021707.1",0,1,2,2,3,0,2,1,1,2
"NPTXR",3,2,2,2,3,1,3,3,1,0
"CBX6",2,3,7,2,10,8,7,2,3,3
"AL022318.1",0,0,0,0,0,0,0,0,0,0
"APOBEC3A",0,0,0,0,0,0,0,0,0,0
"APOBEC3B-AS1",0,0,0,0,0,0,0,0,0,0
"APOBEC3F",0,0,0,0,0,0,0,0,0,1
"APOBEC3G",0,0,1,2,1,0,0,3,0,0
"APOBEC3H",0,0,0,0,0,0,0,0,0,2
"CBX7",1,1,1,0,3,3,3,2,4,5
"AL031846.2",1,0,1,0,1,0,2,0,0,3
"PDGFB",1,3,1,0,5,1,6,1,1,3
"AL031590.1",1,0,0,0,1,0,0,0,0,0
"AL022326.1",0,0,0,0,0,0,0,0,0,0
"RPL3",8,5,5,0,12,17,14,18,14,13
"SYNGR1",6,2,4,1,5,1,1,2,3,2
"TAB1",0,2,2,1,2,2,2,0,1,2
"MGAT3",2,0,3,1,3,3,8,0,0,1
"MIEF1",0,0,0,0,1,0,1,2,1,3
"ATF4",6,3,5,3,5,2,5,5,4,12
"RPS19BP1",5,4,4,2,5,6,10,8,4,5
"CACNA1I",2,0,0,0,0,1,0,0,0,0
"ENTHD1",0,0,0,0,0,0,0,0,0,0
"GRAP2",0,0,0,0,0,0,0,0,0,0
"FAM83F",0,0,0,0,0,0,0,0,0,0
"Z83847.1",0,0,0,0,0,0,0,0,0,0
"TNRC6B",21,15,21,12,35,15,53,29,23,49
"SGSM3",1,0,0,0,0,1,2,2,4,2
"AL022238.2",0,2,2,2,3,0,1,2,0,3
"MKL1",11,9,7,4,15,7,21,10,10,25
"AL031594.1",0,0,0,0,0,0,0,1,0,0
"MCHR1",0,0,0,0,0,0,0,0,0,0
"SLC25A17",3,0,1,4,2,0,4,2,0,4
"ST13",5,1,4,3,10,7,17,13,8,6
"XPNPEP3",2,4,3,3,1,2,6,5,2,4
"DNAJB7",0,0,0,0,0,0,0,0,0,0
"RBX1",7,2,9,3,5,5,14,14,5,1
"EP300",8,4,5,6,12,1,16,12,6,12
"AL035658.1",1,0,1,0,1,0,0,1,1,0
"EP300-AS1",0,0,0,0,0,0,0,0,0,0
"L3MBTL2",2,4,1,0,2,1,0,1,1,4
"AL035681.1",0,1,0,0,0,1,2,0,1,3
"CHADL",1,1,0,1,0,0,0,0,2,2
"RANGAP1",1,2,5,1,6,0,5,0,2,3
"ZC3H7B",3,1,0,1,2,0,1,1,1,3
"TEF",2,0,1,1,1,0,4,3,0,2
"AL008582.1",0,0,0,0,0,0,0,0,0,0
"TOB2",3,0,3,3,6,5,10,8,4,8
"PHF5A",0,1,0,0,1,3,1,0,0,1
"ACO2",3,0,5,5,6,2,7,5,2,6
"POLR3H",1,0,2,0,4,1,2,1,2,2
"CSDC2",1,0,0,1,0,0,0,0,0,2
"PMM1",2,0,2,0,2,0,1,2,3,1
"DESI1",1,3,1,1,1,2,5,2,1,2
"XRCC6",4,1,6,2,3,5,11,8,4,3
"SNU13",4,5,8,5,5,6,12,8,4,5
"C22orf46",1,0,1,0,0,0,0,0,0,0
"MEI1",1,0,0,0,1,0,1,1,0,3
"CCDC134",1,0,3,0,1,0,0,0,0,0
"AL021453.1",0,0,0,0,0,0,0,0,0,0
"SREBF2",11,9,15,4,13,2,9,2,2,24
"SHISA8",0,0,0,0,0,0,0,0,0,0
"TNFRSF13C",0,0,0,0,0,0,0,0,0,0
"CENPM",0,0,0,0,0,0,0,0,0,0
"SEPT3",3,0,2,1,1,1,1,3,0,1
"WBP2NL",1,1,2,1,1,1,3,4,1,2
"NAGA",0,0,1,1,1,1,0,3,0,2
"PHETA2",0,0,0,0,1,0,0,0,0,1
"SMDT1",5,0,4,0,4,2,2,5,3,2
"NDUFA6",5,3,2,2,3,2,8,4,4,4
"CYP2D6",0,0,0,0,0,0,0,0,0,1
"AC254562.2",0,0,0,0,0,0,0,0,0,0
"AC254562.3",0,0,0,0,2,0,0,0,1,0
"TCF20",3,1,4,5,4,2,8,0,2,6
"OGFRP1",0,0,0,0,0,0,0,0,0,0
"LINC01315",1,0,0,0,0,0,0,0,1,1
"NFAM1",0,0,0,0,0,0,0,0,0,0
"AL022316.1",0,0,0,0,0,0,0,0,0,0
"RRP7A",0,0,0,0,1,0,6,1,1,6
"SERHL2",1,0,6,0,0,2,4,4,2,7
"POLDIP3",1,1,3,3,1,3,4,4,5,2
"Z93241.1",0,0,0,0,0,0,0,0,0,0
"CYB5R3",10,8,11,3,7,9,25,15,10,12
"A4GALT",0,2,1,2,1,6,2,1,2,4
"ARFGAP3",5,9,9,2,11,8,11,5,1,8
"PACSIN2",5,3,6,5,8,6,14,8,8,7
"AL022476.1",0,0,0,0,0,0,1,0,0,0
"TTLL1",1,0,0,1,0,2,0,0,0,1
"BIK",0,0,0,0,0,0,0,0,0,0
"MCAT",0,2,0,1,1,1,1,0,0,1
"TSPO",5,0,5,1,4,5,5,9,2,5
"TTLL12",0,0,0,0,0,0,1,0,0,2
"SCUBE1",0,0,1,0,0,0,0,0,0,0
"LINC01639",0,0,0,0,0,0,0,0,0,0
"MPPED1",0,1,1,0,0,0,1,0,1,1
"EFCAB6-AS1",0,0,0,0,0,0,0,0,0,1
"EFCAB6",0,0,2,0,2,2,1,1,0,2
"Z97055.2",0,0,0,0,0,0,1,0,0,0
"SULT4A1",5,2,3,5,3,0,1,0,0,1
"PNPLA5",0,0,0,0,0,0,0,0,0,0
"PNPLA3",0,0,0,0,0,0,3,0,0,2
"SAMM50",1,3,2,2,3,3,4,4,2,1
"PARVB",5,5,7,5,11,2,24,2,5,4
"PARVG",0,0,0,0,0,0,1,1,0,0
"AL031595.2",0,0,0,0,0,0,0,0,0,0
"SHISAL1",1,0,0,0,2,0,1,1,0,4
"RTL6",1,0,1,0,0,0,0,0,0,0
"LINC00207",0,0,0,0,0,0,0,0,0,0
"LINC00229",0,0,0,0,0,0,0,0,0,0
"PRR5",0,0,1,1,0,1,0,0,0,1
"PRR5-ARHGAP8",1,0,0,0,0,0,0,0,0,0
"ARHGAP8",0,0,0,0,0,0,0,0,0,0
"PHF21B",0,1,0,2,2,1,3,2,0,5
"NUP50-DT",2,3,1,1,4,0,4,2,0,2
"NUP50",1,3,0,1,2,1,5,5,3,2
"KIAA0930",5,13,13,12,14,7,21,2,6,10
"AL008718.2",0,0,0,0,0,0,0,0,0,0
"UPK3A",0,0,0,0,0,0,0,0,0,0
"FAM118A",11,1,2,1,5,8,1,7,5,4
"SMC1B",0,0,0,0,0,1,0,1,0,1
"RIBC2",0,0,0,0,0,0,0,0,0,1
"AL021391.1",0,0,0,0,0,0,0,0,0,0
"FBLN1",29,5,42,0,29,6,4,7,32,31
"ATXN10",15,9,15,10,18,7,19,14,6,18
"BX324167.1",0,0,0,0,0,0,0,0,0,0
"WNT7B",0,0,0,0,0,0,0,0,0,0
"BX537318.1",0,0,1,0,0,0,0,0,0,0
"PRR34",0,0,0,0,0,0,0,0,1,1
"AL121672.3",0,0,0,0,0,0,0,0,0,0
"PRR34-AS1",0,0,0,0,0,0,1,0,0,0
"MIRLET7BHG",5,4,5,2,9,2,15,1,5,12
"AL121672.1",0,0,0,0,0,0,0,0,0,0
"AL121672.2",0,0,0,0,0,0,0,0,1,0
"PPARA",2,3,3,2,7,5,9,3,4,9
"CDPF1",2,0,0,0,0,0,0,0,0,0
"TTC38",1,0,1,0,1,0,3,0,3,1
"GTSE1-DT",0,0,0,0,0,0,0,0,0,0
"GTSE1",0,0,0,0,0,0,0,0,0,0
"TRMU",1,1,2,0,0,0,2,1,1,2
"CELSR1",0,0,0,0,0,0,0,0,0,1
"AL021392.1",0,0,0,0,0,0,0,0,0,0
"GRAMD4",0,0,1,0,1,0,0,0,1,0
"CERK",3,2,2,3,5,2,11,2,2,3
"AL118516.1",3,1,0,3,1,0,6,7,2,5
"TBC1D22A",7,7,14,7,22,8,30,7,8,24
"Z82186.1",0,0,0,0,0,0,0,0,0,0
"LINC01644",0,1,0,0,1,0,0,0,1,1
"LINC00898",0,0,0,0,0,0,0,0,0,0
"AL117329.1",0,0,3,0,1,3,0,0,1,0
"AL121580.1",0,0,0,0,0,0,0,0,0,0
"FP325330.3",0,0,0,0,0,0,0,0,0,0
"FP325330.1",0,0,0,0,1,0,0,0,0,0
"FP325330.2",0,0,0,0,0,0,0,0,0,0
"FAM19A5",1,1,1,1,2,0,2,1,1,1
"LINC01310",0,0,0,0,0,0,0,0,0,1
"C22orf34",0,4,3,1,3,1,14,3,1,3
"Z97192.1",0,0,0,0,0,0,0,0,0,0
"AL023802.1",0,0,0,0,0,0,0,0,0,0
"BRD1",0,1,3,0,3,0,2,1,1,1
"Z98885.3",0,0,0,0,0,1,0,0,0,0
"Z98885.2",0,0,0,0,0,0,0,0,0,0
"AL117328.2",0,0,0,0,0,0,0,0,0,0
"ZBED4",1,1,3,0,2,1,2,2,0,3
"ALG12",1,0,1,0,1,1,0,0,2,2
"AL671710.1",0,0,0,0,0,0,0,0,0,0
"CRELD2",4,1,0,2,2,2,3,1,2,2
"PIM3",0,2,1,1,2,0,4,6,4,2
"IL17REL",0,0,0,0,0,0,0,0,0,0
"TTLL8",0,0,0,0,0,0,0,0,0,0
"MLC1",0,0,2,0,0,0,1,0,1,0
"MOV10L1",1,1,3,0,2,1,2,2,1,4
"PANX2",0,0,0,0,1,0,0,1,1,0
"TRABD",2,2,3,1,1,0,1,1,3,5
"AL022328.3",0,0,0,0,0,0,0,0,0,0
"AL022328.4",0,0,0,0,0,0,0,0,0,0
"SELENOO",2,5,6,1,8,5,3,7,1,10
"AL022328.1",0,0,0,0,0,0,0,0,0,0
"AL022328.2",0,0,0,0,0,0,0,0,0,0
"TUBGCP6",0,0,1,2,1,0,1,2,4,0
"HDAC10",0,0,1,0,0,0,0,2,2,0
"MAPK12",0,0,0,0,1,0,2,2,1,4
"MAPK11",1,0,1,1,1,2,5,0,2,2
"PLXNB2",3,2,2,3,6,2,2,5,3,5
"DENND6B",0,0,2,1,1,0,2,0,0,4
"PPP6R2",8,6,11,3,9,0,9,8,3,15
"SBF1",1,2,2,0,0,2,3,5,1,1
"ADM2",0,0,0,0,0,0,0,0,0,0
"MIOX",0,0,0,0,0,0,0,0,0,0
"LMF2",1,2,1,1,2,2,2,1,0,4
"NCAPH2",0,0,4,0,0,0,0,1,2,0
"U62317.3",0,1,0,0,2,0,0,0,0,1
"TYMP",0,1,1,0,0,0,1,1,0,1
"ODF3B",0,3,0,0,0,0,0,0,0,0
"U62317.5",0,0,0,0,0,0,0,0,0,0
"SYCE3",0,0,0,0,0,0,0,0,0,2
"CPT1B",0,0,2,0,0,0,0,0,0,0
"CHKB",0,0,0,0,0,0,0,0,0,2
"CHKB-DT",0,0,0,0,0,0,0,0,0,0
"U62317.4",0,0,0,0,0,0,0,0,0,0
"MAPK8IP2",1,0,3,1,2,1,1,1,1,0
"ARSA",0,0,1,1,1,4,4,1,2,0
"SHANK3",0,0,1,2,4,2,15,1,1,2
"ACR",0,0,0,0,0,0,0,0,0,0
"AC002056.2",0,0,0,0,0,0,0,0,0,0
"RABL2B",2,0,1,0,0,2,4,0,0,1
"FP565260.3",0,0,0,0,2,0,0,0,0,0
"FP565260.5",0,0,0,0,0,0,0,0,0,0
"GATD3B",0,0,0,0,0,0,0,0,1,0
"FP565260.2",0,0,0,0,0,0,0,0,0,0
"FP565260.1",0,0,0,0,0,0,0,0,0,0
"FP565260.6",0,0,0,0,0,0,3,0,1,0
"AC079801.1",0,0,0,0,0,0,0,0,0,0
"CU633967.1",0,0,1,0,2,0,3,1,2,0
"FP236315.3",0,0,0,0,0,0,0,0,0,0
"FP236315.1",0,0,0,0,0,0,0,0,0,0
"CU639417.3",0,0,0,0,0,0,0,0,0,0
"CU633906.2",0,0,0,0,0,0,0,0,0,0
"U2AF1L5",1,0,0,0,0,0,0,2,0,0
"CU638689.4",0,0,0,0,0,0,0,2,0,0
"FP475955.3",0,0,0,0,0,0,0,0,0,0
"FP475955.1",0,0,0,0,0,0,0,0,0,0
"CU634019.1",0,0,0,0,0,0,0,0,0,0
"SMIM11B",0,0,0,0,0,0,0,0,0,0
"CU633980.1",0,0,0,0,0,0,0,0,0,0
"SMIM34B",0,0,0,0,0,0,0,0,0,0
"FP671120.1",1,1,1,1,0,3,1,3,1,3
"FP236383.1",0,0,1,1,0,1,0,1,1,0
"CR392039.3",0,0,0,1,0,0,0,0,0,0
"CR381653.1",1,0,1,0,0,0,2,0,1,2
"LINC01667",0,0,0,0,0,0,0,0,0,0
"CR382287.2",0,0,0,0,0,0,0,0,0,0
"AP003900.1",0,0,0,0,0,0,1,0,0,0
"TPTE",0,0,0,0,1,0,0,0,0,0
"AP001464.1",1,0,0,0,0,0,0,0,0,0
"LINC01674",0,0,0,0,0,0,0,0,0,0
"POTED",0,0,0,0,0,0,0,0,0,0
"AP001347.1",3,0,4,1,5,0,1,4,2,2
"LIPI",0,0,0,0,0,1,0,0,0,0
"RBM11",1,2,0,0,0,0,0,0,1,0
"HSPA13",1,0,2,2,0,1,3,1,2,1
"SAMSN1",0,0,0,0,2,0,3,0,1,2
"SAMSN1-AS1",0,0,0,0,0,0,0,0,0,0
"AF127936.2",0,0,0,0,0,0,0,0,0,0
"AF127936.1",0,0,0,0,0,0,0,0,0,0
"AF127577.4",0,0,0,1,0,1,1,1,0,0
"AF127577.3",0,0,0,0,0,0,0,0,0,0
"NRIP1",2,1,2,2,3,2,3,6,4,10
"AF127577.1",0,0,0,0,0,0,0,0,0,0
"AF127577.2",0,0,1,0,0,0,1,0,0,1
"AJ009632.2",1,0,0,0,1,1,1,1,4,5
"USP25",5,4,8,4,15,3,11,13,7,21
"MIR99AHG",108,22,85,19,100,42,60,83,148,115
"AP001172.1",2,0,2,0,1,0,0,1,0,0
"AP000962.1",0,0,0,0,0,0,0,2,1,1
"AF130359.1",0,0,0,0,0,0,0,0,0,0
"AF212831.1",0,0,0,0,0,0,0,0,0,0
"LINC01549",0,0,0,0,0,0,0,0,0,0
"CXADR",0,1,3,5,2,1,0,0,0,3
"BTG3",1,0,1,0,3,2,3,3,3,3
"C21orf91-OT1",0,0,0,0,0,0,1,0,0,1
"C21orf91",2,1,1,0,0,1,7,4,0,1
"AL109761.1",0,1,0,0,0,0,0,0,0,0
"CHODL-AS1",0,0,0,0,0,0,0,0,0,0
"CHODL",3,1,2,0,3,1,3,3,2,1
"AF130417.1",0,0,1,1,0,0,1,1,2,0
"TMPRSS15",0,0,0,0,0,0,0,0,0,1
"MIR548XHG",0,0,0,1,0,0,0,0,0,0
"AL157359.1",0,0,0,0,0,0,0,0,0,0
"LINC00320",2,3,0,5,4,0,12,1,3,5
"NCAM2",27,22,36,25,50,16,89,33,15,62
"AP001136.1",0,0,0,0,0,0,0,0,0,0
"AP001117.1",0,0,0,0,0,0,0,0,0,0
"AF241725.1",0,0,0,0,0,0,0,0,0,0
"LINC00317",0,0,0,0,0,0,0,0,0,0
"LINC01425",0,0,0,0,0,1,0,0,0,0
"AP000472.1",0,0,0,0,0,0,0,0,0,0
"LINC01687",0,0,0,0,0,0,0,0,0,0
"AP000561.1",0,0,1,0,0,0,0,0,0,0
"AP000959.1",0,0,0,0,0,0,0,0,0,0
"AP001116.1",0,0,0,0,0,0,0,0,0,0
"AP000477.1",0,0,0,0,0,0,0,0,0,0
"AP000470.1",0,0,0,0,0,0,0,0,0,0
"LINC01689",0,0,0,0,0,0,0,0,0,0
"LINC01684",0,0,0,0,1,0,0,0,0,0
"LINC01692",0,0,2,0,0,0,0,0,0,0
"AP000402.1",0,0,0,0,0,0,0,0,0,0
"AP000146.1",1,0,0,0,0,0,0,0,0,0
"AP001341.1",0,0,0,0,0,0,1,0,0,0
"LINC00158",0,0,0,0,0,0,0,1,0,1
"AP000221.1",0,0,0,0,0,0,0,0,0,0
"MIR155HG",3,0,0,0,1,2,1,1,1,1
"AP000223.1",0,0,0,0,0,0,0,0,0,0
"MRPL39",1,0,2,1,1,0,2,1,3,3
"JAM2",2,4,6,3,8,6,9,6,4,53
"ATP5PF",4,2,4,7,6,5,11,14,6,11
"GABPA",3,0,3,0,5,2,3,4,2,0
"APP",31,44,44,24,40,17,44,29,16,55
"AP001439.1",0,0,2,0,1,1,0,0,1,2
"AP000229.1",0,0,0,0,0,0,0,1,0,0
"AP001596.1",0,0,0,0,0,0,0,0,0,1
"CYYR1-AS1",1,2,0,0,0,1,1,0,0,1
"CYYR1",1,7,3,1,15,3,16,8,5,7
"ADAMTS1",7,3,0,16,3,11,13,10,0,13
"AP001599.1",0,0,1,0,0,0,0,0,0,0
"ADAMTS5",1,0,0,1,1,0,0,1,0,1
"AP001605.1",0,0,0,0,1,0,1,0,0,1
"AP001604.1",0,0,0,0,0,0,0,0,0,0
"AJ006995.1",0,0,0,0,0,0,0,0,0,0
"LINC00314",0,0,0,0,0,0,0,0,0,0
"LINC01695",1,0,0,0,0,0,0,0,0,1
"AF165147.1",1,2,7,3,4,4,3,8,1,2
"N6AMT1",1,0,0,0,0,0,4,1,0,1
"LTN1",2,4,4,0,7,4,12,2,0,6
"RWDD2B",0,1,0,0,0,0,0,0,0,2
"AF129075.2",0,0,0,0,0,0,0,0,0,0
"USP16",2,6,3,3,3,3,7,2,9,10
"CCT8",4,4,3,1,2,5,4,8,4,5
"MAP3K7CL",2,0,1,0,1,0,0,1,1,2
"AF124730.1",0,0,0,0,0,0,0,0,0,1
"BACH1",7,10,16,8,15,11,32,13,7,18
"BACH1-AS1",0,0,0,0,0,0,0,0,0,0
"GRIK1",11,11,15,4,5,1,13,2,5,13
"AP000238.1",0,0,0,0,0,0,1,0,0,0
"GRIK1-AS1",0,0,1,0,0,0,0,0,0,0
"TIAM1",3,2,3,1,3,2,1,1,2,6
"AP000251.1",0,0,0,0,0,0,0,0,0,0
"AP000253.1",0,0,0,0,0,0,0,0,0,1
"SOD1",12,15,11,7,6,15,20,23,9,9
"AP000254.1",0,0,0,0,0,0,1,0,0,1
"SCAF4",6,3,5,0,6,3,4,6,2,6
"AP000255.1",0,0,0,0,0,0,0,0,0,0
"HUNK",1,1,0,0,0,0,1,2,0,1
"LINC00159",0,1,0,1,0,0,1,3,2,1
"AP000265.1",0,0,0,0,0,0,0,0,0,0
"MIS18A",0,0,1,0,1,0,0,0,2,0
"MIS18A-AS1",0,0,0,0,0,0,0,0,0,1
"MRAP",1,0,0,0,0,1,0,0,0,3
"AP000266.1",0,0,0,0,0,0,0,0,0,0
"URB1",1,3,1,2,4,0,1,5,1,8
"URB1-AS1",1,0,0,0,0,1,1,0,0,0
"EVA1C",19,21,10,7,23,4,26,19,10,49
"TCP10L",0,0,0,1,1,0,0,0,0,0
"AP000275.2",0,0,0,0,0,0,0,0,0,0
"CFAP298",0,0,0,0,0,0,1,0,0,0
"SYNJ1",5,3,2,3,5,4,7,3,3,11
"PAXBP1-AS1",1,0,1,0,0,0,0,0,1,0
"PAXBP1",3,2,3,7,5,8,8,9,5,11
"C21orf62-AS1",6,4,6,4,5,1,5,3,2,6
"C21orf62",0,0,1,0,0,1,0,0,0,0
"AP000281.2",0,0,0,0,0,0,0,0,0,0
"AP000282.1",1,0,0,0,0,0,0,0,0,0
"OLIG2",1,1,0,1,3,0,1,0,0,1
"LINC00945",0,0,0,0,0,0,0,0,0,0
"OLIG1",4,7,2,5,8,4,17,1,5,6
"AP000289.1",0,0,0,0,0,0,0,0,0,0
"LINC01548",0,0,0,0,0,0,0,0,0,0
"AP000295.1",0,0,0,0,0,0,1,0,0,0
"IL10RB-DT",0,0,0,0,0,0,0,0,0,0
"IL10RB",0,0,0,0,1,1,0,0,0,0
"IFNAR1",2,5,7,0,4,7,9,9,2,9
"IFNGR2",8,7,11,4,12,7,11,8,2,15
"TMEM50B",9,6,6,3,10,7,23,12,10,8
"AP000302.1",0,1,0,0,0,0,0,0,0,0
"DNAJC28",0,0,0,0,0,0,0,0,0,0
"GART",3,3,2,4,5,3,4,0,0,3
"SON",34,12,57,17,49,39,39,32,22,36
"DONSON",1,0,2,0,2,0,4,0,1,2
"AP000311.1",6,5,10,2,9,1,2,2,4,6
"ITSN1",6,8,14,5,19,8,16,9,13,16
"LINC00649",0,1,0,0,0,0,3,0,0,0
"MRPS6",3,1,3,4,12,5,4,7,9,5
"LINC00310",0,0,0,0,0,0,0,1,1,0
"AP000317.1",1,0,2,0,0,0,0,0,0,0
"KCNE2",0,0,0,0,0,0,0,0,0,0
"AP000320.1",0,0,0,0,0,0,0,0,0,0
"SMIM11A",0,0,0,0,0,0,0,0,0,0
"AP000322.2",0,0,0,0,0,0,0,0,0,0
"AP000322.1",0,0,0,0,1,0,0,0,0,0
"KCNE1",0,0,0,0,0,0,0,0,0,0
"RCAN1",4,2,0,3,1,1,1,3,0,1
"CLIC6",4,0,3,0,0,0,0,0,5,6
"LINC00160",0,0,0,0,0,0,0,0,0,0
"LINC01426",1,0,0,0,0,0,0,0,0,0
"RUNX1",5,1,6,1,2,2,5,4,3,2
"LINC01436",0,0,0,0,0,0,0,0,0,0
"SETD4",0,5,2,1,3,1,3,2,2,5
"AP000688.4",0,0,0,0,0,0,0,0,0,0
"CBR1",9,7,2,3,7,3,9,4,4,6
"AP000688.3",0,0,0,0,0,0,0,0,0,0
"AP000688.2",0,1,0,0,1,0,0,0,0,0
"CBR3",2,1,2,0,1,3,1,0,2,0
"DOPEY2",3,2,1,1,2,3,5,1,0,3
"AP000692.2",0,0,0,0,0,0,0,0,0,0
"MORC3",5,5,7,3,2,8,7,6,2,9
"CHAF1B",0,0,0,0,0,0,0,0,0,0
"AP000695.1",0,0,0,0,0,0,1,0,0,0
"AP000695.2",2,0,0,0,2,1,4,1,1,1
"CLDN14",1,1,1,0,1,0,3,1,1,0
"AP000696.1",0,0,0,0,0,0,0,0,0,0
"AP000697.1",0,0,0,0,0,0,0,0,0,0
"SIM2",0,0,0,0,0,0,0,0,0,0
"HLCS",3,2,7,0,6,2,9,5,10,12
"AP000704.1",0,0,0,0,0,0,0,0,0,0
"RIPPLY3",0,0,0,0,0,0,0,0,0,0
"PIGP",1,0,1,0,2,0,2,2,2,1
"TTC3",19,11,19,7,18,10,28,16,6,24
"TTC3-AS1",0,0,1,0,0,0,3,0,0,0
"DSCR9",0,0,0,0,0,0,0,0,0,0
"AP001432.1",0,1,0,0,0,0,0,1,0,1
"VPS26C",1,3,2,0,4,0,4,3,0,4
"AP001412.1",0,0,0,0,0,0,0,0,0,1
"AP001437.1",0,0,0,0,0,0,2,0,0,0
"DYRK1A",11,7,18,10,21,10,24,12,9,19
"KCNJ6",2,1,0,1,3,0,1,1,1,2
"DSCR8",0,0,0,0,0,0,0,0,0,0
"KCNJ15",0,0,0,1,0,0,0,0,0,0
"ERG",7,32,38,17,24,21,106,25,7,15
"LINC00114",0,0,1,0,0,0,0,0,0,0
"ETS2",5,5,17,11,12,8,25,25,6,12
"AP001043.1",1,0,1,0,0,1,1,1,1,1
"LINC01700",0,0,0,0,0,0,0,0,0,0
"AF064858.1",0,0,0,0,1,0,1,0,0,0
"PSMG1",1,0,0,1,0,0,1,0,0,2
"BRWD1",12,6,9,11,14,10,34,16,9,18
"AF129408.1",0,0,0,0,0,1,1,0,0,0
"BRWD1-AS2",0,0,0,0,0,0,0,0,0,0
"BRWD1-AS1",0,0,0,0,0,0,0,0,0,0
"HMGN1",8,2,0,2,3,8,14,4,4,10
"WRB",0,5,1,1,4,7,7,6,3,7
"LCA5L",0,1,0,0,0,1,1,0,1,2
"SH3BGR",0,0,0,0,1,0,0,0,0,3
"B3GALT5",0,0,1,0,1,2,2,0,0,0
"B3GALT5-AS1",0,0,0,0,0,0,0,0,0,0
"AF064860.2",0,0,0,0,0,0,0,0,0,0
"IGSF5",0,0,0,0,0,0,0,0,1,1
"PCP4",6,0,0,2,0,0,1,2,0,1
"DSCAM",6,3,11,3,11,4,18,8,8,9
"DSCAM-AS1",0,0,0,0,0,0,0,0,0,0
"LINC00323",0,0,0,0,0,0,0,0,0,0
"BACE2",13,12,11,8,9,8,22,28,2,14
"FAM3B",0,0,0,0,0,0,0,0,0,0
"MX2",3,4,1,1,1,0,4,1,0,1
"MX1",1,5,3,1,4,1,10,3,1,3
"AP001610.1",2,0,0,0,0,0,3,0,0,1
"TMPRSS2",0,0,0,0,0,0,0,0,0,0
"LINC00111",0,0,0,0,0,0,0,0,0,0
"LINC00479",0,0,0,0,0,0,0,0,0,0
"PRDM15",1,0,1,0,1,1,0,0,0,0
"C2CD2",4,5,7,4,12,4,18,14,8,19
"ZBTB21",0,1,1,1,1,1,4,4,1,2
"ZNF295-AS1",1,0,0,0,0,0,0,0,1,0
"UMODL1",0,0,0,0,0,0,0,0,0,0
"ABCG1",3,7,1,1,2,10,10,3,1,2
"TMPRSS3",0,0,0,0,1,0,0,0,0,0
"UBASH3A",0,0,0,0,0,1,0,0,0,0
"RSPH1",0,0,0,0,1,0,0,0,0,0
"SLC37A1",0,0,0,0,4,1,4,4,0,1
"AP001626.1",0,0,0,0,0,0,0,0,0,0
"PDE9A",2,0,3,0,4,2,5,0,1,3
"AP001627.1",0,0,0,0,0,0,1,0,0,0
"AP001628.1",0,0,0,0,0,0,1,0,0,0
"WDR4",0,0,0,1,1,0,1,0,2,1
"NDUFV3",3,2,1,2,7,2,7,6,6,7
"ERVH48-1",0,0,0,0,0,0,0,0,0,0
"PKNOX1",4,0,1,0,3,2,6,2,1,5
"CBS",0,0,0,0,0,0,0,0,0,0
"U2AF1",0,0,1,1,1,0,4,2,1,3
"LINC01679",1,0,0,1,0,0,0,0,0,0
"SIK1",0,0,0,0,0,1,1,0,1,0
"HSF2BP",1,0,0,0,0,0,1,0,0,1
"RRP1B",4,1,1,1,3,1,7,3,1,2
"PDXK",8,10,14,2,17,5,20,11,8,19
"CSTB",8,4,6,7,10,8,23,17,9,17
"RRP1",0,0,5,0,0,1,0,2,0,2
"AATBC",0,0,0,0,0,0,0,0,0,0
"AGPAT3",0,2,5,6,3,1,5,2,0,5
"TRAPPC10",5,2,5,4,5,1,6,2,4,10
"PWP2",0,0,0,0,0,0,1,0,0,0
"GATD3A",1,0,1,0,1,0,0,0,1,1
"LINC01678",0,0,0,0,0,0,0,0,0,0
"AP001056.2",0,0,0,0,0,0,0,0,0,0
"ICOSLG",1,1,0,0,0,1,2,0,0,1
"AP001059.3",1,0,0,0,0,0,0,0,0,0
"AP001059.2",0,0,0,0,0,0,0,0,0,0
"DNMT3L",0,0,0,0,0,0,0,0,0,0
"AP001059.1",0,0,0,0,0,0,0,0,0,0
"AIRE",1,0,0,0,0,0,0,0,1,0
"PFKL",2,2,1,5,7,2,6,3,0,3
"C21orf2",0,1,1,0,3,1,3,0,1,1
"AP001062.1",1,0,0,0,0,0,0,0,0,0
"AP001062.2",0,0,0,0,0,0,0,0,0,0
"TRPM2",0,0,1,0,1,2,0,0,0,1
"TRPM2-AS",0,0,0,0,0,0,0,0,0,0
"LRRC3-DT",0,0,0,0,0,0,0,0,0,0
"LRRC3",0,0,0,0,0,0,1,0,0,0
"AP001065.1",0,0,0,0,0,0,0,0,0,0
"TSPEAR",0,0,0,0,1,0,0,0,0,0
"TSPEAR-AS2",0,0,0,0,0,0,0,0,0,0
"KRTAP10-4",0,0,0,0,0,0,0,0,0,0
"UBE2G2",1,4,6,2,5,7,5,0,2,2
"LINC01424",0,0,0,0,0,0,0,0,0,0
"SUMO3",3,3,2,3,4,1,12,3,4,1
"PTTG1IP",2,8,5,7,6,4,30,8,9,5
"ITGB2",0,0,1,0,1,0,1,1,0,0
"ITGB2-AS1",0,0,0,0,0,0,0,0,0,0
"LINC01547",0,0,1,1,0,0,0,0,0,0
"FAM207A",1,0,1,1,1,0,0,2,2,0
"AP001505.1",0,0,0,0,0,0,1,0,1,0
"PICSAR",0,0,0,0,0,0,0,0,0,0
"ADARB1",2,3,2,1,5,5,2,5,3,2
"LINC00334",0,0,0,0,0,0,0,0,0,0
"POFUT2",0,2,0,0,0,0,0,0,0,3
"BX322557.1",0,0,0,0,0,0,0,0,0,0
"LINC00316",0,0,0,0,0,0,0,0,0,0
"BX322562.1",0,0,0,0,1,0,1,0,2,0
"COL18A1",10,4,12,2,11,10,20,6,19,23
"COL18A1-AS1",0,0,0,0,0,0,0,0,0,0
"SLC19A1",4,1,4,5,6,1,5,3,5,1
"LINC01694",0,0,0,0,0,0,0,0,0,0
"PCBP3",5,5,5,13,12,21,29,20,15,16
"AL133492.1",0,0,0,0,0,0,0,1,0,0
"AL592528.1",0,0,0,0,0,0,0,0,0,0
"AJ011932.1",0,0,0,0,0,0,0,0,0,0
"COL6A1",14,2,11,1,10,8,9,8,14,7
"COL6A2",14,0,8,5,8,7,7,9,12,17
"FTCD",0,2,0,0,0,0,1,0,0,1
"SPATC1L",1,1,0,0,2,1,0,1,2,0
"AP001468.1",0,0,0,0,0,0,0,0,0,0
"LSS",2,7,5,5,7,1,7,4,3,7
"AP001469.1",0,0,0,0,0,0,0,0,0,0
"MCM3AP-AS1",2,1,3,2,2,1,6,2,1,1
"MCM3AP",3,1,6,1,6,1,6,1,4,10
"YBEY",2,2,1,0,3,2,1,3,2,1
"C21orf58",1,0,0,0,1,0,1,0,0,0
"PCNT",1,0,1,0,1,2,1,1,2,0
"DIP2A",5,4,14,5,5,7,8,6,5,17
"S100B",11,9,6,2,8,7,4,4,2,17
"PRMT2",10,6,10,4,18,11,18,14,9,18
"MT-ND1",26,33,38,59,70,54,81,96,61,43
"MT-ND2",72,48,71,99,125,178,234,223,199,109
"MT-CO1",56,44,70,88,109,46,129,64,44,128
"MT-CO2",65,75,137,152,177,144,161,87,93,90
"MT-ATP8",0,1,0,0,1,0,1,3,2,1
"MT-ATP6",70,67,124,98,172,116,144,114,115,64
"MT-CO3",97,84,171,148,208,84,159,133,109,92
"MT-ND3",119,109,144,197,208,247,321,282,299,147
"MT-ND4L",0,3,6,4,10,13,17,8,9,3
"MT-ND4",75,59,81,101,151,155,229,125,168,138
"MT-ND5",8,7,17,11,25,20,15,22,16,11
"MT-ND6",2,3,0,1,1,0,0,1,0,1
"MT-CYB",72,39,81,93,113,62,143,91,95,82
"AC136352.3",0,0,0,0,0,0,0,0,0,0
"BX004987.1",0,0,0,0,0,0,0,0,0,0
"AC145212.1",0,0,0,0,0,0,0,0,1,0
"MAFIP",0,0,0,0,0,0,0,0,1,0
"AC011043.1",0,0,0,1,0,0,0,0,1,0
"AC011043.2",0,0,0,0,0,0,0,0,0,0
"AL592183.1",2,1,5,1,1,1,7,4,6,3
"AC007325.4",0,1,0,2,1,0,4,4,2,1
"AC007325.2",0,0,0,0,0,0,0,1,1,0
"AL354822.1",0,0,0,0,0,0,1,0,0,1
"AC023491.2",0,0,0,0,0,0,0,0,0,0
"AC004556.1",0,0,0,0,0,0,0,0,0,0
"AC240274.1",0,0,0,0,0,0,0,0,1,0
