"p_val","avg_log2FC","pct.1","pct.2","p_val_adj","cluster","gene"
0,2.08782254544081,0.861,0.284,0,"0","ST18"
0,2.00033666610965,0.951,0.387,0,"0","PLP1"
0,2.2647767627781,0.83,0.326,0,"0","RNF220"
0,2.26198413906299,0.914,0.418,0,"0","MBP"
0,1.97744616737884,0.704,0.25,0,"0","TMEM144"
0,1.98692712251574,0.904,0.469,0,"0","CTNNA3"
0,1.7965084792428,0.792,0.364,0,"0","PIP4K2A"
0,2.10509999664783,0.602,0.208,0,"0","FRMD4B"
0,1.8976662820029,0.886,0.492,0,"0","SLC44A1"
0,2.16329476251237,0.584,0.199,0,"0","TF"
0,2.2307574144541,0.535,0.16,0,"0","ENPP2"
0,2.06254658746042,0.589,0.216,0,"0","CNP"
0,1.66592751022886,0.667,0.305,0,"0","DOCK10"
0,1.81727729734576,0.781,0.42,0,"0","TMTC2"
0,2.49918294989313,0.498,0.137,0,"0","AL359091.1"
0,1.9863033637492,0.619,0.266,0,"0","TMEM165"
0,1.89493012657034,0.561,0.209,0,"0","DOCK5"
0,1.70380725516129,0.648,0.305,0,"0","NCKAP5"
0,2.30409605732848,0.48,0.14,0,"0","SLC5A11"
0,1.92543255959185,0.643,0.308,0,"0","QDPR"
0,2.10839579366904,0.488,0.158,0,"0","KCNH8"
0,1.35205502071847,0.661,0.332,0,"0","CRYAB"
0,2.21384214179478,0.47,0.145,0,"0","C10orf90"
0,1.74165641407156,0.716,0.393,0,"0","PHLPP1"
0,1.62406358523061,0.805,0.483,0,"0","EDIL3"
0,2.01992533111872,0.535,0.213,0,"0","CREB5"
0,1.61144928704982,0.858,0.536,0,"0","PDE4B"
0,2.33360675315504,0.456,0.142,0,"0","SCD"
0,1.49559409282983,0.926,0.617,0,"0","QKI"
0,1.69553893019003,0.698,0.393,0,"0","ELMO1"
0,2.77706323219519,0.403,0.1,0,"0","CNDP1"
0,2.26473917301529,0.409,0.109,0,"0","LINC01608"
0,1.82192475472197,0.622,0.322,0,"0","PRUNE2"
0,1.85830436700564,0.507,0.208,0,"0","ZNF536"
0,2.15891063060074,0.446,0.149,0,"0","CLMN"
0,1.4716403125393,0.697,0.4,0,"0","SPOCK3"
0,2.21513386578083,0.424,0.13,0,"0","FAM107B"
0,1.94826060436985,0.445,0.152,0,"0","MOBP"
0,1.28082540106872,0.526,0.238,0,"0","SPP1"
0,1.98274907173557,0.411,0.126,0,"0","SLCO1A2"
0,2.6330792056549,0.372,0.09,0,"0","MAG"
0,1.72950504594456,0.469,0.188,0,"0","AC026316.5"
0,1.83029884862533,0.539,0.259,0,"0","PDE1C"
0,1.59449172258307,0.664,0.386,0,"0","ERBIN"
0,2.0977801453018,0.396,0.122,0,"0","UGT8"
0,1.54067353427192,0.435,0.164,0,"0","SELENOP"
0,1.97955771157299,0.515,0.245,0,"0","PDE8A"
0,2.06653492220408,0.403,0.133,0,"0","BCAS1"
0,2.44908110866819,0.379,0.113,0,"0","CERCAM"
0,2.08953901072491,0.408,0.147,0,"0","CDK18"
0,2.1648494943382,0.431,0.176,0,"0","POLR2F"
0,2.58329672481028,0.352,0.098,0,"0","RNASE1"
0,2.18671665045411,0.39,0.141,0,"0","HHIP"
0,1.4883469034987,0.588,0.339,0,"0","SHTN1"
0,1.56357235611958,0.812,0.564,0,"0","FRMD5"
0,1.62188487816163,0.461,0.216,0,"0","LAMP2"
0,1.89095426783859,0.434,0.189,0,"0","PXK"
0,2.01237480593214,0.35,0.107,0,"0","ABCA8"
0,1.43922336455079,0.623,0.382,0,"0","MAN2A1"
0,2.27290759120671,0.336,0.097,0,"0","LPAR1"
0,1.27945433772494,0.447,0.209,0,"0","APOD"
0,1.5149543825911,0.6,0.362,0,"0","FRYL"
0,2.26189954221177,0.347,0.111,0,"0","PPP1R14A"
0,1.37878628785387,0.742,0.508,0,"0","TTLL7"
0,2.35531844308103,0.321,0.089,0,"0","FA2H"
0,1.44813866750805,0.423,0.192,0,"0","CLDND1"
0,1.53404649519026,0.742,0.513,0,"0","MAP7"
0,2.23349947139003,0.328,0.101,0,"0","PLLP"
0,1.70061973889454,0.508,0.281,0,"0","SLAIN1"
0,1.34528895065941,0.652,0.426,0,"0","PLCL1"
0,1.66980735221673,0.371,0.146,0,"0","LINC00609"
0,2.10696605204021,0.321,0.098,0,"0","ERMN"
0,1.43157359977116,0.808,0.586,0,"0","SLC24A2"
0,2.64317147364078,0.294,0.072,0,"0","OPALIN"
0,1.64460011398004,0.404,0.183,0,"0","HIP1"
0,1.84845160681649,0.361,0.142,0,"0","PLA2G16"
0,2.05245167727525,0.41,0.192,0,"0","SYNJ2"
0,1.97487572360077,0.344,0.126,0,"0","PCSK6"
0,1.9142977357515,0.376,0.159,0,"0","CNTN2"
0,2.28474057606816,0.298,0.082,0,"0","MOG"
0,2.45052958581949,0.293,0.077,0,"0","ASPA"
0,2.04480447027711,0.314,0.1,0,"0","SHROOM4"
0,2.14174224637431,0.314,0.105,0,"0","PLEKHH1"
0,2.28015128122096,0.312,0.104,0,"0","PALM2"
0,1.93453967594374,0.438,0.231,0,"0","ZNF565"
0,2.01849805064883,0.319,0.113,0,"0","PLD1"
0,1.78987460110133,0.334,0.128,0,"0","DAAM2"
0,2.24401486602466,0.295,0.09,0,"0","MAL"
0,1.41040622930165,0.521,0.317,0,"0","SGK1"
0,2.20581033683836,0.295,0.092,0,"0","GPR37"
0,1.67499334395427,0.397,0.195,0,"0","ABCA2"
0,1.86642285496764,0.308,0.109,0,"0","COL4A5"
0,0.693262762721377,0.754,0.555,0,"0","ZBTB20"
0,1.66258480993642,0.403,0.205,0,"0","USP54"
0,1.59635255598924,0.482,0.288,0,"0","DIP2B"
0,1.56699607051894,0.818,0.624,0,"0","SIK3"
0,1.29522965306989,0.649,0.456,0,"0","TCF12"
0,1.73521378130581,0.491,0.299,0,"0","KLHL32"
0,1.41017729023965,0.563,0.371,0,"0","APLP1"
0,2.46476762258765,0.27,0.079,0,"0","ELMO1-AS1"
0,2.27338937190997,0.28,0.091,0,"0","GLDN"
0,1.92353970261299,0.425,0.236,0,"0","TUBA1A"
0,2.01469794649095,0.289,0.1,0,"0","AC012593.1"
0,1.62780877966408,0.343,0.156,0,"0","LINC00844"
0,1.32116462136354,0.976,0.789,0,"0","IL1RAPL1"
0,2.30068601834137,0.256,0.073,0,"0","MYRF"
0,1.76896144730113,0.334,0.152,0,"0","FGFR2"
0,1.80280529684475,0.33,0.149,0,"0","HDAC2-AS2"
0,1.5983745754629,0.355,0.174,0,"0","MTUS1"
0,1.34216291038674,0.685,0.505,0,"0","ZEB2"
0,1.29843285733071,0.816,0.636,0,"0","GPM6B"
0,2.00787570355525,0.349,0.17,0,"0","KNOP1"
0,1.29605230599398,0.401,0.223,0,"0","GPRC5B"
0,1.57396392377573,0.362,0.184,0,"0","AMER2"
0,1.62312275210116,0.345,0.168,0,"0","NDRG1"
0,1.96630193814552,0.266,0.092,0,"0","PIEZO2"
0,1.76411752055957,0.333,0.161,0,"0","HIPK2"
0,1.53088274225758,0.603,0.431,0,"0","TRIM2"
0,1.37934260374065,0.668,0.497,0,"0","SEPT7"
0,1.59661862782596,0.436,0.265,0,"0","ANO4"
0,2.30426231131255,0.254,0.086,0,"0","TMTC4"
0,1.37750754401124,0.638,0.472,0,"0","UNC5C"
0,1.73569681977133,0.261,0.095,0,"0","VRK2"
0,1.60948100759989,0.316,0.152,0,"0","DOCK1"
0,1.64162624982254,0.29,0.127,0,"0","ATP10B"
0,1.44001806386261,0.451,0.29,0,"0","APBB2"
0,1.48260801875505,0.492,0.331,0,"0","GAB1"
0,1.62519305748817,0.441,0.28,0,"0","SLCO3A1"
0,1.19198174458509,0.619,0.459,0,"0","DPYD"
0,1.73646547590168,0.29,0.13,0,"0","GSN"
0,1.78945871042907,0.258,0.099,0,"0","TTYH2"
0,1.32530330769876,0.328,0.17,0,"0","RFTN2"
0,1.21773559776382,0.711,0.555,0,"0","PEX5L"
0,1.42268498811008,0.263,0.108,0,"0","ANLN"
0,1.9689667145162,0.27,0.115,0,"0","SEPT4"
0,1.55559477028655,0.313,0.158,0,"0","ADIPOR2"
0,2.036702089331,0.33,0.176,0,"0","AP002370.2"
0,1.91371272720767,0.254,0.1,0,"0","CBR1"
0,1.64592984960354,0.368,0.215,0,"0","LANCL1"
0,1.30684841140118,0.828,0.677,0,"0","FTH1"
0,1.47951102341118,0.509,0.361,0,"0","DNAJC6"
0,1.77823965316611,0.256,0.11,0,"0","PMP22"
0,1.43091836896383,0.299,0.153,0,"0","MARCKSL1"
0,1.78321482114696,0.26,0.115,0,"0","PHLDB1"
0,1.4511866134289,0.503,0.358,0,"0","PCDH9-AS2"
0,0.922050679777841,0.419,0.274,0,"0","FBXL7"
0,1.52225324376436,0.38,0.241,0,"0","CDK19"
0,1.0280354320698,0.499,0.361,0,"0","ALCAM"
0,1.8347682330399,0.29,0.152,0,"0","SEMA4D"
0,1.07570170143052,0.486,0.358,0,"0","PTMA"
0,1.541290343779,0.389,0.262,0,"0","MYO1D"
0,1.52714779823544,0.293,0.168,0,"0","ATG4C"
0,1.14101118756438,0.252,0.129,0,"0","OLIG1"
0,1.54346049961758,0.257,0.135,0,"0","S100B"
0,1.15922205773186,0.62,0.5,0,"0","AGAP1"
0,1.13018468625027,0.77,0.651,0,"0","ANK3"
0,1.20761720756516,0.542,0.424,0,"0","MAP4K4"
0,1.58805770230758,0.268,0.15,0,"0","CCP110"
0,1.62554057028884,0.27,0.153,0,"0","PSEN1"
0,1.46165423913031,0.288,0.171,0,"0","SUN2"
0,0.289326495072286,0.547,0.662,0,"0","N4BP2L2"
0,1.58886717375756,0.285,0.17,0,"0","RYBP"
0,1.4827233175824,0.298,0.186,0,"0","LIPA"
0,1.32942587256644,0.477,0.365,0,"0","SH3GL3"
0,1.4031749595728,0.349,0.237,0,"0","CNTNAP4"
0,1.56339149661224,0.298,0.187,0,"0","LPGAT1"
0,1.39333127158979,0.361,0.251,0,"0","SH3D19"
0,1.14692009065283,0.442,0.334,0,"0","GRM3"
0,1.043319494901,0.707,0.603,0,"0","DNM3"
0,1.36269438821117,0.306,0.202,0,"0","MIR181A1HG"
0,1.02352668053014,0.627,0.523,0,"0","SPOCK1"
0,1.1681616311832,0.623,0.521,0,"0","DLG1"
0,1.31878183612775,0.335,0.234,0,"0","RDX"
0,1.14455941017843,0.716,0.616,0,"0","FMNL2"
0,1.59226885239525,0.325,0.227,0,"0","STMN4"
0,1.13862652920756,0.507,0.41,0,"0","TMEFF2"
0,1.4931589318156,0.272,0.176,0,"0","HS3ST5"
0,1.43699581693558,0.276,0.18,0,"0","MOB3B"
0,1.43667421567201,0.28,0.184,0,"0","FEZ1"
0,1.19726423309571,0.855,0.76,0,"0","PPP2R2B"
0,1.13748672891591,0.501,0.406,0,"0","WSB1"
0,0.776868705648992,0.6,0.506,0,"0","PTPRK"
0,1.00092221827318,0.509,0.416,0,"0","ARAP2"
0,0.783320205059982,0.337,0.246,0,"0","GLUL"
0,1.24241929048208,0.367,0.277,0,"0","FNBP1"
0,0.486690562396627,0.488,0.398,0,"0","CDH20"
0,0.816590358515512,0.636,0.546,0,"0","FTL"
0,1.50218935739177,0.261,0.172,0,"0","JAM3"
0,1.40729648278162,0.266,0.179,0,"0","COLGALT2"
0,1.381125364384,0.271,0.184,0,"0","MVB12B"
0,1.09125043078128,0.503,0.417,0,"0","ARHGAP21"
0,1.16991224149785,0.345,0.259,0,"0","BIN1"
0,0.833649043258605,0.634,0.548,0,"0","MARCH1"
0,0.915010678873087,0.273,0.189,0,"0","B2M"
0,1.19455492490981,0.424,0.34,0,"0","FUT8"
0,1.32211940865179,0.306,0.223,0,"0","SLC12A2"
0,1.42226203749633,0.27,0.188,0,"0","FAM13C"
0,0.40280126221502,0.561,0.643,0,"0","AUTS2"
0,0.931286895625281,0.435,0.357,0,"0","SCD5"
0,0.993987433362126,0.38,0.303,0,"0","USP39"
0,1.15598178344217,0.431,0.355,0,"0","KIRREL3"
0,1.17564203664377,0.306,0.23,0,"0","GAB2"
0,1.27361939973799,0.253,0.182,0,"0","GNAI1"
0,1.13623950491787,0.387,0.318,0,"0","PTBP2"
0,1.04013037015895,0.404,0.335,0,"0","PICALM"
0,1.00335229716269,0.709,0.64,0,"0","CLASP2"
0,1.23310140930037,0.31,0.242,0,"0","RBPJ"
0,0.550670600513289,0.413,0.48,0,"0","KIF1B"
0,1.21200280240999,0.295,0.229,0,"0","H3F3B"
0,1.26699976907677,0.377,0.312,0,"0","NCOA7"
0,0.773341007224843,0.25,0.185,0,"0","NDRG2"
0,1.36355752124863,0.265,0.201,0,"0","ZFYVE16"
0,1.25235637185853,0.323,0.259,0,"0","NUTM2A-AS1"
0,0.368128675408751,0.408,0.471,0,"0","TMSB4X"
0,1.25989267736284,0.329,0.267,0,"0","NFASC"
0,1.19192910860865,0.288,0.226,0,"0","DSCAML1"
0,0.332302856039305,0.636,0.698,0,"0","DST"
0,1.15819609030048,0.327,0.266,0,"0","SORT1"
0,1.05912998500963,0.408,0.348,0,"0","MAP4K5"
0,1.06367064600941,0.291,0.232,0,"0","P2RX7"
0,0.837876793140757,0.29,0.232,0,"0","EPN2"
0,0.92368130701308,0.673,0.616,0,"0","RTN4"
0,0.374062512130261,0.554,0.611,0,"0","WWOX"
0,0.448800325874589,0.464,0.52,0,"0","FHIT"
0,1.26548654329904,0.268,0.215,0,"0","USP32"
0,0.882662896507303,0.305,0.252,0,"0","SLC39A11"
0,1.12791933169791,0.305,0.253,0,"0","RNF13"
0,1.1388373230785,0.369,0.32,0,"0","C9orf3"
0,1.28527135489708,0.267,0.22,0,"0","KCNMB4"
0,0.870923062579778,0.275,0.229,0,"0","ST6GALNAC3"
0,0.466196609717807,0.394,0.44,0,"0","CCNH"
0,0.71758316225864,0.994,0.949,0,"0","PCDH9"
0,1.17563257939615,0.297,0.252,0,"0","SECISBP2L"
0,1.20223747906065,0.339,0.297,0,"0","TULP4"
0,0.942178958388581,0.256,0.214,0,"0","SGK3"
0,0.59662016113105,0.427,0.469,0,"0","GAPDH"
0,0.642113798037144,0.785,0.744,0,"0","NCAM2"
0,0.687650617701312,0.321,0.362,0,"0","HNRNPDL"
0,0.453147993117722,0.398,0.358,0,"0","DLC1"
0,0.610872225237932,0.444,0.484,0,"0","DPYSL2"
0,0.609391759386068,0.442,0.482,0,"0","ENOX1"
0,1.18584221912205,0.25,0.212,0,"0","ITCH"
0,0.93999722923983,0.396,0.359,0,"0","RNF130"
0,0.977571223821458,0.262,0.225,0,"0","ZDHHC20"
0,0.666656813652772,0.433,0.47,0,"0","ZNF638"
0,0.85785903269105,0.372,0.335,0,"0","TLE4"
0,0.618682163808437,0.373,0.407,0,"0","AK5"
0,1.04291004163439,0.271,0.239,0,"0","DICER1"
0,0.908250334085211,0.325,0.294,0,"0","DLEU2"
0,0.600982946615661,0.465,0.496,0,"0","ACTB"
0,0.949800536609191,0.329,0.299,0,"0","RPL10"
0,1.05082536989273,0.297,0.267,0,"0","UBB"
0,1.02146494350047,0.273,0.245,0,"0","STARD13"
0,0.912719785268949,0.495,0.467,0,"0","ATP8A1"
0,0.717872415489684,0.437,0.464,0,"0","LRRTM3"
0,0.913356807142897,0.305,0.28,0,"0","DOCK9"
0,0.535840451768388,0.421,0.445,0,"0","ZSWIM6"
0,1.00102628128706,0.356,0.332,0,"0","ANKIB1"
0,0.893327415595412,0.529,0.506,0,"0","TJP1"
0,0.648061534058633,0.282,0.304,0,"0","RPS15"
0,0.979746324262244,0.366,0.345,0,"0","COBL"
0,0.422300577710437,0.91,0.889,0,"0","MAGI2"
0,0.788390016950651,0.286,0.307,0,"0","NSMCE2"
0,1.01439272264732,0.38,0.359,0,"0","OSBPL1A"
0,0.741405755335622,0.392,0.413,0,"0","PEBP1"
0,0.827778145155976,0.262,0.282,0,"0","RNF144A"
0,0.913139053689589,0.569,0.55,0,"0","PTK2"
0,0.911152950885449,0.286,0.268,0,"0","SGMS1"
0,0.788807217810426,0.558,0.541,0,"0","LIMCH1"
0,0.55841043083687,0.476,0.493,0,"0","HSP90AA1"
0,0.818610228987116,0.28,0.263,0,"0","NEO1"
0,0.332066952133177,0.653,0.637,0,"0","NKAIN2"
0,0.883554172391382,0.423,0.407,0,"0","RAPGEF5"
0,0.741415645115078,0.397,0.412,0,"0","SSH2"
0,1.14213421045219,0.27,0.256,0,"0","DYNC1I2"
0,0.76686468401214,0.489,0.502,0,"0","CCDC88A"
0,0.960479798257686,0.271,0.259,0,"0","ANKRD28"
0,0.733888158851261,0.287,0.299,0,"0","FCHSD2"
0,1.0543514431093,0.334,0.322,0,"0","GNAO1"
0,0.893321378046063,0.519,0.508,0,"0","EXOC6B"
0,0.865442325453053,0.33,0.34,0,"0","GRID1"
0,0.742598232197362,0.263,0.272,0,"0","PHACTR3"
0,0.706929113827184,0.315,0.307,0,"0","KIF13A"
0,0.949143683033236,0.296,0.288,0,"0","AGTPBP1"
0,0.856015530654058,0.443,0.435,0,"0","MBNL2"
0,0.847483142781769,0.287,0.279,0,"0","MYO6"
0,0.738719840386207,0.317,0.324,0,"0","EIF1"
0,0.739069169439323,0.555,0.561,0,"0","AKAP6"
0,0.728701643465794,0.645,0.64,0,"0","NCAM1"
0,0.867367401828107,0.387,0.382,0,"0","DIP2C"
0,0.873096958378098,0.339,0.335,0,"0","SELENOW"
0,0.823017379719742,0.364,0.361,0,"0","STMN1"
0,0.892578258578989,0.403,0.405,0,"0","PKP4"
0,0.922142322256883,0.311,0.313,0,"0","ARFGEF3"
0,0.790314411620118,0.536,0.537,0,"0","APP"
1.1608888528165e-122,0.278802731156541,0.18,0.286,3.03015208362163e-118,"0","CASC4"
4.42172884398143e-119,0.25647134781401,0.176,0.278,1.15415966285603e-114,"0","RCAN2"
1.96642144784483e-112,0.338920787440189,0.16,0.254,5.13275326316457e-108,"0","PLEKHA1"
1.48709664275736e-97,0.288738957616071,0.17,0.26,3.88161965692526e-93,"0","CCSER2"
8.19010891590509e-86,0.370846605937977,0.19,0.286,2.13778222922955e-81,"0","PAFAH1B1"
1.22815985323526e-84,0.258146766390114,0.24,0.355,3.20574284891468e-80,"0","TNRC6C"
1.03611856315386e-83,0.329740195882064,0.171,0.255,2.70447667354421e-79,"0","WAC"
5.91645807359863e-80,0.29906274467011,0.217,0.32,1.54431388637071e-75,"0","KTN1"
2.86239188066365e-79,0.400024646445181,0.172,0.257,7.47141528690825e-75,"0","OCIAD1"
6.16050295389659e-79,0.265019017944759,0.216,0.315,1.60801448102609e-74,"0","TAOK3"
1.51604775291812e-78,0.317838717840907,0.178,0.263,3.95718784466688e-74,"0","ZBTB16"
3.74906256405334e-75,0.318103224798268,0.192,0.282,9.78580310469204e-71,"0","NUCKS1"
5.86974553331916e-75,0.364860750421369,0.196,0.29,1.53212097910697e-70,"0","SEC62"
1.87479189600406e-74,0.301429703286286,0.193,0.282,4.89358180694979e-70,"0","YWHAE"
6.8262650668904e-74,0.337870318771152,0.216,0.318,1.78179170775973e-69,"0","DTNB"
1.13869082863879e-72,0.368393532195636,0.188,0.277,2.97221080091297e-68,"0","TAOK1"
2.04736137790547e-72,0.361985413874445,0.172,0.251,5.34402266860886e-68,"0","SUMF1"
5.72835045391402e-69,0.279232010077986,0.202,0.29,1.49521403548064e-64,"0","HP1BP3"
8.24350986434153e-69,0.307232002098005,0.2,0.289,2.15172094479043e-64,"0","KIDINS220"
8.26076786815239e-69,0.254399059931596,0.18,0.258,2.15622562894514e-64,"0","RASGRF2"
1.36073358565806e-68,0.313387048201288,0.186,0.268,3.55178680528467e-64,"0","ZNF365"
3.00235358459456e-66,0.342711805874741,0.207,0.299,7.83674332650873e-62,"0","MAPRE2"
5.78580795301022e-64,0.305789907321908,0.225,0.323,1.51021159189473e-59,"0","GOLGA4"
6.5531341803337e-59,0.429228732096183,0.191,0.275,1.7104990837507e-54,"0","BEX3"
1.58136083870196e-55,0.296484185254246,0.217,0.305,4.12766806117986e-51,"0","TRA2A"
2.09590567151592e-52,0.277709321479111,0.247,0.345,5.47073298379084e-48,"0","PHIP"
7.94787949233113e-52,0.286853406611627,0.294,0.419,2.07455550508827e-47,"0","FAF1"
1.38625023185395e-50,0.434851597634447,0.211,0.299,3.61839035518518e-46,"0","MICAL3"
7.59404034187035e-46,0.391960735869926,0.194,0.269,1.982196410035e-41,"0","HMGN3"
4.6074483282302e-42,0.400998298644122,0.192,0.263,1.20263616263465e-37,"0","RPS6KA5"
1.48519575257295e-41,0.405903829714082,0.182,0.25,3.87665795336592e-37,"0","FUS"
3.21861211798745e-41,0.389243055131477,0.228,0.316,8.40122135037085e-37,"0","PPIA"
4.68002062756061e-40,0.444855049629777,0.196,0.269,1.22157898420587e-35,"0","BBS9"
4.77732606444548e-40,0.549270913737903,0.186,0.259,1.24697764934156e-35,"0","GAS7"
6.41901434535787e-39,0.315024855338521,0.274,0.377,1.67549112442531e-34,"0","NLK"
3.02588428243851e-38,0.448730056866246,0.206,0.283,7.89816315402099e-34,"0","RSRP1"
6.39649381915484e-37,0.360698450754574,0.242,0.33,1.6696128166758e-32,"0","DYNLL1"
1.8492690153627e-36,0.348977922666526,0.264,0.362,4.82696198389973e-32,"0","WDFY3"
2.01718445408986e-36,0.399562983071845,0.216,0.293,5.26525486206536e-32,"0","GPBP1"
1.26681573553392e-35,0.357368615613219,0.257,0.352,3.30664243289063e-31,"0","BPTF"
1.97354995614479e-35,0.307706532898594,0.265,0.358,5.15136009552913e-31,"0","KMT2C"
1.603141355899e-33,0.39253644723347,0.214,0.288,4.18451956716756e-29,"0","PEAK1"
8.59208222756845e-33,0.414308339531635,0.233,0.317,2.24270530303992e-28,"0","KDM4C"
1.54074479691005e-32,0.31208437842963,0.257,0.346,4.02165206889462e-28,"0","ITM2B"
5.34574042775608e-32,0.370964800884148,0.248,0.335,1.39534516645289e-27,"0","USP47"
9.49478266559749e-30,0.43338090908415,0.234,0.316,2.47832817137426e-25,"0","POGZ"
5.73877093201204e-29,0.340159257494255,0.228,0.3,1.49793398867378e-24,"0","HNRNPA2B1"
1.32052728200213e-28,0.460536453262183,0.226,0.305,3.44684031148197e-24,"0","MON2"
2.58014739195381e-25,0.308864640913509,0.309,0.416,6.73470072247783e-21,"0","ANKRD12"
5.44830495694414e-24,0.436758938263534,0.195,0.254,1.42211655986156e-19,"0","RPL34"
5.48001171914133e-22,0.425296620620988,0.256,0.34,1.43039265893027e-17,"0","RALGAPA1"
7.02253254618709e-22,0.44320242245233,0.257,0.343,1.83302144520575e-17,"0","ARID4B"
1.51842734309479e-21,0.412290605099734,0.209,0.271,3.96339905094602e-17,"0","HIBCH"
1.84906447092442e-19,0.463948816284412,0.255,0.337,4.82642808200692e-15,"0","ZNF609"
4.44425112260191e-15,0.486089132816556,0.231,0.298,1.16003842802155e-10,"0","UTY"
2.25153264365548e-12,0.320623478660672,0.361,0.48,5.87695050646955e-08,"0","PRKACB"
3.35154126673842e-12,0.703308088921025,0.3,0.342,8.74819301444063e-08,"0","PPP1R12B"
9.87635698131678e-12,0.423716094514354,0.289,0.375,2.57792669926331e-07,"0","NKTR"
1.66439931638529e-11,0.40665602379295,0.272,0.348,4.34441509562889e-07,"0","DDX5"
7.88921594718772e-10,0.709177221539898,0.254,0.279,2.05924314653494e-05,"0","UBC"
1.44366163468135e-09,0.562719589543094,0.355,0.421,3.76824559884525e-05,"0","OTUD7A"
1.74881609836346e-09,0.48746279773244,0.247,0.312,4.5647597799483e-05,"0","SDCCAG8"
2.51792018346464e-08,0.706233969132921,0.285,0.324,0.00065722752628794,"0","ACYP2"
5.2998376576241e-08,0.554279691942784,0.36,0.434,0.00138336362539304,"0","SRPK2"
1.76839016511048e-07,0.55023546895269,0.211,0.26,0.00461585200897136,"0","SPAG9"
4.93338018681843e-07,0.582042264486925,0.221,0.275,0.0128771089636335,"0","CCNY"
7.15485319657816e-07,0.793225301449783,0.23,0.253,0.0186755978137083,"0","UVRAG"
1.11208219011338e-06,0.798702807119081,0.237,0.264,0.0290275693263395,"0","LRRFIP2"
1.34427008013915e-06,0.638434066740464,0.253,0.276,0.0350881376317922,"0","NAALADL2"
1.667513245325e-06,0.622625099000968,0.207,0.255,0.0435254307294732,"0","AMBRA1"
0,1.939764286463,0.877,0.354,0,"1","ST18"
0,1.99183283118606,0.929,0.46,0,"1","PLP1"
0,1.93861179010226,0.754,0.3,0,"1","TMEM144"
0,1.87123279185656,0.847,0.41,0,"1","PIP4K2A"
0,1.41370045372822,0.883,0.484,0,"1","MBP"
0,1.68604292005931,0.896,0.524,0,"1","CTNNA3"
0,2.25018876952053,0.726,0.364,0,"1","CRYAB"
0,1.67541537753399,0.705,0.344,0,"1","DOCK10"
0,2.17239139151355,0.567,0.209,0,"1","AC026316.5"
0,2.30963866223019,0.539,0.183,0,"1","SELENOP"
0,1.45345576775803,0.752,0.399,0,"1","RNF220"
0,2.29566312643279,0.554,0.203,0,"1","CLDND1"
0,1.59036683237469,0.89,0.541,0,"1","SLC44A1"
0,2.00327467467103,0.507,0.18,0,"1","MOBP"
0,1.91586418675514,0.724,0.398,0,"1","MAN2A1"
0,1.66661448015209,0.572,0.248,0,"1","TF"
0,1.67971440656372,0.571,0.251,0,"1","DOCK5"
0,2.06106127617447,0.472,0.153,0,"1","SLCO1A2"
0,1.71627598858917,0.522,0.209,0,"1","ENPP2"
0,1.78216727490246,0.669,0.359,0,"1","SHTN1"
0,1.68895922057473,0.577,0.267,0,"1","SPP1"
0,1.52397885725343,0.828,0.52,0,"1","EDIL3"
0,2.55077304803627,0.411,0.107,0,"1","ANLN"
0,1.66406791217653,0.561,0.266,0,"1","CNP"
0,1.77328324377125,0.818,0.527,0,"1","TTLL7"
0,1.83458671847495,0.733,0.443,0,"1","PLCL1"
0,1.35211845978015,0.757,0.468,0,"1","TMTC2"
0,1.55319626837739,0.601,0.313,0,"1","TMEM165"
0,1.46346312238901,0.548,0.265,0,"1","FRMD4B"
0,1.43148636773683,0.63,0.35,0,"1","NCKAP5"
0,1.3952791041407,0.715,0.435,0,"1","SPOCK3"
0,1.82705321521638,0.516,0.239,0,"1","LAMP2"
0,1.29749726042718,0.93,0.655,0,"1","QKI"
0,1.65098479359793,0.657,0.384,0,"1","FRYL"
0,1.33835561366552,0.699,0.435,0,"1","PHLPP1"
0,1.61364464206209,0.465,0.202,0,"1","KCNH8"
0,1.53508263182791,0.62,0.36,0,"1","PRUNE2"
0,1.59889878213351,0.612,0.354,0,"1","QDPR"
0,1.91704765479232,0.386,0.132,0,"1","ABCA8"
0,1.53840399509558,0.586,0.333,0,"1","SGK1"
0,2.48728963533745,0.353,0.102,0,"1","RGCC"
0,1.3176909031822,0.669,0.42,0,"1","ERBIN"
0,1.77453647904663,0.404,0.155,0,"1","UGT8"
0,1.24509828149408,0.827,0.58,0,"1","PDE4B"
0,1.34777750721314,0.676,0.434,0,"1","ELMO1"
0,1.43200620515567,0.433,0.191,0,"1","AL359091.1"
0,1.77734469339811,0.387,0.15,0,"1","LINC01608"
0,1.63074156165188,0.406,0.169,0,"1","FAM107B"
0,1.62158735758915,0.42,0.191,0,"1","SLC5A11"
0,1.39010198041111,0.488,0.26,0,"1","CREB5"
0,1.56671170479217,0.417,0.19,0,"1","CLMN"
0,1.62690102708614,0.614,0.388,0,"1","APLP1"
0,1.49121566906785,0.519,0.297,0,"1","PDE1C"
0,1.79579112420679,0.401,0.182,0,"1","NDRG1"
0,1.74577308798861,0.416,0.199,0,"1","AMER2"
0,2.07828337596407,0.323,0.107,0,"1","VRK2"
0,1.62905668508265,0.393,0.181,0,"1","RFTN2"
0,1.42990610973788,0.405,0.195,0,"1","C10orf90"
0,1.70382802314406,0.425,0.217,0,"1","ABCA2"
0,1.7160236241734,0.375,0.167,0,"1","PLA2G16"
0,2.32799432272912,0.288,0.083,0,"1","LRP2"
0,1.7907346681399,0.378,0.174,0,"1","LINC00844"
0,1.28885082453968,0.457,0.253,0,"1","ZNF536"
0,1.56107561340498,0.425,0.221,0,"1","PXK"
0,1.45958567685131,0.673,0.471,0,"1","DPYD"
0,1.54201500111305,0.376,0.174,0,"1","LINC00609"
0,1.64723944316955,0.385,0.185,0,"1","CNTN2"
0,1.75922091513689,0.331,0.131,0,"1","COL4A5"
0,1.45821473581208,0.44,0.24,0,"1","GPRC5B"
0,1.50646974412958,0.61,0.413,0,"1","ARAP2"
0,1.37246844479892,0.505,0.309,0,"1","SLAIN1"
0,1.58024867866436,0.378,0.184,0,"1","CDK18"
0,1.43374396133543,0.434,0.24,0,"1","APOD"
0,1.78246731056298,0.364,0.17,0,"1","ADIPOR2"
0,1.76120688104276,0.347,0.153,0,"1","PCSK6"
0,2.15414962181754,0.293,0.102,0,"1","EFHD1"
0,0.752495434485343,0.767,0.578,0,"1","ZBTB20"
0,1.74922964395725,0.316,0.127,0,"1","ERMN"
0,1.74947017677679,0.353,0.164,0,"1","MARCKSL1"
0,1.32076406130457,0.558,0.37,0,"1","ALCAM"
0,1.58288111345949,0.341,0.153,0,"1","DAAM2"
0,1.70451985779672,0.311,0.127,0,"1","SHROOM4"
0,1.17578475965106,0.798,0.615,0,"1","SLC24A2"
0,1.94852352734991,0.272,0.093,0,"1","CDH19"
0,1.24425647725463,0.723,0.544,0,"1","MAP7"
0,1.50214955302666,0.355,0.177,0,"1","HHIP"
0,1.32079425210662,0.37,0.193,0,"1","SCD"
0,1.84994688246261,0.287,0.11,0,"1","PIEZO2"
0,1.25136302213161,0.832,0.656,0,"1","GPM6B"
0,1.78231408094035,0.289,0.115,0,"1","TTYH2"
0,1.70120502926345,0.284,0.111,0,"1","MOG"
0,1.51017762844254,0.302,0.132,0,"1","LPAR1"
0,1.69447495303195,0.316,0.148,0,"1","TSC22D4"
0,1.14390608330572,0.647,0.481,0,"1","TCF12"
0,1.11242834033491,0.735,0.571,0,"1","PEX5L"
0,1.65969097059877,0.335,0.171,0,"1","HDAC2-AS2"
0,1.26542445024388,0.976,0.812,0,"1","IL1RAPL1"
0,1.38632189705709,0.359,0.196,0,"1","MTUS1"
0,0.916468253511325,0.561,0.399,0,"1","CDH20"
0,2.00533144479,0.254,0.093,0,"1","LINC00320"
0,1.59426423988058,0.3,0.141,0,"1","PLD1"
0,1.2524610139057,0.685,0.528,0,"1","SPOCK1"
0,0.348328415041997,0.665,0.508,0,"1","NEAT1"
0,1.65404608453011,0.522,0.369,0,"1","PTMA"
0,1.341332469975,0.385,0.232,0,"1","USP54"
0,1.16767569142048,0.367,0.216,0,"1","HIP1"
0,1.58776791273886,0.376,0.227,0,"1","P2RX7"
0,1.38471312567531,0.489,0.341,0,"1","GRM3"
0,1.55715615009056,0.268,0.121,0,"1","GPR37"
0,1.14243420517777,0.325,0.178,0,"1","BCAS1"
0,1.42872372133457,0.27,0.125,0,"1","FA2H"
0,1.47857115195872,0.252,0.109,0,"1","ASPA"
0,1.33533210947979,0.745,0.605,0,"1","RASGEF1B"
0,1.61000418889615,0.3,0.16,0,"1","CCP110"
0,1.62382537453049,0.258,0.119,0,"1","CBR1"
0,1.48338764716017,0.275,0.137,0,"1","PLEKHH1"
0,1.17668411026834,0.657,0.52,0,"1","SEPT7"
0,1.45349134480376,0.27,0.136,0,"1","PALM2"
0,1.48446400619845,0.314,0.181,0,"1","ATG4C"
0,1.43256463980512,0.253,0.121,0,"1","MAL"
0,1.24381333510226,0.27,0.139,0,"1","MAG"
0,1.52202883757319,0.313,0.182,0,"1","SUN2"
0,1.18464150919609,0.35,0.219,0,"1","POLR2F"
0,0.971587524500534,0.734,0.606,0,"1","FRMD5"
0,1.21230202071033,0.444,0.317,0,"1","DIP2B"
0,1.68026345969041,0.312,0.187,0,"1","ZNF652"
0,1.71043417944402,0.344,0.219,0,"1","ZDHHC20"
0,1.4031038198678,0.387,0.264,0,"1","BIN1"
0,1.13935242043342,0.86,0.739,0,"1","NCAM2"
0,1.28344884862974,0.541,0.422,0,"1","ARHGAP21"
0,1.19364644564128,0.262,0.143,0,"1","OLIG1"
0,1.06486469790747,0.411,0.293,0,"1","PDE8A"
0,1.1796868110217,0.256,0.139,0,"1","PLLP"
0,1.1574625562643,0.47,0.354,0,"1","GAB1"
0,1.16805822322715,0.275,0.16,0,"1","CERCAM"
0,0.884447743479256,0.628,0.513,0,"1","PTPRK"
0,1.47628192742793,0.256,0.142,0,"1","SEMA6A"
0,1.02853392498681,0.667,0.554,0,"1","MARCH1"
0,1.54370198796018,0.298,0.185,0,"1","GNAI1"
0,1.38319684198372,0.311,0.198,0,"1","LIPA"
0,1.19688900335086,0.261,0.152,0,"1","PPP1R14A"
0,1.17738662567204,0.64,0.531,0,"1","DLG1"
0,1.09068625299599,0.606,0.497,0,"1","UNC5C"
0,0.963430075083277,0.641,0.533,0,"1","ZEB2"
0,0.961745852627718,0.263,0.157,0,"1","CNDP1"
0,1.22631974910549,0.366,0.26,0,"1","CDK19"
0,1.13430882423217,0.804,0.699,0,"1","FTH1"
0,1.1161758612654,0.285,0.181,0,"1","FGFR2"
0,1.14255500849118,0.254,0.152,0,"1","ATP10B"
0,1.21896212050371,0.431,0.331,0,"1","TLE4"
0,1.14164212906903,0.288,0.188,0,"1","NDRG2"
0,1.14889247204446,0.329,0.23,0,"1","SYNJ2"
0,1.16070612789142,0.48,0.383,0,"1","DNAJC6"
0,1.07993756517649,0.712,0.615,0,"1","DNM3"
0,1.10305540600031,0.286,0.189,0,"1","HIPK2"
0,1.20861699740325,0.348,0.251,0,"1","CNTNAP4"
0,1.19763595066971,0.445,0.35,0,"1","MAP4K5"
0,1.38615107179623,0.325,0.231,0,"1","SLC12A2"
0,1.1813792364348,0.332,0.239,0,"1","LANCL1"
0,0.709811805267211,0.388,0.297,0,"1","FBXL7"
0,1.33767262606364,0.304,0.213,0,"1","SGK3"
0,1.20061354242311,0.269,0.18,0,"1","CPQ"
0,1.30800389252289,0.283,0.195,0,"1","FEZ1"
0,1.2752086669663,0.271,0.186,0,"1","RYBP"
0,1.18842329944577,0.466,0.381,0,"1","SH3GL3"
0,1.26870954359475,0.301,0.216,0,"1","MIR181A1HG"
0,1.13336422187399,0.285,0.201,0,"1","FKBP5"
0,1.15428074077811,0.547,0.464,0,"1","ATP8A1"
0,1.14717658169492,0.403,0.324,0,"1","PTBP2"
0,1.25411921493056,0.269,0.19,0,"1","COLGALT2"
0,1.09342406254952,0.636,0.557,0,"1","FTL"
0,0.967634920763131,0.46,0.382,0,"1","PCDH9-AS2"
0,1.23741441994677,0.354,0.277,0,"1","DOCK9"
0,0.399231758095854,0.47,0.546,0,"1","APP"
0,1.0824628782011,0.325,0.249,0,"1","RDX"
0,1.2188184836744,0.347,0.271,0,"1","SORT1"
0,0.871348122711004,0.275,0.2,0,"1","B2M"
0,0.992456169733302,0.392,0.318,0,"1","APBB2"
0,1.22711464362099,0.267,0.193,0,"1","MOB3B"
0,0.970487667737059,0.515,0.442,0,"1","MAP4K4"
0,0.902983414402693,0.254,0.181,0,"1","DOCK1"
0,0.551106918422128,0.47,0.542,0,"1","CDC42BPA"
0,1.07909893974286,0.303,0.231,0,"1","ST6GALNAC3"
0,0.959932424998254,0.406,0.335,0,"1","KLHL32"
0,0.455693299455488,0.492,0.563,0,"1","PTK2"
0,0.772532736614958,0.731,0.66,0,"1","SIK3"
0,1.15376908261816,0.352,0.283,0,"1","MYO1D"
0,0.436632291166082,0.636,0.705,0,"1","MT-ND2"
0,0.575335520486486,0.429,0.497,0,"1","ATXN1"
0,1.17757657066121,0.272,0.205,0,"1","LPGAT1"
0,1.05956154358684,0.425,0.359,0,"1","RNF130"
0,0.904547106053785,0.528,0.463,0,"1","TRIM2"
0,1.05087236613306,0.408,0.343,0,"1","PICALM"
0,0.917424347617152,0.36,0.297,0,"1","ANO4"
0,0.970836333581361,0.372,0.309,0,"1","SLCO3A1"
0,0.912484597558496,0.487,0.425,0,"1","TMEFF2"
0,1.12400249281637,0.318,0.257,0,"1","RNF13"
0,0.990749207122774,0.26,0.2,0,"1","LIFR"
0,1.03067651728186,0.411,0.352,0,"1","FUT8"
0,1.26207967453112,0.282,0.224,0,"1","KCNMB4"
0,0.554061082306318,0.391,0.447,0,"1","DDX17"
0,0.526610270554553,0.514,0.566,0,"1","AKAP6"
0,0.892486421071244,0.473,0.422,0,"1","WSB1"
0,0.647944702663792,0.373,0.423,0,"1","SRPK2"
0,0.574526404475037,0.431,0.479,0,"1","ATP1B1"
0,1.06654921971983,0.309,0.261,0,"1","NEO1"
0,1.09002050409731,0.273,0.227,0,"1","BBX"
0,1.12151326502913,0.998,0.954,0,"1","PCDH9"
0,0.478978954975784,0.56,0.603,0,"1","WWOX"
0,0.861803676832635,0.316,0.274,0,"1","ZNF565"
0,1.07550875050281,0.27,0.229,0,"1","PPM1B"
0,0.681723573762605,0.369,0.41,0,"1","PKP4"
0,0.92968106719961,0.463,0.424,0,"1","CCNH"
0,1.24455174494352,0.755,0.794,0,"1","SLC26A3"
0,0.603380825954168,0.602,0.64,0,"1","N4BP2L2"
0,0.996055095377405,0.36,0.323,0,"1","NCOA7"
0,0.844766518151804,0.671,0.637,0,"1","NCAM1"
0,1.09575101420191,0.319,0.286,0,"1","AGTPBP1"
0,0.884568844243365,0.468,0.436,0,"1","ZSWIM6"
0,1.04910015460173,0.517,0.485,0,"1","HSP90AA1"
0,0.996060488365232,0.266,0.235,0,"1","ELF2"
0,0.683582242505825,0.472,0.502,0,"1","CCDC88A"
0,0.500854542455182,0.393,0.363,0,"1","DLC1"
0,1.00091700353162,0.307,0.277,0,"1","NFASC"
0,0.989268041312088,0.363,0.334,0,"1","ANKIB1"
0,0.811357074411306,0.289,0.261,0,"1","SLC39A11"
0,0.968924584672399,0.251,0.224,0,"1","USP32"
0,0.697505409020917,0.662,0.636,0,"1","FMNL2"
0,0.824491175030458,0.299,0.273,0,"1","SH3D19"
0,0.751132519718021,0.678,0.653,0,"1","CLASP2"
0,0.711205986238453,0.315,0.339,0,"1","SELENOW"
0,0.639598707795551,0.391,0.414,0,"1","RAPGEF5"
0,0.748132145789133,0.649,0.627,0,"1","RTN4"
0,0.861045835148113,0.321,0.299,0,"1","DLEU2"
0,0.944482390295555,0.481,0.459,0,"1","ZNF638"
0,0.943967610637327,0.282,0.26,0,"1","SECISBP2L"
0,0.670652385031364,0.526,0.547,0,"1","LIMCH1"
0,0.559419386368837,0.912,0.891,0,"1","MAGI2"
0,0.774118530818714,0.266,0.245,0,"1","GAB2"
0,0.903892676116897,0.299,0.279,0,"1","MYO6"
0,0.724280974246756,0.495,0.514,0,"1","TJP1"
0,1.03461545276488,0.422,0.404,0,"1","OTUD7A"
0,0.704760748332658,0.492,0.509,0,"1","FHIT"
0,0.501773170979525,0.767,0.784,0,"1","PPP2R2B"
0,0.622051724267401,0.692,0.676,0,"1","ANK3"
0,0.75434627534702,0.497,0.512,0,"1","EXOC6B"
0,0.918165288941399,0.26,0.245,0,"1","DICER1"
0,0.910240256399492,0.286,0.271,0,"1","SGMS1"
0,0.789353092103728,0.351,0.365,0,"1","OSBPL1A"
0,0.758711259757044,0.427,0.438,0,"1","MBNL2"
0,0.697676181547986,0.331,0.34,0,"1","BAZ2B"
0,0.775772766591701,0.292,0.301,0,"1","RPL13"
0,0.890869037412048,0.345,0.337,0,"1","SRSF5"
0,0.774555386377164,0.264,0.257,0,"1","RBPJ"
0,1.09626198595061,0.255,0.248,0,"1","ZNF365"
0,0.941048640752082,0.327,0.322,0,"1","EIF1"
0,0.551810571198306,0.324,0.32,0,"1","USP39"
0,0.641446422856938,0.531,0.527,0,"1","AGAP1"
0,0.806868597682576,0.28,0.284,0,"1","HNRNPA2B1"
0,0.796473109607982,0.333,0.331,0,"1","C9orf3"
0,0.824518362191972,0.381,0.383,0,"1","DIP2C"
0,0.534069758301011,0.376,0.375,0,"1","SCD5"
0,0.350949861193936,0.64,0.641,0,"1","NKAIN2"
0,0.768130951594307,0.273,0.274,0,"1","NUTM2A-AS1"
0,0.616793340509791,0.683,0.683,0,"1","DST"
0,0.869585191225701,0.299,0.299,0,"1","RPS15"
2.54185410846769e-70,0.260333480875554,0.205,0.32,6.63474759392236e-66,"1","ARHGEF7"
5.04522517748803e-63,0.270750006737654,0.169,0.262,1.31690467582793e-58,"1","UBE2D3"
2.89052673792148e-53,0.263983887304055,0.182,0.272,7.54485289132266e-49,"1","YWHAE"
9.85347328288535e-52,0.297804606771348,0.175,0.262,2.57195359629873e-47,"1","PUM2"
1.23161084510334e-48,0.257026433841782,0.185,0.272,3.21475062788875e-44,"1","PPP6R3"
9.34267751059935e-48,0.277824122464316,0.245,0.36,2.43862568381664e-43,"1","KANSL1"
1.15079955867012e-47,0.267420882864522,0.203,0.298,3.00381700804075e-43,"1","CSNK1A1"
2.12157692770556e-46,0.331391425866859,0.203,0.298,5.53774009669705e-42,"1","MON2"
1.45193923279286e-45,0.286718976492851,0.181,0.265,3.78985178543591e-41,"1","FAM171A1"
1.80856961361073e-44,0.346695634628548,0.175,0.257,4.72072840544672e-40,"1","LCOR"
1.42826525280244e-43,0.364921555066813,0.19,0.278,3.72805796286492e-39,"1","DYM"
6.53372110842856e-43,0.293951761598116,0.18,0.261,1.70543188372202e-38,"1","HMGN3"
1.35546716366105e-41,0.367641070816845,0.173,0.252,3.53804039058807e-37,"1","TRIP12"
3.21815899619266e-40,0.358590793196126,0.174,0.253,8.40003861186208e-36,"1","ZBTB16"
3.81824390899536e-40,0.317100716242968,0.214,0.307,9.96638025125969e-36,"1","KTN1"
1.67691245068909e-39,0.330867773645662,0.215,0.308,4.37707687878867e-35,"1","POGZ"
1.040563028775e-37,0.266102356899668,0.177,0.25,2.7160776177085e-33,"1","CTTNBP2"
1.33482731423308e-37,0.30522031576331,0.217,0.309,3.48416625561119e-33,"1","KDM4C"
8.6643338421169e-36,0.388654756668179,0.216,0.311,2.26156441946935e-31,"1","MPDZ"
1.96436031560918e-35,0.263582218356534,0.188,0.263,5.12737329580309e-31,"1","SRP14"
2.17452472908763e-35,0.280245913614036,0.268,0.382,5.67594444786453e-31,"1","MAPT"
4.22074758875837e-34,0.309839586041182,0.248,0.352,1.10169953561771e-29,"1","WDFY3"
4.33843545833314e-30,0.300096009320088,0.222,0.307,1.13241842333412e-25,"1","SDCCAG8"
1.59297411673595e-29,0.369330701983383,0.182,0.253,4.15798103950418e-25,"1","AMBRA1"
3.77962015140504e-27,0.409680998122472,0.193,0.267,9.86556451919745e-23,"1","LRRFIP2"
8.0285384051011e-26,0.408782878147778,0.244,0.34,2.09560909449949e-21,"1","TNRC6C"
5.98683704536386e-25,0.342747480221676,0.265,0.366,1.56268420558087e-20,"1","NLK"
6.80286606825801e-25,0.421353817824822,0.208,0.287,1.7756841011367e-20,"1","VPS13C"
7.94994538361742e-25,0.356011664942252,0.248,0.341,2.07509474403182e-20,"1","BPTF"
1.66215035216109e-24,0.413379732434691,0.237,0.328,4.33854484921086e-20,"1","ZMYM2"
4.48745888914298e-23,0.307417885605976,0.252,0.341,1.1713165192441e-18,"1","DDX5"
1.34613717441271e-22,0.454902556064407,0.192,0.261,3.51368725265207e-18,"1","BBS9"
2.13941669721699e-22,0.439814491073406,0.199,0.271,5.58430546307579e-18,"1","CCNY"
3.84004180101294e-22,0.398885132928897,0.23,0.314,1.0023277109004e-17,"1","WNK1"
1.33597881756563e-21,0.471853395415901,0.252,0.349,3.48717190960981e-17,"1","WDPCP"
4.0778985366677e-21,0.287393716078083,0.215,0.284,1.064413076041e-16,"1","ADD3"
1.39728775845488e-17,0.250968205972463,0.238,0.309,3.64720050711892e-13,"1","NAV1"
1.64369330726133e-17,0.429526506512905,0.249,0.335,4.29036827061353e-13,"1","KMT2E"
2.22044604925031e-16,0.532799285470785,0.416,0.481,5.79580827775317e-12,"1","ENOX1"
4.86825029128868e-16,0.620291828037064,0.201,0.268,1.27071069103217e-11,"1","AC006148.1"
1.11022302462516e-15,0.709031491899994,0.275,0.285,2.89790413887658e-11,"1","PHYHIPL"
5.64810645434311e-15,0.416438861140861,0.214,0.279,1.47426874671264e-10,"1","PEAK1"
1.15444839303567e-14,0.425218846644643,0.245,0.325,3.0133411955017e-10,"1","NIPBL"
1.22124532708767e-14,0.705645687573129,0.291,0.308,3.18769455276424e-10,"1","RPL10"
2.05606238391363e-14,0.483788118139008,0.21,0.277,5.36673403449137e-10,"1","KIDINS220"
1.69558721236713e-13,0.327434881828899,0.336,0.451,4.42582174172067e-09,"1","TSPAN5"
1.76698132900287e-13,0.459562959896161,0.242,0.319,4.61217466496328e-09,"1","DYNLL1"
7.87600813909715e-13,0.49306154981514,0.222,0.291,2.05579564446714e-08,"1","UTY"
8.30002733209767e-13,0.52144103051542,0.275,0.28,2.16647313422413e-08,"1","TUBA1A"
2.29971597320855e-12,0.561836296685849,0.287,0.299,6.00271863326896e-08,"1","FNBP1"
3.03890246300398e-12,0.698615362119898,0.287,0.309,7.93214320893298e-08,"1","TULP4"
5.89706061759898e-12,0.495403565799633,0.411,0.484,1.53925076240569e-07,"1","DPYSL2"
7.04714329015826e-12,0.501838480481554,0.198,0.255,1.83944534159711e-07,"1","UVRAG"
1.65696644085665e-11,0.333673018813685,0.317,0.42,4.32501380392402e-07,"1","MBNL1"
1.80219638216857e-11,0.329581929183034,0.357,0.48,4.7040929967364e-07,"1","SAMD12"
2.10800667992557e-11,0.427864244947145,0.263,0.345,5.50231903594171e-07,"1","HMGB1"
1.03015743870988e-10,0.464313410404071,0.198,0.252,2.68891694652052e-06,"1","TMBIM6"
1.21981690230868e-10,0.381398223232624,0.259,0.335,3.18396607840611e-06,"1","ITM2B"
1.52858144623206e-10,0.281195015613594,0.322,0.42,3.98990329095491e-06,"1","SSH2"
2.55817811378733e-10,0.253678974290677,0.273,0.266,6.6773565126077e-06,"1","GLUL"
7.225082754303e-10,0.649966612079716,0.317,0.357,1.88589110052817e-05,"1","HNRNPDL"
1.24378396471059e-09,0.742927579845125,0.249,0.264,3.24652490468758e-05,"1","ANKRD28"
1.51193462194499e-08,0.759354699187333,0.252,0.272,0.000394645175020081,"1","HP1BP3"
2.24678518012666e-08,0.627351898231965,0.315,0.355,0.000586455867716662,"1","COBL"
3.57695860472597e-08,0.440705108504571,0.269,0.346,0.000933657735005573,"1","KMT2C"
1.41907216888075e-07,0.337100684315255,0.352,0.467,0.00370406217521254,"1","PRKACB"
2.41271783663066e-07,0.746167736402742,0.263,0.288,0.00629767609717335,"1","TRA2A"
2.72560327210364e-07,0.574498537633106,0.201,0.253,0.00711436966084493,"1","RPS6KA5"
4.02295903455296e-07,0.433652421066543,0.284,0.365,0.0105007276719901,"1","NKTR"
6.54960021773121e-07,0.739837182015087,0.284,0.32,0.017095766488322,"1","USP47"
1.22916205549591e-06,0.324436338581199,0.237,0.29,0.0320835879725541,"1","MT3"
0,4.03030388823992,0.875,0.132,0,"2","ADGRV1"
0,4.13966185287013,0.944,0.212,0,"2","SLC1A2"
0,3.76832497158634,0.939,0.21,0,"2","GPC5"
0,3.00254774273999,0.914,0.233,0,"2","SLC1A3"
0,3.36964373947494,0.759,0.142,0,"2","RYR3"
0,3.18410071758423,0.799,0.189,0,"2","PITPNC1"
0,3.86549587369919,0.643,0.071,0,"2","GJA1"
0,4.00852005916894,0.633,0.069,0,"2","TPD52L1"
0,3.06262965236449,0.689,0.125,0,"2","PARD3"
0,3.54194314784851,0.651,0.088,0,"2","ATP1A2"
0,4.82907708261033,0.581,0.035,0,"2","RANBP3L"
0,3.27973985503506,0.654,0.109,0,"2","NKAIN3"
0,3.00850535541891,0.682,0.137,0,"2","APOE"
0,3.34646783476593,0.617,0.081,0,"2","AQP4"
0,4.24764822359076,0.595,0.061,0,"2","COL5A3"
0,4.26241862037042,0.574,0.046,0,"2","RNF219-AS1"
0,2.64081902055396,0.923,0.405,0,"2","DTNA"
0,4.43284067427412,0.565,0.056,0,"2","HPSE2"
0,2.88395043602417,0.719,0.23,0,"2","CST3"
0,2.25676914492517,0.884,0.4,0,"2","SOX5"
0,3.41174181532407,0.544,0.066,0,"2","HIF3A"
0,2.63217964363378,0.612,0.145,0,"2","GLIS3"
0,2.55017410588986,0.674,0.21,0,"2","AL589740.1"
0,2.16842110819059,0.953,0.489,0,"2","NEAT1"
0,4.85430625871687,0.489,0.028,0,"2","LINC00499"
0,1.73616071992287,0.606,0.147,0,"2","PTPRZ1"
0,3.48679015486803,0.55,0.094,0,"2","SLC4A4"
0,3.82738726602294,0.499,0.049,0,"2","BMPR1B"
0,2.74053830466354,0.538,0.101,0,"2","PARD3B"
0,2.75215047808232,0.53,0.101,0,"2","GRAMD2B"
0,2.54075973354194,0.973,0.545,0,"2","GPM6A"
0,2.84806636546032,0.521,0.094,0,"2","PREX2"
0,2.33946253293905,0.977,0.552,0,"2","CTNNA2"
0,2.27960468996129,0.753,0.331,0,"2","NEBL"
0,2.45954826557111,0.612,0.19,0,"2","MSI2"
0,2.23549768758789,0.948,0.526,0,"2","RORA"
0,3.20844392997057,0.531,0.111,0,"2","ZNRF3"
0,2.2006845487998,0.652,0.233,0,"2","TRPS1"
0,1.88036326769958,0.751,0.332,0,"2","DLC1"
0,2.02599629182544,0.649,0.232,0,"2","GLUL"
0,3.36031570579433,0.492,0.075,0,"2","RFX4"
0,2.57263167887454,0.534,0.12,0,"2","GFAP"
0,2.5211473584353,0.623,0.21,0,"2","TRPM3"
0,2.09476581061496,0.638,0.225,0,"2","MT2A"
0,2.39851292923034,0.71,0.298,0,"2","CPE"
0,1.9600699434265,0.689,0.28,0,"2","PRKG1"
0,2.43990748692157,0.882,0.475,0,"2","CLU"
0,2.36652723747108,0.706,0.299,0,"2","ADCY2"
0,1.63042919963246,0.789,0.385,0,"2","CDH20"
0,1.79103860046483,0.61,0.207,0,"2","MAML2"
0,4.44635701441326,0.439,0.036,0,"2","ZNF98"
0,2.15442490673971,0.754,0.353,0,"2","TNIK"
0,0.808586938532608,0.905,0.509,0,"2","ERBB4"
0,1.67318165899171,0.776,0.383,0,"2","NFIA"
0,2.97076127958267,0.478,0.087,0,"2","ATP1B2"
0,1.69685800723215,0.828,0.441,0,"2","AC092691.1"
0,2.55410785482646,0.577,0.192,0,"2","AHCYL2"
0,2.27306948337672,0.459,0.077,0,"2","ARHGAP24"
0,3.64072642955599,0.412,0.041,0,"2","NHSL1"
0,2.36849636592308,0.529,0.167,0,"2","AHCYL1"
0,1.2983041565097,0.639,0.278,0,"2","FBXL7"
0,2.377850800092,0.459,0.1,0,"2","ITPKB"
0,1.34207178919588,0.927,0.571,0,"2","ZBTB20"
0,3.75972232824273,0.397,0.041,0,"2","FGFR3"
0,1.9667421241811,0.549,0.197,0,"2","SASH1"
0,2.83679974411589,0.479,0.128,0,"2","SFXN5"
0,1.91592206184958,0.719,0.373,0,"2","CACNB2"
0,3.67534480233917,0.383,0.038,0,"2","SLC7A11"
0,2.35609553476734,0.561,0.218,0,"2","CARMIL1"
0,1.80465184148106,0.787,0.444,0,"2","SPARCL1"
0,0.973245444705679,0.962,0.621,0,"2","NRG3"
0,1.92890777453751,0.656,0.317,0,"2","SORBS1"
0,2.50745515606241,0.446,0.109,0,"2","CRB1"
0,0.964621506227274,0.953,0.62,0,"2","NRXN1"
0,1.82589599276551,0.973,0.644,0,"2","NPAS3"
0,1.60415664766424,0.791,0.463,0,"2","MACF1"
0,1.78463018203114,0.691,0.364,0,"2","FMN2"
0,2.70135922422537,0.403,0.077,0,"2","LRIG1"
0,1.85103813011176,0.454,0.131,0,"2","PON2"
0,2.22032755691893,0.505,0.185,0,"2","ASPH"
0,3.52060672881745,0.363,0.043,0,"2","SLC25A18"
0,1.66595546351209,0.626,0.307,0,"2","PRKCA"
0,1.63418661947942,0.845,0.529,0,"2","CADM1"
0,3.59637816211244,0.373,0.059,0,"2","CABLES1"
0,2.35435963382066,0.446,0.137,0,"2","SAMD4A"
0,3.84198003038503,0.337,0.03,0,"2","SLC14A1"
0,1.57402864158877,0.517,0.212,0,"2","ITPR2"
0,1.8071875797475,0.558,0.254,0,"2","FYN"
0,1.53221462388548,0.873,0.572,0,"2","MIR99AHG"
0,3.38451866901646,0.356,0.055,0,"2","GRAMD1C"
0,3.43312427153257,0.343,0.043,0,"2","SPON1"
0,2.57696656721652,0.434,0.134,0,"2","MGST1"
0,1.61294228420935,0.744,0.445,0,"2","NTRK2"
0,2.62329611471577,0.384,0.086,0,"2","MT1E"
0,1.53604915084489,0.472,0.176,0,"2","NDRG2"
0,1.42167443143404,0.425,0.13,0,"2","SOX6"
0,3.49011037950587,0.345,0.052,0,"2","LINC00299"
0,1.91822038076368,0.487,0.194,0,"2","OPHN1"
0,1.4481041884433,0.932,0.645,0,"2","NTM"
0,3.2243686399462,0.337,0.051,0,"2","FAM107A"
0,1.62682107204605,0.659,0.375,0,"2","GABRB1"
0,1.44524221183649,0.583,0.3,0,"2","NFIB"
0,2.39787007436986,0.408,0.13,0,"2","DOCK7"
0,1.51822887765663,0.509,0.234,0,"2","LPP"
0,1.53114359609544,0.509,0.234,0,"2","MEIS2"
0,3.63040393702789,0.303,0.028,0,"2","ACSBG1"
0,2.02550694496672,0.474,0.2,0,"2","ABLIM1"
0,1.36676864242928,0.911,0.639,0,"2","CTNND2"
0,1.6146805192523,0.424,0.152,0,"2","PTN"
0,0.797241056304306,0.946,0.674,0,"2","LRP1B"
0,2.04686760071232,0.484,0.213,0,"2","CHPT1"
0,3.2027519261311,0.312,0.044,0,"2","GNA14"
0,2.46561418559137,0.363,0.095,0,"2","TCF7L2"
0,3.97279829637737,0.296,0.028,0,"2","RGS20"
0,2.77837601616526,0.338,0.071,0,"2","WLS"
0,1.87183482984284,0.471,0.206,0,"2","ZHX3"
0,3.14987518625213,0.346,0.081,0,"2","SHROOM3"
0,3.00478888438694,0.357,0.093,0,"2","AC016716.2"
0,1.9770849187645,0.393,0.132,0,"2","RHOBTB3"
0,3.07174395780134,0.331,0.07,0,"2","NCAN"
0,2.91378352849525,0.305,0.046,0,"2","ACSS1"
0,2.27247967959229,0.413,0.155,0,"2","PTCHD1-AS"
0,4.20677219225879,0.278,0.02,0,"2","SLCO1C1"
0,2.30386483604432,0.35,0.092,0,"2","LINC00511"
0,1.98797677381122,0.387,0.13,0,"2","TTYH1"
0,3.83884117843055,0.287,0.032,0,"2","PAMR1"
0,4.33479736064521,0.273,0.018,0,"2","SLC39A12"
0,3.59859219718995,0.28,0.026,0,"2","STON2"
0,1.60747871923884,0.475,0.222,0,"2","DGKG"
0,2.96375661214612,0.297,0.045,0,"2","ATP13A4"
0,1.97343969800406,0.342,0.09,0,"2","FOXO1"
0,2.84848484986411,0.319,0.069,0,"2","CACHD1"
0,3.50749841833899,0.283,0.034,0,"2","ARHGEF26"
0,3.78144162532478,0.283,0.035,0,"2","VAV3"
0,3.64977767826232,0.269,0.026,0,"2","EMX2"
0,2.65132803525649,0.311,0.068,0,"2","MTSS1L"
0,3.37446428970025,0.278,0.037,0,"2","ACSS3"
0,1.36273824827123,0.428,0.187,0,"2","LIFR"
0,1.94945265092517,0.375,0.135,0,"2","C1orf61"
0,1.42709934798411,0.602,0.362,0,"2","FUT9"
0,3.4490809790714,0.268,0.029,0,"2","ALDH1L1"
0,2.64042302676871,0.294,0.055,0,"2","GPR37L1"
0,2.77698677885166,0.284,0.047,0,"2","NPL"
0,3.17036964383157,0.3,0.063,0,"2","AC002429.2"
0,1.29092907546638,0.482,0.245,0,"2","SLC39A11"
0,1.62912027502968,0.347,0.111,0,"2","HEPACAM"
0,2.02068249505901,0.401,0.166,0,"2","ARHGEF4"
0,1.6622279305014,0.994,0.759,0,"2","LSAMP"
0,1.7203099852423,0.442,0.208,0,"2","APC"
0,2.42268356404259,0.338,0.106,0,"2","MAPK4"
0,2.93233943312645,0.268,0.041,0,"2","AGT"
0,2.25333927134709,0.323,0.096,0,"2","SERPINE2"
0,1.69441962233756,0.43,0.205,0,"2","CSGALNACT1"
0,2.91287889001969,0.283,0.058,0,"2","KCNN3"
0,1.17465239412874,0.659,0.435,0,"2","PSD3"
0,1.62695296047524,0.337,0.114,0,"2","HEPN1"
0,1.95736076435789,0.367,0.144,0,"2","PDE7B"
0,2.89800386280473,0.26,0.037,0,"2","AC027117.2"
0,0.975793923660592,0.8,0.579,0,"2","WWOX"
0,1.52095645309539,0.509,0.288,0,"2","SGCD"
0,0.943532147549321,0.744,0.523,0,"2","MAPK10"
0,1.98481894195003,0.338,0.119,0,"2","GLUD1"
0,2.85964073709464,0.252,0.034,0,"2","FAM189A2"
0,2.21316967969307,0.281,0.064,0,"2","PDLIM5"
0,3.23911496250309,0.25,0.033,0,"2","NOTCH2"
0,2.83738897680075,0.25,0.033,0,"2","IGFBP7"
0,1.46989136787267,0.392,0.179,0,"2","BCL2"
0,1.12036536764651,0.467,0.255,0,"2","MGAT4C"
0,1.69797142399684,0.446,0.237,0,"2","MED12L"
0,2.58000614114502,0.266,0.057,0,"2","MIR4300HG"
0,1.0236042845998,0.38,0.173,0,"2","KANK1"
0,1.41303560369059,0.43,0.223,0,"2","ARHGAP5"
0,2.01048446133791,0.284,0.078,0,"2","PLXNB1"
0,2.68692217819892,0.279,0.074,0,"2","AC012404.1"
0,1.24965838143202,0.587,0.385,0,"2","CKB"
0,2.34313463047019,0.266,0.067,0,"2","PCSK5"
0,1.5263198092947,0.385,0.187,0,"2","GPR75-ASB3"
0,2.03065912107051,0.326,0.129,0,"2","ITM2C"
0,2.91423296567236,0.286,0.089,0,"2","DNAH7"
0,2.43021547719582,0.295,0.098,0,"2","LGI1"
0,1.96966775439191,0.293,0.097,0,"2","RAMP1"
0,2.1378580749082,0.295,0.099,0,"2","PALLD"
0,1.32751482144152,0.474,0.278,0,"2","RPS6KA2"
0,1.55569365484632,0.409,0.214,0,"2","MAP3K5"
0,1.44011684608776,0.3,0.107,0,"2","ZFHX4"
0,2.00880566446407,0.351,0.16,0,"2","CAMK2G"
0,2.39432215804193,0.268,0.078,0,"2","ECHDC2"
0,1.15697712416628,0.45,0.26,0,"2","ADD3"
0,1.81211582529413,0.292,0.103,0,"2","FGD4"
0,1.87016274318152,0.265,0.081,0,"2","RASSF8"
0,1.15044059905918,0.606,0.423,0,"2","PDE4DIP"
0,1.39880145100638,0.452,0.269,0,"2","AC073050.1"
0,0.734106053675734,0.702,0.519,0,"2","DOCK4"
0,1.32441299561987,0.328,0.146,0,"2","IQCK"
0,1.65663125322292,0.383,0.202,0,"2","FAM171B"
0,1.83857870612909,0.348,0.168,0,"2","DDAH1"
0,1.00766604754019,0.635,0.457,0,"2","MKLN1"
0,1.13567699052808,0.531,0.357,0,"2","NAV2"
0,2.25318227911929,0.272,0.098,0,"2","FAM184A"
0,2.04558226013592,0.266,0.092,0,"2","LGR4"
0,1.81125658995099,0.25,0.077,0,"2","METTL7A"
0,1.85467648466849,0.285,0.117,0,"2","TRAK1"
0,1.85257969996786,0.336,0.17,0,"2","GABRA2"
0,1.51430206711556,0.375,0.21,0,"2","ITSN1"
0,1.23978264841597,0.367,0.202,0,"2","LRP4"
0,2.09692655461854,0.271,0.107,0,"2","LGI4"
0,0.300431940293928,0.739,0.576,0,"2","NAV3"
0,1.00232013060661,0.426,0.264,0,"2","AC245297.3"
0,1.40984203399453,0.365,0.204,0,"2","LHFPL6"
0,1.00797689676947,0.43,0.27,0,"2","MT3"
0,1.45432922766173,0.316,0.157,0,"2","BCKDHB"
0,1.43045379646749,0.392,0.235,0,"2","DAAM1"
0,0.522861147951414,0.408,0.251,0,"2","GPRC5B"
0,0.952822696230885,0.364,0.208,0,"2","RORB"
0,1.76538223713358,0.254,0.1,0,"2","GPD2"
0,1.50006196525439,0.362,0.208,0,"2","DCLK2"
0,1.60486667993976,0.278,0.127,0,"2","HSPB1"
0,0.930140587429909,0.306,0.159,0,"2","SLC6A1-AS1"
0,1.33757601787737,0.267,0.121,0,"2","ITGAV"
0,0.815662011854917,0.332,0.186,0,"2","HTRA1"
0,0.640500248508045,0.584,0.438,0,"2","NRCAM"
0,0.809778771402649,0.47,0.327,0,"2","BAZ2B"
0,0.756601861249532,0.612,0.47,0,"2","CNTN1"
0,0.946868889700639,0.262,0.121,0,"2","MEGF10"
0,0.861054890004647,0.278,0.138,0,"2","CHST11"
0,1.13705082400255,0.44,0.302,0,"2","MAST4"
0,1.5227434955023,0.278,0.141,0,"2","TEAD1"
0,0.922858149832558,0.271,0.135,0,"2","ZHX2"
0,0.784666302126969,0.564,0.429,0,"2","DDX17"
0,1.73831196096527,0.271,0.137,0,"2","NAT8L"
0,0.80664027922384,0.586,0.453,0,"2","NCOA1"
0,0.749426809593924,0.634,0.502,0,"2","TNRC6A"
0,1.34437707777413,0.304,0.174,0,"2","JARID2"
0,1.50358596383911,0.291,0.161,0,"2","FARP1"
0,1.02507541203129,0.457,0.328,0,"2","NFAT5"
0,1.14805092144405,0.336,0.208,0,"2","PRKD1"
0,0.334346756745069,0.753,0.627,0,"2","ADGRL3"
0,0.912024764661624,0.343,0.218,0,"2","TOX"
0,1.0221929358076,0.25,0.125,0,"2","SFMBT2"
0,1.15942640171031,0.26,0.136,0,"2","CD81"
0,1.50850214222756,0.263,0.14,0,"2","LPIN1"
0,1.41958091709886,0.291,0.168,0,"2","REPS1"
0,0.352524435916846,0.317,0.196,0,"2","RFTN2"
0,0.925832312151629,0.255,0.134,0,"2","STK3"
0,1.27858599761893,0.339,0.22,0,"2","PDZRN3"
0,0.579988382259475,0.407,0.288,0,"2","FNBP1"
0,0.703313574314972,0.376,0.257,0,"2","NEO1"
0,1.00305772471843,0.326,0.208,0,"2","GAREM1"
0,0.964125001494705,0.418,0.301,0,"2","REV3L"
0,1.14480987293076,0.374,0.258,0,"2","LINC00461"
0,0.760062192657448,0.376,0.261,0,"2","PHACTR3"
0,1.23756235860607,0.278,0.166,0,"2","NT5C2"
0,0.588041671118124,0.294,0.182,0,"2","CPQ"
0,0.463590508062648,0.423,0.312,0,"2","USP39"
0,1.46950202523006,0.266,0.156,0,"2","C1orf21"
0,0.556691710586266,0.784,0.674,0,"2","DST"
0,1.36607717144197,0.257,0.151,0,"2","ACADVL"
0,0.890990816846628,0.396,0.292,0,"2","TTC28"
0,1.41124583087006,0.271,0.167,0,"2","RNF19A"
0,0.79035786059187,0.435,0.332,0,"2","RFX3"
0,1.15547181472424,0.296,0.193,0,"2","NUMB"
0,0.575030029863597,0.278,0.176,0,"2","LMCD1-AS1"
0,0.800879869122712,0.286,0.184,0,"2","PTPN13"
0,0.413338715858049,0.261,0.16,0,"2","TSC22D4"
0,1.29278140335459,0.25,0.149,0,"2","ABI1"
0,0.866010676774831,0.269,0.168,0,"2","ENTPD1-AS1"
0,0.380510139744761,0.287,0.186,0,"2","FGFR2"
0,1.06366793769918,0.344,0.244,0,"2","DKK3"
0,1.16340193649777,0.332,0.233,0,"2","MEF2C-AS1"
0,0.641451630365178,0.361,0.262,0,"2","NAALADL2"
0,0.405224509346331,0.529,0.431,0,"2","ZSWIM6"
0,0.657087015305147,0.449,0.351,0,"2","ARHGAP26"
0,0.440266160437949,0.354,0.256,0,"2","EPHA6"
0,0.713522702069113,0.551,0.454,0,"2","TMEM161B-AS1"
0,0.709176335736847,0.279,0.183,0,"2","FIGN"
0,0.266704477223349,0.278,0.182,0,"2","DOCK1"
0,0.808963233747886,0.457,0.362,0,"2","STXBP5"
0,0.504468088240902,0.416,0.325,0,"2","SLC35F1"
0,0.669932607098662,0.44,0.351,0,"2","NTRK3"
0,0.939821129691454,0.273,0.185,0,"2","PLPP1"
0,0.771594111860612,0.435,0.347,0,"2","FLRT2"
0,0.38134078279623,0.863,0.775,0,"2","PPP2R2B"
0,0.589179325361589,0.591,0.505,0,"2","PNISR"
0,0.999423429156658,0.275,0.19,0,"2","ATP2B4"
0,1.01102232038768,0.278,0.195,0,"2","CEP85L"
0,0.808855329941669,0.271,0.188,0,"2","MEGF9"
0,0.620716755305372,0.538,0.455,0,"2","CHD9"
0,0.754769587966773,0.395,0.314,0,"2","CPEB4"
0,0.781224247527976,0.348,0.267,0,"2","ESRRG"
0,1.16071791425579,0.277,0.198,0,"2","CTDSPL"
0,0.872231149042285,0.257,0.184,0,"2","ELP4"
0,0.831971138160198,0.322,0.249,0,"2","FAM171A1"
0,0.899286879245184,0.342,0.27,0,"2","ARHGEF12"
0,0.59402376531772,0.377,0.305,0,"2","SON"
0,0.827917596888246,0.286,0.215,0,"2","CEP350"
0,0.671740894492559,0.405,0.337,0,"2","PPP1R9A"
0,0.796038980698705,0.32,0.253,0,"2","DENND1A"
0,0.498917920639109,0.329,0.264,0,"2","BRINP3"
0,0.517298227487381,0.283,0.218,0,"2","MXI1"
0,0.458165143989281,0.34,0.276,0,"2","MYO6"
0,0.589938725464831,0.27,0.207,0,"2","TOM1L2"
0,1.0894595934523,0.26,0.198,0,"2","AQP4-AS1"
0,0.420917596260153,0.267,0.207,0,"2","NFE2L2"
0,0.41952826522269,0.307,0.247,0,"2","STARD13"
0,0.469562424598519,0.465,0.408,0,"2","PRKN"
0,0.959753394716255,0.282,0.225,0,"2","LMO3"
0,0.757691406766193,0.263,0.207,0,"2","BSG"
0,0.311198417315279,0.619,0.564,0,"2","DPP10"
0,0.279160636204997,0.429,0.374,0,"2","ASTN2"
0,0.255026664156096,0.804,0.75,0,"2","ANK2"
0,0.37182149505483,0.276,0.223,0,"2","EPS15"
0,0.269899548082155,0.26,0.207,0,"2","FKBP5"
0,0.586792659979417,0.3,0.247,0,"2","HMGN3"
0,0.424429604125101,0.534,0.483,0,"2","GNAQ"
0,0.620866443108651,0.256,0.205,0,"2","RBMX"
0,0.65258617675468,0.307,0.256,0,"2","POU2F1"
0,0.68513817980774,0.337,0.289,0,"2","CDH2"
0,0.488530406984206,0.398,0.355,0,"2","SSBP2"
0,0.388285575576374,0.26,0.219,0,"2","FOXN3"
0,0.673825090284534,0.256,0.216,0,"2","C11orf49"
0,0.383916745705566,0.367,0.327,0,"2","DDX5"
0,0.421574323383704,0.45,0.413,0,"2","SYNE1"
0,0.721168149833898,0.268,0.231,0,"2","KIF21A"
0,0.494707914928481,0.26,0.225,0,"2","MAP4"
0,0.653879211826852,0.263,0.229,0,"2","FAM168A"
0,0.587100780869973,0.306,0.275,0,"2","BICD1"
0,0.520284564717785,0.254,0.224,0,"2","TRAF3IP2-AS1"
0,0.504459448961744,0.267,0.238,0,"2","FOXO3"
0,0.389751066020878,0.459,0.433,0,"2","PSAP"
0,0.3256593501778,0.488,0.463,0,"2","KIF1B"
0,0.409962142101638,0.277,0.253,0,"2","PHF21A"
0,0.418362394035343,0.293,0.269,0,"2","NCOA2"
0,0.515546602596068,0.252,0.233,0,"2","ACAP2"
0,0.462144242125088,0.282,0.267,0,"2","UBR5"
0,0.311845641943174,0.441,0.427,0,"2","LUC7L3"
0,0.317975188769314,0.418,0.408,0,"2","MED13L"
0,0.326768615026489,0.382,0.374,0,"2","SGIP1"
0,0.325988060809614,0.431,0.423,0,"2","TRIM9"
0,0.724143699093649,1,1,0,"2","MALAT1"
2.22044604925031e-16,0.44067961838307,0.27,0.253,5.79580827775317e-12,"2","ATG7"
2.22044604925031e-16,0.5864594832995,0.267,0.257,5.79580827775317e-12,"2","NR2F1-AS1"
2.22044604925031e-16,0.394597591889738,0.798,0.788,5.79580827775317e-12,"2","SLC26A3"
2.22044604925031e-16,0.296309666783738,0.415,0.406,5.79580827775317e-12,"2","CAMTA1"
3.77475828372553e-15,0.483867431937395,0.264,0.25,9.85287407218038e-11,"2","ACSL3"
3.66373598126302e-14,0.264571720591585,0.351,0.336,9.56308365829273e-10,"2","KMT2C"
1.62558855265615e-12,0.410367472522344,0.286,0.277,4.24311124014309e-08,"2","KIAA1109"
3.73523434404888e-12,0.262311559465325,0.387,0.383,9.74970868483638e-08,"2","ZFAND3"
2.2533752641607e-11,0.401356966292509,0.258,0.244,5.88176011451225e-07,"2","TMBIM6"
1.10313980172805e-10,0.431214192800296,0.269,0.261,2.87941551047055e-06,"2","NR3C2"
2.30832197800623e-09,0.394637860297063,0.266,0.259,6.02518202699187e-05,"2","MARCH6"
5.04855515170988e-08,0.357025626334275,0.261,0.255,0.00131777386569931,"2","EPC1"
2.46626537414585e-07,0.324119568473166,0.27,0.265,0.00643744587959549,"2","MARK3"
3.15366854852783e-07,0.317378612960536,0.258,0.251,0.00823170564536735,"2","TUT4"
6.85351298823633e-07,0.300930563277735,0.307,0.308,0.0178890396018945,"2","ASAP1"
7.46716660726676e-07,0.403786800370067,0.278,0.28,0.0194907982782877,"2","SMARCA2"
1.85384912132491e-06,0.337808465464929,0.313,0.317,0.0483891697648229,"2","RBM6"
0,3.69038124678186,0.834,0.129,0,"3","CBLN2"
0,2.49080786034062,0.942,0.299,0,"3","HS6ST3"
0,2.38255456481795,0.902,0.285,0,"3","DGKB"
0,2.05152335110467,0.855,0.28,0,"3","PDZD2"
0,2.31672367608326,0.802,0.237,0,"3","SYN3"
0,1.84661503293616,0.867,0.303,0,"3","CHRM3"
0,2.0222779221519,0.865,0.305,0,"3","CDH18"
0,1.60287096329395,0.961,0.402,0,"3","KCNQ5"
0,1.98348036927031,0.815,0.258,0,"3","CDH12"
0,1.30203756016013,0.951,0.394,0,"3","RALYL"
0,1.88367930754417,0.863,0.308,0,"3","KCTD16"
0,2.89651644494096,0.7,0.15,0,"3","AC011287.1"
0,1.82599490965491,0.889,0.345,0,"3","KCND2"
0,1.85136193718381,0.914,0.376,0,"3","GRIA4"
0,3.24520445690859,0.636,0.101,0,"3","LINC01378"
0,1.51846467263395,0.941,0.414,0,"3","STXBP5L"
0,1.64245712698729,0.828,0.31,0,"3","LDB2"
0,1.45491480309192,0.921,0.404,0,"3","IQCJ-SCHIP1"
0,1.4455284235447,0.928,0.412,0,"3","ATRNL1"
0,1.78511023315736,0.739,0.226,0,"3","EPHA6"
0,1.80192014288795,0.767,0.255,0,"3","RGS6"
0,1.51168821023876,0.723,0.215,0,"3","GALNTL6"
0,1.88352089538011,0.741,0.241,0,"3","ST6GALNAC5"
0,1.82635021675561,0.772,0.272,0,"3","ADGRL2"
0,1.38170726563219,0.934,0.441,0,"3","TENM2"
0,1.59838664892623,0.838,0.351,0,"3","PRKCB"
0,2.46862495828029,0.659,0.173,0,"3","ENC1"
0,1.52487962892045,0.812,0.327,0,"3","LRFN5"
0,1.36778362825794,0.883,0.398,0,"3","KALRN"
0,1.46495709321574,0.791,0.308,0,"3","LINGO2"
0,1.69612364718983,0.832,0.35,0,"3","ATP2B1"
0,1.52563889199893,0.796,0.316,0,"3","CNTNAP5"
0,1.57373063778822,0.891,0.411,0,"3","R3HDM1"
0,1.39149475969237,0.811,0.331,0,"3","DLGAP2"
0,1.6621359737982,0.69,0.22,0,"3","FAM19A1"
0,1.0099176723907,0.891,0.424,0,"3","RIMS2"
0,1.30975863432996,0.86,0.395,0,"3","PCDH7"
0,2.24348929299279,0.609,0.148,0,"3","CDH9"
0,1.79521631429611,0.993,0.533,0,"3","LRRTM4"
0,1.10044168424921,0.852,0.395,0,"3","GRM5"
0,1.67429999950154,0.708,0.252,0,"3","SORBS2"
0,1.02206014744959,0.86,0.406,0,"3","CCSER1"
0,2.53409140697583,0.592,0.138,0,"3","NDST3"
0,1.36440719030866,0.961,0.508,0,"3","CELF2"
0,1.21542377531041,0.972,0.519,0,"3","DLGAP1"
0,1.24392422306812,0.884,0.436,0,"3","PHACTR1"
0,1.05763314098479,0.836,0.389,0,"3","SLC8A1"
0,1.12294429341697,0.795,0.35,0,"3","FRMPD4"
0,1.45321064899034,0.806,0.363,0,"3","PLEKHA5"
0,1.58706764614163,0.895,0.452,0,"3","CHN1"
0,1.43270000685732,0.757,0.315,0,"3","SLC4A10"
0,0.451778313534633,0.816,0.375,0,"3","ROBO2"
0,2.65903729673933,0.555,0.117,0,"3","TESPA1"
0,2.01266551410668,0.626,0.189,0,"3","LINC01122"
0,0.742364739152727,0.943,0.506,0,"3","FGF14"
0,1.10993144212414,0.644,0.208,0,"3","KIAA1217"
0,1.18901776166363,0.751,0.318,0,"3","DAB1"
0,0.635005254113322,0.937,0.505,0,"3","OPCML"
0,0.985443895014496,0.986,0.554,0,"3","SYT1"
0,1.33068391042965,0.995,0.564,0,"3","CSMD1"
0,1.41909303191748,0.756,0.326,0,"3","NTRK3"
0,0.955357341679507,0.817,0.388,0,"3","AGBL4"
0,0.901307247987851,0.81,0.382,0,"3","KHDRBS2"
0,1.348168631965,0.685,0.259,0,"3","ASIC2"
0,1.44083500031016,0.748,0.322,0,"3","FLRT2"
0,1.33324477810344,0.91,0.487,0,"3","PPP3CA"
0,1.95037695309799,0.63,0.208,0,"3","CAMK2A"
0,1.47704488426098,0.703,0.284,0,"3","CNKSR2"
0,1.37004478078165,0.727,0.308,0,"3","CACNA1B"
0,1.29646519771571,0.704,0.287,0,"3","NELL2"
0,1.25422196739525,0.996,0.58,0,"3","RBFOX1"
0,1.1313527603238,0.84,0.425,0,"3","SNAP25"
0,1.10361110318977,0.742,0.328,0,"3","CACNA2D3"
0,0.689856618487697,0.862,0.448,0,"3","FGF12"
0,1.30154802872418,0.828,0.415,0,"3","SIPA1L1"
0,2.62079507297828,0.501,0.089,0,"3","CUX2"
0,1.35216649977023,0.677,0.265,0,"3","TMEM132D"
0,1.42854345046074,0.698,0.286,0,"3","GRIN2B"
0,0.872732769092706,0.925,0.514,0,"3","NEGR1"
0,1.6069450756738,0.716,0.305,0,"3","CAMK2N1"
0,0.971605456602171,0.842,0.432,0,"3","RGS7"
0,1.1125503817516,0.72,0.31,0,"3","FAM19A2"
0,1.46399514302774,0.691,0.282,0,"3","GABRB3"
0,0.892812804953246,0.816,0.409,0,"3","CSMD3"
0,1.18930602136844,0.898,0.493,0,"3","GRIA2"
0,0.775355286166275,0.898,0.494,0,"3","FRMD4A"
0,1.90251703188712,0.605,0.201,0,"3","ITPR1"
0,1.29169728267999,0.872,0.473,0,"3","PPFIA2"
0,1.02203833754673,0.736,0.337,0,"3","GRIN2A"
0,1.46169548388525,0.679,0.281,0,"3","TMEM178B"
0,1.32506632782273,0.671,0.273,0,"3","MTUS2"
0,1.08933653603714,0.952,0.556,0,"3","PDE4D"
0,0.838787414928392,0.963,0.568,0,"3","FAM155A"
0,1.38860600666215,0.663,0.269,0,"3","TMEM108"
0,1.38841104458549,0.689,0.296,0,"3","AFF3"
0,1.24819239663504,0.728,0.335,0,"3","CACNA1C"
0,0.283494347287597,0.796,0.405,0,"3","DSCAM"
0,0.781373062878747,0.887,0.497,0,"3","PLCB1"
0,1.65218957654171,0.999,0.61,0,"3","KCNIP4"
0,1.16100591773887,0.766,0.378,0,"3","TANC2"
0,1.35227923028546,0.679,0.294,0,"3","FBXW7"
0,0.726060666335062,0.788,0.403,0,"3","RYR2"
0,0.978119748911189,0.772,0.39,0,"3","MAP2"
0,0.920823726555025,0.755,0.373,0,"3","CACNB2"
0,0.986721298199841,0.708,0.326,0,"3","ARPP21"
0,1.03691103842293,0.782,0.403,0,"3","KCNMA1"
0,1.23160290561524,0.69,0.311,0,"3","CAMK1D"
0,0.872745082919818,0.94,0.562,0,"3","NAV3"
0,3.86401545414676,0.421,0.044,0,"3","LINC02306"
0,0.832019648145384,0.828,0.452,0,"3","DPP6"
0,1.4630142490986,0.629,0.256,0,"3","VSNL1"
0,2.20981381884135,0.508,0.137,0,"3","PTK2B"
0,2.10721169285384,0.511,0.141,0,"3","AL117329.1"
0,2.3725256299239,0.502,0.133,0,"3","LINC01250"
0,0.669244676252872,0.729,0.361,0,"3","GRM7"
0,1.1430888013373,0.647,0.279,0,"3","ZFPM2"
0,1.35517470759062,0.579,0.213,0,"3","RASGRF2"
0,1.1350080799828,0.699,0.333,0,"3","MSRA"
0,1.63844197319382,0.569,0.204,0,"3","SATB2"
0,0.774363966913208,0.884,0.522,0,"3","LRRC7"
0,0.865030885393319,0.703,0.341,0,"3","DCLK1"
0,1.21767467792079,0.651,0.29,0,"3","MKL2"
0,1.39287467509423,0.63,0.269,0,"3","GRIN1"
0,0.961337034990148,0.687,0.33,0,"3","NECAB1"
0,0.56868430628544,0.98,0.623,0,"3","NRG3"
0,0.59710631250706,0.975,0.621,0,"3","NRXN1"
0,1.15171415159037,0.693,0.342,0,"3","ARHGAP32"
0,1.18741471200396,0.66,0.31,0,"3","BTBD9"
0,1.5124357053871,0.536,0.186,0,"3","DIAPH2"
0,0.97542036247735,0.671,0.322,0,"3","MYT1L"
0,0.522634783828126,0.82,0.471,0,"3","MEF2C"
0,1.60550936522234,0.552,0.204,0,"3","OLFM1"
0,0.917841686474147,0.775,0.427,0,"3","CACNA2D1"
0,1.27066493853474,0.619,0.271,0,"3","PAK3"
0,1.05475764890518,0.658,0.311,0,"3","EFNA5"
0,1.56931271292637,0.493,0.146,0,"3","ZNF804A"
0,0.873645913546519,0.679,0.333,0,"3","GABRB2"
0,1.87809387447751,0.493,0.149,0,"3","PTPRO"
0,1.22754317574721,0.631,0.288,0,"3","NRGN"
0,1.87310123880253,0.508,0.165,0,"3","PHYHIP"
0,1.16519789520223,0.624,0.283,0,"3","SCN2A"
0,1.28808954956945,0.598,0.262,0,"3","DNM1"
0,2.07814133615609,0.475,0.14,0,"3","KIAA1211L"
0,1.23903382020263,0.557,0.223,0,"3","SORCS1"
0,0.67754664072796,0.791,0.457,0,"3","CNTN1"
0,0.780334784150674,0.701,0.367,0,"3","THRB"
0,0.904201235230403,0.725,0.391,0,"3","SYNE1"
0,0.75550923346507,0.685,0.352,0,"3","PDE1A"
0,1.34179798980747,0.562,0.229,0,"3","FAT3"
0,1.06576539046075,0.625,0.292,0,"3","GRIA3"
0,1.55148874747445,0.534,0.201,0,"3","PCSK2"
0,1.40899963056669,0.555,0.223,0,"3","GUCY1A2"
0,2.27575890433523,0.448,0.119,0,"3","LY86-AS1"
0,2.0459077389979,0.462,0.133,0,"3","GRM1"
0,1.49748001921356,0.52,0.191,0,"3","AC098850.3"
0,1.40659441052559,0.554,0.227,0,"3","KIAA1549L"
0,1.01033953897706,0.599,0.272,0,"3","GRIA1"
0,0.865928275042708,0.661,0.335,0,"3","ARHGAP26"
0,1.35601754463295,0.548,0.223,0,"3","CABP1"
0,1.59767990556658,0.505,0.182,0,"3","KCTD1"
0,0.67851045665891,0.675,0.354,0,"3","CADPS"
0,1.92209115672028,0.463,0.142,0,"3","MLIP"
0,1.50957825040432,0.517,0.196,0,"3","EPHA4"
0,1.67472506123827,0.502,0.181,0,"3","CIT"
0,0.617849409360784,0.763,0.442,0,"3","NBEA"
0,1.78183743574245,0.48,0.159,0,"3","CACNA1E"
0,0.962523174543555,0.624,0.304,0,"3","DGKI"
0,0.872929594348116,0.656,0.337,0,"3","ERC2"
0,0.978492484695041,0.624,0.305,0,"3","BASP1"
0,0.77977154471897,0.59,0.271,0,"3","CADPS2"
0,1.19142160532505,0.583,0.264,0,"3","PTPRN2"
0,0.795501443351412,0.618,0.3,0,"3","CNTN4"
0,0.88390441258142,0.647,0.33,0,"3","NLK"
0,1.20210153322787,0.572,0.255,0,"3","GABBR2"
0,1.17928595760632,0.579,0.262,0,"3","TMEM132B"
0,1.19739072875098,0.569,0.252,0,"3","ARNT2"
0,0.776894922250643,0.747,0.431,0,"3","SMYD3"
0,0.842270977934645,0.735,0.42,0,"3","TTC3"
0,1.21593340228952,0.548,0.234,0,"3","SHISA9"
0,0.939311356576615,0.61,0.296,0,"3","ATP8A2"
0,1.52589575099348,0.52,0.207,0,"3","CAMK2B"
0,1.1385712220411,0.605,0.293,0,"3","IDS"
0,0.952470007983011,0.63,0.318,0,"3","RFX3"
0,0.255518891645603,0.683,0.372,0,"3","GRIK2"
0,1.13516439690695,0.56,0.249,0,"3","GALNT17"
0,1.42700903349184,0.524,0.215,0,"3","KSR2"
0,0.751200419551266,0.922,0.614,0,"3","ADGRL3"
0,0.75935883839893,0.755,0.447,0,"3","AHI1"
0,1.4680027991334,0.5,0.192,0,"3","SV2B"
0,2.29691463490756,0.397,0.09,0,"3","MAN1A1"
0,1.1676727486672,0.556,0.25,0,"3","RPS6KC1"
0,1.02617887611395,0.541,0.235,0,"3","CDH13"
0,1.59653719567856,0.485,0.179,0,"3","CAMK4"
0,1.05069918404237,0.481,0.175,0,"3","CA10"
0,0.866602482633728,0.646,0.341,0,"3","RAPGEF2"
0,0.989440142125574,0.58,0.275,0,"3","SLC2A13"
0,1.54258849552876,0.488,0.184,0,"3","WASF1"
0,0.716626889031251,0.537,0.234,0,"3","MEIS2"
0,1.4209935735321,0.5,0.197,0,"3","NELL1"
0,1.33462700160008,0.508,0.207,0,"3","LMO3"
0,1.55143035818021,0.488,0.187,0,"3","RBFOX3"
0,0.497568663885116,0.82,0.519,0,"3","MAPK10"
0,1.56198985146802,0.491,0.191,0,"3","AMPH"
0,0.864507081417838,0.751,0.451,0,"3","CALM1"
0,0.839487362001191,0.581,0.281,0,"3","ZNF385B"
0,0.819700624528194,0.598,0.299,0,"3","CHL1"
0,0.781314981584299,0.584,0.285,0,"3","EPB41L2"
0,2.27720308213785,0.374,0.075,0,"3","GNAL"
0,0.933378499674524,0.502,0.204,0,"3","SLIT2"
0,0.556329790642044,0.6,0.303,0,"3","MMP16"
0,0.828960931077187,0.562,0.267,0,"3","MCTP1"
0,1.21446449168949,0.551,0.256,0,"3","TMEM232"
0,1.38594630260928,0.475,0.18,0,"3","GPC6"
0,1.31442183912869,0.485,0.19,0,"3","SEZ6L"
0,0.475641470534703,0.827,0.532,0,"3","DMD"
0,1.74167106421752,0.449,0.155,0,"3","MIR137HG"
0,1.24875386400116,0.519,0.225,0,"3","SLC35F3"
0,1.27341281943431,0.52,0.227,0,"3","ADAM23"
0,1.45869404476663,0.472,0.181,0,"3","TMEM59L"
0,1.21403808387434,0.521,0.231,0,"3","DKK3"
0,0.784178505945449,0.583,0.293,0,"3","CHSY3"
0,0.83274900715641,0.571,0.282,0,"3","HECW1"
0,0.542627492743031,0.666,0.378,0,"3","AK5"
0,1.0445686717571,0.496,0.209,0,"3","MAP3K5"
0,1.00111230996071,0.574,0.288,0,"3","SPTBN4"
0,0.764721563134171,0.959,0.675,0,"3","ANKS1B"
0,0.657419393741256,0.628,0.345,0,"3","ROBO1"
0,0.804046739971243,0.632,0.349,0,"3","STXBP5"
0,1.50407128193115,0.458,0.176,0,"3","CHD5"
0,0.674423373143125,0.665,0.384,0,"3","PBX1"
0,0.513816625009694,0.671,0.39,0,"3","RAPGEF5"
0,0.557682406226952,0.604,0.324,0,"3","SORBS1"
0,0.575512328413474,0.657,0.378,0,"3","GABRB1"
0,1.05331643465381,0.521,0.242,0,"3","EPB41L3"
0,0.946002047830786,0.522,0.244,0,"3","OLFM3"
0,2.20165238252816,0.383,0.105,0,"3","NGEF"
0,0.688438521861737,0.67,0.392,0,"3","MYCBP2"
0,1.66628276876063,0.421,0.144,0,"3","NCDN"
0,0.884070663556751,0.529,0.252,0,"3","MGAT4C"
0,1.14793857101861,0.5,0.224,0,"3","KCNJ3"
0,1.06525307057046,0.523,0.249,0,"3","GLS"
0,1.04500515187977,0.51,0.237,0,"3","SH3GL2"
0,0.904541446799974,0.541,0.268,0,"3","FRY"
0,1.12028139226906,0.508,0.236,0,"3","STXBP1"
0,0.916942015852224,0.553,0.282,0,"3","UCHL1"
0,2.21205813481562,0.363,0.092,0,"3","SLIT3"
0,1.34380329416366,0.429,0.158,0,"3","CALN1"
0,1.28914117242697,0.422,0.152,0,"3","SDK1"
0,1.76624083557359,0.404,0.134,0,"3","PTPRR"
0,0.91906195180137,0.556,0.287,0,"3","SNAP91"
0,2.02209811842272,0.386,0.117,0,"3","NIPAL2"
0,1.12258361971386,0.49,0.223,0,"3","NEDD4L"
0,1.58562308236437,0.431,0.165,0,"3","SYBU"
0,1.94769378238649,0.375,0.11,0,"3","AC007563.2"
0,0.734981166439643,0.593,0.328,0,"3","UNC79"
0,1.23346226786709,0.466,0.202,0,"3","SLC17A7"
0,0.732057035807525,0.549,0.286,0,"3","SYN2"
0,0.513667668978674,0.593,0.33,0,"3","KHDRBS3"
0,1.76458791948289,0.392,0.13,0,"3","CACNG3"
0,0.635503110385087,0.59,0.328,0,"3","RASAL2"
0,2.38451465274146,0.315,0.054,0,"3","HPCAL1"
0,1.06313983454643,0.488,0.227,0,"3","SCN3A"
0,0.987176119714417,0.516,0.255,0,"3","ATP2B2"
0,0.679324194850065,0.57,0.309,0,"3","CACNA1A"
0,1.17779267901497,0.463,0.204,0,"3","THY1"
0,0.50554871422942,0.602,0.344,0,"3","PTPRG"
0,0.91176988694919,0.501,0.243,0,"3","NR3C2"
0,0.616059514035133,0.646,0.388,0,"3","GNAS"
0,1.32829312311825,0.426,0.169,0,"3","FSTL4"
0,1.41305754493394,0.433,0.176,0,"3","PRICKLE1"
0,0.728855508840583,0.529,0.274,0,"3","SCN1A"
0,0.758212950898173,0.526,0.272,0,"3","HCN1"
0,1.30125259545677,0.44,0.187,0,"3","EML6"
0,0.908470130117736,0.52,0.268,0,"3","STRBP"
0,0.736235564287036,0.791,0.539,0,"3","MT-ND1"
0,0.729845005780639,0.572,0.32,0,"3","NSF"
0,0.757078527319171,0.561,0.31,0,"3","DANT2"
0,0.922416450746658,0.512,0.261,0,"3","UNC80"
0,1.11558066757855,0.463,0.212,0,"3","BRINP1"
0,0.868449540161725,0.405,0.156,0,"3","STXBP6"
0,1.17450650023461,0.444,0.195,0,"3","NPTN"
0,0.91147028492828,0.489,0.24,0,"3","CALM3"
0,0.668170505613463,0.475,0.226,0,"3","CCK"
0,0.74951647727111,0.543,0.295,0,"3","CLSTN1"
0,1.11786421036035,0.458,0.21,0,"3","GABRG2"
0,0.995009364258118,0.462,0.214,0,"3","ARPP19"
0,1.17616222599168,0.451,0.203,0,"3","HSPA12A"
0,0.896270309737315,0.5,0.252,0,"3","PI4KA"
0,3.08777213231306,0.29,0.042,0,"3","AC008574.1"
0,0.747633725856631,0.551,0.305,0,"3","CSRNP3"
0,0.994911071830588,0.446,0.2,0,"3","PAM"
0,0.866182807609047,0.481,0.236,0,"3","MED12L"
0,0.863377906075941,0.481,0.236,0,"3","RCAN2"
0,1.85120806841714,0.359,0.114,0,"3","ACTN1"
0,0.4685729962174,0.63,0.386,0,"3","RTN1"
0,1.9239669161882,0.35,0.106,0,"3","BAIAP2"
0,0.373638035731378,0.806,0.563,0,"3","DOCK3"
0,1.0393946498112,0.469,0.226,0,"3","SCN8A"
0,1.05918789141096,0.455,0.213,0,"3","ROCK2"
0,1.48143523961534,0.394,0.152,0,"3","LONRF2"
0,1.41567979974813,0.4,0.161,0,"3","JPH4"
0,1.52071694123895,0.367,0.128,0,"3","KCNK1"
0,0.91998552478738,0.486,0.247,0,"3","PPM1L"
0,1.7444610734563,0.365,0.126,0,"3","LIN7A"
0,0.256751835559126,0.551,0.313,0,"3","UNC5D"
0,0.643748508829875,0.63,0.392,0,"3","PRNP"
0,1.58508576871502,0.378,0.142,0,"3","PRKAR2B"
0,0.984928780884459,0.446,0.21,0,"3","NIN"
0,2.10118588948216,0.323,0.087,0,"3","CAMKK1"
0,1.55682132610361,0.382,0.146,0,"3","CELF5"
0,0.811509488986096,0.511,0.275,0,"3","XKR6"
0,0.371530301055514,0.758,0.523,0,"3","JMJD1C"
0,2.71414934413045,0.284,0.049,0,"3","KCNIP2"
0,0.78986199765641,0.494,0.259,0,"3","ENO2"
0,0.444477893458546,0.641,0.406,0,"3","TRIM9"
0,1.10378893744687,0.417,0.183,0,"3","CNTN3"
0,0.593217700843545,0.547,0.315,0,"3","LINC00632"
0,0.386536273872072,0.672,0.44,0,"3","RTN3"
0,0.481305655159749,0.632,0.4,0,"3","FBXL17"
0,0.622165574676991,0.506,0.274,0,"3","CELF4"
0,0.606023217286819,0.571,0.339,0,"3","PREPL"
0,0.676969933468474,0.534,0.304,0,"3","SPIDR"
0,1.80989805400815,0.337,0.108,0,"3","PDE2A"
0,0.913029138659953,0.462,0.233,0,"3","PWAR6"
0,0.47009123619353,0.597,0.368,0,"3","TRIO"
0,0.315003765352895,0.742,0.514,0,"3","UBE2E2"
0,1.21421855156707,0.411,0.183,0,"3","SYT16"
0,0.770415857255546,0.486,0.26,0,"3","SYP"
0,1.29846713555212,0.384,0.159,0,"3","ANKRD30BL"
0,0.556227662468369,0.896,0.671,0,"3","MT-CO1"
0,0.885841736795753,0.447,0.223,0,"3","LMO4"
0,1.38378340782032,0.383,0.159,0,"3","FRRS1L"
0,1.42117326620473,0.377,0.153,0,"3","KCNB1"
0,0.361517521433888,0.661,0.438,0,"3","MAP1B"
0,1.73854205184179,0.327,0.104,0,"3","CPLX2"
0,1.11838383032888,0.414,0.191,0,"3","PPP2R2C"
0,0.365583723348151,0.772,0.55,0,"3","AC016831.7"
0,0.81740191753389,0.47,0.248,0,"3","AEBP2"
0,0.807407296950396,0.467,0.246,0,"3","GDI1"
0,0.966275058388211,0.435,0.214,0,"3","CCPG1"
0,2.67057350927916,0.29,0.069,0,"3","LINC02055"
0,0.741236428342334,0.48,0.259,0,"3","FOCAD"
0,1.05669342707826,0.397,0.177,0,"3","HYDIN"
0,1.20207364851576,0.39,0.17,0,"3","FZD3"
0,0.567457496144834,0.452,0.232,0,"3","ZNF365"
0,0.798715744166511,0.458,0.239,0,"3","YWHAG"
0,1.37690102616563,0.38,0.161,0,"3","SRRM3"
0,2.33119283904562,0.288,0.069,0,"3","TNFRSF25"
0,0.779930038925448,0.469,0.25,0,"3","NCKAP1"
0,0.747556724140824,0.482,0.263,0,"3","PKM"
0,2.87546983522591,0.262,0.044,0,"3","LINC00276"
0,1.46289842348899,0.353,0.135,0,"3","BRINP2"
0,0.533046850225299,0.554,0.337,0,"3","MPHOSPH8"
0,0.613929980980232,0.52,0.303,0,"3","AC124312.1"
0,1.16707806308704,0.356,0.139,0,"3","MAST3"
0,1.26671644763149,0.344,0.128,0,"3","NECTIN3"
0,0.310670824003744,0.464,0.249,0,"3","GALNT13"
0,0.78832023317768,0.451,0.236,0,"3","CELF1"
0,3.02095760825459,0.252,0.037,0,"3","CYP1B1-AS1"
0,1.51975539715138,0.347,0.132,0,"3","KCNJ6"
0,0.254555446241654,0.652,0.438,0,"3","PSD3"
0,1.46373465553986,0.316,0.102,0,"3","BICC1"
0,1.25442687065657,0.374,0.16,0,"3","AP001825.1"
0,0.565295419221808,0.48,0.266,0,"3","KCNH7"
0,0.522148173973771,0.484,0.27,0,"3","KCTD8"
0,0.617070655037218,0.984,0.77,0,"3","ADGRB3"
0,0.255533088350689,0.633,0.42,0,"3","NOVA1"
0,1.24393702560815,0.382,0.169,0,"3","SHANK2"
0,0.749345339113775,0.43,0.218,0,"3","SESN1"
0,1.2601610696808,0.361,0.149,0,"3","GALNT18"
0,0.422500348254637,0.531,0.32,0,"3","RIMS1"
0,0.619403700636625,0.495,0.284,0,"3","GDAP1"
0,1.68750647478686,0.324,0.113,0,"3","UNC13A"
0,0.966739640542276,0.399,0.189,0,"3","CTDSPL"
0,1.59184376597606,0.327,0.117,0,"3","SLF1"
0,1.14646083065661,0.309,0.099,0,"3","SERPINE2"
0,1.09602012069419,0.382,0.173,0,"3","DOK6"
0,1.32560838139609,0.355,0.146,0,"3","GFOD1"
0,1.39293132084917,0.35,0.141,0,"3","HTR1E"
0,1.03205049269198,0.409,0.2,0,"3","SNAP25-AS1"
0,0.94690189094165,0.399,0.191,0,"3","YWHAH"
0,1.32116388939316,0.357,0.149,0,"3","ADCY1"
0,1.26822699662443,0.366,0.158,0,"3","NETO1"
0,0.661025302881104,0.467,0.26,0,"3","CERS6"
0,0.414527926277297,0.434,0.227,0,"3","DGKG"
0,0.88279328266391,0.42,0.214,0,"3","PPM1E"
0,1.13820865465969,0.365,0.159,0,"3","USP25"
0,0.785019469751526,0.447,0.242,0,"3","NR2F1-AS1"
0,0.643348944472367,0.452,0.247,0,"3","OGA"
0,0.498720330660175,0.535,0.33,0,"3","TSC22D1"
0,0.467586086425371,0.528,0.323,0,"3","NFAT5"
0,0.819390097019801,0.424,0.219,0,"3","NORAD"
0,1.02345603124113,0.389,0.185,0,"3","FP700111.1"
0,0.742462104702523,0.443,0.239,0,"3","ABI2"
0,0.945627748515459,0.378,0.174,0,"3","DAPK1"
0,0.765892444322293,0.41,0.206,0,"3","TLN2"
0,1.05480532195612,0.339,0.136,0,"3","TYRO3"
0,2.49133987781576,0.258,0.055,0,"3","CDH22"
0,0.880710080083647,0.416,0.213,0,"3","ASTN1"
0,1.9760488482103,0.294,0.091,0,"3","FAM153C"
0,0.474954389755523,0.482,0.279,0,"3","DTNB"
0,1.04500769845887,0.381,0.179,0,"3","ATP6V1H"
0,1.26694762533001,0.355,0.153,0,"3","HOMER1"
0,0.776312498441997,0.349,0.147,0,"3","PDE7B"
0,0.859226348358175,0.411,0.209,0,"3","TSPAN7"
0,1.22776092511389,0.359,0.157,0,"3","CEP126"
0,0.370238417236866,0.559,0.358,0,"3","HERC1"
0,1.49391796371587,0.326,0.125,0,"3","ABLIM2"
0,1.49930674548334,0.298,0.097,0,"3","GULP1"
0,1.38621642405524,0.334,0.134,0,"3","KCNQ2"
0,0.995315316711127,0.369,0.169,0,"3","GABRA2"
0,1.13469893616579,0.357,0.157,0,"3","TSPYL1"
0,0.696946994333819,0.416,0.216,0,"3","CDH8"
0,0.597208316776321,0.473,0.273,0,"3","FAIM2"
0,0.98659603442583,0.351,0.152,0,"3","KLHL2"
0,0.258279028553121,0.645,0.447,0,"3","TMEM161B-AS1"
0,1.07460056359364,0.357,0.159,0,"3","HSPH1"
0,0.666152793465765,0.405,0.208,0,"3","ABLIM1"
0,0.778124340359521,0.427,0.23,0,"3","SPTAN1"
0,1.76526965199892,0.273,0.077,0,"3","GNG2"
0,1.37105795716473,0.32,0.124,0,"3","FBXO34"
0,1.12195737217144,0.342,0.147,0,"3","NDFIP2"
0,1.0578806245002,0.372,0.177,0,"3","WDR17"
0,1.77899395715987,0.287,0.092,0,"3","ST8SIA3"
0,0.765081670751236,0.403,0.209,0,"3","YWHAZ"
0,0.257442855359362,0.618,0.424,0,"3","PDE4DIP"
0,0.803053268631359,0.382,0.188,0,"3","AQP4-AS1"
0,1.52594282632935,0.291,0.097,0,"3","VSTM2A"
0,1.64901965066934,0.294,0.1,0,"3","SLITRK4"
0,0.255971457854081,0.841,0.647,0,"3","FTX"
0,1.58512576587442,0.296,0.104,0,"3","CAMKV"
0,0.992915440927327,0.365,0.173,0,"3","KIAA0825"
0,0.406751197227781,0.484,0.292,0,"3","ARHGEF7"
0,1.27344377416213,0.348,0.156,0,"3","MIAT"
0,1.62726965537459,0.297,0.106,0,"3","LRFN2"
0,1.02321417488719,0.364,0.173,0,"3","DGKZ"
0,0.654806964700987,0.426,0.235,0,"3","PLD3"
0,1.1662604030885,0.354,0.163,0,"3","LINC00599"
0,0.338679801695862,0.56,0.37,0,"3","GPATCH8"
0,1.80813952807739,0.267,0.077,0,"3","HOPX"
0,1.22084488041392,0.327,0.137,0,"3","TSPYL2"
0,1.76766941337172,0.286,0.097,0,"3","LNX1"
0,0.833417970583853,0.384,0.196,0,"3","SLC39A10"
0,0.963081792214965,0.375,0.187,0,"3","CACNA1D"
0,0.470812746806171,0.481,0.293,0,"3","EIF4A2"
0,0.675462410814016,0.436,0.249,0,"3","RAPGEF4"
0,1.52116070723939,0.3,0.113,0,"3","BSN"
0,1.32054675212424,0.294,0.107,0,"3","UNC13C"
0,1.08616452478678,0.359,0.172,0,"3","MYH10"
0,1.08696593597211,0.316,0.131,0,"3","TMTC1"
0,0.37840175628559,0.51,0.325,0,"3","TTTY14"
0,0.47008815156917,0.45,0.265,0,"3","MICAL3"
0,1.69901963922219,0.284,0.099,0,"3","NWD2"
0,0.946633472484539,0.372,0.188,0,"3","SRRM4"
0,1.40344170436991,0.296,0.113,0,"3","UPP2"
0,0.875248014974851,0.373,0.19,0,"3","SCAI"
0,1.38451359214689,0.305,0.122,0,"3","SCN3B"
0,0.826216305950014,0.367,0.185,0,"3","MAPK1"
0,0.927783718189138,0.337,0.157,0,"3","TOMM20"
0,1.78668273506886,0.266,0.086,0,"3","STEAP2"
0,1.28048412819414,0.304,0.124,0,"3","SSX2IP"
0,0.674981600101027,0.418,0.238,0,"3","SLC25A12"
0,0.766202163696874,0.373,0.193,0,"3","LINC01322"
0,0.504496290727617,0.435,0.255,0,"3","SERPINI1"
0,0.423578930451272,0.42,0.24,0,"3","ZDHHC14"
0,0.551257198382104,0.303,0.123,0,"3","THSD7A"
0,0.556064203908104,0.417,0.237,0,"3","PCSK1N"
0,0.56139891257138,0.408,0.228,0,"3","SLC22A17"
0,1.13769045845654,0.325,0.146,0,"3","SYN1"
0,0.848626158544073,0.357,0.178,0,"3","DCAF6"
0,1.20668050610654,0.315,0.136,0,"3","SNED1"
0,1.30505537525538,0.307,0.128,0,"3","CACNG8"
0,0.383688112738823,0.476,0.297,0,"3","NLGN4Y"
0,0.759900984313634,0.394,0.216,0,"3","AC092683.1"
0,1.33832480083653,0.29,0.112,0,"3","TRERF1"
0,1.58586432535997,0.286,0.108,0,"3","KCNT1"
0,1.69508094733359,0.256,0.078,0,"3","PPP4R4"
0,1.5974353018577,0.276,0.099,0,"3","KCNAB2"
0,0.354499337639264,0.495,0.318,0,"3","CLASP1"
0,0.455456397608602,0.448,0.271,0,"3","AC073050.1"
0,1.34086895813694,0.297,0.12,0,"3","MPP6"
0,1.36737454050422,0.293,0.116,0,"3","SLC12A5"
0,1.34101065332868,0.295,0.118,0,"3","CA11"
0,0.325704031927763,0.524,0.348,0,"3","HSP90AB1"
0,1.06316251620346,0.338,0.162,0,"3","RUNDC3B"
0,0.983725594010925,0.331,0.155,0,"3","LY6H"
0,1.15007033297281,0.308,0.132,0,"3","CREG2"
0,0.701874210263112,0.361,0.185,0,"3","BEX1"
0,0.478837073144171,0.407,0.231,0,"3","SORL1"
0,0.254818417488716,0.558,0.383,0,"3","ANKRD17"
0,0.406529362212427,0.462,0.287,0,"3","SOBP"
0,0.663801674392231,0.395,0.22,0,"3","ADAM22"
0,0.745687518978059,0.364,0.189,0,"3","TIAM2"
0,0.649587152759563,0.378,0.203,0,"3","ATP2A2"
0,1.45334952123761,0.281,0.107,0,"3","SLITRK5"
0,1.2911573560177,0.304,0.13,0,"3","KCNH1"
0,0.546188881017899,0.434,0.26,0,"3","OSBPL6"
0,1.86980839258265,0.25,0.076,0,"3","RFTN1"
0,0.430339196092965,0.459,0.286,0,"3","BRWD1"
0,0.675472199578119,0.393,0.22,0,"3","PCNX2"
0,0.838462739550265,0.354,0.181,0,"3","SV2A"
0,0.943257051930415,0.351,0.178,0,"3","ICA1L"
0,0.87189367542826,0.36,0.187,0,"3","PARP8"
0,0.813106278805074,0.354,0.181,0,"3","ZMAT4"
0,0.845717494317364,0.37,0.197,0,"3","VPS13A"
0,0.740216681068527,0.37,0.197,0,"3","PAK1"
0,0.724869145466519,0.369,0.196,0,"3","EXOC6"
0,0.403313108811213,0.465,0.293,0,"3","ERC1"
0,1.1428736496333,0.316,0.144,0,"3","BCL11A"
0,1.37985720479056,0.266,0.094,0,"3","FAM213A"
0,1.49283254292542,0.271,0.099,0,"3","CDK5R1"
0,1.27670121774133,0.288,0.116,0,"3","GOLGA8B"
0,0.320231630112827,0.812,0.641,0,"3","MT-CYB"
0,0.612959549988915,0.387,0.216,0,"3","KLC1"
0,1.35625239068901,0.285,0.114,0,"3","PLXNA2"
0,1.28872959921987,0.282,0.111,0,"3","EML5"
0,0.474521309422669,0.859,0.689,0,"3","MT-ATP6"
0,0.941106460920269,0.326,0.156,0,"3","ARMC9"
0,0.497714783711684,0.377,0.207,0,"3","GARNL3"
0,0.826602797119378,0.365,0.195,0,"3","NMNAT2"
0,0.671745328968256,0.363,0.193,0,"3","PPFIBP1"
0,1.12817146494193,0.297,0.128,0,"3","CPNE8"
0,1.14492437787979,0.305,0.136,0,"3","ADCY9"
0,0.966115841339634,0.321,0.153,0,"3","MTA3"
0,1.00306042887022,0.324,0.156,0,"3","CCDC85A"
0,0.919330722666261,0.334,0.167,0,"3","INPP4A"
0,0.800014349320307,0.323,0.156,0,"3","FGFR1OP2"
0,0.913603886521079,0.302,0.135,0,"3","ACAP3"
0,0.420644210897107,0.434,0.267,0,"3","CAMSAP2"
0,0.428135953608509,0.425,0.258,0,"3","KIF5C"
0,0.28718114372831,0.486,0.319,0,"3","PIK3R1"
0,1.6323693105348,0.257,0.091,0,"3","STAT4"
0,0.700219162587414,0.336,0.17,0,"3","SERINC3"
0,0.848868837446417,0.346,0.18,0,"3","PRKAR1B"
0,0.963637820787525,0.31,0.145,0,"3","NISCH"
0,1.10314670942413,0.304,0.139,0,"3","RAB6B"
0,1.04654084636175,0.299,0.134,0,"3","NRXN2"
0,0.530062919816951,0.94,0.775,0,"3","MT-CO3"
0,1.42165157991445,0.271,0.107,0,"3","GABRA4"
0,0.782559353675766,0.343,0.179,0,"3","MOSMO"
0,0.448361702109479,0.394,0.23,0,"3","GAS7"
0,0.576865155665945,0.371,0.207,0,"3","ATP9B"
0,1.29357045342086,0.262,0.099,0,"3","CNST"
0,1.38065908964369,0.258,0.095,0,"3","SLC22A10"
0,0.906946031597111,0.319,0.156,0,"3","MAP2K1"
0,0.526404066140232,0.389,0.226,0,"3","ANKRD11"
0,0.475057097840955,0.413,0.25,0,"3","SRGAP3"
0,0.47817865456222,0.427,0.264,0,"3","ARHGEF12"
0,0.340779982432806,0.455,0.293,0,"3","PRKCE"
0,0.299074037435625,0.463,0.301,0,"3","MAST4"
0,0.308412153046171,0.461,0.299,0,"3","RBM26"
0,0.359191034109219,0.397,0.235,0,"3","RPS6KA5"
0,0.89387115757077,0.338,0.176,0,"3","ARHGAP44"
0,0.571897464568512,0.371,0.209,0,"3","NBAS"
0,0.557938490630887,0.383,0.221,0,"3","TFDP2"
0,0.788547366537413,0.318,0.156,0,"3","SPECC1"
0,0.661904030134421,0.354,0.192,0,"3","LYST"
0,0.445902213317147,0.407,0.245,0,"3","UGGT2"
0,0.930673593789174,0.313,0.152,0,"3","SESN3"
0,0.745746167889062,0.343,0.183,0,"3","RPL31"
0,0.792207030490551,0.343,0.183,0,"3","GABRA1"
0,0.406343697470988,0.396,0.236,0,"3","DAAM1"
0,0.32684222741261,0.463,0.303,0,"3","MYO9A"
0,1.15856351950214,0.271,0.111,0,"3","PKIG"
0,0.591604293104897,0.369,0.209,0,"3","YWHAB"
0,1.10944037266304,0.295,0.135,0,"3","CLSTN3"
0,0.39643481741529,0.428,0.268,0,"3","PPP1R12A"
0,1.22337757532276,0.272,0.113,0,"3","RUNDC3A"
0,0.943338915500114,0.322,0.163,0,"3","TARBP1"
0,0.964269510605345,0.312,0.153,0,"3","CEP112"
0,0.298415831910037,0.471,0.312,0,"3","EHBP1"
0,0.71765369538344,0.346,0.187,0,"3","DYNC2H1"
0,0.379237369130394,0.415,0.256,0,"3","PDS5B"
0,0.45565218568914,0.399,0.241,0,"3","COP1"
0,0.767300772657469,0.33,0.172,0,"3","SCAMP5"
0,1.07585288492031,0.291,0.133,0,"3","RAD9A"
0,0.958215742059344,0.281,0.124,0,"3","MPPED2"
0,0.530181346512456,0.378,0.221,0,"3","ATP1A1"
0,0.797726618038355,0.324,0.167,0,"3","NME7"
0,0.841143883222037,0.325,0.168,0,"3","LRRFIP1"
0,0.690907486521709,0.321,0.164,0,"3","PTCHD1-AS"
0,0.273273836472969,0.478,0.321,0,"3","BRAF"
0,0.366330315293299,0.398,0.242,0,"3","SNCA"
0,0.31063833773183,0.446,0.29,0,"3","NR3C1"
0,1.13341413632802,0.279,0.123,0,"3","LMO7"
0,0.471372168409928,0.888,0.732,0,"3","MT-ND4"
0,1.33744575543661,0.252,0.096,0,"3","PTPRN"
0,0.452963113068892,0.377,0.221,0,"3","PLEKHA1"
0,0.746200315872224,0.319,0.163,0,"3","SIRPA"
0,1.08791124910888,0.292,0.136,0,"3","ANO5"
0,0.489587333144721,0.401,0.246,0,"3","BMPR2"
0,0.397664199499833,0.399,0.244,0,"3","RUNX1T1"
0,0.533631389752258,0.342,0.187,0,"3","ABR"
0,0.559728285616737,0.372,0.217,0,"3","PTPN4"
0,1.12084428429031,0.295,0.14,0,"3","BASP1-AS1"
0,1.09547913631321,0.281,0.127,0,"3","PNMA2"
0,0.831612221138063,0.324,0.17,0,"3","SEPT11"
0,0.908005850193994,0.283,0.129,0,"3","RHBDD2"
0,0.42162769065451,0.417,0.263,0,"3","DENND5B"
0,0.456149668887404,0.418,0.264,0,"3","MNAT1"
0,1.20046569790513,0.273,0.12,0,"3","KIFC2"
0,1.30261330782076,0.257,0.104,0,"3","KNDC1"
0,0.682920340004145,0.344,0.191,0,"3","ABCA5"
0,0.33354231230029,0.838,0.685,0,"3","MT-ND2"
0,0.65491028281677,0.332,0.18,0,"3","FAM13A"
0,1.17794542455456,0.271,0.119,0,"3","TMEM130"
0,1.18944369111057,0.265,0.113,0,"3","PGM2L1"
0,0.95886374065689,0.29,0.138,0,"3","SNCB"
0,0.566475350138263,0.354,0.202,0,"3","KAT6B"
0,0.291074770007564,0.463,0.312,0,"3","RBFOX2"
0,0.874535122279641,0.315,0.164,0,"3","KCND3"
0,0.796195213791697,0.302,0.151,0,"3","HTT"
0,0.789850085928735,0.304,0.153,0,"3","HPRT1"
0,0.577060131539947,0.36,0.209,0,"3","C2CD5"
0,0.594199552265332,0.373,0.222,0,"3","USP9Y"
0,0.39426279176003,0.405,0.255,0,"3","RPRD2"
0,0.722687426356229,0.335,0.185,0,"3","FAM49A"
0,0.642258238969243,0.333,0.183,0,"3","GAP43"
0,0.299393471902579,0.44,0.29,0,"3","NSD3"
0,1.29627249532742,0.254,0.104,0,"3","RAPGEFL1"
0,1.13124488545879,0.256,0.106,0,"3","NPTXR"
0,0.760068511271911,0.312,0.162,0,"3","FAM126B"
0,0.456712915754192,0.384,0.234,0,"3","PJA2"
0,0.757367186519911,0.315,0.165,0,"3","SUGP2"
0,0.985869532194347,0.269,0.12,0,"3","MLF2"
0,0.421313231980027,0.389,0.24,0,"3","NAP1L1"
0,0.433091490861522,0.4,0.251,0,"3","HECTD4"
0,0.661761844713216,0.341,0.192,0,"3","PKD1"
0,0.672354151833078,0.34,0.192,0,"3","ZFYVE28"
0,1.12282093143482,0.269,0.121,0,"3","EPHB6"
0,0.386481813140842,0.402,0.254,0,"3","MAP2K4"
0,0.434298170303441,0.374,0.226,0,"3","BABAM2"
0,0.919946799510107,0.282,0.134,0,"3","NSG2"
0,0.558117438171143,0.351,0.203,0,"3","KCNB2"
0,0.623670365016719,0.336,0.189,0,"3","DZIP3"
0,1.00251402208111,0.275,0.128,0,"3","ASXL3"
0,0.809526411794151,0.295,0.148,0,"3","USP11"
0,0.807629546452951,0.294,0.147,0,"3","NEFL"
0,1.14508136986391,0.269,0.123,0,"3","ANO3"
0,0.411290643101262,0.379,0.233,0,"3","MICU1"
0,0.581280227234008,0.349,0.203,0,"3","NOL4"
0,0.561267210493142,0.32,0.175,0,"3","VGLL4"
0,1.05559081528375,0.254,0.109,0,"3","TBC1D1"
0,0.656670828242517,0.314,0.169,0,"3","TLK1"
0,0.831297990446813,0.306,0.161,0,"3","CAP2"
0,0.27093000414683,0.415,0.27,0,"3","PIAS1"
0,1.14151261860096,0.266,0.122,0,"3","CLVS2"
0,0.366214093908222,0.382,0.238,0,"3","MAP2K5"
0,0.534149142257628,0.304,0.16,0,"3","LRRC8B"
0,0.972877599264012,0.271,0.128,0,"3","CADM3"
0,0.349430056590628,0.379,0.236,0,"3","SERINC1"
0,0.547380904457998,0.323,0.18,0,"3","DSTN"
0,0.27679818037516,0.911,0.768,0,"3","MT-CO2"
0,0.376852808273882,0.343,0.201,0,"3","BSG"
0,0.512925668105271,0.327,0.186,0,"3","BTBD8"
0,0.648366802867742,0.329,0.188,0,"3","CDKL5"
0,0.995682766505079,0.268,0.128,0,"3","SHC3"
0,1.03218563535666,0.274,0.134,0,"3","DPY19L2"
0,0.75035239197145,0.298,0.158,0,"3","PATJ"
0,0.350607128290529,0.364,0.224,0,"3","ACAP2"
0,0.563128460643328,0.325,0.186,0,"3","CYFIP2"
0,1.01359983316649,0.274,0.135,0,"3","PLXNA4"
0,0.721349460224541,0.3,0.161,0,"3","AKAP11"
0,0.579076642671823,0.306,0.167,0,"3","ZC3H14"
0,0.536651187023088,0.313,0.175,0,"3","RNF115"
0,0.734844408812799,0.276,0.138,0,"3","ATF2"
0,0.854745504390297,0.26,0.122,0,"3","CRLF1"
0,0.696890786944632,0.284,0.146,0,"3","MTURN"
0,0.384600627593308,0.364,0.226,0,"3","MT-ND5"
0,0.273939581862857,0.414,0.276,0,"3","ANKRD36"
0,0.865992887883797,0.276,0.139,0,"3","CCDC30"
0,0.999683068611873,0.254,0.117,0,"3","NELFA"
0,0.74697210505139,0.25,0.113,0,"3","FBXO32"
0,0.770356820160833,0.286,0.149,0,"3","ARHGEF9"
0,0.450029903352821,0.332,0.196,0,"3","RAPH1"
0,0.5561940859666,0.312,0.176,0,"3","ZNF483"
0,0.899492505678317,0.292,0.156,0,"3","AC007388.1"
0,0.740424876008536,0.284,0.148,0,"3","ATP6V1B2"
0,0.482100348526547,0.34,0.205,0,"3","KIF3A"
0,1.06656673591807,0.264,0.129,0,"3","C11orf80"
0,0.358352550691966,0.345,0.21,0,"3","DCLK2"
0,0.43967677464453,0.364,0.229,0,"3","EVL"
0,0.931237292516101,0.277,0.143,0,"3","PRKAG2"
0,0.844568349588643,0.27,0.136,0,"3","LRRC28"
0,0.30484128943921,0.341,0.208,0,"3","ZFR"
0,0.982275364347188,0.275,0.142,0,"3","MICAL2"
0,0.719442720241981,0.275,0.142,0,"3","CLIP3"
0,0.325380845627745,0.38,0.247,0,"3","MAN1A2"
0,0.504678008405668,0.313,0.18,0,"3","MKL1"
0,0.433229419371583,0.365,0.232,0,"3","SETBP1"
0,0.575304894948491,0.277,0.145,0,"3","PEA15"
0,0.603131930398134,0.274,0.142,0,"3","PRKDC"
0,0.801452473580263,0.265,0.133,0,"3","ITGA9"
0,0.882160277857881,0.267,0.135,0,"3","TAGLN3"
0,0.305944551103406,0.379,0.247,0,"3","RBM25"
0,0.38868289344966,0.357,0.225,0,"3","FARS2"
0,0.684439902945143,0.277,0.146,0,"3","RNF145"
0,0.857859937555508,0.256,0.125,0,"3","TCAF1"
0,0.85475395678817,0.266,0.135,0,"3","ADGRL1"
0,0.388428500067617,0.306,0.175,0,"3","JUND"
0,0.888087817877599,0.256,0.125,0,"3","AP001347.1"
0,0.418805778113492,0.324,0.194,0,"3","CSMD2"
0,0.522916072727812,0.31,0.18,0,"3","AC090568.2"
0,0.66759652522509,0.307,0.177,0,"3","PAK5"
0,0.557629621670228,0.293,0.163,0,"3","ZER1"
0,0.440251615907928,0.315,0.186,0,"3","PLEKHA6"
0,0.73495738692132,0.269,0.14,0,"3","JAK2"
0,0.341246614917851,0.339,0.211,0,"3","SPATS2L"
0,0.717771380783531,0.272,0.144,0,"3","IRAK1BP1"
0,0.898652924629251,0.269,0.141,0,"3","WNK2"
0,0.745427599519061,0.264,0.136,0,"3","NNT"
0,0.300676270717022,0.38,0.252,0,"3","KMT2A"
0,0.262141749271979,0.326,0.198,0,"3","SEMA6D"
0,0.521616506923402,0.312,0.184,0,"3","CMIP"
0,0.602724448894944,0.275,0.148,0,"3","RANBP2"
0,0.579592289701477,0.277,0.15,0,"3","SH3BGRL"
0,0.543888127903732,0.292,0.165,0,"3","TBC1D32"
0,0.623422043963923,0.267,0.141,0,"3","OGT"
0,0.422958505090111,0.327,0.201,0,"3","ATP6V0A1"
0,0.355116736583353,0.327,0.201,0,"3","ATP9A"
0,0.388603126600279,0.345,0.219,0,"3","OSBPL8"
0,0.625022136836589,0.288,0.162,0,"3","RTF1"
0,0.481339988607086,0.294,0.169,0,"3","OPA1"
0,0.698443287531534,0.282,0.157,0,"3","GMDS"
0,0.565655165199018,0.296,0.171,0,"3","PPP3CB"
0,0.635205085931562,0.276,0.152,0,"3","ENSA"
0,0.688306466438551,0.269,0.145,0,"3","CCDC92"
0,0.259993931722217,0.388,0.264,0,"3","LINC00513"
0,0.515448932685873,0.298,0.174,0,"3","MICU3"
0,0.353316398469756,0.324,0.2,0,"3","BTRC"
0,0.253672944483795,0.366,0.243,0,"3","HDAC8"
0,0.520929061362865,0.308,0.185,0,"3","CLIP1"
0,0.313901937889299,0.323,0.2,0,"3","ATL1"
0,0.665278484877013,0.261,0.138,0,"3","PPP2R1A"
0,0.557667274230298,0.286,0.163,0,"3","GRK3"
0,0.672272692082364,0.277,0.155,0,"3","PLCL2"
0,0.707396941699604,0.281,0.159,0,"3","CATSPER2"
0,0.565776793605726,0.269,0.147,0,"3","CTIF"
0,0.488839860112938,0.296,0.174,0,"3","DDAH1"
0,0.769697339178295,0.26,0.138,0,"3","SLC16A7"
0,0.286305225799159,0.353,0.231,0,"3","CD47"
0,0.251878464669964,0.351,0.229,0,"3","ZNF148"
0,0.600415221158983,0.266,0.145,0,"3","KCNT2"
0,0.253561243489668,0.34,0.219,0,"3","DDX24"
0,0.630081339236605,0.28,0.159,0,"3","NAPB"
0,0.404446088532121,0.31,0.189,0,"3","ARID4A"
0,0.457539683013331,0.293,0.172,0,"3","MAP1A"
0,0.35254244655806,0.345,0.224,0,"3","NCALD"
0,0.577572898377787,0.292,0.172,0,"3","NDRG4"
0,0.428622200002582,0.305,0.185,0,"3","RHOT1"
0,0.55354157721156,0.284,0.164,0,"3","USP22"
0,0.57818674565165,0.272,0.153,0,"3","G3BP2"
0,0.407017629250386,0.26,0.141,0,"3","HSP90B1"
0,0.462128833290544,0.3,0.181,0,"3","BDP1"
0,0.454853821802929,0.303,0.184,0,"3","DOPEY1"
0,0.379756066861526,0.309,0.19,0,"3","RPRD1A"
0,0.458804014451324,0.313,0.195,0,"3","MAGI3"
0,0.342946770077528,0.306,0.188,0,"3","PPIG"
0,0.48171306929534,0.294,0.176,0,"3","RANBP9"
0,0.314316690833468,0.346,0.228,0,"3","SYT14"
0,0.358504183380015,0.329,0.212,0,"3","CPLANE1"
0,0.478041469080269,0.277,0.16,0,"3","PGAM1"
0,0.309120292388331,0.344,0.227,0,"3","GLCCI1"
0,0.599139907967014,0.273,0.157,0,"3","ODF2L"
0,0.361178564807048,0.33,0.214,0,"3","MCF2L2"
0,0.386577337355072,0.328,0.212,0,"3","ST7"
0,0.384737361255801,0.282,0.166,0,"3","SCG5"
0,0.564711763682333,0.272,0.157,0,"3","LARP1B"
0,0.429838647014853,0.262,0.148,0,"3","ABI1"
0,0.431324044833998,0.337,0.223,0,"3","MPRIP"
0,0.434001645525374,0.289,0.175,0,"3","RNF150"
0,0.281942602962675,0.348,0.234,0,"3","ANKRD26"
0,0.298531311800429,0.324,0.211,0,"3","RAB3GAP1"
0,0.485091740866427,0.267,0.154,0,"3","TNPO1"
0,0.28666756023811,0.327,0.214,0,"3","PTPRS"
0,0.428241930096843,0.287,0.174,0,"3","KIF1A"
0,0.325620473243334,0.301,0.188,0,"3","PURA"
0,0.342817216472723,0.28,0.168,0,"3","RNF19A"
0,0.564576082284519,0.253,0.141,0,"3","COG6"
0,0.807714300001502,0.251,0.139,0,"3","CCDC3"
0,0.300612524451721,0.324,0.213,0,"3","UBE3A"
0,0.264939507107739,0.3,0.189,0,"3","ATP2B4"
0,0.362352628903545,0.301,0.19,0,"3","ARHGEF3"
0,0.494742006969744,0.252,0.142,0,"3","FBXO21"
0,0.371758821504004,0.306,0.196,0,"3","APBA2"
0,0.635246181206965,0.275,0.166,0,"3","MEG8"
0,0.493373228353084,0.253,0.145,0,"3","PSIP1"
0,0.489956349837115,0.26,0.152,0,"3","CSTF3"
0,0.296566100102268,0.314,0.206,0,"3","FBXL20"
0,0.331330349244849,0.273,0.166,0,"3","MAMDC2"
0,0.265403390891544,0.302,0.195,0,"3","CMSS1"
0,0.267670467538536,0.255,0.149,0,"3","ACTN4"
0,0.371859415467601,0.308,0.202,0,"3","KIFAP3"
0,0.391474057506747,0.284,0.178,0,"3","NUAK1"
0,0.281164342153474,0.322,0.217,0,"3","SCMH1"
0,0.541086667112872,0.261,0.156,0,"3","PACRG"
0,0.407073287335734,0.293,0.188,0,"3","SSBP3"
0,0.404453752566138,0.29,0.185,0,"3","ZNF91"
0,0.439510644563548,0.258,0.154,0,"3","KLHDC10"
0,0.434225613110772,0.266,0.162,0,"3","APLP2"
0,0.282666702736621,0.291,0.188,0,"3","MORF4L2"
0,0.320955421708393,0.281,0.179,0,"3","TRIM33"
0,0.313546251807581,0.255,0.153,0,"3","PCMT1"
0,0.367868099125812,0.309,0.207,0,"3","GPR158"
0,0.337030373748802,0.293,0.191,0,"3","STAU2"
0,0.335993500790173,0.252,0.151,0,"3","PUM3"
0,0.324330923960009,0.284,0.183,0,"3","ZDHHC21"
0,0.294768173051824,0.292,0.192,0,"3","DNAJB14"
0,0.310739080712481,0.282,0.182,0,"3","PPP2R5E"
0,0.289903635839019,0.271,0.172,0,"3","AP2M1"
0,0.317120677202721,0.277,0.178,0,"3","PPHLN1"
0,0.358703222334344,0.258,0.16,0,"3","ACTR2"
0,0.281256871149802,0.256,0.158,0,"3","INTS10"
0,0.380557764856517,0.258,0.16,0,"3","PIAS2"
0,0.396687669219268,0.989,0.891,0,"3","DLG2"
0,0.284270578365968,0.278,0.181,0,"3","PHF20L1"
0,0.255597920133132,0.318,0.221,0,"3","WDR60"
0,0.436377040613045,0.272,0.176,0,"3","BMPER"
0,0.275061248901535,0.27,0.174,0,"3","VPS53"
0,0.328784319824958,0.259,0.165,0,"3","UQCRH"
0,0.420974937005279,0.267,0.174,0,"3","TTN-AS1"
0,0.372328166237352,0.265,0.173,0,"3","ZFYVE9"
0,2.48010010392543,0.912,0.211,0,"4","FAM19A1"
0,1.97476818687354,0.944,0.307,0,"4","HS6ST3"
0,1.84285673973871,0.94,0.304,0,"4","LINGO2"
0,2.1418296040634,0.874,0.239,0,"4","ST6GALNAC5"
0,1.95468120118024,0.911,0.293,0,"4","DGKB"
0,1.93830753240695,0.904,0.293,0,"4","UNC5D"
0,2.96850073365557,0.693,0.082,0,"4","CUX2"
0,1.69350673778226,0.862,0.257,0,"4","CADPS2"
0,1.77489670282483,0.913,0.312,0,"4","LDB2"
0,1.90105466444047,0.828,0.228,0,"4","OLFM3"
0,1.68745557789459,0.853,0.256,0,"4","RGS6"
0,1.81331175607887,0.758,0.161,0,"4","CA10"
0,1.78180717392307,0.926,0.33,0,"4","DLGAP2"
0,1.74693667739368,0.852,0.259,0,"4","TMEM132D"
0,1.44354260814959,0.891,0.309,0,"4","CHRM3"
0,1.69795278206028,0.893,0.311,0,"4","CDH18"
0,1.59597858589504,0.909,0.327,0,"4","LRFN5"
0,1.58359435869507,0.931,0.352,0,"4","GRM7"
0,1.62150904099258,0.956,0.378,0,"4","KHDRBS2"
0,1.35082596973135,0.977,0.399,0,"4","RALYL"
0,1.60780374956043,0.899,0.323,0,"4","CACNA2D3"
0,1.7028193041262,0.821,0.246,0,"4","KCNH7"
0,2.03087817045653,0.982,0.407,0,"4","IQCJ-SCHIP1"
0,1.64512627965164,0.889,0.319,0,"4","FLRT2"
0,4.02694108927331,0.618,0.048,0,"4","AJ009632.2"
0,1.80649166385665,0.81,0.244,0,"4","SYN3"
0,1.3849202793206,0.853,0.289,0,"4","CNTN4"
0,1.84532671600481,0.78,0.218,0,"4","FAT3"
0,1.58553803621036,0.83,0.269,0,"4","HECW1"
0,1.30877977236347,0.969,0.409,0,"4","KCNQ5"
0,1.86783771383438,0.978,0.419,0,"4","STXBP5L"
0,1.32506023699534,0.874,0.315,0,"4","KCTD16"
0,1.73350300803957,0.783,0.225,0,"4","FMN1"
0,1.50204732848959,0.942,0.386,0,"4","AGBL4"
0,1.93590335866156,0.73,0.18,0,"4","KCNB2"
0,1.5707301428804,0.963,0.416,0,"4","ATRNL1"
0,1.36845721868302,0.941,0.395,0,"4","GRM5"
0,1.28754618357863,0.893,0.349,0,"4","FRMPD4"
0,1.39367630108045,0.849,0.306,0,"4","CACNA1B"
0,1.46903463234938,0.823,0.281,0,"4","CNKSR2"
0,1.43296269632178,0.772,0.231,0,"4","EPHA6"
0,1.47511739446067,0.844,0.304,0,"4","EFNA5"
0,1.30437207768963,0.873,0.334,0,"4","GRIN2A"
0,1.3445780512251,0.806,0.27,0,"4","ZNF385B"
0,1.42008834473103,0.936,0.401,0,"4","KALRN"
0,1.51971175593389,0.793,0.258,0,"4","HCN1"
0,1.2253986517843,0.933,0.399,0,"4","RYR2"
0,1.41149780834318,0.959,0.426,0,"4","RIMS2"
0,1.28720386669399,0.868,0.335,0,"4","DCLK1"
0,1.18278226052492,0.853,0.321,0,"4","ARPP21"
0,1.44429733690632,0.8,0.27,0,"4","MTUS2"
0,1.25315087544812,0.885,0.355,0,"4","PRKCB"
0,1.33378829597315,0.888,0.359,0,"4","THRB"
0,1.38203564622664,0.793,0.264,0,"4","HDAC9"
0,1.53824171429135,0.806,0.278,0,"4","TMEM178B"
0,1.58885323998098,0.941,0.414,0,"4","R3HDM1"
0,1.29615266616815,0.812,0.286,0,"4","NELL2"
0,1.42358019585226,0.804,0.28,0,"4","GABRB3"
0,1.30777907812903,0.837,0.315,0,"4","SLC4A10"
0,1.36555355443874,0.966,0.444,0,"4","SNTG1"
0,1.31755438150912,0.818,0.296,0,"4","CACNA1A"
0,1.44756123497859,0.787,0.266,0,"4","TMEM108"
0,1.49845298796565,0.788,0.267,0,"4","CDH12"
0,1.11913478014921,0.927,0.407,0,"4","CCSER1"
0,1.33857114119265,0.852,0.332,0,"4","CACNA1C"
0,1.46687752993664,0.965,0.446,0,"4","TENM2"
0,1.14744554262934,0.794,0.278,0,"4","ADGRL2"
0,1.3798110655913,0.93,0.414,0,"4","OXR1"
0,1.39171201025864,0.78,0.265,0,"4","SLC2A13"
0,3.80307597470819,0.553,0.039,0,"4","COL5A2"
0,1.15979031637837,0.898,0.384,0,"4","GRIA4"
0,1.41092094551272,0.798,0.285,0,"4","GRIA3"
0,1.36947212529676,0.798,0.285,0,"4","MKL2"
0,1.08206195335189,0.858,0.346,0,"4","CADPS"
0,1.75505468847893,0.661,0.15,0,"4","CBLN2"
0,1.39532598268501,0.941,0.431,0,"4","RGS7"
0,1.14412513147894,0.957,0.447,0,"4","FGF12"
0,1.19890286280183,0.825,0.316,0,"4","MYT1L"
0,1.89712931503425,0.667,0.16,0,"4","AC011287.1"
0,1.1038536813538,0.814,0.309,0,"4","FAM19A2"
0,1.36287579624464,0.867,0.364,0,"4","PLEKHA5"
0,1.54553754268122,0.719,0.216,0,"4","CABP1"
0,1.23259463218761,0.763,0.26,0,"4","ASIC2"
0,1.34004993695231,0.744,0.242,0,"4","NRG1"
0,1.11062584571285,0.828,0.326,0,"4","NECAB1"
0,1.29461078272487,0.755,0.255,0,"4","SORBS2"
0,1.58387329317989,0.635,0.136,0,"4","LAMA2"
0,1.07195427346971,0.829,0.33,0,"4","ERC2"
0,0.702730956897776,0.852,0.354,0,"4","KCND2"
0,0.562720344833655,0.9,0.403,0,"4","DSCAM"
0,1.56309667358783,0.705,0.209,0,"4","CAMK2A"
0,1.30439327147005,0.746,0.25,0,"4","PTPRT"
0,1.20410010155277,0.822,0.329,0,"4","ARHGAP26"
0,1.03453760028419,0.82,0.328,0,"4","GABRB2"
0,1.32337963782293,0.715,0.224,0,"4","MED12L"
0,1.17632633960724,0.929,0.439,0,"4","PHACTR1"
0,0.853900100464469,0.882,0.392,0,"4","SLC8A1"
0,0.978697811586492,0.811,0.322,0,"4","CNTNAP5"
0,0.907791635633858,0.897,0.409,0,"4","CSMD3"
0,1.19505896533262,0.775,0.287,0,"4","GRIN2B"
0,1.20062451038711,0.798,0.311,0,"4","RFX3"
0,1.48252662965999,0.686,0.2,0,"4","CDH8"
0,1.40241864528003,0.728,0.246,0,"4","FOCAD"
0,1.25145161569606,0.747,0.267,0,"4","PAK3"
0,1.40415690392184,0.708,0.228,0,"4","SH3GL2"
0,1.06397448115096,0.947,0.467,0,"4","MEF2C"
0,1.21976381323136,0.986,0.507,0,"4","OPCML"
0,1.1353246500991,0.809,0.331,0,"4","MSRA"
0,1.1271953562021,0.768,0.29,0,"4","ATP8A2"
0,1.87941200044819,0.62,0.142,0,"4","NDST3"
0,1.08745579030414,0.785,0.31,0,"4","CAMK1D"
0,2.12781525308333,0.564,0.09,0,"4","NTNG1"
0,1.26618356340111,0.723,0.249,0,"4","GABBR2"
0,1.52349615116464,0.664,0.191,0,"4","EPHA4"
0,1.13150742035297,0.627,0.154,0,"4","GLIS3"
0,0.974406208917638,0.83,0.357,0,"4","ATP2B1"
0,1.38734781266492,0.969,0.496,0,"4","PLCB1"
0,0.962263192192739,0.861,0.389,0,"4","MAP2"
0,0.99934865300129,0.792,0.321,0,"4","KHDRBS3"
0,1.17294659881806,0.731,0.26,0,"4","MCTP1"
0,1.22872198256346,0.729,0.258,0,"4","PTPRN2"
0,1.08530763676111,0.98,0.509,0,"4","FGF14"
0,1.67329742405186,0.646,0.176,0,"4","CIT"
0,1.31556640534233,0.715,0.246,0,"4","CERS6"
0,1.08565405632711,0.964,0.495,0,"4","FRMD4A"
0,1.0658023732054,0.786,0.318,0,"4","RASAL2"
0,1.00361643666495,0.754,0.286,0,"4","CHSY3"
0,1.05870355528594,0.767,0.299,0,"4","DGKI"
0,1.53827974165899,0.639,0.172,0,"4","CNTN3"
0,1.91489157255735,0.586,0.121,0,"4","TESPA1"
0,1.29008721476359,0.98,0.516,0,"4","NEGR1"
0,1.38106160472853,0.685,0.222,0,"4","KIAA1549L"
0,1.3803993338003,0.665,0.202,0,"4","SATB2"
0,0.748787883916583,0.685,0.224,0,"4","GALNTL6"
0,0.83322758223068,0.834,0.373,0,"4","CACNB2"
0,0.533010223812873,0.882,0.422,0,"4","MDGA2"
0,1.17837600697458,0.972,0.513,0,"4","CELF2"
0,1.10510230332482,0.754,0.297,0,"4","AFF3"
0,1.21827564339544,0.981,0.524,0,"4","DLGAP1"
0,3.12060909147139,0.513,0.057,0,"4","LINC02055"
0,1.08831267834957,0.736,0.28,0,"4","SCN2A"
0,1.35940833351097,0.671,0.219,0,"4","SLC35F3"
0,0.920958900048779,0.909,0.457,0,"4","CHN1"
0,2.00640853876499,0.592,0.14,0,"4","AL117329.1"
0,0.993684928365417,0.749,0.3,0,"4","BASP1"
0,1.0692349575125,0.734,0.285,0,"4","MAST4"
0,0.430696151798397,0.816,0.367,0,"4","GRIK2"
0,0.9047193374841,0.728,0.279,0,"4","ZFPM2"
0,0.958333433251424,0.763,0.315,0,"4","DYNC1I1"
0,0.885533118429902,0.886,0.438,0,"4","NBEA"
0,0.819151336753286,0.726,0.278,0,"4","SGCD"
0,0.988729280966706,0.742,0.295,0,"4","FBXW7"
0,1.90656584975127,0.579,0.132,0,"4","LINC01250"
0,1.51282422852784,0.987,0.54,0,"4","LRRTM4"
0,2.34557924553665,0.531,0.085,0,"4","GULP1"
0,0.950677913468797,0.834,0.388,0,"4","SYNE1"
0,0.875524170181926,0.739,0.294,0,"4","CHL1"
0,0.958669131159823,0.753,0.308,0,"4","RIMS1"
0,1.03563637531186,0.71,0.265,0,"4","SCN1A"
0,1.36519227816545,0.654,0.21,0,"4","KSR2"
0,1.15294458952074,0.696,0.252,0,"4","UNC80"
0,0.898169902958919,0.773,0.331,0,"4","NTRK3"
0,0.928383061360224,0.64,0.199,0,"4","SLIT2"
0,1.30021577261331,0.616,0.175,0,"4","GPC6"
0,0.83027275635169,0.845,0.404,0,"4","KCNMA1"
0,1.15392809200398,0.699,0.258,0,"4","TMEM132B"
0,0.588340317889051,0.82,0.38,0,"4","ROBO2"
0,2.0286831010854,0.553,0.114,0,"4","LINC01378"
0,1.08903887911069,0.684,0.245,0,"4","GALNT17"
0,0.921236681086053,0.866,0.427,0,"4","SMYD3"
0,0.708728609960491,0.868,0.429,0,"4","SNAP25"
0,0.774257513900163,0.774,0.336,0,"4","PTPRG"
0,0.960670461619085,0.757,0.32,0,"4","UNC79"
0,1.06858138122517,0.719,0.282,0,"4","SPTBN4"
0,1.15504436601504,0.994,0.559,0,"4","SYT1"
0,0.892729984216182,0.713,0.279,0,"4","SYN2"
0,1.05584349266688,0.715,0.281,0,"4","SNAP91"
0,0.749628485676528,0.805,0.372,0,"4","GABRB1"
0,1.09983609403226,0.672,0.239,0,"4","ARL15"
0,1.80698937234368,0.571,0.138,0,"4","KIAA1211L"
0,0.94639381115574,0.928,0.496,0,"4","GRIA2"
0,1.11553087492354,0.682,0.251,0,"4","TMEM232"
0,0.611779287816232,0.892,0.461,0,"4","LRRC4C"
0,1.30075355331273,0.613,0.183,0,"4","ENC1"
0,1.02152780781909,0.736,0.306,0,"4","LINC00632"
0,0.949911790874018,0.717,0.287,0,"4","NRGN"
0,1.28610249262691,0.647,0.218,0,"4","SCN8A"
0,1.47692058955892,0.596,0.168,0,"4","GAP43"
0,0.814516292884125,0.846,0.42,0,"4","SIPA1L1"
0,0.717409491520272,0.741,0.316,0,"4","PCLO"
0,0.5647611898645,0.879,0.454,0,"4","DPP6"
0,0.518274900097173,0.73,0.305,0,"4","CNTN5"
0,1.35125824413848,0.604,0.179,0,"4","KCTD1"
0,1.39769759264768,0.994,0.57,0,"4","CSMD1"
0,0.641661197690864,0.747,0.324,0,"4","DAB1"
0,0.849914420109255,0.765,0.342,0,"4","ARHGAP32"
0,1.16791320257012,0.635,0.213,0,"4","LMO4"
0,0.770040790648157,0.914,0.492,0,"4","PPP3CA"
0,2.12144823760836,0.529,0.108,0,"4","ANO3"
0,2.10278759495887,0.524,0.104,0,"4","AC019211.1"
0,0.99052332086232,0.642,0.222,0,"4","SORCS1"
0,0.788812585603054,0.863,0.444,0,"4","AHI1"
0,0.760125643388625,0.777,0.359,0,"4","TRIO"
0,1.01546544994692,0.679,0.261,0,"4","STRBP"
0,1.01676453656251,0.653,0.236,0,"4","NR3C2"
0,0.989854999132096,0.687,0.27,0,"4","GRIN1"
0,1.03382387392485,0.653,0.236,0,"4","EPB41L3"
0,0.823665189604625,0.755,0.338,0,"4","RAPGEF2"
0,1.14419412078145,0.988,0.572,0,"4","FAM155A"
0,1.03558247007263,0.713,0.297,0,"4","PDZD2"
0,1.95309000108015,0.532,0.117,0,"4","LY86-AS1"
0,1.65688161806526,0.554,0.139,0,"4","PTK2B"
0,0.897851839494222,0.677,0.262,0,"4","FRY"
0,0.686599172048626,0.793,0.378,0,"4","RTN1"
0,0.736482075817349,0.937,0.523,0,"4","LRRC7"
0,1.06525235106061,0.653,0.239,0,"4","PPM1L"
0,0.63109746343131,0.87,0.456,0,"4","CNTN1"
0,1.41103463251205,0.578,0.165,0,"4","FAM13A"
0,1.16995914265483,0.635,0.223,0,"4","ADAM23"
0,1.2303335279781,0.972,0.56,0,"4","PDE4D"
0,0.866005602583818,0.927,0.516,0,"4","MAPK10"
0,0.818047151572551,0.703,0.292,0,"4","KCNQ3"
0,0.522653845336141,0.863,0.452,0,"4","MACROD2"
0,1.05408840332378,0.659,0.249,0,"4","ATP2B2"
0,1.94327339454824,0.514,0.104,0,"4","KCNH5"
0,1.55618708029672,0.995,0.585,0,"4","RBFOX1"
0,1.00089253497767,0.644,0.235,0,"4","CDH10"
0,0.461940924834968,0.831,0.424,0,"4","NRCAM"
0,1.2479947519528,0.61,0.204,0,"4","AC092683.1"
0,0.617630594125539,0.834,0.428,0,"4","CACNA2D1"
0,1.32078855980467,0.58,0.175,0,"4","PARP8"
0,1.62241203501679,0.555,0.151,0,"4","MIR137HG"
0,0.662984770291318,0.786,0.382,0,"4","TANC2"
0,0.920589335846611,0.665,0.262,0,"4","DNM1"
0,1.23767904811457,0.597,0.194,0,"4","POU6F2"
0,1.19863761458627,0.593,0.19,0,"4","SV2B"
0,0.997872660126868,0.65,0.248,0,"4","OSBPL6"
0,1.16083853592322,0.603,0.201,0,"4","PCSK2"
0,0.858266474916526,0.678,0.277,0,"4","CDK14"
0,2.3182229963957,0.491,0.09,0,"4","RIT2"
0,1.19603263616531,0.604,0.204,0,"4","GABRG2"
0,0.794031804324124,0.902,0.502,0,"4","PTPRK"
0,0.653211887870773,0.788,0.388,0,"4","MYCBP2"
0,0.894679251186641,0.658,0.259,0,"4","VSNL1"
0,0.873990121364127,0.667,0.268,0,"4","XKR6"
0,1.66752375515898,0.524,0.125,0,"4","AC120193.1"
0,1.70240098536005,0.544,0.145,0,"4","TRHDE"
0,1.03929222114463,0.62,0.223,0,"4","GUCY1A2"
0,1.63322056356224,0.543,0.146,0,"4","MIAT"
0,1.51833030884051,0.547,0.151,0,"4","ANKRD30BL"
0,0.773518929209636,0.684,0.289,0,"4","MLLT3"
0,0.893872545712835,0.617,0.222,0,"4","CARMIL1"
0,0.633949290255422,0.873,0.478,0,"4","PPFIA2"
0,1.34519499911934,0.573,0.178,0,"4","CAMK4"
0,0.765473293292326,0.709,0.314,0,"4","NSF"
0,0.614403457122601,0.824,0.43,0,"4","MAP1B"
0,0.844162864464109,0.622,0.23,0,"4","RCAN2"
0,1.11301789088692,0.588,0.196,0,"4","RORB"
0,0.578912247376016,0.721,0.329,0,"4","NLK"
0,0.715016493509546,0.696,0.305,0,"4","DANT2"
0,1.27100155463737,0.576,0.185,0,"4","RBFOX3"
0,0.474959095673534,0.776,0.386,0,"4","RAPGEF5"
0,0.981139688083258,0.629,0.24,0,"4","AEBP2"
0,0.465234458216103,0.755,0.367,0,"4","FMN2"
0,0.957329433978873,0.524,0.136,0,"4","SYNPR"
0,0.597306592744935,0.806,0.42,0,"4","TTC3"
0,0.575021728249828,0.952,0.566,0,"4","NAV3"
0,1.16500788021791,0.581,0.195,0,"4","NELL1"
0,2.15111230067789,0.476,0.091,0,"4","AC067956.1"
0,0.973958861409047,0.617,0.234,0,"4","NR2F1-AS1"
0,0.604668801623289,0.729,0.346,0,"4","STXBP5"
0,0.699111636221029,0.682,0.3,0,"4","CSRNP3"
0,1.77663158094205,0.998,0.616,0,"4","KCNIP4"
0,1.09757375130642,0.588,0.206,0,"4","OLFM1"
0,1.53694008897792,0.524,0.145,0,"4","HOMER1"
0,0.940196695333197,0.599,0.221,0,"4","KCNJ3"
0,0.651152324763383,0.674,0.298,0,"4","SPIDR"
0,0.452945181415904,0.818,0.442,0,"4","SAMD12"
0,1.06397862686876,0.554,0.179,0,"4","AQP4-AS1"
0,1.59175140548346,0.518,0.143,0,"4","MLIP"
0,0.525084031235928,0.615,0.24,0,"4","KCNC2"
0,0.469174142037516,0.775,0.4,0,"4","TRIM9"
0,0.502592080345074,0.788,0.414,0,"4","TSPAN5"
0,0.38247432240284,0.75,0.376,0,"4","AK5"
0,0.809341207111992,0.653,0.279,0,"4","UCHL1"
0,1.40673375560096,0.539,0.165,0,"4","FSTL4"
0,0.956638119125622,0.596,0.223,0,"4","SCN3A"
0,1.01924915008391,0.581,0.208,0,"4","ITPR1"
0,0.525168903131128,0.767,0.394,0,"4","FBXL17"
0,0.810175445995174,0.621,0.25,0,"4","RPS6KC1"
0,1.06696015399417,0.53,0.159,0,"4","CDH9"
0,0.89057412472454,0.591,0.22,0,"4","NEDD4L"
0,0.613333004064967,0.683,0.313,0,"4","BTBD9"
0,3.97190125672308,0.394,0.024,0,"4","LINC02296"
0,1.09438361667364,0.56,0.191,0,"4","GPR158"
0,0.29324856342993,0.819,0.45,0,"4","AC092691.1"
0,1.05074373743818,0.559,0.191,0,"4","NOL4"
0,1.34765882043329,0.53,0.162,0,"4","SYBU"
0,0.749018315755319,0.6,0.232,0,"4","GABRG3"
0,0.970994681269685,0.603,0.235,0,"4","SHISA9"
0,1.41683489417673,0.517,0.15,0,"4","CEP126"
0,0.96777358272762,0.576,0.21,0,"4","PCNX2"
0,0.377492838215849,0.76,0.394,0,"4","FOXP1"
0,1.78584509886857,0.48,0.114,0,"4","NIPAL2"
0,1.24526593394077,0.518,0.152,0,"4","PTPRO"
0,1.49688865682726,0.522,0.156,0,"4","JPH4"
0,1.0857725835643,0.55,0.185,0,"4","PPP2R2C"
0,1.16993443538352,0.544,0.179,0,"4","SRRM4"
0,0.799722592197709,0.55,0.185,0,"4","SEMA6D"
0,0.885619274719466,0.99,0.625,0,"4","NRXN1"
0,0.50037551533328,0.873,0.508,0,"4","UBE2E2"
0,0.970356610255335,0.991,0.627,0,"4","NRG3"
0,1.38263109462389,0.515,0.151,0,"4","MEG8"
0,0.576014685138714,0.88,0.518,0,"4","JMJD1C"
0,0.526095074258774,0.723,0.361,0,"4","GPATCH8"
0,0.724980229538541,0.905,0.544,0,"4","AC016831.7"
0,0.760787184890942,0.597,0.236,0,"4","ZEB1"
0,0.510164402120204,0.711,0.35,0,"4","HERC1"
0,0.698064742510906,0.578,0.218,0,"4","RASGRF2"
0,1.00967921304587,0.558,0.199,0,"4","HSPA12A"
0,1.1702218008839,0.537,0.178,0,"4","SYT16"
0,1.5000224631694,0.488,0.129,0,"4","BRINP2"
0,1.6395550701171,0.479,0.12,0,"4","KCNH1"
0,0.771821884932338,0.614,0.255,0,"4","SYP"
0,0.672346615007228,0.671,0.313,0,"4","CAMK2N1"
0,0.599926481163232,0.64,0.283,0,"4","PRKCE"
0,0.54768211782741,0.674,0.317,0,"4","TTTY14"
0,0.295971755306996,0.764,0.408,0,"4","PCDH7"
0,0.250457098571915,0.804,0.448,0,"4","NTRK2"
0,0.693152861886001,0.601,0.245,0,"4","MYRIP"
0,1.0933708337976,0.993,0.637,0,"4","CNTNAP2"
0,0.415492014769893,0.771,0.416,0,"4","PDE4DIP"
0,0.582377598196673,0.635,0.28,0,"4","NR3C1"
0,1.14137666884881,0.502,0.147,0,"4","ZNF804B"
0,0.647605817510514,0.633,0.278,0,"4","GDAP1"
0,1.26257750002823,0.529,0.175,0,"4","CHD5"
0,0.727742128341196,0.55,0.196,0,"4","LHFPL6"
0,0.535239544825733,0.657,0.303,0,"4","LARGE1"
0,1.31125895334744,0.509,0.156,0,"4","SRRM3"
0,1.1486008767333,0.53,0.178,0,"4","FP700111.1"
0,0.361741617251145,0.883,0.532,0,"4","DMD"
0,0.710772968793806,0.6,0.249,0,"4","PI4KA"
0,1.01157097878774,0.535,0.185,0,"4","WASF1"
0,1.15754814372351,0.524,0.174,0,"4","PRICKLE1"
0,0.770579542449966,0.584,0.234,0,"4","STXBP1"
0,0.842540322554047,0.56,0.211,0,"4","NCALD"
0,0.929126079234496,0.535,0.186,0,"4","SLC44A5"
0,0.537235898889395,0.619,0.27,0,"4","CELF4"
0,1.55339554378571,0.478,0.13,0,"4","BASP1-AS1"
0,0.897036105434379,0.559,0.212,0,"4","ADAM22"
0,0.986992733976901,0.547,0.2,0,"4","SLC17A7"
0,1.34431543407215,0.483,0.136,0,"4","CPNE4"
0,0.629779716100306,0.595,0.248,0,"4","INPP4B"
0,1.53999805228955,0.475,0.128,0,"4","CACNG3"
0,1.05493651823521,0.532,0.186,0,"4","NMNAT2"
0,1.04006786645443,0.538,0.192,0,"4","AMPH"
0,1.09415708158934,0.535,0.189,0,"4","VPS13A"
0,0.320718726384099,0.767,0.422,0,"4","RABGAP1L"
0,0.796239444436525,0.597,0.252,0,"4","LINC00513"
0,0.296274235205425,0.788,0.444,0,"4","MAGI1"
0,0.546176951323443,0.581,0.237,0,"4","CDH13"
0,0.689572040245333,0.591,0.248,0,"4","GLS"
0,0.421944369252918,0.594,0.251,0,"4","MGAT4C"
0,0.677300138611069,0.597,0.254,0,"4","MNAT1"
0,1.01749972314246,0.524,0.182,0,"4","SCAI"
0,0.679547014197231,0.542,0.201,0,"4","EVI5"
0,0.433975946896546,0.651,0.31,0,"4","PIK3R1"
0,0.391830540390047,0.665,0.324,0,"4","TSC22D1"
0,1.11334878108728,0.503,0.162,0,"4","CACNA1E"
0,0.482150371895074,0.589,0.248,0,"4","BRINP3"
0,0.669566971460944,0.551,0.211,0,"4","CLSTN2"
0,0.574884772004684,0.549,0.209,0,"4","MAP3K5"
0,0.745007902624995,0.547,0.208,0,"4","PDZRN3"
0,0.288256465968961,0.776,0.437,0,"4","RTN3"
0,0.924695750279065,0.528,0.189,0,"4","PAK1"
0,0.567580885458329,0.603,0.264,0,"4","LINC00882"
0,0.759751635985025,0.559,0.221,0,"4","SETBP1"
0,0.441718641350649,0.599,0.261,0,"4","LDLRAD4"
0,0.650478944476396,0.579,0.242,0,"4","RAPGEF4"
0,0.825550993006668,0.543,0.207,0,"4","NIN"
0,0.324602769736885,0.622,0.286,0,"4","EPB41L2"
0,1.37690365449353,0.464,0.128,0,"4","FAM135B"
0,0.336271404120022,0.72,0.384,0,"4","PBX1"
0,0.418950404976018,0.612,0.276,0,"4","GRIA1"
0,0.928593342940569,0.519,0.184,0,"4","CTDSPL"
0,0.286992965660926,0.827,0.492,0,"4","TNRC6A"
0,0.844293819655683,0.543,0.209,0,"4","PPM1E"
0,0.314248994959664,0.783,0.449,0,"4","EIF4G3"
0,0.761978716048632,0.536,0.202,0,"4","MCF2L2"
0,0.873422956924892,0.577,0.243,0,"4","DCC"
0,0.788121804389543,0.545,0.212,0,"4","USP9Y"
0,0.760186798333275,0.534,0.201,0,"4","LINC01122"
0,0.326176988016134,0.796,0.463,0,"4","MBD5"
0,0.392403552480988,0.852,0.519,0,"4","AKT3"
0,1.14264247234691,0.497,0.164,0,"4","SHANK2"
0,0.760492225678277,0.542,0.21,0,"4","BRINP1"
0,0.456176505213831,0.636,0.304,0,"4","EHBP1"
0,1.29236269538157,0.461,0.129,0,"4","SNED1"
0,0.385079011237171,0.658,0.327,0,"4","AAK1"
0,0.352438951580642,0.645,0.314,0,"4","GTDC1"
0,0.696498853837347,0.561,0.231,0,"4","SLC25A12"
0,0.801175009207626,0.54,0.21,0,"4","CCPG1"
0,0.414364441558763,0.89,0.56,0,"4","DOCK3"
0,0.808944802457472,0.54,0.211,0,"4","ROCK2"
0,1.02095343317577,0.503,0.174,0,"4","GABRA1"
0,0.432865357701976,0.662,0.333,0,"4","MPHOSPH8"
0,1.06571297514277,0.5,0.171,0,"4","WDR17"
0,0.965408770537723,0.506,0.178,0,"4","CDKL5"
0,1.32765651984022,0.455,0.127,0,"4","ANO5"
0,0.51470495608584,0.587,0.259,0,"4","PPP1R12A"
0,2.76489568910232,0.367,0.04,0,"4","AC008574.1"
0,0.9182478547374,0.501,0.174,0,"4","ZMAT4"
0,1.09063704088314,0.493,0.166,0,"4","MYH10"
0,0.891113224003948,0.507,0.181,0,"4","CACNA1D"
0,0.328444062429144,0.661,0.336,0,"4","PREPL"
0,0.329344982873939,0.778,0.453,0,"4","CALM1"
0,1.56497169620266,0.436,0.112,0,"4","FRAS1"
0,0.257798850469946,0.945,0.621,0,"4","NKAIN2"
0,1.148524443414,0.48,0.156,0,"4","AP001825.1"
0,0.785060313173644,0.464,0.142,0,"4","PDE7B"
0,0.911606643502636,0.493,0.171,0,"4","DCAF6"
0,0.41621180259477,0.595,0.273,0,"4","ACACA"
0,0.907558076428559,0.507,0.186,0,"4","EML6"
0,1.08972621217545,0.475,0.154,0,"4","PDE10A"
0,2.14128882755558,0.394,0.074,0,"4","AC073365.1"
0,1.02489825401014,0.493,0.173,0,"4","PRKAR1B"
0,0.509929717672216,0.617,0.297,0,"4","TUBA1B"
0,0.54590266681967,0.568,0.248,0,"4","SERPINI1"
0,0.514263145496199,0.543,0.224,0,"4","CCK"
0,0.401498667894721,0.583,0.264,0,"4","AC073050.1"
0,0.862804598447227,0.986,0.667,0,"4","NRXN3"
0,0.523994154983119,0.614,0.297,0,"4","IDS"
0,1.1469400241788,0.461,0.145,0,"4","ADCY1"
0,0.756720831446912,0.493,0.178,0,"4","ARHGEF3"
0,0.275197819641978,0.653,0.338,0,"4","MYO5A"
0,0.26709036352308,0.692,0.377,0,"4","ANKRD17"
0,0.870500632232741,0.485,0.17,0,"4","DAPK1"
0,0.772749304418695,0.498,0.184,0,"4","CSMD2"
0,0.636692541447179,0.507,0.193,0,"4","DIAPH2"
0,1.48239398781513,0.427,0.113,0,"4","ACTN1"
0,1.90301873401743,0.394,0.081,0,"4","PKN2-AS1"
0,0.733441363132836,0.514,0.201,0,"4","ST7"
0,0.584938976607237,0.511,0.199,0,"4","PAM"
0,0.401266200129829,0.616,0.304,0,"4","RBFOX2"
0,0.647825883136131,0.527,0.216,0,"4","FARS2"
0,0.608523979722057,0.531,0.22,0,"4","R3HDM2"
0,1.28407527623826,0.448,0.137,0,"4","HTR1E"
0,0.400462641576333,0.611,0.3,0,"4","AC124312.1"
0,0.341637970364008,0.607,0.296,0,"4","MYO9A"
0,0.714354381074035,0.519,0.209,0,"4","ASTN1"
0,0.639717277025954,0.536,0.226,0,"4","SPTAN1"
0,0.743003492249783,0.501,0.191,0,"4","SLC39A10"
0,1.35288202974854,0.439,0.129,0,"4","KCNJ6"
0,0.505093596745032,0.565,0.255,0,"4","DENND5B"
0,0.738236386006316,0.482,0.173,0,"4","KLF12"
0,0.992033532453652,0.506,0.197,0,"4","SNAP25-AS1"
0,1.00143064633931,0.474,0.165,0,"4","STMN2"
0,1.02430602687501,0.454,0.146,0,"4","GALNT18"
0,0.887132282914087,0.483,0.175,0,"4","ATP6V1H"
0,0.325480733770447,0.583,0.275,0,"4","DTNB"
0,1.44068255238281,0.418,0.111,0,"4","AC007563.2"
0,1.1614842778026,0.441,0.134,0,"4","PRKAG2"
0,1.2458273597841,0.428,0.121,0,"4","CPNE8"
0,0.617591878409836,0.509,0.202,0,"4","TLN2"
0,1.04354953172035,0.455,0.149,0,"4","CCDC85A"
0,0.472067831426998,0.555,0.249,0,"4","LINC00461"
0,0.399352858936082,0.524,0.218,0,"4","CUX1"
0,0.412565143235744,0.556,0.251,0,"4","JAZF1"
0,0.452153829337245,0.562,0.257,0,"4","ARHGEF12"
0,0.399915645834009,0.554,0.249,0,"4","ARID5B"
0,0.626712415904752,0.522,0.218,0,"4","SYT14"
0,0.72437352877793,0.516,0.212,0,"4","CAMK2B"
0,1.15101445362241,0.445,0.141,0,"4","PRKAR2B"
0,0.817934243637587,0.488,0.184,0,"4","ZFYVE28"
0,0.27692623869947,0.619,0.315,0,"4","SCAPER"
0,0.970671634074949,0.467,0.164,0,"4","BMPER"
0,1.07055451693101,0.459,0.156,0,"4","RUNDC3B"
0,0.874184241287269,0.475,0.172,0,"4","ICA1L"
0,1.02338459586932,0.46,0.158,0,"4","ELAVL4"
0,0.662002170598857,0.516,0.214,0,"4","TFDP2"
0,0.280897542124634,0.591,0.289,0,"4","ASAP1"
0,0.92446814525112,0.978,0.677,0,"4","ANKS1B"
0,0.923304670420185,0.469,0.168,0,"4","PAK5"
0,0.620219413504268,0.511,0.211,0,"4","LMO3"
0,0.258226991629982,0.917,0.618,0,"4","ADGRL3"
0,0.523476749565776,0.532,0.233,0,"4","CELF1"
0,0.516223076332811,0.537,0.239,0,"4","BMPR2"
0,0.311111519589685,0.888,0.59,0,"4","GPHN"
0,0.738630600502499,0.479,0.181,0,"4","DZIP3"
0,0.687448650126823,0.482,0.184,0,"4","TIAM2"
0,0.345496718379887,0.94,0.643,0,"4","CTNND2"
0,1.16183173321564,0.441,0.145,0,"4","CELF5"
0,1.14634609815994,0.436,0.14,0,"4","NEFL"
0,0.670903752209025,0.487,0.191,0,"4","EXOC6"
0,0.28993948453496,0.577,0.281,0,"4","MPDZ"
0,0.589912177649843,0.527,0.232,0,"4","PWAR6"
0,1.76105306015766,0.38,0.085,0,"4","STAT4"
0,0.745875750171312,0.479,0.184,0,"4","TMEM59L"
0,0.553227435689463,0.938,0.643,0,"4","FTX"
0,0.417482133837604,0.532,0.238,0,"4","MAN1A2"
0,0.434131494085437,0.552,0.258,0,"4","ENO2"
0,0.285651055546205,0.576,0.282,0,"4","SOBP"
0,0.921062849699619,0.44,0.147,0,"4","MTA3"
0,0.855451744027884,0.462,0.169,0,"4","KIAA0825"
0,0.402296364455004,0.519,0.226,0,"4","SORL1"
0,0.305784814054141,0.566,0.273,0,"4","SUPT3H"
0,0.453290565486766,0.536,0.244,0,"4","SRGAP3"
0,0.362121347584398,0.547,0.255,0,"4","TTC14"
0,0.499514579986002,0.518,0.226,0,"4","MICU1"
0,1.06876060360207,0.431,0.139,0,"4","FBXL2"
0,1.49406001424564,0.385,0.094,0,"4","VSTM2A"
0,2.16023680812415,0.348,0.057,0,"4","SLC38A11"
0,0.717128524188981,0.475,0.184,0,"4","ABCA5"
0,0.380616443621545,0.552,0.262,0,"4","SMARCA2"
0,1.04689296635607,0.442,0.152,0,"4","KCNB1"
0,0.760678408789451,0.475,0.185,0,"4","PKD1"
0,0.95212337679764,0.448,0.159,0,"4","LINC00599"
0,0.439688923249377,0.519,0.23,0,"4","MAP2K5"
0,1.2014139586401,0.41,0.121,0,"4","FBXO34"
0,0.412286502328836,0.523,0.235,0,"4","COP1"
0,0.43012744760873,0.532,0.244,0,"4","HECTD4"
0,0.261561212677879,0.549,0.261,0,"4","MICAL3"
0,1.22617035980969,0.41,0.122,0,"4","ABLIM2"
0,0.30027865626918,0.569,0.282,0,"4","WDR7"
0,1.589763991749,0.381,0.095,0,"4","NWD2"
0,0.35893922202322,0.521,0.236,0,"4","SNCA"
0,0.32379735560788,0.56,0.275,0,"4","CDH2"
0,0.995624258820231,0.424,0.139,0,"4","GRM1"
0,1.10703733410343,0.429,0.145,0,"4","STXBP5-AS1"
0,1.19611765790608,0.417,0.133,0,"4","WNK2"
0,0.575896265160356,0.482,0.198,0,"4","AC098850.3"
0,0.2870415853965,0.535,0.253,0,"4","KIF5C"
0,0.376528674043343,0.519,0.238,0,"4","RUNX1T1"
0,0.944176052078103,0.439,0.158,0,"4","FRRS1L"
0,0.495604440546251,0.506,0.225,0,"4","ANKRD26"
0,0.567561517334188,0.46,0.179,0,"4","TMEM117"
0,1.0633559367465,0.421,0.14,0,"4","RAP1GAP2"
0,0.880382263614142,0.437,0.157,0,"4","TARBP1"
0,0.780639737066066,0.443,0.163,0,"4","LRRFIP1"
0,0.363974269404799,0.519,0.239,0,"4","UGGT2"
0,0.712633994856162,0.476,0.196,0,"4","NPTN"
0,0.408122501890888,0.516,0.237,0,"4","ABI2"
0,0.25992532824597,0.542,0.263,0,"4","IGF1R"
0,0.362470503944828,0.53,0.252,0,"4","ADK"
0,0.490294638460098,0.5,0.222,0,"4","EVL"
0,2.22490296632401,0.331,0.053,0,"4","CDH22"
0,0.414116622090142,0.511,0.234,0,"4","NAP1L1"
0,1.76565673358573,0.359,0.082,0,"4","AC024901.1"
0,2.51331845775414,0.325,0.049,0,"4","ZBBX"
0,1.54894181412022,0.37,0.094,0,"4","LNX1"
0,0.261934668013145,0.51,0.234,0,"4","CAMK2D"
0,0.333509203526859,0.518,0.243,0,"4","MAPK8"
0,0.466295639530844,0.478,0.203,0,"4","SPATS2L"
0,0.750532957749195,0.436,0.162,0,"4","NME7"
0,0.936038526530509,0.423,0.149,0,"4","AC007388.1"
0,0.359988295094787,0.509,0.235,0,"4","HDAC8"
0,0.793005191960059,0.445,0.171,0,"4","ARHGAP44"
0,0.55160777549314,0.477,0.203,0,"4","C2CD5"
0,0.749489912828504,0.447,0.174,0,"4","PHYHIP"
0,0.851487326415575,0.419,0.147,0,"4","PLCL2"
0,0.879734205948594,0.399,0.127,0,"4","NECTIN3"
0,0.462307733522265,0.484,0.212,0,"4","OSBPL8"
0,1.35145051867939,0.369,0.098,0,"4","MIR2052HG"
0,0.373634869931114,0.486,0.215,0,"4","PLEKHA1"
0,0.598854632411683,0.46,0.189,0,"4","YWHAH"
0,0.35259335558264,0.484,0.214,0,"4","RGL1"
0,0.794024564406371,0.432,0.162,0,"4","MARK1"
0,0.700205744977266,0.437,0.167,0,"4","GABRA2"
0,1.07423455528884,0.399,0.129,0,"4","PLXNA4"
0,0.379044774280074,0.516,0.246,0,"4","GDI1"
0,0.610454912035044,0.443,0.173,0,"4","AC090568.2"
0,1.1959738983144,0.392,0.122,0,"4","C11orf80"
0,0.545709389149766,0.476,0.206,0,"4","THY1"
0,0.645641754597787,0.456,0.187,0,"4","MAGI3"
0,0.87947263366181,0.41,0.141,0,"4","NISCH"
0,0.258744886952676,0.526,0.257,0,"4","MLLT10"
0,0.768290705576572,0.431,0.163,0,"4","INPP4A"
0,1.27478079328611,0.38,0.112,0,"4","UNC13A"
0,0.608101243192544,0.46,0.193,0,"4","KIFAP3"
0,0.33030550470822,0.516,0.249,0,"4","NCKAP1"
0,1.9053835066481,0.331,0.065,0,"4","COL26A1"
0,0.406797282871682,0.468,0.202,0,"4","ATP9B"
0,0.387688652047032,0.489,0.224,0,"4","MEF2C-AS1"
0,0.254051244375148,0.524,0.259,0,"4","ARNT2"
0,1.23188847768835,0.374,0.11,0,"4","NGEF"
0,0.743614852823466,0.435,0.171,0,"4","DGKZ"
0,2.02045395259012,0.319,0.055,0,"4","LINC01197"
0,0.820372243816793,0.419,0.156,0,"4","CAP2"
0,0.843365936178848,0.416,0.154,0,"4","LONRF2"
0,1.31419562100292,0.365,0.103,0,"4","SYNPO2"
0,0.38355440121427,0.469,0.207,0,"4","YWHAZ"
0,0.569965229527951,0.462,0.2,0,"4","TENM4"
0,0.698627616452854,0.42,0.158,0,"4","USP25"
0,0.749151210985868,0.413,0.152,0,"4","ARMC9"
0,0.750343006058758,0.426,0.165,0,"4","SEPT11"
0,0.999606152417615,0.397,0.136,0,"4","MICAL2"
0,1.01921298902193,0.389,0.128,0,"4","PKNOX2"
0,1.0369710671512,0.38,0.119,0,"4","SPATS2"
0,1.54668537713927,0.336,0.075,0,"4","PPP4R4"
0,1.07069969276369,0.394,0.133,0,"4","KCNQ2"
0,0.941363621297186,0.389,0.129,0,"4","CREG2"
0,0.715148205060582,0.43,0.17,0,"4","FZD3"
0,0.342637692344455,0.502,0.242,0,"4","CALM3"
0,0.280265566800801,0.498,0.239,0,"4","ATP2C1"
0,0.913603823513486,0.389,0.13,0,"4","LRRC28"
0,1.48479329452467,0.334,0.075,0,"4","LRRK1"
0,0.998609440414505,0.389,0.131,0,"4","CCDC3"
0,0.43401961107145,0.456,0.198,0,"4","FBXL20"
0,0.407634534838836,0.47,0.213,0,"4","PTPN4"
0,0.434841753587821,0.467,0.21,0,"4","MAP3K13"
0,0.280558936187179,0.507,0.25,0,"4","TBCK"
0,0.443562265133943,0.469,0.212,0,"4","WDR60"
0,0.753347355715905,0.405,0.149,0,"4","LARP1B"
0,0.416515733961985,0.461,0.205,0,"4","CPLANE1"
0,1.52845168842887,0.346,0.09,0,"4","FAM153C"
0,1.08121381041729,0.365,0.109,0,"4","TRERF1"
0,0.298602815927055,0.474,0.218,0,"4","SESN1"
0,0.263092715224455,0.408,0.152,0,"4","XYLT1"
0,0.383188769622277,0.461,0.206,0,"4","NBAS"
0,0.83209334066941,0.4,0.145,0,"4","GFOD1"
0,1.1477555983107,0.37,0.115,0,"4","KIFC2"
0,1.25114997892812,0.357,0.102,0,"4","RPH3A"
0,0.88734170283801,0.388,0.133,0,"4","ADCY9"
0,0.32797053745079,0.474,0.22,0,"4","GLCCI1"
0,1.20942329758795,0.364,0.11,0,"4","ICA1"
0,0.29976455598436,0.483,0.229,0,"4","RABGAP1"
0,1.02702962157357,0.367,0.113,0,"4","GOLGA8B"
0,0.592389735155912,0.431,0.177,0,"4","ZNF91"
0,0.292419019876703,0.926,0.672,0,"4","MT-CO1"
0,0.782266838620333,0.41,0.157,0,"4","PRICKLE2"
0,0.335384712962961,0.468,0.215,0,"4","TTBK2"
0,0.571624932735745,0.405,0.152,0,"4","SPECC1"
0,0.399343408729202,0.447,0.195,0,"4","APBA1"
0,0.358593596176133,0.442,0.19,0,"4","PPFIBP1"
0,0.554082690453934,0.422,0.17,0,"4","NUAK1"
0,0.293878799721703,0.473,0.222,0,"4","BABAM2"
0,0.458785473217764,0.427,0.176,0,"4","ZNF721"
0,1.46138477944644,0.337,0.086,0,"4","EPB41L4B"
0,0.723648541408863,0.403,0.152,0,"4","CATSPER2"
0,1.83392594521428,0.316,0.066,0,"4","LRTM1"
0,0.51741418917666,0.433,0.184,0,"4","DYNC2H1"
0,0.38573535794802,0.447,0.198,0,"4","KAT6B"
0,1.10013308615063,0.367,0.118,0,"4","TTC39C"
0,1.35784151813685,0.346,0.097,0,"4","KLHL29"
0,0.354852617167655,0.465,0.217,0,"4","HIVEP3"
0,0.349226407473542,0.466,0.218,0,"4","ATP1A1"
0,2.30198533425471,0.296,0.049,0,"4","CFAP299"
0,0.91648573997532,0.376,0.129,0,"4","RAD9A"
0,0.51839316082279,0.425,0.178,0,"4","CMIP"
0,1.05795723677571,0.359,0.112,0,"4","FHOD3"
0,1.04357194708961,0.363,0.116,0,"4","CA11"
0,0.325448723107621,0.47,0.223,0,"4","ANKRD11"
0,1.00945957749855,0.358,0.112,0,"4","NELFA"
0,0.832010604874327,0.374,0.128,0,"4","ELAVL2"
0,0.557257326619569,0.422,0.176,0,"4","MOSMO"
0,0.998334771079211,0.327,0.082,0,"4","VLDLR-AS1"
0,0.539104970362082,0.413,0.168,0,"4","RNF150"
0,0.526499884767421,0.41,0.165,0,"4","TBRG1"
0,0.323138909662503,0.438,0.194,0,"4","NLGN4X"
0,0.924637911525323,0.36,0.116,0,"4","SYTL2"
0,1.10758896431175,0.361,0.118,0,"4","CLVS2"
0,0.293168678005158,0.447,0.205,0,"4","GARNL3"
0,0.980709857429566,0.369,0.127,0,"4","CACNB4"
0,0.90349038877012,0.374,0.132,0,"4","KIAA0319"
0,1.56417184615397,0.314,0.072,0,"4","WIPF3"
0,0.257159564593881,0.478,0.236,0,"4","PCSK1N"
0,0.953090991726877,0.371,0.129,0,"4","LIN7A"
0,1.26294770604607,0.339,0.098,0,"4","FAM81A"
0,0.879143624471919,0.381,0.14,0,"4","PTPRR"
0,0.302417159640366,0.444,0.204,0,"4","ACBD6"
0,0.600893119815902,0.398,0.158,0,"4","KIF9-AS1"
0,0.257258726796283,0.457,0.217,0,"4","ARPP19"
0,0.501877876409868,0.421,0.181,0,"4","FAM49A"
0,0.348448533254357,0.44,0.2,0,"4","KIF3A"
0,0.87833658426448,0.372,0.132,0,"4","CLSTN3"
0,0.289223805124065,0.444,0.205,0,"4","RNPC3"
0,0.830539155706082,0.376,0.137,0,"4","CCDC171"
0,0.48949669259724,0.418,0.179,0,"4","CLIP1"
0,0.496623667992812,0.418,0.179,0,"4","HYDIN"
0,1.25860231539693,0.341,0.103,0,"4","DNAH6"
0,0.426257465838025,0.406,0.168,0,"4","DDAH1"
0,0.641299376229594,0.398,0.16,0,"4","KCND3"
0,0.59332323127003,0.404,0.166,0,"4","NDRG4"
0,1.56305528969738,0.318,0.08,0,"4","PRB2"
0,0.285715160761281,0.432,0.194,0,"4","ATL1"
0,1.02648191876234,0.349,0.112,0,"4","PLXNA2"
0,1.8087191290908,0.301,0.064,0,"4","CFAP221"
0,0.431067705171793,0.421,0.184,0,"4","STAU2"
0,0.74752904395668,0.368,0.131,0,"4","TMTC1"
0,0.761268963330975,0.367,0.131,0,"4","NSG2"
0,0.614868304795309,0.386,0.151,0,"4","ODF2L"
0,0.393363667244861,0.403,0.168,0,"4","CAPS2"
0,0.358865298040889,0.422,0.187,0,"4","VEZT"
0,0.256940342361935,0.438,0.204,0,"4","C11orf49"
0,0.609895261904833,0.393,0.159,0,"4","NETO1"
0,0.314719619290801,0.423,0.189,0,"4","LYST"
0,0.963242832660353,0.352,0.118,0,"4","SLF1"
0,1.08098875747544,0.34,0.107,0,"4","SLC41A2"
0,1.16872825532389,0.334,0.101,0,"4","SUSD4"
0,0.433705031427154,0.394,0.161,0,"4","LINC01184"
0,0.260862059057014,0.449,0.216,0,"4","HIVEP2"
0,0.634417757488826,0.362,0.129,0,"4","ZRANB3"
0,0.764473981106193,0.365,0.132,0,"4","SLC16A7"
0,0.809023267954406,0.367,0.134,0,"4","MIPOL1"
0,1.27630845601783,0.309,0.077,0,"4","HOPX"
0,0.323506086525304,0.422,0.19,0,"4","APBA2"
0,0.987308947780316,0.348,0.116,0,"4","SGSM1"
0,0.574081193510768,0.366,0.134,0,"4","FAM19A5"
0,0.518091111990509,0.393,0.162,0,"4","SUGP2"
0,0.338953269959716,0.412,0.181,0,"4","PLEKHA6"
0,0.60616688991693,0.38,0.15,0,"4","HPRT1"
0,1.60067518661388,0.301,0.071,0,"4","TNFRSF25"
0,0.750659032248729,0.358,0.128,0,"4","ME1"
0,0.806030843996361,0.332,0.103,0,"4","BICC1"
0,0.353787969983356,0.405,0.176,0,"4","MKL1"
0,0.299106167430248,0.434,0.205,0,"4","RAB3GAP1"
0,1.6240308465952,0.297,0.068,0,"4","SLC6A7"
0,1.58637628904193,0.288,0.059,0,"4","TCERG1L"
0,0.325707307784608,0.425,0.196,0,"4","ATP6V0A1"
0,1.13524562186658,0.334,0.106,0,"4","LRFN2"
0,0.409007992488362,0.394,0.166,0,"4","TLK1"
0,0.417344323691321,0.391,0.163,0,"4","SND1"
0,0.637496073322667,0.373,0.145,0,"4","ARHGEF9"
0,1.08074138675278,0.309,0.081,0,"4","PIP5K1B"
0,1.55622005225848,0.308,0.08,0,"4","SYT7"
0,0.3902151308984,0.406,0.179,0,"4","DOPEY1"
0,0.382976322950661,0.383,0.156,0,"4","TTLL5"
0,0.706506980132661,0.362,0.135,0,"4","CCDC30"
0,0.950923845308864,0.349,0.122,0,"4","GLRB"
0,0.940846503670021,0.349,0.122,0,"4","SCN3B"
0,1.08043039859538,0.337,0.111,0,"4","PDE2A"
0,0.401764018772762,0.398,0.172,0,"4","PPHLN1"
0,0.555210312281685,0.367,0.141,0,"4","RAB3C"
0,0.578891833988989,0.385,0.159,0,"4","SMAP1"
0,1.46381412885396,0.305,0.079,0,"4","P2RY14"
0,1.62247983120872,0.298,0.072,0,"4","FAM153A"
0,0.684343714878434,0.357,0.131,0,"4","MPHOSPH9"
0,1.00023124849368,0.321,0.096,0,"4","MKNK1"
0,0.773189247802068,0.35,0.125,0,"4","ASXL3"
0,0.388346115836763,0.4,0.176,0,"4","BDP1"
0,1.07781379983216,0.331,0.107,0,"4","KCNT1"
0,2.25436745122644,0.266,0.042,0,"4","GLRA3"
0,1.25280431646159,0.31,0.086,0,"4","MRPS30-DT"
0,0.253641976405254,0.42,0.196,0,"4","ATP9A"
0,0.888200085526976,0.351,0.127,0,"4","CACNG8"
0,0.80494382444619,0.34,0.117,0,"4","PGBD5"
0,0.404179252513793,0.397,0.174,0,"4","PIK3CA"
0,0.386881443708085,0.394,0.171,0,"4","RANBP9"
0,0.752736507371492,0.356,0.133,0,"4","AC104827.1"
0,2.54004793304941,0.255,0.033,0,"4","IL12A-AS1"
0,0.434427262533035,0.381,0.159,0,"4","PAPSS1"
0,1.2897289329055,0.307,0.085,0,"4","STEAP2"
0,1.03135426441227,0.332,0.111,0,"4","ADD2"
0,0.823880185299949,0.31,0.089,0,"4","SHROOM3"
0,0.468298721321137,0.375,0.154,0,"4","KLHL2"
0,1.65829355016324,0.289,0.068,0,"4","PART1"
0,1.0130911120051,0.993,0.772,0,"4","ADGRB3"
0,1.02867522358996,0.326,0.106,0,"4","GABRA4"
0,0.872103851423792,0.338,0.118,0,"4","CHGA"
0,0.951189812114714,0.331,0.111,0,"4","RUNDC3A"
0,0.548791566449997,0.358,0.138,0,"4","ABCC5"
0,0.657489089839727,0.352,0.132,0,"4","NNT"
0,0.940811921778688,0.328,0.109,0,"4","LUZP1"
0,1.02488525605279,0.323,0.104,0,"4","ST8SIA5"
0,0.436249930674343,0.385,0.166,0,"4","ZFYVE9"
0,1.05405340927163,0.306,0.087,0,"4","GAS2"
0,0.381031857927998,0.371,0.152,0,"4","ABHD2"
0,1.42734981902404,0.301,0.082,0,"4","SLC5A4-AS1"
0,0.777095997453241,0.339,0.121,0,"4","LMO7"
0,1.0121104523073,0.32,0.102,0,"4","RAPGEFL1"
0,0.920552952279368,0.329,0.111,0,"4","BAIAP2"
0,0.465542337546689,0.33,0.112,0,"4","MAPK4"
0,1.15908857900076,0.312,0.094,0,"4","RIMBP2"
0,0.553481932422148,0.366,0.148,0,"4","NDFIP2"
0,0.636648776263596,0.37,0.152,0,"4","CEP112"
0,0.839745248230238,0.323,0.106,0,"4","TBC1D1"
0,0.628775786369026,0.339,0.122,0,"4","MPPED2"
0,1.00626436098991,0.324,0.107,0,"4","SNX32"
0,1.19624516991355,0.312,0.095,0,"4","MIR124-2HG"
0,0.663066060594343,0.349,0.132,0,"4","RNF24"
0,0.404235371548713,0.396,0.18,0,"4","SV2A"
0,1.01319844162252,0.326,0.11,0,"4","MAST1"
0,0.497949782308235,0.371,0.155,0,"4","PATJ"
0,0.386263211606621,0.375,0.159,0,"4","PPP2R5C"
0,0.379659126953106,0.39,0.175,0,"4","DOK6"
0,0.533451995154423,0.383,0.168,0,"4","TTN-AS1"
0,0.390068433903237,0.37,0.155,0,"4","FGFR1OP2"
0,0.922083944973027,0.319,0.105,0,"4","SRPK1"
0,0.784913664059409,0.332,0.118,0,"4","LMTK2"
0,1.03457622256151,0.315,0.101,0,"4","AMMECR1"
0,1.23471556939042,0.299,0.085,0,"4","RARB"
0,0.254361013693337,0.407,0.193,0,"4","RASA2"
0,1.17702276604487,0.31,0.097,0,"4","STX1A"
0,1.15279012298076,0.292,0.079,0,"4","MAN1C1"
0,1.41163370762805,0.289,0.076,0,"4","RFTN1"
0,1.30352844399718,0.294,0.081,0,"4","AC090579.1"
0,0.627923417885995,0.338,0.126,0,"4","NSD2"
0,1.11212761830271,0.306,0.094,0,"4","NEK10"
0,0.409317568480368,0.365,0.153,0,"4","GMDS"
0,0.756398548888681,0.331,0.12,0,"4","MPP6"
0,0.751416044526926,0.342,0.131,0,"4","DPY19L2"
0,1.6788804179172,0.279,0.068,0,"4","DLGAP1-AS4"
0,0.48447150325583,0.36,0.149,0,"4","HTT"
0,1.27159672792082,0.288,0.077,0,"4","PDK3"
0,0.373426843544011,0.379,0.169,0,"4","GCC2"
0,1.12577604205727,0.29,0.08,0,"4","LINC00937"
0,0.385168148095557,0.364,0.155,0,"4","ACTR2"
0,0.258256992662928,0.418,0.209,0,"4","SPAG16"
0,0.918637069886927,0.306,0.097,0,"4","PRR16"
0,0.58845168154567,0.349,0.14,0,"4","DMXL2"
0,1.2170844817093,0.289,0.08,0,"4","AC006504.5"
0,0.766391405710745,0.332,0.124,0,"4","SSX2IP"
0,0.862705113006402,0.31,0.102,0,"4","AKAP12"
0,0.760502746193451,0.322,0.114,0,"4","GALNT11"
0,0.921651709043631,0.321,0.113,0,"4","ME3"
0,1.05128592499933,0.307,0.099,0,"4","PHTF1"
0,0.390242580388753,0.369,0.161,0,"4","HSPH1"
0,0.645637213537729,0.346,0.138,0,"4","RAB6B"
0,1.26898730085291,0.286,0.078,0,"4","RNF175"
0,1.27796059848988,0.293,0.085,0,"4","BICDL1"
0,0.768963809662738,0.323,0.116,0,"4","AC096711.2"
0,0.730109003511666,0.321,0.114,0,"4","CBWD5"
0,0.73045410492383,0.327,0.12,0,"4","BTBD10"
0,0.733610147960625,0.317,0.11,0,"4","PKIG"
0,1.12037035999097,0.298,0.091,0,"4","SH3BGRL2"
0,0.422388613103703,0.353,0.146,0,"4","SH3BGRL"
0,0.297709104722744,0.378,0.171,0,"4","MICU3"
0,0.62146215017951,0.35,0.143,0,"4","SNRPN"
0,0.518368107665199,0.336,0.13,0,"4","ITGA9"
0,0.650862583959823,0.338,0.132,0,"4","ADGRL1"
0,0.892170991516127,0.301,0.095,0,"4","CYP46A1"
0,0.271222920909492,0.364,0.158,0,"4","TRPM7"
0,0.931910037600962,0.314,0.109,0,"4","ELMOD1"
0,1.48513770815624,0.262,0.057,0,"4","CRYM"
0,0.639241376083549,0.323,0.118,0,"4","WIPF2"
0,0.393553322830011,0.366,0.161,0,"4","FAM126B"
0,1.27606600232959,0.285,0.08,0,"4","SIDT1"
0,0.7996501168489,0.312,0.108,0,"4","MIR29B2CHG"
0,0.721724104556202,0.324,0.12,0,"4","PPP1R13B"
0,0.412571470231599,0.347,0.143,0,"4","MAST3"
0,0.873615712061694,0.307,0.104,0,"4","GPC1"
0,1.0153948936814,0.296,0.093,0,"4","ADAMTS19"
0,0.539742381511122,0.344,0.141,0,"4","IRAK1BP1"
0,0.82300960904355,0.321,0.119,0,"4","EPHB6"
0,1.25799409736003,0.277,0.075,0,"4","RSPO2"
0,0.686860242163209,0.321,0.119,0,"4","TASP1"
0,1.21303853181038,0.292,0.09,0,"4","ANKRD34C-AS1"
0,0.972589498166114,0.3,0.098,0,"4","FXYD7"
0,0.656050751780721,0.327,0.126,0,"4","SHC3"
0,0.851668206191373,0.313,0.112,0,"4","PGM2L1"
0,0.953332022016599,0.304,0.103,0,"4","KNDC1"
0,1.3290562860508,0.281,0.08,0,"4","RAB27B"
0,0.289014975865174,0.351,0.15,0,"4","DDHD1"
0,0.458082467893032,0.357,0.156,0,"4","NAPB"
0,1.24573762372343,0.282,0.081,0,"4","CORO6"
0,0.495384633774501,0.338,0.138,0,"4","JAK2"
0,0.316588954483824,0.346,0.146,0,"4","PUM3"
0,0.336749245470352,0.36,0.16,0,"4","ZER1"
0,0.353222352648846,0.371,0.171,0,"4","SCAMP5"
0,1.03941070438481,0.284,0.084,0,"4","POLN"
0,1.35777540591421,0.262,0.063,0,"4","BAIAP3"
0,0.968975755494036,0.298,0.099,0,"4","REEP1"
0,1.04155762825692,0.286,0.087,0,"4","GRM8"
0,0.844728135451538,0.294,0.095,0,"4","LRRK2"
0,0.377126494371319,0.34,0.142,0,"4","ATXN7L1"
0,0.613908309140129,0.323,0.125,0,"4","NPAS2"
0,0.47441433998345,0.335,0.137,0,"4","COG6"
0,0.257931208758729,0.364,0.166,0,"4","OPA1"
0,0.362087398321086,0.341,0.144,0,"4","RNF145"
0,1.06183636137774,0.269,0.072,0,"4","TMOD1"
0,0.862991030036091,0.301,0.104,0,"4","KIF5A"
0,1.52620676282727,0.266,0.069,0,"4","AC130650.1"
0,0.954042424519686,0.297,0.1,0,"4","KCNAB2"
0,0.375356432763478,0.356,0.159,0,"4","RTF1"
0,1.00938874730807,0.29,0.093,0,"4","CAMKK1"
0,0.535822688881197,0.317,0.121,0,"4","YEATS2"
0,0.344999743376557,0.358,0.162,0,"4","TBC1D32"
0,1.04301060883748,0.995,0.799,0,"4","PTPRD"
0,0.483803373706686,0.337,0.142,0,"4","CCDC92"
0,0.479504040418418,0.31,0.115,0,"4","TSGA10"
0,1.21192183618649,0.265,0.07,0,"4","NEFM"
0,0.942237616374735,0.298,0.103,0,"4","PDP1"
0,0.621479765925712,0.306,0.111,0,"4","TMEM241"
0,0.308784682545785,0.35,0.155,0,"4","PIAS2"
0,0.732338376953337,0.308,0.114,0,"4","PRKAA2"
0,0.477949895807961,0.322,0.128,0,"4","MAPK14"
0,0.46594927431846,0.326,0.132,0,"4","UBE3D"
0,1.4019622382813,0.261,0.067,0,"4","ADAMTSL1"
0,1.47332614548588,0.257,0.063,0,"4","CDYL2"
0,0.885145517674884,0.293,0.099,0,"4","LINC01725"
0,0.363363735255372,0.34,0.147,0,"4","TCERG1"
0,0.505198654976448,0.327,0.134,0,"4","KCNK1"
0,0.653125748445907,0.314,0.121,0,"4","ISPD"
0,1.29335978161937,0.269,0.076,0,"4","PNMA3"
0,0.629343878136488,0.309,0.116,0,"4","AKAP8L"
0,0.28982153624313,0.348,0.155,0,"4","AL139260.1"
0,0.308157645027602,0.337,0.145,0,"4","RANBP2"
0,0.93339569818861,0.28,0.088,0,"4","ALS2"
0,0.505870419308695,0.314,0.122,0,"4","PLEKHM3"
0,0.848662615707404,0.307,0.115,0,"4","BSN"
0,0.795143034302563,0.297,0.105,0,"4","NQO2"
0,0.275896514576647,0.36,0.168,0,"4","PPP3CB"
0,1.11261301547554,0.277,0.086,0,"4","SNX10"
0,0.406870827777463,0.337,0.146,0,"4","ATP6V1B2"
0,0.598600623929236,0.317,0.126,0,"4","CADM3"
0,0.717260791045608,0.31,0.119,0,"4","TMEM130"
0,0.734238272982816,0.309,0.118,0,"4","SLC12A5"
0,0.700044770553511,0.312,0.121,0,"4","ATCAY"
0,0.470229382033188,0.338,0.148,0,"4","SYN1"
0,0.353062751158956,0.334,0.144,0,"4","CTIF"
0,0.452759953005819,0.316,0.126,0,"4","ARHGEF11"
0,0.748469002907194,0.305,0.115,0,"4","UPP2"
0,0.580529685396548,0.325,0.135,0,"4","FAM189A1"
0,1.04176464732388,0.28,0.091,0,"4","SEMA3A"
0,0.847365256837307,0.281,0.092,0,"4","OPTN"
0,0.25356987930837,0.334,0.145,0,"4","TOM1L1"
0,0.650617005098881,0.302,0.113,0,"4","ULK4"
0,0.281759582465154,0.329,0.14,0,"4","PRKDC"
0,1.07467062493131,0.27,0.081,0,"4","CAMKK2"
0,1.11536593777756,0.259,0.07,0,"4","COL6A1"
0,1.04265123790732,0.274,0.086,0,"4","FBXO16"
0,0.709543782720713,0.277,0.089,0,"4","TMEM65"
0,0.560575462460555,0.308,0.12,0,"4","RAB11FIP3"
0,0.400295451929266,0.316,0.128,0,"4","ABCA3"
0,0.926969501014426,0.283,0.095,0,"4","GNB5"
0,0.316803807095031,0.331,0.144,0,"4","ATP6V1A"
0,0.37659911688031,0.329,0.142,0,"4","ARFGEF2"
0,0.772304620566746,0.29,0.103,0,"4","HNRNPLL"
0,0.357997245745051,0.325,0.138,0,"4","AC079447.1"
0,1.37986631838961,0.256,0.069,0,"4","PARM1"
0,1.05927772548329,0.27,0.083,0,"4","IQSEC2"
0,0.654249573051397,0.298,0.111,0,"4","CLVS1"
0,1.41942967628932,0.25,0.063,0,"4","LINC01252"
0,0.466264437604361,0.331,0.145,0,"4","BCL11A"
0,0.661292125965625,0.274,0.088,0,"4","SKAP2"
0,0.289713387745828,0.337,0.151,0,"4","KLHDC10"
0,0.890430473480852,0.291,0.105,0,"4","PLPPR4"
0,0.434515178808604,0.315,0.129,0,"4","KDM5B"
0,0.332604560905024,0.325,0.139,0,"4","ABHD18"
0,0.462889117238606,0.303,0.117,0,"4","RIC8B"
0,0.811278651446738,0.294,0.108,0,"4","SLITRK5"
0,0.69594621827599,0.296,0.11,0,"4","UNC13C"
0,0.78420327152133,0.287,0.101,0,"4","MAN1A1"
0,0.900683088439342,0.287,0.101,0,"4","CACNG2"
0,0.634910142411464,0.297,0.112,0,"4","TRAK2"
0,0.402541579348063,0.307,0.122,0,"4","IPCEF1"
0,0.541208004488744,0.32,0.135,0,"4","NRXN2"
0,0.587488980323191,0.306,0.121,0,"4","TRIM37"
0,0.792103811174765,0.289,0.105,0,"4","NCEH1"
0,0.297531540016018,0.327,0.144,0,"4","ESYT2"
0,0.356816226337781,0.34,0.157,0,"4","LY6H"
0,0.815635919963308,0.277,0.094,0,"4","FBXO33"
0,0.649629151257879,0.287,0.104,0,"4","NIM1K"
0,0.466751682031522,0.321,0.138,0,"4","SNCB"
0,0.798430187863994,0.283,0.1,0,"4","RGS4"
0,0.579864349725076,0.284,0.101,0,"4","FCHO2"
0,0.327999706474677,0.959,0.776,0,"4","MT-CO3"
0,0.922630415518482,0.277,0.095,0,"4","RGS7BP"
0,0.345796561930122,0.335,0.153,0,"4","SESN3"
0,0.34965619654005,0.306,0.124,0,"4","ANO10"
0,0.318029240250222,0.308,0.126,0,"4","LINC00685"
0,0.422656498298755,0.322,0.14,0,"4","TSPYL2"
0,0.379105803300482,0.324,0.143,0,"4","KCNT2"
0,0.780823762442296,0.271,0.09,0,"4","RBMS1"
0,0.834680773466717,0.272,0.091,0,"4","TDG"
0,0.405137815274905,0.306,0.125,0,"4","ZBTB8OS"
0,0.565288041275768,0.284,0.103,0,"4","ZNF827"
0,0.341833362778451,0.32,0.14,0,"4","MDH1"
0,1.2967704913985,0.25,0.07,0,"4","AC124854.1"
0,0.98135568010665,0.259,0.079,0,"4","ATF7IP2"
0,0.584779878706468,0.291,0.111,0,"4","NLRP1"
0,1.11546715358683,0.255,0.075,0,"4","MTCL1"
0,0.490590709296928,0.322,0.143,0,"4","EPHA5"
0,1.18647477367415,0.254,0.075,0,"4","GPR22"
0,1.19027544139472,0.256,0.077,0,"4","KIAA1549"
0,0.587098616666016,0.29,0.111,0,"4","FAR2"
0,0.318190247756832,0.283,0.104,0,"4","AKAP13"
0,0.4139412324647,0.303,0.124,0,"4","GGT7"
0,0.910777806352193,0.275,0.097,0,"4","LHFPL4"
0,0.456577329847136,0.298,0.12,0,"4","ANAPC10"
0,0.297917318875284,0.315,0.137,0,"4","RPS6KA3"
0,1.1872128703759,0.251,0.074,0,"4","OSBPL10"
0,0.400703385070238,0.305,0.128,0,"4","FAM66D"
0,0.534707216553329,0.29,0.113,0,"4","EML5"
0,0.611485015408178,0.278,0.102,0,"4","FBXO44"
0,0.535058130041166,0.27,0.094,0,"4","DNAH7"
0,0.274897533641562,0.321,0.145,0,"4","IQSEC1"
0,0.691773670585131,0.27,0.094,0,"4","TRAF3"
0,0.735562181864189,0.285,0.109,0,"4","AC022639.1"
0,0.388511317909064,0.303,0.127,0,"4","ZC2HC1A"
0,0.504685304054346,0.281,0.106,0,"4","AL391807.1"
0,0.819391763041421,0.268,0.093,0,"4","ZBTB18"
0,1.12263813644562,0.253,0.078,0,"4","JAKMIP1"
0,1.03654616174575,0.255,0.08,0,"4","CTNNAL1"
0,1.03310217939735,0.253,0.078,0,"4","SNTB2"
0,0.797786589735595,0.275,0.101,0,"4","DIRC3"
0,0.895077518551106,0.27,0.096,0,"4","ST8SIA3"
0,0.287944670612688,0.295,0.121,0,"4","MTHFD1L"
0,0.467376711317353,0.281,0.108,0,"4","AP3S1"
0,0.678928235105236,0.275,0.102,0,"4","FAM85B"
0,0.717272553432392,0.271,0.098,0,"4","ARMC2"
0,0.72468387052817,0.269,0.096,0,"4","RAP2A"
0,0.683914474910544,0.273,0.1,0,"4","LRRC49"
0,0.467915510236534,0.296,0.123,0,"4","BCAP29"
0,0.625569160031254,0.275,0.103,0,"4","AP3B2"
0,0.652740095814658,0.27,0.098,0,"4","GPATCH2"
0,0.586692981945782,0.271,0.099,0,"4","PLCB4"
0,0.314303907740438,0.309,0.137,0,"4","ACAP3"
0,0.363722408868004,0.3,0.128,0,"4","XPR1"
0,0.734679504991018,0.282,0.11,0,"4","TUSC3"
0,0.875763367011076,0.256,0.084,0,"4","PITPNM2"
0,0.377447263437111,0.296,0.124,0,"4","FKBP3"
0,0.697343874139245,0.269,0.098,0,"4","EPB41"
0,0.678128904977168,0.272,0.101,0,"4","CNST"
0,0.31865607361594,0.333,0.162,0,"4","TSPYL1"
0,0.402027085454841,0.306,0.135,0,"4","TAGLN3"
0,0.474842589362624,0.292,0.121,0,"4","NMT2"
0,0.476926382178119,0.287,0.116,0,"4","CCDC6"
0,0.829121731887558,0.258,0.088,0,"4","CCDC57"
0,0.276662354951888,0.305,0.135,0,"4","ABL2"
0,0.406807767986094,0.287,0.117,0,"4","FASTKD1"
0,0.565227007167834,0.262,0.093,0,"4","ZC3H8"
0,0.530158449323485,0.282,0.113,0,"4","GRAMD1B"
0,0.529024382600421,0.293,0.124,0,"4","AP001347.1"
0,0.703552787609522,0.254,0.086,0,"4","MINDY3"
0,0.500819994837045,0.269,0.101,0,"4","SPATA7"
0,0.73686532521291,0.261,0.093,0,"4","RAB40C"
0,0.986732261397288,0.25,0.082,0,"4","ZDBF2"
0,0.285368353536844,0.298,0.13,0,"4","FAM185A"
0,1.0409058427748,0.25,0.082,0,"4","INA"
0,0.517648678265628,0.283,0.115,0,"4","DLGAP4"
0,0.5520589715006,0.262,0.095,0,"4","MYSM1"
0,0.686502597105241,0.257,0.09,0,"4","PGP"
0,0.503335072244977,0.29,0.123,0,"4","RAP1GAP"
0,0.991775969639097,0.252,0.085,0,"4","SLC8A2"
0,0.400065315514994,0.281,0.115,0,"4","SERGEF"
0,0.739536716734392,0.265,0.099,0,"4","SLC6A17"
0,0.605045353155261,0.263,0.097,0,"4","UBE2O"
0,0.402363325116056,0.287,0.121,0,"4","KLHL7"
0,0.701052451919638,0.272,0.107,0,"4","TMEM178A"
0,0.60172923419521,0.271,0.106,0,"4","TIMP3"
0,0.59385727183251,0.281,0.116,0,"4","SULT4A1"
0,0.267529353648919,0.319,0.154,0,"4","NCDN"
0,0.771514896206807,0.254,0.089,0,"4","SLC38A6"
0,0.6144434264641,0.272,0.108,0,"4","CAMKV"
0,0.504210186565426,0.263,0.099,0,"4","GDPD1"
0,0.745071919607886,0.265,0.102,0,"4","HMGCLL1"
0,0.362597955546987,0.263,0.1,0,"4","TET3"
0,0.483379366520132,0.277,0.115,0,"4","NOS1AP"
0,0.528326613426434,0.275,0.113,0,"4","STMN3"
0,0.388888949763991,0.276,0.114,0,"4","SYNJ1"
0,0.76264437192844,0.26,0.098,0,"4","PTPRN"
0,0.38079863494269,0.278,0.117,0,"4","TBC1D19"
0,0.690225648553068,0.266,0.105,0,"4","NEXMIF"
0,0.676574478011889,0.251,0.09,0,"4","IGSF21"
0,0.554010833535002,0.259,0.098,0,"4","GLMN"
0,0.264541694944227,0.286,0.125,0,"4","IFT172"
0,0.320926804662822,0.298,0.137,0,"4","MYEF2"
0,0.45991555590494,0.263,0.103,0,"4","TPK1"
0,0.469161151727553,0.262,0.102,0,"4","GOLGA8A"
0,0.482797550389985,0.263,0.103,0,"4","UBAP1L"
0,0.300585920898718,0.282,0.122,0,"4","GPALPP1"
0,0.340693331934297,0.279,0.12,0,"4","MACO1"
0,0.374745432989998,0.271,0.112,0,"4","RABL6"
0,0.41023723456682,0.267,0.108,0,"4","PTPN9"
0,0.623048118766162,0.251,0.092,0,"4","CDC40"
0,0.512405907744059,0.255,0.097,0,"4","LRCH1"
0,0.277190295698791,0.274,0.117,0,"4","MAPKBP1"
0,0.283381469170538,0.283,0.126,0,"4","MDN1"
0,0.603783196038434,0.261,0.105,0,"4","GUCY1B1"
0,0.495964802123159,0.265,0.109,0,"4","LMBRD2"
0,0.435544551456878,0.27,0.114,0,"4","CEND1"
0,0.737619250471404,0.25,0.094,0,"4","CALY"
0,0.322689437882505,0.265,0.11,0,"4","NOL10"
0,0.339840071150366,0.272,0.117,0,"4","CRELD1"
0,0.42878852456744,0.261,0.106,0,"4","P4HTM"
0,0.433030926432789,0.272,0.117,0,"4","RNF180"
0,0.510254434400913,0.262,0.107,0,"4","HK1"
0,0.410588937116252,0.263,0.108,0,"4","LRRC37B"
0,0.360638809190763,0.276,0.121,0,"4","PDXK"
0,0.570309614683132,0.254,0.099,0,"4","PHLPP2"
0,0.252596405914869,0.289,0.134,0,"4","ZYG11B"
0,0.37005812687387,0.284,0.129,0,"4","PNMA2"
0,0.279317939955982,0.272,0.118,0,"4","EPHB1"
0,0.270981042928641,0.279,0.125,0,"4","PPIP5K2"
0,0.519786894497624,0.265,0.111,0,"4","CPLX2"
0,0.259920425409277,0.268,0.114,0,"4","TMEM181"
0,0.299827640073418,0.275,0.121,0,"4","RIC3"
0,0.408347934515116,0.256,0.103,0,"4","HACE1"
0,0.335528298844392,0.264,0.111,0,"4","PLEC"
0,0.453131363215322,0.253,0.1,0,"4","HECTD2"
0,0.306990851003575,0.28,0.128,0,"4","PKIA"
0,0.28704569155881,0.261,0.109,0,"4","PIN1"
0,0.44928140135118,0.256,0.105,0,"4","DYNC2LI1"
0,0.421792330236811,0.26,0.109,0,"4","NAALAD2"
0,0.375420132466081,0.265,0.114,0,"4","SYNGR1"
0,0.371131905656352,0.252,0.101,0,"4","DDX10"
0,0.379743622158477,0.261,0.111,0,"4","MLLT11"
0,0.402512025469373,0.257,0.107,0,"4","FSD1L"
0,0.418104193360203,0.255,0.105,0,"4","CMTM4"
0,0.548331376014919,0.251,0.101,0,"4","SIMC1"
0,0.654121178642691,0.251,0.103,0,"4","SLIT3"
0,0.288049891247804,0.259,0.111,0,"4","POM121C"
0,0.571411268556799,0.253,0.105,0,"4","SLITRK4"
0,0.424308437512049,0.256,0.108,0,"4","NPTXR"
0,0.279340664060374,0.262,0.115,0,"4","AC069228.1"
0,0.266580640270309,0.258,0.111,0,"4","MCF2L"
0,0.33418038203127,0.257,0.111,0,"4","N4BP2L1"
0,0.466770901789954,0.25,0.105,0,"4","ACVR2A"
0,0.282974743705089,0.26,0.116,0,"4","CDR2"
0,0.40723769200626,0.25,0.106,0,"4","RAB3A"
0,0.466152656479054,0.251,0.109,0,"4","LRRN3"
0,0.398740419453278,0.99,0.887,0,"4","MAGI2"
0,0.439145155688927,0.993,0.892,0,"4","DLG2"
0,6.01562117262173,0.959,0.08,0,"5","LHFPL3"
0,5.59457536889294,0.877,0.055,0,"5","VCAN"
0,4.89037606871985,0.944,0.122,0,"5","PCDH15"
0,4.10754638116327,0.901,0.146,0,"5","PTPRZ1"
0,4.68560945968238,0.914,0.187,0,"5","TNR"
0,4.27251978737612,0.758,0.099,0,"5","LUZP2"
0,3.33702869381375,0.702,0.125,0,"5","SOX6"
0,7.34048843495465,0.586,0.01,0,"5","AC004852.2"
0,3.22428869619917,0.658,0.089,0,"5","NXPH1"
0,3.28278543038876,0.97,0.405,0,"5","DSCAM"
0,3.64093008239061,0.725,0.169,0,"5","CA10"
0,2.63195787082754,0.899,0.346,0,"5","GRID2"
0,4.39947149436649,0.609,0.064,0,"5","SEMA5A"
0,4.46240053487053,0.568,0.044,0,"5","SMOC1"
0,3.1101613009741,0.978,0.461,0,"5","LRRC4C"
0,3.0683845085965,0.801,0.299,0,"5","MMP16"
0,3.19754333780314,0.626,0.124,0,"5","CHST11"
0,3.73340299633574,0.644,0.142,0,"5","XYLT1"
0,2.26363914833847,0.62,0.133,0,"5","GRIK1"
0,2.74586111286074,0.719,0.241,0,"5","GALNT13"
0,5.56534492685252,0.492,0.025,0,"5","MEGF11"
0,2.39765488816603,0.763,0.299,0,"5","PDZD2"
0,2.20859012911021,0.703,0.24,0,"5","DCC"
0,2.26333386287993,0.821,0.362,0,"5","KCND2"
0,2.53677308527887,0.676,0.222,0,"5","EPN2"
0,2.60141380092776,0.587,0.134,0,"5","OLIG1"
0,3.48076140293741,0.577,0.125,0,"5","KCNMB2-AS1"
0,2.57628883815821,0.758,0.309,0,"5","SLC35F1"
0,2.73233619742279,0.69,0.247,0,"5","BRINP3"
0,3.31311348703627,0.545,0.103,0,"5","TMEM132C"
0,1.65525230310159,0.956,0.514,0,"5","OPCML"
0,2.65395450445714,0.659,0.22,0,"5","DGKG"
0,2.14341790849051,0.65,0.218,0,"5","MAML2"
0,1.57420671244282,0.933,0.517,0,"5","FGF14"
0,1.45126935893179,0.87,0.455,0,"5","SNTG1"
0,3.29223478663527,0.506,0.092,0,"5","LINC00511"
0,2.21387398539026,0.838,0.429,0,"5","NRCAM"
0,2.615367326865,0.693,0.286,0,"5","ZFPM2"
0,2.66816262875375,0.604,0.198,0,"5","OPHN1"
0,1.13579472610701,0.978,0.576,0,"5","CSMD1"
0,1.28592617527102,0.949,0.547,0,"5","LRRTM4"
0,1.98844855851862,0.852,0.46,0,"5","DPP6"
0,1.81854169419604,0.81,0.419,0,"5","CSMD3"
0,2.45394614057872,0.538,0.147,0,"5","KAT2B"
0,1.31680156092977,0.583,0.194,0,"5","ADARB2"
0,2.41834188099999,0.69,0.302,0,"5","CHL1"
0,1.88077290581709,0.627,0.244,0,"5","APOD"
0,2.19274468524947,0.799,0.417,0,"5","NOVA1"
0,1.61988645025825,0.812,0.431,0,"5","MDGA2"
0,0.819587923368388,0.89,0.523,0,"5","ERBB4"
0,3.57517961100574,0.435,0.072,0,"5","BCAN"
0,1.72800147337339,0.733,0.37,0,"5","GRM7"
0,1.4268634134443,0.777,0.421,0,"5","SOX5"
0,1.73189364048434,0.711,0.357,0,"5","SCD5"
0,0.312608723697997,0.967,0.622,0,"5","KCNIP4"
0,1.85087539052069,0.499,0.154,0,"5","PARD3"
0,3.32232813324697,0.435,0.093,0,"5","COL11A1"
0,2.7213463129776,0.451,0.112,0,"5","ZNF462"
0,1.96661750404641,0.627,0.292,0,"5","KIF13A"
0,1.09694984463915,0.964,0.631,0,"5","NRXN1"
0,1.90922483380677,0.612,0.283,0,"5","NAV1"
0,3.08065820566744,0.435,0.11,0,"5","AL445250.1"
0,1.65168199275671,0.536,0.213,0,"5","SGCZ"
0,1.90243245195475,0.966,0.644,0,"5","NLGN1"
0,2.29614633125458,0.562,0.242,0,"5","ZEB1"
0,1.04387240861606,0.753,0.434,0,"5","ATRNL1"
0,1.53805754875221,0.532,0.218,0,"5","HIP1"
0,2.58161411587532,0.51,0.196,0,"5","SEZ6L"
0,5.80097953967423,0.322,0.011,0,"5","STK32A"
0,1.31422778339907,0.772,0.463,0,"5","FGF12"
0,2.32372303094526,0.41,0.106,0,"5","PLPPR1"
0,1.51334325008883,0.558,0.255,0,"5","CST3"
0,1.39983302322921,0.984,0.681,0,"5","LRP1B"
0,2.88518967408936,0.415,0.114,0,"5","PID1"
0,1.63421792453218,0.614,0.318,0,"5","PRKCA"
0,2.91298091053167,0.376,0.081,0,"5","ALK"
0,1.73244636950917,0.64,0.348,0,"5","PTPRG"
0,1.4695852939746,0.619,0.336,0,"5","DAB1"
0,3.96858025604615,0.311,0.028,0,"5","PLPP4"
0,3.04275051520445,0.346,0.063,0,"5","RAB31"
0,1.12596737089616,0.663,0.381,0,"5","GRIK2"
0,6.10835252863265,0.289,0.008,0,"5","COL9A1"
0,2.38550089690619,0.475,0.195,0,"5","NLGN4X"
0,0.878195027589271,0.862,0.586,0,"5","ZBTB20"
0,2.12073250912652,0.368,0.092,0,"5","HIF3A"
0,0.623021996980723,0.858,0.583,0,"5","FAM155A"
0,1.37169672958809,0.895,0.623,0,"5","ADGRL3"
0,1.8835987480943,0.467,0.199,0,"5","PDZRN4"
0,1.94655857988537,0.56,0.297,0,"5","NLGN4Y"
0,2.85159048518255,0.323,0.063,0,"5","SLC24A3"
0,6.3826357378815,0.265,0.007,0,"5","FERMT1"
0,5.22886329196805,0.272,0.017,0,"5","LINC02588"
0,0.84736322996298,0.803,0.548,0,"5","RORA"
0,3.52706644396701,0.299,0.045,0,"5","CCDC50"
0,1.9933734025079,0.494,0.241,0,"5","ZDHHC14"
0,1.37785622790282,0.488,0.236,0,"5","AL589740.1"
0,2.13861042604254,0.348,0.096,0,"5","RIN2"
0,1.58955906094296,0.392,0.141,0,"5","NKAIN3"
0,2.70096155216587,0.372,0.123,0,"5","MPPED2"
0,2.56326687984557,0.355,0.107,0,"5","NTNG1"
0,2.88100203826793,0.305,0.057,0,"5","KCNIP1"
0,1.94957550619357,0.439,0.194,0,"5","LINC01322"
0,1.07477016681303,0.898,0.656,0,"5","NTM"
0,1.44399355431485,0.393,0.152,0,"5","ATP10B"
0,0.797183922315446,0.647,0.406,0,"5","CDH20"
0,2.08524509710994,0.371,0.131,0,"5","IPO9-AS1"
0,4.74371240889957,0.264,0.025,0,"5","MIR3681HG"
0,2.55608194150733,0.364,0.125,0,"5","TNK2"
0,0.787462474686637,0.898,0.659,0,"5","NPAS3"
0,1.57486540564412,0.597,0.36,0,"5","NAV2"
0,2.72759345749222,0.281,0.046,0,"5","DISC1"
0,2.3574072721156,0.388,0.153,0,"5","ABHD2"
0,1.74074687683108,0.516,0.281,0,"5","SCN1A"
0,2.31554227036179,0.321,0.09,0,"5","LDLRAD3"
0,1.43459605298229,0.438,0.208,0,"5","DNER"
0,1.22395594295709,0.746,0.516,0,"5","AGAP1"
0,1.04743206664159,0.647,0.418,0,"5","PCDH7"
0,2.83775472470028,0.273,0.044,0,"5","OLIG2"
0,1.30774568668363,0.413,0.184,0,"5","BCAS1"
0,1.65171334970922,0.332,0.104,0,"5","LRMDA"
0,0.608566349259164,0.827,0.599,0,"5","PDE4B"
0,2.98411442215542,0.299,0.072,0,"5","LRRN1"
0,2.60200486619166,0.309,0.083,0,"5","SCRG1"
0,1.3178322901457,0.408,0.186,0,"5","HTRA1"
0,0.968319605884925,0.678,0.462,0,"5","AC092691.1"
0,3.11893533679745,0.267,0.051,0,"5","UST"
0,2.62301113625765,0.311,0.095,0,"5","MARCKS"
0,2.08470318012023,0.367,0.152,0,"5","USP24"
0,1.12281584408637,0.554,0.341,0,"5","CNTNAP5"
0,2.22100480758751,0.315,0.102,0,"5","RAMP1"
0,2.6381896338588,0.263,0.05,0,"5","ARHGAP31"
0,2.73208345286703,0.299,0.086,0,"5","FAM110B"
0,2.63242152030526,0.292,0.079,0,"5","KIF26B"
0,0.786542567516919,0.548,0.336,0,"5","HS6ST3"
0,2.01316328035038,0.393,0.182,0,"5","KLF12"
0,1.70889861130395,0.363,0.152,0,"5","SAMD4A"
0,1.72359004125378,0.303,0.094,0,"5","CHD7"
0,2.30657692999491,0.335,0.128,0,"5","SORCS3"
0,1.27363076201999,0.371,0.164,0,"5","PTN"
0,1.94446355631224,0.399,0.193,0,"5","CSMD2"
0,1.60548560252501,0.447,0.243,0,"5","XKR4"
0,1.7199137002334,0.395,0.192,0,"5","GPC6"
0,1.04878197701849,0.517,0.317,0,"5","APBB2"
0,1.09883470764462,0.629,0.429,0,"5","ZSWIM6"
0,3.18308631414196,0.25,0.05,0,"5","SEMA3E"
0,0.728501911591851,0.968,0.768,0,"5","LSAMP"
0,1.15689029107454,0.426,0.227,0,"5","ITPR2"
0,0.781932786002242,0.604,0.405,0,"5","NFIA"
0,1.59252003018022,0.494,0.297,0,"5","ASAP1"
0,1.27347274005429,0.49,0.296,0,"5","SGCD"
0,2.74881385339082,0.291,0.097,0,"5","LRRK2"
0,0.795881460235784,0.732,0.539,0,"5","LRRC7"
0,0.894757586049014,0.703,0.513,0,"5","GRIA2"
0,1.09927831117256,0.37,0.181,0,"5","KANK1"
0,1.16384760813019,0.435,0.247,0,"5","LPP"
0,0.342356110594417,0.758,0.571,0,"5","GPM6A"
0,1.68000544048813,0.335,0.148,0,"5","MTSS1"
0,1.06537979465344,0.554,0.369,0,"5","ASTN2"
0,0.835034401362895,0.729,0.545,0,"5","DMD"
0,1.37679882074352,0.445,0.262,0,"5","PEAK1"
0,0.982280329859179,0.654,0.473,0,"5","CNTN1"
0,0.98443250120221,0.462,0.287,0,"5","FCHSD2"
0,1.54957933835231,0.39,0.215,0,"5","CSGALNACT1"
0,0.702499711595268,0.688,0.513,0,"5","KAZN"
0,1.76705107609639,0.251,0.077,0,"5","ZCCHC24"
0,1.31634544283495,0.311,0.138,0,"5","ZHX2"
0,1.67156060881572,0.31,0.137,0,"5","ZFHX3"
0,1.83150585160681,0.334,0.162,0,"5","CASK"
0,0.68358322673848,0.555,0.384,0,"5","ALCAM"
0,1.51271906786888,0.271,0.1,0,"5","TANC1"
0,0.626331896328458,0.523,0.355,0,"5","SGK1"
0,1.32003308295214,0.471,0.303,0,"5","REV3L"
0,0.901831665010361,0.666,0.499,0,"5","FHIT"
0,0.957531311724015,0.577,0.41,0,"5","MAP2"
0,1.92353656838905,0.296,0.129,0,"5","LRP1"
0,1.60823074128499,0.28,0.114,0,"5","HIP1R"
0,0.674821534095058,0.584,0.42,0,"5","GRM5"
0,0.965602624871113,0.429,0.268,0,"5","SH3D19"
0,1.25473667100939,0.379,0.22,0,"5","TOX"
0,1.43449174864821,0.302,0.147,0,"5","C1orf61"
0,0.668935049318378,0.385,0.232,0,"5","PITPNC1"
0,0.919914746657564,0.467,0.316,0,"5","NFIB"
0,1.61376859138669,0.379,0.229,0,"5","GLCCI1"
0,0.828263297605463,0.331,0.182,0,"5","DOCK1"
0,1.16944544576994,0.332,0.184,0,"5","FIGN"
0,1.02503161696644,0.547,0.399,0,"5","TANC2"
0,1.10425521189373,0.564,0.416,0,"5","TRIM9"
0,1.43223469452852,0.277,0.13,0,"5","CRB1"
0,0.784262088927492,0.555,0.409,0,"5","GRIA4"
0,1.20366754182863,0.38,0.234,0,"5","CTTNBP2"
0,1.55215420047415,0.298,0.154,0,"5","PTPRE"
0,1.81364972668864,0.319,0.176,0,"5","RNF150"
0,1.15825253844492,0.319,0.177,0,"5","SPATA6"
0,1.05810821382923,0.418,0.277,0,"5","PHYHIPL"
0,0.720488760277983,0.282,0.146,0,"5","PLLP"
0,1.31974511363649,0.273,0.139,0,"5","CD81"
0,1.081022912703,0.333,0.2,0,"5","PTPRJ"
0,0.96800117954039,0.31,0.178,0,"5","LMCD1-AS1"
0,0.995552459219108,0.421,0.289,0,"5","TMEM132D"
0,1.43920591784447,0.287,0.155,0,"5","PDE7B"
0,0.531559309763272,0.878,0.747,0,"5","NCAM2"
0,1.0000433011843,0.394,0.264,0,"5","NAALADL2"
0,1.10609137100974,0.416,0.286,0,"5","TAOK3"
0,0.462918539974496,0.543,0.416,0,"5","SLC8A1"
0,0.990764158627455,0.479,0.352,0,"5","NTRK3"
0,1.06995168320835,0.271,0.146,0,"5","PLD5"
0,0.841828736698694,0.288,0.165,0,"5","SLC6A1-AS1"
0,0.929207775325746,0.466,0.344,0,"5","KHDRBS3"
0,1.30227592150952,0.376,0.255,0,"5","CDH10"
0,0.848616063979809,0.372,0.252,0,"5","CDH13"
0,1.10703089882497,0.283,0.163,0,"5","SERINC5"
0,1.25550720089261,0.286,0.166,0,"5","KCNQ1OT1"
0,0.87872852092457,0.351,0.234,0,"5","DSCAML1"
0,1.40486568242277,0.357,0.241,0,"5","SCN3A"
0,0.593387772798512,0.319,0.203,0,"5","B2M"
0,1.037251442031,0.44,0.325,0,"5","TNKS"
0,0.49901357619045,0.35,0.235,0,"5","KIAA1217"
0,1.64947555051891,0.273,0.16,0,"5","C1orf21"
0,1.03557611082075,0.492,0.379,0,"5","TRIO"
0,0.813434689905444,0.302,0.191,0,"5","ANKRD44"
0,0.458578084840132,0.311,0.201,0,"5","RFTN2"
0,1.38454853443705,0.302,0.195,0,"5","CNTN3"
0,0.943594208609896,0.378,0.274,0,"5","FYN"
0,0.952492787522772,0.441,0.337,0,"5","PPP1R9A"
0,0.55765605547285,0.336,0.233,0,"5","SLC9A9"
0,1.28125313787293,0.294,0.192,0,"5","ATP2B4"
0,1.19649373763473,0.307,0.207,0,"5","DIAPH2"
0,0.805995380785906,0.376,0.278,0,"5","MT3"
0,0.823307118362802,0.345,0.25,0,"5","FAM19A1"
0,0.980910192608537,0.411,0.316,0,"5","CPEB4"
0,1.24390793697216,0.347,0.253,0,"5","SHISA9"
0,0.539059616892127,0.686,0.593,0,"5","WWOX"
0,0.739045071684383,0.361,0.268,0,"5","SGMS1"
0,0.657899241047383,0.442,0.35,0,"5","ARPP21"
0,0.977621130007519,0.36,0.27,0,"5","ESRRG"
0,0.81211234829144,0.346,0.257,0,"5","ANKRD28"
0,0.281061003079784,0.746,0.657,0,"5","CTNND2"
0,0.958997454262325,0.395,0.307,0,"5","SETD5"
0,0.45651332542493,0.267,0.182,0,"5","MARCKSL1"
0,0.705805609012864,0.552,0.468,0,"5","MKLN1"
0,1.00290403387817,0.298,0.215,0,"5","PRKD1"
0,0.616591128446073,0.278,0.197,0,"5","L3MBTL4"
0,0.925144850961867,0.408,0.327,0,"5","PIK3R1"
0,0.806727793492138,0.54,0.46,0,"5","NCOA1"
0,0.915305198834648,0.323,0.244,0,"5","SORCS1"
0,0.341950674336237,0.641,0.564,0,"5","MARCH1"
0,1.23632667237501,0.287,0.21,0,"5","NOL4"
0,0.781153059354933,0.286,0.212,0,"5","LRP4"
0,0.944071703327263,0.294,0.223,0,"5","TRAF3IP2-AS1"
0,0.933289856840812,0.364,0.294,0,"5","SLC2A13"
0,0.359876843960959,0.663,0.594,0,"5","MIR99AHG"
0,0.877682909159971,0.271,0.206,0,"5","TIAM1"
0,0.517942142333879,0.493,0.428,0,"5","KCNMA1"
0,0.611492153563302,0.332,0.267,0,"5","PHACTR3"
0,0.785483299149773,0.389,0.326,0,"5","CACNA1A"
0,0.784856615120723,0.267,0.205,0,"5","KANSL1L"
0,0.737062519010795,0.433,0.371,0,"5","SGIP1"
0,0.686700728001738,0.302,0.241,0,"5","ZNF704"
0,0.582634656352566,0.265,0.205,0,"5","KCNAB1"
0,0.478980751021747,0.263,0.204,0,"5","LIFR"
0,0.310722883544076,0.682,0.624,0,"5","DNM3"
0,0.594619589360077,0.538,0.481,0,"5","MBD5"
0,0.605951881223861,0.391,0.334,0,"5","KMT2C"
0,0.905690446312871,0.272,0.216,0,"5","POU6F2"
0,0.307974081567767,0.374,0.318,0,"5","USP39"
0,0.768634109024329,0.411,0.355,0,"5","MYO5A"
0,0.632100989078446,0.512,0.459,0,"5","CHD9"
0,0.420766526618365,0.432,0.383,0,"5","TNIK"
0,0.39386446668616,0.686,0.638,0,"5","NCAM1"
0,0.781508203067371,0.346,0.299,0,"5","CDK14"
0,0.587396225689275,0.266,0.22,0,"5","FOXN3"
0,0.376127814372647,0.265,0.223,0,"5","MSI2"
0,0.820348435790889,0.319,0.277,0,"5","CAMSAP2"
0,0.774408495522292,0.338,0.297,0,"5","TMEM108"
0,0.659334856043873,0.356,0.315,0,"5","GRIA3"
0,0.387085810683305,0.32,0.279,0,"5","PTPRT"
0,0.466822489780637,0.388,0.348,0,"5","COBL"
0,0.380111458837148,0.644,0.604,0,"5","TCF4"
0,0.755945488479648,0.376,0.337,0,"5","TTTY14"
0,0.829701430978673,0.278,0.24,0,"5","SLC22A17"
0,0.82035985421187,0.312,0.278,0,"5","PPP1R12A"
0,0.504189329993575,0.444,0.411,0,"5","PRKN"
0,0.261136171100216,0.587,0.554,0,"5","CADM1"
0,0.971642208468748,0.259,0.227,0,"5","ASTN1"
0,0.462971490804393,0.57,0.538,0,"5","AKT3"
0,0.839647278377023,0.285,0.254,0,"5","RUNX1T1"
0,0.733530419655326,0.352,0.322,0,"5","CSRNP3"
0,0.591111529937325,0.299,0.269,0,"5","NCOA2"
0,0.853130238111112,0.26,0.232,0,"5","NCALD"
0,0.831366212166165,0.303,0.278,0,"5","UNC80"
0,0.518634421329655,0.425,0.4,0,"5","NF1"
0,0.545868272731191,0.327,0.303,0,"5","HECW1"
0,0.787023578628001,0.285,0.262,0,"5","RAPGEF4"
0,0.716375109624436,0.309,0.287,0,"5","FRY"
0,0.693407133735925,0.278,0.261,0,"5","NR3C2"
0,0.679682461661413,0.316,0.299,0,"5","GDAP1"
0,0.369029950342901,0.474,0.457,0,"5","LRRTM3"
0,0.53716790622509,0.352,0.345,0,"5","TSC22D1"
0,0.540193904613639,0.783,0.789,0,"5","SLC26A3"
2.22044604925031e-16,0.513205779873675,0.34,0.328,5.79580827775317e-12,"5","FER"
9.59232693276135e-14,0.307802324660101,0.605,0.622,2.50378917598937e-09,"5","RASGEF1B"
1.7963408538435e-13,0.448008425931121,0.277,0.255,4.68880889670231e-09,"5","HIBCH"
2.55129251058861e-13,0.536568482546979,0.252,0.231,6.65938371113839e-09,"5","SUMF1"
7.28084259549178e-13,0.467453043302182,0.335,0.328,1.90044553427526e-08,"5","TNRC6C"
9.15045816896054e-13,0.384994885371944,0.318,0.299,2.38845259126208e-08,"5","RPL13"
6.67466082404644e-12,0.344074588132495,0.411,0.415,1.7422199682926e-07,"5","GTF2I"
2.79722911500357e-11,0.503213340502682,0.269,0.255,7.30132743598233e-07,"5","PHF21A"
3.28461702281402e-11,0.479076765189486,0.309,0.3,8.57350735294915e-07,"5","TTC28"
4.83544315699191e-11,0.534399869475495,0.309,0.306,1.26214737283803e-06,"5","PHF14"
1.61774660334402e-09,0.323000288661498,0.338,0.33,4.22264218404855e-05,"5","DDX5"
2.65528969700668e-07,0.363053506265676,0.366,0.377,0.00693083716712684,"5","EXOC4"
3.38220618401053e-07,0.489638993392155,0.258,0.251,0.00882823458150428,"5","TUT4"
3.55233201299043e-07,0.453762246420215,0.29,0.286,0.00927229702030763,"5","KCTD8"
6.44859258214225e-07,0.569718680602634,0.256,0.254,0.0168321163579077,"5","UBA6-AS1"
6.48591474972093e-07,0.38155491676492,0.29,0.284,0.0169295346797216,"5","TRA2A"
8.63866974398775e-07,0.453011920190768,0.255,0.249,0.0225486557657568,"5","ZNF365"
0,3.80979192671762,0.819,0.083,0,"6","NXPH1"
0,3.73775986252851,0.796,0.134,0,"6","ZNF385D"
0,3.17756010210525,0.847,0.21,0,"6","KIAA1217"
0,2.94294191043273,0.888,0.257,0,"6","GRIP1"
0,2.64434523272433,0.683,0.127,0,"6","SOX6"
0,2.74178677272073,0.766,0.227,0,"6","XKR4"
0,2.88742804887396,0.767,0.238,0,"6","KCNC2"
0,2.68569855906149,0.642,0.144,0,"6","PTPRM"
0,3.29986961633003,0.615,0.134,0,"6","GRIK1"
0,1.92144019810025,0.93,0.455,0,"6","TENM2"
0,2.55472681986014,0.657,0.196,0,"6","PAM"
0,1.79523328203533,0.812,0.356,0,"6","CADPS"
0,2.49852566076871,0.765,0.309,0,"6","CNTN5"
0,2.70424239874088,0.657,0.204,0,"6","SLIT2"
0,1.87723152097376,0.805,0.357,0,"6","ASTN2"
0,2.24554818640007,0.633,0.186,0,"6","KCNAB1"
0,1.87718090538233,0.974,0.531,0,"6","DLGAP1"
0,3.34457762285216,0.519,0.077,0,"6","TENM1"
0,2.5337045696851,0.676,0.244,0,"6","EPHA6"
0,2.1054858336428,0.806,0.374,0,"6","GRIK2"
0,2.54574617790285,0.621,0.192,0,"6","TENM3"
0,1.74257787995543,0.886,0.458,0,"6","FGF12"
0,2.96211878804445,0.572,0.151,0,"6","ZNF804A"
0,1.71451915902487,0.914,0.502,0,"6","KAZN"
0,2.28511421139627,0.646,0.235,0,"6","GABRG3"
0,3.09038512561971,0.486,0.075,0,"6","MYO16"
0,1.57968046289249,0.771,0.366,0,"6","KCND2"
0,3.42919921926105,0.445,0.043,0,"6","GAD1"
0,0.929590933017716,0.969,0.567,0,"6","SYT1"
0,0.884589522051451,0.921,0.519,0,"6","FGF14"
0,1.55694124980804,0.991,0.592,0,"6","RBFOX1"
0,2.57601503157633,0.535,0.137,0,"6","SNRPN"
0,1.17314104343463,0.803,0.41,0,"6","GRM5"
0,1.11255654138051,0.845,0.457,0,"6","SNTG1"
0,1.649099804123,0.683,0.298,0,"6","GRIN2B"
0,1.88030902874702,0.771,0.389,0,"6","ROBO2"
0,0.993840149608095,0.8,0.421,0,"6","CCSER1"
0,1.82122224665039,0.657,0.278,0,"6","GRIA1"
0,1.57900251271434,0.711,0.332,0,"6","DAB1"
0,1.15607359393379,0.809,0.432,0,"6","ATRNL1"
0,0.837772524424491,0.817,0.441,0,"6","RIMS2"
0,1.84233940767781,0.645,0.273,0,"6","HCN1"
0,1.31963019970545,0.798,0.428,0,"6","OXR1"
0,1.64639961553641,0.691,0.323,0,"6","FAM19A2"
0,1.44697830837396,0.691,0.324,0,"6","PCLO"
0,1.18779384392493,0.874,0.508,0,"6","PLCB1"
0,0.857014721637892,0.943,0.58,0,"6","FAM155A"
0,0.66912963584425,0.941,0.579,0,"6","CSMD1"
0,2.678076444479,0.488,0.126,0,"6","ELAVL2"
0,1.65162122613975,0.667,0.306,0,"6","CNTN4"
0,1.03124740899425,0.867,0.506,0,"6","FRMD4A"
0,2.11965758709404,0.545,0.191,0,"6","SLC44A5"
0,0.895315053341653,0.802,0.451,0,"6","SPOCK3"
0,2.1787143889594,0.993,0.642,0,"6","CNTNAP2"
0,2.26120763431075,0.56,0.213,0,"6","SGCZ"
0,3.20126169568298,0.415,0.07,0,"6","AC010127.1"
0,3.10337037760911,0.41,0.067,0,"6","VWC2"
0,0.898689554807643,0.775,0.434,0,"6","MDGA2"
0,1.21762771275204,0.692,0.351,0,"6","DLGAP2"
0,1.41336615397625,0.654,0.314,0,"6","UNC5D"
0,1.34927393679863,0.82,0.481,0,"6","MEF2C"
0,0.951171332548608,0.741,0.404,0,"6","AGBL4"
0,0.508678259587541,0.858,0.521,0,"6","OPCML"
0,2.80154607452106,0.41,0.074,0,"6","KIF26B"
0,1.07929499474632,0.863,0.528,0,"6","NEGR1"
0,3.51011541591388,0.365,0.03,0,"6","GAD2"
0,2.64629592550774,0.406,0.073,0,"6","ADCY8"
0,2.56133043658891,0.422,0.089,0,"6","PTCHD4"
0,1.11459649234427,0.781,0.45,0,"6","NBEA"
0,1.27409112585033,0.662,0.332,0,"6","MYT1L"
0,0.70416963188163,0.88,0.552,0,"6","LRRTM4"
0,2.28919484486184,0.494,0.167,0,"6","CDH9"
0,1.53929895282182,0.602,0.277,0,"6","SCN1A"
0,1.5919605984661,0.515,0.193,0,"6","TIAM1"
0,0.70398223802359,0.955,0.634,0,"6","NRG3"
0,3.74733154376042,0.352,0.031,0,"6","BTBD11"
0,1.47820364231536,0.609,0.29,0,"6","SYN2"
0,1.74901560915979,0.545,0.227,0,"6","SETBP1"
0,1.2767610077022,0.767,0.45,0,"6","MAGI1"
0,1.56634168616435,0.988,0.671,0,"6","NRXN3"
0,1.34146049716819,0.658,0.344,0,"6","GABRB2"
0,3.98948849956436,0.341,0.027,0,"6","ANK1"
0,2.1764827881851,0.451,0.14,0,"6","RAB3C"
0,2.07195111970801,0.489,0.179,0,"6","ZMAT4"
0,0.992312343435225,0.644,0.335,0,"6","KCTD16"
0,1.42998633125497,0.582,0.273,0,"6","PTPRN2"
0,1.16214838108063,0.641,0.333,0,"6","SLC4A10"
0,2.57393220668941,0.835,0.527,0,"6","ERBB4"
0,1.21298296374013,0.606,0.299,0,"6","PRKG1"
0,1.44994624908593,0.643,0.337,0,"6","CNTNAP5"
0,2.45464080700633,0.387,0.083,0,"6","ADAMTS9-AS2"
0,1.27623927876161,0.606,0.305,0,"6","ATP8A2"
0,1.92050233456628,0.402,0.103,0,"6","KLHL5"
0,1.6879355579141,0.474,0.178,0,"6","KLF12"
0,0.941065269809802,0.664,0.369,0,"6","FRMPD4"
0,0.925180682170528,0.698,0.404,0,"6","MAP2"
0,1.26065436632468,0.766,0.474,0,"6","LRRC4C"
0,1.20413157732977,0.594,0.303,0,"6","GRIA3"
0,1.14008453125245,0.639,0.349,0,"6","PTPRG"
0,0.741763931389761,0.58,0.29,0,"6","ANO4"
0,2.5379682513544,0.361,0.072,0,"6","NHS"
0,1.29350354056452,0.569,0.28,0,"6","RPS6KA2"
0,1.4593815759874,0.435,0.15,0,"6","PCDH15"
0,2.18314284601686,0.408,0.123,0,"6","THSD7A"
0,1.62638489831177,0.502,0.219,0,"6","NCALD"
0,1.1131269502876,0.684,0.403,0,"6","GRIA4"
0,2.13713472602348,0.47,0.189,0,"6","GPC6"
0,1.18169992307653,0.596,0.315,0,"6","CACNA1A"
0,1.32950862632125,0.556,0.278,0,"6","SUPT3H"
0,3.64527323701539,0.311,0.033,0,"6","TRPC4"
0,0.601822174564954,0.696,0.418,0,"6","RYR2"
0,1.67112046605274,0.389,0.112,0,"6","TMEM132C"
0,1.01613465938991,0.736,0.459,0,"6","SPARCL1"
0,0.900216563798632,0.731,0.457,0,"6","NTRK2"
0,0.74494918751826,0.673,0.401,0,"6","KHDRBS2"
0,0.256499564281523,0.702,0.431,0,"6","KCNQ5"
0,1.18009778714024,0.561,0.293,0,"6","ERC1"
0,1.37674482916414,0.539,0.271,0,"6","AC073050.1"
0,3.59741882618477,0.304,0.037,0,"6","SAMD5"
0,1.37295933222642,0.524,0.26,0,"6","OSBPL6"
0,1.73520450924099,0.423,0.16,0,"6","SDK1"
0,2.1866431445629,0.357,0.094,0,"6","CNTNAP3B"
0,1.0755315433336,0.558,0.298,0,"6","TMEM178B"
0,0.8992320823818,0.717,0.458,0,"6","AHI1"
0,0.895121896376812,0.698,0.442,0,"6","SMYD3"
0,0.480225582731291,0.702,0.45,0,"6","RGS7"
0,0.756094149015363,0.72,0.468,0,"6","DPP6"
0,2.48800254110508,0.321,0.07,0,"6","PLCXD3"
0,2.16613535118871,0.399,0.148,0,"6","PCDH11X"
0,0.891645956445162,0.599,0.349,0,"6","ERC2"
0,1.77667183676849,0.425,0.176,0,"6","DOK6"
0,1.10583203907757,0.535,0.287,0,"6","TMEM108"
0,1.97386620244883,0.378,0.13,0,"6","CACNB4"
0,1.14024678435271,0.504,0.258,0,"6","INPP4B"
0,0.841969830037218,0.84,0.594,0,"6","TCF4"
0,0.944377142848552,0.641,0.395,0,"6","GNAS"
0,1.00842042108329,0.543,0.298,0,"6","ADGRL2"
0,1.14113285890954,0.523,0.28,0,"6","CELF4"
0,0.76757292100322,0.702,0.461,0,"6","ENOX1"
0,2.00844743392852,0.482,0.242,0,"6","GALNTL6"
0,0.963599503015214,0.53,0.292,0,"6","ZNF385B"
0,2.17863379427108,0.3,0.062,0,"6","KIAA1211"
0,0.836890469638383,0.463,0.227,0,"6","SLC9A9"
0,2.26439746768793,0.791,0.557,0,"6","DPP10"
0,3.59568152626116,0.264,0.031,0,"6","AL033504.1"
0,0.342314945027835,0.498,0.266,0,"6","ZNF536"
0,0.907569135505327,0.567,0.336,0,"6","RASAL2"
0,0.661292360483832,0.856,0.626,0,"6","ADGRL3"
0,1.26139010290963,0.491,0.261,0,"6","MGAT4C"
0,0.755254632940409,0.582,0.352,0,"6","LRFN5"
0,0.984952381491246,0.458,0.229,0,"6","RASGRF2"
0,2.39273043220683,0.289,0.06,0,"6","PLCH1"
0,0.340148372536751,0.777,0.55,0,"6","RORA"
0,1.18337305259553,0.335,0.111,0,"6","SLC6A1"
0,1.1711201406809,0.477,0.253,0,"6","RAPGEF4"
0,1.1519415515731,0.361,0.137,0,"6","KCNMB2-AS1"
0,1.01289035877793,0.473,0.249,0,"6","AC006148.1"
0,0.689497455968882,0.725,0.502,0,"6","TNRC6A"
0,1.29104514962426,0.44,0.219,0,"6","PPM1E"
0,1.43318722599838,0.468,0.248,0,"6","CDH13"
0,1.37882118566116,0.464,0.245,0,"6","RUNX1T1"
0,1.803786517071,0.298,0.079,0,"6","FGF13"
0,0.736405872288789,0.678,0.463,0,"6","ATP1B1"
0,2.04816937886438,0.278,0.063,0,"6","ADAMTS17"
0,0.867291303082018,0.543,0.328,0,"6","NSF"
0,1.14770703244738,0.379,0.164,0,"6","STXBP6"
0,1.82787590288466,0.349,0.135,0,"6","PLXNA4"
0,1.8576459453533,0.325,0.112,0,"6","FAR2"
0,1.99671920242839,0.299,0.086,0,"6","OSBPL3"
0,2.3035082779382,0.286,0.074,0,"6","CPLX1"
0,0.951556022401745,0.498,0.287,0,"6","PAK3"
0,0.265309136530421,0.79,0.58,0,"6","NAV3"
0,1.00184383201082,0.485,0.275,0,"6","TMEM132B"
0,0.658527345146063,0.638,0.429,0,"6","CSMD3"
0,1.20782605101698,0.331,0.122,0,"6","LUZP2"
0,0.709404253950341,0.37,0.161,0,"6","SLC6A1-AS1"
0,1.07046819262391,0.477,0.268,0,"6","ST6GALNAC5"
0,1.13670179073281,0.426,0.219,0,"6","OSBPL8"
0,0.324725091310364,0.893,0.686,0,"6","ANKS1B"
0,1.15987806262656,0.441,0.235,0,"6","KCNJ3"
0,1.42436548152936,0.398,0.192,0,"6","SRRM4"
0,0.601744440604186,0.592,0.386,0,"6","PLEKHA5"
0,0.491583225833029,0.563,0.359,0,"6","DCLK1"
0,1.36425272023867,0.559,0.356,0,"6","ROBO1"
0,0.661150381082114,0.611,0.408,0,"6","FBXL17"
0,0.716930750660628,0.6,0.397,0,"6","CAMTA1"
0,1.07626542760862,0.466,0.264,0,"6","ESRRG"
0,1.57423499082557,0.288,0.086,0,"6","ALK"
0,0.78807571932604,0.539,0.338,0,"6","AAK1"
0,0.492460468453405,0.524,0.323,0,"6","SLC35F1"
0,1.86813384685557,0.303,0.102,0,"6","VSTM2A"
0,0.787180999145851,0.461,0.261,0,"6","NCOA2"
0,0.692495512717912,0.575,0.376,0,"6","TRIO"
0,0.963986945423478,0.464,0.266,0,"6","CERS6"
0,1.28072249489632,0.381,0.184,0,"6","SV2A"
0,0.783794799833212,0.617,0.42,0,"6","PCDH7"
0,1.10028622624381,0.445,0.248,0,"6","SHISA9"
0,1.2955889400388,0.36,0.163,0,"6","GRK3"
0,1.35383823170413,0.367,0.171,0,"6","LRRFIP1"
0,0.406247440305451,0.572,0.376,0,"6","TNIK"
0,1.5565866710099,0.331,0.136,0,"6","TMTC1"
0,0.290227576645223,0.727,0.532,0,"6","MAPK10"
0,1.00048240312378,0.452,0.258,0,"6","MYRIP"
0,0.825854289885678,0.504,0.31,0,"6","AC124312.1"
0,0.785652889202412,0.471,0.277,0,"6","SORBS2"
0,0.575913711657691,0.599,0.407,0,"6","SYNE1"
0,0.337737974221881,0.621,0.43,0,"6","SOX5"
0,0.450114792885228,0.528,0.338,0,"6","HS6ST3"
0,0.926243262774525,0.441,0.251,0,"6","FMN1"
0,0.54903351864389,0.804,0.615,0,"6","AUTS2"
0,0.865017671024574,0.332,0.143,0,"6","PLD5"
0,1.91030595201999,0.34,0.151,0,"6","SYNPR"
0,0.643142461680545,0.542,0.355,0,"6","CACNA1C"
0,1.22015416500422,0.386,0.199,0,"6","NMNAT2"
0,1.09906044217957,0.429,0.242,0,"6","SLC25A12"
0,0.986104968440534,0.445,0.259,0,"6","SERPINI1"
0,0.813886594256845,0.47,0.284,0,"6","XKR6"
0,1.41588795644387,0.355,0.169,0,"6","CALN1"
0,0.489449326808245,0.757,0.572,0,"6","DOCK3"
0,0.754144757496405,0.467,0.282,0,"6","ASIC2"
0,0.923857298575284,0.456,0.271,0,"6","UNC80"
0,0.330446124989563,0.632,0.447,0,"6","SNAP25"
0,1.31789912199249,0.35,0.165,0,"6","MEG8"
0,1.45934331438843,0.338,0.155,0,"6","PACRG"
0,0.705274581182089,0.463,0.28,0,"6","MCTP1"
0,1.17117399980673,0.374,0.192,0,"6","CACNA1D"
0,0.873590829370774,0.427,0.245,0,"6","UBA6-AS1"
0,1.63011922364856,0.269,0.089,0,"6","GNAL"
0,0.705265032220443,0.504,0.324,0,"6","LINC00632"
0,0.703665222875558,0.859,0.679,0,"6","MT-CO1"
0,1.05980682607243,0.392,0.213,0,"6","SPAG16"
0,1.86300386988123,0.267,0.088,0,"6","PPARGC1A"
0,0.754331159619603,0.518,0.339,0,"6","CDH18"
0,0.799695864087772,0.478,0.299,0,"6","SNAP91"
0,0.600145043148631,0.51,0.331,0,"6","CACNA1B"
0,0.88111571134766,0.419,0.24,0,"6","DAAM1"
0,0.48071328791366,0.561,0.384,0,"6","THRB"
0,2.17779948078529,0.253,0.076,0,"6","OSBPL10"
0,0.404745482143567,0.6,0.423,0,"6","KCNMA1"
0,0.384980691072772,0.67,0.494,0,"6","PPFIA2"
0,0.854834260593929,0.442,0.266,0,"6","ATP2B2"
0,0.534874562929881,0.58,0.404,0,"6","MYCBP2"
0,0.963537441121801,0.32,0.145,0,"6","SAT1"
0,0.7796115154505,0.471,0.296,0,"6","PRKCE"
0,0.994850348438745,0.407,0.232,0,"6","MEF2C-AS1"
0,1.34238765146946,0.337,0.163,0,"6","NDST3"
0,1.24860716725967,0.331,0.158,0,"6","ST8SIA1"
0,0.810797631791841,0.461,0.289,0,"6","SLC2A13"
0,1.31157382547311,0.341,0.169,0,"6","SRRM3"
0,0.777358615745352,0.493,0.321,0,"6","DANT2"
0,0.342206982272974,0.826,0.654,0,"6","CTNND2"
0,0.51970800795032,0.95,0.778,0,"6","ADGRB3"
0,1.99544111703841,0.265,0.094,0,"6","ANKRD34C-AS1"
0,0.755782382931671,0.472,0.301,0,"6","SPTBN4"
0,0.670088410440063,0.501,0.331,0,"6","TTTY14"
0,0.959249782171344,0.397,0.228,0,"6","SYT14"
0,0.455282397657082,0.443,0.274,0,"6","KCNH7"
0,0.695819643100689,0.469,0.3,0,"6","SCN2A"
0,1.54483486152496,0.288,0.119,0,"6","FHOD3"
0,1.97618296048853,0.257,0.089,0,"6","TSHZ3"
0,1.17310285153547,0.36,0.192,0,"6","SYT16"
0,0.765198689162156,0.455,0.288,0,"6","GRIN1"
0,0.451188940286462,0.379,0.212,0,"6","DNER"
0,1.2588051943581,0.335,0.169,0,"6","LINC00599"
0,0.891387661642735,0.408,0.243,0,"6","PCSK1N"
0,0.609805192830196,0.474,0.309,0,"6","KCNQ3"
0,0.960243421967619,0.393,0.23,0,"6","KSR2"
0,1.05677355331031,0.371,0.209,0,"6","TENM4"
0,0.567501621284083,0.489,0.327,0,"6","RIMS1"
0,0.780495296762083,0.431,0.269,0,"6","SYP"
0,0.369970793882729,0.479,0.317,0,"6","MMP16"
0,0.70350965578062,0.311,0.15,0,"6","MTSS1"
0,1.27179618807326,0.36,0.199,0,"6","LINC01322"
0,0.855520296664586,0.403,0.243,0,"6","PWAR6"
0,0.744891904903119,0.431,0.271,0,"6","GABBR2"
0,1.75696001215268,0.251,0.092,0,"6","KCNC1"
0,0.523343118064495,0.457,0.3,0,"6","FAM49B"
0,1.43208533029557,0.296,0.139,0,"6","FAM189A1"
0,0.902127231415418,0.448,0.292,0,"6","CDH12"
0,0.482394526238671,0.46,0.304,0,"6","REV3L"
0,1.35815750966012,0.297,0.141,0,"6","FAM135B"
0,1.59395535429301,0.321,0.166,0,"6","NETO1"
0,0.606909457300863,0.46,0.306,0,"6","MAST4"
0,0.585046346561116,0.466,0.312,0,"6","CPEB3"
0,0.650988287298178,0.412,0.258,0,"6","ARL15"
0,0.319282128187498,0.691,0.537,0,"6","LIMCH1"
0,0.43664595565281,0.547,0.394,0,"6","NF1"
0,1.69602965785908,0.258,0.105,0,"6","CACNG2"
0,0.826757346695505,0.355,0.202,0,"6","NLGN4X"
0,0.620257839156518,0.468,0.316,0,"6","CSRNP3"
0,0.607400638991918,0.512,0.36,0,"6","GRIN2A"
0,1.21039797616932,0.309,0.157,0,"6","ADCY1"
0,1.33641231196104,0.289,0.137,0,"6","PKNOX2"
0,0.738211577074798,0.376,0.225,0,"6","HIVEP3"
0,0.351498174366107,0.514,0.364,0,"6","NAV2"
0,0.737657766934319,0.405,0.255,0,"6","EPB41L3"
0,0.593567784246162,0.429,0.279,0,"6","KCTD8"
0,0.687753257656975,0.415,0.265,0,"6","GALNT17"
0,0.506845887400349,0.49,0.34,0,"6","UNC79"
0,0.991085550277219,0.345,0.195,0,"6","ABCA5"
0,1.12069826639746,0.329,0.18,0,"6","PAK5"
0,0.599035503211328,0.465,0.316,0,"6","RBFOX2"
0,0.351677979874105,0.75,0.602,0,"6","GPHN"
0,0.774029400922934,0.365,0.217,0,"6","SCMH1"
0,0.726595959076214,0.421,0.273,0,"6","SMARCA2"
0,0.340719164618136,0.563,0.416,0,"6","TRIM9"
0,1.6284315403151,0.256,0.11,0,"6","TMEM178A"
0,1.39469445563188,0.264,0.118,0,"6","TRERF1"
0,0.349758650700684,0.801,0.655,0,"6","FTX"
0,0.874121253657626,0.367,0.221,0,"6","ASTN1"
0,0.979429205236914,0.368,0.222,0,"6","AC092683.1"
0,0.383540325406455,0.585,0.439,0,"6","SIPA1L1"
0,0.50036843226532,0.389,0.244,0,"6","CAMK2D"
0,1.13100070637564,0.322,0.178,0,"6","SHANK2"
0,1.2048764992949,0.312,0.168,0,"6","RUNDC3B"
0,0.733052836045311,0.376,0.232,0,"6","EVL"
0,0.66823884105681,0.411,0.267,0,"6","DENND5B"
0,0.782252361202869,0.379,0.236,0,"6","ANKRD26"
0,0.675915638973263,0.356,0.213,0,"6","GARNL3"
0,0.656991375868698,0.423,0.28,0,"6","STRBP"
0,0.648664921814198,0.423,0.28,0,"6","DNM1"
0,1.33888935245787,0.304,0.164,0,"6","FSTL5"
0,1.33346173424458,0.282,0.142,0,"6","KCNJ6"
0,0.478476141076176,0.457,0.321,0,"6","DGKI"
0,0.525073749354083,0.392,0.256,0,"6","CCDC91"
0,0.828161951713099,0.374,0.238,0,"6","SCN8A"
0,1.21911963915013,0.292,0.156,0,"6","STXBP5-AS1"
0,0.779290258980192,0.35,0.214,0,"6","C2CD5"
0,0.602525393218789,0.415,0.279,0,"6","ANKRD36C"
0,0.679172571039076,0.385,0.25,0,"6","MAN1A2"
0,0.834131634138339,0.268,0.133,0,"6","ANKS1A"
0,0.598958904726327,0.398,0.263,0,"6","ADK"
0,1.60662104185868,0.262,0.127,0,"6","PCDH11Y"
0,0.368672280254487,0.41,0.276,0,"6","LDLRAD4"
0,0.788040348086804,0.358,0.226,0,"6","PCNX2"
0,0.818712456343664,0.303,0.171,0,"6","MAGED1"
0,0.542051178315575,0.349,0.217,0,"6","ABLIM1"
0,0.517884396661567,0.439,0.308,0,"6","MLLT3"
0,1.11708713960037,0.269,0.139,0,"6","NSG2"
0,1.35956608250214,0.257,0.127,0,"6","CLVS2"
0,0.318525287412747,0.567,0.437,0,"6","RABGAP1L"
0,0.347550882354417,0.585,0.455,0,"6","TMEM161B-AS1"
0,0.776087310826344,0.339,0.21,0,"6","SNAP25-AS1"
0,0.716850602700182,0.368,0.239,0,"6","SPTAN1"
0,0.565418786780068,0.372,0.243,0,"6","VWA8"
0,0.613379439519,0.361,0.232,0,"6","AIG1"
0,0.996259148760377,0.27,0.143,0,"6","PDE3B"
0,1.00778258398597,0.318,0.191,0,"6","CHD5"
0,0.317004306389454,0.679,0.552,0,"6","MT-ND1"
0,0.335868057750963,0.565,0.438,0,"6","TTC3"
0,0.29663493147845,0.558,0.432,0,"6","PDE4DIP"
0,0.401673586404094,0.445,0.319,0,"6","AFF3"
0,0.448901701378281,0.437,0.311,0,"6","IDS"
0,0.470837206513351,0.255,0.129,0,"6","SFMBT2"
0,0.416219618505454,0.413,0.288,0,"6","DTNB"
0,0.900801685445606,0.282,0.157,0,"6","INPP5F"
0,0.352255630042721,0.772,0.648,0,"6","MT-CYB"
0,0.402146442417222,0.446,0.323,0,"6","FER"
0,0.403723958554386,0.487,0.364,0,"6","STXBP5"
0,1.38655734821981,0.273,0.151,0,"6","BCL11A"
0,0.848827301901521,0.296,0.174,0,"6","ZFYVE9"
0,0.492530056503991,0.394,0.272,0,"6","BICD1"
0,0.45822394914196,0.385,0.264,0,"6","JAZF1"
0,0.555908344065246,0.363,0.243,0,"6","RASA1"
0,0.833489003030661,0.298,0.178,0,"6","SCAMP5"
0,0.448283025476653,0.437,0.318,0,"6","EHBP1"
0,0.441302002099047,0.535,0.417,0,"6","SLC8A1"
0,0.426246605833928,0.466,0.348,0,"6","MPHOSPH8"
0,0.741346609733116,0.265,0.147,0,"6","CLEC16A"
0,0.524347485032433,0.374,0.256,0,"6","KMT2A"
0,0.50126702811948,0.338,0.221,0,"6","TRAF3IP2-AS1"
0,0.509375323036401,0.373,0.256,0,"6","SRGAP3"
0,0.544520606312689,0.376,0.259,0,"6","AEBP2"
0,0.47363598717249,0.437,0.32,0,"6","LARGE1"
0,0.540644262815821,0.899,0.782,0,"6","MT-CO3"
0,0.830710625372251,0.284,0.167,0,"6","KIF9-AS1"
0,0.52269023406502,0.334,0.218,0,"6","ITSN1"
0,0.853439332905529,0.3,0.184,0,"6","DAPK1"
0,0.882016026921079,0.283,0.167,0,"6","PRICKLE2"
0,0.438930210428733,0.811,0.696,0,"6","MT-ATP6"
0,0.470111444763732,0.368,0.253,0,"6","EXT1"
0,0.856043457934665,0.283,0.168,0,"6","PDE10A"
0,0.541459962223487,0.276,0.162,0,"6","RALGPS1"
0,0.875103688393689,0.29,0.176,0,"6","TTN-AS1"
0,1.02226693360605,0.483,0.369,0,"6","GRID2"
0,0.323454865740622,0.452,0.338,0,"6","DYNC1I1"
0,0.796092194350718,0.276,0.163,0,"6","SEZ6L2"
0,0.609305805724403,0.886,0.773,0,"6","MT-CO2"
0,0.425423521193046,0.382,0.27,0,"6","ARNT2"
0,0.488642958242206,0.328,0.217,0,"6","PTPRS"
0,0.952713139005294,0.276,0.165,0,"6","MIAT"
0,0.490888630790272,0.37,0.26,0,"6","TBCK"
0,0.498502930520878,0.336,0.227,0,"6","STOX2"
0,0.36918505455717,0.341,0.232,0,"6","CUX1"
0,1.00952206190724,0.255,0.146,0,"6","TSPYL2"
0,0.292482792531028,0.509,0.4,0,"6","PBX1"
0,0.829478144859124,0.291,0.182,0,"6","KIAA0825"
0,0.776762082946338,0.298,0.189,0,"6","GABRA1"
0,0.720964171824455,0.287,0.178,0,"6","MICU3"
0,0.290206050342595,0.459,0.351,0,"6","PREPL"
0,0.552116475862646,0.323,0.215,0,"6","SPATS2L"
0,0.702886808222552,0.334,0.226,0,"6","ITPR1"
0,0.778679919436569,0.332,0.224,0,"6","PDZRN3"
0,0.589562214446952,0.336,0.228,0,"6","ADAM22"
0,0.608686076617176,0.289,0.181,0,"6","UMAD1"
0,0.457692986055564,0.404,0.297,0,"6","CDK14"
0,0.5898564370491,0.33,0.223,0,"6","WDR60"
0,0.417591786721341,0.363,0.256,0,"6","SPIN1"
0,0.279359436061281,0.446,0.339,0,"6","SBF2"
0,0.840294914018627,0.28,0.174,0,"6","MARK1"
0,0.609291041662576,0.327,0.221,0,"6","MAP3K13"
0,0.477614789520525,0.331,0.225,0,"6","TTBK2"
0,0.310640029820308,0.469,0.363,0,"6","ITFG1"
0,0.791686167963043,0.282,0.176,0,"6","NDRG4"
0,0.629348709982498,0.322,0.217,0,"6","HSPA12A"
0,0.348722366011265,0.354,0.249,0,"6","RCAN2"
0,0.823870181584058,0.288,0.183,0,"6","ARHGAP44"
0,0.421057233947802,0.351,0.247,0,"6","SOS1"
0,0.428528000379809,0.329,0.226,0,"6","VPS13D"
0,0.834886581246308,0.264,0.161,0,"6","ODF2L"
0,0.650997925101399,0.282,0.179,0,"6","STMN2"
0,0.653338996575305,0.287,0.184,0,"6","PHF20L1"
0,0.25578560694412,0.309,0.208,0,"6","BACH2"
0,0.62552720747589,0.31,0.21,0,"6","NOL4"
0,0.494487575174115,0.331,0.231,0,"6","MT-ND5"
0,0.496045751899487,0.353,0.253,0,"6","BMPR2"
0,0.370017606368474,0.839,0.739,0,"6","MT-ND4"
0,0.405416753359219,0.275,0.176,0,"6","SH3KBP1"
0,0.330768825929892,0.317,0.218,0,"6","PKD2"
0,0.51220136603718,0.324,0.225,0,"6","HIVEP2"
0,1.63505220727235,0.264,0.165,0,"6","TRHDE"
0,0.367188468464817,0.365,0.266,0,"6","KIF5C"
0,0.431286807912166,0.309,0.211,0,"6","TRPC1"
0,0.413622215506275,0.33,0.233,0,"6","BABAM2"
0,0.616077891366279,0.313,0.216,0,"6","ST7"
0,0.372227473478136,0.339,0.243,0,"6","CHCHD3"
0,0.730294340247277,0.263,0.167,0,"6","FARP1"
0,0.373190148037202,0.375,0.279,0,"6","VSNL1"
0,0.41913436711833,0.377,0.281,0,"6","ANKRD36"
0,0.587089437517138,0.29,0.194,0,"6","STAU2"
0,0.741435902478705,0.27,0.175,0,"6","INPP4A"
0,0.822022170641582,0.275,0.18,0,"6","SYBU"
0,0.551653606630963,0.25,0.155,0,"6","FAM208B"
0,0.284420049797649,0.369,0.274,0,"6","MICAL3"
0,0.329544026887584,0.336,0.242,0,"6","COG5"
0,0.509158264173858,0.267,0.173,0,"6","SND1"
0,0.265609147328169,0.383,0.289,0,"6","VPS13B"
0,0.371227194558582,0.334,0.24,0,"6","CHD6"
0,0.58880064229182,0.252,0.158,0,"6","C11orf58"
0,0.265030135163343,0.435,0.341,0,"6","TSC22D1"
0,0.457354689143184,0.281,0.189,0,"6","CNNM2"
0,0.422178110431046,0.32,0.228,0,"6","TFDP2"
0,0.599696967098678,0.291,0.199,0,"6","CSMD2"
0,0.31121157018034,0.4,0.309,0,"6","CLSTN1"
0,0.332475781461997,0.374,0.283,0,"6","FAIM2"
0,0.503275700139396,0.261,0.17,0,"6","PPM1K"
0,0.540288173169731,0.274,0.185,0,"6","PPP2R5E"
0,0.407985987561881,0.318,0.229,0,"6","ATP1A1"
0,0.491981943448663,0.305,0.216,0,"6","CPLANE1"
0,0.697664594361394,0.261,0.173,0,"6","ELAVL4"
0,0.488648052415928,0.264,0.176,0,"6","MAP1A"
0,0.384832946827025,0.333,0.245,0,"6","PLD3"
0,0.490803361243579,0.313,0.225,0,"6","GABRG2"
0,0.348467865071616,0.335,0.248,0,"6","HDAC8"
0,0.664158171409621,0.269,0.182,0,"6","MYH10"
0,0.42728824078555,0.266,0.179,0,"6","LRRC37A3"
0,0.655664191135241,0.251,0.164,0,"6","PATJ"
0,0.359884657027525,0.289,0.202,0,"6","TPST1"
0,0.428022887300397,0.385,0.299,0,"6","MTUS2"
0,0.47379670652495,0.296,0.21,0,"6","FBXL20"
0,0.455064487386355,0.302,0.217,0,"6","TLN2"
0,0.566697093934141,0.293,0.209,0,"6","AMPH"
0,0.345735117126968,0.341,0.258,0,"6","HECTD4"
0,0.653331800392075,0.259,0.177,0,"6","SEPT11"
0,0.401503142505565,0.289,0.207,0,"6","APBA1"
0,0.277663449431074,0.355,0.273,0,"6","ENO2"
0,0.325282336276566,0.279,0.198,0,"6","ARFGEF1"
0,0.310415172477388,0.335,0.254,0,"6","CALM3"
0,0.635131148152626,0.272,0.192,0,"6","PRICKLE1"
0,0.466798623274998,0.263,0.184,0,"6","PIK3CA"
0,0.546148433599093,0.259,0.18,0,"6","EFR3A"
0,0.311854197774241,0.363,0.284,0,"6","FRY"
0,0.412239675156703,0.321,0.244,0,"6","GUCY1A2"
0,0.472181254418733,0.283,0.206,0,"6","KIFAP3"
0,0.341307401811728,0.282,0.205,0,"6","DNM1L"
0,0.525246709634248,0.276,0.2,0,"6","SCAI"
0,0.318546388162499,0.348,0.272,0,"6","FOCAD"
0,0.33936195877538,0.268,0.193,0,"6","TMEM117"
0,0.33911973710907,0.281,0.207,0,"6","ASCC3"
0,0.312276525569011,0.269,0.195,0,"6","NEK1"
0,0.377738768340318,0.303,0.229,0,"6","USP9Y"
0,0.33899954334989,0.271,0.198,0,"6","OLA1"
0,0.416694916610961,0.3,0.227,0,"6","CAMK2B"
0,0.411736524031267,0.291,0.219,0,"6","THY1"
0,0.377346517054996,0.282,0.21,0,"6","KAT6B"
0,0.345118993151102,0.306,0.236,0,"6","R3HDM2"
0,0.358361679248242,0.264,0.195,0,"6","CEP290"
0,0.339515240017857,0.3,0.233,0,"6","GLCCI1"
0,0.415426667321209,0.287,0.221,0,"6","TSPAN7"
0,0.284922064911807,0.311,0.246,0,"6","ADAM23"
0,0.258010605160204,0.251,0.186,0,"6","BICRAL"
0,0.311486654765406,0.291,0.226,0,"6","PTPN4"
0,0.310735834122396,0.955,0.89,0,"6","MAGI2"
0,0.294792690963625,0.295,0.231,0,"6","KIF21A"
0,0.265463238231532,0.279,0.216,0,"6","RFX7"
0,0.414648731843408,0.251,0.19,0,"6","ZNF91"
0,0.263673405130818,0.291,0.231,0,"6","NORAD"
0,0.312952130766142,0.25,0.191,0,"6","CLIP1"
0,0.448530264484651,0.255,0.197,0,"6","FP700111.1"
0,0.448748275090743,0.336,0.278,0,"6","PTPRT"
0,0.387090358224011,0.269,0.212,0,"6","GPR158"
0,0.253533870757575,0.273,0.217,0,"6","RNPC3"
1.56339385881665e-11,0.30280903032628,0.407,0.371,4.08077065028323e-07,"6","KIRREL3"
0,3.73949643160816,0.899,0.123,0,"7","TSHZ2"
0,2.65425030894432,0.925,0.232,0,"7","DCC"
0,3.48055288601199,0.789,0.097,0,"7","IL1RAPL2"
0,2.65588205814443,0.863,0.19,0,"7","RORB"
0,1.90884978713892,0.957,0.302,0,"7","CNTN5"
0,2.16091269892501,0.922,0.313,0,"7","FAM19A2"
0,2.40722743213815,0.802,0.201,0,"7","TOX"
0,1.97639184919717,0.966,0.388,0,"7","KHDRBS2"
0,1.65272268162157,0.985,0.409,0,"7","RALYL"
0,2.7441172855702,0.683,0.109,0,"7","FOXP2"
0,1.67449178360249,0.866,0.305,0,"7","UNC5D"
0,1.53863641522988,0.878,0.318,0,"7","LINGO2"
0,2.19524629000905,0.747,0.193,0,"7","POU6F2"
0,1.48056349535185,0.961,0.418,0,"7","IQCJ-SCHIP1"
0,1.75991829454565,0.827,0.285,0,"7","ADGRL2"
0,1.26425979667221,0.955,0.419,0,"7","KCNQ5"
0,1.63199869480591,0.816,0.295,0,"7","NELL2"
0,1.3540523851239,0.972,0.452,0,"7","SNTG1"
0,1.38598716953695,0.844,0.325,0,"7","LDB2"
0,1.46388858771472,0.858,0.339,0,"7","LRFN5"
0,3.35276629216399,0.6,0.083,0,"7","SLC22A10"
0,1.62440354317912,0.835,0.318,0,"7","PCLO"
0,1.35819479060645,0.905,0.397,0,"7","AGBL4"
0,3.04824213608071,0.59,0.082,0,"7","VWC2L"
0,1.18672189971313,0.912,0.409,0,"7","RYR2"
0,4.08017963184768,0.538,0.036,0,"7","AC016687.2"
0,1.14782034083578,0.93,0.428,0,"7","ATRNL1"
0,1.68267160430895,0.74,0.243,0,"7","OLFM3"
0,1.19098401188424,0.931,0.437,0,"7","RIMS2"
0,2.28573795462106,0.66,0.166,0,"7","FSTL4"
0,1.44423239246772,0.863,0.37,0,"7","THRB"
0,2.67416075180238,0.598,0.107,0,"7","KCNH5"
0,1.17060777734795,0.89,0.4,0,"7","SLC8A1"
0,1.5826553543063,0.769,0.282,0,"7","HECW1"
0,1.48705113519679,0.815,0.328,0,"7","KHDRBS3"
0,1.55871301666203,0.778,0.293,0,"7","CHSY3"
0,1.47407241057837,0.765,0.281,0,"7","ZNF385B"
0,1.58154776500237,0.732,0.248,0,"7","INPP4B"
0,1.40163087595073,0.791,0.316,0,"7","EFNA5"
0,3.08762171146039,0.565,0.09,0,"7","LINC01725"
0,1.07352007994045,0.884,0.412,0,"7","KALRN"
0,1.25011264927101,0.722,0.251,0,"7","NRG1"
0,0.779854710503768,0.902,0.432,0,"7","STXBP5L"
0,1.39671731617516,0.986,0.516,0,"7","OPCML"
0,1.28598518125701,0.805,0.338,0,"7","GABRB2"
0,1.47000053518786,0.786,0.319,0,"7","CAMK1D"
0,1.08244663111805,0.834,0.367,0,"7","GRM7"
0,0.863546153020641,0.92,0.457,0,"7","FGF12"
0,1.10431382028818,0.807,0.346,0,"7","DLGAP2"
0,1.13782922776173,0.936,0.476,0,"7","MEF2C"
0,0.988378925369343,0.875,0.418,0,"7","CSMD3"
0,0.873164625881352,0.862,0.408,0,"7","GRM5"
0,0.979547263319337,0.817,0.363,0,"7","FRMPD4"
0,1.97413427733606,0.602,0.149,0,"7","TRHDE"
0,0.963970685159271,0.861,0.409,0,"7","PCDH7"
0,2.96958347129974,0.505,0.054,0,"7","LINC02232"
0,0.991101234295916,0.87,0.419,0,"7","CCSER1"
0,0.694160464065329,0.966,0.518,0,"7","FGF14"
0,1.01041244528652,0.873,0.427,0,"7","R3HDM1"
0,1.70298928021365,0.633,0.188,0,"7","SLC44A5"
0,1.19781753000885,0.772,0.327,0,"7","SLC4A10"
0,0.858597191209375,0.902,0.458,0,"7","TENM2"
0,1.40431795573537,0.734,0.292,0,"7","GABRB3"
0,1.01334618554149,0.798,0.357,0,"7","PDE1A"
0,0.499128223604875,0.855,0.414,0,"7","DSCAM"
0,1.19878882653325,0.702,0.261,0,"7","PTPRT"
0,1.2294698261507,0.937,0.499,0,"7","PPP3CA"
0,1.32813328760448,0.733,0.295,0,"7","CNKSR2"
0,1.10383406380827,0.717,0.28,0,"7","CDH12"
0,0.916462638373754,0.961,0.525,0,"7","NEGR1"
0,0.770628286850341,0.865,0.431,0,"7","MDGA2"
0,0.915414103023414,0.876,0.443,0,"7","RGS7"
0,0.834724237137559,0.76,0.328,0,"7","CDH18"
0,1.31818628081324,0.715,0.286,0,"7","SYN2"
0,1.23795456189109,0.994,0.567,0,"7","SYT1"
0,1.00976905079162,0.776,0.349,0,"7","DCLK1"
0,0.923348551650744,0.794,0.368,0,"7","PRKCB"
0,0.998847921754806,0.76,0.335,0,"7","ARPP21"
0,1.20997610770481,0.707,0.284,0,"7","MTUS2"
0,1.41718212563243,0.65,0.229,0,"7","SORCS1"
0,1.49305129672833,0.658,0.238,0,"7","SH3GL2"
0,1.55222574994491,0.572,0.152,0,"7","FSTL5"
0,1.5951295257348,0.654,0.237,0,"7","STXBP1"
0,0.927755778847037,0.765,0.348,0,"7","GRIN2A"
0,1.06626218525868,0.746,0.329,0,"7","MYT1L"
0,1.12769562750191,0.853,0.437,0,"7","SNAP25"
0,0.73238786841273,0.939,0.523,0,"7","CELF2"
0,0.709468325015163,0.919,0.505,0,"7","FRMD4A"
0,3.53476504113133,0.453,0.04,0,"7","AL109930.1"
0,1.69683697806951,0.614,0.202,0,"7","EPHA4"
0,0.60938829068492,0.989,0.578,0,"7","CSMD1"
0,0.43251702688695,0.945,0.534,0,"7","DLGAP1"
0,1.46420909699764,0.704,0.295,0,"7","NRGN"
0,1.04758649263561,0.976,0.568,0,"7","CTNNA2"
0,1.28360673592531,0.644,0.236,0,"7","GABRG3"
0,0.916148360306484,0.983,0.579,0,"7","FAM155A"
0,1.24238679142174,0.693,0.29,0,"7","SCN2A"
0,1.1766595627894,0.713,0.31,0,"7","DGKI"
0,0.978933537221833,0.585,0.182,0,"7","HS3ST4"
0,1.16650547188526,0.701,0.299,0,"7","KCNQ3"
0,1.15751339963461,0.699,0.299,0,"7","MKL2"
0,1.16680349772696,0.709,0.31,0,"7","BASP1"
0,1.10979624554973,0.726,0.329,0,"7","RASAL2"
0,0.876893855389508,0.764,0.368,0,"7","ATP2B1"
0,0.616654744854438,0.989,0.593,0,"7","RBFOX1"
0,1.61385416643086,0.607,0.212,0,"7","OLFM1"
0,1.23393132833295,0.668,0.275,0,"7","SCN1A"
0,2.33488934935667,0.506,0.113,0,"7","AC019211.1"
0,2.75728385320878,0.457,0.064,0,"7","PLCXD3"
0,0.97374499672533,0.715,0.322,0,"7","CACNA1B"
0,1.39449426003927,0.587,0.195,0,"7","PDZRN4"
0,0.976945652571968,0.958,0.567,0,"7","PDE4D"
0,1.90258450372689,0.547,0.157,0,"7","KCND3"
0,1.0275719971441,0.776,0.386,0,"7","RTN1"
0,0.874774725935959,0.857,0.467,0,"7","CHN1"
0,0.695583647396185,0.892,0.504,0,"7","KAZN"
0,0.873316271103856,0.664,0.277,0,"7","CADPS2"
0,1.26930874192051,0.648,0.261,0,"7","GABBR2"
0,2.50005741989707,0.489,0.103,0,"7","AC022639.1"
0,1.2740906148942,0.614,0.23,0,"7","SLC35F3"
0,0.818098760715366,0.796,0.414,0,"7","KCNMA1"
0,1.18384840052107,0.632,0.25,0,"7","MYRIP"
0,0.788068990081749,0.913,0.532,0,"7","LRRC7"
0,0.714818480961237,0.841,0.46,0,"7","MACROD2"
0,0.339076113697215,0.802,0.422,0,"7","SOX5"
0,2.6266324363383,0.461,0.081,0,"7","RARB"
0,0.731623990505225,0.808,0.429,0,"7","OXR1"
0,0.789514507151859,0.686,0.308,0,"7","MMP16"
0,1.52236022063516,0.59,0.212,0,"7","GABRG2"
0,0.748771399128091,0.693,0.315,0,"7","SLC35F1"
0,1.33783345967659,0.999,0.622,0,"7","KCNIP4"
0,0.74380840660323,0.826,0.449,0,"7","NBEA"
0,0.848014509013198,0.776,0.4,0,"7","FOXP1"
0,1.368274300832,0.61,0.234,0,"7","KIAA1549L"
0,0.491990999632077,0.885,0.509,0,"7","PLCB1"
0,1.35288867029435,0.601,0.227,0,"7","CCK"
0,1.40451024108682,0.587,0.214,0,"7","SATB2"
0,1.85439128003274,0.524,0.151,0,"7","AL117329.1"
0,1.38135342859124,0.602,0.231,0,"7","GUCY1A2"
0,0.949605337001375,0.714,0.344,0,"7","MSRA"
0,0.929253796846647,0.681,0.312,0,"7","CACNA1A"
0,1.00548733015664,0.683,0.316,0,"7","LINC00632"
0,0.662232629740557,0.911,0.544,0,"7","RORA"
0,1.79028855300466,0.532,0.167,0,"7","BMPER"
0,0.680981550328509,0.938,0.573,0,"7","NAV3"
0,0.958510898922438,0.682,0.319,0,"7","RIMS1"
0,1.35560803368578,0.585,0.223,0,"7","LMO4"
0,0.798577029770614,0.7,0.338,0,"7","FLRT2"
0,1.13384113870697,0.636,0.276,0,"7","XKR6"
0,1.20130448023323,0.619,0.259,0,"7","FOCAD"
0,0.896787863748116,0.662,0.303,0,"7","ATP8A2"
0,0.900945615312887,0.989,0.631,0,"7","NRXN1"
0,0.822573389174369,0.706,0.348,0,"7","CACNA1C"
0,0.932707291468661,0.705,0.348,0,"7","RAPGEF2"
0,1.4478992031141,0.562,0.206,0,"7","SPAG16"
0,1.46810469825449,0.533,0.178,0,"7","ZMAT4"
0,0.774350963219026,0.618,0.263,0,"7","SYN3"
0,0.54895324101462,0.756,0.403,0,"7","MAP2"
0,0.641344478333151,0.879,0.526,0,"7","MAPK10"
0,0.89842001211497,0.71,0.357,0,"7","HERC1"
0,0.559098320378674,0.819,0.466,0,"7","CNTN1"
0,1.25289039847709,0.574,0.224,0,"7","CAMK2A"
0,0.592026740053157,0.984,0.634,0,"7","NRG3"
0,0.298002701751221,0.622,0.272,0,"7","GRIP1"
0,1.00365575305349,0.647,0.298,0,"7","MLLT3"
0,0.903362767002891,0.992,0.643,0,"7","CNTNAP2"
0,0.863285536311579,0.657,0.309,0,"7","AFF3"
0,1.22661527325352,0.565,0.217,0,"7","CLSTN2"
0,0.38842827924225,0.8,0.454,0,"7","PHACTR1"
0,0.527996389214473,0.78,0.434,0,"7","NRCAM"
0,1.15882093549974,0.605,0.259,0,"7","ATP2B2"
0,0.480530650475866,0.853,0.507,0,"7","GRIA2"
0,1.07555741499043,0.589,0.244,0,"7","FMN1"
0,0.804065236012568,0.695,0.353,0,"7","ARHGAP32"
0,0.563025323380886,0.721,0.38,0,"7","PLEKHA5"
0,1.03290466585485,0.585,0.245,0,"7","CDH10"
0,0.874181799997792,0.659,0.32,0,"7","CAMK2N1"
0,1.32986518857163,0.537,0.198,0,"7","KCNB2"
0,1.27449823098181,0.545,0.21,0,"7","PCSK2"
0,1.19985413392222,0.526,0.191,0,"7","PPFIBP1"
0,0.830413161282433,0.726,0.392,0,"7","GNAS"
0,3.44620650118389,0.357,0.025,0,"7","COBLL1"
0,0.766776643388159,0.7,0.369,0,"7","GPATCH8"
0,2.77061764290589,0.39,0.06,0,"7","SLC38A11"
0,0.670715133023667,0.785,0.455,0,"7","AHI1"
0,2.34396167169171,0.419,0.089,0,"7","AC109466.1"
0,1.17647384470112,0.561,0.232,0,"7","SCN3A"
0,1.45779381267726,0.505,0.176,0,"7","FAM13A"
0,1.79951878529833,0.461,0.132,0,"7","CCDC3"
0,1.81147860915238,0.457,0.13,0,"7","CREG2"
0,1.00977257814039,0.599,0.272,0,"7","DNM1"
0,0.862913929443426,0.612,0.287,0,"7","CDK14"
0,0.403725122383788,0.712,0.387,0,"7","CACNB2"
0,0.882439683319693,0.626,0.302,0,"7","IDS"
0,0.589020573991516,0.725,0.401,0,"7","SYNE1"
0,0.678398086420037,0.722,0.398,0,"7","MYCBP2"
0,0.41673021715832,0.659,0.337,0,"7","CNTNAP5"
0,0.947190050445348,0.591,0.269,0,"7","VSNL1"
0,0.706868900487806,0.571,0.249,0,"7","KCNC2"
0,0.312180749069666,0.692,0.371,0,"7","KCND2"
0,1.03205705611624,0.584,0.263,0,"7","SYP"
0,0.875525721979626,0.612,0.293,0,"7","SNAP91"
0,0.732257763996793,0.652,0.333,0,"7","UNC79"
0,1.2337687989228,0.525,0.207,0,"7","SLC17A7"
0,1.52341432786983,0.493,0.175,0,"7","AC090568.2"
0,1.30899160074557,0.518,0.2,0,"7","GPR158"
0,2.22622012643372,0.418,0.1,0,"7","AC067956.1"
0,0.64835255284734,0.757,0.44,0,"7","MAP1B"
0,0.918025046898843,0.612,0.295,0,"7","SPTBN4"
0,0.792434474485705,0.594,0.277,0,"7","HCN1"
0,2.48610392947194,0.395,0.079,0,"7","AC073365.1"
0,1.30119957217239,0.515,0.199,0,"7","AMPH"
0,0.529063688000654,0.7,0.384,0,"7","GABRB1"
0,0.635513348129614,0.942,0.626,0,"7","NKAIN2"
0,1.02547079830421,0.547,0.233,0,"7","CABP1"
0,0.943259265989932,0.579,0.265,0,"7","UNC80"
0,0.745811156027237,0.622,0.309,0,"7","FBXW7"
0,0.365814395410801,0.778,0.466,0,"7","DPP6"
0,0.989998159859507,0.574,0.262,0,"7","ENO2"
0,0.99764197859189,0.56,0.249,0,"7","RAPGEF4"
0,0.798058554715835,0.589,0.278,0,"7","CELF4"
0,1.07769543865107,0.514,0.205,0,"7","NELL1"
0,3.08607990911139,0.348,0.041,0,"7","AC092422.1"
0,0.589533771724513,0.71,0.403,0,"7","FBXL17"
0,1.5983350046994,0.458,0.152,0,"7","MLIP"
0,0.891166237775832,0.609,0.303,0,"7","TUBA1B"
0,0.87536733386777,0.558,0.255,0,"7","SERPINI1"
0,0.911310120888957,0.592,0.289,0,"7","UCHL1"
0,0.706956412891277,0.643,0.34,0,"7","MPHOSPH8"
0,0.942541305138296,0.561,0.259,0,"7","OSBPL6"
0,0.829673838110177,0.607,0.305,0,"7","AC124312.1"
0,1.25974254208696,0.473,0.172,0,"7","NUAK1"
0,0.717675337631296,0.643,0.343,0,"7","PREPL"
0,1.00589742153452,0.529,0.231,0,"7","KCNJ3"
0,1.15246906769039,0.5,0.202,0,"7","SV2B"
0,1.02357498699027,0.534,0.237,0,"7","PWAR6"
0,0.752174346312612,0.604,0.308,0,"7","SPIDR"
0,0.84161276478872,0.57,0.274,0,"7","FAIM2"
0,0.726701051377107,0.755,0.46,0,"7","CALM1"
0,0.604821241471278,0.688,0.393,0,"7","CAMTA1"
0,0.389851802779626,0.808,0.514,0,"7","PTPRK"
0,1.06388526603847,0.525,0.231,0,"7","SCN8A"
0,1.34796114127762,0.457,0.164,0,"7","ELAVL4"
0,0.785395433992957,0.576,0.283,0,"7","GRIN1"
0,0.373599348269874,0.716,0.423,0,"7","NOVA1"
0,0.375916340377374,0.75,0.459,0,"7","SPARCL1"
0,0.817817205139694,0.974,0.683,0,"7","ANKS1B"
0,0.993094830138005,0.497,0.207,0,"7","SPATS2L"
0,1.14682763463336,0.481,0.191,0,"7","MAGI3"
0,0.946099778651107,0.505,0.216,0,"7","PDZRN3"
0,0.957917961427768,0.533,0.244,0,"7","NR2F1-AS1"
0,0.399276334924509,0.856,0.568,0,"7","DOCK3"
0,0.703239329079713,0.598,0.31,0,"7","CSRNP3"
0,0.834339651451008,0.582,0.294,0,"7","EIF4A2"
0,0.892700201905168,0.543,0.256,0,"7","GLS"
0,1.67328793611722,0.417,0.13,0,"7","LY86-AS1"
0,1.00252705690108,0.531,0.245,0,"7","CALM3"
0,0.459575236695046,0.959,0.673,0,"7","NRXN3"
0,0.857987633976813,0.53,0.245,0,"7","SHISA9"
0,0.702494570182154,0.585,0.3,0,"7","CLSTN1"
0,3.6194070535802,0.317,0.033,0,"7","LINC01202"
0,0.372071265125731,0.661,0.378,0,"7","FMN2"
0,0.38498622856071,0.716,0.433,0,"7","SIPA1L1"
0,1.4732182310169,0.423,0.141,0,"7","EPHA5"
0,1.45740207234713,0.425,0.144,0,"7","GRM1"
0,0.422330036556017,0.809,0.528,0,"7","JMJD1C"
0,1.21211732267058,0.458,0.178,0,"7","PHYHIP"
0,1.16980167850702,0.426,0.147,0,"7","PCDH11X"
0,0.641766029857587,0.605,0.326,0,"7","NSF"
0,0.315755127318228,0.626,0.348,0,"7","ERC2"
0,0.319415785310911,0.73,0.452,0,"7","SAMD12"
0,0.945747169926353,0.495,0.218,0,"7","ITPR1"
0,1.43094490861648,0.419,0.144,0,"7","BCL11A"
0,0.902493868225017,0.517,0.243,0,"7","YWHAG"
0,1.40652006131036,0.422,0.15,0,"7","STXBP5-AS1"
0,0.427549085621669,0.618,0.346,0,"7","NTRK3"
0,1.15539172930076,0.453,0.182,0,"7","GAP43"
0,0.838415183011696,0.523,0.252,0,"7","PPM1L"
0,0.7375619386776,0.513,0.242,0,"7","SNCA"
0,0.467488119587151,0.616,0.345,0,"7","NECAB1"
0,0.991610071190243,0.489,0.218,0,"7","BRINP1"
0,0.330645735623239,0.724,0.453,0,"7","MAGI1"
0,0.649738942559678,0.588,0.317,0,"7","DANT2"
0,1.37917754477328,0.422,0.152,0,"7","NCDN"
0,0.882488547099717,0.507,0.237,0,"7","ADAM23"
0,0.308442235716633,0.789,0.519,0,"7","UBE2E2"
0,1.45445218614494,0.415,0.145,0,"7","CPNE4"
0,0.821939843108791,0.464,0.194,0,"7","LINC01322"
0,1.30583073618505,0.392,0.122,0,"7","IPCEF1"
0,0.389710419915561,0.701,0.431,0,"7","RABGAP1L"
0,0.531755901213198,0.593,0.323,0,"7","GTDC1"
0,0.636946273101388,0.554,0.285,0,"7","PAK3"
0,1.34662193380763,0.406,0.137,0,"7","SNED1"
0,1.25064048921197,0.43,0.161,0,"7","PDE10A"
0,0.670995490126782,0.545,0.276,0,"7","FRY"
0,0.406373455764797,0.548,0.279,0,"7","ASIC2"
0,0.921267425847373,0.48,0.212,0,"7","TSPAN7"
0,0.651706192144981,0.513,0.246,0,"7","ZEB1"
0,1.11407645056249,0.461,0.194,0,"7","YWHAH"
0,1.280724224862,0.418,0.152,0,"7","SESN3"
0,0.866347110827435,0.458,0.194,0,"7","UBE2E3"
0,1.03724571510569,0.468,0.204,0,"7","SNAP25-AS1"
0,0.761766467310608,0.508,0.245,0,"7","MAN1A2"
0,1.57137115130568,0.394,0.131,0,"7","KCNH1"
0,0.619891009430491,0.808,0.546,0,"7","MT-ND1"
0,1.43467714684062,0.396,0.135,0,"7","FAM189A1"
0,3.62919868430984,0.289,0.028,0,"7","AC084816.1"
0,0.556000889053254,0.565,0.305,0,"7","JAKMIP2"
0,0.684911621281462,0.494,0.235,0,"7","CARMIL1"
0,1.66859426585419,0.365,0.106,0,"7","LRRN3"
0,0.358500814334116,0.705,0.446,0,"7","RTN3"
0,0.284027939943678,0.683,0.425,0,"7","TSPAN5"
0,0.977863813310831,0.442,0.184,0,"7","SSBP3"
0,0.855879638745389,0.48,0.222,0,"7","NORAD"
0,1.11177561441588,0.44,0.183,0,"7","GABRA1"
0,0.701718464499522,0.531,0.275,0,"7","STRBP"
0,0.423752096856119,0.602,0.346,0,"7","MYO5A"
0,0.328249114239962,0.602,0.348,0,"7","ARHGAP26"
0,0.93248742014166,0.463,0.209,0,"7","ST7"
0,1.70547684716962,0.36,0.106,0,"7","SLIT1"
0,0.257402776918103,0.755,0.501,0,"7","TNRC6A"
0,0.644934180427105,0.527,0.274,0,"7","LINC00882"
0,0.821353299335418,0.484,0.231,0,"7","ANKRD26"
0,0.677256067536455,0.521,0.268,0,"7","PKM"
0,0.477250384464012,0.602,0.35,0,"7","STMN1"
0,1.47048804088299,0.382,0.13,0,"7","CACNB4"
0,0.754883708136021,0.46,0.208,0,"7","DNAJC1"
0,1.11502799831429,0.422,0.17,0,"7","NDRG4"
0,0.455278827383023,0.65,0.398,0,"7","PRNP"
0,0.445619041397363,0.599,0.348,0,"7","TMSB10"
0,0.80090143491589,0.47,0.219,0,"7","CDH8"
0,0.32356761934812,0.778,0.528,0,"7","AKT3"
0,0.629117028341014,0.509,0.259,0,"7","KIF5C"
0,3.12590903156072,0.288,0.038,0,"7","SCHLAP1"
0,1.43139666781192,0.369,0.12,0,"7","CHGA"
0,1.21659012193489,0.413,0.164,0,"7","RUNDC3B"
0,0.348550839615885,0.515,0.267,0,"7","ST6GALNAC5"
0,0.276540723924286,0.618,0.37,0,"7","FUT9"
0,1.40467511761745,0.381,0.133,0,"7","LIN7A"
0,0.592225614811701,0.513,0.265,0,"7","ZMYND8"
0,1.14823930157504,0.409,0.161,0,"7","TSPYL1"
0,1.19948740972099,0.407,0.159,0,"7","KCNB1"
0,0.331671985445387,0.543,0.296,0,"7","EPB41L2"
0,1.14523221598568,0.42,0.173,0,"7","SYBU"
0,1.57389606759043,0.37,0.123,0,"7","ANO3"
0,0.288028249626177,0.844,0.597,0,"7","GPHN"
0,1.89921401901891,0.328,0.082,0,"7","EPHA3"
0,1.40346626699421,0.386,0.141,0,"7","MICAL2"
0,1.86569608279512,0.331,0.086,0,"7","TSHZ3"
0,0.976347778196504,0.43,0.185,0,"7","FAM49A"
0,0.863245883290332,0.444,0.199,0,"7","SLC39A10"
0,2.14042794348261,0.289,0.044,0,"7","GABRG1"
0,1.31058347547256,0.383,0.138,0,"7","SNCB"
0,1.42906408351718,0.378,0.133,0,"7","DPY19L2"
0,0.801912080149189,0.479,0.234,0,"7","SPTAN1"
0,1.36976911525058,0.389,0.145,0,"7","HTR1E"
0,2.17722192256271,0.315,0.071,0,"7","LINC02389"
0,0.389019699526644,0.529,0.286,0,"7","GRIA1"
0,0.959198974690301,0.442,0.199,0,"7","VPS13A"
0,0.458355284418778,0.554,0.312,0,"7","RBFOX2"
0,1.16217113223415,0.403,0.161,0,"7","CAP2"
0,0.973218804882885,0.418,0.176,0,"7","ZNF483"
0,1.02377312135642,0.433,0.191,0,"7","SRRM4"
0,0.646692964141831,0.492,0.251,0,"7","SRGAP3"
0,0.995560173552664,0.414,0.173,0,"7","GABRA2"
0,2.01266415538921,0.321,0.08,0,"7","RXFP1"
0,1.05813658847842,0.425,0.184,0,"7","PRICKLE1"
0,0.942025318222198,0.437,0.197,0,"7","PPP2R2C"
0,0.94852104288591,0.422,0.183,0,"7","SV2A"
0,1.01931871208057,0.428,0.189,0,"7","SYT16"
0,1.48506292902044,0.36,0.121,0,"7","CA11"
0,0.697074274831919,0.916,0.677,0,"7","MT-CO1"
0,0.667101462466007,0.459,0.221,0,"7","STOX2"
0,1.66880050809029,0.333,0.095,0,"7","ADAMTS19"
0,0.670805122762548,0.505,0.267,0,"7","TMEM232"
0,1.13455698223188,0.354,0.116,0,"7","AL445250.1"
0,0.922211788828559,0.434,0.196,0,"7","WASF1"
0,0.730675900253005,0.459,0.222,0,"7","NCALD"
0,1.04657333405118,0.423,0.186,0,"7","CHD5"
0,0.492619014958762,0.513,0.276,0,"7","SORBS2"
0,1.61130536465976,0.336,0.1,0,"7","RGS4"
0,1.13415369924092,0.401,0.165,0,"7","FRRS1L"
0,0.615101220454761,0.501,0.265,0,"7","ARHGEF12"
0,0.567128417208002,0.47,0.234,0,"7","SORL1"
0,1.49429919716094,0.337,0.102,0,"7","MAN1A1"
0,0.253870587089996,0.648,0.413,0,"7","TRIM9"
0,1.5371852992489,0.35,0.116,0,"7","BSN"
0,2.44586673757792,0.283,0.05,0,"7","MSC-AS1"
0,0.904685047583523,0.432,0.199,0,"7","RBFOX3"
0,1.27904552461923,0.369,0.137,0,"7","KIAA0319"
0,0.588656653907194,0.475,0.243,0,"7","FAT3"
0,1.73347209944726,0.334,0.103,0,"7","NWD2"
0,0.398521434293565,0.534,0.303,0,"7","MAST4"
0,0.503171871641604,0.516,0.285,0,"7","PPIA"
0,0.422846582137636,0.582,0.351,0,"7","HSP90AB1"
0,0.283500316800142,0.605,0.375,0,"7","TRIO"
0,0.955384731545809,0.422,0.192,0,"7","CAMK4"
0,0.659617637126047,0.47,0.24,0,"7","PCSK1N"
0,0.624478368956221,0.464,0.235,0,"7","PJA2"
0,1.16221441136005,0.378,0.149,0,"7","SYN1"
0,0.953421335789344,0.411,0.182,0,"7","PRKAR1B"
0,0.277993612786235,0.539,0.311,0,"7","CHL1"
0,0.592215338744903,0.474,0.246,0,"7","RUNX1T1"
0,0.362095147939574,0.562,0.335,0,"7","TSC22D1"
0,0.746891566218365,0.455,0.228,0,"7","KSR2"
0,0.53240305928638,0.492,0.265,0,"7","MNAT1"
0,0.30732117604219,0.547,0.321,0,"7","PIK3R1"
0,0.397004089077728,0.513,0.287,0,"7","SLC2A13"
0,0.352621802688186,0.554,0.328,0,"7","DENND4A"
0,0.775695648123158,0.439,0.213,0,"7","THY1"
0,0.868989441121585,0.418,0.192,0,"7","ABCA5"
0,1.932079091937,0.311,0.085,0,"7","SLC5A4-AS1"
0,0.368173998487732,0.54,0.315,0,"7","LARGE1"
0,0.992859533466068,0.388,0.163,0,"7","SMAP1"
0,1.10159756096159,0.393,0.168,0,"7","JPH4"
0,2.20337050722274,0.291,0.066,0,"7","AC008415.1"
0,0.489045330704531,0.486,0.262,0,"7","GALNT17"
0,1.36033496294544,0.33,0.107,0,"7","NPTXR"
0,1.10835079280138,0.379,0.156,0,"7","AC007388.1"
0,1.0673164088328,0.357,0.134,0,"7","UBE3D"
0,0.71358477344377,0.432,0.21,0,"7","C2CD5"
0,1.0582716572422,0.38,0.158,0,"7","CATSPER2"
0,0.591111341208985,0.476,0.254,0,"7","AEBP2"
0,0.331739984275069,0.522,0.301,0,"7","TMEM178B"
0,0.664700443185388,0.453,0.232,0,"7","SETBP1"
0,0.709375397545186,0.444,0.223,0,"7","USP9Y"
0,0.854575046168284,0.419,0.198,0,"7","NMNAT2"
0,0.255528055268244,0.419,0.198,0,"7","KCNAB1"
0,0.270608580625744,0.553,0.333,0,"7","DYNC1I1"
0,1.22505035389887,0.315,0.095,0,"7","PTCHD4"
0,0.614289579617101,0.453,0.233,0,"7","NEDD4L"
0,1.16255466418158,0.348,0.128,0,"7","CADM3"
0,1.48150505727213,0.324,0.105,0,"7","PDP1"
0,0.707898465746352,0.442,0.223,0,"7","PCNX2"
0,0.687108411969757,0.43,0.211,0,"7","YWHAB"
0,0.912609160217424,0.407,0.188,0,"7","CDKL5"
0,0.685973959451342,0.438,0.22,0,"7","LMO3"
0,0.814285749989704,0.38,0.162,0,"7","FARP1"
0,0.491193664696154,0.45,0.232,0,"7","GAS7"
0,0.714052595717639,0.43,0.213,0,"7","MCF2L2"
0,0.681535645721573,0.438,0.221,0,"7","CAMK2B"
0,1.52230155630524,0.318,0.101,0,"7","FXYD7"
0,0.851886721351712,0.407,0.19,0,"7","PARP8"
0,0.684876955565692,0.41,0.193,0,"7","AQP4-AS1"
0,0.250140539287318,0.543,0.327,0,"7","WDPCP"
0,0.540025924111172,0.453,0.237,0,"7","CCNI"
0,0.336958426218788,0.545,0.329,0,"7","TTTY14"
0,0.520869896602566,0.414,0.198,0,"7","SEMA6D"
0,1.96952385786913,0.252,0.037,0,"7","ALDH1A1"
0,1.23305059418364,0.363,0.148,0,"7","RAP1GAP2"
0,0.73352999166129,0.991,0.776,0,"7","ADGRB3"
0,0.583357016858698,0.462,0.248,0,"7","BMPR2"
0,0.291209512795116,0.521,0.307,0,"7","GRIA3"
0,1.32213619935921,0.331,0.117,0,"7","SULT4A1"
0,1.24716910219514,0.356,0.142,0,"7","BASP1-AS1"
0,0.601239569016394,0.44,0.226,0,"7","GLCCI1"
0,1.55093571065183,0.314,0.1,0,"7","STX1A"
0,0.28040964182353,0.551,0.338,0,"7","AAK1"
0,0.885385074591045,0.391,0.178,0,"7","DGKZ"
0,0.941371423338502,0.36,0.148,0,"7","ATP6V1B2"
0,1.1122768255253,0.308,0.097,0,"7","MARCKS"
0,0.765575159671043,0.416,0.205,0,"7","NOL4"
0,1.86416025666589,0.272,0.062,0,"7","AC113383.1"
0,0.721852281566118,0.43,0.22,0,"7","AC092683.1"
0,1.15603951714147,0.352,0.142,0,"7","RAB6B"
0,2.05902470860085,0.278,0.069,0,"7","CFAP221"
0,0.498927798958607,0.455,0.246,0,"7","BEX3"
0,0.793232674711598,0.371,0.162,0,"7","UQCRH"
0,1.67520263142551,0.287,0.078,0,"7","TTC9B"
0,1.23596092202059,0.33,0.122,0,"7","EPHB6"
0,0.901579625144247,0.385,0.177,0,"7","FZD3"
0,0.355258416796209,0.445,0.237,0,"7","RPS6KA5"
0,1.14050220781392,0.339,0.132,0,"7","CACNG8"
0,0.258090010501919,0.466,0.26,0,"7","BRINP3"
0,2.04962905528832,0.267,0.061,0,"7","RHOBTB2"
0,1.16191527761418,0.329,0.123,0,"7","NMT2"
0,1.66231692776389,0.291,0.085,0,"7","TSPAN13"
0,0.6289437987632,0.405,0.2,0,"7","EXOC6"
0,0.929665892077488,0.351,0.146,0,"7","CTNNB1"
0,0.430949073011762,0.471,0.266,0,"7","CERS6"
0,0.759058207790603,0.378,0.174,0,"7","EFR3A"
0,0.908077399320879,0.329,0.125,0,"7","PCDH11Y"
0,0.283686987935251,0.848,0.645,0,"7","MT-CYB"
0,0.292159105556958,0.517,0.315,0,"7","EHBP1"
0,1.08197303531747,0.338,0.136,0,"7","PLXNA4"
0,1.71249500317896,0.281,0.079,0,"7","RSPO2"
0,0.518066512626607,0.424,0.222,0,"7","VPS13D"
0,0.58492748059235,0.422,0.22,0,"7","PTPN4"
0,0.52757122443957,0.421,0.219,0,"7","DDX24"
0,1.04852022964401,0.339,0.138,0,"7","SLC16A7"
0,0.748922827399797,0.397,0.196,0,"7","CIT"
0,0.475822099935135,0.432,0.231,0,"7","CD47"
0,0.739391698056442,0.375,0.175,0,"7","STMN2"
0,0.472350126916624,0.443,0.243,0,"7","CELF1"
0,1.12740103445097,0.322,0.122,0,"7","SYTL2"
0,1.08200736426992,0.302,0.102,0,"7","KIF16B"
0,1.6507551358288,0.273,0.073,0,"7","COL6A1"
0,0.861948752385959,0.365,0.165,0,"7","HSPH1"
0,0.435459558649407,0.409,0.209,0,"7","LHFPL6"
0,0.538489156500858,0.419,0.219,0,"7","KLC1"
0,0.852713821543548,0.359,0.159,0,"7","NAPB"
0,0.584292808849741,0.441,0.242,0,"7","SLC25A12"
0,0.348863322481687,0.437,0.238,0,"7","SERINC1"
0,1.12069167550716,0.337,0.138,0,"7","CLSTN3"
0,0.582581437990076,0.416,0.217,0,"7","MAP3K13"
0,0.970623567268344,0.351,0.152,0,"7","GFOD1"
0,0.34150294326318,0.444,0.246,0,"7","ATG7"
0,0.377935948485947,0.454,0.256,0,"7","MAP2K4"
0,0.438665707861908,0.451,0.253,0,"7","EPB41L3"
0,1.44530782484515,0.286,0.088,0,"7","DPY19L1"
0,0.542937871996043,0.413,0.215,0,"7","YWHAZ"
0,0.702604589559862,0.369,0.171,0,"7","TBRG1"
0,0.321827623955954,0.473,0.275,0,"7","AC073050.1"
0,0.699447811319219,0.37,0.173,0,"7","GCC2"
0,1.69795804111044,0.274,0.077,0,"7","AC010127.1"
0,0.97646028740867,0.333,0.136,0,"7","TAGLN3"
0,0.961058178854786,0.332,0.135,0,"7","ELAVL2"
0,0.369558611551669,0.468,0.271,0,"7","PPP1R12A"
0,0.389773637033559,0.459,0.262,0,"7","PI4KA"
0,0.850557467997018,0.378,0.182,0,"7","ICA1L"
0,0.306916260931657,0.482,0.286,0,"7","NDFIP1"
0,1.10268718311494,0.336,0.14,0,"7","KCNQ2"
0,0.93782457046009,0.364,0.168,0,"7","MIR137HG"
0,0.494559904336042,0.417,0.221,0,"7","HIVEP2"
0,0.54211492589164,0.421,0.225,0,"7","ADAM22"
0,0.755440389575083,0.389,0.194,0,"7","ZFYVE28"
0,0.784111088053934,0.39,0.195,0,"7","SCAI"
0,0.450106737789826,0.435,0.24,0,"7","VWA8"
0,2.17351255734988,0.25,0.055,0,"7","HS3ST2"
0,0.789761244357876,0.366,0.171,0,"7","ZFYVE9"
0,0.865861936073929,0.344,0.149,0,"7","NEFL"
0,1.6614001144299,0.266,0.072,0,"7","HPCA"
0,0.335118318150388,0.465,0.271,0,"7","CAMSAP2"
0,1.35976871119951,0.305,0.111,0,"7","GABRA4"
0,0.338443621123422,0.445,0.251,0,"7","AC006148.1"
0,0.421071688582773,0.448,0.254,0,"7","GDI1"
0,0.701653088347826,0.369,0.175,0,"7","SCAMP5"
0,1.55983637864841,0.279,0.085,0,"7","NPTX1"
0,0.483548538868452,0.424,0.23,0,"7","EVL"
0,0.906401962609464,0.334,0.141,0,"7","JAK2"
0,0.664068361336607,0.397,0.204,0,"7","NPTN"
0,0.298940779388501,0.477,0.284,0,"7","CDH2"
0,1.22132787156775,0.314,0.121,0,"7","SLC12A5"
0,1.3138119526972,0.286,0.093,0,"7","AC097478.1"
0,0.7894203234166,0.995,0.802,0,"7","PTPRD"
0,1.15297045478698,0.32,0.128,0,"7","SSX2IP"
0,0.592540755546482,0.387,0.195,0,"7","LYST"
0,0.441345920845241,0.438,0.246,0,"7","ABI2"
0,0.582128107154408,0.388,0.196,0,"7","APBA2"
0,0.269943324027108,0.484,0.292,0,"7","WDR7"
0,0.84480003887985,0.349,0.157,0,"7","MTA3"
0,1.2595229532211,0.286,0.094,0,"7","MTHFD2L"
0,1.3342482966104,0.273,0.082,0,"7","FNBP1L"
0,0.571088868368449,0.386,0.195,0,"7","CMSS1"
0,1.68306367473573,0.269,0.078,0,"7","STAMBPL1"
0,1.7454722843869,0.25,0.059,0,"7","SCN1B"
0,0.464024281667588,0.415,0.224,0,"7","ATP1A1"
0,0.698497386768357,0.36,0.169,0,"7","SND1"
0,0.962999027202506,0.347,0.156,0,"7","CEP112"
0,0.61074697679903,0.38,0.19,0,"7","BEX1"
0,0.651865952631219,0.387,0.197,0,"7","KCTD1"
0,0.686870431112032,0.344,0.154,0,"7","REEP5"
0,0.508417622448985,0.414,0.224,0,"7","ARPP19"
0,0.353352968283479,0.882,0.693,0,"7","MT-ATP6"
0,0.692659784003707,0.38,0.191,0,"7","DYNC2H1"
0,0.36485623953756,0.44,0.251,0,"7","MAPK8"
0,0.681547139167466,0.327,0.138,0,"7","ITPK1"
0,0.99155960352334,0.351,0.162,0,"7","MIAT"
0,0.305998622070845,0.465,0.277,0,"7","ANKRD36"
0,0.291014269563403,0.479,0.291,0,"7","GDAP1"
0,0.837226446129499,0.368,0.18,0,"7","ARHGAP44"
0,0.568110537829949,0.385,0.198,0,"7","RASA2"
0,0.388711705186751,0.429,0.242,0,"7","NAP1L1"
0,1.16397473893037,0.312,0.125,0,"7","TTC39C"
0,1.28117833885319,0.288,0.101,0,"7","SLC6A17"
0,0.547521822148842,0.409,0.222,0,"7","CCPG1"
0,1.6515264902631,0.267,0.081,0,"7","RFTN1"
0,0.788108998118626,0.326,0.14,0,"7","CENPC"
0,1.14989235693709,0.314,0.128,0,"7","GLRB"
0,1.25275964971153,0.278,0.093,0,"7","TOLLIP"
0,1.4368281967631,0.268,0.083,0,"7","LRRK1"
0,0.822450817376653,0.354,0.169,0,"7","LINC00599"
0,0.867329302415351,0.327,0.143,0,"7","MDH1"
0,1.63414340353045,0.27,0.086,0,"7","PRB2"
0,0.756378343963957,0.342,0.158,0,"7","ST8SIA1"
0,0.564974083417137,0.379,0.195,0,"7","CSMD2"
0,0.316898677917629,0.442,0.258,0,"7","RPRD2"
0,0.804413611446799,0.341,0.158,0,"7","ODF2L"
0,1.42014792130056,0.272,0.089,0,"7","NRSN1"
0,1.27527799701075,0.268,0.085,0,"7","TRMT9B"
0,1.03938642330092,0.313,0.13,0,"7","PNMA2"
0,0.774742949596578,0.353,0.17,0,"7","MARK1"
0,0.567403830322015,0.383,0.201,0,"7","KIFAP3"
0,1.11732765904198,0.298,0.116,0,"7","RUNDC3A"
0,0.626497988177136,0.347,0.165,0,"7","USP22"
0,0.60880717337083,0.334,0.154,0,"7","FKBP8"
0,1.24639941948991,0.289,0.109,0,"7","NCEH1"
0,0.752532247100739,0.358,0.178,0,"7","MYH10"
0,0.930127565885735,0.328,0.149,0,"7","FBXL2"
0,0.523301360644159,0.401,0.222,0,"7","PPM1E"
0,1.06660878553768,0.291,0.112,0,"7","MLLT11"
0,0.607286420335371,0.352,0.173,0,"7","TTN-AS1"
0,1.1672794986942,0.286,0.107,0,"7","GUCY1B1"
0,0.280247253604495,0.438,0.259,0,"7","SHPRH"
0,0.744007055020527,0.346,0.167,0,"7","PTPRO"
0,0.804606240696586,0.338,0.16,0,"7","PATJ"
0,0.76858695649924,0.334,0.156,0,"7","HPRT1"
0,0.508537799062209,0.367,0.189,0,"7","PURA"
0,1.62811783193131,0.252,0.074,0,"7","SYT13"
0,1.15168527050224,0.291,0.113,0,"7","ELMOD1"
0,0.436092115196722,0.377,0.199,0,"7","PTEN"
0,0.45809467040123,0.38,0.202,0,"7","ATP6V0A1"
0,0.4393944088433,0.407,0.229,0,"7","SYT14"
0,0.903433622161632,0.333,0.156,0,"7","CELF5"
0,1.06352792072368,0.304,0.127,0,"7","LMO7"
0,0.410483654201246,0.367,0.19,0,"7","C16orf45"
0,1.11611252411502,0.283,0.107,0,"7","RAB3A"
0,1.2476365046548,0.28,0.105,0,"7","FAM81A"
0,0.849942197720998,0.335,0.16,0,"7","HOMER1"
0,0.673068056133606,0.323,0.148,0,"7","MTURN"
0,0.597405839475241,0.342,0.167,0,"7","SIRPA"
0,0.319979125924936,0.418,0.243,0,"7","DYNC1H1"
0,0.747890151894354,0.354,0.179,0,"7","PAK5"
0,0.459501235452213,0.397,0.223,0,"7","ROCK2"
0,0.303434304220559,0.398,0.224,0,"7","PLEKHA1"
0,0.651414249625447,0.337,0.163,0,"7","AKAP11"
0,1.18962828548896,0.291,0.117,0,"7","ADD2"
0,0.43744029453759,0.362,0.188,0,"7","MORF4L2"
0,0.533687627409133,0.347,0.173,0,"7","TPI1"
0,0.818356096082112,0.344,0.17,0,"7","SRRM3"
0,0.444515367723659,0.38,0.207,0,"7","KIF3A"
0,0.661834779104762,0.32,0.147,0,"7","VPS41"
0,0.517443139795942,0.362,0.189,0,"7","CYFIP2"
0,0.734486294265761,0.313,0.14,0,"7","RPS6KA3"
0,0.521706949866982,0.375,0.202,0,"7","PAK1"
0,0.976663562232576,0.31,0.137,0,"7","PKNOX2"
0,0.757421284541527,0.334,0.162,0,"7","LONRF2"
0,1.21553588279122,0.271,0.099,0,"7","GNB5"
0,0.606170540294737,0.37,0.198,0,"7","EML6"
0,0.309165731439323,0.43,0.258,0,"7","NCKAP1"
0,0.580210671309836,0.952,0.78,0,"7","MT-CO3"
0,0.343124609653744,0.343,0.172,0,"7","NAPEPLD"
0,0.827675257417818,0.328,0.157,0,"7","KIAA1211L"
0,1.4052278228063,0.272,0.101,0,"7","MIR124-2HG"
0,1.46906488253597,0.25,0.079,0,"7","CASC15"
0,0.606594102512388,0.333,0.163,0,"7","TOMM20"
0,0.801969284909581,0.331,0.161,0,"7","CCDC85A"
0,0.491396846747062,0.352,0.182,0,"7","NDUFA4"
0,0.951187957374056,0.295,0.125,0,"7","ISPD"
0,1.03533341281573,0.294,0.124,0,"7","LMTK2"
0,1.51096116103825,0.255,0.085,0,"7","RAB27B"
0,0.254606770683281,0.412,0.242,0,"7","PLD3"
0,1.19158415205234,0.279,0.11,0,"7","DNAH6"
0,1.04565584660706,0.275,0.106,0,"7","NEK11"
0,1.23369463580878,0.262,0.093,0,"7","ALS2"
0,1.21120683868038,0.261,0.092,0,"7","NREP"
0,0.399068032172638,0.401,0.232,0,"7","R3HDM2"
0,0.322148551508606,0.42,0.251,0,"7","EXT1"
0,0.980358430656284,0.297,0.128,0,"7","SCN3B"
0,0.732701639389056,0.3,0.131,0,"7","SLC38A1"
0,1.08664770607087,0.292,0.123,0,"7","SGSM1"
0,0.995331976031975,0.272,0.104,0,"7","RANBP17"
0,0.66673317525951,0.322,0.154,0,"7","ENSA"
0,0.464048325379919,0.36,0.192,0,"7","DZIP3"
0,0.984332993383035,0.291,0.123,0,"7","TMEM130"
0,0.527910849776513,0.364,0.196,0,"7","PKD1"
0,0.406555335833092,0.394,0.227,0,"7","FARS2"
0,0.759148424787795,0.319,0.152,0,"7","ARHGEF9"
0,1.08624884291725,0.277,0.111,0,"7","CAMKV"
0,1.15471740904786,0.267,0.101,0,"7","EPB41"
0,0.646045089483471,0.32,0.154,0,"7","G3BP2"
0,0.338406608119701,0.401,0.236,0,"7","MICU1"
0,0.291598775145541,0.371,0.206,0,"7","MORF4L1"
0,0.533584607268456,0.325,0.16,0,"7","YPEL3"
0,1.15314773083643,0.268,0.104,0,"7","DIRC3"
0,0.826236413796489,0.267,0.103,0,"7","PCDH10"
0,1.17831921145078,0.252,0.088,0,"7","CD200"
0,1.12344730866273,0.259,0.095,0,"7","SEMA3A"
0,0.89600366820055,0.28,0.117,0,"7","CEND1"
0,0.742499870972097,0.33,0.167,0,"7","TARBP1"
0,0.622387782342551,0.324,0.161,0,"7","ARMC9"
0,0.745390178865933,0.313,0.15,0,"7","NISCH"
0,0.969977461795922,0.295,0.132,0,"7","ABLIM2"
0,0.332579121037295,0.354,0.191,0,"7","UBE2B"
0,0.575562331563354,0.323,0.161,0,"7","PGAM1"
0,0.541065725431409,0.323,0.161,0,"7","SEZ6L2"
0,1.13147699887,0.266,0.105,0,"7","CDK5R1"
0,1.27857131415103,0.253,0.092,0,"7","MRPS30-DT"
0,1.06864279895438,0.274,0.114,0,"7","SNX32"
0,1.10906945036595,0.262,0.102,0,"7","SYT4"
0,0.607093117283094,0.309,0.149,0,"7","IQSEC1"
0,0.613455700051097,0.296,0.136,0,"7","EIF1AX"
0,0.385834165945564,0.351,0.191,0,"7","ARID4A"
0,0.572513936140705,0.344,0.184,0,"7","MOSMO"
0,0.313126683645074,0.363,0.203,0,"7","ATP9A"
0,0.914242061145222,0.286,0.126,0,"7","ATCAY"
0,0.628192347206893,0.332,0.173,0,"7","INPP4A"
0,1.26911213243286,0.263,0.104,0,"7","LNX1"
0,0.442947441332814,0.321,0.162,0,"7","ZNF804B"
0,0.466264990773501,0.368,0.209,0,"7","TENM4"
0,0.570488757601171,0.314,0.155,0,"7","INPP5F"
0,0.385109834241573,0.379,0.221,0,"7","ASTN1"
0,0.359815787645082,0.372,0.214,0,"7","CPLANE1"
0,0.868972043716878,0.311,0.153,0,"7","PRKAR2B"
0,0.605004387933867,0.31,0.152,0,"7","USP11"
0,0.653388649186799,0.316,0.158,0,"7","GALNT18"
0,0.601002615418614,0.312,0.154,0,"7","NDFIP2"
0,0.568026978901056,0.322,0.164,0,"7","RTF1"
0,0.742288059665963,0.283,0.126,0,"7","NUDT3"
0,0.343331087360013,0.333,0.177,0,"7","UGP2"
0,0.458846917433402,0.337,0.181,0,"7","PIK3CA"
0,0.401970413021605,0.328,0.172,0,"7","AP2M1"
0,0.346695548551155,0.34,0.184,0,"7","DSTN"
0,0.38884263936378,0.377,0.221,0,"7","WDR60"
0,1.0988785458415,0.252,0.097,0,"7","ZBTB18"
0,0.423647328258832,0.37,0.215,0,"7","HSPA12A"
0,0.353449667685251,0.345,0.19,0,"7","PPIG"
0,1.04263905734429,0.257,0.103,0,"7","PRR16"
0,0.740897011648605,0.273,0.119,0,"7","SLC9A6"
0,0.463062632649858,0.327,0.173,0,"7","PPP3CB"
0,0.819434638125829,0.269,0.115,0,"7","NLRP1"
0,0.531982698409007,0.32,0.166,0,"7","FAM126B"
0,0.546666408463947,0.304,0.15,0,"7","PIK3CB"
0,0.734013450772084,0.3,0.146,0,"7","DMXL2"
0,1.19489048347229,0.253,0.099,0,"7","ST8SIA3"
0,0.359117292672243,0.345,0.191,0,"7","ARHGEF3"
0,0.3588373071952,0.346,0.192,0,"7","DNAJB14"
0,0.449213551503559,0.332,0.179,0,"7","PPHLN1"
0,0.368788987388897,0.327,0.174,0,"7","MAP1A"
0,0.277261178701092,0.89,0.737,0,"7","MT-ND4"
0,0.25855131112045,0.365,0.212,0,"7","RAB3GAP1"
0,0.295679243068549,0.387,0.234,0,"7","MEF2C-AS1"
0,0.468102452048716,0.314,0.161,0,"7","FGFR1OP2"
0,1.04108229235842,0.262,0.11,0,"7","KIF5A"
0,0.818720589267834,0.296,0.144,0,"7","WNK2"
0,0.69060535240643,0.293,0.142,0,"7","CCDC30"
0,0.851717072500436,0.283,0.132,0,"7","FBXO34"
0,0.899115465906362,0.278,0.128,0,"7","AP001347.1"
0,0.353678377180304,0.332,0.183,0,"7","PPP2R5E"
0,0.335430213762813,0.33,0.181,0,"7","TMOD2"
0,1.12016248414409,0.255,0.106,0,"7","CACNG2"
0,0.399793962079579,0.311,0.162,0,"7","ZDHHC17"
0,0.259490862662805,0.352,0.203,0,"7","UBE2K"
0,0.752661407429211,0.265,0.117,0,"7","SYNGR1"
0,0.503359702099461,0.298,0.15,0,"7","NUDCD3"
0,0.285000859912383,0.337,0.19,0,"7","BTBD8"
0,1.1267640746446,0.252,0.105,0,"7","HMGCLL1"
0,0.736838510789193,0.272,0.125,0,"7","TRIM37"
0,0.292777000420115,0.316,0.169,0,"7","CAMK2G"
0,0.562604550841181,0.291,0.144,0,"7","PCNX4"
0,0.728912162518981,0.263,0.117,0,"7","RNF11"
0,0.535408217835919,0.34,0.194,0,"7","FP700111.1"
0,0.58811408566453,0.253,0.108,0,"7","AC016716.2"
0,0.35779085337244,0.337,0.192,0,"7","STAU2"
0,0.703444821643686,0.279,0.134,0,"7","CPNE8"
0,0.408904636565966,0.281,0.136,0,"7","GPX4"
0,0.315945887922245,0.313,0.168,0,"7","SCG5"
0,0.655437576241619,0.284,0.139,0,"7","KCNK1"
0,0.632586792715959,0.264,0.12,0,"7","NR1D2"
0,0.538207893487378,0.325,0.181,0,"7","KIAA0825"
0,0.786707661433864,0.256,0.112,0,"7","PTGR1"
0,1.06472999435413,0.258,0.114,0,"7","KCNT1"
0,0.668323160607176,0.263,0.119,0,"7","SPOCK2"
0,0.679853198076084,0.261,0.117,0,"7","GABARAPL1"
0,0.528884920573187,0.278,0.134,0,"7","VPS35"
0,0.722524418737778,0.268,0.124,0,"7","PDXK"
0,0.456120649083602,0.314,0.17,0,"7","SUGP2"
0,0.267264836375503,0.346,0.202,0,"7","DNM1L"
0,0.4100193374025,0.327,0.184,0,"7","BDP1"
0,0.388146329614715,0.32,0.177,0,"7","MICU3"
0,0.46231486705401,0.277,0.134,0,"7","CHCHD10"
0,0.527951772513859,0.289,0.146,0,"7","CLIP3"
0,0.580223295794451,0.271,0.129,0,"7","AGAP3"
0,0.29338207617058,0.318,0.176,0,"7","YLPM1"
0,0.299962979814852,0.33,0.188,0,"7","RHOT1"
0,0.354303932527726,0.338,0.196,0,"7","TMEM59L"
0,0.318738052223947,0.334,0.192,0,"7","MAPK1"
0,0.770485835474561,0.254,0.112,0,"7","CBX6"
0,0.396500304814638,0.303,0.161,0,"7","ACTR2"
0,0.606646077838573,0.285,0.143,0,"7","AC079447.1"
0,0.545231925215583,0.283,0.141,0,"7","PPP2R1A"
0,0.358452782041388,0.327,0.186,0,"7","DOPEY1"
0,0.629669051079218,0.281,0.14,0,"7","MYEF2"
0,0.589170556540133,0.285,0.144,0,"7","TSPYL2"
0,0.445759455626911,0.307,0.166,0,"7","CEP126"
0,0.464385215241827,0.325,0.185,0,"7","WDR17"
0,0.775385170326455,0.258,0.118,0,"7","GRAMD1B"
0,0.583318327099473,0.265,0.125,0,"7","AES"
0,0.660329766113017,0.278,0.138,0,"7","ADGRL1"
0,0.519580418944113,0.299,0.159,0,"7","LARP1B"
0,0.278559707632751,0.347,0.207,0,"7","FBXL20"
0,0.877295685959363,0.25,0.111,0,"7","NQO2"
0,0.736526066645966,0.271,0.132,0,"7","SHC3"
0,0.320525813207374,0.292,0.153,0,"7","PRKAR1A"
0,0.311183269558629,0.314,0.176,0,"7","KIF1A"
0,0.424800156747991,0.333,0.195,0,"7","CACNA1D"
0,0.393983679543176,0.316,0.178,0,"7","RANBP9"
0,0.600697153705757,0.261,0.123,0,"7","KPNA5"
0,0.928986548749261,0.258,0.12,0,"7","ICA1"
0,0.901507083978088,0.257,0.119,0,"7","PDE2A"
0,0.826857289415562,0.255,0.117,0,"7","STMN3"
0,0.876884970559119,0.26,0.122,0,"7","UNC13A"
0,0.745863619434939,0.27,0.133,0,"7","ASXL3"
0,0.25656451347606,0.29,0.153,0,"7","ATP6V1E1"
0,0.607838911494675,0.275,0.139,0,"7","NSG2"
0,0.438796025724492,0.271,0.135,0,"7","BEX2"
0,0.335196182649329,0.322,0.186,0,"7","ZNF248"
0,0.713923182449474,0.261,0.125,0,"7","TASP1"
0,0.437646415571276,0.275,0.139,0,"7","EPB41L1"
0,0.909821446885398,0.254,0.118,0,"7","MAST1"
0,0.576116523217298,0.266,0.131,0,"7","FAM169A"
0,0.901239543171467,0.251,0.116,0,"7","SLC41A2"
0,0.40822169408187,0.286,0.151,0,"7","NDUFS1"
0,0.37390569989413,0.301,0.166,0,"7","GRK3"
0,0.498276277239417,0.311,0.177,0,"7","CACNA1E"
0,0.515582935244924,0.268,0.134,0,"7","RHBDD2"
0,0.555846327222586,0.259,0.125,0,"7","MLF2"
0,0.252859425417597,0.327,0.193,0,"7","CEP290"
0,0.363126863436652,0.32,0.186,0,"7","ZNF91"
0,0.496788491601867,0.251,0.117,0,"7","TMEM160"
0,0.254606095687039,0.311,0.178,0,"7","PRDM2"
0,0.67753255201213,0.254,0.121,0,"7","CCDC6"
0,0.629943965544656,0.273,0.14,0,"7","LRRC28"
0,0.481621199247039,0.276,0.144,0,"7","GPR155"
0,0.583169720985146,0.278,0.146,0,"7","CCDC171"
0,0.671718281488689,0.275,0.143,0,"7","MIPOL1"
0,0.491332176322132,0.27,0.138,0,"7","ZYG11B"
0,0.653355034837353,0.259,0.127,0,"7","PPP1R13B"
0,0.438318424388153,0.282,0.15,0,"7","ATP6V1A"
0,0.524500430646497,0.31,0.179,0,"7","SHANK2"
0,0.886383438317417,0.251,0.12,0,"7","ME3"
0,0.468038540949008,0.288,0.157,0,"7","HTT"
0,0.295472977396055,0.295,0.164,0,"7","APLP2"
0,0.591414798637682,0.259,0.129,0,"7","FKBP3"
0,0.263566805352356,0.301,0.171,0,"7","TMEM245"
0,0.443510138852044,0.257,0.128,0,"7","ARF1"
0,0.296132803097789,0.317,0.188,0,"7","CMIP"
0,0.339746873144408,0.285,0.156,0,"7","FLOT1"
0,0.431442708964128,0.281,0.153,0,"7","TCERG1"
0,0.576688007469229,0.253,0.125,0,"7","KLHL7"
0,0.264435532050128,0.28,0.153,0,"7","RNF149"
0,0.707198781023754,0.252,0.125,0,"7","KIFC2"
0,0.4401348125041,0.266,0.139,0,"7","CEP192"
0,0.362077311046484,0.283,0.156,0,"7","KLHDC10"
0,0.374777116889634,0.28,0.154,0,"7","CSTF3"
0,0.435245776157495,0.302,0.176,0,"7","SEPT11"
0,0.429020701476123,0.264,0.138,0,"7","NSMAF"
0,0.310378787474043,0.291,0.165,0,"7","TRPM7"
0,0.515046145275761,0.256,0.131,0,"7","DSE"
0,0.549287940824539,0.25,0.125,0,"7","WIPF2"
0,0.313248297282598,0.278,0.154,0,"7","LARP1"
0,0.603657358285465,0.267,0.143,0,"7","ADCY9"
0,0.636985445793468,0.251,0.127,0,"7","BTBD10"
0,0.348545122426042,0.272,0.149,0,"7","PEA15"
0,0.421439047766738,0.273,0.15,0,"7","RNF145"
0,0.454193568610456,0.281,0.158,0,"7","PACRG"
0,0.394157269989408,0.271,0.148,0,"7","PSIP1"
0,0.325547411679211,0.273,0.15,0,"7","MAST3"
0,0.356036103081003,0.282,0.159,0,"7","YTHDC2"
0,0.280939632546283,0.294,0.172,0,"7","ZC3H14"
0,0.323347741800606,0.28,0.159,0,"7","YAF2"
0,0.423064930528598,0.251,0.13,0,"7","CCDC85B"
0,0.298481131333438,0.272,0.152,0,"7","RANBP2"
0,0.376007538207349,0.265,0.145,0,"7","ORC4"
0,0.398273969307174,0.267,0.149,0,"7","ATXN7L1"
0,0.313322285029247,0.279,0.162,0,"7","PIAS2"
0,0.35724169188865,0.285,0.168,0,"7","KIF9-AS1"
0,0.550038391025496,0.257,0.141,0,"7","AC104827.1"
0,0.28940848468334,0.266,0.15,0,"7","ESYT2"
0,0.402468400203395,0.267,0.151,0,"7","SNRPN"
0,0.595646982616935,0.258,0.143,0,"7","KCNJ6"
0,0.310769720347128,0.259,0.145,0,"7","OGT"
0,0.36079251593907,0.283,0.169,0,"7","NETO1"
0,0.571177412811127,0.268,0.155,0,"7","LINC01250"
0,0.264074450150005,0.287,0.174,0,"7","NME7"
0,0.267519451797963,0.281,0.169,0,"7","TBC1D32"
0,0.260690900174092,0.275,0.163,0,"7","MAP2K1"
0,0.25632245413118,0.256,0.144,0,"7","PIK3C3"
0,0.280737974649216,0.268,0.157,0,"7","RAB28"
0,0.264907697365789,0.279,0.168,0,"7","ZER1"
0,0.269897484289491,0.256,0.145,0,"7","FBXO21"
0,0.365874412578625,0.255,0.144,0,"7","COG6"
0,0.468715759817467,0.251,0.143,0,"7","ANO5"
0,0.270936496615871,0.266,0.162,0,"7","GMDS"
0,0.289208663675535,0.27,0.168,0,"7","PRICKLE2"
0,2.3949280270234,0.901,0.267,0,"8","CADPS2"
0,2.44207533677393,0.871,0.245,0,"8","NRG1"
0,3.95907521372799,0.697,0.076,0,"8","AC109466.1"
0,2.23177541061334,0.813,0.193,0,"8","RORB"
0,1.44436053842205,0.912,0.305,0,"8","CNTN5"
0,2.3046394445053,0.851,0.256,0,"8","KCNH7"
0,2.13822432098271,0.841,0.255,0,"8","PTPRT"
0,2.3551393557096,0.783,0.207,0,"8","CLSTN2"
0,1.62047477738597,0.981,0.41,0,"8","RALYL"
0,1.78438384609179,0.978,0.419,0,"8","KCNQ5"
0,1.65752807959596,0.898,0.36,0,"8","FRMPD4"
0,1.74439066391432,0.817,0.28,0,"8","ZNF385B"
0,3.86972676946771,0.588,0.052,0,"8","AC008415.1"
0,1.61995713307441,0.942,0.408,0,"8","RYR2"
0,1.64350754671788,0.711,0.177,0,"8","HS3ST4"
0,1.67127018898155,0.948,0.416,0,"8","CCSER1"
0,1.38182655037732,0.946,0.42,0,"8","IQCJ-SCHIP1"
0,1.70119689399409,0.845,0.319,0,"8","PCLO"
0,1.67066419867816,0.922,0.397,0,"8","AGBL4"
0,1.72685989627439,0.929,0.407,0,"8","PCDH7"
0,1.5784753318078,0.849,0.332,0,"8","ARPP21"
0,1.85029075312764,0.784,0.269,0,"8","CELF4"
0,1.42506442591362,0.946,0.431,0,"8","STXBP5L"
0,1.45085085276734,0.937,0.428,0,"8","MDGA2"
0,1.35040488914378,0.945,0.437,0,"8","RIMS2"
0,1.45994140139538,0.862,0.355,0,"8","PDE1A"
0,1.60065363683338,0.748,0.241,0,"8","KCNC2"
0,2.71425694466315,0.612,0.106,0,"8","IL1RAPL2"
0,1.09206939982654,0.958,0.454,0,"8","SNTG1"
0,1.78861690982402,0.946,0.448,0,"8","PHACTR1"
0,1.65656151771437,0.778,0.282,0,"8","HECW1"
0,1.0378027160673,0.888,0.392,0,"8","KHDRBS2"
0,1.19407632886032,0.814,0.323,0,"8","CHRM3"
0,1.28064469559168,0.889,0.401,0,"8","SLC8A1"
0,1.38858131591768,0.805,0.319,0,"8","FAM19A2"
0,1.74058667177758,0.734,0.251,0,"8","GALNT17"
0,1.20315863188465,0.81,0.328,0,"8","LDB2"
0,1.12292324159157,0.939,0.457,0,"8","FGF12"
0,1.345549059754,0.852,0.371,0,"8","THRB"
0,1.18389585214604,0.892,0.413,0,"8","KALRN"
0,1.20822100361257,0.852,0.374,0,"8","GRIK2"
0,1.24652379722513,0.82,0.342,0,"8","LRFN5"
0,1.39204904669444,0.843,0.367,0,"8","GRM7"
0,1.34444196923292,0.985,0.516,0,"8","OPCML"
0,2.17891091274583,0.636,0.168,0,"8","FSTL4"
0,1.13158917974376,0.835,0.367,0,"8","PRKCB"
0,1.59722003307732,0.706,0.239,0,"8","FMN1"
0,0.699195253014124,0.88,0.414,0,"8","DSCAM"
0,1.04088843801925,0.873,0.408,0,"8","GRM5"
0,1.09874170845399,0.811,0.347,0,"8","DLGAP2"
0,1.44870092174238,0.778,0.315,0,"8","RIMS1"
0,1.1405279864399,0.85,0.387,0,"8","ROBO2"
0,2.30343164680558,0.598,0.137,0,"8","CPNE4"
0,1.29454766696263,0.789,0.33,0,"8","KHDRBS3"
0,1.22080071039042,0.756,0.298,0,"8","NELL2"
0,1.19073454572868,0.934,0.477,0,"8","MEF2C"
0,1.47606796834909,0.686,0.231,0,"8","CAMK2D"
0,1.49109805570991,0.712,0.259,0,"8","ST6GALNAC5"
0,2.09516124081351,0.568,0.115,0,"8","FOXP2"
0,1.00364442979356,0.972,0.519,0,"8","FGF14"
0,1.20511622180889,0.791,0.339,0,"8","GABRB2"
0,1.35142043804638,0.888,0.437,0,"8","SNAP25"
0,1.77572578641031,0.685,0.235,0,"8","FAM19A1"
0,1.86672209359991,0.643,0.194,0,"8","KCNB2"
0,1.42360677527776,0.72,0.271,0,"8","HCN1"
0,1.23995875063337,0.776,0.328,0,"8","MYT1L"
0,1.15972183729722,0.789,0.341,0,"8","ERC2"
0,1.07668714058769,0.874,0.427,0,"8","R3HDM1"
0,1.06969206076003,0.872,0.427,0,"8","OXR1"
0,1.39639694706831,0.73,0.286,0,"8","SYN2"
0,1.57028756244268,0.643,0.199,0,"8","POU6F2"
0,1.38779880166625,0.968,0.525,0,"8","NEGR1"
0,2.13459098641826,0.592,0.149,0,"8","CCDC85A"
0,1.34944863023981,0.748,0.309,0,"8","BASP1"
0,1.45098249297581,0.722,0.283,0,"8","CDK14"
0,1.55541441045839,0.679,0.242,0,"8","CDH10"
0,1.65328480177178,0.65,0.214,0,"8","NCALD"
0,0.633051978018017,0.704,0.269,0,"8","GRIP1"
0,1.77765950030422,0.616,0.182,0,"8","CNTN3"
0,2.9353665309001,0.506,0.072,0,"8","LRRK1"
0,1.03428053112108,0.957,0.523,0,"8","CELF2"
0,1.18534101940259,0.899,0.466,0,"8","CHN1"
0,1.60990967473007,0.66,0.229,0,"8","CABP1"
0,0.88573872233657,0.935,0.505,0,"8","FRMD4A"
0,1.14880191584825,0.775,0.345,0,"8","CACNA1C"
0,1.50939581689922,0.997,0.567,0,"8","SYT1"
0,1.59782220028613,0.658,0.229,0,"8","SORCS1"
0,0.814079442867174,0.849,0.42,0,"8","CSMD3"
0,1.4972403856279,0.663,0.235,0,"8","FAT3"
0,1.38535773116632,0.664,0.236,0,"8","GABRG3"
0,0.957644597709088,0.777,0.35,0,"8","DCLK1"
0,1.14863665560047,0.925,0.5,0,"8","PPP3CA"
0,1.27880977569535,0.722,0.298,0,"8","MKL2"
0,1.26684485947179,0.67,0.247,0,"8","OLFM3"
0,0.864335115880652,0.867,0.444,0,"8","RGS7"
0,1.00778928882947,0.823,0.4,0,"8","MAP2"
0,0.979218891191836,0.771,0.349,0,"8","GRIN2A"
0,1.29791074991001,0.719,0.297,0,"8","CNKSR2"
0,1.19384295430273,0.732,0.31,0,"8","CACNA1A"
0,1.53739418397153,0.632,0.212,0,"8","CDH8"
0,0.790100288764921,0.968,0.549,0,"8","LRRTM4"
0,1.02202815227366,0.746,0.329,0,"8","SLC4A10"
0,1.54420468832108,0.692,0.275,0,"8","RGS6"
0,1.19250084245119,0.713,0.297,0,"8","CHSY3"
0,0.944196452704816,0.755,0.341,0,"8","CACNA2D3"
0,2.56669561961321,0.513,0.1,0,"8","DNAH6"
0,1.24395958731512,0.962,0.55,0,"8","DPP10"
0,0.852059262921516,0.771,0.36,0,"8","CADPS"
0,0.89729452970864,0.919,0.508,0,"8","PLCB1"
0,1.21214184035689,0.71,0.299,0,"8","KCNQ3"
0,1.89060869664955,0.569,0.159,0,"8","ELAVL4"
0,1.20587721515492,0.973,0.567,0,"8","PDE4D"
0,1.04062600481041,0.983,0.58,0,"8","FAM155A"
0,0.527769572461778,0.938,0.535,0,"8","DLGAP1"
0,1.04210263910456,0.698,0.296,0,"8","PRKG1"
0,1.98921116708632,0.54,0.139,0,"8","BCL11A"
0,1.24089159768046,0.651,0.25,0,"8","MYRIP"
0,1.15066804523611,0.994,0.593,0,"8","RBFOX1"
0,0.415053000850961,0.979,0.579,0,"8","CSMD1"
0,0.85405967416832,0.713,0.313,0,"8","UNC5D"
0,1.08777142412278,0.685,0.286,0,"8","MTUS2"
0,0.927736412711783,0.725,0.326,0,"8","LINGO2"
0,0.736794379479575,0.755,0.357,0,"8","GRID2"
0,1.39239337898699,0.638,0.24,0,"8","SH3GL2"
0,0.870983641180866,0.845,0.449,0,"8","NBEA"
0,1.10528538031905,0.702,0.308,0,"8","AFF3"
0,0.926763844101877,0.854,0.46,0,"8","MACROD2"
0,0.954006978816887,0.711,0.32,0,"8","EFNA5"
0,3.885165671168,0.431,0.042,0,"8","AC016687.2"
0,1.58626426716059,0.587,0.2,0,"8","TENM4"
0,1.80414120803008,0.552,0.167,0,"8","STMN2"
0,1.07654667225785,0.958,0.573,0,"8","NAV3"
0,1.2895664139517,0.631,0.247,0,"8","RAPGEF4"
0,0.717758045608662,0.927,0.544,0,"8","RORA"
0,0.805328613515365,0.797,0.415,0,"8","KCNMA1"
0,1.6388966298858,0.575,0.193,0,"8","RBFOX3"
0,0.995874572804983,0.711,0.331,0,"8","RASAL2"
0,1.49281392258328,0.57,0.19,0,"8","LINC01322"
0,0.75851770349985,0.695,0.315,0,"8","DGKB"
0,1.26669013694415,0.646,0.267,0,"8","VSNL1"
0,1.13568850440437,0.669,0.291,0,"8","SNAP91"
0,0.687877882508252,0.686,0.308,0,"8","MMP16"
0,1.33513331707751,0.583,0.205,0,"8","LINC01122"
0,0.92675003761431,0.766,0.388,0,"8","RTN1"
0,1.05275285464439,0.668,0.292,0,"8","SCN2A"
0,1.32237431087119,0.999,0.623,0,"8","KCNIP4"
0,1.00144248711071,0.813,0.438,0,"8","MAP1B"
0,1.25252353826866,0.584,0.212,0,"8","TOX"
0,0.495721917173874,0.877,0.506,0,"8","KAZN"
0,0.979898137489995,0.624,0.253,0,"8","BRINP3"
0,0.53455776983412,0.827,0.457,0,"8","AC092691.1"
0,1.16281617323968,0.669,0.301,0,"8","TUBA1B"
0,1.84794804333669,0.514,0.146,0,"8","STXBP5-AS1"
0,1.09324548375479,0.649,0.281,0,"8","PAK3"
0,1.60673197583592,0.503,0.138,0,"8","KCNT2"
0,0.937453603418535,0.691,0.327,0,"8","DYNC1I1"
0,0.742389746036421,0.889,0.526,0,"8","MAPK10"
0,0.9448196724536,0.666,0.304,0,"8","ATP8A2"
0,0.628842894554766,0.824,0.462,0,"8","TENM2"
0,1.1199306455608,0.624,0.264,0,"8","UNC80"
0,0.995543028193068,0.648,0.289,0,"8","PRKCE"
0,1.11555813061515,0.63,0.271,0,"8","STRBP"
0,0.603988050424328,0.929,0.571,0,"8","CTNNA2"
0,0.573881625681802,0.792,0.434,0,"8","NRCAM"
0,1.05341272307104,0.668,0.31,0,"8","LARGE1"
0,0.635255080821426,0.674,0.317,0,"8","SLC35F1"
0,1.09791109063088,0.634,0.277,0,"8","XKR6"
0,1.3866995295961,0.555,0.199,0,"8","GPR158"
0,1.02609106149224,0.636,0.28,0,"8","GRIN1"
0,1.10066298014564,0.699,0.344,0,"8","TMSB10"
0,0.594842369023123,0.886,0.534,0,"8","LRRC7"
0,0.843845215887023,0.675,0.324,0,"8","CAMK1D"
0,0.890470411043904,0.648,0.297,0,"8","GABRB3"
0,1.614109647768,0.519,0.168,0,"8","BMPER"
0,0.600951326496702,0.858,0.508,0,"8","GRIA2"
0,0.5751553396264,0.817,0.467,0,"8","CNTN1"
0,0.797374882085649,0.673,0.324,0,"8","CACNA1B"
0,0.556471780293023,0.981,0.632,0,"8","NRXN1"
0,1.33131743231815,0.553,0.205,0,"8","EPHA4"
0,0.588120125268253,0.982,0.634,0,"8","NRG3"
0,0.902413015107132,0.649,0.302,0,"8","GRIA3"
0,0.9092259098462,0.624,0.278,0,"8","SCN1A"
0,1.06411848778129,0.61,0.264,0,"8","GABBR2"
0,1.35461763299628,0.559,0.214,0,"8","GABRG2"
0,2.38483169658362,0.423,0.078,0,"8","EPHA3"
0,1.48095224793896,0.531,0.187,0,"8","SRRM4"
0,0.881269638305873,0.651,0.308,0,"8","FBXW7"
0,0.913952353561944,0.661,0.318,0,"8","LINC00632"
0,0.679757118234626,0.987,0.644,0,"8","CNTNAP2"
0,0.823184981304714,0.674,0.332,0,"8","UNC79"
0,1.09092305801402,0.602,0.26,0,"8","ATP2B2"
0,1.31975827099134,0.541,0.2,0,"8","SV2B"
0,2.50128497690963,0.416,0.076,0,"8","RXFP1"
0,0.868891865666185,0.614,0.274,0,"8","MCTP1"
0,2.18303209422791,0.432,0.092,0,"8","SLC22A10"
0,1.38976458048214,0.532,0.195,0,"8","VPS13A"
0,1.11127220772187,0.6,0.263,0,"8","TMEM232"
0,1.10880358013962,0.962,0.626,0,"8","NKAIN2"
0,0.78550102678163,0.694,0.358,0,"8","HERC1"
0,0.768729333175643,0.683,0.349,0,"8","RAPGEF2"
0,0.781296594218896,0.679,0.346,0,"8","MSRA"
0,1.34992002641695,0.512,0.18,0,"8","ZMAT4"
0,1.08687936702603,0.544,0.215,0,"8","PDZRN3"
0,1.76195322707506,0.461,0.132,0,"8","FAM189A1"
0,1.07950377139992,0.572,0.243,0,"8","NR2F1-AS1"
0,0.796191375348796,0.567,0.239,0,"8","XKR4"
0,1.98523989634901,0.444,0.117,0,"8","CHGA"
0,0.906926809885846,0.628,0.302,0,"8","IDS"
0,0.880151357565032,0.621,0.295,0,"8","SPTBN4"
0,0.979446222421085,0.57,0.244,0,"8","SHISA9"
0,1.17046058705361,0.507,0.182,0,"8","TMEM117"
0,0.987441139148574,0.527,0.203,0,"8","LHFPL6"
0,0.961598895772956,0.597,0.273,0,"8","DNM1"
0,0.701496547492071,0.677,0.354,0,"8","ARHGAP32"
0,0.751407736285994,0.863,0.54,0,"8","DMD"
0,0.945840533466199,0.562,0.24,0,"8","SNCA"
0,0.557287128802427,0.724,0.403,0,"8","FOXP1"
0,1.55081891291103,0.44,0.12,0,"8","IPCEF1"
0,1.00119844672151,0.583,0.263,0,"8","SYP"
0,1.16435523756984,0.526,0.207,0,"8","SLC17A7"
0,0.903976150760986,0.612,0.293,0,"8","EIF4A2"
0,1.57985293797073,0.415,0.096,0,"8","COL11A1"
0,2.06434735477516,0.403,0.085,0,"8","GRM8"
0,1.04498522118694,0.559,0.242,0,"8","STXBP1"
0,0.771240236476582,0.617,0.3,0,"8","NRGN"
0,0.457672607348479,0.687,0.372,0,"8","ATP2B1"
0,1.06133099198574,0.543,0.228,0,"8","SETBP1"
0,0.757560945789635,0.708,0.393,0,"8","GNAS"
0,1.6126497411773,0.453,0.14,0,"8","EPHA5"
0,1.49459827369912,0.44,0.127,0,"8","LINC01378"
0,3.81720253009847,0.331,0.019,0,"8","TLL1"
0,1.47186340489231,0.472,0.16,0,"8","NETO1"
0,0.266114218200556,0.644,0.334,0,"8","CDH18"
0,1.15473013916066,0.506,0.196,0,"8","PAK1"
0,0.77450006615555,0.594,0.284,0,"8","SLC2A13"
0,0.550514269909892,0.592,0.282,0,"8","TMEM132D"
0,0.599956263798763,0.623,0.314,0,"8","DGKI"
0,0.603082214703185,0.875,0.567,0,"8","DOCK3"
0,0.899764638739523,0.569,0.262,0,"8","CERS6"
0,1.01716846879899,0.524,0.218,0,"8","SATB2"
0,0.990411842726374,0.538,0.233,0,"8","SCN3A"
0,0.514786793951869,0.804,0.499,0,"8","TNRC6A"
0,1.16467749356741,0.519,0.216,0,"8","AC092683.1"
0,2.8579707203369,0.353,0.05,0,"8","HS3ST2"
0,0.566055213953568,0.707,0.404,0,"8","FBXL17"
0,1.06641043608426,0.508,0.206,0,"8","NELL1"
0,0.771467554336517,0.762,0.46,0,"8","CALM1"
0,0.994613655723767,0.984,0.683,0,"8","LRP1B"
0,0.921519516400688,0.551,0.251,0,"8","PPM1L"
0,0.958959673186386,0.538,0.238,0,"8","KIAA1549L"
0,0.695065171543309,0.584,0.284,0,"8","GRIA1"
0,0.894484346452127,0.555,0.256,0,"8","GLS"
0,1.29258467018012,0.481,0.182,0,"8","PRICKLE1"
0,0.433900640037117,0.739,0.441,0,"8","SMYD3"
0,1.00045640975547,0.55,0.253,0,"8","ARL15"
0,0.844332983348706,0.54,0.243,0,"8","RUNX1T1"
0,0.673086733234815,0.64,0.343,0,"8","PREPL"
0,1.68156949396258,0.428,0.131,0,"8","LIN7A"
0,0.675625496256339,0.611,0.316,0,"8","DANT2"
0,0.561759320780632,0.918,0.624,0,"8","ADGRL3"
0,0.865595735133267,0.557,0.263,0,"8","FOCAD"
0,1.11118433012695,0.477,0.183,0,"8","SSBP3"
0,0.854685250828698,0.977,0.683,0,"8","ANKS1B"
0,1.0160978089588,0.512,0.22,0,"8","PCNX2"
0,0.441219320464449,0.695,0.403,0,"8","SYNE1"
0,2.2514185586726,0.371,0.08,0,"8","RAB27B"
0,0.382539838228954,0.747,0.458,0,"8","AHI1"
0,0.604069930661888,0.593,0.304,0,"8","GRIN2B"
0,0.348718878112415,0.666,0.378,0,"8","FMN2"
0,1.04665922309881,0.446,0.158,0,"8","FSTL5"
0,0.953622351994536,0.519,0.232,0,"8","SCN8A"
0,0.882569694751795,0.513,0.226,0,"8","EVL"
0,1.54798931189502,0.396,0.109,0,"8","UNC13C"
0,1.1795599405506,0.47,0.183,0,"8","FAM49A"
0,0.698832244194519,0.593,0.306,0,"8","AC124312.1"
0,1.26779007469461,0.46,0.174,0,"8","PAK5"
0,1.27243274504771,0.439,0.154,0,"8","ST8SIA1"
0,0.71956850523902,0.575,0.29,0,"8","UCHL1"
0,1.45679638871062,0.42,0.135,0,"8","KIAA0319"
0,0.510715279075185,0.73,0.445,0,"8","RTN3"
0,0.785966493632116,0.43,0.146,0,"8","TSHZ2"
0,0.707216617406217,0.529,0.246,0,"8","ZEB1"
0,0.881986040678581,0.521,0.238,0,"8","PWAR6"
0,0.585111893282995,0.608,0.326,0,"8","NSF"
0,0.807100434488919,0.542,0.261,0,"8","OSBPL6"
0,0.946484027810812,0.461,0.18,0,"8","KLF12"
0,0.41948162289888,0.712,0.431,0,"8","RABGAP1L"
0,0.478031721382042,0.68,0.4,0,"8","MYCBP2"
0,0.566616849627563,0.591,0.311,0,"8","CSRNP3"
0,0.266081662389935,0.738,0.458,0,"8","NTRK2"
0,1.19637405836112,0.459,0.18,0,"8","PRKAR1B"
0,0.350146819346161,0.619,0.34,0,"8","CNTNAP5"
0,1.36912372440038,0.442,0.164,0,"8","MIR137HG"
0,1.25380990465673,0.429,0.151,0,"8","PLCL2"
0,1.17364396682377,0.46,0.182,0,"8","GABRA1"
0,1.20934680260271,0.447,0.169,0,"8","NDRG4"
0,0.750143610473525,0.524,0.247,0,"8","EXT1"
0,0.429202927449885,0.556,0.279,0,"8","ASIC2"
0,0.408788649214954,0.688,0.411,0,"8","TRIM9"
0,0.757899218989546,0.552,0.276,0,"8","PTPRN2"
0,0.344368429832377,0.752,0.477,0,"8","ATXN1"
0,1.18810328278167,0.412,0.137,0,"8","PDE3B"
0,0.806303636789671,0.502,0.228,0,"8","CAMK2A"
0,0.42047258507999,0.668,0.395,0,"8","CAMTA1"
0,1.08585774772966,0.467,0.194,0,"8","EML6"
0,0.476284882922094,0.645,0.372,0,"8","GPATCH8"
0,2.66512980852325,0.317,0.044,0,"8","CDH7"
0,0.859048474311699,0.505,0.233,0,"8","KCNJ3"
0,1.01740845664925,0.468,0.196,0,"8","PPP2R2C"
0,1.06796440058427,0.445,0.174,0,"8","NUAK1"
0,0.915367149355146,0.497,0.226,0,"8","KSR2"
0,0.34315962331385,0.799,0.529,0,"8","JMJD1C"
0,1.05286137662251,0.474,0.204,0,"8","SNAP25-AS1"
0,1.25388927894709,0.431,0.163,0,"8","RUNDC3B"
0,0.734504434799648,0.533,0.265,0,"8","ENO2"
0,1.01076255303309,0.463,0.196,0,"8","NMNAT2"
0,2.0596358384654,0.34,0.073,0,"8","NYAP2"
0,0.829294042076345,0.511,0.244,0,"8","YWHAG"
0,1.33313087059854,0.399,0.132,0,"8","ELAVL2"
0,0.295318952268298,0.499,0.232,0,"8","TRPM3"
0,0.462141430703759,0.613,0.346,0,"8","MYO5A"
0,0.499103312583557,0.565,0.298,0,"8","ADGRL2"
0,0.833549713361073,0.503,0.237,0,"8","ADAM23"
0,0.862228487639294,0.484,0.218,0,"8","OLFM1"
0,0.775287403024927,0.474,0.208,0,"8","DNAJC1"
0,0.404394737594726,0.94,0.675,0,"8","NRXN3"
0,1.79824684302344,0.362,0.098,0,"8","STX1A"
0,0.709162977747787,0.54,0.276,0,"8","FAIM2"
0,1.0598077155441,0.441,0.179,0,"8","FAM13A"
0,0.310992050189476,0.694,0.432,0,"8","TTC3"
0,1.69046069504907,0.375,0.114,0,"8","ADD2"
0,0.631336173384201,0.518,0.257,0,"8","SERPINI1"
0,0.945853566478164,0.473,0.212,0,"8","TSPAN7"
0,0.813317107940077,0.494,0.233,0,"8","SPTAN1"
0,0.618097255933915,0.535,0.274,0,"8","TMEM132B"
0,0.426058898513172,0.816,0.555,0,"8","AC016831.7"
0,1.02326864155624,0.449,0.189,0,"8","FP700111.1"
0,1.45305005205576,0.39,0.13,0,"8","CACNB4"
0,0.573471935754593,0.46,0.201,0,"8","TENM3"
0,0.507498176426485,0.564,0.305,0,"8","JAKMIP2"
0,0.523267198564363,0.571,0.312,0,"8","RBFOX2"
0,2.26478870897051,0.321,0.063,0,"8","DACH1"
0,0.501830566270727,0.592,0.334,0,"8","TSC22D1"
0,1.50935706209063,0.379,0.122,0,"8","TTC39C"
0,1.38754223730577,0.414,0.157,0,"8","AL117329.1"
0,0.765902906949367,0.484,0.228,0,"8","LMO4"
0,0.825901462812139,0.414,0.158,0,"8","TRHDE"
0,0.79802558308802,0.503,0.247,0,"8","CALM3"
0,0.437565051366225,0.842,0.586,0,"8","MIR99AHG"
0,0.509496122282763,0.528,0.273,0,"8","AC073050.1"
0,0.959368530480607,0.438,0.183,0,"8","GAP43"
0,0.638767075188529,0.426,0.171,0,"8","SYNDIG1"
0,0.434118938815743,0.597,0.342,0,"8","MPHOSPH8"
0,0.995930150445454,0.446,0.192,0,"8","ZFYVE28"
0,0.551099728730071,0.555,0.302,0,"8","CLSTN1"
0,0.295573128735949,0.647,0.394,0,"8","PBX1"
0,0.277207726140567,0.781,0.528,0,"8","AKT3"
0,0.270720091334629,0.735,0.482,0,"8","TNRC6B"
0,0.278842392234252,0.622,0.37,0,"8","FUT9"
0,0.721278158360864,0.472,0.221,0,"8","HIVEP3"
0,0.553501264132624,0.796,0.547,0,"8","MT-ND1"
0,0.748438380825806,0.447,0.199,0,"8","ENC1"
0,0.732460516168024,0.925,0.677,0,"8","MT-CO1"
0,1.13162553047908,0.394,0.147,0,"8","NEFL"
0,1.25613543811487,0.388,0.142,0,"8","PRKAG2"
0,0.785026783110674,0.456,0.21,0,"8","YWHAB"
0,0.572303809308587,0.511,0.265,0,"8","ARHGEF12"
0,1.33621933387421,0.374,0.128,0,"8","SORCS3"
0,0.298217904542637,0.718,0.473,0,"8","MBD5"
0,0.646889201938222,0.47,0.225,0,"8","GLCCI1"
0,1.0228784143039,0.363,0.119,0,"8","PID1"
0,1.74892370481205,0.325,0.081,0,"8","GHR"
0,1.02159528310933,0.421,0.177,0,"8","DGKZ"
0,0.604170748030825,0.508,0.264,0,"8","DENND5B"
0,1.06815563132994,0.421,0.177,0,"8","ARHGAP44"
0,1.13396829158594,0.409,0.165,0,"8","ANKRD30BL"
0,1.35018927318404,0.384,0.141,0,"8","BASP1-AS1"
0,0.489034808195155,0.51,0.267,0,"8","BICD1"
0,0.70014178545375,0.472,0.229,0,"8","R3HDM2"
0,0.734915177587749,0.461,0.219,0,"8","HIVEP2"
0,1.24887266574271,0.381,0.139,0,"8","AC120193.1"
0,1.04466986078512,0.416,0.174,0,"8","SHANK2"
0,0.71703512596794,0.456,0.215,0,"8","MAP3K13"
0,0.956722264618476,0.402,0.161,0,"8","NDST3"
0,0.411992331691353,0.551,0.311,0,"8","SPIDR"
0,1.04956620115299,0.403,0.163,0,"8","PDE10A"
0,0.698497205525723,0.451,0.211,0,"8","TLN2"
0,1.08604797861841,0.398,0.158,0,"8","NAPB"
0,0.687818521980521,0.459,0.22,0,"8","BRINP1"
0,0.75513068152427,0.458,0.219,0,"8","LMO3"
0,0.755449657538373,0.463,0.224,0,"8","NORAD"
0,0.877195716532711,0.42,0.181,0,"8","DCAF6"
0,1.36258650189882,0.365,0.126,0,"8","GLRB"
0,0.340327169765549,0.598,0.359,0,"8","STXBP5"
0,1.68020455798706,0.34,0.102,0,"8","SLIT3"
0,0.700888487274338,0.458,0.22,0,"8","ITPR1"
0,1.59910648313936,0.325,0.087,0,"8","DPY19L1"
0,0.609037359449177,0.492,0.254,0,"8","AEBP2"
0,0.693913095404324,0.46,0.223,0,"8","ADAM22"
0,1.55308588795371,0.317,0.08,0,"8","FNBP1L"
0,0.843367634516656,0.44,0.203,0,"8","AMPH"
0,0.891473877951607,0.425,0.188,0,"8","CDKL5"
0,1.38324631961408,0.364,0.127,0,"8","NIPAL2"
0,0.641855927533805,0.47,0.233,0,"8","NEDD4L"
0,0.960268047700456,0.423,0.187,0,"8","CHD5"
0,0.588131775210558,0.482,0.246,0,"8","MAN1A2"
0,0.632063182462864,0.457,0.222,0,"8","STOX2"
0,0.785175696650579,0.455,0.22,0,"8","CAMK2B"
0,1.2055508951202,0.382,0.147,0,"8","RAP1GAP2"
0,0.363616127986276,0.586,0.351,0,"8","HSP90AB1"
0,1.17615327272448,0.373,0.138,0,"8","FAM135B"
0,0.562636250197628,0.5,0.265,0,"8","MNAT1"
0,0.404031300163455,0.564,0.329,0,"8","TTTY14"
0,0.303873960922166,0.555,0.321,0,"8","PIK3R1"
0,1.70854774232373,0.324,0.091,0,"8","DIRAS2"
0,1.13913178049546,0.381,0.149,0,"8","SYN1"
0,0.847862373356727,0.426,0.194,0,"8","MAGI3"
0,0.569152799738642,0.474,0.242,0,"8","DKK3"
0,0.291845737427552,0.569,0.337,0,"8","AAK1"
0,0.50334438960364,0.483,0.252,0,"8","GDI1"
0,0.47288673482754,0.515,0.285,0,"8","PPIA"
0,0.391274842870486,0.539,0.31,0,"8","CPEB3"
0,0.644999511661019,0.456,0.227,0,"8","SYT14"
0,0.870243256636041,0.374,0.145,0,"8","RAB3C"
0,0.358738220850069,0.58,0.351,0,"8","STMN1"
0,0.795589862656871,0.432,0.203,0,"8","NPTN"
0,1.05608599515014,0.388,0.16,0,"8","KCNB1"
0,1.69429339601873,0.303,0.075,0,"8","FAM3C"
0,0.330218490063531,0.546,0.319,0,"8","FER"
0,1.02752946959094,0.392,0.165,0,"8","KCND3"
0,0.533309338466128,0.475,0.248,0,"8","BMPR2"
0,1.25031550498297,0.368,0.142,0,"8","MICAL2"
0,0.707462490328716,0.426,0.2,0,"8","KIFAP3"
0,0.513042001346456,0.49,0.264,0,"8","LINC00513"
0,0.843964486963817,0.421,0.195,0,"8","CIT"
0,1.02235180652518,0.393,0.168,0,"8","SRRM3"
0,0.401232626572615,0.501,0.276,0,"8","ANKRD36"
0,1.20358401629944,0.36,0.135,0,"8","PKNOX2"
0,0.409425676833573,0.503,0.278,0,"8","FRY"
0,0.335443873309483,0.527,0.303,0,"8","MAST4"
0,1.03709992711152,0.37,0.146,0,"8","SNRPN"
0,1.13893030256225,0.363,0.139,0,"8","SNCB"
0,0.962812054616734,0.373,0.15,0,"8","PCDH11X"
0,0.498834395130568,0.463,0.241,0,"8","NAP1L1"
0,1.13792301824425,0.367,0.145,0,"8","PTPRR"
0,0.588903063063141,0.42,0.198,0,"8","SLC44A5"
0,1.29496623260804,0.344,0.122,0,"8","EPHB6"
0,0.560132583886699,0.463,0.242,0,"8","SLC25A12"
0,0.51386508735606,0.455,0.234,0,"8","MICU1"
0,0.582714002945238,0.44,0.219,0,"8","OSBPL8"
0,0.596095598688111,0.423,0.202,0,"8","SEZ6L"
0,0.498707421789832,0.481,0.261,0,"8","PI4KA"
0,1.77191397260535,0.312,0.093,0,"8","ANKRD34C-AS1"
0,0.313660555851557,0.474,0.255,0,"8","EPHA6"
0,0.783323745224302,0.409,0.19,0,"8","PARP8"
0,0.757328680419971,0.416,0.197,0,"8","WASF1"
0,0.885047855700408,0.394,0.176,0,"8","MYH10"
0,2.10317817603457,0.263,0.045,0,"8","PCP4"
0,0.798172874839173,0.412,0.194,0,"8","SCAI"
0,0.616414213683203,0.389,0.173,0,"8","CAPS2"
0,1.3099646665505,0.333,0.117,0,"8","SULT4A1"
0,1.35412952254521,0.34,0.125,0,"8","ANO3"
0,0.501533783469288,0.424,0.209,0,"8","PAM"
0,1.73876682689248,0.299,0.084,0,"8","SIDT1"
0,0.721804081386535,0.412,0.197,0,"8","YWHAH"
0,0.733875669291352,0.386,0.172,0,"8","GCC2"
0,0.46571823903331,0.45,0.236,0,"8","PJA2"
0,1.26941533817704,0.343,0.129,0,"8","PNMA2"
0,1.62885666095633,0.302,0.088,0,"8","NRSN1"
0,0.325680963684856,0.505,0.292,0,"8","NSD3"
0,0.800996038134123,0.376,0.163,0,"8","UQCRH"
0,0.98357268300762,0.381,0.168,0,"8","LINC00599"
0,0.435201685890856,0.483,0.27,0,"8","PKM"
0,0.734276841940832,0.407,0.194,0,"8","PKD1"
0,0.262070849874814,0.613,0.4,0,"8","PRNP"
0,0.446231104568004,0.463,0.251,0,"8","MAPK8"
0,0.352899150733788,0.488,0.276,0,"8","ANKRD36C"
0,0.81252451706442,0.388,0.177,0,"8","ZNF483"
0,1.249849593797,0.319,0.108,0,"8","RPH3A"
0,1.44654897519935,0.303,0.092,0,"8","AC097478.1"
0,0.501101287089304,0.437,0.226,0,"8","FARS2"
0,0.895277488086142,0.374,0.163,0,"8","TSPYL1"
0,0.564118541986344,0.43,0.219,0,"8","KLC1"
0,0.382569670691438,0.472,0.261,0,"8","KIF5C"
0,1.74849878148172,0.281,0.071,0,"8","HPCA"
0,1.18628134315339,0.315,0.105,0,"8","NEK11"
0,0.594720217878871,0.392,0.182,0,"8","AC011287.1"
0,1.12813462589729,0.319,0.109,0,"8","NAALAD2"
0,0.296807221219165,0.501,0.291,0,"8","WDR7"
0,1.48458153716893,0.301,0.091,0,"8","NREP"
0,0.613556812067698,0.424,0.214,0,"8","THY1"
0,0.905276511484683,0.375,0.165,0,"8","MEG8"
0,1.05225189574372,0.349,0.139,0,"8","ANO5"
0,0.42347328745766,0.462,0.253,0,"8","HECTD4"
0,0.770687054063869,0.4,0.191,0,"8","SYT16"
0,1.32190045427845,0.325,0.117,0,"8","NGEF"
0,1.03916841570172,0.344,0.136,0,"8","TAGLN3"
0,0.548267100649118,0.985,0.777,0,"8","ADGRB3"
0,0.399266152879267,0.469,0.261,0,"8","ADK"
0,0.651394892653175,0.4,0.193,0,"8","ABCA5"
0,0.486955332649471,0.439,0.232,0,"8","MEF2C-AS1"
0,0.44658392858721,0.41,0.203,0,"8","DIAPH2"
0,0.35065332782746,0.497,0.291,0,"8","GDAP1"
0,1.2786611680589,0.322,0.116,0,"8","PGM2L1"
0,0.355731549101229,0.49,0.284,0,"8","CDH2"
0,0.841341289499031,0.353,0.147,0,"8","IQSEC1"
0,0.320511752215104,0.482,0.276,0,"8","LINC00882"
0,0.989519678417644,0.322,0.117,0,"8","CRIM1"
0,0.591346498748095,0.406,0.201,0,"8","SLC39A10"
0,1.03353935417457,0.356,0.151,0,"8","PRKAR2B"
0,0.596104130341833,0.417,0.212,0,"8","ST7"
0,1.35031832718568,0.315,0.111,0,"8","AC022639.1"
0,0.364581903308981,0.457,0.253,0,"8","KMT2A"
0,0.528671293112195,0.424,0.22,0,"8","PTPN4"
0,0.703556355942623,0.396,0.193,0,"8","CAMK4"
0,0.734190678580182,0.384,0.181,0,"8","AC090568.2"
0,0.481706603779925,0.427,0.224,0,"8","ATP1A1"
0,0.617759346161253,0.392,0.19,0,"8","STAU2"
0,1.65389519924385,0.287,0.085,0,"8","AC073365.1"
0,0.684995661342602,0.393,0.192,0,"8","CACNA1D"
0,0.649844221751205,0.377,0.176,0,"8","RANBP9"
0,0.304557918734999,0.446,0.245,0,"8","ZDHHC14"
0,0.436475674800241,0.426,0.225,0,"8","KIF21A"
0,0.706199234473499,0.385,0.185,0,"8","SV2A"
0,1.27264165731331,0.31,0.11,0,"8","SYNPO2"
0,0.352649632929851,0.845,0.645,0,"8","MT-CYB"
0,0.532109438567837,0.404,0.205,0,"8","FBXL20"
0,0.869460726712791,0.362,0.163,0,"8","CAP2"
0,0.476912646559688,0.433,0.234,0,"8","ANKRD26"
0,1.46097675742313,0.284,0.085,0,"8","TRMT9B"
0,1.10604896528087,0.314,0.116,0,"8","NOS1AP"
0,1.17181510905345,0.304,0.106,0,"8","ACVR2A"
0,0.399897462591587,0.444,0.246,0,"8","ABI2"
0,0.32141650792792,0.443,0.245,0,"8","UBA6-AS1"
0,1.07989664681823,0.33,0.132,0,"8","CPNE8"
0,1.65018127128743,0.271,0.073,0,"8","RHBDL3"
0,0.801204438953342,0.369,0.171,0,"8","INPP4A"
0,1.70679502874523,0.283,0.085,0,"8","SYT7"
0,1.50660826081893,0.27,0.073,0,"8","PHACTR2"
0,0.343129931509794,0.453,0.256,0,"8","MAP2K4"
0,0.36633457623334,0.451,0.254,0,"8","EPB41L3"
0,1.07499229694696,0.345,0.148,0,"8","HTR1E"
0,0.527035475988045,0.419,0.222,0,"8","CCPG1"
0,0.371418566787457,0.435,0.239,0,"8","SLC35F3"
0,0.534179533674699,0.408,0.212,0,"8","C2CD5"
0,0.851821764470451,0.344,0.149,0,"8","ATP6V1B2"
0,0.992029149249546,0.335,0.141,0,"8","KCNQ2"
0,0.723998212439059,0.376,0.182,0,"8","ICA1L"
0,0.724736035362189,0.352,0.158,0,"8","GMDS"
0,0.428687302888238,0.409,0.215,0,"8","YWHAZ"
0,0.563269456204749,0.406,0.213,0,"8","SPAG16"
0,0.366758230557249,0.447,0.254,0,"8","SRGAP3"
0,0.354332979273126,0.431,0.238,0,"8","SERINC1"
0,1.00827035685466,0.332,0.139,0,"8","CLSTN3"
0,0.278520700563869,0.464,0.271,0,"8","PPP1R12A"
0,0.797570646057279,0.36,0.167,0,"8","FRRS1L"
0,0.325400403636984,0.939,0.746,0,"8","ANK2"
0,0.297375875524905,0.456,0.264,0,"8","RPS6KC1"
0,0.338968623779346,0.439,0.247,0,"8","ATP2C1"
0,1.0220908533483,0.316,0.124,0,"8","FRAS1"
0,0.259727646506097,0.443,0.251,0,"8","AC006148.1"
0,0.868977423777425,0.362,0.17,0,"8","JPH4"
0,1.00534304172736,0.995,0.803,0,"8","PTPRD"
0,0.475447893385193,0.398,0.207,0,"8","KIF3A"
0,1.6124151682794,0.278,0.087,0,"8","SLC5A4-AS1"
0,1.08640692184971,0.303,0.112,0,"8","MLLT11"
0,0.344022247088647,0.435,0.244,0,"8","SOS1"
0,1.19982398559469,0.31,0.119,0,"8","BSN"
0,1.14414437097822,0.321,0.13,0,"8","C11orf80"
0,0.906488897798234,0.314,0.123,0,"8","AES"
0,1.21599095100575,0.306,0.115,0,"8","MAST1"
0,0.764087332082166,0.349,0.158,0,"8","ODF2L"
0,0.989055816080187,0.333,0.143,0,"8","RAB6B"
0,0.371957620722851,0.448,0.258,0,"8","NCKAP1"
0,1.03037651308004,0.306,0.116,0,"8","CEND1"
0,0.726923220857988,0.36,0.17,0,"8","MARK1"
0,0.689113213343075,0.372,0.183,0,"8","WDR17"
0,0.570485855389962,0.379,0.19,0,"8","BEX1"
0,0.767692607803176,0.365,0.176,0,"8","SYBU"
0,0.314633545366514,0.425,0.236,0,"8","RABGAP1"
0,1.56108046559268,0.268,0.079,0,"8","STAMBPL1"
0,0.317093108805028,0.432,0.243,0,"8","DYNC1H1"
0,0.940807730103028,0.313,0.124,0,"8","TRIM37"
0,0.652082919794552,0.371,0.183,0,"8","MOSMO"
0,1.42850965963508,0.282,0.094,0,"8","HLF"
0,0.453977950214185,0.4,0.213,0,"8","HSPA12A"
0,0.689427713032869,0.359,0.172,0,"8","LRRFIP1"
0,0.297321664057075,0.445,0.258,0,"8","TBCK"
0,1.24195723206822,0.293,0.106,0,"8","SLITRK4"
0,1.20613042261649,0.29,0.103,0,"8","FXYD7"
0,0.529595108719017,0.354,0.167,0,"8","CAMK2G"
0,0.500866905881158,0.361,0.175,0,"8","DDAH1"
0,1.20608444071609,0.298,0.112,0,"8","CPLX2"
0,0.919431177981286,0.309,0.123,0,"8","SYTL2"
0,0.926993967320813,0.325,0.139,0,"8","SLC16A7"
0,0.533147199886311,0.366,0.18,0,"8","TMOD2"
0,0.815580548310325,0.343,0.158,0,"8","AC007388.1"
0,0.835118746448825,0.334,0.149,0,"8","FBXL2"
0,0.82985006009105,0.314,0.129,0,"8","PKIA"
0,0.793079043397124,0.326,0.142,0,"8","GPR155"
0,1.50466159386186,0.251,0.067,0,"8","LINC02232"
0,0.605597521506069,0.375,0.191,0,"8","DYNC2H1"
0,0.853366649866324,0.34,0.157,0,"8","KIAA1211L"
0,0.80647450821061,0.34,0.157,0,"8","ADCY1"
0,0.463115389049625,0.37,0.187,0,"8","MORF4L2"
0,0.664738970986986,0.36,0.178,0,"8","FZD3"
0,1.18380313330593,0.292,0.11,0,"8","SLIT1"
0,0.406265951137163,0.379,0.197,0,"8","APBA2"
0,0.936941042495496,0.324,0.143,0,"8","WNK2"
0,0.561809095252387,0.37,0.189,0,"8","CYFIP2"
0,1.47900418902098,0.266,0.086,0,"8","NPTX1"
0,1.58807927229813,0.252,0.072,0,"8","PARM1"
0,0.286236497568743,0.428,0.248,0,"8","BEX3"
0,0.818011370685142,0.318,0.138,0,"8","LRRC28"
0,0.366880418320806,0.382,0.202,0,"8","ATP6V0A1"
0,0.689704968508614,0.333,0.154,0,"8","G3BP2"
0,0.789423580067686,0.324,0.145,0,"8","DMXL2"
0,0.457539435062594,0.404,0.225,0,"8","USP9Y"
0,0.89675020446901,0.32,0.141,0,"8","KCNJ6"
0,0.377600826505994,0.378,0.199,0,"8","PTEN"
0,0.658581124933968,0.355,0.176,0,"8","SCAMP5"
0,1.19648873811141,0.276,0.098,0,"8","RALGPS2"
0,0.667936964616038,0.341,0.163,0,"8","TOMM20"
0,0.564962131911083,0.324,0.146,0,"8","BAALC"
0,0.430048766391224,0.4,0.222,0,"8","PPM1E"
0,0.341889942523047,0.409,0.231,0,"8","AIG1"
0,0.289713260897478,0.871,0.694,0,"8","MT-ATP6"
0,0.46905868210302,0.376,0.199,0,"8","RASA2"
0,1.39265171707587,0.256,0.079,0,"8","CASC15"
0,0.543608471705233,0.36,0.183,0,"8","PHYHIP"
0,1.03890844889065,0.299,0.122,0,"8","SGSM1"
0,1.05901661856697,0.278,0.102,0,"8","PRR16"
0,1.15704922385353,0.28,0.104,0,"8","HMGCLL1"
0,0.411837204476436,0.385,0.209,0,"8","ATP2A2"
0,0.602355232972589,0.342,0.166,0,"8","USP22"
0,0.920175769575543,0.302,0.126,0,"8","RAP1GAP"
0,1.11068946485366,0.294,0.118,0,"8","ICA1"
0,0.320618682240882,0.419,0.243,0,"8","PCSK1N"
0,0.524910987944343,0.314,0.138,0,"8","ITPK1"
0,0.973229087257694,0.3,0.124,0,"8","CA11"
0,0.66636632162179,0.956,0.78,0,"8","MT-CO3"
0,0.712388425352752,0.338,0.163,0,"8","LONRF2"
0,1.18799190279461,0.27,0.095,0,"8","EPHA7"
0,0.378949640128762,0.396,0.221,0,"8","WDR60"
0,0.456339131483204,0.364,0.189,0,"8","PURA"
0,0.410175414541369,0.357,0.182,0,"8","TRIM44"
0,0.630752774415554,0.323,0.149,0,"8","MTURN"
0,0.696882290541133,0.331,0.157,0,"8","SESN3"
0,0.824308128137666,0.33,0.156,0,"8","CELF5"
0,0.261447189950657,0.439,0.265,0,"8","TTC14"
0,0.923183846023967,0.298,0.124,0,"8","NMT2"
0,1.19782973932948,0.278,0.105,0,"8","KLHL29"
0,0.562063396627563,0.327,0.154,0,"8","FLOT1"
0,1.28181653150341,0.261,0.088,0,"8","GDA"
0,0.6554518595627,0.328,0.155,0,"8","INPP5F"
0,0.393085630324212,0.365,0.192,0,"8","DNAJB14"
0,1.13937770503698,0.282,0.109,0,"8","KIF5A"
0,0.811212384273278,0.288,0.116,0,"8","GABARAPL1"
0,1.2548150789669,0.252,0.08,0,"8","TTC9B"
0,0.293181386214272,0.462,0.291,0,"8","TMEM108"
0,0.42716807086414,0.339,0.168,0,"8","SCG5"
0,0.481820160020951,0.354,0.183,0,"8","BDP1"
0,0.308556455362235,0.345,0.174,0,"8","GPR137C"
0,0.436461665590929,0.357,0.186,0,"8","CMIP"
0,0.318934784349674,0.374,0.203,0,"8","ATP9A"
0,0.941578658003062,0.298,0.127,0,"8","AP001347.1"
0,1.06102688467707,0.281,0.111,0,"8","CAMKV"
0,1.17049022426755,0.276,0.106,0,"8","NWD2"
0,0.251354150472763,0.389,0.219,0,"8","SLIT2"
0,0.592321084064629,0.327,0.157,0,"8","HPRT1"
0,0.762861173658349,0.311,0.141,0,"8","MIPOL1"
0,0.275942917510139,0.376,0.206,0,"8","MORF4L1"
0,0.547065985494147,0.331,0.161,0,"8","SEZ6L2"
0,1.06944164438776,0.284,0.114,0,"8","TUSC3"
0,0.381497594432193,0.906,0.737,0,"8","MT-ND4"
0,0.457938641633591,0.314,0.145,0,"8","TEAD1"
0,0.652412763027383,0.33,0.161,0,"8","CATSPER2"
0,0.566301189525109,0.324,0.155,0,"8","FKBP8"
0,0.294491390771136,0.381,0.213,0,"8","SPATS2L"
0,0.704299107823399,0.318,0.15,0,"8","NISCH"
0,0.569320491672705,0.332,0.164,0,"8","RTF1"
0,0.658017556291088,0.313,0.145,0,"8","CLIP3"
0,0.907418456557497,0.294,0.126,0,"8","NUDT3"
0,0.355026096343031,0.371,0.203,0,"8","ASCC3"
0,0.565509811139358,0.341,0.174,0,"8","SEPT11"
0,0.618807623039793,0.316,0.149,0,"8","ATP6V1A"
0,0.365983487518353,0.382,0.215,0,"8","MCF2L2"
0,0.784874020695863,0.317,0.15,0,"8","GRM1"
0,0.558583363455595,0.328,0.161,0,"8","LY6H"
0,0.581964541097936,0.347,0.18,0,"8","KIAA0825"
0,1.0113099689844,0.27,0.104,0,"8","DIRC3"
0,0.270416804598017,0.406,0.24,0,"8","CCNI"
0,0.685295231070807,0.333,0.167,0,"8","TARBP1"
0,1.06836352296319,0.254,0.088,0,"8","PDGFC"
0,0.276961897329862,0.369,0.203,0,"8","UBE2K"
0,0.352783852625186,0.357,0.191,0,"8","C16orf45"
0,0.435092891451197,0.372,0.207,0,"8","NOL4"
0,0.5088357805393,0.333,0.168,0,"8","SIRPA"
0,0.721602640421414,0.295,0.13,0,"8","NPAS2"
0,0.441917235897001,0.346,0.181,0,"8","DOK6"
0,0.49942811081655,0.33,0.166,0,"8","FAM126B"
0,0.594764445757949,0.33,0.166,0,"8","PRICKLE2"
0,0.525696377793211,0.33,0.166,0,"8","SMAP1"
0,0.606306492123014,0.32,0.156,0,"8","PACRG"
0,0.863156283998761,0.294,0.13,0,"8","SSX2IP"
0,0.332250908028162,0.353,0.189,0,"8","BTBD8"
0,0.316373183592882,0.354,0.19,0,"8","ATP2B4"
0,0.633522942925518,0.295,0.131,0,"8","SLC38A1"
0,0.417016390779508,0.351,0.187,0,"8","CLIP1"
0,0.882824504999009,0.269,0.106,0,"8","HIVEP1"
0,1.1420489719109,0.265,0.102,0,"8","SYT4"
0,0.281346707779342,0.387,0.224,0,"8","ROCK2"
0,0.444382717607446,0.32,0.157,0,"8","SLC25A36"
0,0.53557311447534,0.316,0.153,0,"8","TTC7B"
0,0.460521699303733,0.344,0.181,0,"8","PIK3CA"
0,0.385140751582144,0.365,0.202,0,"8","EXOC6"
0,0.287504901970358,0.364,0.201,0,"8","DNM1L"
0,0.469438916144852,0.348,0.185,0,"8","ZNF91"
0,0.423285382969579,0.354,0.191,0,"8","MAPK1"
0,0.511098624934283,0.336,0.174,0,"8","TTN-AS1"
0,0.494040983027429,0.272,0.11,0,"8","KLHL5"
0,0.896890241920621,0.277,0.115,0,"8","CLVS1"
0,0.569719010280313,0.31,0.148,0,"8","ATXN7L1"
0,1.09694601291703,0.262,0.1,0,"8","GNB5"
0,0.694558329949324,0.288,0.126,0,"8","TUBB"
0,0.698660369797545,0.289,0.127,0,"8","PCDH11Y"
0,1.02285117424933,0.265,0.104,0,"8","REEP1"
0,0.55617931418398,0.305,0.144,0,"8","MDH1"
0,0.740896965740102,0.32,0.159,0,"8","MLIP"
0,0.532712402301774,0.324,0.163,0,"8","APLP2"
0,1.30674332913434,0.252,0.091,0,"8","BICDL1"
0,0.259850354890803,0.382,0.221,0,"8","DDX24"
0,0.313029019536604,0.356,0.195,0,"8","OLA1"
0,0.261805152845529,0.333,0.173,0,"8","NAPEPLD"
0,0.934807441658501,0.276,0.116,0,"8","STMN3"
0,0.336175212824186,0.931,0.771,0,"8","MT-CO2"
0,0.633509175525031,0.317,0.157,0,"8","NCDN"
0,0.580673938918451,0.318,0.158,0,"8","LARP1B"
0,0.395855334610309,0.343,0.184,0,"8","ZDHHC21"
0,0.983526065102154,0.267,0.108,0,"8","RAB3A"
0,0.785143491916961,0.276,0.117,0,"8","SYNGR1"
0,1.08220466840907,0.26,0.101,0,"8","EPB41"
0,0.584160791036631,0.311,0.152,0,"8","USP11"
0,0.519805820429995,0.321,0.162,0,"8","PGAM1"
0,0.467437578088862,0.323,0.164,0,"8","AKAP11"
0,0.251249234981145,0.358,0.199,0,"8","PPFIBP1"
0,0.560006766361774,0.297,0.138,0,"8","RAB11FIP4"
0,1.16483676684538,0.26,0.102,0,"8","MIR124-2HG"
0,0.378560668139572,0.337,0.179,0,"8","PPHLN1"
0,0.266263627362707,0.384,0.226,0,"8","TFDP2"
0,1.04495175655654,0.253,0.095,0,"8","TOLLIP"
0,0.61878996273678,0.305,0.147,0,"8","CCDC92"
0,0.259242078206931,0.362,0.204,0,"8","ESF1"
0,0.462876666484406,0.326,0.168,0,"8","USP25"
0,0.826318442863404,0.284,0.126,0,"8","ATCAY"
0,0.865039334330947,0.277,0.12,0,"8","PRKAA2"
0,0.345968774542229,0.329,0.172,0,"8","AP2M1"
0,0.254148001600811,0.386,0.229,0,"8","MT-ND5"
0,0.484302695574195,0.333,0.177,0,"8","CACNA1E"
0,1.0336781332564,0.266,0.11,0,"8","NCEH1"
0,0.985452125080191,0.264,0.108,0,"8","GUCY1B1"
0,1.03409114805312,0.263,0.107,0,"8","AMMECR1"
0,0.894313196027774,0.279,0.123,0,"8","SLC12A5"
0,0.803167406797151,0.279,0.124,0,"8","KIFC2"
0,0.661192256828538,0.308,0.153,0,"8","LINC01250"
0,0.309356941979142,0.369,0.214,0,"8","CPLANE1"
0,0.625412015113534,0.31,0.155,0,"8","GFOD1"
0,0.402462657306996,0.315,0.16,0,"8","YPEL3"
0,0.76926773730426,0.291,0.136,0,"8","KCNH1"
0,0.703390544470097,0.278,0.124,0,"8","PGBD5"
0,0.333441845083022,0.33,0.176,0,"8","KIF1A"
0,0.966958823211046,0.265,0.111,0,"8","LRRN3"
0,0.689871917301656,0.293,0.139,0,"8","TMTC1"
0,1.0155244466448,0.262,0.109,0,"8","NEXMIF"
0,0.937644562633698,0.272,0.119,0,"8","ME3"
0,0.513396933652055,0.319,0.166,0,"8","KIF9-AS1"
0,0.701128095308047,0.253,0.1,0,"8","GALNT7"
0,0.263836977859144,0.35,0.197,0,"8","CMSS1"
0,0.294790755533076,0.348,0.195,0,"8","VEZT"
0,0.845545118036493,0.287,0.134,0,"8","CACNG8"
0,0.952266849155801,0.262,0.11,0,"8","PLPPR4"
0,0.499291621049933,0.319,0.167,0,"8","HSPH1"
0,0.301595287707696,0.34,0.189,0,"8","RPL31"
0,0.789562928746944,0.254,0.103,0,"8","PCDH10"
0,0.790172615561972,0.276,0.125,0,"8","LMTK2"
0,0.805981330837024,0.25,0.099,0,"8","PTCHD4"
0,0.817182106417411,0.258,0.108,0,"8","AKAP12"
0,0.317465304015053,0.333,0.183,0,"8","NDUFA4"
0,0.342570508825931,0.327,0.177,0,"8","MICU3"
0,1.05297051688859,0.25,0.1,0,"8","RGS7BP"
0,0.938335722026603,0.257,0.108,0,"8","RIT2"
0,0.589002474491784,0.287,0.138,0,"8","ZYG11B"
0,0.708817710664322,0.282,0.133,0,"8","ABLIM2"
0,0.875371641543499,0.252,0.104,0,"8","RNLS"
0,0.608258962400972,0.312,0.164,0,"8","MIAT"
0,0.592183972023847,0.288,0.14,0,"8","MYEF2"
0,0.979004319578559,0.25,0.103,0,"8","SLC6A17"
0,0.411673852867459,0.324,0.177,0,"8","RNF150"
0,0.403688381855662,0.324,0.177,0,"8","EFR3A"
0,0.366962290537898,0.321,0.174,0,"8","PPP3CB"
0,0.355212121623058,0.308,0.161,0,"8","ACTR2"
0,0.455941858824687,0.309,0.162,0,"8","ARMC9"
0,0.385936178559032,0.317,0.17,0,"8","SUGP2"
0,0.928512230482717,0.251,0.105,0,"8","KCNAB2"
0,0.428464983793653,0.319,0.173,0,"8","ZFYVE9"
0,0.601165390725844,0.271,0.125,0,"8","KLHL7"
0,0.779292119405097,0.256,0.11,0,"8","HK1"
0,0.528110604905755,0.308,0.162,0,"8","PATJ"
0,0.349747575436793,0.313,0.167,0,"8","PAPSS1"
0,0.691230742393705,0.274,0.129,0,"8","SPATS2"
0,0.334997826486029,0.307,0.162,0,"8","GOLGB1"
0,0.394354230168646,0.294,0.149,0,"8","VPS41"
0,0.446495090826066,0.283,0.138,0,"8","SLC23A2"
0,0.707409466056638,0.261,0.117,0,"8","RNF11"
0,0.891349360132635,0.254,0.111,0,"8","TMEM178A"
0,0.873480402506088,0.267,0.124,0,"8","AC019211.1"
0,0.691100576670985,0.263,0.12,0,"8","SLC9A6"
0,0.322831968892114,0.314,0.171,0,"8","MAGED1"
0,0.305240946169932,0.306,0.163,0,"8","ZDHHC17"
0,0.545947028863589,0.283,0.14,0,"8","NRXN2"
0,0.498853254625433,0.273,0.131,0,"8","SHOC2"
0,0.809909203902711,0.268,0.126,0,"8","ACTN1"
0,0.759792361312505,0.26,0.118,0,"8","RUNDC3A"
0,0.256270216161074,0.332,0.191,0,"8","PPIG"
0,0.57957625874397,0.278,0.137,0,"8","ME1"
0,0.67023078323751,0.267,0.126,0,"8","BTBD10"
0,0.740817936105061,0.257,0.116,0,"8","NLRP1"
0,0.627862075371493,0.266,0.125,0,"8","PDXK"
0,0.456887100557188,0.311,0.17,0,"8","AP001825.1"
0,0.676004350745671,0.282,0.141,0,"8","CCDC3"
0,0.790877389545351,0.256,0.116,0,"8","LUZP1"
0,0.799868261818816,0.277,0.137,0,"8","LY86-AS1"
0,0.522763740560836,0.266,0.126,0,"8","HDGFL3"
0,0.410227869276367,0.295,0.155,0,"8","ENSA"
0,0.292135441174804,0.311,0.171,0,"8","TMEM245"
0,0.393171332063315,0.29,0.15,0,"8","FBN1"
0,0.279536014685888,0.333,0.194,0,"8","DZIP3"
0,0.577405115777528,0.255,0.116,0,"8","ZMAT3"
0,0.27802711476022,0.326,0.187,0,"8","DOPEY1"
0,0.852515538548041,0.254,0.115,0,"8","SNX32"
0,0.278535966435503,0.314,0.175,0,"8","MAP1A"
0,0.571024621599969,0.278,0.139,0,"8","ADGRL1"
0,0.443241332435423,0.285,0.146,0,"8","UBAC2"
0,0.48956366510783,0.266,0.128,0,"8","PLEKHM3"
0,0.766501525474652,0.263,0.125,0,"8","TMEM130"
0,0.498469701258048,0.291,0.153,0,"8","ARHGEF9"
0,0.901448457333487,0.25,0.113,0,"8","GABRA4"
0,0.66886782585096,0.256,0.119,0,"8","DLGAP4"
0,0.383737350086484,0.293,0.156,0,"8","RAB28"
0,0.483529069737063,0.268,0.132,0,"8","ZC2HC1A"
0,0.2547331206747,0.32,0.184,0,"8","MKL1"
0,0.403950179967308,0.279,0.144,0,"8","ORC4"
0,0.669731468695152,0.26,0.125,0,"8","TASP1"
0,0.272893819733574,0.303,0.168,0,"8","TBC1D32"
0,0.380733818053538,0.283,0.148,0,"8","ARFGEF2"
0,0.45617355113508,0.254,0.121,0,"8","NR1D2"
0,0.684828066069735,0.26,0.127,0,"8","CLVS2"
0,0.323405763189633,0.3,0.167,0,"8","ZER1"
0,0.409811084556832,0.272,0.14,0,"8","ABL2"
0,0.40595279695353,0.269,0.138,0,"8","EIF1AX"
0,0.407245609430727,0.266,0.135,0,"8","BEX2"
0,0.487646134878267,0.259,0.129,0,"8","ATP5F1B"
0,0.501943541974864,0.27,0.141,0,"8","AC104827.1"
0,0.390476280527582,0.274,0.145,0,"8","PCNX4"
0,0.288161041025361,0.286,0.157,0,"8","REEP5"
0,0.484691483097445,0.271,0.143,0,"8","CCDC30"
0,0.483559871461026,0.257,0.129,0,"8","FKBP3"
0,0.466004893146337,0.266,0.139,0,"8","UBE3D"
0,0.317661964474523,0.253,0.126,0,"8","BEX4"
0,0.535363339956618,0.261,0.134,0,"8","ASXL3"
0,0.411449271159851,0.27,0.144,0,"8","AC079447.1"
0,0.331366654306948,0.269,0.143,0,"8","RPS6KA3"
0,0.30365004285756,0.269,0.143,0,"8","PIK3C3"
0,0.368909174441246,0.261,0.135,0,"8","VPS35"
0,0.316965156641817,0.276,0.151,0,"8","NDUFS1"
0,0.318785624248874,0.271,0.146,0,"8","SCLT1"
0,0.427554134315921,0.267,0.142,0,"8","PPP2R1A"
0,0.331225983732016,0.282,0.157,0,"8","HTT"
0,0.417484055628661,0.25,0.126,0,"8","MLF2"
0,0.299044195427199,0.286,0.162,0,"8","PIAS2"
0,0.501307461085445,0.267,0.144,0,"8","CACNG3"
0,0.425193481436683,0.283,0.16,0,"8","CEP112"
0,0.362200834352691,0.265,0.143,0,"8","CENPC"
0,0.446111346985299,0.254,0.132,0,"8","FAM169A"
0,0.503078851581469,0.251,0.129,0,"8","BCAP29"
0,0.576132700829267,0.254,0.133,0,"8","CADM3"
0,0.381058550088113,0.256,0.135,0,"8","ABCA3"
0,0.255524992566879,0.276,0.156,0,"8","NDFIP2"
0,0.318999861821316,0.25,0.13,0,"8","CCDC85B"
0,0.265234745509274,0.278,0.159,0,"8","YTHDC2"
0,0.457645676686428,0.265,0.146,0,"8","TSPYL2"
0,0.566904964033475,0.25,0.131,0,"8","SCN3B"
0,0.288794947068217,0.259,0.141,0,"8","KCNK1"
0,0.349238059706739,0.258,0.14,0,"8","NSG2"
0,0.435476677621905,0.28,0.163,0,"8","HOMER1"
0,0.421901118630983,0.263,0.146,0,"8","CCDC171"
0,0.47206981254954,0.255,0.139,0,"8","RAD9A"
0,0.275181621760749,0.258,0.143,0,"8","ATF2"
0,0.493993982426401,0.253,0.139,0,"8","DPY19L2"
0,0.273271544662818,0.256,0.146,0,"8","ABHD18"
0,0.265144716968283,0.261,0.151,0,"8","RNF145"
0,0.253269469245245,0.253,0.144,0,"8","COG6"
0,0.603603698858683,0.996,0.887,0,"8","CADM2"
0,0.306786265842257,0.25,0.144,0,"8","ADCY9"
0,3.83053438568291,0.949,0.187,0,"9","ADARB2"
0,3.53493608082961,0.861,0.231,0,"9","GALNTL6"
0,3.60562710813965,0.715,0.14,0,"9","SYNPR"
0,2.19188384807779,0.924,0.389,0,"9","ROBO2"
0,3.52269964303375,0.586,0.091,0,"9","RGS12"
0,2.22563399796915,0.735,0.272,0,"9","GRIP1"
0,2.4855043407442,0.983,0.526,0,"9","ERBB4"
0,3.26461023170681,0.574,0.12,0,"9","THSD7A"
0,2.20414386711021,0.811,0.38,0,"9","GRIK2"
0,1.92540281586939,0.76,0.33,0,"9","CHRM3"
0,1.56906388051932,0.884,0.461,0,"9","SNTG1"
0,2.36002191439916,0.565,0.152,0,"9","ZNF385D"
0,2.31014547863895,0.534,0.138,0,"9","PLD5"
0,1.82083179557482,0.727,0.337,0,"9","DAB1"
0,1.09768122824496,0.91,0.525,0,"9","FGF14"
0,4.94212211404657,0.407,0.022,0,"9","DLX6-AS1"
0,2.06252892006085,0.735,0.352,0,"9","ROBO1"
0,1.30467114422598,0.804,0.426,0,"9","CCSER1"
0,1.40756328793833,0.878,0.509,0,"9","KAZN"
0,1.02883779302113,0.782,0.421,0,"9","DSCAM"
0,1.34975596894286,0.869,0.513,0,"9","PLCB1"
0,2.09541123104088,0.674,0.319,0,"9","CNTN5"
0,1.2965617635699,0.865,0.511,0,"9","FRMD4A"
0,3.24855817088859,0.437,0.086,0,"9","C8orf34"
0,1.84695215623853,0.657,0.312,0,"9","CNTN4"
0,1.18129697498702,0.928,0.584,0,"9","CSMD1"
0,1.44847944041145,0.712,0.376,0,"9","GRM7"
0,0.869309124270457,0.871,0.541,0,"9","DLGAP1"
0,1.54991338389082,0.661,0.332,0,"9","LINGO2"
0,1.83717102305673,0.972,0.648,0,"9","CNTNAP2"
0,0.983573853466229,0.769,0.448,0,"9","RIMS2"
0,0.974243815492894,0.957,0.636,0,"9","NRXN1"
0,2.59033507438759,0.463,0.143,0,"9","KCNT2"
0,0.434419754914875,0.844,0.526,0,"9","OPCML"
0,1.38495658899775,0.78,0.466,0,"9","MACROD2"
0,0.869613129490886,0.953,0.639,0,"9","NRG3"
0,2.89078327112217,0.378,0.065,0,"9","SLC24A3"
0,1.49034569005747,0.67,0.363,0,"9","GRID2"
0,1.60786413377833,0.982,0.676,0,"9","NRXN3"
0,0.820929083921439,0.78,0.477,0,"9","LRRC4C"
0,1.56076133394512,0.556,0.255,0,"9","GALNT13"
0,1.64812529114086,0.446,0.147,0,"9","GRIK1"
0,2.04561079592678,0.495,0.197,0,"9","SLC44A5"
0,5.36169514461994,0.306,0.009,0,"9","NR2F2-AS1"
0,2.40741795945498,0.45,0.161,0,"9","FSTL5"
0,1.35914039913652,0.638,0.349,0,"9","GABRB2"
0,1.43124724595739,0.627,0.338,0,"9","MYT1L"
0,2.10711493062946,0.548,0.26,0,"9","INPP4B"
0,2.77962414864075,0.333,0.052,0,"9","GAD1"
0,1.06220627438938,0.71,0.429,0,"9","CSMD3"
0,1.500308948889,0.471,0.192,0,"9","L3MBTL4"
0,0.933552350220886,0.727,0.453,0,"9","RGS7"
0,1.90728188052519,0.508,0.235,0,"9","KCNJ3"
0,0.265042047028737,0.849,0.577,0,"9","SYT1"
0,2.30651676041074,0.351,0.079,0,"9","AC233296.1"
0,1.78426991291622,0.491,0.22,0,"9","SGCZ"
0,4.5979097828517,0.295,0.024,0,"9","CXCL14"
0,1.65180267030263,0.557,0.287,0,"9","GRIA1"
0,2.06973048494232,0.432,0.162,0,"9","ZNF804A"
0,1.34770432753926,0.865,0.596,0,"9","TCF4"
0,1.3176396152304,0.685,0.42,0,"9","CCNH"
0,2.02740073842667,0.428,0.163,0,"9","SDK1"
0,0.301782429302899,0.849,0.588,0,"9","FAM155A"
0,0.599880036947717,0.729,0.469,0,"9","FGF12"
0,2.62648280141633,0.306,0.047,0,"9","PROX1"
0,1.78734738046785,0.461,0.203,0,"9","TENM3"
0,1.35150989655583,0.53,0.273,0,"9","KCNH7"
0,1.45857337212535,0.511,0.254,0,"9","KCNC2"
0,6.11457591239012,0.262,0.006,0,"9","CALB2"
0,0.983614901320236,0.905,0.652,0,"9","NLGN1"
0,3.36331121525837,0.291,0.038,0,"9","BTBD11"
0,0.989575048209489,0.688,0.435,0,"9","KCNQ5"
0,1.81381242578539,0.514,0.264,0,"9","GALNT17"
0,1.00215031507028,0.624,0.374,0,"9","FRMPD4"
0,1.52089203591398,0.539,0.295,0,"9","MTUS2"
0,1.04196185046709,0.653,0.41,0,"9","MAP2"
0,3.08478942525719,0.3,0.057,0,"9","ARL4C"
0,3.85905839572206,0.292,0.049,0,"9","CNR1"
0,1.30703513974099,0.642,0.399,0,"9","GNAS"
0,1.28386448667366,0.55,0.308,0,"9","GRIN2B"
0,0.990254623698395,0.578,0.338,0,"9","HS6ST3"
0,1.41335266650572,0.526,0.288,0,"9","PAK3"
0,0.958592932080593,0.676,0.438,0,"9","OXR1"
0,1.05077749756219,0.696,0.458,0,"9","NBEA"
0,2.48404711668372,0.327,0.097,0,"9","VWC2L"
0,1.1503910848771,0.589,0.36,0,"9","DCLK1"
0,1.75878441474186,0.425,0.198,0,"9","LINC01322"
0,2.47121555603705,0.291,0.066,0,"9","KIAA1211"
0,1.50712913706936,0.472,0.247,0,"9","GABRG3"
0,1.15789782801454,0.551,0.332,0,"9","CACNA1B"
0,1.91064444382207,0.365,0.148,0,"9","SNRPN"
0,0.664898851523116,0.681,0.466,0,"9","AC092691.1"
0,0.48910461802561,0.485,0.27,0,"9","ZNF536"
0,1.20802170238863,0.503,0.29,0,"9","HDAC9"
0,1.53421146437912,0.417,0.204,0,"9","SEZ6L"
0,1.09932352030551,0.423,0.213,0,"9","DNER"
0,1.1679674334878,0.491,0.284,0,"9","ASIC2"
0,0.751835623309871,0.584,0.378,0,"9","KCND2"
0,1.49864354639402,0.461,0.261,0,"9","MYRIP"
0,0.554969403670178,0.742,0.542,0,"9","LRRC7"
0,1.23899559729954,0.515,0.318,0,"9","LARGE1"
0,1.02436965607159,0.454,0.258,0,"9","EPHA6"
0,2.27237153094836,0.274,0.079,0,"9","NHS"
0,2.20613299310207,0.431,0.237,0,"9","CCK"
0,2.53495536317063,0.297,0.103,0,"9","PRR16"
0,2.20017703040726,0.252,0.058,0,"9","EGFR"
0,0.628196774991452,0.492,0.298,0,"9","ANO4"
0,1.9907378951914,0.325,0.132,0,"9","SORCS3"
0,2.28275181965863,0.267,0.076,0,"9","VWC2"
0,1.72773344257532,0.36,0.169,0,"9","ANKRD30BL"
0,1.60857504533898,0.382,0.195,0,"9","CACNA1D"
0,0.967459997857842,0.532,0.346,0,"9","CNTNAP5"
0,0.899307859391151,0.442,0.256,0,"9","CNTNAP4"
0,0.626122495613958,0.556,0.371,0,"9","CADPS"
0,0.950195693200153,0.595,0.41,0,"9","SYNE1"
0,1.15433032608547,0.476,0.291,0,"9","SLC2A13"
0,2.43659568220072,0.257,0.072,0,"9","SHISA6"
0,1.00266030864396,0.489,0.305,0,"9","REV3L"
0,0.601671513661392,0.955,0.772,0,"9","LSAMP"
0,1.76123773058242,0.33,0.148,0,"9","RAB3C"
0,0.64777649925172,0.507,0.325,0,"9","DGKB"
0,0.342161698847173,0.672,0.491,0,"9","MEF2C"
0,0.891491192075083,0.648,0.467,0,"9","ATP1B1"
0,1.46287544733613,0.403,0.223,0,"9","PPM1E"
0,1.71168995184727,0.352,0.172,0,"9","CALN1"
0,1.41718049893479,0.466,0.287,0,"9","RGS6"
0,1.59231886111718,0.38,0.201,0,"9","SEMA6D"
0,0.421982299235646,0.65,0.472,0,"9","TENM2"
0,0.753449266550026,0.566,0.39,0,"9","PLEKHA5"
0,1.67920406336436,0.253,0.078,0,"9","AP1S2"
0,0.614960505230842,0.57,0.395,0,"9","CACNB2"
0,1.23978074277304,0.43,0.256,0,"9","NR3C2"
0,1.07422859404739,0.459,0.286,0,"9","CELF4"
0,0.776998659348594,0.489,0.317,0,"9","NFIB"
0,0.746771379955023,0.854,0.682,0,"9","MT-CO1"
0,0.722981700701331,0.861,0.691,0,"9","LRP1B"
0,1.40601643777214,0.325,0.155,0,"9","PTPRE"
0,0.95186758558095,0.483,0.314,0,"9","ATP8A2"
0,0.793686622947319,0.561,0.393,0,"9","GABRB1"
0,0.7410800482272,0.675,0.507,0,"9","TNRC6A"
0,1.30076691024335,0.405,0.237,0,"9","NEDD4L"
0,1.8849939714894,0.307,0.14,0,"9","PLXNA4"
0,1.69947745684709,0.304,0.139,0,"9","NSG2"
0,1.93963234959684,0.282,0.117,0,"9","CLVS1"
0,1.78178841462866,0.269,0.105,0,"9","RANBP17"
0,0.778287358190004,0.522,0.358,0,"9","CACNA1C"
0,1.06358348210393,0.434,0.27,0,"9","ARNT2"
0,1.05021630286922,0.406,0.243,0,"9","AL589740.1"
0,1.19840920591372,0.436,0.273,0,"9","GABBR2"
0,2.1684050148378,0.272,0.112,0,"9","BICC1"
0,1.09976323148221,0.271,0.116,0,"9","SLC6A1"
0,0.942030302450334,0.45,0.295,0,"9","TTC28"
0,1.47299885902162,0.343,0.189,0,"9","GABRA1"
0,1.65934437482609,0.308,0.155,0,"9","PCDH11X"
0,1.42225836126924,0.355,0.202,0,"9","NMNAT2"
0,1.0243676101392,0.447,0.295,0,"9","SOBP"
0,1.17911904697657,0.398,0.246,0,"9","PCSK1N"
0,1.18986206400788,0.365,0.213,0,"9","PAM"
0,0.947886299035474,0.453,0.303,0,"9","SCN2A"
0,1.03557748590875,0.441,0.291,0,"9","GRIN1"
0,1.06206540607628,0.424,0.275,0,"9","SMARCA2"
0,1.43342960845358,0.346,0.197,0,"9","SRRM4"
0,0.488923467720034,0.666,0.518,0,"9","GRIA2"
0,1.08764594785118,0.41,0.262,0,"9","LINC00461"
0,0.301530192685941,0.593,0.445,0,"9","MDGA2"
0,1.61371842404038,0.309,0.163,0,"9","CCDC85A"
0,0.309406942209391,0.926,0.781,0,"9","ADGRB3"
0,0.930323493946265,0.392,0.248,0,"9","XKR4"
0,1.47951105082314,0.313,0.169,0,"9","PDE10A"
0,0.650939645818288,0.529,0.387,0,"9","THRB"
0,0.793858975396629,0.471,0.33,0,"9","RIMS1"
0,0.628570036938884,0.606,0.465,0,"9","AHI1"
0,1.41781188124484,0.324,0.184,0,"9","DOK6"
0,0.945948613664453,0.343,0.204,0,"9","TIAM1"
0,0.974448743243051,0.422,0.283,0,"9","PTPRN2"
0,1.30427136345226,0.36,0.221,0,"9","PCSK2"
0,0.990095599933107,0.394,0.256,0,"9","CDH10"
0,1.16498943334364,0.392,0.254,0,"9","EXT1"
0,0.928010413912292,0.45,0.314,0,"9","AC124312.1"
0,0.657867107760552,0.597,0.461,0,"9","MAGI1"
0,0.985977331113238,0.288,0.154,0,"9","TSHZ2"
0,0.471805214770203,0.799,0.667,0,"9","NPAS3"
0,0.8990498596579,0.285,0.153,0,"9","MTSS1"
0,0.764892563349018,0.405,0.274,0,"9","SYN3"
0,1.00780294109533,0.358,0.228,0,"9","HIVEP3"
0,1.32891764390299,0.297,0.169,0,"9","MEG8"
0,1.06617703511848,0.378,0.251,0,"9","RUNX1T1"
0,0.27653639841937,0.556,0.43,0,"9","KALRN"
0,1.08377804067188,0.358,0.232,0,"9","SYT14"
0,1.09262694086059,0.372,0.247,0,"9","SLC25A12"
0,0.509727452634792,0.745,0.62,0,"9","AUTS2"
0,0.860951529482313,0.427,0.302,0,"9","ERC1"
0,0.593139962098272,0.525,0.4,0,"9","RTN1"
0,0.467158570192088,0.484,0.361,0,"9","NEBL"
0,1.19405562824442,0.311,0.189,0,"9","SV2A"
0,0.870208531200217,0.439,0.319,0,"9","RBFOX2"
0,1.01454160056118,0.339,0.22,0,"9","TSPAN7"
0,1.43289270768836,0.261,0.142,0,"9","NRXN2"
0,0.969394336257628,0.4,0.281,0,"9","TMEM132B"
0,0.414711299286387,0.712,0.593,0,"9","MIR99AHG"
0,0.571238398527697,0.569,0.45,0,"9","MAP1B"
0,1.14022662990966,0.328,0.21,0,"9","GPR158"
0,1.03715647443395,0.343,0.225,0,"9","OSBPL8"
0,0.925765691049699,0.389,0.271,0,"9","CERS6"
0,1.11650394012054,0.378,0.261,0,"9","OLFM3"
0,1.18877797264664,0.371,0.254,0,"9","SHISA9"
0,0.608339380655497,0.9,0.783,0,"9","MT-CO3"
0,1.27038176661387,0.314,0.198,0,"9","CAMK4"
0,1.48818825234227,0.306,0.19,0,"9","ZMAT4"
0,0.777650767981451,0.479,0.363,0,"9","GRIN2A"
0,1.08335527583822,0.34,0.225,0,"9","GABRG2"
0,1.00298308141697,0.357,0.243,0,"9","SCN3A"
0,0.542872155243193,0.467,0.355,0,"9","CACNA2D3"
0,0.481443452368095,0.666,0.554,0,"9","MT-ND1"
0,1.39318847768359,0.283,0.171,0,"9","PTPRO"
0,0.853680354509006,0.395,0.284,0,"9","FRY"
0,0.935277164508373,0.289,0.178,0,"9","GPR137C"
0,1.25476753388792,0.307,0.196,0,"9","SYT16"
0,1.13000405346905,0.275,0.165,0,"9","SEZ6L2"
0,1.29941696544518,0.29,0.18,0,"9","CACNA1E"
0,0.722293615976622,0.297,0.187,0,"9","FIGN"
0,0.488463620174682,0.439,0.329,0,"9","ADCY2"
0,0.603831079147747,0.448,0.338,0,"9","PCLO"
0,1.31827302756933,0.283,0.173,0,"9","LINC00599"
0,0.878066885569696,0.274,0.165,0,"9","PTPRM"
0,1.00993994327862,0.42,0.311,0,"9","CHSY3"
0,0.979518139426815,0.347,0.238,0,"9","SETBP1"
0,0.879648372486903,0.281,0.173,0,"9","LCORL"
0,0.569232162456492,0.848,0.74,0,"9","MT-ND4"
0,0.662152582498313,0.462,0.355,0,"9","NTRK3"
0,0.514078209392325,0.803,0.698,0,"9","MT-ATP6"
0,0.497593029594233,0.71,0.605,0,"9","GPHN"
0,0.772598168808452,0.399,0.295,0,"9","TMEM108"
0,0.777406584709233,0.391,0.287,0,"9","HCN1"
0,0.63605144187602,0.447,0.344,0,"9","ZNF292"
0,0.587349111461305,0.878,0.775,0,"9","MT-CO2"
0,0.374920903335856,0.679,0.577,0,"9","DOCK3"
0,0.889252802409025,0.323,0.221,0,"9","SCMH1"
0,1.18631614844911,0.271,0.169,0,"9","GRK3"
0,1.1465071297837,0.303,0.201,0,"9","CIT"
0,0.91255974820506,0.349,0.247,0,"9","PWAR6"
0,0.911559245756639,0.357,0.255,0,"9","CDH13"
0,0.769896425902572,0.401,0.301,0,"9","PRKCE"
0,0.436032847378635,0.444,0.344,0,"9","SLC4A10"
0,1.21843903356659,0.279,0.179,0,"9","CDH9"
0,0.653950347284866,0.407,0.307,0,"9","TMEM178B"
0,0.640840814294088,0.303,0.204,0,"9","KCNAB1"
0,0.571834265518971,0.5,0.403,0,"9","CAMTA1"
0,0.760978012436883,0.417,0.32,0,"9","CSRNP3"
0,0.430800465118446,0.549,0.454,0,"9","RTN3"
0,0.534057773269407,0.504,0.409,0,"9","MYCBP2"
0,1.06421253470846,0.254,0.159,0,"9","INPP5F"
0,0.813268422619984,0.364,0.269,0,"9","MGAT4C"
0,0.714998294295779,0.398,0.304,0,"9","SNAP91"
0,0.718522892377484,0.383,0.289,0,"9","XKR6"
0,0.579455366996785,0.434,0.34,0,"9","DYNC1I1"
0,0.883665170413253,0.367,0.274,0,"9","TMEM232"
0,0.374135167071832,0.75,0.658,0,"9","FTX"
0,0.635512893102531,0.427,0.335,0,"9","NSF"
0,0.536362423245017,0.382,0.291,0,"9","RPS6KA2"
0,0.365756947963996,0.541,0.451,0,"9","SMYD3"
0,0.592407873704409,0.448,0.358,0,"9","HSP90AB1"
0,1.03814545442872,0.291,0.201,0,"9","MAGI3"
0,0.294046990149401,0.647,0.557,0,"9","AKAP6"
0,0.570732495432763,0.403,0.314,0,"9","KCNQ3"
0,0.357986937565921,0.556,0.467,0,"9","NTRK2"
0,0.88173492269757,0.328,0.239,0,"9","ANKRD26"
0,0.6401509505911,0.364,0.275,0,"9","BICD1"
0,0.823863843633264,0.342,0.254,0,"9","MAN1A2"
0,0.537971562589655,0.479,0.391,0,"9","ATRX"
0,0.341603945708191,0.781,0.694,0,"9","MT-ND2"
0,0.673961905132717,0.39,0.303,0,"9","SYN2"
0,1.2008108804745,0.259,0.172,0,"9","RUNDC3B"
0,0.737879624128209,0.354,0.267,0,"9","KIF5C"
0,0.394441826200699,0.738,0.651,0,"9","MT-CYB"
0,0.457870354898493,0.547,0.461,0,"9","NCOA1"
0,1.06785032870018,0.271,0.185,0,"9","ARHGAP44"
0,0.750161432734291,0.314,0.228,0,"9","ANKH"
0,0.789774043975023,0.316,0.23,0,"9","NCALD"
0,1.01936383946265,0.296,0.211,0,"9","KCNB2"
0,0.582494793141745,0.398,0.314,0,"9","IDS"
0,0.412847608043382,0.524,0.441,0,"9","RABGAP1L"
0,0.660997755081754,0.342,0.259,0,"9","KMT2A"
0,0.43077782851822,0.524,0.441,0,"9","TTC3"
0,0.776639798312172,0.326,0.244,0,"9","CCNI"
0,0.525353307755728,0.496,0.414,0,"9","GRIA4"
0,0.454884505606526,0.301,0.22,0,"9","FOXN3"
0,0.519165614145373,0.41,0.33,0,"9","LINC00632"
0,1.06983188881796,0.252,0.173,0,"9","FRRS1L"
0,0.258063340632252,0.436,0.358,0,"9","ERC2"
0,0.623900573068954,0.388,0.31,0,"9","MAST4"
0,0.352678271084512,0.507,0.429,0,"9","KCNMA1"
0,0.666299695283002,0.324,0.246,0,"9","DAAM1"
0,0.652662219462534,0.385,0.307,0,"9","SPTBN4"
0,0.676112320943147,0.263,0.186,0,"9","AFDN"
0,0.685969223466239,0.352,0.275,0,"9","SYP"
0,0.951822537838341,0.274,0.198,0,"9","CNTN3"
0,0.444981120106031,0.533,0.457,0,"9","ARID1B"
0,0.665630453291662,0.3,0.224,0,"9","TRAF3IP2-AS1"
0,0.491588788824311,0.401,0.326,0,"9","BASP1"
0,0.836474371324283,0.287,0.212,0,"9","NOL4"
0,0.346846842515611,0.545,0.471,0,"9","CALM1"
0,0.714063557489761,0.304,0.23,0,"9","TFDP2"
0,0.558247292850536,0.41,0.336,0,"9","TTTY14"
0,0.442481209213477,0.488,0.415,0,"9","FBXL17"
0,0.812451918592361,0.257,0.184,0,"9","ZNF483"
0,0.722800220747295,0.272,0.199,0,"9","AC025159.1"
0,0.708032881853054,0.313,0.241,0,"9","MICU1"
0,0.679356212005329,0.304,0.232,0,"9","NORAD"
0,0.801084471752747,0.251,0.18,0,"9","KIF1A"
0,0.5381831885972,0.315,0.244,0,"9","SERINC1"
0,0.548578819308127,0.327,0.256,0,"9","ZEB1"
0,0.491190307708096,0.381,0.31,0,"9","GABRB3"
0,0.989607209735711,0.252,0.182,0,"9","SHANK2"
0,0.849744865500943,0.299,0.229,0,"9","ROCK2"
0,0.457702918404316,0.423,0.354,0,"9","PREPL"
0,0.540067300774399,0.396,0.327,0,"9","DANT2"
0,0.540650017221108,0.386,0.317,0,"9","CPEB3"
0,0.827610347518977,0.269,0.2,0,"9","ABCA5"
0,0.678393864380852,0.298,0.229,0,"9","STOX2"
0,0.528193639886708,0.286,0.217,0,"9","GARNL3"
0,0.285518539582365,0.958,0.889,0,"9","CADM2"
0,0.573305018495581,0.289,0.221,0,"9","ABLIM1"
0,0.495574723854761,0.375,0.308,0,"9","NLGN4Y"
0,0.57810731063361,0.349,0.283,0,"9","ANKRD36C"
0,0.492448575972651,0.323,0.258,0,"9","POU2F1"
0,0.510538303848071,0.329,0.264,0,"9","ARL15"
0,0.56365082315964,0.326,0.261,0,"9","CCDC91"
0,1.12829759252656,0.281,0.217,0,"9","NELL1"
0,0.69221474006176,0.303,0.239,0,"9","MEF2C-AS1"
0,0.254123114548874,0.959,0.896,0,"9","DLG2"
0,0.363719548533821,0.553,0.491,0,"9","TNRC6B"
0,0.443876237602835,0.414,0.352,0,"9","ARPP21"
0,0.752460292798682,0.256,0.194,0,"9","CYFIP2"
0,0.521445528769432,0.347,0.285,0,"9","FAIM2"
0,0.729113122540578,0.251,0.19,0,"9","KLF12"
0,0.437385321102595,0.392,0.332,0,"9","SCAPER"
0,0.398816035191958,0.401,0.342,0,"9","SBF2"
0,0.579937212190087,0.336,0.278,0,"9","UNC80"
0,0.424694218544085,0.387,0.329,0,"9","TNKS"
0,0.51840494857346,0.274,0.217,0,"9","PRKD1"
0,0.345715414586037,0.38,0.323,0,"9","AFF3"
0,0.489718977079568,0.307,0.25,0,"9","DKK3"
0,0.441351306577445,0.348,0.291,0,"9","ACACA"
0,0.626167913254931,0.25,0.196,0,"9","C16orf45"
0,0.692956538112857,0.28,0.227,0,"9","AC092683.1"
0,0.577374497565867,0.261,0.208,0,"9","NLGN4X"
0,0.616264783661563,0.262,0.209,0,"9","APBA1"
0,0.280338413257072,0.414,0.361,0,"9","PTPRG"
0,0.703086789157108,0.285,0.232,0,"9","ADAM22"
0,0.32405807394639,0.459,0.408,0,"9","PRNP"
0,0.540334212899011,0.265,0.214,0,"9","TRPC1"
0,0.666599784437806,0.28,0.229,0,"9","CAMK2B"
0,0.340733122371857,0.32,0.269,0,"9","NCOA2"
0,0.693210496076366,0.3,0.249,0,"9","KIAA1549L"
0,0.50669065417106,0.291,0.24,0,"9","SLC22A17"
0,0.673909976940703,0.277,0.227,0,"9","ASTN1"
0,0.544951162613204,0.271,0.221,0,"9","MCF2L2"
0,0.56638009799856,0.255,0.205,0,"9","TPST1"
0,0.415925377015446,0.355,0.305,0,"9","EIF4A2"
0,0.639838085519417,0.269,0.22,0,"9","SPAG16"
0,0.613162406088105,0.292,0.243,0,"9","SPTAN1"
0,0.407787308715357,0.306,0.258,0,"9","AC006148.1"
0,0.512812475258846,0.296,0.248,0,"9","PLD3"
0,0.498476591893198,0.282,0.234,0,"9","MT-ND5"
0,0.476516219347985,0.305,0.258,0,"9","MAPK8"
0,0.4538513960958,0.298,0.252,0,"9","UBA6-AS1"
0,0.307266692303021,0.865,0.82,0,"9","MT-ND3"
0,0.729714331962619,0.327,0.283,0,"9","AC073050.1"
0,0.48293208233294,0.309,0.265,0,"9","RPRD2"
0,0.523374703519206,0.306,0.262,0,"9","RAPGEF4"
0,0.512687472166487,0.307,0.263,0,"9","AEBP2"
0,1.03428463486718,0.286,0.247,0,"9","SORCS1"
0,0.440243947554831,0.505,0.479,0,"9","DPP6"
2.22044604925031e-16,0.401579086155062,0.346,0.301,5.79580827775317e-12,"9","UCHL1"
2.22044604925031e-16,0.34173791929049,0.372,0.327,5.79580827775317e-12,"9","FER"
4.44089209850063e-16,0.383819903411672,0.292,0.247,1.15916165555063e-11,"9","RASA1"
8.88178419700125e-16,0.404419099850104,0.343,0.3,2.31832331110127e-11,"9","CDK14"
1.99840144432528e-15,0.494409485354699,0.31,0.274,5.21622744997785e-11,"9","ATP2B2"
3.10862446895044e-15,0.581599399050231,0.273,0.237,8.11413158885443e-11,"9","KSR2"
3.99680288865056e-15,0.337576736008615,0.39,0.346,1.04324548999557e-10,"9","UNC79"
5.99520433297585e-15,0.255233510204065,0.317,0.262,1.56486823499336e-10,"9","DCC"
2.26485497023532e-14,0.419849825462842,0.3,0.261,5.91172444330823e-10,"9","GDI1"
2.37587727269783e-14,0.493464983502525,0.26,0.221,6.20151485719589e-10,"9","PTPRS"
3.59712259978551e-14,0.396107520157275,0.286,0.246,9.38920940996013e-10,"9","GSK3B"
6.17284001691587e-14,0.541341008877085,0.278,0.243,1.61123470121538e-09,"9","SCN8A"
8.01581023779363e-14,0.507929071759639,0.272,0.236,2.09228678826889e-09,"9","BABAM2"
8.81517081552374e-14,0.39206964098839,0.322,0.285,2.30093588626801e-09,"9","ANKRD36"
1.57651669496772e-13,0.257491822031026,0.45,0.413,4.11502387720475e-09,"9","GTF2I"
1.74971148680925e-13,0.355575824027853,0.4,0.359,4.5670969228695e-09,"9","MSRA"
9.44355704746158e-13,0.352581175052835,0.389,0.352,2.46495726052842e-08,"9","MPHOSPH8"
9.86766224286839e-13,0.386113533665935,0.308,0.273,2.57565719863351e-08,"9","DENND5B"
1.61248792096558e-12,0.364798210480354,0.365,0.328,4.20891597130435e-08,"9","CACNA1A"
1.64512847788956e-12,0.447833533805944,0.29,0.257,4.29411435298732e-08,"9","BMPR2"
2.36677344389591e-12,0.260449617261247,0.401,0.364,6.1777520432571e-08,"9","IMMP2L"
2.60569343879524e-12,0.48868549226388,0.252,0.218,6.80138101394334e-08,"9","RFX7"
2.75246492265069e-12,0.349240131969745,0.275,0.237,7.18448394110283e-08,"9","AIG1"
3.43058914609173e-12,0.576740010188951,0.258,0.228,8.95452378912864e-08,"9","PDZRN3"
3.75166564481333e-12,0.471060277426957,0.329,0.295,9.79259766609175e-08,"9","TMEM132D"
8.46034353685354e-12,0.398282809630243,0.281,0.248,2.20831886998951e-07,"9","VWA8"
1.34605659951603e-11,0.412321429548195,0.255,0.222,3.51347693605675e-07,"9","THY1"
2.79629652766289e-11,0.335566056762284,0.356,0.323,7.29889319650567e-07,"9","EHBP1"
6.16162676436716e-11,0.392525410040678,0.292,0.261,1.60830781803512e-06,"9","HECTD4"
1.52039492107292e-10,0.457098236449904,0.259,0.229,3.96853482298454e-06,"9","OLFM1"
2.01783034725622e-10,0.340923018301343,0.344,0.312,5.26694077240819e-06,"9","CLSTN1"
2.19226636843928e-10,0.318831750247409,0.345,0.313,5.7222536749002e-06,"9","MLLT3"
3.46130013539891e-10,0.280618122330619,0.303,0.267,9.03468561341825e-06,"9","KIDINS220"
7.69854846538465e-10,0.30234725977797,0.325,0.293,2.0094751204347e-05,"9","NDFIP1"
1.08241815510723e-09,0.28955147458125,0.369,0.329,2.8253278684609e-05,"9","UNC5D"
1.66551705760298e-09,0.338462891173471,0.29,0.26,4.34733262375531e-05,"9","SPIN1"
1.76099379523009e-09,0.334886119602296,0.298,0.269,4.59654600430959e-05,"9","ADK"
2.15239848166959e-09,0.277721318149475,0.283,0.251,5.61819051685397e-05,"9","TUT4"
2.66358091138841e-09,0.298564140277326,0.274,0.242,6.95247889490602e-05,"9","ZBTB16"
3.35848215904377e-09,0.350210552487929,0.257,0.227,8.76631013153606e-05,"9","DDX24"
4.90924145779559e-09,0.325199125162294,0.287,0.257,0.00012814102053138,"9","CALM3"
5.49000755967199e-09,0.286335283194607,0.284,0.253,0.000143300177322558,"9","RCAN2"
8.04706234980301e-09,0.372824642324079,0.256,0.227,0.000210044421454558,"9","KLC1"
1.32985487066861e-08,0.453586657278442,0.252,0.228,0.000347118718341921,"9","PTPN4"
1.56617925295421e-08,0.314387804336174,0.305,0.276,0.000408804108606109,"9","ENO2"
2.15838975581306e-08,0.304964950284879,0.287,0.259,0.000563382894062325,"9","MARCH6"
3.46389583683049e-08,0.351049235743185,0.288,0.261,0.000904146091329494,"9","SRGAP3"
3.78099129783038e-08,0.25896277281477,0.321,0.293,0.000986914348559687,"9","VPS13B"
4.87759446166081e-08,0.410801263615148,0.272,0.246,0.0012731497063827,"9","SLC35F3"
5.60774444657852e-08,0.279983922736521,0.318,0.29,0.00146373345544593,"9","SUPT3H"
9.1209618746646e-08,0.311554228796708,0.293,0.267,0.00238075346852495,"9","PDS5B"
1.1188843584975e-07,0.315725184889648,0.31,0.286,0.00292051195255016,"9","DNM1"
1.5848026557741e-07,0.398957973864049,0.292,0.273,0.00413665189210155,"9","OSBPL6"
1.27008098460557e-06,0.254561228236082,0.335,0.316,0.0331516538601746,"9","JAKMIP2"
1.72161188305431e-06,0.359855019302234,0.277,0.257,0.0449375133714836,"9","NR2F1-AS1"
0,2.36977811721112,0.836,0.191,0,"10","PDZRN4"
0,2.36665095986032,0.897,0.268,0,"10","MCTP1"
0,2.0834261413107,0.907,0.279,0,"10","CDH12"
0,2.38162276241785,0.846,0.227,0,"10","SLC35F3"
0,1.97823646634937,0.862,0.253,0,"10","NRG1"
0,2.30054378049768,0.733,0.15,0,"10","ZNF804B"
0,1.81496152294118,0.884,0.305,0,"10","CNTN4"
0,1.91277915398918,0.775,0.2,0,"10","POU6F2"
0,1.80484462642225,0.905,0.331,0,"10","KCTD16"
0,1.90340598639412,0.784,0.213,0,"10","CLSTN2"
0,1.83969814300226,0.831,0.26,0,"10","SYN3"
0,2.72145543345759,0.682,0.112,0,"10","AC019211.1"
0,1.60721139001236,0.84,0.277,0,"10","TMEM132D"
0,1.54464611669817,0.851,0.291,0,"10","ADGRL2"
0,1.69398818214849,0.973,0.417,0,"10","RALYL"
0,1.50648727286116,0.856,0.3,0,"10","NELL2"
0,1.68963403247069,0.872,0.319,0,"10","EFNA5"
0,1.8512057166782,0.754,0.201,0,"10","NELL1"
0,1.27821302705312,0.876,0.327,0,"10","CHRM3"
0,1.48518804307068,0.901,0.36,0,"10","CADPS"
0,1.29609712179498,0.816,0.275,0,"10","RGS6"
0,1.81360631328373,0.703,0.165,0,"10","CDH9"
0,1.14628503996661,0.85,0.313,0,"10","DGKB"
0,1.45729934863324,0.799,0.264,0,"10","KCNH7"
0,1.44395167986333,0.961,0.426,0,"10","KCNQ5"
0,1.57151456799586,0.697,0.164,0,"10","CBLN2"
0,1.65211070002346,0.945,0.414,0,"10","RYR2"
0,1.28616294649028,0.862,0.332,0,"10","LDB2"
0,1.37061627219998,0.813,0.286,0,"10","ZNF385B"
0,1.16968769896132,0.834,0.307,0,"10","MMP16"
0,1.26342475865507,0.923,0.397,0,"10","KHDRBS2"
0,1.37533291725813,0.857,0.333,0,"10","KHDRBS3"
0,1.49394284060188,0.801,0.278,0,"10","CADPS2"
0,1.16711475525433,0.872,0.35,0,"10","DLGAP2"
0,1.74921338604443,0.753,0.231,0,"10","SORCS1"
0,1.23143455725301,0.893,0.371,0,"10","PRKCB"
0,1.44097687774171,0.8,0.279,0,"10","GRIA1"
0,1.20632399948775,0.867,0.346,0,"10","LRFN5"
0,1.52475907768253,0.864,0.343,0,"10","ERC2"
0,1.69043401215566,0.953,0.433,0,"10","ATRNL1"
0,1.18521739489599,0.86,0.342,0,"10","CACNA2D3"
0,1.13194889073094,0.909,0.391,0,"10","ROBO2"
0,1.25813128263385,0.84,0.322,0,"10","CACNA1B"
0,1.11250111824093,0.851,0.337,0,"10","ARPP21"
0,1.33251233286772,0.883,0.369,0,"10","ATP2B1"
0,1.38961969797525,0.926,0.417,0,"10","KALRN"
0,1.26387853462886,0.839,0.331,0,"10","SLC4A10"
0,1.2934516685833,0.945,0.437,0,"10","STXBP5L"
0,1.23608826687119,0.801,0.295,0,"10","GABRB3"
0,1.28828051551123,0.806,0.3,0,"10","MKL2"
0,1.05426250928248,0.915,0.412,0,"10","GRM5"
0,1.17608224255512,0.855,0.352,0,"10","DCLK1"
0,2.42424253719701,0.6,0.098,0,"10","RIT2"
0,1.13208200567786,0.841,0.34,0,"10","NECAB1"
0,0.970403080898945,0.867,0.367,0,"10","FRMPD4"
0,1.13990206230095,0.759,0.262,0,"10","ST6GALNAC5"
0,2.52326450864773,0.595,0.098,0,"10","AC067956.1"
0,1.28075662283468,0.82,0.323,0,"10","CAMK1D"
0,1.82275558509457,0.667,0.173,0,"10","AC090568.2"
0,0.789404943908321,0.824,0.331,0,"10","HS6ST3"
0,1.18503396522803,0.801,0.309,0,"10","AFF3"
0,1.1386365527724,0.79,0.299,0,"10","CHSY3"
0,0.957014917621352,0.895,0.404,0,"10","AGBL4"
0,1.44339135760238,0.706,0.215,0,"10","SATB2"
0,0.806200943880673,0.818,0.328,0,"10","LINGO2"
0,3.85900333326147,0.515,0.026,0,"10","THEMIS"
0,1.43238645362126,0.73,0.241,0,"10","SH3GL2"
0,1.15443009890631,0.775,0.288,0,"10","HECW1"
0,1.41547736822299,0.725,0.24,0,"10","RUNX1T1"
0,1.41240939905897,0.715,0.231,0,"10","CABP1"
0,1.13122883167686,0.866,0.383,0,"10","AK5"
0,0.926130901496006,0.834,0.351,0,"10","GRIN2A"
0,1.56830880390049,0.693,0.21,0,"10","PCSK2"
0,0.615000027569026,0.9,0.418,0,"10","DSCAM"
0,1.06777638091412,0.885,0.403,0,"10","MAP2"
0,1.0963121235771,0.778,0.299,0,"10","CNKSR2"
0,2.65667651375297,0.566,0.087,0,"10","SEMA3A"
0,1.18139155203445,0.768,0.29,0,"10","SYN2"
0,1.27858207001093,0.79,0.312,0,"10","DGKI"
0,1.85901599047945,0.619,0.141,0,"10","GRM1"
0,1.09217476360285,0.821,0.345,0,"10","MSRA"
0,1.74303804978709,0.651,0.176,0,"10","AC011287.1"
0,1.09150073855223,0.806,0.332,0,"10","RASAL2"
0,1.07779150986232,0.775,0.301,0,"10","GRIA3"
0,0.823097768356014,0.918,0.444,0,"10","RIMS2"
0,1.25871666669397,0.738,0.264,0,"10","UNC80"
0,1.16790451641156,0.781,0.308,0,"10","FBXW7"
0,1.01668766443877,0.85,0.377,0,"10","THRB"
0,1.17743409237877,0.767,0.295,0,"10","TMEM178B"
0,0.79049484005845,0.895,0.424,0,"10","CCSER1"
0,0.90282192085845,0.788,0.317,0,"10","SLC35F1"
0,1.37160980440745,0.725,0.254,0,"10","BRINP3"
0,1.76053109040178,0.628,0.158,0,"10","NETO1"
0,1.17455821123066,0.751,0.283,0,"10","TMEM108"
0,1.15860673449743,0.722,0.254,0,"10","INPP4B"
0,1.47289044706361,0.666,0.2,0,"10","SV2B"
0,0.832173887148314,0.888,0.424,0,"10","SOX5"
0,1.89319737462444,0.614,0.151,0,"10","MLIP"
0,0.730046156831563,0.886,0.424,0,"10","CSMD3"
0,0.807651058886012,0.893,0.432,0,"10","R3HDM1"
0,0.610267469117496,0.793,0.332,0,"10","CDH18"
0,0.992080016303905,0.916,0.455,0,"10","PHACTR1"
0,0.703390721973512,0.675,0.215,0,"10","SGCZ"
0,1.40776555693653,0.654,0.194,0,"10","ENC1"
0,0.699278685875786,0.895,0.435,0,"10","MDGA2"
0,1.19179580601473,0.656,0.197,0,"10","TENM3"
0,1.22005785021629,0.702,0.243,0,"10","CDH13"
0,0.994188984915051,0.76,0.302,0,"10","GRIN2B"
0,0.798422586688712,0.79,0.333,0,"10","MYT1L"
0,1.28400258580358,0.703,0.246,0,"10","CDH10"
0,0.705520205214601,0.919,0.463,0,"10","TENM2"
0,1.8671020576207,0.591,0.135,0,"10","TESPA1"
0,0.919366738804105,0.802,0.349,0,"10","CACNA1C"
0,1.62728622196719,0.606,0.153,0,"10","AL117329.1"
0,0.819235228820814,0.799,0.348,0,"10","PTPRG"
0,0.971174939770143,0.881,0.431,0,"10","OXR1"
0,1.01039001953291,0.798,0.349,0,"10","RAPGEF2"
0,0.890062856408614,0.754,0.305,0,"10","ATP8A2"
0,0.6620051590251,0.755,0.308,0,"10","PDZD2"
0,1.18184308234151,0.916,0.47,0,"10","CHN1"
0,0.583429372543256,0.907,0.461,0,"10","SNTG1"
0,1.55142067906225,0.585,0.139,0,"10","KCNT2"
0,1.03062957559226,0.724,0.278,0,"10","CDH2"
0,1.44479575277821,0.634,0.189,0,"10","MAGI3"
0,0.542734616426853,0.909,0.464,0,"10","FGF12"
0,0.736605709945932,0.86,0.415,0,"10","PCDH7"
0,1.18506518801547,0.967,0.522,0,"10","OPCML"
0,0.808152445970276,0.825,0.381,0,"10","PLEKHA5"
0,1.01606773265024,0.754,0.311,0,"10","LARGE1"
0,1.16362907727472,0.688,0.245,0,"10","FMN1"
0,0.964238400210384,0.736,0.294,0,"10","SCN2A"
0,0.940349419307763,0.858,0.417,0,"10","KCNMA1"
0,0.883163776166521,0.767,0.328,0,"10","DYNC1I1"
0,0.991568352499899,0.697,0.258,0,"10","GALNT17"
0,0.789367919711838,0.83,0.392,0,"10","TANC2"
0,1.15983489700339,0.662,0.225,0,"10","CAMK2A"
0,0.622520387943139,0.885,0.448,0,"10","RGS7"
0,1.14881189068659,0.941,0.504,0,"10","PPP3CA"
0,1.01412485104775,0.753,0.318,0,"10","LINC00632"
0,1.20523735919981,0.671,0.237,0,"10","KIAA1549L"
0,1.59280123105491,0.596,0.162,0,"10","MIR137HG"
0,0.894236567320213,0.943,0.509,0,"10","FRMD4A"
0,0.673536592517008,0.778,0.345,0,"10","GABRB2"
0,0.89093031491327,0.736,0.303,0,"10","KCNQ3"
0,0.66325669731078,0.915,0.483,0,"10","MEF2C"
0,1.06557657270955,0.67,0.239,0,"10","FAT3"
0,1.23367218749061,0.646,0.215,0,"10","PPM1E"
0,0.862212643503066,0.714,0.283,0,"10","SLC2A13"
0,1.07289352990858,0.693,0.262,0,"10","FOCAD"
0,1.15740842908645,0.959,0.528,0,"10","CELF2"
0,1.37548312000037,0.629,0.199,0,"10","AMPH"
0,0.808363027290524,0.718,0.289,0,"10","MTUS2"
0,0.78493210984555,0.871,0.442,0,"10","SNAP25"
0,0.672230984090853,0.953,0.524,0,"10","FGF14"
0,0.891503154532504,0.612,0.184,0,"10","CA10"
0,0.995374936137244,0.698,0.27,0,"10","VSNL1"
0,0.849688843488627,0.895,0.468,0,"10","CNTN1"
0,1.62123222372402,0.578,0.151,0,"10","KIAA1211L"
0,1.11134344114108,0.651,0.225,0,"10","LMO4"
0,1.00528797825694,0.685,0.259,0,"10","RPS6KC1"
0,0.793686782112765,0.857,0.432,0,"10","SIPA1L1"
0,0.911256131404778,0.955,0.53,0,"10","NEGR1"
0,0.625186583620676,0.752,0.328,0,"10","PCLO"
0,1.18110536496025,0.638,0.215,0,"10","AC092683.1"
0,0.956667913906934,0.685,0.264,0,"10","TMEM232"
0,0.816865327003687,0.735,0.314,0,"10","BASP1"
0,0.887176540473692,0.714,0.294,0,"10","SNAP91"
0,0.860194648669711,0.698,0.278,0,"10","CELF4"
0,1.05163267152767,0.653,0.234,0,"10","GUCY1A2"
0,0.729576657601479,0.773,0.354,0,"10","ARHGAP32"
0,0.864164503697309,0.696,0.277,0,"10","HCN1"
0,0.890645742769476,0.958,0.539,0,"10","DLGAP1"
0,0.964071195454144,0.683,0.265,0,"10","GABBR2"
0,1.14179740215169,0.642,0.224,0,"10","KSR2"
0,1.08432246101284,0.647,0.23,0,"10","CCK"
0,0.850441375081385,0.93,0.513,0,"10","PTPRK"
0,0.900281894903324,0.627,0.21,0,"10","CSGALNACT1"
0,0.980502822800963,0.661,0.244,0,"10","SHISA9"
0,1.22041503364083,0.62,0.203,0,"10","TENM4"
0,1.03524879832592,0.666,0.25,0,"10","RAPGEF4"
0,0.305489722240313,0.825,0.409,0,"10","SLC8A1"
0,1.37101399415969,0.577,0.161,0,"10","PTPRO"
0,0.913716980941983,0.923,0.508,0,"10","KAZN"
0,1.34632348576815,0.601,0.186,0,"10","PARP8"
0,0.783557853837469,0.749,0.334,0,"10","UNC79"
0,0.770231454548797,0.969,0.554,0,"10","LRRTM4"
0,0.633703305978337,0.766,0.352,0,"10","ROBO1"
0,1.40410902389652,0.986,0.573,0,"10","SYT1"
0,1.03964854673336,0.627,0.214,0,"10","NIN"
0,0.680257916705449,0.804,0.391,0,"10","RTN1"
0,0.789912627150812,0.758,0.346,0,"10","ARHGAP26"
0,0.836155799663038,0.7,0.288,0,"10","CDK14"
0,0.642973904381507,0.865,0.453,0,"10","NBEA"
0,2.27036367527274,0.488,0.077,0,"10","RXFP1"
0,1.23299304596711,0.604,0.193,0,"10","WASF1"
0,0.654958373502381,0.751,0.34,0,"10","NLK"
0,1.25206861009274,0.607,0.196,0,"10","RBFOX3"
0,0.994223246463292,0.966,0.555,0,"10","DPP10"
0,0.850481300954258,0.661,0.254,0,"10","MYRIP"
0,0.631127775376348,0.792,0.385,0,"10","GABRB1"
0,1.23410366108918,0.615,0.208,0,"10","SLC17A7"
0,0.748683721220497,0.716,0.31,0,"10","CSRNP3"
0,1.58369388700806,0.551,0.147,0,"10","LINC01250"
0,0.918899375496688,0.666,0.262,0,"10","CERS6"
0,1.20573041439544,0.601,0.197,0,"10","SLC39A10"
0,0.987465337000565,0.94,0.536,0,"10","LRRC7"
0,1.99152909210931,0.502,0.099,0,"10","SLIT3"
0,0.778719512675229,0.677,0.274,0,"10","PTPRN2"
0,0.567194120948988,0.839,0.436,0,"10","NRCAM"
0,1.40487346049692,0.573,0.17,0,"10","CACNA1E"
0,1.67891671757634,0.532,0.13,0,"10","LY86-AS1"
0,1.54363005964712,0.548,0.146,0,"10","PRKAR2B"
0,0.78950375601424,0.677,0.275,0,"10","FRY"
0,1.21037729223614,0.594,0.192,0,"10","CIT"
0,0.893543765090482,0.657,0.256,0,"10","GLS"
0,1.03811166263503,0.559,0.158,0,"10","FSTL5"
0,0.383905622492278,0.789,0.388,0,"10","CACNB2"
0,0.340980321281057,0.83,0.429,0,"10","IQCJ-SCHIP1"
0,1.13253954225803,0.983,0.583,0,"10","CSMD1"
0,0.669013872745765,0.723,0.323,0,"10","BTBD9"
0,1.32344924307004,0.941,0.541,0,"10","DMD"
0,1.61358067217389,0.542,0.143,0,"10","HTR1E"
0,1.0371111870681,0.63,0.231,0,"10","SCN8A"
0,0.710011209885954,0.84,0.441,0,"10","MAP1B"
0,0.534581211529539,0.776,0.378,0,"10","FMN2"
0,0.794700828895068,0.908,0.51,0,"10","GRIA2"
0,0.746146568538304,0.888,0.49,0,"10","PPFIA2"
0,0.636782615276908,0.583,0.185,0,"10","HS3ST5"
0,0.804944586529473,0.658,0.261,0,"10","ESRRG"
0,0.574521137063612,0.838,0.441,0,"10","SMYD3"
0,1.46278838449746,0.532,0.136,0,"10","SNED1"
0,1.40122163295009,0.968,0.572,0,"10","PDE4D"
0,0.595361525993168,0.8,0.404,0,"10","FBXL17"
0,0.748281143124195,0.692,0.296,0,"10","SPTBN4"
0,0.544655449800664,0.827,0.431,0,"10","TTC3"
0,0.857488853825713,0.635,0.241,0,"10","SNCA"
0,1.1098385863538,0.61,0.216,0,"10","GABRG2"
0,1.30992384772477,0.971,0.577,0,"10","NAV3"
0,1.19340435689621,0.569,0.175,0,"10","DOK6"
0,0.721047456635145,0.691,0.297,0,"10","NLGN4Y"
0,0.66459521467602,0.764,0.371,0,"10","GPATCH8"
0,0.978147331117454,0.61,0.218,0,"10","ITPR1"
0,1.31168308566962,0.574,0.182,0,"10","PRICKLE1"
0,1.26119960408324,0.989,0.598,0,"10","RBFOX1"
0,1.53470601854136,0.964,0.574,0,"10","CTNNA2"
0,1.00928231217634,0.625,0.236,0,"10","ADAM23"
0,0.343111125253427,0.808,0.42,0,"10","TMEFF2"
0,0.533918970830115,0.76,0.372,0,"10","TRIO"
0,1.29400223031404,0.557,0.17,0,"10","BMPER"
0,0.296112976267942,0.705,0.318,0,"10","UNC5D"
0,0.892617732436886,0.619,0.234,0,"10","SCN3A"
0,0.741601657385327,0.659,0.274,0,"10","DNM1"
0,0.743433860838312,0.658,0.273,0,"10","TMEM132B"
0,0.291273441247481,0.663,0.278,0,"10","MYO1D"
0,0.949885698918148,0.969,0.585,0,"10","FAM155A"
0,0.448649717919161,0.897,0.513,0,"10","PLCB1"
0,0.560680623450453,0.708,0.324,0,"10","WDPCP"
0,0.611779929437259,0.786,0.403,0,"10","SYNE1"
0,1.36153274810971,0.535,0.152,0,"10","PTK2B"
0,1.22562823572432,0.565,0.182,0,"10","GAP43"
0,1.02317549376396,0.577,0.194,0,"10","RASA2"
0,0.734697144778902,0.683,0.301,0,"10","NRGN"
0,1.32280556413343,0.538,0.156,0,"10","CCDC85A"
0,0.854571598785286,0.64,0.258,0,"10","PI4KA"
0,0.601174403398884,0.842,0.46,0,"10","AC092691.1"
0,0.810631223458201,0.587,0.206,0,"10","PRKD1"
0,0.862413573962657,0.624,0.245,0,"10","NR2F1-AS1"
0,0.569958973334509,0.809,0.431,0,"10","RABGAP1L"
0,0.531808766304045,0.738,0.36,0,"10","HERC1"
0,0.594043289407908,0.701,0.323,0,"10","RIMS1"
0,0.428581383766925,0.781,0.404,0,"10","FOXP1"
0,0.68566556400047,0.906,0.529,0,"10","MAPK10"
0,0.695455618235622,0.66,0.284,0,"10","PAK3"
0,1.20799096207688,0.545,0.169,0,"10","SEPT11"
0,1.70441743713458,0.493,0.118,0,"10","AC007563.2"
0,2.34112592140304,0.437,0.062,0,"10","DACH1"
0,1.24440817655238,0.55,0.176,0,"10","FSTL4"
0,0.501295245269159,0.682,0.309,0,"10","CHL1"
0,0.416012809512221,0.814,0.441,0,"10","CACNA2D1"
0,0.477697777909639,0.772,0.4,0,"10","MYCBP2"
0,0.334829044080184,0.666,0.295,0,"10","ZFPM2"
0,1.01941424741677,0.559,0.19,0,"10","AQP4-AS1"
0,0.793126850424825,0.613,0.244,0,"10","STXBP1"
0,0.877783260791696,0.562,0.194,0,"10","PPFIBP1"
0,0.39189690832068,0.935,0.568,0,"10","GPM6A"
0,0.669305683999249,0.651,0.284,0,"10","GRIN1"
0,1.02079562988689,0.561,0.194,0,"10","KCTD1"
0,0.469396078290727,0.825,0.458,0,"10","AHI1"
0,1.35261134842351,0.993,0.627,0,"10","KCNIP4"
0,0.455310641781771,0.724,0.358,0,"10","STXBP5"
0,0.713471717856949,0.608,0.242,0,"10","GABRG3"
0,0.332855735930097,0.819,0.453,0,"10","SAMD12"
0,0.285838957203804,0.831,0.465,0,"10","MACROD2"
0,1.32178876155433,0.521,0.156,0,"10","HOMER1"
0,0.399256439449481,0.707,0.342,0,"10","FLRT2"
0,0.39866897087675,0.788,0.425,0,"10","TSPAN5"
0,0.546969946876373,0.637,0.274,0,"10","SORBS2"
0,1.64996150881361,0.484,0.121,0,"10","CLVS2"
0,0.684255577831622,0.626,0.263,0,"10","MNAT1"
0,0.851043683465961,0.593,0.23,0,"10","SETBP1"
0,1.03139233160649,0.56,0.198,0,"10","VPS13A"
0,0.84119102624212,0.579,0.218,0,"10","LMO3"
0,1.07140372099942,0.565,0.204,0,"10","SNAP25-AS1"
0,0.889191222716113,0.578,0.219,0,"10","CAMK2B"
0,0.781635063426341,0.597,0.238,0,"10","PWAR6"
0,0.954667989706774,0.556,0.198,0,"10","KIFAP3"
0,0.511659763241636,0.685,0.327,0,"10","TTTY14"
0,1.39211839651769,0.504,0.146,0,"10","RAP1GAP2"
0,0.526433441443206,0.65,0.293,0,"10","PRKCE"
0,0.559873914057972,0.683,0.327,0,"10","NSF"
0,0.645887291855309,0.646,0.291,0,"10","UCHL1"
0,1.03534833855284,0.545,0.19,0,"10","SRRM4"
0,1.3023314990188,0.504,0.15,0,"10","GFOD1"
0,1.37781257707526,0.494,0.14,0,"10","MICAL2"
0,1.35228032833379,0.489,0.136,0,"10","CCDC3"
0,0.419668612617163,0.674,0.323,0,"10","GTDC1"
0,0.547032644081854,0.639,0.288,0,"10","GDAP1"
0,0.375699243651019,0.763,0.412,0,"10","TRIM9"
0,0.51341509540077,0.658,0.307,0,"10","AC124312.1"
0,0.45711760874787,0.66,0.31,0,"10","SPIDR"
0,0.7760875114642,0.57,0.22,0,"10","ROCK2"
0,0.60080607012362,0.625,0.275,0,"10","STRBP"
0,0.689143376479136,0.571,0.221,0,"10","PLEKHA1"
0,0.616119077421407,0.615,0.266,0,"10","SYP"
0,0.623290436376994,0.596,0.247,0,"10","ZEB1"
0,0.474504243821382,0.65,0.302,0,"10","MLLT3"
0,0.582153602814473,0.654,0.306,0,"10","TUBA1B"
0,0.341412251265596,0.579,0.231,0,"10","DGKG"
0,0.772220944843213,0.572,0.225,0,"10","SYT14"
0,0.59840654776886,0.651,0.305,0,"10","IDS"
0,0.560156741729629,0.598,0.252,0,"10","DCC"
0,1.89864597350557,0.406,0.061,0,"10","GBE1"
0,0.437031516647713,0.625,0.281,0,"10","SCN1A"
0,0.68334892593305,0.504,0.16,0,"10","ZNF804A"
0,0.353896901302922,0.922,0.579,0,"10","PEX5L"
0,0.973091030529618,0.532,0.189,0,"10","FP700111.1"
0,0.660422848623516,0.595,0.253,0,"10","PPM1L"
0,0.918772872852602,0.524,0.183,0,"10","ATP6V1H"
0,0.72418434876443,0.562,0.222,0,"10","USP9Y"
0,0.679629144725438,0.977,0.637,0,"10","NRXN1"
0,0.629504153547445,0.591,0.251,0,"10","SRGAP3"
0,0.655437182963391,0.978,0.638,0,"10","NRG3"
0,0.952180642312994,0.534,0.195,0,"10","EML6"
0,0.252745482478489,0.581,0.242,0,"10","GALNTL6"
0,0.352484284749142,0.679,0.342,0,"10","MPHOSPH8"
0,0.717580904929476,0.556,0.22,0,"10","VPS13D"
0,0.306071394816385,0.795,0.459,0,"10","EIF4G3"
0,1.23406835000624,0.478,0.142,0,"10","PRKAG2"
0,0.516144158036742,0.604,0.268,0,"10","PPP1R12A"
0,0.856757862413958,0.497,0.162,0,"10","PAPSS1"
0,1.45575734118354,0.457,0.123,0,"10","ANO3"
0,0.819736498678013,0.537,0.203,0,"10","GPR158"
0,1.321974338332,0.474,0.14,0,"10","BASP1-AS1"
0,0.376934761267963,0.681,0.348,0,"10","TMSB10"
0,1.06332987887325,0.507,0.174,0,"10","SHANK2"
0,0.996409317784568,0.508,0.175,0,"10","MYH10"
0,0.459968720149298,0.608,0.275,0,"10","KCTD8"
0,0.589779831593047,0.584,0.251,0,"10","EPB41L3"
0,0.678903570011413,0.556,0.224,0,"10","FARS2"
0,0.818021096751445,0.544,0.212,0,"10","THY1"
0,0.393743979855002,0.645,0.313,0,"10","EHBP1"
0,2.45130756260846,0.385,0.053,0,"10","ARHGEF28"
0,0.437541177162301,0.623,0.291,0,"10","NR3C1"
0,0.473211697132116,0.591,0.259,0,"10","JAZF1"
0,0.539884489394907,0.568,0.236,0,"10","RPS6KA5"
0,0.601357618110947,0.564,0.232,0,"10","NEDD4L"
0,0.676395324968443,0.553,0.222,0,"10","NCALD"
0,0.773272613368909,0.503,0.172,0,"10","DDAH1"
0,1.58717811997099,0.439,0.108,0,"10","SYNPO2"
0,1.14520879418324,0.488,0.157,0,"10","LY6H"
0,1.15026921394967,0.494,0.163,0,"10","MEG8"
0,0.653860972560787,0.54,0.21,0,"10","LINC01122"
0,0.414694421122776,0.9,0.57,0,"10","DOCK3"
0,0.575462256552611,0.54,0.21,0,"10","DCLK2"
0,0.380508791708115,0.648,0.318,0,"10","DANT2"
0,0.282221512758848,0.777,0.447,0,"10","RTN3"
0,0.479075001477454,0.585,0.255,0,"10","ARL15"
0,0.377833672682384,0.86,0.53,0,"10","JMJD1C"
0,0.281479682219222,0.647,0.318,0,"10","CACNA1A"
0,0.551448750121247,0.959,0.63,0,"10","NKAIN2"
0,0.795372489479127,0.526,0.198,0,"10","EXOC6"
0,0.28166032002737,0.976,0.648,0,"10","CNTNAP2"
0,1.25784103818377,0.454,0.127,0,"10","SHC3"
0,0.757274213845805,0.526,0.199,0,"10","PAK1"
0,0.653029913729864,0.53,0.205,0,"10","AC098850.3"
0,0.813416911255251,0.518,0.193,0,"10","SCAI"
0,0.477496293439341,0.573,0.248,0,"10","EXT1"
0,0.940871140165111,0.498,0.174,0,"10","STMN2"
0,0.380310948339429,0.62,0.296,0,"10","ARHGEF7"
0,0.579808279422892,0.571,0.247,0,"10","BMPR2"
0,0.647316945832663,0.545,0.222,0,"10","PCNX2"
0,1.42460390193433,0.435,0.112,0,"10","FAR2"
0,0.447447848555689,0.879,0.556,0,"10","AC016831.7"
0,0.513149022116593,0.577,0.255,0,"10","NCKAP1"
0,0.323223415301341,0.667,0.346,0,"10","PREPL"
0,0.625047999116948,0.562,0.241,0,"10","SLC25A12"
0,0.838062000771737,0.518,0.197,0,"10","NMNAT2"
0,0.984769998951849,0.498,0.177,0,"10","ARHGAP44"
0,0.709493825124487,0.54,0.22,0,"10","CCPG1"
0,0.781827788397419,0.514,0.194,0,"10","CTDSPL"
0,0.554134386201958,0.602,0.282,0,"10","XKR6"
0,0.548532779929218,0.539,0.22,0,"10","TTC37"
0,0.643896013831084,0.542,0.223,0,"10","ADAM22"
0,0.691557079943444,0.511,0.192,0,"10","TIAM2"
0,0.89628275727967,0.495,0.177,0,"10","KIAA0825"
0,0.945715352182355,0.492,0.174,0,"10","SYBU"
0,1.27464571232536,0.457,0.139,0,"10","CACNG3"
0,0.50948800663982,0.582,0.264,0,"10","ATP2B2"
0,0.467772633792248,0.553,0.236,0,"10","CARMIL1"
0,0.865552437525602,0.498,0.181,0,"10","WDR17"
0,0.285874139503293,0.652,0.335,0,"10","TSC22D1"
0,0.677719640402191,0.943,0.626,0,"10","ADGRL3"
0,1.26847860343872,0.46,0.144,0,"10","PTPRR"
0,0.814916027646087,0.497,0.181,0,"10","DCAF6"
0,1.37276762406729,0.442,0.126,0,"10","SCN3B"
0,0.331239059444399,0.629,0.313,0,"10","RBFOX2"
0,0.977595975329116,0.482,0.166,0,"10","AP001825.1"
0,0.611375707273612,0.534,0.219,0,"10","OLFM1"
0,0.633548875741549,0.525,0.211,0,"10","HSPA12A"
0,1.12141628236727,0.454,0.141,0,"10","BRINP2"
0,0.337941012560223,0.618,0.305,0,"10","MYO9A"
0,0.674509328077884,0.53,0.218,0,"10","ASTN1"
0,0.368997510712914,0.615,0.303,0,"10","CLSTN1"
0,0.923242693099792,0.498,0.187,0,"10","CHD5"
0,0.964838215690386,0.475,0.164,0,"10","TARBP1"
0,2.11010413523524,0.373,0.063,0,"10","SEC24D"
0,0.282822007178404,0.616,0.306,0,"10","JAKMIP2"
0,0.854142962752881,0.492,0.182,0,"10","PRKAR1B"
0,0.709361161585275,0.513,0.203,0,"10","NPTN"
0,1.51095155048161,0.417,0.108,0,"10","DNAH6"
0,1.36623867150261,0.424,0.116,0,"10","NGEF"
0,0.741676176628908,0.499,0.191,0,"10","CACNA1D"
0,0.799607374849331,0.485,0.177,0,"10","DGKZ"
0,0.320366417812501,0.591,0.283,0,"10","ACACA"
0,0.259729596336532,0.552,0.245,0,"10","FAM19A1"
0,0.823097879166577,0.497,0.19,0,"10","SYT16"
0,0.435990227758443,0.573,0.266,0,"10","ARHGEF12"
0,1.03200433848238,0.442,0.136,0,"10","KCNK1"
0,0.438256069454099,0.547,0.242,0,"10","MAP4K3"
0,0.965631953868953,0.461,0.156,0,"10","AC007388.1"
0,0.499052750370841,0.543,0.238,0,"10","MAP2K5"
0,0.965097869132716,0.46,0.155,0,"10","CEP112"
0,0.275135540596839,0.624,0.319,0,"10","FER"
0,0.397629799317406,0.547,0.243,0,"10","COP1"
0,0.522376952716271,0.539,0.235,0,"10","KCNJ3"
0,0.391042551636573,0.562,0.258,0,"10","PDS5B"
0,0.76748791462852,0.502,0.198,0,"10","PPP2R2C"
0,0.311083361548432,0.595,0.291,0,"10","NSD3"
0,0.331087900566778,0.579,0.275,0,"10","LINC00882"
0,1.12534025455817,0.438,0.135,0,"10","PLXNA4"
0,0.896457173402449,0.471,0.168,0,"10","JPH4"
0,1.4583318640728,0.404,0.102,0,"10","GULP1"
0,0.538773072231131,0.521,0.219,0,"10","OSBPL8"
0,2.70586922448891,0.345,0.043,0,"10","ADAMTS3"
0,0.269649355939085,0.573,0.271,0,"10","PIAS1"
0,0.464896396821386,0.546,0.245,0,"10","ABI2"
0,0.646015879867505,0.511,0.21,0,"10","EPHA4"
0,0.72251653469692,0.505,0.204,0,"10","KCNB2"
0,0.543873900175724,0.536,0.235,0,"10","SPTAN1"
0,0.44758141114345,0.555,0.254,0,"10","AEBP2"
0,0.258316449114845,0.57,0.269,0,"10","MICAL3"
0,1.06089412767711,0.444,0.144,0,"10","EPHA5"
0,0.984388430457699,0.461,0.161,0,"10","MIAT"
0,1.27212468333093,0.419,0.119,0,"10","UNC13A"
0,1.23404133887054,0.414,0.115,0,"10","NOS1AP"
0,0.364987830224501,0.556,0.258,0,"10","SERPINI1"
0,0.984162062981399,0.463,0.165,0,"10","RUNDC3B"
0,0.446295696372882,0.562,0.264,0,"10","LINC00513"
0,0.333458529517225,0.553,0.255,0,"10","MAP2K4"
0,1.0785260671384,0.433,0.135,0,"10","CREG2"
0,1.62456508575537,0.388,0.091,0,"10","PKN2-AS1"
0,0.912387305571492,0.462,0.166,0,"10","FRRS1L"
0,0.384732690674932,0.548,0.252,0,"10","HECTD4"
0,0.704022370073277,0.489,0.193,0,"10","TMEM59L"
0,1.48668719139321,0.983,0.687,0,"10","LRP1B"
0,0.399916963455225,0.558,0.263,0,"10","OSBPL6"
0,0.339926746775887,0.562,0.267,0,"10","ZMYND8"
0,1.70045371254601,0.374,0.079,0,"10","SNTB2"
0,1.30443577172124,0.404,0.11,0,"10","SLITRK5"
0,0.730132295060035,0.486,0.192,0,"10","CAMK4"
0,1.05787605375237,0.441,0.148,0,"10","FBXL2"
0,0.491551652595104,0.512,0.219,0,"10","WDR60"
0,0.899219826606848,0.46,0.167,0,"10","LINC00599"
0,0.42252242664616,0.536,0.243,0,"10","DKK3"
0,0.768473461571263,0.474,0.181,0,"10","ICA1L"
0,0.817773472087165,0.474,0.181,0,"10","PHYHIP"
0,0.923460281253132,0.433,0.14,0,"10","JAK2"
0,0.294898881206058,0.548,0.256,0,"10","OLFM3"
0,0.32297418488213,0.527,0.235,0,"10","SORL1"
0,0.333632225265732,0.552,0.26,0,"10","ADK"
0,0.941919637150817,0.445,0.155,0,"10","ADCY1"
0,1.26956200903413,0.412,0.122,0,"10","EPHB6"
0,1.30950900814166,0.397,0.108,0,"10","SLIT1"
0,1.38385420586055,0.393,0.105,0,"10","PDP1"
0,0.645404466863078,0.469,0.181,0,"10","MOSMO"
0,0.493039645752863,0.506,0.219,0,"10","PTPN4"
0,0.811054658162949,0.445,0.158,0,"10","MAP2K1"
0,2.32706269901799,0.341,0.054,0,"10","HS3ST2"
0,1.25505385503443,0.41,0.123,0,"10","FRAS1"
0,0.73205090603006,0.472,0.185,0,"10","GABRA1"
0,1.23019119710395,0.414,0.127,0,"10","NIPAL2"
0,0.851735672977045,0.426,0.14,0,"10","COG6"
0,1.48203659671143,0.389,0.104,0,"10","NWD2"
0,0.297598508784442,0.541,0.256,0,"10","TBCK"
0,0.272227278416487,0.524,0.239,0,"10","RASA1"
0,0.36105474336887,0.51,0.225,0,"10","SESN1"
0,0.284052910441957,0.538,0.253,0,"10","OGA"
0,0.34622047538518,0.552,0.267,0,"10","ENO2"
0,0.34889329093513,0.527,0.243,0,"10","SOS1"
0,0.370101503253765,0.515,0.231,0,"10","CD47"
0,0.395418948682984,0.526,0.242,0,"10","CELF1"
0,0.917596468190349,0.971,0.687,0,"10","ANKS1B"
0,0.998924775461619,0.399,0.116,0,"10","CRIM1"
0,1.44024525606537,0.385,0.102,0,"10","LNX1"
0,0.353586711293695,0.529,0.246,0,"10","YWHAG"
0,1.09716372769414,0.404,0.122,0,"10","PGBD5"
0,0.40512133849648,0.934,0.652,0,"10","FTX"
0,0.72926912119549,0.427,0.145,0,"10","ARFGEF2"
0,0.566671635651646,0.472,0.19,0,"10","DZIP3"
0,0.379632628945699,0.501,0.22,0,"10","PDZRN3"
0,0.70226203416441,0.45,0.169,0,"10","CALN1"
0,0.982854041906822,0.42,0.139,0,"10","FAM135B"
0,0.67161688575729,0.454,0.174,0,"10","RNF150"
0,0.87775997037848,0.421,0.141,0,"10","AC120193.1"
0,2.08605695643857,0.342,0.062,0,"10","LINC01197"
0,0.598513413933062,0.473,0.194,0,"10","PKD1"
0,0.362939690045241,0.506,0.228,0,"10","BABAM2"
0,0.297597102723656,0.526,0.248,0,"10","UGGT2"
0,0.382711237688943,0.507,0.23,0,"10","R3HDM2"
0,1.19255026400096,0.39,0.113,0,"10","SLC41A2"
0,0.404018932447482,0.526,0.249,0,"10","CALM3"
0,1.11742516627207,0.384,0.107,0,"10","TIMP3"
0,1.6328501213663,0.344,0.067,0,"10","B3GLCT"
0,0.485622595661184,0.465,0.189,0,"10","ARHGEF3"
0,0.765154694481011,0.44,0.164,0,"10","PRICKLE2"
0,0.749188226567503,0.43,0.154,0,"10","PACRG"
0,0.677630385048646,0.453,0.177,0,"10","FZD3"
0,0.316128204512357,0.511,0.235,0,"10","RABGAP1"
0,0.816680658589929,0.444,0.169,0,"10","SRRM3"
0,0.600352553646254,0.464,0.189,0,"10","CDKL5"
0,0.33832558980991,0.478,0.203,0,"10","SEZ6L"
0,0.585584037875802,0.445,0.171,0,"10","TLK1"
0,0.443100041117977,0.487,0.214,0,"10","MCF2L2"
0,0.436854752263328,0.485,0.212,0,"10","ST7"
0,0.269084086887057,0.538,0.265,0,"10","DENND5B"
0,0.607466036894812,0.447,0.175,0,"10","RANBP9"
0,1.20811376652249,0.383,0.111,0,"10","LRFN2"
0,0.734410778619267,0.428,0.157,0,"10","ODF2L"
0,0.712132495423674,0.441,0.17,0,"10","MARK1"
0,0.698922439981486,0.442,0.171,0,"10","INPP4A"
0,0.741924705795927,0.43,0.159,0,"10","CATSPER2"
0,0.694002635093985,0.449,0.178,0,"10","PAK5"
0,1.14191162538428,0.375,0.105,0,"10","HNRNPLL"
0,0.423351515327582,0.481,0.211,0,"10","C2CD5"
0,0.548023584463616,0.447,0.177,0,"10","NUAK1"
0,0.564502927824272,0.456,0.187,0,"10","SSBP3"
0,0.360185211598059,0.493,0.224,0,"10","TFDP2"
0,0.828186119843111,0.388,0.119,0,"10","IL1RAPL2"
0,1.24013832656588,0.359,0.091,0,"10","IGSF21"
0,1.24311679719485,0.355,0.087,0,"10","PDGFC"
0,1.09223482436382,0.377,0.109,0,"10","SRPK1"
0,0.383281640737761,0.483,0.215,0,"10","YWHAZ"
0,1.03451438332902,0.403,0.135,0,"10","DPY19L2"
0,2.141898606588,0.324,0.056,0,"10","MIR4500HG"
0,1.09892197159165,0.392,0.124,0,"10","ACTN1"
0,0.816299987133188,0.429,0.161,0,"10","KCNB1"
0,0.467214825613755,0.446,0.179,0,"10","PIK3CA"
0,0.979094781460613,0.409,0.142,0,"10","WNK2"
0,1.31312573282116,0.371,0.104,0,"10","FAM81A"
0,0.857381705040909,0.414,0.148,0,"10","CPNE4"
0,0.998818185701251,0.394,0.128,0,"10","GLRB"
0,0.309647711131607,0.493,0.227,0,"10","GLCCI1"
0,1.10944813116382,0.375,0.109,0,"10","LRRN3"
0,0.560425560183427,0.425,0.159,0,"10","FGFR1OP2"
0,0.349718734840901,0.489,0.224,0,"10","HIVEP3"
0,0.441349899679887,0.44,0.175,0,"10","UGP2"
0,0.511861590174672,0.45,0.187,0,"10","FAM49A"
0,0.40558754497331,0.46,0.197,0,"10","RAPH1"
0,0.602990609392192,0.422,0.159,0,"10","KLHL2"
0,1.31462754519976,0.364,0.101,0,"10","SYT4"
0,0.967700347256512,0.387,0.125,0,"10","RAP1GAP"
0,0.468730344135602,0.425,0.163,0,"10","FEZ2"
0,0.301076456665249,0.499,0.237,0,"10","PJA2"
0,0.357019835836508,0.504,0.242,0,"10","PCSK1N"
0,0.371905224655904,0.459,0.197,0,"10","PACS1"
0,0.367786575778046,0.486,0.224,0,"10","ARPP19"
0,0.80777457089873,0.402,0.14,0,"10","ADCY9"
0,1.0666544534489,0.379,0.118,0,"10","BSN"
0,0.80313192726542,0.404,0.143,0,"10","CCDC171"
0,0.282833700591213,0.461,0.2,0,"10","ATL1"
0,1.14166348812806,0.377,0.117,0,"10","ADD2"
0,0.501231449977372,0.442,0.182,0,"10","BDP1"
0,1.05410220851417,0.376,0.116,0,"10","BAIAP2"
0,0.819764497265862,0.415,0.155,0,"10","CELF5"
0,1.13233332035862,0.359,0.1,0,"10","GPATCH2"
0,1.03256570378864,0.383,0.124,0,"10","SLF1"
0,0.620530137116398,0.424,0.165,0,"10","SMAP1"
0,0.567265396947524,0.42,0.161,0,"10","APLP2"
0,1.78531317810641,0.325,0.066,0,"10","CDYL2"
0,1.53694506888972,0.343,0.084,0,"10","RAB27B"
0,0.503017981448665,0.435,0.177,0,"10","PPHLN1"
0,0.260223941474272,0.459,0.201,0,"10","CDC27"
0,0.256668654845132,0.807,0.55,0,"10","MT-ND1"
0,0.958138043745318,0.388,0.133,0,"10","CACNG8"
0,0.791301104451454,0.421,0.167,0,"10","ANKRD30BL"
0,0.408681064904652,0.422,0.168,0,"10","PTCHD1-AS"
0,1.19141156019742,0.356,0.103,0,"10","RGS4"
0,0.712599901132295,0.414,0.162,0,"10","LONRF2"
0,0.319261791381715,0.464,0.212,0,"10","CPLANE1"
0,1.14574981899816,0.347,0.095,0,"10","COL19A1"
0,0.828446414880423,0.386,0.134,0,"10","ME1"
0,0.78927357427885,0.379,0.127,0,"10","FOXP2"
0,0.867902216681621,0.375,0.123,0,"10","SYTL2"
0,0.591640921424339,0.394,0.142,0,"10","TYRO3"
0,0.497512665046486,0.416,0.164,0,"10","GRK3"
0,0.490536384581873,0.424,0.173,0,"10","GCC2"
0,1.35377637126005,0.349,0.098,0,"10","FAM153C"
0,1.07241148080144,0.368,0.117,0,"10","ME3"
0,0.47849946497135,0.435,0.184,0,"10","ZNF91"
0,0.429699356470132,0.445,0.195,0,"10","ZFYVE28"
0,1.25072133522323,0.333,0.083,0,"10","GNG2"
0,0.362788827621034,0.446,0.196,0,"10","APBA2"
0,1.01448462464968,0.375,0.125,0,"10","TTC39C"
0,0.519125920115607,0.448,0.198,0,"10","YWHAH"
0,0.747179924642457,0.397,0.148,0,"10","BCL11A"
0,0.69392899199193,0.395,0.146,0,"10","CCDC92"
0,0.591361678544925,0.402,0.153,0,"10","NDFIP2"
0,0.982185506608326,0.379,0.13,0,"10","C11orf80"
0,0.285288169702035,0.437,0.189,0,"10","ATP2B4"
0,0.808818842844902,0.374,0.126,0,"10","BCAP29"
0,0.304887310864761,0.47,0.222,0,"10","BRINP1"
0,0.361173360858029,0.927,0.68,0,"10","MT-CO1"
0,0.538192205853047,0.392,0.147,0,"10","VPS41"
0,0.332794247161343,0.458,0.213,0,"10","YWHAB"
0,0.390652334656139,0.427,0.182,0,"10","MKL1"
0,1.20880035518731,0.34,0.096,0,"10","SH3BGRL2"
0,0.276200987620857,0.44,0.196,0,"10","LYST"
0,1.13606688528405,0.353,0.109,0,"10","TMEM178A"
0,0.250016647043883,0.446,0.202,0,"10","SPIRE1"
0,1.27558405407545,0.334,0.091,0,"10","STEAP2"
0,0.96317046407026,0.361,0.118,0,"10","ICA1"
0,0.35723966620066,0.418,0.175,0,"10","MICU3"
0,0.255478542047947,0.477,0.234,0,"10","ANKRD26"
0,2.17182884688138,0.291,0.049,0,"10","COL24A1"
0,0.325702123732806,0.417,0.175,0,"10","CAPS2"
0,0.967885545135506,0.364,0.122,0,"10","SGSM1"
0,0.583310653780078,0.408,0.166,0,"10","HSPH1"
0,0.296147622408223,0.447,0.206,0,"10","FBXL20"
0,0.295935109919838,0.425,0.184,0,"10","ZNF721"
0,0.38391349621286,0.426,0.185,0,"10","DOPEY1"
0,0.845234487237317,0.368,0.127,0,"10","LMO7"
0,0.397522926420069,0.431,0.19,0,"10","MAPK1"
0,0.553957587547758,0.387,0.147,0,"10","RAB3C"
0,0.561784038322412,0.397,0.157,0,"10","GALNT18"
0,0.258765823331022,0.445,0.205,0,"10","KAT6B"
0,0.383607893875785,0.416,0.176,0,"10","PRDM2"
0,0.909341400478905,0.375,0.135,0,"10","KCNH1"
0,0.388608903225312,0.433,0.193,0,"10","CNTN3"
0,1.30858650195926,0.31,0.07,0,"10","CEMIP2"
0,0.60206673145143,0.403,0.164,0,"10","CAP2"
0,0.476484431804287,0.411,0.172,0,"10","LRRFIP1"
0,0.826466118916457,0.364,0.125,0,"10","ISPD"
0,1.35080951612899,0.324,0.086,0,"10","NPTX1"
0,0.480807002979176,0.41,0.172,0,"10","ZFYVE9"
0,1.80256059980642,0.291,0.053,0,"10","ART3"
0,1.0025485332621,0.345,0.107,0,"10","MIR2052HG"
0,0.398100521291601,0.41,0.172,0,"10","PPP3CB"
0,0.743355393303794,0.362,0.124,0,"10","RAB11FIP3"
0,0.542473005473699,0.398,0.161,0,"10","ARMC9"
0,0.567399341390063,0.397,0.16,0,"10","NAPB"
0,0.807569597765973,0.379,0.143,0,"10","RAB6B"
0,0.542362540713649,0.393,0.157,0,"10","HPRT1"
0,3.10399283721964,0.26,0.024,0,"10","LINC02254"
0,1.82288064600081,0.298,0.062,0,"10","AL591501.1"
0,0.298004893857556,0.43,0.194,0,"10","VEZT"
0,0.401364819438712,0.422,0.186,0,"10","CLIP1"
0,0.431994603178408,0.406,0.171,0,"10","NME7"
0,0.812332015153325,0.366,0.131,0,"10","ASXL3"
0,0.956651476051772,0.329,0.095,0,"10","STIM1"
0,0.893447576084659,0.353,0.119,0,"10","PLXNA2"
0,1.71446562673834,0.297,0.063,0,"10","DNAH14"
0,0.835029472172503,0.353,0.119,0,"10","FHOD3"
0,0.304536191335306,0.399,0.166,0,"10","SLC16A1-AS1"
0,0.830339965817549,0.348,0.115,0,"10","PKIG"
0,1.15655302742433,0.337,0.105,0,"10","KLHL29"
0,0.464602610660407,0.405,0.173,0,"10","TTN-AS1"
0,0.998877038330131,0.345,0.113,0,"10","KCNT1"
0,0.556928554637918,0.383,0.152,0,"10","ARHGEF9"
0,0.500540484635169,0.375,0.144,0,"10","UBAC2"
0,0.495549233790772,0.396,0.166,0,"10","FAM126B"
0,0.614547763711143,0.375,0.145,0,"10","DMXL2"
0,0.736160981928884,0.369,0.139,0,"10","AC104827.1"
0,0.28463261800419,0.411,0.181,0,"10","PHF20L1"
0,0.825224816966438,0.338,0.109,0,"10","GNPTAB"
0,0.512325580967238,0.39,0.161,0,"10","PATJ"
0,0.519476016056988,0.387,0.158,0,"10","MTA3"
0,2.26772431071399,0.262,0.033,0,"10","DCHS2"
0,1.33998155045342,0.319,0.09,0,"10","AC027288.3"
0,0.280828227569546,0.419,0.19,0,"10","ARID4A"
0,0.771106771367992,0.34,0.112,0,"10","TBC1D1"
0,1.01371649225669,0.338,0.11,0,"10","ST8SIA5"
0,0.495652425782116,0.397,0.169,0,"10","ELAVL4"
0,0.727004428654388,0.369,0.141,0,"10","MIPOL1"
0,0.310024813243545,0.435,0.207,0,"10","NOL4"
0,1.5859280301358,0.302,0.074,0,"10","PART1"
0,0.7298792174561,0.353,0.125,0,"10","BTBD10"
0,0.353022763937619,0.42,0.192,0,"10","DYNC2H1"
0,0.694274405350585,0.359,0.131,0,"10","FBXO34"
0,1.05847031345032,0.331,0.104,0,"10","KCNAB2"
0,1.78506664685547,0.276,0.049,0,"10","CNTN6"
0,0.428390607788653,0.375,0.148,0,"10","MAST3"
0,0.288830945956247,0.41,0.183,0,"10","ZDHHC21"
0,0.720300970841923,0.363,0.136,0,"10","ELAVL2"
0,0.631930886606437,0.366,0.141,0,"10","CCDC30"
0,0.601551607612882,0.376,0.151,0,"10","NEFL"
0,1.04339879449816,0.319,0.094,0,"10","DIRAS2"
0,0.932782060043958,0.322,0.097,0,"10","OPTN"
0,1.56852326162572,0.299,0.074,0,"10","AC130650.1"
0,0.448457391035267,0.383,0.159,0,"10","GMDS"
0,0.354575430452792,0.389,0.165,0,"10","ZER1"
0,0.569386787794525,0.362,0.138,0,"10","NNT"
0,0.811335440910366,0.348,0.124,0,"10","LMTK2"
0,1.45479164799602,0.288,0.064,0,"10","TRPC5"
0,0.353555458369809,0.37,0.147,0,"10","REPS2"
0,1.82821820243663,0.279,0.057,0,"10","OPRM1"
0,1.86673918225124,0.266,0.044,0,"10","FRMD6"
0,2.16460004582798,0.26,0.038,0,"10","ANKRD30B"
0,0.720007373569248,0.352,0.13,0,"10","SSX2IP"
0,1.6542776628689,0.266,0.045,0,"10","AC005162.3"
0,2.02131332249288,0.262,0.041,0,"10","CDH6"
0,0.77411331137566,0.344,0.123,0,"10","TMEM130"
0,0.270836218505418,0.407,0.186,0,"10","CMIP"
0,0.288444589592377,0.406,0.186,0,"10","SV2A"
0,0.366122081258791,0.38,0.16,0,"10","ACTR2"
0,0.390453700667817,0.386,0.166,0,"10","KIF9-AS1"
0,0.339974616617786,0.389,0.169,0,"10","SUGP2"
0,0.411558366070477,0.387,0.167,0,"10","USP25"
0,0.88110146606332,0.333,0.114,0,"10","TUSC3"
0,0.279360546482068,0.405,0.186,0,"10","HYDIN"
0,1.68391936741194,0.277,0.058,0,"10","MEIS3"
0,0.459380701170861,0.368,0.149,0,"10","ATP6V1A"
0,0.366889044614604,0.383,0.164,0,"10","RTF1"
0,0.631427209058541,0.356,0.137,0,"10","RAD9A"
0,0.383005341979566,0.394,0.176,0,"10","SCAMP5"
0,0.629139929612425,0.304,0.086,0,"10","PRELID2"
0,0.267608345237496,0.407,0.189,0,"10","CYFIP2"
0,0.726651683763541,0.346,0.128,0,"10","SPATS2"
0,0.369224060973697,0.964,0.746,0,"10","NCAM2"
0,0.819064942493105,0.319,0.102,0,"10","HECTD2"
0,0.508412055178116,0.356,0.139,0,"10","ABL2"
0,0.553344860482206,0.355,0.138,0,"10","ADGRL1"
0,0.424679710484592,0.373,0.157,0,"10","SESN3"
0,0.264328021511239,0.411,0.195,0,"10","ABCA5"
0,0.924370405174795,0.327,0.112,0,"10","GABRA4"
0,0.713350520712312,0.335,0.12,0,"10","CCDC6"
0,0.453464057016833,0.383,0.168,0,"10","KCND3"
0,1.35141404180177,0.283,0.068,0,"10","ANKMY2"
0,0.256422375792478,0.387,0.173,0,"10","TBRG1"
0,0.726690202835193,0.325,0.111,0,"10","BICC1"
0,0.447003966144809,0.372,0.158,0,"10","LARP1B"
0,0.529144370781002,0.366,0.152,0,"10","SYN1"
0,0.970823558814979,0.312,0.098,0,"10","CAMKK1"
0,0.48633992203573,0.321,0.108,0,"10","AC016716.2"
0,0.371230591591843,0.362,0.149,0,"10","PIK3CB"
0,0.682111033948655,0.329,0.117,0,"10","TRAK2"
0,0.655926325203784,0.338,0.126,0,"10","PPP1R13B"
0,0.761171537897707,0.329,0.117,0,"10","MAST1"
0,0.958977625482707,0.307,0.095,0,"10","EPHA7"
0,1.31535241838844,0.294,0.082,0,"10","AC091885.2"
0,0.50081399866466,0.345,0.133,0,"10","MAPK14"
0,1.14145874175978,0.295,0.084,0,"10","PPP4R4"
0,0.705226392702213,0.343,0.133,0,"10","ABLIM2"
0,0.351920815473668,0.387,0.177,0,"10","GABRA2"
0,0.698877432053442,0.334,0.124,0,"10","TASP1"
0,0.678297872520321,0.308,0.098,0,"10","ID2"
0,0.447228195722672,0.375,0.165,0,"10","TSPYL1"
0,0.808839976476488,0.304,0.095,0,"10","CDC40"
0,0.459630665264444,0.356,0.148,0,"10","PEA15"
0,1.02143644048299,0.307,0.099,0,"10","RGS7BP"
0,0.423731452526084,0.357,0.149,0,"10","RNF145"
0,0.485064902025849,0.337,0.13,0,"10","PKIA"
0,0.342907274124609,0.362,0.155,0,"10","TNPO1"
0,0.905724870650302,0.311,0.105,0,"10","DIRC3"
0,0.341516567570182,0.356,0.15,0,"10","RANBP2"
0,0.272218741398209,0.364,0.158,0,"10","YAF2"
0,1.15273177130307,0.292,0.086,0,"10","AC006504.5"
0,0.389677929819765,0.978,0.772,0,"10","LSAMP"
0,1.26159834253347,0.286,0.08,0,"10","GPR22"
0,0.743212937029669,0.325,0.12,0,"10","PRKAA2"
0,0.863478100027927,0.31,0.105,0,"10","PHTF1"
0,0.646283548806439,0.34,0.135,0,"10","CACNB4"
0,0.87481693628711,0.31,0.105,0,"10","CDK5R1"
0,0.331479767654736,0.361,0.156,0,"10","HTT"
0,0.609953778581955,0.298,0.093,0,"10","GRIK4"
0,0.824836323789263,0.314,0.11,0,"10","KIF5A"
0,1.25566624653474,0.291,0.087,0,"10","SYT7"
0,0.701788326602428,0.304,0.1,0,"10","FAM213A"
0,0.579624630548331,0.345,0.141,0,"10","CLSTN3"
0,0.68652103146986,0.307,0.104,0,"10","RANBP17"
0,0.931618740331705,0.307,0.105,0,"10","HMGCLL1"
0,0.33108828521614,0.377,0.175,0,"10","NDRG4"
0,0.830953848812493,0.311,0.109,0,"10","RAPGEFL1"
0,0.755598685857974,0.32,0.118,0,"10","RUNDC3A"
0,0.680755254297536,0.327,0.125,0,"10","CA11"
0,0.441302708304724,0.353,0.151,0,"10","ATP6V1B2"
0,0.501531640336771,0.351,0.149,0,"10","SNRPN"
0,0.594735946166606,0.981,0.779,0,"10","ADGRB3"
0,0.431086929177637,0.346,0.145,0,"10","MDH1"
0,1.21408990449214,0.283,0.082,0,"10","JAKMIP1"
0,0.748046923197379,0.308,0.108,0,"10","GUCY1B1"
0,0.50466324692185,0.331,0.131,0,"10","FAM169A"
0,0.943843949232603,0.303,0.103,0,"10","STX1A"
0,0.663890053333052,0.306,0.106,0,"10","TPK1"
0,0.270584916587837,0.38,0.18,0,"10","ZNF483"
0,1.22531625815807,0.278,0.078,0,"10","SVOP"
0,0.588271526568025,0.318,0.118,0,"10","SYNJ1"
0,1.09989760973323,0.289,0.089,0,"10","GDA"
0,0.460845746261379,0.339,0.14,0,"10","LRRC28"
0,0.261182474664016,0.363,0.164,0,"10","TOMM20"
0,0.908758106420669,0.3,0.101,0,"10","LHFPL4"
0,0.905394475912039,0.299,0.1,0,"10","ST8SIA3"
0,1.05498650632634,0.287,0.088,0,"10","SLC8A2"
0,0.305370915413784,0.342,0.144,0,"10","PHTF2"
0,0.751049427522753,0.312,0.114,0,"10","SNX32"
0,0.270175835864806,0.358,0.16,0,"10","ST8SIA1"
0,0.488643343007504,0.34,0.143,0,"10","SNCB"
0,0.499220595646029,0.328,0.131,0,"10","ZC2HC1A"
0,0.394868772418743,0.333,0.137,0,"10","ZRANB3"
0,0.596279657357159,0.317,0.121,0,"10","NELFA"
0,0.314277934547346,0.304,0.108,0,"10","AKAP13"
0,0.382424981713754,0.337,0.142,0,"10","RPS6KA3"
0,0.486707957435597,0.313,0.118,0,"10","RYK"
0,0.687425868329049,0.314,0.119,0,"10","PDE2A"
0,1.39861782037738,0.27,0.075,0,"10","DLGAP1-AS4"
0,0.377752720127417,0.334,0.139,0,"10","RNF24"
0,0.867658652701516,0.301,0.106,0,"10","CACNG2"
0,1.00943303191299,0.292,0.097,0,"10","STAT4"
0,0.962561248497348,0.296,0.102,0,"10","MIR124-2HG"
0,0.883344948380083,0.287,0.093,0,"10","SLC38A6"
0,1.05824323494088,0.276,0.083,0,"10","RFTN1"
0,1.17090730331005,0.269,0.076,0,"10","GABRA3"
0,1.06014001904918,0.279,0.087,0,"10","SIDT1"
0,0.552101680020575,0.335,0.143,0,"10","KCNQ2"
0,0.666473485236981,0.312,0.12,0,"10","UPP2"
0,0.390729043124085,0.35,0.158,0,"10","NCDN"
0,1.01724831324129,0.282,0.09,0,"10","CNNM1"
0,0.338061827281721,0.339,0.148,0,"10","ATXN7L1"
0,0.959207541467706,0.279,0.088,0,"10","AC090579.1"
0,0.917834952424222,0.278,0.087,0,"10","U91319.1"
0,0.535855638907441,0.333,0.142,0,"10","KCNJ6"
0,0.396919501818795,0.316,0.125,0,"10","GPALPP1"
0,1.03103514448929,0.278,0.088,0,"10","PSD"
0,0.579696499112163,0.31,0.12,0,"10","GALNT11"
0,0.430037930083802,0.316,0.127,0,"10","YEATS2"
0,1.05107032983639,0.274,0.085,0,"10","CTNNAL1"
0,0.60830856867038,0.29,0.101,0,"10","LRRK2"
0,0.850741127744302,0.274,0.086,0,"10","CYTH3"
0,0.600733183535936,0.297,0.109,0,"10","DYNC2LI1"
0,0.463984508151314,0.301,0.113,0,"10","AP3S1"
0,0.762491296740071,0.272,0.084,0,"10","TM7SF3"
0,0.38293095616897,0.318,0.131,0,"10","NPAS2"
0,0.452954959957869,0.308,0.121,0,"10","TBC1D19"
0,0.40981296971975,0.325,0.139,0,"10","TAGLN3"
0,1.39381969579238,0.253,0.067,0,"10","ANKRD33B"
0,0.503068317157794,0.318,0.132,0,"10","PNMA2"
0,0.382113873967465,0.325,0.139,0,"10","MPHOSPH9"
0,0.925768521196104,0.274,0.089,0,"10","IQSEC2"
0,0.748653914693624,0.295,0.11,0,"10","PLPPR4"
0,1.17154129504138,0.261,0.076,0,"10","LRTM1"
0,1.24721197753505,0.254,0.069,0,"10","RPS6KA6"
0,0.545944524207907,0.312,0.127,0,"10","ATCAY"
0,0.769021414371608,0.29,0.105,0,"10","FXYD7"
0,0.357916346595625,0.336,0.152,0,"10","NISCH"
0,0.586781580169781,0.298,0.114,0,"10","MLLT11"
0,0.254312314016332,0.318,0.134,0,"10","ATR"
0,1.30576766476944,0.255,0.071,0,"10","KCNH3"
0,0.818211655029004,0.989,0.805,0,"10","PTPRD"
0,0.34811334577496,0.318,0.135,0,"10","KDM5B"
0,0.581145771895697,0.31,0.127,0,"10","MPP6"
0,1.28565234705254,0.253,0.07,0,"10","AC069437.1"
0,0.840938588809537,0.284,0.101,0,"10","RIMBP2"
0,0.694474263405646,0.281,0.099,0,"10","KIF3C"
0,0.336245936130102,0.315,0.133,0,"10","NSD2"
0,0.35212279980141,0.311,0.129,0,"10","TCAF1"
0,0.886202346124017,0.264,0.082,0,"10","SMS"
0,0.513584789921174,0.293,0.111,0,"10","NPTXR"
0,0.259670807712198,0.336,0.156,0,"10","RAB28"
0,0.856840336175322,0.271,0.091,0,"10","DMTN"
0,0.918452946478239,0.266,0.086,0,"10","ZNF519"
0,0.5573921753588,0.296,0.116,0,"10","LUZP1"
0,0.731455477990475,0.289,0.109,0,"10","SUSD4"
0,0.630255359523589,0.291,0.111,0,"10","NQO2"
0,0.446385325630226,0.302,0.122,0,"10","AKAP8L"
0,1.01195727181995,0.273,0.094,0,"10","AC024901.1"
0,0.352270460702752,0.32,0.141,0,"10","SLC16A7"
0,0.330970399695673,0.307,0.128,0,"10","PPIP5K2"
0,0.466928285392836,0.305,0.126,0,"10","NMT2"
0,0.563423597724468,0.305,0.126,0,"10","CHGA"
0,0.943135699148714,0.27,0.092,0,"10","BICDL1"
0,0.655004293777064,0.278,0.1,0,"10","FBXO33"
0,0.260361616625302,0.288,0.11,0,"10","CAST"
0,0.504767206663464,0.277,0.1,0,"10","CCND3"
0,0.80730155691101,0.273,0.096,0,"10","HLF"
0,1.11236591430861,0.257,0.08,0,"10","TNFRSF25"
0,0.277705099422489,0.302,0.125,0,"10","MTF2"
0,1.13683369529587,0.258,0.081,0,"10","FAM153A"
0,0.295605491971053,0.312,0.135,0,"10","RHBDD2"
0,0.858497054337689,0.262,0.085,0,"10","PDK3"
0,0.434921674361768,0.31,0.133,0,"10","SORCS3"
0,0.494098088877944,0.295,0.119,0,"10","ULK4"
0,0.253132420310228,0.304,0.128,0,"10","IPCEF1"
0,0.549023716349016,0.301,0.125,0,"10","KIFC2"
0,0.578012502964607,0.297,0.121,0,"10","SULT4A1"
0,0.645216347828007,0.277,0.102,0,"10","GLMN"
0,0.845391597848448,0.271,0.096,0,"10","EPB41L4B"
0,0.255191534876935,0.305,0.13,0,"10","ZBTB8OS"
0,0.493974524482257,0.288,0.113,0,"10","LMBRD2"
0,0.488611384516755,0.296,0.121,0,"10","CBWD5"
0,0.943462043017049,0.258,0.083,0,"10","MAP6"
0,0.295186769453606,0.957,0.782,0,"10","MT-CO3"
0,0.276093010112893,0.309,0.135,0,"10","AP2A2"
0,0.421341445312348,0.3,0.126,0,"10","TRIM37"
0,0.717087639956295,0.275,0.102,0,"10","NEK10"
0,0.907258914878152,0.261,0.088,0,"10","TSPAN13"
0,0.499752461552312,0.288,0.115,0,"10","MIR29B2CHG"
0,0.606753863872327,0.292,0.119,0,"10","PGM2L1"
0,0.552731521882107,0.29,0.117,0,"10","STMN3"
0,0.342215877565059,0.3,0.127,0,"10","CRLF1"
0,0.701049835092902,0.274,0.102,0,"10","PTPRN"
0,0.709310692664663,0.268,0.096,0,"10","AC097478.1"
0,1.04449360802094,0.25,0.078,0,"10","LINC02223"
0,0.593775295040996,0.282,0.11,0,"10","KNDC1"
0,0.470208562963975,0.269,0.098,0,"10","ELOVL6"
0,0.757233419489044,0.26,0.089,0,"10","PITPNM2"
0,0.557373623461986,0.263,0.092,0,"10","MIA2"
0,0.252531211353134,0.308,0.137,0,"10","ITGA9"
0,0.293489994398293,0.305,0.134,0,"10","FAM66D"
0,0.290009648909187,0.3,0.129,0,"10","GGT7"
0,0.571069240048238,0.273,0.103,0,"10","ARMC2"
0,0.533788568540066,0.281,0.111,0,"10","HK1"
0,0.577335921916344,0.27,0.1,0,"10","RALGPS2"
0,0.430078111357903,0.311,0.141,0,"10","FAM189A1"
0,0.426373234491592,0.262,0.092,0,"10","STK4"
0,0.874860986274891,0.253,0.083,0,"10","PLPPR5"
0,0.36193190161959,0.309,0.139,0,"10","PKNOX2"
0,0.581384504269318,0.28,0.111,0,"10","NCEH1"
0,0.815410347546567,0.255,0.086,0,"10","RNF175"
0,0.687855079155166,0.267,0.098,0,"10","RAB40C"
0,0.333556060612719,0.294,0.125,0,"10","RIC3"
0,0.512784325530029,0.271,0.103,0,"10","PHLPP2"
0,0.52140917011772,0.263,0.095,0,"10","GMCL1"
0,0.437428294030747,0.268,0.1,0,"10","DNAH7"
0,0.294762099835099,0.286,0.118,0,"10","TMEM181"
0,0.448310837527934,0.292,0.124,0,"10","GOLGA8B"
0,0.372795689728198,0.324,0.157,0,"10","STXBP5-AS1"
0,0.746419530167025,0.259,0.092,0,"10","SNX10"
0,0.810069213831236,0.254,0.087,0,"10","CAMKK2"
0,0.361745095325919,0.292,0.125,0,"10","PDXK"
0,0.564145093509824,0.266,0.1,0,"10","PRKCI"
0,0.514790595568845,0.305,0.139,0,"10","LIN7A"
0,0.460032998531831,0.295,0.129,0,"10","AP001347.1"
0,0.737794469332308,0.255,0.09,0,"10","PPIP5K1"
0,0.539437331252031,0.273,0.109,0,"10","AP3B2"
0,0.324275912132736,0.257,0.093,0,"10","GLCE"
0,0.795829763469845,0.251,0.088,0,"10","CORO6"
0,0.345598798592729,0.285,0.122,0,"10","FASTKD1"
0,0.331406511916397,0.284,0.121,0,"10","SLC9A6"
0,0.408383717077028,0.273,0.111,0,"10","FSD1L"
0,0.320835957596233,0.283,0.121,0,"10","RNF180"
0,0.62737903071581,0.267,0.106,0,"10","REEP1"
0,0.505068004488905,0.277,0.116,0,"10","ELMOD1"
0,0.515293397663328,0.256,0.095,0,"10","ALS2"
0,0.573144247882543,0.256,0.095,0,"10","PGP"
0,0.466312225825313,0.265,0.105,0,"10","SIMC1"
0,0.465453184579445,0.265,0.106,0,"10","LINC01725"
0,0.356837080769944,0.264,0.105,0,"10","TET3"
0,0.445359003144825,0.27,0.111,0,"10","GPC1"
0,0.265180923800124,0.264,0.105,0,"10","PCDH10"
0,0.426732156613516,0.269,0.11,0,"10","NIM1K"
0,0.624516818969031,0.268,0.109,0,"10","SLITRK4"
0,0.334006378018264,0.276,0.117,0,"10","CLVS1"
0,0.424972990405167,0.259,0.1,0,"10","MYSM1"
0,0.609150533893858,0.253,0.094,0,"10","BEND6"
0,0.499723651668585,0.268,0.11,0,"10","NEXMIF"
0,0.345961513320425,0.266,0.108,0,"10","CISD1"
0,0.368594281716424,0.277,0.119,0,"10","EML5"
0,0.564062997791776,0.257,0.099,0,"10","DZIP1"
0,0.276646471358899,0.277,0.12,0,"10","CDR2"
0,0.378711049830521,0.274,0.117,0,"10","NLRP1"
0,0.388755774082183,0.269,0.112,0,"10","LRRC37B"
0,0.405883679363635,0.261,0.104,0,"10","GDPD1"
0,0.664953446925473,0.252,0.095,0,"10","SEPT3"
0,0.340893572416397,0.276,0.12,0,"10","TRERF1"
0,0.365062126885749,0.275,0.119,0,"10","CEND1"
0,0.580665575033992,0.258,0.102,0,"10","GNB5"
0,0.315529888336203,0.274,0.118,0,"10","CDIP1"
0,0.437485753033308,0.26,0.106,0,"10","CNST"
0,0.420472180589693,0.254,0.1,0,"10","GOLM1"
0,0.335000186967074,0.287,0.133,0,"10","CADM3"
0,0.349323352287445,0.256,0.103,0,"10","CCDC138"
0,0.544263249303845,0.256,0.104,0,"10","SLC6A17"
0,0.55357545271946,0.265,0.113,0,"10","CAMKV"
0,0.260029803475685,0.261,0.109,0,"10","ZNF827"
0,0.271620132149213,0.258,0.106,0,"10","AF117829.1"
0,0.485283104403816,0.254,0.103,0,"10","EPB41"
0,0.390248528793595,0.253,0.102,0,"10","UHRF1BP1L"
0,0.402747558517074,0.258,0.107,0,"10","GOLGA8A"
0,0.317511061159561,0.255,0.104,0,"10","NDRG3"
0,0.420774261267538,0.266,0.116,0,"10","CPLX2"
0,0.477440385974005,0.264,0.115,0,"10","AC022639.1"
0,0.358971804431055,0.256,0.107,0,"10","SPATA7"
0,0.282284473281202,0.267,0.119,0,"10","RNF11"
0,0.327127914776846,0.256,0.108,0,"10","HIVEP1"
0,0.300142864724995,0.25,0.103,0,"10","ATP6V1C1"
0,0.255382206159171,0.265,0.119,0,"10","TMEM241"
0,0.33405038118302,0.255,0.111,0,"10","RAB3A"
0,0.346084182118746,0.251,0.108,0,"10","FAM85B"
0,0.339143521334823,0.268,0.125,0,"10","SLC12A5"
0,0.375726139844134,0.252,0.11,0,"10","WDR19"
0,0.271265770406287,0.285,0.143,0,"10","ANO5"
0,0.333359393577103,0.988,0.888,0,"10","CADM2"
0,0.465146759466305,0.99,0.895,0,"10","DLG2"
0,4.86113041840799,0.792,0.094,0,"11","LRMDA"
0,4.77259591288777,0.753,0.088,0,"11","ARHGAP24"
0,6.93692874088342,0.632,0.021,0,"11","CD74"
0,7.23179705747463,0.582,0.013,0,"11","DOCK8"
0,4.98437098245426,0.624,0.075,0,"11","ST6GAL1"
0,7.55494688709949,0.548,0.01,0,"11","APBB1IP"
0,3.61314397227332,0.96,0.426,0,"11","PLXDC2"
0,2.3040686453786,0.799,0.272,0,"11","SLC1A3"
0,7.05327900903693,0.529,0.014,0,"11","FYB1"
0,5.51194592884775,0.544,0.04,0,"11","ARHGAP15"
0,3.40838945051999,0.627,0.134,0,"11","CHST11"
0,4.17984765909443,0.584,0.104,0,"11","SRGAP2"
0,6.74171447218103,0.457,0.01,0,"11","TBXAS1"
0,4.99791218268877,0.484,0.049,0,"11","RUNX1"
0,7.13946989967027,0.439,0.01,0,"11","C1QB"
0,7.40084289967122,0.427,0.007,0,"11","PTPRC"
0,7.28421097053736,0.428,0.009,0,"11","ADAM28"
0,2.81154875015204,0.635,0.224,0,"11","ITPR2"
0,3.61874827064671,0.532,0.122,0,"11","SFMBT2"
0,3.60573177831136,0.499,0.099,0,"11","MAML3"
0,2.33531700526485,0.62,0.228,0,"11","MAML2"
0,7.59751978219368,0.399,0.007,0,"11","AC074327.1"
0,2.76022115320118,0.721,0.331,0,"11","MEF2A"
0,3.7745782741205,0.477,0.09,0,"11","BMP2K"
0,5.85034770052188,0.404,0.02,0,"11","LPAR6"
0,2.92361628126426,0.595,0.211,0,"11","FOXN3"
0,2.67889059206629,0.549,0.171,0,"11","APOE"
0,6.74647038973214,0.373,0.009,0,"11","SLCO2B1"
0,6.5191283098047,0.37,0.01,0,"11","C3"
0,5.25354042144755,0.389,0.035,0,"11","ATP8B4"
0,2.38250857941067,0.576,0.227,0,"11","SLC9A9"
0,6.6298540963642,0.355,0.011,0,"11","RBM47"
0,6.02489643103255,0.346,0.013,0,"11","INPP5D"
0,4.47770138993835,0.389,0.057,0,"11","SRGAP2B"
0,4.90108156717432,0.355,0.024,0,"11","LPCAT2"
0,1.35407004187423,0.847,0.517,0,"11","NEAT1"
0,7.03992871246595,0.335,0.007,0,"11","C1QA"
0,2.25742876828784,0.85,0.524,0,"11","DOCK4"
0,2.66220630021085,0.514,0.191,0,"11","HS3ST4"
0,2.49213718428202,0.506,0.187,0,"11","ANKRD44"
0,7.38778086239939,0.324,0.005,0,"11","SYK"
0,7.11498379290912,0.323,0.006,0,"11","CSF1R"
0,6.48386940065914,0.328,0.013,0,"11","LY86"
0,6.68504561109217,0.323,0.008,0,"11","RHBDF2"
0,1.6431094179691,0.796,0.487,0,"11","MEF2C"
0,2.43452543203119,0.604,0.295,0,"11","SPP1"
0,3.24069582481733,0.452,0.144,0,"11","SAT1"
0,4.30571906358948,0.342,0.038,0,"11","AOAH"
0,6.40378547036186,0.313,0.009,0,"11","HLA-DRA"
0,3.02252371548978,0.412,0.109,0,"11","FGD4"
0,3.63196035779308,0.351,0.049,0,"11","DISC1"
0,3.59046859887843,0.406,0.106,0,"11","SH3RF3"
0,4.81972884134645,0.331,0.031,0,"11","TGFBR1"
0,2.10831521303394,0.696,0.399,0,"11","SSH2"
0,2.33512853869401,0.585,0.298,0,"11","EPB41L2"
0,6.87850848447761,0.289,0.007,0,"11","SAMSN1"
0,1.63976929161274,0.792,0.515,0,"11","FRMD4A"
0,2.36429959076904,0.551,0.274,0,"11","LDLRAD4"
0,2.0921333481364,0.477,0.2,0,"11","B2M"
0,2.30840639405135,0.479,0.203,0,"11","FKBP5"
0,5.51945074806042,0.289,0.013,0,"11","MSR1"
0,4.97824634935862,0.293,0.02,0,"11","BNC2"
0,2.99045818907081,0.399,0.129,0,"11","ETV6"
0,2.57896196433911,0.472,0.204,0,"11","DIAPH2"
0,3.26557240925846,0.343,0.075,0,"11","BACH1"
0,5.59628641212883,0.282,0.014,0,"11","MYO1F"
0,3.1876549137715,0.371,0.107,0,"11","AKAP13"
0,3.35688282546058,0.314,0.051,0,"11","DOCK2"
0,6.1001961830857,0.268,0.007,0,"11","SP100"
0,3.98409471252465,0.31,0.049,0,"11","LHFPL2"
0,3.63766757887799,0.327,0.067,0,"11","SRGAP2C"
0,6.2416997350829,0.269,0.009,0,"11","P2RY12"
0,2.04873402434002,0.61,0.351,0,"11","ARHGAP26"
0,2.54828533774629,0.493,0.236,0,"11","SORL1"
0,2.14990490617042,0.556,0.3,0,"11","FAM49B"
0,3.06264830626947,0.398,0.142,0,"11","AC120193.1"
0,5.40076932065967,0.27,0.015,0,"11","LYN"
0,7.05173325056508,0.259,0.006,0,"11","CD14"
0,3.36296709666132,0.379,0.126,0,"11","IPCEF1"
0,7.79339458360598,0.254,0.003,0,"11","C1QC"
0,2.87652328813664,0.351,0.102,0,"11","ARHGAP22"
0,5.18234729730638,0.261,0.013,0,"11","A2M"
0,3.42238980364756,0.338,0.092,0,"11","SKAP2"
0,6.42994996586309,0.251,0.007,0,"11","LAPTM5"
0,3.70079027170749,0.31,0.067,0,"11","LINC02232"
0,3.28459077172757,0.293,0.053,0,"11","ZFP36L1"
0,2.56436321068718,0.422,0.191,0,"11","ABR"
0,2.59164163507843,0.345,0.115,0,"11","SRGAP1"
0,3.54669672800322,0.293,0.065,0,"11","AC244021.1"
0,2.40305528504209,0.366,0.139,0,"11","ZFHX3"
0,3.59127297077877,0.26,0.034,0,"11","IFI16"
0,2.91612337263621,0.348,0.125,0,"11","MTHFD1L"
0,2.10197421030285,0.505,0.29,0,"11","HDAC9"
0,3.03331216283375,0.309,0.094,0,"11","MGAT4A"
0,3.47737546173732,0.289,0.074,0,"11","CYFIP1"
0,1.30608073471611,0.627,0.416,0,"11","SLC8A1"
0,1.68482402990629,0.5,0.29,0,"11","FCHSD2"
0,2.56698173349998,0.384,0.176,0,"11","SYNDIG1"
0,1.86797160436335,0.654,0.45,0,"11","TMSB4X"
0,2.87342101535413,0.305,0.102,0,"11","PAG1"
0,1.07171323064194,0.656,0.457,0,"11","ELMO1"
0,2.35484794861099,0.347,0.155,0,"11","PTPRE"
0,1.83217019670485,0.391,0.2,0,"11","PTPRJ"
0,1.62382565557495,0.44,0.251,0,"11","LPP"
0,1.66366610208001,0.588,0.401,0,"11","MBNL1"
0,2.89880928786542,0.28,0.098,0,"11","CTSB"
0,2.2387585088603,0.353,0.171,0,"11","RB1"
0,1.58883215497718,0.419,0.242,0,"11","GAB2"
0,1.85290191922609,0.32,0.146,0,"11","AP003086.2"
0,2.00573469314488,0.297,0.123,0,"11","SPTLC2"
0,1.92102215631011,0.481,0.312,0,"11","KCNQ3"
0,1.6997117659251,0.326,0.163,0,"11","RAD51B"
0,1.88840977082946,0.325,0.163,0,"11","NAIP"
0,2.21072423356418,0.302,0.142,0,"11","TBC1D22A"
0,2.37163441783615,0.25,0.092,0,"11","RASSF8"
0,2.78204378990824,0.259,0.102,0,"11","LRCH1"
0,1.35109883557541,0.498,0.346,0,"11","PICALM"
0,2.06486819109032,0.322,0.171,0,"11","TAB2"
0,1.92601806085311,0.326,0.176,0,"11","SH3KBP1"
0,1.65150439584984,0.383,0.235,0,"11","ST6GALNAC3"
0,1.85417979332095,0.413,0.265,0,"11","JAZF1"
0,1.659787488073,0.322,0.184,0,"11","ATM"
0,2.19535354903329,0.271,0.135,0,"11","ANKS1A"
0,1.97948016646712,0.304,0.175,0,"11","USP15"
0,1.71986727678094,0.32,0.191,0,"11","RPS19"
0,0.801560353932392,0.623,0.497,0,"11","TCF12"
0,1.63283144866791,0.302,0.179,0,"11","RAP1A"
0,0.446571323150446,0.507,0.384,0,"11","DOCK10"
0,1.39573991333444,0.251,0.129,0,"11","PREX1"
0,1.58311584594057,0.292,0.17,0,"11","SNX29"
0,0.537091511068209,0.412,0.295,0,"11","FRMD4B"
0,1.39316170444867,0.407,0.293,0,"11","SDCCAG8"
0,2.00421752757077,0.268,0.155,0,"11","RNF149"
0,1.24399009805974,0.594,0.484,0,"11","GNAQ"
0,1.33712253774948,0.515,0.405,0,"11","MED13L"
0,1.7117908832365,0.256,0.147,0,"11","SPRED1"
0,1.66496695275219,0.3,0.198,0,"11","NUMB"
0,1.61066863493456,0.359,0.257,0,"11","FMN1"
0,1.87794069736408,0.255,0.156,0,"11","SH3BGRL"
0,0.46840018581817,0.636,0.539,0,"11","CELF2"
0,1.68571507939601,0.286,0.191,0,"11","CMIP"
0,1.68976182283234,0.31,0.221,0,"11","CSGALNACT1"
0,1.42301595391751,0.313,0.228,0,"11","MAP3K5"
0,1.51454079169893,0.255,0.17,0,"11","SDK1"
0,1.47466425680099,0.251,0.169,0,"11","COMMD10"
0,1.36160139818759,0.645,0.564,0,"11","FTL"
0,1.47025755507304,0.333,0.252,0,"11","ATG7"
0,0.973763662614853,0.38,0.299,0,"11","DLEU2"
0,1.18000650557046,0.46,0.381,0,"11","ZFAND3"
0,1.49992085461869,0.274,0.197,0,"11","PABPC1"
0,1.26974563408952,0.251,0.174,0,"11","ENTPD1-AS1"
0,0.768975457491244,0.613,0.544,0,"11","ZEB2"
0,1.10575716431315,0.26,0.194,0,"11","BCL2"
0,0.753339498383962,0.384,0.319,0,"11","USP39"
0,1.11443981876561,0.365,0.301,0,"11","STAG1"
0,1.2563065223087,0.342,0.279,0,"11","PIAS1"
0,0.390915813690758,0.331,0.269,0,"11","CST3"
0,1.11662918456139,0.359,0.298,0,"11","RPL13"
0,1.1142103190328,0.285,0.224,0,"11","MGAT5"
0,1.16251605985546,0.277,0.22,0,"11","CEP170"
0,1.26489154594031,0.321,0.264,0,"11","ARL15"
0,1.12542114436179,0.258,0.201,0,"11","RPL13A"
0,1.06378287945433,0.282,0.227,0,"11","RPL41"
0,1.68188695792803,0.275,0.221,0,"11","MCF2L2"
0,1.1196505971134,0.256,0.202,0,"11","RPLP2"
0,1.22106559196969,0.294,0.241,0,"11","PKN2"
0,1.12500160319007,0.252,0.199,0,"11","RPLP1"
0,0.858670458969044,0.58,0.529,0,"11","UBE2E2"
0,1.07740559747128,0.277,0.229,0,"11","ELL2"
0,1.04524280464197,0.372,0.324,0,"11","ITM2B"
0,1.01623093834072,0.338,0.291,0,"11","TAOK3"
0,0.993653228591848,0.36,0.314,0,"11","NIPBL"
0,0.912718247765294,0.488,0.445,0,"11","OXR1"
0,0.961187622399472,0.371,0.329,0,"11","DDX5"
0,0.97199238796492,0.287,0.246,0,"11","UVRAG"
0,0.992412988595047,0.255,0.215,0,"11","RPS27A"
0,0.873316995516314,0.266,0.227,0,"11","EPS15"
0,0.742425093082106,0.543,0.506,0,"11","FHIT"
0,0.928010783717653,0.496,0.461,0,"11","CHD9"
0,1.02308559428255,0.269,0.236,0,"11","CUX1"
0,1.07421681241402,0.265,0.234,0,"11","ACAP2"
0,0.980943748899167,0.265,0.235,0,"11","PAN3"
0,0.595783265626041,0.468,0.439,0,"11","ZSWIM6"
0,1.06831862818386,0.263,0.234,0,"11","RPS8"
0,1.19085259170724,0.259,0.232,0,"11","HIVEP3"
0,0.853519498629601,0.384,0.359,0,"11","TMSB10"
0,0.850616340659823,0.476,0.453,0,"11","TBC1D5"
0,0.977146599562577,0.286,0.264,0,"11","VTI1A"
0,0.642152977272112,0.516,0.495,0,"11","DPYD"
0,0.961710699058967,0.341,0.321,0,"11","SPIDR"
0,0.815846399826161,0.432,0.417,0,"11","FOXP1"
2.22044604925031e-16,0.945648317275394,0.274,0.251,5.79580827775317e-12,"11","CAMK2D"
1.99840144432528e-15,0.999212848958703,0.313,0.3,5.21622744997785e-11,"11","GOLGA4"
3.33066907387547e-15,0.843759843817186,0.364,0.366,8.69371241662975e-11,"11","IMMP2L"
8.21317658543167e-14,0.263655906476707,0.195,0.276,2.14380335232938e-09,"11","MLLT10"
1.66089364483923e-13,0.807323058014329,0.343,0.344,4.33526459175937e-09,"11","SBF2"
4.03455047148782e-13,1.09088306434062,0.255,0.238,1.05309836406775e-08,"11","EVL"
4.23695606260936e-13,0.25392099486472,0.202,0.281,1.1059302714623e-08,"11","TMCC1"
4.37634595676761e-13,0.274136576356163,0.191,0.268,1.14231382163548e-08,"11","TBCK"
4.73177053095242e-13,0.95130711574292,0.274,0.258,1.2350867439892e-08,"11","DENND1A"
4.24793533682077e-12,0.562671805658411,0.44,0.471,1.10879608161696e-07,"11","EIF4G3"
1.28915447317856e-11,0.270846675680822,0.184,0.255,3.36495100589069e-07,"11","SOS1"
7.58839657777344e-11,0.866558079785154,0.295,0.291,1.98072327473042e-06,"11","FBXO11"
4.76859954761066e-09,0.313932167535162,0.192,0.259,0.000124469985391733,"11","RBM25"
5.50655121500654e-09,0.658780263069282,0.312,0.306,0.000143731999814101,"11","RPL10"
8.29398560998878e-09,0.283375621287967,0.255,0.341,0.000216489612391927,"11","NSF"
8.46906818966965e-09,0.280053205684852,0.251,0.332,0.000221059617886757,"11","CACNA1A"
1.21871412961383e-08,0.712374157003893,0.332,0.34,0.000318108762111802,"11","WDFY3"
4.05390137014905e-08,0.632347258565053,0.29,0.278,0.0010581493356363,"11","BIN1"
7.77772009783816e-08,0.261087466005415,0.205,0.268,0.00203014049993772,"11","MARK3"
8.592997624568e-08,0.479479471264129,0.454,0.49,0.00224294423996474,"11","ACTB"
8.74418875085325e-08,0.784679289982106,0.28,0.278,0.00228240814774772,"11","CDKAL1"
1.15263019927717e-07,0.397611724309361,0.213,0.282,0.00300859534615326,"11","PPP1R12A"
2.92618962552276e-07,0.266051666709333,0.208,0.27,0.00763794016053951,"11","DYM"
1.17758194440043e-06,0.713451725880829,0.314,0.326,0.03073724391274,"11","RAB11A"
1.39752859040776e-06,0.647654880212231,0.3,0.302,0.0364782912668233,"11","NSMCE2"
1.55069169349397e-06,0.312125202886013,0.197,0.253,0.0404761545835797,"11","TUT4"
0,3.62745561483436,0.946,0.179,0,"12","HS3ST4"
0,3.22406034575296,0.947,0.22,0,"12","KIAA1217"
0,2.54103330493366,0.799,0.195,0,"12","PDZRN4"
0,3.88536234909959,0.635,0.043,0,"12","SEMA3E"
0,2.69826418131663,0.862,0.274,0,"12","ASIC2"
0,2.16857943215305,0.859,0.272,0,"12","MCTP1"
0,2.93640999595166,0.956,0.391,0,"12","ROBO2"
0,1.911287577668,0.931,0.367,0,"12","FRMPD4"
0,1.9449680633572,0.979,0.419,0,"12","RALYL"
0,1.81109374539651,0.884,0.331,0,"12","CDH18"
0,1.80128586407042,0.914,0.362,0,"12","CADPS"
0,1.90616114440307,0.951,0.407,0,"12","SLC8A1"
0,1.8409157962585,0.886,0.343,0,"12","CACNA2D3"
0,2.24341872322173,0.972,0.435,0,"12","MDGA2"
0,2.45978096201411,0.68,0.144,0,"12","PCDH11X"
0,1.97821498629888,0.804,0.271,0,"12","SORBS2"
0,1.32956650542874,0.71,0.178,0,"12","RYR3"
0,1.6151734229386,0.867,0.337,0,"12","CNTNAP5"
0,1.71841011422752,0.869,0.339,0,"12","ARPP21"
0,2.04450731482123,0.747,0.217,0,"12","CLSTN2"
0,2.09707242731872,0.734,0.206,0,"12","LINC01122"
0,2.23922798532442,0.757,0.229,0,"12","TRPM3"
0,2.04454055481211,0.783,0.258,0,"12","NRG1"
0,1.63209469425178,0.817,0.292,0,"12","ZFPM2"
0,1.765080617012,0.804,0.28,0,"12","CADPS2"
0,1.62457196987461,0.819,0.304,0,"12","NELL2"
0,1.81240263022367,0.763,0.25,0,"12","OLFM3"
0,3.8475920417467,0.576,0.065,0,"12","ADAMTSL1"
0,1.64706474916018,0.82,0.31,0,"12","AFF3"
0,1.45119150596275,0.927,0.419,0,"12","KALRN"
0,2.55887990609663,0.625,0.121,0,"12","FOXP2"
0,1.7316769806965,0.919,0.417,0,"12","RYR2"
0,1.51634434592238,0.819,0.318,0,"12","SLC35F1"
0,1.2316709191265,0.943,0.445,0,"12","RIMS2"
0,1.77459325799602,0.735,0.239,0,"12","XKR4"
0,1.45907981126453,0.909,0.414,0,"12","GRM5"
0,2.44228901860847,0.635,0.14,0,"12","EPHA5"
0,1.58598325937679,0.823,0.328,0,"12","PCLO"
0,1.60587916385224,0.719,0.228,0,"12","DGKG"
0,1.47057336164165,0.824,0.334,0,"12","MYT1L"
0,1.41365256655007,0.929,0.44,0,"12","STXBP5L"
0,1.97273951861871,0.704,0.216,0,"12","SGCZ"
0,1.21080550620421,0.787,0.3,0,"12","PRKG1"
0,1.59924499624319,0.799,0.314,0,"12","DGKI"
0,0.854192798896986,0.902,0.42,0,"12","DSCAM"
0,1.01123095423473,0.832,0.353,0,"12","DLC1"
0,0.942789112275488,0.751,0.274,0,"12","GRIP1"
0,1.19158785152802,0.881,0.407,0,"12","AGBL4"
0,1.36889302697178,0.921,0.449,0,"12","RGS7"
0,1.25795199931719,0.827,0.355,0,"12","DCLK1"
0,1.19165997308189,0.799,0.33,0,"12","TLE4"
0,1.38519965702148,0.924,0.456,0,"12","PHACTR1"
0,1.2872261603428,0.84,0.374,0,"12","PRKCB"
0,1.6190831342164,0.704,0.241,0,"12","GABRG3"
0,1.04816507391344,0.888,0.426,0,"12","CCSER1"
0,1.68414733202177,0.706,0.244,0,"12","SH3GL2"
0,1.30296591916612,0.834,0.373,0,"12","ATP2B1"
0,1.30054582776534,0.797,0.337,0,"12","KHDRBS3"
0,1.27574574217367,0.786,0.326,0,"12","CACNA1B"
0,1.10111410453415,0.77,0.312,0,"12","MMP16"
0,1.1608279754558,0.811,0.354,0,"12","DLGAP2"
0,0.997330234286991,0.919,0.465,0,"12","FGF12"
0,1.34901837077738,0.801,0.348,0,"12","ERC2"
0,1.08454096995062,0.977,0.524,0,"12","OPCML"
0,1.16873981581822,0.785,0.335,0,"12","SLC4A10"
0,1.12527643054707,0.855,0.406,0,"12","MAP2"
0,1.05010791547037,0.794,0.346,0,"12","GABRB2"
0,1.57031487486564,0.976,0.529,0,"12","CELF2"
0,1.06808390723344,0.972,0.526,0,"12","FGF14"
0,2.20579260663587,0.579,0.133,0,"12","ZFHX3"
0,1.40088196324954,0.749,0.304,0,"12","GRIA3"
0,1.34213569276146,0.565,0.12,0,"12","LUZP2"
0,1.30186807004056,0.775,0.332,0,"12","CHRM3"
0,0.684859038498408,0.844,0.401,0,"12","KHDRBS2"
0,1.08294940446281,0.826,0.383,0,"12","PLEKHA5"
0,2.65731001039815,0.548,0.106,0,"12","SYNPO2"
0,1.493683791134,0.973,0.532,0,"12","NEGR1"
0,1.41502264007813,0.72,0.279,0,"12","CELF4"
0,1.11626018652287,0.804,0.364,0,"12","PDE1A"
0,1.42498780473389,0.713,0.275,0,"12","PTPRN2"
0,0.88417727996651,0.866,0.431,0,"12","KCNQ5"
0,1.57361691177219,0.991,0.556,0,"12","DPP10"
0,2.58878014219714,0.524,0.09,0,"12","SEMA3A"
0,1.21982337157706,0.906,0.473,0,"12","CHN1"
0,1.07018274560779,0.867,0.434,0,"12","OXR1"
0,2.4964168120109,0.504,0.071,0,"12","PCSK5"
0,0.976592641536754,0.851,0.42,0,"12","TMEFF2"
0,1.17356294982397,0.755,0.325,0,"12","EFNA5"
0,1.20522079865927,0.739,0.316,0,"12","BASP1"
0,1.30287140556478,0.977,0.555,0,"12","LRRTM4"
0,1.889288388871,0.543,0.122,0,"12","PCDH11Y"
0,1.02047505580613,0.77,0.351,0,"12","PTPRG"
0,1.30853646661004,0.992,0.574,0,"12","SYT1"
0,1.12417444161878,0.749,0.331,0,"12","DYNC1I1"
0,1.24490534031691,0.708,0.292,0,"12","HECW1"
0,2.02279917031951,0.58,0.165,0,"12","MIR137HG"
0,2.04690120489943,0.558,0.145,0,"12","BCL11A"
0,1.30388415317716,0.995,0.584,0,"12","CSMD1"
0,1.64445904402403,0.614,0.204,0,"12","SV2B"
0,0.712475156171278,0.792,0.383,0,"12","GRIK2"
0,1.82716366160559,0.579,0.172,0,"12","CACNA1E"
0,1.05583604325586,0.744,0.337,0,"12","LDB2"
0,2.10957800905485,0.549,0.143,0,"12","PTPRR"
0,0.958737026532333,0.826,0.42,0,"12","KCNMA1"
0,1.24703951691421,0.697,0.293,0,"12","PRKCE"
0,1.46105311143808,0.988,0.586,0,"12","FAM155A"
0,1.18147103572072,0.686,0.285,0,"12","PAK3"
0,1.39003666775025,0.622,0.221,0,"12","HIVEP3"
0,0.639579189681516,0.913,0.512,0,"12","FRMD4A"
0,0.870483469226874,0.942,0.541,0,"12","DLGAP1"
0,1.42529071647342,0.974,0.574,0,"12","PDE4D"
0,1.32407243373496,0.666,0.266,0,"12","TMEM232"
0,0.879283911329744,0.914,0.514,0,"12","PLCB1"
0,1.01550710138541,0.704,0.305,0,"12","GRIN2B"
0,1.09710096877695,0.722,0.324,0,"12","RIMS1"
0,0.844660552290921,0.866,0.471,0,"12","CNTN1"
0,0.887862155398407,0.814,0.419,0,"12","PCDH7"
0,1.63706283796583,0.572,0.177,0,"12","DOK6"
0,1.33803664472171,0.63,0.236,0,"12","GUCY1A2"
0,0.782900535777456,0.839,0.445,0,"12","SNAP25"
0,1.48045224392362,0.617,0.227,0,"12","KSR2"
0,0.987238474699187,0.99,0.6,0,"12","RBFOX1"
0,1.13596367548705,0.968,0.579,0,"12","NAV3"
0,1.11059906998619,0.685,0.297,0,"12","SCN2A"
0,1.8214261549841,0.56,0.172,0,"12","BMPER"
0,1.54074323148843,0.59,0.203,0,"12","GPR158"
0,0.997750241652281,0.691,0.306,0,"12","MKL2"
0,1.90224048207253,0.511,0.127,0,"12","SORCS3"
0,1.20909207456296,0.926,0.543,0,"12","DMD"
0,1.46885614499472,0.596,0.218,0,"12","AC092683.1"
0,1.27468480022794,0.617,0.24,0,"12","CAMK2D"
0,1.05307487402493,0.69,0.314,0,"12","LARGE1"
0,1.05373398926594,0.663,0.288,0,"12","TMEM108"
0,0.742517864047648,0.883,0.508,0,"12","PPP3CA"
0,0.974885903665198,0.746,0.371,0,"12","FUT9"
0,2.47568905713356,0.465,0.09,0,"12","DIRAS2"
0,1.34727711769253,0.612,0.238,0,"12","ADAM23"
0,1.12039097415207,0.655,0.282,0,"12","CDH2"
0,0.653445194209935,0.685,0.313,0,"12","NFIB"
0,0.993686737441166,0.709,0.337,0,"12","UNC79"
0,0.760223242669221,0.839,0.467,0,"12","MACROD2"
0,1.81257856971389,0.524,0.154,0,"12","ADCY1"
0,0.706004373391352,0.906,0.538,0,"12","LRRC7"
0,1.62866830820718,0.543,0.176,0,"12","PAK5"
0,0.916678285879563,0.652,0.286,0,"12","GRIA1"
0,0.367013583322565,0.853,0.487,0,"12","MEF2C"
0,1.51112906992898,0.585,0.219,0,"12","LMO3"
0,0.93400888604811,0.674,0.309,0,"12","ATP8A2"
0,1.81662947651959,0.506,0.142,0,"12","PRKAG2"
0,0.715084230325837,0.807,0.444,0,"12","SMYD3"
0,0.868174319259104,0.681,0.318,0,"12","CACNA1A"
0,1.1266048537902,0.632,0.269,0,"12","UNC80"
0,1.04402710958124,0.696,0.333,0,"12","LINGO2"
0,1.96382420115088,0.484,0.122,0,"12","FRAS1"
0,2.30306423700097,0.445,0.083,0,"12","TRMT9B"
0,0.324824426479593,0.827,0.466,0,"12","SNTG1"
0,0.855783592692029,0.697,0.337,0,"12","RASAL2"
0,1.39688563162244,0.651,0.293,0,"12","ZNF385B"
0,0.603654330929934,0.797,0.439,0,"12","NRCAM"
0,0.98719008276867,0.66,0.302,0,"12","GABRB3"
0,0.652434297182435,0.814,0.456,0,"12","NBEA"
0,0.768009162794428,0.711,0.354,0,"12","CACNA1C"
0,1.10516385087828,0.992,0.638,0,"12","NRXN1"
0,0.718792767672304,0.885,0.531,0,"12","MAPK10"
0,0.732997573942906,0.867,0.513,0,"12","GRIA2"
0,1.02768111786401,0.635,0.281,0,"12","HCN1"
0,0.984005552622396,0.714,0.36,0,"12","STXBP5"
0,0.597284515953406,0.508,0.154,0,"12","PCDH15"
0,0.726112335183437,0.747,0.394,0,"12","RTN1"
0,0.695539779769104,0.749,0.397,0,"12","TANC2"
0,2.23808359084462,0.453,0.102,0,"12","SLIT3"
0,0.314153527210867,0.92,0.57,0,"12","GPM6A"
0,0.852943814843421,0.699,0.349,0,"12","ARHGAP26"
0,1.9027278499918,0.437,0.088,0,"12","TENM1"
0,1.96673678295089,0.463,0.115,0,"12","NOS1AP"
0,0.915437765346483,0.661,0.313,0,"12","FBXW7"
0,0.878762431039419,0.988,0.64,0,"12","NRG3"
0,1.22992240864442,0.586,0.238,0,"12","CABP1"
0,1.18255260636749,0.581,0.234,0,"12","SCN8A"
0,0.857471543983839,0.594,0.247,0,"12","MEIS2"
0,1.58058406530413,0.508,0.162,0,"12","SDK1"
0,0.745600736091116,0.789,0.444,0,"12","MAP1B"
0,1.21137610227601,0.611,0.266,0,"12","FOCAD"
0,1.25042818863084,0.586,0.241,0,"12","KIAA1549L"
0,0.566777158471537,0.734,0.39,0,"12","AK5"
0,0.734538667422543,0.738,0.395,0,"12","PBX1"
0,1.12835691849313,0.552,0.21,0,"12","GARNL3"
0,1.26696063775707,0.561,0.22,0,"12","PPM1E"
0,0.84461615932714,0.646,0.305,0,"12","CNKSR2"
0,0.887940645999013,0.64,0.3,0,"12","SPTBN4"
0,0.556398279873948,0.721,0.381,0,"12","FMN2"
0,0.903593564227507,0.652,0.314,0,"12","CSRNP3"
0,3.26170623734937,0.388,0.051,0,"12","MSC-AS1"
0,0.807413955080938,0.641,0.305,0,"12","CHSY3"
0,1.66640184146959,0.484,0.148,0,"12","RAP1GAP2"
0,1.17291521060484,0.589,0.254,0,"12","RAPGEF4"
0,0.475469317359521,0.699,0.364,0,"12","GRID2"
0,1.6181605058651,0.49,0.157,0,"12","MLIP"
0,0.881832996035466,0.63,0.298,0,"12","SNAP91"
0,0.711388293087943,0.64,0.308,0,"12","KCNQ3"
0,1.36584991359037,0.522,0.191,0,"12","FP700111.1"
0,0.734084451294011,0.677,0.349,0,"12","SSBP2"
0,0.757394541311976,0.651,0.323,0,"12","LINC00632"
0,0.90117721555486,0.613,0.286,0,"12","GRIN1"
0,0.478600979984053,0.719,0.392,0,"12","CACNB2"
0,0.626750172544173,0.76,0.434,0,"12","RABGAP1L"
0,0.948676242436792,0.957,0.631,0,"12","NKAIN2"
0,1.20638276476195,0.533,0.209,0,"12","POU6F2"
0,0.718225367493369,0.617,0.294,0,"12","MTUS2"
0,0.894199963350065,0.6,0.277,0,"12","STRBP"
0,1.27544568849191,0.522,0.2,0,"12","RBFOX3"
0,1.77580101975415,0.445,0.124,0,"12","RAP1GAP"
0,1.05573574558507,0.576,0.255,0,"12","PPM1L"
0,0.999899754587149,0.564,0.243,0,"12","DKK3"
0,1.96071404951507,0.422,0.101,0,"12","PLCB4"
0,0.670187497819078,0.679,0.359,0,"12","ARHGAP32"
0,2.48188511414771,0.384,0.066,0,"12","DACH1"
0,0.656946572953522,0.675,0.358,0,"12","GRIN2A"
0,1.32937722556339,0.496,0.179,0,"12","ARHGAP44"
0,1.17033003797648,0.517,0.203,0,"12","SEZ6L"
0,0.319723961139682,0.471,0.157,0,"12","ZNF385D"
0,0.996221279305509,0.563,0.249,0,"12","SHISA9"
0,1.2730009059421,0.586,0.273,0,"12","KCNH7"
0,1.47802779964016,0.476,0.163,0,"12","CEP126"
0,0.561627924339945,0.817,0.504,0,"12","TNRC6A"
0,1.86402898848866,0.429,0.117,0,"12","NGEF"
0,1.69459977609846,0.438,0.126,0,"12","LMO7"
0,0.340064611428051,0.633,0.322,0,"12","DGKB"
0,1.11691415387429,0.532,0.222,0,"12","SATB2"
0,1.39554437860176,0.473,0.164,0,"12","PRICKLE2"
0,1.88295237441843,0.996,0.688,0,"12","LRP1B"
0,0.989716831568441,0.546,0.238,0,"12","SCN3A"
0,1.02704828972627,0.529,0.221,0,"12","HIVEP2"
0,0.613536382176684,0.593,0.285,0,"12","RPS6KA2"
0,1.58998960627833,0.461,0.154,0,"12","STXBP5-AS1"
0,0.431605955607585,0.63,0.323,0,"12","CPE"
0,0.942179463007908,0.579,0.272,0,"12","PTPRT"
0,1.5452626561589,0.487,0.181,0,"12","AC090568.2"
0,0.537594427018191,0.671,0.366,0,"12","HECW2"
0,1.34366809461262,0.478,0.173,0,"12","SEPT11"
0,1.66463394493369,0.447,0.143,0,"12","BASP1-AS1"
0,0.837845073951589,0.588,0.284,0,"12","XKR6"
0,0.895724758613614,0.57,0.266,0,"12","ATP2B2"
0,0.535268026068902,0.655,0.352,0,"12","MSRA"
0,0.969814479475561,0.536,0.233,0,"12","SETBP1"
0,1.09326250580521,0.564,0.261,0,"12","INPP4B"
0,1.12736045821556,0.524,0.222,0,"12","CAMK2B"
0,0.328023216877104,0.766,0.464,0,"12","SPARCL1"
0,0.674731835734337,0.599,0.297,0,"12","ERC1"
0,0.957295090958056,0.551,0.25,0,"12","EXT1"
0,1.15249792738227,0.494,0.194,0,"12","ZFYVE28"
0,0.668367618550692,0.631,0.331,0,"12","CAMK1D"
0,0.604716117028235,0.662,0.364,0,"12","HERC1"
0,0.669477438138131,0.628,0.33,0,"12","TTTY14"
0,1.70740402609524,0.389,0.092,0,"12","CDH11"
0,1.9632714239426,0.39,0.094,0,"12","EPHA7"
0,0.833448338922042,0.565,0.269,0,"12","SYP"
0,0.799408912345152,0.556,0.261,0,"12","ADK"
0,0.792524714284665,0.529,0.234,0,"12","GAS7"
0,1.2374413151481,0.488,0.194,0,"12","SRRM4"
0,1.61671481203747,0.441,0.148,0,"12","HTR1E"
0,0.951216541781741,0.557,0.264,0,"12","GALNT17"
0,1.15014989226226,0.98,0.688,0,"12","ANKS1B"
0,1.27997273257093,0.451,0.16,0,"12","LY6H"
0,1.08973075761206,0.454,0.163,0,"12","FARP1"
0,1.99898827476052,0.375,0.084,0,"12","GHR"
0,0.600632844265421,0.593,0.302,0,"12","NLGN4Y"
0,0.402249434787785,0.863,0.573,0,"12","DOCK3"
0,0.276515263628394,0.667,0.378,0,"12","TNIK"
0,1.2442271794488,0.459,0.17,0,"12","CALN1"
0,2.10297466284781,0.355,0.066,0,"12","LINC02232"
0,0.677098731361335,0.597,0.308,0,"12","IDS"
0,0.924681141021846,0.524,0.236,0,"12","KCNJ3"
0,0.970651454700464,0.546,0.258,0,"12","ARL15"
0,0.718225199444313,0.546,0.259,0,"12","MYRIP"
0,0.961957170007391,0.5,0.213,0,"12","SLC17A7"
0,0.673911518867601,0.608,0.321,0,"12","DANT2"
0,2.34367224102313,0.361,0.075,0,"12","LINC02223"
0,0.33642745304513,0.61,0.325,0,"12","ADCY2"
0,1.58282106702025,0.413,0.128,0,"12","SCN3B"
0,0.694802277019787,0.56,0.276,0,"12","AC073050.1"
0,0.949981574189422,0.502,0.218,0,"12","PCSK2"
0,1.33604743915417,0.425,0.142,0,"12","AC120193.1"
0,2.00694665179333,0.371,0.088,0,"12","GDA"
0,0.714857577334346,0.543,0.26,0,"12","PDS5B"
0,0.33901090705071,0.733,0.45,0,"12","LRRTM3"
0,0.428738623693699,0.514,0.232,0,"12","DSCAML1"
0,1.22295792682695,0.448,0.166,0,"12","NETO1"
0,0.593642085007444,0.573,0.292,0,"12","SOBP"
0,0.801129515403285,0.547,0.267,0,"12","CERS6"
0,2.3430519865416,0.345,0.065,0,"12","SEC24D"
0,0.902513712911845,0.521,0.242,0,"12","PWAR6"
0,0.409542933229436,0.687,0.409,0,"12","FBXL17"
0,1.29543226330786,0.446,0.168,0,"12","ANKRD30BL"
0,0.306019769569503,0.93,0.652,0,"12","NLGN1"
0,0.741284386811104,0.549,0.271,0,"12","GABBR2"
0,0.316667064467869,0.74,0.462,0,"12","AHI1"
0,1.63390204461628,0.399,0.122,0,"12","KCNH5"
0,0.460689673671112,0.649,0.372,0,"12","KIAA0930"
0,0.928874072521163,0.472,0.196,0,"12","CSMD2"
0,3.78568048046973,0.295,0.019,0,"12","SULF1"
0,1.47509291449635,0.401,0.126,0,"12","AP001347.1"
0,1.00008866315309,0.477,0.202,0,"12","VPS13A"
0,0.58827951230595,0.586,0.311,0,"12","AC124312.1"
0,0.754910844208959,0.539,0.265,0,"12","OSBPL6"
0,1.03001456138408,0.469,0.195,0,"12","AQP4-AS1"
0,1.016970680848,0.448,0.175,0,"12","DDAH1"
0,0.593336914091042,0.578,0.305,0,"12","CLSTN1"
0,0.610546515569918,0.542,0.27,0,"12","BICD1"
0,1.04365800915648,0.47,0.198,0,"12","KCTD1"
0,0.899197566791905,0.493,0.223,0,"12","ITPR1"
0,1.11454122566866,0.446,0.176,0,"12","EFR3A"
0,0.555195541963721,0.568,0.298,0,"12","SYN2"
0,2.43204146082649,0.311,0.042,0,"12","ITGA8"
0,0.337757249864534,0.719,0.45,0,"12","RTN3"
0,0.766057465002743,0.421,0.153,0,"12","SYNPR"
0,0.785369421289455,0.499,0.231,0,"12","EVL"
0,2.04501738600077,0.354,0.086,0,"12","NPTX1"
0,0.557708669714115,0.561,0.294,0,"12","NR3C1"
0,0.964425170177067,0.469,0.202,0,"12","KIFAP3"
0,0.580755786704803,0.544,0.278,0,"12","ANKRD36"
0,0.844999159217463,0.48,0.215,0,"12","THY1"
0,0.433581460445082,0.918,0.654,0,"12","FTX"
0,0.643658639674934,0.542,0.279,0,"12","DNM1"
0,0.655817871735241,0.531,0.268,0,"12","MNAT1"
0,1.33021181152693,0.419,0.157,0,"12","KIAA1211L"
0,0.353830524723678,0.64,0.378,0,"12","TRIO"
0,1.00637776111519,0.468,0.206,0,"12","AMPH"
0,0.283363712500626,0.941,0.679,0,"12","NRXN3"
0,0.337431393795554,0.89,0.629,0,"12","ADGRL3"
0,0.623375570863278,0.552,0.292,0,"12","CDH12"
0,0.652025681117109,0.537,0.277,0,"12","VSNL1"
0,0.979527803413552,0.452,0.192,0,"12","PARP8"
0,0.357681747983609,0.819,0.559,0,"12","AC016831.7"
0,0.599403240945984,0.554,0.295,0,"12","UCHL1"
0,1.05421185934465,0.443,0.184,0,"12","WDR17"
0,1.47505393852115,0.349,0.091,0,"12","C8orf34"
0,0.748796476338627,0.515,0.257,0,"12","AEBP2"
0,0.741015583698686,0.489,0.232,0,"12","CAMK2A"
0,1.03994482603506,0.463,0.206,0,"12","KCNB2"
0,0.992248463582793,0.456,0.2,0,"12","NMNAT2"
0,0.263810897553586,0.732,0.476,0,"12","MBD5"
0,0.750926295307339,0.506,0.25,0,"12","NR2F1-AS1"
0,1.16386120245496,0.425,0.169,0,"12","AP001825.1"
0,0.479091373082259,0.563,0.307,0,"12","NRGN"
0,0.917060343775251,0.456,0.201,0,"12","PPP2R2C"
0,0.768039957808143,0.476,0.221,0,"12","NIN"
0,0.363441408387955,0.713,0.458,0,"12","MAGI1"
0,1.01176649362021,0.364,0.11,0,"12","KLHL5"
0,1.12900780032003,0.419,0.165,0,"12","CAP2"
0,0.319474543867939,0.615,0.361,0,"12","ITFG1"
0,0.987884869385655,0.421,0.167,0,"12","USP25"
0,0.366528395895522,0.589,0.335,0,"12","PPP1R9A"
0,0.347951177780087,0.72,0.466,0,"12","CALM1"
0,0.31704506783475,0.669,0.416,0,"12","TRIM9"
0,2.31282724498293,0.303,0.05,0,"12","FRMD3"
0,0.549646324273589,0.481,0.228,0,"12","CHPT1"
0,1.55902203895942,0.381,0.13,0,"12","NIPAL2"
0,0.805284233944285,0.477,0.226,0,"12","USP9Y"
0,0.664850429801816,0.501,0.251,0,"12","BMPR2"
0,0.461643468780793,0.549,0.3,0,"12","ASAP1"
0,1.92467466499035,0.335,0.086,0,"12","SLC8A1-AS1"
0,0.363506636798064,0.6,0.351,0,"12","MYO5A"
0,0.907537078445964,0.475,0.226,0,"12","NCALD"
0,0.714467195561492,0.438,0.19,0,"12","ATP2B4"
0,1.95276952370911,0.326,0.078,0,"12","OSBPL10"
0,1.75741335324197,0.344,0.096,0,"12","COL19A1"
0,1.31547110093745,0.4,0.153,0,"12","PRKAR2B"
0,0.361205064274513,0.593,0.346,0,"12","MPHOSPH8"
0,0.953202633245756,0.435,0.189,0,"12","FAM49A"
0,0.826086134635239,0.433,0.187,0,"12","CLIP1"
0,0.512573933092259,0.524,0.278,0,"12","TMEM132B"
0,0.835864469032087,0.467,0.222,0,"12","GABRG2"
0,0.863025402191408,0.429,0.184,0,"12","AC011287.1"
0,1.47031777596935,0.359,0.114,0,"12","TUSC3"
0,0.918703839699511,0.422,0.177,0,"12","STMN2"
0,2.24853099552371,0.29,0.045,0,"12","CNTNAP3"
0,0.484691163515477,0.553,0.31,0,"12","TUBA1B"
0,1.17781015356028,0.386,0.143,0,"12","GPR155"
0,1.13425429010917,0.497,0.254,0,"12","CDH10"
0,0.970179328281786,0.431,0.188,0,"12","GABRA1"
0,0.266445359635163,0.706,0.466,0,"12","AC092691.1"
0,1.35648309676004,0.365,0.126,0,"12","MPP6"
0,0.993649821531053,0.417,0.178,0,"12","SHANK2"
0,1.04611652203271,0.428,0.189,0,"12","PRICKLE1"
0,0.546994322295231,0.494,0.255,0,"12","HECTD4"
0,1.25584636989752,0.382,0.144,0,"12","BRINP2"
0,0.711712088751169,0.454,0.216,0,"12","MCF2L2"
0,1.58566275796753,0.349,0.111,0,"12","SLIT1"
0,1.42527546239226,0.356,0.118,0,"12","BAIAP2"
0,0.933108520622056,0.397,0.16,0,"12","GMDS"
0,0.877882807915813,0.446,0.209,0,"12","SNAP25-AS1"
0,1.29785049106533,0.379,0.142,0,"12","KCNJ6"
0,0.274987611748483,0.637,0.4,0,"12","CAMTA1"
0,0.66600369621585,0.419,0.182,0,"12","AFDN"
0,0.630119715829885,0.484,0.247,0,"12","FAT3"
0,0.631703933910919,0.45,0.214,0,"12","TLN2"
0,1.02241615183954,0.392,0.157,0,"12","PLCL2"
0,1.89347504690002,0.319,0.084,0,"12","RXFP1"
0,0.500198490651588,0.467,0.233,0,"12","RASGRF2"
0,1.45545613613273,0.344,0.11,0,"12","PLPPR4"
0,0.314712757419439,0.563,0.329,0,"12","BTBD9"
0,1.11200701546831,0.375,0.142,0,"12","FAM135B"
0,0.56915632413024,0.478,0.245,0,"12","SLC25A12"
0,0.282082287651215,0.61,0.377,0,"12","GPATCH8"
0,0.45583907830214,0.525,0.293,0,"12","GDAP1"
0,0.414729387853271,0.549,0.317,0,"12","RBFOX2"
0,0.997341188761122,0.408,0.176,0,"12","CDH9"
0,0.552223224477649,0.538,0.307,0,"12","MLLT3"
0,0.633370680390799,0.455,0.224,0,"12","CDH8"
0,0.273152223672167,0.581,0.35,0,"12","PREPL"
0,1.23321201113084,0.366,0.135,0,"12","CACNB4"
0,0.570489324242117,0.471,0.24,0,"12","CARMIL1"
0,1.3353413871416,0.338,0.108,0,"12","ACVR2A"
0,0.426089918008873,0.537,0.307,0,"12","MAST4"
0,0.33763908350185,0.552,0.322,0,"12","FER"
0,0.573931756372532,0.48,0.25,0,"12","STXBP1"
0,0.907104270350183,0.424,0.194,0,"12","SYT16"
0,0.855287234674791,0.406,0.177,0,"12","RNF150"
0,0.574633570016634,0.466,0.237,0,"12","NEDD4L"
0,0.684440326292256,0.453,0.224,0,"12","CCPG1"
0,0.631566342443479,0.432,0.203,0,"12","ENC1"
0,0.782973702455767,0.413,0.184,0,"12","MOSMO"
0,0.597891788553338,0.437,0.209,0,"12","TRPC1"
0,0.979628092014471,0.355,0.127,0,"12","IPCEF1"
0,0.454871877820355,0.528,0.301,0,"12","EIF4A2"
0,0.7369004914081,0.433,0.206,0,"12","TENM3"
0,0.71668534417093,0.444,0.217,0,"12","TSPAN7"
0,0.318526797271422,0.544,0.318,0,"12","EHBP1"
0,0.868262964774429,0.4,0.174,0,"12","TLK1"
0,0.837416482942086,0.396,0.17,0,"12","PTCHD1-AS"
0,0.728701272097548,0.43,0.204,0,"12","PAK1"
0,0.607511438555888,0.448,0.222,0,"12","OSBPL8"
0,0.529924666855475,0.437,0.211,0,"12","LHFPL6"
0,0.760576222034432,0.421,0.195,0,"12","CACNA1D"
0,1.33652981994606,0.344,0.118,0,"12","PGM2L1"
0,1.04362354146671,0.382,0.157,0,"12","CELF5"
0,1.13119834770867,0.389,0.164,0,"12","MIAT"
0,2.17562348727274,0.269,0.045,0,"12","GRIK3"
0,0.469279825968876,0.465,0.241,0,"12","CCNI"
0,0.316125005646767,0.533,0.309,0,"12","MYO9A"
0,0.598538758007612,0.453,0.229,0,"12","FARS2"
0,1.24188246641488,0.324,0.1,0,"12","CNTNAP3B"
0,0.365345526429055,0.503,0.279,0,"12","ANKRD36C"
0,0.919869878921192,0.403,0.18,0,"12","FZD3"
0,1.02971895830978,0.392,0.169,0,"12","FRRS1L"
0,0.314609729116102,0.626,0.403,0,"12","PRNP"
0,0.81355921832812,0.399,0.177,0,"12","SCAMP5"
0,0.408240826269624,0.47,0.248,0,"12","UBA6-AS1"
0,1.2358349589012,0.354,0.132,0,"12","C11orf80"
0,0.401830042593775,0.49,0.268,0,"12","DENND5B"
0,0.4676339328884,0.503,0.281,0,"12","FAIM2"
0,2.0255779117588,0.273,0.052,0,"12","B3GALT2"
0,0.891968883166715,0.402,0.181,0,"12","KIAA0825"
0,0.271870503606255,0.512,0.291,0,"12","HDAC9"
0,1.01077043732182,0.381,0.16,0,"12","AC007388.1"
0,0.656591335031118,0.436,0.215,0,"12","HSPA12A"
0,0.957798212224966,0.38,0.159,0,"12","CEP112"
0,0.254811562268882,0.579,0.358,0,"12","RAPGEF2"
0,0.346509895243398,0.508,0.288,0,"12","NDFIP1"
0,0.317523945250739,0.458,0.238,0,"12","ZNF704"
0,0.928221172877613,0.4,0.18,0,"12","MYH10"
0,2.67381848843988,0.254,0.034,0,"12","DCHS2"
0,0.857837979122497,0.442,0.222,0,"12","TOX"
0,0.427447741877665,0.469,0.249,0,"12","ATP2C1"
0,1.24981826780816,0.354,0.134,0,"12","CPNE8"
0,0.519080666705877,0.456,0.237,0,"12","MICU1"
0,0.571963039217337,0.437,0.218,0,"12","SCMH1"
0,0.812422966150738,0.368,0.149,0,"12","VPS41"
0,1.04996842984893,0.388,0.169,0,"12","RUNDC3B"
0,0.858505671769319,0.379,0.16,0,"12","ST8SIA1"
0,1.41764362501772,0.329,0.111,0,"12","TMEM178A"
0,1.39993090013378,0.317,0.099,0,"12","RALGPS2"
0,0.685675118827974,0.405,0.188,0,"12","ZMAT4"
0,0.912820895443816,0.385,0.168,0,"12","TARBP1"
0,0.570805080451904,0.442,0.225,0,"12","ROCK2"
0,0.849783035963283,0.408,0.191,0,"12","CHD5"
0,0.517120997429307,0.457,0.241,0,"12","SLC35F3"
0,0.971166334354646,0.388,0.172,0,"12","SRRM3"
0,0.548998558958273,0.391,0.175,0,"12","GPR137C"
0,0.726288004303152,0.334,0.118,0,"12","DIP2A"
0,0.541912777150439,0.446,0.23,0,"12","SYT14"
0,0.349387664920521,0.49,0.274,0,"12","IGF1R"
0,1.23737112962547,0.378,0.163,0,"12","ZNF804B"
0,0.35392224637421,0.479,0.264,0,"12","JAZF1"
0,0.55896359082391,0.441,0.227,0,"12","ATP1A1"
0,2.71490120588117,0.256,0.042,0,"12","CDH6"
0,1.43059907811256,0.319,0.106,0,"12","HMGCLL1"
0,0.531451457809005,0.424,0.211,0,"12","FAM171B"
0,1.35237016358363,0.304,0.091,0,"12","DPY19L1"
0,0.907878473334906,0.384,0.171,0,"12","LINC00599"
0,0.311381725038071,0.465,0.253,0,"12","AC006148.1"
0,0.416136352449495,0.438,0.226,0,"12","PLEKHA1"
0,0.275864005966154,0.503,0.292,0,"12","LRBA"
0,1.33060624392928,0.32,0.109,0,"12","NEXMIF"
0,0.466860509196446,0.445,0.234,0,"12","CD47"
0,0.632611098519549,0.418,0.207,0,"12","NPTN"
0,0.729137084870762,0.408,0.197,0,"12","PKD1"
0,0.38618463926913,0.47,0.259,0,"12","MAP2K4"
0,0.465749650284227,0.458,0.248,0,"12","SNCA"
0,0.542251820769652,0.433,0.223,0,"12","PTPN4"
0,1.03558297281882,0.353,0.143,0,"12","MIPOL1"
0,0.424082253781119,0.458,0.249,0,"12","ABI2"
0,1.82527425783293,0.279,0.07,0,"12","B3GLCT"
0,2.20045731989026,0.259,0.05,0,"12","RASGRP1"
0,0.666788032659405,0.377,0.168,0,"12","SLC16A1-AS1"
0,0.418017653590888,0.476,0.267,0,"12","LINC00513"
0,0.793059093446912,0.363,0.155,0,"12","NDFIP2"
0,0.287798027665247,0.503,0.296,0,"12","CDK14"
0,1.49229585694267,0.275,0.068,0,"12","NRP1"
0,0.554954782811283,0.434,0.227,0,"12","PCNX2"
0,0.535236044807456,0.423,0.216,0,"12","SPAG16"
0,1.17368298074608,0.305,0.099,0,"12","VWC2L"
0,0.68018347938789,0.374,0.168,0,"12","TBC1D32"
0,0.764998112201362,0.355,0.149,0,"12","ATXN7L1"
0,0.592350180854448,0.421,0.215,0,"12","ST7"
0,0.267813634634215,0.487,0.282,0,"12","FRY"
0,0.70822176557796,0.371,0.166,0,"12","GRK3"
0,0.766487072828837,0.4,0.196,0,"12","CAMK4"
0,0.303705955378438,0.452,0.248,0,"12","RCAN2"
0,0.275306580720124,0.492,0.288,0,"12","VPS13B"
0,1.60439979045876,0.276,0.072,0,"12","CEMIP2"
0,0.701150652130483,0.378,0.174,0,"12","PPP3CB"
0,0.570915481400257,0.427,0.223,0,"12","ASTN1"
0,0.657362870382263,0.984,0.78,0,"12","ADGRB3"
0,0.825621436558216,0.376,0.173,0,"12","MARK1"
0,0.257322114302919,0.517,0.314,0,"12","CPEB3"
0,0.505192579981333,0.43,0.227,0,"12","TFDP2"
0,1.69131248424292,0.291,0.088,0,"12","SYT7"
0,1.45059167948256,0.306,0.104,0,"12","STX1A"
0,0.968906651284983,0.333,0.131,0,"12","PKIA"
0,0.507495125985218,0.441,0.239,0,"12","SPTAN1"
0,0.306834304094849,0.454,0.252,0,"12","ZEB1"
0,0.459306959210229,0.425,0.223,0,"12","WDR60"
0,0.661593380672865,0.38,0.179,0,"12","RANBP9"
0,0.700842771743772,0.383,0.182,0,"12","DGKZ"
0,0.380490670621461,0.466,0.265,0,"12","PI4KA"
0,0.309105306589864,0.447,0.247,0,"12","MAP4K3"
0,0.69709521380196,0.387,0.187,0,"12","PRKAR1B"
0,0.998999495299963,0.321,0.121,0,"12","CBWD5"
0,0.79988470121037,0.371,0.171,0,"12","ELAVL4"
0,0.277229691320764,0.882,0.682,0,"12","MT-CO1"
0,0.359252018171327,0.466,0.267,0,"12","RPS6KC1"
0,0.644856062120566,0.352,0.153,0,"12","MGST1"
0,1.49784303491311,0.296,0.097,0,"12","ANKRD34C-AS1"
0,0.403768417504303,0.445,0.247,0,"12","SOS1"
0,0.269916641992356,0.465,0.267,0,"12","TTC14"
0,0.456910730596586,0.342,0.145,0,"12","PCDH17"
0,0.836122643550212,0.37,0.173,0,"12","JPH4"
0,0.343082785689577,0.441,0.244,0,"12","PLD3"
0,1.52700351717163,0.289,0.092,0,"12","NRSN1"
0,0.614130297195907,0.36,0.163,0,"12","SEZ6L2"
0,0.293224913646994,0.456,0.26,0,"12","TBCK"
0,1.06050576004163,0.323,0.127,0,"12","SLF1"
0,0.941514773073429,0.335,0.139,0,"12","RAD9A"
0,1.01271865574618,0.341,0.146,0,"12","RAB6B"
0,0.735246839465869,0.369,0.174,0,"12","INPP4A"
0,1.70327545923385,0.271,0.076,0,"12","LRTM1"
0,0.451324513216659,0.43,0.235,0,"12","MEF2C-AS1"
0,0.659169360996534,0.376,0.181,0,"12","ZNF483"
0,0.412086338012279,0.412,0.217,0,"12","ZRANB2"
0,1.13946977270109,0.306,0.112,0,"12","RPH3A"
0,0.444643445888484,0.428,0.234,0,"12","R3HDM2"
0,0.645190546450918,0.386,0.193,0,"12","CDKL5"
0,0.742975012519367,0.332,0.139,0,"12","RAB11FIP4"
0,0.836261493186178,0.339,0.147,0,"12","DMXL2"
0,0.467494221530385,0.395,0.204,0,"12","EXOC6"
0,0.650406987931854,0.392,0.201,0,"12","WASF1"
0,1.76189536425805,0.253,0.062,0,"12","GALNT16"
0,0.485882423043783,0.361,0.17,0,"12","CAMK2G"
0,0.277761821994271,0.94,0.749,0,"12","ANK2"
0,0.582299012980667,0.381,0.191,0,"12","SSBP3"
0,0.250205713605661,0.451,0.261,0,"12","RPRD2"
0,1.56130638535747,0.256,0.066,0,"12","ANKRD6"
0,0.397863190913979,0.44,0.25,0,"12","YWHAG"
0,1.11684578941656,0.31,0.12,0,"12","PDE2A"
0,1.23647990955786,0.297,0.107,0,"12","CDK5R1"
0,0.39298776787489,0.416,0.226,0,"12","STOX2"
0,0.854743291171654,0.353,0.163,0,"12","HOMER1"
0,0.442106520136964,0.563,0.373,0,"12","ASTN2"
0,1.35601814612285,0.276,0.087,0,"12","UTRN"
0,0.274334596687447,0.46,0.271,0,"12","ENO2"
0,0.367671113768813,0.422,0.233,0,"12","AIG1"
0,0.776490015598345,0.357,0.168,0,"12","MEG8"
0,1.27629466732977,0.995,0.806,0,"12","PTPRD"
0,0.935378067246365,0.333,0.145,0,"12","WNK2"
0,0.326507560999813,0.452,0.264,0,"12","GLS"
0,1.04291443347808,0.324,0.136,0,"12","CACNG8"
0,1.12071013087491,0.289,0.101,0,"12","LRCH1"
0,0.988947279607285,0.331,0.144,0,"12","CACNG3"
0,0.447047303892117,0.395,0.208,0,"12","FBXL20"
0,0.461097359159818,0.397,0.211,0,"12","TENM4"
0,0.326846863005162,0.38,0.194,0,"12","MBOAT2"
0,0.853061630846258,0.318,0.132,0,"12","ZC2HC1A"
0,0.412788080182223,0.388,0.202,0,"12","PTEN"
0,0.712184158247397,0.351,0.165,0,"12","TOMM20"
0,1.19552317727129,0.313,0.128,0,"12","CLVS2"
0,1.11994993493639,0.301,0.116,0,"12","SNX32"
0,0.989805665455673,0.324,0.139,0,"12","DPY19L2"
0,0.938175950818929,0.286,0.101,0,"12","CDHR3"
0,0.426365895102665,0.417,0.232,0,"12","ITPR2"
0,0.873056324982244,0.35,0.165,0,"12","KCNB1"
0,0.290818021649298,0.747,0.562,0,"12","MARCH1"
0,0.563951365667037,0.375,0.191,0,"12","CYFIP2"
0,0.286376356057713,0.441,0.257,0,"12","EPB41L3"
0,0.769050221964171,0.349,0.165,0,"12","LONRF2"
0,1.16688385015216,0.296,0.113,0,"12","CAMKV"
0,0.26728065031105,0.429,0.246,0,"12","DYNC1H1"
0,1.20442590254606,0.277,0.095,0,"12","IGSF21"
0,0.654548742277769,0.368,0.186,0,"12","ICA1L"
0,1.02721456831856,0.313,0.131,0,"12","GLRB"
0,0.52670056933747,0.376,0.194,0,"12","DYNC2H1"
0,1.28038025718968,0.283,0.101,0,"12","RGS7BP"
0,0.335194513410471,0.411,0.229,0,"12","KIF21A"
0,0.801074540426,0.33,0.149,0,"12","CCDC92"
0,0.872630847246288,0.332,0.151,0,"12","SNRPN"
0,1.31001939299431,0.273,0.092,0,"12","TSHZ3"
0,1.09801155394347,0.302,0.121,0,"12","PRKAA2"
0,0.264705644442067,0.5,0.319,0,"12","CNTN4"
0,0.288471292828485,0.423,0.242,0,"12","SERINC1"
0,0.27201818530437,0.452,0.271,0,"12","ARHGEF12"
0,0.513249156386334,0.378,0.197,0,"12","TMEM59L"
0,0.375883046818668,0.388,0.208,0,"12","KAT6B"
0,0.799673728216782,0.29,0.11,0,"12","SH3RF3"
0,0.563627183258528,0.379,0.199,0,"12","SCAI"
0,0.365082657444084,0.4,0.221,0,"12","MAP3K13"
0,0.93447091636396,0.326,0.147,0,"12","MICAL2"
0,0.926276798254955,0.313,0.134,0,"12","ASXL3"
0,0.344504415101368,0.432,0.253,0,"12","CALM3"
0,1.32247903304908,0.266,0.088,0,"12","LINC00937"
0,0.902763413670118,0.271,0.093,0,"12","GLCE"
0,1.39795179882073,0.268,0.09,0,"12","SLC8A2"
0,1.11874955186025,0.285,0.107,0,"12","DIRC3"
0,0.42804450329935,0.379,0.201,0,"12","PACS1"
0,0.362039204290811,0.374,0.196,0,"12","AC025159.1"
0,0.781217842824036,0.319,0.142,0,"12","KIAA0319"
0,1.14325626807738,0.302,0.125,0,"12","AC007563.2"
0,0.960138906380585,0.304,0.127,0,"12","CHGA"
0,0.501836343917468,0.365,0.188,0,"12","HYDIN"
0,0.997870031512298,0.271,0.095,0,"12","GRIK4"
0,0.311859213634251,0.39,0.214,0,"12","PRKD1"
0,1.11707900292916,0.281,0.106,0,"12","SIMC1"
0,1.15791314546307,0.281,0.106,0,"12","FXYD7"
0,1.1779317421176,0.264,0.089,0,"12","NETO2"
0,0.447167659229391,0.363,0.188,0,"12","CMIP"
0,0.294194757846631,0.387,0.213,0,"12","ACBD6"
0,0.341895890559211,0.389,0.215,0,"12","C2CD5"
0,0.487920926665406,0.367,0.193,0,"12","MAPK1"
0,1.06790254168636,0.299,0.125,0,"12","SGSM1"
0,0.779935550814877,0.326,0.153,0,"12","NEFL"
0,0.983565124797755,0.315,0.142,0,"12","FAM189A1"
0,0.303488619145887,0.366,0.193,0,"12","ABR"
0,0.332984752544721,0.388,0.216,0,"12","CPLANE1"
0,1.37165132797686,0.269,0.097,0,"12","HLF"
0,0.424789395564174,0.359,0.187,0,"12","ZNF248"
0,0.533763399051224,0.333,0.162,0,"12","KLHL2"
0,0.378988009754902,0.376,0.205,0,"12","ATP6V0A1"
0,0.648420638650763,0.334,0.163,0,"12","NAPB"
0,1.47531082778738,0.251,0.08,0,"12","MIR4435-2HG"
0,0.82768777817391,0.309,0.138,0,"12","ITGA9"
0,0.375900850704644,0.363,0.192,0,"12","TMEM117"
0,0.277838884754775,0.413,0.242,0,"12","CRLF3"
0,1.10396266198984,0.274,0.104,0,"12","HECTD2"
0,0.747363839433134,0.323,0.153,0,"12","FBXL2"
0,0.460011555093084,0.384,0.214,0,"12","NELL1"
0,1.32431792179464,0.261,0.091,0,"12","CNNM1"
0,0.27065883092428,0.374,0.204,0,"12","ATL1"
0,0.82821443781588,0.29,0.12,0,"12","SPOCK2"
0,0.26770387814805,0.41,0.241,0,"12","PJA2"
0,0.880707845077633,0.29,0.122,0,"12","UPP2"
0,0.285530045119756,0.408,0.24,0,"12","SORL1"
0,1.0879329181992,0.251,0.083,0,"12","TBC1D4"
0,0.982805761711602,0.287,0.119,0,"12","MAST1"
0,0.395652680673439,0.335,0.168,0,"12","PAPSS1"
0,1.05877755856742,0.287,0.12,0,"12","ADD2"
0,0.838852979694673,0.282,0.115,0,"12","TBC1D1"
0,0.534030245517047,0.35,0.183,0,"12","FSTL4"
0,0.396070215124844,0.321,0.155,0,"12","HDAC4"
0,0.426544022480977,0.36,0.194,0,"12","STAU2"
0,1.03189330429241,0.275,0.11,0,"12","SUSD4"
0,0.355087521059785,0.276,0.111,0,"12","LRMDA"
0,0.934818818691605,0.277,0.112,0,"12","GNPTAB"
0,0.544432865181282,0.333,0.168,0,"12","KIF9-AS1"
0,0.4862293588367,0.36,0.195,0,"12","PABPC1"
0,0.418286691496304,0.35,0.185,0,"12","DAPK1"
0,0.474234070748259,0.346,0.181,0,"12","PPHLN1"
0,1.17754808167215,0.269,0.105,0,"12","PRR16"
0,1.02382513142128,0.279,0.115,0,"12","SLITRK5"
0,0.514274271228927,0.322,0.158,0,"12","TNPO1"
0,0.605844546391003,0.315,0.151,0,"12","ESYT2"
0,0.748949454213253,0.306,0.142,0,"12","SLC16A7"
0,0.328847294592865,0.376,0.212,0,"12","ATP2A2"
0,1.00165967050351,0.276,0.113,0,"12","ST8SIA5"
0,1.31698230611347,0.258,0.095,0,"12","AC024901.1"
0,0.383272687704875,0.356,0.193,0,"12","ARHGEF3"
0,0.452619217670918,0.365,0.202,0,"12","LINC01322"
0,0.533799476574489,0.328,0.167,0,"12","RTF1"
0,0.387061421803239,0.304,0.143,0,"12","PHKB"
0,0.398570355046398,0.348,0.187,0,"12","DCAF6"
0,0.814059680312295,0.29,0.129,0,"12","ATCAY"
0,1.13618571550824,0.268,0.108,0,"12","PHTF1"
0,0.802134770970209,0.404,0.244,0,"12","SORCS1"
0,0.485787430578826,0.317,0.157,0,"12","G3BP2"
0,0.340405057874861,0.366,0.206,0,"12","APBA1"
0,0.536755943251508,0.315,0.155,0,"12","TTC7B"
0,0.377831559490928,0.347,0.187,0,"12","ZNF721"
0,0.719990553747997,0.302,0.143,0,"12","CLSTN3"
0,0.864108420488937,0.285,0.126,0,"12","TMEM130"
0,0.302547934502747,0.41,0.251,0,"12","RUNX1T1"
0,0.316463042168297,0.388,0.23,0,"12","NORAD"
0,0.769798534270832,0.303,0.145,0,"12","KCNQ2"
0,0.818871274529177,0.266,0.109,0,"12","HIVEP1"
0,0.961659897664221,0.273,0.116,0,"12","KCNT1"
0,0.592188244196869,0.31,0.153,0,"12","NISCH"
0,1.00554958411786,0.258,0.101,0,"12","ADAMTS19"
0,0.550906918337993,0.316,0.159,0,"12","PACRG"
0,1.12742654537698,0.26,0.104,0,"12","MIR124-2HG"
0,0.415124315344598,0.329,0.173,0,"12","TMEM245"
0,0.347778051664769,0.341,0.185,0,"12","MKL1"
0,0.329882802834449,0.341,0.186,0,"12","BDP1"
0,0.416352627639613,0.323,0.168,0,"12","ZER1"
0,0.600024560382462,0.297,0.142,0,"12","NRXN2"
0,0.732270565021863,0.301,0.146,0,"12","TESPA1"
0,0.250720418251879,0.371,0.216,0,"12","YWHAB"
0,0.441335125520132,0.357,0.202,0,"12","EML6"
0,0.601693475761162,0.295,0.14,0,"12","SLC23A2"
0,0.836826204421157,0.279,0.125,0,"12","SLC12A5"
0,0.435277307554851,0.292,0.138,0,"12","LNPEP"
0,0.693413619155622,0.267,0.114,0,"12","NAALAD2"
0,0.726550194821396,0.309,0.156,0,"12","LINC01250"
0,0.333278952919628,0.34,0.188,0,"12","DOPEY1"
0,0.717455267748541,0.283,0.131,0,"12","SPATS2"
0,0.764771397125455,0.254,0.103,0,"12","FILIP1L"
0,1.00748389582361,0.256,0.105,0,"12","SYT4"
0,0.760897818777727,0.294,0.143,0,"12","CCDC3"
0,0.407510884996685,0.325,0.175,0,"12","NME7"
0,0.291118007912907,0.341,0.191,0,"12","PLEKHA6"
0,0.419726975137865,0.336,0.186,0,"12","PHYHIP"
0,0.303982930076189,0.334,0.184,0,"12","TMOD2"
0,0.438258534233802,0.351,0.201,0,"12","CIT"
0,0.788335751918642,0.277,0.128,0,"12","ACTN1"
0,0.294210978008745,0.327,0.178,0,"12","YLPM1"
0,0.494100797716004,0.301,0.152,0,"12","RNF145"
0,0.637423407584767,0.296,0.147,0,"12","CCDC171"
0,0.446504357977163,0.292,0.143,0,"12","CC2D1A"
0,0.624016753360852,0.29,0.142,0,"12","KCNK1"
0,0.442402357532737,0.324,0.177,0,"12","TTN-AS1"
0,0.452554476735483,0.337,0.19,0,"12","GAP43"
0,0.313145417361706,0.325,0.178,0,"12","SERINC3"
0,0.479427071621189,0.292,0.145,0,"12","AC079447.1"
0,0.637822912775937,0.289,0.142,0,"12","AC104827.1"
0,0.38668201527878,0.299,0.152,0,"12","MTURN"
0,0.714539178426765,0.256,0.11,0,"12","WDR19"
0,0.428322977279732,0.31,0.164,0,"12","ARMC9"
0,0.38324939448032,0.321,0.176,0,"12","ZFYVE9"
0,0.678166095954227,0.265,0.12,0,"12","ULK4"
0,0.79696205518886,0.272,0.127,0,"12","KIFC2"
0,0.717940200160824,0.266,0.121,0,"12","CDR2"
0,0.274484355984514,0.309,0.164,0,"12","TMEM131"
0,0.594050982276599,0.286,0.141,0,"12","NSG2"
0,0.559960434594021,0.3,0.155,0,"12","ARHGEF9"
0,0.494643518378491,0.306,0.161,0,"12","PTK2B"
0,0.307019440113655,0.313,0.168,0,"12","PPP2R5C"
0,0.524853508642368,0.309,0.164,0,"12","CATSPER2"
0,0.453900218505393,0.309,0.164,0,"12","MAP2K1"
0,0.606395817023626,0.286,0.141,0,"12","ADGRL1"
0,0.633140096678368,0.276,0.132,0,"12","MDN1"
0,0.949776971667329,0.253,0.109,0,"12","CACNG2"
0,0.388363870186909,0.291,0.147,0,"12","ABHD18"
0,0.454838578572335,0.293,0.149,0,"12","GABBR1"
0,0.8688894515686,0.259,0.116,0,"12","LRFN2"
0,0.457800088496604,0.323,0.18,0,"12","SYBU"
0,0.729328274245769,0.265,0.122,0,"12","SULT4A1"
0,0.315710757192866,0.349,0.206,0,"12","SLC39A10"
0,0.461029729137399,0.293,0.15,0,"12","ARFGEF2"
0,0.936034582334165,0.256,0.114,0,"12","DNAH6"
0,0.340186724029158,0.324,0.182,0,"12","NUAK1"
0,0.465196273533032,0.319,0.177,0,"12","NDRG4"
0,0.420487499511945,0.303,0.161,0,"12","MTA3"
0,0.313325762196534,0.313,0.171,0,"12","LINC01184"
0,0.90749062634502,0.251,0.11,0,"12","SLITRK4"
0,0.298576672670217,0.343,0.202,0,"12","YWHAH"
0,0.306049494839978,0.33,0.19,0,"12","SV2A"
0,0.700813872758827,0.274,0.134,0,"12","SHC3"
0,0.586338223060257,0.285,0.145,0,"12","CCDC30"
0,0.340428689022201,0.303,0.163,0,"12","PIAS2"
0,0.455575947591128,0.307,0.168,0,"12","TSPYL1"
0,0.81822996645204,0.251,0.113,0,"12","NCEH1"
0,0.364116801493113,0.277,0.139,0,"12","CDK8"
0,0.408564477443643,0.309,0.171,0,"12","KCND3"
0,0.822244771940986,0.251,0.114,0,"12","LRRN3"
0,0.380979095616035,0.301,0.164,0,"12","PATJ"
0,0.363886051533076,0.295,0.158,0,"12","FLOT1"
0,0.399988926849027,0.292,0.155,0,"12","USP11"
0,0.682051769353898,0.259,0.123,0,"12","GALNT11"
0,0.259989881538194,0.312,0.176,0,"12","TBRG1"
0,0.459513739592955,0.278,0.143,0,"12","MYEF2"
0,0.676790970307884,0.253,0.118,0,"12","FAR2"
0,0.319375024117734,0.282,0.147,0,"12","ABCC5"
0,0.396372555796836,0.285,0.15,0,"12","IRAK1BP1"
0,0.707219511748527,0.269,0.135,0,"12","PNMA2"
0,0.679784888586363,0.253,0.119,0,"12","CLVS1"
0,0.43090271083971,0.286,0.152,0,"12","ATP6V1A"
0,0.306895617061977,0.287,0.153,0,"12","PIK3CB"
0,0.344520882844784,0.251,0.118,0,"12","CDC73"
0,0.602416754162429,0.254,0.121,0,"12","SYNJ1"
0,0.339643884073638,0.294,0.161,0,"12","YTHDC2"
0,0.306000493705677,0.303,0.17,0,"12","HSPH1"
0,0.26082343016489,0.31,0.178,0,"12","GCC2"
0,0.715048996939411,0.251,0.119,0,"12","STMN3"
0,0.453447343256834,0.254,0.122,0,"12","LRRC4B"
0,0.367410941922178,0.302,0.17,0,"12","FAM126B"
0,0.258410114785719,0.299,0.167,0,"12","AKAP11"
0,0.349560352544309,0.284,0.152,0,"12","MAST3"
0,0.673190994139651,0.264,0.133,0,"12","SSX2IP"
0,0.250513559314678,0.327,0.196,0,"12","DZIP3"
0,0.833874304963958,0.261,0.13,0,"12","ANO3"
0,0.722299232531413,0.256,0.125,0,"12","GOLGA8B"
0,0.367075389273744,0.281,0.152,0,"12","IQSEC1"
0,0.44129382505256,0.252,0.123,0,"12","FBXO42"
0,0.666988825504216,0.252,0.123,0,"12","PLXNA2"
0,0.272375934113391,0.33,0.201,0,"12","CTDSPL"
0,0.442816151973585,0.266,0.137,0,"12","AP2A2"
0,0.537638476537495,0.251,0.122,0,"12","SERGEF"
0,0.398496822364409,0.291,0.162,0,"12","ODF2L"
0,0.262104435765639,0.319,0.191,0,"12","ATP6V1H"
0,0.363448825066602,0.271,0.144,0,"12","ACAP3"
0,0.516687408385404,0.269,0.142,0,"12","TAGLN3"
0,0.510241873969506,0.256,0.129,0,"12","BTBD10"
0,0.294435902502385,0.313,0.187,0,"12","FAM13A"
0,0.556294440912539,0.254,0.128,0,"12","NMT2"
0,0.679685145350536,0.253,0.128,0,"12","EPHB6"
0,0.274048641705413,0.305,0.18,0,"12","MICU3"
0,0.335667471232823,0.292,0.167,0,"12","FSTL5"
0,0.259537467640635,0.283,0.159,0,"12","RAB28"
0,0.462122049649165,0.253,0.13,0,"12","TUBB"
0,0.49402523859726,0.262,0.139,0,"12","ME1"
0,0.306990519165668,0.281,0.159,0,"12","HTT"
0,0.431534988290014,0.277,0.156,0,"12","SYN1"
0,0.279336700005745,0.255,0.134,0,"12","MSH3"
0,0.403726963098846,0.258,0.137,0,"12","RHBDD2"
0,0.353687923576169,0.262,0.142,0,"12","MPHOSPH9"
0,0.326409910725214,0.261,0.142,0,"12","ABL2"
0,0.311091326193219,0.28,0.161,0,"12","HPRT1"
0,0.423421670887804,0.253,0.134,0,"12","NPAS2"
0,0.294939788913648,0.296,0.177,0,"12","LRRFIP1"
0,1.0191597288,0.388,0.269,0,"12","MGAT4C"
0,0.341448130923792,0.271,0.154,0,"12","ATP6V1B2"
0,0.383652422690364,0.258,0.142,0,"12","NNT"
0,0.295462688925025,0.26,0.144,0,"12","PPP2R1A"
0,0.353457378883547,0.253,0.137,0,"12","ABCA3"
0,0.270074619418455,0.255,0.141,0,"12","ZYG11B"
0,0.280249330396817,0.259,0.145,0,"12","CENPC"
0,0.280625774081986,0.25,0.136,0,"12","FAM66D"
0,0.36770862205351,0.254,0.142,0,"12","RNF24"
0,0.571348926166756,0.252,0.14,0,"12","ELAVL2"
0,0.327872965762791,0.272,0.161,0,"12","SESN3"
0,0.250323381441415,0.327,0.217,0,"12","EPHA4"
0,0.361443730364809,0.256,0.146,0,"12","ADCY9"
0,0.323951698553615,0.254,0.148,0,"12","TSPYL2"
0,0.299531489025394,0.273,0.171,0,"12","PDE10A"
0,0.540631645571136,0.99,0.895,0,"12","DLG2"
0,2.81194140115259,0.752,0.18,0,"13","ADGRV1"
0,3.293379583708,0.696,0.142,0,"13","GFAP"
0,3.0717450524961,0.667,0.172,0,"13","GLIS3"
0,3.08833295887611,0.607,0.114,0,"13","AQP4"
0,2.29485016050632,0.671,0.23,0,"13","PITPNC1"
0,2.28973786213255,0.744,0.304,0,"13","PRKG1"
0,2.71447656635122,0.98,0.559,0,"13","DPP10"
0,2.38385128780544,0.579,0.162,0,"13","PARD3"
0,2.38250883736779,0.6,0.184,0,"13","RYR3"
0,2.30095912135401,0.6,0.188,0,"13","LINC00609"
0,1.75087437151226,0.923,0.518,0,"13","NEAT1"
0,2.06368795627673,0.839,0.439,0,"13","DTNA"
0,5.93007723419571,0.412,0.013,0,"13","AC073941.1"
0,3.19939709496837,0.498,0.1,0,"13","RFX4"
0,2.47161245056644,0.643,0.25,0,"13","MT2A"
0,1.58209060830357,0.653,0.262,0,"13","GPC5"
0,5.18811198196542,0.403,0.022,0,"13","CD44"
0,2.10466798320589,0.466,0.088,0,"13","VCAN"
0,4.09313068052077,0.418,0.043,0,"13","FAM189A2"
0,3.91173038550536,0.44,0.065,0,"13","MIR4300HG"
0,3.02139286127005,0.453,0.081,0,"13","RNF219-AS1"
0,2.6535967369355,0.492,0.121,0,"13","ITPKB"
0,2.61532748940473,0.499,0.128,0,"13","GRAMD2B"
0,2.28458654117274,0.694,0.324,0,"13","ADCY2"
0,2.18877823082318,0.726,0.357,0,"13","NEBL"
0,2.39934508432752,0.512,0.146,0,"13","NKAIN3"
0,2.40629794297312,0.485,0.129,0,"13","PARD3B"
0,2.84166306682062,0.524,0.177,0,"13","ARHGEF4"
0,6.09048710496081,0.357,0.011,0,"13","TNC"
0,2.18380424700411,0.68,0.337,0,"13","SORBS1"
0,2.63098923010695,0.437,0.098,0,"13","HIF3A"
0,2.22045520667603,0.571,0.236,0,"13","TRPM3"
0,2.23251922300894,0.46,0.127,0,"13","ATP1A2"
0,5.38627865288387,0.344,0.017,0,"13","AQP1"
0,5.24439511950742,0.351,0.03,0,"13","LINC01088"
0,1.47537627907184,0.729,0.411,0,"13","CDH20"
0,1.68264391194441,0.487,0.175,0,"13","APOE"
0,1.15554168749601,0.951,0.642,0,"13","NRG3"
0,0.981525323237593,0.588,0.282,0,"13","SLC1A3"
0,2.35627407864125,0.414,0.108,0,"13","TPD52L1"
0,1.64087813543422,0.538,0.233,0,"13","MAML2"
0,1.95711718877642,0.565,0.26,0,"13","TRPS1"
0,2.70972403962391,0.381,0.079,0,"13","BMPR1B"
0,2.02315912584007,0.518,0.218,0,"13","MSI2"
0,5.19498902792248,0.312,0.015,0,"13","WDR49"
0,1.3858852732033,0.866,0.573,0,"13","GPM6A"
0,0.840590981213656,0.557,0.266,0,"13","SLC1A2"
0,1.13065487824646,0.864,0.58,0,"13","CTNNA2"
0,1.43818041719267,0.689,0.409,0,"13","NFIA"
0,1.26650940021097,0.572,0.301,0,"13","FBXL7"
0,3.26378525943051,0.317,0.049,0,"13","SLC14A1"
0,2.00659175659471,0.379,0.112,0,"13","GJA1"
0,1.00603172646213,0.86,0.594,0,"13","ZBTB20"
0,2.18659293385685,0.48,0.217,0,"13","ABLIM1"
0,1.3702555159988,0.928,0.665,0,"13","NPAS3"
0,2.41150865379705,0.337,0.075,0,"13","RANBP3L"
0,0.364198341519176,0.795,0.536,0,"13","ERBB4"
0,1.7446124953937,0.64,0.385,0,"13","FMN2"
0,2.92127246645414,0.314,0.06,0,"13","SLC7A11"
0,1.15428306066324,0.686,0.434,0,"13","SOX5"
0,2.37148924542753,0.462,0.215,0,"13","DCLK2"
0,3.3629188972294,0.3,0.053,0,"13","MARCH3"
0,1.25775667542491,0.75,0.503,0,"13","CLU"
0,2.61934171013586,0.442,0.197,0,"13","AQP4-AS1"
0,1.09065720082345,0.421,0.179,0,"13","PTPRZ1"
0,3.04065272384106,0.311,0.071,0,"13","KCNN3"
0,1.61242523437781,0.895,0.656,0,"13","CTNND2"
0,1.55189228822914,0.829,0.592,0,"13","MIR99AHG"
0,2.96068695767037,0.29,0.055,0,"13","ZFP36L1"
0,2.91024104648397,0.297,0.063,0,"13","SPON1"
0,1.93198059939572,0.425,0.192,0,"13","AHCYL1"
0,2.81595359909102,0.294,0.061,0,"13","NPL"
0,2.69564754587002,0.291,0.058,0,"13","ANGPTL4"
0,1.45709344892189,0.379,0.149,0,"13","SOX6"
0,3.34034568118274,0.27,0.04,0,"13","ITGB4"
0,1.52153323001931,0.554,0.328,0,"13","PRKCA"
0,0.924436563339828,0.779,0.556,0,"13","RORA"
0,1.53034258578055,0.407,0.185,0,"13","KANK1"
0,2.22648634906881,0.326,0.106,0,"13","MT1E"
0,3.17597593265344,0.27,0.055,0,"13","RGMA"
0,1.55796231151635,0.582,0.367,0,"13","NAV2"
0,1.4690444638407,0.482,0.267,0,"13","MGAT4C"
0,1.55400696720174,0.414,0.202,0,"13","LIFR"
0,3.10895516263167,0.253,0.042,0,"13","STON2"
0,2.08865085373653,0.309,0.099,0,"13","LRIG1"
0,2.02451541650111,0.375,0.166,0,"13","BCKDHB"
0,1.93730341062852,0.34,0.132,0,"13","CRB1"
0,1.16338700536898,0.872,0.664,0,"13","NTM"
0,2.68400409056115,0.284,0.078,0,"13","AC002429.2"
0,1.4293788893784,0.449,0.244,0,"13","AL589740.1"
0,2.20170157132662,0.355,0.154,0,"13","MGST1"
0,1.33329400902045,0.684,0.486,0,"13","MACF1"
0,1.17049199564363,0.789,0.593,0,"13","WWOX"
0,1.08503137200367,0.969,0.774,0,"13","LSAMP"
0,1.56224573016878,0.467,0.274,0,"13","FYN"
0,2.23940606881016,0.364,0.171,0,"13","RNF19A"
0,1.88955881208934,0.326,0.141,0,"13","ZNRF3"
0,1.32642433960037,0.66,0.478,0,"13","CNTN1"
0,2.43998069043562,0.253,0.071,0,"13","FAM107A"
0,2.05503996352963,0.33,0.149,0,"13","DOCK7"
0,2.49338126111511,0.263,0.085,0,"13","ADCY8"
0,1.30792251339113,0.559,0.382,0,"13","TNIK"
0,2.10304152869854,0.27,0.095,0,"13","ADAMTSL3"
0,1.36620677054594,0.396,0.222,0,"13","SASH1"
0,2.29663907755392,0.256,0.084,0,"13","MTSS1L"
0,0.881305330306484,0.435,0.267,0,"13","CST3"
0,1.0576975817082,0.634,0.469,0,"13","SPARCL1"
0,2.36722093247607,0.251,0.088,0,"13","NCAN"
0,1.67646179241882,0.269,0.107,0,"13","FOXO1"
0,1.21621989241495,0.315,0.154,0,"13","PON2"
0,2.2516000562172,0.254,0.094,0,"13","ADAMTS9-AS2"
0,0.672743088012159,0.744,0.586,0,"13","NAV3"
0,1.41699360171385,0.281,0.125,0,"13","PREX2"
0,0.918962153620877,0.625,0.47,0,"13","AC092691.1"
0,2.10018841865617,0.266,0.112,0,"13","PALLD"
0,1.16099921482325,0.387,0.233,0,"13","ITPR2"
0,1.57879391038982,0.299,0.15,0,"13","RHOBTB3"
0,1.61479583104235,0.375,0.227,0,"13","MAP3K5"
0,1.17032008402559,0.401,0.254,0,"13","MEIS2"
0,2.30973358814043,0.263,0.117,0,"13","PLEC"
0,1.12120427387101,0.343,0.197,0,"13","NDRG2"
0,1.09904901939629,0.407,0.261,0,"13","SLC39A11"
0,1.14312100020437,0.397,0.253,0,"13","LPP"
0,1.52487004382029,0.269,0.128,0,"13","SLC4A4"
0,1.54815838118161,0.362,0.221,0,"13","AHCYL2"
0,1.25475523499455,0.413,0.273,0,"13","ADD3"
0,1.97989797901325,0.26,0.121,0,"13","FAM182B"
0,1.51984463293966,0.359,0.22,0,"13","CSGALNACT1"
0,1.83904959572985,0.274,0.136,0,"13","HSPB1"
0,1.45076585524096,0.362,0.225,0,"13","ZHX3"
0,1.78429081827146,0.25,0.114,0,"13","TCF7L2"
0,1.47552002539691,0.344,0.208,0,"13","ASPH"
0,1.59136599454069,0.367,0.232,0,"13","CHPT1"
0,1.32728939727432,0.293,0.158,0,"13","IQCK"
0,2.16514569900814,0.28,0.147,0,"13","SNED1"
0,1.31102622790405,0.424,0.291,0,"13","RPS6KA2"
0,1.67406405803918,0.378,0.245,0,"13","DAAM1"
0,1.22416174289017,0.51,0.378,0,"13","FUT9"
0,1.05196662799817,0.597,0.467,0,"13","NTRK2"
0,1.41631451062793,0.327,0.2,0,"13","GPR75-ASB3"
0,1.08838367526022,0.456,0.329,0,"13","CPE"
0,1.6198920890693,0.279,0.154,0,"13","SFXN5"
0,1.26855826281452,0.318,0.193,0,"13","BCL2"
0,1.31380066753837,0.323,0.199,0,"13","GPC6"
0,1.72112922430388,0.26,0.137,0,"13","BMPR1A"
0,1.43003837332173,0.346,0.224,0,"13","APC"
0,0.80995428703593,0.294,0.173,0,"13","DAAM2"
0,1.15702368167905,0.395,0.275,0,"13","AC245297.3"
0,1.04059295532897,0.302,0.182,0,"13","LMCD1-AS1"
0,1.73183932728978,0.293,0.173,0,"13","CAMK2G"
0,1.60416881423941,0.291,0.173,0,"13","PTCHD1-AS"
0,1.29859857302194,0.333,0.216,0,"13","OPHN1"
0,1.69422061718667,0.273,0.157,0,"13","ACADVL"
0,1.19937707578559,0.549,0.436,0,"13","PDE4DIP"
0,1.12256466480495,0.256,0.144,0,"13","ZHX2"
0,0.941873320553748,0.432,0.321,0,"13","NFIB"
0,0.838209289542808,0.649,0.539,0,"13","MAPK10"
0,1.6350934059804,0.276,0.169,0,"13","FARP1"
0,1.01456943818863,0.615,0.51,0,"13","TNRC6A"
0,1.36298863483858,0.263,0.16,0,"13","SAMD4A"
0,1.49804180664747,0.297,0.196,0,"13","ABR"
0,0.94728731473573,0.299,0.199,0,"13","L3MBTL4"
0,1.53581710919821,0.271,0.173,0,"13","TAB2"
0,1.29720534681917,0.312,0.217,0,"13","PRKD1"
0,0.916316002673492,0.26,0.166,0,"13","RAD51B"
0,1.15113744281409,0.456,0.366,0,"13","DCLK1"
0,1.01916558223119,0.48,0.397,0,"13","GABRB1"
0,0.906711336394862,0.38,0.298,0,"13","NAV1"
0,0.671413479180649,0.316,0.236,0,"13","SLC9A9"
0,1.45890987789669,0.258,0.181,0,"13","DDAH1"
0,0.733567882257681,0.285,0.209,0,"13","KNOP1"
0,0.800760139766293,0.757,0.682,0,"13","DST"
0,0.973125227193364,0.263,0.189,0,"13","FIGN"
0,1.00548060937879,0.312,0.238,0,"13","ARHGAP5"
0,0.972390881712563,0.354,0.282,0,"13","MT3"
0,0.713078689400689,0.366,0.296,0,"13","FNBP1"
0,1.11738936997299,0.345,0.276,0,"13","BICD1"
0,0.851351689772205,0.423,0.358,0,"13","ARHGAP26"
0,0.985658154363365,0.374,0.31,0,"13","REV3L"
0,0.779956334747202,0.332,0.269,0,"13","NAALADL2"
0,0.594038990804502,0.842,0.781,0,"13","PPP2R2B"
0,0.922431185636151,0.399,0.34,0,"13","RFX3"
0,0.836799231001729,0.453,0.394,0,"13","PLEKHA5"
0,0.810568606014297,0.34,0.282,0,"13","PHYHIPL"
0,0.626442813389446,0.432,0.377,0,"13","ASTN2"
0,0.798869374263565,0.295,0.241,0,"13","DGKG"
0,1.22675360784539,0.292,0.24,0,"13","MEF2C-AS1"
0,1.01129324401225,0.296,0.245,0,"13","CARMIL1"
0,0.843650499701483,0.261,0.215,0,"13","LRP4"
0,0.595992479113274,0.492,0.449,0,"13","NRCAM"
0,0.983486166887375,0.259,0.217,0,"13","LHFPL6"
0,0.729915383063654,0.505,0.463,0,"13","NCOA1"
0,1.02662591332272,0.295,0.253,0,"13","MED12L"
0,0.851867142328025,0.341,0.3,0,"13","TTC28"
0,0.826037612718589,0.448,0.408,0,"13","MED13L"
0,0.685264433432797,0.479,0.439,0,"13","DDX17"
0,0.948826844685666,0.322,0.283,0,"13","AC073050.1"
0,0.760875373698276,0.387,0.358,0,"13","SSBP2"
0,0.914865432523378,0.386,0.358,0,"13","CACNA2D3"
0,0.670404535843753,0.494,0.472,0,"13","MKLN1"
0,0.351186391348016,0.545,0.534,0,"13","DOCK4"
0,0.294423999808312,0.747,0.755,0,"13","ANK2"
0,0.630958368250488,0.458,0.462,0,"13","TMEM161B-AS1"
0,0.53474867642236,0.51,0.512,0,"13","PNISR"
0,0.529718117014117,1,1,0,"13","MALAT1"
3.77475828372553e-15,0.565340111914613,0.762,0.79,9.85287407218038e-11,"13","SLC26A3"
1.22124532708767e-14,0.484412764317702,0.36,0.32,3.18769455276424e-10,"13","USP39"
3.11528580709819e-13,0.870769718859503,0.289,0.267,8.13151901368769e-09,"13","LINC00461"
1.3882228699913e-12,0.537689030174451,0.252,0.21,3.62353933525128e-08,"13","FKBP5"
1.27904353774966e-11,0.280207584915203,0.316,0.263,3.33855944223416e-07,"13","GPRC5B"
8.28870305724649e-10,0.326137915875023,0.501,0.507,2.16351727200248e-05,"13","FHIT"
3.39521990522229e-08,0.740366840597579,0.257,0.239,0.000886220299661122,"13","MUC20-OT1"
3.91477079642044e-08,0.296968676056271,0.532,0.556,0.00102183347328166,"13","CADM1"
1.29977325791231e-07,0.763959715025411,0.266,0.255,0.0033926681578027,"13","FAM171A1"
1.97235200838364e-07,0.581206648309533,0.353,0.359,0.00514823321228297,"13","NTRK3"
1.79350614071261e-06,0.44593468102146,0.346,0.339,0.0468140972848805,"13","BAZ2B"
0,4.21503025985766,0.811,0.059,0,"14","PLCH1"
0,2.59397224756478,0.842,0.147,0,"14","TSHZ2"
0,2.27916976538758,0.852,0.21,0,"14","RORB"
0,1.83955448212002,0.955,0.321,0,"14","CNTN5"
0,2.01949475077956,0.879,0.253,0,"14","DCC"
0,2.22625891828315,0.893,0.271,0,"14","PTPRT"
0,2.1441879644253,0.8,0.203,0,"14","PDZRN4"
0,2.87530924362726,0.738,0.148,0,"14","CPNE4"
0,1.9192907328452,0.849,0.263,0,"14","MGAT4C"
0,2.77884600276127,0.763,0.18,0,"14","AC090568.2"
0,2.56504026780407,0.736,0.16,0,"14","ZNF804B"
0,2.38548411254548,0.732,0.16,0,"14","TRHDE"
0,2.11831768833428,0.78,0.209,0,"14","POU6F2"
0,1.7855261326984,0.937,0.379,0,"14","GRM7"
0,1.44022184620604,0.982,0.426,0,"14","RALYL"
0,1.63584210271031,0.877,0.322,0,"14","UNC5D"
0,1.79939749579299,0.794,0.246,0,"14","FAM19A1"
0,1.97666921762137,0.776,0.239,0,"14","GUCY1A2"
0,1.61185889390271,0.846,0.31,0,"14","NELL2"
0,1.50358405492769,0.939,0.405,0,"14","KHDRBS2"
0,1.27953724249765,0.956,0.434,0,"14","IQCJ-SCHIP1"
0,4.21413796042333,0.568,0.046,0,"14","OTOGL"
0,1.87017702361803,0.718,0.199,0,"14","SEMA6D"
0,1.31345566615457,0.859,0.341,0,"14","KCTD16"
0,1.09735915798536,0.953,0.435,0,"14","KCNQ5"
0,1.64082833094523,0.817,0.306,0,"14","PRKG1"
0,1.56629597567223,0.978,0.468,0,"14","SNTG1"
0,1.8504296120999,0.665,0.163,0,"14","FSTL5"
0,1.29504254452379,0.855,0.355,0,"14","LRFN5"
0,1.40587063649858,0.801,0.302,0,"14","ADGRL2"
0,1.76205846249976,0.721,0.222,0,"14","CDH8"
0,1.38505832923885,0.95,0.451,0,"14","RIMS2"
0,1.34008535146471,0.831,0.333,0,"14","FAM19A2"
0,1.42016228768818,0.966,0.47,0,"14","TENM2"
0,1.86633095539027,0.734,0.239,0,"14","SCN3A"
0,3.07787856833731,0.581,0.086,0,"14","AC073365.1"
0,1.70756692885685,0.718,0.224,0,"14","CLSTN2"
0,1.41107314895288,0.831,0.342,0,"14","KHDRBS3"
0,1.52729893398938,0.968,0.48,0,"14","LRRC4C"
0,1.02780565265314,0.91,0.424,0,"14","RYR2"
0,1.68736982970591,0.77,0.284,0,"14","CELF4"
0,1.48643281368805,0.811,0.327,0,"14","RIMS1"
0,1.41203103106786,0.822,0.339,0,"14","RASAL2"
0,1.54094491991173,0.771,0.289,0,"14","GRIA1"
0,1.37730494209073,0.935,0.455,0,"14","RGS7"
0,1.2760413266975,0.864,0.384,0,"14","THRB"
0,1.10616570720695,0.839,0.359,0,"14","DLGAP2"
0,2.55890670704181,0.604,0.126,0,"14","ANO3"
0,1.1504365151955,0.818,0.341,0,"14","LDB2"
0,1.82590095796816,0.693,0.218,0,"14","PCSK2"
0,1.3055612058267,0.808,0.334,0,"14","PCLO"
0,1.27269684886715,0.835,0.361,0,"14","DCLK1"
0,1.10465468331318,0.898,0.426,0,"14","KALRN"
0,1.34212985183678,0.799,0.33,0,"14","EFNA5"
0,1.15620747740713,0.813,0.344,0,"14","CNTNAP5"
0,2.3627869921825,0.587,0.122,0,"14","KCNH5"
0,1.41019963569761,0.922,0.459,0,"14","NBEA"
0,2.39832629568781,0.556,0.097,0,"14","VWC2L"
0,1.35554431792859,0.78,0.321,0,"14","BASP1"
0,1.65630222079225,0.682,0.224,0,"14","SATB2"
0,0.973417839295714,0.837,0.38,0,"14","PRKCB"
0,1.72961677941957,0.667,0.213,0,"14","EPHA4"
0,1.15787596262582,0.944,0.49,0,"14","MEF2C"
0,1.01689264953389,0.892,0.44,0,"14","R3HDM1"
0,1.05747743784907,0.793,0.347,0,"14","ARPP21"
0,0.982749097623721,0.859,0.413,0,"14","AGBL4"
0,1.26063325982331,0.756,0.31,0,"14","MKL2"
0,1.51059212581769,0.983,0.537,0,"14","NEGR1"
0,1.22743355491636,0.978,0.535,0,"14","CELF2"
0,0.56013408687808,0.889,0.447,0,"14","STXBP5L"
0,1.95173916259727,0.569,0.127,0,"14","PCDH11Y"
0,0.951892855478742,0.801,0.36,0,"14","GRIN2A"
0,1.65897181294404,0.662,0.222,0,"14","GABRG2"
0,1.27514373995972,0.747,0.308,0,"14","CNKSR2"
0,1.23038421380919,0.714,0.275,0,"14","KCNH7"
0,0.765299951921881,0.909,0.471,0,"14","FGF12"
0,0.841452703708353,0.87,0.432,0,"14","CSMD3"
0,0.807533445813264,0.86,0.422,0,"14","GRM5"
0,1.35063349649145,0.732,0.295,0,"14","CDK14"
0,1.17179447816632,0.846,0.41,0,"14","FOXP1"
0,1.51482335358706,0.636,0.201,0,"14","SLC44A5"
0,1.17422117704407,0.832,0.397,0,"14","RTN1"
0,0.889007004523139,0.865,0.433,0,"14","CCSER1"
0,1.02480993775816,0.781,0.35,0,"14","NECAB1"
0,1.25193323267389,0.728,0.297,0,"14","HECW1"
0,1.27912023887467,0.686,0.258,0,"14","OLFM3"
0,1.21640138643512,0.733,0.305,0,"14","GABRB3"
0,1.5196868110497,0.675,0.251,0,"14","NR2F1-AS1"
0,1.35210591216239,0.673,0.251,0,"14","SH3GL2"
0,1.10956534913923,0.692,0.272,0,"14","ST6GALNAC5"
0,1.19890740844552,0.7,0.28,0,"14","SORBS2"
0,1.57113741480548,0.626,0.207,0,"14","KCNB2"
0,1.1422513295267,0.73,0.311,0,"14","KCNQ3"
0,1.8435354589001,0.546,0.129,0,"14","FOXP2"
0,0.970304429049355,0.749,0.333,0,"14","CACNA1B"
0,1.30517560338739,0.721,0.307,0,"14","NRGN"
0,0.270396671612514,0.841,0.427,0,"14","DSCAM"
0,1.17973599536349,0.715,0.302,0,"14","SCN2A"
0,0.894902298466813,0.992,0.58,0,"14","SYT1"
0,1.17517827603568,0.719,0.308,0,"14","CHSY3"
0,0.751022746273618,0.927,0.517,0,"14","FRMD4A"
0,0.271735350477195,0.942,0.532,0,"14","FGF14"
0,1.13614344751096,0.692,0.284,0,"14","HCN1"
0,1.1081955722428,0.73,0.322,0,"14","CACNA1A"
0,0.937611763444548,0.759,0.352,0,"14","GABRB2"
0,0.473894372743165,0.84,0.433,0,"14","SOX5"
0,2.53531057113708,0.503,0.097,0,"14","AC109466.1"
0,0.851720387639893,0.855,0.45,0,"14","SNAP25"
0,0.842842757499206,0.994,0.59,0,"14","CSMD1"
0,1.61151631011829,0.6,0.196,0,"14","CAMK4"
0,1.54896110870451,0.556,0.153,0,"14","PCDH11X"
0,0.701932751421552,0.843,0.44,0,"14","OXR1"
0,1.00270152233805,0.736,0.333,0,"14","CAMK1D"
0,0.570480410680382,0.948,0.546,0,"14","DLGAP1"
0,1.09951702335695,0.763,0.362,0,"14","ARHGAP32"
0,1.10395856250727,0.896,0.496,0,"14","PPFIA2"
0,0.413384626927898,0.959,0.561,0,"14","LRRTM4"
0,1.38357803927967,0.597,0.2,0,"14","UBE2E3"
0,0.998869063347213,0.987,0.591,0,"14","FAM155A"
0,0.982407633184299,0.749,0.354,0,"14","MSRA"
0,1.04752126711583,0.694,0.299,0,"14","SYN2"
0,0.97309697456667,0.804,0.41,0,"14","SYNE1"
0,0.707664071400265,0.733,0.339,0,"14","CHRM3"
0,1.31786291911632,0.621,0.23,0,"14","SYT14"
0,0.781684515480578,0.775,0.385,0,"14","FMN2"
0,0.817164142771385,0.783,0.393,0,"14","GABRB1"
0,0.731060193887463,0.708,0.318,0,"14","MMP16"
0,1.95296443473164,0.503,0.115,0,"14","UNC13C"
0,1.52916805326185,0.581,0.194,0,"14","CNTN3"
0,2.34560414011155,0.48,0.094,0,"14","NREP"
0,0.349848119571417,0.948,0.562,0,"14","DPP10"
0,1.29477718796007,0.556,0.171,0,"14","LCORL"
0,0.934055547121784,0.702,0.318,0,"14","CNTN4"
0,0.796442395215274,0.926,0.543,0,"14","LRRC7"
0,1.46026379226402,0.587,0.204,0,"14","SLC39A10"
0,2.54035951936614,0.468,0.085,0,"14","RXFP1"
0,1.80302367181164,0.542,0.16,0,"14","MLIP"
0,0.624613724050895,0.897,0.516,0,"14","KAZN"
0,0.623238062835231,0.752,0.371,0,"14","PDE1A"
0,0.603774620497796,0.758,0.377,0,"14","FRMPD4"
0,1.1243621074852,0.652,0.273,0,"14","GABBR2"
0,0.626612140654672,0.857,0.479,0,"14","CHN1"
0,1.44442131196964,0.566,0.188,0,"14","ZMAT4"
0,0.422518647741772,0.822,0.444,0,"14","MDGA2"
0,0.816339361660789,0.813,0.437,0,"14","RABGAP1L"
0,0.594608304404221,0.82,0.444,0,"14","NRCAM"
0,0.810827524901076,0.717,0.342,0,"14","MYT1L"
0,0.526943141916214,0.716,0.341,0,"14","CDH18"
0,0.788654700324885,0.716,0.342,0,"14","SLC4A10"
0,1.11496946116168,0.67,0.297,0,"14","UCHL1"
0,0.756524343469581,0.89,0.517,0,"14","GRIA2"
0,1.74451881432815,0.514,0.144,0,"14","SNED1"
0,1.17042912520328,0.636,0.266,0,"14","GALNT17"
0,2.86792293347593,0.422,0.053,0,"14","AL109930.1"
0,0.573853549010144,0.833,0.464,0,"14","PHACTR1"
0,0.944801039532195,0.685,0.317,0,"14","FBXW7"
0,0.994890497943047,0.675,0.308,0,"14","MLLT3"
0,0.388679028886458,0.834,0.467,0,"14","AC092691.1"
0,1.01876218131888,0.521,0.155,0,"14","SYNPR"
0,1.01512850421981,0.998,0.633,0,"14","KCNIP4"
0,0.671918837310425,0.632,0.267,0,"14","NRG1"
0,1.32918574888218,0.573,0.208,0,"14","NOL4"
0,0.839512054828579,0.813,0.448,0,"14","MAP1B"
0,1.91352087009016,0.464,0.1,0,"14","PTCHD4"
0,2.15108803484759,0.478,0.114,0,"14","AC022639.1"
0,0.774551363791195,0.77,0.407,0,"14","MYCBP2"
0,0.685809381972922,0.946,0.584,0,"14","NAV3"
0,1.15146037861123,0.61,0.25,0,"14","STXBP1"
0,1.05378767409497,0.67,0.311,0,"14","IDS"
0,0.983252281715024,0.608,0.249,0,"14","GABRG3"
0,0.487425153302993,0.871,0.513,0,"14","PPP3CA"
0,1.27970530636241,0.58,0.224,0,"14","OLFM1"
0,0.986100533904682,0.657,0.302,0,"14","SNAP91"
0,0.601337361087352,0.781,0.426,0,"14","KCNMA1"
0,0.518638168513813,0.767,0.413,0,"14","MAP2"
0,0.632176806610951,0.825,0.472,0,"14","MACROD2"
0,0.559848207970554,0.931,0.58,0,"14","PDE4D"
0,0.748947458445747,0.899,0.549,0,"14","DMD"
0,0.963972419829001,0.641,0.292,0,"14","SLC2A13"
0,1.04355717167591,0.612,0.263,0,"14","SERPINI1"
0,0.75967022221118,0.708,0.359,0,"14","CACNA1C"
0,0.960488114367762,0.659,0.311,0,"14","TUBA1B"
0,0.828615011526016,0.992,0.644,0,"14","NRG3"
0,3.42179721268948,0.391,0.044,0,"14","SCHLAP1"
0,1.80921750235696,0.489,0.142,0,"14","CCDC3"
0,1.27613577949133,0.563,0.216,0,"14","SLC17A7"
0,1.05313717273564,0.592,0.248,0,"14","FAT3"
0,0.582001671350808,0.985,0.642,0,"14","NRXN1"
0,0.530046206430823,0.819,0.476,0,"14","CNTN1"
0,1.02969105457161,0.996,0.654,0,"14","CNTNAP2"
0,0.886696205747863,0.632,0.291,0,"14","PAK3"
0,0.550825859529783,0.877,0.536,0,"14","MAPK10"
0,0.727457278945006,0.678,0.338,0,"14","LINGO2"
0,1.14543416228598,0.573,0.234,0,"14","LMO4"
0,2.86592727230791,0.377,0.039,0,"14","PCBP3"
0,0.756115549986651,0.704,0.367,0,"14","HERC1"
0,0.649842553812268,0.69,0.353,0,"14","NTRK3"
0,0.479112432331395,0.767,0.431,0,"14","NOVA1"
0,1.02336864615971,0.971,0.635,0,"14","NKAIN2"
0,0.7863790640562,0.658,0.323,0,"14","DGKI"
0,1.61884578006147,0.458,0.123,0,"14","IL1RAPL2"
0,0.952809732904533,0.607,0.272,0,"14","SYP"
0,0.699326380682704,0.745,0.412,0,"14","FBXL17"
0,1.56194809958963,0.488,0.157,0,"14","STXBP5-AS1"
0,0.80461447752873,0.648,0.318,0,"14","CSRNP3"
0,1.24621547883007,0.537,0.209,0,"14","GPR158"
0,1.3349374742755,0.517,0.189,0,"14","GAP43"
0,0.928175953746668,0.583,0.256,0,"14","CDH10"
0,1.12500085706002,0.573,0.246,0,"14","PCSK1N"
0,1.92013586176708,0.439,0.113,0,"14","SLIT1"
0,0.458085054538205,0.668,0.342,0,"14","HS6ST3"
0,1.68878398723797,0.46,0.134,0,"14","ASXL3"
0,0.898701995628411,0.573,0.249,0,"14","SNCA"
0,1.41472664196759,0.492,0.168,0,"14","PDE10A"
0,1.45149428140226,0.452,0.13,0,"14","MPPED2"
0,0.844657453221579,0.577,0.255,0,"14","FMN1"
0,0.392352942550971,0.769,0.448,0,"14","CACNA2D1"
0,1.07392943263627,0.544,0.224,0,"14","PDZRN3"
0,0.852180836888322,0.561,0.241,0,"14","CARMIL1"
0,0.606334255885732,0.854,0.534,0,"14","AKT3"
0,1.17148215507014,0.535,0.217,0,"14","SPAG16"
0,1.72112699856841,0.455,0.137,0,"14","CACNB4"
0,0.556808114686502,0.619,0.302,0,"14","ZFPM2"
0,0.632978047462393,0.575,0.258,0,"14","KCNC2"
0,0.619883902883362,0.636,0.32,0,"14","AFF3"
0,0.626496134282505,0.627,0.312,0,"14","GRIN2B"
0,2.73793941225896,0.369,0.055,0,"14","MSC-AS1"
0,0.363460173620453,0.693,0.381,0,"14","ATP2B1"
0,0.624550806183938,0.649,0.338,0,"14","DYNC1I1"
0,0.711728293856189,0.666,0.356,0,"14","STMN1"
0,2.53390767903542,0.38,0.071,0,"14","AC008415.1"
0,0.877128417873985,0.597,0.288,0,"14","XKR6"
0,0.746563154966935,0.613,0.304,0,"14","SPTBN4"
0,0.852927692896134,0.58,0.271,0,"14","FOCAD"
0,0.639458791393544,0.775,0.469,0,"14","CALM1"
0,3.28326421476787,0.342,0.037,0,"14","AC246817.1"
0,0.455936709801203,0.896,0.592,0,"14","MIR99AHG"
0,0.678617727174005,0.596,0.292,0,"14","HDAC9"
0,0.895250722213098,0.54,0.238,0,"14","NEDD4L"
0,0.539788685491056,0.65,0.349,0,"14","FLRT2"
0,0.647635125675063,0.635,0.334,0,"14","NSF"
0,0.542230325286491,0.901,0.601,0,"14","TCF4"
0,1.1385114000527,0.479,0.179,0,"14","GABRA2"
0,0.463988611800028,0.765,0.465,0,"14","AHI1"
0,1.84265014833939,0.41,0.113,0,"14","LRRN3"
0,2.93391148625553,0.338,0.042,0,"14","TMEM196"
0,0.500900065594472,0.611,0.315,0,"14","ATP8A2"
0,0.804606798220312,0.564,0.268,0,"14","OSBPL6"
0,1.96038253317074,0.4,0.105,0,"14","STX1A"
0,0.692667990302904,0.548,0.253,0,"14","ZEB1"
0,1.47559437246564,0.437,0.142,0,"14","FAM189A1"
0,0.635803515592612,0.616,0.321,0,"14","LARGE1"
0,0.521552615047323,0.698,0.403,0,"14","GNAS"
0,0.870734430744253,0.534,0.24,0,"14","KCNJ3"
0,1.59927025462393,0.432,0.138,0,"14","KCNH1"
0,1.03977848554653,0.49,0.196,0,"14","AC025159.1"
0,0.457967525465166,0.733,0.439,0,"14","TTC3"
0,0.465457501420268,0.83,0.536,0,"14","JMJD1C"
0,1.60134212201809,0.44,0.147,0,"14","BASP1-AS1"
0,1.66892870457491,0.421,0.129,0,"14","TTC39C"
0,2.25449033793631,0.367,0.076,0,"14","PARM1"
0,2.25508575068663,0.36,0.069,0,"14","TCERG1L"
0,1.4162392271428,0.444,0.155,0,"14","SYN1"
0,0.296499967999101,0.528,0.239,0,"14","TRPM3"
0,1.18879644168274,0.479,0.19,0,"14","GABRA1"
0,1.1673108915197,0.483,0.194,0,"14","CDKL5"
0,0.871337332408376,0.535,0.247,0,"14","KIAA1549L"
0,2.92880484231505,0.326,0.038,0,"14","LRMP"
0,0.500174645673236,0.614,0.326,0,"14","PIK3R1"
0,0.658202718011561,0.969,0.682,0,"14","NRXN3"
0,0.480071336440639,0.558,0.272,0,"14","RNF144A"
0,0.805342621149757,0.556,0.271,0,"14","CERS6"
0,0.463425998622581,0.888,0.604,0,"14","GPHN"
0,1.15672471973564,0.47,0.186,0,"14","ICA1L"
0,1.19726651855505,0.457,0.174,0,"14","MARK1"
0,1.37303997666512,0.436,0.153,0,"14","FBXL2"
0,0.612936008348568,0.64,0.357,0,"14","HSP90AB1"
0,0.899038739848251,0.515,0.232,0,"14","GLCCI1"
0,0.985356045437168,0.493,0.211,0,"14","SV2B"
0,0.520900954003411,0.625,0.343,0,"14","UNC79"
0,0.824146954559469,0.517,0.236,0,"14","MEF2C-AS1"
0,0.311103123142133,0.662,0.381,0,"14","KCND2"
0,0.676361195242752,0.564,0.283,0,"14","PTPRN2"
0,0.787097972168527,0.544,0.265,0,"14","BRINP3"
0,0.876007158301542,0.505,0.226,0,"14","CCPG1"
0,0.602171906256868,0.607,0.328,0,"14","LINC00632"
0,0.297637612971756,0.854,0.576,0,"14","DOCK3"
0,0.840087371805708,0.532,0.254,0,"14","CALM3"
0,1.59585652794067,0.415,0.137,0,"14","LINC01378"
0,0.708426887125603,0.559,0.282,0,"14","DNM1"
0,0.712562238053207,0.528,0.251,0,"14","YWHAG"
0,0.56444851371297,0.597,0.32,0,"14","EHBP1"
0,0.689114965940645,0.541,0.265,0,"14","GLS"
0,1.74107996417124,0.376,0.101,0,"14","ADAMTS19"
0,3.14438212504789,0.317,0.042,0,"14","LINC01202"
0,0.360536660709868,0.709,0.434,0,"14","PDE4DIP"
0,0.337115720435882,0.629,0.355,0,"14","TMSB10"
0,0.279215362573856,0.8,0.526,0,"14","UBE2E2"
0,0.558796980973667,0.561,0.288,0,"14","CDH2"
0,1.35350599729538,0.429,0.156,0,"14","LINC01250"
0,1.02639110486938,0.468,0.195,0,"14","DZIP3"
0,0.412572681319673,0.633,0.36,0,"14","RAPGEF2"
0,1.08534909984171,0.455,0.182,0,"14","PAK5"
0,0.481327346719138,0.604,0.331,0,"14","GTDC1"
0,2.35231222845912,0.331,0.059,0,"14","ST6GAL2"
0,2.2677370959791,0.349,0.077,0,"14","DLGAP1-AS4"
0,1.28452382398956,0.412,0.141,0,"14","NSG2"
0,1.06943790676592,0.467,0.196,0,"14","SYT16"
0,1.62793283125963,0.377,0.107,0,"14","LINC01725"
0,1.11729152535847,0.452,0.182,0,"14","FZD3"
0,0.800136624583393,0.529,0.26,0,"14","PPM1L"
0,0.633636875114195,0.541,0.272,0,"14","ENO2"
0,0.362657068307377,0.623,0.354,0,"14","MYO5A"
0,0.693571588127196,0.527,0.259,0,"14","RAPGEF4"
0,0.741892749662278,0.521,0.253,0,"14","BMPR2"
0,2.78857830129409,0.324,0.056,0,"14","AL596451.1"
0,1.51638293822041,0.4,0.132,0,"14","SCN3B"
0,1.34703689319171,0.382,0.115,0,"14","NTNG1"
0,0.372529837794455,0.638,0.371,0,"14","HECW2"
0,0.381534505624085,0.647,0.381,0,"14","TRIO"
0,0.93621256226996,0.468,0.202,0,"14","YWHAH"
0,0.581322819111155,0.569,0.303,0,"14","EIF4A2"
0,0.307552489149109,0.719,0.453,0,"14","RTN3"
0,0.996914845079463,0.464,0.199,0,"14","SCAI"
0,0.956669432503189,0.477,0.212,0,"14","SNAP25-AS1"
0,0.579992758946091,0.504,0.24,0,"14","CCK"
0,0.314957923933069,0.719,0.455,0,"14","ARID1B"
0,2.63778216997231,0.299,0.036,0,"14","CHRM2"
0,0.591777426783434,0.538,0.275,0,"14","PPP1R12A"
0,0.282669870164396,0.617,0.355,0,"14","CACNA2D3"
0,0.898870044143681,0.387,0.125,0,"14","RHOBTB1"
0,1.07467420294926,0.453,0.191,0,"14","PRICKLE1"
0,1.12007475954866,0.419,0.157,0,"14","NDFIP2"
0,0.476284871999028,0.455,0.194,0,"14","CA10"
0,1.16810774533541,0.432,0.172,0,"14","MIR137HG"
0,0.818039332252453,0.477,0.218,0,"14","MCF2L2"
0,0.747184401522139,0.488,0.229,0,"14","ADAM22"
0,1.32480255017397,0.403,0.144,0,"14","KCNJ6"
0,1.28491464209916,0.401,0.143,0,"14","KIAA0319"
0,0.813760847361844,0.482,0.224,0,"14","NIN"
0,1.51525402592309,0.37,0.113,0,"14","NPTXR"
0,0.979796494879987,0.438,0.182,0,"14","ZNF483"
0,1.53199765004898,0.377,0.121,0,"14","PGM2L1"
0,2.56653388267562,0.302,0.047,0,"14","TTN"
0,1.14098241681416,0.426,0.171,0,"14","RUNDC3B"
0,0.587604487765426,0.544,0.29,0,"14","NDFIP1"
0,0.569817180139306,0.529,0.275,0,"14","UNC80"
0,3.17860161777772,0.29,0.036,0,"14","AC084816.1"
0,0.89733910722671,0.471,0.217,0,"14","YWHAB"
0,0.37430759540847,0.587,0.333,0,"14","WDPCP"
0,0.334635557130299,0.945,0.692,0,"14","ANKS1B"
0,1.44188320260086,0.378,0.128,0,"14","EPHB6"
0,0.539189567707691,0.517,0.267,0,"14","PI4KA"
0,1.38861856349449,0.389,0.14,0,"14","DPY19L2"
0,0.451606104340528,0.598,0.349,0,"14","MPHOSPH8"
0,0.332558838811341,0.629,0.38,0,"14","GPATCH8"
0,3.11563301364643,0.284,0.035,0,"14","TNNT2"
0,1.06016030084706,0.417,0.168,0,"14","TSPYL1"
0,1.96858626623858,0.324,0.076,0,"14","HPCA"
0,0.531089148333376,0.512,0.264,0,"14","MYRIP"
0,1.56648994196827,0.343,0.096,0,"14","NR2F1"
0,0.850438219285105,0.445,0.198,0,"14","ABCA5"
0,1.07962117262609,0.408,0.161,0,"14","CEP112"
0,3.16450499306421,0.277,0.031,0,"14","LINC01902"
0,1.42677000749458,0.356,0.11,0,"14","NEK11"
0,0.733682287098098,0.487,0.241,0,"14","SPTAN1"
0,0.944555812094641,0.449,0.204,0,"14","NMNAT2"
0,0.388329699295966,0.543,0.299,0,"14","MTUS2"
0,0.366858875606903,0.596,0.352,0,"14","PREPL"
0,0.424847522488232,0.562,0.319,0,"14","RBFOX2"
0,1.50201863353142,0.349,0.106,0,"14","PRR16"
0,0.9098261059812,0.432,0.189,0,"14","PRKAR1B"
0,0.383701559433761,0.584,0.341,0,"14","TSC22D1"
0,0.449965518304083,0.551,0.309,0,"14","CLSTN1"
0,0.295283043703455,0.531,0.289,0,"14","RGS6"
0,0.588688757449495,0.5,0.258,0,"14","SRGAP3"
0,0.267017994092114,0.899,0.658,0,"14","FTX"
0,0.542930435727468,0.481,0.24,0,"14","SORL1"
0,0.704845540804756,0.466,0.226,0,"14","LMO3"
0,1.54059295015882,0.351,0.111,0,"14","AC067956.1"
0,0.608115200680791,0.482,0.242,0,"14","PJA2"
0,0.555876872790782,0.512,0.272,0,"14","ARHGEF12"
0,1.11234936319719,0.403,0.164,0,"14","HOMER1"
0,4.53422031108749,0.25,0.011,0,"14","AC007656.1"
0,0.921685630659259,0.416,0.177,0,"14","NDRG4"
0,0.370061416261219,0.564,0.325,0,"14","DANT2"
0,0.397330176398776,0.574,0.335,0,"14","TTTY14"
0,0.477417065740698,0.547,0.309,0,"14","MAST4"
0,0.929952309854068,0.431,0.193,0,"14","CHD5"
0,0.70936375654173,0.437,0.199,0,"14","CMSS1"
0,1.02681374820904,0.408,0.17,0,"14","HSPH1"
0,1.49951266045421,0.346,0.109,0,"14","FAM81A"
0,0.302494735912116,0.791,0.554,0,"14","MT-ND1"
0,0.391932372616523,0.532,0.296,0,"14","GDAP1"
0,0.714018425515577,0.465,0.229,0,"14","PCNX2"
0,1.0325336780515,0.408,0.172,0,"14","FRRS1L"
0,0.999063412808687,0.418,0.182,0,"14","MYH10"
0,0.398860518832512,0.568,0.332,0,"14","CAMK2N1"
0,0.61567635646257,0.452,0.217,0,"14","SPATS2L"
0,0.835923976934398,0.439,0.204,0,"14","PPP2R2C"
0,0.358658285391474,0.484,0.249,0,"14","XKR4"
0,1.62822335851737,0.328,0.094,0,"14","TSHZ3"
0,0.393012223193125,0.514,0.28,0,"14","VSNL1"
0,0.456664853996803,0.515,0.281,0,"14","ANKRD36C"
0,0.558623061750643,0.462,0.229,0,"14","ARPP19"
0,0.726901928242025,0.436,0.203,0,"14","RASA2"
0,0.694425420207464,0.435,0.202,0,"14","PPFIBP1"
0,0.466307184626868,0.515,0.283,0,"14","STRBP"
0,0.664713755331868,0.461,0.229,0,"14","USP9Y"
0,1.37511871865281,0.303,0.071,0,"14","SYT17"
0,0.405869525450093,0.527,0.297,0,"14","NSD3"
0,1.51874131088848,0.328,0.098,0,"14","AC097478.1"
0,0.777791179351814,0.422,0.192,0,"14","SSBP3"
0,0.781678510820339,0.426,0.196,0,"14","PARP8"
0,0.303796984327587,0.553,0.325,0,"14","FER"
0,1.53239332034141,0.327,0.099,0,"14","EPHA7"
0,0.691013308756207,0.458,0.23,0,"14","NORAD"
0,1.61847724614631,0.302,0.074,0,"14","CXXC4"
0,0.542716813064478,0.487,0.259,0,"14","GDI1"
0,1.5308223578386,0.333,0.106,0,"14","SLC6A17"
0,0.377562060461108,0.542,0.315,0,"14","AC124312.1"
0,0.575813617667523,0.452,0.225,0,"14","DDX24"
0,0.444796007098632,0.494,0.267,0,"14","KIF5C"
0,0.437017757497046,0.502,0.275,0,"14","PKM"
0,0.519941607174811,0.47,0.244,0,"14","CCNI"
0,0.615645098885602,0.464,0.239,0,"14","ANKRD26"
0,2.51369822183139,0.263,0.039,0,"14","AC068051.1"
0,0.621021181245902,0.464,0.241,0,"14","SCN8A"
0,0.650687117661914,0.424,0.201,0,"14","APBA2"
0,0.555842328019411,0.47,0.248,0,"14","CELF1"
0,1.63776017551751,0.265,0.044,0,"14","MYLK"
0,0.381943427010287,0.505,0.284,0,"14","FAIM2"
0,1.35292236495158,0.314,0.093,0,"14","OSBPL3"
0,0.546761321022698,0.493,0.272,0,"14","MNAT1"
0,0.843474616988493,0.404,0.184,0,"14","KIAA0825"
0,0.353111283235266,0.459,0.239,0,"14","GAS7"
0,0.717911661206729,0.423,0.203,0,"14","WASF1"
0,1.02243457502014,0.36,0.14,0,"14","ELAVL2"
0,0.899046409563066,0.394,0.175,0,"14","JPH4"
0,0.885937358371649,0.375,0.156,0,"14","USP11"
0,0.526103591441449,0.444,0.225,0,"14","KLC1"
0,1.86474342251252,0.297,0.078,0,"14","SYT13"
0,2.23811842302968,0.276,0.058,0,"14","USP43"
0,1.01400358443979,0.379,0.161,0,"14","KIAA1211L"
0,1.02821771138505,0.378,0.16,0,"14","CELF5"
0,0.355974388400433,0.499,0.282,0,"14","ANKRD36"
0,1.52243019575054,0.323,0.106,0,"14","SYT4"
0,1.10495696277695,0.312,0.095,0,"14","C8orf34"
0,0.886695263310361,0.382,0.165,0,"14","LY6H"
0,0.419855926268855,0.475,0.258,0,"14","HECTD4"
0,0.475236095130483,0.463,0.247,0,"14","NAP1L1"
0,0.734261658435092,0.399,0.183,0,"14","NUAK1"
0,0.920749466748493,0.381,0.165,0,"14","CATSPER2"
0,0.309667093306179,0.528,0.313,0,"14","JAKMIP2"
0,0.412477053767614,0.497,0.282,0,"14","TMEM132B"
0,0.892009671415728,0.366,0.151,0,"14","PEA15"
0,0.937969324307407,0.386,0.171,0,"14","TARBP1"
0,0.570793167966492,0.442,0.227,0,"14","BRINP1"
0,1.72016783500408,0.3,0.085,0,"14","KIAA1549"
0,0.835705102111459,0.39,0.176,0,"14","ZFYVE9"
0,1.17047612697277,0.341,0.127,0,"14","AC019211.1"
0,0.490478339124322,0.454,0.24,0,"14","MICU1"
0,1.43686658684175,0.265,0.052,0,"14","ARHGAP15"
0,0.451608594222555,0.464,0.251,0,"14","ABI2"
0,0.394427958976042,0.465,0.252,0,"14","ATP2C1"
0,0.697419617352467,0.404,0.191,0,"14","ATP6V1H"
0,0.579294577422236,0.433,0.22,0,"14","YWHAZ"
0,1.10162296220512,0.367,0.154,0,"14","RAP1GAP2"
0,0.410472095422695,0.988,0.775,0,"14","LSAMP"
0,0.956618497323016,0.996,0.783,0,"14","ADGRB3"
0,0.410979940931365,0.477,0.265,0,"14","PDS5B"
0,0.483108961062681,0.457,0.246,0,"14","ADAM23"
0,1.18262916388706,0.34,0.129,0,"14","SLF1"
0,0.408750432771972,0.446,0.235,0,"14","AIG1"
0,1.49590962538181,0.32,0.11,0,"14","NWD2"
0,0.38500750948321,0.453,0.243,0,"14","COG5"
0,0.493323236356485,0.454,0.244,0,"14","CABP1"
0,0.979730240995162,0.351,0.141,0,"14","CREG2"
0,0.47172496069658,0.426,0.216,0,"14","DNAJC1"
0,0.939849761677139,0.377,0.167,0,"14","KCNB1"
0,0.445120536362474,0.479,0.269,0,"14","RPS6KC1"
0,1.5870618063947,0.294,0.084,0,"14","TTC9B"
0,0.993475562141115,0.351,0.142,0,"14","TAGLN3"
0,1.10468459092215,0.358,0.149,0,"14","MICAL2"
0,0.803603440577336,0.393,0.185,0,"14","ARHGAP44"
0,0.402733558736488,0.479,0.271,0,"14","DENND5B"
0,0.428257014421876,0.444,0.237,0,"14","CD47"
0,0.552759726782523,0.402,0.195,0,"14","UBE2B"
0,0.456630262569004,0.479,0.272,0,"14","ATP2B2"
0,1.16225914586418,0.34,0.134,0,"14","SSX2IP"
0,0.840794868429733,0.391,0.185,0,"14","FSTL4"
0,0.975698815613874,0.347,0.141,0,"14","PKNOX2"
0,0.597829825296391,0.412,0.206,0,"14","EXOC6"
0,1.15266304317528,0.352,0.146,0,"14","KCNQ2"
0,0.34200839209401,0.483,0.277,0,"14","SMARCA2"
0,0.451746304235827,0.468,0.263,0,"14","NCKAP1"
0,1.67642684508743,0.273,0.068,0,"14","AC113383.1"
0,0.829462668686495,0.386,0.181,0,"14","SYBU"
0,0.689785104820845,0.422,0.217,0,"14","ST7"
0,0.284527562551373,0.438,0.233,0,"14","WAC"
0,1.05002326963166,0.334,0.13,0,"14","RAP1GAP"
0,0.528957321087971,0.4,0.196,0,"14","MTCH1"
0,1.63597729403077,0.283,0.079,0,"14","COL6A1"
0,1.27789742846093,0.315,0.112,0,"14","SUSD4"
0,0.772945886854714,0.376,0.173,0,"14","AP001825.1"
0,0.449839539989953,0.412,0.209,0,"14","SEZ6L"
0,1.60999846094104,0.295,0.092,0,"14","SLC5A4-AS1"
0,0.821878837940778,0.376,0.174,0,"14","ELAVL4"
0,0.265524090575033,0.467,0.265,0,"14","SEC62"
0,2.04136332855571,0.259,0.057,0,"14","AC008574.1"
0,0.588060771114532,0.4,0.198,0,"14","VEZT"
0,0.380268664448301,0.464,0.262,0,"14","MAP2K4"
0,0.50570194994514,0.429,0.227,0,"14","HIVEP2"
0,0.66181624824605,0.391,0.19,0,"14","SV2A"
0,0.680146544956291,0.381,0.18,0,"14","EFR3A"
0,0.568624948501296,0.396,0.195,0,"14","ARID4A"
0,0.370270017092623,0.46,0.259,0,"14","EPB41L3"
0,0.59487458258131,0.4,0.199,0,"14","TMEM59L"
0,0.687301238170834,0.411,0.21,0,"14","AMPH"
0,1.70645172807088,0.292,0.091,0,"14","PRB2"
0,0.434975399854226,0.444,0.244,0,"14","SERINC1"
0,1.11589376823871,0.328,0.128,0,"14","LMTK2"
0,0.54535980721432,0.428,0.228,0,"14","ROCK2"
0,0.456772785105498,0.416,0.216,0,"14","RAB3GAP1"
0,0.614589377976632,0.41,0.21,0,"14","NPTN"
0,0.251947607960994,0.499,0.3,0,"14","ZNF385B"
0,2.24247319528583,0.256,0.057,0,"14","LINC02217"
0,0.761465677761248,0.386,0.187,0,"14","PHYHIP"
0,0.372282569489791,0.429,0.23,0,"14","ATP1A1"
0,0.51316553912186,0.427,0.228,0,"14","ITPR1"
0,0.271957490055971,0.95,0.751,0,"14","ANK2"
0,1.4396485662956,0.299,0.101,0,"14","ZBTB18"
0,0.588533106026243,0.392,0.195,0,"14","BEX1"
0,0.802164007651257,0.367,0.17,0,"14","PRICKLE2"
0,0.597318494515678,0.416,0.22,0,"14","THY1"
0,0.968604445706118,0.364,0.168,0,"14","MIAT"
0,0.483903388344418,0.303,0.108,0,"14","MAML3"
0,1.64462389309944,0.275,0.08,0,"14","LINC02223"
0,0.562605724024887,0.387,0.192,0,"14","MORF4L2"
0,0.266934210118866,0.48,0.285,0,"14","FRY"
0,0.335080308012219,0.488,0.293,0,"14","LINGO1"
0,0.324162099588544,0.387,0.192,0,"14","NFIX"
0,0.548154110321473,0.363,0.168,0,"14","FARP1"
0,0.811268068325247,0.36,0.165,0,"14","NAPB"
0,1.1803301999664,0.318,0.124,0,"14","BSN"
0,0.328410854056136,0.447,0.253,0,"14","BEX3"
0,0.266435980949105,0.475,0.282,0,"14","LINC00882"
0,0.561148995404055,0.369,0.176,0,"14","AP2M1"
0,0.502799525579637,0.389,0.196,0,"14","DNAJB14"
0,0.404025087595243,0.43,0.237,0,"14","CAMK2A"
0,0.927970139011806,0.335,0.143,0,"14","LRRC28"
0,0.337917517797962,0.453,0.261,0,"14","AEBP2"
0,0.402140573676504,0.428,0.236,0,"14","EVL"
0,1.31950499145058,0.281,0.09,0,"14","TRMT9B"
0,0.25086032909871,0.429,0.238,0,"14","CFL1"
0,1.64662349181934,0.263,0.072,0,"14","BAIAP3"
0,0.416244816570654,0.416,0.225,0,"14","WDR60"
0,1.45414412334907,0.999,0.808,0,"14","PTPRD"
0,1.08649103393071,0.301,0.111,0,"14","ACVR2A"
0,0.39738078437241,0.437,0.247,0,"14","PWAR6"
0,0.299357749464667,0.436,0.246,0,"14","PLD3"
0,1.05578687953807,0.318,0.128,0,"14","CA11"
0,0.483542543443184,0.399,0.21,0,"14","KAT6B"
0,0.545340434884125,0.406,0.217,0,"14","C2CD5"
0,0.558854096422924,0.377,0.188,0,"14","DSTN"
0,0.509717079704753,0.414,0.225,0,"14","ASTN1"
0,0.724520860361092,0.354,0.165,0,"14","CCDC85A"
0,0.644429768878066,0.349,0.16,0,"14","REEP5"
0,1.48666996763313,0.284,0.095,0,"14","NRSN1"
0,0.874353090877242,0.336,0.148,0,"14","RAB6B"
0,0.951075614098228,0.329,0.141,0,"14","LIN7A"
0,1.3603636819645,0.257,0.069,0,"14","IL1RAP"
0,0.749887522936073,0.346,0.158,0,"14","ENSA"
0,0.648121571583152,0.347,0.159,0,"14","KLHDC10"
0,0.820015872994169,0.335,0.148,0,"14","TSPYL2"
0,0.293926861088626,0.452,0.265,0,"14","LINC00461"
0,0.87730138501307,0.317,0.13,0,"14","TUBB"
0,0.342292178075568,0.457,0.27,0,"14","LINC00513"
0,1.076244899862,0.31,0.123,0,"14","ME3"
0,0.75727900814636,0.346,0.159,0,"14","G3BP2"
0,0.324644515936014,0.414,0.227,0,"14","ACTG1"
0,0.415296305482357,0.406,0.22,0,"14","ZRANB2"
0,0.89701814596549,0.34,0.154,0,"14","GRM1"
0,0.329338223360879,0.44,0.254,0,"14","MAN1A2"
0,0.287469140427593,0.428,0.242,0,"14","RABGAP1"
0,0.495722960105034,0.377,0.191,0,"14","HYDIN"
0,1.16070650443727,0.283,0.097,0,"14","TUBB2A"
0,0.535107145627321,0.414,0.228,0,"14","CAMK2B"
0,1.81356511933598,0.253,0.068,0,"14","DNAH14"
0,0.254266311885863,0.43,0.245,0,"14","SORCS1"
0,0.387544329760798,0.408,0.223,0,"14","MAP3K13"
0,0.774971063526912,0.339,0.155,0,"14","ATP6V1B2"
0,1.83642505529603,0.256,0.072,0,"14","SLC38A11"
0,0.44337323699536,0.387,0.203,0,"14","RAPH1"
0,1.26933094225808,0.3,0.116,0,"14","GABRA4"
0,0.67280211732737,0.354,0.17,0,"14","SMAP1"
0,1.06036385560091,0.311,0.128,0,"14","TMEM130"
0,0.455187162917867,0.379,0.196,0,"14","STAU2"
0,1.27445686174717,0.268,0.085,0,"14","CD163L1"
0,1.12091366305189,0.31,0.127,0,"14","SGSM1"
0,0.455679293221926,0.386,0.204,0,"14","PTEN"
0,0.266611072852041,0.445,0.263,0,"14","TBCK"
0,1.02871927112869,0.312,0.13,0,"14","ISPD"
0,1.09705374382088,0.3,0.118,0,"14","ELMOD1"
0,0.254792773019888,0.409,0.227,0,"14","TTC37"
0,1.21582904401609,0.283,0.101,0,"14","CALY"
0,0.801232802793462,0.333,0.152,0,"14","PTPRR"
0,0.599067794305002,0.357,0.176,0,"14","NME7"
0,0.251659892903187,0.436,0.255,0,"14","HERC4"
0,1.10317784641155,0.307,0.127,0,"14","AC007563.2"
0,1.04173702971788,0.296,0.116,0,"14","SYNPO2"
0,1.08692929651002,0.307,0.127,0,"14","SLC12A5"
0,0.853011772093826,0.323,0.144,0,"14","AC104827.1"
0,1.4289358600636,0.265,0.086,0,"14","AC091885.2"
0,1.54911180084179,0.256,0.077,0,"14","KIAA1324"
0,1.16805113451421,0.291,0.112,0,"14","GUCY1B1"
0,0.386656468291349,0.454,0.275,0,"14","TMEM232"
0,0.414565368693244,0.357,0.178,0,"14","TPI1"
0,0.282651461154348,0.423,0.244,0,"14","CRLF3"
0,0.54330636218492,0.385,0.207,0,"14","KIFAP3"
0,0.809313289714415,0.333,0.155,0,"14","NEFL"
0,0.359005376964673,0.426,0.248,0,"14","SLC25A12"
0,1.51482600644216,0.262,0.084,0,"14","GPR22"
0,0.713907466874551,0.316,0.138,0,"14","BEX2"
0,0.685539411769024,0.36,0.182,0,"14","SHANK2"
0,0.88783037135324,0.28,0.103,0,"14","MARCKS"
0,0.978908766679948,0.296,0.119,0,"14","NLRP1"
0,0.712849629837044,0.325,0.149,0,"14","CCDC171"
0,0.444638811226304,0.377,0.201,0,"14","LYST"
0,0.276638919709536,0.425,0.249,0,"14","SOS1"
0,0.261046600294903,0.425,0.249,0,"14","MAP4K3"
0,0.355324408212206,0.358,0.182,0,"14","ARHGEF4"
0,1.10652742626054,0.288,0.112,0,"14","PDP1"
0,0.404845128091203,0.411,0.235,0,"14","KSR2"
0,1.18963247620527,0.273,0.098,0,"14","ALS2"
0,0.562631978796321,0.334,0.159,0,"14","TNPO1"
0,1.0374029639017,0.297,0.122,0,"14","RUNDC3A"
0,0.448962320114073,0.386,0.212,0,"14","KIF3A"
0,1.29155010049755,0.275,0.101,0,"14","SH3BGRL2"
0,1.33322640104609,0.264,0.091,0,"14","AC104806.2"
0,0.357273126155179,0.394,0.221,0,"14","TSPAN7"
0,0.688797184067377,0.335,0.162,0,"14","PTK2B"
0,0.574953957659349,0.33,0.157,0,"14","CSTF3"
0,1.38929093259331,0.255,0.082,0,"14","NYAP2"
0,1.00477408464231,0.253,0.08,0,"14","VWC2"
0,0.573702525162897,0.372,0.199,0,"14","SRRM4"
0,0.930365417177233,0.309,0.136,0,"14","FBXO34"
0,0.993768837074683,0.304,0.131,0,"14","ATCAY"
0,0.787120042071844,0.318,0.146,0,"14","CCDC30"
0,0.720113561398787,0.339,0.167,0,"14","LONRF2"
0,0.620921812083029,0.318,0.146,0,"14","CENPC"
0,1.3142664565273,0.265,0.093,0,"14","GDA"
0,0.500293814213126,0.34,0.168,0,"14","AKAP11"
0,0.303177787245375,0.379,0.207,0,"14","CDC27"
0,0.908256229006133,0.29,0.118,0,"14","MLLT11"
0,0.651485335506975,0.357,0.185,0,"14","DGKZ"
0,0.852557956103073,0.301,0.129,0,"14","NMT2"
0,0.492021117321387,0.355,0.183,0,"14","PPHLN1"
0,0.362216488112705,0.378,0.207,0,"14","ATP9A"
0,0.957050971512232,0.295,0.124,0,"14","PLXNA2"
0,0.260850853529355,0.431,0.26,0,"14","OGA"
0,1.36059020067606,0.268,0.098,0,"14","PKN2-AS1"
0,0.56913717984137,0.316,0.146,0,"14","PIK3C3"
0,0.400676269069131,0.366,0.196,0,"14","RPRD1A"
0,0.603014226935953,0.341,0.172,0,"14","USP25"
0,1.141362741434,0.265,0.096,0,"14","RARB"
0,0.874842373827432,0.317,0.148,0,"14","WNK2"
0,0.83961302065747,0.305,0.136,0,"14","CADM3"
0,0.475302418719678,0.348,0.179,0,"14","GCC2"
0,0.589573737716728,0.324,0.156,0,"14","TCERG1"
0,0.279257469707134,0.399,0.231,0,"14","KIF21A"
0,0.502237892478597,0.324,0.156,0,"14","PRKAR1A"
0,0.750878409019694,0.291,0.123,0,"14","CRIM1"
0,1.10450540093451,0.283,0.115,0,"14","DNAH6"
0,0.290024281319317,0.42,0.252,0,"14","MED12L"
0,0.408058475353833,0.362,0.194,0,"14","PURA"
0,0.547563338598814,0.364,0.196,0,"14","DYNC2H1"
0,0.389209787996753,0.423,0.255,0,"14","SHISA9"
0,0.937722720653151,0.269,0.102,0,"14","DNAH7"
0,0.621119168685997,0.336,0.169,0,"14","NDST3"
0,0.63818417138986,0.336,0.169,0,"14","CAP2"
0,0.526151521223039,0.375,0.208,0,"14","VPS13A"
0,0.50202046051731,0.338,0.171,0,"14","USP22"
0,0.522141223553083,0.327,0.16,0,"14","FKBP8"
0,0.508624593566418,0.356,0.189,0,"14","DCAF6"
0,0.272296484307144,0.357,0.19,0,"14","TMA7"
0,0.362717416846655,0.358,0.191,0,"14","NMT1"
0,0.836698642682034,0.283,0.116,0,"14","PIN1"
0,1.03235041562733,0.288,0.121,0,"14","MAST1"
0,0.300359479100264,0.952,0.785,0,"14","MT-CO3"
0,0.509661847886964,0.276,0.11,0,"14","S100A6"
0,0.313538474192325,0.372,0.206,0,"14","DNM1L"
0,0.250068912955162,0.377,0.211,0,"14","MORF4L1"
0,0.573092250813076,0.367,0.201,0,"14","PKD1"
0,1.02859304650184,0.273,0.108,0,"14","RGS4"
0,0.419070839984606,0.34,0.175,0,"14","SND1"
0,0.447526876457539,0.316,0.151,0,"14","BAALC"
0,0.945855797123029,0.289,0.124,0,"14","CBWD5"
0,0.908424942090409,0.301,0.136,0,"14","C11orf80"
0,1.04308514344604,0.284,0.119,0,"14","SLC41A2"
0,0.852846364873669,0.276,0.112,0,"14","DYNC2LI1"
0,1.1592410546775,0.27,0.106,0,"14","MIR124-2HG"
0,0.41143488636757,0.339,0.175,0,"14","TMEM245"
0,0.956067546379189,0.277,0.113,0,"14","RAB3A"
0,0.593301804631222,0.316,0.152,0,"14","KCNT2"
0,0.672378154969286,0.327,0.163,0,"14","AC007388.1"
0,0.648004040757848,0.313,0.149,0,"14","MDH1"
0,0.463243741431585,0.323,0.159,0,"14","RAB28"
0,0.682872773890579,0.321,0.157,0,"14","ARHGEF9"
0,0.627070403825576,0.326,0.162,0,"14","HPRT1"
0,0.622825851033756,0.297,0.133,0,"14","CCDC85B"
0,0.709088723250259,0.285,0.121,0,"14","AC069228.1"
0,0.289279307873966,0.904,0.741,0,"14","MT-ND4"
0,0.337479649434636,0.374,0.211,0,"14","FBXL20"
0,0.593857361589933,0.308,0.145,0,"14","CC2D1A"
0,0.554230233876386,0.303,0.14,0,"14","TOP2B"
0,0.86728091012359,0.292,0.129,0,"14","CHGA"
0,0.836907654777443,0.309,0.147,0,"14","SNCB"
0,0.720704744566926,0.304,0.142,0,"14","RAD9A"
0,0.668322941868613,0.306,0.144,0,"14","MYEF2"
0,0.609525226855183,0.351,0.189,0,"14","WDR17"
0,0.411104121696869,0.352,0.19,0,"14","DOPEY1"
0,0.4270781050902,0.35,0.188,0,"14","ZDHHC21"
0,0.305959962116731,0.349,0.187,0,"14","TRIM44"
0,0.40546412602753,0.34,0.18,0,"14","KIF1A"
0,0.348312436607225,0.343,0.183,0,"14","RUFY2"
0,0.692691600571027,0.31,0.15,0,"14","PRKAG2"
0,0.533447289149703,0.311,0.151,0,"14","PSIP1"
0,0.396733718704531,0.367,0.207,0,"14","PAK1"
0,0.850001169127984,0.269,0.11,0,"14","ZBTB4"
0,0.570635336493474,0.3,0.141,0,"14","ZRANB3"
0,0.459701327494974,0.311,0.152,0,"14","RAB3C"
0,0.6492824920484,0.305,0.146,0,"14","RPS6KA3"
0,0.446849851792343,0.325,0.166,0,"14","PGAM1"
0,0.251951791436195,0.335,0.177,0,"14","USP15"
0,0.35119972200386,0.31,0.152,0,"14","PGRMC1"
0,0.838397055320841,0.303,0.145,0,"14","CLSTN3"
0,0.737072055976537,0.289,0.131,0,"14","BCAP29"
0,0.361531700491786,0.347,0.189,0,"14","CSPP1"
0,1.04187275456844,0.267,0.11,0,"14","PHTF1"
0,0.579128910059468,0.31,0.153,0,"14","ESYT2"
0,0.25617565992401,0.371,0.214,0,"14","ATP2A2"
0,0.418362958162328,0.345,0.188,0,"14","BDP1"
0,0.823577850673912,0.288,0.131,0,"14","NUDT3"
0,0.905621554047262,0.28,0.124,0,"14","ICA1"
0,0.454709955905706,0.349,0.193,0,"14","FAM49A"
0,0.256527640589209,0.337,0.182,0,"14","PRDM2"
0,0.508451344149148,0.326,0.171,0,"14","FAM126B"
0,0.863779731219176,0.289,0.134,0,"14","GLRB"
0,0.355879804371658,0.349,0.194,0,"14","CYFIP2"
0,0.803802919427662,0.291,0.136,0,"14","PNMA2"
0,0.262063877306061,0.351,0.196,0,"14","CEP290"
0,0.442319130811668,0.339,0.185,0,"14","PIK3CA"
0,0.580067298712825,0.317,0.163,0,"14","ODF2L"
0,0.888664113758187,0.285,0.131,0,"14","CLVS2"
0,0.642091400840934,0.292,0.138,0,"14","RHBDD2"
0,1.02793750218404,0.262,0.109,0,"14","REEP1"
0,0.843086791880947,0.275,0.122,0,"14","ULK4"
0,0.302033879713685,0.325,0.172,0,"14","PPM1K"
0,0.890757690587239,0.277,0.124,0,"14","SULT4A1"
0,0.531328165010078,0.319,0.166,0,"14","PATJ"
0,0.623281195715771,0.312,0.159,0,"14","GFOD1"
0,0.359751108604993,0.361,0.208,0,"14","ATP6V0A1"
0,0.690651039212466,0.269,0.117,0,"14","N4BP2L1"
0,0.261511617226258,0.37,0.218,0,"14","CPLANE1"
0,0.478531401078881,0.35,0.198,0,"14","FP700111.1"
0,0.393571111510461,0.351,0.199,0,"14","CACNA1D"
0,0.709792780956581,0.261,0.11,0,"14","ST3GAL6"
0,0.721826813657715,0.28,0.129,0,"14","TASP1"
0,0.355029435487659,0.305,0.154,0,"14","TOM1L1"
0,0.54877661081981,0.328,0.178,0,"14","INPP4A"
0,0.383926028667477,0.331,0.181,0,"14","MICU3"
0,0.557027479492178,0.313,0.163,0,"14","LARP1B"
0,0.451335110567357,0.312,0.162,0,"14","YTHDC2"
0,0.401725962028118,0.351,0.201,0,"14","MAGI3"
0,0.453602612540585,0.276,0.127,0,"14","PID1"
0,0.37139679657167,0.331,0.182,0,"14","STMN2"
0,0.954541862776411,0.268,0.119,0,"14","SNX32"
0,0.590511310716823,0.297,0.148,0,"14","AC120193.1"
0,0.29300081141498,0.349,0.2,0,"14","TIAM2"
0,0.645654451321044,0.264,0.116,0,"14","H2AFZ"
0,0.943324937052354,0.25,0.102,0,"14","OPTN"
0,0.365932523688649,0.337,0.189,0,"14","ZNF248"
0,0.437209862890168,0.313,0.165,0,"14","ACTR2"
0,0.58698406185654,0.298,0.15,0,"14","DMXL2"
0,1.02386312596616,0.255,0.109,0,"14","HMGCLL1"
0,0.77282547429287,0.255,0.109,0,"14","GALNT1"
0,0.366391147411693,0.349,0.203,0,"14","CIT"
0,0.519859146602285,0.276,0.131,0,"14","ARF1"
0,0.310309705527017,0.322,0.177,0,"14","CWC27"
0,0.427118541954547,0.287,0.142,0,"14","NSMAF"
0,0.675318708061703,0.287,0.142,0,"14","ADGRL1"
0,0.52929382614287,0.298,0.153,0,"14","MAST3"
0,0.765688249348143,0.282,0.137,0,"14","ABLIM2"
0,0.503576907352588,0.306,0.162,0,"14","YAF2"
0,0.402433577306746,0.313,0.169,0,"14","RTF1"
0,0.603329991467655,0.257,0.114,0,"14","TERF1"
0,0.981991285067044,0.253,0.11,0,"14","CDK5R1"
0,0.709551571407807,0.305,0.162,0,"14","SESN3"
0,0.404730801737231,0.278,0.136,0,"14","SUB1"
0,0.301051246520603,0.322,0.18,0,"14","YLPM1"
0,0.49276035386258,0.292,0.15,0,"14","CLIP3"
0,0.574706788082897,0.253,0.112,0,"14","LGI1"
0,0.251814554136069,0.328,0.187,0,"14","PPP2R5E"
0,0.622471996239615,0.271,0.13,0,"14","HDGFL3"
0,0.275901851972887,0.322,0.181,0,"14","LRRC37A3"
0,0.585950080239663,0.27,0.129,0,"14","AES"
0,0.413260428603498,0.309,0.168,0,"14","TOMM20"
0,0.49745349690579,0.283,0.142,0,"14","NECTIN3"
0,0.382019937228329,0.322,0.182,0,"14","RANBP9"
0,0.805614743757467,0.258,0.118,0,"14","LRFN2"
0,0.497200765186578,0.316,0.176,0,"14","SRRM3"
0,0.49871072578478,0.261,0.121,0,"14","FBXO32"
0,0.380892704374856,0.28,0.14,0,"14","GPX4"
0,0.431637847135441,0.271,0.132,0,"14","IPCEF1"
0,0.900270900078211,0.251,0.112,0,"14","AMMECR1"
0,0.913569419602816,0.252,0.113,0,"14","KNDC1"
0,0.332841253909904,0.331,0.192,0,"14","CLIP1"
0,0.255063870840147,0.316,0.177,0,"14","AP2B1"
0,0.320685134823799,0.299,0.16,0,"14","RAC1"
0,0.419371788480055,0.27,0.132,0,"14","RAD21"
0,0.642256046804283,0.267,0.129,0,"14","SYTL2"
0,0.42469112054082,0.319,0.181,0,"14","SCAMP5"
0,0.493188600128494,0.29,0.152,0,"14","CCDC92"
0,0.287926739412665,0.28,0.143,0,"14","ZBTB44"
0,0.273936795945854,0.281,0.144,0,"14","ITPK1"
0,0.353576429736794,0.267,0.13,0,"14","BEX4"
0,0.638245577072834,0.254,0.117,0,"14","B4GAT1"
0,0.546345081199573,0.285,0.148,0,"14","OGT"
0,0.306251500119244,0.315,0.179,0,"14","TTN-AS1"
0,0.469425498738051,0.315,0.179,0,"14","SEPT11"
0,0.710481122239224,0.252,0.116,0,"14","CBX6"
0,0.34112859294415,0.301,0.165,0,"14","PIAS2"
0,0.539314817191461,0.27,0.135,0,"14","NPAS2"
0,0.657863295611606,0.252,0.117,0,"14","PTGR1"
0,0.304272824583156,0.313,0.178,0,"14","TBRG1"
0,0.450261065958202,0.257,0.122,0,"14","CDC37"
0,0.335332548606901,0.291,0.156,0,"14","RNF149"
0,0.434822903651042,0.305,0.17,0,"14","CEP126"
0,0.386387821702929,0.323,0.189,0,"14","FAM13A"
0,0.478130306859883,0.265,0.131,0,"14","RNGTT"
0,0.460021448645196,0.272,0.138,0,"14","AP2A2"
0,0.728204825435515,0.264,0.13,0,"14","ACTN1"
0,0.400481910344064,0.296,0.162,0,"14","PLCL2"
0,0.376711473863376,0.287,0.154,0,"14","IQSEC1"
0,0.428324328977234,0.285,0.152,0,"14","IRAK1BP1"
0,0.798555776153017,0.256,0.124,0,"14","NGEF"
0,0.4264536098987,0.25,0.119,0,"14","ATP6V1F"
0,0.279898390212183,0.265,0.134,0,"14","ATP6AP2"
0,0.627727643042445,0.261,0.13,0,"14","BTBD10"
0,0.458582195709831,0.267,0.136,0,"14","SLC38A1"
0,0.307446125815177,0.3,0.169,0,"14","TRPM7"
0,0.286594927756841,0.303,0.173,0,"14","SIRPA"
0,0.662394227725491,0.269,0.139,0,"14","CACNG8"
0,0.404595189746908,0.253,0.124,0,"14","NR1D2"
0,0.619668194465491,0.251,0.122,0,"14","SYNGR1"
0,0.563583604762342,0.286,0.158,0,"14","PRKAR2B"
0,0.411940832010419,0.281,0.154,0,"14","RNF145"
0,0.316529936024392,0.308,0.181,0,"14","CACNA1E"
0,0.777225233666832,0.25,0.123,0,"14","ADD2"
0,0.278703676534021,0.298,0.172,0,"14","TBC1D32"
0,0.349489351393862,0.26,0.134,0,"14","HOOK2"
0,0.301330887902511,0.3,0.174,0,"14","SUGP2"
0,0.376719739752827,0.273,0.148,0,"14","ORC4"
0,0.572513341872814,0.272,0.147,0,"14","MIPOL1"
0,0.371891498587474,0.267,0.142,0,"14","SLC23A2"
0,0.42628138837149,0.257,0.132,0,"14","PLEKHM3"
0,0.261055090908253,0.303,0.178,0,"14","PPP3CB"
0,0.26781667135751,0.295,0.17,0,"14","UQCRH"
0,0.308363395101552,0.276,0.153,0,"14","ATXN7L1"
0,0.338692362773277,0.275,0.153,0,"14","VPS41"
0,0.661640876247892,0.251,0.129,0,"14","KIFC2"
0,0.392122015033919,0.252,0.13,0,"14","GPALPP1"
0,0.410944151864245,0.273,0.152,0,"14","ARFGEF2"
0,0.300352950353739,0.292,0.171,0,"14","ZER1"
0,0.356880069783524,0.263,0.143,0,"14","RAB11FIP4"
0,0.425145523886492,0.259,0.139,0,"14","KDM5B"
0,0.433243073714498,0.252,0.132,0,"14","YEATS2"
0,0.561873240430774,0.253,0.134,0,"14","SPATS2"
0,0.345880968732503,0.256,0.138,0,"14","VPS35"
0,0.278992861361387,0.286,0.168,0,"14","APLP2"
0,0.337209077248055,0.271,0.154,0,"14","ATP6V1A"
0,0.5557073103571,0.264,0.147,0,"14","CACNG3"
0,0.383978530990037,0.252,0.135,0,"14","DSE"
0,0.298212762741349,0.26,0.144,0,"14","ABL2"
0,0.387562228600931,0.272,0.156,0,"14","NISCH"
0,0.34589947615228,0.25,0.134,0,"14","AGAP3"
0,0.300695883095997,0.276,0.161,0,"14","INPP5F"
0,0.379451129073197,0.258,0.144,0,"14","KCNK1"
0,0.258512067935018,0.269,0.155,0,"14","NUDCD3"
0,0.291305879135699,0.26,0.146,0,"14","PPP2R1A"
0,0.309107663399407,0.254,0.142,0,"14","ZYG11B"
0,0.303139822780135,0.286,0.174,0,"14","ANKRD30BL"
0,0.399295558587376,0.293,0.181,0,"14","BMPER"
0,0.4151624572,0.287,0.175,0,"14","LINC00599"
0,0.252055308470029,0.252,0.141,0,"14","CRBN"
0,0.253151410992773,0.278,0.167,0,"14","FGFR1OP2"
0,0.413637969661982,0.254,0.144,0,"14","PLXNA4"
0,0.258337899481961,0.269,0.161,0,"14","HTT"
0,0.251571440070815,0.259,0.163,0,"14","NCDN"
0,0.285573675701822,0.255,0.163,0,"14","ADCY1"
5.99567062664619e-10,0.25474248228001,0.772,0.619,1.56498994696719e-05,"14","RASGEF1B"
0,5.44099719552051,0.843,0.051,0,"15","ANGPTL4"
0,6.37609430412848,0.777,0.037,0,"15","CHI3L1"
0,5.32820912014147,0.755,0.038,0,"15","F3"
0,3.0327714278896,0.962,0.26,0,"15","GPC5"
0,3.45869066924335,0.842,0.143,0,"15","GFAP"
0,3.27432183619462,0.976,0.278,0,"15","SLC1A3"
0,3.07911640446152,0.959,0.261,0,"15","SLC1A2"
0,3.00258122121144,0.847,0.183,0,"15","RYR3"
0,3.38965491808825,0.761,0.108,0,"15","GJA1"
0,3.347450698059,0.766,0.115,0,"15","AQP4"
0,2.57258217626695,0.812,0.174,0,"15","PTPRZ1"
0,3.66966274624233,0.745,0.109,0,"15","ATP1B2"
0,2.47431797228332,0.816,0.183,0,"15","ADGRV1"
0,3.17379644817828,0.797,0.174,0,"15","GLIS3"
0,2.81995376472631,0.791,0.172,0,"15","APOE"
0,3.18613874014456,0.78,0.188,0,"15","AHCYL1"
0,2.44473973888865,0.818,0.23,0,"15","PITPNC1"
0,2.53597718712566,0.836,0.25,0,"15","MT2A"
0,4.26061011108159,0.634,0.057,0,"15","GNA14"
0,3.36509352579089,0.657,0.095,0,"15","LRIG1"
0,2.38147718466067,0.82,0.261,0,"15","CST3"
0,2.37748223821183,0.814,0.258,0,"15","GLUL"
0,3.13446589842158,0.988,0.439,0,"15","DTNA"
0,3.10158958941132,0.647,0.123,0,"15","SLC4A4"
0,4.20744748757594,0.57,0.061,0,"15","SLC6A11"
0,3.18719720643316,0.584,0.078,0,"15","BMPR1B"
0,2.55379767452691,0.777,0.275,0,"15","MT3"
0,3.51658625964874,0.569,0.07,0,"15","MT1X"
0,2.70445582875031,0.619,0.121,0,"15","PREX2"
0,2.53958706553934,0.624,0.127,0,"15","ATP1A2"
0,2.54633618299739,0.815,0.324,0,"15","CPE"
0,2.82238460086694,0.645,0.155,0,"15","SAMD4A"
0,3.51707590104739,0.556,0.068,0,"15","BCL6"
0,3.47950063435985,0.58,0.099,0,"15","CNTNAP3B"
0,2.35726928292187,0.71,0.229,0,"15","ITPR2"
0,3.54957882703281,0.558,0.082,0,"15","CACHD1"
0,2.63650749839776,0.953,0.483,0,"15","MACF1"
0,1.99925189039743,0.63,0.164,0,"15","PARD3"
0,2.5513489516204,0.669,0.204,0,"15","ASPH"
0,2.2285103381381,0.802,0.338,0,"15","SORBS1"
0,3.53883060658767,0.563,0.099,0,"15","CDHR3"
0,2.82958650130696,0.962,0.502,0,"15","CLU"
0,3.94855350022459,0.519,0.061,0,"15","LRRC3B"
0,3.61982827320673,0.509,0.052,0,"15","AGT"
0,3.05353869274143,0.561,0.107,0,"15","SERPINE2"
0,2.35980474487699,0.58,0.13,0,"15","PARD3B"
0,3.23087645546524,0.565,0.118,0,"15","MAPK4"
0,2.78398659547726,0.585,0.139,0,"15","ZNRF3"
0,3.64854128433688,0.481,0.045,0,"15","FAM189A2"
0,1.66155099423294,0.736,0.301,0,"15","FBXL7"
0,2.73074399619803,0.602,0.169,0,"15","PTCHD1-AS"
0,2.56270907645446,0.526,0.098,0,"15","COL5A3"
0,3.88583666802386,0.492,0.067,0,"15","NRP1"
0,3.78341188838535,0.464,0.042,0,"15","ALDH1L1"
0,3.13636059903252,0.486,0.064,0,"15","FGFR3"
0,3.51674544309458,0.463,0.044,0,"15","IGFBP7"
0,1.47945151022412,0.852,0.433,0,"15","SOX5"
0,1.36659617105688,0.939,0.52,0,"15","NEAT1"
0,2.06618208268718,0.809,0.395,0,"15","CACNB2"
0,2.46211891730367,0.516,0.104,0,"15","MT1E"
0,2.05460323849037,0.58,0.168,0,"15","PTN"
0,3.84419063878428,0.448,0.037,0,"15","SDC4"
0,1.88285866833231,0.79,0.384,0,"15","FMN2"
0,3.24397250473516,0.467,0.063,0,"15","ADGRG1"
0,2.44065494732424,0.487,0.083,0,"15","RNF219-AS1"
0,1.66630580094972,0.711,0.308,0,"15","PRKG1"
0,2.2092427442488,0.51,0.109,0,"15","TPD52L1"
0,1.51849986181684,0.808,0.409,0,"15","NFIA"
0,3.34959904415548,0.469,0.07,0,"15","LINC00299"
0,1.93348794271169,0.866,0.467,0,"15","AC092691.1"
0,2.61193688820657,0.549,0.152,0,"15","MGST1"
0,2.52527301434134,0.494,0.103,0,"15","RFX4"
0,2.41527632086877,0.591,0.2,0,"15","TPST1"
0,2.85950280332811,0.474,0.087,0,"15","WLS"
0,2.94550305717495,0.454,0.069,0,"15","GPR37L1"
0,2.13807823362645,0.506,0.124,0,"15","ITPKB"
0,3.55028121261437,0.414,0.039,0,"15","ITGB4"
0,3.80943568878784,0.403,0.034,0,"15","COLEC12"
0,1.70525865681429,0.696,0.327,0,"15","PRKCA"
0,2.96873229529496,0.418,0.05,0,"15","SLC14A1"
0,3.12352030287529,0.461,0.095,0,"15","MFHAS1"
0,4.0789967158508,0.391,0.025,0,"15","CD44"
0,2.28751996218102,0.505,0.14,0,"15","CD81"
0,2.17179209981228,0.513,0.149,0,"15","C1orf61"
0,3.05167909081523,0.424,0.062,0,"15","TUBB2B"
0,1.70649149183878,0.633,0.273,0,"15","FYN"
0,2.68393215236859,0.499,0.142,0,"15","NAT8L"
0,1.81336797903219,0.906,0.55,0,"15","CADM1"
0,3.273587232038,0.405,0.051,0,"15","MT1M"
0,2.2773958303784,0.486,0.133,0,"15","HSPB1"
0,2.84123033676981,0.467,0.115,0,"15","LGI4"
0,3.31277789477865,0.394,0.044,0,"15","RGS20"
0,2.81857101160526,0.413,0.064,0,"15","ZNF98"
0,1.33553461632148,0.583,0.235,0,"15","MAML2"
0,2.47631513157754,0.505,0.159,0,"15","RALGAPA2"
0,2.4512285820859,0.484,0.14,0,"15","ITM2C"
0,1.10863631246968,0.925,0.582,0,"15","CTNNA2"
0,1.48366027076702,0.786,0.444,0,"15","NRCAM"
0,1.28946830155718,0.915,0.575,0,"15","GPM6A"
0,1.69411981251829,0.556,0.219,0,"15","MSI2"
0,3.11050760120599,0.38,0.045,0,"15","IFITM3"
0,3.81891293709972,0.368,0.034,0,"15","C4orf19"
0,1.99629562544258,0.58,0.249,0,"15","MED12L"
0,3.4193671704417,0.41,0.079,0,"15","RASD1"
0,0.359319621305164,0.865,0.537,0,"15","ERBB4"
0,1.95432075647209,0.555,0.23,0,"15","CHPT1"
0,3.36585800390702,0.373,0.049,0,"15","TGFB2"
0,2.66789659558496,0.414,0.09,0,"15","PFKFB3"
0,0.79923600902459,0.968,0.644,0,"15","NRG3"
0,2.10195868192801,0.99,0.666,0,"15","NPAS3"
0,3.17921112774691,0.373,0.052,0,"15","ACSS3"
0,1.93315943791311,0.466,0.146,0,"15","TTYH1"
0,1.44060854652626,0.562,0.243,0,"15","AL589740.1"
0,1.02649649387277,0.874,0.556,0,"15","RORA"
0,3.86423970501208,0.359,0.042,0,"15","ALDH1A1"
0,2.0674650897625,0.448,0.131,0,"15","RALGDS"
0,1.4776126041907,0.782,0.468,0,"15","SPARCL1"
0,2.27319619847616,0.443,0.132,0,"15","ETV6"
0,2.15161697055906,0.459,0.152,0,"15","SFXN5"
0,3.79076218362584,0.339,0.034,0,"15","ABCC9"
0,2.17584191623252,0.483,0.178,0,"15","DDAH1"
0,1.40247281637334,0.754,0.449,0,"15","PSD3"
0,3.23063988378769,0.346,0.041,0,"15","EMX2"
0,1.31374111045028,0.834,0.529,0,"15","DOCK4"
0,1.50113552514356,0.632,0.328,0,"15","ADCY2"
0,1.46736974642651,0.45,0.149,0,"15","NKAIN3"
0,3.28908339794205,0.337,0.037,0,"15","TMBIM1"
0,3.28165117557915,0.336,0.037,0,"15","SLCO1C1"
0,3.43247222172282,0.332,0.035,0,"15","FGF2"
0,1.33889205761543,0.559,0.263,0,"15","TRPS1"
0,1.45797818145594,0.489,0.193,0,"15","HTRA1"
0,3.05778100444256,0.352,0.056,0,"15","RGMA"
0,1.37984302238668,0.543,0.252,0,"15","LPP"
0,1.75429697885181,0.392,0.101,0,"15","HIF3A"
0,2.96715556163167,0.347,0.056,0,"15","CNN3"
0,2.27286694224046,0.377,0.087,0,"15","METTL7A"
0,2.58107037301489,0.36,0.07,0,"15","FAM107A"
0,1.79807054692698,0.43,0.14,0,"15","STK3"
0,1.88657476792132,0.496,0.207,0,"15","BSG"
0,2.36866940061365,0.371,0.082,0,"15","MFAP3L"
0,1.83429276622609,0.51,0.223,0,"15","APC"
0,1.38632256757794,0.951,0.664,0,"15","NTM"
0,1.37779799055034,0.389,0.104,0,"15","ARHGAP24"
0,2.12929543146619,0.964,0.679,0,"15","DST"
0,1.52444779576273,0.451,0.167,0,"15","SLC6A1-AS1"
0,2.55409127718344,0.346,0.062,0,"15","SLC7A11"
0,4.26864501054348,0.304,0.02,0,"15","GNA14-AS1"
0,1.38819666239652,0.434,0.153,0,"15","PON2"
0,1.4093381526859,0.634,0.354,0,"15","NTRK3"
0,1.953667308102,0.408,0.129,0,"15","ITGAV"
0,1.41670220512442,0.531,0.253,0,"15","MEIS2"
0,4.05605007561391,0.296,0.019,0,"15","OSMR"
0,2.42720288290008,0.376,0.101,0,"15","HSPA5"
0,3.73433613229092,0.314,0.041,0,"15","BAALC-AS1"
0,0.863338260708277,0.963,0.692,0,"15","LRP1B"
0,2.2781460377774,0.37,0.102,0,"15","LGR4"
0,2.06253613630836,0.381,0.113,0,"15","TCF7L2"
0,2.21995397138216,0.378,0.111,0,"15","PALLD"
0,1.31996627135989,0.634,0.367,0,"15","NAV2"
0,3.16098808026228,0.31,0.044,0,"15","WWTR1"
0,3.70546230998516,0.292,0.026,0,"15","GRIN2C"
0,2.0150787391558,0.463,0.199,0,"15","ZFYVE28"
0,1.76780705964519,0.508,0.244,0,"15","DAAM1"
0,1.68635240649322,0.489,0.226,0,"15","MAP3K5"
0,2.1283600718506,0.396,0.134,0,"15","LRP1"
0,2.52072726140464,0.351,0.091,0,"15","SNHG9"
0,2.8116457850741,0.316,0.057,0,"15","YAP1"
0,1.48890242990386,0.472,0.214,0,"15","OPHN1"
0,0.508337205918754,0.852,0.596,0,"15","ZBTB20"
0,3.012693874146,0.297,0.041,0,"15","TNS2"
0,5.81191528199007,0.263,0.007,0,"15","CCL2"
0,1.56154093110182,0.565,0.309,0,"15","MAST4"
0,1.18349937178667,0.616,0.361,0,"15","NEBL"
0,1.2680661837437,0.684,0.431,0,"15","PSAP"
0,2.90497904375114,0.318,0.065,0,"15","ANO6"
0,2.77550694958794,0.306,0.055,0,"15","MARCH3"
0,3.18960245698782,0.285,0.034,0,"15","SLC7A2"
0,2.27671407492502,0.392,0.141,0,"15","TMTC1"
0,2.09219734333028,0.358,0.109,0,"15","GPD2"
0,3.48458309188388,0.273,0.026,0,"15","GJB6"
0,2.88259760243204,0.315,0.068,0,"15","PTCHD1"
0,2.37404699247799,0.383,0.136,0,"15","CPNE8"
0,1.84332423950612,0.394,0.15,0,"15","DOCK7"
0,3.2897599994273,0.274,0.032,0,"15","PBXIP1"
0,1.17279989293319,0.624,0.382,0,"15","TNIK"
0,3.01884754445106,0.273,0.033,0,"15","AC008957.2"
0,2.72245679155487,0.283,0.043,0,"15","STON2"
0,2.28930067932785,0.354,0.114,0,"15","PTPN9"
0,3.81968999019575,0.263,0.024,0,"15","TNFRSF1A"
0,3.34947431223766,0.267,0.028,0,"15","TRIM47"
0,2.5674547659968,0.31,0.071,0,"15","PLOD2"
0,3.93415885683842,0.26,0.022,0,"15","FSTL1"
0,1.5824564656426,0.486,0.249,0,"15","DKK3"
0,2.26848497831962,0.324,0.088,0,"15","NCAN"
0,3.37771780896666,0.264,0.028,0,"15","MLC1"
0,1.26113782834192,0.617,0.381,0,"15","TRIO"
0,1.02389071740904,0.432,0.196,0,"15","NDRG2"
0,1.80165372234573,0.452,0.217,0,"15","DCLK2"
0,1.91819080577674,0.297,0.062,0,"15","LINC00499"
0,2.84629393012887,0.272,0.038,0,"15","EFEMP1"
0,2.02622944647965,0.423,0.191,0,"15","CLIP1"
0,3.44198314982116,0.277,0.046,0,"15","SLC39A14"
0,1.26469014403462,0.651,0.42,0,"15","TRIM9"
0,3.00612984991363,0.266,0.035,0,"15","PRDM16"
0,1.56697877522474,0.381,0.15,0,"15","RHOBTB3"
0,2.84445170965731,0.284,0.053,0,"15","ITGA7"
0,3.75587170453175,0.251,0.022,0,"15","RELL1"
0,1.84940247326371,0.423,0.194,0,"15","ARHGEF3"
0,1.84356210097517,0.337,0.109,0,"15","LINC00511"
0,1.38120968991619,0.44,0.212,0,"15","LRP4"
0,0.99128411030343,0.694,0.466,0,"15","NTRK2"
0,0.743293162482556,0.59,0.363,0,"15","DLC1"
0,2.21870430192319,0.288,0.061,0,"15","PMP2"
0,3.51618041291447,0.256,0.03,0,"15","SCARA3"
0,2.86458424462278,0.262,0.036,0,"15","SLC39A12"
0,2.26025474668376,0.306,0.081,0,"15","CABLES1"
0,1.84718927512169,0.38,0.156,0,"15","ACADVL"
0,0.95406080234612,0.88,0.658,0,"15","CTNND2"
0,1.08271779733376,0.462,0.241,0,"15","TRPM3"
0,1.52721085566,0.337,0.118,0,"15","SLC6A1"
0,2.51051017360077,0.271,0.052,0,"15","ARHGEF26"
0,0.67876672301107,0.479,0.26,0,"15","GPRC5B"
0,2.41647358453065,0.272,0.054,0,"15","NACC2"
0,1.79213461572337,0.306,0.088,0,"15","AC087564.1"
0,0.796913213834361,0.59,0.372,0,"15","SCD5"
0,1.25709778149929,0.351,0.133,0,"15","GRAMD2B"
0,2.17642124571012,0.326,0.109,0,"15","SCG3"
0,1.55904426715003,0.349,0.132,0,"15","HBB"
0,1.04341315797973,0.616,0.399,0,"15","CKB"
0,2.47583118627239,0.282,0.065,0,"15","DPY19L3"
0,1.79363823409184,0.395,0.18,0,"15","GABRA2"
0,2.19799604251157,0.306,0.091,0,"15","GAN"
0,1.44831136260672,0.434,0.22,0,"15","ABLIM1"
0,2.33818797398264,0.285,0.071,0,"15","SYT17"
0,1.34811821172149,0.34,0.127,0,"15","HEPACAM"
0,3.18459836739131,0.25,0.037,0,"15","FAM20C"
0,2.24824366407205,0.303,0.09,0,"15","B4GALNT4"
0,1.19961780478321,0.353,0.14,0,"15","PMP22"
0,2.04383816408338,0.307,0.096,0,"15","CALR"
0,1.67896140795385,0.32,0.11,0,"15","RAMP1"
0,1.05775227867897,0.983,0.775,0,"15","LSAMP"
0,2.15043583927006,0.271,0.064,0,"15","ZIC1"
0,1.5956543407929,0.432,0.226,0,"15","PDZRN3"
0,1.28902561731272,0.427,0.221,0,"15","AHCYL2"
0,1.77004081741623,0.289,0.088,0,"15","SORCS2"
0,2.36995247783486,0.289,0.088,0,"15","TMEM132A"
0,1.71149896927659,0.38,0.18,0,"15","UGP2"
0,1.88932316478782,0.312,0.112,0,"15","AC016716.2"
0,2.2766380384714,0.261,0.062,0,"15","LTBP1"
0,1.17141365413631,0.392,0.193,0,"15","BCL2"
0,2.18875886892122,0.295,0.098,0,"15","APC2"
0,1.81147052053983,0.289,0.093,0,"15","RHOB"
0,2.43417000611617,0.271,0.078,0,"15","WWC1"
0,1.57210633094146,0.383,0.19,0,"15","SLC20A2"
0,1.73863852558204,0.323,0.131,0,"15","AP002336.2"
0,1.8203458959816,0.341,0.15,0,"15","BAALC"
0,1.89865011993275,0.293,0.102,0,"15","FNDC3B"
0,1.66309817040367,0.26,0.069,0,"15","NHSL1"
0,2.45241685797101,0.258,0.067,0,"15","HDAC7"
0,1.63920328678143,0.283,0.094,0,"15","RASSF8"
0,1.97004779555341,0.253,0.065,0,"15","SPON1"
0,1.49349446741191,0.279,0.092,0,"15","PLXNB1"
0,0.563065106788412,0.973,0.786,0,"15","SLC26A3"
0,0.86722909905916,0.39,0.204,0,"15","LIFR"
0,2.22002181948633,0.265,0.079,0,"15","AC105402.3"
0,1.2061881261994,0.461,0.275,0,"15","MAPRE2"
0,2.43620797089581,0.27,0.085,0,"15","MAOB"
0,0.681099360199511,0.925,0.741,0,"15","MT-ND4"
0,0.926783023612438,0.652,0.469,0,"15","MKLN1"
0,0.786914226219086,0.374,0.191,0,"15","FGFR2"
0,1.46895215744691,0.396,0.214,0,"15","TENM4"
0,1.1288056920914,0.277,0.095,0,"15","HPSE2"
0,0.763605830009191,0.477,0.295,0,"15","FNBP1"
0,1.87124893928574,0.278,0.097,0,"15","MINK1"
0,1.25101626681959,0.314,0.134,0,"15","CRB1"
0,1.17362570752653,0.422,0.242,0,"15","TMBIM6"
0,0.630716167210106,0.831,0.651,0,"15","MT-CYB"
0,1.59465004943877,0.255,0.076,0,"15","KCNJ10"
0,1.81391420319967,0.26,0.081,0,"15","PCSK5"
0,1.59462422706697,0.314,0.136,0,"15","ENO1"
0,0.715723289806584,0.962,0.785,0,"15","MT-CO3"
0,2.18846304104645,0.266,0.09,0,"15","P2RY14"
0,0.665372020018095,0.408,0.235,0,"15","SLC9A9"
0,1.54173592829907,0.345,0.172,0,"15","SIRPA"
0,1.85585893016861,0.27,0.099,0,"15","PNPLA8"
0,0.433823025879839,0.726,0.555,0,"15","MT-ND1"
0,1.72524784836982,0.282,0.112,0,"15","AKAP13"
0,1.36037803525706,0.275,0.106,0,"15","DBI"
0,0.794624962678503,0.641,0.472,0,"15","DPYSL2"
0,1.82193147911062,0.26,0.091,0,"15","ECHDC2"
0,0.97399884619783,0.408,0.24,0,"15","DGKG"
0,0.78199860177762,0.355,0.188,0,"15","KANK1"
0,1.52455360810264,0.304,0.137,0,"15","BMPR1A"
0,1.98685862136101,0.252,0.086,0,"15","OLFM2"
0,1.3584836266532,0.38,0.215,0,"15","FAM171B"
0,1.60072227147764,0.26,0.095,0,"15","FERMT2"
0,1.00251012749237,0.354,0.189,0,"15","FIGN"
0,1.13462563882894,0.272,0.108,0,"15","FOXO1"
0,0.513496835738003,0.863,0.699,0,"15","MT-ATP6"
0,1.15914915823622,0.408,0.244,0,"15","CARMIL1"
0,1.35721919385122,0.299,0.135,0,"15","GLUD1"
0,1.3710611888688,0.271,0.108,0,"15","HSPA1A"
0,1.41529944193838,0.274,0.111,0,"15","CD63"
0,0.551089363104723,0.757,0.595,0,"15","MIR99AHG"
0,1.76773827556637,0.277,0.118,0,"15","PLEC"
0,1.18072494170974,0.373,0.215,0,"15","LHFPL6"
0,1.54942228649893,0.295,0.137,0,"15","PPFIA1"
0,1.67771099655364,0.284,0.126,0,"15","IRS2"
0,0.791962985412644,0.422,0.264,0,"15","NEO1"
0,1.90656796939,0.251,0.095,0,"15","ABCD4"
0,0.81083083583948,0.616,0.461,0,"15","NCOA1"
0,0.803157468513627,0.452,0.298,0,"15","NAV1"
0,1.01957943555462,0.459,0.305,0,"15","ASAP1"
0,0.446104934107214,0.848,0.694,0,"15","MT-ND2"
0,1.37789302028533,0.296,0.142,0,"15","AFF1"
0,0.52617427062228,0.748,0.595,0,"15","WWOX"
0,1.05518079155692,0.36,0.207,0,"15","RBMX"
0,1.44870834105421,0.25,0.098,0,"15","ELOVL5"
0,1.02512181816627,0.272,0.121,0,"15","ZFHX4"
0,0.843675843005991,0.453,0.304,0,"15","SGCD"
0,1.20038016142529,0.343,0.195,0,"15","ATP2B4"
0,0.879806976654643,0.506,0.358,0,"15","MSRA"
0,0.887822882971617,0.416,0.268,0,"15","PHACTR3"
0,1.76069864941354,0.254,0.107,0,"15","B4GALT5"
0,0.619597485710807,0.603,0.457,0,"15","GAPDH"
0,1.39644149572713,0.259,0.114,0,"15","IL6ST"
0,1.49604782675939,0.321,0.176,0,"15","CALN1"
0,1.29147098943874,0.319,0.174,0,"15","RNF19A"
0,1.40897271354236,0.314,0.169,0,"15","FARP1"
0,1.23288541067742,0.317,0.173,0,"15","NT5C2"
0,1.45170504451882,0.291,0.148,0,"15","LPIN1"
0,0.894527918434245,0.486,0.344,0,"15","RUFY3"
0,1.25135594742969,0.281,0.141,0,"15","ATP5ME"
0,0.640403627085105,0.468,0.33,0,"15","SLC35F1"
0,1.50379419356614,0.3,0.163,0,"15","GALNT18"
0,1.41829062303732,0.297,0.16,0,"15","INPP5F"
0,0.637853037130891,0.319,0.183,0,"15","LMCD1-AS1"
0,0.879810072178752,0.326,0.19,0,"15","PTPN13"
0,0.685810552539071,0.955,0.819,0,"15","MT-ND3"
0,1.06798019589651,0.365,0.229,0,"15","RGL1"
0,1.21524111007491,0.285,0.151,0,"15","HMBOX1"
0,1.41117481587885,0.363,0.229,0,"15","BRINP1"
0,1.74138355599037,0.267,0.135,0,"15","PKIA"
0,1.31666245963192,0.332,0.201,0,"15","AQP4-AS1"
0,0.254353565889718,0.907,0.776,0,"15","MT-CO2"
0,0.87851987379427,0.474,0.343,0,"15","TSC22D1"
0,1.44535882434308,0.303,0.173,0,"15","KCND3"
0,0.999767201045026,0.379,0.249,0,"15","ACSL3"
0,0.461488930831952,0.296,0.166,0,"15","TSC22D4"
0,0.839599706276779,0.448,0.319,0,"15","CPEB4"
0,0.87909113733312,0.465,0.336,0,"15","NFAT5"
0,1.08063717147905,0.297,0.169,0,"15","BCKDHB"
0,0.280939415602465,0.762,0.635,0,"15","ADGRL3"
0,0.901835227270408,0.463,0.336,0,"15","DENND4A"
0,1.27556932530357,0.269,0.143,0,"15","HACD3"
0,1.21781493159451,0.286,0.16,0,"15","PDE7B"
0,0.894458416741765,0.341,0.216,0,"15","GAREM1"
0,0.845853870112369,0.257,0.133,0,"15","SFMBT2"
0,0.580803168831838,0.561,0.438,0,"15","DDX17"
0,0.766288604774591,0.414,0.292,0,"15","RPS6KA2"
0,1.13612151019011,0.344,0.222,0,"15","ITSN1"
0,1.35612289154455,0.285,0.164,0,"15","ST8SIA1"
0,1.21329428381776,0.267,0.148,0,"15","COPS9"
0,1.11597535929991,0.293,0.174,0,"15","TAB2"
0,0.893244294493268,0.4,0.282,0,"15","AC073050.1"
0,0.610685053790295,0.526,0.408,0,"15","PRNP"
0,0.901224696258065,0.261,0.144,0,"15","TMED10"
0,0.395449910577875,0.827,0.71,0,"15","FTH1"
0,0.773798543447882,0.44,0.323,0,"15","RAB11A"
0,0.574679341109384,0.275,0.161,0,"15","S100B"
0,0.740049274657162,0.481,0.368,0,"15","STXBP5"
0,1.0798242393831,0.313,0.201,0,"15","UBE2H"
0,1.29479619402544,0.261,0.15,0,"15","UBAC2"
0,0.715151383401229,0.271,0.16,0,"15","IQCK"
0,0.560590662601412,0.508,0.397,0,"15","GABRB1"
0,0.927798107823446,0.388,0.277,0,"15","PKM"
0,0.782397915450572,0.334,0.226,0,"15","MAP4"
0,1.54257435096566,0.253,0.146,0,"15","ANO5"
0,0.903895107959622,0.341,0.234,0,"15","MT-ND5"
0,1.12493221587405,0.27,0.164,0,"15","INTS10"
0,1.25380456347669,0.256,0.151,0,"15","GABBR1"
0,0.675355970870063,0.342,0.238,0,"15","ARHGAP5"
0,0.448464492238046,0.252,0.148,0,"15","CHST11"
0,0.290478492206995,0.548,0.449,0,"15","MAP4K4"
0,0.944422489910108,0.259,0.16,0,"15","ATP5F1E"
0,1.12219644999984,0.291,0.192,0,"15","CMIP"
0,0.417002930613533,0.321,0.225,0,"15","SASH1"
0,0.828701601412354,0.317,0.221,0,"15","UQCRB"
0,0.483186780968634,0.315,0.219,0,"15","RORB"
0,0.714473946054497,0.368,0.272,0,"15","UBC"
0,0.933256616063363,0.289,0.194,0,"15","COX7C"
0,0.554657947861653,0.581,0.486,0,"15","GNAQ"
0,0.547127870317856,0.305,0.211,0,"15","NFE2L2"
0,0.39149034441974,0.416,0.322,0,"15","NFIB"
0,0.594956426653588,0.5,0.407,0,"15","MED13L"
0,0.742222389041739,0.317,0.224,0,"15","MGAT5"
0,0.891524686553761,0.293,0.2,0,"15","NUMB"
0,0.642047779781184,0.376,0.285,0,"15","CSNK1A1"
0,0.777165835865016,0.319,0.228,0,"15","SYT11"
0,0.762093447427897,0.308,0.217,0,"15","PRKD1"
0,0.891797992118664,0.318,0.229,0,"15","ELL2"
0,0.627918807919165,0.317,0.229,0,"15","PCGF5"
0,0.72561544095758,0.375,0.292,0,"15","CDH2"
0,0.719827564413073,0.304,0.222,0,"15","CSGALNACT1"
0,0.946767655393554,0.289,0.208,0,"15","NLGN4X"
0,0.524499427292142,0.366,0.286,0,"15","SARAF"
0,0.674294631144102,0.393,0.314,0,"15","MYO9A"
0,0.798887770264232,0.302,0.223,0,"15","TSPAN7"
0,0.671322755216419,0.291,0.214,0,"15","ZNF518A"
0,0.519504095713289,0.251,0.175,0,"15","ENTPD1-AS1"
0,0.373680067780173,0.399,0.324,0,"15","ITM2B"
0,0.469560567910876,0.453,0.38,0,"15","FUT9"
0,0.80972135730894,0.277,0.205,0,"15","PACS1"
0,0.790602453223283,0.395,0.323,0,"15","EHBP1"
0,0.893628995820929,0.255,0.183,0,"15","EFR3A"
0,0.539638953179249,0.391,0.321,0,"15","CHL1"
0,0.489609271088606,0.475,0.406,0,"15","CAMTA1"
0,0.658548384963172,0.323,0.257,0,"15","SNRNP70"
0,0.634516759301758,0.342,0.277,0,"15","BICD1"
0,0.804499030000824,0.259,0.195,0,"15","FAM135A"
0,0.651446172564107,0.375,0.312,0,"15","CLSTN1"
0,0.667025230865844,0.336,0.275,0,"15","ARHGEF12"
0,0.75187898637109,0.293,0.233,0,"15","KIF21A"
6.66133814775094e-16,0.604512807779054,0.352,0.297,1.73874248332595e-11,"15","C20orf194"
2.22044604925031e-15,0.526865112920119,0.372,0.31,5.79580827775317e-11,"15","REV3L"
3.10862446895044e-15,0.787235635550361,0.269,0.216,8.11413158885443e-11,"15","ATP2A2"
6.43929354282591e-15,0.533614170644048,0.291,0.229,1.68078440054842e-10,"15","ACTG1"
7.105427357601e-15,0.670665913958581,0.309,0.257,1.85465864888101e-10,"15","BMPR2"
7.99360577730113e-15,0.600797816709945,0.25,0.191,2.08649097999114e-10,"15","NUTM2B-AS1"
2.53130849614536e-14,0.362981071881096,0.344,0.275,6.60722143663861e-10,"15","ADD3"
2.54907206453936e-13,0.438348636378136,0.399,0.339,6.65358790286064e-09,"15","CAMK1D"
3.04645197957143e-13,0.524212699590187,0.371,0.323,7.95184895707735e-09,"15","RBFOX2"
5.82867087928207e-13,0.496311982256977,0.406,0.358,1.52139967291021e-08,"15","SSBP2"
7.25197679685152e-13,0.565137195016035,0.283,0.23,1.89291098351418e-08,"15","MPRIP"
8.33999536098418e-13,0.468135043684409,0.368,0.317,2.17690558912409e-08,"15","KCNQ3"
1.05959685470225e-12,0.483251552503224,0.333,0.282,2.76575971014381e-08,"15","LDLRAD4"
1.31628041799559e-12,0.353181923746268,0.314,0.251,3.43575514705208e-08,"15","STARD13"
2.12474482452762e-12,0.662759219689902,0.256,0.208,5.54600894098201e-08,"15","TTC19"
2.1573853814516e-12,0.55887016047997,0.29,0.239,5.63120732266498e-08,"15","FOXO3"
3.81250586656279e-12,0.461152678584206,0.347,0.295,9.95140281290219e-08,"15","LINGO1"
6.0436100568495e-12,0.620792770142131,0.317,0.274,1.57750309703886e-07,"15","ATP2B2"
2.39068764784633e-11,0.445496301526516,0.306,0.253,6.2401728984085e-07,"15","SRP14"
1.33346889086283e-10,0.464506519039013,0.257,0.206,3.48062049893016e-06,"15","PLEKHA7"
1.33751898445666e-10,0.516200064865045,0.309,0.265,3.49119205322879e-06,"15","MARK3"
1.99964045322076e-10,0.415628024648541,0.253,0.201,5.21946151099684e-06,"15","CIRBP"
2.32846653069885e-08,0.513349288749597,0.275,0.24,0.000607776333843013,"15","MEF2C-AS1"
3.20347961491052e-08,0.46948479573908,0.315,0.28,0.000836172249083944,"15","IGF1R"
3.37826726592994e-08,0.487810701642473,0.287,0.252,0.000881795321753032,"15","GLG1"
1.30077322912925e-07,0.469511903811335,0.288,0.254,0.00339527828267316,"15","UBA6-AS1"
5.11336412767349e-07,0.450698163703452,0.267,0.234,0.0133469030460533,"15","ACAP2"
5.61019664058193e-07,0.430564312161809,0.265,0.229,0.014643735271247,"15","SIK2"
7.77141199614917e-07,0.373771674700219,0.263,0.227,0.0202849395923486,"15","ZHX3"
0,5.3931232270391,0.877,0.078,0,"16","FGF13"
0,3.74443107112588,0.922,0.146,0,"16","GRIK1"
0,3.71845793521144,0.967,0.202,0,"16","ADARB2"
0,3.76873873763194,0.965,0.218,0,"16","SGCZ"
0,3.08904015161533,0.824,0.108,0,"16","NXPH1"
0,3.51660510998497,0.968,0.278,0,"16","GRIP1"
0,3.8871414084202,0.741,0.085,0,"16","MYO16"
0,3.41078043083662,0.811,0.161,0,"16","FSTL5"
0,4.53220665352706,0.716,0.084,0,"16","PRELID2"
0,3.8919795943068,0.729,0.112,0,"16","UNC13C"
0,3.9881771259826,0.707,0.096,0,"16","PTCHD4"
0,2.68386959128405,0.849,0.263,0,"16","MGAT4C"
0,3.70326819116923,0.693,0.111,0,"16","NTNG1"
0,3.32985863101281,0.663,0.087,0,"16","ALK"
0,2.64350430838618,0.846,0.272,0,"16","PTPRT"
0,5.8933427972486,0.57,0.014,0,"16","KIT"
0,4.97928481279919,0.562,0.022,0,"16","EYA4"
0,2.2305197471648,0.82,0.288,0,"16","TMEM132D"
0,2.01651241097649,0.852,0.323,0,"16","CNTN5"
0,2.43936208354846,0.685,0.158,0,"16","ZNF385D"
0,2.43228544466163,0.78,0.255,0,"16","KCNC2"
0,4.37284984994857,0.563,0.038,0,"16","GAD2"
0,2.45205082284097,0.882,0.359,0,"16","GRIN2A"
0,2.15587994035369,0.905,0.387,0,"16","GRIK2"
0,2.35495382089999,0.811,0.295,0,"16","MTUS2"
0,2.45386112091298,0.714,0.2,0,"16","KCNAB1"
0,2.44085501796838,0.825,0.312,0,"16","ATP8A2"
0,2.80113515740444,0.625,0.114,0,"16","SLC6A1"
0,3.20727975006629,0.65,0.147,0,"16","RAB3C"
0,2.33983897220069,0.628,0.125,0,"16","LUZP2"
0,2.50598849803593,0.826,0.323,0,"16","UNC5D"
0,1.96508450910291,0.845,0.343,0,"16","DAB1"
0,2.21768009157527,0.911,0.409,0,"16","GRIA4"
0,2.48027932288157,0.661,0.161,0,"16","PTPRM"
0,1.72096803007432,0.909,0.432,0,"16","CCSER1"
0,2.30113335067229,0.981,0.515,0,"16","KAZN"
0,2.08981040304449,0.675,0.213,0,"16","DNER"
0,1.55378440330368,0.798,0.337,0,"16","LINGO2"
0,2.02290706397234,0.988,0.532,0,"16","FGF14"
0,4.3090733061399,0.492,0.038,0,"16","SPHKAP"
0,1.48551289238355,0.754,0.301,0,"16","FBXL7"
0,2.10503148233533,0.923,0.471,0,"16","MACROD2"
0,1.73502249271954,0.763,0.317,0,"16","NFIB"
0,1.64071261329986,0.899,0.456,0,"16","RGS7"
0,1.49658537907876,0.975,0.535,0,"16","ERBB4"
0,3.008405508853,0.5,0.063,0,"16","KCNIP1"
0,2.07730879174786,0.735,0.299,0,"16","SYN2"
0,1.79587266756156,0.782,0.352,0,"16","GABRB2"
0,3.19299835352309,0.496,0.067,0,"16","KIAA1211"
0,1.9643006886393,0.718,0.29,0,"16","GRIA1"
0,2.09753094709253,0.591,0.165,0,"16","SLC6A1-AS1"
0,2.75647623930032,0.547,0.123,0,"16","PID1"
0,1.43500420148981,0.857,0.433,0,"16","CSMD3"
0,1.49760450601812,0.968,0.546,0,"16","DLGAP1"
0,1.33297370550534,0.841,0.422,0,"16","GRM5"
0,1.1501055156821,0.688,0.271,0,"16","ZNF536"
0,4.1623838692902,0.45,0.035,0,"16","GRIN3A"
0,1.97089309757159,0.707,0.296,0,"16","CDK14"
0,1.46642163204571,0.987,0.58,0,"16","SYT1"
0,1.49788825272375,0.75,0.344,0,"16","KCTD16"
0,1.57213757711443,0.926,0.52,0,"16","PLCB1"
0,1.77522674643085,0.651,0.247,0,"16","XKR4"
0,3.11911352159003,0.497,0.093,0,"16","C8orf34"
0,1.20286675189063,0.809,0.417,0,"16","SLC8A1"
0,1.2657134680011,0.992,0.605,0,"16","RBFOX1"
0,1.78916034895772,0.677,0.292,0,"16","SLC2A13"
0,5.47136253488362,0.395,0.015,0,"16","AC137770.1"
0,1.446457830338,0.854,0.475,0,"16","DPP6"
0,1.69568492373694,0.661,0.287,0,"16","SCN1A"
0,1.74770628802392,0.66,0.286,0,"16","CELF4"
0,1.9842108479106,0.627,0.253,0,"16","EXT1"
0,1.63830546890202,0.683,0.311,0,"16","GRIN2B"
0,5.02911348315356,0.392,0.022,0,"16","PDGFD"
0,5.12320997974026,0.385,0.016,0,"16","SV2C"
0,1.34886849825405,0.696,0.327,0,"16","SLC35F1"
0,1.38212655870678,0.735,0.367,0,"16","KIRREL3"
0,3.16568754272606,0.446,0.079,0,"16","NYAP2"
0,1.77597281335964,0.647,0.283,0,"16","FRY"
0,1.61598965932023,0.692,0.33,0,"16","RIMS1"
0,1.47751152280876,0.665,0.304,0,"16","ADGRL2"
0,1.35537173984229,0.902,0.544,0,"16","LRRC7"
0,3.48984736985254,0.401,0.044,0,"16","UBASH3B"
0,1.14826521090531,0.682,0.326,0,"16","DGKB"
0,2.48300848795403,0.447,0.092,0,"16","ADAMTS9-AS2"
0,1.82965026176071,0.623,0.268,0,"16","NRG1"
0,1.74859648527816,0.556,0.204,0,"16","TIAM1"
0,2.23458686035343,0.605,0.253,0,"16","CDH13"
0,2.23425727030962,0.481,0.133,0,"16","WWP1"
0,1.38109544024474,0.701,0.358,0,"16","PTPRG"
0,1.70665550636106,0.623,0.28,0,"16","TMEM132B"
0,2.17329014873143,0.508,0.167,0,"16","GRK3"
0,2.571742204601,0.447,0.113,0,"16","RPH3A"
0,1.51916919911206,0.68,0.347,0,"16","CNTNAP5"
0,3.40875322866373,0.382,0.051,0,"16","BCL11B"
0,2.57145902388903,0.46,0.129,0,"16","AP001347.1"
0,4.38553632270564,0.356,0.025,0,"16","NRIP3"
0,1.11358970182929,0.589,0.258,0,"16","CNTNAP4"
0,1.51202511487797,0.629,0.3,0,"16","PRKCE"
0,1.2952779609929,0.638,0.312,0,"16","KCNQ3"
0,1.3428420955494,0.609,0.284,0,"16","MCTP1"
0,2.66619456250653,0.403,0.078,0,"16","VWC2"
0,0.943989757361843,0.977,0.654,0,"16","CNTNAP2"
0,2.61785150923039,0.409,0.09,0,"16","PIP5K1B"
0,0.445677400448744,0.961,0.645,0,"16","NRG3"
0,1.57767099056798,0.594,0.279,0,"16","AC073050.1"
0,2.98762388366608,0.365,0.051,0,"16","RBMS3"
0,1.63149036036011,0.465,0.153,0,"16","MTSS1"
0,1.82369023817331,0.521,0.21,0,"16","GPR158"
0,0.420799308280467,0.954,0.643,0,"16","NRXN1"
0,2.60467856252279,0.368,0.058,0,"16","GAD1"
0,2.34288412643332,0.398,0.092,0,"16","FAM110B"
0,1.46927562740239,0.456,0.15,0,"16","NKAIN3"
0,1.40962546137787,0.556,0.25,0,"16","GABRG3"
0,3.54681754279097,0.339,0.034,0,"16","SLC35F4"
0,2.41089640354463,0.365,0.06,0,"16","EGFR"
0,1.60649587965618,0.516,0.212,0,"16","TENM4"
0,1.89444890879801,0.507,0.203,0,"16","SEMA6D"
0,4.96769072073947,0.313,0.012,0,"16","PKP2"
0,0.763947837296813,0.767,0.469,0,"16","AC092691.1"
0,1.30253416699562,0.621,0.324,0,"16","CACNA1A"
0,0.617738789010144,0.853,0.556,0,"16","RORA"
0,1.61503568773154,0.521,0.225,0,"16","PDZRN3"
0,1.18673858609049,0.631,0.335,0,"16","CACNA1B"
0,3.28435395669403,0.326,0.031,0,"16","DLX6-AS1"
0,0.786123016654793,0.454,0.159,0,"16","PCDH15"
0,1.31110190298986,0.581,0.287,0,"16","HCN1"
0,1.53056518535422,0.563,0.269,0,"16","OSBPL6"
0,1.69199007229661,0.517,0.224,0,"16","TOX"
0,1.44897373181357,0.567,0.274,0,"16","GABBR2"
0,3.8232355708891,0.324,0.032,0,"16","TOX2"
0,1.50798439970761,0.739,0.449,0,"16","CACNA2D1"
0,1.79008160232557,0.467,0.179,0,"16","RNF150"
0,2.84032779734244,0.343,0.055,0,"16","RERG"
0,0.60120042861136,0.78,0.493,0,"16","MEF2C"
0,0.328563146965903,0.736,0.449,0,"16","STXBP5L"
0,1.91107747090529,0.471,0.184,0,"16","DOK6"
0,0.343444746576867,0.878,0.593,0,"16","FAM155A"
0,1.60138737538184,0.522,0.24,0,"16","KCNJ3"
0,2.84645615681803,0.343,0.061,0,"16","ARL4C"
0,0.824257157759154,0.656,0.374,0,"16","CADPS"
0,0.357549825557427,0.755,0.474,0,"16","FGF12"
0,2.36333869713098,0.339,0.064,0,"16","DGKD"
0,1.24110184427202,0.567,0.293,0,"16","PAK3"
0,0.98364554505427,0.74,0.466,0,"16","NTRK2"
0,0.714126279725548,0.791,0.519,0,"16","GRIA2"
0,0.990868322048369,0.664,0.395,0,"16","GABRB1"
0,1.68043034824378,0.459,0.19,0,"16","ZMAT4"
0,1.7855368923455,0.49,0.222,0,"16","SLIT2"
0,2.68895515368271,0.346,0.078,0,"16","PLCXD3"
0,4.76539284522279,0.28,0.013,0,"16","NXPH2"
0,0.991231379240563,0.642,0.375,0,"16","ASTN2"
0,0.328458561986529,0.722,0.455,0,"16","RIMS2"
0,1.07708703496258,0.868,0.602,0,"16","TCF4"
0,0.953206625609141,0.499,0.236,0,"16","DSCAML1"
0,1.79270831969257,0.358,0.095,0,"16","ADAMTSL3"
0,0.507435986779593,0.944,0.682,0,"16","NRXN3"
0,0.641844480965108,0.639,0.379,0,"16","FRMPD4"
0,1.2587454162756,0.498,0.24,0,"16","CCK"
0,1.16122330973766,0.569,0.311,0,"16","CHSY3"
0,4.45033510814369,0.27,0.014,0,"16","TACR1"
0,1.29838457702806,0.52,0.264,0,"16","MYRIP"
0,1.08395953026601,0.656,0.401,0,"16","PBX1"
0,0.887913589881607,0.599,0.344,0,"16","MYT1L"
0,3.87039503624455,0.275,0.021,0,"16","GRIP2"
0,3.14430812459273,0.296,0.045,0,"16","ENTPD3"
0,1.22826305765777,0.51,0.26,0,"16","RAPGEF4"
0,0.50167649486154,0.715,0.466,0,"16","PHACTR1"
0,0.821451553341277,0.71,0.461,0,"16","SAMD12"
0,1.75221120223857,0.399,0.152,0,"16","SNRPN"
0,1.01283608525582,0.552,0.307,0,"16","TMEM178B"
0,0.842458123552054,0.822,0.577,0,"16","DOCK3"
0,1.77414062925396,0.418,0.173,0,"16","LINC00599"
0,0.408484457450291,0.692,0.447,0,"16","MDGA2"
0,1.11301299838472,0.536,0.292,0,"16","GRIN1"
0,3.38016897636238,0.278,0.034,0,"16","LAMP5"
0,2.30445776338522,0.331,0.089,0,"16","EPHA3"
0,0.993930080600309,0.534,0.293,0,"16","HDAC9"
0,0.832493533466106,0.609,0.368,0,"16","NAV2"
0,0.943188316992496,0.58,0.339,0,"16","DYNC1I1"
0,0.921369844759213,0.59,0.35,0,"16","FLRT2"
0,1.75556971497901,0.411,0.172,0,"16","ANKRD30BL"
0,1.81068810563886,0.32,0.081,0,"16","AP1S2"
0,1.30217633932396,0.475,0.237,0,"16","MEF2C-AS1"
0,1.77347803147341,0.348,0.111,0,"16","SH3RF3"
0,2.11746221521162,0.318,0.082,0,"16","NHS"
0,1.29682528432259,0.489,0.254,0,"16","NR2F1-AS1"
0,0.60569293309088,0.648,0.415,0,"16","MAP2"
0,0.440134286145091,0.552,0.319,0,"16","PDZD2"
0,0.967393090615099,0.577,0.344,0,"16","RASAL2"
0,0.805698874672458,0.686,0.456,0,"16","ARID1B"
0,3.05377403001011,0.261,0.031,0,"16","CXCL14"
0,1.68092474755699,0.4,0.17,0,"16","NETO1"
0,0.481791045505708,0.737,0.507,0,"16","UNC5C"
0,0.661347920784336,0.674,0.447,0,"16","ATRNL1"
0,1.06705616219307,0.529,0.303,0,"16","ERC1"
0,1.39347141730666,0.456,0.23,0,"16","ADAM22"
0,0.773177359101501,0.565,0.339,0,"16","PCLO"
0,1.73090220999593,0.39,0.165,0,"16","CCDC85A"
0,1.65491494447233,0.355,0.13,0,"16","PCDH11Y"
0,3.38370517378841,0.258,0.034,0,"16","COL25A1"
0,0.813467174360721,0.37,0.146,0,"16","CHST11"
0,1.73055820338274,0.346,0.122,0,"16","SPOCK2"
0,0.798520171499327,0.636,0.413,0,"16","SYNE1"
0,1.34197401203202,0.447,0.226,0,"16","AC092683.1"
0,1.53245450731832,0.402,0.184,0,"16","PAK5"
0,1.08151934128774,0.992,0.775,0,"16","LSAMP"
0,1.96266606271228,0.325,0.109,0,"16","VSTM2A"
0,0.328056971681478,0.652,0.436,0,"16","SOX5"
0,1.7346119221426,0.366,0.151,0,"16","EPHA5"
0,1.82968785718571,0.356,0.141,0,"16","PKNOX2"
0,0.480595423029834,0.667,0.453,0,"16","SNAP25"
0,0.763088222437286,0.639,0.426,0,"16","CCNH"
0,0.857196167974048,0.504,0.291,0,"16","RPS6KA2"
0,2.77378458852812,0.276,0.063,0,"16","PTPRB"
0,1.75326107715142,0.315,0.103,0,"16","CDHR3"
0,1.13233955357105,0.484,0.272,0,"16","CERS6"
0,0.866602272655284,0.554,0.344,0,"16","UNC79"
0,2.19022008991559,0.313,0.104,0,"16","RIMBP2"
0,1.79360032057865,0.355,0.146,0,"16","CACNG3"
0,0.604133371418798,0.764,0.557,0,"16","AKAP6"
0,0.740302216304992,0.481,0.276,0,"16","SYN3"
0,0.764275753845379,0.576,0.372,0,"16","HECW2"
0,2.54121776455806,0.272,0.069,0,"16","MPPED1"
0,1.45663561885726,0.374,0.171,0,"16","PDE10A"
0,0.725882097068717,0.592,0.389,0,"16","THRB"
0,0.609402117758798,0.672,0.47,0,"16","ATP1B1"
0,1.31463368526043,0.281,0.08,0,"16","BACH1"
0,1.47852306874741,0.362,0.162,0,"16","GALNT18"
0,1.30270917850978,0.406,0.207,0,"16","RBFOX3"
0,0.70085223871751,0.653,0.455,0,"16","LRRTM3"
0,0.659569151529686,0.602,0.404,0,"16","GNAS"
0,0.895364796827675,0.493,0.296,0,"16","MPDZ"
0,0.983110478996248,0.38,0.185,0,"16","IGSF11"
0,0.367242690559366,0.739,0.544,0,"16","SPOCK1"
0,1.28975630864752,0.385,0.191,0,"16","SV2A"
0,1.25718939157908,0.37,0.177,0,"16","TLK1"
0,0.544935973292894,0.455,0.262,0,"16","EPHA6"
0,0.596130249584697,0.523,0.33,0,"16","ADCY2"
0,1.33103472420284,0.362,0.169,0,"16","SDK1"
0,0.933145754346856,0.477,0.285,0,"16","PTPRN2"
0,1.1437936956933,0.401,0.21,0,"16","TENM3"
0,0.911648519448195,0.457,0.266,0,"16","ARID5B"
0,0.637703028811647,0.411,0.222,0,"16","MSI2"
0,0.790339293140569,0.546,0.358,0,"16","MSRA"
0,0.83156611189015,0.463,0.275,0,"16","BICD1"
0,0.559211299990044,0.65,0.463,0,"16","MAGI1"
0,1.03849549446033,0.415,0.228,0,"16","ANKH"
0,1.01987483291894,0.415,0.228,0,"16","MAP3K5"
0,0.567238856909167,0.572,0.385,0,"16","PRKCB"
0,0.702312200904924,0.493,0.308,0,"16","REV3L"
0,0.919298527737902,0.469,0.285,0,"16","FAIM2"
0,0.693905015226202,0.539,0.356,0,"16","SSBP2"
0,1.28916805612635,0.337,0.154,0,"16","ABI1"
0,1.2130015758225,0.387,0.205,0,"16","NMNAT2"
0,0.438183195686217,0.612,0.43,0,"16","TMEFF2"
0,0.832541712917297,0.316,0.134,0,"16","THSD7A"
0,0.321844461983126,0.57,0.388,0,"16","SH3GL3"
0,0.945598239546968,0.429,0.248,0,"16","PCSK1N"
0,0.462918766325006,0.512,0.331,0,"16","PRKCA"
0,1.12576049028744,0.405,0.226,0,"16","ASTN1"
0,0.582897186705506,0.838,0.659,0,"16","FTX"
0,0.528117304721371,0.689,0.51,0,"16","TNRC6A"
0,0.487848042329257,0.784,0.606,0,"16","GPHN"
0,0.835510757605659,0.481,0.303,0,"16","PHF14"
0,1.50801810544407,0.262,0.084,0,"16","EEPD1"
0,0.519363638175578,0.663,0.486,0,"16","ATXN1"
0,0.694916956876894,0.518,0.341,0,"16","SBF2"
0,1.57197527727102,0.349,0.172,0,"16","PTPRO"
0,1.73461006219484,0.304,0.127,0,"16","KCNH5"
0,0.727211707772547,0.486,0.311,0,"16","MAST4"
0,1.35463191435623,0.334,0.161,0,"16","PLCL2"
0,0.61477189396739,0.588,0.415,0,"16","FBXL17"
0,1.0105819108305,0.414,0.241,0,"16","NEDD4L"
0,0.295311174201508,0.651,0.479,0,"16","CNTN1"
0,0.771081451434677,0.493,0.321,0,"16","RBFOX2"
0,0.882879007609461,0.43,0.259,0,"16","SRGAP3"
0,1.04953872094318,0.374,0.204,0,"16","PPFIBP1"
0,0.921029007628052,0.399,0.23,0,"16","HIVEP3"
0,1.51593900711469,0.323,0.154,0,"16","HTR1E"
0,1.61449186183245,0.264,0.095,0,"16","VLDLR-AS1"
0,0.826024633706233,0.326,0.158,0,"16","SYNPR"
0,0.970122161440839,0.362,0.194,0,"16","BTBD8"
0,1.25507614803716,0.359,0.192,0,"16","GABRA1"
0,0.765934306775408,0.484,0.317,0,"16","CPEB3"
0,1.73066040178364,0.278,0.112,0,"16","AMMECR1"
0,0.74137206085397,0.618,0.452,0,"16","SMYD3"
0,0.850131802475632,0.412,0.246,0,"16","DAAM1"
0,0.493945023785134,0.61,0.444,0,"16","SIPA1L1"
0,1.03607366065407,0.404,0.24,0,"16","ANKRD26"
0,0.771708617010559,0.485,0.321,0,"16","CSRNP3"
0,0.882183439106973,0.419,0.255,0,"16","SHISA9"
0,0.6730515408455,0.501,0.337,0,"16","TTTY14"
0,0.504392099963795,0.447,0.284,0,"16","DOCK9"
0,1.32777526202434,0.333,0.171,0,"16","PRICKLE2"
0,1.13249387549089,0.373,0.211,0,"16","AMPH"
0,0.600214287724094,0.472,0.31,0,"16","GABRB3"
0,0.733443545802837,0.435,0.273,0,"16","ARNT2"
0,0.777341656847919,0.438,0.277,0,"16","UNC80"
0,0.728687271668764,0.478,0.317,0,"16","AC124312.1"
0,0.697842095946559,0.484,0.323,0,"16","LARGE1"
0,0.483174314360996,0.846,0.685,0,"16","MT-CO1"
0,1.39772745741714,0.306,0.146,0,"16","FAM135B"
0,0.798395543676259,0.43,0.27,0,"16","GALNT17"
0,0.989902720631065,0.378,0.219,0,"16","SPAG16"
0,1.31423781809331,0.329,0.17,0,"16","CAP2"
0,0.484947355669338,0.639,0.481,0,"16","MBD5"
0,0.424229246191045,0.505,0.348,0,"16","COBL"
0,0.541005640568661,0.986,0.83,0,"16","IL1RAPL1"
0,0.482709757893689,0.711,0.556,0,"16","MT-ND1"
0,0.474239589265944,0.561,0.407,0,"16","PRNP"
0,1.11404268023591,0.348,0.194,0,"16","FAM49A"
0,0.570306331918421,0.473,0.319,0,"16","CHL1"
0,0.870264914752553,0.402,0.249,0,"16","SLC25A12"
0,0.834556572038621,0.262,0.109,0,"16","MAML3"
0,0.69773004374407,0.458,0.305,0,"16","SNAP91"
0,0.561583292526211,0.476,0.323,0,"16","AFF3"
0,0.855324402853213,0.36,0.208,0,"16","APBA1"
0,0.676328911133593,0.474,0.322,0,"16","CNTN4"
0,0.317590862627943,0.773,0.622,0,"16","AUTS2"
0,1.19891730658105,0.334,0.183,0,"16","SHANK2"
0,1.62135540422914,0.267,0.117,0,"16","GABRA4"
0,0.369481245700752,0.512,0.363,0,"16","NEBL"
0,0.738186766016785,0.366,0.217,0,"16","GARNL3"
0,0.752203480038081,0.384,0.236,0,"16","AIG1"
0,0.818723562445646,0.294,0.146,0,"16","KIAA1324L"
0,0.996324693434611,0.253,0.107,0,"16","RGS12"
0,1.43822210983654,0.277,0.131,0,"16","TTC39C"
0,1.31637041061006,0.295,0.149,0,"16","BRINP2"
0,0.608785977290465,0.452,0.307,0,"16","SPTBN4"
0,0.701620277947694,0.42,0.275,0,"16","KIAA1109"
0,0.372261977034936,0.49,0.346,0,"16","SLC4A10"
0,1.21836012042478,0.285,0.141,0,"16","ELAVL2"
0,0.779855331051902,0.409,0.265,0,"16","LINC00461"
0,1.16798523389241,0.316,0.173,0,"16","KCND3"
0,1.00601260118862,0.337,0.194,0,"16","CYFIP2"
0,0.536506800876418,0.458,0.315,0,"16","GRIA3"
0,1.44632416833207,0.285,0.142,0,"16","LIN7A"
0,0.820203739729637,0.364,0.222,0,"16","SCMH1"
0,1.22051148563738,0.291,0.149,0,"16","TSPYL2"
0,0.609547441335692,0.43,0.289,0,"16","SUPT3H"
0,0.509930628701672,0.378,0.238,0,"16","RASGRF2"
0,1.43422297472777,0.263,0.123,0,"16","TRERF1"
0,0.705948576202875,0.35,0.21,0,"16","DIAPH2"
0,0.46247521732704,0.495,0.356,0,"16","NTRK3"
0,1.13228548465132,0.287,0.148,0,"16","GPR155"
0,0.847840138603427,0.371,0.232,0,"16","KIF21A"
0,0.685912576177226,0.407,0.268,0,"16","ADK"
0,1.56066828731589,0.251,0.113,0,"16","SUSD4"
0,0.445970095423232,0.629,0.491,0,"16","TNRC6B"
0,0.655732808521887,0.412,0.275,0,"16","SYP"
0,0.809077837776254,0.396,0.26,0,"16","NR3C2"
0,1.02810914112738,0.336,0.2,0,"16","SRRM4"
0,0.580170112449187,0.387,0.252,0,"16","UBA6-AS1"
0,0.385981623671493,0.603,0.468,0,"16","EIF4G3"
0,0.423899658873104,0.545,0.411,0,"16","MYCBP2"
0,0.508079631044712,0.409,0.275,0,"16","VPS13C"
0,1.31453714084241,0.264,0.131,0,"16","MPP6"
0,0.661147146100896,0.391,0.258,0,"16","FMN1"
0,0.311496177166758,0.601,0.468,0,"16","AHI1"
0,0.776373067313553,0.334,0.202,0,"16","CSMD2"
0,0.541324995157537,0.388,0.256,0,"16","LRRFIP2"
0,1.05971426527674,0.334,0.204,0,"16","EML6"
0,0.735020651331758,0.402,0.272,0,"16","DENND5B"
0,0.349128236278268,0.532,0.402,0,"16","RTN1"
0,0.761271884805714,0.358,0.229,0,"16","TTBK2"
0,0.942332226742085,0.296,0.167,0,"16","SEZ6L2"
0,0.301269259149987,0.323,0.195,0,"16","ANKRD44"
0,0.46972576242809,0.459,0.331,0,"16","LINC00632"
0,1.26087835261204,0.267,0.139,0,"16","CACNG8"
0,0.320464704380989,0.537,0.41,0,"16","PRKN"
0,0.266329493839176,0.463,0.336,0,"16","GRID1"
0,1.0290566127652,0.279,0.153,0,"16","ATXN7L1"
0,0.596950711937577,0.409,0.283,0,"16","ANKRD36C"
0,0.332030204142785,0.406,0.28,0,"16","KCNH7"
0,0.930838886848849,0.266,0.141,0,"16","CDK8"
0,1.05242048924867,0.3,0.176,0,"16","SRRM3"
0,0.871126900482225,0.292,0.168,0,"16","APLP2"
0,0.876207629283397,0.348,0.224,0,"16","PCSK2"
0,0.367481051808915,0.536,0.413,0,"16","BIRC6"
0,0.704474172344339,0.358,0.235,0,"16","BABAM2"
0,0.657475150696206,0.414,0.291,0,"16","XKR6"
0,0.434699174220036,0.25,0.127,0,"16","PREX2"
0,1.00786655356914,0.26,0.137,0,"16","SLC38A1"
0,0.651528168702664,0.348,0.225,0,"16","TRAF3IP2-AS1"
0,0.290912127123865,0.404,0.282,0,"16","PHYHIPL"
0,1.08569011417317,0.265,0.143,0,"16","NSG2"
0,0.389799664993663,0.343,0.221,0,"16","FOXN3"
0,0.47913697030708,0.456,0.334,0,"16","BTBD9"
0,0.381570373343662,0.502,0.38,0,"16","FUT9"
0,0.521162926240738,0.374,0.252,0,"16","ZDHHC14"
0,0.293153921418732,0.588,0.466,0,"16","RERE"
0,0.690372691582101,0.3,0.179,0,"16","SH3KBP1"
0,0.484320290327107,0.436,0.315,0,"16","IDS"
0,0.474046949521296,0.39,0.269,0,"16","NCOA2"
0,0.322487587120173,0.581,0.46,0,"16","TMEM161B-AS1"
0,0.380690981200123,0.467,0.347,0,"16","FTO"
0,0.703689861601575,0.286,0.166,0,"16","RALGPS1"
0,0.782142421530575,0.353,0.236,0,"16","KSR2"
0,0.490094925166868,0.454,0.337,0,"16","NSF"
0,0.742609378696208,0.286,0.169,0,"16","CASK"
0,0.469404853642263,0.438,0.322,0,"16","EHBP1"
0,0.357581430200743,0.442,0.326,0,"16","DGKI"
0,0.929714334016603,0.288,0.172,0,"16","MEG8"
0,1.16150621470088,0.26,0.145,0,"16","NRXN2"
0,0.434384170546197,0.507,0.392,0,"16","ATRX"
0,0.576010696043043,0.393,0.278,0,"16","SMARCA2"
0,0.434490304165185,0.857,0.742,0,"16","MT-ND4"
0,0.343684471873619,0.324,0.211,0,"16","BACH2"
0,0.288704396687822,0.645,0.532,0,"16","CDC42BPA"
0,0.686286910753018,0.353,0.24,0,"16","SETBP1"
0,0.673681291571301,0.281,0.169,0,"16","LRRC8B"
0,1.10783388131069,0.274,0.162,0,"16","CELF5"
0,0.427838165339198,0.427,0.315,0,"16","JAKMIP2"
0,0.82190399237218,0.268,0.157,0,"16","SH3BGRL"
0,0.502901561635236,0.287,0.176,0,"16","LCORL"
0,0.754892569294562,0.379,0.268,0,"16","INPP4B"
0,0.640038312396916,0.348,0.237,0,"16","EVL"
0,0.657227062159345,0.36,0.249,0,"16","PWAR6"
0,0.318948733769337,0.456,0.346,0,"16","AAK1"
0,0.882042398369379,0.255,0.145,0,"16","VPS45"
0,0.757307006006282,0.339,0.229,0,"16","CAMK2B"
0,0.6023243263952,0.303,0.193,0,"16","NFIX"
0,0.432684728491828,0.464,0.355,0,"16","PREPL"
0,0.970237251329028,0.305,0.196,0,"16","CHD5"
0,0.77550830175375,0.275,0.167,0,"16","LY6H"
0,0.293397447915084,0.481,0.373,0,"16","SGIP1"
0,0.80679108196084,0.277,0.17,0,"16","FARP1"
0,0.506098605224335,0.893,0.786,0,"16","MT-CO3"
0,0.568969019507831,0.326,0.22,0,"16","PTPRS"
0,0.661027057622076,0.252,0.146,0,"16","URI1"
0,0.442893657551561,0.418,0.312,0,"16","CLSTN1"
0,0.872792260884789,0.288,0.182,0,"16","CACNA1E"
0,0.51120816222778,0.366,0.26,0,"16","KMT2A"
0,0.843052662993487,0.293,0.187,0,"16","ARHGAP44"
0,0.941473374538726,0.256,0.151,0,"16","CLIP3"
0,0.503542661818187,0.433,0.328,0,"16","DANT2"
0,0.974380253937431,0.279,0.175,0,"16","ELAVL4"
0,0.736546182442954,0.304,0.2,0,"16","CACNA1D"
0,0.516065352673041,0.361,0.257,0,"16","CALM3"
0,0.307056108978355,0.803,0.7,0,"16","MT-ATP6"
0,0.464126039425677,0.387,0.284,0,"16","ANKRD36"
0,0.527956928202234,0.388,0.285,0,"16","DNM1"
0,0.261304584574715,0.508,0.405,0,"16","CAMTA1"
0,0.414685079361825,0.41,0.307,0,"16","SCN2A"
0,0.542514822049868,0.336,0.235,0,"16","SYT14"
0,0.832402440211023,0.259,0.158,0,"16","USP11"
0,0.819990966969535,0.271,0.17,0,"16","RTF1"
0,0.647534382988599,0.317,0.217,0,"16","PAM"
0,0.621617514736025,0.314,0.214,0,"16","AC098850.3"
0,0.348211179626166,0.438,0.338,0,"16","CAMK1D"
0,0.803349538094192,0.277,0.179,0,"16","LRRFIP1"
0,0.655803819114265,0.279,0.181,0,"16","KIF1A"
0,0.639399980669123,0.341,0.243,0,"16","SCN8A"
0,1.11506155940843,0.275,0.177,0,"16","JPH4"
0,0.628088314434677,0.316,0.218,0,"16","RFX7"
0,0.336201951209655,0.365,0.267,0,"16","KIDINS220"
0,0.758654495117425,0.299,0.201,0,"16","ABCA5"
0,0.804694773186003,0.262,0.165,0,"16","GMDS"
0,0.580455875490382,0.33,0.233,0,"16","NORAD"
0,0.782719498539922,0.26,0.164,0,"16","C1orf21"
0,0.828741459158459,0.295,0.199,0,"16","FP700111.1"
0,0.818248583710949,0.269,0.174,0,"16","FRRS1L"
0,0.35587024951782,0.394,0.299,0,"16","TTC28"
0,0.273349467957173,0.44,0.346,0,"16","ZNF292"
0,0.803344175626455,0.266,0.173,0,"16","TARBP1"
0,0.68869696541957,0.275,0.182,0,"16","SCAMP5"
0,0.488438769178589,0.312,0.219,0,"16","DCLK2"
0,0.769117387613345,0.284,0.191,0,"16","ZNF91"
0,0.721140585038532,0.27,0.178,0,"16","ZFYVE9"
0,0.355343990961871,0.337,0.245,0,"16","SERINC1"
0,0.486633324407235,0.364,0.272,0,"16","TTC14"
0,0.418018808663846,0.376,0.285,0,"16","STRBP"
0,0.427915436999947,0.313,0.222,0,"16","ABLIM1"
0,0.474098420666828,0.313,0.222,0,"16","ITSN1"
0,0.766101588496436,0.289,0.198,0,"16","DYNC2H1"
0,0.321659289742382,0.259,0.169,0,"16","BCKDHB"
0,0.565408441069581,0.263,0.174,0,"16","ZSWIM5"
0,0.425160095344211,0.334,0.246,0,"16","GSK3B"
0,0.550325609335571,0.323,0.235,0,"16","GLCCI1"
0,0.60954590982638,0.332,0.244,0,"16","SPTAN1"
0,0.558146152311848,0.3,0.212,0,"16","FBXL20"
0,0.512228840260835,0.264,0.177,0,"16","REPS1"
0,0.600852957378201,0.279,0.192,0,"16","CNNM2"
0,0.566774017276236,0.269,0.182,0,"16","LRRC37A3"
0,0.529388128174416,0.304,0.219,0,"16","C2CD5"
0,0.483234554587584,0.312,0.227,0,"16","KLC1"
0,0.726081084396474,0.284,0.199,0,"16","SYT16"
0,0.250073452075449,0.862,0.777,0,"16","MT-CO2"
0,0.534426599371336,0.325,0.242,0,"16","MICU1"
0,0.605079184952651,0.267,0.185,0,"16","ZNF483"
0,0.398878599641994,0.33,0.248,0,"16","VWA8"
0,0.60379282455108,0.254,0.172,0,"16","USP22"
0,0.506713196773752,0.331,0.25,0,"16","KIAA1549L"
0,0.296981179772395,0.261,0.181,0,"16","SYNDIG1"
0,0.42924647685265,0.285,0.205,0,"16","TPST1"
0,0.575440546967012,0.285,0.205,0,"16","KCTD1"
0,0.549943204461832,0.28,0.201,0,"16","TIAM2"
0,0.443604014579769,0.279,0.2,0,"16","AC025159.1"
0,0.603764859831211,0.27,0.197,0,"16","CDKL5"
0,0.542739890817482,0.259,0.186,0,"16","RB1CC1"
2.22044604925031e-16,0.253545572885785,0.762,0.653,5.79580827775317e-12,"16","MT-CYB"
2.22044604925031e-16,0.347099019727771,0.349,0.265,5.79580827775317e-12,"16","ARL15"
2.22044604925031e-16,0.528925640826886,0.281,0.208,5.79580827775317e-12,"16","KIFAP3"
4.44089209850063e-16,0.651922599717856,0.271,0.203,1.15916165555063e-11,"16","MAGI3"
6.66133814775094e-16,0.379435285888816,0.344,0.263,1.73874248332595e-11,"16","AEBP2"
6.66133814775094e-16,0.439018418648567,0.333,0.255,1.73874248332595e-11,"16","STXBP1"
8.88178419700125e-16,0.429500273741048,0.313,0.237,2.31832331110127e-11,"16","ZNF148"
2.44249065417534e-15,0.284014595973067,0.507,0.413,6.37538910552848e-11,"16","GTF2I"
2.44249065417534e-15,0.414191607632152,0.256,0.186,6.37538910552848e-11,"16","UMAD1"
2.88657986402541e-15,0.458892845747576,0.268,0.197,7.53455076107912e-11,"16","ELAVL3"
3.5527136788005e-15,0.473061797273455,0.296,0.225,9.27329324440507e-11,"16","MAP3K13"
3.77475828372553e-15,0.342850666951745,0.341,0.26,9.85287407218038e-11,"16","SPIN1"
5.55111512312578e-15,0.3216741066993,0.359,0.278,1.44895206943829e-10,"16","CAMSAP2"
5.55111512312578e-15,0.566055938462944,0.269,0.203,1.44895206943829e-10,"16","SCAI"
6.88338275267597e-15,0.372421870784128,0.287,0.214,1.79670056610348e-10,"16","KIF3A"
6.88338275267597e-15,0.439022005264673,0.294,0.222,1.79670056610348e-10,"16","THY1"
1.90958360235527e-14,0.341707753626888,0.423,0.344,4.98439511886772e-10,"16","TSC22D1"
2.99760216648792e-14,0.429156086800304,0.289,0.218,7.82434117496678e-10,"16","PRKD1"
3.59712259978551e-14,0.343059576722347,0.286,0.214,9.38920940996013e-10,"16","RNMT"
4.35207425653061e-14,0.359720935665974,0.291,0.219,1.13597842243962e-09,"16","SPATS2L"
4.77395900588817e-14,0.264858423078582,0.307,0.231,1.24609877971693e-09,"16","FAM168A"
4.9515946898282e-14,0.348474089230063,0.34,0.265,1.29246524593896e-09,"16","RPRD2"
6.23945339839338e-14,0.262449355985295,0.271,0.198,1.62862212604864e-09,"16","MBOAT2"
1.65867319878998e-13,0.286897758551418,0.395,0.314,4.32946878348162e-09,"16","MYO9A"
1.98285832198053e-13,0.395853975104207,0.283,0.215,5.17565679203358e-09,"16","SNAP25-AS1"
2.22266649529956e-13,0.265654778489326,0.389,0.301,5.80160408603092e-09,"16","UCHL1"
2.89990254032091e-13,0.338969125847282,0.329,0.257,7.56932561074564e-09,"16","ZEB1"
4.2454928461666e-13,0.361116958344952,0.332,0.261,1.10815854270641e-08,"16","HECTD4"
4.53193038651989e-13,0.484899503334009,0.266,0.202,1.18292446948942e-08,"16","ZFYVE28"
8.26005930321116e-13,0.280968047990415,0.26,0.192,2.15604067932418e-08,"16","SLC20A2"
8.29558643999917e-13,0.448030359498667,0.26,0.198,2.16531397256858e-08,"16","STAU2"
1.05337960576435e-12,0.471512788033018,0.293,0.228,2.7495314469661e-08,"16","GABRG2"
1.27742261213371e-12,0.377162083831065,0.305,0.239,3.3343285021914e-08,"16","R3HDM2"
1.73638881051374e-12,0.260361826726045,0.446,0.36,4.53232207320298e-08,"16","HSP90AB1"
2.05946371067967e-12,0.374027243869129,0.28,0.214,5.37561217761606e-08,"16","TRPC1"
2.34967600931668e-12,0.295047136358457,0.324,0.251,6.1331243195184e-08,"16","DKK3"
5.57953683255619e-12,0.35891600351803,0.323,0.256,1.45637070403382e-07,"16","RBM25"
1.35376154730693e-11,0.335846121717175,0.429,0.352,3.53358839078055e-07,"16","MPHOSPH8"
1.35584876659323e-11,0.339910762201482,0.317,0.251,3.53903645056164e-07,"16","MAP4K3"
1.40516487334708e-11,0.270386637355019,0.289,0.224,3.66776135241054e-07,"16","USP33"
1.79776193931502e-11,0.276059816522206,0.319,0.251,4.69251821400007e-07,"16","TUT4"
3.30218075106359e-11,0.382396321741207,0.308,0.246,8.61935219642618e-07,"16","SCN3A"
5.45188338918479e-11,0.278872084245531,0.256,0.195,1.42305060224501e-06,"16","FAM135A"
6.79876155373904e-11,0.270747295353081,0.406,0.333,1.77461274075696e-06,"16","SCAPER"
8.3141715734314e-11,0.369790375031058,0.261,0.203,2.17016506409706e-06,"16","PSPC1"
8.80613360010329e-11,0.394991487693227,0.31,0.248,2.29857699229896e-06,"16","ADAM23"
9.71318581122205e-11,0.280700492419727,0.312,0.248,2.53533576044518e-06,"16","PLD3"
1.04280362123177e-10,0.349810915586399,0.29,0.229,2.72192601213916e-06,"16","HIVEP2"
1.4338175091666e-10,0.297066162340232,0.266,0.206,3.74255046242666e-06,"16","PTEN"
1.53025148108554e-10,0.489154385246168,0.306,0.247,3.99426241592948e-06,"16","SORCS1"
1.72906799988937e-10,0.297762965456896,0.326,0.261,4.51321329331122e-06,"16","GDI1"
1.82784454239027e-10,0.317191552040929,0.266,0.208,4.77103982454707e-06,"16","DNM1L"
5.67489388814124e-10,0.250353059213971,0.309,0.246,1.48126080268263e-05,"16","CRLF3"
6.24002849392014e-10,0.311668586235679,0.252,0.196,1.62877223748303e-05,"16","TMEM117"
9.73843450324807e-10,0.298217872875504,0.3,0.241,2.54192617403781e-05,"16","SLC22A17"
1.03767483494721e-09,0.415479853911704,0.286,0.232,2.70853885417921e-05,"16","PCNX2"
3.38303629554559e-09,0.361040160364315,0.266,0.213,8.83040133863311e-05,"16","KAT6B"
4.60049442985166e-09,0.339494461879973,0.251,0.199,0.000120082105607988,"16","DNAJB14"
6.40368114090961e-09,0.292338797737383,0.306,0.25,0.000167148885140023,"16","NAP1L1"
9.28492394081104e-09,0.28156188188947,0.288,0.232,0.00024235508470305,"16","TFDP2"
1.59428277246576e-08,0.257089388307878,0.316,0.259,0.000416139689269013,"16","MAPK8"
1.78645007675726e-08,0.404644836618164,0.262,0.213,0.000466299199035181,"16","NPTN"
2.03061920611702e-08,0.253712325330438,0.312,0.255,0.000530032225180666,"16","YWHAG"
4.2268772637577e-07,0.279631396717482,0.3,0.252,0.0110329950338603,"16","SOS1"
9.06583473625489e-07,0.307722201941843,0.273,0.229,0.0236636418285725,"16","PPM1E"
0,4.02445202640515,0.977,0.16,0,"17","ZNF385D"
0,3.87449175063376,0.958,0.152,0,"17","TSHZ2"
0,6.79604034017791,0.774,0.013,0,"17","HTR2C"
0,3.2335695933911,0.956,0.285,0,"17","ASIC2"
0,2.66344239266283,0.858,0.195,0,"17","HS3ST4"
0,4.32095627812021,0.683,0.044,0,"17","ITGA8"
0,1.84320752407786,0.874,0.283,0,"17","GRIP1"
0,2.46053887269421,0.849,0.26,0,"17","OLFM3"
0,2.63066081166048,0.739,0.165,0,"17","TRHDE"
0,2.93272025393669,0.717,0.153,0,"17","CPNE4"
0,2.11569460597256,0.857,0.299,0,"17","ZNF385B"
0,3.31632098528178,0.65,0.095,0,"17","GRM8"
0,1.8960774070618,0.818,0.268,0,"17","MGAT4C"
0,2.09296047003822,0.893,0.346,0,"17","DAB1"
0,3.14717827914598,0.647,0.1,0,"17","VWC2L"
0,2.13423922001786,0.769,0.224,0,"17","TOX"
0,1.92292449143934,0.886,0.343,0,"17","CDH18"
0,2.63966877211681,0.722,0.185,0,"17","AC090568.2"
0,3.30443271250365,0.622,0.089,0,"17","TRMT9B"
0,2.16249420584562,0.795,0.263,0,"17","MYRIP"
0,3.16187281560222,0.633,0.105,0,"17","PRR16"
0,1.89174916983335,0.892,0.364,0,"17","DCLK1"
0,1.56974913894331,0.784,0.259,0,"17","DCC"
0,5.78420352944845,0.533,0.012,0,"17","IFNG-AS1"
0,1.81261874218138,0.84,0.319,0,"17","CNTN4"
0,2.02162024895819,0.747,0.228,0,"17","CLSTN2"
0,1.65520862823551,0.889,0.374,0,"17","CADPS"
0,1.81066345965724,0.959,0.446,0,"17","MDGA2"
0,1.76463979083427,0.983,0.472,0,"17","SNTG1"
0,1.48433933493529,0.85,0.34,0,"17","LINGO2"
0,3.24099532875749,0.597,0.088,0,"17","GHR"
0,1.22310435379173,0.849,0.343,0,"17","HS6ST3"
0,1.5475636223117,0.93,0.428,0,"17","RYR2"
0,1.54513933863273,0.909,0.41,0,"17","KHDRBS2"
0,1.4734598526547,0.84,0.345,0,"17","LDB2"
0,2.45971453244041,0.64,0.15,0,"17","KCNT2"
0,1.3049320793952,0.722,0.237,0,"17","KIAA1217"
0,1.39098092280123,0.909,0.425,0,"17","GRM5"
0,1.12244098627423,0.913,0.43,0,"17","DSCAM"
0,2.17137229023008,0.69,0.21,0,"17","KCNB2"
0,1.81214491049178,0.609,0.129,0,"17","LUZP2"
0,1.55692523797179,0.828,0.357,0,"17","ERC2"
0,2.03735639188076,0.636,0.167,0,"17","FSTL5"
0,2.01206242218554,0.635,0.168,0,"17","SDK1"
0,0.711919343074934,0.586,0.121,0,"17","LHFPL3"
0,1.28373128954414,0.88,0.416,0,"17","AGBL4"
0,1.38770531630897,0.898,0.435,0,"17","CSMD3"
0,1.73863185167831,0.773,0.311,0,"17","CHSY3"
0,1.36480401358223,0.799,0.339,0,"17","TLE4"
0,2.46484953166469,0.59,0.13,0,"17","PCDH11Y"
0,3.72564183575007,0.512,0.055,0,"17","AL109930.1"
0,4.04517322872338,0.493,0.037,0,"17","CHRM2"
0,1.13056348952144,0.834,0.379,0,"17","FRMPD4"
0,1.75357565313373,0.708,0.255,0,"17","CDH13"
0,3.47163515592218,0.516,0.066,0,"17","CRYM"
0,4.26302595017712,0.477,0.029,0,"17","TLL1"
0,1.04803676323986,0.903,0.456,0,"17","RIMS2"
0,1.05218093166455,0.881,0.436,0,"17","CCSER1"
0,1.04376875511662,0.977,0.533,0,"17","OPCML"
0,1.21084173560044,0.901,0.459,0,"17","RGS7"
0,1.67582274268822,0.685,0.244,0,"17","SLC35F3"
0,1.91334174257638,0.667,0.227,0,"17","CDH8"
0,1.31640646646388,0.762,0.329,0,"17","ADCY2"
0,1.54973276373427,0.721,0.293,0,"17","PAK3"
0,1.62869179713865,0.717,0.289,0,"17","XKR6"
0,0.868521422211307,0.963,0.535,0,"17","FGF14"
0,1.34028156783406,0.777,0.351,0,"17","ARPP21"
0,2.07551414858922,0.557,0.132,0,"17","FOXP2"
0,2.52052023603759,0.532,0.108,0,"17","RANBP17"
0,1.16277582704034,0.963,0.541,0,"17","NEGR1"
0,1.16914832394771,0.864,0.443,0,"17","OXR1"
0,1.49391356751067,0.668,0.248,0,"17","CAMK2D"
0,3.86156482086683,0.465,0.045,0,"17","CDH6"
0,3.56410956938179,0.457,0.041,0,"17","SPHKAP"
0,1.1681396108472,0.778,0.364,0,"17","GRIN2A"
0,1.9638085372565,0.617,0.203,0,"17","EML6"
0,0.9250129871824,0.827,0.413,0,"17","GRIA4"
0,1.6194208190232,0.696,0.283,0,"17","KCTD8"
0,1.30295970187357,0.977,0.565,0,"17","DPP10"
0,1.16339177896245,0.932,0.52,0,"17","FRMD4A"
0,2.09828010448842,0.59,0.18,0,"17","BMPER"
0,0.627846189636748,0.859,0.45,0,"17","STXBP5L"
0,2.77694426069649,0.497,0.089,0,"17","LINC00937"
0,1.08634539773558,0.93,0.522,0,"17","PLCB1"
0,1.63943547879395,0.684,0.278,0,"17","PTPRT"
0,1.77104026798843,0.62,0.216,0,"17","NELL1"
0,1.39530322533775,0.707,0.303,0,"17","ERC1"
0,1.28038055523149,0.681,0.278,0,"17","KCNH7"
0,0.930523171741621,0.986,0.583,0,"17","SYT1"
0,1.28405926047103,0.696,0.294,0,"17","HDAC9"
0,1.38871948772387,0.689,0.288,0,"17","HCN1"
0,1.6080684171143,0.651,0.251,0,"17","GABRG3"
0,1.28351639959673,0.874,0.474,0,"17","MACROD2"
0,1.14701882893531,0.819,0.419,0,"17","SLC8A1"
0,0.966146291443326,0.864,0.467,0,"17","PHACTR1"
0,1.03489271720875,0.822,0.427,0,"17","PCDH7"
0,0.906302246890835,0.933,0.539,0,"17","CELF2"
0,1.28838531803396,0.72,0.326,0,"17","CACNA1A"
0,1.18006882121057,0.655,0.262,0,"17","GALNT13"
0,1.9357050443036,0.577,0.184,0,"17","PAK5"
0,1.19053159797528,0.736,0.345,0,"17","MYT1L"
0,1.52600724746358,0.665,0.274,0,"17","TMEM232"
0,0.654855680058753,0.865,0.475,0,"17","FGF12"
0,2.64033376263747,0.487,0.098,0,"17","DIRAS2"
0,1.09193282877865,0.85,0.463,0,"17","NBEA"
0,1.24617576595674,0.994,0.608,0,"17","RBFOX1"
0,3.39101065614459,0.437,0.052,0,"17","PCP4"
0,2.12721683370817,0.535,0.151,0,"17","PTPRR"
0,1.42864917374707,0.665,0.283,0,"17","STRBP"
0,1.72409768316424,0.593,0.211,0,"17","GPR158"
0,2.1524922139334,0.51,0.129,0,"17","FRAS1"
0,2.34576249922013,0.483,0.102,0,"17","ADAMTS19"
0,0.849751681297606,0.732,0.355,0,"17","GRM3"
0,1.22997393040923,0.964,0.587,0,"17","NAV3"
0,3.14813993062931,0.43,0.053,0,"17","BCL11B"
0,0.98785628257496,0.792,0.416,0,"17","MAP2"
0,1.27951059813867,0.701,0.325,0,"17","BASP1"
0,0.438179210017084,0.968,0.593,0,"17","CSMD1"
0,1.21603559243681,0.657,0.283,0,"17","SORBS2"
0,0.895401316279111,0.738,0.364,0,"17","DLGAP2"
0,2.5792638886522,0.43,0.057,0,"17","SEMA3E"
0,1.15328461097743,0.686,0.317,0,"17","ATP8A2"
0,1.27815974088925,0.667,0.299,0,"17","CDK14"
0,0.699656550319045,0.804,0.437,0,"17","SOX5"
0,0.449569403889101,0.731,0.364,0,"17","DLC1"
0,1.953815734319,0.478,0.112,0,"17","SH3RF3"
0,4.69148023374994,0.38,0.014,0,"17","NXPH2"
0,0.695311798093472,0.86,0.494,0,"17","MEF2C"
0,1.31375150746413,0.65,0.285,0,"17","PTPRN2"
0,1.79577823848872,0.557,0.192,0,"17","PRICKLE1"
0,1.40179074408102,0.624,0.26,0,"17","RAPGEF4"
0,2.02164008916599,0.503,0.142,0,"17","PLXNA4"
0,0.896971497613882,0.955,0.594,0,"17","FAM155A"
0,1.17283386982108,0.899,0.539,0,"17","MAPK10"
0,0.802179435638482,0.918,0.558,0,"17","RORA"
0,4.12737198323325,0.395,0.038,0,"17","LINC01811"
0,1.89557377230149,0.525,0.169,0,"17","CAP2"
0,0.888331022538644,0.744,0.389,0,"17","THRB"
0,1.44664346104171,0.591,0.239,0,"17","SETBP1"
0,1.96255119060201,0.505,0.154,0,"17","BCL11A"
0,1.80486073492434,0.521,0.174,0,"17","ELAVL4"
0,1.20392101529265,0.567,0.22,0,"17","ABLIM1"
0,1.82223998811101,0.545,0.199,0,"17","GPC6"
0,0.976210489475018,0.991,0.645,0,"17","NRXN1"
0,0.823035439321804,0.691,0.345,0,"17","SLC4A10"
0,0.529446947909485,0.776,0.431,0,"17","KALRN"
0,1.34513243416429,0.617,0.272,0,"17","CERS6"
0,0.622986119320012,0.863,0.519,0,"17","KAZN"
0,0.856970069207645,0.7,0.356,0,"17","GABRB2"
0,1.97223507136933,0.44,0.096,0,"17","C8orf34"
0,1.23160927891333,0.624,0.281,0,"17","AC073050.1"
0,0.917748590981553,0.57,0.227,0,"17","SGCZ"
0,0.853924218223881,0.69,0.347,0,"17","KHDRBS3"
0,0.961786489057738,0.681,0.339,0,"17","PCLO"
0,0.833832853369781,0.795,0.454,0,"17","SNAP25"
0,0.896333072296211,0.887,0.546,0,"17","LRRC7"
0,0.939969655757614,0.769,0.429,0,"17","KCNMA1"
0,1.14899457100736,0.629,0.289,0,"17","CELF4"
0,0.782844533724788,0.753,0.414,0,"17","FOXP1"
0,2.43796068753996,0.421,0.082,0,"17","NYAP2"
0,1.26544582541837,0.584,0.245,0,"17","GUCY1A2"
0,0.981463634269246,0.986,0.647,0,"17","NRG3"
0,2.07478048978914,0.443,0.107,0,"17","COL11A1"
0,0.523823004493523,0.726,0.39,0,"17","ALCAM"
0,0.912107605950143,0.654,0.319,0,"17","CHL1"
0,0.830583638679433,0.79,0.455,0,"17","LRRTM3"
0,0.909676642468775,0.651,0.316,0,"17","NELL2"
0,2.08134595443846,0.449,0.115,0,"17","RPH3A"
0,0.961437962671977,0.633,0.3,0,"17","MTUS2"
0,0.868995195223688,0.69,0.358,0,"17","MSRA"
0,1.06475586168958,0.573,0.241,0,"17","ZNF704"
0,1.43132457399791,0.549,0.219,0,"17","SPAG16"
0,1.74387404264272,0.477,0.147,0,"17","PDE3B"
0,1.19088663831024,0.539,0.21,0,"17","PDZRN4"
0,1.17215117103302,0.967,0.638,0,"17","NKAIN2"
0,0.96211021406702,0.641,0.315,0,"17","KCNQ3"
0,1.2831312405832,0.552,0.227,0,"17","HIVEP2"
0,0.804798474590288,0.982,0.657,0,"17","CNTNAP2"
0,1.73851401086626,0.47,0.146,0,"17","FAM135B"
0,1.76061094228308,0.468,0.145,0,"17","KIAA0319"
0,1.39410841945942,0.471,0.148,0,"17","PCDH17"
0,0.467112754396941,0.896,0.577,0,"17","GPM6A"
0,2.19572867834258,0.413,0.094,0,"17","DPY19L1"
0,0.538921697217314,0.901,0.583,0,"17","PDE4D"
0,1.0777007316783,0.651,0.333,0,"17","RIMS1"
0,1.67791662573149,0.406,0.089,0,"17","SORCS2"
0,3.02300309763821,0.363,0.047,0,"17","SAMD5"
0,1.43522587309073,0.52,0.205,0,"17","SLC44A5"
0,1.22183191645064,0.557,0.242,0,"17","SORL1"
0,0.965259401532583,0.621,0.306,0,"17","SCN2A"
0,0.557876599731816,0.797,0.483,0,"17","CHN1"
0,0.992267959098053,0.619,0.307,0,"17","SPTBN4"
0,1.1343073961047,0.97,0.658,0,"17","NLGN1"
0,0.97242566878733,0.569,0.257,0,"17","AC006148.1"
0,0.796069591094359,0.687,0.376,0,"17","ASTN2"
0,2.03990953568315,0.378,0.067,0,"17","KCNIP1"
0,1.38774273363942,0.537,0.227,0,"17","AC092683.1"
0,2.2470961536938,0.405,0.095,0,"17","TSHZ3"
0,0.623588777539481,0.841,0.531,0,"17","DOCK4"
0,1.23202006206724,0.793,0.485,0,"17","LRRC4C"
0,0.737656040486349,0.776,0.468,0,"17","AHI1"
0,0.871559658250262,0.622,0.314,0,"17","GRIN2B"
0,3.54888583814947,0.338,0.032,0,"17","COL12A1"
0,0.83127793889557,0.676,0.37,0,"17","HERC1"
0,0.552240567459505,0.78,0.478,0,"17","DPP6"
0,0.920954413920771,0.61,0.31,0,"17","GABRB3"
0,1.03430317083266,0.577,0.277,0,"17","UNC80"
0,0.818282115969954,0.554,0.255,0,"17","MEIS2"
0,2.36351230085214,0.353,0.054,0,"17","ETV1"
0,1.49585115291226,0.474,0.176,0,"17","MARK1"
0,2.05281946505185,0.409,0.111,0,"17","NEK11"
0,0.680622159794746,0.635,0.337,0,"17","CACNA1B"
0,0.745409444977108,0.7,0.402,0,"17","RTN1"
0,1.25207145036524,0.51,0.213,0,"17","SV2B"
0,1.24422009931131,0.989,0.694,0,"17","LRP1B"
0,1.12220458086662,0.531,0.236,0,"17","EVL"
0,0.555469342950986,0.691,0.396,0,"17","GABRB1"
0,1.5642819115191,0.467,0.173,0,"17","ANKRD30BL"
0,0.706863143988063,0.697,0.403,0,"17","PBX1"
0,0.79741674675453,0.699,0.405,0,"17","ROBO2"
0,1.20439254203245,0.535,0.242,0,"17","SCN8A"
0,1.45125340867083,0.455,0.164,0,"17","ST8SIA1"
0,1.20072987727578,0.519,0.229,0,"17","SATB2"
0,1.32902670538449,0.491,0.201,0,"17","MAGI3"
0,0.468679313784029,0.835,0.545,0,"17","SPOCK1"
0,0.815786604450196,0.741,0.452,0,"17","MAP1B"
0,0.743644543379188,0.667,0.379,0,"17","FUT9"
0,0.849952448937613,0.59,0.302,0,"17","HECW1"
0,1.44316522962242,0.473,0.186,0,"17","ARHGAP44"
0,0.512548182634063,0.672,0.386,0,"17","PRKCB"
0,0.542258438071644,0.616,0.33,0,"17","SLC35F1"
0,0.941360714457306,0.6,0.314,0,"17","IDS"
0,0.714154912951306,0.748,0.463,0,"17","MAGI1"
0,1.66540224160265,0.423,0.139,0,"17","CACNB4"
0,2.05224441442184,0.385,0.103,0,"17","RALGPS2"
0,4.65481599983522,0.294,0.012,0,"17","SAMD3"
0,0.672324573415444,0.616,0.335,0,"17","EFNA5"
0,0.472937562331612,0.641,0.361,0,"17","LRFN5"
0,3.17701916578699,0.305,0.027,0,"17","GPRIN3"
0,1.65898858621879,0.41,0.132,0,"17","LMO7"
0,1.00545687089512,0.464,0.187,0,"17","AFDN"
0,0.482145804857463,0.729,0.452,0,"17","SMYD3"
0,3.08658981002752,0.307,0.031,0,"17","CALCRL"
0,1.66216168034091,0.425,0.149,0,"17","BASP1-AS1"
0,0.588713027946471,0.69,0.414,0,"17","SYNE1"
0,0.968371658726211,0.43,0.155,0,"17","GRIK1"
0,0.655817396859732,0.596,0.321,0,"17","FBXW7"
0,1.65380536561111,0.34,0.066,0,"17","SPON1"
0,1.36070940918029,0.474,0.2,0,"17","CAMK4"
0,2.7238374124902,0.335,0.062,0,"17","MPP7"
0,0.786587561441393,0.599,0.327,0,"17","DANT2"
0,2.07671969152408,0.33,0.059,0,"17","UST"
0,1.17337153941589,0.44,0.169,0,"17","FARP1"
0,0.581626168829523,0.659,0.389,0,"17","FMN2"
0,0.299842673072837,0.75,0.48,0,"17","CNTN1"
0,0.917763100621665,0.524,0.255,0,"17","SH3GL2"
0,0.547827970304048,0.653,0.384,0,"17","ATP2B1"
0,3.1450352774185,0.307,0.039,0,"17","SEMA5B"
0,1.76182673719478,0.409,0.141,0,"17","LY86-AS1"
0,5.19721667957989,0.275,0.007,0,"17","FER1L6-AS2"
0,1.30306524708653,0.449,0.181,0,"17","EFR3A"
0,0.720468465454903,0.961,0.694,0,"17","ANKS1B"
0,1.90707312555161,0.327,0.06,0,"17","PWRN1"
0,0.38850398300136,0.59,0.323,0,"17","MMP16"
0,1.44614047631191,0.409,0.143,0,"17","TMTC1"
0,0.631199456972586,0.607,0.341,0,"17","DYNC1I1"
0,0.703492626859309,0.603,0.337,0,"17","TTTY14"
0,1.07677895524313,0.508,0.243,0,"17","KCNJ3"
0,1.33232168199028,0.436,0.171,0,"17","SMAP1"
0,0.746413227161929,0.639,0.374,0,"17","EXOC4"
0,0.763203624450301,0.565,0.3,0,"17","UCHL1"
0,0.552520245986391,0.775,0.511,0,"17","TNRC6A"
0,0.433488430827386,0.593,0.329,0,"17","DGKB"
0,0.646730062932935,0.577,0.313,0,"17","CNKSR2"
0,1.97606716658098,0.322,0.06,0,"17","FGFR1"
0,0.657082910231671,0.552,0.291,0,"17","SCN1A"
0,0.608139421742088,0.627,0.366,0,"17","ITFG1"
0,1.21201167138329,0.453,0.194,0,"17","FAM49A"
0,1.57773129379775,0.405,0.146,0,"17","KCNJ6"
0,0.686329044024033,0.563,0.304,0,"17","SYN2"
0,1.20461673619173,0.459,0.201,0,"17","ZFYVE28"
0,4.20171075954687,0.271,0.013,0,"17","ATP2C2"
0,0.795452749362092,0.563,0.305,0,"17","SNAP91"
0,0.753086522925815,0.879,0.622,0,"17","AUTS2"
0,0.896544748267079,0.499,0.242,0,"17","MICU1"
0,0.30466269654472,0.705,0.448,0,"17","NRCAM"
0,1.57924360426976,0.355,0.099,0,"17","CDH11"
0,2.73053176347233,0.332,0.077,0,"17","ADAMTSL1"
0,0.500280613185259,0.599,0.345,0,"17","RASAL2"
0,0.816331558120389,0.516,0.262,0,"17","AEBP2"
0,1.08666714491147,0.454,0.2,0,"17","ABCA5"
0,0.790234098086778,0.514,0.26,0,"17","EPB41L3"
0,2.86726669787063,0.293,0.04,0,"17","AL033504.1"
0,0.800731615139001,0.574,0.321,0,"17","CSRNP3"
0,0.832356644237308,0.463,0.211,0,"17","BACH2"
0,0.97510318320869,0.46,0.208,0,"17","APBA1"
0,0.715495052652796,0.546,0.295,0,"17","GRIA1"
0,1.04514752714746,0.486,0.235,0,"17","SYT14"
0,0.411448304254768,0.79,0.539,0,"17","JMJD1C"
0,1.31406146395206,0.423,0.172,0,"17","MEG8"
0,2.02439003524684,0.342,0.093,0,"17","SLC5A4-AS1"
0,1.69422086597281,0.386,0.137,0,"17","C11orf80"
0,0.322666662920456,0.645,0.397,0,"17","AK5"
0,1.1329387599073,0.461,0.214,0,"17","SNAP25-AS1"
0,1.22424497610735,0.362,0.115,0,"17","KLHL5"
0,0.785080911254781,0.505,0.258,0,"17","FMN1"
0,1.1354611966789,0.369,0.122,0,"17","DIP2A"
0,0.764872106232282,0.531,0.285,0,"17","DNM1"
0,2.00042501291327,0.337,0.091,0,"17","SIDT1"
0,1.57853078842022,0.307,0.061,0,"17","ROR1"
0,0.995110226949566,0.509,0.263,0,"17","PPM1L"
0,2.40643879289251,0.305,0.059,0,"17","PLAGL1"
0,0.855420978515382,0.501,0.256,0,"17","BMPR2"
0,1.29095523229348,0.371,0.127,0,"17","PID1"
0,0.62254740361372,0.589,0.345,0,"17","UNC79"
0,1.33936752801012,0.395,0.152,0,"17","EPHA5"
0,1.86877138560757,0.341,0.098,0,"17","NREP"
0,0.959467541372081,0.467,0.224,0,"17","PCSK2"
0,0.867533625311513,0.481,0.238,0,"17","R3HDM2"
0,0.768061622855245,0.559,0.317,0,"17","AC124312.1"
0,0.682913736416931,0.494,0.252,0,"17","SNCA"
0,0.749717109631439,0.486,0.244,0,"17","CARMIL1"
0,0.629735011629539,0.569,0.327,0,"17","FER"
0,1.73646980596683,0.341,0.1,0,"17","EPHA7"
0,0.735558244425108,0.518,0.277,0,"17","GABBR2"
0,0.982352519935452,0.469,0.228,0,"17","PPM1E"
0,1.68369534592471,0.353,0.113,0,"17","SUSD4"
0,0.864039348159166,0.476,0.236,0,"17","AIG1"
0,0.348171365443328,0.711,0.471,0,"17","ENOX1"
0,2.66831272644792,0.282,0.042,0,"17","SEL1L3"
0,2.41744488586262,0.279,0.04,0,"17","GRIN3A"
0,1.69007726769671,0.339,0.1,0,"17","HLF"
0,1.27116917989562,0.415,0.176,0,"17","SRRM3"
0,4.47653944211475,0.25,0.011,0,"17","CD36"
0,0.920850204264499,0.461,0.224,0,"17","MAP3K13"
0,2.10702196313468,0.322,0.085,0,"17","WIPF3"
0,0.857605773904774,0.453,0.217,0,"17","PAM"
0,0.566420456548888,0.59,0.354,0,"17","PREPL"
0,0.964601112611173,0.443,0.208,0,"17","NLGN4X"
0,1.64366538317529,0.307,0.072,0,"17","KIAA1211"
0,0.463455568937372,0.676,0.442,0,"17","TTC3"
0,1.56765293363033,0.329,0.095,0,"17","B3GAT2"
0,1.38541003631895,0.39,0.156,0,"17","RAP1GAP2"
0,0.257180775452973,0.637,0.403,0,"17","PKP4"
0,0.355937762170417,0.811,0.579,0,"17","DOCK3"
0,2.10346686605635,0.334,0.102,0,"17","STAT4"
0,0.397542208777908,0.582,0.35,0,"17","CNTNAP5"
0,1.4307708262961,0.366,0.134,0,"17","SCN3B"
0,0.686206105819378,0.483,0.252,0,"17","UBA6-AS1"
0,0.828891878256971,0.46,0.23,0,"17","HIVEP3"
0,1.63599456971747,0.327,0.097,0,"17","RARB"
0,1.29992535281643,0.374,0.145,0,"17","FAM189A1"
0,0.406453645744778,0.595,0.366,0,"17","ARHGAP32"
0,0.753499607526682,0.477,0.248,0,"17","PWAR6"
0,1.1826365447639,0.401,0.173,0,"17","KCND3"
0,0.70091234450297,0.499,0.271,0,"17","RPS6KC1"
0,1.07587940008884,0.43,0.202,0,"17","SCAI"
0,0.649968487322379,0.5,0.272,0,"17","DENND5B"
0,1.11749216932332,0.407,0.179,0,"17","NDRG4"
0,0.568218229599575,0.548,0.321,0,"17","RBFOX2"
0,1.84545559335364,0.323,0.096,0,"17","NRSN1"
0,0.44859524284453,0.495,0.268,0,"17","INPP4B"
0,0.355588498079476,0.53,0.304,0,"17","SGCD"
0,1.30937638279183,0.33,0.104,0,"17","PTCHD4"
0,0.905317117438023,0.447,0.221,0,"17","THY1"
0,0.370930979355363,0.631,0.405,0,"17","TANC2"
0,1.85951699046937,0.305,0.08,0,"17","COL6A1"
0,1.50767104100396,0.343,0.119,0,"17","CPLX2"
0,0.559206823286582,0.555,0.331,0,"17","BRAF"
0,0.601401926938554,0.555,0.331,0,"17","LINC00632"
0,0.900833278678029,0.458,0.236,0,"17","KSR2"
0,0.732511725586499,0.442,0.22,0,"17","LINC01122"
0,1.83981286852316,0.303,0.081,0,"17","KIAA1671"
0,0.908859304855423,0.402,0.182,0,"17","STMN2"
0,2.63878390246267,0.261,0.041,0,"17","AC068051.1"
0,1.53317628613281,0.325,0.106,0,"17","EPB41"
0,1.68857068731056,0.311,0.093,0,"17","NETO2"
0,0.648567037618,0.493,0.275,0,"17","SYP"
0,0.445196764458117,0.782,0.565,0,"17","AC016831.7"
0,0.456732904461917,0.54,0.323,0,"17","AFF3"
0,0.362038889718163,0.631,0.416,0,"17","FBXL17"
0,0.615264736772548,0.527,0.312,0,"17","NRGN"
0,0.563247302919337,0.507,0.292,0,"17","ACACA"
0,1.09071704504174,0.373,0.158,0,"17","PCDH11X"
0,1.73693396221969,0.315,0.1,0,"17","EPB41L4B"
0,0.451876716198899,0.529,0.315,0,"17","MKL2"
0,1.36080714723457,0.336,0.123,0,"17","CDR2"
0,0.922657831115966,0.421,0.208,0,"17","KIFAP3"
0,0.785877524164981,0.461,0.249,0,"17","SLC25A12"
0,2.64981875605377,0.256,0.045,0,"17","AC092902.3"
0,0.445301984048171,0.501,0.29,0,"17","SUPT3H"
0,0.489936444073318,0.531,0.32,0,"17","SPIDR"
0,0.667533909476906,0.465,0.254,0,"17","RUNX1T1"
0,0.522091066732017,0.526,0.315,0,"17","TUBA1B"
0,1.78505641358981,0.289,0.078,0,"17","ANGPTL1"
0,2.00100503446727,0.292,0.081,0,"17","GABRA3"
0,0.998903002140101,0.371,0.161,0,"17","INPP5F"
0,1.81353500072445,0.301,0.091,0,"17","CORO6"
0,0.98112766107417,0.422,0.213,0,"17","NOL4"
0,0.401792457073828,0.869,0.66,0,"17","FTX"
0,0.683031399297263,0.328,0.12,0,"17","PLPPR1"
0,1.19863579924512,0.354,0.146,0,"17","CLSTN3"
0,0.264500003491385,0.57,0.362,0,"17","CACNA1C"
0,0.564231686698505,0.471,0.263,0,"17","MAP2K4"
0,0.741601831350904,0.426,0.219,0,"17","C2CD5"
0,0.745031352299265,0.453,0.247,0,"17","ADAM23"
0,0.336633458712579,0.661,0.456,0,"17","RTN3"
0,0.474159078627452,0.675,0.471,0,"17","ATP1B1"
0,0.336832545671084,0.561,0.357,0,"17","SSBP2"
0,0.382682908785397,0.42,0.216,0,"17","GAREM1"
0,0.467844457554143,0.479,0.275,0,"17","RNF144A"
0,0.691794832802845,0.448,0.245,0,"17","SCN3A"
0,0.711282467500734,0.442,0.239,0,"17","MEF2C-AS1"
0,0.625966163204958,0.435,0.232,0,"17","KIF21A"
0,0.955654034440041,0.37,0.167,0,"17","SEZ6L2"
0,0.537329108971418,0.47,0.268,0,"17","JAZF1"
0,0.425059434528611,0.454,0.253,0,"17","FAM171A1"
0,2.1370072846259,0.266,0.065,0,"17","PTPRB"
0,0.709140992419108,0.443,0.243,0,"17","SPTAN1"
0,1.03263038999942,0.39,0.191,0,"17","PRKAR1B"
0,0.744681218903739,0.434,0.235,0,"17","GLCCI1"
0,0.327880493053023,0.591,0.392,0,"17","ATRX"
0,0.368918423965224,0.45,0.252,0,"17","XKR4"
0,1.38956648780345,0.311,0.113,0,"17","RIT2"
0,0.74164912729538,0.426,0.228,0,"17","LMO3"
0,0.458199655958833,0.471,0.273,0,"17","RAP1GDS1"
0,0.801593936796281,0.391,0.194,0,"17","SSBP3"
0,1.65448377306727,0.264,0.067,0,"17","NCK2"
0,1.22658814647139,0.327,0.13,0,"17","NMT2"
0,0.305090280193243,0.602,0.405,0,"17","CAMTA1"
0,1.00042616369436,0.395,0.199,0,"17","FP700111.1"
0,1.39754230615562,0.319,0.124,0,"17","ADD2"
0,1.23804704820388,0.318,0.123,0,"17","PGM2L1"
0,0.638525632193026,0.422,0.227,0,"17","TAF1D"
0,0.617729042164935,0.47,0.275,0,"17","ENO2"
0,1.56774562791859,0.31,0.116,0,"17","ST8SIA5"
0,1.05126220973292,0.304,0.111,0,"17","ST3GAL6"
0,0.86943713137474,0.386,0.193,0,"17","GAP43"
0,0.707078342686924,0.464,0.271,0,"17","GALNT17"
0,0.764611429153616,0.389,0.197,0,"17","STAU2"
0,0.885066030444261,0.346,0.154,0,"17","IQSEC1"
0,0.365205508894652,0.977,0.785,0,"17","ADGRB3"
0,0.508045712784363,0.47,0.278,0,"17","PKM"
0,0.468864693194765,0.543,0.352,0,"17","MPHOSPH8"
0,0.668559206879633,0.393,0.202,0,"17","CSMD2"
0,0.580514266826953,0.468,0.277,0,"17","ST6GALNAC5"
0,1.6675682298205,0.261,0.07,0,"17","AL662796.1"
0,0.430709369927292,0.441,0.25,0,"17","HMGN3"
0,1.15518687073982,0.329,0.138,0,"17","ASXL3"
0,1.27277444620996,0.266,0.075,0,"17","SLC24A3"
0,1.26197746415744,0.322,0.132,0,"17","RAP1GAP"
0,0.497618972928256,0.464,0.274,0,"17","MNAT1"
0,1.61126093249515,0.291,0.101,0,"17","ANKRD34C-AS1"
0,0.415795157839296,0.473,0.284,0,"17","ANKRD36"
0,0.559270723994034,0.483,0.294,0,"17","GRIN1"
0,1.02084025017981,0.351,0.162,0,"17","CELF5"
0,0.680968216150375,0.312,0.124,0,"17","TMEM132C"
0,0.440167068312599,0.502,0.314,0,"17","MYO9A"
0,0.968867208266143,0.323,0.135,0,"17","HOOK2"
0,1.0762739399903,0.35,0.162,0,"17","PLCL2"
0,0.977004033614075,0.342,0.155,0,"17","SNRPN"
0,0.447356757754998,0.461,0.274,0,"17","FOCAD"
0,1.08618388985059,0.283,0.096,0,"17","ADAMTS9-AS2"
0,0.884265844307856,0.395,0.209,0,"17","VPS13A"
0,0.512821363041093,0.47,0.284,0,"17","ANKRD36C"
0,1.44770562859311,0.296,0.11,0,"17","HMGCLL1"
0,0.288918696984133,0.558,0.373,0,"17","SGIP1"
0,0.511990144174764,0.424,0.239,0,"17","CD47"
0,0.420903531812813,0.478,0.293,0,"17","NDFIP1"
0,0.302184985380499,0.5,0.315,0,"17","JAKMIP2"
0,1.04224865670437,0.332,0.148,0,"17","AC120193.1"
0,0.596188612274908,0.439,0.255,0,"17","STXBP1"
0,0.475037946566573,0.47,0.286,0,"17","FAIM2"
0,1.18297550381123,0.308,0.124,0,"17","DLGAP4"
0,1.32236711620169,0.306,0.122,0,"17","MAST1"
0,1.4250881363961,0.29,0.108,0,"17","SLC6A17"
0,0.822997219733765,0.379,0.197,0,"17","CDKL5"
0,0.521971680212726,0.868,0.686,0,"17","MT-CO1"
0,0.561007893529809,0.404,0.223,0,"17","SCMH1"
0,0.373291899614379,0.431,0.25,0,"17","TUT4"
0,1.62056631141545,0.273,0.093,0,"17","PRB2"
0,0.840369423022456,0.376,0.196,0,"17","CHD5"
0,0.723046726581263,0.372,0.192,0,"17","SV2A"
0,0.493878666894601,0.429,0.249,0,"17","NAP1L1"
0,0.863443026505073,0.362,0.183,0,"17","SYBU"
0,1.10881821050858,0.356,0.177,0,"17","JPH4"
0,0.630259141524752,0.41,0.231,0,"17","USP9Y"
0,0.26602371581769,0.399,0.221,0,"17","FOXN3"
0,0.735471069178743,0.325,0.147,0,"17","PHKB"
0,0.622001740849544,0.451,0.273,0,"17","ATP2B2"
0,0.426143469846596,0.475,0.297,0,"17","TMEM108"
0,0.765302373343436,0.35,0.172,0,"17","PDE10A"
0,1.18948489590756,0.295,0.117,0,"17","NAALAD2"
0,1.01206604835116,0.283,0.105,0,"17","RASGRF1"
0,0.740052757907798,0.38,0.202,0,"17","PKD1"
0,0.268083651600822,0.561,0.384,0,"17","TRIO"
0,0.541570619540766,0.445,0.268,0,"17","GLS"
0,1.13598946346275,0.29,0.113,0,"17","WDR19"
0,0.474466608575699,0.35,0.174,0,"17","CAMK2G"
0,1.18261614899867,0.33,0.155,0,"17","HTR1E"
0,0.943030557225581,0.318,0.143,0,"17","SLC23A2"
0,1.15301124908746,0.279,0.105,0,"17","LRCH1"
0,0.908423409872598,0.33,0.156,0,"17","FBXL2"
0,0.607085742114195,0.403,0.229,0,"17","BRINP1"
0,0.444325883661858,0.392,0.218,0,"17","GARNL3"
0,0.393673142155031,0.446,0.272,0,"17","LINC00513"
0,0.324515431918089,0.501,0.327,0,"17","DGKI"
0,0.383476170951904,0.45,0.276,0,"17","BICD1"
0,1.73366139239441,0.257,0.083,0,"17","SVOP"
0,0.637364877869472,0.392,0.219,0,"17","RNPC3"
0,0.994562911773119,0.318,0.145,0,"17","AC104827.1"
0,0.920965934972572,0.34,0.167,0,"17","CATSPER2"
0,0.457962884929915,0.427,0.254,0,"17","YWHAG"
0,0.59801526819493,0.43,0.257,0,"17","CALM3"
0,0.807594431612119,0.361,0.189,0,"17","ICA1L"
0,0.654892118842488,0.364,0.192,0,"17","CNNM2"
0,0.494875971245996,0.443,0.272,0,"17","TTC14"
0,0.33518043149379,0.477,0.306,0,"17","EIF4A2"
0,0.442022049311131,0.432,0.261,0,"17","HECTD4"
0,0.441371588642837,0.419,0.248,0,"17","PLD3"
0,0.321562456882609,0.468,0.298,0,"17","GDAP1"
0,1.14522691691413,0.313,0.143,0,"17","DPY19L2"
0,1.2070444490271,0.252,0.082,0,"17","NGLY1"
0,0.254174869918987,0.479,0.309,0,"17","TMEM178B"
0,1.23558714009958,0.283,0.113,0,"17","AMMECR1"
0,1.1273314241133,0.307,0.137,0,"17","PNMA2"
0,0.602877684491246,0.368,0.198,0,"17","PABPC1"
0,1.13031925080583,0.294,0.124,0,"17","PDE2A"
0,0.504419811430183,0.374,0.205,0,"17","TPST1"
0,0.603475617278375,0.389,0.22,0,"17","HSPA12A"
0,1.34551001415232,0.284,0.115,0,"17","PLPPR4"
0,0.87644659156977,0.3,0.131,0,"17","KLHL3"
0,1.02968901564938,0.342,0.174,0,"17","RUNDC3B"
0,0.792391249099548,0.322,0.154,0,"17","ESYT2"
0,0.533915948030887,0.39,0.222,0,"17","TSPAN7"
0,0.830119806471216,0.361,0.193,0,"17","GABRA1"
0,0.365464704031793,0.474,0.306,0,"17","ASAP1"
0,1.27044438361583,0.289,0.121,0,"17","FAR2"
0,0.528171614491139,0.398,0.231,0,"17","PCNX2"
0,0.934878581316675,0.346,0.179,0,"17","INPP4A"
0,0.295159371113192,0.526,0.36,0,"17","HSP90AB1"
0,0.969715414443075,0.276,0.11,0,"17","GALNT1"
0,0.996707319281076,0.316,0.15,0,"17","RAB6B"
0,1.04952038707795,0.287,0.121,0,"17","STMN3"
0,0.547126535627736,0.385,0.22,0,"17","TLN2"
0,0.497858797069391,0.398,0.233,0,"17","NORAD"
0,0.411549831090925,0.433,0.268,0,"17","ADK"
0,0.263044371056476,0.975,0.81,0,"17","PTPRD"
0,0.301487817916736,0.447,0.283,0,"17","VSNL1"
0,0.792194020547076,0.34,0.176,0,"17","LINC00599"
0,0.518865367545168,0.378,0.214,0,"17","TRPC1"
0,1.50338637445623,0.26,0.096,0,"17","FBXO16"
0,1.18310787155324,0.293,0.129,0,"17","SGSM1"
0,0.833082246649523,0.328,0.165,0,"17","AC007388.1"
0,0.532547296726716,0.39,0.227,0,"17","OSBPL8"
0,0.452679626180566,0.379,0.216,0,"17","TCF25"
0,0.620795294686538,0.383,0.22,0,"17","SLC17A7"
0,0.878222104606252,0.297,0.134,0,"17","GGT7"
0,1.41691050954107,0.265,0.103,0,"17","CALY"
0,0.412717567644888,0.342,0.18,0,"17","GPR137C"
0,0.542438358399904,0.381,0.219,0,"17","CPLANE1"
0,0.467323730822771,0.391,0.229,0,"17","CCPG1"
0,0.447381288425545,0.344,0.182,0,"17","UGP2"
0,0.37388753867225,0.409,0.247,0,"17","CHCHD3"
0,0.284267433859761,0.411,0.249,0,"17","PTPRA"
0,1.12212712093131,0.29,0.128,0,"17","SLC12A5"
0,1.53400821336699,0.251,0.09,0,"17","CTNNAL1"
0,0.402348861417598,0.43,0.269,0,"17","KIF5C"
0,0.392914314643771,0.43,0.269,0,"17","PI4KA"
0,1.07585629146478,0.268,0.108,0,"17","DENND1B"
0,1.32635016426282,0.276,0.116,0,"17","TMEM178A"
0,0.362606589047017,0.404,0.244,0,"17","WDR70"
0,0.438828690958424,0.333,0.173,0,"17","STXBP6"
0,1.22013282315659,0.254,0.094,0,"17","PDGFC"
0,0.552201143561416,0.394,0.234,0,"17","FARS2"
0,0.628017137739315,0.327,0.167,0,"17","PGAM1"
0,0.418718760692035,0.41,0.25,0,"17","DYNC1H1"
0,1.13165042944828,0.259,0.1,0,"17","ATP13A2"
0,0.76696537121856,0.304,0.145,0,"17","NRXN2"
0,0.742989016054902,0.3,0.141,0,"17","CDK8"
0,0.348514943299493,0.47,0.312,0,"17","CLSTN1"
0,0.555138679089559,0.359,0.201,0,"17","TMEM59L"
0,0.772264113583317,0.335,0.178,0,"17","CWC27"
0,0.553374406978695,0.342,0.185,0,"17","ZNF483"
0,0.417315158842448,0.363,0.206,0,"17","PTEN"
0,0.386741767497341,0.429,0.272,0,"17","OSBPL6"
0,0.437668025901215,0.408,0.251,0,"17","HDAC8"
0,0.61777544556035,0.332,0.176,0,"17","SND1"
0,0.441253741038307,0.372,0.216,0,"17","FAM171B"
0,1.01062527205408,0.304,0.148,0,"17","CACNG3"
0,0.703609946779162,0.33,0.175,0,"17","FRRS1L"
0,0.394344839825087,0.422,0.267,0,"17","SERPINI1"
0,0.721439065335558,0.321,0.167,0,"17","PATJ"
0,0.473328124793089,0.386,0.232,0,"17","ADAM22"
0,0.651745872352227,0.3,0.146,0,"17","CC2D1A"
0,0.320544917206913,0.415,0.261,0,"17","KMT2A"
0,1.07961148365991,0.264,0.111,0,"17","FAM85B"
0,1.13559107787686,0.263,0.11,0,"17","LRRC49"
0,0.335840598208827,0.449,0.296,0,"17","C20orf194"
0,0.913499766681825,0.32,0.167,0,"17","HOMER1"
0,0.440409012498581,0.38,0.227,0,"17","DDX24"
0,0.426658491037982,0.418,0.265,0,"17","ARL15"
0,0.354991305637105,0.395,0.243,0,"17","RABGAP1"
0,0.603418611062079,0.312,0.16,0,"17","FLOT1"
0,0.522169516360091,0.345,0.193,0,"17","CLIP1"
0,0.681095963160287,0.331,0.18,0,"17","SEPT11"
0,0.262424613563783,0.448,0.297,0,"17","LRBA"
0,0.65591859089798,0.339,0.188,0,"17","DAPK1"
0,0.457199870750324,0.368,0.217,0,"17","ACBD6"
0,0.807188795444603,0.295,0.144,0,"17","NSG2"
0,1.0078244857034,0.27,0.12,0,"17","ELMOD1"
0,0.412792962898797,0.371,0.221,0,"17","MCF2L2"
0,0.968072616164377,0.283,0.133,0,"17","IPCEF1"
0,0.467601895026861,0.404,0.255,0,"17","MAN1A2"
0,0.899252939028751,0.252,0.103,0,"17","VOPP1"
0,0.649966727785886,0.315,0.166,0,"17","KLHL2"
0,0.552903975977687,0.354,0.205,0,"17","WASF1"
0,0.401278818359964,0.376,0.227,0,"17","WDR60"
0,0.37221664022735,0.37,0.222,0,"17","ZRANB2"
0,1.21095860674669,0.266,0.119,0,"17","AC022639.1"
0,0.771243840515267,0.291,0.144,0,"17","TAGLN3"
0,0.394970886032753,0.408,0.261,0,"17","GDI1"
0,0.464983875949286,0.316,0.17,0,"17","TRPM7"
0,0.502466335708386,0.356,0.21,0,"17","ESF1"
0,0.454604516049119,0.344,0.198,0,"17","DYNC2H1"
0,0.787969692458777,0.282,0.136,0,"17","PUS7L"
0,0.375378065265489,0.341,0.196,0,"17","ATP2B4"
0,0.502473693343042,0.332,0.187,0,"17","PIK3CA"
0,0.287940805810104,0.391,0.246,0,"17","CCNI"
0,0.435471938313947,0.323,0.178,0,"17","CLCN3"
0,1.24941071323874,0.25,0.105,0,"17","RGS7BP"
0,0.68554115101105,0.31,0.165,0,"17","ODF2L"
0,0.761339408824582,0.282,0.137,0,"17","SLC38A1"
0,0.89174863464276,0.257,0.113,0,"17","ACVR2A"
0,0.447393714291124,0.328,0.184,0,"17","VPS8"
0,0.399236136339256,0.394,0.25,0,"17","KIAA1549L"
0,0.326943099964752,0.409,0.265,0,"17","RPRD2"
0,0.335245467335437,0.397,0.254,0,"17","ATP2C1"
0,0.302999674326632,0.403,0.26,0,"17","CDH10"
0,0.427364542081402,0.319,0.176,0,"17","MAGED1"
0,0.941923926494874,0.264,0.121,0,"17","CLVS1"
0,0.74199347123522,0.257,0.114,0,"17","MAP1LC3A"
0,0.450989220514919,0.298,0.155,0,"17","TOM1L1"
0,0.981710045151611,0.259,0.117,0,"17","CAMKV"
0,0.954791171786704,0.261,0.119,0,"17","TBC1D1"
0,1.21988244417535,0.251,0.109,0,"17","STX1A"
0,0.271326601950581,0.363,0.221,0,"17","EVI5"
0,0.594514712187115,0.348,0.206,0,"17","NMNAT2"
0,0.469864800167713,0.309,0.167,0,"17","TMEM131"
0,0.578038989514642,0.3,0.158,0,"17","USP11"
0,0.882155566329922,0.29,0.148,0,"17","KCNQ2"
0,0.540190826413198,0.323,0.182,0,"17","RNF150"
0,0.942035346636735,0.25,0.109,0,"17","RNLS"
0,0.669024791166681,0.342,0.201,0,"17","SRRM4"
0,0.617892494030773,0.302,0.161,0,"17","TNPO1"
0,0.704241992488441,0.294,0.153,0,"17","CCDC92"
0,0.385536578842069,0.352,0.211,0,"17","SEZ6L"
0,0.278177793085739,0.407,0.266,0,"17","LINC00461"
0,0.383019141818086,0.342,0.202,0,"17","CMSS1"
0,0.630571852243837,0.33,0.19,0,"17","WDR17"
0,0.446858656924593,0.315,0.175,0,"17","PTCHD1-AS"
0,0.25713355715614,0.415,0.275,0,"17","ARHGEF12"
0,0.382853871674514,0.38,0.241,0,"17","ANKRD26"
0,0.698335493078677,0.286,0.147,0,"17","RPS6KA3"
0,0.829101075405276,0.28,0.142,0,"17","ME1"
0,0.68397589587093,0.259,0.121,0,"17","EFR3B"
0,0.51856942801177,0.311,0.173,0,"17","TBC1D32"
0,0.323810148110624,0.335,0.197,0,"17","CEP290"
0,0.416404419482922,0.301,0.163,0,"17","ATP5IF1"
0,0.480803922579473,0.282,0.144,0,"17","AFF1"
0,0.321109826851244,0.39,0.253,0,"17","ABI2"
0,0.59999188570865,0.316,0.179,0,"17","LRRFIP1"
0,0.905022067588064,0.261,0.125,0,"17","PRKAA2"
0,0.622501668395451,0.255,0.119,0,"17","ATP6V0E2"
0,1.02900871291306,0.256,0.12,0,"17","TUSC3"
0,0.618812862074569,0.32,0.184,0,"17","SHANK2"
0,0.257558846148248,0.392,0.256,0,"17","UGGT2"
0,0.251849686541738,0.383,0.247,0,"17","DAAM1"
0,0.393453134328108,0.35,0.214,0,"17","KIF3A"
0,0.38083406815202,0.349,0.213,0,"17","FBXL20"
0,0.87807234268949,0.279,0.144,0,"17","ADGRL1"
0,0.864415733596129,0.264,0.129,0,"17","TMEM130"
0,0.329094120927056,0.366,0.231,0,"17","STOX2"
0,0.822413712704447,0.296,0.161,0,"17","STXBP5-AS1"
0,0.523429508557793,0.343,0.209,0,"17","RBFOX3"
0,0.266480205718359,0.333,0.199,0,"17","XRN1"
0,0.720618221584268,0.266,0.132,0,"17","SCAMP1"
0,0.827430686508979,0.271,0.137,0,"17","SHC3"
0,0.789328312042433,0.25,0.116,0,"17","CENPP"
0,0.684502866262139,0.27,0.137,0,"17","XPR1"
0,0.544995934021896,0.333,0.2,0,"17","CACNA1D"
0,0.263594887756183,0.37,0.237,0,"17","ZNF148"
0,0.463275189089753,0.331,0.198,0,"17","DNAJB14"
0,0.468476003091342,0.315,0.182,0,"17","SCAMP5"
0,0.454743663197105,0.285,0.152,0,"17","BAALC"
0,0.271721757128135,0.341,0.209,0,"17","ATP6V0A1"
0,0.457009318892705,0.282,0.15,0,"17","HLCS"
0,0.357350899459087,0.338,0.207,0,"17","PPP2R2C"
0,0.861711847233787,0.28,0.149,0,"17","WNK2"
0,1.05755375318125,0.251,0.12,0,"17","SNX32"
0,0.621623384050839,0.273,0.143,0,"17","RAB3GAP2"
0,0.703254636029171,0.273,0.143,0,"17","LIN7A"
0,0.274576930431866,0.338,0.209,0,"17","UBE2K"
0,0.646910480983239,0.261,0.132,0,"17","TUBB"
0,0.746586146131013,0.26,0.131,0,"17","LMTK2"
0,0.453528676412683,0.319,0.191,0,"17","ZNF91"
0,0.764085620970321,0.275,0.148,0,"17","MIPOL1"
0,0.686980355259878,0.255,0.128,0,"17","EYA3"
0,0.54957801904264,0.312,0.185,0,"17","PPHLN1"
0,0.497057676140286,0.298,0.172,0,"17","KIF9-AS1"
0,0.445683612253187,0.317,0.191,0,"17","ZNF248"
0,0.628379395548169,0.283,0.157,0,"17","ATP6V1B2"
0,0.475354028152841,0.303,0.179,0,"17","ZFYVE9"
0,0.487975748575309,0.309,0.185,0,"17","FZD3"
0,0.404455443132855,0.29,0.166,0,"17","AL139260.1"
0,0.480612957623077,0.287,0.163,0,"17","YTHDC2"
0,0.478245265159107,0.283,0.159,0,"17","TTC7B"
0,0.259829487802381,0.345,0.221,0,"17","UBE3A"
0,0.451259815011588,0.327,0.204,0,"17","CTDSPL"
0,0.276914609155207,0.343,0.22,0,"17","ST7"
0,0.416020481468758,0.296,0.173,0,"17","SLC16A1-AS1"
0,0.337347206912216,0.308,0.185,0,"17","TRIM33"
0,0.605180404131586,0.309,0.186,0,"17","KIAA0825"
0,0.321021026372937,0.32,0.197,0,"17","BEX1"
0,0.497887538962714,0.322,0.199,0,"17","SYT16"
0,0.515845231711053,0.262,0.139,0,"17","ABCA3"
0,0.890919028078677,0.263,0.14,0,"17","CACNG8"
0,0.473901674023799,0.286,0.163,0,"17","NCDN"
0,0.510213459667623,0.272,0.15,0,"17","MDH1"
0,0.3188241166585,0.283,0.161,0,"17","FKBP8"
0,0.307909729230718,0.279,0.158,0,"17","TCERG1"
0,0.73471535982239,0.272,0.151,0,"17","MICAL2"
0,0.486972847257003,0.265,0.144,0,"17","EPB41L1"
0,0.491665988502552,0.268,0.147,0,"17","PPP2R1A"
0,0.466251767856406,0.279,0.159,0,"17","LARP1"
0,0.554932715785591,0.263,0.143,0,"17","UBE3D"
0,0.314342886609999,0.316,0.196,0,"17","PURA"
0,0.848068849565999,0.253,0.133,0,"17","FKBP3"
0,0.693391359013828,0.252,0.132,0,"17","ATCAY"
0,0.304299704853678,0.29,0.17,0,"17","MCPH1"
0,0.30776517282024,0.287,0.167,0,"17","RALGPS1"
0,0.63707349420798,0.267,0.148,0,"17","AC079447.1"
0,0.347931721615839,0.261,0.142,0,"17","TOP2B"
0,0.406796507781274,0.274,0.155,0,"17","RNF145"
0,0.307208131885277,0.271,0.152,0,"17","FAM222B"
0,0.316758299646256,0.316,0.197,0,"17","ARHGEF3"
0,0.290866123938407,0.316,0.197,0,"17","ARID4A"
0,0.460883063391392,0.289,0.17,0,"17","RTF1"
0,0.669590751132334,0.253,0.135,0,"17","GLRB"
0,0.285287578100633,0.255,0.137,0,"17","WWP1"
0,0.37723621702596,0.289,0.171,0,"17","TSPYL1"
0,0.320789897055612,0.295,0.178,0,"17","AP2M1"
0,0.390014186208291,0.289,0.172,0,"17","ZER1"
0,0.311144322054994,0.302,0.185,0,"17","RUFY2"
0,0.43684397123823,0.283,0.167,0,"17","LY6H"
0,0.34288387439128,0.31,0.195,0,"17","MORF4L2"
0,0.442324653616709,0.269,0.155,0,"17","CTIF"
0,0.410901635095379,0.263,0.15,0,"17","ABHD18"
0,0.385712546193426,0.276,0.164,0,"17","C1orf21"
0,0.57819272669138,0.258,0.146,0,"17","MYEF2"
0,0.744669427832152,0.288,0.176,0,"17","MIR137HG"
0,0.275319437601989,0.299,0.187,0,"17","TMOD2"
0,0.427459237990538,0.284,0.172,0,"17","USP22"
0,0.434901575312023,0.283,0.171,0,"17","UQCRH"
0,0.464199667609507,0.261,0.15,0,"17","TSPYL2"
0,0.421445080519087,0.25,0.139,0,"17","VPS35"
0,0.300524238181118,0.28,0.17,0,"17","TOMM20"
0,0.446592496890842,0.271,0.161,0,"17","G3BP2"
0,0.615872765959701,0.28,0.17,0,"17","MIAT"
0,0.520325711098627,0.264,0.155,0,"17","FBN1"
0,0.390289892301797,0.276,0.167,0,"17","SPECC1"
0,0.551754015340617,0.283,0.174,0,"17","USP25"
0,0.465170953051069,0.28,0.172,0,"17","PRICKLE2"
0,0.259685763250641,0.262,0.154,0,"17","UBXN4"
0,0.400523091039262,0.29,0.182,0,"17","KIF1A"
0,0.56447162099213,0.266,0.159,0,"17","SYN1"
0,0.281909683646718,0.266,0.159,0,"17","CSTF3"
0,0.517920840168414,0.251,0.145,0,"17","KCNK1"
0,0.420277111769652,0.263,0.157,0,"17","NEFL"
0,0.3382399803542,0.282,0.176,0,"17","SUGP2"
0,0.534116311381422,0.251,0.148,0,"17","SNCB"
0,0.415646141333468,0.267,0.164,0,"17","CEP112"
0,0.338176282681807,0.251,0.149,0,"17","GPR155"
0,0.387576634806848,0.25,0.148,0,"17","FAM19A5"
0,0.522419218102012,0.26,0.159,0,"17","PRKAR2B"
0,0.553140179181303,0.255,0.157,0,"17","NISCH"
2.22044604925031e-16,0.446650602012367,0.334,0.219,5.79580827775317e-12,"17","EPHA4"
2.22044604925031e-16,0.306895952863723,0.313,0.201,5.79580827775317e-12,"17","VEZT"
2.22044604925031e-16,0.273005334307799,0.278,0.171,5.79580827775317e-12,"17","PPP2R5C"
2.22044604925031e-16,0.409201994862384,0.291,0.185,5.79580827775317e-12,"17","MYH10"
4.44089209850063e-16,0.342040126192854,0.376,0.247,1.15916165555063e-11,"17","CABP1"
4.44089209850063e-16,0.312497803112354,0.324,0.209,1.15916165555063e-11,"17","PAK1"
4.44089209850063e-16,0.30242392250439,0.27,0.166,1.15916165555063e-11,"17","PIAS2"
4.44089209850063e-16,0.383841930484895,0.27,0.167,1.15916165555063e-11,"17","NAPB"
6.66133814775094e-16,0.45022226049642,0.295,0.19,1.73874248332595e-11,"17","PHYHIP"
1.11022302462516e-15,0.302007179029476,0.285,0.18,2.89790413887658e-11,"17","VPS53"
2.88657986402541e-15,0.288547223828785,0.301,0.193,7.53455076107912e-11,"17","HYDIN"
3.5527136788005e-15,0.309766426557888,0.304,0.196,9.27329324440507e-11,"17","MAPK8IP3"
4.44089209850063e-15,0.309483110445721,0.315,0.205,1.15916165555063e-10,"17","YWHAH"
7.32747196252603e-15,0.319549400937552,0.256,0.161,1.91261673165855e-10,"17","ENSA"
1.3988810110277e-14,0.262776661503293,0.328,0.216,3.6513592149845e-10,"17","TENM4"
8.03801469828613e-14,0.251617021756994,0.293,0.191,2.09808259654665e-09,"17","ZNF721"
8.45989944764369e-14,0.35763947484642,0.339,0.23,2.20820295382396e-09,"17","CAMK2B"
3.59268170768701e-13,0.312687739955525,0.255,0.166,9.37761779340462e-09,"17","GMDS"
3.62376795237651e-13,0.29956980600866,0.272,0.178,9.45875910929317e-09,"17","NME7"
3.63931107472126e-13,0.298652737914845,0.287,0.189,9.49932976723744e-09,"17","BDP1"
7.7715611723761e-13,0.317860779985256,0.286,0.19,2.02853289721361e-08,"17","MOSMO"
9.5501384578256e-13,0.267764733192408,0.294,0.197,2.49277714026164e-08,"17","MAPK1"
4.46975789714088e-12,0.356133513011615,0.27,0.18,1.16669620631171e-07,"17","TTN-AS1"
1.65074620639416e-11,0.31199946682301,0.328,0.228,4.30877774793004e-07,"17","GABRG2"
1.67998948086279e-11,0.356487212197002,0.27,0.183,4.38510854294805e-07,"17","MICU3"
2.10920170218287e-11,0.296507636646861,0.712,0.557,5.50543828303773e-07,"17","MT-ND1"
2.53641552205863e-11,0.267027377691175,0.312,0.215,6.62055179567744e-07,"17","AC098850.3"
1.35552458147004e-10,0.25122972092412,0.25,0.168,3.53819026255309e-06,"17","ARMC9"
1.09286824034882e-09,0.292386995613853,0.255,0.177,2.85260468095849e-05,"17","CALN1"
2.39145547809017e-08,0.275259795012397,0.88,0.778,0.000624217708891095,"17","MT-CO2"
0,5.02254669896554,0.516,0.047,0,"18","IFITM3"
0,4.44016342689975,0.444,0.048,0,"18","IGFBP7"
0,5.17728695694514,0.411,0.037,0,"18","COBLL1"
0,2.90139432010167,0.575,0.206,0,"18","B2M"
0,9.72645135781065,0.369,0.003,0,"18","CLDN5"
0,7.92746298660253,0.361,0.004,0,"18","EBF1"
0,8.07331131268678,0.363,0.007,0,"18","FLT1"
0,4.94917953616957,0.396,0.041,0,"18","ARHGAP29"
0,7.27377263573281,0.353,0.016,0,"18","ABCB1"
0,1.51733843009018,0.858,0.524,0,"18","NEAT1"
0,6.39466885133445,0.338,0.011,0,"18","EPAS1"
0,3.0022939892748,0.535,0.215,0,"18","LHFPL6"
0,7.60834401063438,0.317,0.005,0,"18","DCN"
0,3.59353594018669,0.474,0.165,0,"18","LAMA2"
0,5.06299690368448,0.313,0.018,0,"18","ID3"
0,3.30119878726077,0.375,0.09,0,"18","UTRN"
0,4.80414467456541,0.301,0.028,0,"18","DUSP1"
0,7.58413761270777,0.274,0.005,0,"18","IFI27"
0,3.28721297145475,0.331,0.065,0,"18","EPS8"
0,7.66505344388215,0.265,0.004,0,"18","ITIH5"
0,4.69353963934475,0.287,0.026,0,"18","RBMS3-AS3"
0,6.99613077737335,0.265,0.006,0,"18","AC092957.1"
0,7.34631926794871,0.266,0.007,0,"18","ATP10A"
0,3.61124696995302,0.309,0.054,0,"18","RBMS3"
0,2.19892742978556,0.615,0.361,0,"18","PTPRG"
0,3.07013734484875,0.464,0.21,0,"18","BSG"
0,5.64491416441409,0.256,0.01,0,"18","IFITM2"
0,2.9492813547339,0.34,0.095,0,"18","ADAMTS9-AS2"
0,3.91988238345798,0.295,0.056,0,"18","CEBPD"
0,3.29361227406799,0.494,0.257,0,"18","MT2A"
0,1.77401229415733,0.407,0.17,0,"18","PARD3"
0,3.61037712519561,0.275,0.039,0,"18","SPARC"
0,3.7795854557295,0.281,0.046,0,"18","WWTR1"
0,4.19853388473967,0.283,0.049,0,"18","MECOM"
0,3.18445711517048,0.343,0.114,0,"18","TIMP3"
0,4.7128602803251,0.251,0.023,0,"18","RBPMS"
0,3.98470225509843,0.28,0.054,0,"18","ELOVL7"
0,3.79254787972156,0.257,0.035,0,"18","HLA-B"
0,2.61926650770381,0.35,0.133,0,"18","ATP1A2"
0,3.97776991785751,0.256,0.046,0,"18","PDGFRB"
0,4.06396453733899,0.268,0.06,0,"18","USP53"
0,3.02597594383365,0.278,0.071,0,"18","NFKBIA"
0,2.41550410776531,0.413,0.207,0,"18","CALD1"
0,2.05853908937645,0.363,0.167,0,"18","PTPRM"
0,2.25959218407084,0.412,0.22,0,"18","TACC1"
0,2.78883205219841,0.339,0.152,0,"18","SAT1"
0,2.51718838963013,0.263,0.076,0,"18","APOLD1"
0,3.0875042742802,0.254,0.073,0,"18","PLEKHG1"
0,2.37555825320556,0.279,0.1,0,"18","LDLRAD3"
0,2.44989844617219,0.309,0.138,0,"18","HSPB1"
0,2.27516329907734,0.401,0.238,0,"18","ST6GALNAC3"
0,2.15543637029294,0.304,0.145,0,"18","ZFHX3"
0,2.05114870523269,0.413,0.257,0,"18","ZEB1"
0,2.7356369136304,0.28,0.125,0,"18","CRIM1"
0,2.7164210757503,0.256,0.101,0,"18","RBMS1"
0,2.39432428258431,0.302,0.154,0,"18","ESYT2"
0,2.73749686535026,0.255,0.109,0,"18","PLCB4"
0,2.46107388658406,0.302,0.161,0,"18","PDE7B"
0,1.98769149300584,0.342,0.205,0,"18","PPFIBP1"
0,1.99841874499081,0.5,0.366,0,"18","DLC1"
0,1.35150147321988,0.373,0.243,0,"18","H3F3B"
0,1.88068894546505,0.472,0.344,0,"18","TSC22D1"
0,1.49328858178735,0.38,0.256,0,"18","LPP"
0,2.56075336027708,0.48,0.358,0,"18","TMSB10"
0,0.408736527360224,0.716,0.6,0,"18","ZBTB20"
0,1.91049155077052,0.282,0.166,0,"18","GMDS"
0,1.36472092530842,0.344,0.228,0,"18","RPL41"
0,1.19558164875992,0.263,0.157,0,"18","PON2"
0,1.38955453413512,0.278,0.175,0,"18","SLC38A2"
0,1.51998121662001,0.515,0.416,0,"18","FOXP1"
0,2.33617366559353,0.258,0.171,0,"18","SLC6A1-AS1"
0,0.983153573508973,0.556,0.472,0,"18","SPARCL1"
0,1.39910966735343,0.353,0.273,0,"18","UBC"
0,1.10729287856106,0.378,0.299,0,"18","RPL13"
0,1.44602101882205,0.275,0.197,0,"18","TPT1"
0,1.14884493209027,0.531,0.456,0,"18","TMSB4X"
0,1.46146724119868,0.381,0.314,0,"18","PRKG1"
0,1.06830189155143,0.392,0.33,0,"18","DDX5"
0,0.933063803987785,0.594,0.561,0,"18","RORA"
0,1.00256333409604,0.511,0.489,0,"18","ACTB"
0,0.695538415035568,1,1,0,"18","MALAT1"
2.22044604925031e-16,1.22356656951387,0.353,0.286,5.79580827775317e-12,"18","DOCK9"
1.11022302462516e-15,0.638017982393585,0.768,0.789,2.89790413887658e-11,"18","SLC26A3"
1.55530223610821e-15,0.28699486208638,0.191,0.356,4.05964989668965e-11,"18","FLRT2"
9.32587340685131e-15,1.09123103679926,0.365,0.306,2.43423947665633e-10,"18","RPL10"
1.22124532708767e-14,1.22851850119509,0.293,0.221,3.18769455276424e-10,"18","SERF2"
2.50910403565285e-14,1.39761546880135,0.281,0.218,6.54926335386108e-10,"18","PAM"
3.26405569239796e-14,0.872266435389542,0.322,0.24,8.51983816829716e-10,"18","MAML2"
8.61533067109121e-14,1.34776619365532,0.272,0.205,2.24877361176823e-09,"18","RPS23"
1.25011112572793e-13,1.3200746097148,0.267,0.202,3.26304006037503e-09,"18","NBEAL1"
1.7608137170555e-13,0.3273761986459,0.824,0.821,4.59607596425826e-09,"18","MT-ND3"
2.00062189037453e-13,2.20882349654849,0.327,0.263,5.2220232582556e-09,"18","APOD"
7.35189686906779e-13,1.61481660263616,0.282,0.229,1.91899212076407e-08,"18","PDZRN3"
4.37627711846744e-12,1.00853218202716,0.369,0.322,1.14229585346237e-07,"18","EIF1"
5.16409137674145e-12,1.0703779657804,0.269,0.205,1.34793113115705e-07,"18","RPL35"
1.75286452019918e-11,1.13660305533761,0.257,0.194,4.57532697062391e-07,"18","RPS19"
2.09883221913287e-11,0.969702729345201,0.266,0.202,5.47837185838063e-07,"18","RPL13A"
2.93831625697294e-11,1.4718978567874,0.258,0.207,7.66959309395077e-07,"18","PTEN"
4.08670874918471e-11,0.426838696300642,0.691,0.697,1.06671271771219e-06,"18","MT-ND2"
4.15167900058577e-11,1.00243115569189,0.374,0.344,1.0836712527329e-06,"18","SBF2"
1.66198388384942e-10,0.586332710667748,0.6,0.622,4.33811033362375e-06,"18","RASGEF1B"
7.82054052588785e-10,0.378661038751518,0.402,0.599,2.04131748806725e-05,"18","MIR99AHG"
2.16105200401273e-09,1.90961924452372,0.295,0.266,5.64077794087403e-05,"18","ARL15"
3.12605386021403e-09,1.09167135764978,0.252,0.201,8.15962578593066e-05,"18","RPLP1"
3.33629435189664e-09,0.778643600544568,0.255,0.193,8.70839551732061e-05,"18","ADIPOR2"
3.54738105556862e-09,1.06087846275164,0.266,0.211,9.25937403124522e-05,"18","FKBP5"
3.94907972989245e-09,0.952644332507339,0.285,0.235,0.000103078879109653,"18","RPS8"
5.42441247475267e-09,1.22333479124815,0.271,0.23,0.000141588014415994,"18","ACTG1"
5.69478109113675e-09,0.970653527709039,0.333,0.301,0.000148645176040851,"18","TTC28"
8.55722048775931e-09,0.838466985990458,0.357,0.325,0.000223360569171493,"18","ITM2B"
2.35130983572418e-08,0.878534677141745,0.344,0.311,0.000613738893320726,"18","SON"
2.42798341432149e-08,1.15398705349792,0.281,0.243,0.000633752230806195,"18","ZBTB16"
2.98085485184174e-08,0.611971758387172,0.421,0.387,0.000778062733427731,"18","PTMA"
3.90550844997506e-08,0.963893867068937,0.267,0.222,0.00101941581561249,"18","RPL27A"
6.88666987880282e-08,0.326556663048619,0.329,0.27,0.00179755857176511,"18","CST3"
1.31277033910138e-07,0.991690638142847,0.26,0.216,0.00342659313912241,"18","RPS27A"
1.71086774898873e-07,0.261432183574344,0.208,0.325,0.00446570699841039,"18","EHBP1"
1.94707968192986e-07,0.825083141982158,0.274,0.226,0.00508226738577333,"18","SASH1"
3.13782109406802e-07,0.982625320421885,0.375,0.365,0.00819034061973634,"18","IMMP2L"
4.02821542566656e-07,0.902963250316099,0.328,0.307,0.0105144479040749,"18","ASAP1"
5.44908216548734e-07,0.595470417459332,0.511,0.541,0.0142231942683551,"18","JMJD1C"
9.39870810000466e-07,0.348567590997235,0.249,0.373,0.0245325078826322,"18","NAV2"
1.29002942017536e-06,0.280082223367029,0.168,0.26,0.0336723479254173,"18","EXT1"
0,3.54372771315413,0.939,0.155,0,"19","SYNPR"
0,3.73560921998184,0.926,0.164,0,"19","ZNF804B"
0,3.45692764636061,0.852,0.127,0,"19","FRAS1"
0,2.83456212450644,0.822,0.104,0,"19","RGS12"
0,2.92776612146768,0.977,0.268,0,"19","NRG1"
0,4.03944870072433,0.762,0.064,0,"19","AC110023.1"
0,2.28850487115638,0.882,0.196,0,"19","HS3ST4"
0,6.96020295403597,0.688,0.006,0,"19","POSTN"
0,2.33406139197506,0.938,0.265,0,"19","INPP4B"
0,2.81245963160039,0.951,0.282,0,"19","SORBS2"
0,2.21701465236048,0.893,0.228,0,"19","CLSTN2"
0,2.48399316310786,0.955,0.291,0,"19","TMEM132D"
0,2.37491573164256,0.872,0.212,0,"19","TENM4"
0,2.23480692684146,0.861,0.203,0,"19","SEMA6D"
0,3.29940201994731,0.766,0.109,0,"19","NWD2"
0,2.20316529664319,0.865,0.208,0,"19","PDZRN4"
0,2.41381829883946,0.943,0.29,0,"19","CADPS2"
0,2.04958427673718,0.945,0.295,0,"19","CDH12"
0,2.94389694355418,0.759,0.11,0,"19","RIT2"
0,2.35519109276926,0.867,0.227,0,"19","SATB2"
0,2.69289758326501,0.979,0.345,0,"19","KCTD16"
0,1.7589433520416,0.825,0.193,0,"19","CA10"
0,2.2240560445858,0.794,0.167,0,"19","ZNF804A"
0,2.2570821901025,0.792,0.165,0,"19","TRHDE"
0,2.83055190598862,0.98,0.356,0,"19","ERC2"
0,2.48359452357848,0.807,0.185,0,"19","AC090568.2"
0,2.00298113336007,0.94,0.32,0,"19","MMP16"
0,2.12806813794321,0.844,0.227,0,"19","VPS13D"
0,2.28706809041586,0.805,0.2,0,"19","MAGI3"
0,1.93098805910021,0.904,0.299,0,"19","ZNF385B"
0,2.51449013084453,0.757,0.153,0,"19","CPNE4"
0,2.32494532009305,0.977,0.374,0,"19","CADPS"
0,1.85890205489904,0.922,0.32,0,"19","CNTN4"
0,1.81957069434366,0.834,0.233,0,"19","CUX1"
0,2.07718245970871,0.969,0.373,0,"19","PDE1A"
0,3.35804317616424,0.666,0.071,0,"19","DACH1"
0,1.97468099915161,0.812,0.222,0,"19","PCSK2"
0,1.33610958911802,0.928,0.341,0,"19","CHRM3"
0,3.64660712675691,0.639,0.06,0,"19","AFF2"
0,1.51590001276694,0.914,0.335,0,"19","CACNA1B"
0,2.19893208230963,0.709,0.134,0,"19","SORCS3"
0,1.75135672957797,0.887,0.313,0,"19","KCNQ3"
0,1.92476439215538,0.819,0.245,0,"19","ADAM23"
0,1.53565963101016,0.898,0.327,0,"19","UNC5D"
0,0.954101235408445,0.795,0.226,0,"19","SGCZ"
0,1.56609615204885,0.869,0.302,0,"19","SGCD"
0,1.57708924597969,0.877,0.311,0,"19","CHSY3"
0,1.81478951129628,0.768,0.209,0,"19","TENM3"
0,1.70497386180062,0.813,0.256,0,"19","FMN1"
0,1.86763895862343,0.782,0.228,0,"19","ARPP19"
0,3.70145286501091,0.589,0.038,0,"19","THEMIS"
0,1.10379760355133,0.982,0.431,0,"19","RALYL"
0,1.38344982952699,0.865,0.315,0,"19","NELL2"
0,1.24081759532305,0.899,0.351,0,"19","ARPP21"
0,2.63723138261543,0.635,0.087,0,"19","GNG2"
0,1.79134711132322,0.943,0.396,0,"19","AK5"
0,3.58703228026824,0.593,0.047,0,"19","AC091078.1"
0,1.61998612599528,0.937,0.392,0,"19","PLEKHA5"
0,1.73043142071864,0.984,0.439,0,"19","IQCJ-SCHIP1"
0,1.5745524771225,0.906,0.365,0,"19","DCLK1"
0,1.5550890972223,0.864,0.324,0,"19","DGKI"
0,1.90333208440468,0.718,0.18,0,"19","CACNA1E"
0,1.60941197329783,0.968,0.43,0,"19","KALRN"
0,2.77851334761032,0.622,0.087,0,"19","RXFP1"
0,1.63751485173059,0.773,0.238,0,"19","SETBP1"
0,1.30846941972999,0.945,0.41,0,"19","KHDRBS2"
0,1.27154005237558,0.887,0.355,0,"19","CACNA2D3"
0,1.38549222750117,0.891,0.36,0,"19","CACNA1C"
0,1.36527772808927,0.837,0.306,0,"19","ADGRL2"
0,1.52160966542945,0.784,0.254,0,"19","SH3GL2"
0,1.02956894189587,0.777,0.249,0,"19","GALNTL6"
0,1.19868202753783,0.871,0.344,0,"19","SLC4A10"
0,1.71422762555045,0.98,0.456,0,"19","RIMS2"
0,1.28332993918519,0.906,0.382,0,"19","ATP2B1"
0,0.981612219189111,0.963,0.44,0,"19","KCNQ5"
0,1.37393418180102,0.821,0.298,0,"19","CDK14"
0,1.3497624698566,0.828,0.308,0,"19","GABRB3"
0,1.43334705520791,0.698,0.178,0,"19","CBLN2"
0,3.8053104174201,0.543,0.025,0,"19","KLHL1"
0,1.28845468299202,0.952,0.436,0,"19","SOX5"
0,1.28358174277548,0.827,0.312,0,"19","CNKSR2"
0,1.07822533869465,0.836,0.321,0,"19","GNAO1"
0,0.967118680057056,0.877,0.364,0,"19","DLGAP2"
0,1.06753231457864,0.931,0.419,0,"19","SLC8A1"
0,1.40525533600014,0.782,0.271,0,"19","ESRRG"
0,1.86683392187986,0.979,0.47,0,"19","AC092691.1"
0,1.16927177260665,0.769,0.26,0,"19","KCNC2"
0,1.21622312660564,0.83,0.322,0,"19","AFF3"
0,1.34165303754985,0.778,0.272,0,"19","CERS6"
0,1.65135035208183,0.697,0.191,0,"19","ATP6V1H"
0,1.24365809270836,0.725,0.22,0,"19","CSGALNACT1"
0,1.52688184990538,0.708,0.203,0,"19","PPFIBP1"
0,1.76135961122678,0.716,0.212,0,"19","SNAP25-AS1"
0,1.96047864317523,0.666,0.165,0,"19","HOMER1"
0,0.9980241600887,0.842,0.341,0,"19","SORBS1"
0,0.714290104290424,0.948,0.447,0,"19","ATRNL1"
0,1.40061455667022,0.734,0.236,0,"19","LMO4"
0,1.06551957750619,0.803,0.307,0,"19","TMEM178B"
0,1.05632761390647,0.794,0.3,0,"19","MTUS2"
0,0.999094965824867,0.827,0.334,0,"19","EFNA5"
0,0.639737131122447,0.883,0.391,0,"19","GRIK2"
0,2.04370105398889,0.632,0.141,0,"19","LIN7A"
0,1.17355483677011,0.74,0.251,0,"19","FAM19A1"
0,1.63377698111908,0.653,0.164,0,"19","MAP2K1"
0,0.606508189875107,0.915,0.428,0,"19","RYR2"
0,1.14523875239272,0.709,0.222,0,"19","MGAT5"
0,1.12714735620225,0.937,0.453,0,"19","SNAP25"
0,1.60179307197127,0.654,0.17,0,"19","MAMDC2"
0,1.09688195504676,0.848,0.366,0,"19","STXBP5"
0,0.926550557679805,0.817,0.336,0,"19","CAMK1D"
0,2.80997502611259,0.542,0.063,0,"19","KCNIP2"
0,1.13820859659161,0.732,0.253,0,"19","MAN1A2"
0,1.24452029301465,0.704,0.226,0,"19","PDZRN3"
0,0.847700721988737,0.889,0.413,0,"19","GRIA4"
0,0.482260143871588,0.907,0.431,0,"19","DSCAM"
0,1.25470695428479,0.734,0.258,0,"19","CDH10"
0,1.35490813797795,0.706,0.23,0,"19","ADAM22"
0,1.31669795987618,0.57,0.095,0,"19","HPSE2"
0,0.942412097642363,0.822,0.349,0,"19","CNTNAP5"
0,1.11405625487856,0.756,0.284,0,"19","PTPRN2"
0,0.456836154314818,0.886,0.417,0,"19","AGBL4"
0,0.902477182388658,0.873,0.404,0,"19","TANC2"
0,1.27759949172917,0.931,0.463,0,"19","NBEA"
0,0.914632946765863,0.825,0.357,0,"19","MSRA"
0,0.613666271594445,0.94,0.473,0,"19","SNTG1"
0,1.01685654608593,0.756,0.29,0,"19","CDH2"
0,0.75228631809739,0.846,0.382,0,"19","KCND2"
0,1.12852904679318,0.723,0.259,0,"19","OGA"
0,1.37358885552817,0.69,0.226,0,"19","PPM1E"
0,3.18107286801135,0.498,0.037,0,"19","CHRM2"
0,0.921913537010015,0.826,0.365,0,"19","ARHGAP32"
0,1.37748876462927,0.662,0.202,0,"19","CTDSPL"
0,0.983919771772448,0.903,0.443,0,"19","SIPA1L1"
0,0.799150373287993,0.861,0.401,0,"19","RTN1"
0,1.44247047585447,0.631,0.172,0,"19","PTPRO"
0,1.08842833414124,0.781,0.322,0,"19","LARGE1"
0,1.36507270258251,0.683,0.225,0,"19","NIN"
0,0.732748622806037,0.902,0.444,0,"19","R3HDM1"
0,0.907325849222199,0.783,0.325,0,"19","BASP1"
0,0.568185753225996,0.778,0.32,0,"19","PDZD2"
0,0.85460093159165,0.796,0.339,0,"19","PCLO"
0,2.84780903375156,0.524,0.068,0,"19","TRPC5"
0,0.97484662201768,0.786,0.332,0,"19","RIMS1"
0,0.693024421556726,0.84,0.388,0,"19","FMN2"
0,1.25308094493966,0.597,0.145,0,"19","KCNMB2-AS1"
0,0.912689000478178,0.695,0.243,0,"19","CARMIL1"
0,1.02450801629661,0.73,0.278,0,"19","PTPRT"
0,1.2456002919656,0.673,0.222,0,"19","USP33"
0,1.47140131092104,0.654,0.203,0,"19","WASF1"
0,0.872583899960233,0.753,0.305,0,"19","SCN2A"
0,1.44017091071793,0.643,0.195,0,"19","CDKL5"
0,3.2640845214218,0.489,0.042,0,"19","GALNT14"
0,1.04535214968345,0.733,0.286,0,"19","MCTP1"
0,1.20629374638286,0.587,0.14,0,"19","ITGB8"
0,1.53859616164718,0.627,0.181,0,"19","SYBU"
0,0.973366329989346,0.967,0.521,0,"19","FRMD4A"
0,0.692070883183657,0.801,0.356,0,"19","ARHGAP26"
0,1.07126495834817,0.661,0.216,0,"19","POU6F2"
0,1.34688695356018,0.648,0.203,0,"19","KCTD1"
0,0.784653411305032,0.938,0.494,0,"19","MEF2C"
0,0.690551359994724,0.799,0.356,0,"19","GABRB2"
0,0.72083157370583,0.89,0.447,0,"19","NRCAM"
0,5.06174246718716,0.45,0.01,0,"19","MCTP2"
0,0.933763838501565,0.691,0.251,0,"19","RCAN2"
0,0.827184266682535,0.92,0.482,0,"19","CHN1"
0,1.15180954519885,0.697,0.259,0,"19","SRGAP3"
0,1.99818651992955,0.552,0.115,0,"19","ST8SIA5"
0,2.84793468799362,0.49,0.053,0,"19","RASGRP1"
0,0.750438124089998,0.75,0.314,0,"19","MKL2"
0,1.2821754897898,0.61,0.175,0,"19","CALN1"
0,0.666146200595669,0.788,0.354,0,"19","NECAB1"
0,1.05842878060372,0.904,0.47,0,"19","ENOX1"
0,1.03321741254611,0.972,0.539,0,"19","CELF2"
0,0.453619714273882,0.968,0.535,0,"19","FGF14"
0,1.42790145898478,0.617,0.185,0,"19","ARHGAP44"
0,0.272826435140787,0.759,0.328,0,"19","CNTN5"
0,0.669558490795568,0.781,0.351,0,"19","FLRT2"
0,0.874564463747557,0.743,0.313,0,"19","JAKMIP2"
0,1.71421666316961,0.516,0.087,0,"19","CACHD1"
0,0.971807412802839,0.673,0.244,0,"19","CCNI"
0,0.877309885790778,0.891,0.462,0,"19","MAGI1"
0,0.943208813765054,0.695,0.266,0,"19","GLS"
0,3.07158198934019,0.481,0.053,0,"19","ARNTL2"
0,0.312149128542864,0.867,0.44,0,"19","PLXDC2"
0,0.793428655294726,0.721,0.294,0,"19","SLC2A13"
0,0.962961046992522,0.695,0.268,0,"19","PI4KA"
0,2.39206904434248,0.514,0.088,0,"19","CTNNAL1"
0,0.636911189670522,0.739,0.314,0,"19","GRIN2B"
0,0.914075175854527,0.697,0.272,0,"19","ATP2B2"
0,0.710153270508908,0.794,0.37,0,"19","HERC1"
0,0.702347189277413,0.813,0.389,0,"19","THRB"
0,0.915401564843575,0.696,0.272,0,"19","MNAT1"
0,1.05214816684536,0.93,0.507,0,"19","UNC5C"
0,0.465071510565335,0.973,0.55,0,"19","DLGAP1"
0,0.703506237184545,0.836,0.414,0,"19","FOXP1"
0,1.38625279050189,0.6,0.178,0,"19","SEPT11"
0,1.26652549860397,0.628,0.207,0,"19","RBFOX3"
0,2.14702984389299,0.499,0.078,0,"19","ATP8B1"
0,3.43260096253423,0.454,0.034,0,"19","FAP"
0,1.08547973957346,0.636,0.216,0,"19","NELL1"
0,0.791344708309861,0.709,0.289,0,"19","CELF4"
0,3.08545903514491,0.472,0.053,0,"19","CNTN6"
0,0.743238053107316,0.774,0.356,0,"19","SSBP2"
0,0.277485013891535,0.843,0.426,0,"19","GRM5"
0,1.08884789694161,0.644,0.228,0,"19","ROCK2"
0,1.08771804238856,0.644,0.228,0,"19","ITPR1"
0,0.869101133173861,0.721,0.305,0,"19","SNAP91"
0,0.647627318234805,0.766,0.351,0,"19","NLK"
0,1.85992895184919,0.528,0.114,0,"19","TMEM178A"
0,1.13457401468856,0.632,0.218,0,"19","ST7"
0,1.45051104302168,0.997,0.583,0,"19","SYT1"
0,0.827584112982975,0.658,0.244,0,"19","RPS6KA5"
0,0.470190768016008,0.744,0.33,0,"19","PPP1R12B"
0,0.651530570125681,0.758,0.345,0,"19","UNC79"
0,2.4898718558172,0.491,0.078,0,"19","DLGAP1-AS4"
0,0.956928179164705,0.653,0.241,0,"19","CCK"
0,2.94500766088668,0.445,0.033,0,"19","GNB4"
0,1.32593578436136,0.592,0.18,0,"19","BMPER"
0,1.50274759810401,0.574,0.162,0,"19","KIAA1211L"
0,1.8220126004379,0.526,0.115,0,"19","SLIT1"
0,0.641104709170594,0.792,0.381,0,"19","GPATCH8"
0,1.19876962183335,0.619,0.21,0,"19","AMPH"
0,1.56387459053756,0.557,0.149,0,"19","MICAL2"
0,0.896735846685574,0.635,0.227,0,"19","CCPG1"
0,1.50794554010201,0.576,0.168,0,"19","MIAT"
0,0.644024462820732,0.681,0.274,0,"19","RNF144A"
0,1.15977076428283,0.614,0.207,0,"19","VPS13A"
0,0.555691549865199,0.683,0.276,0,"19","SYN3"
0,0.96203508867721,0.643,0.237,0,"19","CAMK2A"
0,1.33042630699599,0.999,0.593,0,"19","CSMD1"
0,3.84217025330564,0.422,0.016,0,"19","NR4A2"
0,0.870382145810039,0.657,0.252,0,"19","GABRG3"
0,1.08601197988523,0.607,0.202,0,"19","CIT"
0,1.01492972458083,0.6,0.195,0,"19","C16orf45"
0,0.807822404176757,0.666,0.262,0,"19","OLFM3"
0,1.49453591990316,0.559,0.155,0,"19","FBXL2"
0,1.6534436590778,0.54,0.136,0,"19","C11orf80"
0,0.464036225026911,0.922,0.519,0,"19","KAZN"
0,0.654011387203404,0.669,0.266,0,"19","KIDINS220"
0,1.79149526333021,0.511,0.108,0,"19","STPG2"
0,1.45669070286847,0.99,0.587,0,"19","NAV3"
0,1.00798109782002,0.621,0.219,0,"19","HSPA12A"
0,0.645330163535275,0.941,0.539,0,"19","MAPK10"
0,3.10707527793082,0.448,0.047,0,"19","GPR63"
0,0.635756573495445,0.7,0.299,0,"19","NR3C1"
0,0.528147033440394,0.851,0.45,0,"19","CACNA2D1"
0,0.616371074681696,0.761,0.361,0,"19","RAPGEF2"
0,0.812511190789363,0.667,0.267,0,"19","ADK"
0,0.727451488711756,0.697,0.297,0,"19","SOBP"
0,0.593613495310261,0.729,0.33,0,"19","LINC00632"
0,2.91835633406547,0.437,0.039,0,"19","MOXD1"
0,1.35860083577201,0.51,0.112,0,"19","AKAP13"
0,0.646147064839047,0.838,0.441,0,"19","RABGAP1L"
0,0.595551164318133,0.809,0.413,0,"19","SYNE1"
0,0.989025579489021,0.602,0.206,0,"19","EXOC6"
0,0.696972905387528,0.732,0.336,0,"19","NSF"
0,0.541750148305488,0.837,0.441,0,"19","TTC3"
0,1.18223174494678,0.545,0.15,0,"19","PLD5"
0,1.02400653146023,0.621,0.226,0,"19","AC092683.1"
0,0.801906040319309,0.644,0.249,0,"19","CELF1"
0,0.702241275203509,0.692,0.297,0,"19","GDAP1"
0,0.612113858146677,0.683,0.289,0,"19","SUPT3H"
0,1.00590488128235,0.622,0.228,0,"19","CAMK2B"
0,0.653721759738709,0.701,0.307,0,"19","SPTBN4"
0,0.51660508679835,0.748,0.355,0,"19","MYO5A"
0,0.384827225483524,0.733,0.34,0,"19","MEF2A"
0,1.8567902841105,0.486,0.094,0,"19","B3GAT2"
0,0.346491288604761,0.739,0.347,0,"19","KHDRBS3"
0,0.635686109845132,0.691,0.3,0,"19","UCHL1"
0,0.528438016929898,0.82,0.429,0,"19","KCNMA1"
0,0.686653779223183,0.68,0.29,0,"19","XKR6"
0,1.76283850159672,0.507,0.117,0,"19","LRFN2"
0,0.613178859669319,0.89,0.5,0,"19","PPFIA2"
0,1.0483629308148,0.603,0.213,0,"19","SV2B"
0,1.6019404840223,0.507,0.118,0,"19","CPLX2"
0,2.61474889154707,0.451,0.062,0,"19","MPP7"
0,0.481519171787042,0.803,0.416,0,"19","MAP2"
0,0.611863133355764,0.675,0.288,0,"19","HCN1"
0,0.434454920649032,0.675,0.288,0,"19","ASIC2"
0,1.01349263510042,0.604,0.218,0,"19","EPHA4"
0,0.86998322296368,0.606,0.22,0,"19","MCF2L2"
0,0.742191272683692,0.653,0.267,0,"19","JAZF1"
0,0.398263376226067,0.838,0.452,0,"19","MAP1B"
0,0.668480154921601,0.669,0.284,0,"19","STRBP"
0,0.753235845848681,0.662,0.277,0,"19","UNC80"
0,0.835967013841215,0.589,0.204,0,"19","RASA2"
0,0.781829921559944,0.638,0.253,0,"19","STXBP1"
0,1.18975404777721,0.993,0.608,0,"19","RBFOX1"
0,1.68258425603591,0.468,0.083,0,"19","TEX2"
0,0.690919184693199,0.692,0.308,0,"19","NLGN4Y"
0,1.55073894092513,0.518,0.135,0,"19","SHC3"
0,0.760303424549542,0.631,0.249,0,"19","SLC25A12"
0,0.434132550942226,0.964,0.583,0,"19","PDE4D"
0,1.44279800549374,0.538,0.157,0,"19","PRKAR2B"
0,0.905707235474849,0.59,0.209,0,"19","SEZ6L"
0,1.52556951808485,0.51,0.13,0,"19","SLF1"
0,0.454027677336472,0.762,0.383,0,"19","TRIO"
0,0.484677099926565,0.974,0.595,0,"19","FAM155A"
0,0.514806432541256,0.722,0.343,0,"19","FAM172A"
0,1.25666758541785,0.549,0.171,0,"19","NETO1"
0,0.41659434646021,0.798,0.421,0,"19","TRIM9"
0,0.550898932472332,0.749,0.372,0,"19","SGIP1"
0,1.12810544468178,0.56,0.184,0,"19","PAK5"
0,0.631083619049978,0.669,0.294,0,"19","GRIA1"
0,0.733202575185943,0.586,0.211,0,"19","LMBRD1"
0,0.500860590717231,0.715,0.34,0,"19","DYNC1I1"
0,0.557053039632072,0.681,0.307,0,"19","DYNLL1"
0,0.34524709012776,0.844,0.47,0,"19","SPARCL1"
0,0.790297817121827,0.623,0.249,0,"19","KIAA1549L"
0,0.553591995024371,0.695,0.321,0,"19","CSRNP3"
0,1.42348378493571,0.521,0.148,0,"19","BRINP2"
0,0.799500129464591,0.614,0.241,0,"19","NEDD4L"
0,0.534061032517428,0.84,0.467,0,"19","PHACTR1"
0,1.17948893255704,0.543,0.171,0,"19","SMAP1"
0,0.828945287663394,0.615,0.244,0,"19","SCN3A"
0,0.419526752583013,0.915,0.544,0,"19","SPOCK1"
0,0.552469559317222,0.542,0.171,0,"19","GNG7"
0,1.21027064919644,0.529,0.159,0,"19","GFOD1"
0,0.72818546397901,0.612,0.242,0,"19","RABGAP1"
0,0.778422179647851,0.612,0.242,0,"19","SCN8A"
0,0.48319288063306,0.607,0.238,0,"19","DSCAML1"
0,0.963190575283708,0.587,0.219,0,"19","SLC17A7"
0,0.469753708468602,0.724,0.357,0,"19","TMSB10"
0,0.722272754384001,0.612,0.245,0,"19","CABP1"
0,1.47948147873318,0.526,0.16,0,"19","STXBP5-AS1"
0,0.552391925559112,0.648,0.284,0,"19","DNM1"
0,0.317912737865137,0.942,0.578,0,"19","GPM6A"
0,0.56010945515296,0.639,0.275,0,"19","SYP"
0,0.315542821244684,0.749,0.385,0,"19","PRKCB"
0,0.874599866245113,0.57,0.207,0,"19","KIFAP3"
0,2.47340341956206,1,0.637,0,"19","KCNIP4"
0,1.59338515866453,0.493,0.13,0,"19","ACTN1"
0,1.60023067255676,0.468,0.106,0,"19","GPATCH2"
0,0.96448827674858,0.56,0.198,0,"19","SYT16"
0,0.819554861631023,0.577,0.215,0,"19","FAM171B"
0,0.539101552130099,0.644,0.283,0,"19","ANKRD36C"
0,1.06325795522527,0.546,0.185,0,"19","DGKZ"
0,0.460776888772433,0.682,0.321,0,"19","RBFOX2"
0,0.758845443686427,0.587,0.226,0,"19","ASTN1"
0,1.42785930538149,0.476,0.115,0,"19","SRPK1"
0,0.77915769394006,0.596,0.235,0,"19","KSR2"
0,1.18821840633273,0.533,0.173,0,"19","ANKRD30BL"
0,1.01682744635315,0.521,0.161,0,"19","PACRG"
0,1.81842829908652,0.439,0.08,0,"19","STK38L"
0,0.847601821706396,0.555,0.197,0,"19","DZIP3"
0,0.4098759668845,0.671,0.313,0,"19","MYO9A"
0,1.67529345922341,0.459,0.101,0,"19","COL19A1"
0,1.73453125542123,0.423,0.066,0,"19","TMEM163"
0,1.55438465146948,0.483,0.126,0,"19","UNC13A"
0,0.489046238726873,0.678,0.322,0,"19","EHBP1"
0,1.08215970884362,0.545,0.189,0,"19","WDR17"
0,2.81131960367807,0.386,0.03,0,"19","NTNG2"
0,0.664758425231096,0.618,0.262,0,"19","AEBP2"
0,1.15698808265373,0.529,0.174,0,"19","AP001825.1"
0,0.92407289265839,0.502,0.147,0,"19","PDE7A"
0,0.861411455078817,0.56,0.206,0,"19","PPP2R2C"
0,1.11639366256515,0.527,0.173,0,"19","FRRS1L"
0,1.1906788219958,0.506,0.152,0,"19","KCNT2"
0,0.334505190781354,0.715,0.361,0,"19","PTPRG"
0,0.40374494360773,0.658,0.305,0,"19","ASAP1"
0,0.442144020380283,0.67,0.317,0,"19","AC124312.1"
0,0.40772368742388,0.698,0.345,0,"19","RASAL2"
0,1.04262832724992,0.518,0.165,0,"19","KLHL2"
0,1.01220803157611,0.462,0.11,0,"19","GPD2"
0,2.3040419530363,0.402,0.05,0,"19","GSG1L"
0,1.01327722517052,0.535,0.183,0,"19","MYH10"
0,3.04580709906936,0.386,0.034,0,"19","LAMA4"
0,1.04121792160694,0.597,0.245,0,"19","GUCY1A2"
0,0.281279260606612,0.82,0.468,0,"19","EIF4G3"
0,0.49036482295345,0.603,0.252,0,"19","MED12L"
0,0.4915213504924,0.603,0.252,0,"19","SNCA"
0,2.24544584276516,0.416,0.065,0,"19","SPEF2"
0,2.09176477941043,0.423,0.072,0,"19","CPNE5"
0,0.420115545849877,0.611,0.26,0,"19","CCNY"
0,1.03543205943605,0.524,0.174,0,"19","MIR137HG"
0,0.844131754236966,0.549,0.199,0,"19","CACNA1D"
0,0.589703606171158,0.605,0.255,0,"19","BMPR2"
0,1.04822887958487,0.491,0.142,0,"19","MED27"
0,2.02278060808121,0.428,0.079,0,"19","ABCC8"
0,0.570822837389966,0.641,0.293,0,"19","GRIN1"
0,0.305897200568809,0.666,0.319,0,"19","CHL1"
0,2.60101474821886,0.387,0.04,0,"19","CRTAC1"
0,0.414974613415475,0.633,0.286,0,"19","FRY"
0,0.429016961265281,0.992,0.645,0,"19","NRXN1"
0,0.349787624824699,0.673,0.327,0,"19","DANT2"
0,1.20330679592707,0.515,0.17,0,"19","CAP2"
0,0.94866097470947,0.549,0.205,0,"19","NMNAT2"
0,1.45201179134721,0.499,0.155,0,"19","GRM1"
0,1.4653388214997,0.466,0.123,0,"19","PDE2A"
0,0.560233148731363,0.595,0.252,0,"19","ABI2"
0,0.29673169431489,0.722,0.379,0,"19","FUT9"
0,1.91000437686607,0.438,0.095,0,"19","AC027288.3"
0,2.17708023407073,0.402,0.06,0,"19","FAM102B"
0,0.298976870330432,0.64,0.298,0,"19","TTC28"
0,1.144815701735,0.489,0.147,0,"19","SNED1"
0,0.314586817414459,0.658,0.317,0,"19","ATP8A2"
0,2.33095802199966,0.385,0.044,0,"19","TRPC4"
0,0.888055310380965,0.482,0.141,0,"19","TTLL11"
0,0.890578499289587,0.54,0.2,0,"19","TIAM2"
0,0.307395979640866,0.674,0.335,0,"19","WDPCP"
0,0.94061487397144,0.502,0.163,0,"19","MTA3"
0,1.63720327723365,0.438,0.099,0,"19","RBMS1"
0,0.818763504195346,0.528,0.19,0,"19","DOPEY1"
0,0.699283417388891,0.537,0.199,0,"19","VEZT"
0,0.314001706446915,0.732,0.394,0,"19","ANKRD17"
0,0.718121746105867,0.566,0.228,0,"19","BRINP1"
0,1.60818552111957,0.446,0.109,0,"19","LNX1"
0,0.622280127923608,0.587,0.25,0,"19","DKK3"
0,0.373719563491436,0.688,0.351,0,"19","MPHOSPH8"
0,1.71072135646919,0.428,0.092,0,"19","TSPAN13"
0,1.72731034425091,0.429,0.094,0,"19","CNNM1"
0,0.369893731332701,0.61,0.275,0,"19","BICD1"
0,0.558335385245939,0.552,0.218,0,"19","DCLK2"
0,0.72165996095877,0.561,0.227,0,"19","LMO3"
0,0.405779322490514,0.653,0.319,0,"19","PDXDC1"
0,0.478323644342472,0.611,0.277,0,"19","PPP1R12A"
0,0.511958675902627,0.56,0.227,0,"19","SIK2"
0,0.940907738190818,0.509,0.176,0,"19","JPH4"
0,3.40088778706781,0.352,0.019,0,"19","SNTB1"
0,0.969846238575141,0.503,0.171,0,"19","PRICKLE2"
0,0.319857470201647,0.622,0.291,0,"19","SCN1A"
0,1.15684513844036,0.422,0.091,0,"19","PRELID2"
0,1.21454444630605,0.476,0.145,0,"19","CCDC3"
0,0.361874467255502,0.578,0.247,0,"19","ZNF365"
0,0.430618053153876,0.61,0.279,0,"19","PIAS1"
0,2.7544712545193,0.376,0.046,0,"19","AC004594.1"
0,1.31960264603697,0.455,0.125,0,"19","FHOD3"
0,0.460097979795284,0.601,0.271,0,"19","RPS6KC1"
0,0.336104568153638,0.882,0.552,0,"19","DMD"
0,0.786877357627043,0.501,0.172,0,"19","SLC16A1-AS1"
0,0.890654446657263,0.521,0.192,0,"19","GAP43"
0,0.920452473729376,0.483,0.154,0,"19","PIK3CB"
0,0.456216291255271,0.603,0.274,0,"19","FOCAD"
0,0.802072991595355,0.532,0.204,0,"19","YWHAH"
0,0.392512127957082,0.631,0.303,0,"19","PRKCE"
0,0.282743312484869,0.627,0.299,0,"19","NSD3"
0,0.380378725951559,0.665,0.337,0,"19","TTTY14"
0,0.361184345342377,0.531,0.204,0,"19","RETREG1"
0,0.677687709962985,0.499,0.172,0,"19","PPM1K"
0,0.835740573455371,0.467,0.14,0,"19","LNPEP"
0,0.337785252874008,0.629,0.302,0,"19","HECW1"
0,0.260590734341306,0.644,0.317,0,"19","CPEB3"
0,0.312150749786453,0.623,0.296,0,"19","BRWD1"
0,0.422416798617532,0.589,0.262,0,"19","MAP2K4"
0,1.15795457495349,0.468,0.142,0,"19","CREG2"
0,1.12479493771291,0.466,0.14,0,"19","CACNB4"
0,1.45302112265729,0.42,0.094,0,"19","LSAMP-AS1"
0,1.0004373126024,0.489,0.163,0,"19","LARP1B"
0,0.615263916148652,0.58,0.254,0,"19","RUNX1T1"
0,0.557605943740858,0.574,0.248,0,"19","PWAR6"
0,0.318027756892404,0.589,0.264,0,"19","ARL15"
0,0.349562803176069,0.903,0.579,0,"19","DOCK3"
0,0.487821051613787,0.552,0.228,0,"19","TTC37"
0,0.293216408800484,0.593,0.27,0,"19","GALNT17"
0,0.991570286001422,0.472,0.149,0,"19","CCDC171"
0,0.835887884827016,0.51,0.189,0,"19","ICA1L"
0,1.76753088284269,0.398,0.077,0,"19","DGKH"
0,1.02024815004525,0.482,0.161,0,"19","CELF5"
0,0.54567089466224,0.553,0.233,0,"19","FARS2"
0,0.806229581610617,0.541,0.221,0,"19","THY1"
0,0.587418155766783,0.56,0.24,0,"19","ANKRD26"
0,1.51506850239281,0.423,0.103,0,"19","ACTR3B"
0,0.943573038683398,0.491,0.172,0,"19","TARBP1"
0,0.310059442461247,0.623,0.304,0,"19","ERC1"
0,0.490539150108444,0.602,0.283,0,"19","TMEM132B"
0,0.458589578467907,0.579,0.26,0,"19","HECTD4"
0,1.38675580354825,0.424,0.106,0,"19","EPB41"
0,0.952308686939483,0.493,0.175,0,"19","LINC00599"
0,0.866861335757072,0.515,0.198,0,"19","FP700111.1"
0,0.258900339453736,0.636,0.319,0,"19","SPIDR"
0,0.940486503523802,0.438,0.121,0,"19","SACS"
0,1.48971448885584,0.423,0.107,0,"19","ARMC2"
0,1.13496599726734,0.436,0.12,0,"19","FAR2"
0,0.427686972942384,0.486,0.17,0,"19","CDK6"
0,0.912030822272422,0.475,0.159,0,"19","NDFIP2"
0,0.687385896101127,0.523,0.208,0,"19","SLC39A10"
0,1.20155707885242,0.45,0.135,0,"19","SSX2IP"
0,0.331209049932205,0.63,0.315,0,"19","TUBA1B"
0,0.524939858941674,0.535,0.221,0,"19","ZRANB2"
0,1.24210549759127,0.468,0.154,0,"19","HTR1E"
0,0.533388155185009,0.557,0.243,0,"19","SPTAN1"
0,0.744716156677447,0.511,0.197,0,"19","DYNC2H1"
0,0.400276556767368,0.564,0.25,0,"19","MAP4K3"
0,0.346066064953747,0.592,0.278,0,"19","SMARCA2"
0,0.99662002142942,0.457,0.144,0,"19","AC104827.1"
0,1.07465685356975,0.506,0.193,0,"19","RPL31"
0,0.483337037407927,0.563,0.25,0,"19","SOS1"
0,1.35751583314947,0.41,0.097,0,"19","SKAP2"
0,2.28403134460291,0.372,0.06,0,"19","NPY1R"
0,0.412593840570151,0.445,0.133,0,"19","SFMBT2"
0,0.673749638906734,0.484,0.172,0,"19","PPP6R2"
0,0.907899705579743,0.469,0.157,0,"19","ARHGEF9"
0,0.579635677973802,0.529,0.218,0,"19","CPLANE1"
0,2.56383239662106,0.355,0.044,0,"19","LINC00903"
0,0.881760166493234,0.492,0.181,0,"19","GABRA2"
0,0.480553628021954,0.626,0.315,0,"19","IDS"
0,0.62232584682627,0.5,0.189,0,"19","DSTN"
0,0.392791941589375,0.545,0.235,0,"19","BABAM2"
0,1.20134032036025,0.424,0.114,0,"19","GNPTAB"
0,0.277259608173226,0.6,0.291,0,"19","ACACA"
0,0.30404894377621,0.617,0.309,0,"19","RBM26"
0,1.18155552074842,0.437,0.129,0,"19","CA11"
0,0.646295321667918,0.489,0.182,0,"19","HINT1"
0,1.61995288050318,0.381,0.074,0,"19","B3GLCT"
0,0.698077498046108,0.495,0.189,0,"19","DCAF6"
0,2.86695481016246,0.348,0.042,0,"19","SLC26A4"
0,1.63354146930219,0.382,0.076,0,"19","CCDC65"
0,1.42545871955644,0.415,0.11,0,"19","PHTF1"
0,1.39734450933484,0.41,0.105,0,"19","CNTNAP3B"
0,0.679961068826129,0.505,0.2,0,"19","TMEM59L"
0,0.553361944989067,0.511,0.207,0,"19","NLGN4X"
0,0.427444375785437,0.56,0.256,0,"19","SHISA9"
0,0.461288285855588,0.549,0.245,0,"19","CRLF3"
0,0.550067469468773,0.512,0.208,0,"19","SPIRE1"
0,0.540648104364049,0.535,0.231,0,"19","USP9Y"
0,0.764692716507268,0.44,0.136,0,"19","MINDY2"
0,2.61757846913842,0.347,0.043,0,"19","ANKRD30B"
0,0.530983524309006,0.529,0.226,0,"19","WDR60"
0,0.326025000926641,0.559,0.256,0,"19","HERC4"
0,1.02268724535409,0.436,0.133,0,"19","TCAF1"
0,1.21112894928897,0.395,0.093,0,"19","CAB39L"
0,0.859395448984213,0.468,0.166,0,"19","CATSPER2"
0,0.336289478044363,0.607,0.305,0,"19","EIF4A2"
0,2.07991172356947,0.352,0.05,0,"19","AC005162.3"
0,0.357758875683049,0.552,0.251,0,"19","COP1"
0,0.40175845196107,0.509,0.208,0,"19","ENC1"
0,1.02565134213392,0.457,0.156,0,"19","RAP1GAP2"
0,0.718145043542525,0.441,0.14,0,"19","ATF6"
0,0.850858557242417,0.452,0.152,0,"19","IRAK1BP1"
0,0.387064904168978,0.549,0.249,0,"19","PCSK1N"
0,0.454180961382066,0.515,0.215,0,"19","TCF25"
0,0.274101207986165,0.595,0.295,0,"19","PAK3"
0,0.988414936459372,0.431,0.132,0,"19","BCAP29"
0,0.429171400517397,0.515,0.217,0,"19","RAB3GAP1"
0,0.394197031764337,0.536,0.238,0,"19","R3HDM2"
0,0.499675428418989,0.495,0.197,0,"19","MBOAT2"
0,0.830368025233658,0.491,0.193,0,"19","PRICKLE1"
0,1.19516703527085,0.429,0.131,0,"19","TTC39C"
0,0.822216266772624,0.473,0.176,0,"19","SRRM3"
0,1.21119648349074,0.417,0.12,0,"19","SLC41A2"
0,1.73437505777071,0.4,0.104,0,"19","ADAMTS19"
0,1.01966647250935,0.437,0.141,0,"19","ME1"
0,0.608548584808385,0.466,0.171,0,"19","ZER1"
0,0.287902996627005,0.542,0.247,0,"19","VWA8"
0,1.43192639671736,0.406,0.111,0,"19","FAM81A"
0,1.20620827122812,0.42,0.125,0,"19","BSN"
0,1.2476765007393,0.407,0.113,0,"19","SUSD4"
0,1.91066497662321,0.334,0.041,0,"19","EPB41L4A"
0,0.315100738294164,0.521,0.228,0,"19","MAP3K5"
0,0.700676059647942,0.441,0.148,0,"19","OGT"
0,2.54891391182802,0.337,0.045,0,"19","TMEM196"
0,0.270208565902303,0.535,0.244,0,"19","COG5"
0,2.47492375343678,0.344,0.053,0,"19","MCHR2"
0,0.455255935891242,0.951,0.66,0,"19","FTX"
0,0.302772989377399,0.554,0.264,0,"19","NCKAP1"
0,0.277335672612333,0.549,0.259,0,"19","SENP6"
0,0.892966047794176,0.438,0.148,0,"19","JAK2"
0,0.549568238203503,0.495,0.205,0,"19","PLEKHA7"
0,0.336959117342,0.553,0.264,0,"19","TBCK"
0,0.980555963781867,0.379,0.09,0,"19","C1GALT1"
0,0.672368852880542,0.441,0.152,0,"19","ARFGEF2"
0,0.285176231411204,0.486,0.197,0,"19","STK39"
0,0.689321358878728,0.474,0.185,0,"19","KIAA0825"
0,0.888081431793218,0.452,0.164,0,"19","AC007388.1"
0,0.963631207249573,0.424,0.136,0,"19","CADM3"
0,0.529080491669409,0.456,0.169,0,"19","FEZ2"
0,0.580262851948127,0.465,0.178,0,"19","TLK1"
0,1.0693811880001,0.434,0.147,0,"19","CACNG3"
0,0.66077942451625,0.475,0.188,0,"19","BDP1"
0,0.605800163439054,0.457,0.171,0,"19","KIF9-AS1"
0,0.381943275161626,0.495,0.209,0,"19","ASCC3"
0,2.86914280826584,0.316,0.031,0,"19","AC139720.1"
0,0.659777410945163,0.432,0.148,0,"19","PHTF2"
0,1.25001581685779,0.386,0.102,0,"19","OPTN"
0,0.884836733734378,0.397,0.113,0,"19","LGI1"
0,0.530508233319507,0.465,0.182,0,"19","UGP2"
0,0.339843289321873,0.554,0.271,0,"19","OSBPL6"
0,0.680541036433536,0.447,0.164,0,"19","GMDS"
0,1.48723901089432,0.374,0.091,0,"19","CAMKK2"
0,0.557196403892638,0.479,0.196,0,"19","MAPK1"
0,1.45467200097884,0.373,0.091,0,"19","SLC8A1-AS1"
0,0.293094357633474,0.538,0.256,0,"19","NR2F1-AS1"
0,1.20457409675344,0.372,0.09,0,"19","JAKMIP2-AS1"
0,0.450751702553224,0.502,0.22,0,"19","UBE3A"
0,0.380251608513007,0.49,0.208,0,"19","ATP6V0A1"
0,0.384761441068618,0.49,0.208,0,"19","CDC27"
0,0.63439356755344,0.477,0.195,0,"19","CHD5"
0,0.598884795936277,0.473,0.191,0,"19","PRKAR1B"
0,0.528067157674473,0.474,0.192,0,"19","CLIP1"
0,0.440404835943564,0.516,0.235,0,"19","SYT14"
0,0.27612650917252,0.544,0.263,0,"19","PPM1L"
0,1.28226259159482,0.389,0.108,0,"19","SYT4"
0,1.66603747441955,0.367,0.087,0,"19","JAKMIP1"
0,0.32492433219089,0.518,0.238,0,"19","RPL34"
0,1.61896099335002,0.367,0.087,0,"19","AC091885.2"
0,2.24353058545513,0.337,0.057,0,"19","AC090709.1"
0,0.261637277726374,0.483,0.204,0,"19","SESTD1"
0,1.40216769529809,0.383,0.104,0,"19","FAM153C"
0,1.1949893355886,0.403,0.124,0,"19","ICA1"
0,0.253575966196134,0.488,0.209,0,"19","ESF1"
0,1.45306958982958,0.35,0.071,0,"19","GBE1"
0,1.59864150029352,0.352,0.073,0,"19","FGFR1OP"
0,2.00951330853491,0.316,0.038,0,"19","RASGEF1C"
0,0.262537026812249,0.972,0.694,0,"19","ANKS1B"
0,1.44426308664738,0.365,0.087,0,"19","SNTB2"
0,0.737682735459682,0.399,0.121,0,"19","ULK2"
0,0.631973787955474,0.431,0.153,0,"19","MAST3"
0,0.864892690423632,0.41,0.132,0,"19","YEATS2"
0,0.979660518769851,0.408,0.13,0,"19","NMT2"
0,0.435205317391596,0.474,0.196,0,"19","ARID4A"
0,0.785673547074024,0.45,0.173,0,"19","RUNDC3B"
0,0.736116720439763,0.423,0.146,0,"19","RPS6KA3"
0,0.527416859569799,0.452,0.175,0,"19","TMEM245"
0,0.366011628558217,0.533,0.256,0,"19","CALM3"
0,4.20440001104118,0.287,0.01,0,"19","LINC01579"
0,0.993446429201212,0.356,0.08,0,"19","PDLIM5"
0,0.533920841489275,0.441,0.166,0,"19","ACTR2"
0,0.44033209597316,0.479,0.204,0,"19","RAPH1"
0,2.17290782789478,0.322,0.047,0,"19","CDH6"
0,0.933764138903295,0.4,0.125,0,"19","GALNT11"
0,0.368756761783791,0.497,0.222,0,"19","YWHAZ"
0,0.30091936226676,0.517,0.242,0,"19","MICU1"
0,0.446248281281975,0.389,0.114,0,"19","LRMDA"
0,0.43058984367261,0.507,0.232,0,"19","NORAD"
0,0.338323546352231,0.475,0.2,0,"19","OLA1"
0,0.307529586216878,0.5,0.226,0,"19","TAF1D"
0,0.646364375322815,0.428,0.154,0,"19","FBN1"
0,1.02912464744128,0.395,0.121,0,"19","PKIG"
0,1.27107357785096,0.357,0.083,0,"19","CEP70"
0,1.03869663928908,0.405,0.132,0,"19","RAP1GAP"
0,0.657624408146648,0.437,0.164,0,"19","ODF2L"
0,1.74706317307394,0.352,0.079,0,"19","RIMS3"
0,0.308291472292866,0.5,0.228,0,"19","HIVEP2"
0,0.931105809579557,0.421,0.149,0,"19","WNK2"
0,0.652220325359257,0.455,0.183,0,"19","SHANK2"
0,0.420423908559725,0.49,0.218,0,"19","C2CD5"
0,1.03302137451151,0.421,0.15,0,"19","BASP1-AS1"
0,0.525269806521441,0.43,0.16,0,"19","TNPO1"
0,0.426303064930264,0.497,0.227,0,"19","GABRG2"
0,1.08992390766282,0.395,0.125,0,"19","CCDC6"
0,0.261139961862916,0.545,0.275,0,"19","ENO2"
0,2.92594135312359,0.304,0.034,0,"19","AC138305.1"
0,0.532464779950963,0.44,0.171,0,"19","PAPSS1"
0,0.604528660439146,0.451,0.182,0,"19","RNF150"
0,0.484436845276505,0.49,0.221,0,"19","UQCRB"
0,1.23709707835367,0.368,0.1,0,"19","EPHA7"
0,0.46395130878632,0.45,0.182,0,"19","MICU3"
0,0.435023833119024,0.479,0.211,0,"19","NPTN"
0,0.406615294879309,0.469,0.201,0,"19","CMSS1"
0,0.613397083315719,0.408,0.141,0,"19","FAM120A"
0,1.29583781104239,0.367,0.1,0,"19","EPB41L4B"
0,0.609011614284209,0.445,0.178,0,"19","PPP3CB"
0,0.276851999802505,0.483,0.217,0,"19","ACBD6"
0,0.35736875042711,0.497,0.231,0,"19","PCNX2"
0,0.588052162125578,0.446,0.18,0,"19","GCC2"
0,0.735038832398525,0.407,0.141,0,"19","ITGA9"
0,0.945975413878117,0.404,0.138,0,"19","ABLIM2"
0,0.345570941632683,0.479,0.213,0,"19","KIF3A"
0,0.728450583799572,0.436,0.17,0,"19","SDK1"
0,1.60456992852806,0.34,0.074,0,"19","CHST1"
0,0.788528745216564,0.383,0.118,0,"19","NTNG1"
0,0.403695007785426,0.464,0.199,0,"19","RPL37A"
0,0.287173534104297,0.489,0.224,0,"19","MAP3K13"
0,1.14831267175928,0.365,0.1,0,"19","CDC40"
0,0.452317700209087,0.467,0.202,0,"19","PKD1"
0,0.516615801200522,0.454,0.189,0,"19","MOSMO"
0,0.432178048327831,0.459,0.195,0,"19","CYFIP2"
0,0.275661580820879,0.489,0.225,0,"19","LONP2"
0,1.20519562969932,0.387,0.123,0,"19","BAIAP2"
0,0.316178872024852,0.437,0.175,0,"19","SCFD1"
0,0.586275098293997,0.428,0.166,0,"19","SPECC1"
0,0.543909489061135,0.463,0.201,0,"19","AQP4-AS1"
0,0.85530314920788,0.385,0.123,0,"19","SYNJ1"
0,0.489161723229007,0.414,0.153,0,"19","PEA15"
0,0.282482804482856,0.489,0.228,0,"19","OLFM1"
0,0.665860842909306,0.404,0.143,0,"19","MPHOSPH9"
0,1.97060631077236,0.321,0.06,0,"19","VWA3A"
0,0.867281076209993,0.39,0.13,0,"19","LMTK2"
0,0.686421441188534,0.449,0.189,0,"19","PHYHIP"
0,0.510874756469739,0.432,0.172,0,"19","HSPH1"
0,0.435456769591684,0.433,0.173,0,"19","SCG5"
0,1.15286899814116,0.369,0.11,0,"19","HMGCLL1"
0,0.823519275683214,0.403,0.144,0,"19","PLXNA4"
0,0.406220953337457,0.443,0.184,0,"19","PPHLN1"
0,0.314722890566587,0.454,0.195,0,"19","KIAA1468"
0,1.33744118546427,0.357,0.099,0,"19","PKN2-AS1"
0,1.00888002582116,0.371,0.113,0,"19","DYNC2LI1"
0,0.256082578768614,0.505,0.247,0,"19","MAP2K5"
0,1.60899450864871,0.327,0.069,0,"19","LINC01197"
0,0.943483614718621,0.405,0.148,0,"19","TESPA1"
0,0.349821474271227,0.434,0.177,0,"19","AP2B1"
0,0.852008411363722,0.386,0.129,0,"19","TASP1"
0,2.98913198286239,0.286,0.029,0,"19","TESC"
0,0.397729327672518,0.458,0.202,0,"19","CSMD2"
0,0.425617325350376,0.434,0.178,0,"19","ZFYVE9"
0,0.926098268084208,0.38,0.125,0,"19","UPP2"
0,0.674771731285561,0.404,0.149,0,"19","ABHD18"
0,0.378894963534996,0.432,0.177,0,"19","PCMTD1"
0,0.76721417240277,0.408,0.153,0,"19","PTPRR"
0,0.784352936127035,0.402,0.147,0,"19","ADCY9"
0,3.56936238827443,0.267,0.013,0,"19","SAMD3"
0,1.6020588791521,0.334,0.08,0,"19","AC130650.1"
0,0.81349668678619,0.376,0.123,0,"19","RYK"
0,1.06397571395679,0.352,0.099,0,"19","NR2F1"
0,0.478040704182033,0.41,0.157,0,"19","TCERG1"
0,1.32817436681264,0.324,0.071,0,"19","PTBP3"
0,0.823570210532695,0.388,0.136,0,"19","NPAS2"
0,1.08454389023516,0.371,0.119,0,"19","KCNT1"
0,0.634606577897716,0.393,0.142,0,"19","VPS50"
0,0.327461782331205,0.936,0.686,0,"19","MT-CO1"
0,1.0507824665257,0.351,0.101,0,"19","STT3B"
0,0.829654385646887,0.346,0.097,0,"19","GLCE"
0,0.268741306925391,0.455,0.207,0,"19","TTC19"
0,1.02003805606811,0.367,0.119,0,"19","TUSC3"
0,0.345832015445251,0.437,0.189,0,"19","ZDHHC21"
0,0.803271800825709,0.379,0.131,0,"19","PPP1R13B"
0,0.948947355504955,0.362,0.114,0,"19","RAPGEFL1"
0,0.313027457758491,0.436,0.188,0,"19","MKL1"
0,1.21656817952935,0.321,0.075,0,"19","AC009126.1"
0,0.372494351993377,0.443,0.197,0,"19","UBE2B"
0,0.359938219936034,0.402,0.157,0,"19","RNF149"
0,0.669814853917788,0.387,0.142,0,"19","UBE3D"
0,0.522395941364414,0.4,0.156,0,"19","RANBP2"
0,0.74030674880699,0.391,0.147,0,"19","MIPOL1"
0,1.19299532333083,0.344,0.1,0,"19","HLF"
0,0.321656967118125,0.395,0.152,0,"19","SAT1"
0,1.04139584458479,0.339,0.096,0,"19","VLDLR-AS1"
0,0.257222047266755,0.458,0.215,0,"19","ATP2A2"
0,0.598927174659521,0.394,0.151,0,"19","DMXL2"
0,0.702961567682302,0.363,0.12,0,"19","CEP63"
0,0.430435777815703,0.429,0.186,0,"19","PIK3CA"
0,1.80102583360134,0.312,0.069,0,"19","AL591501.1"
0,1.04718689193058,0.356,0.113,0,"19","PDP1"
0,0.904695083471992,0.346,0.104,0,"19","COX7A2L"
0,0.34642235945464,0.42,0.178,0,"19","CWC27"
0,0.853511030007694,0.361,0.119,0,"19","SNX32"
0,0.393393354461772,0.43,0.188,0,"19","PPP2R5E"
0,0.280182256315223,0.451,0.21,0,"19","COMMD1"
0,1.1169667024251,0.357,0.116,0,"19","DNAH6"
0,0.491982074765078,0.421,0.18,0,"19","RPL7"
0,0.755778582309544,0.357,0.116,0,"19","NAALAD2"
0,0.358226553668911,0.422,0.181,0,"19","YLPM1"
0,0.750711145948012,0.428,0.187,0,"19","DOK6"
0,0.280934272423797,0.432,0.191,0,"19","ZNF91"
0,1.04542808071307,0.335,0.095,0,"19","OSBPL3"
0,0.589933279981059,0.388,0.148,0,"19","AC120193.1"
0,0.624577490895762,0.382,0.142,0,"19","ELAVL2"
0,1.09148518204752,0.338,0.098,0,"19","KCNC1"
0,0.482638005658969,0.395,0.155,0,"19","TOM1L1"
0,0.328772879542685,0.423,0.183,0,"19","PRDM2"
0,0.966314351380269,0.359,0.119,0,"19","MLLT11"
0,0.770695166277994,0.369,0.129,0,"19","PGBD5"
0,0.739037643645878,0.362,0.122,0,"19","TMEM241"
0,0.528575940869289,0.419,0.18,0,"19","TTN-AS1"
0,0.830075331244111,0.362,0.123,0,"19","ULK4"
0,1.17441052514404,0.321,0.082,0,"19","VWC2"
0,1.13671113051048,0.336,0.098,0,"19","NREP"
0,0.272501941813792,0.41,0.172,0,"19","GUK1"
0,1.22302573963838,0.328,0.091,0,"19","MAN1C1"
0,0.610098986949491,0.381,0.144,0,"19","TAGLN3"
0,1.21766049331751,0.335,0.098,0,"19","MRPS30-DT"
0,1.40155456731376,0.329,0.092,0,"19","SYT7"
0,0.875868923695812,0.327,0.09,0,"19","BCL2L13"
0,0.422465876215106,0.422,0.185,0,"19","FZD3"
0,2.33647667962413,0.27,0.034,0,"19","BACE2"
0,0.541809410513683,0.414,0.178,0,"19","INPP4A"
0,0.525087308007398,0.398,0.163,0,"19","HPRT1"
0,0.261698953555135,0.433,0.198,0,"19","DNAJB14"
0,0.370907203508318,0.406,0.172,0,"19","FAM126B"
0,1.36759761697172,0.326,0.092,0,"19","SIDT1"
0,1.8396471383192,0.288,0.054,0,"19","AC008591.1"
0,0.931838612499435,0.356,0.122,0,"19","MAST1"
0,2.77402677314001,0.252,0.019,0,"19","PLA2G4A"
0,0.562172475920671,0.404,0.171,0,"19","TOMM7"
0,0.310492694444424,0.41,0.177,0,"19","NME7"
0,0.570048650050043,0.372,0.139,0,"19","KDM5B"
0,1.17522740772245,0.328,0.096,0,"19","FBXO16"
0,0.382516515434617,0.379,0.147,0,"19","PIK3C3"
0,0.881849187842579,0.361,0.129,0,"19","AC007563.2"
0,0.333272002247835,0.424,0.192,0,"19","HYDIN"
0,0.590374493366102,0.387,0.156,0,"19","NISCH"
0,0.495767699653943,0.385,0.154,0,"19","RNF145"
0,2.20386788379085,0.273,0.043,0,"19","SSTR2"
0,0.656758873925366,0.345,0.115,0,"19","FSD1L"
0,0.940459126534021,0.32,0.091,0,"19","ATG5"
0,0.258651274515105,0.387,0.158,0,"19","FAM208B"
0,0.493454327458316,0.367,0.138,0,"19","ATR"
0,1.4794623834441,0.303,0.074,0,"19","ANKMY2"
0,1.79438233166357,0.282,0.053,0,"19","PRMT8"
0,0.555850745573142,0.359,0.13,0,"19","SMG6"
0,0.543196934274777,0.4,0.172,0,"19","MEG8"
0,0.435269254225498,0.388,0.16,0,"19","ENSA"
0,1.54105445247909,0.294,0.066,0,"19","TMEM67"
0,0.567215013999427,0.364,0.136,0,"19","SHOC2"
0,1.66785623548348,0.29,0.062,0,"19","HS3ST2"
0,0.306226711417581,0.37,0.143,0,"19","AFF1"
0,0.532611468129493,0.372,0.145,0,"19","MYEF2"
0,1.18703716613551,0.319,0.092,0,"19","NPTX1"
0,0.625333038128795,0.36,0.133,0,"19","LMO7"
0,0.835769090950414,0.335,0.109,0,"19","LRRC49"
0,0.789264864813606,0.334,0.108,0,"19","NDRG3"
0,2.34993299784704,0.266,0.04,0,"19","PRSS3"
0,0.753065639848778,0.369,0.143,0,"19","DPY19L2"
0,0.363004604913035,0.397,0.171,0,"19","PPP2R5C"
0,0.735091099401673,0.371,0.145,0,"19","FAM189A1"
0,1.60758787873428,0.294,0.068,0,"19","JPH1"
0,0.390178473532536,0.398,0.173,0,"19","TBC1D32"
0,0.360097854266892,0.378,0.153,0,"19","UBXN4"
0,1.47006194162634,0.305,0.08,0,"19","LRTM1"
0,0.579941391419983,0.355,0.131,0,"19","BTBD10"
0,0.545633783389991,0.337,0.114,0,"19","UBA1"
0,0.97349036843488,0.336,0.113,0,"19","MIR2052HG"
0,0.330755119951916,0.398,0.175,0,"19","SUGP2"
0,0.803373177684127,0.324,0.101,0,"19","CDK10"
0,0.429504864742645,0.376,0.154,0,"19","ESYT2"
0,0.459569130189831,0.355,0.133,0,"19","PLEKHM3"
0,0.630686068104944,0.354,0.132,0,"19","ATCAY"
0,0.306398049690712,0.403,0.182,0,"19","SCAMP5"
0,0.729264729071019,0.32,0.099,0,"19","NAA35"
0,0.341995436065364,0.39,0.169,0,"19","TRPM7"
0,0.516014347622499,0.39,0.169,0,"19","KCNB1"
0,0.290229515333454,0.411,0.19,0,"19","RPL14"
0,0.421639115892619,0.422,0.201,0,"19","CAMK4"
0,0.845473488599203,0.351,0.13,0,"19","KIFC2"
0,0.613846244376302,0.338,0.118,0,"19","AP3S1"
0,1.18117022305585,0.275,0.055,0,"19","ITGA7"
0,0.503486377954717,0.391,0.171,0,"19","CEP126"
0,0.282958302927424,0.379,0.159,0,"19","STX8"
0,1.33220364759261,0.997,0.777,0,"19","LSAMP"
0,1.35403952203945,0.287,0.067,0,"19","MSRB3"
0,0.55928164850296,0.345,0.125,0,"19","MAPKBP1"
0,0.564710563307545,0.355,0.135,0,"19","RPL4"
0,1.10556770656567,0.324,0.105,0,"19","RGS7BP"
0,1.0865156996428,0.322,0.103,0,"19","SH3BGRL2"
0,0.801820063224383,0.337,0.118,0,"19","SLITRK5"
0,0.966377548768174,0.317,0.098,0,"19","IGSF21"
0,0.441654852530541,0.373,0.154,0,"19","VPS41"
0,0.391314282493833,0.377,0.158,0,"19","CSTF3"
0,0.382628479795042,0.355,0.136,0,"19","MSH3"
0,0.292560109425916,0.387,0.169,0,"19","KANTR"
0,1.02059766145762,0.312,0.094,0,"19","PPIP5K1"
0,0.411089421562274,0.369,0.151,0,"19","FAM222B"
0,0.401225108615581,0.391,0.174,0,"19","KCND3"
0,1.9883079676557,0.265,0.048,0,"19","CHRM3-AS2"
0,0.742534428368598,0.343,0.126,0,"19","NELFA"
0,0.496908607848426,0.364,0.147,0,"19","CCDC30"
0,0.688169409495753,0.367,0.15,0,"19","RAB6B"
0,0.278295840006436,0.36,0.143,0,"19","PARG"
0,1.51888982783009,0.291,0.074,0,"19","CDYL2"
0,0.683307974607079,0.32,0.104,0,"19","GOLM1"
0,0.974673015473744,0.327,0.111,0,"19","CACNG2"
0,1.05720380378662,0.296,0.08,0,"19","UNC13B"
0,1.6253845241892,0.275,0.06,0,"19","ART3"
0,0.350442290288781,0.393,0.178,0,"19","TBRG1"
0,0.444188680193239,0.386,0.171,0,"19","TSPYL1"
0,0.412816477658139,0.378,0.163,0,"19","ADCY1"
0,0.857649590923129,0.313,0.098,0,"19","SLC38A6"
0,0.569671482464567,0.37,0.155,0,"19","SNRPN"
0,1.34970502935271,0.278,0.064,0,"19","SLC20A1"
0,0.62564674462487,0.331,0.117,0,"19","PTGR1"
0,0.634908767649875,0.343,0.129,0,"19","RIC3"
0,0.435445041288168,0.377,0.163,0,"19","NCDN"
0,0.312072279847276,0.372,0.158,0,"19","USP11"
0,0.401392248357254,0.351,0.137,0,"19","SUB1"
0,1.38018100390538,0.286,0.072,0,"19","ADAMTS17"
0,0.841142163907558,0.337,0.124,0,"19","ADD2"
0,0.268906247987793,0.373,0.16,0,"19","UBE3C"
0,0.377874466532388,0.362,0.149,0,"19","PCNX4"
0,0.330806194587305,0.345,0.132,0,"19","GPI"
0,0.632362438506458,0.316,0.104,0,"19","DNAH7"
0,0.348948346590968,0.362,0.15,0,"19","SCLT1"
0,1.09050406086764,0.302,0.09,0,"19","PNCK"
0,0.445171954308737,0.343,0.132,0,"19","RPS4X"
0,0.448801743234875,0.331,0.12,0,"19","FOXK2"
0,0.410945540965702,0.378,0.167,0,"19","NAPB"
0,1.09076141586495,0.285,0.074,0,"19","TMEM150C"
0,0.261788810084721,0.347,0.136,0,"19","UBE2D2"
0,1.14581982203269,0.278,0.068,0,"19","SLAIN2"
0,0.429324277015306,0.371,0.161,0,"19","HTT"
0,0.79709165705897,0.302,0.092,0,"19","KATNAL1"
0,1.02678918711157,0.301,0.091,0,"19","AC006504.5"
0,1.07424765942633,0.995,0.785,0,"19","ADGRB3"
0,0.469764515439404,0.351,0.142,0,"19","ZRANB3"
0,0.447312015023037,0.351,0.142,0,"19","RPL6"
0,0.303022169506565,0.411,0.202,0,"19","ZFYVE28"
0,0.480644983249273,0.344,0.135,0,"19","DSE"
0,0.315411426237657,0.348,0.139,0,"19","VPS35"
0,0.437430854436745,0.337,0.129,0,"19","MACO1"
0,0.612082440705447,0.34,0.132,0,"19","ISPD"
0,0.724495021466781,0.313,0.105,0,"19","UHRF1BP1L"
0,0.419691793315643,0.356,0.148,0,"19","AC079447.1"
0,0.514476565100076,0.359,0.151,0,"19","PRKAG2"
0,0.387533615988634,0.371,0.163,0,"19","SESN3"
0,0.735473030277218,0.301,0.093,0,"19","SCYL2"
0,0.819955932518249,0.283,0.075,0,"19","AC026202.2"
0,0.393334361391899,0.347,0.139,0,"19","BEX2"
0,1.38870573979675,0.268,0.061,0,"19","C4orf47"
0,0.577705883001982,0.318,0.111,0,"19","FCHO2"
0,0.512334976225919,0.337,0.13,0,"19","CCDC7"
0,0.409491281860385,0.33,0.123,0,"19","AC069228.1"
0,0.633412253398113,0.316,0.109,0,"19","ZNF106"
0,0.261208564789346,0.36,0.153,0,"19","REPS2"
0,0.454992571437474,0.353,0.146,0,"19","ANO5"
0,0.551178444099146,0.35,0.143,0,"19","ADGRL1"
0,1.29505468776421,0.292,0.085,0,"19","FAM153A"
0,0.58894204595472,0.301,0.095,0,"19","FAM110B"
0,0.357424887605571,0.352,0.146,0,"19","CC2D1A"
0,0.416716867547124,0.345,0.139,0,"19","MAPK14"
0,1.21590650235924,0.262,0.057,0,"19","NAF1"
0,0.83008858760185,0.311,0.106,0,"19","LRRK2"
0,0.330259494620899,0.35,0.145,0,"19","CCAR1"
0,0.321673125752992,0.368,0.163,0,"19","YAF2"
0,0.451687111419924,0.35,0.145,0,"19","LRRC28"
0,0.975174909314338,0.314,0.11,0,"19","KCNAB2"
0,0.486606194152685,0.34,0.136,0,"19","FAM169A"
0,0.44946624366617,0.326,0.122,0,"19","TMEM181"
0,0.609440764604233,0.333,0.129,0,"19","TMEM130"
0,0.615438732942201,0.327,0.123,0,"19","GRAMD1B"
0,0.321022793392261,0.367,0.163,0,"19","YTHDC2"
0,1.05338761851157,0.284,0.08,0,"19","HMGCR"
0,0.530808040398471,0.342,0.139,0,"19","RHBDD2"
0,0.440164694428814,0.322,0.119,0,"19","ATP6V0E2"
0,0.800186098365489,0.279,0.076,0,"19","R3HCC1L"
0,0.631633686254463,0.296,0.093,0,"19","TMEM64"
0,0.569303242786568,0.321,0.119,0,"19","MIR29B2CHG"
0,0.774499035324011,0.327,0.125,0,"19","NGEF"
0,0.46569537565845,0.338,0.136,0,"19","ZC2HC1A"
0,0.370068067517627,0.369,0.167,0,"19","ARMC9"
0,1.14310410499625,0.3,0.098,0,"19","AC024901.1"
0,0.36220867803036,0.333,0.132,0,"19","ARL8B"
0,1.33512244751585,0.271,0.07,0,"19","DOC2A"
0,0.751100652479064,0.324,0.123,0,"19","RUNDC3A"
0,0.303299966213047,0.371,0.17,0,"19","NDST3"
0,0.758531058668303,0.317,0.117,0,"19","CAMKV"
0,0.435086828865112,0.359,0.159,0,"19","LINC01250"
0,0.286242187812087,0.319,0.12,0,"19","BBIP1"
0,0.365735151651861,0.322,0.123,0,"19","CACUL1"
0,0.826473735409105,0.287,0.088,0,"19","DGKE"
0,1.15300701253955,0.282,0.083,0,"19","SVOP"
0,0.592037755054649,0.312,0.114,0,"19","NIM1K"
0,0.752008662692279,0.313,0.115,0,"19","KIF5A"
0,0.675115033487877,0.305,0.107,0,"19","PHLPP2"
0,0.957994591700443,0.294,0.096,0,"19","POLN"
0,0.294778696900994,0.347,0.149,0,"19","TYRO3"
0,0.479414514333343,0.33,0.133,0,"19","FKBP3"
0,0.418210235121919,0.313,0.117,0,"19","UBR4"
0,0.349038400331597,0.331,0.135,0,"19","ZBTB8OS"
0,0.806204228933167,0.302,0.106,0,"19","NEK10"
0,0.402485727673045,0.307,0.111,0,"19","LUC7L"
0,0.762148535756487,0.31,0.115,0,"19","PLPPR4"
0,0.300235336658572,0.312,0.117,0,"19","TBCD"
0,0.754183344386832,0.284,0.089,0,"19","SMAD1"
0,0.256775434287045,0.361,0.166,0,"19","PIAS2"
0,1.29787525950073,0.256,0.062,0,"19","PXYLP1"
0,0.377534208809025,0.31,0.116,0,"19","CENPP"
0,1.44262338025121,0.252,0.058,0,"19","LINC01551"
0,0.889930147864583,0.299,0.105,0,"19","ST8SIA3"
0,0.270551075905404,0.363,0.169,0,"19","TOMM20"
0,0.711760467765447,0.283,0.089,0,"19","TM7SF3"
0,1.01454072785583,0.29,0.096,0,"19","BICDL1"
0,0.507461356349222,0.338,0.145,0,"19","KCNK1"
0,0.483418659558791,0.317,0.124,0,"19","CDR2"
0,0.347686034575722,0.373,0.18,0,"19","NDRG4"
0,0.433530863920432,0.3,0.108,0,"19","LARS"
0,0.419951611303018,0.302,0.11,0,"19","SPATA7"
0,0.34109851175087,0.311,0.119,0,"19","EZH1"
0,0.390076376094268,0.299,0.108,0,"19","ADAM17"
0,0.301807850872649,0.308,0.117,0,"19","TYW1"
0,0.256729619468288,0.329,0.138,0,"19","LMBR1"
0,0.379398403378769,0.321,0.13,0,"19","GPALPP1"
0,0.369157460681554,0.311,0.121,0,"19","MRPS21"
0,0.302670527141718,0.322,0.132,0,"19","KPNA1"
0,0.715603534302244,0.268,0.078,0,"19","MSMO1"
0,0.934004879985328,0.26,0.07,0,"19","HMGCS1"
0,0.383932589692984,0.319,0.129,0,"19","RPL10A"
0,0.942422764960952,0.265,0.075,0,"19","VKORC1L1"
0,0.598535992167912,0.314,0.124,0,"19","ME3"
0,0.407267358100073,0.348,0.158,0,"19","SYN1"
0,1.02876897274995,0.271,0.082,0,"19","FHL1"
0,0.841373911469162,0.265,0.076,0,"19","CEMIP2"
0,1.2572668357557,0.264,0.075,0,"19","KCNH3"
0,0.49891478670168,0.304,0.115,0,"19","TIMP3"
0,0.344580810632336,0.326,0.138,0,"19","FAM66D"
0,0.734503445740389,0.279,0.092,0,"19","SGSM2"
0,0.503283267826252,0.293,0.106,0,"19","FILIP1L"
0,0.706963369856431,0.271,0.084,0,"19","PPP2R2D"
0,0.438105811357399,0.321,0.134,0,"19","SPATS2"
0,1.03716609216915,0.255,0.068,0,"19","GPR180"
0,0.627472760117601,0.282,0.095,0,"19","MINDY3"
0,0.347859062221826,0.329,0.143,0,"19","RAD9A"
0,0.726627123890484,0.296,0.11,0,"19","REEP1"
0,0.407686730862995,0.311,0.125,0,"19","TBC1D19"
0,0.867685161866688,0.269,0.083,0,"19","TRAPPC6B"
0,0.599972636738143,0.283,0.097,0,"19","MIA2"
0,0.314216471435446,0.319,0.134,0,"19","IFT172"
0,0.344783083176524,0.299,0.114,0,"19","IQCB1"
0,0.442859019436418,0.296,0.111,0,"19","FAM184A"
0,0.315448435386564,0.324,0.139,0,"19","AP2A2"
0,0.279351046321456,0.354,0.169,0,"19","LONRF2"
0,0.628182298030734,0.251,0.067,0,"19","PTPDC1"
0,0.637527613551141,0.286,0.102,0,"19","STIM1"
0,0.887422321461189,0.264,0.08,0,"19","CPT1C"
0,0.813861930606686,0.275,0.092,0,"19","ZFHX2"
0,0.269888864113612,0.301,0.118,0,"19","STX12"
0,0.446543880109845,0.305,0.122,0,"19","TRAK2"
0,0.683662329041416,0.286,0.103,0,"19","DZIP1"
0,0.382412868395351,0.33,0.148,0,"19","SNCB"
0,1.13456219650655,0.265,0.083,0,"19","MIR4435-2HG"
0,1.2114799633277,0.251,0.069,0,"19","AC018816.1"
0,0.283638218577738,0.313,0.131,0,"19","VDAC3"
0,0.726762512164292,0.266,0.084,0,"19","HABP4"
0,0.336520166017481,0.317,0.135,0,"19","HOOK2"
0,0.409377385579576,0.278,0.097,0,"19","SEC23A"
0,0.427406643430952,0.307,0.126,0,"19","FASTKD1"
0,0.649223876044062,0.299,0.118,0,"19","GABRA4"
0,0.387794296615647,0.283,0.102,0,"19","CKMT2-AS1"
0,0.39266780774085,0.292,0.111,0,"19","TP53BP1"
0,0.43528882537654,0.305,0.125,0,"19","RNF180"
0,0.252609927057312,0.311,0.131,0,"19","MTHFD1L"
0,0.437313211683748,0.286,0.106,0,"19","BNIP3"
0,0.252708219188309,0.336,0.157,0,"19","NEFL"
0,0.387934036081717,0.298,0.119,0,"19","NOL10"
0,0.663776726505404,0.258,0.079,0,"19","PPP1R7"
0,0.638896901963498,0.283,0.104,0,"19","PRKCI"
0,0.267438339670803,0.292,0.113,0,"19","SPDYE5"
0,0.2664832490371,0.354,0.175,0,"19","PTCHD1-AS"
0,0.485508447553299,0.324,0.146,0,"19","CLSTN3"
0,0.306409284599337,0.291,0.113,0,"19","ZNF827"
0,0.497013169424097,0.31,0.132,0,"19","MPP6"
0,0.720906705061648,0.282,0.104,0,"19","CAMKK1"
0,0.27053201327757,0.312,0.134,0,"19","GGT7"
0,0.402330155768241,0.304,0.126,0,"19","AKAP8L"
0,0.405178351404621,0.274,0.097,0,"19","STK4"
0,0.502416180218392,0.282,0.105,0,"19","PPME1"
0,0.468994419074952,0.301,0.124,0,"19","DLGAP4"
0,0.284593437614122,0.344,0.167,0,"19","LY6H"
0,0.934480866324226,0.264,0.088,0,"19","RFTN1"
0,1.01147205844339,0.269,0.093,0,"19","PSD"
0,0.372979870110213,0.286,0.11,0,"19","CCDC14"
0,0.392209968755844,0.312,0.136,0,"19","PKIA"
0,0.337571120604406,0.259,0.083,0,"19","PCSK5"
0,0.684886477679519,0.282,0.106,0,"19","GNB5"
0,0.437887131430101,0.276,0.101,0,"19","KIAA1841"
0,0.418222518557749,0.275,0.1,0,"19","CCDC146"
0,0.763756170280633,0.262,0.087,0,"19","SMS"
0,0.928599056032939,0.269,0.094,0,"19","IQSEC2"
0,0.825248876523334,0.264,0.089,0,"19","ATF7IP2"
0,0.495491996235196,0.299,0.124,0,"19","NOS1AP"
0,0.667942439289808,0.282,0.107,0,"19","LHFPL4"
0,0.620264806872034,0.288,0.113,0,"19","AKAP12"
0,0.833369033092519,0.284,0.109,0,"19","STX1A"
0,0.349864894095835,0.3,0.125,0,"19","CAPZA2"
0,0.395141414679483,0.281,0.107,0,"19","ATP6V1C1"
0,0.77541585203382,0.26,0.086,0,"19","TMEM14A"
0,0.446489945713485,0.3,0.126,0,"19","PLXNA2"
0,0.364186200584948,0.293,0.119,0,"19","HEATR5B"
0,0.655623971479476,0.25,0.076,0,"19","RAB12"
0,0.306157976840244,0.278,0.105,0,"19","SPDYE3"
0,0.783972293173514,0.269,0.096,0,"19","DMTN"
0,0.315727613825401,0.303,0.13,0,"19","KLHL7"
0,0.346877996577293,0.283,0.11,0,"19","CKAP5"
0,0.283980212768387,0.27,0.098,0,"19","ABHD6"
0,0.407902968634863,0.273,0.101,0,"19","ATXN3"
0,0.623802156687203,0.262,0.09,0,"19","TENT4B"
0,0.251549563888889,0.285,0.113,0,"19","MAK"
0,0.548626465451231,0.304,0.132,0,"19","CLVS2"
0,0.438905705846394,0.275,0.104,0,"19","ANKRD49"
0,0.281180210268642,0.278,0.107,0,"19","TPP2"
0,0.452954514484003,0.319,0.148,0,"19","KCNQ2"
0,0.959828730638484,0.25,0.079,0,"19","PPFIA4"
0,0.666324543450667,0.251,0.08,0,"19","ELP1"
0,0.905524879286873,0.256,0.085,0,"19","MTCL1"
0,0.294719913595373,0.307,0.137,0,"19","ARHGEF11"
0,0.310812777534838,0.3,0.13,0,"19","RAB11FIP3"
0,0.454407285704072,0.285,0.116,0,"19","NQO2"
0,1.00416773988601,0.253,0.084,0,"19","PACSIN1"
0,0.348267032519755,0.277,0.109,0,"19","NDUFA5"
0,0.560616137858337,0.259,0.091,0,"19","PRR14L"
0,0.500374416711791,0.299,0.131,0,"19","EPHB6"
0,0.464064269245506,0.308,0.14,0,"19","CACNG8"
0,0.649976245438472,0.271,0.104,0,"19","KIF3C"
0,0.786491007202798,0.265,0.098,0,"19","CCDC57"
0,0.264457120464576,0.292,0.125,0,"19","CHM"
0,0.497143504771068,0.273,0.107,0,"19","GLMN"
0,0.733046661566031,0.262,0.096,0,"19","CRMP1"
0,0.258754307477435,0.33,0.164,0,"19","PTK2B"
0,0.357348792825191,0.266,0.1,0,"19","GIT2"
0,0.93401195382016,0.251,0.085,0,"19","GPR22"
0,0.323606989548391,0.279,0.114,0,"19","RPL37"
0,0.46644528748595,0.261,0.096,0,"19","ITGB1BP1"
0,0.383618321205654,0.26,0.095,0,"19","SGPL1"
0,0.914786147788961,0.252,0.087,0,"19","RFPL1S"
0,0.574316561670237,0.25,0.085,0,"19","NHS"
0,0.37539605143487,0.277,0.113,0,"19","WDR19"
0,0.534411106888579,0.278,0.114,0,"19","NEXMIF"
0,0.268050930490106,0.269,0.105,0,"19","ACAT1"
0,0.334341490011159,0.266,0.102,0,"19","CCDC186"
0,0.44362158697865,0.268,0.104,0,"19","NACA"
0,0.391484040214661,0.266,0.102,0,"19","ACTR10"
0,0.430639680077176,0.257,0.093,0,"19","TBK1"
0,0.361363810484508,0.274,0.111,0,"19","HACE1"
0,0.367805490690034,0.262,0.099,0,"19","BRK1"
0,0.396058242042759,0.256,0.093,0,"19","VPS36"
0,0.259652344431302,0.3,0.137,0,"19","XPR1"
0,0.395118166887281,0.274,0.112,0,"19","ZBTB4"
0,0.556795754358636,0.258,0.096,0,"19","KLHDC3"
0,0.334446765564206,0.258,0.096,0,"19","IARS"
0,0.399704219803239,0.27,0.109,0,"19","TET3"
0,0.4901921533769,0.25,0.089,0,"19","AC010615.4"
0,1.04642794124454,0.255,0.094,0,"19","SLC5A4-AS1"
0,0.324091568327521,0.264,0.104,0,"19","MYSM1"
0,0.413562980515175,0.265,0.105,0,"19","CCND3"
0,0.432806960921408,0.273,0.113,0,"19","AP3B2"
0,0.393625687324881,0.274,0.114,0,"19","RAB3A"
0,0.66794272676497,0.26,0.1,0,"19","PGP"
0,0.359384043123686,0.291,0.131,0,"19","TRIM37"
0,0.380956816569126,0.271,0.112,0,"19","FBXO44"
0,0.562157563426806,0.27,0.111,0,"19","DIRC3"
0,0.344410157919653,0.26,0.101,0,"19","GOT1"
0,0.483885361026894,0.262,0.104,0,"19","ATP5F1A"
0,0.28728664377299,0.26,0.103,0,"19","DENND6A"
0,0.32948114527482,0.262,0.105,0,"19","GSTA4"
0,0.258042798735562,0.269,0.113,0,"19","NEK11"
0,0.413617532367532,0.26,0.104,0,"19","FBXO33"
0,0.577303682753606,0.259,0.103,0,"19","RAB40C"
0,0.357346507328205,0.257,0.101,0,"19","CRTC1"
0,0.462149642692912,0.256,0.101,0,"19","ATP13A2"
0,0.264744159449782,0.285,0.13,0,"19","WIPF2"
0,0.275357027108117,0.275,0.121,0,"19","RABL6"
0,0.391297684914881,0.269,0.115,0,"19","HK1"
0,0.277397003474511,0.27,0.116,0,"19","RNPS1"
0,0.559025692555383,0.25,0.096,0,"19","C9orf16"
0,0.358165922006291,0.266,0.113,0,"19","HNRNPLL"
0,0.631222775854692,0.25,0.097,0,"19","SNX10"
0,0.306951550392847,0.282,0.129,0,"19","SLC12A5"
0,0.316991559045059,0.275,0.123,0,"19","RNF11"
0,0.398689547845014,0.262,0.11,0,"19","SIMC1"
0,0.426364095086676,0.259,0.107,0,"19","UTP23"
0,0.492661088321809,0.264,0.113,0,"19","AMMECR1"
0,0.287570196031641,0.253,0.103,0,"19","ATAD1"
0,0.285951152696684,0.253,0.104,0,"19","RALGPS2"
0,0.285745964223486,0.251,0.103,0,"19","DDX1"
0,0.371441878527728,0.257,0.11,0,"19","PRKCZ"
0,0.350741170564816,0.257,0.111,0,"19","VSTM2A"
0,0.264440583311214,0.25,0.104,0,"19","TMEM41B"
0,0.434603049389112,0.251,0.106,0,"19","UBE2O"
0,0.392402396338055,0.27,0.129,0,"19","SGSM1"
0,0.302098918313392,0.257,0.119,0,"19","TBC1D1"
0,0.414722000491203,0.252,0.114,0,"19","GUCY1B1"
0,0.251713024603603,0.253,0.123,0,"19","GABARAPL1"
0,0.517860295812405,0.993,0.897,0,"19","DLG2"
0,1.82768670135101,0.874,0.189,0,"20","ADGRV1"
0,1.64355424620785,0.936,0.267,0,"20","GPC5"
0,1.7774713692568,0.918,0.269,0,"20","SLC1A2"
0,1.39973974297498,0.906,0.285,0,"20","SLC1A3"
0,1.6129462303068,0.801,0.19,0,"20","RYR3"
0,1.53553914408875,0.838,0.236,0,"20","PITPNC1"
0,1.33449302487856,0.729,0.179,0,"20","APOE"
0,1.68215579480941,0.677,0.132,0,"20","ATP1A2"
0,1.36878971014666,0.713,0.169,0,"20","PARD3"
0,1.57112653928652,0.664,0.122,0,"20","AQP4"
0,1.57996598190235,0.689,0.151,0,"20","GFAP"
0,1.69106518570668,0.645,0.115,0,"20","GJA1"
0,1.44290778855358,0.703,0.181,0,"20","GLIS3"
0,1.16545676516317,0.827,0.311,0,"20","PRKG1"
0,1.39696097345449,0.954,0.445,0,"20","DTNA"
0,1.69164853507536,0.62,0.112,0,"20","TPD52L1"
0,1.15406145850811,0.773,0.267,0,"20","CST3"
0,1.22458604126553,0.861,0.363,0,"20","NEBL"
0,1.75451704767714,0.584,0.087,0,"20","RNF219-AS1"
0,0.690156627838177,0.671,0.182,0,"20","PTPRZ1"
0,1.18892804975147,0.829,0.342,0,"20","SORBS1"
0,1.7777138965416,0.584,0.102,0,"20","COL5A3"
0,1.71964348194764,0.61,0.129,0,"20","SLC4A4"
0,1.07084404305324,0.72,0.246,0,"20","AL589740.1"
0,1.03244675289239,0.91,0.437,0,"20","SOX5"
0,1.39091120285188,0.624,0.151,0,"20","NKAIN3"
0,1.64834932119566,0.616,0.143,0,"20","ZNRF3"
0,1.12480164249435,0.794,0.33,0,"20","ADCY2"
0,1.10781283950257,0.789,0.329,0,"20","CPE"
0,1.10523334336249,0.696,0.241,0,"20","TRPM3"
0,1.04748116413094,0.675,0.222,0,"20","MSI2"
0,1.60958307604889,0.556,0.103,0,"20","HIF3A"
0,0.929175164827379,0.922,0.47,0,"20","AC092691.1"
0,1.62604956677529,0.558,0.107,0,"20","RFX4"
0,1.15446056064037,0.849,0.399,0,"20","CACNB2"
0,1.01653325525844,0.837,0.388,0,"20","FMN2"
0,1.56634572355847,0.559,0.117,0,"20","ATP1B2"
0,1.23632977742787,0.575,0.135,0,"20","PARD3B"
0,0.926538059958395,0.834,0.396,0,"20","GABRB1"
0,0.881769306788956,0.959,0.525,0,"20","NEAT1"
0,1.14259154381876,0.624,0.195,0,"20","AHCYL1"
0,1.68481411252928,0.509,0.084,0,"20","BMPR1B"
0,1.11893132730762,0.931,0.507,0,"20","CLU"
0,1.7418981222435,0.519,0.095,0,"20","HPSE2"
0,1.81021324018366,0.502,0.078,0,"20","RANBP3L"
0,0.883425091328299,0.687,0.265,0,"20","TRPS1"
0,0.935313188238449,0.803,0.383,0,"20","TNIK"
0,1.18296075541377,0.546,0.126,0,"20","PREX2"
0,0.551276207472957,0.894,0.476,0,"20","TENM2"
0,0.709180931215702,0.673,0.257,0,"20","MT2A"
0,1.1676863124248,0.632,0.221,0,"20","AHCYL2"
0,0.731812903140057,0.741,0.331,0,"20","PRKCA"
0,1.22261290786117,0.57,0.16,0,"20","SAMD4A"
0,1.15151076393692,0.967,0.558,0,"20","RORA"
0,0.896288524773707,0.896,0.488,0,"20","MACF1"
0,1.24071119311069,0.651,0.244,0,"20","CARMIL1"
0,0.830845716141779,0.876,0.47,0,"20","SPARCL1"
0,0.633085571681285,0.644,0.238,0,"20","MAML2"
0,1.75986161534251,0.474,0.068,0,"20","FGFR3"
0,0.667790442114323,0.669,0.264,0,"20","GLUL"
0,1.17635137040627,0.988,0.585,0,"20","CTNNA2"
0,0.398794599334079,0.843,0.441,0,"20","KCNQ5"
0,1.15413876385958,0.979,0.578,0,"20","GPM6A"
0,0.372548074278086,0.94,0.54,0,"20","ERBB4"
0,0.593047137808965,0.94,0.54,0,"20","CELF2"
0,0.528199572825013,0.811,0.413,0,"20","NFIA"
0,1.14028237680428,0.522,0.128,0,"20","ITPKB"
0,1.33346662523755,0.548,0.155,0,"20","SFXN5"
0,0.734273615325761,0.667,0.277,0,"20","FYN"
0,0.808742365414126,0.746,0.356,0,"20","NTRK3"
0,1.40419471076099,0.491,0.102,0,"20","LRIG1"
0,1.96367260970763,0.45,0.064,0,"20","LINC00499"
0,0.785939639433869,0.854,0.468,0,"20","NTRK2"
0,0.629733627835271,0.924,0.539,0,"20","MAPK10"
0,0.298408250273359,0.819,0.437,0,"20","CCSER1"
0,0.731490707240212,0.643,0.262,0,"20","EPHA6"
0,0.725981691080898,0.651,0.27,0,"20","MGAT4C"
0,1.94330325241194,0.448,0.067,0,"20","ZNF98"
0,0.651309837208789,0.813,0.436,0,"20","PDE4DIP"
0,0.504045860191005,0.741,0.365,0,"20","DLC1"
0,0.488958526133562,0.823,0.448,0,"20","NRCAM"
0,1.00681646641883,0.655,0.282,0,"20","AC073050.1"
0,1.30164492761202,0.547,0.174,0,"20","PTCHD1-AS"
0,1.03971851040108,0.624,0.252,0,"20","MED12L"
0,0.834086851635217,0.588,0.216,0,"20","OPHN1"
0,0.317640801226176,0.923,0.551,0,"20","DLGAP1"
0,0.281937467963624,0.676,0.305,0,"20","FBXL7"
0,0.450498628415972,0.965,0.595,0,"20","FAM155A"
0,0.753251658708788,0.661,0.292,0,"20","RPS6KA2"
0,0.406348600824421,0.749,0.381,0,"20","FRMPD4"
0,0.727563024296327,0.72,0.352,0,"20","FLRT2"
0,0.429726987972447,0.892,0.524,0,"20","PLCB1"
0,0.575930781023338,0.689,0.321,0,"20","NFIB"
0,0.983352003836155,0.502,0.135,0,"20","GRAMD2B"
0,0.360685206777199,0.798,0.432,0,"20","KALRN"
0,0.993283160421325,0.575,0.209,0,"20","ASPH"
0,0.683624541215539,0.744,0.379,0,"20","FUT9"
0,1.11988385667572,0.586,0.221,0,"20","ABLIM1"
0,0.558714547704426,0.794,0.43,0,"20","KCNMA1"
0,0.336728656209437,0.795,0.433,0,"20","RALYL"
0,1.01418190430846,0.608,0.246,0,"20","DAAM1"
0,0.69055809883356,0.615,0.255,0,"20","MEIS2"
0,0.285581234011721,0.969,0.609,0,"20","RBFOX1"
0,0.568208678566737,0.87,0.511,0,"20","TNRC6A"
0,1.46950141461969,0.482,0.123,0,"20","MAPK4"
0,0.656613922475496,0.911,0.553,0,"20","CADM1"
0,0.558038780406954,0.923,0.566,0,"20","DPP10"
0,0.58885506917218,0.592,0.235,0,"20","ITPR2"
0,0.581317805240553,0.713,0.357,0,"20","ARHGAP26"
0,0.283592743118248,0.94,0.584,0,"20","SYT1"
0,1.03928743243944,0.572,0.218,0,"20","DCLK2"
0,0.538960175174544,0.942,0.588,0,"20","NAV3"
0,1.07330746907427,0.486,0.135,0,"20","CRB1"
0,0.975162573075749,0.578,0.228,0,"20","MAP3K5"
0,0.41062129971615,0.766,0.418,0,"20","AGBL4"
0,0.572964250438163,0.717,0.37,0,"20","NAV2"
0,0.518978559917414,0.798,0.452,0,"20","PSD3"
0,0.530445268532304,0.826,0.48,0,"20","CNTN1"
0,0.843296119111161,0.993,0.648,0,"20","NRG3"
0,0.65601430478607,0.648,0.304,0,"20","SGCD"
0,0.452264356241958,0.926,0.583,0,"20","PDE4D"
0,0.271033124590394,0.81,0.468,0,"20","PHACTR1"
0,0.491186567237333,0.769,0.428,0,"20","PCDH7"
0,0.686533837624242,0.676,0.335,0,"20","EFNA5"
0,0.895864198473976,0.568,0.227,0,"20","PDZRN3"
0,1.22798394960463,0.498,0.157,0,"20","MGST1"
0,0.478668824428839,0.683,0.343,0,"20","CHRM3"
0,0.283733621249878,0.752,0.412,0,"20","KHDRBS2"
0,0.526181006043312,0.74,0.4,0,"20","CKB"
0,0.726137616901914,0.445,0.107,0,"20","ARHGAP24"
0,0.665194503932077,0.984,0.646,0,"20","NRXN1"
0,0.639786282969678,0.932,0.595,0,"20","MIR99AHG"
0,0.759265907908451,0.648,0.311,0,"20","MAST4"
0,0.617400889478467,0.56,0.224,0,"20","SASH1"
0,0.446292303238456,0.853,0.517,0,"20","PPP3CA"
0,0.402449386214654,0.699,0.365,0,"20","DLGAP2"
0,1.59168092802996,0.417,0.083,0,"20","CABLES1"
0,0.405469690127589,0.588,0.255,0,"20","LPP"
0,0.918306082019488,0.566,0.233,0,"20","CHPT1"
0,1.64047978692069,0.42,0.088,0,"20","CACHD1"
0,0.549504362309833,0.668,0.338,0,"20","CACNA1B"
0,0.54397106701437,0.668,0.338,0,"20","CAMK1D"
0,0.346780021555021,0.691,0.361,0,"20","LRFN5"
0,0.385622078552233,0.78,0.452,0,"20","SMYD3"
0,0.29844404366054,0.769,0.441,0,"20","IQCJ-SCHIP1"
0,0.405190793355227,0.789,0.462,0,"20","NCOA1"
0,0.282796498933366,0.772,0.445,0,"20","R3HDM1"
0,0.532233019369868,0.685,0.359,0,"20","MSRA"
0,1.72115155891776,0.394,0.068,0,"20","SLC25A18"
0,0.71170191849409,0.551,0.226,0,"20","ZHX3"
0,1.11134783741284,0.477,0.152,0,"20","DOCK7"
0,0.828426645096139,0.575,0.25,0,"20","DKK3"
0,1.37802350312283,0.394,0.07,0,"20","NHSL1"
0,0.45129427452143,0.714,0.39,0,"20","THRB"
0,0.777054341430465,0.588,0.266,0,"20","LINC00461"
0,0.564531338389566,0.688,0.368,0,"20","STXBP5"
0,0.801592818336815,0.47,0.15,0,"20","TTYH1"
0,0.454666309696711,0.685,0.366,0,"20","ARHGAP32"
0,0.597135331732197,0.657,0.339,0,"20","RFX3"
0,0.701522113670445,0.542,0.225,0,"20","APC"
0,0.756440048502127,0.539,0.222,0,"20","CSGALNACT1"
0,1.53486073374414,0.381,0.064,0,"20","SLC7A11"
0,1.92565606507207,0.365,0.049,0,"20","ACSBG1"
0,0.505285026859623,0.677,0.362,0,"20","CACNA1C"
0,1.0768130604673,0.497,0.182,0,"20","GABRA2"
0,0.524977425177387,0.628,0.313,0,"20","CNKSR2"
0,0.447001652127867,0.736,0.421,0,"20","TRIM9"
0,1.06686539555404,0.495,0.181,0,"20","DDAH1"
0,0.431153466198765,0.789,0.476,0,"20","MACROD2"
0,0.286324230629055,0.511,0.198,0,"20","NDRG2"
0,0.431830697024803,0.656,0.345,0,"20","CDH18"
0,0.587037829786176,0.602,0.291,0,"20","RGS6"
0,0.505725351495393,0.648,0.337,0,"20","NFAT5"
0,0.938076624378903,0.493,0.183,0,"20","ARHGEF4"
0,1.21914240644454,0.422,0.112,0,"20","SERPINE2"
0,0.292360799703498,0.64,0.33,0,"20","SLC35F1"
0,1.62472342557466,0.375,0.066,0,"20","SPON1"
0,0.399483922064236,0.691,0.383,0,"20","TRIO"
0,1.70104897960667,0.369,0.062,0,"20","ANGPTL4"
0,0.383839846920437,0.701,0.394,0,"20","PLEKHA5"
0,0.886238163470791,0.466,0.16,0,"20","PDE7B"
0,1.52480681761899,0.396,0.09,0,"20","NCAN"
0,1.74987427473563,0.381,0.075,0,"20","LINC00299"
0,0.439725104046694,0.478,0.172,0,"20","PTN"
0,0.545195857647253,0.546,0.241,0,"20","DGKG"
0,0.750712420448784,0.965,0.66,0,"20","CTNND2"
0,0.488716401466198,0.612,0.308,0,"20","ADGRL2"
0,1.94186170168077,0.352,0.048,0,"20","F3"
0,0.422314116457914,0.718,0.414,0,"20","SYNE1"
0,0.457809390376076,0.456,0.153,0,"20","SOX6"
0,1.33582392734832,0.394,0.092,0,"20","WLS"
0,0.270846738919325,0.785,0.483,0,"20","CHN1"
0,0.329740439871391,0.667,0.367,0,"20","DCLK1"
0,0.66796720224744,0.522,0.222,0,"20","ITSN1"
0,0.338290253581254,0.76,0.46,0,"20","TMEM161B-AS1"
0,0.288109900025743,0.703,0.403,0,"20","PBX1"
0,0.790663386706739,0.514,0.215,0,"20","FAM171B"
0,1.80538242853264,0.349,0.05,0,"20","FAM189A2"
0,0.700507742746383,0.969,0.67,0,"20","NPAS3"
0,0.381389200331657,0.932,0.635,0,"20","ADGRL3"
0,0.306491928999079,0.683,0.386,0,"20","PRKCB"
0,1.06453060930041,0.413,0.116,0,"20","TCF7L2"
0,0.299777705653285,0.657,0.361,0,"20","PTPRG"
0,0.313431996409747,0.624,0.329,0,"20","UNC5D"
0,0.844771779693194,0.446,0.152,0,"20","RHOBTB3"
0,0.462858651561957,0.639,0.345,0,"20","HS6ST3"
0,0.405030598366431,0.71,0.416,0,"20","FBXL17"
0,0.305284640391059,0.931,0.638,0,"20","KCNIP4"
0,0.413339145436427,0.449,0.156,0,"20","PON2"
0,0.323883027473817,0.635,0.342,0,"20","LINGO2"
0,0.547795914919844,0.96,0.667,0,"20","NTM"
0,0.434753400798536,0.649,0.357,0,"20","CACNA2D3"
0,1.47096187942955,0.365,0.073,0,"20","FAM107A"
0,0.52219098525405,0.487,0.195,0,"20","BCL2"
0,0.362471257754668,0.761,0.47,0,"20","MKLN1"
0,0.544397435986483,0.588,0.297,0,"20","TMEM108"
0,0.283169626619965,0.647,0.357,0,"20","SSBP2"
0,1.04806297905014,0.49,0.201,0,"20","AQP4-AS1"
0,0.729555625175124,0.507,0.219,0,"20","RORB"
0,0.350953932943384,0.618,0.33,0,"20","CNTN5"
0,0.337928527858772,0.635,0.348,0,"20","KCTD16"
0,0.317655137420519,0.732,0.445,0,"20","SIPA1L1"
0,1.44902750979353,0.364,0.078,0,"20","GRAMD1C"
0,0.400179973934656,0.625,0.339,0,"20","FAM19A2"
0,0.483523006647431,0.98,0.695,0,"20","LRP1B"
0,1.75726968772373,0.332,0.047,0,"20","ALDH1L1"
0,1.58067742538387,0.341,0.058,0,"20","AGT"
0,1.54530015507118,0.396,0.113,0,"20","AC016716.2"
0,0.692836324514971,0.538,0.256,0,"20","NR2F1-AS1"
0,1.33997310965077,0.356,0.074,0,"20","BCL6"
0,0.460387523652362,0.584,0.302,0,"20","MTUS2"
0,0.417648670257088,0.564,0.282,0,"20","MT3"
0,0.718585867887765,0.434,0.153,0,"20","C1orf61"
0,1.64447428347498,0.335,0.054,0,"20","SLC14A1"
0,1.46640825391375,0.381,0.102,0,"20","SHROOM3"
0,0.930732723469668,0.453,0.174,0,"20","CAMK2G"
0,0.339284795654329,0.572,0.293,0,"20","CADPS2"
0,0.476941159658322,0.554,0.277,0,"20","ST6GALNAC5"
0,1.67814329455914,0.325,0.048,0,"20","RGS20"
0,1.99409700101494,0.317,0.04,0,"20","SLCO1C1"
0,0.38027256083778,0.596,0.319,0,"20","CPEB4"
0,0.2720776349737,0.692,0.415,0,"20","GRIA4"
0,0.365148906323927,0.576,0.299,0,"20","TTC28"
0,0.992461914243424,0.422,0.146,0,"20","NAT8L"
0,0.282549821285353,0.624,0.348,0,"20","LDB2"
0,0.37338036867988,0.574,0.298,0,"20","CDH12"
0,0.278547301753242,0.616,0.34,0,"20","PCLO"
0,0.288601252155492,0.543,0.268,0,"20","BRINP3"
0,1.45786139190678,0.34,0.065,0,"20","GNA14"
0,0.749311391747612,0.503,0.228,0,"20","LMO3"
0,0.336926636121707,0.583,0.309,0,"20","REV3L"
0,0.412187248648633,0.583,0.309,0,"20","TMEM178B"
0,2.00662470272972,0.309,0.037,0,"20","PRDM16"
0,0.531276350492608,0.546,0.276,0,"20","TMEM232"
0,0.315855229272086,0.594,0.324,0,"20","AFF3"
0,0.562035754928206,0.521,0.252,0,"20","FAT3"
0,0.804867715040292,0.378,0.109,0,"20","MT1E"
0,0.330623801183019,0.603,0.334,0,"20","RIMS1"
0,0.286350623092592,0.61,0.341,0,"20","PPP1R9A"
0,0.359842057684504,0.598,0.33,0,"20","DGKB"
0,0.638734882519209,0.494,0.227,0,"20","TOX"
0,0.535347750580349,0.469,0.202,0,"20","GPR75-ASB3"
0,0.478341803719968,0.595,0.328,0,"20","DANT2"
0,0.371494183785021,0.568,0.302,0,"20","ZNF385B"
0,0.424984714218338,0.559,0.294,0,"20","GRIN1"
0,0.916793833224327,0.409,0.144,0,"20","ITM2C"
0,0.749463741323051,0.47,0.205,0,"20","TPST1"
0,0.763082459131505,0.494,0.229,0,"20","BRINP1"
0,0.455036472803998,0.588,0.323,0,"20","EHBP1"
0,0.867161859716008,0.467,0.203,0,"20","CTDSPL"
0,0.251476604212342,0.469,0.205,0,"20","LIFR"
0,0.489867000885634,0.479,0.216,0,"20","LHFPL6"
0,1.4913893354626,0.336,0.075,0,"20","KCNN3"
0,0.261863110916113,0.579,0.318,0,"20","CPEB3"
0,0.449397799895761,0.474,0.214,0,"20","LRP4"
0,0.306808645697464,0.534,0.274,0,"20","ADD3"
0,0.869159272070925,0.417,0.158,0,"20","ACADVL"
0,0.359201062646231,0.475,0.216,0,"20","GAREM1"
0,0.598931837986589,0.497,0.239,0,"20","MEF2C-AS1"
0,0.429027340190306,0.815,0.557,0,"20","MT-ND1"
0,0.311606946554521,0.572,0.315,0,"20","GRIN2B"
0,0.302029902772969,0.595,0.338,0,"20","TTTY14"
0,1.54087244658511,0.324,0.068,0,"20","SLC6A11"
0,1.20819344816662,0.369,0.113,0,"20","LGI1"
0,0.903195125894156,0.426,0.17,0,"20","FARP1"
0,0.389315122612475,0.564,0.308,0,"20","SPTBN4"
0,0.564323551246622,0.507,0.252,0,"20","GALNTL6"
0,1.43489374042647,0.328,0.073,0,"20","MIR4300HG"
0,0.317365545578347,0.493,0.238,0,"20","ARHGAP5"
0,0.26612546014595,0.56,0.306,0,"20","ASAP1"
0,0.328729944365625,0.493,0.239,0,"20","FOXO3"
0,0.920917097332251,0.417,0.163,0,"20","GALNT18"
0,1.74504556205082,0.296,0.042,0,"20","SDC4"
0,0.304636608399318,0.571,0.317,0,"20","NELL2"
0,0.273766782617811,0.599,0.346,0,"20","SLC4A10"
0,0.552361851624806,0.525,0.272,0,"20","OSBPL6"
0,0.737801952973913,0.388,0.136,0,"20","GLUD1"
0,0.815337709369972,0.364,0.112,0,"20","LINC00511"
0,0.567074247273174,0.494,0.242,0,"20","NEDD4L"
0,1.12819713849056,0.324,0.073,0,"20","GPR37L1"
0,1.70120059766678,0.316,0.066,0,"20","LRRC3B"
0,0.374870698636463,0.521,0.271,0,"20","GALNT17"
0,0.34756071902751,0.526,0.276,0,"20","BICD1"
0,1.14105028108518,0.349,0.099,0,"20","MFHAS1"
0,1.89449704629698,0.288,0.038,0,"20","SLC39A12"
0,1.65150184326211,0.301,0.052,0,"20","PAMR1"
0,1.24797291531483,0.315,0.066,0,"20","ACSS1"
0,0.393006769030626,0.521,0.273,0,"20","ESRRG"
0,1.61242576426746,0.3,0.053,0,"20","TGFB2"
0,1.09088387581591,0.333,0.087,0,"20","MTSS1L"
0,1.35824699821451,0.295,0.049,0,"20","IGFBP7"
0,0.863804779536869,0.381,0.135,0,"20","THSD7A"
0,0.39224554686294,0.368,0.122,0,"20","ZFHX4"
0,0.548821069788859,0.519,0.274,0,"20","ARHGEF12"
0,1.5675990877583,0.3,0.055,0,"20","ACSS3"
0,0.31815918748442,0.548,0.304,0,"20","SYN2"
0,0.258452423483101,0.558,0.314,0,"20","MYO9A"
0,0.701836407505557,0.382,0.138,0,"20","HSPB1"
0,0.439923440054762,0.518,0.274,0,"20","ARNT2"
0,0.282095705845611,0.531,0.289,0,"20","ASIC2"
0,0.48175791365423,0.533,0.291,0,"20","CDH2"
0,0.469138152263681,0.452,0.21,0,"20","BSG"
0,1.19313871485055,0.347,0.105,0,"20","CDHR3"
0,0.432450636315496,0.495,0.254,0,"20","RUNX1T1"
0,1.5567250391882,0.286,0.045,0,"20","EMX2"
0,0.421522451789842,0.519,0.278,0,"20","SYN3"
0,0.326424880611801,0.514,0.274,0,"20","CERS6"
0,0.4816749079567,0.514,0.274,0,"20","ATP2B2"
0,0.34471321074005,0.494,0.254,0,"20","FAM19A1"
0,0.500276627890029,0.466,0.227,0,"20","ASTN1"
0,0.615421725313054,0.434,0.196,0,"20","ATP2B4"
0,0.374041336412526,0.495,0.257,0,"20","DENND1A"
0,0.709823762242243,0.412,0.174,0,"20","SIRPA"
0,1.05417783174267,0.356,0.119,0,"20","LGI4"
0,0.387916127606746,0.923,0.686,0,"20","MT-CO1"
0,0.253294870960014,0.558,0.322,0,"20","CSRNP3"
0,0.273836098907323,0.547,0.311,0,"20","GABRB3"
0,0.653848043937181,0.465,0.229,0,"20","CAMK2B"
0,0.254433452017082,0.55,0.315,0,"20","IDS"
0,1.67354325095735,0.275,0.04,0,"20","EFEMP1"
0,0.447757975344135,0.452,0.217,0,"20","PRKD1"
0,1.52441052861501,0.28,0.046,0,"20","STON2"
0,1.18344787999429,0.345,0.111,0,"20","FAM184A"
0,0.535220720248073,0.402,0.169,0,"20","BCKDHB"
0,0.531049258973303,0.43,0.197,0,"20","ABR"
0,0.512508525377991,0.461,0.229,0,"20","ITPR1"
0,0.738527790010663,0.369,0.137,0,"20","LRP1"
0,0.490709526770183,0.432,0.2,0,"20","NUMB"
0,0.927413032516084,0.345,0.114,0,"20","PALLD"
0,0.273157609397901,0.515,0.285,0,"20","SORBS2"
0,1.49257945541719,0.278,0.048,0,"20","STK33"
0,0.32269821267714,0.546,0.316,0,"20","MKL2"
0,0.794371217565724,0.34,0.111,0,"20","GPD2"
0,0.294507032709653,0.461,0.232,0,"20","SRRM2"
0,0.895116182497271,0.359,0.13,0,"20","TRAK1"
0,0.253920280245699,0.483,0.254,0,"20","FAM171A1"
0,0.797855594851272,0.352,0.123,0,"20","FAM182B"
0,0.323026602924014,0.461,0.233,0,"20","SESN1"
0,0.406842466002437,0.491,0.263,0,"20","PPM1L"
0,0.264905122796284,0.506,0.278,0,"20","PKM"
0,0.310635800677999,0.522,0.295,0,"20","GRIA1"
0,0.524987621638614,0.336,0.109,0,"20","FOXO1"
0,0.569002967494433,0.44,0.213,0,"20","NOL4"
0,0.321790646232363,0.478,0.251,0,"20","HDAC8"
0,0.510264161297835,0.41,0.184,0,"20","JARID2"
0,0.252913878426436,0.483,0.257,0,"20","ZEB1"
0,1.29762059403549,0.295,0.07,0,"20","ACOT11"
0,0.312032519790564,0.486,0.261,0,"20","NR3C2"
0,0.646638663499066,0.364,0.139,0,"20","BMPR1A"
0,0.71427504695086,0.336,0.112,0,"20","RAMP1"
0,0.616711016576039,0.401,0.177,0,"20","REPS1"
0,0.345860349071089,0.519,0.295,0,"20","PAK3"
0,0.884976182582598,0.329,0.105,0,"20","LGR4"
0,0.306150376441757,0.467,0.243,0,"20","SORL1"
0,1.0741476377398,0.316,0.092,0,"20","ECHDC2"
0,0.707543358234521,0.38,0.156,0,"20","ABI1"
0,1.73790472413026,0.264,0.04,0,"20","EYA2"
0,1.25826934208936,0.305,0.081,0,"20","AC002429.2"
0,1.05547265711971,0.288,0.065,0,"20","NPL"
0,0.328664785071572,0.923,0.701,0,"20","MT-ATP6"
0,1.40533890116801,0.276,0.054,0,"20","ARHGEF26"
0,0.276556477157735,0.43,0.208,0,"20","RBMX"
0,0.32061989156337,0.502,0.28,0,"20","KCNH7"
0,0.761066615075206,0.999,0.777,0,"20","LSAMP"
0,0.958902066815728,0.304,0.082,0,"20","PCSK5"
0,0.481943833216391,0.459,0.238,0,"20","CAMK2A"
0,0.331559573118321,0.456,0.235,0,"20","GLCCI1"
0,1.16281923077658,0.275,0.054,0,"20","AC027117.2"
0,0.33280965156434,0.421,0.2,0,"20","CEP85L"
0,0.272146591229955,0.352,0.131,0,"20","HEPN1"
0,1.54208193343606,0.27,0.05,0,"20","ADGRA3"
0,1.48900633063637,0.275,0.055,0,"20","ITGA7"
0,1.332954280587,0.279,0.059,0,"20","RGMA"
0,0.350150250871798,0.45,0.23,0,"20","RGL1"
0,0.744854582510303,0.369,0.149,0,"20","LPIN1"
0,0.475422810414428,0.424,0.204,0,"20","PACS1"
0,0.332134819774857,0.489,0.269,0,"20","INPP4B"
0,1.1967907938657,0.283,0.063,0,"20","EGFR"
0,0.536956917803592,0.393,0.174,0,"20","NT5C2"
0,0.938040953652854,0.313,0.094,0,"20","PFKFB3"
0,1.23739168473301,0.284,0.065,0,"20","ATP13A4"
0,0.308131252706671,0.469,0.25,0,"20","CELF1"
0,1.09343125046216,0.287,0.068,0,"20","ADGRG1"
0,0.609178374617882,0.437,0.219,0,"20","EPHA4"
0,0.403915854677447,0.445,0.227,0,"20","WDR60"
0,0.318718257136847,0.449,0.231,0,"20","FAM168A"
0,0.589947590878561,0.414,0.196,0,"20","CHD5"
0,0.339907688141157,0.478,0.26,0,"20","CDH10"
0,1.08702829008765,0.321,0.104,0,"20","DNAH7"
0,0.668154019205121,0.402,0.185,0,"20","FZD3"
0,1.92017377826188,0.263,0.047,0,"20","CHI3L1"
0,1.40160684828064,0.278,0.062,0,"20","MCC"
0,0.256720425314366,0.522,0.306,0,"20","SNAP91"
0,0.903148859509036,0.335,0.119,0,"20","PLEC"
0,0.316196896547166,0.489,0.273,0,"20","DENND5B"
0,0.281016219010804,0.869,0.653,0,"20","MT-CYB"
0,0.258056820812021,0.458,0.243,0,"20","CHD6"
0,0.463610152293599,0.43,0.215,0,"20","TENM4"
0,0.273937384371632,0.498,0.284,0,"20","TMEM132B"
0,1.42597074830611,0.258,0.044,0,"20","ITGB4"
0,1.03739973028803,0.319,0.106,0,"20","CNTNAP3B"
0,0.273704101303643,0.535,0.322,0,"20","RBFOX2"
0,0.802376045759354,0.361,0.148,0,"20","PDE3B"
0,1.60077439702834,0.264,0.052,0,"20","LINC01748"
0,0.591897582674369,0.405,0.193,0,"20","CLIP1"
0,0.715974586360273,0.364,0.152,0,"20","GABBR1"
0,0.624210225545542,0.363,0.151,0,"20","TEAD1"
0,0.708215997940397,0.307,0.095,0,"20","RASSF8"
0,1.53904253003098,0.25,0.038,0,"20","COLEC12"
0,1.14709540576209,0.299,0.087,0,"20","OLFM2"
0,0.323043277436267,0.473,0.261,0,"20","SRGAP3"
0,1.46910770116058,0.282,0.07,0,"20","PTCHD1"
0,0.562071692026991,0.42,0.209,0,"20","VPS13A"
0,1.44181255685404,0.286,0.075,0,"20","MRAS"
0,0.491048386558747,0.304,0.094,0,"20","PLXNB1"
0,0.444850062189057,0.418,0.208,0,"20","NLGN4X"
0,0.835460525799928,0.303,0.093,0,"20","GAN"
0,0.719035243710509,0.373,0.164,0,"20","C1orf21"
0,1.09776045851659,0.299,0.09,0,"20","AC012404.1"
0,0.372036203606366,0.418,0.209,0,"20","SPIRE1"
0,0.57766071627639,0.372,0.163,0,"20","RALGAPA2"
0,0.342983066678214,0.487,0.278,0,"20","GABBR2"
0,0.449116237881752,0.452,0.244,0,"20","SPTAN1"
0,0.31993991787197,0.396,0.188,0,"20","ELP4"
0,0.353236667427649,0.458,0.25,0,"20","KIAA1549L"
0,0.262748180413307,0.493,0.286,0,"20","DNM1"
0,0.851113885312481,0.332,0.126,0,"20","EPHB1"
0,0.737566380887153,0.286,0.08,0,"20","PDLIM5"
0,0.427328105815931,0.397,0.192,0,"20","CMIP"
0,1.3753825560361,0.27,0.066,0,"20","ANKDD1A"
0,1.1671314112691,0.284,0.08,0,"20","WWC1"
0,0.262808268959084,0.453,0.25,0,"20","SLC25A12"
0,1.08232151309044,0.276,0.073,0,"20","SYT17"
0,1.00444880949035,0.291,0.088,0,"20","ADCY8"
0,0.43657677422182,0.369,0.167,0,"20","PTPRM"
0,1.45667391685572,0.254,0.054,0,"20","VAV3"
0,0.399025060629556,0.444,0.244,0,"20","KCNJ3"
0,1.12271338791926,0.274,0.074,0,"20","PLOD2"
0,0.507303761579846,0.398,0.198,0,"20","DYNC2H1"
0,0.398890890326002,0.369,0.169,0,"20","EHMT1"
0,0.47665371430471,0.364,0.164,0,"20","CHD2"
0,0.349662635233043,0.985,0.785,0,"20","ADGRB3"
0,0.507406943495056,0.316,0.117,0,"20","FGD4"
0,0.464883471532913,0.418,0.219,0,"20","ST7"
0,0.607246219431119,0.331,0.133,0,"20","AP002336.2"
0,0.321447010993947,0.417,0.219,0,"20","RNPC3"
0,0.883878711994175,0.29,0.092,0,"20","B4GALNT4"
0,0.509395097007286,0.38,0.183,0,"20","EFR3A"
0,0.502163161463295,0.388,0.191,0,"20","KLF12"
0,0.428904130526648,0.425,0.228,0,"20","AC092683.1"
0,0.635815794084577,0.287,0.09,0,"20","TBL1X"
0,0.402950396827674,0.381,0.185,0,"20","VGLL4"
0,1.1414257719511,0.256,0.06,0,"20","YAP1"
0,0.712489580951307,0.296,0.1,0,"20","SLC25A29"
0,0.990120118373555,0.331,0.136,0,"20","NPAS2"
0,0.307623110328812,0.327,0.132,0,"20","ITGAV"
0,0.859310302481699,0.296,0.101,0,"20","CDH4"
0,0.615649258849045,0.384,0.19,0,"20","WDR17"
0,0.359525109469289,0.386,0.192,0,"20","SLC20A2"
0,0.302535233593747,0.44,0.246,0,"20","CABP1"
0,0.743752767066841,0.309,0.115,0,"20","CYB5B"
0,0.823578988933426,0.339,0.146,0,"20","KIAA0319"
0,0.39025086378136,0.405,0.212,0,"20","NPTN"
0,0.549658153726618,0.367,0.174,0,"20","KCND3"
0,0.284007524906121,0.436,0.243,0,"20","SCN8A"
0,0.299016007279446,0.426,0.233,0,"20","KIF21A"
0,0.658994032315456,0.357,0.164,0,"20","CEP112"
0,0.453559593816029,0.367,0.175,0,"20","RNF19A"
0,0.254435225173459,0.384,0.192,0,"20","NMT1"
0,0.321720236765438,0.438,0.247,0,"20","GUCY1A2"
0,0.286501041194061,0.438,0.247,0,"20","SORCS1"
0,0.371268030373042,0.428,0.237,0,"20","KSR2"
0,0.537149934865867,0.319,0.128,0,"20","IRS2"
0,0.875775198523215,0.25,0.059,0,"20","ZFP36L1"
0,0.80485689461401,0.268,0.077,0,"20","MT1X"
0,0.282337217642203,0.425,0.234,0,"20","ACAP2"
0,0.468485392868578,0.409,0.218,0,"20","POU6F2"
0,1.08040766418654,0.291,0.1,0,"20","APC2"
0,0.257067156334102,0.438,0.248,0,"20","VWA8"
0,0.456411294118567,0.332,0.144,0,"20","AFF1"
0,0.93715444073088,0.301,0.113,0,"20","INTU"
0,0.565622899035067,0.339,0.152,0,"20","BAALC"
0,0.508461669494713,0.335,0.148,0,"20","FAM19A5"
0,0.41499455089887,0.389,0.202,0,"20","ZFYVE28"
0,0.548583479378774,0.313,0.126,0,"20","ZMAT1"
0,1.13568131415324,0.26,0.073,0,"20","NRP1"
0,0.360719471539186,0.417,0.23,0,"20","SATB2"
0,0.285872775382108,0.331,0.145,0,"20","CD81"
0,0.694561893767714,0.276,0.091,0,"20","TPCN1"
0,0.454578183480302,0.388,0.203,0,"20","MAGI3"
0,1.27546785118406,0.267,0.082,0,"20","IQCA1"
0,0.476246216014801,0.404,0.22,0,"20","SLC17A7"
0,0.463843136146216,0.363,0.179,0,"20","TLK1"
0,0.266873590107081,0.304,0.12,0,"20","SLC6A1"
0,0.742116593128841,0.327,0.144,0,"20","TMTC1"
0,0.261877011914527,0.436,0.253,0,"20","ABI2"
0,0.605210113121482,0.36,0.177,0,"20","JPH4"
0,0.625891967400857,0.364,0.181,0,"20","CBLN2"
0,0.397604848405495,0.369,0.187,0,"20","FSTL4"
0,0.347447577227314,0.357,0.175,0,"20","TAB2"
0,0.335187043001819,0.924,0.743,0,"20","MT-ND4"
0,0.43591159058751,0.371,0.19,0,"20","FAM13A"
0,0.876793882850714,0.254,0.073,0,"20","MYO10"
0,0.75864638216845,0.292,0.111,0,"20","SCG3"
0,0.774310821369208,0.319,0.139,0,"20","CPNE8"
0,0.32453443458793,0.392,0.213,0,"20","KCNB2"
0,0.269680095956203,0.351,0.172,0,"20","GMDS-DT"
0,0.295403738105019,0.396,0.218,0,"20","PAM"
0,0.270722617732567,0.352,0.174,0,"20","ZSWIM5"
0,0.423163085655444,0.382,0.205,0,"20","EML6"
0,0.942585623410139,0.266,0.089,0,"20","OGFRL1"
0,0.378066220588719,0.365,0.188,0,"20","DAPK1"
0,0.429205893852006,0.344,0.167,0,"20","GOLGB1"
0,0.424101609360417,0.348,0.171,0,"20","SDK1"
0,0.789781083491837,0.278,0.102,0,"20","WASF3"
0,0.669976673635669,0.323,0.147,0,"20","ANO5"
0,0.256993986777821,0.388,0.212,0,"20","KAT6B"
0,0.438164813636409,0.266,0.09,0,"20","METTL7A"
0,0.44524321067621,0.254,0.078,0,"20","KCNJ10"
0,0.512055088784361,0.377,0.201,0,"20","CAMK4"
0,0.383524768967461,0.347,0.171,0,"20","ZNF804A"
0,0.448695551540358,0.276,0.101,0,"20","BMP2K"
0,0.548536345898388,0.352,0.177,0,"20","CALN1"
0,0.256798822665826,0.398,0.224,0,"20","SCMH1"
0,0.969334837027144,0.26,0.087,0,"20","MAOB"
0,0.327821312532801,0.398,0.225,0,"20","PCSK2"
0,0.53815334208095,0.353,0.18,0,"20","SEPT11"
0,0.420345690341994,0.312,0.139,0,"20","PPFIA1"
0,0.800400741712467,0.296,0.123,0,"20","TMEM241"
0,0.288130096550508,0.323,0.152,0,"20","HMBOX1"
0,0.469551967626324,0.336,0.165,0,"20","ST8SIA1"
0,0.835036758844033,0.258,0.087,0,"20","PALM"
0,0.351587287251549,0.303,0.134,0,"20","ARID1A"
0,0.42931292489995,0.956,0.787,0,"20","MT-CO3"
0,0.521917268365656,0.332,0.164,0,"20","PTK2B"
0,0.296248246329351,0.386,0.218,0,"20","NELL1"
0,0.490610675605239,0.348,0.18,0,"20","TTN-AS1"
0,0.467560922030424,0.355,0.187,0,"20","DGKZ"
0,0.636303099580908,0.275,0.108,0,"20","DHRSX"
0,0.420052561794239,0.305,0.138,0,"20","ENO1"
0,0.688738630395381,0.284,0.117,0,"20","BICC1"
0,0.684661088628199,0.284,0.117,0,"20","PTPN9"
0,0.353876092872519,0.378,0.212,0,"20","AMPH"
0,0.282210790501963,0.349,0.183,0,"20","UGP2"
0,0.525796660433388,0.356,0.19,0,"20","PHYHIP"
0,0.334282823607477,0.355,0.19,0,"20","ICA1L"
0,0.99647143883195,0.25,0.085,0,"20","MGLL"
0,0.828858913604369,0.297,0.132,0,"20","MPP6"
0,0.316823180987128,0.355,0.19,0,"20","MOSMO"
0,0.45739704267683,0.34,0.176,0,"20","MIR137HG"
0,0.326396574208144,0.296,0.132,0,"20","EFCAB2"
0,0.461067537055207,0.355,0.191,0,"20","AC011287.1"
0,0.649990199358939,0.254,0.091,0,"20","UTRN"
0,0.327366778865925,0.32,0.158,0,"20","SH3BGRL"
0,0.329647786984813,0.353,0.191,0,"20","DCAF6"
0,0.500084299351458,0.333,0.172,0,"20","PRICKLE2"
0,0.31461796059402,0.341,0.18,0,"20","NDRG4"
0,0.735210749981954,0.276,0.115,0,"20","TIMP3"
0,0.296443352999007,0.297,0.136,0,"20","ETV6"
0,0.364154872469026,0.369,0.209,0,"20","ENC1"
0,0.263144898561885,0.388,0.228,0,"20","GABRG2"
0,0.404201996903852,0.325,0.165,0,"20","MLIP"
0,0.497316387666078,0.323,0.163,0,"20","SESN3"
0,0.291845322555905,0.356,0.196,0,"20","CYFIP2"
0,0.462869073342119,0.344,0.184,0,"20","SYBU"
0,0.45719462803647,0.287,0.128,0,"20","STIM2"
0,0.321408042784353,0.361,0.202,0,"20","PKD1"
0,0.297405319869071,0.352,0.193,0,"20","HYDIN"
0,0.460785732953583,0.329,0.171,0,"20","NDST3"
0,0.437478780358031,0.313,0.155,0,"20","CTIF"
0,0.31246014465337,0.386,0.229,0,"20","OLFM1"
0,0.848363177314902,0.251,0.094,0,"20","NSMF"
0,0.750955158513173,0.283,0.126,0,"20","FHOD3"
0,0.882179789293438,0.264,0.108,0,"20","ARMC2"
0,0.570460264407353,0.312,0.156,0,"20","GRM1"
0,0.749152913810892,0.256,0.1,0,"20","AC245060.5"
0,0.327625086224474,0.283,0.127,0,"20","PER3"
0,0.505135393891841,0.275,0.12,0,"20","TSC22D2"
0,0.687659711350304,0.264,0.109,0,"20","B4GALT5"
0,0.350972132611235,0.272,0.117,0,"20","TMEM184B"
0,0.64021700853426,0.305,0.15,0,"20","WNK2"
0,0.434093964963027,0.299,0.144,0,"20","HACD3"
0,0.790268716781985,0.28,0.126,0,"20","PLXNA2"
0,0.439593314482193,0.336,0.182,0,"20","CDH9"
0,0.435449481735719,0.336,0.182,0,"20","BMPER"
0,0.415599978436389,0.331,0.177,0,"20","SRRM3"
0,0.448484125330474,0.28,0.126,0,"20","MT-ND4L"
0,0.31963146831953,0.311,0.157,0,"20","NISCH"
0,0.250118238697886,0.32,0.166,0,"20","KAT2A"
0,0.730713742723998,0.284,0.13,0,"20","WIPF2"
0,0.3444864477585,0.258,0.105,0,"20","FNDC3B"
0,0.679956159456502,0.276,0.123,0,"20","GRAMD1B"
0,0.489699225338073,0.26,0.107,0,"20","SYMPK"
0,0.253386875697425,0.317,0.164,0,"20","ABHD2"
0,0.368093781143963,0.327,0.175,0,"20","AP001825.1"
0,0.353724242860959,0.359,0.207,0,"20","PPP2R2C"
0,0.257408599329311,0.356,0.204,0,"20","CIT"
0,0.53090381093445,0.297,0.145,0,"20","RNF24"
0,0.381704546493852,0.259,0.108,0,"20","SPRED2"
0,0.46602912143663,0.32,0.169,0,"20","LONRF2"
0,0.361457521379761,0.356,0.205,0,"20","KCTD1"
0,0.321002307859887,0.328,0.178,0,"20","NME7"
0,0.392630039603191,0.275,0.125,0,"20","CRIM1"
0,0.587884175384504,0.299,0.149,0,"20","SNED1"
0,0.375389432052242,0.309,0.159,0,"20","PCDH11X"
0,0.415888547698608,0.321,0.171,0,"20","GRK3"
0,0.503037082812349,0.267,0.118,0,"20","RHEB"
0,0.34671134619696,0.317,0.168,0,"20","ZNF804B"
0,0.428219886834303,0.297,0.148,0,"20","ADCY9"
0,0.251307091282257,0.292,0.143,0,"20","RBBP6"
0,0.279819468458585,0.327,0.179,0,"20","LRRFIP1"
0,0.475576729999111,0.28,0.132,0,"20","NUDT3"
0,0.281225773087336,0.343,0.195,0,"20","PRICKLE1"
0,0.607711933974906,0.28,0.132,0,"20","ACTN1"
0,0.480366899600612,0.271,0.123,0,"20","QTRT1"
0,0.426910861975773,0.316,0.168,0,"20","AL117329.1"
0,0.302963878052605,0.278,0.131,0,"20","MTHFD1L"
0,0.388627930354931,0.297,0.15,0,"20","TSPYL2"
0,0.303777813129335,0.316,0.169,0,"20","KCNB1"
0,0.516261695308936,0.305,0.158,0,"20","TSHZ2"
0,0.650392434936978,0.25,0.104,0,"20","ID2"
0,0.487671378879623,0.321,0.175,0,"20","ANKRD30BL"
0,0.65461385554376,0.258,0.112,0,"20","MAN1A1"
0,0.544398409272481,0.282,0.136,0,"20","PKIA"
0,0.276633284396944,0.254,0.109,0,"20","AK3"
0,0.310195193732761,0.324,0.179,0,"20","PPP3CB"
0,0.340635255606742,0.321,0.176,0,"20","SUGP2"
0,0.29363691498119,0.304,0.159,0,"20","TTC7B"
0,0.351119793305792,0.323,0.179,0,"20","INPP4A"
0,0.500084686006748,0.259,0.115,0,"20","SUN1"
0,0.453297605739234,0.297,0.153,0,"20","IRAK1BP1"
0,0.518070568394706,0.26,0.117,0,"20","NRG2"
0,0.31320055303395,0.315,0.172,0,"20","CEP126"
0,0.259989139785487,0.307,0.164,0,"20","LARP1B"
0,0.421590660055521,0.278,0.136,0,"20","SSX2IP"
0,0.341350626479089,0.279,0.137,0,"20","ARHGEF11"
0,0.251361702347627,0.272,0.13,0,"20","NFIC"
0,0.406252795796413,0.263,0.121,0,"20","SAFB2"
0,0.401894350380862,0.309,0.167,0,"20","PATJ"
0,0.307762722340581,0.305,0.163,0,"20","PACRG"
0,0.371917284930497,0.324,0.183,0,"20","CACNA1E"
0,0.282390951812095,0.252,0.111,0,"20","KLF7"
0,0.675290013252597,0.258,0.117,0,"20","LRRN3"
0,0.292053880241995,0.267,0.126,0,"20","PIK3C2A"
0,0.437708223624925,0.271,0.13,0,"20","MTMR3"
0,0.457159643538871,0.291,0.15,0,"20","BRINP2"
0,0.501038332247066,0.287,0.146,0,"20","NRXN2"
0,0.312934939217203,0.303,0.162,0,"20","INPP5F"
0,0.293312687307749,0.278,0.138,0,"20","XPR1"
0,0.576622674073562,0.254,0.114,0,"20","AKAP12"
0,0.422315915325264,0.286,0.146,0,"20","MYEF2"
0,0.613630650623025,0.272,0.133,0,"20","TTC39C"
0,0.505404538300445,0.287,0.148,0,"20","KCNQ2"
0,0.256649710806839,0.27,0.133,0,"20","AC097103.2"
0,0.378052029616227,0.266,0.13,0,"20","PDXK"
0,0.358593137448558,0.297,0.161,0,"20","ENSA"
0,0.347398259366668,0.297,0.161,0,"20","GFOD1"
0,0.436958597672601,0.256,0.121,0,"20","EFR3B"
0,0.436206729292158,0.251,0.116,0,"20","GRINA"
0,0.470828816273755,0.262,0.127,0,"20","DPP7"
0,0.377271724996121,0.258,0.123,0,"20","CDIP1"
0,0.37224165833078,0.291,0.156,0,"20","HTR1E"
0,0.273737502675539,0.308,0.174,0,"20","TARBP1"
0,0.339792181503113,0.282,0.148,0,"20","CCDC30"
0,0.373701485424184,0.267,0.134,0,"20","IFT172"
0,0.288799806300577,0.292,0.159,0,"20","USP11"
0,0.3744993183541,0.303,0.17,0,"20","MIAT"
0,0.553800298150783,0.258,0.126,0,"20","UPP2"
0,0.406316565458593,0.27,0.14,0,"20","LINC01378"
0,0.31289123359337,0.284,0.154,0,"20","CCDC92"
0,0.387104251399665,0.271,0.142,0,"20","ITGA9"
0,0.341384355097322,0.267,0.138,0,"20","FAM66D"
0,0.315421146694183,0.293,0.164,0,"20","KIAA1211L"
0,0.273349174687107,0.288,0.159,0,"20","ARHGEF9"
0,0.451103622755189,0.26,0.132,0,"20","ISPD"
0,0.325865066936195,0.275,0.148,0,"20","MIPOL1"
0,0.378598446628645,0.286,0.16,0,"20","LINC01250"
0,0.429891015394484,0.267,0.142,0,"20","ME1"
0,0.268063418504322,0.278,0.154,0,"20","ATXN7L1"
0,0.31505454930449,0.268,0.144,0,"20","RAD9A"
0,0.264559129055155,0.252,0.128,0,"20","AC096711.2"
0,0.41855159919682,0.255,0.136,0,"20","NIPAL2"
0,0.417953169898153,0.26,0.143,0,"20","LY86-AS1"
0,0.257819488800821,0.251,0.134,0,"20","ANO10"
0,0.311429546250088,0.25,0.135,0,"20","MPPED2"
0,0.276485528317437,0.251,0.137,0,"20","ZC2HC1A"
2.22044604925031e-16,0.30459925376016,0.305,0.176,5.79580827775317e-12,"20","LINC00599"
2.22044604925031e-16,0.290298783501984,0.27,0.151,5.79580827775317e-12,"20","CCDC171"
2.22044604925031e-16,0.250075644057673,0.252,0.138,5.79580827775317e-12,"20","PNMA2"
4.44089209850063e-16,0.259677424712794,0.292,0.168,1.15916165555063e-11,"20","CCDC85A"
6.66133814775094e-16,0.33236891170774,0.296,0.173,1.73874248332595e-11,"20","NETO1"
6.66133814775094e-16,0.295555137200757,0.279,0.159,1.73874248332595e-11,"20","SYN1"
6.66133814775094e-16,0.372037756043574,0.255,0.144,1.73874248332595e-11,"20","LIN7A"
8.88178419700125e-16,0.3039566895014,0.275,0.156,2.31832331110127e-11,"20","BCL11A"
8.88178419700125e-16,0.289461357970461,0.262,0.147,2.31832331110127e-11,"20","CLSTN3"
1.33226762955019e-15,0.303878031202377,0.316,0.187,3.4774849666519e-11,"20","ARHGAP44"
2.22044604925031e-15,0.286074293937989,0.297,0.174,5.79580827775317e-11,"20","PTPRO"
2.44249065417534e-15,0.326269451086241,0.255,0.144,6.37538910552848e-11,"20","PKNOX2"
2.66453525910038e-15,0.33351394126411,0.274,0.157,6.9549699333038e-11,"20","RAP1GAP2"
9.32587340685131e-15,0.289837159944369,0.274,0.159,2.43423947665633e-10,"20","PRKAR2B"
4.08562073062058e-14,0.33569107868812,0.255,0.148,1.06642872310658e-09,"20","FAM135B"
4.39648317751562e-14,0.258752126996261,0.276,0.162,1.14757003899513e-09,"20","STXBP5-AS1"
7.72715225139109e-14,0.267275998663011,0.258,0.149,2.0169412806581e-09,"20","TESPA1"
4.83613149526718e-13,0.295362093207744,0.256,0.151,1.26232704289464e-08,"20","BASP1-AS1"
0,2.83948608955917,0.968,0.123,0,"21","LHFPL3"
0,2.52321748513209,0.956,0.162,0,"21","PCDH15"
0,2.59795897923624,0.841,0.095,0,"21","VCAN"
0,2.1303078287265,0.926,0.183,0,"21","PTPRZ1"
0,2.56473632459156,0.947,0.222,0,"21","TNR"
0,2.26875049073619,0.805,0.131,0,"21","LUZP2"
0,2.08266160147983,0.823,0.196,0,"21","CA10"
0,3.17660577511528,0.658,0.038,0,"21","AC004852.2"
0,1.8458836518899,0.767,0.153,0,"21","SOX6"
0,2.49001441733288,0.684,0.09,0,"21","SEMA5A"
0,1.3930351514493,0.959,0.372,0,"21","GRID2"
0,1.81067197409456,0.906,0.323,0,"21","MMP16"
0,2.15002353345623,0.749,0.166,0,"21","XYLT1"
0,1.82687331982566,0.699,0.117,0,"21","NXPH1"
0,1.56746314636425,0.735,0.156,0,"21","GRIK1"
0,2.37278264689667,0.646,0.069,0,"21","SMOC1"
0,1.4816385437395,0.897,0.321,0,"21","PDZD2"
0,1.97808506772911,0.678,0.124,0,"21","TMEM132C"
0,1.95809815620431,0.985,0.433,0,"21","DSCAM"
0,1.44941950222467,0.808,0.264,0,"21","GALNT13"
0,1.49072374003877,0.923,0.384,0,"21","KCND2"
0,1.60849058051297,0.779,0.241,0,"21","DGKG"
0,1.28043424368023,0.776,0.244,0,"21","EPN2"
0,1.44247748449947,0.861,0.331,0,"21","SLC35F1"
0,1.72401891471895,0.678,0.148,0,"21","CHST11"
0,0.912862748844613,0.737,0.212,0,"21","ADARB2"
0,1.2714376228326,0.785,0.262,0,"21","DCC"
0,1.45539365155458,0.826,0.306,0,"21","ZFPM2"
0,1.15044008008054,0.897,0.387,0,"21","GRM7"
0,1.87537185677783,0.622,0.112,0,"21","LINC00511"
0,1.25243048454969,0.858,0.351,0,"21","CNTNAP5"
0,1.75743103083773,0.994,0.487,0,"21","LRRC4C"
0,1.14167740205688,0.956,0.449,0,"21","MDGA2"
0,1.83604390065447,0.649,0.147,0,"21","KCNMB2-AS1"
0,1.19642347788616,0.938,0.438,0,"21","CSMD3"
0,1.17814572543122,0.947,0.448,0,"21","NRCAM"
0,1.09776559959076,0.973,0.475,0,"21","SNTG1"
0,1.17937083932469,0.844,0.349,0,"21","DAB1"
0,1.25179162334038,0.72,0.229,0,"21","SGCZ"
0,2.8778979398942,0.537,0.048,0,"21","MEGF11"
0,1.03986456832888,0.965,0.477,0,"21","FGF12"
0,1.69503948385921,0.699,0.211,0,"21","SEZ6L"
0,1.38966601385172,0.755,0.268,0,"21","BRINP3"
0,0.985547568210509,0.832,0.346,0,"21","HS6ST3"
0,1.17440119676474,0.847,0.362,0,"21","PTPRG"
0,0.970470771592486,0.879,0.394,0,"21","GRIK2"
0,1.31720422982803,0.962,0.479,0,"21","DPP6"
0,0.968548040420049,0.929,0.449,0,"21","ATRNL1"
0,1.40360479944378,0.796,0.32,0,"21","CHL1"
0,0.911031769722053,0.9,0.429,0,"21","PCDH7"
0,1.31960488417088,0.681,0.217,0,"21","OPHN1"
0,0.814849209239251,0.891,0.428,0,"21","GRM5"
0,1.21704237694404,0.997,0.537,0,"21","FGF14"
0,0.845323660664834,0.758,0.299,0,"21","NAV1"
0,0.859115200179715,0.796,0.339,0,"21","FAM19A2"
0,0.78519256329801,0.696,0.239,0,"21","MAML2"
0,1.1307449179132,0.891,0.435,0,"21","NOVA1"
0,1.21041653157105,0.711,0.257,0,"21","ZEB1"
0,0.736439103264319,0.625,0.171,0,"21","PARD3"
0,1.22167584207724,0.988,0.536,0,"21","OPCML"
0,1.12892894419951,0.743,0.292,0,"21","SCN1A"
0,0.6231553437672,0.903,0.458,0,"21","RIMS2"
0,1.03023034354317,0.74,0.295,0,"21","TMEM132D"
0,1.03796399298947,0.684,0.24,0,"21","KIAA1217"
0,0.526262630871142,0.891,0.453,0,"21","STXBP5L"
0,0.830924439250075,0.855,0.418,0,"21","MAP2"
0,1.17768886035591,0.746,0.309,0,"21","NLGN4Y"
0,0.629120941092974,0.897,0.461,0,"21","RGS7"
0,1.07192881782351,0.74,0.306,0,"21","ASAP1"
0,0.960775070196045,0.59,0.156,0,"21","OLIG1"
0,0.67948915819274,0.853,0.421,0,"21","SLC8A1"
0,0.838712149207297,0.847,0.415,0,"21","GRIA4"
0,1.07462339095096,0.997,0.566,0,"21","LRRTM4"
0,0.783723354725788,0.909,0.481,0,"21","CNTN1"
0,0.65499572262126,0.855,0.431,0,"21","KCNMA1"
0,0.571635226780165,0.947,0.525,0,"21","PLCB1"
0,1.75202355443418,0.516,0.095,0,"21","ALK"
0,0.925148149317799,0.729,0.308,0,"21","KIF13A"
0,1.24610384306626,0.622,0.201,0,"21","GPC6"
0,0.709530755427891,0.971,0.552,0,"21","DLGAP1"
0,0.739402307484534,0.938,0.521,0,"21","KAZN"
0,0.501498225663715,0.829,0.413,0,"21","KHDRBS2"
0,0.52379008417348,0.853,0.439,0,"21","CCSER1"
0,0.756601109728072,0.746,0.332,0,"21","PRKCA"
0,1.2438037523074,0.622,0.209,0,"21","NLGN4X"
0,0.601483121490163,0.785,0.374,0,"21","SCD5"
0,0.785643842938836,0.817,0.406,0,"21","TANC2"
0,0.802228002220328,0.714,0.305,0,"21","SGCD"
0,1.11646154171175,0.575,0.166,0,"21","KAT2B"
0,0.47028705988136,0.67,0.263,0,"21","APOD"
0,0.833134494374522,0.735,0.328,0,"21","CACNA1A"
0,1.71733350524516,0.531,0.126,0,"21","AL445250.1"
0,0.886167468513115,0.776,0.371,0,"21","NAV2"
0,0.464214516667091,0.844,0.439,0,"21","SOX5"
0,1.04445605314261,0.658,0.254,0,"21","FAM19A1"
0,0.539561456942136,0.785,0.382,0,"21","FRMPD4"
0,0.755017413110318,0.755,0.353,0,"21","ARPP21"
0,1.06876241333649,0.997,0.595,0,"21","CSMD1"
0,0.703576821608197,0.764,0.362,0,"21","LRFN5"
0,1.36327832298626,0.605,0.203,0,"21","CSMD2"
0,1.1398643202761,0.658,0.257,0,"21","SHISA9"
0,1.28708946704802,0.605,0.205,0,"21","LINC01322"
0,0.330889391239793,0.841,0.443,0,"21","KCNQ5"
0,0.530203537012912,0.941,0.543,0,"21","NEGR1"
0,1.23786515160815,0.649,0.252,0,"21","XKR4"
0,0.767252121256227,0.991,0.596,0,"21","FAM155A"
0,0.568913146172606,0.864,0.472,0,"21","AC092691.1"
0,0.68546418619433,0.912,0.522,0,"21","GRIA2"
0,0.434540646467398,0.808,0.419,0,"21","AGBL4"
0,0.413351200655593,0.658,0.269,0,"21","CST3"
0,0.597846210817189,0.737,0.349,0,"21","KHDRBS3"
0,1.88727350890122,0.463,0.075,0,"21","SLC24A3"
0,1.166532866497,0.64,0.253,0,"21","ZDHHC14"
0,0.592199132800478,0.761,0.378,0,"21","ASTN2"
0,0.445446595427695,0.906,0.523,0,"21","FRMD4A"
0,0.888361776013775,0.699,0.316,0,"21","GRIA3"
0,0.650558567925658,0.74,0.358,0,"21","CACNA2D3"
0,1.0137563003766,0.593,0.211,0,"21","PDZRN4"
0,0.475283249927971,0.788,0.407,0,"21","ROBO2"
0,0.833279461958833,0.737,0.358,0,"21","NTRK3"
0,0.598933552429938,0.755,0.377,0,"21","CADPS"
0,0.348729030602419,0.811,0.434,0,"21","RALYL"
0,1.9697597882787,0.466,0.09,0,"21","BCAN"
0,0.587844597602319,0.761,0.385,0,"21","ATP2B1"
0,1.56093530369116,0.484,0.109,0,"21","COL11A1"
0,0.758538879948838,0.676,0.303,0,"21","HECW1"
0,0.643214780554817,0.914,0.541,0,"21","ERBB4"
0,1.53379368813569,0.501,0.128,0,"21","PID1"
0,0.527618201445767,0.9,0.527,0,"21","AGAP1"
0,0.302656835010334,0.85,0.477,0,"21","TENM2"
0,0.950824901221841,0.67,0.298,0,"21","TMEM108"
0,0.646130347293108,0.92,0.548,0,"21","LRRC7"
0,0.596380499655027,0.732,0.36,0,"21","ERC2"
0,0.374222453121454,0.929,0.56,0,"21","RORA"
0,0.776740754691398,0.752,0.384,0,"21","TRIO"
0,0.516461582736574,0.717,0.349,0,"21","KCTD16"
0,0.509226576773531,0.844,0.476,0,"21","MACROD2"
0,0.886710458513905,0.652,0.285,0,"21","TMEM132B"
0,0.612303870174696,0.758,0.391,0,"21","THRB"
0,0.924915984801824,0.628,0.262,0,"21","RAPGEF4"
0,1.40975216443797,0.484,0.119,0,"21","NTNG1"
0,1.04669769852355,0.611,0.246,0,"21","SCN3A"
0,0.601702360008965,0.634,0.27,0,"21","PEAK1"
0,0.439526360681781,0.596,0.233,0,"21","HIP1"
0,0.782959284253888,0.684,0.322,0,"21","CSRNP3"
0,0.626392282066297,0.581,0.219,0,"21","DNER"
0,1.05814179678692,0.608,0.247,0,"21","SORCS1"
0,0.399276699210677,0.971,0.61,0,"21","RBFOX1"
0,0.537641817115596,0.687,0.327,0,"21","DGKI"
0,0.564002808898142,0.723,0.363,0,"21","CACNA1C"
0,0.516235871799034,0.596,0.236,0,"21","ITPR2"
0,0.803927745752154,0.617,0.257,0,"21","CDH13"
0,0.543576015577292,0.699,0.341,0,"21","PPP1R9A"
0,0.531310986366748,0.696,0.338,0,"21","NSF"
0,0.712375872455285,0.681,0.324,0,"21","AFF3"
0,0.726395603892649,0.667,0.31,0,"21","TMEM178B"
0,0.757751010629994,0.779,0.422,0,"21","TRIM9"
0,0.716543466933755,0.994,0.638,0,"21","KCNIP4"
0,0.6247431352559,0.909,0.553,0,"21","DMD"
0,0.511838580971695,0.699,0.343,0,"21","LINGO2"
0,0.365817879329358,0.602,0.248,0,"21","AL589740.1"
0,0.765226430086442,1,0.647,0,"21","NRXN1"
0,0.852758132014415,0.575,0.223,0,"21","CSGALNACT1"
0,0.453377327950902,0.705,0.353,0,"21","FLRT2"
0,1.31491964260518,0.516,0.164,0,"21","ABHD2"
0,0.597770515174191,0.661,0.31,0,"21","REV3L"
0,0.547329001105709,0.678,0.33,0,"21","DGKB"
0,0.842932970972038,0.608,0.26,0,"21","CDH10"
0,0.751661453329139,0.51,0.162,0,"21","SAMD4A"
0,0.572247943037757,0.676,0.33,0,"21","PIK3R1"
0,0.603372021507149,0.619,0.273,0,"21","ESRRG"
0,0.550424721273979,0.693,0.347,0,"21","SLC4A10"
0,1.0357852255351,0.578,0.232,0,"21","NCALD"
0,1.23423100832461,0.537,0.192,0,"21","KLF12"
0,0.409082775371822,0.74,0.395,0,"21","PLEKHA5"
0,0.510503722509624,0.673,0.33,0,"21","TNKS"
0,0.530641520621689,0.808,0.465,0,"21","NBEA"
0,0.410768141887944,0.729,0.387,0,"21","PRKCB"
0,0.749598771638427,0.637,0.297,0,"21","SLC2A13"
0,0.511166567726855,0.802,0.463,0,"21","NCOA1"
0,0.453990190637516,0.684,0.347,0,"21","MYT1L"
0,0.375400539466042,0.926,0.589,0,"21","NAV3"
0,0.898203823495415,0.973,0.636,0,"21","ADGRL3"
0,0.416539438597208,0.782,0.446,0,"21","R3HDM1"
0,0.690998644457535,0.643,0.307,0,"21","SNAP91"
0,0.565523724953697,0.652,0.316,0,"21","GRIN2B"
0,1.63889610625621,0.425,0.089,0,"21","KIF26B"
0,1.35644268467584,0.472,0.136,0,"21","TNK2"
0,0.627227941171305,0.673,0.338,0,"21","TTTY14"
0,0.787771243230307,0.625,0.292,0,"21","XKR6"
0,1.03148288549691,0.454,0.121,0,"21","PLPPR1"
0,0.457245610728358,0.873,0.54,0,"21","JMJD1C"
0,1.19183156733986,0.46,0.128,0,"21","ZNF462"
0,0.587584508105728,0.622,0.29,0,"21","ASIC2"
0,0.741220776856541,0.611,0.279,0,"21","UNC80"
0,1.12694582768547,0.531,0.2,0,"21","CNTN3"
0,1.40168799504426,0.466,0.135,0,"21","MPPED2"
0,1.04835301198488,0.991,0.66,0,"21","NLGN1"
0,0.341409872095492,0.696,0.366,0,"21","DLGAP2"
0,0.359368038088844,0.782,0.454,0,"21","SMYD3"
0,0.51663541326271,0.649,0.321,0,"21","SPIDR"
0,0.381593775666786,0.74,0.412,0,"21","MYCBP2"
0,0.570173190256294,0.661,0.334,0,"21","RIMS1"
0,2.92754775649898,0.348,0.022,0,"21","COL9A1"
0,0.407711120677026,0.985,0.659,0,"21","CNTNAP2"
0,0.365381583400129,0.581,0.256,0,"21","LPP"
0,0.642836512479675,0.625,0.301,0,"21","CDK14"
0,0.415811488634187,0.767,0.443,0,"21","TTC3"
0,0.384888240469854,0.667,0.344,0,"21","CHRM3"
0,0.455632945013775,0.805,0.483,0,"21","MBD5"
0,0.35782544287972,0.67,0.348,0,"21","LDB2"
0,1.11773309324317,0.504,0.183,0,"21","RNF150"
0,3.12712020407223,0.339,0.019,0,"21","FERMT1"
0,1.62119783468541,0.416,0.096,0,"21","FAM110B"
0,0.653864500082904,0.593,0.274,0,"21","CERS6"
0,0.562435333694655,0.472,0.153,0,"21","NKAIN3"
0,0.489285241735569,0.664,0.346,0,"21","CDH18"
0,0.324648028999354,0.676,0.358,0,"21","GABRB2"
0,0.433186664401556,0.64,0.323,0,"21","CNTN4"
0,0.827527224449215,0.422,0.105,0,"21","HIF3A"
0,1.08443432878064,0.487,0.17,0,"21","CASK"
0,0.492346222676941,0.655,0.339,0,"21","CACNA1B"
0,0.597949834788751,0.431,0.115,0,"21","LRMDA"
0,1.40581819817344,0.41,0.094,0,"21","MYO16"
0,0.801062612422363,0.525,0.211,0,"21","DIAPH2"
0,0.911059467395057,0.51,0.196,0,"21","ATP2B4"
0,0.526826061782594,0.625,0.311,0,"21","SETD5"
0,2.63964873502871,0.339,0.026,0,"21","STK32A"
0,0.407086468942395,0.652,0.339,0,"21","CAMK1D"
0,2.73678485549513,0.342,0.029,0,"21","LINC02588"
0,0.509799669571846,0.608,0.296,0,"21","PAK3"
0,0.569009944441611,0.643,0.331,0,"21","CNTN5"
0,0.741628946100666,0.519,0.208,0,"21","TIAM1"
0,1.4055891793414,0.448,0.137,0,"21","SHC3"
0,0.994179899648389,0.472,0.162,0,"21","USP24"
0,1.05636314120391,0.481,0.171,0,"21","ZNF804A"
0,1.06125463760901,0.451,0.142,0,"21","IPO9-AS1"
0,0.591986051823438,0.549,0.24,0,"21","CTTNBP2"
0,1.72187709666533,0.378,0.069,0,"21","KCNIP1"
0,1.23074887536447,0.41,0.101,0,"21","LDLRAD3"
0,0.744301337687908,0.587,0.278,0,"21","SYN3"
0,0.537247870960062,0.56,0.252,0,"21","GALNTL6"
0,0.333580268345519,0.655,0.347,0,"21","UNC79"
0,0.288852181448905,0.631,0.323,0,"21","NFIB"
0,0.581742697999057,0.593,0.286,0,"21","SORBS2"
0,2.20875591246328,0.348,0.041,0,"21","PLPP4"
0,0.435341842397763,0.617,0.311,0,"21","GABRB3"
0,0.273259092318927,0.67,0.365,0,"21","ROBO1"
0,0.333162556195646,0.678,0.374,0,"21","SGIP1"
0,0.722257631258646,0.558,0.255,0,"21","RUNX1T1"
0,0.607651205584092,0.59,0.287,0,"21","FRY"
0,0.294767563810833,0.971,0.668,0,"21","NTM"
0,0.610829821678888,0.578,0.275,0,"21","ARNT2"
0,1.35252419600091,0.44,0.138,0,"21","SORCS3"
0,0.270299317871382,0.499,0.197,0,"21","HTRA1"
0,1.1187073152844,0.475,0.173,0,"21","MEG8"
0,0.657174958443944,0.519,0.218,0,"21","PRKD1"
0,0.483161491940864,0.605,0.305,0,"21","SYN2"
0,0.570956914663302,0.56,0.261,0,"21","NR3C2"
0,0.849439836936482,0.994,0.696,0,"21","LRP1B"
0,0.432572404499334,0.628,0.33,0,"21","UNC5D"
0,0.93971048731735,0.504,0.207,0,"21","SLC44A5"
0,0.495682195984199,0.596,0.299,0,"21","CDH12"
0,1.35436313146186,0.354,0.058,0,"21","DISC1"
0,0.908331804245651,0.522,0.228,0,"21","ASTN1"
0,0.515183951252969,0.602,0.308,0,"21","SCN2A"
0,0.469874325793753,0.587,0.293,0,"21","RGS6"
0,0.792935398218396,0.528,0.235,0,"21","GLCCI1"
0,0.943484768027982,0.481,0.188,0,"21","DOK6"
0,0.445491918797021,0.652,0.36,0,"21","MSRA"
0,1.06156067323484,0.428,0.136,0,"21","THSD7A"
0,0.367874658523212,0.584,0.293,0,"21","RPS6KA2"
0,1.00332728866475,0.428,0.137,0,"21","LRP1"
0,0.51994788523867,0.578,0.288,0,"21","MCTP1"
0,0.563241871576449,0.513,0.224,0,"21","SCMH1"
0,0.366167891075319,0.528,0.239,0,"21","DSCAML1"
0,0.60517891756083,0.552,0.264,0,"21","EPHA6"
0,0.540958969561764,0.587,0.299,0,"21","GDAP1"
0,0.369690468879579,0.566,0.278,0,"21","FYN"
0,0.366012920818693,0.596,0.309,0,"21","ADGRL2"
0,0.387231545671172,0.628,0.341,0,"21","PCLO"
0,0.567764428288736,0.513,0.228,0,"21","TOX"
0,0.388861239659628,0.605,0.32,0,"21","CPEB4"
0,0.664333784583678,0.501,0.218,0,"21","POU6F2"
0,0.519223082049331,0.611,0.328,0,"21","DANT2"
0,0.478713317915462,0.608,0.325,0,"21","LARGE1"
0,1.61321557360578,0.389,0.107,0,"21","LRRK2"
0,0.433142959697199,0.596,0.314,0,"21","CHSY3"
0,0.583894170039086,0.569,0.287,0,"21","PTPRN2"
0,0.293045187482011,0.487,0.206,0,"21","PTPRJ"
0,2.50050000923776,0.313,0.032,0,"21","SULF2"
0,0.897814112085422,0.44,0.16,0,"21","PTPRE"
0,0.456285384541668,0.625,0.345,0,"21","TSC22D1"
0,0.732349724233379,0.445,0.166,0,"21","ZNF385D"
0,1.6912011419558,0.336,0.057,0,"21","CCDC50"
0,0.414079013315424,0.578,0.299,0,"21","SOBP"
0,0.313458906727587,0.575,0.296,0,"21","HDAC9"
0,0.427758060872206,0.973,0.695,0,"21","ANKS1B"
0,0.414194092081671,0.546,0.27,0,"21","NCOA2"
0,0.913650001162214,0.454,0.179,0,"21","LRRFIP1"
0,0.4396521634745,0.528,0.253,0,"21","UBA6-AS1"
0,0.668257584947732,0.522,0.247,0,"21","GUCY1A2"
0,2.11276276686198,0.327,0.052,0,"21","GSG1L"
0,0.30047832807488,0.578,0.303,0,"21","MTUS2"
0,0.762751008950037,0.431,0.157,0,"21","MTSS1"
0,0.50301245597273,0.555,0.281,0,"21","PTPRT"
0,0.328182465855476,0.587,0.313,0,"21","MLLT3"
0,0.799448086280501,0.463,0.19,0,"21","FAM13A"
0,0.253825708032092,0.437,0.164,0,"21","ATP10B"
0,0.358780566406565,0.419,0.146,0,"21","ZHX2"
0,0.335799230200403,0.578,0.305,0,"21","ERC1"
0,1.09417292714542,0.437,0.165,0,"21","C1orf21"
0,1.31674010621564,0.369,0.097,0,"21","TENM1"
0,0.721559169580452,0.416,0.145,0,"21","ZFHX3"
0,1.24688209772397,0.348,0.077,0,"21","RAB31"
0,0.427127825357636,0.56,0.29,0,"21","HCN1"
0,0.250619606972634,0.531,0.261,0,"21","ANKRD28"
0,1.01971524725367,0.378,0.108,0,"21","RIN2"
0,0.486139380813136,0.566,0.296,0,"21","GRIA1"
0,0.859865920743908,0.457,0.189,0,"21","AC090568.2"
0,0.638759888789022,0.437,0.171,0,"21","KCNQ1OT1"
0,0.517050524220692,0.552,0.287,0,"21","GRIP1"
0,0.505263703556103,0.543,0.278,0,"21","GABBR2"
0,0.629405408622284,0.493,0.229,0,"21","PPM1E"
0,1.28886519346924,0.357,0.094,0,"21","SCRG1"
0,0.452212083006902,0.572,0.309,0,"21","SPTBN4"
0,0.719439982558052,0.481,0.219,0,"21","NELL1"
0,1.65673015099239,0.322,0.061,0,"21","UST"
0,2.87555052487549,0.28,0.019,0,"21","GPNMB"
0,1.44738723240599,0.333,0.073,0,"21","ADAMTS17"
0,1.06074203962972,0.413,0.154,0,"21","KCNT2"
0,0.71404677221047,0.46,0.201,0,"21","CACNA1D"
0,0.441341323017088,0.578,0.319,0,"21","ATP8A2"
0,2.51033924841977,0.295,0.037,0,"21","MIR3681HG"
0,0.382736066588855,0.499,0.241,0,"21","SLC22A17"
0,0.492336616337606,0.499,0.244,0,"21","KCNJ3"
0,1.87248640271637,0.327,0.072,0,"21","SLC1A1"
0,1.21671766533048,0.36,0.106,0,"21","MARCKS"
0,0.389406881244453,0.422,0.169,0,"21","SERINC5"
0,0.455938316540756,0.504,0.251,0,"21","CELF1"
0,0.697803905108433,0.49,0.237,0,"21","KSR2"
0,0.535372724835455,0.478,0.226,0,"21","TRAF3IP2-AS1"
0,1.86874189291881,0.301,0.049,0,"21","ITGA8"
0,0.395948380350175,0.528,0.276,0,"21","ZMYND8"
0,0.331711435838431,0.442,0.191,0,"21","FIGN"
0,1.66053147979083,0.31,0.059,0,"21","SEMA3E"
0,0.803507919585247,0.451,0.2,0,"21","SYT16"
0,0.3564141304964,0.434,0.184,0,"21","ARHGEF4"
0,0.556686191107903,0.501,0.251,0,"21","SLC25A12"
0,1.41308081838016,0.333,0.083,0,"21","LRRN1"
0,0.347356944477354,0.516,0.267,0,"21","LINC00461"
0,0.391271463479759,0.496,0.247,0,"21","CHCHD3"
0,0.444651976344321,0.543,0.295,0,"21","GRIN1"
0,0.639834569478434,0.466,0.218,0,"21","PAM"
0,0.338626459522976,0.496,0.248,0,"21","VWA8"
0,1.73598347438838,0.316,0.071,0,"21","IL1RAP"
0,0.556826563122384,0.475,0.23,0,"21","BRINP1"
0,0.442575556295066,0.501,0.257,0,"21","BMPR2"
0,0.528664707070293,0.472,0.228,0,"21","WDR60"
0,0.73736308072713,0.41,0.166,0,"21","ST8SIA1"
0,0.740731354840729,0.395,0.153,0,"21","BAALC"
0,0.487044805109153,0.345,0.104,0,"21","CHD7"
0,0.598406390033501,0.348,0.108,0,"21","TANC1"
0,1.48906208975072,0.289,0.049,0,"21","ARHGAP42"
0,0.686579101157399,0.401,0.162,0,"21","PDE7B"
0,0.422657391799526,0.507,0.269,0,"21","ADK"
0,0.667360254789263,0.451,0.214,0,"21","NOL4"
0,1.00123535693491,0.363,0.126,0,"21","RNF180"
0,0.915422679863073,0.395,0.159,0,"21","PCDH11X"
0,0.784158331717665,0.404,0.168,0,"21","LY6H"
0,1.12396140471552,0.301,0.065,0,"21","ATP13A4"
0,0.42546275386321,0.469,0.233,0,"21","ADAM22"
0,0.393314619921693,0.454,0.219,0,"21","RFX7"
0,1.74389524483982,0.286,0.055,0,"21","AFAP1"
0,0.282909441783151,0.401,0.171,0,"21","SLC6A1-AS1"
0,0.542919674368696,0.401,0.171,0,"21","SCFD2"
0,0.356377841351613,0.46,0.23,0,"21","MAP3K5"
0,0.554144151968396,0.401,0.172,0,"21","SDK1"
0,0.356370705969825,0.381,0.152,0,"21","PLD5"
0,0.440477607092946,0.457,0.228,0,"21","GABRG2"
0,0.459755655456467,0.442,0.214,0,"21","KIF3A"
0,0.498672110913021,0.475,0.247,0,"21","CABP1"
0,0.543457606581864,0.448,0.221,0,"21","LINC01122"
0,0.731891943981165,0.339,0.113,0,"21","RAMP1"
0,1.36509003489732,0.304,0.078,0,"21","SHISA6"
0,0.420380545989965,0.457,0.232,0,"21","ATP1A1"
0,0.607973553431418,0.401,0.177,0,"21","MAGED1"
0,0.576101449626239,0.428,0.204,0,"21","CIT"
0,1.52233315990848,0.307,0.083,0,"21","VWC2"
0,1.13412451597955,0.283,0.06,0,"21","ARHGAP31"
0,0.499539396175564,0.413,0.19,0,"21","ZDHHC21"
0,0.425922361981774,0.431,0.21,0,"21","APBA1"
0,0.462524240890422,0.416,0.195,0,"21","FAM135A"
0,0.77953153886996,0.398,0.178,0,"21","MARK1"
0,1.11984409891698,0.336,0.116,0,"21","GNPTAB"
0,0.423936566447507,0.448,0.228,0,"21","OSBPL8"
0,0.724168481694951,0.333,0.114,0,"21","SERPINE2"
0,0.53482160956869,0.434,0.215,0,"21","SNAP25-AS1"
0,0.40765513228417,0.416,0.197,0,"21","C16orf45"
0,1.27860007602647,0.28,0.062,0,"21","GAD1"
0,0.382605063670173,0.419,0.201,0,"21","ZMYM4"
0,0.348812023212911,0.425,0.208,0,"21","BTRC"
0,0.464396225226925,0.354,0.137,0,"21","CRB1"
0,1.2502533725934,0.271,0.055,0,"21","OLIG2"
0,0.602131987654743,0.381,0.165,0,"21","MTA3"
0,0.755584759392056,0.369,0.153,0,"21","EPHA5"
0,0.485879047770104,0.437,0.221,0,"21","TLN2"
0,1.53710976172996,0.274,0.059,0,"21","MPZL1"
0,1.62439167807802,0.26,0.045,0,"21","RAB3IP"
0,0.262252217787284,0.422,0.207,0,"21","KCNAB1"
0,0.757252134426193,0.41,0.195,0,"21","PRICKLE1"
0,0.439182450133182,0.44,0.226,0,"21","SLIT2"
0,0.359051809895059,0.991,0.778,0,"21","LSAMP"
0,0.603016894570517,0.375,0.163,0,"21","PLCL2"
0,1.23156712187966,0.257,0.046,0,"21","APCDD1"
0,0.525101254034637,0.369,0.158,0,"21","KIZ"
0,0.540407508874694,0.413,0.203,0,"21","MAGI3"
0,0.458871204767027,0.994,0.786,0,"21","ADGRB3"
0,0.43275521411376,0.404,0.197,0,"21","CHD5"
0,1.11506919699947,0.322,0.115,0,"21","SUSD4"
0,1.12420718369043,0.28,0.073,0,"21","KIAA1211"
0,0.819673951342614,0.295,0.088,0,"21","MTSS1L"
0,0.578643157640587,0.413,0.207,0,"21","NMNAT2"
0,0.802012897620936,0.301,0.097,0,"21","ADAMTS9-AS2"
0,0.416849805675278,0.375,0.172,0,"21","KIF9-AS1"
0,0.828679025310636,0.381,0.178,0,"21","JPH4"
0,0.749152016545794,0.336,0.133,0,"21","PCDH11Y"
0,0.75325970176913,0.348,0.145,0,"21","NSG2"
0,0.688776358777365,0.369,0.166,0,"21","GMDS"
0,0.258320027579108,0.324,0.122,0,"21","HIP1R"
0,1.41586556830242,0.254,0.053,0,"21","PRRX1"
0,0.662824404870796,0.395,0.194,0,"21","ZMAT4"
0,1.22861117498496,0.268,0.068,0,"21","TMEM163"
0,0.737526151755066,0.375,0.175,0,"21","PTPRO"
0,0.573300669380726,0.381,0.182,0,"21","CDH9"
0,1.34996128842937,0.26,0.061,0,"21","FGFR1"
0,0.607428728605934,0.375,0.176,0,"21","AP001825.1"
0,0.956347968097729,0.257,0.058,0,"21","AL392023.2"
0,0.59044206958205,0.313,0.115,0,"21","PALLD"
0,0.755725273953795,0.348,0.15,0,"21","BRINP2"
0,0.430492966957084,0.354,0.157,0,"21","ARMC8"
0,0.415582465536322,0.363,0.166,0,"21","ERCC6L2"
0,0.566184979094565,0.283,0.086,0,"21","ZCCHC24"
0,0.64965754182126,0.327,0.131,0,"21","TRAK1"
0,0.264887436350485,0.366,0.17,0,"21","KANTR"
0,0.603777076738699,0.363,0.167,0,"21","TOP1"
0,0.500765268295645,0.357,0.162,0,"21","KLHDC10"
0,0.646118447092476,0.372,0.178,0,"21","CALN1"
0,1.15773074281628,0.277,0.083,0,"21","TMOD1"
0,0.701256709351609,0.375,0.181,0,"21","CBLN2"
0,0.564285729926906,0.316,0.123,0,"21","SENP7"
0,0.692479869018007,0.324,0.131,0,"21","KLHL7"
0,1.06626715076416,0.263,0.07,0,"21","LIMA1"
0,0.301748280987538,0.363,0.17,0,"21","MCPH1"
0,0.425033075125079,0.342,0.15,0,"21","SPRED1"
0,0.771557695713807,0.336,0.144,0,"21","ADGRL1"
0,0.633306022769295,0.383,0.191,0,"21","AC011287.1"
0,0.734676702355916,0.322,0.13,0,"21","RIC3"
0,0.406169476648548,0.342,0.151,0,"21","HLCS"
0,0.887814627175142,0.301,0.11,0,"21","PLCB4"
0,0.882883041402159,0.289,0.099,0,"21","IGSF21"
0,0.564016124391712,0.277,0.088,0,"21","AC233296.1"
0,0.786535606631313,0.268,0.079,0,"21","GRAMD1C"
0,0.493737375212835,0.348,0.159,0,"21","SH3BGRL"
0,0.571720615422662,0.33,0.142,0,"21","ITGA9"
0,0.96435675671084,0.304,0.116,0,"21","PLPPR4"
0,0.520844450910351,0.304,0.117,0,"21","TCF7L2"
0,0.844737001782848,0.33,0.144,0,"21","DPY19L2"
0,0.734847366947186,0.304,0.118,0,"21","NAALAD2"
0,0.684220371125776,0.286,0.1,0,"21","GRIK4"
0,1.24279852978874,0.271,0.086,0,"21","AC010127.1"
0,0.359671710297986,0.336,0.151,0,"21","ZNF131"
0,0.723029259316972,0.357,0.172,0,"21","CEP126"
0,1.15333372155805,0.265,0.08,0,"21","CREM"
0,0.828417471792728,0.31,0.126,0,"21","UPP2"
0,1.00841738979901,0.295,0.111,0,"21","DIRC3"
0,0.379365440343438,0.274,0.091,0,"21","ST6GAL1"
0,0.884582741487765,0.304,0.122,0,"21","CLVS1"
0,1.12200739687554,0.268,0.087,0,"21","B4GALT6"
0,0.644299076727983,0.301,0.12,0,"21","CUX2"
0,0.808992357678041,0.304,0.124,0,"21","EML5"
0,0.713155438166207,0.327,0.149,0,"21","KCNQ2"
0,0.84502659329172,0.295,0.117,0,"21","NRG2"
0,0.863827169109874,0.292,0.114,0,"21","AKAP12"
0,0.63817756146417,0.316,0.138,0,"21","SLC38A1"
0,0.816778368885025,0.274,0.097,0,"21","GNAL"
0,0.477309753152324,0.322,0.145,0,"21","RNF24"
0,0.82126269570826,0.313,0.136,0,"21","GLRB"
0,0.57479385035783,0.295,0.118,0,"21","RNF157"
0,0.716516990816775,0.292,0.116,0,"21","TIMP3"
0,0.895359997825106,0.268,0.093,0,"21","ADGRB1"
0,0.579264754524577,0.316,0.142,0,"21","ME1"
0,0.720843947522155,0.322,0.148,0,"21","MIPOL1"
0,0.995879500201437,0.268,0.095,0,"21","PDGFC"
0,0.551476352134853,0.319,0.146,0,"21","NRXN2"
0,0.751587360259674,0.295,0.122,0,"21","ZMAT3"
0,0.598975827975902,0.301,0.128,0,"21","RIC8B"
0,1.26350154293263,0.26,0.088,0,"21","PLPPR5"
0,0.274641086732891,0.263,0.091,0,"21","WIPF1"
0,0.410113744067692,0.295,0.123,0,"21","ZNF438"
0,1.1723002918016,0.263,0.092,0,"21","LINC00937"
0,0.864898279524355,0.298,0.127,0,"21","EPHB1"
0,0.787078178038751,0.298,0.127,0,"21","FHOD3"
0,0.343635902541153,0.304,0.133,0,"21","SIPA1L3"
0,0.46627975762699,0.251,0.081,0,"21","PDLIM5"
0,0.638446999131882,0.295,0.126,0,"21","CBWD5"
0,0.433527078990997,0.283,0.115,0,"21","SLC25A27"
0,0.395129558630616,0.298,0.131,0,"21","MTHFD1L"
0,0.64518825216221,0.289,0.122,0,"21","FAR2"
0,0.429113727887982,0.286,0.12,0,"21","ANKAR"
0,0.487308969515461,0.277,0.112,0,"21","GPD2"
0,0.75483654837333,0.26,0.095,0,"21","PIP5K1B"
0,0.830164449648479,0.271,0.107,0,"21","LHFPL4"
0,0.97420088691752,0.271,0.107,0,"21","ABAT"
0,0.51652545125103,0.265,0.101,0,"21","CCDC146"
0,0.718666947677859,0.289,0.125,0,"21","TRERF1"
0,0.609952571020683,0.268,0.105,0,"21","PGAP1"
0,0.804599501663879,0.286,0.124,0,"21","GRAMD1B"
0,0.721752683931935,0.263,0.102,0,"21","STIM1"
0,0.630729730919491,0.289,0.128,0,"21","AC096711.2"
0,0.621486032428856,0.286,0.125,0,"21","DLGAP4"
0,0.603137531014643,0.268,0.108,0,"21","RGS12"
0,0.887512875318421,0.28,0.12,0,"21","LRFN2"
0,0.768247182382591,0.263,0.105,0,"21","RALGPS2"
0,0.914485300512469,0.271,0.114,0,"21","SLITRK4"
0,0.671054646282997,0.254,0.097,0,"21","ERO1B"
0,0.817932512696137,0.271,0.115,0,"21","NEXMIF"
0,0.291314324848249,0.263,0.107,0,"21","LINC01572"
0,0.775030541654067,0.251,0.096,0,"21","PPARGC1A"
0,0.597320954899875,0.265,0.112,0,"21","TSPAN3"
0,0.659197345478488,0.257,0.105,0,"21","GOLM1"
0,0.978418742158289,0.254,0.104,0,"21","DZIP1"
0,0.967269996739623,0.251,0.106,0,"21","RGS7BP"
2.22044604925031e-16,0.276774988367424,0.802,0.445,5.79580827775317e-12,"21","OXR1"
2.22044604925031e-16,0.343106679168674,0.938,0.584,5.79580827775317e-12,"21","PDE4D"
2.22044604925031e-16,0.319422811922523,0.755,0.438,5.79580827775317e-12,"21","PDE4DIP"
2.22044604925031e-16,0.435638256140087,0.581,0.315,5.79580827775317e-12,"21","CNKSR2"
2.22044604925031e-16,0.321217619616979,0.56,0.3,5.79580827775317e-12,"21","TTC28"
2.22044604925031e-16,0.251044857362431,0.537,0.286,5.79580827775317e-12,"21","KCTD8"
2.22044604925031e-16,0.398915019410989,0.522,0.279,5.79580827775317e-12,"21","PPP1R12A"
2.22044604925031e-16,0.293524895275181,0.493,0.255,5.79580827775317e-12,"21","PHF21A"
2.22044604925031e-16,0.347478778482445,0.516,0.279,5.79580827775317e-12,"21","CAMSAP2"
2.22044604925031e-16,0.363068394980781,0.493,0.263,5.79580827775317e-12,"21","KCNC2"
2.22044604925031e-16,0.372049718448344,0.469,0.242,5.79580827775317e-12,"21","SETBP1"
2.22044604925031e-16,0.449583504644362,0.44,0.223,5.79580827775317e-12,"21","TSPAN7"
2.22044604925031e-16,0.508982873432554,0.442,0.232,5.79580827775317e-12,"21","PCNX2"
2.22044604925031e-16,0.361508172760824,0.389,0.189,5.79580827775317e-12,"21","PPP2R5E"
2.22044604925031e-16,0.264718483005781,0.366,0.174,5.79580827775317e-12,"21","CNOT4"
2.22044604925031e-16,0.522963071159755,0.36,0.174,5.79580827775317e-12,"21","USP25"
2.22044604925031e-16,0.453562644174495,0.345,0.164,5.79580827775317e-12,"21","YAF2"
2.22044604925031e-16,0.549029261121134,0.333,0.159,5.79580827775317e-12,"21","ARHGEF9"
2.22044604925031e-16,0.426310246726685,0.322,0.148,5.79580827775317e-12,"21","PIGN"
2.22044604925031e-16,0.491215935742863,0.327,0.154,5.79580827775317e-12,"21","RAB3C"
2.22044604925031e-16,0.462177419573061,0.319,0.147,5.79580827775317e-12,"21","ACAP3"
2.22044604925031e-16,0.324139543536872,0.307,0.139,5.79580827775317e-12,"21","ANKS1A"
2.22044604925031e-16,0.484829559484617,0.298,0.134,5.79580827775317e-12,"21","AP001347.1"
2.22044604925031e-16,0.555550988942351,0.251,0.106,5.79580827775317e-12,"21","LRCH1"
4.44089209850063e-16,0.376908546465371,0.832,0.502,1.15916165555063e-11,"21","PPFIA2"
4.44089209850063e-16,0.294722408298274,0.764,0.442,1.15916165555063e-11,"21","IQCJ-SCHIP1"
4.44089209850063e-16,0.299819463241646,0.593,0.328,1.15916165555063e-11,"21","TNRC6C"
4.44089209850063e-16,0.412689429823857,0.51,0.273,1.15916165555063e-11,"21","OSBPL6"
4.44089209850063e-16,0.33663408498559,0.481,0.251,1.15916165555063e-11,"21","CAMK2D"
4.44089209850063e-16,0.367153003889636,0.434,0.221,1.15916165555063e-11,"21","NBAS"
4.44089209850063e-16,0.30773093465392,0.428,0.218,1.15916165555063e-11,"21","ACBD6"
4.44089209850063e-16,0.539492472050234,0.386,0.193,1.15916165555063e-11,"21","HYDIN"
4.44089209850063e-16,0.304557105423607,0.36,0.172,1.15916165555063e-11,"21","UPF3A"
4.44089209850063e-16,0.706737549010765,0.348,0.17,1.15916165555063e-11,"21","KCNB1"
4.44089209850063e-16,0.483051744688321,0.313,0.144,1.15916165555063e-11,"21","NECTIN3"
4.44089209850063e-16,0.7711300849867,0.307,0.144,1.15916165555063e-11,"21","PKNOX2"
4.44089209850063e-16,0.61884634188142,0.28,0.125,1.15916165555063e-11,"21","NOS1AP"
6.66133814775094e-16,0.337043939827065,0.572,0.313,1.73874248332595e-11,"21","MAST4"
6.66133814775094e-16,0.389411607084886,0.531,0.286,1.73874248332595e-11,"21","STRBP"
6.66133814775094e-16,0.336261507956288,0.534,0.292,1.73874248332595e-11,"21","TAOK3"
6.66133814775094e-16,0.442783464246652,0.428,0.222,1.73874248332595e-11,"21","MCF2L2"
6.66133814775094e-16,0.43465613058358,0.304,0.139,1.73874248332595e-11,"21","LMBR1"
8.88178419700125e-16,0.313943025555132,0.484,0.254,2.31832331110127e-11,"21","MED12L"
8.88178419700125e-16,0.645103302724958,0.339,0.164,2.31832331110127e-11,"21","ADCY1"
8.88178419700125e-16,0.779668496305348,0.257,0.112,2.31832331110127e-11,"21","CACNG2"
1.11022302462516e-15,0.288880373809486,0.611,0.328,2.89790413887658e-11,"21","BASP1"
1.11022302462516e-15,0.574826882065302,0.257,0.112,2.89790413887658e-11,"21","ST3GAL6"
1.33226762955019e-15,0.273929633889466,0.596,0.323,3.4774849666519e-11,"21","RBFOX2"
1.55431223447522e-15,0.394477482613148,0.64,0.368,4.05706579442722e-11,"21","ARHGAP32"
1.55431223447522e-15,0.267348883669117,0.499,0.265,4.05706579442722e-11,"21","TBCK"
1.55431223447522e-15,0.274475508207807,0.265,0.114,4.05706579442722e-11,"21","PAXBP1"
1.55431223447522e-15,0.499693873787488,0.26,0.113,4.05706579442722e-11,"21","AC239809.3"
1.77635683940025e-15,0.311063764162057,0.478,0.252,4.63664662220253e-11,"21","HDAC8"
1.99840144432528e-15,0.290862511407567,0.59,0.33,5.21622744997785e-11,"21","CLASP1"
1.99840144432528e-15,0.317071043450548,0.522,0.281,5.21622744997785e-11,"21","KCNH7"
1.99840144432528e-15,0.478874802165159,0.457,0.244,5.21622744997785e-11,"21","SCN8A"
1.99840144432528e-15,0.340897163999379,0.392,0.197,5.21622744997785e-11,"21","PCNX1"
1.99840144432528e-15,0.570602482726773,0.354,0.177,5.21622744997785e-11,"21","LINC00599"
2.44249065417534e-15,0.259404419539372,0.968,0.585,6.37538910552848e-11,"21","SYT1"
2.44249065417534e-15,0.386331329147213,0.622,0.357,6.37538910552848e-11,"21","MYO5A"
2.44249065417534e-15,0.284745574738558,0.543,0.292,6.37538910552848e-11,"21","CDH2"
2.44249065417534e-15,0.344150272363193,0.342,0.164,6.37538910552848e-11,"21","YTHDC2"
2.66453525910038e-15,0.257971297241921,0.611,0.335,6.9549699333038e-11,"21","BTBD9"
2.66453525910038e-15,0.307783691899149,0.534,0.286,6.9549699333038e-11,"21","DNM1"
2.66453525910038e-15,0.539268513358034,0.383,0.197,6.9549699333038e-11,"21","ARHGEF3"
2.66453525910038e-15,0.724212316456718,0.31,0.15,6.9549699333038e-11,"21","GPR155"
2.88657986402541e-15,0.682730081929495,0.313,0.151,7.53455076107912e-11,"21","BASP1-AS1"
3.5527136788005e-15,0.416963832203341,0.41,0.213,9.27329324440507e-11,"21","KAT6B"
3.99680288865056e-15,0.352056846938982,0.546,0.305,1.04324548999557e-10,"21","PHF14"
3.99680288865056e-15,0.408476083965623,0.316,0.15,1.04324548999557e-10,"21","JAK2"
4.21884749357559e-15,0.308414292624705,0.398,0.202,1.1012035727731e-10,"21","AQP4-AS1"
4.66293670342566e-15,0.596660871297304,0.286,0.134,1.21711973832817e-10,"21","PPIP5K2"
4.88498130835069e-15,0.37676026406975,0.366,0.182,1.2750778211057e-10,"21","DDAH1"
5.55111512312578e-15,0.417227103879195,0.469,0.248,1.44895206943829e-10,"21","ADAM23"
5.55111512312578e-15,0.280514502805629,0.431,0.224,1.44895206943829e-10,"21","FAM69A"
6.43929354282591e-15,0.378213412863494,0.434,0.228,1.68078440054842e-10,"21","PTPN4"
6.66133814775094e-15,0.316098904938784,0.481,0.256,1.73874248332595e-10,"21","MAN1A2"
7.7715611723761e-15,0.423040168698501,0.499,0.274,2.02853289721361e-10,"21","ATP2B2"
7.7715611723761e-15,0.507063010193953,0.428,0.23,2.02853289721361e-10,"21","CAMK2B"
8.88178419700125e-15,0.403084216346952,0.375,0.189,2.31832331110127e-10,"21","MKL1"
9.76996261670138e-15,0.304538521912835,0.375,0.187,2.55015564221139e-10,"21","PIK3CA"
1.08801856413265e-14,0.397734362763262,0.407,0.21,2.83994605609905e-10,"21","VPS13A"
1.4210854715202e-14,0.331827440397645,0.345,0.168,3.70931729776203e-10,"21","PTPRM"
1.46549439250521e-14,0.350708604147873,0.445,0.235,3.82523346331709e-10,"21","MT-ND5"
1.50990331349021e-14,0.301619996985276,0.531,0.293,3.94114962887215e-10,"21","ACACA"
1.50990331349021e-14,0.465508490584905,0.428,0.225,3.94114962887215e-10,"21","PCSK2"
1.55431223447522e-14,0.653346840869331,0.319,0.156,4.05706579442722e-10,"21","BCL11A"
1.62092561595273e-14,0.458461929663923,0.31,0.148,4.23094004275981e-10,"21","FAM19A5"
1.97619698383278e-14,0.464903709520197,0.395,0.206,5.15826936720032e-10,"21","WASF1"
2.04281036531029e-14,0.340122074898081,0.292,0.135,5.33214361553291e-10,"21","TMEM106B"
2.28705943072782e-14,0.591858709174047,0.286,0.135,5.96968252608576e-10,"21","SPATS2"
2.35367281220533e-14,0.490611831632421,0.345,0.173,6.14355677441836e-10,"21","NETO1"
2.62012633811537e-14,0.541409496707175,0.383,0.202,6.83905376774874e-10,"21","CAMK4"
2.75335310107039e-14,0.355099928858442,0.277,0.127,7.18680226441393e-10,"21","MT-ND4L"
2.8643754035329e-14,0.31562332045753,0.513,0.278,7.47659267830159e-10,"21","ST6GALNAC5"
3.04201108747293e-14,0.285408550277627,0.327,0.157,7.94025734052184e-10,"21","SGCE"
3.21964677141295e-14,0.283367892289592,0.475,0.259,8.40392200274209e-10,"21","MAPK8"
3.24185123190546e-14,0.318666541763797,0.375,0.19,8.46188008551962e-10,"21","MOSMO"
3.41948691584548e-14,0.434926056119604,0.504,0.275,8.92554474773988e-10,"21","FOCAD"
3.48610029732299e-14,0.269853845949675,0.584,0.318,9.09941899607247e-10,"21","NELL2"
3.64153152077051e-14,0.279061846877168,0.348,0.172,9.50512557551519e-10,"21","HELZ"
3.68594044175552e-14,0.50138997513799,0.366,0.188,9.62104174107026e-10,"21","ARHGAP44"
3.79696274421804e-14,0.60227579577699,0.342,0.175,9.91083215495792e-10,"21","RUNDC3B"
3.97459842815806e-14,0.588793056208719,0.304,0.149,1.03744968171782e-09,"21","ADCY9"
3.99680288865056e-14,0.333218788597159,0.46,0.248,1.04324548999557e-09,"21","MAP2K5"
4.32986979603811e-14,0.666413496062422,0.286,0.137,1.13018261416187e-09,"21","NIPAL2"
4.41868763800812e-14,0.476515066202906,0.263,0.12,1.15336584727288e-09,"21","PMS1"
4.75175454539567e-14,0.583009957288204,0.28,0.133,1.24030297143918e-09,"21","PPP1R13B"
4.77395900588817e-14,0.338241928604572,0.319,0.154,1.24609877971693e-09,"21","CPSF6"
5.41788836017076e-14,0.493433183883535,0.378,0.196,1.41417721977177e-09,"21","CYFIP2"
5.46229728115577e-14,0.397284661103476,0.428,0.229,1.42576883632728e-09,"21","AC092683.1"
5.46229728115577e-14,0.66642900362977,0.277,0.133,1.42576883632728e-09,"21","TTC39C"
5.61772850460329e-14,0.265136620229709,0.681,0.4,1.46633949427155e-09,"21","NF1"
6.55031584528842e-14,0.268280080085913,0.386,0.198,1.70976344193718e-09,"21","CEP290"
7.061018436616e-14,0.400846466124844,0.301,0.144,1.84306703232551e-09,"21","PPP3CC"
7.1276318180935e-14,0.365558264672239,0.563,0.328,1.86045445715877e-09,"21","FER"
7.59392548843607e-14,0.347020611194112,0.301,0.143,1.98216643099158e-09,"21","SPG7"
7.7937656328686e-14,0.414765526540689,0.386,0.202,2.03432870549136e-09,"21","SRRM4"
7.94919685631612e-14,0.323366722899558,0.336,0.167,2.07489936343563e-09,"21","PIAS2"
8.01581023779363e-14,0.625113365423153,0.277,0.133,2.09228678826889e-09,"21","ATCAY"
8.08242361927114e-14,0.283780161784798,0.395,0.204,2.10967421310215e-09,"21","APBA2"
8.39328606616618e-14,0.29739766456888,0.49,0.269,2.1908155289907e-09,"21","INPP4B"
8.74855743404623e-14,0.462796409161467,0.372,0.195,2.28354846143475e-09,"21","FAM49A"
9.9031893796564e-14,0.280027904920758,0.257,0.115,2.58493049187791e-09,"21","LINC00476"
1.00808250635964e-13,0.428317231620625,0.313,0.153,2.63129695809994e-09,"21","GABBR1"
1.15907283770866e-13,0.260461588152255,0.378,0.193,3.02541192098715e-09,"21","CMIP"
1.22790666523542e-13,0.317119875604099,0.324,0.16,3.2050819775975e-09,"21","HDAC4"
1.25899290992493e-13,0.280731287340068,0.708,0.403,3.28622329348605e-09,"21","RTN1"
1.57207580286922e-13,0.565733182838985,0.286,0.138,4.10343226064924e-09,"21","CADM3"
1.58539847916472e-13,0.428766938717003,0.257,0.119,4.13820711031576e-09,"21","LMBRD2"
1.61426427780498e-13,0.255135497451307,0.543,0.304,4.21355261792655e-09,"21","PRKCE"
1.66311409088848e-13,0.461350118436756,0.295,0.144,4.34106040003712e-09,"21","UBE3D"
1.71640479607049e-13,0.294702374430575,0.841,0.518,4.4801597987032e-09,"21","PPP3CA"
2.40030217923959e-13,0.383324834583574,0.431,0.236,6.26526874825117e-09,"21","SYT14"
2.44471110022459e-13,0.440027217564244,0.254,0.117,6.38118491380624e-09,"21","LRRC37B"
2.77111666946439e-13,0.438123206912098,0.451,0.25,7.23316873063595e-09,"21","PCSK1N"
2.8332891588434e-13,0.647900154134139,0.263,0.126,7.39545136241304e-09,"21","ICA1"
2.86659584958215e-13,0.379101695584671,0.268,0.126,7.48238848657934e-09,"21","DHX36"
2.89768209427166e-13,0.508098294746668,0.298,0.147,7.56352980246788e-09,"21","ANO5"
2.98205904414317e-13,0.292060244787254,0.448,0.247,7.7837705170225e-09,"21","GSK3B"
3.77253783767628e-13,0.296556333574973,0.702,0.415,9.84707826390263e-09,"21","SYNE1"
3.9102054927298e-13,0.624665138637691,0.254,0.119,1.02064183771233e-08,"21","SLITRK5"
3.9190872769268e-13,0.34355355054916,0.445,0.244,1.02296016102343e-08,"21","SPTAN1"
4.38760139331862e-13,0.523794517501732,0.386,0.209,1.14525171568403e-08,"21","ENC1"
4.65405491922866e-13,0.322854243002155,0.475,0.265,1.21480141501706e-08,"21","NCKAP1"
4.65627536527791e-13,0.314354127548921,0.478,0.265,1.21538099584484e-08,"21","OLFM3"
4.91606755304019e-13,0.301217011525554,0.67,0.406,1.28319195269455e-08,"21","CAMTA1"
5.3534954247425e-13,0.280792594269239,0.307,0.151,1.39736937576629e-08,"21","SCLT1"
7.22977233635902e-13,0.297669389861965,0.448,0.247,1.88711517523643e-08,"21","SLC35F3"
7.58726415028832e-13,0.261519165835904,0.271,0.128,1.98042768850826e-08,"21","ORC2"
7.63833440942108e-13,0.3146843639701,0.316,0.16,1.99375804754709e-08,"21","SYNPR"
7.67830243830758e-13,0.392116754775115,0.41,0.222,2.00419050244705e-08,"21","THY1"
7.89146525903561e-13,0.307169144645578,0.437,0.24,2.05983026191348e-08,"21","MEF2C-AS1"
8.97282248502052e-13,0.660597580609272,0.26,0.125,2.34208612504005e-08,"21","PDE2A"
9.5945473788106e-13,0.28066325190981,0.979,0.649,2.50436875681714e-08,"21","NRG3"
9.84323733632664e-13,0.602307859711582,0.265,0.129,2.56928180952798e-08,"21","GOLGA8B"
1.03006492224722e-12,0.342682193001312,0.552,0.316,2.68867546004969e-08,"21","MKL2"
1.13398179735213e-12,0.250252809050544,0.799,0.469,2.95991928744854e-08,"21","PHACTR1"
1.36446409726432e-12,0.313634884990608,0.339,0.175,3.56152418667932e-08,"21","ZSWIM5"
1.46527234790028e-12,0.633980464654624,0.26,0.125,3.82465388248932e-08,"21","ME3"
1.51056944730499e-12,0.286950505541236,0.484,0.274,3.94288837135548e-08,"21","DENND5B"
1.51723078545274e-12,0.529018113356367,0.265,0.128,3.96027579618874e-08,"21","UNC13A"
1.58273394390562e-12,0.325207275870618,0.274,0.132,4.13125214038246e-08,"21","MBTD1"
1.65001345919791e-12,0.548534420748194,0.292,0.147,4.30686513119838e-08,"21","CLSTN3"
1.67621472257906e-12,0.278098315446007,0.263,0.124,4.37525566887587e-08,"21","SFXN1"
1.7981172106829e-12,0.300371615866154,0.386,0.209,4.69344554332451e-08,"21","EXOC6"
1.81832326973108e-12,0.499101380539991,0.28,0.139,4.74618739865207e-08,"21","FBXO34"
1.86828330583921e-12,0.499826746507316,0.254,0.121,4.87659308490151e-08,"21","TUSC3"
2.44582132324922e-12,0.305560368167365,0.932,0.687,6.38408281794511e-08,"21","MT-CO1"
2.46269671322352e-12,0.438830321135697,0.354,0.188,6.42813096085604e-08,"21","FSTL4"
2.4669155607171e-12,0.654778347165846,0.265,0.131,6.43914299658377e-08,"21","LMTK2"
2.56950016819246e-12,0.493781513940502,0.295,0.148,6.70690933901597e-08,"21","KCNJ6"
2.59192667328989e-12,0.593263937099125,0.33,0.175,6.76544700262127e-08,"21","KCND3"
2.90922841372776e-12,0.426323446326991,0.369,0.199,7.5936680055122e-08,"21","PARP8"
2.97184499231662e-12,0.263535512492241,0.425,0.229,7.75710979894484e-08,"21","OLFM1"
3.05910852205216e-12,0.25648164659804,0.764,0.456,7.98488506426054e-08,"21","SNAP25"
3.13771231219562e-12,0.598854737597246,0.254,0.123,8.190056677293e-08,"21","SYNGR1"
3.20810045195685e-12,0.38738714716237,0.392,0.214,8.37378379969778e-08,"21","GPR158"
3.22564197574593e-12,0.283175615713513,0.319,0.162,8.41957068509203e-08,"21","RAB28"
3.29136717880374e-12,0.390284650607377,0.257,0.123,8.59112661011352e-08,"21","TTC21B"
3.40061312442685e-12,0.332570835042138,0.292,0.145,8.87628037737898e-08,"21","CEP192"
4.03166389162379e-12,0.271277070528269,0.298,0.149,1.05234490899164e-07,"21","AC079447.1"
4.76862993536997e-12,0.31454208411271,0.307,0.156,1.24470778573027e-07,"21","DCAF5"
5.04907227139029e-12,0.346363391072697,0.917,0.654,1.31790884427829e-07,"21","MT-CYB"
5.15232301268043e-12,0.383349052008097,0.33,0.173,1.34485935276984e-07,"21","PRICKLE2"
5.49205125821572e-12,0.335860914207213,0.251,0.12,1.43353521941947e-07,"21","NOL10"
5.60307356067824e-12,0.387818524467346,0.298,0.151,1.46251426080823e-07,"21","CCDC171"
5.70188340986988e-12,0.400637085579808,0.301,0.154,1.48830560764424e-07,"21","IRAK1BP1"
5.78825876118572e-12,0.348877318146425,0.289,0.145,1.5108513018447e-07,"21","SUZ12"
6.29962748632806e-12,0.252147736129121,0.304,0.154,1.64432876648135e-07,"21","SMARCAD1"
7.2402084327905e-12,0.261896068902684,0.301,0.152,1.88983920512698e-07,"21","UBAC2"
7.45803419022195e-12,0.269175232138644,0.888,0.605,1.94669608433173e-07,"21","TCF4"
7.84350362437181e-12,0.301899285002906,0.289,0.145,2.04731131603353e-07,"21","ABL2"
7.9765083427219e-12,0.302174392831879,0.298,0.15,2.08202820761727e-07,"21","TYRO3"
8.65285620932355e-12,0.33573568882551,0.46,0.264,2.25856852775763e-07,"21","AEBP2"
8.73678906998521e-12,0.282580654184802,0.534,0.313,2.28047668304754e-07,"21","CLSTN1"
9.13802367108474e-12,0.378664956209851,0.469,0.272,2.38520693862654e-07,"21","GALNT17"
1.05868647182206e-11,0.353517923544639,0.289,0.146,2.76338342874993e-07,"21","KCNK1"
1.06583630810064e-11,0.521303260240665,0.322,0.171,2.7820459314043e-07,"21","NDST3"
1.10034203970599e-11,0.289033321603762,0.416,0.235,2.87211279204058e-07,"21","FARS2"
1.25830457164966e-11,0.382530315350155,0.345,0.184,3.28442659291994e-07,"21","SHANK2"
1.55029322712608e-11,0.256188452471971,0.31,0.159,4.04657538144448e-07,"21","CSTF3"
1.67930114258752e-11,0.293044621205755,0.457,0.262,4.38331184238194e-07,"21","SRGAP3"
1.70601310856e-11,0.370482973077439,0.251,0.123,4.45303541596331e-07,"21","CSNK2A1"
1.86790583001084e-11,0.274132656763551,0.289,0.148,4.8756077974943e-07,"21","RPS6KA3"
1.92392768383343e-11,0.46448007246211,0.289,0.149,5.02183604034201e-07,"21","COG6"
1.97062366424916e-11,0.506955078092098,0.319,0.17,5.14372188842316e-07,"21","MIAT"
2.37159181182278e-11,0.518864180633123,0.28,0.145,6.19032894721983e-07,"21","PLXNA4"
2.46185294372481e-11,0.28388923192615,0.354,0.192,6.42592855371049e-07,"21","ZNF91"
2.53275178607737e-11,0.671123614496975,0.257,0.13,6.61098871201915e-07,"21","AC007563.2"
2.56823451394439e-11,0.36710628503431,0.442,0.253,6.70360572829765e-07,"21","FAT3"
2.73072675582853e-11,0.268580970191109,0.463,0.264,7.12774297806362e-07,"21","PPM1L"
2.75344191891236e-11,0.453761879111086,0.298,0.156,7.18703409674504e-07,"21","SNRPN"
2.83639778331235e-11,0.338027832630786,0.286,0.146,7.4035654940019e-07,"21","LRRC28"
3.07465164439691e-11,0.334108845471518,0.301,0.157,8.02545572220481e-07,"21","AGFG1"
4.16355838694926e-11,0.352056755891504,0.254,0.126,1.0867720101615e-06,"21","LRRC4B"
4.63031835096217e-11,0.313280275376125,0.369,0.203,1.20860569596815e-06,"21","PKD1"
4.80537831748507e-11,0.261419479957256,0.295,0.152,1.25429984842995e-06,"21","TEAD1"
4.85655959892028e-11,0.469106143746938,0.345,0.19,1.26765918651017e-06,"21","ICA1L"
4.8568038479857e-11,0.325945957447873,0.263,0.131,1.26772294040123e-06,"21","RAB11FIP3"
5.08149078370934e-11,0.366262984221469,0.342,0.186,1.32637072436381e-06,"21","MYH10"
5.31079624721542e-11,0.286733678915125,0.31,0.162,1.38622403644817e-06,"21","INPP5F"
5.5928373043912e-11,0.272954496808755,0.381,0.209,1.45984239319219e-06,"21","KIFAP3"
5.66822144776324e-11,0.417260127045325,0.283,0.147,1.47951916229516e-06,"21","SLC16A7"
6.4526606280424e-11,0.303502497697757,0.292,0.151,1.68427347713163e-06,"21","ABCC5"
6.54605258887386e-11,0.325314592845263,0.322,0.172,1.70865064674786e-06,"21","CAP2"
6.70845601291603e-11,0.26836009068659,0.372,0.206,1.75104118849134e-06,"21","PPFIBP1"
7.42663708308555e-11,0.375759653450567,0.381,0.213,1.93850081142699e-06,"21","AMPH"
7.53452855661862e-11,0.467833165518235,0.274,0.142,1.96666264384859e-06,"21","KCNH1"
8.48305869993737e-11,0.318541844458436,0.26,0.13,2.21424798185765e-06,"21","PDXK"
9.86535297897717e-11,0.27120801289882,0.673,0.417,2.57505443457262e-06,"21","FBXL17"
1.15695231173163e-10,0.254260546519215,0.307,0.162,3.0198769240819e-06,"21","DCAF10"
1.20080390075827e-10,0.281894779981307,0.289,0.15,3.13433834175925e-06,"21","PCNX4"
1.20374599177353e-10,0.306261403124943,0.33,0.179,3.14201778772727e-06,"21","ZFYVE9"
1.37893252372123e-10,0.284943932293821,0.277,0.143,3.59928967341716e-06,"21","RAB3GAP2"
1.39452893677117e-10,0.279428844018386,0.407,0.23,3.6399994307601e-06,"21","ITPR1"
1.4330825415243e-10,0.308353808022058,0.251,0.126,3.74063204988673e-06,"21","SLC9A6"
1.47311940423833e-10,0.34821290885574,0.324,0.177,3.84513626894289e-06,"21","ELAVL4"
1.55068624607679e-10,0.419675403132465,0.301,0.161,4.04760123950965e-06,"21","GFOD1"
1.64940283653436e-10,0.29523478254801,0.283,0.146,4.305271283922e-06,"21","FAM189A1"
1.71468617082837e-10,0.287821078145646,0.407,0.231,4.47567384309622e-06,"21","SATB2"
2.0403989609008e-10,0.466844823835658,0.304,0.163,5.32584936774327e-06,"21","CELF5"
2.11041628617181e-10,0.448551496137579,0.283,0.151,5.50860859016566e-06,"21","TSPYL2"
2.14862128089521e-10,0.533155689626378,0.257,0.133,5.60833126739269e-06,"21","SLF1"
2.48477016739912e-10,0.329292070772159,0.265,0.137,6.48574709094518e-06,"21","FAM169A"
2.48898235355455e-10,0.397495761899232,0.286,0.152,6.49674173924808e-06,"21","DMXL2"
2.99512414869696e-10,0.251784650544653,0.274,0.142,7.8178730529288e-06,"21","FAM120A"
3.17688764184254e-10,0.280722149168293,0.292,0.155,8.2923121227374e-06,"21","FBN1"
3.89692944580133e-10,0.331090472653904,0.313,0.17,1.01717652394306e-05,"21","LONRF2"
4.95652408005753e-10,0.277580693945305,0.304,0.165,1.29375191537662e-05,"21","LARP1B"
5.53836754235704e-10,0.50524789888673,0.263,0.139,1.44562469590603e-05,"21","FAM66D"
5.89839066478248e-10,0.344300872874939,0.26,0.135,1.53959793132152e-05,"21","ANO10"
6.02734973043084e-10,0.253348023564944,0.413,0.239,1.57325882663706e-05,"21","CAMK2A"
6.5637006940733e-10,0.344088923059102,0.31,0.168,1.71325715516701e-05,"21","AL117329.1"
6.91894985749286e-10,0.288422370367454,0.254,0.131,1.80598429180279e-05,"21","MTMR3"
8.110099258829e-10,0.344099647600066,0.339,0.191,2.11689810853954e-05,"21","WDR17"
1.04120401189789e-09,0.317146411805658,0.36,0.206,2.71775071185587e-05,"21","EML6"
1.04750674800869e-09,0.31754818872074,0.926,0.744,2.73420211365227e-05,"21","MT-ND4"
1.10989173407461e-09,0.316192164525378,0.909,0.701,2.89703940428154e-05,"21","MT-ATP6"
1.25552102048232e-09,0.298095479910161,0.274,0.147,3.27716096766295e-05,"21","CC2D1A"
1.33051392126049e-09,0.439411848686342,0.316,0.177,3.47290743727413e-05,"21","SRRM3"
1.33552857661812e-09,0.287372288008002,0.274,0.146,3.48599669068861e-05,"21","MYEF2"
1.97835903215093e-09,0.261027402027917,0.345,0.194,5.16391274572037e-05,"21","GABRA1"
2.00399186134348e-09,0.333207041779314,0.345,0.2,5.23081955647875e-05,"21","FP700111.1"
2.20186646693321e-09,0.269734421752197,0.36,0.206,5.74731185198907e-05,"21","KCTD1"
2.32791674825705e-09,0.377712183685239,0.268,0.145,6.07632829630056e-05,"21","TAGLN3"
2.505052831836e-09,0.503999235755085,0.295,0.164,6.53868890165832e-05,"21","KIAA1211L"
2.72646527577081e-09,0.408230794263457,0.322,0.183,7.11661966281696e-05,"21","BMPER"
2.93942892248822e-09,0.379750555033271,0.254,0.135,7.67249737347875e-05,"21","TCAF1"
2.95875568490089e-09,0.473864577876935,0.298,0.168,7.72294408872831e-05,"21","CCDC85A"
3.66849661759261e-09,0.39944485771115,0.263,0.141,9.57550987124023e-05,"21","LINC01378"
4.15634904271656e-09,0.299239273293677,0.327,0.186,0.000108489022712988,"21","FZD3"
4.24092538864329e-09,0.26642884841014,0.333,0.19,0.000110696634494367,"21","PHYHIP"
4.31675029055612e-09,0.265631918467128,0.336,0.192,0.000112675816084096,"21","PRKAR1B"
4.83793671790522e-09,0.305408216891711,0.962,0.787,0.000126279824210762,"21","MT-CO3"
6.57608945076049e-09,0.26248212381211,0.826,0.558,0.00017164908684375,"21","MT-ND1"
7.03119096279181e-09,0.350872335642909,0.283,0.157,0.000183528146510792,"21","FBXL2"
7.19400272686244e-09,0.431481745461034,0.26,0.141,0.000187777859176563,"21","CACNG8"
7.27161841851398e-09,0.301653592284789,0.327,0.187,0.000189803783960052,"21","PAK5"
8.31931434852606e-09,0.322710011563346,0.251,0.134,0.000217150743125227,"21","FKBP3"
1.26914598830297e-08,0.251742802177657,0.386,0.23,0.00033127248586684,"21","CDH8"
1.37422220269912e-08,0.253480805273012,0.298,0.169,0.000358699479348523,"21","APLP2"
1.39701137324977e-08,0.317714724251509,0.31,0.179,0.000364647908645654,"21","NME7"
1.85976283262335e-08,0.344492743320232,0.316,0.183,0.000485435294571346,"21","CACNA1E"
2.46857818630986e-08,0.296800761238582,0.289,0.164,0.000644348278190598,"21","PTK2B"
3.19892237143904e-08,0.325483771116783,0.307,0.176,0.000834982717393018,"21","MIR137HG"
3.24921054506433e-08,0.40496723198369,0.265,0.149,0.000848108936472691,"21","SNED1"
4.0504846365863e-08,0.270246005999059,0.28,0.16,0.00105725749984176,"21","PRKAR2B"
4.06046638534718e-08,0.259946946725208,0.26,0.145,0.00105986293590332,"21","NNT"
6.49591307411157e-08,0.359426977074433,0.298,0.176,0.0016955632306046,"21","FRRS1L"
9.38642592540617e-08,0.354972715439059,0.263,0.15,0.00245004489504952,"21","TESPA1"
1.19350072713686e-07,0.292533044404305,0.263,0.149,0.00311527559797264,"21","CACNG3"
1.56690161512429e-07,0.37739920360964,0.257,0.146,0.00408992659579743,"21","AC104827.1"
1.67693970487548e-07,0.320146842529811,0.268,0.156,0.00437714801766598,"21","IQSEC1"
2.51858871092026e-07,0.263779379878173,0.26,0.15,0.00657402025324405,"21","WNK2"
3.51483789184925e-07,0.351441606992537,0.274,0.162,0.00917442986530492,"21","STXBP5-AS1"
4.64389219523298e-07,0.447437149335761,0.268,0.16,0.0121214874079971,"21","LINC01250"
7.40260879927845e-07,0.2878093375633,0.292,0.175,0.0193222894878766,"21","ANKRD30BL"
1.79777700193284e-06,0.493051721704628,0.254,0.154,0.0469255753044511,"21","PTPRR"
0,3.02703625234242,0.802,0.108,0,"22","ARHGAP24"
0,2.2267743701104,0.949,0.288,0,"22","SLC1A3"
0,3.02273947850718,0.772,0.115,0,"22","LRMDA"
0,2.12305865665263,0.812,0.192,0,"22","ADGRV1"
0,2.10795058251869,0.843,0.272,0,"22","SLC1A2"
0,2.2076577308514,0.751,0.182,0,"22","APOE"
0,2.0303966752197,0.807,0.239,0,"22","PITPNC1"
0,2.03768145340532,0.838,0.27,0,"22","GPC5"
0,1.95907804707662,0.802,0.24,0,"22","MAML2"
0,2.13747910506017,0.782,0.236,0,"22","ITPR2"
0,3.59654772947759,0.548,0.03,0,"22","DOCK8"
0,2.11720260030724,0.665,0.149,0,"22","CHST11"
0,2.01882668365863,0.685,0.171,0,"22","PARD3"
0,2.86632764170461,0.589,0.091,0,"22","ST6GAL1"
0,1.97588035558885,0.939,0.442,0,"22","PLXDC2"
0,1.96491204821042,0.624,0.134,0,"22","ATP1A2"
0,1.81810575529266,0.67,0.193,0,"22","RYR3"
0,3.17599674740206,0.513,0.039,0,"22","CD74"
0,1.94636074916778,0.619,0.154,0,"22","GFAP"
0,2.36509752274984,0.579,0.115,0,"22","TPD52L1"
0,1.70722700995255,0.909,0.447,0,"22","DTNA"
0,1.67811444594585,0.98,0.526,0,"22","NEAT1"
0,3.57054886044888,0.472,0.027,0,"22","APBB1IP"
0,1.90396037765599,0.569,0.125,0,"22","AQP4"
0,2.93227569899019,0.497,0.055,0,"22","ARHGAP15"
0,2.15626100648483,0.553,0.117,0,"22","GJA1"
0,2.4999107558943,0.513,0.08,0,"22","RANBP3L"
0,1.63649152039044,0.614,0.183,0,"22","GLIS3"
0,1.95533601545142,0.558,0.129,0,"22","ITPKB"
0,1.74204694416236,0.695,0.267,0,"22","TRPS1"
0,1.93584807914391,0.528,0.105,0,"22","HIF3A"
0,2.26002846831588,0.523,0.104,0,"22","COL5A3"
0,3.334949065673,0.447,0.029,0,"22","FYB1"
0,2.46643938429953,0.528,0.119,0,"22","SRGAP2"
0,3.72027108398269,0.426,0.024,0,"22","TBXAS1"
0,1.15989002523943,0.838,0.439,0,"22","SOX5"
0,1.48309629615493,0.655,0.259,0,"22","MT2A"
0,0.989966628358586,0.579,0.184,0,"22","PTPRZ1"
0,1.80752706378726,0.548,0.154,0,"22","NKAIN3"
0,3.63023227791511,0.416,0.022,0,"22","ADAM28"
0,2.3109005618429,0.482,0.089,0,"22","RNF219-AS1"
0,1.77947265698349,0.528,0.136,0,"22","GRAMD2B"
0,2.26998553722976,0.487,0.097,0,"22","HPSE2"
0,2.24047285709356,0.487,0.101,0,"22","BMP2K"
0,1.52779033320245,0.751,0.365,0,"22","NEBL"
0,1.31442100365466,0.64,0.256,0,"22","LPP"
0,1.3903050275013,0.716,0.333,0,"22","PRKCA"
0,2.21622947071704,0.492,0.111,0,"22","MAML3"
0,1.55520292770928,0.629,0.248,0,"22","AL589740.1"
0,1.8593118314068,0.604,0.223,0,"22","CSGALNACT1"
0,1.55381398672777,0.604,0.224,0,"22","MSI2"
0,1.42500255134735,0.65,0.27,0,"22","CST3"
0,1.16440730952484,0.645,0.266,0,"22","GLUL"
0,2.06606556179729,0.508,0.131,0,"22","SLC4A4"
0,2.61705234278025,0.437,0.062,0,"22","RUNX1"
0,2.099111310169,0.492,0.118,0,"22","FGD4"
0,1.68393701170101,0.594,0.222,0,"22","FOXN3"
0,2.40754172436333,0.442,0.071,0,"22","NHSL1"
0,1.46670585306014,0.904,0.533,0,"22","DOCK4"
0,1.68021082994471,0.503,0.137,0,"22","PARD3B"
0,2.54485867763807,0.431,0.066,0,"22","NPL"
0,2.4480575625292,0.426,0.066,0,"22","LINC00499"
0,1.35967072858538,0.69,0.332,0,"22","ADCY2"
0,1.18238428336806,0.909,0.56,0,"22","RORA"
0,1.47525313184262,0.543,0.197,0,"22","AHCYL1"
0,2.25941342834952,0.416,0.07,0,"22","FGFR3"
0,1.33620933140508,0.675,0.332,0,"22","CPE"
0,1.39099115520143,0.701,0.359,0,"22","ARHGAP26"
0,3.62915178000126,0.36,0.018,0,"22","AC074327.1"
0,0.919702715933553,0.756,0.415,0,"22","NFIA"
0,1.3148793349696,0.579,0.238,0,"22","SLC9A9"
0,1.26980020017837,0.848,0.509,0,"22","CLU"
0,3.73262313909574,0.355,0.017,0,"22","RHBDF2"
0,1.35857544657756,0.548,0.211,0,"22","FKBP5"
0,2.02766278285825,0.472,0.135,0,"22","SFMBT2"
0,1.16158355787763,0.65,0.314,0,"22","PRKG1"
0,1.94557807252794,0.442,0.109,0,"22","RFX4"
0,1.30257150817426,0.487,0.157,0,"22","PON2"
0,3.67638649831956,0.35,0.02,0,"22","SLCO2B1"
0,1.63972045857161,0.492,0.162,0,"22","SAMD4A"
0,1.8518608511103,0.462,0.137,0,"22","ETV6"
0,1.36058732640349,0.569,0.244,0,"22","TRPM3"
0,1.10028104217278,0.909,0.587,0,"22","CTNNA2"
0,3.48564227674022,0.345,0.023,0,"22","INPP5D"
0,3.54879326849414,0.34,0.019,0,"22","PTPRC"
0,2.48609156571716,0.381,0.06,0,"22","ZFP36L1"
0,0.851822876411939,0.792,0.472,0,"22","SPARCL1"
0,1.81706482904822,0.406,0.086,0,"22","BMPR1B"
0,1.95676273835078,0.416,0.096,0,"22","RASSF8"
0,0.774706325260616,0.919,0.6,0,"22","ZBTB20"
0,1.38723208945382,0.898,0.58,0,"22","GPM6A"
0,3.28201116603965,0.335,0.021,0,"22","C3"
0,1.23262474606272,0.614,0.304,0,"22","SPP1"
0,2.01743120774843,0.462,0.153,0,"22","SAT1"
0,1.85912158569794,0.467,0.158,0,"22","MGST1"
0,1.32538176637906,0.518,0.211,0,"22","ASPH"
0,1.82625121825079,0.503,0.198,0,"22","ABR"
0,1.77110226491615,0.426,0.122,0,"22","SRGAP1"
0,1.22502017162559,0.609,0.307,0,"22","EPB41L2"
0,1.29327070114503,0.584,0.282,0,"22","LDLRAD4"
0,1.34909148413616,0.497,0.196,0,"22","ANKRD44"
0,1.18474786958571,0.579,0.279,0,"22","FYN"
0,1.20011331926785,0.69,0.391,0,"22","FMN2"
0,1.14912501818257,0.787,0.49,0,"22","MACF1"
0,1.67748332691026,0.401,0.104,0,"22","LRIG1"
0,2.21402713689052,0.411,0.114,0,"22","AKAP13"
0,1.19248092020826,0.64,0.343,0,"22","MEF2A"
0,0.787509683967469,0.766,0.473,0,"22","AC092691.1"
0,1.01993611234724,0.701,0.408,0,"22","MED13L"
0,1.88495757762871,0.447,0.157,0,"22","SFXN5"
0,1.16721792858778,0.635,0.345,0,"22","SORBS1"
0,1.69921558353473,0.406,0.117,0,"22","TCF7L2"
0,2.83001392698618,0.32,0.031,0,"22","LPAR6"
0,1.83822594848775,0.381,0.093,0,"22","WLS"
0,1.41496931418341,0.416,0.129,0,"22","PREX2"
0,1.052450816003,0.954,0.671,0,"22","NPAS3"
0,2.1781200376671,0.34,0.058,0,"22","DISC1"
0,1.62981646747037,0.401,0.119,0,"22","ATP1B2"
0,0.810089023443798,0.482,0.2,0,"22","NDRG2"
0,2.03535952849914,0.35,0.069,0,"22","ZNF98"
0,1.32404858298457,0.503,0.223,0,"22","AHCYL2"
0,0.851189839392442,0.685,0.408,0,"22","SSH2"
0,1.09488177743061,0.503,0.226,0,"22","SASH1"
0,3.29093087750562,0.299,0.022,0,"22","MYO1F"
0,2.13802010630878,0.34,0.066,0,"22","SLC7A11"
0,1.33246884640413,0.508,0.235,0,"22","CHPT1"
0,0.806077580236921,0.868,0.597,0,"22","MIR99AHG"
0,2.82612399533125,0.299,0.028,0,"22","BNC2"
0,1.37694309407117,0.416,0.146,0,"22","CD81"
0,1.30870951510309,0.406,0.137,0,"22","CRB1"
0,3.63390572648332,0.284,0.015,0,"22","SYK"
0,1.4473583961819,0.411,0.145,0,"22","AFF1"
0,2.03619565067759,0.34,0.074,0,"22","MIR4300HG"
0,1.46485108130495,0.411,0.145,0,"22","ZFHX3"
0,1.08603956282096,0.462,0.196,0,"22","BCL2"
0,0.985822414406858,0.503,0.239,0,"22","ST6GALNAC3"
0,2.42915748014439,0.31,0.046,0,"22","EMX2"
0,2.66366558794198,0.31,0.046,0,"22","ATP8B4"
0,3.31159560872127,0.284,0.021,0,"22","RBM47"
0,1.27499757141853,0.371,0.11,0,"22","FOXO1"
0,2.09600581720161,0.33,0.069,0,"22","SLC25A18"
0,1.62739211689827,0.406,0.145,0,"22","ZNRF3"
0,3.11068349416507,0.284,0.023,0,"22","C1QB"
0,1.38531835783636,0.472,0.212,0,"22","DIAPH2"
0,1.40537535599977,0.371,0.111,0,"22","MT1E"
0,2.47344368420883,0.325,0.067,0,"22","SRGAP2B"
0,1.2646918314887,0.487,0.23,0,"22","MAP3K5"
0,3.46591798276911,0.269,0.015,0,"22","CSF1R"
0,1.28735308512095,0.477,0.223,0,"22","ABLIM1"
0,1.39717523697686,0.497,0.244,0,"22","SORL1"
0,3.07397113986502,0.289,0.036,0,"22","ABCC4"
0,3.0561394877293,0.274,0.022,0,"22","LYN"
0,0.878251785749331,0.807,0.555,0,"22","CADM1"
0,3.29585725950607,0.269,0.018,0,"22","HLA-DRA"
0,0.685746291115326,0.848,0.597,0,"22","WWOX"
0,1.93299079048548,0.325,0.075,0,"22","FAM107A"
0,2.29655028749051,0.305,0.055,0,"22","SLC14A1"
0,1.22622130993705,0.391,0.144,0,"22","STK3"
0,1.45613536264477,0.421,0.176,0,"22","PTCHD1-AS"
0,2.64199552643593,0.284,0.04,0,"22","TGFBR1"
0,0.790835293643886,0.396,0.154,0,"22","SOX6"
0,1.27997409206405,0.391,0.15,0,"22","SPRED1"
0,1.0701287240704,0.391,0.151,0,"22","TTYH1"
0,2.04438007003817,0.315,0.076,0,"22","LINC00299"
0,1.95293825997551,0.305,0.066,0,"22","GNA14"
0,1.66800390117141,0.391,0.153,0,"22","DOCK7"
0,1.48379776801591,0.35,0.113,0,"22","LINC00511"
0,1.22501869381218,0.482,0.246,0,"22","CARMIL1"
0,0.647625075370025,0.904,0.668,0,"22","NTM"
0,1.73386447828879,0.35,0.115,0,"22","SH3RF3"
0,1.68937930067069,0.365,0.131,0,"22","MTHFD1L"
0,1.17850214805608,0.401,0.168,0,"22","RAD51B"
0,2.26592463952405,0.279,0.047,0,"22","STON2"
0,2.51166052708305,0.279,0.048,0,"22","SLC15A2"
0,1.98608858263818,0.299,0.068,0,"22","SPON1"
0,1.26929467251667,0.431,0.201,0,"22","NUMB"
0,1.86670818161238,0.299,0.069,0,"22","ADGRG1"
0,1.96852951223034,0.32,0.091,0,"22","NCAN"
0,1.4675877964744,0.31,0.083,0,"22","BACH1"
0,2.64494186095968,0.259,0.034,0,"22","LPCAT2"
0,2.07096894602123,0.274,0.051,0,"22","FAM189A2"
0,2.13768410465384,0.269,0.047,0,"22","AOAH"
0,1.66393718698354,0.33,0.108,0,"22","PAG1"
0,1.96018463744724,0.279,0.059,0,"22","AGT"
0,1.81032960583009,0.31,0.09,0,"22","CACHD1"
0,2.01108902779893,0.279,0.06,0,"22","ARHGAP31"
0,1.7210414773795,0.31,0.092,0,"22","UTRN"
0,2.12789630029036,0.264,0.048,0,"22","ALDH1L1"
0,1.9980473171197,0.264,0.05,0,"22","IGFBP7"
0,2.80639864523644,0.264,0.051,0,"22","DENND3"
0,1.9003982518941,0.274,0.064,0,"22","EGFR"
0,2.3638260610903,0.254,0.044,0,"22","ANOS1"
0,1.6122363396984,0.315,0.107,0,"22","HIF1A"
0,2.17694750746407,0.269,0.063,0,"22","ANGPTL4"
0,2.11600577970837,0.279,0.074,0,"22","LINC02232"
0,1.34233027739769,0.32,0.116,0,"22","IL6ST"
0,1.66635801818414,0.269,0.066,0,"22","ATP13A4"
0,1.36060779163304,0.284,0.081,0,"22","PDLIM5"
0,1.49512267354617,0.269,0.067,0,"22","EPS8"
0,1.60557155054853,0.279,0.077,0,"22","RAB31"
0,1.62464598634613,0.315,0.114,0,"22","LGI1"
0,0.788617928649978,0.863,0.662,0,"22","CTNND2"
0,1.85373202620773,0.274,0.074,0,"22","SRGAP2C"
0,2.04988146732444,0.299,0.099,0,"22","SKAP2"
0,1.33098475366195,0.294,0.095,0,"22","RASSF4"
0,1.60147191402954,0.274,0.076,0,"22","KCNN3"
0,1.91906299388031,0.264,0.066,0,"22","CLYBL"
0,1.96001934118602,0.279,0.081,0,"22","CYFIP1"
0,1.27582648953626,0.289,0.091,0,"22","METTL7A"
0,1.84610959106317,0.269,0.072,0,"22","AC244021.1"
0,0.813299933803806,0.975,0.778,0,"22","LSAMP"
0,1.32482147063628,0.31,0.114,0,"22","SERPINE2"
0,1.63067495957287,0.284,0.088,0,"22","MTSS1L"
0,1.85607857032247,0.254,0.059,0,"22","DOCK2"
0,1.45849230928718,0.299,0.104,0,"22","VOPP1"
0,1.59875693476894,0.269,0.075,0,"22","GPR37L1"
0,1.3348717586661,0.305,0.111,0,"22","HSPA1A"
0,1.11745645837131,0.299,0.105,0,"22","CHD7"
0,1.23742322379607,0.284,0.091,0,"22","AC087564.1"
0,1.60494756131104,0.259,0.067,0,"22","ACSS1"
0,1.64591238323669,0.269,0.079,0,"22","LIMS1"
0,1.78833033360986,0.264,0.074,0,"22","SYT17"
0,1.95457939846947,0.274,0.084,0,"22","CABLES1"
0,1.54348691887058,0.274,0.086,0,"22","ZFAND6"
0,1.50606725745278,0.269,0.083,0,"22","PCSK5"
0,2.12495117928167,0.254,0.069,0,"22","NCK2"
0,1.47774157079969,0.289,0.105,0,"22","FNDC3B"
0,1.73442536527984,0.289,0.106,0,"22","SEC14L1"
0,1.30146754830398,0.274,0.092,0,"22","TPCN1"
0,1.90015458461648,0.269,0.093,0,"22","ECHDC2"
2.22044604925031e-16,0.749020445022994,0.655,0.367,5.79580827775317e-12,"22","DLC1"
2.22044604925031e-16,1.41701319106429,0.325,0.131,5.79580827775317e-12,"22","TRAK1"
2.22044604925031e-16,1.29803901481688,0.299,0.113,5.79580827775317e-12,"22","GPD2"
4.44089209850063e-16,1.14573218921494,0.452,0.217,1.15916165555063e-11,"22","GAREM1"
4.44089209850063e-16,0.985264062411352,0.34,0.132,1.15916165555063e-11,"22","PREX1"
4.44089209850063e-16,1.38893202263339,0.36,0.154,1.15916165555063e-11,"22","C1orf61"
6.66133814775094e-16,1.78979488733006,0.315,0.134,1.73874248332595e-11,"22","IPCEF1"
6.66133814775094e-16,1.4649524479596,0.274,0.102,1.73874248332595e-11,"22","CDH4"
8.88178419700125e-16,1.32329741197354,0.345,0.147,2.31832331110127e-11,"22","TBC1D22A"
1.11022302462516e-15,0.957676270414417,0.538,0.283,2.89790413887658e-11,"22","MT3"
1.11022302462516e-15,1.11054452073644,0.533,0.294,2.89790413887658e-11,"22","RPS6KA2"
1.11022302462516e-15,1.27492774067102,0.289,0.109,2.89790413887658e-11,"22","ARHGAP22"
1.77635683940025e-15,0.777161033980504,0.69,0.418,4.63664662220253e-11,"22","CDH20"
3.99680288865056e-15,1.26842003621486,0.32,0.134,1.04324548999557e-10,"22","AP002336.2"
4.21884749357559e-15,0.795245475675685,0.726,0.469,1.1012035727731e-10,"22","NTRK2"
5.55111512312578e-15,1.20419425740926,0.416,0.201,1.44895206943829e-10,"22","HS3ST4"
8.65973959207622e-15,0.649675206810247,0.437,0.19,2.26036522832374e-10,"22","KANK1"
8.88178419700125e-15,0.896687803127021,0.65,0.407,2.31832331110127e-10,"22","MBNL1"
9.32587340685131e-15,1.35383004808554,0.279,0.108,2.43423947665633e-10,"22","SYMPK"
9.54791801177635e-15,0.988968089584331,0.635,0.401,2.49219755943386e-10,"22","CACNB2"
1.02140518265514e-14,1.1392428356194,0.381,0.176,2.66607180776646e-10,"22","RB1"
1.22124532708767e-14,1.51589575746589,0.335,0.149,3.18769455276424e-10,"22","PDE3B"
2.62012633811537e-14,1.35167091361222,0.264,0.101,6.83905376774874e-10,"22","MFHAS1"
3.86357612569554e-14,1.19920998616619,0.371,0.172,1.00847064032905e-09,"22","GMDS-DT"
3.95239396766556e-14,1.25479377245958,0.279,0.109,1.03165387344006e-09,"22","SLC27A1"
4.39648317751562e-14,0.864437714589363,0.624,0.386,1.14757003899513e-09,"22","TNIK"
1.29674049276218e-13,1.54025332355549,0.325,0.15,3.38475203420785e-09,"22","AC120193.1"
1.50102152929321e-13,0.946777296519244,0.416,0.203,3.91796639576114e-09,"22","GPR75-ASB3"
2.97317725994617e-13,0.738731087142474,0.711,0.487,7.76058728391149e-09,"22","GNAQ"
3.521627434111e-13,0.890013474231483,0.279,0.109,9.19215192851652e-09,"22","RIN2"
4.12114786740858e-13,1.21535933463436,0.376,0.185,1.07570201635099e-08,"22","ARHGEF4"
4.53415083256914e-13,0.942371394319336,0.426,0.218,1.1835040503172e-08,"22","OPHN1"
4.6340709047854e-13,1.87759081619192,0.254,0.105,1.20958518756709e-08,"22","DNAH7"
5.59996493620929e-13,0.678581171798105,0.345,0.146,1.46170284764935e-08,"22","ZHX2"
7.02327085377874e-13,1.1590603033374,0.345,0.162,1.83321415825333e-08,"22","PDE7B"
7.46513961757955e-13,0.696906124057556,0.69,0.454,1.94855074298061e-08,"22","PSD3"
1.04871666906092e-12,0.938465584886736,0.315,0.137,2.73736024958282e-08,"22","GLUD1"
1.31850086404484e-12,1.21100801578776,0.254,0.101,3.44155095532983e-08,"22","GALNT2"
1.57318602589385e-12,1.00594798886949,0.401,0.205,4.10633016478812e-08,"22","PACS1"
2.02393657389166e-12,0.979534957310705,0.315,0.139,5.28287924517201e-08,"22","HSPB1"
2.82063261636267e-12,0.502922750433512,0.589,0.307,7.36241525522985e-08,"22","FBXL7"
4.04187794345034e-12,1.13497146404665,0.36,0.179,1.05501098079941e-07,"22","USP15"
4.15800727182614e-12,0.963745463974311,0.426,0.227,1.08532305809206e-07,"22","APC"
4.623412763749e-12,1.01740395168446,0.426,0.228,1.20680319959376e-07,"22","ZHX3"
6.15929529601544e-12,0.828816272051552,0.492,0.277,1.60769925816595e-07,"22","AC245297.3"
6.30229202158716e-12,0.969180812535311,0.335,0.153,1.64502426347468e-07,"22","RHOBTB3"
8.44124770082999e-12,0.933356363857573,0.274,0.115,2.20333447487064e-07,"22","PALLD"
8.51274606361585e-12,1.20253602187889,0.315,0.148,2.22199697752501e-07,"22","NAT8L"
1.05453423770996e-11,0.633729867883071,0.579,0.339,2.75254526727053e-07,"22","BAZ2B"
1.27673427385844e-11,1.07350596296297,0.36,0.176,3.33253180162529e-07,"22","ENTPD1-AS1"
1.39783740138455e-11,1.32155617242717,0.264,0.115,3.64863518509395e-07,"22","AC016716.2"
1.42719169815564e-11,1.05168783914706,0.35,0.17,3.72525577052585e-07,"22","BCKDHB"
1.6915135958584e-11,0.691680381614988,0.69,0.472,4.41518878790959e-07,"22","MKLN1"
1.70183866998741e-11,1.32171062305131,0.345,0.175,4.44213929640114e-07,"22","TAB2"
2.25719443136541e-11,1.17982453589533,0.33,0.161,5.89172890474998e-07,"22","PTPRE"
3.64930308194289e-11,0.986374781222515,0.386,0.201,9.52541090448733e-07,"22","CEP85L"
7.64956986643028e-11,1.1530166210829,0.32,0.159,1.99669072653563e-06,"22","SH3BGRL"
1.1299405855425e-10,0.928590296524454,0.294,0.133,2.94937091638303e-06,"22","ITGAV"
1.45185641287071e-10,0.724321956763768,0.371,0.184,3.78963560887513e-06,"22","SPATA6"
1.606781374619e-10,0.919172649810934,0.34,0.168,4.19402074403052e-06,"22","NAIP"
1.93661531255884e-10,1.01238293152777,0.259,0.113,5.05495328884109e-06,"22","RAMP1"
2.02557970396811e-10,1.37487376052593,0.33,0.175,5.28716814329755e-06,"22","CAMK2G"
2.22461382648476e-10,0.971838303357559,0.391,0.209,5.80668700989051e-06,"22","RBMX"
2.3245916302983e-10,0.56369764334106,0.411,0.208,6.06764907340462e-06,"22","B2M"
2.65101052221439e-10,1.10466073561261,0.289,0.138,6.91966766508401e-06,"22","LRP1"
3.08946201954541e-10,0.626569517809685,0.548,0.32,8.06411376341742e-06,"22","USP39"
3.12402104185594e-10,0.495362824487263,0.731,0.507,8.15431972345237e-06,"22","FHIT"
3.73128417052726e-10,0.813104620050396,0.396,0.212,9.73939794191025e-06,"22","NFE2L2"
4.49283943382284e-10,1.17743938300377,0.254,0.113,1.17272094901644e-05,"22","APPL2"
8.45417291728268e-10,0.82081206820708,0.355,0.184,2.20670821486912e-05,"22","MDM4"
9.06746899786981e-10,0.939165410639321,0.416,0.241,2.36679075782398e-05,"22","MEF2C-AS1"
9.24658349887864e-10,1.02341135334201,0.416,0.248,2.4135432248773e-05,"22","DAAM1"
1.21282628384733e-09,0.422045061919284,0.954,0.649,3.16571916609831e-05,"22","NRG3"
1.35177735671732e-09,1.35132126290144,0.254,0.12,3.52840925650355e-05,"22","PLEC"
1.46166256875802e-09,1.05888034918557,0.34,0.183,3.81523163697217e-05,"22","DDAH1"
1.5107639583789e-09,0.728949904625867,0.599,0.399,3.94339608416061e-05,"22","GABRB1"
1.6487011755828e-09,0.780105805170246,0.447,0.257,4.30343980850623e-05,"22","MEIS2"
1.8993868700079e-09,0.610719333654013,0.33,0.161,4.95777960809463e-05,"22","IQCK"
2.28718688433105e-09,0.686932560985137,0.35,0.174,5.97001520548091e-05,"22","PTN"
2.44766829027299e-09,0.817132480724218,0.447,0.27,6.38890377127055e-05,"22","JAZF1"
2.45715203739394e-09,0.653967870600569,0.396,0.216,6.41365824800566e-05,"22","LRP4"
2.59450505524228e-09,0.573612399328262,0.503,0.297,6.7721770951934e-05,"22","FNBP1"
2.86613155431326e-09,1.0141934155418,0.279,0.135,7.48117658306846e-05,"22","ARID1A"
2.94593704985857e-09,0.891098068335829,0.335,0.175,7.68948488754084e-05,"22","NT5C2"
3.22053672618949e-09,0.672314590375658,0.426,0.242,8.40624496269982e-05,"22","DGKG"
4.3539174487961e-09,0.990002697719339,0.284,0.14,0.000113645953248476,"22","ATF7IP"
4.45607195587172e-09,0.683167556246451,0.386,0.207,0.000116312390192164,"22","LIFR"
5.03601116363939e-09,0.519660430767438,0.467,0.264,0.000131449963393315,"22","SLC39A11"
7.44416506215373e-09,0.257537376714566,1,1,0.000194307596452337,"22","MALAT1"
7.84033593603795e-09,0.868049796693256,0.254,0.117,0.000204648448602462,"22","KLHL5"
8.71919803024923e-09,1.07490852289532,0.279,0.14,0.000227588506985565,"22","BMPR1A"
9.13114450717956e-09,0.460638448674532,0.503,0.296,0.000238341133926401,"22","FCHSD2"
9.33549615389495e-09,0.492495515834601,0.284,0.13,0.000243675120608966,"22","HEPACAM"
1.04963964187021e-08,0.982691816490808,0.259,0.124,0.000273976939320963,"22","FAM182B"
1.7645154226642e-08,1.25946279679277,0.254,0.125,0.00046057381562381,"22","MAPK4"
1.7844528743538e-08,0.96400890757583,0.32,0.172,0.00046577788926383,"22","COMMD10"
2.08585806404926e-08,1.08790424846285,0.325,0.182,0.000544450671878138,"22","SYNDIG1"
2.38113404549267e-08,0.428492251814083,0.741,0.497,0.000621523608554497,"22","MEF2C"
2.59722945372687e-08,0.923779037085692,0.34,0.193,0.000677928832011787,"22","CMIP"
2.79264666946943e-08,1.08768141307462,0.279,0.145,0.000728936633664912,"22","ITM2C"
4.20369807851984e-08,0.425759396135622,0.787,0.683,0.00109724927245525,"22","DST"
4.6653427343557e-08,0.686012989172338,0.299,0.152,0.00121774776052153,"22","AP003086.2"
4.70334766689007e-08,1.00574983259801,0.259,0.13,0.00122766780801165,"22","STX7"
5.2264935490598e-08,0.584885479221927,0.34,0.182,0.00136421934617559,"22","RAP1A"
5.93842066631822e-08,1.01106687631328,0.31,0.171,0.00155004656232238,"22","FARP1"
6.15821491578572e-08,0.625223322651232,0.315,0.165,0.00160741725731839,"22","AP3B1"
6.38916315409688e-08,0.502116852032927,0.543,0.35,0.00166769936648237,"22","PICALM"
8.58994775310151e-08,0.965391369329736,0.624,0.456,0.00224214816251456,"22","TMSB4X"
1.0946374695564e-07,0.947307204125621,0.315,0.178,0.00285722272303612,"22","REPS1"
1.31342386744393e-07,0.805351706545864,0.457,0.297,0.00342829897880215,"22","HDAC9"
1.43352866688318e-07,0.614731822116779,0.487,0.317,0.00374179652629847,"22","RBM6"
1.62819093318944e-07,0.497151728184417,0.508,0.323,0.00424990397381109,"22","NFIB"
1.65075290770034e-07,0.410921323169756,0.371,0.198,0.00430879523967942,"22","HTRA1"
1.73680809512078e-07,0.549146767765396,0.371,0.206,0.00453341648988426,"22","PTPRJ"
1.93446704654932e-07,0.705348900262049,0.492,0.329,0.00504934588490302,"22","FER"
2.13061432496886e-07,0.716024935242086,0.254,0.127,0.00556132951103372,"22","ZMAT1"
2.41298194758599e-07,1.17908584762944,0.264,0.143,0.00629836547958895,"22","ITGA9"
2.78558812460972e-07,0.623933887690399,0.538,0.371,0.00727094212285628,"22","NAV2"
2.89346488990816e-07,0.888977851496918,0.32,0.185,0.00755252205563828,"22","JARID2"
3.10960978300301e-07,0.611975455109577,0.482,0.311,0.00811670345559445,"22","SON"
3.20401461806341e-07,0.666399207232265,0.355,0.209,0.00836311895606912,"22","TENT2"
3.22081326054047e-07,0.738689607860206,0.299,0.164,0.00840696677266273,"22","RALGAPA2"
3.2782427816791e-07,0.691501951435555,0.437,0.281,0.00855686930873878,"22","PIAS1"
3.86684823494576e-07,0.903497701699167,0.391,0.254,0.0100932472628554,"22","MED12L"
3.94326395092293e-07,0.905947854388836,0.279,0.15,0.010292707564699,"22","LPIN1"
4.04878256032859e-07,0.705721599623041,0.406,0.255,0.0105681322389697,"22","PHF21A"
4.87900765344662e-07,0.814349262847859,0.487,0.338,0.0127351857770264,"22","NFAT5"
5.40121799730287e-07,0.817311819784338,0.264,0.139,0.0140982592165599,"22","ENO1"
5.93347777577691e-07,0.835606887168573,0.269,0.145,0.0154875636903329,"22","AKAP10"
7.95133054731778e-07,0.496013410695411,0.726,0.566,0.0207545629946089,"22","FTL"
8.04456470104853e-07,0.465152843885412,0.624,0.462,0.0209979227826769,"22","CHD9"
8.09027651982319e-07,0.509518687348945,0.543,0.381,0.0211172397720425,"22","FUT9"
8.41121098327235e-07,0.748825155528411,0.33,0.193,0.0219549429085375,"22","NMT1"
9.64622755006417e-07,0.534721438601076,0.431,0.27,0.0251785831511775,"22","NAALADL2"
1.0024102443662e-06,0.807361627435343,0.264,0.142,0.0261649121984466,"22","DENND4C"
1.0306332443033e-06,0.412394041950557,0.614,0.439,0.0269015889428048,"22","ZSWIM6"
1.13588809980136e-06,0.673824917141661,0.35,0.207,0.0296489511810152,"22","PLEKHA7"
1.14118762928328e-06,0.472365752945981,0.411,0.247,0.0297872794995522,"22","GAB2"
1.40159644357318e-06,0.508488869642413,0.33,0.187,0.0365844703701472,"22","WDFY2"
1.57691043112251e-06,0.910917876688895,0.254,0.139,0.0411605160731598,"22","ANKS1A"
1.61428906131356e-06,0.756107864937684,0.355,0.22,0.0421361730784064,"22","DCLK2"
1.8563754584644e-06,0.600732120685471,0.305,0.172,0.0484551122168377,"22","SDK1"
0,3.07782345622304,0.942,0.096,0,"23","VCAN"
0,2.97612591425192,0.949,0.124,0,"23","LHFPL3"
0,2.63845106615798,0.981,0.184,0,"23","PTPRZ1"
0,2.56699020182258,0.955,0.163,0,"23","PCDH15"
0,2.6771323196266,0.923,0.223,0,"23","TNR"
0,2.17166162614246,0.84,0.171,0,"23","PARD3"
0,1.97783484256675,0.885,0.24,0,"23","MAML2"
0,1.60262812745003,0.833,0.193,0,"23","ADGRV1"
0,1.70459673648162,0.878,0.239,0,"23","PITPNC1"
0,1.87526471504655,0.91,0.272,0,"23","SLC1A2"
0,2.27338490896844,0.788,0.154,0,"23","SOX6"
0,2.28193307354267,0.731,0.105,0,"23","HIF3A"
0,2.42403279175154,0.75,0.132,0,"23","LUZP2"
0,1.97092238963735,0.814,0.218,0,"23","OPHN1"
0,1.41633286810943,0.968,0.373,0,"23","GRID2"
0,1.34985018600287,0.872,0.288,0,"23","SLC1A3"
0,3.18251430971947,0.622,0.039,0,"23","AC004852.2"
0,2.0104951106664,0.814,0.242,0,"23","DGKG"
0,2.0289508553268,0.724,0.154,0,"23","NKAIN3"
0,1.68210034283222,0.679,0.118,0,"23","NXPH1"
0,1.26597803437711,0.718,0.157,0,"23","GRIK1"
0,1.44112896452333,0.75,0.193,0,"23","RYR3"
0,0.96075985629719,0.859,0.307,0,"23","FBXL7"
0,1.70215500083063,0.821,0.269,0,"23","BRINP3"
0,1.54773267214108,0.821,0.27,0,"23","GPC5"
0,1.7573815268454,0.981,0.434,0,"23","DSCAM"
0,1.98090174806739,0.737,0.197,0,"23","CA10"
0,1.75220885741007,0.673,0.134,0,"23","ATP1A2"
0,1.92521407351341,0.686,0.149,0,"23","CHST11"
0,2.41088687346347,0.622,0.091,0,"23","SEMA5A"
0,1.42118561369628,0.968,0.439,0,"23","SOX5"
0,2.23662441105319,0.692,0.167,0,"23","XYLT1"
0,1.725564252232,0.853,0.332,0,"23","SLC35F1"
0,1.38640642267432,0.968,0.448,0,"23","DTNA"
0,1.83720916429746,0.84,0.324,0,"23","MMP16"
0,1.84623240633286,1,0.487,0,"23","LRRC4C"
0,1.71601758528133,0.635,0.125,0,"23","AQP4"
0,2.20240098214306,0.622,0.113,0,"23","LINC00511"
0,2.15890524427969,0.654,0.147,0,"23","KCNMB2-AS1"
0,1.76927331951684,0.66,0.154,0,"23","GFAP"
0,1.70433336733826,0.686,0.183,0,"23","GLIS3"
0,1.18302747083961,0.917,0.418,0,"23","CDH20"
0,1.62000998471404,0.763,0.265,0,"23","GALNT13"
0,1.57419686694249,0.66,0.162,0,"23","SAMD4A"
0,1.49440388439407,0.827,0.333,0,"23","PRKCA"
0,1.48560340672993,0.769,0.278,0,"23","FYN"
0,1.44816092610746,0.737,0.248,0,"23","AL589740.1"
0,1.40699834742577,0.724,0.236,0,"23","ITPR2"
0,1.96484230286572,0.596,0.109,0,"23","RFX4"
0,1.42955629292165,0.756,0.27,0,"23","CST3"
0,1.90416950951774,0.609,0.125,0,"23","TMEM132C"
0,1.27457840255007,0.955,0.473,0,"23","AC092691.1"
0,1.57942390606907,0.929,0.449,0,"23","NRCAM"
0,1.76783223545555,0.583,0.104,0,"23","COL5A3"
0,1.79011531209785,0.59,0.115,0,"23","TPD52L1"
0,1.3459424260473,0.795,0.322,0,"23","PDZD2"
0,1.88384145760805,0.558,0.089,0,"23","RNF219-AS1"
0,2.40400989903567,0.538,0.07,0,"23","SMOC1"
0,1.67798345990558,0.583,0.118,0,"23","GJA1"
0,1.20318954771657,0.724,0.259,0,"23","MT2A"
0,1.16195433805024,0.878,0.415,0,"23","NFIA"
0,1.05365088674813,0.846,0.385,0,"23","KCND2"
0,1.25375847453522,0.679,0.224,0,"23","MSI2"
0,0.97012426369602,0.718,0.263,0,"23","DCC"
0,1.02083022676924,0.827,0.375,0,"23","SCD5"
0,1.12779944818665,0.75,0.3,0,"23","NAV1"
0,1.42230567881432,0.821,0.371,0,"23","NAV2"
0,0.695231384937343,0.987,0.537,0,"23","OPCML"
0,1.73774598782451,0.603,0.154,0,"23","C1orf61"
0,1.27728630729967,0.705,0.256,0,"23","LPP"
0,1.56442030273922,0.615,0.167,0,"23","KAT2B"
0,1.29741494765285,0.603,0.157,0,"23","OLIG1"
0,1.2863838065002,0.686,0.245,0,"23","EPN2"
0,1.41215900428913,0.66,0.223,0,"23","CSGALNACT1"
0,1.21030971568417,0.769,0.332,0,"23","CPE"
0,1.77691993518178,0.532,0.096,0,"23","ALK"
0,0.938071706152729,0.75,0.314,0,"23","PRKG1"
0,0.975555390507685,0.962,0.527,0,"23","NEAT1"
0,1.06018419557802,0.622,0.19,0,"23","KANK1"
0,0.795790420583474,0.974,0.542,0,"23","ERBB4"
0,1.43055821643258,0.558,0.128,0,"23","PREX2"
0,1.60670321551004,0.641,0.212,0,"23","SEZ6L"
0,1.40890836497686,0.564,0.136,0,"23","GRAMD2B"
0,1.31014484390823,0.731,0.306,0,"23","SGCD"
0,1.12449233271071,0.603,0.182,0,"23","APOE"
0,1.05440497514611,0.686,0.267,0,"23","TRPS1"
0,1.40881386366405,0.615,0.197,0,"23","AHCYL1"
0,0.468666369776461,0.628,0.213,0,"23","ADARB2"
0,0.834674858487475,0.724,0.309,0,"23","KIF13A"
0,1.59297925678165,0.551,0.137,0,"23","CRB1"
0,0.984157765931787,0.801,0.388,0,"23","GRM7"
0,1.73426242161577,0.532,0.119,0,"23","ATP1B2"
0,1.17459398433009,0.731,0.321,0,"23","CHL1"
0,1.42701083444188,0.545,0.137,0,"23","PARD3B"
0,1.64383157702497,0.538,0.131,0,"23","SLC4A4"
0,1.179192645199,0.718,0.311,0,"23","REV3L"
0,0.912122976851009,0.878,0.472,0,"23","MKLN1"
0,0.702716614235664,0.667,0.263,0,"23","APOD"
0,0.6977107217759,0.782,0.378,0,"23","ASTN2"
0,1.25936314243004,0.769,0.365,0,"23","NEBL"
0,1.38271630423702,0.66,0.258,0,"23","ZEB1"
0,1.12329511761402,0.91,0.509,0,"23","CLU"
0,0.877201113737468,0.724,0.323,0,"23","NFIB"
0,1.65299590830497,0.545,0.145,0,"23","ZNRF3"
0,1.87880113985418,0.494,0.098,0,"23","HPSE2"
0,0.99862799714959,0.981,0.587,0,"23","CTNNA2"
0,1.23505661899866,0.974,0.58,0,"23","GPM6A"
0,0.799750592634413,0.833,0.439,0,"23","CSMD3"
0,0.872452336256356,0.75,0.358,0,"23","NTRK3"
0,1.36986207174958,0.699,0.307,0,"23","ZFPM2"
0,1.06024428664139,0.827,0.436,0,"23","NOVA1"
0,1.10987144700418,0.673,0.283,0,"23","MT3"
0,1.56254373673622,0.494,0.104,0,"23","LRIG1"
0,1.27819706919774,0.949,0.56,0,"23","RORA"
0,0.641181435376961,0.622,0.234,0,"23","HIP1"
0,1.05952396735769,0.583,0.197,0,"23","HTRA1"
0,0.967438174575385,0.865,0.48,0,"23","DPP6"
0,1.22651111568891,0.558,0.174,0,"23","PTN"
0,2.23646420480677,0.494,0.11,0,"23","COL11A1"
0,1.54790252839165,0.513,0.129,0,"23","ZNF462"
0,2.10352012770538,0.462,0.079,0,"23","GRAMD1C"
0,2.01853194974956,0.455,0.074,0,"23","GPR37L1"
0,0.531816012980062,0.609,0.229,0,"23","SGCZ"
0,1.83561297088675,0.455,0.08,0,"23","RANBP3L"
0,0.647017997490097,0.724,0.35,0,"23","DAB1"
0,0.89661153261322,0.974,0.6,0,"23","ZBTB20"
0,1.12056435116777,0.705,0.333,0,"23","ADCY2"
0,0.602446370116446,0.878,0.507,0,"23","FHIT"
0,1.18871188854644,0.5,0.13,0,"23","ITPKB"
0,1.00584296526496,0.756,0.386,0,"23","TNIK"
0,1.90620400415154,0.436,0.066,0,"23","LINC00499"
0,1.51376555890383,0.532,0.162,0,"23","PDE7B"
0,1.1057866035837,0.859,0.49,0,"23","MACF1"
0,0.639659865921471,0.635,0.266,0,"23","GLUL"
0,1.02622976311199,0.526,0.157,0,"23","PON2"
0,2.48521500552803,0.417,0.048,0,"23","MEGF11"
0,1.55082451770161,0.577,0.209,0,"23","NLGN4X"
0,1.34773697439323,0.513,0.146,0,"23","CD81"
0,1.92900456097314,0.455,0.09,0,"23","BCAN"
0,0.929800366417942,0.59,0.226,0,"23","SASH1"
0,1.70736654904676,0.481,0.117,0,"23","TCF7L2"
0,1.08041346701819,0.673,0.31,0,"23","NLGN4Y"
0,1.58865916358337,0.494,0.131,0,"23","TRAK1"
0,0.997828323438631,0.59,0.228,0,"23","TOX"
0,0.85402074665683,0.917,0.555,0,"23","CADM1"
0,1.34592365200079,0.468,0.109,0,"23","RIN2"
0,3.32857247966885,0.385,0.026,0,"23","STK32A"
0,0.914093658076749,0.603,0.244,0,"23","TRPM3"
0,0.900087965940078,0.827,0.469,0,"23","NTRK2"
0,1.31379128863496,0.526,0.17,0,"23","BCKDHB"
0,2.43516482934954,0.404,0.049,0,"23","ARHGAP42"
0,0.98265223768264,0.718,0.363,0,"23","PTPRG"
0,0.770951386385718,0.519,0.164,0,"23","ATP10B"
0,0.874909539335293,1,0.647,0,"23","NRXN1"
0,0.747428584303535,0.949,0.597,0,"23","MIR99AHG"
0,2.11479705752575,0.41,0.06,0,"23","ARHGAP31"
0,1.67176432947063,0.462,0.113,0,"23","RAMP1"
0,1.34789069650015,0.545,0.197,0,"23","ATP2B4"
0,1.3539893516838,0.532,0.185,0,"23","ARHGEF4"
0,0.888366735922224,0.667,0.32,0,"23","CPEB4"
0,1.29899594301407,0.5,0.153,0,"23","RHOBTB3"
0,1.85605537282119,0.423,0.076,0,"23","SLC24A3"
0,1.69763366617425,0.417,0.072,0,"23","NHSL1"
0,1.07904180160037,0.571,0.227,0,"23","APC"
0,1.56016813504178,0.429,0.086,0,"23","BMPR1B"
0,1.159846898973,0.558,0.216,0,"23","LRP4"
0,1.3731601496494,0.487,0.145,0,"23","ZFHX3"
0,1.23853790513335,0.686,0.345,0,"23","SORBS1"
0,0.899698656533819,0.532,0.191,0,"23","FIGN"
0,2.03736846034424,0.404,0.064,0,"23","EGFR"
0,2.05579184154256,0.417,0.077,0,"23","RAB31"
0,0.912814205924334,0.551,0.212,0,"23","PDZRN4"
0,0.688751472679416,0.936,0.597,0,"23","WWOX"
0,0.748732400101384,0.596,0.257,0,"23","MEIS2"
0,0.834184637561013,0.801,0.463,0,"23","NCOA1"
0,1.99730026174289,0.404,0.066,0,"23","GNA14"
0,1.54106984259807,0.481,0.145,0,"23","ITM2C"
0,1.02419606601121,0.481,0.146,0,"23","ZHX2"
0,1.29891691817587,0.487,0.153,0,"23","DOCK7"
0,1.64289747844965,0.462,0.129,0,"23","PID1"
0,0.64596779096684,0.571,0.238,0,"23","SLC9A9"
0,0.772216016184743,0.532,0.2,0,"23","NDRG2"
0,1.13332470106258,0.442,0.111,0,"23","MT1E"
0,0.914982369062395,0.731,0.401,0,"23","CACNB2"
0,1.92934551367772,0.404,0.075,0,"23","BCL6"
0,1.02163111050636,0.583,0.254,0,"23","MED12L"
0,1.89637233069598,0.41,0.081,0,"23","PDLIM5"
0,1.87510383141068,0.397,0.069,0,"23","ADGRG1"
0,0.786869425811678,0.596,0.27,0,"23","NAALADL2"
0,1.85674309066729,0.391,0.066,0,"23","ATP13A4"
0,1.18030201843718,0.994,0.671,0,"23","NPAS3"
0,1.61327997512705,0.436,0.114,0,"23","SERPINE2"
0,1.67547915698678,0.41,0.093,0,"23","WLS"
0,1.73509677635976,0.404,0.088,0,"23","MTSS1L"
0,0.810211819892168,0.487,0.171,0,"23","SLC6A1-AS1"
0,1.59112217472899,0.442,0.127,0,"23","AL445250.1"
0,0.979794189574912,0.532,0.218,0,"23","PRKD1"
0,1.06010174583194,0.981,0.668,0,"23","NTM"
0,1.12958272842806,0.532,0.22,0,"23","DCLK2"
0,1.0189385669412,0.513,0.201,0,"23","CEP85L"
0,2.21901111231308,0.359,0.048,0,"23","ALDH1L1"
0,1.37592051124386,0.449,0.138,0,"23","LRP1"
0,1.0828222038391,0.564,0.253,0,"23","ZDHHC14"
0,0.675140927086309,0.494,0.184,0,"23","LMCD1-AS1"
0,0.663572950304672,0.417,0.108,0,"23","ARHGAP24"
0,0.905911989214037,0.968,0.66,0,"23","NLGN1"
0,0.895197891803522,0.513,0.206,0,"23","LIFR"
0,1.26837015302691,0.468,0.162,0,"23","USP24"
0,1.75423543145814,0.372,0.066,0,"23","NPL"
0,0.852390379510963,0.942,0.637,0,"23","ADGRL3"
0,1.14266078186899,0.455,0.151,0,"23","TTYH1"
0,1.57323867011239,0.423,0.119,0,"23","NTNG1"
0,2.15699715689132,0.365,0.061,0,"23","UST"
0,1.63480287396008,0.359,0.055,0,"23","OLIG2"
0,1.82679778898662,0.372,0.069,0,"23","KCNIP1"
0,1.65513741190592,0.372,0.07,0,"23","FGFR3"
0,2.01283780461235,0.365,0.063,0,"23","ANGPTL4"
0,0.778972979212327,0.417,0.116,0,"23","LRMDA"
0,1.02284177377959,0.994,0.696,0,"23","LRP1B"
0,0.945335159965652,0.526,0.228,0,"23","ZHX3"
0,1.20673756519843,0.481,0.183,0,"23","RNF150"
0,1.85607124070343,0.353,0.055,0,"23","SLC14A1"
0,1.59623753930333,0.391,0.094,0,"23","SCRG1"
0,0.961098759858251,0.519,0.223,0,"23","AHCYL2"
0,1.70709730229956,0.346,0.05,0,"23","IGFBP7"
0,0.996171423162184,0.506,0.211,0,"23","ASPH"
0,1.78081429725575,0.359,0.066,0,"23","SLC7A11"
0,0.804196000812126,0.474,0.182,0,"23","CRADD"
0,1.12413142020852,0.462,0.171,0,"23","CASK"
0,1.28007573201867,0.417,0.126,0,"23","ZMAT1"
0,1.65968810656382,0.359,0.068,0,"23","SPON1"
0,1.6929747707309,0.365,0.074,0,"23","MIR4300HG"
0,1.27701059759621,0.391,0.101,0,"23","LDLRAD3"
0,1.00164404259687,0.41,0.121,0,"23","PLPPR1"
0,1.17980125009084,0.481,0.192,0,"23","KLF12"
0,2.9413462780587,0.308,0.02,0,"23","FERMT1"
0,0.815931494741044,0.41,0.123,0,"23","ZFHX4"
0,2.90770092100477,0.308,0.022,0,"23","COL9A1"
0,1.90082446964702,0.34,0.056,0,"23","ACSS3"
0,1.00254672955186,0.417,0.133,0,"23","ITGAV"
0,2.0702156074552,0.346,0.062,0,"23","FGFR1"
0,1.49986475947321,0.353,0.069,0,"23","ZNF98"
0,1.17912564703296,0.378,0.096,0,"23","RASSF8"
0,1.67414100484762,0.417,0.135,0,"23","MPPED2"
0,1.68200505873739,0.327,0.049,0,"23","F3"
0,1.86708096364805,0.327,0.05,0,"23","RGS20"
0,1.27665919013861,0.442,0.165,0,"23","ABHD2"
0,0.842258756109946,0.385,0.109,0,"23","TANC1"
0,1.25878343106141,0.372,0.097,0,"23","COL16A1"
0,1.543059039844,0.365,0.09,0,"23","CACHD1"
0,0.812119290967291,0.936,0.662,0,"23","CTNND2"
0,0.992175879480279,0.397,0.123,0,"23","HIP1R"
0,2.16479674781402,0.321,0.047,0,"23","APCDD1"
0,0.932050903952648,0.449,0.176,0,"23","PTCHD1-AS"
0,1.11310577100072,0.359,0.086,0,"23","ZCCHC24"
0,1.17617673704791,0.487,0.214,0,"23","NOL4"
0,1.53116708829776,0.378,0.106,0,"23","MARCKS"
0,1.11783992400123,0.436,0.165,0,"23","C1orf21"
0,1.07200253249433,0.429,0.158,0,"23","MGST1"
0,1.9522575613987,0.327,0.057,0,"23","SUCLG2-AS1"
0,1.45415209061821,0.346,0.076,0,"23","LINC00299"
0,1.75003714305647,0.353,0.083,0,"23","LRRN1"
0,0.953685882671139,0.41,0.143,0,"23","IPO9-AS1"
0,0.908042984986893,0.372,0.105,0,"23","CHD7"
0,1.44423337841169,0.327,0.06,0,"23","ZFP36L1"
0,2.37634166326923,0.308,0.042,0,"23","PLPP4"
0,1.18973373841633,0.397,0.131,0,"23","MTMR3"
0,1.24010979634707,0.378,0.113,0,"23","GPD2"
0,1.17058497966631,0.436,0.171,0,"23","FARP1"
0,1.03305000323562,0.359,0.095,0,"23","PLXNB1"
0,1.51775862040543,0.378,0.115,0,"23","AC016716.2"
0,1.87348513687886,0.321,0.058,0,"23","CCDC50"
0,0.945450280717504,0.34,0.078,0,"23","KCNJ10"
0,1.10950628060168,0.353,0.091,0,"23","METTL7A"
0,1.64990248074727,0.346,0.084,0,"23","CABLES1"
0,1.00027431835694,0.372,0.111,0,"23","FOXO1"
0,1.04279320231143,0.417,0.157,0,"23","SFXN5"
0,1.4194401946319,0.397,0.137,0,"23","TNK2"
0,0.640043948797123,0.404,0.144,0,"23","STK3"
0,0.973709351687698,0.397,0.137,0,"23","GLUD1"
0,1.9734801480476,0.314,0.056,0,"23","ETV1"
0,1.50914221121486,0.365,0.107,0,"23","LRRK2"
0,1.3472395126419,0.372,0.115,0,"23","PALLD"
0,1.40573801116309,0.333,0.077,0,"23","MT1X"
0,1.92116526107924,0.308,0.053,0,"23","PAMR1"
0,1.7031791232171,0.34,0.086,0,"23","MGLL"
0,2.59747817942663,0.282,0.028,0,"23","PHLDA1"
0,1.63619588718045,0.321,0.068,0,"23","LRRC3B"
0,1.3078152109893,0.308,0.058,0,"23","DISC1"
0,1.71239639745865,0.301,0.051,0,"23","FAM189A2"
0,1.51488768061992,0.333,0.083,0,"23","PCSK5"
0,1.93908167577916,0.301,0.051,0,"23","ACSBG1"
0,1.70286807937804,0.308,0.06,0,"23","SEMA3E"
0,1.43838970814757,0.359,0.112,0,"23","FAM184A"
0,0.749144923049263,0.365,0.118,0,"23","FGD4"
0,1.40976829622356,0.321,0.075,0,"23","FAM107A"
0,1.4205211455345,0.314,0.07,0,"23","EGLN3"
0,1.38815661491059,0.333,0.091,0,"23","NCAN"
0,1.18752685739725,0.314,0.072,0,"23","ZBTB20-AS5"
0,1.68371773287968,0.288,0.047,0,"23","STON2"
0,1.47681213034482,0.365,0.125,0,"23","MAPK4"
0,1.96282689120654,0.282,0.042,0,"23","EFEMP1"
0,1.69761526717039,0.314,0.075,0,"23","PLOD2"
0,0.996561976205145,0.378,0.139,0,"23","HSPB1"
0,1.85511472821163,0.282,0.043,0,"23","SDC4"
0,0.955783356731319,0.359,0.121,0,"23","SLC6A1"
0,0.901433119610188,0.353,0.116,0,"23","IL6ST"
0,1.78576663689449,0.288,0.052,0,"23","ADRA1A"
0,1.5353497476127,0.282,0.046,0,"23","EMX2"
0,1.46391189935858,0.295,0.06,0,"23","ACACB"
0,1.28762845666021,0.308,0.074,0,"23","MYO10"
0,1.47406585223098,0.321,0.088,0,"23","OLFM2"
0,1.83045854861174,0.282,0.05,0,"23","NOTCH2"
0,1.35159050701853,0.301,0.069,0,"23","HLA-A"
0,1.29603973822143,0.333,0.102,0,"23","CDH4"
0,1.6511625044779,0.321,0.09,0,"23","KIF26B"
0,2.51283114593278,0.263,0.033,0,"23","CALCRL"
0,1.43950691919617,0.295,0.065,0,"23","GOLIM4"
0,1.38812045939224,0.282,0.052,0,"23","GALNT10"
0,1.61699875265931,0.288,0.059,0,"23","AGT"
0,1.20866241143997,0.353,0.124,0,"23","FAM182B"
0,1.42043369801256,0.288,0.06,0,"23","PRKCA-AS1"
0,1.2764868031721,0.308,0.082,0,"23","AC002429.2"
0,1.86075031887731,0.301,0.077,0,"23","ANTXR1"
0,2.0728363861222,0.263,0.04,0,"23","PLSCR4"
0,1.89027231396327,0.263,0.041,0,"23","SLCO1C1"
0,1.0146682410594,1,0.778,0,"23","LSAMP"
0,1.54757150185186,0.288,0.066,0,"23","METRN"
0,1.48635188963729,0.276,0.055,0,"23","ARHGEF26"
0,1.30234692071124,0.276,0.056,0,"23","PLPP3"
0,2.05997988130968,0.25,0.03,0,"23","ETNPPL"
0,1.45396586080217,0.276,0.057,0,"23","NACC2"
0,1.31936810813094,0.276,0.057,0,"23","MT1M"
0,1.57843250773266,0.288,0.069,0,"23","SLC6A11"
0,1.92593966317834,0.263,0.045,0,"23","ITGB4"
0,1.41014850241185,0.282,0.065,0,"23","LTBP1"
0,1.24638443986386,0.282,0.065,0,"23","PMP2"
0,1.99002000409821,0.269,0.054,0,"23","PRRX1"
0,1.51518513538649,0.295,0.08,0,"23","CREM"
0,0.940921115775125,0.282,0.067,0,"23","EPS8"
0,1.58154858616113,0.288,0.073,0,"23","ADAMTS17"
0,1.17822478263765,0.321,0.107,0,"23","CNTNAP3B"
0,1.50720480495389,0.282,0.068,0,"23","TUBB2B"
0,1.33429251901224,0.301,0.089,0,"23","ADCY8"
0,1.86468189238287,0.25,0.039,0,"23","SLC39A12"
0,1.60666177934143,0.25,0.039,0,"23","COLEC12"
0,1.07734378775925,0.301,0.093,0,"23","B4GALNT4"
0,1.67711703520787,0.282,0.074,0,"23","SYT17"
0,0.699219757987622,0.288,0.082,0,"23","TXNIP"
0,1.46168008284761,0.282,0.076,0,"23","KCNN3"
0,1.28587770895191,0.308,0.103,0,"23","SHROOM3"
0,1.60879963153881,0.269,0.066,0,"23","GNA12"
0,1.19733192975702,0.276,0.074,0,"23","AC108866.1"
0,1.15280393497789,0.282,0.081,0,"23","PTAR1"
0,0.770275840365866,0.276,0.076,0,"23","DDR1"
0,1.55201999558109,0.295,0.095,0,"23","PDGFC"
0,0.826510746078854,0.282,0.082,0,"23","CECR2"
0,1.40913022835209,0.25,0.051,0,"23","ADGRA3"
0,1.48714097212049,0.269,0.071,0,"23","ACOT11"
0,1.83630170515726,0.256,0.059,0,"23","MPZL1"
0,1.59420192584921,0.25,0.054,0,"23","TGFB2"
0,1.28459804430961,0.256,0.061,0,"23","SOX8"
0,1.49126529659845,0.276,0.081,0,"23","EEF2K"
0,1.4691456368669,0.25,0.063,0,"23","MCC"
0,1.53063248204306,0.256,0.071,0,"23","PTCHD1"
0,1.58080217508408,0.256,0.073,0,"23","SLC1A1"
2.22044604925031e-16,0.84450249969473,0.731,0.391,5.79580827775317e-12,"23","FMN2"
2.22044604925031e-16,0.784743932314791,0.481,0.196,5.79580827775317e-12,"23","BCL2"
2.22044604925031e-16,1.01572487603821,0.5,0.217,5.79580827775317e-12,"23","LHFPL6"
2.22044604925031e-16,1.29346404030029,0.327,0.116,5.79580827775317e-12,"23","TIMP3"
2.22044604925031e-16,1.15133213678916,0.288,0.092,5.79580827775317e-12,"23","UTRN"
2.22044604925031e-16,0.942880821821976,0.263,0.078,5.79580827775317e-12,"23","SH3PXD2B"
2.22044604925031e-16,1.42641460568726,0.263,0.081,5.79580827775317e-12,"23","NUPL2"
2.22044604925031e-16,1.33767120033678,0.263,0.081,5.79580827775317e-12,"23","ZMIZ1"
4.44089209850063e-16,1.02112702009978,0.474,0.203,1.15916165555063e-11,"23","CSMD2"
4.44089209850063e-16,1.11288622233984,0.391,0.153,1.15916165555063e-11,"23","BAALC"
4.44089209850063e-16,1.13955013118802,0.353,0.129,1.15916165555063e-11,"23","STIM2"
4.44089209850063e-16,1.08793239662403,0.327,0.115,1.15916165555063e-11,"23","AKAP13"
6.66133814775094e-16,0.843663080808706,0.397,0.15,1.73874248332595e-11,"23","SPRED1"
6.66133814775094e-16,1.01156156613203,0.365,0.137,1.73874248332595e-11,"23","ETV6"
6.66133814775094e-16,1.16303882634203,0.308,0.105,1.73874248332595e-11,"23","FNDC3B"
8.88178419700125e-16,0.763295576569505,0.853,0.482,2.31832331110127e-11,"23","CNTN1"
8.88178419700125e-16,0.675104182916875,0.821,0.472,2.31832331110127e-11,"23","SPARCL1"
8.88178419700125e-16,0.782279533912975,0.609,0.294,2.31832331110127e-11,"23","RPS6KA2"
1.11022302462516e-15,1.1001564373912,0.365,0.138,2.89790413887658e-11,"23","SORCS3"
1.11022302462516e-15,1.3019111154333,0.288,0.096,2.89790413887658e-11,"23","FAM110B"
1.11022302462516e-15,0.760349744963534,0.282,0.092,2.89790413887658e-11,"23","ST6GAL1"
1.33226762955019e-15,0.815261432704899,0.538,0.246,3.4774849666519e-11,"23","CARMIL1"
1.55431223447522e-15,0.467668924485134,0.904,0.476,4.05706579442722e-11,"23","SNTG1"
1.77635683940025e-15,0.677170427078621,0.551,0.253,4.63664662220253e-11,"23","XKR4"
1.77635683940025e-15,0.788641822996932,0.288,0.091,4.63664662220253e-11,"23","AC087564.1"
2.44249065417534e-15,0.595168943421138,0.679,0.32,6.37538910552848e-11,"23","USP39"
3.33066907387547e-15,0.840297150606256,0.744,0.423,8.69371241662975e-11,"23","TRIM9"
3.99680288865056e-15,1.04753024013723,0.295,0.101,1.04324548999557e-10,"23","MFHAS1"
4.44089209850063e-15,0.888259669026291,0.474,0.208,1.15916165555063e-10,"23","KANSL1L"
4.44089209850063e-15,0.849436411343336,0.321,0.112,1.15916165555063e-10,"23","WDR11"
5.55111512312578e-15,0.49572495577865,0.378,0.136,1.44895206943829e-10,"23","ZNF608"
7.105427357601e-15,0.717088326997239,0.308,0.104,1.85465864888101e-10,"23","AC053527.1"
7.54951656745106e-15,0.929009176373564,0.596,0.307,1.97057481443608e-10,"23","ASAP1"
8.21565038222616e-15,0.596659618305914,0.455,0.184,2.14444906276867e-10,"23","SPATA6"
8.21565038222616e-15,0.765889971929172,0.397,0.152,2.14444906276867e-10,"23","PLD5"
8.43769498715119e-15,0.649981815754286,0.603,0.283,2.2024071455462e-10,"23","PHYHIPL"
8.43769498715119e-15,1.05639346911887,0.429,0.183,2.2024071455462e-10,"23","DDAH1"
8.65973959207622e-15,0.787406108931375,0.282,0.091,2.26036522832374e-10,"23","TBL1X"
8.88178419700125e-15,0.555635595636996,0.462,0.187,2.31832331110127e-10,"23","WDFY2"
1.35447209004269e-14,0.408396204700812,0.397,0.147,3.53544304942943e-10,"23","FOXN2"
2.57571741713036e-14,0.629434622254588,0.34,0.122,6.72313760219367e-10,"23","SRGAP1"
2.59792187762287e-14,0.809192540597096,0.365,0.14,6.78109568497121e-10,"23","BMPR1A"
2.73114864057789e-14,0.63926108166595,0.577,0.27,7.1288441816364e-10,"23","PHACTR3"
2.73114864057789e-14,0.58258464818873,0.558,0.255,7.1288441816364e-10,"23","PHF21A"
2.8643754035329e-14,1.1426838538398,0.288,0.101,7.47659267830159e-10,"23","APC2"
2.90878432451791e-14,1.05242558452188,0.282,0.096,7.59250884385665e-10,"23","LSAMP-AS1"
6.19504447740837e-14,0.628502462305821,0.571,0.271,1.61703050949313e-09,"23","PEAK1"
7.52731210695856e-14,0.850768651266115,0.353,0.135,1.96477900615832e-09,"23","ARID1A"
9.52571355128384e-14,0.920629120965093,0.41,0.176,2.48640175115611e-09,"23","RNF19A"
1.0724754417879e-13,1.00408755663738,0.372,0.152,2.79937539815478e-09,"23","HMBOX1"
1.12132525487141e-13,0.786704790659873,0.487,0.223,2.92688318026535e-09,"23","ABLIM1"
1.25677246387568e-13,1.19302607310177,0.327,0.127,3.28042748520829e-09,"23","EPHB1"
1.49436019114546e-13,0.693472764924663,0.263,0.086,3.90057897092788e-09,"23","CBFB"
1.54765089632747e-13,0.870923941996653,0.494,0.235,4.03967836959396e-09,"23","CHPT1"
1.65645275274073e-13,0.464586098340992,0.846,0.45,4.32367297520386e-09,"23","MDGA2"
1.7874590696465e-13,0.674249206971813,0.353,0.136,4.6656256635913e-09,"23","THSD7A"
1.90070181815827e-13,0.641272473074421,0.75,0.439,4.96121188575671e-09,"23","ZSWIM6"
1.90958360235527e-13,0.777771873160792,0.359,0.141,4.98439511886772e-09,"23","HSD17B12"
2.31370478331883e-13,0.793221684722635,0.494,0.23,6.0392322254188e-09,"23","MAP3K5"
2.96429547574917e-13,0.688163978518345,0.558,0.27,7.73740405080048e-09,"23","NCOA2"
3.08197911635943e-13,0.835080524896499,0.449,0.202,8.0445818895214e-09,"23","GPC6"
3.21076498721595e-13,0.806142513759418,0.385,0.158,8.38073876963108e-09,"23","MTSS1"
3.35953487251572e-13,0.881512912423683,0.372,0.153,8.76905792424054e-09,"23","GABBR1"
4.68958205601666e-13,0.517395057813951,0.385,0.153,1.22407470826147e-08,"23","BBS2"
5.23581178413224e-13,0.585221966619819,0.468,0.206,1.3666515918942e-08,"23","PTPRJ"
5.44897460486027e-13,0.479580139899296,0.923,0.568,1.42229135136063e-08,"23","DPP10"
5.64659430324355e-13,0.760995347649653,0.256,0.085,1.47387404503263e-08,"23","AC104596.1"
9.53237488943159e-13,0.65860816392301,0.455,0.204,2.48814049363943e-08,"23","TAPT1-AS1"
1.241007296926e-12,0.296612129675267,0.462,0.189,3.23927724643625e-08,"23","DOCK1"
1.45927714356731e-12,0.500101250574035,0.269,0.091,3.80900520013938e-08,"23","WIPF1"
1.48547840694846e-12,0.816579348889645,0.622,0.342,3.87739573781687e-08,"23","PPP1R9A"
1.51523238400841e-12,0.838571854678579,0.378,0.161,3.95505956873876e-08,"23","PTPRE"
2.16116013973533e-12,0.832258991626864,0.269,0.095,5.64106019673716e-08,"23","RASSF4"
2.3001600624184e-12,0.604464726340677,0.481,0.224,6.00387779492451e-08,"23","ITSN1"
2.3143709171336e-12,0.460381593307707,0.474,0.211,6.04097096790213e-08,"23","FKBP5"
2.31681340778778e-12,0.661569122121583,0.462,0.209,6.04734635700765e-08,"23","RBMX"
2.68740585340765e-12,0.727665534028469,0.359,0.148,7.01466675856466e-08,"23","THADA"
2.85926837761963e-12,0.989661488918743,0.288,0.109,7.46326231926275e-08,"23","SPRED2"
2.98205904414317e-12,0.659757628529934,0.321,0.122,7.7837705170225e-08,"23","IKZF2"
3.25406368517633e-12,0.509623903745171,0.487,0.22,8.49375703104727e-08,"23","DNER"
3.81095155432831e-12,0.81123732740965,0.263,0.093,9.94734574710776e-08,"23","ECHDC2"
4.58921789459055e-12,0.742689542457909,0.353,0.143,1.19787765484602e-07,"23","ITGB8"
4.94115859339672e-12,0.541685377086618,0.91,0.683,1.28974121604841e-07,"23","DST"
5.21693799271361e-12,0.511917631470611,0.763,0.454,1.36172515485811e-07,"23","PSD3"
5.38746824929603e-12,0.418015459186871,0.404,0.168,1.40623696243125e-07,"23","RAD51B"
5.45741229984742e-12,0.695583579883147,0.397,0.175,1.42449375850617e-07,"23","TAB2"
5.95923310697799e-12,0.825331243939053,0.263,0.095,1.5554790255834e-07,"23","PFKFB3"
6.17639273059467e-12,0.933983638936826,0.308,0.122,1.61216203053982e-07,"23","SAFB2"
6.65867361249184e-12,0.668821210640487,0.353,0.145,1.73804698633262e-07,"23","AFF1"
7.05857594596182e-12,0.817457283294358,0.269,0.098,1.84242949341495e-07,"23","TENM1"
7.27529148036865e-12,0.563239389904865,0.308,0.118,1.89899658220583e-07,"23","CDK5RAP2"
8.22120149734928e-12,0.709226345597908,0.333,0.13,2.14589801483811e-07,"23","HEPACAM"
1.32667210550608e-11,0.88758588014498,0.295,0.116,3.46287952979196e-07,"23","SLC25A27"
1.53372869959867e-11,0.499535918374392,0.673,0.367,4.00333865169245e-07,"23","DLC1"
1.61521906960616e-11,1.33433183026602,0.269,0.105,4.21604481548599e-07,"23","DNAH7"
3.19617665667238e-11,0.701444311476021,0.25,0.089,8.34266030924624e-07,"23","RFX3-AS1"
4.15671941311757e-11,0.677634868043413,0.276,0.105,1.08498690121195e-06,"23","SMURF2"
4.39528413664902e-11,0.405397466867167,0.795,0.43,1.14725706534813e-06,"23","PCDH7"
4.78537209858132e-11,0.549328687818183,0.705,0.399,1.2490778251717e-06,"23","GABRB1"
5.37594413430043e-11,0.270884543764583,0.968,0.567,1.4032289379351e-06,"23","LRRTM4"
6.51239062676723e-11,0.622855138343319,0.263,0.097,1.69986420139878e-06,"23","FERMT2"
7.32252036783620e-11,0.88680784928451,0.462,0.236,1.91132426641261e-06,"23","GLCCI1"
7.45308259553212e-11,0.595834051490881,0.487,0.24,1.94540361908579e-06,"23","FOXO3"
8.84978756943156e-11,0.48028977780911,0.564,0.296,2.30997155137302e-06,"23","FCHSD2"
9.56099643900643e-11,0.753632470239963,0.34,0.146,2.49561129050946e-06,"23","SOS2"
1.29136923376905e-10,0.594378751227921,0.917,0.538,3.37073197398396e-06,"23","FGF14"
1.48542511624328e-10,0.706059252234585,0.301,0.124,3.8772566384182e-06,"23","ZNF438"
1.54542600938612e-10,0.722940571558746,0.263,0.1,4.03387096969965e-06,"23","SH3RF1"
1.55462087647606e-10,0.906537088182223,0.269,0.107,4.05787141177782e-06,"23","HIF1A"
1.77564851711054e-10,0.488121764421512,0.327,0.136,4.63479775936193e-06,"23","RALGDS"
2.05089278892956e-10,0.43081566904017,0.385,0.168,5.35324035766394e-06,"23","PTPRM"
2.08666195433693e-10,0.28040139468334,0.462,0.206,5.44660503321026e-06,"23","RFTN2"
2.20512497151049e-10,0.811130036281889,0.314,0.134,5.75581720063667e-06,"23","AP002336.2"
2.59833266014198e-10,0.988622698029302,0.256,0.101,6.78216790950259e-06,"23","CDH11"
2.67995847735847e-10,0.770385622507777,0.269,0.106,6.99522761760107e-06,"23","HSPA5"
2.74964273572209e-10,0.491586470903487,0.705,0.412,7.1771174687818e-06,"23","PRKN"
2.91356050396985e-10,0.763620038479738,0.391,0.185,7.6049756274621e-06,"23","JARID2"
3.32171179451279e-10,0.366076632688351,0.346,0.145,8.67033212603729e-06,"23","OTUD7B"
3.57719853738558e-10,0.881330145829954,0.449,0.23,9.33720362228385e-06,"23","BRINP1"
3.59081653300564e-10,0.560544460083249,0.577,0.311,9.37274931445131e-06,"23","SETD5"
3.85884879605669e-10,0.921296124188226,0.314,0.137,1.00723671274672e-05,"23","NPAS2"
4.55000925825289e-10,0.645632457510735,0.282,0.114,1.18764341658917e-05,"23","ZXDC"
5.18210141464692e-10,0.625841365724269,0.423,0.207,1.35263211125114e-05,"23","MED13"
5.83584736091325e-10,0.475753487839768,0.526,0.272,1.52327287814558e-05,"23","SGMS1"
7.06431135810703e-10,0.687534954429362,0.647,0.385,1.8439265506931e-05,"23","TRIO"
7.13731074242219e-10,0.335021772167803,0.487,0.24,1.86298084998704e-05,"23","ARHGAP5"
7.84319942326306e-10,0.469312750727854,0.276,0.109,2.04723191346012e-05,"23","SLC27A1"
8.0498074872537e-10,0.874012406844637,0.276,0.114,2.10116075032296e-05,"23","LGI1"
8.26636092909894e-10,0.660018654669686,0.346,0.157,2.1576855297134e-05,"23","ABI1"
8.99830654432776e-10,0.826880657172645,0.301,0.129,2.34873797420043e-05,"23","DPH6"
1.16840159769538e-09,0.674058287615089,0.564,0.313,3.04976185030448e-05,"23","MAST4"
1.17822840373094e-09,0.421147356302124,0.974,0.649,3.0754117794185e-05,"23","NRG3"
1.27476074140986e-09,0.525880766506298,0.75,0.431,3.32738048722803e-05,"23","KCNMA1"
1.37549305279094e-09,0.87806048460135,0.417,0.217,3.59031196639492e-05,"23","FAM171B"
1.39306433055708e-09,0.449206419092408,0.603,0.339,3.63617651562009e-05,"23","BAZ2B"
1.4013876725727e-09,0.875365373319162,0.25,0.1,3.65790210294925e-05,"23","GRIK4"
1.58927981885881e-09,0.74625011744129,0.391,0.189,4.14833818318527e-05,"23","ELP4"
1.76401560025852e-09,0.577701452015827,0.417,0.206,4.60443351979478e-05,"23","LINC01322"
1.83634396577759e-09,0.604782393486675,0.538,0.301,4.79322501947266e-05,"23","TTC28"
1.87401649753838e-09,0.331750966108404,0.519,0.264,4.89155786187467e-05,"23","SLC39A11"
1.97488692066372e-09,0.519662240070334,0.449,0.223,5.15484984031644e-05,"23","MXI1"
1.97597938011995e-09,0.576344305857332,0.391,0.188,5.1577013779891e-05,"23","PIK3CA"
2.18054641010212e-09,0.625870586986854,0.538,0.293,5.69166223964856e-05,"23","SCN1A"
2.26128626934496e-09,0.958131108368491,0.269,0.114,5.90240942024423e-05,"23","INTU"
2.46506748347031e-09,0.44479133141104,0.378,0.176,6.43431914535419e-05,"23","ENTPD1-AS1"
2.56195664682934e-09,0.425987228668599,0.622,0.341,6.68721923955395e-05,"23","RFX3"
2.72088751529509e-09,0.642717775909907,0.365,0.175,7.10206059242324e-05,"23","CAMK2G"
2.72548361657243e-09,0.630475409155259,0.513,0.279,7.11405733597736e-05,"23","PPP1R12A"
2.97124636006174e-09,0.564985585692701,0.301,0.132,7.75554724903316e-05,"23","MTHFD1L"
2.99835489769862e-09,0.606041016949721,0.333,0.15,7.82630595397293e-05,"23","PCDH17"
3.28327209864199e-09,0.72728892481684,0.25,0.101,8.56999683187532e-05,"23","SLC25A29"
4.00205557582467e-09,0.650262218053117,0.327,0.15,0.000104461654640176,"23","LPIN1"
4.32220903512359e-09,0.369904204251174,0.667,0.381,0.000112818300234796,"23","FUT9"
4.92810636743002e-09,0.413157456390916,0.269,0.11,0.000128633432402658,"23","AK3"
5.07854203135594e-09,0.664467250410488,0.5,0.279,0.000132560104102453,"23","CAMSAP2"
5.29837551610512e-09,0.830687835331332,0.346,0.166,0.000138298197721376,"23","ST8SIA1"
5.4371322999458e-09,0.570026819655207,0.5,0.274,0.000141920027293185,"23","ESRRG"
5.9267497576343e-09,0.640047021642814,0.263,0.109,0.00015470002217377,"23","ARHGAP22"
5.9798330731553e-09,0.894003365032828,0.263,0.112,0.0001560856028755,"23","SCG3"
6.63083099539108e-09,0.628734668488796,0.359,0.174,0.000173077950641698,"23","PPP6R2"
6.6892438255195e-09,0.813617781546786,0.263,0.112,0.00017460264233371,"23","TSPAN3"
6.96900803731637e-09,0.519205522039338,0.513,0.277,0.000181905047790032,"23","AC245297.3"
9.18492149004635e-09,0.383289788295125,0.397,0.193,0.00023974482073319,"23","KIAA1958"
9.48138212386596e-09,0.4914148037126,0.269,0.114,0.000247483036197149,"23","OAT"
1.01835058163857e-08,0.401223942086286,0.372,0.174,0.0002658098688193,"23","STXBP6"
1.02501680476763e-08,0.485119903261685,0.365,0.175,0.000267549886380447,"23","NT5C2"
1.0857023502453e-08,0.842468451406909,0.301,0.14,0.000283390027461028,"23","PPFIA1"
1.12018350151288e-08,0.678661431761113,0.353,0.172,0.000292390297564893,"23","NRF1"
1.18546914507078e-08,0.602703402784109,0.5,0.276,0.000309431156246376,"23","ADD3"
1.23166088439319e-08,0.426616700265091,0.583,0.337,0.000321488124044311,"23","KMT2C"
1.41760339023023e-08,0.684678613671398,0.276,0.12,0.000370022836917894,"23","CBLB"
1.7443191557831e-08,0.394296819387839,0.423,0.212,0.000455302186042505,"23","NFE2L2"
1.82614041666085e-08,0.70172537463304,0.359,0.178,0.000476659171556815,"23","REPS1"
2.21817275658509e-08,0.532936005043662,0.256,0.108,0.00057898745292384,"23","LINC01572"
2.36096053818358e-08,0.331918033183845,0.891,0.64,0.000616257919676677,"23","NCAM1"
2.6770493821715e-08,0.444179757406154,0.256,0.108,0.000698763429734406,"23","AGO2"
2.71846314348068e-08,0.473691745769013,0.359,0.174,0.000709573249711326,"23","CNOT4"
3.071556764489e-08,0.704913374957302,0.301,0.139,0.00080173774666692,"23","ENO1"
3.12030834503929e-08,0.692063434407907,0.34,0.167,0.000814462884222156,"23","KAT2A"
3.39316583719551e-08,0.293552554449949,0.391,0.192,0.000885684146824772,"23","PTPN13"
3.58854954640719e-08,0.300202418672767,0.814,0.534,0.000936683202603206,"23","DOCK4"
3.60311338543085e-08,0.676137733230719,0.314,0.148,0.000940484655865159,"23","MUM1"
3.90194250243781e-08,0.265147947249865,0.41,0.201,0.00101848503198632,"23","L3MBTL4"
3.93776977691829e-08,0.513362215596589,0.353,0.173,0.00102783666717121,"23","GMDS-DT"
3.97412660557706e-08,0.558471219348325,0.455,0.248,0.00103732652658772,"23","DAAM1"
4.02210085237442e-08,0.379619807339718,0.41,0.209,0.00104984876448677,"23","TIAM1"
4.47276660153761e-08,0.731798695447178,0.25,0.109,0.00116748153833335,"23","RCN2"
4.5297559925217e-08,0.484955647125479,0.263,0.114,0.00118235690916801,"23","CD63"
4.60534463897488e-08,0.383299911482159,0.468,0.251,0.00120208705766522,"23","ACSL3"
5.05288628716016e-08,1.01855296976337,0.263,0.119,0.00131890437867455,"23","RNF157"
5.13577314009694e-08,0.44558139208943,0.372,0.185,0.0013405395050281,"23","SIL1"
6.59711374417782e-08,0.571309403105541,0.468,0.251,0.00172197862950529,"23","CAMK2D"
6.7889935229104e-08,0.481813937176611,0.558,0.331,0.00177206308935007,"23","TNKS"
7.58535785294612e-08,1.00251464281456,0.269,0.126,0.001979930106776,"23","RNF180"
7.69444943315989e-08,0.560420389651533,0.301,0.142,0.00200840519104339,"23","DPH6-DT"
7.77495063886136e-08,0.447646040237565,0.385,0.197,0.00202941761575559,"23","CREBBP"
9.26399768008679e-08,0.378022952002487,0.397,0.203,0.00241808867445625,"23","GPR75-ASB3"
9.30457486614245e-08,0.464107978796498,0.256,0.112,0.0024286801315605,"23","KLF7"
1.03208555257694e-07,0.543118259010493,0.308,0.148,0.00269394970933634,"23","NAT8L"
1.08545073151944e-07,0.576910197060971,0.346,0.175,0.00283324349941205,"23","ZSWIM5"
1.10043057999221e-07,0.314699570269827,0.423,0.221,0.00287234389989566,"23","PCCA"
1.15774064557428e-07,0.25195041817476,0.359,0.174,0.00302193463307798,"23","GNG7"
1.22130373370055e-07,1.02423509705733,0.282,0.138,0.00318784700570518,"23","SHC3"
1.35129480050011e-07,0.648122345378064,0.256,0.116,0.0035271496882654,"23","GNPTAB"
1.38130637372669e-07,0.467978522451424,0.333,0.165,0.0036054858967014,"23","SPART"
1.39634935170108e-07,0.488497042082939,0.551,0.324,0.00364475107781015,"23","EHBP1"
1.40081078070509e-07,0.427515449937255,0.276,0.126,0.00365639629979642,"23","ALOX12-AS1"
1.41361676586627e-07,0.569633242315842,0.468,0.267,0.00368982248226413,"23","LINC00461"
1.42462100782836e-07,0.375627235942838,0.763,0.527,0.0037185457546336,"23","AGAP1"
1.43723623446945e-07,0.549337744287748,0.436,0.241,0.00375147401921216,"23","MEF2C-AS1"
1.45300993237285e-07,0.405862708791039,0.314,0.151,0.00379264652547961,"23","SMC5"
1.45958543029678e-07,0.362721564724133,0.705,0.438,0.00380980989016066,"23","PDE4DIP"
1.5800970709634e-07,0.323887575519789,0.667,0.402,0.00412436937462868,"23","CKB"
1.58764810409551e-07,0.429662132525348,0.333,0.163,0.00414407908131009,"23","CBR4"
1.59374854424854e-07,0.417904365967843,0.346,0.173,0.00416000245019754,"23","TDRD3"
1.60637825263876e-07,0.730093493194093,0.25,0.114,0.0041929685150377,"23","MAK"
1.77777440324434e-07,0.436760342820507,0.282,0.13,0.00464034674734837,"23","PCBP2"
1.80133278515626e-07,0.603706761713201,0.276,0.129,0.00470183883581488,"23","IRS2"
2.16255160889745e-07,0.564128322458966,0.603,0.374,0.00564469220954411,"23","SGIP1"
2.34517967934167e-07,0.480015009464088,0.385,0.202,0.00612138799901762,"23","NBEAL1"
2.4647925678245e-07,0.492947989934092,0.481,0.278,0.00643360156053552,"23","BICD1"
2.76236976626265e-07,0.386226043553345,0.449,0.248,0.00721033756389877,"23","SPAG9"
2.78066415448919e-07,0.480245706102814,0.551,0.338,0.00725808957604768,"23","NFAT5"
2.81538618862598e-07,0.305145165214976,0.481,0.267,0.00734872102955153,"23","NEO1"
2.84042463549738e-07,0.670311623080844,0.269,0.127,0.00741407638357527,"23","DPP7"
3.06236215275035e-07,0.355858604414503,0.25,0.111,0.00799337769110897,"23","CYP7B1"
3.52334786901665e-07,0.330104068272636,0.404,0.215,0.00919664260770725,"23","ZNF518A"
3.91208301531165e-07,0.365612490782638,0.436,0.239,0.0102113190865665,"23","CCSER2"
3.99617522628404e-07,0.402940246786648,0.346,0.177,0.0104308165756466,"23","PHC3"
4.34496308709953e-07,0.469091811925819,0.378,0.201,0.0113412226499472,"23","ZMYM4"
4.36516696122879e-07,0.626144791983123,0.282,0.137,0.0113939588021994,"23","ZC2HC1A"
4.68964280297968e-07,0.35933873007714,0.5,0.284,0.0122409056443376,"23","AC073050.1"
4.89360181710197e-07,0.701923583650098,0.269,0.128,0.0127732794629996,"23","WRN"
5.37659627042331e-07,0.378057873612966,0.673,0.44,0.0140339915850589,"23","DDX17"
5.39948766364873e-07,0.418704449640431,0.34,0.174,0.0140937426996559,"23","KIF2A"
5.47674635198447e-07,0.402957468143123,0.372,0.196,0.0142954033279499,"23","FAM135A"
5.50379246178068e-07,0.507613416379238,0.378,0.206,0.0143659990837399,"23","TPST1"
5.55443726568683e-07,0.43599649989623,0.333,0.17,0.0144981921508958,"23","RBM5"
6.30818887570328e-07,0.354498395758601,0.25,0.113,0.0164656346033607,"23","DCUN1D1"
6.93733985812628e-07,0.327422434582965,0.365,0.192,0.0181078444976812,"23","PLPP1"
7.10813680804279e-07,0.747278670776545,0.397,0.228,0.0185536586963533,"23","ASTN1"
7.58688401214513e-07,0.767235206291867,0.288,0.146,0.0198032846485012,"23","SREK1"
7.93254416597833e-07,0.294804659610611,0.66,0.409,0.0207055267820366,"23","MED13L"
8.06008931597546e-07,0.259282678529552,0.468,0.255,0.0210384451325591,"23","FAM19A1"
8.34768323132451e-07,0.460800478186603,0.301,0.149,0.0217891227704032,"23","ARID2"
8.55998384619028e-07,0.440264193754794,0.737,0.484,0.0223432698353259,"23","MBD5"
8.729876816993e-07,0.49606697572114,0.25,0.117,0.0227867244677151,"23","EPC2"
9.07095251578838e-07,0.258594377944024,0.558,0.327,0.0236770002567108,"23","APBB2"
9.86942077174646e-07,0.471464448339174,0.256,0.121,0.0257611620984126,"23","ANKAR"
1.00028553018383e-06,0.437436396736239,0.449,0.256,0.0261094529088584,"23","RUNX1T1"
1.02804389312539e-06,0.676498005698694,0.314,0.165,0.0268340016983588,"23","INTS10"
1.03861428657481e-06,0.424927233779513,0.321,0.165,0.0271099101081758,"23","RALGAPA2"
1.04417327095874e-06,0.349773875754514,0.814,0.478,0.027255010718565,"23","FGF12"
1.05832540153727e-06,0.577774689532111,0.301,0.152,0.0276244096309259,"23","TEAD1"
1.10002728725966e-06,0.395635117337904,0.551,0.331,0.0287129122520517,"23","PIK3R1"
1.15331372385619e-06,0.395886023812248,0.365,0.192,0.0301037948200942,"23","NUTM2B-AS1"
1.16050171627968e-06,0.587729471188375,0.269,0.131,0.0302914157983323,"23","KLHL7"
1.19171503620841e-06,0.728283835315749,0.256,0.125,0.0311061458751118,"23","DLGAP4"
1.23752739300542e-06,0.391605089826007,0.782,0.513,0.0323019400122275,"23","TNRC6A"
1.32039266276252e-06,0.412925949047294,0.397,0.22,0.0344648892834272,"23","RNPC3"
1.43054252310648e-06,0.819395522501392,0.25,0.122,0.0373400209381254,"23","ZMAT3"
1.43164897581372e-06,0.334711239853245,0.705,0.462,0.0373689015666896,"23","CHD9"
1.44677744651212e-06,0.485580461808981,0.468,0.275,0.0377637849088592,"23","ARNT2"
1.45150626340573e-06,0.517413264357633,0.359,0.196,0.0378872164874164,"23","CYFIP2"
1.52395698127528e-06,0.490668361862303,0.378,0.212,0.0397783251252473,"23","BSG"
1.68707840320081e-06,0.335382611147276,0.378,0.203,0.0440361204803477,"23","ZNF207"
1.7162663357162e-06,0.333668537150263,0.506,0.297,0.0447979838948642,"23","POGZ"
1.798888915161e-06,0.479784531753595,0.276,0.137,0.0469545984635324,"23","LINC00685"
1.86970712112711e-06,0.41096511503981,0.372,0.202,0.0488030952756597,"23","UBE2H"
1.89733419087013e-06,0.335359278543384,0.404,0.222,0.049524217050092,"23","PTPRS"
0,2.59945465950543,0.983,0.254,0,"24","FAM19A1"
0,3.15887407991467,0.828,0.099,0,"24","GRM8"
0,3.69582887577633,0.784,0.056,0,"24","COL24A1"
0,2.50879465101829,0.871,0.149,0,"24","AC120193.1"
0,3.01625310269896,0.991,0.272,0,"24","NRG1"
0,2.02996706461546,0.966,0.248,0,"24","SORCS1"
0,2.13026119003692,0.897,0.181,0,"24","CBLN2"
0,2.3258467754352,0.983,0.274,0,"24","ESRRG"
0,2.38694555139703,0.819,0.112,0,"24","GULP1"
0,2.58989393361974,0.819,0.114,0,"24","RIT2"
0,1.95224154354509,0.957,0.253,0,"24","FAT3"
0,2.24488422382652,0.871,0.168,0,"24","HOMER1"
0,1.9137551073058,0.966,0.264,0,"24","EPHA6"
0,1.78118026483442,0.948,0.247,0,"24","SLC35F3"
0,2.09690309598301,0.828,0.132,0,"24","FRAS1"
0,1.98201235010381,0.871,0.175,0,"24","PTCHD1-AS"
0,2.43869126245704,0.983,0.29,0,"24","ASIC2"
0,1.53877942574759,0.94,0.247,0,"24","CABP1"
0,3.75815570418262,0.733,0.041,0,"24","VAT1L"
0,1.668096596611,0.966,0.275,0,"24","FOCAD"
0,2.72254746313406,0.767,0.079,0,"24","KCNN2"
0,2.17903401035377,0.836,0.148,0,"24","FAM135B"
0,1.50731179709326,0.966,0.279,0,"24","UNC80"
0,1.3097652791512,0.905,0.226,0,"24","SLIT2"
0,1.69362686298507,0.905,0.228,0,"24","TOX"
0,1.85868157305205,0.974,0.303,0,"24","ZNF385B"
0,1.30853258159672,0.897,0.229,0,"24","AC092683.1"
0,1.45632076962143,0.905,0.237,0,"24","KSR2"
0,1.6871614709275,0.957,0.29,0,"24","HCN1"
0,3.63024113683223,0.707,0.041,0,"24","CLEC2L"
0,1.46805980142608,0.948,0.286,0,"24","STRBP"
0,1.50165769851111,0.957,0.297,0,"24","HDAC9"
0,1.7936890633786,0.828,0.168,0,"24","ZNF804B"
0,1.23580341032697,0.922,0.265,0,"24","OLFM3"
0,2.22524444104486,0.802,0.145,0,"24","TMTC1"
0,1.76938246289651,0.81,0.154,0,"24","RAB3C"
0,2.17764186557719,0.75,0.094,0,"24","MYO16"
0,1.30297582610393,0.948,0.292,0,"24","SCN1A"
0,1.33024146315057,0.931,0.278,0,"24","ST6GALNAC5"
0,1.36793826899917,0.948,0.296,0,"24","PAK3"
0,1.49047402112334,1,0.349,0,"24","LDB2"
0,1.64688703848757,0.931,0.281,0,"24","KCNH7"
0,1.47713376010642,0.966,0.316,0,"24","GRIA3"
0,2.15590892580025,0.793,0.146,0,"24","FAM189A1"
0,2.06017842746934,0.862,0.215,0,"24","SNAP25-AS1"
0,1.69552813400499,0.931,0.287,0,"24","PTPRN2"
0,1.71612432507671,0.819,0.176,0,"24","ELAVL4"
0,1.28844177393875,0.845,0.202,0,"24","GPC6"
0,1.05000103865929,0.974,0.332,0,"24","SLC35F1"
0,3.12319648798516,0.698,0.056,0,"24","BCL11B"
0,1.22437170716134,0.966,0.325,0,"24","AFF3"
0,1.06918526315298,0.914,0.273,0,"24","OSBPL6"
0,1.40838428897678,0.871,0.232,0,"24","TFDP2"
0,2.36707737957722,0.75,0.111,0,"24","SLIT3"
0,2.79774894266978,0.69,0.052,0,"24","ADRA1A"
0,1.15115099749208,0.94,0.303,0,"24","HECW1"
0,1.27352152882226,0.836,0.2,0,"24","FP700111.1"
0,3.01607812483255,0.698,0.062,0,"24","VWA3A"
0,1.26288845526816,0.845,0.212,0,"24","TENM3"
0,1.60493339114031,1,0.367,0,"24","DLGAP2"
0,1.47420087249433,0.974,0.342,0,"24","DYNC1I1"
0,1.22866000035868,0.948,0.316,0,"24","MKL2"
0,1.09797294870736,0.905,0.274,0,"24","ATP2B2"
0,2.09055259662003,0.724,0.093,0,"24","TRMT9B"
0,1.05993341590914,0.922,0.292,0,"24","XKR6"
0,1.05743260300057,0.862,0.232,0,"24","PCNX2"
0,1.26523502166453,0.888,0.259,0,"24","FMN1"
0,1.18096539200899,0.871,0.242,0,"24","SETBP1"
0,1.53353649602036,0.828,0.2,0,"24","CNTN3"
0,1.17037519199069,0.94,0.312,0,"24","GABRB3"
0,1.11329215922302,0.931,0.304,0,"24","PRKCE"
0,1.16433760984722,0.974,0.347,0,"24","SLC4A10"
0,1.06443857486389,0.922,0.296,0,"24","GRIA1"
0,1.51687484975228,0.983,0.358,0,"24","CACNA2D3"
0,1.38477941433051,0.974,0.349,0,"24","KHDRBS3"
0,1.34674334678965,1,0.377,0,"24","CADPS"
0,1.65344665056917,0.991,0.368,0,"24","DCLK1"
0,1.08292386577067,0.897,0.275,0,"24","CERS6"
0,0.983653387075122,0.862,0.24,0,"24","DSCAML1"
0,1.18763439548563,0.853,0.232,0,"24","CLSTN2"
0,1.34619986183467,0.905,0.285,0,"24","TMEM132B"
0,1.59840807775592,0.793,0.173,0,"24","MEG8"
0,1.00441690716065,0.793,0.173,0,"24","SNX29"
0,1.30904262430683,0.931,0.313,0,"24","MAST4"
0,0.845803549321307,0.94,0.323,0,"24","NFIB"
0,1.33920149690097,0.931,0.315,0,"24","CHSY3"
0,1.02968419485806,0.81,0.194,0,"24","CLIP1"
0,1.24777825947147,0.983,0.367,0,"24","GRIN2A"
0,0.930612835508981,0.974,0.359,0,"24","ARHGAP26"
0,1.52733177207311,0.888,0.273,0,"24","LINC00513"
0,0.90423943876964,0.922,0.307,0,"24","ASAP1"
0,1.43297368308954,0.966,0.352,0,"24","CNTNAP5"
0,1.70684115191791,0.784,0.17,0,"24","MIAT"
0,1.27719664958834,0.81,0.197,0,"24","ARHGEF3"
0,1.02688567409974,0.931,0.321,0,"24","CHL1"
0,0.866110484645124,0.94,0.331,0,"24","DGKB"
0,1.19018876287777,0.853,0.244,0,"24","SCN8A"
0,0.838164108389496,0.931,0.323,0,"24","FBXW7"
0,2.46167221492623,1,0.394,0,"24","GRIK2"
0,1.11659476723173,0.966,0.36,0,"24","MSRA"
0,0.783184646005133,0.931,0.327,0,"24","DGKI"
0,2.50425784539473,0.69,0.086,0,"24","AC010127.1"
0,1.23990898764811,0.957,0.354,0,"24","ARPP21"
0,0.833062952061429,0.845,0.242,0,"24","DGKG"
0,1.13860376677174,0.905,0.303,0,"24","MTUS2"
0,1.24175283115039,0.784,0.184,0,"24","SHANK2"
0,0.923181965433156,0.845,0.246,0,"24","CARMIL1"
0,1.93009536673183,0.733,0.134,0,"24","LMO7"
0,1.30322045468839,0.793,0.195,0,"24","PRICKLE1"
0,1.15667382868256,0.819,0.221,0,"24","HSPA12A"
0,1.44014329378523,0.759,0.162,0,"24","STXBP5-AS1"
0,1.14377569989229,0.922,0.325,0,"24","LARGE1"
0,1.10533109995353,0.784,0.188,0,"24","ARHGAP44"
0,2.13217493802234,0.716,0.12,0,"24","AC022639.1"
0,1.33814217698976,0.983,0.387,0,"24","PRKCB"
0,1.3142621654662,0.784,0.19,0,"24","MOSMO"
0,2.87862978260832,1,0.407,0,"24","ROBO2"
0,1.6417930297476,0.776,0.184,0,"24","STMN2"
0,0.606740867672678,0.914,0.323,0,"24","CNTN4"
0,1.86651194564507,0.707,0.117,0,"24","SRPK1"
0,1.14194800537289,0.819,0.229,0,"24","PPM1E"
0,0.719806259363681,0.931,0.342,0,"24","PCLO"
0,1.19410316099278,0.802,0.214,0,"24","GPR158"
0,1.45250295414718,0.707,0.119,0,"24","NTNG1"
0,0.992726380399898,0.871,0.284,0,"24","VSNL1"
0,1.28079222714091,0.836,0.249,0,"24","ADAM23"
0,1.17324252777979,0.767,0.18,0,"24","LRRFIP1"
0,0.695755823139467,0.905,0.318,0,"24","NELL2"
0,1.21982991465332,0.905,0.319,0,"24","ATP8A2"
0,0.735213606692354,0.974,0.388,0,"24","GRM7"
0,2.82874146239919,0.629,0.044,0,"24","SPHKAP"
0,0.803878269781389,0.931,0.347,0,"24","UNC79"
0,1.6126249856057,0.733,0.149,0,"24","CACNG3"
0,0.92600571305243,0.905,0.323,0,"24","CSRNP3"
0,1.09579761260474,1,0.418,0,"24","MAP2"
0,1.05666766775876,0.81,0.228,0,"24","WDR60"
0,1.58072809604467,0.914,0.332,0,"24","LINC00632"
0,0.828215850086516,0.81,0.228,0,"24","OSBPL8"
0,0.736190453257508,0.957,0.376,0,"24","PDE1A"
0,0.914591610572309,0.853,0.272,0,"24","GALNT17"
0,1.16251307618076,0.759,0.179,0,"24","INPP4A"
0,0.753606595281816,0.888,0.308,0,"24","SCN2A"
0,1.34983239459929,0.793,0.213,0,"24","KCNB2"
0,0.798910466725407,0.897,0.317,0,"24","GRIN2B"
0,1.03699779305857,0.81,0.231,0,"24","VPS13D"
0,1.18751992769588,0.81,0.231,0,"24","SATB2"
0,1.14367024355634,0.767,0.188,0,"24","DOK6"
0,1.47445434725577,1,0.422,0,"24","SLC8A1"
0,0.660159748281923,0.94,0.362,0,"24","LRFN5"
0,0.525050074497089,0.914,0.337,0,"24","GRID1"
0,0.909075571540015,0.845,0.269,0,"24","ADK"
0,1.43016824905342,0.724,0.148,0,"24","KCNJ6"
0,1.0133564073575,0.759,0.184,0,"24","SLC4A8"
0,0.73754752438029,0.81,0.236,0,"24","SYT14"
0,0.519252734333615,0.922,0.35,0,"24","DAB1"
0,0.982747076603227,0.784,0.212,0,"24","DIAPH2"
0,1.07249521619132,0.802,0.23,0,"24","CDH8"
0,0.854230851674298,0.836,0.264,0,"24","PPM1L"
0,0.478466870048436,0.931,0.36,0,"24","ERC2"
0,1.93272861740562,0.69,0.119,0,"24","SYNPO2"
0,0.995582602729351,0.966,0.395,0,"24","PLEKHA5"
0,0.829255122635323,0.845,0.275,0,"24","MNAT1"
0,1.62940300572595,1,0.431,0,"24","RYR2"
0,1.06754424986987,0.767,0.198,0,"24","STK39"
0,0.656874639186274,0.897,0.329,0,"24","DANT2"
0,0.967166630749288,0.784,0.216,0,"24","TENM4"
0,0.725253461725987,0.914,0.347,0,"24","AAK1"
0,0.932678655993754,0.819,0.252,0,"24","SOS1"
0,1.15413634998296,1,0.433,0,"24","KALRN"
0,1.32589530788779,0.733,0.166,0,"24","ST8SIA1"
0,1.08589746901593,0.776,0.21,0,"24","VPS13A"
0,0.925363447506899,0.871,0.305,0,"24","ERC1"
0,0.9039852356484,1,0.434,0,"24","DSCAM"
0,1.44197883819647,0.724,0.158,0,"24","NEFL"
0,3.02080701616658,0.629,0.064,0,"24","CFAP299"
0,0.353463149083399,0.819,0.254,0,"24","FAM171A1"
0,1.4087538094629,0.733,0.168,0,"24","CATSPER2"
0,1.14272799778708,0.75,0.185,0,"24","MYH10"
0,1.05651725106178,0.767,0.203,0,"24","SCAI"
0,1.80366321316568,0.983,0.42,0,"24","AGBL4"
0,1.21970750966955,0.828,0.265,0,"24","ARL15"
0,0.71017522102265,0.879,0.317,0,"24","KCNQ3"
0,1.1006575003955,0.724,0.163,0,"24","PLCL2"
0,1.49762008300508,1,0.439,0,"24","CCSER1"
0,0.606560946937591,0.905,0.345,0,"24","CHRM3"
0,0.48589351049923,0.905,0.345,0,"24","SORBS1"
0,0.784237890126937,0.853,0.293,0,"24","RGS6"
0,0.897391643214552,0.81,0.251,0,"24","SLC25A12"
0,1.82604836092484,0.664,0.105,0,"24","ADAMTS19"
0,0.897510375438238,0.922,0.364,0,"24","CACNA1C"
0,0.785977591400186,0.836,0.278,0,"24","GABBR2"
0,1.10920505526918,0.776,0.219,0,"24","NELL1"
0,0.726723439316549,0.94,0.383,0,"24","FRMPD4"
0,1.26927793386959,0.759,0.202,0,"24","SRRM4"
0,1.10920848971768,0.991,0.435,0,"24","RALYL"
0,1.30131826449646,0.707,0.152,0,"24","PRKAG2"
0,1.55702383935757,0.681,0.127,0,"24","FHOD3"
0,0.518896119089001,0.81,0.257,0,"24","MEIS2"
0,1.26294714772322,0.724,0.171,0,"24","NDST3"
0,0.788428033189197,0.966,0.414,0,"24","KHDRBS2"
0,0.937746468094285,0.81,0.258,0,"24","EXT1"
0,0.771201959656093,0.871,0.319,0,"24","AC124312.1"
0,0.993245298316695,0.776,0.225,0,"24","PCSK2"
0,0.380440043009052,0.879,0.328,0,"24","FER"
0,0.733201217044863,0.828,0.277,0,"24","SYP"
0,0.670326904896663,0.879,0.328,0,"24","CACNA1A"
0,0.625862296720364,0.897,0.347,0,"24","RASAL2"
0,0.887003011863864,0.836,0.286,0,"24","SORBS2"
0,0.722646371214051,0.845,0.295,0,"24","CADPS2"
0,0.902846742313356,0.888,0.338,0,"24","NSF"
0,0.733053782521849,0.793,0.244,0,"24","KCNJ3"
0,0.659334683763639,0.793,0.244,0,"24","SPTAN1"
0,0.608218861126036,0.914,0.365,0,"24","NEBL"
0,0.417161865901789,0.94,0.391,0,"24","FMN2"
0,1.10174149429974,0.991,0.443,0,"24","KCNQ5"
0,2.09389113014278,0.621,0.073,0,"24","NRP1"
0,1.03849834152112,0.836,0.288,0,"24","FRY"
0,0.749847791467283,0.94,0.392,0,"24","THRB"
0,0.627225172703313,0.845,0.298,0,"24","TMEM108"
0,0.771941683743167,0.836,0.289,0,"24","MCTP1"
0,0.66088072195037,0.767,0.221,0,"24","SPAG16"
0,0.450224812626086,0.853,0.307,0,"24","FAM49B"
0,0.573083800620169,0.776,0.23,0,"24","TTBK2"
0,0.755339161818089,0.784,0.239,0,"24","R3HDM2"
0,0.986218018323284,0.741,0.196,0,"24","TMEM117"
0,0.949668344568557,0.75,0.206,0,"24","LINC01322"
0,0.563401260357874,0.871,0.328,0,"24","BASP1"
0,0.618198441462963,0.879,0.337,0,"24","EFNA5"
0,0.861496899834523,0.759,0.217,0,"24","LHFPL6"
0,0.62301291221527,0.914,0.372,0,"24","HERC1"
0,1.65078400294278,0.698,0.156,0,"24","SNRPN"
0,0.46811227588919,0.888,0.347,0,"24","CDH18"
0,0.943117766877311,0.991,0.45,0,"24","ATRNL1"
0,0.802324679556585,0.836,0.295,0,"24","TMEM132D"
0,0.820040639047603,0.991,0.45,0,"24","MDGA2"
0,0.366869910501653,0.733,0.193,0,"24","RYR3"
0,0.880357806904205,0.802,0.263,0,"24","RAPGEF4"
0,0.50480609861416,0.897,0.358,0,"24","GABRB2"
0,1.47433280606922,0.716,0.177,0,"24","SRRM3"
0,1.42093034519828,0.991,0.453,0,"24","STXBP5L"
0,0.766906166198295,0.802,0.264,0,"24","AEBP2"
0,1.41755856912623,0.69,0.152,0,"24","MICAL2"
0,0.779899393527399,0.733,0.196,0,"24","FAM135A"
0,0.580434391248234,0.81,0.274,0,"24","DENND5B"
0,0.869583112440271,0.845,0.309,0,"24","SPTBN4"
0,1.18169734609795,0.69,0.154,0,"24","KCNT2"
0,0.698648749652449,0.94,0.404,0,"24","RTN1"
0,2.30454103626641,0.629,0.094,0,"24","AC090579.1"
0,0.921716359048214,0.75,0.215,0,"24","SV2B"
0,1.38107699369509,0.793,0.258,0,"24","CDH13"
0,0.711553855382506,0.845,0.31,0,"24","TMEM178B"
0,1.06050145491036,0.69,0.155,0,"24","ESYT2"
0,1.07992064973123,0.966,0.431,0,"24","KCNMA1"
0,0.57402468233458,0.836,0.302,0,"24","NR3C1"
0,0.774739199916597,0.767,0.233,0,"24","ADAM22"
0,1.26337665185941,0.672,0.138,0,"24","SORCS3"
0,1.313401664248,0.716,0.183,0,"24","BMPER"
0,1.74172687624707,0.647,0.115,0,"24","SUSD4"
0,1.4807303875425,0.638,0.106,0,"24","CDHR3"
0,0.92756049056042,0.991,0.459,0,"24","RIMS2"
0,1.21811255146672,0.707,0.175,0,"24","CAMK2G"
0,0.649232450576641,0.914,0.383,0,"24","GPATCH8"
0,0.583221494238428,0.828,0.297,0,"24","C20orf194"
0,0.872501361235416,0.724,0.194,0,"24","ZMAT4"
0,0.917560275294024,0.733,0.204,0,"24","CTDSPL"
0,0.367046011430983,0.914,0.385,0,"24","TNIK"
0,0.257527941282913,0.793,0.264,0,"24","VTI1A"
0,0.275461197293679,0.828,0.299,0,"24","CDH12"
0,0.521665948169211,0.828,0.299,0,"24","GDAP1"
0,0.602863362720664,0.836,0.307,0,"24","ZFPM2"
0,0.653285166248641,0.957,0.429,0,"24","PCDH7"
0,1.21368263159906,0.974,0.446,0,"24","OXR1"
0,2.60020791480693,0.56,0.032,0,"24","SULF2"
0,1.45996310144968,0.647,0.122,0,"24","LUZP1"
0,0.701930655373593,0.75,0.225,0,"24","MAP3K13"
0,0.644790793444893,0.871,0.348,0,"24","MYT1L"
0,0.820716003051896,0.741,0.218,0,"24","PAM"
0,1.64755047195937,0.612,0.09,0,"24","FNBP1L"
0,1.15083442246904,1,0.478,0,"24","FGF12"
0,1.1134768838998,0.991,0.469,0,"24","PHACTR1"
0,1.33652345714651,0.672,0.15,0,"24","WNK2"
0,1.11550685897123,0.698,0.176,0,"24","AP001825.1"
0,0.681830076144952,0.75,0.228,0,"24","TAF1D"
0,0.645811541506888,0.836,0.314,0,"24","NRGN"
0,0.475921247562076,0.845,0.323,0,"24","RBFOX2"
0,0.5791891484386,0.836,0.315,0,"24","CNKSR2"
0,1.19091082837656,0.698,0.177,0,"24","LINC00599"
0,0.886011821398703,0.974,0.454,0,"24","MAP1B"
0,0.411117321705769,0.767,0.247,0,"24","UVRAG"
0,1.47345542049072,0.664,0.144,0,"24","DPY19L2"
0,1.09180168677662,0.672,0.153,0,"24","BAALC"
0,0.644731395439274,0.767,0.248,0,"24","VWA8"
0,0.380734856673993,0.802,0.284,0,"24","AC073050.1"
0,0.893056343817476,0.974,0.456,0,"24","SNAP25"
0,1.7003507176118,0.629,0.112,0,"24","PHTF1"
0,2.79096464050836,0.586,0.07,0,"24","COL5A2"
0,0.662639720897383,0.707,0.191,0,"24","FAM13A"
0,0.502633823670893,0.759,0.244,0,"24","SORL1"
0,1.18190845362376,0.672,0.157,0,"24","RAP1GAP2"
0,1.17324289799841,0.69,0.175,0,"24","ANKRD30BL"
0,0.763038544806216,0.991,0.478,0,"24","TENM2"
0,2.09794947096416,0.595,0.082,0,"24","NEFM"
0,0.743338498419605,0.716,0.203,0,"24","CSMD2"
0,2.42388836268418,0.578,0.065,0,"24","CKMT1B"
0,0.879748100887232,0.69,0.178,0,"24","MARK1"
0,0.876187146121263,0.966,0.454,0,"24","SMYD3"
0,1.00495426499807,0.716,0.204,0,"24","APBA2"
0,0.366346497861262,0.784,0.273,0,"24","TTC14"
0,0.512921273223655,0.75,0.239,0,"24","CAMK2A"
0,1.42641414997497,0.647,0.136,0,"24","HOOK2"
0,2.01749093089421,0.603,0.093,0,"24","SLC8A1-AS1"
0,1.21414212809463,0.716,0.206,0,"24","EML6"
0,0.572244409896189,0.741,0.231,0,"24","STOX2"
0,1.25247977866089,0.664,0.154,0,"24","PTPRR"
0,0.668358127223536,0.81,0.301,0,"24","CDK14"
0,0.515169601806504,0.845,0.337,0,"24","WDPCP"
0,0.533377500919949,0.793,0.285,0,"24","LINC00882"
0,1.08858915499433,0.716,0.208,0,"24","PPP2R2C"
0,0.310295863203684,0.759,0.252,0,"24","COP1"
0,0.385578335982064,0.767,0.262,0,"24","NR3C2"
0,1.17445409081074,0.638,0.133,0,"24","PPP1R13B"
0,0.548839022809986,0.767,0.262,0,"24","EPB41L3"
0,2.28056419404392,0.586,0.082,0,"24","LINC02389"
0,0.50600347254333,0.672,0.168,0,"24","PTPRM"
0,0.475198734100431,0.81,0.307,0,"24","SNAP91"
0,0.825853166816384,0.733,0.23,0,"24","ITPR1"
0,0.822571541163415,0.655,0.152,0,"24","CLEC16A"
0,2.75702063632304,0.534,0.033,0,"24","SYT2"
0,0.976183122779501,0.966,0.465,0,"24","MAGI1"
0,0.540876342184738,0.759,0.259,0,"24","AC006148.1"
0,1.59269442282362,0.595,0.096,0,"24","PPARGC1A"
0,1.16285871194882,0.647,0.148,0,"24","MIPOL1"
0,2.2878139742273,0.569,0.07,0,"24","CRYM"
0,0.695620049360441,0.914,0.416,0,"24","SYNE1"
0,0.929295661275113,0.707,0.209,0,"24","KIFAP3"
0,0.980942312604525,0.672,0.175,0,"24","RUNDC3B"
0,0.561980019740056,0.707,0.21,0,"24","ASCC3"
0,0.462407351433958,0.707,0.21,0,"24","PPP1R16B"
0,0.532419916265277,0.767,0.27,0,"24","PI4KA"
0,0.987010490362567,0.698,0.201,0,"24","CACNA1D"
0,0.385956022459633,0.793,0.297,0,"24","SLC2A13"
0,1.15793442460259,0.664,0.168,0,"24","PATJ"
0,0.902109528623438,0.707,0.212,0,"24","SEZ6L"
0,0.715203443023237,0.698,0.203,0,"24","ZFYVE28"
0,0.644938920439097,0.724,0.23,0,"24","CCPG1"
0,2.00739553502217,0.569,0.077,0,"24","SNCG"
0,0.46035286178229,0.793,0.302,0,"24","UCHL1"
0,0.989998376768094,0.655,0.164,0,"24","ADCY1"
0,0.59208079786064,0.741,0.25,0,"24","NAP1L1"
0,0.786224416049188,0.741,0.25,0,"24","PWAR6"
0,0.757114044064902,0.957,0.466,0,"24","NBEA"
0,0.585955893320683,0.776,0.286,0,"24","DNM1"
0,1.84565049020322,0.586,0.096,0,"24","CNNM1"
0,1.76269262245411,0.595,0.106,0,"24","FAM153C"
0,1.02076862466859,0.655,0.166,0,"24","GMDS"
0,0.48590119727793,0.741,0.252,0,"24","HDAC8"
0,0.835254261876301,0.698,0.209,0,"24","RBFOX3"
0,0.776800437064609,0.672,0.184,0,"24","RNF115"
0,0.555503379695006,0.716,0.23,0,"24","HIVEP2"
0,0.78284750527888,0.966,0.48,0,"24","DPP6"
0,0.548500748633118,0.733,0.247,0,"24","GUCY1A2"
0,0.333601472294444,0.759,0.273,0,"24","MLLT10"
0,0.461647770944775,0.75,0.264,0,"24","MAP2K4"
0,0.400927130343956,0.776,0.291,0,"24","SUPT3H"
0,0.446900754279954,0.707,0.222,0,"24","EVI5"
0,1.35542298923432,0.603,0.118,0,"24","NAALAD2"
0,0.849623130787384,0.647,0.162,0,"24","DDHD1"
0,1.43350480391609,0.586,0.102,0,"24","KIAA1841"
0,1.77262360068183,0.56,0.077,0,"24","ULK3"
0,1.28539276674846,0.629,0.146,0,"24","AC104827.1"
0,0.532232372819637,0.733,0.251,0,"24","KIAA1549L"
0,1.76776042059432,0.578,0.097,0,"24","AC027288.3"
0,0.498485423451606,0.681,0.201,0,"24","VEZT"
0,1.9808788047081,0.56,0.081,0,"24","LRTM1"
0,0.533260822722434,0.681,0.202,0,"24","TIAM2"
0,0.46930832649502,0.69,0.211,0,"24","AP002370.2"
0,2.59283101580028,0.526,0.048,0,"24","SGPP2"
0,1.17797202776782,0.586,0.108,0,"24","EPB41"
0,1.02644900789682,0.629,0.151,0,"24","MDH1"
0,0.349619311521402,0.707,0.23,0,"24","TTC37"
0,0.676365830227983,0.707,0.23,0,"24","CAMK2B"
0,0.698418770807434,0.698,0.221,0,"24","TLN2"
0,0.814177316511627,0.629,0.153,0,"24","SAT1"
0,1.17297022259318,1,0.524,0,"24","FRMD4A"
0,0.665091350177388,0.681,0.206,0,"24","RAPH1"
0,0.893038254023544,0.948,0.473,0,"24","AC092691.1"
0,1.1227988022466,1,0.525,0,"24","PLCB1"
0,0.727361365963928,0.647,0.173,0,"24","KIF9-AS1"
0,0.834360656585093,0.647,0.173,0,"24","PRICKLE2"
0,0.405249540348346,0.767,0.293,0,"24","ACACA"
0,1.07167151229144,0.621,0.147,0,"24","ANO5"
0,0.52888830979947,0.767,0.294,0,"24","NDFIP1"
0,0.407604655809239,0.724,0.251,0,"24","DYNC1H1"
0,0.852507812213807,0.681,0.21,0,"24","PAK1"
0,1.31918886635704,0.612,0.141,0,"24","CACNB4"
0,0.375041667949084,0.69,0.219,0,"24","GARNL3"
0,0.43114068242671,0.733,0.262,0,"24","HECTD4"
0,0.64445723388403,0.724,0.254,0,"24","UBA6-AS1"
0,0.314342832303496,0.716,0.246,0,"24","COG5"
0,0.742461316899675,0.698,0.228,0,"24","NIN"
0,0.523172360473285,0.741,0.272,0,"24","RPS6KC1"
0,0.286835469284874,0.69,0.222,0,"24","MCF2L2"
0,0.853029315931721,0.991,0.523,0,"24","GRIA2"
0,0.58214057700717,0.716,0.248,0,"24","MAP2K5"
0,1.20894620854789,0.586,0.118,0,"24","ST8SIA5"
0,1.1484524714127,0.603,0.135,0,"24","GGT7"
0,0.980701398218792,0.621,0.154,0,"24","EPHA5"
0,0.490743327040022,0.724,0.257,0,"24","SH3GL2"
0,1.156961264514,0.578,0.111,0,"24","SPATA7"
0,1.49506725031873,0.578,0.112,0,"24","KLHL29"
0,0.989126229515138,0.629,0.164,0,"24","KIAA1211L"
0,1.06200360851393,0.621,0.156,0,"24","IQSEC1"
0,0.562807538981702,0.707,0.242,0,"24","ANKRD26"
0,0.647657312911439,0.629,0.165,0,"24","C1orf21"
0,0.297782914289317,0.716,0.252,0,"24","MAP4K3"
0,0.88481847506897,0.595,0.131,0,"24","EPHB6"
0,0.406585954968245,0.707,0.243,0,"24","NEDD4L"
0,0.464628604340628,0.647,0.185,0,"24","SIL1"
0,1.46143102287786,0.595,0.133,0,"24","MPP6"
0,0.671665550420683,1,0.538,0,"24","FGF14"
0,1.05943041298113,0.603,0.141,0,"24","CACNG8"
0,0.807185882597008,0.655,0.194,0,"24","ATP6V1H"
0,0.938271293688047,0.983,0.522,0,"24","KAZN"
0,0.959950084361356,0.629,0.168,0,"24","SEZ6L2"
0,0.676803982696773,0.681,0.221,0,"24","UBE3A"
0,1.48862623017183,0.552,0.093,0,"24","CORO6"
0,0.734404090725165,1,0.541,0,"24","MAPK10"
0,2.65333284892116,0.491,0.032,0,"24","NEFH"
0,0.820918045815676,1,0.542,0,"24","CELF2"
0,0.688376710312315,0.664,0.207,0,"24","NMNAT2"
0,0.85270488175868,0.586,0.129,0,"24","PID1"
0,1.36773680535,1,0.544,0,"24","NEGR1"
0,0.824312205795464,0.612,0.156,0,"24","TOM1L1"
0,1.66711473489656,0.552,0.097,0,"24","NRSN1"
0,0.850489806055831,0.629,0.175,0,"24","PTPRO"
0,2.13367609118275,0.517,0.063,0,"24","HS3ST2"
0,0.359767864488633,0.698,0.244,0,"24","RABGAP1"
0,2.03022907437738,0.526,0.073,0,"24","SEC24D"
0,2.19801394380208,0.534,0.081,0,"24","AC130650.1"
0,0.382284985563188,0.69,0.237,0,"24","BABAM2"
0,1.33687950007448,0.578,0.125,0,"24","ME3"
0,0.370884248503982,0.716,0.263,0,"24","CCDC91"
0,1.20170387750788,0.603,0.15,0,"24","TESPA1"
0,0.640592936935583,0.672,0.22,0,"24","CPLANE1"
0,0.453256508024347,0.681,0.229,0,"24","LMO3"
0,1.23980547925212,0.578,0.126,0,"24","PRKAA2"
0,0.445029501632536,0.698,0.246,0,"24","SCN3A"
0,1.36750097821732,0.578,0.126,0,"24","ICA1"
0,0.874868535335387,0.586,0.135,0,"24","IFT172"
0,0.526507969185039,0.638,0.188,0,"24","FSTL4"
0,0.336952496556182,0.707,0.257,0,"24","BMPR2"
0,0.728004170634007,0.621,0.172,0,"24","CAP2"
0,0.739065009936112,0.681,0.233,0,"24","ATP1A1"
0,1.20005001189397,0.569,0.121,0,"24","SLC41A2"
0,1.20838362690371,1,0.552,0,"24","DLGAP1"
0,1.63767847431698,0.543,0.096,0,"24","GDA"
0,1.85547652381903,0.526,0.079,0,"24","CFAP221"
0,2.88275555844448,0.483,0.036,0,"24","RAB37"
0,0.764430510590166,0.612,0.165,0,"24","CEP112"
0,1.27457854373228,0.56,0.114,0,"24","MIR2052HG"
0,0.478212037935891,0.629,0.183,0,"24","RNF150"
0,0.750697773665275,1,0.554,0,"24","DMD"
0,0.700304400656198,0.629,0.184,0,"24","SYBU"
0,2.01935877370008,0.5,0.055,0,"24","RASGRP1"
0,0.442612120540993,0.612,0.167,0,"24","XYLT1"
0,1.45757989862939,0.543,0.099,0,"24","BEND6"
0,0.351809099439913,0.664,0.22,0,"24","ST7"
0,1.68191545937605,0.543,0.099,0,"24","AC024901.1"
0,0.427863012160924,0.664,0.22,0,"24","C2CD5"
0,0.884300935131916,0.578,0.134,0,"24","ANO10"
0,0.516072065929201,0.681,0.239,0,"24","LMO4"
0,0.319078280956093,0.672,0.23,0,"24","RGL1"
0,0.520690680795284,0.621,0.179,0,"24","PCMTD1"
0,0.418805668757295,0.672,0.231,0,"24","ROCK2"
0,1.39645765516853,0.526,0.086,0,"24","TMEM14A"
0,0.253778181708725,0.638,0.198,0,"24","ABR"
0,0.465355690657654,0.698,0.258,0,"24","CALM3"
0,0.342113315361683,0.647,0.208,0,"24","DNM1L"
0,1.25071210762555,0.552,0.114,0,"24","AKAP12"
0,0.621323104549556,0.629,0.191,0,"24","DCAF6"
0,0.857387006558556,0.595,0.157,0,"24","FBXL2"
0,0.602260312756479,0.595,0.157,0,"24","ATRN"
0,0.412980672540034,0.655,0.218,0,"24","C11orf49"
0,0.285821161476635,0.672,0.235,0,"24","CHPT1"
0,0.453951134989593,0.629,0.192,0,"24","ZNF721"
0,0.918299760965976,0.56,0.124,0,"24","GRAMD1B"
0,1.20048167778478,0.552,0.117,0,"24","NQO2"
0,0.636456845060667,0.638,0.204,0,"24","MAGI3"
0,0.397999436579216,0.638,0.204,0,"24","LYST"
0,0.505758430937544,0.655,0.221,0,"24","NBAS"
0,0.328054998432757,0.681,0.247,0,"24","CRLF3"
0,1.77246640812329,0.5,0.066,0,"24","PDE4A"
0,0.802532275504813,0.578,0.144,0,"24","RAD9A"
0,0.956545232645887,1,0.567,0,"24","LRRTM4"
0,1.17338715773674,0.543,0.11,0,"24","PRR16"
0,0.514211560656709,0.672,0.239,0,"24","EVL"
0,0.644639116405653,0.629,0.196,0,"24","SSBP3"
0,0.594749290710959,0.621,0.188,0,"24","TMOD2"
0,0.845553815819365,0.578,0.145,0,"24","MPHOSPH9"
0,0.582707869309096,0.664,0.232,0,"24","HIVEP3"
0,0.97204084678806,1,0.568,0,"24","DPP10"
0,0.271805008042165,0.664,0.232,0,"24","FAM168A"
0,1.45367193197599,0.517,0.085,0,"24","OXNAD1"
0,1.10500148495067,0.552,0.121,0,"24","ELMOD1"
0,0.672892384306906,0.629,0.198,0,"24","CDKL5"
0,0.314484191954779,0.612,0.182,0,"24","YLPM1"
0,1.34304396178571,0.517,0.088,0,"24","TBC1D4"
0,0.520111677936229,0.586,0.157,0,"24","NDUFS1"
0,0.515642598395479,0.621,0.193,0,"24","HYDIN"
0,0.58025264974527,0.595,0.167,0,"24","PIAS2"
0,0.461441805009189,0.655,0.228,0,"24","GABRG2"
0,1.6773940927242,0.509,0.082,0,"24","GABRA3"
0,0.323381518776503,0.629,0.202,0,"24","ABCA5"
0,0.763625100111029,0.578,0.151,0,"24","CCDC171"
0,0.398495849439954,0.647,0.221,0,"24","SLC17A7"
0,2.04668324520011,0.474,0.048,0,"24","COL21A1"
0,1.79043171561078,0.5,0.074,0,"24","AP001831.1"
0,0.906983943625287,0.991,0.566,0,"24","AC016831.7"
0,0.873518903624377,0.595,0.17,0,"24","LONRF2"
0,1.00776412700278,0.595,0.17,0,"24","KCNB1"
0,0.469917045032416,0.647,0.223,0,"24","ZRANB2"
0,1.27285615297394,0.526,0.102,0,"24","EPHA7"
0,0.46410516961478,0.629,0.205,0,"24","PACS1"
0,1.42587396479988,0.526,0.102,0,"24","ANKRD34C-AS1"
0,0.437746686765212,0.595,0.171,0,"24","RTF1"
0,0.69055242704776,0.56,0.137,0,"24","ARHGEF11"
0,1.12000568722295,0.543,0.12,0,"24","MIR29B2CHG"
0,1.04033666206431,0.534,0.111,0,"24","RANBP17"
0,1.51150933692732,0.491,0.068,0,"24","TMEM163"
0,0.564389289958527,0.603,0.18,0,"24","VPS53"
0,1.11705472123661,0.543,0.121,0,"24","SNX32"
0,1.43744719669381,0.509,0.087,0,"24","ARHGAP20"
0,0.928017262821665,0.526,0.105,0,"24","PTCHD4"
0,0.915951836807182,0.543,0.122,0,"24","CLVS1"
0,0.889772477309079,0.534,0.114,0,"24","DYNC2LI1"
0,0.887686694901932,0.552,0.132,0,"24","TRIM37"
0,0.465395590794315,0.621,0.201,0,"24","CEP85L"
0,0.58830741597965,0.612,0.192,0,"24","PRKAR1B"
0,0.942589517230974,0.543,0.124,0,"24","PGM2L1"
0,0.937215402760964,0.543,0.124,0,"24","BAIAP2"
0,2.48432632439941,0.448,0.029,0,"24","KLHL1"
0,0.50441729213494,0.543,0.125,0,"24","MAPK4"
0,0.717885737780362,0.543,0.126,0,"24","FBXO42"
0,2.41467223907133,0.466,0.049,0,"24","AC005537.1"
0,1.00835046410753,0.552,0.135,0,"24","SPATS2"
0,0.790483037837134,0.543,0.127,0,"24","FASTKD1"
0,1.00771130028023,0.526,0.11,0,"24","AF117829.1"
0,0.492468539557906,0.595,0.179,0,"24","SRSF7"
0,0.349076949999708,0.621,0.206,0,"24","RASA2"
0,0.80991140988947,1,0.585,0,"24","PDE4D"
0,1.00074352965498,0.552,0.137,0,"24","NIPAL2"
0,1.00008251038932,0.534,0.119,0,"24","SLC36A4"
0,0.661292036029838,0.578,0.163,0,"24","SAT2"
0,2.14921930765004,0.466,0.053,0,"24","CYP1B1-AS1"
0,1.74772820745235,0.483,0.07,0,"24","DNAH14"
0,0.574236281633859,0.569,0.156,0,"24","ATP6V1A"
0,0.27448995415833,0.621,0.209,0,"24","EXOC6"
0,0.680336784132675,0.56,0.149,0,"24","CCDC30"
0,0.704270865530191,0.543,0.132,0,"24","ACTN1"
0,1.09419151693278,0.526,0.115,0,"24","RAPGEFL1"
0,0.47699525033409,0.621,0.21,0,"24","SPIRE1"
0,0.574217235758289,0.578,0.167,0,"24","ACTR2"
0,0.656874674498101,0.578,0.167,0,"24","SPECC1"
0,1.06100175263856,0.517,0.107,0,"24","NEK10"
0,0.928924504054482,0.543,0.133,0,"24","CLVS2"
0,0.618761388087202,0.543,0.133,0,"24","GPI"
0,0.595565976072648,0.578,0.168,0,"24","ARMC9"
0,0.641720388927631,0.569,0.159,0,"24","ACADVL"
0,1.08813102700547,0.534,0.125,0,"24","NOS1AP"
0,0.530085617713805,0.56,0.151,0,"24","ABHD18"
0,0.732490585421869,0.603,0.194,0,"24","GAP43"
0,0.467491849643401,0.586,0.177,0,"24","MAGED1"
0,0.426477373034801,0.578,0.17,0,"24","TRPM7"
0,0.96141620612056,0.552,0.145,0,"24","RNF24"
0,2.00773807280411,0.457,0.051,0,"24","GRIK3"
0,0.45842155933201,0.629,0.223,0,"24","THY1"
0,0.463970711175492,0.612,0.206,0,"24","KCTD1"
0,0.582028084242984,0.586,0.18,0,"24","TBRG1"
0,0.542994975702108,0.569,0.163,0,"24","PCDH15"
0,0.542514710432104,0.595,0.19,0,"24","ICA1L"
0,0.900124257014335,1,0.596,0,"24","CSMD1"
0,1.37983758422225,1,0.597,0,"24","FAM155A"
0,0.354369668612491,0.578,0.175,0,"24","MGST3"
0,0.462345128560104,0.552,0.15,0,"24","JAK2"
0,0.81549807297558,0.509,0.107,0,"24","ABAT"
0,1.50395128494303,0.483,0.081,0,"24","UNC13B"
0,0.321512246148799,0.569,0.167,0,"24","AL139260.1"
0,0.320355595152037,0.569,0.167,0,"24","SLMAP"
0,1.2798747930172,0.5,0.099,0,"24","SLC38A6"
0,0.41306806305309,0.586,0.185,0,"24","PPHLN1"
0,3.35910618291468,0.414,0.013,0,"24","ERG"
0,1.50771803593344,0.5,0.1,0,"24","IGSF21"
0,1.16327998590255,0.526,0.126,0,"24","NGEF"
0,0.510527719873523,0.578,0.179,0,"24","ZFYVE9"
0,0.837791265046234,0.534,0.136,0,"24","GLRB"
0,0.687400653994669,0.543,0.145,0,"24","NNT"
0,0.874196930635548,0.543,0.145,0,"24","PLXNA4"
0,0.433928582308109,0.578,0.18,0,"24","TLK1"
0,0.663629726673484,0.534,0.137,0,"24","ZC2HC1A"
0,0.468091798534723,0.569,0.172,0,"24","UQCRH"
0,1.11563106963797,0.474,0.077,0,"24","ANXA4"
0,0.685814943592139,0.56,0.164,0,"24","PTK2B"
0,0.789978444322177,0.543,0.147,0,"24","CLSTN3"
0,2.45979487311226,0.44,0.044,0,"24","SSTR2"
0,0.320920607215277,0.578,0.183,0,"24","SCAMP5"
0,0.448953970080337,0.578,0.183,0,"24","LRRC37A3"
0,0.546434717200492,0.534,0.14,0,"24","ATR"
0,1.30507202309739,0.491,0.097,0,"24","FBXO16"
0,0.955213778741697,0.526,0.132,0,"24","VDAC3"
0,1.76036239434697,0.448,0.054,0,"24","BCO2"
0,0.341005786528168,0.578,0.184,0,"24","HINT1"
0,0.812471090614907,0.517,0.124,0,"24","FAM182B"
0,0.855014139801058,0.517,0.124,0,"24","SYNJ1"
0,0.254765580154087,0.586,0.193,0,"24","CNNM2"
0,0.466440724138748,0.612,0.22,0,"24","RNPC3"
0,0.937940459742771,0.543,0.151,0,"24","BASP1-AS1"
0,0.676043488350661,0.517,0.125,0,"24","CDR2"
0,0.451352018420226,0.595,0.203,0,"24","PKD1"
0,0.361651314901084,0.586,0.194,0,"24","RHOT1"
0,1.08006012562142,0.5,0.109,0,"24","DENND1B"
0,0.385177525803395,0.578,0.187,0,"24","TRAPPC9"
0,1.41585432663767,0.483,0.093,0,"24","SIDT1"
0,1.76050545789338,0.466,0.076,0,"24","AC069437.1"
0,0.536572219147627,0.595,0.205,0,"24","CIT"
0,0.38077616611794,0.569,0.179,0,"24","NME7"
0,1.03245986091103,0.5,0.111,0,"24","RGS4"
0,0.694719072461502,0.509,0.12,0,"24","LINC00894"
0,0.972797002597175,0.466,0.077,0,"24","CEMIP2"
0,1.28415302215467,0.491,0.102,0,"24","TDG"
0,1.19798290470849,1,0.611,0,"24","RBFOX1"
0,1.63412051170415,0.474,0.085,0,"24","LINC02055"
0,0.609718320962874,0.552,0.165,0,"24","LARP1B"
0,0.711568096982179,0.5,0.113,0,"24","HIVEP1"
0,0.87034072823822,0.517,0.13,0,"24","RIC3"
0,1.12363937564578,0.5,0.113,0,"24","FAM81A"
0,1.73532423611694,0.457,0.07,0,"24","CDH22"
0,0.479667649147649,0.534,0.147,0,"24","CC2D1A"
0,0.623127624815082,0.586,0.199,0,"24","PARP8"
0,0.86942093839254,0.552,0.166,0,"24","AC007388.1"
0,0.787506032865878,0.509,0.123,0,"24","TTC21B"
0,2.28209588559769,0.431,0.045,0,"24","HTR4"
0,1.38359634779171,0.483,0.097,0,"24","BICDL1"
0,1.13746927338342,0.491,0.106,0,"24","RGS7BP"
0,0.947342744621965,0.517,0.132,0,"24","CHGA"
0,0.906220617344039,0.509,0.124,0,"24","MAST1"
0,0.833577224681635,0.509,0.125,0,"24","TRERF1"
0,0.918986482511413,0.509,0.126,0,"24","CBWD5"
0,1.00142100861409,0.517,0.134,0,"24","ANO3"
0,0.4809054021094,0.517,0.134,0,"24","PCDH11Y"
0,0.380830360254493,0.552,0.17,0,"24","MCPH1"
0,0.463596473246055,0.569,0.187,0,"24","DGKZ"
0,0.603128172558105,0.491,0.11,0,"24","DAP3"
0,0.626464282609144,0.534,0.154,0,"24","CCDC92"
0,0.77532159701295,0.509,0.129,0,"24","GOLGA8B"
0,0.53266734412377,0.56,0.181,0,"24","SEPT11"
0,0.909357379881579,0.517,0.138,0,"24","SHC3"
0,0.854048396525396,0.5,0.121,0,"24","KCNT1"
0,0.431708605381129,0.517,0.138,0,"24","SLC38A1"
0,1.30019320524151,0.448,0.069,0,"24","AC008731.1"
0,0.560520214118417,0.552,0.174,0,"24","TARBP1"
0,2.43702826735747,0.422,0.044,0,"24","SLC26A4"
0,0.71929941759174,0.517,0.139,0,"24","LMBR1"
0,0.657169261366797,0.517,0.139,0,"24","FBXO34"
0,0.498185013645137,0.569,0.191,0,"24","WDR17"
0,0.349784051227738,0.552,0.175,0,"24","LINC01184"
0,0.254865190462978,0.56,0.183,0,"24","EFR3A"
0,0.699817714893192,0.552,0.175,0,"24","FRRS1L"
0,0.488741795666538,0.509,0.132,0,"24","EXOC2"
0,0.630612263077062,0.517,0.14,0,"24","MAPK14"
0,0.704139760302477,0.474,0.097,0,"24","ABCD4"
0,1.73356355239024,0.457,0.081,0,"24","PART1"
0,0.723395928395787,0.5,0.124,0,"24","SFXN1"
0,0.661186854326336,0.5,0.124,0,"24","SH3PXD2A"
0,0.678993512551467,0.491,0.116,0,"24","CAST"
0,0.313479608597142,0.534,0.159,0,"24","TCERG1"
0,1.49158843037001,0.431,0.056,0,"24","ITGA7"
0,0.532086204023701,0.509,0.134,0,"24","FKBP3"
0,0.364060915305111,0.526,0.151,0,"24","HLCS"
0,0.346670145686836,0.534,0.16,0,"24","KIAA0319L"
0,0.529116802564154,0.517,0.143,0,"24","TTLL11"
0,0.60364763698072,0.526,0.152,0,"24","DMXL2"
0,0.653081854785159,0.491,0.117,0,"24","PTPN9"
0,0.631055011690816,0.534,0.161,0,"24","FLOT1"
0,0.621499409298669,0.491,0.118,0,"24","RNF157"
0,0.342263622825932,0.517,0.144,0,"24","SLC23A2"
0,0.993855632469632,0.474,0.102,0,"24","GOT1"
0,0.403217746203755,0.509,0.137,0,"24","ETV6"
0,0.643836488766354,0.526,0.154,0,"24","ARFGEF2"
0,0.357151619706697,0.543,0.172,0,"24","CEP126"
0,2.35071560026074,0.431,0.06,0,"24","AL596451.1"
0,0.289503941125975,0.543,0.173,0,"24","PAPSS1"
0,0.445851193059426,0.5,0.13,0,"24","MTMR7"
0,1.9819549634974,0.414,0.044,0,"24","ST3GAL1"
0,0.43822020627375,0.517,0.147,0,"24","TBC1D22A"
0,0.261807960366098,0.543,0.174,0,"24","TBC1D32"
0,0.569711744235169,0.543,0.174,0,"24","USP25"
0,1.11746763594713,0.466,0.097,0,"24","ITGB1BP1"
0,1.13189187116889,0.457,0.088,0,"24","MAOB"
0,0.380259431097653,0.526,0.157,0,"24","NR6A1"
0,1.46042048727141,0.448,0.079,0,"24","DGKH"
0,0.684822920199183,0.534,0.166,0,"24","ODF2L"
0,2.14625050132141,0.414,0.046,0,"24","IL12A-AS1"
0,0.959561662807342,0.457,0.09,0,"24","KIF26B"
0,0.886268419133299,0.448,0.081,0,"24","ARL13B"
0,1.00679588250113,0.448,0.081,0,"24","AC104123.1"
0,0.819688068024174,0.474,0.107,0,"24","RASGRF1"
0,0.829362156115607,0.474,0.107,0,"24","PTPN2"
0,0.768528828130611,0.474,0.108,0,"24","GLMN"
0,0.796153594645956,0.491,0.125,0,"24","ADD2"
0,0.312221203655748,0.526,0.16,0,"24","PCMT1"
0,0.54771023867461,0.552,0.187,0,"24","KIAA0825"
0,0.269279373513449,0.543,0.178,0,"24","AP2B1"
0,1.41242022541289,0.457,0.092,0,"24","LINC00937"
0,0.343553754345686,0.543,0.179,0,"24","CWC27"
0,0.634927803534848,0.483,0.119,0,"24","AP3S1"
0,0.253861926390049,0.543,0.18,0,"24","PPP3CB"
0,0.689246797962748,0.5,0.137,0,"24","NPAS2"
0,0.39572055191684,0.5,0.137,0,"24","MSH3"
0,1.66130699069273,0.431,0.068,0,"24","LPCAT4"
0,1.09282488766166,0.474,0.111,0,"24","LRRC49"
0,1.37921359209537,1,0.639,0,"24","KCNIP4"
0,0.794013491624541,0.491,0.13,0,"24","SGSM1"
0,0.864553599793948,0.457,0.097,0,"24","HSPA4L"
0,0.48742664848955,0.474,0.114,0,"24","MAK"
0,0.721715065497796,0.509,0.149,0,"24","ADCY9"
0,0.612070522631255,0.474,0.115,0,"24","AC016716.2"
0,1.07452519929376,0.44,0.081,0,"24","ISCU"
0,0.713218836824561,0.526,0.167,0,"24","MAP2K1"
0,0.767128522324778,0.5,0.141,0,"24","CHCHD10"
0,1.68773418093769,0.414,0.056,0,"24","UXS1"
0,1.35479040365746,0.431,0.073,0,"24","TCERG1L"
0,0.856946706920344,0.44,0.082,0,"24","KIAA1671"
0,0.746214721379003,0.466,0.109,0,"24","GDPD1"
0,1.31022455970234,0.457,0.1,0,"24","PKN2-AS1"
0,0.454171951510433,0.491,0.134,0,"24","PPIP5K2"
0,0.981322243369731,0.44,0.083,0,"24","SLC17A5"
0,0.836585251343738,0.457,0.101,0,"24","RBMS1"
0,1.44606269366481,0.44,0.084,0,"24","CPLX1"
0,0.624071231330438,0.474,0.119,0,"24","STX12"
0,1.88208220378715,0.414,0.059,0,"24","AC090709.1"
0,1.52238406072329,0.422,0.067,0,"24","TRPM2"
0,2.57183661701567,0.379,0.025,0,"24","AC046195.1"
0,0.864080224222304,0.448,0.094,0,"24","VPS36"
0,0.726252954168968,0.457,0.104,0,"24","DENND6A"
0,0.445193761938029,0.526,0.173,0,"24","SMAP1"
0,0.567057784370786,0.483,0.13,0,"24","ANAPC10"
0,1.15947808492705,0.44,0.087,0,"24","REEP2"
0,1.60966791655287,0.414,0.061,0,"24","FAM92A"
0,0.591090135353805,0.491,0.138,0,"24","C11orf80"
0,0.671541870454639,0.457,0.105,0,"24","RALGPS2"
0,0.581868114242448,0.474,0.122,0,"24","EFR3B"
0,0.934880993396601,0.448,0.096,0,"24","MINDY3"
0,1.13436046521405,0.44,0.089,0,"24","DGKE"
0,0.985430817884605,0.466,0.116,0,"24","HK1"
0,0.842638886274367,0.466,0.116,0,"24","KIF5A"
0,0.681910054477427,0.5,0.15,0,"24","GPR155"
0,0.824030365624909,0.483,0.133,0,"24","SLF1"
0,0.666459357376088,0.448,0.098,0,"24","GLCE"
0,1.08461720397433,0.448,0.098,0,"24","CCDC57"
0,0.780170376930304,0.483,0.133,0,"24","TTC39C"
0,0.496851796153738,0.466,0.117,0,"24","CENPP"
0,0.570555268544623,0.509,0.16,0,"24","PRKAR2B"
0,1.06534494918941,0.422,0.073,0,"24","TUBG2"
0,0.894651389509392,0.448,0.1,0,"24","PGP"
0,2.02446972424039,0.397,0.05,0,"24","CFAP46"
0,1.33652681048022,0.422,0.075,0,"24","MOK"
0,0.505175808079742,0.474,0.127,0,"24","AKAP8L"
0,0.522741396875918,0.5,0.154,0,"24","ATXN7L1"
0,0.292095176276997,0.483,0.137,0,"24","PUS7L"
0,1.0003856195634,0.448,0.103,0,"24","STAT4"
0,0.896114945631072,0.457,0.112,0,"24","CACNG2"
0,1.73294320169925,0.405,0.061,0,"24","GPLD1"
0,0.769089460479018,0.466,0.122,0,"24","FAR2"
0,1.99913371668177,0.397,0.053,0,"24","AL117190.2"
0,0.565202240585117,0.509,0.165,0,"24","MTA3"
0,0.68531077848628,0.491,0.147,0,"24","KIAA0319"
0,0.440673533081164,0.491,0.147,0,"24","SLC16A7"
0,0.773318197586947,0.457,0.114,0,"24","AP3B2"
0,0.269234142318009,0.5,0.157,0,"24","KATNBL1"
0,0.514752896870856,0.474,0.131,0,"24","RAB11FIP3"
0,0.665606645496697,0.466,0.124,0,"24","ULK4"
0,1.62973724995755,0.405,0.063,0,"24","PXYLP1"
0,0.7426217036809,0.448,0.106,0,"24","SPDYE3"
0,0.822501294401373,1,0.659,0,"24","CNTNAP2"
0,1.18551194078944,0.414,0.073,0,"24","MTFMT"
0,1.35873407606436,0.422,0.081,0,"24","DLGAP1-AS4"
0,0.675529583917985,0.457,0.117,0,"24","BICC1"
0,0.534876964755361,0.448,0.108,0,"24","DNASE1"
0,1.07550818310887,0.431,0.091,0,"24","RNF175"
0,0.940794183910166,0.44,0.1,0,"24","GAS2"
0,0.309716827821379,0.5,0.16,0,"24","FAM208B"
0,0.550272328804574,0.44,0.1,0,"24","LIN52"
0,0.342952497453735,0.457,0.118,0,"24","SRSF4"
0,1.8924643178111,0.388,0.049,0,"24","MEG3"
0,0.376854186051041,0.483,0.144,0,"24","PPP3CC"
0,0.623507161121484,0.483,0.144,0,"24","PKNOX2"
0,2.17440516892809,0.379,0.041,0,"24","RELL2"
0,0.5562011385457,0.491,0.153,0,"24","SPDYE2"
0,0.690130665495475,0.457,0.12,0,"24","MLLT11"
0,0.777017481158356,0.448,0.111,0,"24","REEP1"
0,1.98928598033668,0.397,0.06,0,"24","MSC-AS1"
0,1.47485944652728,0.405,0.068,0,"24","RTN4RL1"
0,0.609508018072174,0.44,0.105,0,"24","CD99L2"
0,0.645828506674497,0.44,0.105,0,"24","TMX4"
0,1.29702587092799,0.422,0.087,0,"24","B4GALT6"
0,0.372972640510676,0.457,0.123,0,"24","LRPPRC"
0,0.668096016022598,0.448,0.114,0,"24","WDR19"
0,0.739468035180528,0.431,0.097,0,"24","C9orf16"
0,1.75079455970967,0.379,0.046,0,"24","AP000943.3"
0,0.395670837295432,0.457,0.124,0,"24","AC069228.1"
0,1.29887458440502,0.397,0.064,0,"24","SCPEP1"
0,0.9375642196502,0.422,0.089,0,"24","EML4"
0,3.04394325534347,0.353,0.02,0,"24","SCN4B"
0,0.980347968553735,0.414,0.081,0,"24","CAPRIN2"
0,0.775571732387248,0.431,0.098,0,"24","MIA2"
0,0.408674378907916,0.474,0.142,0,"24","ME1"
0,0.597142650502938,0.431,0.099,0,"24","ADAMTSL3"
0,1.34709155770653,0.397,0.066,0,"24","AC058791.1"
0,0.472200994845373,0.457,0.126,0,"24","GALNT11"
0,0.357256936693427,0.474,0.143,0,"24","ELAVL2"
0,3.67494562886958,0.345,0.014,0,"24","OVCH1-AS1"
0,1.76695061158321,0.397,0.067,0,"24","HRH2"
0,1.6577691913703,0.405,0.075,0,"24","LINC01252"
0,0.558230127532247,0.448,0.118,0,"24","PIN1"
0,0.513060258816098,0.474,0.144,0,"24","NSMAF"
0,0.352679253469225,0.466,0.137,0,"24","FAM169A"
0,3.04117561970529,0.345,0.016,0,"24","MIR34AHG"
0,0.654812216499647,0.414,0.085,0,"24","AL512422.1"
0,0.827023966195513,0.448,0.12,0,"24","CPLX2"
0,1.22494390832404,0.397,0.069,0,"24","VPS9D1"
0,1.5742995408384,0.397,0.07,0,"24","AC018816.1"
0,0.422712606821797,0.466,0.139,0,"24","FAM66D"
0,1.35536483312545,0.388,0.061,0,"24","NEIL1"
0,0.527068467162073,0.457,0.13,0,"24","PDXK"
0,0.367026512344098,0.483,0.156,0,"24","RNF145"
0,0.933741899921449,0.483,0.156,0,"24","HTR1E"
0,4.24240968669521,0.336,0.01,0,"24","DNAI1"
0,2.50182017590759,0.362,0.036,0,"24","AC138305.1"
0,0.570469066037889,0.422,0.096,0,"24","LSAMP-AS1"
0,1.02867292223132,0.414,0.088,0,"24","RFPL1S"
0,1.1530999938927,0.405,0.08,0,"24","ANGPTL1"
0,1.88975366417001,0.371,0.046,0,"24","LINC00903"
0,0.457647236545334,0.44,0.115,0,"24","ETFDH"
0,0.398840433683344,0.457,0.132,0,"24","NMT2"
0,0.813265132696098,0.44,0.115,0,"24","RAB3A"
0,0.522733284477013,0.448,0.124,0,"24","EML5"
0,0.519256193120469,0.44,0.117,0,"24","NRG2"
0,0.553878334556561,0.457,0.134,0,"24","BCAP29"
0,0.604194288986835,0.448,0.125,0,"24","DLGAP4"
0,0.789102579912158,0.414,0.091,0,"24","TCAIM"
0,1.01769239339856,0.422,0.099,0,"24","MRPS30-DT"
0,0.694767545105007,0.414,0.091,0,"24","EIF2AK4"
0,2.29299566483836,0.362,0.04,0,"24","DCHS2"
0,0.540081963009338,0.44,0.118,0,"24","PTGR1"
0,1.09406765879071,0.397,0.075,0,"24","AC005670.2"
0,0.562267807388296,0.414,0.092,0,"24","BCL2L13"
0,0.434932113272593,0.44,0.119,0,"24","ERP44"
0,0.631926901435169,0.414,0.093,0,"24","ZFHX2"
0,0.486979610390647,0.466,0.146,0,"24","KCNK1"
0,1.08562449315504,0.397,0.077,0,"24","ATP5MC3"
0,1.13521141047724,0.397,0.077,0,"24","ANXA6"
0,0.605844018508196,0.405,0.087,0,"24","ASAP2"
0,1.23616903399823,0.405,0.087,0,"24","WIPF3"
0,0.576968647867829,0.431,0.113,0,"24","FBXO44"
0,0.409942614201913,0.422,0.104,0,"24","ATG10"
0,1.20372413023473,0.397,0.079,0,"24","LRRC6"
0,0.724133747417797,0.422,0.105,0,"24","ACTR3B"
0,0.938306682066668,0.388,0.071,0,"24","PTCHD1"
0,0.878962768388538,0.414,0.097,0,"24","POLN"
0,2.02849134715649,0.345,0.028,0,"24","AC098864.1"
0,0.931402222696811,0.44,0.124,0,"24","CEND1"
0,1.2496554464949,0.388,0.072,0,"24","MPPED1"
0,0.826526567398577,0.414,0.098,0,"24","SNX10"
0,0.815912736806312,0.405,0.09,0,"24","AC010615.4"
0,1.41552484150518,0.388,0.073,0,"24","ANKRD33B"
0,0.47283651718484,0.448,0.133,0,"24","RNGTT"
0,1.66548819739252,0.379,0.064,0,"24","DCX"
0,0.916914736150539,0.422,0.107,0,"24","GNB5"
0,1.04903378924609,0.397,0.082,0,"24","COL6A1"
0,0.678657236809542,0.397,0.083,0,"24","AL359915.2"
0,0.598126351637126,0.431,0.117,0,"24","NCEH1"
0,0.786329335352969,0.397,0.083,0,"24","MARK4"
0,0.74221531430695,0.414,0.1,0,"24","VDAC1"
0,0.962276219975607,0.405,0.092,0,"24","ZNF519"
0,0.313225192078075,0.448,0.135,0,"24","MDN1"
0,2.63397974513208,0.336,0.023,0,"24","GFRA1"
0,0.607321891140136,0.397,0.084,0,"24","PRPSAP1"
0,0.746295091522948,0.414,0.101,0,"24","GMCL1"
0,0.831418611975919,0.405,0.093,0,"24","RIPOR1"
0,1.09618460145882,0.397,0.085,0,"24","NYAP2"
0,0.516598408799346,0.414,0.102,0,"24","CCDC186"
0,1.19507899527079,0.371,0.059,0,"24","RERG"
0,1.00392569283178,0.397,0.086,0,"24","C3orf14"
0,1.00405955048068,0.397,0.086,0,"24","MTCL1"
0,0.265059689940679,0.431,0.12,0,"24","HEATR5B"
0,0.505907410575956,0.422,0.111,0,"24","CCDC14"
0,0.304626691133496,0.431,0.12,0,"24","COA1"
0,1.73525584278289,0.353,0.042,0,"24","CRTAC1"
0,0.468303651396974,0.414,0.104,0,"24","NDUFV1"
0,0.629802226756194,0.422,0.112,0,"24","GOLGA8A"
0,0.355052697173896,0.422,0.112,0,"24","PSMG2"
0,1.11273707848964,0.422,0.113,0,"24","NWD2"
0,0.970430150890106,0.405,0.097,0,"24","TUBA4A"
0,1.23308595539936,0.397,0.089,0,"24","MAP7D2"
0,0.452015310853867,0.422,0.114,0,"24","SPDYE5"
0,0.624214978809759,0.44,0.132,0,"24","BTBD10"
0,1.00098430376692,0.379,0.071,0,"24","IDH3A"
0,2.02762431508361,0.336,0.028,0,"24","ANKRD29"
0,0.420548629940296,0.422,0.114,0,"24","PHF20"
0,0.717805615734857,0.397,0.09,0,"24","ATF7IP2"
0,2.44603284987621,0.336,0.029,0,"24","GRB14"
0,0.333150229718864,0.414,0.107,0,"24","FILIP1L"
0,0.611252167673286,0.422,0.115,0,"24","NIM1K"
0,0.313512173089608,0.397,0.091,0,"24","SORCS2"
0,0.907305310917695,0.405,0.099,0,"24","STEAP2"
0,1.1206966229785,0.371,0.065,0,"24","SMIM8"
0,0.376761274136281,0.431,0.125,0,"24","UQCRC2"
0,0.607404801910776,0.405,0.1,0,"24","ALS2"
0,0.964567271126544,0.397,0.092,0,"24","CYCS"
0,0.54615330514055,0.431,0.126,0,"24","RNF180"
0,0.802711574066361,0.388,0.083,0,"24","RARS"
0,0.401837768402212,0.44,0.135,0,"24","CCDC85B"
0,0.560938756447425,0.431,0.126,0,"24","SULT4A1"
0,0.70628162003653,0.991,0.686,0,"24","NRXN3"
0,1.07188866374835,1,0.696,0,"24","LRP1B"
0,0.879380001856619,1,0.696,0,"24","ANKS1B"
0,0.346911072255955,0.431,0.127,0,"24","TSGA10"
0,0.670646843809973,0.379,0.075,0,"24","PLOD2"
0,1.72423372731551,0.362,0.058,0,"24","FAM153B"
0,0.472991194378792,0.405,0.102,0,"24","AP000462.1"
0,1.0714233992589,0.397,0.094,0,"24","PRB2"
0,0.44352280011969,0.431,0.128,0,"24","ORC2"
0,0.339839006111724,0.44,0.137,0,"24","LINC00685"
0,1.17307993563648,0.388,0.086,0,"24","FAM153A"
0,1.10025863087586,0.397,0.095,0,"24","SLC5A4-AS1"
0,0.604732016280725,0.414,0.112,0,"24","KCNAB2"
0,0.432588047285416,0.397,0.096,0,"24","SLC25A37"
0,1.48151562805843,0.353,0.052,0,"24","EFCAB6"
0,0.755105160292139,0.388,0.088,0,"24","CD163L1"
0,1.34527777227524,0.379,0.079,0,"24","ARL6"
0,0.548074886723592,0.431,0.131,0,"24","LMTK2"
0,0.530337481990775,0.405,0.106,0,"24","NMD3"
0,0.555173266201902,0.422,0.123,0,"24","TRAK2"
0,0.75602662689278,0.371,0.072,0,"24","STK38"
0,0.803086013351834,0.379,0.08,0,"24","PDCD7"
0,0.514318867896943,0.414,0.116,0,"24","FSD1L"
0,0.518258848188097,0.405,0.108,0,"24","GPATCH2"
0,0.909445860143812,0.397,0.1,0,"24","KCNC1"
0,1.23880610553402,0.379,0.082,0,"24","IQSEC3"
0,0.371940598723254,0.405,0.109,0,"24","SPRED2"
0,0.686712183973252,0.388,0.092,0,"24","CES4A"
0,0.958312358043215,0.388,0.092,0,"24","RAB27B"
0,0.754168535525256,0.388,0.092,0,"24","CABIN1"
0,0.320644033973747,0.422,0.126,0,"24","TBC1D19"
0,3.36375181768643,0.31,0.015,0,"24","CHST8"
0,0.508533872738262,0.397,0.103,0,"24","SHROOM3"
0,0.671656329006028,0.405,0.111,0,"24","HMGCLL1"
0,1.08910474935997,0.388,0.094,0,"24","SYT7"
0,0.702683279703255,0.388,0.094,0,"24","PSD"
0,0.933312753409091,0.362,0.068,0,"24","ANO6"
0,0.257949383806593,0.405,0.112,0,"24","TP53BP1"
0,2.56504725965382,0.319,0.026,0,"24","PCSK1"
0,0.709565070632281,0.371,0.078,0,"24","SNX24"
0,1.02102203482698,0.362,0.069,0,"24","AC110023.1"
0,0.708099067951323,0.388,0.096,0,"24","OSBPL3"
0,0.670364189932171,0.379,0.087,0,"24","ANKS6"
0,0.570369728447802,0.422,0.13,0,"24","TMEM130"
0,1.63581443151815,0.345,0.053,0,"24","AC008056.1"
0,0.769526020220584,0.371,0.079,0,"24","NUP50-DT"
0,0.295106625618068,0.405,0.114,0,"24","INTU"
0,0.522183243980764,0.405,0.114,0,"24","AMMECR1"
0,0.484287592637417,0.405,0.114,0,"24","SLITRK4"
0,0.916103083229252,0.379,0.088,0,"24","HM13"
0,1.9404289226708,0.328,0.037,0,"24","TOX2"
0,0.429556811594492,0.405,0.115,0,"24","P4HTM"
0,0.792011739793938,0.397,0.107,0,"24","RIMBP2"
0,0.860508445303195,0.371,0.081,0,"24","ATP8B1"
0,0.447433150470825,0.397,0.108,0,"24","PTPRN"
0,1.04254134241962,0.371,0.082,0,"24","ABCC8"
0,1.31507548652164,0.345,0.056,0,"24","GOLGA7B"
0,0.289734053598017,0.388,0.1,0,"24","GRIK4"
0,1.22281955874865,0.336,0.048,0,"24","TIGAR"
0,0.837781260216903,0.379,0.091,0,"24","LRRK1"
0,0.49963412477531,0.397,0.109,0,"24","NDRG3"
0,0.916034311725023,0.362,0.074,0,"24","CLDN12"
0,0.557947528177985,0.379,0.092,0,"24","MFN1"
0,0.264788888847456,0.388,0.101,0,"24","CCDC146"
0,0.56142811031371,0.388,0.101,0,"24","GIT2"
0,0.684986469380327,0.379,0.092,0,"24","PITPNA"
0,0.976843079077595,0.362,0.075,0,"24","TMEM150C"
0,1.21761277652551,0.362,0.075,0,"24","AACS"
0,0.595402794549771,0.388,0.102,0,"24","ATP13A2"
0,0.574023544018319,0.353,0.067,0,"24","SRGAP2B"
0,1.01452544712978,0.371,0.085,0,"24","MROH1"
0,0.569399624652988,0.397,0.112,0,"24","DIRC3"
0,0.588748008860077,0.371,0.086,0,"24","NHS"
0,0.250371952223814,0.405,0.12,0,"24","ABHD12"
0,2.17805888465128,0.319,0.035,0,"24","PLA2R1"
0,0.821196940309867,0.371,0.087,0,"24","AL035530.2"
0,0.895151534226622,0.379,0.095,0,"24","PIP5K1B"
0,0.46067303641474,0.397,0.113,0,"24","CISD1"
0,0.521436832595915,0.388,0.104,0,"24","TRAF3"
0,0.354781868832678,0.397,0.114,0,"24","HNRNPLL"
0,0.340463114493396,0.388,0.105,0,"24","DNAH7"
0,0.327256036366058,0.397,0.114,0,"24","ZNF827"
0,0.929025494575321,0.371,0.088,0,"24","PNMA3"
0,0.517462604847847,0.379,0.097,0,"24","ERO1B"
0,0.290595231856696,0.371,0.089,0,"24","ZZEF1"
0,0.677489890804384,0.353,0.071,0,"24","PLCH1"
0,1.41164876831608,0.336,0.055,0,"24","E2F3"
0,1.44693342289719,0.328,0.048,0,"24","CDH6"
0,0.375749576042153,0.379,0.099,0,"24","COPS6"
0,0.380768332205867,0.379,0.099,0,"24","UQCC1"
0,0.577242860211276,0.362,0.083,0,"24","IQCA1"
0,0.570897196832026,0.371,0.093,0,"24","GON4L"
0,1.05453074329147,0.328,0.05,0,"24","ATP10D"
0,0.353107629223027,0.388,0.11,0,"24","SIMC1"
0,0.344694792539614,0.379,0.101,0,"24","GGA2"
0,0.857011083275178,0.345,0.067,0,"24","MED10"
0,0.984521443513018,0.353,0.075,0,"24","CDC25B"
0,1.67159133022451,0.328,0.051,0,"24","AC087280.2"
0,0.522286924866066,0.388,0.111,0,"24","LINC00662"
0,0.775800937513374,0.362,0.085,0,"24","PINK1"
0,0.806147598384376,0.353,0.076,0,"24","DTWD2"
0,0.753832016765724,0.362,0.085,0,"24","TPM1"
0,0.263442240261175,0.388,0.112,0,"24","FCHO2"
0,0.380981497101262,0.388,0.112,0,"24","HACE1"
0,0.374375909218603,0.379,0.103,0,"24","BAZ1B"
0,1.6518744283514,0.328,0.052,0,"24","LINC02398"
0,1.0977574500059,0.336,0.06,0,"24","AC005726.5"
0,1.5943924437526,0.328,0.053,0,"24","GABRA5"
0,0.643653434649593,0.371,0.096,0,"24","PPIP5K1"
0,0.582081806647263,0.336,0.062,0,"24","CRYBG3"
0,0.945391058083431,0.362,0.088,0,"24","JAKMIP1"
0,1.37230851733944,0.336,0.062,0,"24","C4orf47"
0,0.421876639118921,0.353,0.079,0,"24","DCTN2"
0,0.803247354171084,0.336,0.063,0,"24","EMC3"
0,1.19031471035904,0.336,0.063,0,"24","ACTL6B"
0,0.511121075007377,0.371,0.098,0,"24","MTMR1"
0,0.428363046704537,0.371,0.098,0,"24","SNAPC3"
0,0.745521230105441,0.362,0.089,0,"24","MAP6"
0,0.342048083594897,0.371,0.098,0,"24","SEC23A"
0,0.348487197506766,0.379,0.106,0,"24","AC025043.1"
0,0.83904765894104,0.353,0.08,0,"24","CACNG7"
0,1.36618428688993,0.319,0.047,0,"24","CIAO1"
0,0.483794404653265,0.371,0.099,0,"24","RUSC2"
0,0.759942878765748,0.353,0.081,0,"24","CPT1C"
0,0.375503728443007,0.379,0.108,0,"24","ATP6V1C1"
0,0.981076833702305,0.345,0.074,0,"24","LAMC1"
0,0.958407347608069,0.353,0.082,0,"24","CXXC4-AS1"
0,0.68001346479108,0.362,0.092,0,"24","CYTH3"
0,0.73659331068187,0.362,0.092,0,"24","AC006504.5"
0,0.956468967772021,0.353,0.083,0,"24","NME5"
0,0.517491673816827,0.353,0.083,0,"24","SMARCC2"
0,2.27579497349781,0.284,0.014,0,"24","RNF152"
0,1.17592247175337,0.336,0.067,0,"24","SPEF2"
0,0.49200733844619,0.379,0.11,0,"24","RNLS"
0,1.06393038319409,0.336,0.067,0,"24","DPF1"
0,0.482712456903966,0.362,0.094,0,"24","EPRS"
0,0.976778727051318,0.328,0.06,0,"24","LARS2"
0,1.17496263753401,0.336,0.068,0,"24","TMEM67"
0,0.799330773954222,0.336,0.068,0,"24","SPON1"
0,0.741647705782487,0.336,0.068,0,"24","STX5"
0,1.14136962555729,0.336,0.068,0,"24","CDON"
0,1.37143651083731,0.319,0.051,0,"24","IFFO1"
0,0.377323663829181,0.362,0.094,0,"24","DUT"
0,0.720711402184042,0.345,0.077,0,"24","ANTXR1"
0,0.701791481490686,0.353,0.085,0,"24","GRK4"
0,0.406467790720412,0.353,0.085,0,"24","TEX2"
0,0.677728652200266,0.336,0.069,0,"24","AC105052.3"
0,0.869192096279233,0.362,0.095,0,"24","IQSEC2"
0,0.298537224031559,0.353,0.086,0,"24","AC022146.2"
0,0.83055090360541,0.345,0.078,0,"24","CCDC65"
0,0.546932327642164,0.371,0.105,0,"24","GOLM1"
0,0.87301204754572,0.328,0.062,0,"24","MPHOSPH6"
0,0.606321330451959,0.345,0.079,0,"24","MTMR4"
0,1.61220782654635,0.302,0.037,0,"24","BHLHE40"
0,1.13870990280992,0.328,0.063,0,"24","ELOVL4"
0,0.450797536105238,0.371,0.106,0,"24","SHLD2"
0,0.487196775338427,0.336,0.071,0,"24","RAB8B"
0,0.496877263924276,0.362,0.097,0,"24","TMX3"
0,0.649833036580868,0.345,0.08,0,"24","PPFIA4"
0,1.31491809076691,0.31,0.046,0,"24","ARHGAP10"
0,1.90894243849202,0.302,0.038,0,"24","TRIM36"
0,0.413350644224122,0.353,0.089,0,"24","GTF3A"
0,1.18544229161016,0.31,0.046,0,"24","TRPC4"
0,1.22824894902875,0.31,0.046,0,"24","ZNF714"
0,0.707331029910311,0.345,0.081,0,"24","RHBDL3"
0,0.937600904657357,0.319,0.056,0,"24","TNFRSF21"
0,1.0654029519171,0.319,0.056,0,"24","STX3"
0,0.649347881982214,0.336,0.073,0,"24","GSE1"
0,0.699919312148382,0.353,0.09,0,"24","ZNF675"
0,0.960010262207863,0.345,0.082,0,"24","SLC6A7"
0,0.703399192569978,0.345,0.082,0,"24","LINC02210-CRHR1"
0,1.41796517132394,0.302,0.04,0,"24","DHDDS"
0,0.611567950403998,0.353,0.091,0,"24","SLC9B2"
0,0.334989376136995,0.362,0.1,0,"24","LYRM4"
0,1.01688713534939,0.328,0.066,0,"24","PTPRB"
0,0.368778251366654,0.353,0.091,0,"24","NAE1"
0,0.640588429517854,0.328,0.067,0,"24","CEP164"
0,0.619224882539288,0.353,0.092,0,"24","CAMKK2"
0,0.510296826855091,0.328,0.067,0,"24","MIPEP"
0,0.922034960673461,0.336,0.075,0,"24","CDYL2"
0,0.533920745338141,0.345,0.084,0,"24","ME2"
0,0.483630593760204,0.362,0.102,0,"24","OXSR1"
0,0.859895870536529,0.336,0.076,0,"24","GLS2"
0,0.634243393025212,0.345,0.085,0,"24","TPM3"
0,1.4678387092346,0.302,0.043,0,"24","GPR89A"
0,0.308286045673145,0.353,0.094,0,"24","DCP1A"
0,0.80429579614904,0.336,0.077,0,"24","ASNS"
0,0.465766478305787,0.345,0.086,0,"24","LMF1"
0,1.10177864629374,0.302,0.044,0,"24","RABL2A"
0,1.8206236968316,0.293,0.035,0,"24","COL12A1"
0,0.296786968071356,0.345,0.087,0,"24","GSTK1"
0,0.341296426733516,0.353,0.095,0,"24","PRPF40B"
0,2.7540954215578,0.267,0.009,0,"24","ATP10A"
0,0.569389938396112,0.336,0.078,0,"24","OGFR"
0,0.919664130312211,0.319,0.062,0,"24","EIF2AK3"
0,0.811759041905047,0.345,0.088,0,"24","KIAA1549"
0,0.356396308665386,0.336,0.079,0,"24","FKTN"
0,0.44595184014515,0.345,0.088,0,"24","MED4"
0,1.02363309266682,0.336,0.079,0,"24","AC092378.1"
0,0.964290919551612,0.319,0.062,0,"24","KIF3B"
0,1.11771768490087,0.328,0.071,0,"24","ZFR2"
0,0.516741872941657,0.345,0.089,0,"24","NUP153"
0,0.959320530493791,0.328,0.072,0,"24","LRP12"
0,0.450700986667301,0.353,0.097,0,"24","IARS"
0,1.89136965735492,0.293,0.037,0,"24","AC008105.3"
0,0.274047226418004,0.353,0.098,0,"24","CSNK1G3"
0,0.442249591936199,0.345,0.09,0,"24","PEX3"
0,1.014173769024,0.31,0.055,0,"24","EPDR1"
0,0.686093497432163,0.345,0.09,0,"24","PDK3"
0,0.456907736186834,0.345,0.091,0,"24","ACADM"
0,0.523447945467788,0.328,0.075,0,"24","ARF4"
0,0.751006106413515,0.31,0.057,0,"24","TRIP4"
0,0.537145220528689,0.345,0.092,0,"24","PIGL"
0,0.654912150053056,0.319,0.066,0,"24","ABCA6"
0,0.932239745870484,0.31,0.058,0,"24","WDR78"
0,1.4410108159698,0.293,0.041,0,"24","HS6ST2"
0,1.42302803173765,0.302,0.05,0,"24","MATK"
0,0.413984971051844,0.345,0.094,0,"24","HACL1"
0,0.695187301554101,0.319,0.068,0,"24","KLC4"
0,0.752576348787066,0.319,0.068,0,"24","GRIPAP1"
0,2.12315289007818,0.284,0.033,0,"24","PDZD7"
0,0.304375824459771,0.345,0.094,0,"24","SCYL2"
0,3.56847838890355,0.259,0.008,0,"24","SLC5A8"
0,1.43488378519858,0.293,0.042,0,"24","CNTNAP1"
0,0.609210423272236,0.319,0.068,0,"24","TPGS2"
0,0.896757871617051,0.31,0.059,0,"24","C18orf25"
0,0.558251875668201,0.336,0.085,0,"24","NDUFV3"
0,0.51076542814364,0.328,0.078,0,"24","INPP5B"
0,0.586588483964517,0.336,0.086,0,"24","ZNF692"
0,1.390783698944,0.31,0.06,0,"24","AC139491.7"
0,0.992720145962967,0.336,0.086,0,"24","GPR22"
0,0.925704531886257,0.31,0.06,0,"24","PVT1"
0,0.556485771083072,0.319,0.069,0,"24","EML1"
0,0.548206156276983,0.336,0.087,0,"24","AK9"
0,0.670237294495485,0.319,0.07,0,"24","ADAM9"
0,0.966359319477799,0.319,0.07,0,"24","ADAM11"
0,1.84548299871805,0.276,0.028,0,"24","AC044781.1"
0,0.732538461187273,0.319,0.071,0,"24","CHCHD6"
0,1.17708239927153,0.319,0.071,0,"24","RSPH3"
0,0.338996878006604,0.336,0.089,0,"24","SUCLA2"
0,1.11751578177781,0.31,0.063,0,"24","ZYX"
0,1.03090167411244,0.302,0.055,0,"24","PCP4"
0,1.07536293911997,0.302,0.056,0,"24","AC058822.1"
0,1.13115467284948,0.302,0.056,0,"24","BHLHB9"
0,0.264416708162366,0.336,0.091,0,"24","EXOC7"
0,0.319570617079339,0.319,0.074,0,"24","SPTLC1"
0,0.608909804028518,0.31,0.065,0,"24","ACADSB"
0,0.712907214155011,0.328,0.083,0,"24","AL357153.2"
0,1.0476572871875,0.31,0.065,0,"24","TSPOAP1"
0,0.392916102745855,0.336,0.092,0,"24","UTRN"
0,0.44870168201379,0.319,0.075,0,"24","SRGAP2C"
0,0.515887782303943,0.319,0.075,0,"24","HADHB"
0,0.989341672311089,0.31,0.066,0,"24","BDH1"
0,0.298223738693871,0.328,0.084,0,"24","PCSK5"
0,0.49475558855185,0.328,0.084,0,"24","ZNF189"
0,0.546607033770261,0.328,0.084,0,"24","TRAPPC6B"
0,0.348261258896052,0.328,0.084,0,"24","TMOD3"
0,1.12775398599059,0.293,0.049,0,"24","AC073167.1"
0,0.473848881851125,0.319,0.075,0,"24","LTN1"
0,0.446730463313904,0.319,0.076,0,"24","AC007038.1"
0,0.705363815720163,0.31,0.067,0,"24","METTL6"
0,0.856094713463222,0.319,0.076,0,"24","FAXC"
0,0.578736707964302,0.328,0.085,0,"24","DDHD2"
0,0.662523048671031,0.328,0.085,0,"24","L2HGDH"
0,1.03117829634526,0.302,0.059,0,"24","TTTY15"
0,0.487264592076917,0.328,0.086,0,"24","TCEA2"
0,1.10965025500553,0.293,0.051,0,"24","CNTNAP3"
0,0.590004390567284,0.319,0.077,0,"24","NDUFA12"
0,1.44039909132169,0.284,0.042,0,"24","SBF2-AS1"
0,0.364201514260438,0.328,0.087,0,"24","ORC3"
0,0.897684502906509,0.302,0.061,0,"24","ERICH1"
0,0.839188795979171,0.31,0.069,0,"24","ABCB9"
0,0.393183893693393,0.328,0.088,0,"24","TRNAU1AP"
0,1.93865693716453,0.276,0.036,0,"24","AL353626.1"
0,1.60289130712002,0.284,0.044,0,"24","SUSD1"
0,0.332023699076221,0.319,0.08,0,"24","USP45"
0,1.19098366257016,0.284,0.045,0,"24","TBC1D30"
0,1.20281780636692,0.284,0.046,0,"24","RPS6KL1"
0,1.84468589126449,0.276,0.039,0,"24","GLB1L3"
0,0.377490656661499,0.31,0.073,0,"24","CNIH3"
0,1.19932954395982,0.293,0.056,0,"24","CNTN6"
0,1.03332131072028,0.293,0.056,0,"24","AC008591.1"
0,1.38816851048307,0.284,0.047,0,"24","ARHGAP26-AS1"
0,0.884296316377443,0.31,0.073,0,"24","NEURL1"
0,0.738877491656717,0.293,0.056,0,"24","ZNF493"
0,1.43206754979049,0.276,0.04,0,"24","RIMKLA"
0,1.99276374203379,0.267,0.031,0,"24","SEC16B"
0,1.57394654297092,0.267,0.031,0,"24","NAAA"
0,1.74494035872055,0.259,0.023,0,"24","DIAPH2-AS1"
0,0.585613564999849,0.293,0.057,0,"24","SUCLG2-AS1"
0,1.61825168116366,0.284,0.048,0,"24","AC004594.1"
0,2.98659536778439,0.25,0.014,0,"24","RBM20"
0,0.416521099112284,0.31,0.074,0,"24","CHFR"
0,0.577109983408968,0.31,0.074,0,"24","TSHZ1"
0,1.49197700122627,0.293,0.057,0,"24","MIR646HG"
0,1.0137591848729,0.276,0.041,0,"24","GAS2L1"
0,0.594219565888802,0.31,0.075,0,"24","MTMR12"
0,0.555306902827053,0.31,0.075,0,"24","FGFR1OP"
0,0.735240793820746,0.302,0.067,0,"24","USP28"
0,0.925651649558991,0.293,0.058,0,"24","POLR3A"
0,0.891800038345528,0.302,0.067,0,"24","MOAP1"
0,0.707377666908963,0.302,0.067,0,"24","SCN1B"
0,1.73806102021459,0.267,0.033,0,"24","CBWD3"
0,0.611230419925105,0.319,0.085,0,"24","OSBPL10"
0,0.786704927929545,0.31,0.076,0,"24","TRANK1"
0,0.528547188681792,0.319,0.085,0,"24","AC023590.1"
0,1.20609968822821,0.284,0.051,0,"24","PPARG"
0,0.745753221979329,0.31,0.077,0,"24","GOLT1B"
0,0.912427942252123,0.302,0.069,0,"24","VSTM2L"
0,0.657127403619476,0.31,0.078,0,"24","P3H2"
0,0.892876780308479,0.293,0.061,0,"24","CFAP69"
0,1.02028491687912,0.284,0.052,0,"24","TACC2"
0,1.30026726028848,0.293,0.061,0,"24","PRKCG"
0,1.16929827963645,0.276,0.045,0,"24","CASC2"
0,1.04705724460509,0.276,0.045,0,"24","CFAP54"
0,1.06602713782255,0.302,0.071,0,"24","DOPEY2"
0,1.91435276099033,0.259,0.029,0,"24","AC025887.2"
0,0.396546020039593,0.31,0.08,0,"24","LRSAM1"
0,1.05178391726544,0.284,0.054,0,"24","ANXA11"
0,0.265102219500313,0.31,0.08,0,"24","ING4"
0,0.453286686759126,0.302,0.072,0,"24","STARD9"
0,0.321016107535328,0.31,0.08,0,"24","FLYWCH1"
0,0.727917453134213,0.284,0.054,0,"24","ZNF439"
0,1.38027843654353,0.276,0.047,0,"24","MARCH11"
0,1.11813443612859,0.284,0.055,0,"24","CDH7"
0,0.496985418660152,0.302,0.073,0,"24","ZNF44"
0,1.72665330236029,0.267,0.039,0,"24","AC008067.1"
0,2.40461607196209,0.25,0.022,0,"24","AC117383.1"
0,0.626986527374366,0.31,0.082,0,"24","ACOT7"
0,0.445728562676083,0.293,0.065,0,"24","LTBP1"
0,0.254448883023613,0.302,0.074,0,"24","SNX4"
0,0.544834453178108,0.293,0.065,0,"24","SDAD1"
0,0.310823120159955,0.302,0.074,0,"24","RUFY1"
0,0.609357678381683,0.302,0.074,0,"24","PCNT"
0,1.05637647667005,0.276,0.049,0,"24","RANBP10"
0,0.394836928325192,0.284,0.057,0,"24","ETV5"
0,0.69092411608576,0.293,0.066,0,"24","SYNGAP1"
0,0.597866651902817,0.302,0.075,0,"24","ACVR1B"
0,1.00335407719759,0.293,0.066,0,"24","RAB15"
0,1.30067313623747,0.267,0.041,0,"24","ZEB1-AS1"
0,0.264014164098943,0.302,0.076,0,"24","AC026202.2"
0,0.540193691442351,0.284,0.058,0,"24","RNF168"
0,0.513685915045696,0.284,0.058,0,"24","PHF11"
0,0.939008728460171,0.302,0.076,0,"24","ABCA10"
0,0.803073573954225,0.293,0.067,0,"24","ABHD8"
0,0.891757680821782,0.276,0.051,0,"24","RAVER2"
0,0.564194426392699,0.302,0.077,0,"24","TIPRL"
0,0.445323519236306,0.284,0.059,0,"24","MRPL55"
0,0.669655709004859,0.284,0.059,0,"24","MTRR"
0,0.797798626062905,0.293,0.068,0,"24","RGS17"
0,0.738686698406931,0.293,0.068,0,"24","RPGRIP1L"
0,0.869719353541711,0.276,0.052,0,"24","HEATR4"
0,0.554602836742421,0.276,0.052,0,"24","COQ9"
0,0.633516820860409,0.293,0.069,0,"24","CFAP36"
0,0.291576327702997,0.284,0.06,0,"24","RGMA"
0,0.382047512836083,0.284,0.061,0,"24","MCTS1"
0,1.14151466480278,0.267,0.045,0,"24","XYLB"
0,0.867614012588441,0.267,0.045,0,"24","LETMD1"
0,1.73642867929037,0.259,0.037,0,"24","PTPN20"
0,0.772659637402264,0.293,0.071,0,"24","PPFIA3"
0,0.869100476432954,0.276,0.055,0,"24","NDUFAF7"
0,0.812595738442271,0.276,0.055,0,"24","GFM1"
0,0.804067409819336,0.276,0.055,0,"24","SPDYE1"
0,0.716869610454076,0.276,0.055,0,"24","PLAA"
0,0.470626442881905,0.293,0.072,0,"24","CREBZF"
0,0.995223365142153,0.293,0.073,0,"24","LINC00970"
0,0.648624693320427,0.284,0.064,0,"24","TSNARE1"
0,1.04983610820607,0.276,0.057,0,"24","EPHX4"
0,0.931199495253608,0.276,0.057,0,"24","CNR1"
0,0.707830250288037,0.276,0.057,0,"24","DLD"
0,1.04950332038907,0.259,0.04,0,"24","PXDNL"
0,0.347939349855327,0.293,0.074,0,"24","PPWD1"
0,0.269901615399153,0.293,0.074,0,"24","NBN"
0,0.625816373953717,0.284,0.065,0,"24","PTDSS1"
0,0.657672766111661,0.284,0.065,0,"24","AC015923.1"
0,0.957097309925894,0.276,0.058,0,"24","RABEPK"
0,0.772493943167977,0.276,0.058,0,"24","AGAP4"
0,0.894783435556946,0.267,0.049,0,"24","MTG2"
0,1.75914834178731,0.25,0.032,0,"24","LINC01632"
0,1.38196291890015,0.25,0.032,0,"24","DRG2"
0,0.517167670364899,0.276,0.059,0,"24","FBXO38"
0,1.004284944982,0.267,0.05,0,"24","ABLIM3"
0,0.365807873700202,0.276,0.059,0,"24","EPM2A"
0,0.304200702169381,0.284,0.067,0,"24","AL356599.1"
0,0.284487474718799,0.284,0.067,0,"24","SNRPA1"
0,0.531121156242753,0.276,0.06,0,"24","DENND6A-AS1"
0,0.671115131713754,0.276,0.06,0,"24","SIRT5"
0,0.705582371814613,0.276,0.06,0,"24","PCDH19"
0,0.5406406228532,0.276,0.06,0,"24","CARD19"
0,0.960550323060286,0.276,0.06,0,"24","LINC01551"
0,0.436335470486241,0.284,0.068,0,"24","PSMD12"
0,1.12239916955975,0.259,0.044,0,"24","SCN9A"
0,0.603568960299816,0.284,0.069,0,"24","FSD1"
0,1.07035769132898,0.259,0.045,0,"24","AC027018.1"
0,1.33940501647157,0.267,0.053,0,"24","GLT1D1"
0,0.530033570623436,0.284,0.07,0,"24","TSEN2"
0,0.748351392021033,0.284,0.07,0,"24","ARNTL"
0,0.859101524069324,0.259,0.046,0,"24","AC092835.1"
0,0.584381131343627,0.276,0.063,0,"24","WDR12"
0,0.404110914915591,0.276,0.063,0,"24","TFB1M"
0,1.30624918612281,0.259,0.046,0,"24","FGF9"
0,0.783623932746148,0.267,0.054,0,"24","ETS2"
0,0.482806724442394,0.284,0.071,0,"24","URGCP"
0,0.515315472319422,0.284,0.071,0,"24","ARHGDIG"
0,1.06225594886453,0.259,0.047,0,"24","SFXN4"
0,0.797364108696159,0.25,0.04,0,"24","LRRC23"
0,0.460557750575821,0.259,0.05,0,"24","CEP104"
0,1.02586451202447,0.267,0.058,0,"24","LRRN2"
0,1.28718098888776,0.259,0.05,0,"24","GPR63"
0,0.718775941892248,0.276,0.067,0,"24","BZW2"
0,0.536731224561302,0.267,0.058,0,"24","PUS7"
0,0.854524188678546,0.259,0.05,0,"24","ITGA8"
0,0.283918630663534,0.276,0.067,0,"24","ANKDD1A"
0,0.694830541768114,0.276,0.067,0,"24","HAGHL"
0,0.790950791921525,0.276,0.068,0,"24","GPRASP1"
0,1.02519036984561,0.267,0.059,0,"24","GALNT9"
0,0.548341358582115,0.276,0.068,0,"24","ALDH3A2"
0,0.865690708016341,0.259,0.052,0,"24","AL445623.2"
0,1.11434499925908,0.25,0.043,0,"24","DZANK1"
0,1.42192669670162,0.25,0.044,0,"24","EPHA10"
0,0.73444843855407,0.267,0.061,0,"24","FAM84A"
0,0.54425840332482,0.267,0.061,0,"24","TAMM41"
0,0.449104664415157,0.267,0.061,0,"24","TAF11"
0,1.23794159254431,0.259,0.053,0,"24","AP001266.2"
0,0.974968424517938,0.25,0.045,0,"24","IFI6"
0,0.825611760396178,0.267,0.062,0,"24","SLC8A3"
0,0.467936799144192,0.267,0.063,0,"24","ACTN2"
0,0.61220076739922,0.25,0.046,0,"24","OSGEP"
0,0.822091591219482,0.267,0.064,0,"24","MPP7"
0,0.304385508932066,0.267,0.064,0,"24","NFATC2IP"
0,0.912819739086171,0.259,0.057,0,"24","EPHB2"
0,1.08526787986831,0.25,0.048,0,"24","NSG1"
0,0.803615718695046,0.25,0.049,0,"24","TDRP"
0,0.568109600820914,0.25,0.05,0,"24","SERPINB9"
0,0.835116087817853,0.25,0.05,0,"24","AC091078.1"
0,0.455307776204356,0.259,0.06,0,"24","MRRF"
0,0.540442508671148,0.25,0.051,0,"24","MRPS11"
0,1.00276863320411,0.25,0.051,0,"24","TAF4B"
0,0.703042685011163,0.25,0.052,0,"24","MCMDC2"
0,0.730382920407191,0.25,0.052,0,"24","MRPS16"
0,0.627609373361195,0.259,0.061,0,"24","EFNB2"
0,0.839231329552465,0.25,0.053,0,"24","NRN1"
0,0.74795516275221,0.259,0.062,0,"24","AP1S1"
0,0.621270087110176,0.25,0.054,0,"24","GK"
0,0.707167194157738,0.25,0.054,0,"24","ZADH2"
0,0.426473168244491,0.25,0.055,0,"24","POLR1C"
0,0.825018200794816,0.25,0.055,0,"24","TTC26"
0,0.596631067241685,0.25,0.055,0,"24","ZFP64"
0,0.741620476221775,0.25,0.057,0,"24","IFT57"
0,0.401827077534254,0.25,0.057,0,"24","AC093879.1"
0,0.579356082964645,0.25,0.057,0,"24","HEXB"
0,0.48937309590827,0.25,0.057,0,"24","AC136604.2"
0,0.706601341239411,0.25,0.057,0,"24","SEPT6"
0,0.614934661505993,0.25,0.057,0,"24","ZFYVE27"
2.22044604925031e-16,0.630230092183131,0.957,0.428,5.79580827775317e-12,"24","GRM5"
2.22044604925031e-16,0.486745453097719,0.853,0.339,5.79580827775317e-12,"24","CACNA1B"
2.22044604925031e-16,0.410561428512587,0.81,0.319,5.79580827775317e-12,"24","CPEB3"
2.22044604925031e-16,0.304876053568225,0.75,0.279,5.79580827775317e-12,"24","PPP1R12A"
2.22044604925031e-16,0.412928008226554,0.767,0.3,5.79580827775317e-12,"24","WDR7"
2.22044604925031e-16,0.318599494915336,0.69,0.254,5.79580827775317e-12,"24","RCAN2"
2.22044604925031e-16,0.330402002500372,0.647,0.234,5.79580827775317e-12,"24","KIF21A"
2.22044604925031e-16,0.261464685229258,0.509,0.167,5.79580827775317e-12,"24","CTTN"
2.22044604925031e-16,0.368003978198755,0.491,0.162,5.79580827775317e-12,"24","TNPO1"
2.22044604925031e-16,0.380082077003277,0.474,0.154,5.79580827775317e-12,"24","UBXN4"
2.22044604925031e-16,0.295343511936704,0.457,0.144,5.79580827775317e-12,"24","ZRANB3"
2.22044604925031e-16,0.25217312639698,0.457,0.145,5.79580827775317e-12,"24","CEP192"
2.22044604925031e-16,0.392473515505359,0.422,0.129,5.79580827775317e-12,"24","AC096711.2"
2.22044604925031e-16,0.563453435578862,0.397,0.119,5.79580827775317e-12,"24","SLITRK5"
2.22044604925031e-16,0.432724709957525,0.345,0.097,5.79580827775317e-12,"24","BMT2"
2.22044604925031e-16,0.526694173716378,0.328,0.09,5.79580827775317e-12,"24","TYW1B"
2.22044604925031e-16,0.647476851921915,0.319,0.086,5.79580827775317e-12,"24","TNFRSF25"
2.22044604925031e-16,0.923020956188992,0.31,0.084,5.79580827775317e-12,"24","MIR4435-2HG"
2.22044604925031e-16,0.286117613023109,0.302,0.079,5.79580827775317e-12,"24","DNAJC13"
2.22044604925031e-16,0.666642905714108,0.284,0.073,5.79580827775317e-12,"24","CMAS"
2.22044604925031e-16,0.261680732087238,0.276,0.069,5.79580827775317e-12,"24","ETFRF1"
2.22044604925031e-16,0.844630205756532,0.267,0.067,5.79580827775317e-12,"24","TTC39B"
2.22044604925031e-16,0.465838470747094,0.259,0.062,5.79580827775317e-12,"24","MFAP3"
2.22044604925031e-16,0.419531780027066,0.259,0.062,5.79580827775317e-12,"24","COX5A"
2.22044604925031e-16,0.641226129764064,0.259,0.063,5.79580827775317e-12,"24","IPO11"
4.44089209850063e-16,0.280610674734635,0.81,0.305,1.15916165555063e-11,"24","SYN2"
4.44089209850063e-16,0.655503188173013,0.966,0.47,1.15916165555063e-11,"24","AHI1"
4.44089209850063e-16,0.435859786017337,0.828,0.342,1.15916165555063e-11,"24","PPP1R9A"
4.44089209850063e-16,0.355381487187114,0.776,0.301,1.15916165555063e-11,"24","NSD3"
4.44089209850063e-16,0.327089807015568,0.741,0.279,1.15916165555063e-11,"24","PKM"
4.44089209850063e-16,0.639572152375751,0.991,0.641,1.15916165555063e-11,"24","NKAIN2"
4.44089209850063e-16,0.317678370574186,0.483,0.157,1.15916165555063e-11,"24","GRM1"
4.44089209850063e-16,0.40021990389175,0.466,0.151,1.15916165555063e-11,"24","ABCC5"
4.44089209850063e-16,0.308385035853777,0.466,0.151,1.15916165555063e-11,"24","SCLT1"
4.44089209850063e-16,0.424338021580627,0.422,0.131,1.15916165555063e-11,"24","TASP1"
4.44089209850063e-16,0.318786695321381,0.371,0.108,1.15916165555063e-11,"24","CCDC138"
4.44089209850063e-16,0.293414485825133,0.353,0.1,1.15916165555063e-11,"24","CLTB"
4.44089209850063e-16,0.395401693250324,0.345,0.098,1.15916165555063e-11,"24","DCAF7"
4.44089209850063e-16,0.327007451015313,0.328,0.089,1.15916165555063e-11,"24","LONRF1"
4.44089209850063e-16,0.437835164093234,0.319,0.087,1.15916165555063e-11,"24","BEX5"
4.44089209850063e-16,0.618661125276276,0.293,0.077,1.15916165555063e-11,"24","BBS7"
4.44089209850063e-16,0.497189805074528,0.293,0.077,1.15916165555063e-11,"24","MRNIP"
4.44089209850063e-16,0.300226368953221,0.276,0.069,1.15916165555063e-11,"24","C2CD3"
4.44089209850063e-16,0.496723768620371,0.276,0.07,1.15916165555063e-11,"24","MED31"
4.44089209850063e-16,0.300987472326356,0.267,0.066,1.15916165555063e-11,"24","ATP5PB"
6.66133814775094e-16,0.566869862724104,0.914,0.386,1.73874248332595e-11,"24","ATP2B1"
6.66133814775094e-16,0.343042776312746,0.707,0.267,1.73874248332595e-11,"24","MYRIP"
6.66133814775094e-16,0.314714329858532,0.595,0.213,1.73874248332595e-11,"24","KAT6B"
6.66133814775094e-16,0.326707059515864,0.578,0.2,1.73874248332595e-11,"24","SYT16"
6.66133814775094e-16,0.496196468462366,0.552,0.194,1.73874248332595e-11,"24","GABRA1"
6.66133814775094e-16,0.436415547666535,0.526,0.181,1.73874248332595e-11,"24","NDRG4"
6.66133814775094e-16,0.437868242913167,0.448,0.144,1.73874248332595e-11,"24","ADGRL1"
6.66133814775094e-16,0.397740363321742,0.371,0.11,1.73874248332595e-11,"24","PDHX"
6.66133814775094e-16,0.490062817434574,0.362,0.107,1.73874248332595e-11,"24","RAP2A"
6.66133814775094e-16,0.26533857389759,0.328,0.09,1.73874248332595e-11,"24","PLEKHB2"
6.66133814775094e-16,0.258164989929939,0.319,0.087,1.73874248332595e-11,"24","POLD3"
6.66133814775094e-16,0.310101447242483,0.302,0.08,1.73874248332595e-11,"24","GLB1"
6.66133814775094e-16,0.295299641403357,0.293,0.076,1.73874248332595e-11,"24","TLE1"
6.66133814775094e-16,0.331131004326951,0.276,0.07,1.73874248332595e-11,"24","TGS1"
8.88178419700125e-16,0.34329132973402,0.888,0.354,2.31832331110127e-11,"24","FLRT2"
8.88178419700125e-16,0.276966699271874,0.483,0.159,2.31832331110127e-11,"24","UQCR10"
8.88178419700125e-16,0.574628135685973,0.336,0.097,2.31832331110127e-11,"24","B3GAT2"
8.88178419700125e-16,0.291772366773471,0.293,0.077,2.31832331110127e-11,"24","NSFL1C"
8.88178419700125e-16,0.814000320776487,0.284,0.075,2.31832331110127e-11,"24","RPS6KA6"
8.88178419700125e-16,0.480031879661576,0.259,0.064,2.31832331110127e-11,"24","CWC22"
1.11022302462516e-15,0.505328044643315,0.621,0.233,2.89790413887658e-11,"24","USP9Y"
1.11022302462516e-15,0.39575809432652,0.353,0.103,2.89790413887658e-11,"24","STIM1"
1.11022302462516e-15,0.485457289026905,0.336,0.096,2.89790413887658e-11,"24","NOP58"
1.11022302462516e-15,0.273197780647079,0.319,0.088,2.89790413887658e-11,"24","HSPD1"
1.11022302462516e-15,0.750826198038142,0.302,0.082,2.89790413887658e-11,"24","STX1B"
1.11022302462516e-15,0.267033545874933,0.259,0.064,2.89790413887658e-11,"24","ZNF573"
1.33226762955019e-15,0.351090916179285,0.802,0.313,3.4774849666519e-11,"24","MLLT3"
1.33226762955019e-15,0.294466210061172,0.491,0.164,3.4774849666519e-11,"24","HPRT1"
1.33226762955019e-15,0.278498533062789,0.466,0.152,3.4774849666519e-11,"24","UBAC2"
1.33226762955019e-15,0.35223848329247,0.328,0.092,3.4774849666519e-11,"24","PRR14L"
1.55431223447522e-15,0.439438837929596,0.707,0.277,4.05706579442722e-11,"24","BICD1"
1.55431223447522e-15,0.421102466888741,0.353,0.104,4.05706579442722e-11,"24","VOPP1"
1.55431223447522e-15,0.259963851791377,0.276,0.071,4.05706579442722e-11,"24","ZNF84"
1.77635683940025e-15,0.324292827725739,0.31,0.085,4.63664662220253e-11,"24","SARS"
1.77635683940025e-15,0.773203693103,0.25,0.062,4.63664662220253e-11,"24","AP3M2"
1.99840144432528e-15,0.265760573372368,0.431,0.138,5.21622744997785e-11,"24","AC074032.1"
1.99840144432528e-15,0.39843255615579,0.397,0.123,5.21622744997785e-11,"24","SACS"
1.99840144432528e-15,0.386975260271691,0.345,0.101,5.21622744997785e-11,"24","EPB41L5"
1.99840144432528e-15,0.405023642437099,0.259,0.065,5.21622744997785e-11,"24","FRG1-DT"
2.22044604925031e-15,0.606911185262107,0.966,0.447,5.79580827775317e-11,"24","R3HDM1"
2.22044604925031e-15,0.273169448182359,0.457,0.149,5.79580827775317e-11,"24","COG6"
2.22044604925031e-15,0.441483247500139,0.31,0.085,5.79580827775317e-11,"24","GPR162"
2.44249065417534e-15,0.48053076424548,0.353,0.104,6.37538910552848e-11,"24","DZIP1"
2.44249065417534e-15,0.623099783224035,0.31,0.087,6.37538910552848e-11,"24","TRMT11"
2.44249065417534e-15,0.441259224533223,0.293,0.079,6.37538910552848e-11,"24","CCNC"
2.44249065417534e-15,0.357029780884315,0.267,0.068,6.37538910552848e-11,"24","KYAT1"
2.88657986402541e-15,0.327934944364495,0.328,0.093,7.53455076107912e-11,"24","TAF2"
2.88657986402541e-15,0.326228678589167,0.284,0.075,7.53455076107912e-11,"24","IDE"
2.88657986402541e-15,0.482469583179889,0.284,0.076,7.53455076107912e-11,"24","DHX57"
2.88657986402541e-15,0.429726347802583,0.267,0.069,7.53455076107912e-11,"24","COPS8"
3.10862446895044e-15,0.382677815452336,0.362,0.108,8.11413158885443e-11,"24","CYP46A1"
3.10862446895044e-15,0.279571223627427,0.302,0.082,8.11413158885443e-11,"24","ACTR3"
3.10862446895044e-15,0.438105590283394,0.276,0.072,8.11413158885443e-11,"24","REX1BD"
3.33066907387547e-15,0.333284969024601,0.345,0.101,8.69371241662975e-11,"24","RHOT2"
3.33066907387547e-15,0.291568079471869,0.276,0.072,8.69371241662975e-11,"24","AC244021.1"
3.33066907387547e-15,0.503311100826317,0.276,0.073,8.69371241662975e-11,"24","THUMPD2"
3.77475828372553e-15,0.844036526283699,0.284,0.078,9.85287407218038e-11,"24","RIPOR2"
3.77475828372553e-15,0.636948580460493,0.267,0.069,9.85287407218038e-11,"24","GABRD"
4.21884749357559e-15,0.357215759928867,0.853,0.358,1.1012035727731e-10,"24","SSBP2"
4.21884749357559e-15,0.328290048681084,0.509,0.176,1.1012035727731e-10,"24","SUGP2"
4.21884749357559e-15,0.376336733854703,0.345,0.102,1.1012035727731e-10,"24","MTR"
4.21884749357559e-15,0.292850495931917,0.276,0.072,1.1012035727731e-10,"24","ELOC"
4.44089209850063e-15,0.262986431958224,0.328,0.093,1.15916165555063e-10,"24","TBC1D8"
4.66293670342566e-15,0.251451547360875,0.44,0.144,1.21711973832817e-10,"24","RAB3GAP2"
4.66293670342566e-15,0.361818893864584,0.379,0.117,1.21711973832817e-10,"24","RNPS1"
5.10702591327572e-15,0.529991808238888,0.974,0.477,1.33303590388323e-10,"24","MACROD2"
5.32907051820075e-15,0.687525786298524,0.302,0.084,1.39099398666076e-10,"24","SVOP"
5.55111512312578e-15,0.535498941234531,0.284,0.077,1.44895206943829e-10,"24","HAT1"
5.77315972805081e-15,0.342756040682975,0.379,0.116,1.50691015221582e-10,"24","AL391807.1"
5.99520433297585e-15,0.541923698462744,0.362,0.11,1.56486823499336e-10,"24","STX1A"
6.21724893790088e-15,0.685513004899883,0.25,0.063,1.62282631777089e-10,"24","EIPR1"
6.66133814775094e-15,0.276639515750363,0.31,0.087,1.73874248332595e-10,"24","RSU1"
6.88338275267597e-15,0.351417525295439,0.284,0.076,1.79670056610348e-10,"24","B3GLCT"
6.88338275267597e-15,0.404294077235171,0.259,0.066,1.79670056610348e-10,"24","GOLGA3"
8.88178419700125e-15,0.654578741707813,1,0.586,2.31832331110127e-10,"24","SYT1"
8.88178419700125e-15,0.264424741330092,0.379,0.118,2.31832331110127e-10,"24","AMN1"
9.10382880192628e-15,0.470858955705517,0.267,0.07,2.3762813938788e-10,"24","SNX25"
9.99200722162641e-15,0.269990067204207,0.284,0.077,2.60811372498893e-10,"24","FAM204A"
1.17683640610267e-14,0.451795478157443,0.25,0.064,3.07177838720918e-10,"24","C4orf3"
1.19904086659517e-14,0.579043739001827,0.914,0.438,3.12973646998671e-10,"24","PDE4DIP"
1.22124532708767e-14,0.280075441431439,0.81,0.324,3.18769455276424e-10,"24","EHBP1"
1.24344978758018e-14,0.320215240177209,0.586,0.213,3.24565263554177e-10,"24","AMPH"
1.24344978758018e-14,0.428233756216431,0.259,0.067,3.24565263554177e-10,"24","AP2A1"
1.28785870856518e-14,0.50318667088075,0.422,0.14,3.36156880109684e-10,"24","CPNE8"
1.28785870856518e-14,0.253471119642633,0.276,0.074,3.36156880109684e-10,"24","LARP4"
1.33226762955019e-14,0.406705392652774,0.379,0.118,3.4774849666519e-10,"24","SLIT1"
1.33226762955019e-14,0.75238609965601,0.276,0.075,3.4774849666519e-10,"24","SLC38A11"
1.37667655053519e-14,0.308874856883363,0.397,0.125,3.59340113220696e-10,"24","PDE2A"
1.48769885299771e-14,0.367154914410541,0.259,0.067,3.88319154609462e-10,"24","PSMD5"
1.48769885299771e-14,0.322686284365482,0.25,0.063,3.88319154609462e-10,"24","SNRK"
1.62092561595273e-14,0.325765493153682,0.276,0.074,4.23094004275981e-10,"24","MOB1B"
1.68753899743024e-14,0.257126017305498,0.836,0.336,4.40481429109241e-10,"24","BTBD9"
1.70974345792274e-14,0.348267781502059,0.397,0.127,4.46277237386994e-10,"24","CCDC6"
1.70974345792274e-14,0.780180265474558,0.25,0.065,4.46277237386994e-10,"24","NAGPA"
1.73194791841524e-14,0.320008702254693,0.259,0.067,4.52073045664747e-10,"24","SREK1IP1"
1.73194791841524e-14,0.565311932012199,1,0.811,4.52073045664747e-10,"24","PTPRD"
1.75415237890775e-14,0.374372566886009,0.543,0.199,4.578688539425e-10,"24","DYNC2H1"
1.79856129989275e-14,0.265701698247623,0.819,0.338,4.69460470498007e-10,"24","SRSF5"
1.79856129989275e-14,0.300780448992182,0.379,0.119,4.69460470498007e-10,"24","RHEB"
2.06501482580279e-14,0.483748521364125,0.957,0.439,5.39010169831045e-10,"24","CSMD3"
2.1316282072803e-14,0.482933117507853,1,0.59,5.56397594664304e-10,"24","PEX5L"
2.28705943072782e-14,0.325770465816956,0.276,0.074,5.96968252608576e-10,"24","TMEM63B"
2.39808173319034e-14,0.275534741760872,0.345,0.104,6.25947293997342e-10,"24","ATAD1"
2.42028619368284e-14,0.307601352258833,0.259,0.068,6.31743102275095e-10,"24","NDUFV2"
2.50910403565285e-14,0.398100049699662,0.362,0.112,6.54926335386108e-10,"24","FAM85B"
2.57571741713036e-14,0.552383130754887,0.302,0.086,6.72313760219367e-10,"24","RUBCN"
2.62012633811537e-14,0.409527879250916,0.276,0.075,6.83905376774874e-10,"24","MARS"
2.64233079860787e-14,0.335849915567738,0.319,0.092,6.89701185052627e-10,"24","INA"
2.77555756156289e-14,0.512504818766926,0.25,0.065,7.24476034719146e-10,"24","KHDC4"
2.77555756156289e-14,0.817045417809765,0.25,0.065,7.24476034719146e-10,"24","RHBDL1"
2.8199664825479e-14,0.366016280420858,0.267,0.072,7.36067651274652e-10,"24","NBPF12"
2.88657986402541e-14,0.509886407446617,0.336,0.101,7.53455076107912e-10,"24","DIRAS2"
2.93098878501041e-14,0.28266615726948,0.776,0.314,7.65046692663418e-10,"24","ZCCHC7"
2.93098878501041e-14,0.348999041402232,0.362,0.111,7.65046692663418e-10,"24","FXYD7"
3.08642000845794e-14,0.450600823251379,0.379,0.121,8.0561735060769e-10,"24","TUSC3"
3.50830475781549e-14,0.480098691217055,0.25,0.065,9.15737707885e-10,"24","SLC9A7"
3.574918139293e-14,0.479822362058775,0.328,0.097,9.3312513271826e-10,"24","TSHZ3"
3.61932706027801e-14,0.292976035459682,0.302,0.086,9.44716749273766e-10,"24","SELENOO"
3.73034936274053e-14,0.500393270099955,0.267,0.072,9.73695790662532e-10,"24","PRMT9"
3.73034936274053e-14,0.538846674565195,0.259,0.069,9.73695790662532e-10,"24","ENY2"
3.73034936274053e-14,0.323184763513597,0.25,0.065,9.73695790662532e-10,"24","PPP1R2"
4.13002965160558e-14,0.532905651528959,0.293,0.083,1.07802033966209e-09,"24","RAB26"
4.2854608750531e-14,0.356090076127448,0.345,0.105,1.11859099760636e-09,"24","FBXO33"
4.48530101948563e-14,0.254112179286846,0.466,0.159,1.17075327210614e-09,"24","ARHGEF9"
4.81836792687318e-14,0.280462858892399,0.31,0.09,1.25769039627244e-09,"24","HARS"
5.59552404411079e-14,0.26135037172409,0.284,0.079,1.4605436859938e-09,"24","METTL26"
5.6621374255883e-14,0.420834079509315,0.284,0.08,1.47793111082706e-09,"24","RALA"
5.77315972805081e-14,0.277024881509895,0.345,0.105,1.50691015221582e-09,"24","COX7A2L"
5.92859095149834e-14,0.315796772867885,0.853,0.358,1.5474808101601e-09,"24","MYO5A"
6.19504447740837e-14,0.347234448018656,0.595,0.228,1.61703050949313e-09,"24","DDX24"
6.59472476627343e-14,0.735740390624964,0.259,0.07,1.72135505849269e-09,"24","SPRY4-AS1"
8.4821039081362e-14,0.269555366643856,0.526,0.192,2.21399876210171e-09,"24","ZNF91"
8.59312621059871e-14,0.302196670850355,0.276,0.076,2.24297780349048e-09,"24","AC004076.1"
8.70414851306123e-14,0.409085294822333,0.259,0.069,2.27195684487924e-09,"24","IGSF10"
8.94839757847876e-14,0.295111305727225,0.586,0.227,2.33571073593453e-09,"24","PDE5A"
9.2370555648813e-14,0.382335268078625,0.31,0.091,2.41105624354532e-09,"24","UBP1"
9.45910016980633e-14,0.442580609464349,0.302,0.088,2.46901432632285e-09,"24","SMS"
9.79216707719388e-14,0.310644749716161,0.397,0.129,2.55595145048915e-09,"24","SLC12A5"
1.02362562870439e-13,0.314427752991527,0.319,0.095,2.67186761604421e-09,"24","CHD8"
1.22790666523542e-13,0.32793668600403,0.836,0.353,3.2050819775975e-09,"24","MPHOSPH8"
1.29896093881143e-13,0.288445478040797,0.81,0.343,3.3905478424856e-09,"24","SBF2"
1.42330591756945e-13,0.279822643643587,0.336,0.103,3.71511310603978e-09,"24","CKMT2-AS1"
1.48769885299771e-13,0.290796804488266,0.267,0.074,3.88319154609462e-09,"24","UQCRC1"
1.54321000422897e-13,0.410907356031603,0.259,0.07,4.02808675303845e-09,"24","NPIPA1"
1.68309810533174e-13,0.257991191114735,0.267,0.074,4.3932226745369e-09,"24","BCAT1"
1.74749104076e-13,0.6347429126918,0.293,0.085,4.56130111459174e-09,"24","PACSIN1"
1.91846538655227e-13,0.473501570028441,0.397,0.133,5.00757835197874e-09,"24","ATCAY"
1.96065386148803e-13,0.714914060054281,0.25,0.068,5.11769870925605e-09,"24","SULT1A1"
2.02504679691629e-13,0.428030628609709,0.888,0.41,5.28577714931089e-09,"24","RAPGEF5"
2.16937579011756e-13,0.343048462442852,0.526,0.196,5.66250468736484e-09,"24","CYFIP2"
2.27373675443232e-13,0.31819642003826,0.25,0.067,5.93490767641924e-09,"24","NUP93"
2.32258656751583e-13,0.432190511521967,0.31,0.094,6.06241545852981e-09,"24","ADGRB1"
2.32480701356508e-13,0.373610992166914,0.302,0.089,6.06821126680757e-09,"24","G2E3"
2.40030217923959e-13,0.352119544665761,0.284,0.082,6.26526874825117e-09,"24","HDX"
2.54685161849011e-13,0.549735609027632,0.991,0.53,6.64779209458288e-09,"24","UBE2E2"
2.58015830922886e-13,0.337941202170299,0.491,0.178,6.73472921874918e-09,"24","JPH4"
2.77777800761214e-13,0.301067585028,0.336,0.105,7.25055615546921e-09,"24","ATP5F1A"
2.77999845366139e-13,0.566658923088261,0.259,0.071,7.25635196374697e-09,"24","UNC5A"
2.94653190735517e-13,0.514440661194249,0.319,0.099,7.69103758457845e-09,"24","PIP5K1A"
3.09086090055644e-13,0.33050291262296,0.31,0.094,8.06776512263241e-09,"24","TBK1"
3.64153152077051e-13,0.37538815102824,0.931,0.417,9.50512557551519e-09,"24","FOXP1"
4.2277292777726e-13,0.540678303618703,0.991,0.537,1.1035218960842e-08,"24","OPCML"
5.14477349611298e-13,0.454146010485198,0.948,0.469,1.34288877795541e-08,"24","NTRK2"
5.27800025906799e-13,0.482815313022307,1,0.66,1.37766362762193e-08,"24","NLGN1"
6.22613072209788e-13,0.330995316256532,0.25,0.069,1.62514464108199e-08,"24","NCK2"
6.61026788861818e-13,0.366895430894937,0.25,0.069,1.72541212428712e-08,"24","AP000311.1"
6.89448498292222e-13,0.462053839053818,0.974,0.462,1.79959847024236e-08,"24","RGS7"
7.40740802029904e-13,0.440318979417484,0.259,0.073,1.93348164145846e-08,"24","MLXIPL"
8.10684852581289e-13,0.339597764723111,0.328,0.103,2.11604960220768e-08,"24","GNG3"
8.52429238307195e-13,0.400170092061672,0.267,0.077,2.22501079782944e-08,"24","AC009126.1"
8.80184813922824e-13,0.310409734193405,0.853,0.38,2.29745840130136e-08,"24","KIAA0930"
9.51017042893909e-13,0.386264554155663,0.94,0.423,2.48234468536168e-08,"24","TRIM9"
9.88764625731164e-13,0.309821698392172,0.276,0.081,2.58087342608349e-08,"24","PDPR"
1.02073904884037e-12,0.419359446858421,0.888,0.405,2.66433306528313e-08,"24","PBX1"
1.0316192344817e-12,0.353142075886353,0.741,0.321,2.69273252584412e-08,"24","PDXDC1"
1.084021761244e-12,0.323906082773617,0.302,0.092,2.8295136011991e-08,"24","SERP2"
1.09712239293458e-12,0.381338684514515,0.25,0.07,2.86370887003784e-08,"24","TRAPPC11"
1.12265752250096e-12,0.495305225997161,0.966,0.485,2.930360665232e-08,"24","CHN1"
1.13709042182109e-12,0.520290309497018,0.336,0.109,2.9680334190374e-08,"24","MIR124-2HG"
1.14130926931466e-12,0.262201650956414,0.336,0.107,2.97904545476513e-08,"24","EIF2AK2"
1.15241149956091e-12,0.470805186986463,0.94,0.446,3.00802449615389e-08,"24","SIPA1L1"
1.15507603482001e-12,0.516385448228942,0.991,0.778,3.0149794660872e-08,"24","LSAMP"
1.18949294858339e-12,0.28441761755055,0.31,0.096,3.10481449439237e-08,"24","CSAD"
1.33959510151271e-12,0.550222961622208,0.276,0.082,3.49661113396849e-08,"24","CCDC93"
1.37778677355982e-12,0.315390466404886,0.336,0.108,3.59629903634584e-08,"24","PHLPP2"
1.51589851782319e-12,0.569394825689315,1,0.661,3.95679831122209e-08,"24","FTX"
1.79589676463365e-12,0.403290681590213,0.25,0.07,4.68764973504676e-08,"24","AC005726.1"
1.93334237508225e-12,0.281711705184322,0.56,0.221,5.04641026743968e-08,"24","LINC01122"
1.9533263895255e-12,0.273844830839953,0.871,0.368,5.09857254193946e-08,"24","ARHGAP32"
2.11808348637987e-12,0.381948048810456,0.345,0.113,5.52862151614875e-08,"24","TPK1"
2.22910578884239e-12,0.397841421066895,0.259,0.074,5.8184119300364e-08,"24","SYNPO"
2.94986257642904e-12,0.490836890499987,0.276,0.083,7.69973129699508e-08,"24","STK38L"
2.95097279945367e-12,0.272876741836172,0.431,0.157,7.70262920113396e-08,"24","RANBP2"
3.05933056665708e-12,0.432001446139576,0.259,0.074,7.98546464508831e-08,"24","ERICH3"
3.10418357685194e-12,0.329571566470322,0.276,0.083,8.10253997229893e-08,"24","PPP6C"
3.2200908606228e-12,0.359907138403255,0.422,0.151,8.40508116439764e-08,"24","RAB6B"
3.40749650717953e-12,0.334302687978511,0.259,0.075,8.89424738304001e-08,"24","FAM162A"
3.42903483385726e-12,0.365022046331667,0.25,0.071,8.95046672333422e-08,"24","ZNF25"
3.46478401525019e-12,0.663840210966069,0.25,0.072,9.04377923660604e-08,"24","FAAH2"
3.62954111210456e-12,0.334688697449607,0.379,0.131,9.47382821081533e-08,"24","KLHL7"
3.723021890778e-12,0.407554515841334,0.371,0.127,9.71783173930874e-08,"24","NELFA"
4.03188593622872e-12,0.356197230363702,0.293,0.091,1.05240286707442e-07,"24","STRAP"
4.54103421532182e-12,0.478836117958187,0.284,0.087,1.1853007508833e-07,"24","STAMBPL1"
4.91051643791707e-12,0.416731463780155,0.259,0.076,1.28174300062511e-07,"24","MEAF6"
5.29354338141275e-12,0.269646670740864,0.293,0.091,1.38172069341636e-07,"24","ORMDL1"
5.62305757512149e-12,0.383906660972931,0.259,0.076,1.46773048825821e-07,"24","GIPC2"
5.70143932066003e-12,0.560539986246115,0.983,0.549,1.48818969147868e-07,"24","LRRC7"
6.55142606831305e-12,0.3818001365964,0.905,0.449,1.71005323235107e-07,"24","NRCAM"
6.80655531937191e-12,0.327445713313481,0.293,0.091,1.77664706946246e-07,"24","CEP295"
7.19602155641041e-12,0.425803315586195,0.319,0.104,1.87830554665425e-07,"24","CALY"
7.34701188775944e-12,0.431106444573351,0.345,0.116,1.91771704294297e-07,"24","PLPPR4"
7.75735031766089e-12,0.361138217347136,0.259,0.077,2.02482357991585e-07,"24","CEP78"
8.20410406277006e-12,0.459285108466692,0.319,0.105,2.14143524246424e-07,"24","KIF3C"
1.03266284412484e-11,0.306771273767546,0.293,0.092,2.69545655573467e-07,"24","ATG5"
1.09066089493126e-11,0.286969875975607,0.319,0.104,2.84684306794958e-07,"24","ZBTB18"
1.16289200491337e-11,0.286971407040715,0.836,0.364,3.03538071122489e-07,"24","RAPGEF2"
1.24915633392675e-11,0.310067005383642,0.259,0.077,3.2605478628156e-07,"24","LCMT1"
1.2694512108169e-11,0.293066018968622,0.474,0.183,3.31352155047426e-07,"24","UGP2"
1.39592781778219e-11,0.269537450494209,0.336,0.113,3.64365078997508e-07,"24","ACO2"
1.60655933001408e-11,1.80612420628056,0.259,0.084,4.19344116320275e-07,"24","AJ009632.2"
1.85931270380024e-11,0.518088164343586,0.267,0.082,4.85317801945939e-07,"24","COL26A1"
1.89750437584735e-11,0.259555393377848,0.259,0.078,4.95286592183675e-07,"24","ZNF821"
2.32212027384548e-11,0.267159168311652,0.405,0.147,6.06119833879148e-07,"24","CCDC3"
2.48008280578915e-11,0.581371129734255,0.25,0.075,6.47351213967085e-07,"24","ANKMY2"
2.64002153471665e-11,0.36777107190699,0.276,0.086,6.89098420991741e-07,"24","CASC15"
3.0672797635134e-11,0.314875667786113,0.25,0.075,8.00621363872267e-07,"24","DNAJB1"
3.08562064788021e-11,0.42821049505328,0.983,0.512,8.05408701509691e-07,"24","TNRC6A"
4.35762537165374e-11,0.413485499143468,0.319,0.108,1.13742737450906e-06,"24","LHFPL4"
6.54083454065812e-11,0.493281423892708,0.974,0.54,1.70728863180258e-06,"24","JMJD1C"
6.86479761924375e-11,0.354779076837056,0.31,0.104,1.791849474575e-06,"24","SH3BGRL2"
7.83852982522149e-11,0.360948689921,0.31,0.105,2.04601305497931e-06,"24","CAMKK1"
8.26378965257391e-11,0.590132833079913,0.259,0.082,2.15701437511484e-06,"24","SLC25A4"
8.59321502844068e-11,0.360017664680793,0.267,0.085,2.24300098672359e-06,"24","DLG4"
9.40332256504917e-11,0.252791386153066,0.336,0.117,2.45445525592913e-06,"24","LRRN3"
1.13309805982453e-10,0.327677699918916,0.267,0.085,2.957612555754e-06,"24","C9orf72"
1.15544018797209e-10,0.263494535918179,0.293,0.097,3.01592997864475e-06,"24","KLHDC3"
1.35964350889139e-10,0.25738958094539,0.379,0.139,3.54894148690832e-06,"24","ABLIM2"
1.65853331068888e-10,0.295502972720388,0.466,0.187,4.32910364756012e-06,"24","PAK5"
1.84971815642143e-10,0.352188851633594,0.259,0.083,4.82813433189122e-06,"24","AL596220.1"
1.87071691470919e-10,0.267716966877216,0.276,0.09,4.88294529077393e-06,"24","MAP9"
1.97531102585913e-10,0.47676112714472,0.991,0.786,5.1559568396975e-06,"24","ADGRB3"
3.23878923680354e-10,0.374868540624258,0.328,0.117,8.4538876659046e-06,"24","TMEM178A"
3.24950732988327e-10,0.275820969801459,0.293,0.1,8.48186403246132e-06,"24","TUBB2A"
3.86945364638791e-10,0.251350432909085,0.414,0.161,1.01000479078017e-05,"24","GFOD1"
3.96678467851075e-10,0.305122547406285,0.328,0.118,1.03541013678488e-05,"24","RPH3A"
4.75525618881534e-10,0.304995317679974,0.25,0.08,1.24121697040458e-05,"24","GOT2"
7.80969955371802e-10,0.36725312004154,0.259,0.085,2.03848777751148e-05,"24","NAP1L2"
8.81091200000128e-10,0.262576634546809,0.302,0.107,2.29982425024033e-05,"24","UHRF1BP1L"
9.04607722063133e-10,0.31260679802687,0.905,0.458,2.36120707612919e-05,"24","LRRTM3"
1.0516549853179e-09,0.377509790945423,0.966,0.497,2.74502984267677e-05,"24","MEF2C"
1.52165435807206e-09,0.384576455376885,1,0.898,3.97182220543968e-05,"24","DLG2"
2.78670553299776e-09,0.373124144962713,1,1,7.27385878223075e-05,"24","MALAT1"
3.95491772664514e-09,0.446115446443703,1,0.648,0.000103231262500891,"24","NRXN1"
5.22801113511662e-09,0.251816080466624,0.25,0.085,0.000136461546648814,"24","MAPK9"
7.70441421771295e-09,0.385046568366324,0.991,0.59,0.000201100619910743,"24","NAV3"
9.91496684754622e-09,0.265962412065977,0.845,0.412,0.000258800464654652,"24","MYCBP2"
1.00254986534765e-08,0.358241730674008,1,0.637,0.000261685565853043,"24","ADGRL3"
5.24524326195319e-08,0.423416426034497,0.983,0.581,0.00136911339623502,"24","DOCK3"
9.79648449028758e-08,0.327172500517412,0.957,0.539,0.00255707838165486,"24","AKT3"
